version,set,card_id,name_en,name_zh,mechanic,status,implementation,tested,reason,evidence,notes,card_text_en,card_text_zh,python_source
17.6.0.53261,Goblins vs Gnomes (GVG),GVG_001,Flamecannon,烈焰轰击,Random effects|Spell resolution,YELLOW,implemented,partial,"本轮定向实测观测：health_delta=[4, 0]; zones=[<Zone.PLAY: 1>, <Zone.PLAY: 1>]; enemy_hero=30；未决点：随机敌方随从池有两个耐久不同的候选，但本轮只用一个种子命中其一，尚未观察另一个候选被选中。",card_mechanism.csv#GVG_001; generic-play-smoke:played; per-card: reports/card_quality_full_2026-09-27/gvg_probe.csv#GVG_001_two_enemy_candidates,聚合状态取该卡最差机制；普通烟测只证明可执行，不能单独构成 GREEN。 Flamecannon; direct evidence=GVG_001_two_enemy_candidates; source=fireplace/cards/gvg/mage.py:31,Deal $4 damage to a random enemy minion.,随机对一个敌方随从造成 $4 点伤害。,fireplace/cards/gvg/mage.py:31
17.6.0.53261,Goblins vs Gnomes (GVG),GVG_002,Snowchugger,碎雪机器人,Targeting|Trigger,GREEN,implemented,yes,本轮定向实测已通过，观测：target_health=4; frozen=True；本卡完整机制范围已在对应用例覆盖。,card_mechanism.csv#GVG_002; generic-play-smoke:played; effect-evidence: reports/card_quality_full_2026-09-27/gvg_probe.csv#GVG_002_freeze_damaged_target; reports/card_quality_full_2026-09-27/gvg_probe.csv#GVG_002_freeze_damaged_hero; per-card: reports/card_quality_full_2026-09-27/gvg_probe.csv#GVG_002_freeze_damaged_target; reports/card_quality_full_2026-09-27/gvg_probe.csv#GVG_002_freeze_damaged_hero,聚合状态取该卡最差机制；普通烟测只证明可执行，不能单独构成 GREEN。 Snowchugger; direct evidence=GVG_002_freeze_damaged_target; GVG_002_freeze_damaged_hero; source=fireplace/cards/gvg/mage.py:8,Freeze any character damaged by this minion.,冻结任何受到该随从伤害的角色。,fireplace/cards/gvg/mage.py:8
17.6.0.53261,Goblins vs Gnomes (GVG),GVG_003,Unstable Portal,不稳定的传送门,Cost modification|Random effects|Spell resolution,YELLOW,implemented,partial,"本轮定向实测观测：hand_added=1; card=('UNG_073', 4, 2, 0)；未决点：只观察到一个随机随从及其减费；不同费用结果（尤其费用低于3时归零）的随机样本尚未覆盖。",card_mechanism.csv#GVG_003; generic-play-smoke:played; per-card: reports/card_quality_full_2026-09-27/gvg_probe.csv#GVG_003_random_minion_cost_reduction; reports/card_quality_full_2026-09-27/gvg_probe.csv#existing_test_gvg_test_unstable_portal,聚合状态取该卡最差机制；普通烟测只证明可执行，不能单独构成 GREEN。 Unstable Portal; direct evidence=GVG_003_random_minion_cost_reduction; source=fireplace/cards/gvg/mage.py:38,Add a random minion to your hand. It costs (3) less.,随机将一张随从牌置入你的手牌。该牌的法力值消耗减少（3）点。,fireplace/cards/gvg/mage.py:38
17.6.0.53261,Goblins vs Gnomes (GVG),GVG_004,Goblin Blastmage,地精炎术师,Battlecry|Random effects,YELLOW,implemented,partial,"本轮定向实测观测：mech=GVG_082; deltas=[0, 0, 0, 2]; hero_delta=2; total=4; blast=GVG_004；未决点：确认有机械时总计分配4点伤害、无机械时不造成伤害；尚未用多个种子验证随机分配覆盖不同敌方随从与英雄。",card_mechanism.csv#GVG_004; generic-play-smoke:played; per-card: reports/card_quality_full_2026-09-27/gvg_probe.csv#GVG_004_mech_enabled_four_random_enemy_damage; reports/card_quality_full_2026-09-27/gvg_probe.csv#GVG_004_no_mech_no_effect; reports/card_quality_full_2026-09-27/gvg_probe.csv#existing_test_gvg_test_goblin_blastmage,聚合状态取该卡最差机制；普通烟测只证明可执行，不能单独构成 GREEN。 Goblin Blastmage; direct evidence=GVG_004_mech_enabled_four_random_enemy_damage; GVG_004_no_mech_no_effect; source=fireplace/cards/gvg/mage.py:14,"Battlecry: If you have a Mech, deal 4 damage randomly split among all enemies.",战吼：如果你控制任何机械，则造成4点伤害，随机分配到所有敌人身上。,fireplace/cards/gvg/mage.py:14
17.6.0.53261,Goblins vs Gnomes (GVG),GVG_005,Echo of Medivh,麦迪文的残影,Spell resolution,GREEN,implemented,yes,"本轮定向实测已通过，观测：board=['CS2_231', 'GVG_082']; added=['CS2_231', 'GVG_082']；本卡完整机制范围已在对应用例覆盖。",card_mechanism.csv#GVG_005; generic-play-smoke:played; effect-evidence: reports/card_quality_full_2026-09-27/gvg_probe.csv#GVG_005_copy_each_friendly_minion; reports/card_quality_full_2026-09-27/gvg_probe.csv#existing_test_gvg_test_echo_of_medivh; reports/card_quality_full_2026-09-27/gvg_probe.csv#existing_test_secrets_test_spellbender_echo_of_medivh; per-card: reports/card_quality_full_2026-09-27/gvg_probe.csv#GVG_005_copy_each_friendly_minion; reports/card_quality_full_2026-09-27/gvg_probe.csv#existing_test_gvg_test_echo_of_medivh; reports/card_quality_full_2026-09-27/gvg_probe.csv#existing_test_secrets_test_spellbender_echo_of_medivh,聚合状态取该卡最差机制；普通烟测只证明可执行，不能单独构成 GREEN。 Echo of Medivh; direct evidence=GVG_005_copy_each_friendly_minion; source=fireplace/cards/gvg/mage.py:55,Put a copy of each friendly minion into your hand.,复制你的所有随从，并将其置入你的手牌。,fireplace/cards/gvg/mage.py:55
17.6.0.53261,Goblins vs Gnomes (GVG),GVG_006,Mechwarper,机械跃迁者,Aura|Continuous effect / Update|Cost modification,GREEN,implemented,yes,"本轮定向实测已通过，观测：base=(1, 4); aura=(0, 4); removed=(1, 4)；本卡完整机制范围已在对应用例覆盖。",card_mechanism.csv#GVG_006; generic-play-smoke:played; effect-evidence: reports/card_quality_full_2026-09-27/gvg_probe.csv#GVG_006_mech_hand_cost_aura; reports/card_quality_full_2026-09-27/gvg_probe.csv#existing_test_gvg_test_mechwarper; per-card: reports/card_quality_full_2026-09-27/gvg_probe.csv#GVG_006_mech_hand_cost_aura; reports/card_quality_full_2026-09-27/gvg_probe.csv#existing_test_gvg_test_mechwarper,聚合状态取该卡最差机制；普通烟测只证明可执行，不能单独构成 GREEN。 Mechwarper; direct evidence=GVG_006_mech_hand_cost_aura; source=fireplace/cards/gvg/neutral_common.py:8,Your Mechs cost (1) less.,你的机械的法力值消耗减少（1）点。,fireplace/cards/gvg/neutral_common.py:8
17.6.0.53261,Goblins vs Gnomes (GVG),GVG_007,Flame Leviathan,烈焰巨兽,Draw / Discard|Trigger,GREEN,implemented,yes,本轮定向实测已通过，观测：drawn_in_hand=True; heroes=28/28; enemy_wisp=4/1；本卡完整机制范围已在对应用例覆盖。,card_mechanism.csv#GVG_007; generic-play-smoke:played; effect-evidence: reports/card_quality_full_2026-09-27/gvg_probe.csv#GVG_007_on_draw_all_character_damage; reports/card_quality_full_2026-09-27/gvg_probe.csv#existing_test_classic_test_flame_leviathan; per-card: reports/card_quality_full_2026-09-27/gvg_probe.csv#GVG_007_on_draw_all_character_damage; reports/card_quality_full_2026-09-27/gvg_probe.csv#existing_test_classic_test_flame_leviathan,聚合状态取该卡最差机制；普通烟测只证明可执行，不能单独构成 GREEN。 Flame Leviathan; direct evidence=GVG_007_on_draw_all_character_damage; source=fireplace/cards/gvg/mage.py:21,"When you draw this, deal 2 damage to all characters.",当你抽到该牌时，对所有角色造成 2点伤害。,fireplace/cards/gvg/mage.py:21
17.6.0.53261,Goblins vs Gnomes (GVG),GVG_008,Lightbomb,圣光炸弹,Spell resolution,GREEN,implemented,yes,本轮定向实测已通过，观测：friendly_0atk=1/2; enemy_3atk=1/3; heroes=30/30；本卡完整机制范围已在对应用例覆盖。,card_mechanism.csv#GVG_008; generic-play-smoke:played; effect-evidence: reports/card_quality_full_2026-09-27/gvg_probe.csv#GVG_008_damage_each_minion_equal_attack; reports/card_quality_full_2026-09-27/gvg_probe.csv#existing_test_gvg_test_lightbomb; per-card: reports/card_quality_full_2026-09-27/gvg_probe.csv#GVG_008_damage_each_minion_equal_attack; reports/card_quality_full_2026-09-27/gvg_probe.csv#existing_test_gvg_test_lightbomb,聚合状态取该卡最差机制；普通烟测只证明可执行，不能单独构成 GREEN。 Lightbomb; direct evidence=GVG_008_damage_each_minion_equal_attack; source=fireplace/cards/gvg/priest.py:61,Deal damage to each minion equal to its Attack.,对所有随从造成等同于其攻击力的伤害。,fireplace/cards/gvg/priest.py:61
17.6.0.53261,Goblins vs Gnomes (GVG),GVG_009,Shadowbomber,暗影投弹手,Battlecry,GREEN,implemented,yes,本轮定向实测已通过，观测：friendly=27; enemy=27；本卡完整机制范围已在对应用例覆盖。,card_mechanism.csv#GVG_009; generic-play-smoke:played; effect-evidence: reports/card_quality_full_2026-09-27/gvg_probe.csv#GVG_009_battlecry_both_heroes; per-card: reports/card_quality_full_2026-09-27/gvg_probe.csv#GVG_009_battlecry_both_heroes,聚合状态取该卡最差机制；普通烟测只证明可执行，不能单独构成 GREEN。 Shadowbomber; direct evidence=GVG_009_battlecry_both_heroes; source=fireplace/cards/gvg/priest.py:8,Battlecry: Deal 3 damage to each hero.,战吼：对每个英雄造成3点伤害。,fireplace/cards/gvg/priest.py:8
17.6.0.53261,Goblins vs Gnomes (GVG),GVG_010,Velen's Chosen,维伦的恩泽,Spell Damage|Spell resolution|Targeting,GREEN,implemented,yes,"本轮定向实测已通过，观测：before=(3, 6); after=5/10; spellpower=1; moonfire_damage=2；本卡完整机制范围已在对应用例覆盖。",card_mechanism.csv#GVG_010; generic-play-smoke:played; effect-evidence: reports/card_quality_full_2026-09-27/gvg_probe.csv#GVG_010_stats_and_spell_damage; reports/card_quality_full_2026-09-27/gvg_probe.csv#existing_test_classic_test_faceless_manipulator_velens_chosen; reports/card_quality_full_2026-09-27/gvg_probe.csv#existing_test_gvg_test_velens_chosen; per-card: reports/card_quality_full_2026-09-27/gvg_probe.csv#GVG_010_stats_and_spell_damage; reports/card_quality_full_2026-09-27/gvg_probe.csv#existing_test_classic_test_faceless_manipulator_velens_chosen; reports/card_quality_full_2026-09-27/gvg_probe.csv#existing_test_gvg_test_velens_chosen,聚合状态取该卡最差机制；普通烟测只证明可执行，不能单独构成 GREEN。 Velen's Chosen; direct evidence=GVG_010_stats_and_spell_damage; source=fireplace/cards/gvg/priest.py:69,Give a minion +2/+4 and Spell Damage +1.,使一个随从获得+2/+4和法术伤害+1。,fireplace/cards/gvg/priest.py:69
17.6.0.53261,Goblins vs Gnomes (GVG),GVG_011,Shrinkmeister,缩小射线工程师,Battlecry|Targeting,GREEN,implemented,yes,本轮定向实测已通过，观测：attack=3->1->end_turn:3；本卡完整机制范围已在对应用例覆盖。,card_mechanism.csv#GVG_011; generic-play-smoke:played; effect-evidence: reports/card_quality_full_2026-09-27/gvg_probe.csv#GVG_011_temporary_attack_reduction; reports/card_quality_full_2026-09-27/gvg_probe.csv#existing_test_gvg_test_shrinkmeister; reports/card_quality_full_2026-09-27/gvg_probe.csv#existing_test_tgt_test_seal_of_champions_shrinkmeister; per-card: reports/card_quality_full_2026-09-27/gvg_probe.csv#GVG_011_temporary_attack_reduction; reports/card_quality_full_2026-09-27/gvg_probe.csv#existing_test_gvg_test_shrinkmeister; reports/card_quality_full_2026-09-27/gvg_probe.csv#existing_test_tgt_test_seal_of_champions_shrinkmeister,聚合状态取该卡最差机制；普通烟测只证明可执行，不能单独构成 GREEN。 Shrinkmeister; direct evidence=GVG_011_temporary_attack_reduction; source=fireplace/cards/gvg/priest.py:14,Battlecry: Give a minion -2 Attack this turn.,战吼：在本回合中，使一个随从获得-2攻击力。,fireplace/cards/gvg/priest.py:14
17.6.0.53261,Goblins vs Gnomes (GVG),GVG_012,Light of the Naaru,纳鲁之光,Spell resolution|Summon|Targeting,GREEN,implemented,yes,本轮定向实测已通过，观测：start=2/6; after=5/6; wardens=1；本卡完整机制范围已在对应用例覆盖。,card_mechanism.csv#GVG_012; generic-play-smoke:played; effect-evidence: reports/card_quality_full_2026-09-27/gvg_probe.csv#GVG_012_still_damaged_summons; reports/card_quality_full_2026-09-27/gvg_probe.csv#GVG_012_fully_healed_no_summon; reports/card_quality_full_2026-09-27/gvg_probe.csv#existing_test_auchenai_soulpriest_test_auchenai_soulpriest_light_of_the_naaru; reports/card_quality_full_2026-09-27/gvg_probe.csv#existing_test_gvg_test_light_of_the_naaru; per-card: reports/card_quality_full_2026-09-27/gvg_probe.csv#GVG_012_still_damaged_summons; reports/card_quality_full_2026-09-27/gvg_probe.csv#GVG_012_fully_healed_no_summon; reports/card_quality_full_2026-09-27/gvg_probe.csv#existing_test_auchenai_soulpriest_test_auchenai_soulpriest_light_of_the_naaru; reports/card_quality_full_2026-09-27/gvg_probe.csv#existing_test_gvg_test_light_of_the_naaru,聚合状态取该卡最差机制；普通烟测只证明可执行，不能单独构成 GREEN。 Light of the Naaru; direct evidence=GVG_012_still_damaged_summons; GVG_012_fully_healed_no_summon; source=fireplace/cards/gvg/priest.py:79,"Restore #3 Health. If the target is still damaged, summon a Lightwarden.",恢复#3点生命值。如果该目标仍处于受伤状态，则召唤一个圣光护卫者。,fireplace/cards/gvg/priest.py:79
17.6.0.53261,Goblins vs Gnomes (GVG),GVG_013,Cogmaster,齿轮大师,Continuous effect / Update,GREEN,implemented,yes,本轮定向实测已通过，观测：with_mech=3; after_mech_death=1; cog_zone=1；本卡完整机制范围已在对应用例覆盖。,card_mechanism.csv#GVG_013; generic-play-smoke:played; effect-evidence: reports/card_quality_full_2026-09-27/gvg_probe.csv#GVG_013_mech_conditional_attack_aura; reports/card_quality_full_2026-09-27/gvg_probe.csv#existing_test_gvg_test_cogmaster; per-card: reports/card_quality_full_2026-09-27/gvg_probe.csv#GVG_013_mech_conditional_attack_aura; reports/card_quality_full_2026-09-27/gvg_probe.csv#existing_test_gvg_test_cogmaster,聚合状态取该卡最差机制；普通烟测只证明可执行，不能单独构成 GREEN。 Cogmaster; direct evidence=GVG_013_mech_conditional_attack_aura; source=fireplace/cards/gvg/neutral_common.py:14,Has +2 Attack while you have a Mech.,如果你控制任何机械，便获得 +2攻击力。,fireplace/cards/gvg/neutral_common.py:14
17.6.0.53261,Goblins vs Gnomes (GVG),GVG_014,Vol'jin,沃金,Battlecry|Targeting,GREEN,implemented,yes,"本轮定向实测已通过，观测：before=(2, 7); after=7/2; maxima=7/2；本卡完整机制范围已在对应用例覆盖。",card_mechanism.csv#GVG_014; generic-play-smoke:played; effect-evidence: reports/card_quality_full_2026-09-27/gvg_probe.csv#GVG_014_swap_current_health; reports/card_quality_full_2026-09-27/gvg_probe.csv#existing_test_gvg_test_voljin; reports/card_quality_full_2026-09-27/gvg_probe.csv#existing_test_gvg_test_voljin_stealth; reports/card_quality_full_2026-09-27/gvg_probe.csv#existing_test_misc_test_copy_voljin; per-card: reports/card_quality_full_2026-09-27/gvg_probe.csv#GVG_014_swap_current_health; reports/card_quality_full_2026-09-27/gvg_probe.csv#existing_test_gvg_test_voljin; reports/card_quality_full_2026-09-27/gvg_probe.csv#existing_test_gvg_test_voljin_stealth; reports/card_quality_full_2026-09-27/gvg_probe.csv#existing_test_misc_test_copy_voljin,聚合状态取该卡最差机制；普通烟测只证明可执行，不能单独构成 GREEN。 Vol'jin; direct evidence=GVG_014_swap_current_health; source=fireplace/cards/gvg/priest.py:24,Battlecry: Swap Health with another minion.,战吼：与另一个随从交换生命值。,fireplace/cards/gvg/priest.py:24
17.6.0.53261,Goblins vs Gnomes (GVG),GVG_015,Darkbomb,暗色炸弹,Spell resolution|Targeting,GREEN,implemented,yes,本轮定向实测已通过，观测：target=CS2_033; health=3; damage=3; zone=1；本卡完整机制范围已在对应用例覆盖。,card_mechanism.csv#GVG_015; generic-play-smoke:played; effect-evidence: reports/card_quality_full_2026-09-27/gvg_probe.csv#GVG_015_three_damage_minion_target; reports/card_quality_full_2026-09-27/gvg_probe.csv#existing_test_misc_test_silence; per-card: reports/card_quality_full_2026-09-27/gvg_probe.csv#GVG_015_three_damage_minion_target; reports/card_quality_full_2026-09-27/gvg_probe.csv#existing_test_misc_test_silence,聚合状态取该卡最差机制；普通烟测只证明可执行，不能单独构成 GREEN。 Darkbomb; direct evidence=GVG_015_three_damage_minion_target; source=fireplace/cards/gvg/warlock.py:47,Deal $3 damage.,造成$3点伤害。,fireplace/cards/gvg/warlock.py:47
17.6.0.53261,Goblins vs Gnomes (GVG),GVG_016,Fel Reaver,魔能机甲,Trigger,GREEN,implemented,yes,本轮定向实测已通过，观测：deck=5->2; reaver=1; milled=[]；本卡完整机制范围已在对应用例覆盖。,card_mechanism.csv#GVG_016; generic-play-smoke:played; effect-evidence: reports/card_quality_full_2026-09-27/gvg_probe.csv#GVG_016_opponent_play_mills_three; reports/card_quality_full_2026-09-27/gvg_probe.csv#existing_test_gvg_test_fel_reaver; per-card: reports/card_quality_full_2026-09-27/gvg_probe.csv#GVG_016_opponent_play_mills_three; reports/card_quality_full_2026-09-27/gvg_probe.csv#existing_test_gvg_test_fel_reaver,聚合状态取该卡最差机制；普通烟测只证明可执行，不能单独构成 GREEN。 Fel Reaver; direct evidence=GVG_016_opponent_play_mills_three; source=fireplace/cards/gvg/neutral_epic.py:8,"Whenever your opponent plays a card, remove the top 3 cards of your deck.",每当你的对手使用一张卡牌时，便移除你的牌库顶的三张牌。,fireplace/cards/gvg/neutral_epic.py:8
17.6.0.53261,Goblins vs Gnomes (GVG),GVG_017,Call Pet,召唤宠物,Cost modification|Draw / Discard|Spell resolution,GREEN,implemented,yes,本轮定向实测已通过，观测：drawn=EX1_534; race_beast=True; cost=2；本卡完整机制范围已在对应用例覆盖。,card_mechanism.csv#GVG_017; generic-play-smoke:played; effect-evidence: reports/card_quality_full_2026-09-27/gvg_probe.csv#GVG_017_beast_draw; reports/card_quality_full_2026-09-27/gvg_probe.csv#GVG_017_nonbeast_draw; per-card: reports/card_quality_full_2026-09-27/gvg_probe.csv#GVG_017_beast_draw; reports/card_quality_full_2026-09-27/gvg_probe.csv#GVG_017_nonbeast_draw,聚合状态取该卡最差机制；普通烟测只证明可执行，不能单独构成 GREEN。 Call Pet; direct evidence=GVG_017_beast_draw; GVG_017_nonbeast_draw; source=fireplace/cards/gvg/hunter.py:46,"Draw a card. If it's a Beast, it costs (4) less.",抽一张牌。如果该牌是野兽牌，则其法力值消耗 减少（4）点。,fireplace/cards/gvg/hunter.py:46
17.6.0.53261,Goblins vs Gnomes (GVG),GVG_018,Queen of Pain,痛苦女王,Lifesteal,GREEN,implemented,yes,本轮定向实测已通过，观测：lifesteal=1; hero_health=30; target_damage=1; target_health=5；本卡完整机制范围已在对应用例覆盖。,card_mechanism.csv#GVG_018; generic-play-smoke:played; effect-evidence: reports/card_quality_full_2026-09-27/gvg_probe.csv#GVG_018_lifesteal_combat; per-card: reports/card_quality_full_2026-09-27/gvg_probe.csv#GVG_018_lifesteal_combat,聚合状态取该卡最差机制；普通烟测只证明可执行，不能单独构成 GREEN。 Queen of Pain; direct evidence=GVG_018_lifesteal_combat; source=CardDefs.xml,Lifesteal,吸血,
17.6.0.53261,Goblins vs Gnomes (GVG),GVG_019,Demonheart,恶魔之心,Spell resolution|Targeting,GREEN,implemented,yes,"本轮定向实测已通过，观测：before=(3, 3); after=8/8; health=8；本卡完整机制范围已在对应用例覆盖。",card_mechanism.csv#GVG_019; generic-play-smoke:played; effect-evidence: reports/card_quality_full_2026-09-27/gvg_probe.csv#GVG_019_friendly_demon_branch; reports/card_quality_full_2026-09-27/gvg_probe.csv#GVG_019_nonfriendly_demon_damage_branch; reports/card_quality_full_2026-09-27/gvg_probe.csv#GVG_019_enemy_demon_is_not_friendly_branch; per-card: reports/card_quality_full_2026-09-27/gvg_probe.csv#GVG_019_friendly_demon_branch; reports/card_quality_full_2026-09-27/gvg_probe.csv#GVG_019_nonfriendly_demon_damage_branch; reports/card_quality_full_2026-09-27/gvg_probe.csv#GVG_019_enemy_demon_is_not_friendly_branch,聚合状态取该卡最差机制；普通烟测只证明可执行，不能单独构成 GREEN。 Demonheart; direct evidence=GVG_019_friendly_demon_branch; GVG_019_nonfriendly_demon_damage_branch; GVG_019_enemy_demon_is_not_friendly_branch; source=fireplace/cards/gvg/warlock.py:54,"Deal $5 damage to a minion.  If it's a friendly Demon, give it +5/+5 instead.",对一个随从造成$5点伤害，如果该随从是友方恶魔，则改为使其获得+5/+5。,fireplace/cards/gvg/warlock.py:54
17.6.0.53261,Goblins vs Gnomes (GVG),GVG_020,Fel Cannon,邪能火炮,Trigger,YELLOW,implemented,partial,"本轮定向实测观测：eligible=['GVG_020', 'CS2_033', 'CS2_033']; deltas=[0, 2, 0]; mech_delta=0; heroes=30/30；未决点：触发时的两个非机械随从仅一个种子候选被命中；另一个合法目标的随机分支尚未覆盖。",card_mechanism.csv#GVG_020; generic-play-smoke:played; per-card: reports/card_quality_full_2026-09-27/gvg_probe.csv#GVG_020_own_turn_end_random_nonmech_damage; reports/card_quality_full_2026-09-27/gvg_probe.csv#existing_test_gvg_test_fel_cannon,聚合状态取该卡最差机制；普通烟测只证明可执行，不能单独构成 GREEN。 Fel Cannon; direct evidence=GVG_020_own_turn_end_random_nonmech_damage; source=fireplace/cards/gvg/warlock.py:8,"At the end of your turn, deal 2 damage to a non-Mech minion.",在你的回合结束时，对一个非机械随从造成2点伤害。,fireplace/cards/gvg/warlock.py:8
17.6.0.53261,Goblins vs Gnomes (GVG),GVG_021,Mal'Ganis,玛尔加尼斯,Aura|Continuous effect / Update,GREEN,implemented,yes,"本轮定向实测已通过，观测：demon=(3, 3)->(5, 5); hero_health=30; malganis=1；本卡完整机制范围已在对应用例覆盖。",card_mechanism.csv#GVG_021; generic-play-smoke:played; effect-evidence: reports/card_quality_full_2026-09-27/gvg_probe.csv#GVG_021_demon_aura_and_hero_immunity; reports/card_quality_full_2026-09-27/gvg_probe.csv#existing_test_gvg_test_malganis; per-card: reports/card_quality_full_2026-09-27/gvg_probe.csv#GVG_021_demon_aura_and_hero_immunity; reports/card_quality_full_2026-09-27/gvg_probe.csv#existing_test_gvg_test_malganis,聚合状态取该卡最差机制；普通烟测只证明可执行，不能单独构成 GREEN。 Mal'Ganis; direct evidence=GVG_021_demon_aura_and_hero_immunity; source=fireplace/cards/gvg/warlock.py:14,Your other Demons have +2/+2. Your hero is Immune.,你的其他恶魔获得+2/+2。你的英雄获得免疫。,fireplace/cards/gvg/warlock.py:14
17.6.0.53261,Goblins vs Gnomes (GVG),GVG_022,Tinker's Sharpsword Oil,修补匠的磨刀油,Combo|Random effects|Spell resolution,GREEN,implemented,yes,修补匠的磨刀油非连击仅给武器+3；连击给武器+3且两名友方随从中恰好一名+3，英雄不获得额外随机增益；无随从时仍只强化武器。,tests/test_gvg_red_rogue_hunter.py::test_tinkers_sharpsword_oil_noncombo_only_buffs_weapon; tests/test_gvg_red_rogue_hunter.py::test_tinkers_sharpsword_oil_combo_buffs_exactly_one_minion; tests/test_gvg_red_rogue_hunter.py::test_tinkers_sharpsword_oil_combo_without_minions_still_buffs_weapon,原始RED结论保留于known_issues_archive_2026-09-29/。 随机目标改为友方随从；修复前RED证据保留在归档。,Give your weapon +3 Attack. Combo: Give a random friendly minion +3 Attack.,使你的武器获得+3攻击力。连击：随机使一个友方随从获得+3攻击力。,fireplace/cards/gvg/rogue.py:54
17.6.0.53261,Goblins vs Gnomes (GVG),GVG_023,Goblin Auto-Barber,地精自动理发装置,Battlecry,GREEN,implemented,yes,本轮定向实测已通过，观测：weapon_delta=1；本卡完整机制范围已在对应用例覆盖。,card_mechanism.csv#GVG_023; generic-play-smoke:played; effect-evidence: reports/card_quality_full_2026-09-27/gvg_probe.csv#GVG_023_battlecry_weapon; per-card: reports/card_quality_full_2026-09-27/gvg_probe.csv#GVG_023_battlecry_weapon,聚合状态取该卡最差机制；普通烟测只证明可执行，不能单独构成 GREEN。 Goblin Auto-Barber; direct evidence=GVG_023_battlecry_weapon; source=fireplace/cards/gvg/rogue.py:8,Battlecry: Give your weapon +1 Attack.,战吼：使你的武器获得+1攻击力。,fireplace/cards/gvg/rogue.py:8
17.6.0.53261,Goblins vs Gnomes (GVG),GVG_024,Cogmaster's Wrench,齿轮大师的扳手,Continuous effect / Update|Weapon,GREEN,implemented,yes,本轮定向实测已通过，观测：weapon=GVG_024; active=3; after_mech_death=1; durability=3；本卡完整机制范围已在对应用例覆盖。,card_mechanism.csv#GVG_024; generic-play-smoke:played; effect-evidence: reports/card_quality_full_2026-09-27/gvg_probe.csv#GVG_024_weapon_mech_conditional_attack; reports/card_quality_full_2026-09-27/gvg_probe.csv#existing_test_gvg_test_cogmasters_wrench; per-card: reports/card_quality_full_2026-09-27/gvg_probe.csv#GVG_024_weapon_mech_conditional_attack; reports/card_quality_full_2026-09-27/gvg_probe.csv#existing_test_gvg_test_cogmasters_wrench,聚合状态取该卡最差机制；普通烟测只证明可执行，不能单独构成 GREEN。 Cogmaster's Wrench; direct evidence=GVG_024_weapon_mech_conditional_attack; source=fireplace/cards/gvg/rogue.py:80,Has +2 Attack while you have a Mech.,如果你控制任何机械，便获得 +2攻击力。,fireplace/cards/gvg/rogue.py:80
17.6.0.53261,Goblins vs Gnomes (GVG),GVG_025,One-eyed Cheat,独眼欺诈者,Summon|Trigger,GREEN,implemented,yes,本轮定向实测已通过，观测：pirate=CS2_146; pirate_race=[23]; stealth=False->True；本卡完整机制范围已在对应用例覆盖。,card_mechanism.csv#GVG_025; generic-play-smoke:played; effect-evidence: reports/card_quality_full_2026-09-27/gvg_probe.csv#GVG_025_pirate_summon_trigger; per-card: reports/card_quality_full_2026-09-27/gvg_probe.csv#GVG_025_pirate_summon_trigger,聚合状态取该卡最差机制；普通烟测只证明可执行，不能单独构成 GREEN。 One-eyed Cheat; direct evidence=GVG_025_pirate_summon_trigger; source=fireplace/cards/gvg/rogue.py:17,"Whenever you summon a Pirate, gain Stealth.",每当你召唤一个海盗，便获得潜行。,fireplace/cards/gvg/rogue.py:17
17.6.0.53261,Goblins vs Gnomes (GVG),GVG_026,Feign Death,假死,Spell resolution,GREEN,implemented,yes,本轮定向实测已通过，观测：yeti=1; gnome=1; spare_parts_added=2；本卡完整机制范围已在对应用例覆盖。,card_mechanism.csv#GVG_026; generic-play-smoke:played; effect-evidence: reports/card_quality_full_2026-09-27/gvg_probe.csv#GVG_026_trigger_all_friendly_deathrattles; reports/card_quality_full_2026-09-27/gvg_probe.csv#existing_test_feign_death_test_feign_death; reports/card_quality_full_2026-09-27/gvg_probe.csv#existing_test_feign_death_test_feign_death_baron_rivendare; reports/card_quality_full_2026-09-27/gvg_probe.csv#existing_test_feign_death_test_feign_death_dark_cultist; reports/card_quality_full_2026-09-27/gvg_probe.csv#existing_test_ungoro_test_sherazin_corpse_flower; per-card: reports/card_quality_full_2026-09-27/gvg_probe.csv#GVG_026_trigger_all_friendly_deathrattles; reports/card_quality_full_2026-09-27/gvg_probe.csv#existing_test_feign_death_test_feign_death; reports/card_quality_full_2026-09-27/gvg_probe.csv#existing_test_feign_death_test_feign_death_baron_rivendare; reports/card_quality_full_2026-09-27/gvg_probe.csv#existing_test_feign_death_test_feign_death_dark_cultist; reports/card_quality_full_2026-09-27/gvg_probe.csv#existing_test_ungoro_test_sherazin_corpse_flower,聚合状态取该卡最差机制；普通烟测只证明可执行，不能单独构成 GREEN。 Feign Death; direct evidence=GVG_026_trigger_all_friendly_deathrattles; source=fireplace/cards/gvg/hunter.py:62,Trigger all Deathrattles on your minions.,触发所有友方随从的亡语。,fireplace/cards/gvg/hunter.py:62
17.6.0.53261,Goblins vs Gnomes (GVG),GVG_027,Iron Sensei,钢铁武道家,Trigger,GREEN,implemented,yes,"本轮定向实测已通过，观测：seeded_deltas=[[(0, 0), (2, 2)], [(2, 2), (0, 0)], [(2, 2), (0, 0)], [(2, 2), (0, 0)], [(2, 2), (0, 0)], [(0, 0), (2, 2)], [(2, 2), (0, 0)], [(0, 0), (2, 2)], [(2, 2), (0, 0)], [(0, 0), (2, 2)], [(2, 2), (0, 0)], [(0, 0), (2, 2)]]; recipient_indexes=[0, 1]；本卡完整机制范围已在对应用例覆盖。",card_mechanism.csv#GVG_027; generic-play-smoke:played; effect-evidence: reports/card_quality_full_2026-09-27/gvg_probe.csv#GVG_027_seeded_random_friendly_mech_end_turn_buff; per-card: reports/card_quality_full_2026-09-27/gvg_probe.csv#GVG_027_seeded_random_friendly_mech_end_turn_buff,聚合状态取该卡最差机制；普通烟测只证明可执行，不能单独构成 GREEN。 Iron Sensei; direct evidence=GVG_027_seeded_random_friendly_mech_end_turn_buff; source=fireplace/cards/gvg/rogue.py:23,"At the end of your turn, give another friendly Mech +2/+2.",在你的回合结束时，使另一个友方机械获得+2/+2。,fireplace/cards/gvg/rogue.py:23
17.6.0.53261,Goblins vs Gnomes (GVG),GVG_028,Trade Prince Gallywix,加里维克斯,Trigger,GREEN,implemented,yes,本轮定向实测已通过，观测：prince=1; copies=['CS2_008']; opponent_coins=['GVG_028t']; hero_health=29；本卡完整机制范围已在对应用例覆盖。,card_mechanism.csv#GVG_028; generic-play-smoke:played; effect-evidence: reports/card_quality_full_2026-09-27/gvg_probe.csv#GVG_028_opponent_spell_copy_and_coin; reports/card_quality_full_2026-09-27/gvg_probe.csv#existing_test_blackrock_test_quick_shot_gallywix; reports/card_quality_full_2026-09-27/gvg_probe.csv#existing_test_gvg_test_gallywix; per-card: reports/card_quality_full_2026-09-27/gvg_probe.csv#GVG_028_opponent_spell_copy_and_coin; reports/card_quality_full_2026-09-27/gvg_probe.csv#existing_test_blackrock_test_quick_shot_gallywix; reports/card_quality_full_2026-09-27/gvg_probe.csv#existing_test_gvg_test_gallywix,聚合状态取该卡最差机制；普通烟测只证明可执行，不能单独构成 GREEN。 Trade Prince Gallywix; direct evidence=GVG_028_opponent_spell_copy_and_coin; source=fireplace/cards/gvg/rogue.py:32,"Whenever your opponent casts a spell, gain a copy of it and give them a Coin.",每当你的对手施放一个法术，获得该法术的复制，并使其获得一个幸运币。,fireplace/cards/gvg/rogue.py:32
17.6.0.53261,Goblins vs Gnomes (GVG),GVG_029,Ancestor's Call,先祖召唤,Random effects|Spell resolution|Summon,YELLOW,implemented,partial,本轮定向实测观测：ally_zone=1; enemy_zone=1; friendly_board=['CS2_231']; enemy_board=['GVG_093']; spell=4；未决点：双方手牌各只有一张随从，随机选择没有竞争候选；多候选手牌下是否各自只召唤一张未验证。,card_mechanism.csv#GVG_029; generic-play-smoke:played; per-card: reports/card_quality_full_2026-09-27/gvg_probe.csv#GVG_029_summon_one_random_hand_minion_per_player; reports/card_quality_full_2026-09-27/gvg_probe.csv#existing_test_blackrock_test_emperor_thaurissan_molten_recombobulator; reports/card_quality_full_2026-09-27/gvg_probe.csv#existing_test_gvg_test_ancestors_call,聚合状态取该卡最差机制；普通烟测只证明可执行，不能单独构成 GREEN。 Ancestor's Call; direct evidence=GVG_029_summon_one_random_hand_minion_per_player; source=fireplace/cards/gvg/shaman.py:36,Put a random minion from each player's hand into the battlefield.,每个玩家从手牌中随机将一个随从置入战场。,fireplace/cards/gvg/shaman.py:36
17.6.0.53261,Goblins vs Gnomes (GVG),GVG_030,Anodized Robo Cub,电镀机械熊仔,Choose One|Taunt,GREEN,implemented,yes,"本轮定向实测已通过，观测：attack_choice=3/2,taunt=1；本卡完整机制范围已在对应用例覆盖。",card_mechanism.csv#GVG_030; generic-play-smoke:played; effect-evidence: reports/card_quality_full_2026-09-27/gvg_probe.csv#GVG_030_choose_attack; reports/card_quality_full_2026-09-27/gvg_probe.csv#GVG_030_choose_health; per-card: reports/card_quality_full_2026-09-27/gvg_probe.csv#GVG_030_choose_attack; reports/card_quality_full_2026-09-27/gvg_probe.csv#GVG_030_choose_health,聚合状态取该卡最差机制；普通烟测只证明可执行，不能单独构成 GREEN。 Anodized Robo Cub; direct evidence=GVG_030_choose_attack; GVG_030_choose_health; source=fireplace/cards/gvg/druid.py:8,Taunt. Choose One - +1 Attack; or +1 Health.,嘲讽，抉择： +1攻击力；或者+1生命值。,fireplace/cards/gvg/druid.py:8
17.6.0.53261,Goblins vs Gnomes (GVG),GVG_031,Recycle,回收,Spell resolution|Targeting,GREEN,implemented,yes,本轮定向实测已通过，观测：zone=2; deck_delta=1; enemy_field=0；本卡完整机制范围已在对应用例覆盖。,card_mechanism.csv#GVG_031; generic-play-smoke:played; effect-evidence: reports/card_quality_full_2026-09-27/gvg_probe.csv#GVG_031_enemy_minion_to_deck; per-card: reports/card_quality_full_2026-09-27/gvg_probe.csv#GVG_031_enemy_minion_to_deck,聚合状态取该卡最差机制；普通烟测只证明可执行，不能单独构成 GREEN。 Recycle; direct evidence=GVG_031_enemy_minion_to_deck; source=fireplace/cards/gvg/druid.py:67,Shuffle an enemy minion into your opponent's deck.,将一个敌方随从洗入你对手的 牌库。,fireplace/cards/gvg/druid.py:67
17.6.0.53261,Goblins vs Gnomes (GVG),GVG_032,Grove Tender,林地树妖,Choose One|Draw / Discard,GREEN,implemented,yes,"本轮定向实测已通过，观测：max_mana=(4, 5)->(5, 6)；本卡完整机制范围已在对应用例覆盖。",card_mechanism.csv#GVG_032; generic-play-smoke:played; effect-evidence: reports/card_quality_full_2026-09-27/gvg_probe.csv#GVG_032_each_player_gains_mana_crystal; reports/card_quality_full_2026-09-27/gvg_probe.csv#GVG_032_each_player_draws; reports/card_quality_full_2026-09-27/gvg_probe.csv#existing_test_gvg_test_grove_tender; per-card: reports/card_quality_full_2026-09-27/gvg_probe.csv#GVG_032_each_player_gains_mana_crystal; reports/card_quality_full_2026-09-27/gvg_probe.csv#GVG_032_each_player_draws; reports/card_quality_full_2026-09-27/gvg_probe.csv#existing_test_gvg_test_grove_tender,聚合状态取该卡最差机制；普通烟测只证明可执行，不能单独构成 GREEN。 Grove Tender; direct evidence=GVG_032_each_player_gains_mana_crystal; GVG_032_each_player_draws; source=fireplace/cards/gvg/druid.py:29,Choose One - Give each player a Mana Crystal; or Each player draws a card.,抉择：使每个玩家获得一个法力水晶；或每个玩家抽一张牌。,fireplace/cards/gvg/druid.py:29
17.6.0.53261,Goblins vs Gnomes (GVG),GVG_033,Tree of Life,生命之树,Spell resolution,GREEN,implemented,yes,"本轮定向实测已通过，观测：heroes=(30, 30)->(30, 30); minions=(6, 6)/(7, 7)；本卡完整机制范围已在对应用例覆盖。",card_mechanism.csv#GVG_033; generic-play-smoke:played; effect-evidence: reports/card_quality_full_2026-09-27/gvg_probe.csv#GVG_033_full_heal_all_characters; reports/card_quality_full_2026-09-27/gvg_probe.csv#existing_test_gvg_test_tree_of_life; per-card: reports/card_quality_full_2026-09-27/gvg_probe.csv#GVG_033_full_heal_all_characters; reports/card_quality_full_2026-09-27/gvg_probe.csv#existing_test_gvg_test_tree_of_life,聚合状态取该卡最差机制；普通烟测只证明可执行，不能单独构成 GREEN。 Tree of Life; direct evidence=GVG_033_full_heal_all_characters; source=fireplace/cards/gvg/druid.py:78,Restore all characters to full Health.,为所有角色恢复所有生命值。,fireplace/cards/gvg/druid.py:78
17.6.0.53261,Goblins vs Gnomes (GVG),GVG_034,Mech-Bear-Cat,机械野兽,Random effects|Trigger,YELLOW,implemented,partial,本轮定向实测观测：health=5; new_ids=['PART_007']；未决点：本轮确认受伤后加入1张备件，但随机备件结果仅出现PART_007，备件池的其他结果未采样。,card_mechanism.csv#GVG_034; generic-play-smoke:played; per-card: reports/card_quality_full_2026-09-27/gvg_probe.csv#GVG_034_self_damage_spare_part,聚合状态取该卡最差机制；普通烟测只证明可执行，不能单独构成 GREEN。 Mech-Bear-Cat; direct evidence=GVG_034_self_damage_spare_part; source=fireplace/cards/gvg/druid.py:44,"Whenever this minion takes damage, add a Spare Part card to your hand.",每当该随从受到伤害，将一张零件牌置入你的手牌。,fireplace/cards/gvg/druid.py:44
17.6.0.53261,Goblins vs Gnomes (GVG),GVG_036,Powermace,动力战锤,Deathrattle|Random effects|Weapon,GREEN,implemented,yes,"本轮定向实测已通过，观测：seeded_deltas=[([(0, 0), (2, 2)], (0, 0)), ([(2, 2), (0, 0)], (0, 0)), ([(2, 2), (0, 0)], (0, 0)), ([(2, 2), (0, 0)], (0, 0)), ([(2, 2), (0, 0)], (0, 0)), ([(0, 0), (2, 2)], (0, 0)), ([(2, 2), (0, 0)], (0, 0)), ([(0, 0), (2, 2)], (0, 0)), ([(2, 2), (0, 0)], (0, 0)), ([(0, 0), (2, 2)], (0, 0)), ([(2, 2), (0, 0)], (0, 0)), ([(0, 0), (2, 2)], (0, 0))]; recipient_indexes=[0, 1]；本卡完整机制范围已在对应用例覆盖。",card_mechanism.csv#GVG_036; generic-play-smoke:played; effect-evidence: reports/card_quality_full_2026-09-27/gvg_probe.csv#GVG_036_deathrattle_random_friendly_mech_buff; reports/card_quality_full_2026-09-27/gvg_probe.csv#existing_test_gvg_test_powermace; per-card: reports/card_quality_full_2026-09-27/gvg_probe.csv#GVG_036_deathrattle_random_friendly_mech_buff; reports/card_quality_full_2026-09-27/gvg_probe.csv#existing_test_gvg_test_powermace,聚合状态取该卡最差机制；普通烟测只证明可执行，不能单独构成 GREEN。 Powermace; direct evidence=GVG_036_deathrattle_random_friendly_mech_buff; source=fireplace/cards/gvg/shaman.py:56,Deathrattle: Give a random friendly Mech +2/+2.,亡语：随机使一个友方机械获得+2/+2。,fireplace/cards/gvg/shaman.py:56
17.6.0.53261,Goblins vs Gnomes (GVG),GVG_037,Whirling Zap-o-matic,自动漩涡打击装置,Windfury,GREEN,implemented,yes,本轮定向实测已通过，观测：windfury=1; num_attacks=1; can_attack_again=True；本卡完整机制范围已在对应用例覆盖。,card_mechanism.csv#GVG_037; generic-play-smoke:played; effect-evidence: reports/card_quality_full_2026-09-27/gvg_probe.csv#GVG_037_windfury_two_attacks; per-card: reports/card_quality_full_2026-09-27/gvg_probe.csv#GVG_037_windfury_two_attacks,聚合状态取该卡最差机制；普通烟测只证明可执行，不能单独构成 GREEN。 Whirling Zap-o-matic; direct evidence=GVG_037_windfury_two_attacks; source=CardDefs.xml,Windfury,风怒,
17.6.0.53261,Goblins vs Gnomes (GVG),GVG_038,Crackle,连环爆裂,Overload|Random effects|Spell resolution|Targeting,GREEN,implemented,yes,"本轮定向实测已通过，观测：seeded_damage_overload=[(6, 1), (4, 1), (3, 1), (4, 1), (4, 1), (5, 1), (3, 1), (5, 1), (4, 1), (6, 1), (3, 1), (6, 1)]；本卡完整机制范围已在对应用例覆盖。",card_mechanism.csv#GVG_038; generic-play-smoke:played; effect-evidence: reports/card_quality_full_2026-09-27/gvg_probe.csv#GVG_038_seeded_damage_range_and_overload; reports/card_quality_full_2026-09-27/gvg_probe.csv#existing_test_gvg_test_crackle; reports/card_quality_full_2026-09-27/gvg_probe.csv#existing_test_gvg_test_crackle_malygos; per-card: reports/card_quality_full_2026-09-27/gvg_probe.csv#GVG_038_seeded_damage_range_and_overload; reports/card_quality_full_2026-09-27/gvg_probe.csv#existing_test_gvg_test_crackle; reports/card_quality_full_2026-09-27/gvg_probe.csv#existing_test_gvg_test_crackle_malygos,聚合状态取该卡最差机制；普通烟测只证明可执行，不能单独构成 GREEN。 Crackle; direct evidence=GVG_038_seeded_damage_range_and_overload; source=fireplace/cards/gvg/shaman.py:45,Deal $3-$6 damage. Overload: (1),造成$3到$6点伤害，过载：（1）,fireplace/cards/gvg/shaman.py:45
17.6.0.53261,Goblins vs Gnomes (GVG),GVG_039,Vitality Totem,活力图腾,Trigger,GREEN,implemented,yes,本轮定向实测已通过，观测：hero_health=23->27; heal_delta=4；本卡完整机制范围已在对应用例覆盖。,card_mechanism.csv#GVG_039; generic-play-smoke:played; effect-evidence: reports/card_quality_full_2026-09-27/gvg_probe.csv#GVG_039_end_turn_heal; per-card: reports/card_quality_full_2026-09-27/gvg_probe.csv#GVG_039_end_turn_heal,聚合状态取该卡最差机制；普通烟测只证明可执行，不能单独构成 GREEN。 Vitality Totem; direct evidence=GVG_039_end_turn_heal; source=fireplace/cards/gvg/shaman.py:8,"At the end of your turn, restore #4 Health to your hero.",在你的回合结束时，为你的英雄恢复#4点生命值。,fireplace/cards/gvg/shaman.py:8
17.6.0.53261,Goblins vs Gnomes (GVG),GVG_040,Siltfin Spiritwalker,沙鳞灵魂行者,Draw / Discard|Overload|Trigger,GREEN,implemented,yes,本轮定向实测已通过，观测：overload=1; murloc=4; drawn=['CS2_231']; deck=0；本卡完整机制范围已在对应用例覆盖。,card_mechanism.csv#GVG_040; generic-play-smoke:played; effect-evidence: reports/card_quality_full_2026-09-27/gvg_probe.csv#GVG_040_friendly_murloc_death_draw_and_overload; reports/card_quality_full_2026-09-27/gvg_probe.csv#existing_test_gvg_test_siltfin_spiritwalker; per-card: reports/card_quality_full_2026-09-27/gvg_probe.csv#GVG_040_friendly_murloc_death_draw_and_overload; reports/card_quality_full_2026-09-27/gvg_probe.csv#existing_test_gvg_test_siltfin_spiritwalker,聚合状态取该卡最差机制；普通烟测只证明可执行，不能单独构成 GREEN。 Siltfin Spiritwalker; direct evidence=GVG_040_friendly_murloc_death_draw_and_overload; source=fireplace/cards/gvg/shaman.py:14,"Whenever another friendly Murloc dies, draw a card. Overload: (1)",每当有其他友方鱼人死亡，便抽一张牌。 过载：（1）,fireplace/cards/gvg/shaman.py:14
17.6.0.53261,Goblins vs Gnomes (GVG),GVG_041,Dark Wispers,黑暗私语,Choose One|Spell resolution|Summon|Targeting,GREEN,implemented,yes,本轮定向实测已通过，观测：target=6/6;taunt=True；本卡完整机制范围已在对应用例覆盖。,card_mechanism.csv#GVG_041; generic-play-smoke:played; effect-evidence: reports/card_quality_full_2026-09-27/gvg_probe.csv#GVG_041_target_branch; reports/card_quality_full_2026-09-27/gvg_probe.csv#GVG_041_five_wisps_branch; per-card: reports/card_quality_full_2026-09-27/gvg_probe.csv#GVG_041_target_branch; reports/card_quality_full_2026-09-27/gvg_probe.csv#GVG_041_five_wisps_branch,聚合状态取该卡最差机制；普通烟测只证明可执行，不能单独构成 GREEN。 Dark Wispers; direct evidence=GVG_041_target_branch; GVG_041_five_wisps_branch; source=fireplace/cards/gvg/druid.py:84,Choose One - Summon 5 Wisps; or Give a minion +5/+5 and Taunt.,抉择： 召唤5个小精灵；或者使一个随从获得+5/+5和嘲讽。,fireplace/cards/gvg/druid.py:84
17.6.0.53261,Goblins vs Gnomes (GVG),GVG_042,Neptulon,耐普图隆,Battlecry|Overload|Random effects,YELLOW,implemented,partial,"本轮定向实测观测：added=[('OG_161', 4, [14]), ('DAL_077', 4, [14]), ('OG_161', 4, [14]), ('CS2_168', 4, [14])]; overload=3；未决点：确认加入4张鱼人且过载3；只测了一组随机鱼人身份，尚未跨种子覆盖不同鱼人候选。",card_mechanism.csv#GVG_042; generic-play-smoke:played; per-card: reports/card_quality_full_2026-09-27/gvg_probe.csv#GVG_042_four_random_murlocs_and_overload; reports/card_quality_full_2026-09-27/gvg_probe.csv#existing_test_gvg_test_neptulon,聚合状态取该卡最差机制；普通烟测只证明可执行，不能单独构成 GREEN。 Neptulon; direct evidence=GVG_042_four_random_murlocs_and_overload; source=fireplace/cards/gvg/shaman.py:20,Battlecry: Add 4 random Murlocs to your hand. Overload: (3),战吼：随机将四张鱼人牌置入你的手牌，过载：（3）,fireplace/cards/gvg/shaman.py:20
17.6.0.53261,Goblins vs Gnomes (GVG),GVG_043,Glaivezooka,重型刃弩,Battlecry|Random effects|Weapon,YELLOW,implemented,partial,"本轮定向实测观测：weapon=GVG_043; minion_deltas=[1, 0]；未决点：装备与+1攻击均生效，但两名友方随从只用一个种子抽到其中一名，另一随机受益者未见。",card_mechanism.csv#GVG_043; generic-play-smoke:played; per-card: reports/card_quality_full_2026-09-27/gvg_probe.csv#GVG_043_battlecry_random_buff,聚合状态取该卡最差机制；普通烟测只证明可执行，不能单独构成 GREEN。 Glaivezooka; direct evidence=GVG_043_battlecry_random_buff; source=fireplace/cards/gvg/hunter.py:79,Battlecry: Give a random friendly minion +1 Attack.,战吼：随机使一个友方随从获得+1攻击力。,fireplace/cards/gvg/hunter.py:79
17.6.0.53261,Goblins vs Gnomes (GVG),GVG_045,Imp-losion,小鬼爆破,Random effects|Spell resolution|Summon|Targeting,GREEN,implemented,yes,"本轮定向实测已通过，观测：seeded=[(3, 3, 4, <Zone.PLAY: 1>), (2, 2, 5, <Zone.PLAY: 1>), (2, 2, 5, <Zone.PLAY: 1>), (2, 2, 5, <Zone.PLAY: 1>), (2, 2, 5, <Zone.PLAY: 1>), (4, 4, 3, <Zone.PLAY: 1>), (4, 4, 3, <Zone.PLAY: 1>), (3, 3, 4, <Zone.PLAY: 1>)]；本卡完整机制范围已在对应用例覆盖。",card_mechanism.csv#GVG_045; generic-play-smoke:played; effect-evidence: reports/card_quality_full_2026-09-27/gvg_probe.csv#GVG_045_seeded_imp_losion_damage_and_summons; reports/card_quality_full_2026-09-27/gvg_probe.csv#existing_test_gvg_test_implosion; reports/card_quality_full_2026-09-27/gvg_probe.csv#existing_test_gvg_test_implosion_commanding_shout; reports/card_quality_full_2026-09-27/gvg_probe.csv#existing_test_gvg_test_implosion_divine_shield; per-card: reports/card_quality_full_2026-09-27/gvg_probe.csv#GVG_045_seeded_imp_losion_damage_and_summons; reports/card_quality_full_2026-09-27/gvg_probe.csv#existing_test_gvg_test_implosion; reports/card_quality_full_2026-09-27/gvg_probe.csv#existing_test_gvg_test_implosion_commanding_shout; reports/card_quality_full_2026-09-27/gvg_probe.csv#existing_test_gvg_test_implosion_divine_shield,聚合状态取该卡最差机制；普通烟测只证明可执行，不能单独构成 GREEN。 Imp-losion; direct evidence=GVG_045_seeded_imp_losion_damage_and_summons; source=fireplace/cards/gvg/warlock.py:64,Deal $2-$4 damage to a minion. Summon a 1/1 Imp for each damage dealt.,对一个随从造成$2-$4点伤害。每造成1点伤害，便召唤一个1/1的小鬼。,fireplace/cards/gvg/warlock.py:64
17.6.0.53261,Goblins vs Gnomes (GVG),GVG_046,King of Beasts,百兽之王,Battlecry|Taunt,GREEN,implemented,yes,百兽之王按其他友方野兽0、1、2只分别获得0、1、2点攻击力；自身和非野兽均不计入。,tests/test_gvg_red_rogue_hunter.py::test_king_of_beasts_counts_other_friendly_beasts_only,原始RED结论保留于known_issues_archive_2026-09-29/。 计数选择器排除SELF。,Taunt. Battlecry: Gain +1 Attack for each other Beast you have.,嘲讽，战吼：你每控制一个其他野兽，便获得+1攻击力。,fireplace/cards/gvg/hunter.py:8
17.6.0.53261,Goblins vs Gnomes (GVG),GVG_047,Sabotage,暗中破坏,Combo|Random effects|Spell resolution,GREEN,implemented,yes,"本轮定向实测已通过，观测：noncombo_seeds=[(['CS2_200'], 1, <Zone.GRAVEYARD: 4>), (['CS2_033'], 1, <Zone.GRAVEYARD: 4>), (['CS2_033'], 1, <Zone.GRAVEYARD: 4>), (['CS2_033'], 1, <Zone.GRAVEYARD: 4>), (['CS2_033'], 1, <Zone.GRAVEYARD: 4>), (['CS2_200'], 1, <Zone.GRAVEYARD: 4>), (['CS2_033'], 1, <Zone.GRAVEYARD: 4>), (['CS2_200'], 1, <Zone.GRAVEYARD: 4>)]; both_minion_recipients_seen=[0, 1]; combo_dead_minions=1; combo_weapon=None；本卡完整机制范围已在对应用例覆盖。",card_mechanism.csv#GVG_047; generic-play-smoke:played; effect-evidence: reports/card_quality_full_2026-09-27/gvg_probe.csv#GVG_047_random_minion_and_combo_weapon_destroy; reports/card_quality_full_2026-09-27/gvg_probe.csv#existing_test_gvg_test_sabotage; per-card: reports/card_quality_full_2026-09-27/gvg_probe.csv#GVG_047_random_minion_and_combo_weapon_destroy; reports/card_quality_full_2026-09-27/gvg_probe.csv#existing_test_gvg_test_sabotage,聚合状态取该卡最差机制；普通烟测只证明可执行，不能单独构成 GREEN。 Sabotage; direct evidence=GVG_047_random_minion_and_combo_weapon_destroy; source=fireplace/cards/gvg/rogue.py:68,Destroy a random enemy minion. Combo: And your opponent's weapon.,随机消灭一个敌方随从，连击：并且摧毁你对手的武器。,fireplace/cards/gvg/rogue.py:68
17.6.0.53261,Goblins vs Gnomes (GVG),GVG_048,Metaltooth Leaper,金刚刃牙兽,Battlecry,GREEN,implemented,yes,金刚刃牙兽战吼同时使两名其他友方机械各+2攻击力；非机械、敌方机械和自身不受影响。,tests/test_gvg_red_rogue_hunter.py::test_metaltooth_leaper_buffs_all_other_friendly_mechs,原始RED结论保留于known_issues_archive_2026-09-29/。 移除错误的单体随机选择器。,Battlecry: Give your other Mechs +2 Attack.,战吼：使你的其他机械获得+2攻击力。,fireplace/cards/gvg/hunter.py:17
17.6.0.53261,Goblins vs Gnomes (GVG),GVG_049,Gahz'rilla,加兹瑞拉,Trigger,GREEN,implemented,yes,本轮定向实测已通过，观测：attack=6->12->24; health=7; zone=1；本卡完整机制范围已在对应用例覆盖。,card_mechanism.csv#GVG_049; generic-play-smoke:played; effect-evidence: reports/card_quality_full_2026-09-27/gvg_probe.csv#GVG_049_each_damage_event_doubles_attack; reports/card_quality_full_2026-09-27/gvg_probe.csv#existing_test_gvg_test_gahzrilla; per-card: reports/card_quality_full_2026-09-27/gvg_probe.csv#GVG_049_each_damage_event_doubles_attack; reports/card_quality_full_2026-09-27/gvg_probe.csv#existing_test_gvg_test_gahzrilla,聚合状态取该卡最差机制；普通烟测只证明可执行，不能单独构成 GREEN。 Gahz'rilla; direct evidence=GVG_049_each_damage_event_doubles_attack; source=fireplace/cards/gvg/hunter.py:26,"Whenever this minion takes damage, double its Attack.",每当该随从受到伤害，便使其攻击力 翻倍。,fireplace/cards/gvg/hunter.py:26
17.6.0.53261,Goblins vs Gnomes (GVG),GVG_050,Bouncing Blade,弹射之刃,Random effects|Spell resolution|Targeting,GREEN,implemented,yes,"本轮定向实测已通过，观测：seeded=[(['GVG_093'], [('CS2_231', 1, <Zone.PLAY: 1>), ('GVG_093', 2, <Zone.GRAVEYARD: 4>)]), (['CS2_231'], [('CS2_231', 1, <Zone.GRAVEYARD: 4>), ('GVG_093', 2, <Zone.PLAY: 1>)]), (['CS2_231'], [('CS2_231', 1, <Zone.GRAVEYARD: 4>), ('GVG_093', 2, <Zone.PLAY: 1>)]), (['CS2_231'], [('CS2_231', 1, <Zone.GRAVEYARD: 4>), ('GVG_093', 2, <Zone.PLAY: 1>)]), (['CS2_231'], [('CS2_231', 1, <Zone.GRAVEYARD: 4>), ('GVG_093', 2, <Zone.PLAY: 1>)]), (['GVG_093'], [('CS2_231', 1, <Zone.PLAY: 1>), ('GVG_093', 2, <Zone.GRAVEYARD: 4>)]), (['CS2_231'], [('CS2_231', 1, <Zone.GRAVEYARD: 4>), ('GVG_093', 2, <Zone.PLAY: 1>)]), (['CS2_231'], [('CS2_231', 1, <Zone.GRAVEYARD: 4>), ('GVG_093', 1, <Zone.PLAY: 1>)])]；本卡完整机制范围已在对应用例覆盖。",card_mechanism.csv#GVG_050; generic-play-smoke:played; effect-evidence: reports/card_quality_full_2026-09-27/gvg_probe.csv#GVG_050_seeded_repeat_until_death; reports/card_quality_full_2026-09-27/gvg_probe.csv#existing_test_gvg_test_bouncing_blade; reports/card_quality_full_2026-09-27/gvg_probe.csv#existing_test_gvg_test_bouncing_blade_commanding_shout; per-card: reports/card_quality_full_2026-09-27/gvg_probe.csv#GVG_050_seeded_repeat_until_death; reports/card_quality_full_2026-09-27/gvg_probe.csv#existing_test_gvg_test_bouncing_blade; reports/card_quality_full_2026-09-27/gvg_probe.csv#existing_test_gvg_test_bouncing_blade_commanding_shout,聚合状态取该卡最差机制；普通烟测只证明可执行，不能单独构成 GREEN。 Bouncing Blade; direct evidence=GVG_050_seeded_repeat_until_death; source=fireplace/cards/gvg/warrior.py:64,Deal $1 damage to a random minion. Repeat until a minion dies.,随机对一个随从造成$1点伤害。重复此效果，直到某个随从死亡。,fireplace/cards/gvg/warrior.py:64
17.6.0.53261,Goblins vs Gnomes (GVG),GVG_051,Warbot,战斗机器人,Unclassified effect,GREEN,implemented,yes,本轮定向实测已通过，观测：health=2; atk_delta=1；本卡完整机制范围已在对应用例覆盖。,card_mechanism.csv#GVG_051; generic-play-smoke:played; effect-evidence: reports/card_quality_full_2026-09-27/gvg_probe.csv#GVG_051_enrage; per-card: reports/card_quality_full_2026-09-27/gvg_probe.csv#GVG_051_enrage,聚合状态取该卡最差机制；普通烟测只证明可执行，不能单独构成 GREEN。 Warbot; direct evidence=GVG_051_enrage; source=fireplace/cards/gvg/warrior.py:8,Has +1 Attack while damaged.,受伤时具有+1攻 击力。,fireplace/cards/gvg/warrior.py:8
17.6.0.53261,Goblins vs Gnomes (GVG),GVG_052,Crush,重碾,Cost modification|Spell resolution|Targeting,YELLOW,implemented,partial,本轮定向实测观测：cost=7->3; target=CS2_200/4; ally_damage=1；未决点：已验证有受伤友方随从时减费4且目标被消灭；无受伤友方随从时应维持原费用的条件分支尚未测。,card_mechanism.csv#GVG_052; generic-play-smoke:played; per-card: reports/card_quality_full_2026-09-27/gvg_probe.csv#GVG_052_damaged_minion_cost_and_destroy; reports/card_quality_full_2026-09-27/gvg_probe.csv#existing_test_gvg_test_crush,聚合状态取该卡最差机制；普通烟测只证明可执行，不能单独构成 GREEN。 Crush; direct evidence=GVG_052_damaged_minion_cost_and_destroy; source=fireplace/cards/gvg/warrior.py:73,"Destroy a minion. If you have a damaged minion, this costs (4) less.",消灭一个随从。如果你控制任何受伤的随从，该法术的法力值消耗减少（4）点。,fireplace/cards/gvg/warrior.py:73
17.6.0.53261,Goblins vs Gnomes (GVG),GVG_053,Shieldmaiden,盾甲侍女,Battlecry,GREEN,implemented,yes,本轮定向实测已通过，观测：armor=5; minion=5/5；本卡完整机制范围已在对应用例覆盖。,card_mechanism.csv#GVG_053; generic-play-smoke:played; effect-evidence: reports/card_quality_full_2026-09-27/gvg_probe.csv#GVG_053_armor_battlecry; per-card: reports/card_quality_full_2026-09-27/gvg_probe.csv#GVG_053_armor_battlecry,聚合状态取该卡最差机制；普通烟测只证明可执行，不能单独构成 GREEN。 Shieldmaiden; direct evidence=GVG_053_armor_battlecry; source=fireplace/cards/gvg/warrior.py:17,Battlecry: Gain 5 Armor.,战吼： 获得5点护甲值。,fireplace/cards/gvg/warrior.py:17
17.6.0.53261,Goblins vs Gnomes (GVG),GVG_054,Ogre Warmaul,食人魔战槌,Trigger|Weapon,GREEN,implemented,yes,食人魔战槌装备为4攻2耐久；固定随机种子分别实测英雄直接攻击声明目标与50%分支重定向到另一敌方随从。,tests/test_gvg_red_attack.py::test_gvg_054_ogre_warmaul_equips_four_attack_two_durability; tests/test_gvg_red_attack.py::test_gvg_054_ogre_warmaul_uses_the_hero_as_attacker_for_redirects,原始RED结论保留于known_issues_archive_2026-09-29/。 武器监听实际攻击者英雄，不改随从共用FORGETFUL。,50% chance to attack the wrong enemy.,50%几率攻击错误的敌人。,fireplace/cards/gvg/warrior.py:85
17.6.0.53261,Goblins vs Gnomes (GVG),GVG_055,Screwjank Clunker,废旧螺栓机甲,Battlecry|Targeting,GREEN,implemented,yes,"本轮定向实测已通过，观测：before=(2, 1); after=4/3; zone=1；本卡完整机制范围已在对应用例覆盖。",card_mechanism.csv#GVG_055; generic-play-smoke:played; effect-evidence: reports/card_quality_full_2026-09-27/gvg_probe.csv#GVG_055_battlecry_friendly_mech_buff; reports/card_quality_full_2026-09-27/gvg_probe.csv#existing_test_gvg_test_screwjank_clunker; per-card: reports/card_quality_full_2026-09-27/gvg_probe.csv#GVG_055_battlecry_friendly_mech_buff; reports/card_quality_full_2026-09-27/gvg_probe.csv#existing_test_gvg_test_screwjank_clunker,聚合状态取该卡最差机制；普通烟测只证明可执行，不能单独构成 GREEN。 Screwjank Clunker; direct evidence=GVG_055_battlecry_friendly_mech_buff; source=fireplace/cards/gvg/warrior.py:23,Battlecry: Give a friendly Mech +2/+2.,战吼：使一个友方机械获得+2/+2。,fireplace/cards/gvg/warrior.py:23
17.6.0.53261,Goblins vs Gnomes (GVG),GVG_056,Iron Juggernaut,钢铁战蝎,Battlecry|Trigger,GREEN,implemented,yes,本轮定向实测已通过，观测：juggernaut=1; mines_before_draw=1; hero=30->20; mine_zones=[<Zone.GRAVEYARD: 4>]; opponent_deck=[]；本卡完整机制范围已在对应用例覆盖。,card_mechanism.csv#GVG_056; generic-play-smoke:played; effect-evidence: reports/card_quality_full_2026-09-27/gvg_probe.csv#GVG_056_mine_shuffle_and_draw_trigger; reports/card_quality_full_2026-09-27/gvg_probe.csv#existing_test_gvg_test_iron_juggernaut; per-card: reports/card_quality_full_2026-09-27/gvg_probe.csv#GVG_056_mine_shuffle_and_draw_trigger; reports/card_quality_full_2026-09-27/gvg_probe.csv#existing_test_gvg_test_iron_juggernaut,聚合状态取该卡最差机制；普通烟测只证明可执行，不能单独构成 GREEN。 Iron Juggernaut; direct evidence=GVG_056_mine_shuffle_and_draw_trigger; source=fireplace/cards/gvg/warrior.py:38,"Battlecry: Shuffle a Mine into your opponent's deck. When drawn, it explodes for 10 damage.",战吼：将一张“地雷” 牌洗入你对手的牌库。当玩家抽到“地雷”时，便会受到10点伤害。,fireplace/cards/gvg/warrior.py:38
17.6.0.53261,Goblins vs Gnomes (GVG),GVG_057,Seal of Light,光明圣印,Spell resolution,GREEN,implemented,yes,本轮定向实测已通过，观测：health=22->26; attack=0->2->end_turn:0；本卡完整机制范围已在对应用例覆盖。,card_mechanism.csv#GVG_057; generic-play-smoke:played; effect-evidence: reports/card_quality_full_2026-09-27/gvg_probe.csv#GVG_057_heal_and_temporary_attack; per-card: reports/card_quality_full_2026-09-27/gvg_probe.csv#GVG_057_heal_and_temporary_attack,聚合状态取该卡最差机制；普通烟测只证明可执行，不能单独构成 GREEN。 Seal of Light; direct evidence=GVG_057_heal_and_temporary_attack; source=fireplace/cards/gvg/paladin.py:43,Restore #4 Health to your hero and gain +2 Attack this turn.,为你的英雄恢复#4点生命值，并在本回合中 获得+2攻击力。,fireplace/cards/gvg/paladin.py:43
17.6.0.53261,Goblins vs Gnomes (GVG),GVG_058,Shielded Minibot,护盾机器人,Divine Shield,GREEN,implemented,yes,本轮定向实测已通过，观测：shield=False; health=2; zone=1；本卡完整机制范围已在对应用例覆盖。,card_mechanism.csv#GVG_058; generic-play-smoke:played; effect-evidence: reports/card_quality_full_2026-09-27/gvg_probe.csv#GVG_058_divine_shield_blocks_damage; per-card: reports/card_quality_full_2026-09-27/gvg_probe.csv#GVG_058_divine_shield_blocks_damage,聚合状态取该卡最差机制；普通烟测只证明可执行，不能单独构成 GREEN。 Shielded Minibot; direct evidence=GVG_058_divine_shield_blocks_damage; source=CardDefs.xml,Divine Shield,圣盾,
17.6.0.53261,Goblins vs Gnomes (GVG),GVG_059,Coghammer,齿轮光锤,Battlecry|Random effects|Weapon,YELLOW,implemented,partial,"本轮定向实测观测：weapon=GVG_059; tagged=['CS2_231']; states=[(True, True), (1, False)]；未决点：武器已装备且一名候选获得嘲讽与圣盾；随机受益者只采到一名，另一友方随从分支尚未观察。",card_mechanism.csv#GVG_059; generic-play-smoke:played; per-card: reports/card_quality_full_2026-09-27/gvg_probe.csv#GVG_059_random_taunt_shield,聚合状态取该卡最差机制；普通烟测只证明可执行，不能单独构成 GREEN。 Coghammer; direct evidence=GVG_059_random_taunt_shield; source=fireplace/cards/gvg/paladin.py:62,Battlecry: Give a random friendly minion Divine Shield and Taunt.,战吼：随机使一个友方随从获得圣盾和嘲讽。,fireplace/cards/gvg/paladin.py:62
17.6.0.53261,Goblins vs Gnomes (GVG),GVG_060,Quartermaster,军需官,Battlecry,GREEN,implemented,yes,"本轮定向实测已通过，观测：recruits=[(3, 3), (3, 3)]; wisp=1/1；本卡完整机制范围已在对应用例覆盖。",card_mechanism.csv#GVG_060; generic-play-smoke:played; effect-evidence: reports/card_quality_full_2026-09-27/gvg_probe.csv#GVG_060_recruits_buff_only; per-card: reports/card_quality_full_2026-09-27/gvg_probe.csv#GVG_060_recruits_buff_only,聚合状态取该卡最差机制；普通烟测只证明可执行，不能单独构成 GREEN。 Quartermaster; direct evidence=GVG_060_recruits_buff_only; source=fireplace/cards/gvg/paladin.py:8,Battlecry: Give your Silver Hand Recruits +2/+2.,战吼：使你的白银之手新兵获得+2/+2。,fireplace/cards/gvg/paladin.py:8
17.6.0.53261,Goblins vs Gnomes (GVG),GVG_061,Muster for Battle,作战动员,Spell resolution|Summon,GREEN,implemented,yes,"本轮定向实测已通过，观测：recruits=3; weapon=('CS2_091', 1, 4)；本卡完整机制范围已在对应用例覆盖。",card_mechanism.csv#GVG_061; generic-play-smoke:played; effect-evidence: reports/card_quality_full_2026-09-27/gvg_probe.csv#GVG_061_recruits_and_weapon; per-card: reports/card_quality_full_2026-09-27/gvg_probe.csv#GVG_061_recruits_and_weapon,聚合状态取该卡最差机制；普通烟测只证明可执行，不能单独构成 GREEN。 Muster for Battle; direct evidence=GVG_061_recruits_and_weapon; source=fireplace/cards/gvg/paladin.py:52,Summon three 1/1 Silver Hand Recruits. Equip a 1/4 Weapon.,召唤三个1/1的白银之手新兵，装备一把1/4的武器。,fireplace/cards/gvg/paladin.py:52
17.6.0.53261,Goblins vs Gnomes (GVG),GVG_062,Cobalt Guardian,钴制卫士,Summon|Trigger,GREEN,implemented,yes,本轮定向实测已通过，观测：shield=False->True->moonfire:False->second_mech:True; guardian=1；本卡完整机制范围已在对应用例覆盖。,card_mechanism.csv#GVG_062; generic-play-smoke:played; effect-evidence: reports/card_quality_full_2026-09-27/gvg_probe.csv#GVG_062_mech_summon_grants_divine_shield; reports/card_quality_full_2026-09-27/gvg_probe.csv#existing_test_gvg_test_cobalt_guardian; per-card: reports/card_quality_full_2026-09-27/gvg_probe.csv#GVG_062_mech_summon_grants_divine_shield; reports/card_quality_full_2026-09-27/gvg_probe.csv#existing_test_gvg_test_cobalt_guardian,聚合状态取该卡最差机制；普通烟测只证明可执行，不能单独构成 GREEN。 Cobalt Guardian; direct evidence=GVG_062_mech_summon_grants_divine_shield; source=fireplace/cards/gvg/paladin.py:17,"Whenever you summon a Mech, gain Divine Shield.",每当你召唤一个机械，便获得圣盾。,fireplace/cards/gvg/paladin.py:17
17.6.0.53261,Goblins vs Gnomes (GVG),GVG_063,Bolvar Fordragon,伯瓦尔·弗塔根,Trigger,GREEN,implemented,yes,本轮定向实测已通过，观测：attack=1->2->3; deaths=4/4; bolvar_zone=3；本卡完整机制范围已在对应用例覆盖。,card_mechanism.csv#GVG_063; generic-play-smoke:played; effect-evidence: reports/card_quality_full_2026-09-27/gvg_probe.csv#GVG_063_friendly_deaths_buff_in_hand; reports/card_quality_full_2026-09-27/gvg_probe.csv#existing_test_gvg_test_bolvar_fordragon; reports/card_quality_full_2026-09-27/gvg_probe.csv#existing_test_secrets_test_mirror_entity_bolvar; per-card: reports/card_quality_full_2026-09-27/gvg_probe.csv#GVG_063_friendly_deaths_buff_in_hand; reports/card_quality_full_2026-09-27/gvg_probe.csv#existing_test_gvg_test_bolvar_fordragon; reports/card_quality_full_2026-09-27/gvg_probe.csv#existing_test_secrets_test_mirror_entity_bolvar,聚合状态取该卡最差机制；普通烟测只证明可执行，不能单独构成 GREEN。 Bolvar Fordragon; direct evidence=GVG_063_friendly_deaths_buff_in_hand; source=fireplace/cards/gvg/paladin.py:23,"Whenever a friendly minion dies while this is in your hand, gain +1 Attack.",如果这张牌在你的手牌中，每当一个友方随从死亡，便获得+1攻击力。,fireplace/cards/gvg/paladin.py:23
17.6.0.53261,Goblins vs Gnomes (GVG),GVG_065,Ogre Brute,食人魔步兵,Trigger,GREEN,implemented,yes,"本轮定向实测已通过，观测：stats=4/4; direct=18; redirected=14; samples=[(False, True), (True, False), (True, False), (True, False), (True, False), (False, True), (True, False), (False, True), (True, False), (False, True), (True, False), (False, True), (False, True), (False, True), (True, False), (True, False), (False, True), (False, True), (True, False), (True, False), (True, False), (True, False), (True, False), (False, True), (False, True), (False, True), (True, False), (False, True), (True, False), (True, False), (False, True), (True, False)]；本卡完整机制范围已在对应用例覆盖。",card_mechanism.csv#GVG_065; generic-play-smoke:played; effect-evidence: reports/card_quality_full_2026-09-27/gvg_probe.csv#GVG_065_forgetful_combat; per-card: reports/card_quality_full_2026-09-27/gvg_probe.csv#GVG_065_forgetful_combat,聚合状态取该卡最差机制；普通烟测只证明可执行，不能单独构成 GREEN。 Ogre Brute; direct evidence=GVG_065_forgetful_combat; source=fireplace/cards/gvg/neutral_common.py:20,50% chance to attack the wrong enemy.,50%几率攻击错误的敌人。,fireplace/cards/gvg/neutral_common.py:20
17.6.0.53261,Goblins vs Gnomes (GVG),GVG_066,Dunemaul Shaman,砂槌萨满祭司,Overload|Trigger|Windfury,GREEN,implemented,yes,"本轮定向实测已通过，观测：windfury=1; overload=1; direct=18; redirected=14; samples=[(False, True), (True, False), (True, False), (True, False), (True, False), (False, True), (True, False), (False, True), (True, False), (False, True), (True, False), (False, True), (False, True), (False, True), (True, False), (True, False), (False, True), (False, True), (True, False), (True, False), (True, False), (True, False), (True, False), (False, True), (False, True), (False, True), (True, False), (False, True), (True, False), (True, False), (False, True), (True, False)]；本卡完整机制范围已在对应用例覆盖。",card_mechanism.csv#GVG_066; generic-play-smoke:played; effect-evidence: reports/card_quality_full_2026-09-27/gvg_probe.csv#GVG_066_windfury_overload_forgetful_combat; per-card: reports/card_quality_full_2026-09-27/gvg_probe.csv#GVG_066_windfury_overload_forgetful_combat,聚合状态取该卡最差机制；普通烟测只证明可执行，不能单独构成 GREEN。 Dunemaul Shaman; direct evidence=GVG_066_windfury_overload_forgetful_combat; source=fireplace/cards/gvg/shaman.py:26,"Windfury, Overload: (1) 50% chance to attack the wrong enemy.",风怒，过载：（1） 50%几率攻击错误的敌人。,fireplace/cards/gvg/shaman.py:26
17.6.0.53261,Goblins vs Gnomes (GVG),GVG_067,Stonesplinter Trogg,碎石穴居人,Trigger,GREEN,implemented,yes,本轮定向实测已通过，观测：before=2; after=3；本卡完整机制范围已在对应用例覆盖。,card_mechanism.csv#GVG_067; generic-play-smoke:played; effect-evidence: reports/card_quality_full_2026-09-27/gvg_probe.csv#GVG_067_opponent_spell_trigger; per-card: reports/card_quality_full_2026-09-27/gvg_probe.csv#GVG_067_opponent_spell_trigger,聚合状态取该卡最差机制；普通烟测只证明可执行，不能单独构成 GREEN。 Stonesplinter Trogg; direct evidence=GVG_067_opponent_spell_trigger; source=fireplace/cards/gvg/neutral_common.py:26,"Whenever your opponent casts a spell, gain +1 Attack.",每当你的对手施放一个法术，便获得+1攻击力。,fireplace/cards/gvg/neutral_common.py:26
17.6.0.53261,Goblins vs Gnomes (GVG),GVG_068,Burly Rockjaw Trogg,石腭穴居人壮汉,Trigger,GREEN,implemented,yes,本轮定向实测已通过，观测：before=3; after=5；本卡完整机制范围已在对应用例覆盖。,card_mechanism.csv#GVG_068; generic-play-smoke:played; effect-evidence: reports/card_quality_full_2026-09-27/gvg_probe.csv#GVG_068_opponent_spell_trigger; per-card: reports/card_quality_full_2026-09-27/gvg_probe.csv#GVG_068_opponent_spell_trigger,聚合状态取该卡最差机制；普通烟测只证明可执行，不能单独构成 GREEN。 Burly Rockjaw Trogg; direct evidence=GVG_068_opponent_spell_trigger; source=fireplace/cards/gvg/neutral_common.py:35,"Whenever your opponent casts a spell, gain +2 Attack.",每当你的对手施放一个法术，获得 +2攻击力。,fireplace/cards/gvg/neutral_common.py:35
17.6.0.53261,Goblins vs Gnomes (GVG),GVG_069,Antique Healbot,老式治疗机器人,Battlecry,GREEN,implemented,yes,本轮定向实测已通过，观测：health=28；本卡完整机制范围已在对应用例覆盖。,card_mechanism.csv#GVG_069; generic-play-smoke:played; effect-evidence: reports/card_quality_full_2026-09-27/gvg_probe.csv#GVG_069_heal_battlecry; per-card: reports/card_quality_full_2026-09-27/gvg_probe.csv#GVG_069_heal_battlecry,聚合状态取该卡最差机制；普通烟测只证明可执行，不能单独构成 GREEN。 Antique Healbot; direct evidence=GVG_069_heal_battlecry; source=fireplace/cards/gvg/neutral_common.py:44,Battlecry: Restore #8 Health to your hero.,战吼：为你的英雄恢复#8点生命值。,fireplace/cards/gvg/neutral_common.py:44
17.6.0.53261,Goblins vs Gnomes (GVG),GVG_072,Shadowboxer,暗影打击装甲,Random effects|Trigger,GREEN,implemented,yes,"本轮定向实测已通过，观测：seeded=[(6, [1, 0], 0, <Zone.PLAY: 1>), (6, [0, 0], 1, <Zone.PLAY: 1>), (6, [0, 0], 1, <Zone.PLAY: 1>), (6, [0, 0], 1, <Zone.PLAY: 1>), (6, [0, 0], 1, <Zone.PLAY: 1>), (6, [0, 1], 0, <Zone.PLAY: 1>), (6, [0, 1], 0, <Zone.PLAY: 1>), (6, [1, 0], 0, <Zone.PLAY: 1>), (6, [0, 0], 1, <Zone.PLAY: 1>), (6, [1, 0], 0, <Zone.PLAY: 1>), (6, [0, 1], 0, <Zone.PLAY: 1>), (6, [1, 0], 0, <Zone.PLAY: 1>)]; recipient_kinds_seen=['enemy_hero', 'enemy_minion_1', 'enemy_minion_2']；本卡完整机制范围已在对应用例覆盖。",card_mechanism.csv#GVG_072; generic-play-smoke:played; effect-evidence: reports/card_quality_full_2026-09-27/gvg_probe.csv#GVG_072_heal_trigger_random_enemy_damage; reports/card_quality_full_2026-09-27/gvg_probe.csv#existing_test_misc_test_event_queue_heal; per-card: reports/card_quality_full_2026-09-27/gvg_probe.csv#GVG_072_heal_trigger_random_enemy_damage; reports/card_quality_full_2026-09-27/gvg_probe.csv#existing_test_misc_test_event_queue_heal,聚合状态取该卡最差机制；普通烟测只证明可执行，不能单独构成 GREEN。 Shadowboxer; direct evidence=GVG_072_heal_trigger_random_enemy_damage; source=fireplace/cards/gvg/priest.py:35,"Whenever a minion is healed, deal 1 damage to a random enemy.",每当一个随从获得治疗，便随机对一个敌人造成1点伤害。,fireplace/cards/gvg/priest.py:35
17.6.0.53261,Goblins vs Gnomes (GVG),GVG_073,Cobra Shot,眼镜蛇射击,Spell resolution|Targeting,GREEN,implemented,yes,本轮定向实测已通过，观测：target_health=2; target_damage=3; enemy_hero=27；本卡完整机制范围已在对应用例覆盖。,card_mechanism.csv#GVG_073; generic-play-smoke:played; effect-evidence: reports/card_quality_full_2026-09-27/gvg_probe.csv#GVG_073_minion_and_hero_damage; per-card: reports/card_quality_full_2026-09-27/gvg_probe.csv#GVG_073_minion_and_hero_damage,聚合状态取该卡最差机制；普通烟测只证明可执行，不能单独构成 GREEN。 Cobra Shot; direct evidence=GVG_073_minion_and_hero_damage; source=fireplace/cards/gvg/hunter.py:68,Deal $3 damage to a minion and the enemy hero.,对一个随从和敌方英雄造成$3点伤害。,fireplace/cards/gvg/hunter.py:68
17.6.0.53261,Goblins vs Gnomes (GVG),GVG_074,Kezan Mystic,科赞秘术师,Battlecry|Random effects,GREEN,implemented,yes,"本轮定向实测已通过，观测：seeded=[(['tt_010'], ['EX1_287'], <Zone.PLAY: 1>), (['EX1_287'], ['tt_010'], <Zone.PLAY: 1>), (['EX1_287'], ['tt_010'], <Zone.PLAY: 1>), (['EX1_287'], ['tt_010'], <Zone.PLAY: 1>), (['EX1_287'], ['tt_010'], <Zone.PLAY: 1>), (['tt_010'], ['EX1_287'], <Zone.PLAY: 1>), (['EX1_287'], ['tt_010'], <Zone.PLAY: 1>), (['tt_010'], ['EX1_287'], <Zone.PLAY: 1>)]; identities_seen=['EX1_287', 'tt_010']；本卡完整机制范围已在对应用例覆盖。",card_mechanism.csv#GVG_074; generic-play-smoke:played; effect-evidence: reports/card_quality_full_2026-09-27/gvg_probe.csv#GVG_074_steal_one_seeded_random_enemy_secret; reports/card_quality_full_2026-09-27/gvg_probe.csv#existing_test_secrets_test_kezan_mystic; per-card: reports/card_quality_full_2026-09-27/gvg_probe.csv#GVG_074_steal_one_seeded_random_enemy_secret; reports/card_quality_full_2026-09-27/gvg_probe.csv#existing_test_secrets_test_kezan_mystic,聚合状态取该卡最差机制；普通烟测只证明可执行，不能单独构成 GREEN。 Kezan Mystic; direct evidence=GVG_074_steal_one_seeded_random_enemy_secret; source=fireplace/cards/gvg/neutral_rare.py:8,Battlecry: Take control of a random enemy Secret.,战吼：随机获得一个敌方奥秘的控制权。,fireplace/cards/gvg/neutral_rare.py:8
17.6.0.53261,Goblins vs Gnomes (GVG),GVG_075,Ship's Cannon,船载火炮,Random effects|Summon|Trigger,YELLOW,implemented,partial,"本轮定向实测观测：cannon=GVG_075; enemy_deltas=[0, 2]；未决点：召唤海盗后一次随机命中造成2伤；尚未跨种子观察另一敌方随从或敌方英雄作为受击对象。",card_mechanism.csv#GVG_075; generic-play-smoke:played; per-card: reports/card_quality_full_2026-09-27/gvg_probe.csv#GVG_075_pirate_summon,聚合状态取该卡最差机制；普通烟测只证明可执行，不能单独构成 GREEN。 Ship's Cannon; direct evidence=GVG_075_pirate_summon; source=fireplace/cards/gvg/neutral_common.py:50,"[x]After you summon a Pirate, deal 2 damage to a random enemy.",在你召唤一个海盗后，随机对一个敌人造成2点伤害。,fireplace/cards/gvg/neutral_common.py:50
17.6.0.53261,Goblins vs Gnomes (GVG),GVG_076,Explosive Sheep,自爆绵羊,Deathrattle,GREEN,implemented,yes,"本轮定向实测已通过，观测：sheep=4; low_health_zones=4/4; survivor_health=5/5; survivor_before=(7, 7); survivor_damage=2/2; heroes=30/30; remaining_friendly=['CS2_200']；本卡完整机制范围已在对应用例覆盖。",card_mechanism.csv#GVG_076; generic-play-smoke:played; effect-evidence: reports/card_quality_full_2026-09-27/gvg_probe.csv#GVG_076_deathrattle_all_minions_and_simultaneous_death; reports/card_quality_full_2026-09-27/gvg_probe.csv#existing_test_naxxramas_test_reincarnate_explosive_sheep; per-card: reports/card_quality_full_2026-09-27/gvg_probe.csv#GVG_076_deathrattle_all_minions_and_simultaneous_death; reports/card_quality_full_2026-09-27/gvg_probe.csv#existing_test_naxxramas_test_reincarnate_explosive_sheep,聚合状态取该卡最差机制；普通烟测只证明可执行，不能单独构成 GREEN。 Explosive Sheep; direct evidence=GVG_076_deathrattle_all_minions_and_simultaneous_death; source=fireplace/cards/gvg/neutral_common.py:56,Deathrattle: Deal 2 damage to all minions.,亡语：对所有随从造成2点伤害。,fireplace/cards/gvg/neutral_common.py:56
17.6.0.53261,Goblins vs Gnomes (GVG),GVG_077,Anima Golem,心能魔像,Trigger,GREEN,implemented,yes,本轮定向实测已通过，观测：alone=4; with_ally=1; ally=1; initial_board_golem=1；本卡完整机制范围已在对应用例覆盖。,card_mechanism.csv#GVG_077; generic-play-smoke:played; effect-evidence: reports/card_quality_full_2026-09-27/gvg_probe.csv#GVG_077_end_turn_only_minion_condition; reports/card_quality_full_2026-09-27/gvg_probe.csv#existing_test_gvg_test_anima_golem; per-card: reports/card_quality_full_2026-09-27/gvg_probe.csv#GVG_077_end_turn_only_minion_condition; reports/card_quality_full_2026-09-27/gvg_probe.csv#existing_test_gvg_test_anima_golem,聚合状态取该卡最差机制；普通烟测只证明可执行，不能单独构成 GREEN。 Anima Golem; direct evidence=GVG_077_end_turn_only_minion_condition; source=fireplace/cards/gvg/warlock.py:26,"At the end of each turn, destroy this minion if it's your only one.",在每个回合结束时，如果该随从是你唯一的随从，则消灭 该随从。,fireplace/cards/gvg/warlock.py:26
17.6.0.53261,Goblins vs Gnomes (GVG),GVG_078,Mechanical Yeti,机械雪人,Deathrattle|Random effects,YELLOW,implemented,partial,本轮定向实测观测：friendly_parts_added=1; enemy_parts_added=1; source=4；未决点：确认死亡后双方各获得1张备件；每侧本轮都只采到一个随机备件身份，备件池其他结果未覆盖。,card_mechanism.csv#GVG_078; generic-play-smoke:played; per-card: reports/card_quality_full_2026-09-27/gvg_probe.csv#GVG_078_deathrattle_both_players_spare_parts,聚合状态取该卡最差机制；普通烟测只证明可执行，不能单独构成 GREEN。 Mechanical Yeti; direct evidence=GVG_078_deathrattle_both_players_spare_parts; source=fireplace/cards/gvg/neutral_common.py:62,Deathrattle: Give each player a Spare Part.,亡语：使每个玩家获得一个零件。,fireplace/cards/gvg/neutral_common.py:62
17.6.0.53261,Goblins vs Gnomes (GVG),GVG_079,Force-Tank MAX,强袭坦克,Divine Shield,GREEN,implemented,yes,本轮定向实测已通过，观测：shield=1; stats=7/7；本卡完整机制范围已在对应用例覆盖。,card_mechanism.csv#GVG_079; generic-play-smoke:played; effect-evidence: reports/card_quality_full_2026-09-27/gvg_probe.csv#GVG_079_divine_shield; per-card: reports/card_quality_full_2026-09-27/gvg_probe.csv#GVG_079_divine_shield,聚合状态取该卡最差机制；普通烟测只证明可执行，不能单独构成 GREEN。 Force-Tank MAX; direct evidence=GVG_079_divine_shield; source=CardDefs.xml,Divine Shield,圣盾,
17.6.0.53261,Goblins vs Gnomes (GVG),GVG_080,Druid of the Fang,尖牙德鲁伊,Battlecry|Transform,GREEN,implemented,yes,"本轮定向实测已通过，观测：beast=None; played=('GVG_080', 4, 4, <Zone.PLAY: 1>); final=('GVG_080', 4, 4, <Zone.PLAY: 1>); board=['GVG_080']；本卡完整机制范围已在对应用例覆盖。",card_mechanism.csv#GVG_080; generic-play-smoke:played; effect-evidence: reports/card_quality_full_2026-09-27/gvg_probe.csv#GVG_080_no_beast_stays_base; reports/card_quality_full_2026-09-27/gvg_probe.csv#GVG_080_beast_transforms_to_7_7; reports/card_quality_full_2026-09-27/gvg_probe.csv#existing_test_gvg_test_druid_of_the_fang; per-card: reports/card_quality_full_2026-09-27/gvg_probe.csv#GVG_080_no_beast_stays_base; reports/card_quality_full_2026-09-27/gvg_probe.csv#GVG_080_beast_transforms_to_7_7; reports/card_quality_full_2026-09-27/gvg_probe.csv#existing_test_gvg_test_druid_of_the_fang,聚合状态取该卡最差机制；普通烟测只证明可执行，不能单独构成 GREEN。 Druid of the Fang; direct evidence=GVG_080_no_beast_stays_base; GVG_080_beast_transforms_to_7_7; source=fireplace/cards/gvg/druid.py:56,"Battlecry: If you have a Beast, transform this minion into a 7/7.",战吼：如果你控制任何野兽，将该随从变形成为7/7。,fireplace/cards/gvg/druid.py:56
17.6.0.53261,Goblins vs Gnomes (GVG),GVG_081,Gilblin Stalker,海地精猎手,Stealth,GREEN,implemented,yes,本轮定向实测已通过，观测：stealth_tag=1; stats=2/3；本卡完整机制范围已在对应用例覆盖。,card_mechanism.csv#GVG_081; generic-play-smoke:played; effect-evidence: reports/card_quality_full_2026-09-27/gvg_probe.csv#GVG_081_stealth; per-card: reports/card_quality_full_2026-09-27/gvg_probe.csv#GVG_081_stealth,聚合状态取该卡最差机制；普通烟测只证明可执行，不能单独构成 GREEN。 Gilblin Stalker; direct evidence=GVG_081_stealth; source=CardDefs.xml,Stealth,潜行,
17.6.0.53261,Goblins vs Gnomes (GVG),GVG_082,Clockwork Gnome,发条侏儒,Deathrattle|Random effects,YELLOW,implemented,partial,本轮定向实测观测：gnome=4; spare_parts=['PART_007']; before_count=0；未决点：确认Clockwork Gnome死亡加入1张备件；随机备件身份只采到PART_007，其他备件结果未抽样。,card_mechanism.csv#GVG_082; generic-play-smoke:played; per-card: reports/card_quality_full_2026-09-27/gvg_probe.csv#GVG_082_deathrattle_spare_part; reports/card_quality_full_2026-09-27/gvg_probe.csv#existing_test_gvg_test_goblin_blastmage; reports/card_quality_full_2026-09-27/gvg_probe.csv#existing_test_gvg_test_mechwarper,聚合状态取该卡最差机制；普通烟测只证明可执行，不能单独构成 GREEN。 Clockwork Gnome; direct evidence=GVG_082_deathrattle_spare_part; source=fireplace/cards/gvg/neutral_common.py:68,Deathrattle: Add a Spare Part card to your hand.,亡语：将一张零件牌置入你的手牌。,fireplace/cards/gvg/neutral_common.py:68
17.6.0.53261,Goblins vs Gnomes (GVG),GVG_083,Upgraded Repair Bot,高级修理机器人,Battlecry|Targeting,GREEN,implemented,yes,"本轮定向实测已通过，观测：legal_targets=['GVG_082']; target_gate=True; before=(1, 1); mech=2/5; friendly_nonmech=1/1; enemy_mech=2/1；本卡完整机制范围已在对应用例覆盖。",card_mechanism.csv#GVG_083; generic-play-smoke:played; effect-evidence: reports/card_quality_full_2026-09-27/gvg_probe.csv#GVG_083_mech_target_gate_and_health_buff; per-card: reports/card_quality_full_2026-09-27/gvg_probe.csv#GVG_083_mech_target_gate_and_health_buff,聚合状态取该卡最差机制；普通烟测只证明可执行，不能单独构成 GREEN。 Upgraded Repair Bot; direct evidence=GVG_083_mech_target_gate_and_health_buff; source=fireplace/cards/gvg/priest.py:41,Battlecry: Give a friendly Mech +4 Health.,战吼：使一个友方机械获得+4生命值。,fireplace/cards/gvg/priest.py:41
17.6.0.53261,Goblins vs Gnomes (GVG),GVG_084,Flying Machine,飞行器,Windfury,GREEN,implemented,yes,本轮定向实测已通过，观测：windfury=1; target=1/1; flyer=1/4; can_attack_again=True；本卡完整机制范围已在对应用例覆盖。,card_mechanism.csv#GVG_084; generic-play-smoke:played; effect-evidence: reports/card_quality_full_2026-09-27/gvg_probe.csv#GVG_084_windfury; per-card: reports/card_quality_full_2026-09-27/gvg_probe.csv#GVG_084_windfury,聚合状态取该卡最差机制；普通烟测只证明可执行，不能单独构成 GREEN。 Flying Machine; direct evidence=GVG_084_windfury; source=CardDefs.xml,Windfury,风怒,
17.6.0.53261,Goblins vs Gnomes (GVG),GVG_085,Annoy-o-Tron,吵吵机器人,Divine Shield|Taunt,GREEN,implemented,yes,本轮定向实测已通过，观测：taunt=1; shield=1；本卡完整机制范围已在对应用例覆盖。,card_mechanism.csv#GVG_085; generic-play-smoke:played; effect-evidence: reports/card_quality_full_2026-09-27/gvg_probe.csv#GVG_085_taunt_shield; per-card: reports/card_quality_full_2026-09-27/gvg_probe.csv#GVG_085_taunt_shield,聚合状态取该卡最差机制；普通烟测只证明可执行，不能单独构成 GREEN。 Annoy-o-Tron; direct evidence=GVG_085_taunt_shield; source=CardDefs.xml,Taunt Divine Shield,嘲讽，圣盾,
17.6.0.53261,Goblins vs Gnomes (GVG),GVG_086,Siege Engine,重型攻城战车,Trigger,GREEN,implemented,yes,本轮定向实测已通过，观测：warrior=HERO_01; power_gain=2 armor/5->6 atk; shield_block=5 armor/2->7 armor/6->7 atk; enemy_gain=2 armor; final_attack=7; engine=1；本卡完整机制范围已在对应用例覆盖。,card_mechanism.csv#GVG_086; generic-play-smoke:played; effect-evidence: reports/card_quality_full_2026-09-27/gvg_probe.csv#GVG_086_armor_gain_trigger_and_noncontroller_exclusion; reports/card_quality_full_2026-09-27/gvg_probe.csv#existing_test_gvg_test_siege_engine; per-card: reports/card_quality_full_2026-09-27/gvg_probe.csv#GVG_086_armor_gain_trigger_and_noncontroller_exclusion; reports/card_quality_full_2026-09-27/gvg_probe.csv#existing_test_gvg_test_siege_engine,聚合状态取该卡最差机制；普通烟测只证明可执行，不能单独构成 GREEN。 Siege Engine; direct evidence=GVG_086_armor_gain_trigger_and_noncontroller_exclusion; source=fireplace/cards/gvg/warrior.py:51,"Whenever you gain Armor, give this minion +1 Attack.",每当你获得护甲，该随从便获得 +1攻击力。,fireplace/cards/gvg/warrior.py:51
17.6.0.53261,Goblins vs Gnomes (GVG),GVG_087,Steamwheedle Sniper,热砂港狙击手,Continuous effect / Update|Targeting,GREEN,implemented,yes,热砂港狙击手入场前稳固射击不能选敌方随从，入场后可选并实际造成2伤；死亡或沉默后目标能力移除。,tests/test_gvg_red_rogue_hunter.py::test_steamwheedle_sniper_enables_and_reverts_steady_shot_minion_targeting; tests/test_gvg_red_rogue_hunter.py::test_steamwheedle_sniper_silence_removes_targeting_aura,原始RED结论保留于known_issues_archive_2026-09-29/。 光环改为刷新己方英雄技能实体。,Your Hero Power can target minions.,你的英雄技能能够以随从为目标。,fireplace/cards/gvg/hunter.py:36
17.6.0.53261,Goblins vs Gnomes (GVG),GVG_088,Ogre Ninja,食人魔忍者,Stealth|Trigger,GREEN,implemented,yes,"本轮定向实测已通过，观测：stealth=True; stats=6/6; direct=18; redirected=14; samples=[(False, True), (True, False), (True, False), (True, False), (True, False), (False, True), (True, False), (False, True), (True, False), (False, True), (True, False), (False, True), (False, True), (False, True), (True, False), (True, False), (False, True), (False, True), (True, False), (True, False), (True, False), (True, False), (True, False), (False, True), (False, True), (False, True), (True, False), (False, True), (True, False), (True, False), (False, True), (True, False)]；本卡完整机制范围已在对应用例覆盖。",card_mechanism.csv#GVG_088; generic-play-smoke:played; effect-evidence: reports/card_quality_full_2026-09-27/gvg_probe.csv#GVG_088_stealth_forgetful_combat; per-card: reports/card_quality_full_2026-09-27/gvg_probe.csv#GVG_088_stealth_forgetful_combat,聚合状态取该卡最差机制；普通烟测只证明可执行，不能单独构成 GREEN。 Ogre Ninja; direct evidence=GVG_088_stealth_forgetful_combat; source=fireplace/cards/gvg/rogue.py:44,Stealth 50% chance to attack the wrong enemy.,潜行，50%几率攻击错误的敌人。,fireplace/cards/gvg/rogue.py:44
17.6.0.53261,Goblins vs Gnomes (GVG),GVG_089,Illuminator,明光祭司,Trigger,GREEN,implemented,yes,本轮定向实测已通过，观测：secret_count=1; hero_health=29；本卡完整机制范围已在对应用例覆盖。,card_mechanism.csv#GVG_089; generic-play-smoke:played; effect-evidence: reports/card_quality_full_2026-09-27/gvg_probe.csv#GVG_089_secret_end_turn_heal; per-card: reports/card_quality_full_2026-09-27/gvg_probe.csv#GVG_089_secret_end_turn_heal,聚合状态取该卡最差机制；普通烟测只证明可执行，不能单独构成 GREEN。 Illuminator; direct evidence=GVG_089_secret_end_turn_heal; source=fireplace/cards/gvg/neutral_rare.py:14,"If you control a Secret at the end of your turn, restore #4 Health to your hero.",如果在你的回合结束时，你控制一个奥秘，则为你的英雄恢复#4点生命值。,fireplace/cards/gvg/neutral_rare.py:14
17.6.0.53261,Goblins vs Gnomes (GVG),GVG_090,Madder Bomber,疯狂爆破者,Battlecry|Random effects,YELLOW,implemented,partial,本轮定向实测观测：total_damage=6; bomber_health=4; heroes=27/27；未决点：本轮只有双方英雄可分摊6点伤害，未放入其他随从；随机拆分到友方/敌方随从的分支尚未覆盖。,card_mechanism.csv#GVG_090; generic-play-smoke:played; per-card: reports/card_quality_full_2026-09-27/gvg_probe.csv#GVG_090_six_random_damage_points,聚合状态取该卡最差机制；普通烟测只证明可执行，不能单独构成 GREEN。 Madder Bomber; direct evidence=GVG_090_six_random_damage_points; source=fireplace/cards/gvg/neutral_common.py:74,Battlecry: Deal 6 damage randomly split between all other characters.,战吼：造成6点伤害，随机分配到所有其他角色身上。,fireplace/cards/gvg/neutral_common.py:74
17.6.0.53261,Goblins vs Gnomes (GVG),GVG_091,Arcane Nullifier X-21,施法者克星X-21,Taunt|Untargetable,GREEN,implemented,yes,本轮定向实测已通过，观测：taunt=1; cant_target=1；本卡完整机制范围已在对应用例覆盖。,card_mechanism.csv#GVG_091; generic-play-smoke:played; effect-evidence: reports/card_quality_full_2026-09-27/gvg_probe.csv#GVG_091_taunt_untargetable; per-card: reports/card_quality_full_2026-09-27/gvg_probe.csv#GVG_091_taunt_untargetable,聚合状态取该卡最差机制；普通烟测只证明可执行，不能单独构成 GREEN。 Arcane Nullifier X-21; direct evidence=GVG_091_taunt_untargetable; source=CardDefs.xml,Taunt Can't be targeted by spells or Hero Powers.,嘲讽，无法成为法术或英雄技能的目标。,
17.6.0.53261,Goblins vs Gnomes (GVG),GVG_092,Gnomish Experimenter,侏儒实验技师,Battlecry|Draw / Discard|Transform,GREEN,implemented,yes,本轮逐卡行为断言通过：minion_draw_chicken=drawn_original=SETASIDE;hand=['GVG_092t'];chicken=1;source=PLAY; spell_draw_unchanged=drawn=CS2_029/HAND;hand=['CS2_029'],card_mechanism.csv#GVG_092; generic-play-smoke:played; effect-evidence: reports/card_quality_full_2026-09-27/gvg_probe.csv#minion_draw_chicken; reports/card_quality_full_2026-09-27/gvg_probe.csv#spell_draw_unchanged; per-card: reports/card_quality_full_2026-09-27/gvg_probe.csv#minion_draw_chicken; reports/card_quality_full_2026-09-27/gvg_probe.csv#spell_draw_unchanged,"聚合状态取该卡最差机制；普通烟测只证明可执行，不能单独构成 GREEN。 2 new live cases; EN/ZH text, source, prior audit and existing refs preserved in probe notes.","Battlecry: Draw a card. If it's a minion, transform it into a Chicken.",战吼： 抽一张牌，如果该牌是随从牌，则将其变形成为一只小鸡。,fireplace/cards/gvg/neutral_epic.py:14
17.6.0.53261,Goblins vs Gnomes (GVG),GVG_093,Target Dummy,活动假人,Taunt,GREEN,implemented,yes,本轮定向实测已通过，观测：taunt=1; stats=0/2；本卡完整机制范围已在对应用例覆盖。,card_mechanism.csv#GVG_093; generic-play-smoke:played; effect-evidence: reports/card_quality_full_2026-09-27/gvg_probe.csv#GVG_093_taunt; per-card: reports/card_quality_full_2026-09-27/gvg_probe.csv#GVG_093_taunt,聚合状态取该卡最差机制；普通烟测只证明可执行，不能单独构成 GREEN。 Target Dummy; direct evidence=GVG_093_taunt; source=CardDefs.xml,Taunt,嘲讽,
17.6.0.53261,Goblins vs Gnomes (GVG),GVG_094,Jeeves,基维斯,Trigger,GREEN,implemented,yes,"本轮逐卡行为断言通过：both_turn_ends_draw_to_three=after_owner_turn=(3, 1);after_opponent_turn=(3, 3);jeeves=PLAY",card_mechanism.csv#GVG_094; generic-play-smoke:played; effect-evidence: reports/card_quality_full_2026-09-27/gvg_probe.csv#both_turn_ends_draw_to_three; per-card: reports/card_quality_full_2026-09-27/gvg_probe.csv#both_turn_ends_draw_to_three,"聚合状态取该卡最差机制；普通烟测只证明可执行，不能单独构成 GREEN。 1 new live cases; EN/ZH text, source, prior audit and existing refs preserved in probe notes.","At the end of each player's turn, that player draws until they have 3 cards.",在每个玩家的回合结束时，该玩家抽若干牌，直至其手牌数量达到3张。,fireplace/cards/gvg/neutral_rare.py:20
17.6.0.53261,Goblins vs Gnomes (GVG),GVG_095,Goblin Sapper,地精工兵,Continuous effect / Update,GREEN,implemented,yes,本轮定向实测已通过，观测：base=2; six_cards=6; zero_cards=2；本卡完整机制范围已在对应用例覆盖。,card_mechanism.csv#GVG_095; generic-play-smoke:played; effect-evidence: reports/card_quality_full_2026-09-27/gvg_probe.csv#GVG_095_opponent_hand_threshold; per-card: reports/card_quality_full_2026-09-27/gvg_probe.csv#GVG_095_opponent_hand_threshold,聚合状态取该卡最差机制；普通烟测只证明可执行，不能单独构成 GREEN。 Goblin Sapper; direct evidence=GVG_095_opponent_hand_threshold; source=fireplace/cards/gvg/neutral_rare.py:26,Has +4 Attack while your opponent has 6 or more cards in hand.,如果你对手的手牌数量大于或等于6张，便具有+4攻击力。,fireplace/cards/gvg/neutral_rare.py:26
17.6.0.53261,Goblins vs Gnomes (GVG),GVG_096,Piloted Shredder,载人收割机,Deathrattle|Random effects|Summon,YELLOW,implemented,partial,"本轮定向实测观测：spawn=('UNG_926', 2); graveyard=['GVG_096']；未决点：死亡后召唤出的随机随从符合2费，但只采样一个身份；其他2费随机候选尚未覆盖。",card_mechanism.csv#GVG_096; generic-play-smoke:played; per-card: reports/card_quality_full_2026-09-27/gvg_probe.csv#GVG_096_random_two_cost_deathrattle,聚合状态取该卡最差机制；普通烟测只证明可执行，不能单独构成 GREEN。 Piloted Shredder; direct evidence=GVG_096_random_two_cost_deathrattle; source=fireplace/cards/gvg/neutral_common.py:80,Deathrattle: Summon a random 2-Cost minion.,亡语：随机召唤一个法力值消耗为（2）的随从。,fireplace/cards/gvg/neutral_common.py:80
17.6.0.53261,Goblins vs Gnomes (GVG),GVG_097,Lil' Exorcist,小个子驱魔者,Battlecry|Taunt,GREEN,implemented,yes,本轮逐卡行为断言通过：enemy_deathrattles_only=enemy_deathrattle=2;own_deathrattle=EX1_029;stats=4/5;base=2/3;taunt=1,card_mechanism.csv#GVG_097; generic-play-smoke:played; effect-evidence: reports/card_quality_full_2026-09-27/gvg_probe.csv#enemy_deathrattles_only; per-card: reports/card_quality_full_2026-09-27/gvg_probe.csv#enemy_deathrattles_only,"聚合状态取该卡最差机制；普通烟测只证明可执行，不能单独构成 GREEN。 1 new live cases; EN/ZH text, source, prior audit and existing refs preserved in probe notes.",Taunt Battlecry: Gain +1/+1 for each enemy Deathrattle minion.,嘲讽，战吼：每有一个具有亡语的敌方随从，便获得+1/+1。,fireplace/cards/gvg/neutral_rare.py:32
17.6.0.53261,Goblins vs Gnomes (GVG),GVG_098,Gnomeregan Infantry,诺莫瑞根步兵,Charge|Taunt,GREEN,implemented,yes,本轮定向实测已通过，观测：charge=1; taunt=1; can_attack=True；本卡完整机制范围已在对应用例覆盖。,card_mechanism.csv#GVG_098; generic-play-smoke:played; effect-evidence: reports/card_quality_full_2026-09-27/gvg_probe.csv#GVG_098_charge_taunt; per-card: reports/card_quality_full_2026-09-27/gvg_probe.csv#GVG_098_charge_taunt,聚合状态取该卡最差机制；普通烟测只证明可执行，不能单独构成 GREEN。 Gnomeregan Infantry; direct evidence=GVG_098_charge_taunt; source=CardDefs.xml,Charge Taunt,冲锋，嘲讽,
17.6.0.53261,Goblins vs Gnomes (GVG),GVG_099,Bomb Lobber,榴弹投手,Battlecry|Random effects,GREEN,implemented,yes,"本轮逐卡行为断言通过：single_enemy_four_damage=target_damage=4;zone=PLAY;lobber=PLAY;hero_health=30; random_enemy_minion_domain=16_seeded_winners=[0, 1]",card_mechanism.csv#GVG_099; generic-play-smoke:played; effect-evidence: reports/card_quality_full_2026-09-27/gvg_probe.csv#single_enemy_four_damage; reports/card_quality_full_2026-09-27/gvg_probe.csv#random_enemy_minion_domain; per-card: reports/card_quality_full_2026-09-27/gvg_probe.csv#single_enemy_four_damage; reports/card_quality_full_2026-09-27/gvg_probe.csv#random_enemy_minion_domain,"聚合状态取该卡最差机制；普通烟测只证明可执行，不能单独构成 GREEN。 2 new live cases; EN/ZH text, source, prior audit and existing refs preserved in probe notes.",Battlecry: Deal 4 damage to a random enemy minion.,战吼：随机对一个敌方随从造成4点伤害。,fireplace/cards/gvg/neutral_rare.py:42
17.6.0.53261,Goblins vs Gnomes (GVG),GVG_100,Floating Watcher,漂浮观察者,Trigger,GREEN,implemented,yes,"本轮逐卡行为断言通过：own_turn_hero_damage_buffs=own_turn_hero_damage=2;before=(4, 4);after=6/6; opponent_turn_hero_damage_no_buff=opponent_turn_hero_damage=2;before=(4, 4);after=4/4",card_mechanism.csv#GVG_100; generic-play-smoke:played; effect-evidence: reports/card_quality_full_2026-09-27/gvg_probe.csv#own_turn_hero_damage_buffs; reports/card_quality_full_2026-09-27/gvg_probe.csv#opponent_turn_hero_damage_no_buff; per-card: reports/card_quality_full_2026-09-27/gvg_probe.csv#own_turn_hero_damage_buffs; reports/card_quality_full_2026-09-27/gvg_probe.csv#opponent_turn_hero_damage_no_buff,"聚合状态取该卡最差机制；普通烟测只证明可执行，不能单独构成 GREEN。 2 new live cases; EN/ZH text, source, prior audit and existing refs preserved in probe notes.","Whenever your hero takes damage on your turn, gain +2/+2.",每当你的英雄在你的回合受到伤害，便获得+2/+2。,fireplace/cards/gvg/warlock.py:32
17.6.0.53261,Goblins vs Gnomes (GVG),GVG_101,Scarlet Purifier,血色净化者,Battlecry,GREEN,implemented,yes,本轮定向实测已通过，观测：friendly_deathrattle=4/1; enemy_deathrattle=1/3/2; non_deathrattle=1/1/0；本卡完整机制范围已在对应用例覆盖。,card_mechanism.csv#GVG_101; generic-play-smoke:played; effect-evidence: reports/card_quality_full_2026-09-27/gvg_probe.csv#GVG_101_deathrattle_minions_take_damage; per-card: reports/card_quality_full_2026-09-27/gvg_probe.csv#GVG_101_deathrattle_minions_take_damage,聚合状态取该卡最差机制；普通烟测只证明可执行，不能单独构成 GREEN。 Scarlet Purifier; direct evidence=GVG_101_deathrattle_minions_take_damage; source=fireplace/cards/gvg/paladin.py:33,Battlecry: Deal 2 damage to all minions with Deathrattle.,战吼： 对所有具有亡语的随从造成2点伤害。,fireplace/cards/gvg/paladin.py:33
17.6.0.53261,Goblins vs Gnomes (GVG),GVG_102,Tinkertown Technician,工匠镇技师,Battlecry|Random effects,GREEN,implemented,yes,"本轮逐卡行为断言通过：with_mech_stats_and_part=stats=4/4;base=3/3;added=[('PART_007', True, 'HAND')]; without_mech_no_bonus=stats=3/3;base=3/3;hand=[]",card_mechanism.csv#GVG_102; generic-play-smoke:played; effect-evidence: reports/card_quality_full_2026-09-27/gvg_probe.csv#with_mech_stats_and_part; reports/card_quality_full_2026-09-27/gvg_probe.csv#without_mech_no_bonus; per-card: reports/card_quality_full_2026-09-27/gvg_probe.csv#with_mech_stats_and_part; reports/card_quality_full_2026-09-27/gvg_probe.csv#without_mech_no_bonus,"聚合状态取该卡最差机制；普通烟测只证明可执行，不能单独构成 GREEN。 2 new live cases; EN/ZH text, source, prior audit and existing refs preserved in probe notes.","Battlecry: If you have a Mech, gain +1/+1 and add a Spare Part to your hand.",战吼：如果你控制一个机械，便获得+1/+1并将一张零件牌置入你的手牌。,fireplace/cards/gvg/neutral_common.py:86
17.6.0.53261,Goblins vs Gnomes (GVG),GVG_103,Micro Machine,微型战斗机甲,Trigger,GREEN,implemented,yes,本轮逐卡行为断言通过：both_turn_starts_gain_attack=attack=1->2->3;health=2,card_mechanism.csv#GVG_103; generic-play-smoke:played; effect-evidence: reports/card_quality_full_2026-09-27/gvg_probe.csv#both_turn_starts_gain_attack; per-card: reports/card_quality_full_2026-09-27/gvg_probe.csv#both_turn_starts_gain_attack,"聚合状态取该卡最差机制；普通烟测只证明可执行，不能单独构成 GREEN。 1 new live cases; EN/ZH text, source, prior audit and existing refs preserved in probe notes.","At the start of each turn, gain +1 Attack.",在每个回合开始时，获得+1攻击力。,fireplace/cards/gvg/neutral_common.py:96
17.6.0.53261,Goblins vs Gnomes (GVG),GVG_104,Hobgoblin,大胖,Trigger,GREEN,implemented,yes,"本轮逐卡行为断言通过：one_attack_only=wisp=3/3,base=1/1;yeti=4/5,base=4/5;hob=PLAY",card_mechanism.csv#GVG_104; generic-play-smoke:played; effect-evidence: reports/card_quality_full_2026-09-27/gvg_probe.csv#one_attack_only; per-card: reports/card_quality_full_2026-09-27/gvg_probe.csv#one_attack_only,"聚合状态取该卡最差机制；普通烟测只证明可执行，不能单独构成 GREEN。 1 new live cases; EN/ZH text, source, prior audit and existing refs preserved in probe notes.","Whenever you play a 1-Attack minion, give it +2/+2.",每当你使用一张攻击力为1的随从牌，便使该牌所召唤的随从获得+2/+2。,fireplace/cards/gvg/neutral_epic.py:22
17.6.0.53261,Goblins vs Gnomes (GVG),GVG_105,Piloted Sky Golem,载人飞天魔像,Deathrattle|Random effects|Summon,YELLOW,implemented,partial,"本轮定向实测观测：spawn=('ULD_198', 4); source_zone=4；未决点：死亡后召唤出的随机随从符合4费，但只采样一个身份；其他4费随机候选尚未覆盖。",card_mechanism.csv#GVG_105; generic-play-smoke:played; per-card: reports/card_quality_full_2026-09-27/gvg_probe.csv#GVG_105_random_four_cost_deathrattle,聚合状态取该卡最差机制；普通烟测只证明可执行，不能单独构成 GREEN。 Piloted Sky Golem; direct evidence=GVG_105_random_four_cost_deathrattle; source=fireplace/cards/gvg/neutral_epic.py:31,Deathrattle: Summon a random 4-Cost minion.,亡语：随机召唤一个法力值消耗为（4）的随从。,fireplace/cards/gvg/neutral_epic.py:31
17.6.0.53261,Goblins vs Gnomes (GVG),GVG_106,Junkbot,回收机器人,Trigger,GREEN,implemented,yes,"本轮定向实测已通过，观测：before=(1, 5); after=3/7; source=4；本卡完整机制范围已在对应用例覆盖。",card_mechanism.csv#GVG_106; generic-play-smoke:played; effect-evidence: reports/card_quality_full_2026-09-27/gvg_probe.csv#GVG_106_friendly_mech_death; per-card: reports/card_quality_full_2026-09-27/gvg_probe.csv#GVG_106_friendly_mech_death,聚合状态取该卡最差机制；普通烟测只证明可执行，不能单独构成 GREEN。 Junkbot; direct evidence=GVG_106_friendly_mech_death; source=fireplace/cards/gvg/neutral_epic.py:37,"Whenever a friendly Mech dies, gain +2/+2.",每当一个友方机械死亡，便获得+2/+2。,fireplace/cards/gvg/neutral_epic.py:37
17.6.0.53261,Goblins vs Gnomes (GVG),GVG_107,Enhance-o Mechano,强化机器人,Battlecry|Random effects,YELLOW,implemented,partial,"本轮定向实测观测：keywords=[(False, False, True), (True, False, False), (False, False, True), (True, False, False)]；未决点：4个随从都只获得一个关键词，但样本只出现圣盾与风怒；随机嘲讽分支尚未出现。",card_mechanism.csv#GVG_107; generic-play-smoke:played; per-card: reports/card_quality_full_2026-09-27/gvg_probe.csv#GVG_107_random_keyword_assignment,聚合状态取该卡最差机制；普通烟测只证明可执行，不能单独构成 GREEN。 Enhance-o Mechano; direct evidence=GVG_107_random_keyword_assignment; source=fireplace/cards/gvg/neutral_epic.py:46,"Battlecry: Give your other minions Windfury, Taunt, or Divine Shield (at random).",战吼：随机使你的其他随从分别获得风怒，嘲讽，或者圣盾效果中的一种。,fireplace/cards/gvg/neutral_epic.py:46
17.6.0.53261,Goblins vs Gnomes (GVG),GVG_108,Recombobulator,侏儒变形师,Battlecry|Random effects|Targeting|Transform,GREEN,implemented,yes,"本轮逐卡行为断言通过：friendly_same_cost_transform=16_seeded_same_cost_replacements=['ULD_207', 'EX1_186', 'AT_093', 'CS2_119', 'UNG_065', 'TRL_092', 'LOOT_018', 'NEW1_011', 'CFM_715', 'LOOT_193', 'GIL_510', 'TRL_525', 'BOT_555', 'EX1_025', 'CFM_809', 'DRG_071'];distinct=16;enemy_target_excluded=True; no_target_enters_normally=source=PLAY;board=['GVG_108']",card_mechanism.csv#GVG_108; generic-play-smoke:played; effect-evidence: reports/card_quality_full_2026-09-27/gvg_probe.csv#friendly_same_cost_transform; reports/card_quality_full_2026-09-27/gvg_probe.csv#no_target_enters_normally; per-card: reports/card_quality_full_2026-09-27/gvg_probe.csv#friendly_same_cost_transform; reports/card_quality_full_2026-09-27/gvg_probe.csv#no_target_enters_normally,"聚合状态取该卡最差机制；普通烟测只证明可执行，不能单独构成 GREEN。 2 new live cases; EN/ZH text, source, prior audit and existing refs preserved in probe notes.",Battlecry: Transform a friendly minion into a random minion with the same Cost.,战吼： 将一个友方随从随机变形成为一个法力值消耗相同的随从。,fireplace/cards/gvg/neutral_epic.py:57
17.6.0.53261,Goblins vs Gnomes (GVG),GVG_109,Mini-Mage,小个子法师,Spell Damage|Stealth,GREEN,implemented,yes,本轮定向实测已通过，观测：stealth_tag=1; spellpower=1; enemy_hero_delta=2；本卡完整机制范围已在对应用例覆盖。,card_mechanism.csv#GVG_109; generic-play-smoke:played; effect-evidence: reports/card_quality_full_2026-09-27/gvg_probe.csv#GVG_109_spell_damage_and_stealth; per-card: reports/card_quality_full_2026-09-27/gvg_probe.csv#GVG_109_spell_damage_and_stealth,聚合状态取该卡最差机制；普通烟测只证明可执行，不能单独构成 GREEN。 Mini-Mage; direct evidence=GVG_109_spell_damage_and_stealth; source=CardDefs.xml,Stealth Spell Damage +1,潜行，法术伤害+1,
17.6.0.53261,Goblins vs Gnomes (GVG),GVG_110,Dr. Boom,砰砰博士,Battlecry|Summon,GREEN,implemented,yes,"本轮逐卡行为断言通过：two_one_one_boom_bots=board=[('GVG_110t', 1, 1, 'PLAY'), ('GVG_110', 7, 7, 'PLAY'), ('GVG_110t', 1, 1, 'PLAY')]; boom_bot_deathrattle_damage=bot_zone=GRAVEYARD;enemy_hero_damage=1;enemy_board=[]",card_mechanism.csv#GVG_110; generic-play-smoke:played; effect-evidence: reports/card_quality_full_2026-09-27/gvg_probe.csv#two_one_one_boom_bots; reports/card_quality_full_2026-09-27/gvg_probe.csv#boom_bot_deathrattle_damage; per-card: reports/card_quality_full_2026-09-27/gvg_probe.csv#two_one_one_boom_bots; reports/card_quality_full_2026-09-27/gvg_probe.csv#boom_bot_deathrattle_damage,"聚合状态取该卡最差机制；普通烟测只证明可执行，不能单独构成 GREEN。 2 new live cases; EN/ZH text, source, prior audit and existing refs preserved in probe notes.",Battlecry: Summon two 1/1 Boom Bots. WARNING: Bots may explode.,战吼： 召唤两个1/1的砰砰机器人。警告：该机器人随时可能爆炸。,fireplace/cards/gvg/neutral_legendary.py:8
17.6.0.53261,Goblins vs Gnomes (GVG),GVG_111,Mimiron's Head,米米尔隆的头部,Summon|Trigger,GREEN,implemented,yes,"本轮逐卡行为断言通过：two_mechs_no_formation=mech_count=2;head=PLAY;other=PLAY;formed=0; three_mechs_form_v07tron=head=GRAVEYARD;other_mechs=['GRAVEYARD', 'GRAVEYARD'];formed=[('GVG_111t', 'PLAY', True)]",card_mechanism.csv#GVG_111; generic-play-smoke:played; effect-evidence: reports/card_quality_full_2026-09-27/gvg_probe.csv#two_mechs_no_formation; reports/card_quality_full_2026-09-27/gvg_probe.csv#three_mechs_form_v07tron; per-card: reports/card_quality_full_2026-09-27/gvg_probe.csv#two_mechs_no_formation; reports/card_quality_full_2026-09-27/gvg_probe.csv#three_mechs_form_v07tron,"聚合状态取该卡最差机制；普通烟测只证明可执行，不能单独构成 GREEN。 2 new live cases; EN/ZH text, source, prior audit and existing refs preserved in probe notes.","At the start of your turn, if you have at least 3 Mechs, destroy them all and form V-07-TR-0N.",在你的回合开始时，如果你控制至少三个机械，则消灭这些机械，并将其组合成V-07-TR-0N。,fireplace/cards/gvg/neutral_legendary.py:20
17.6.0.53261,Goblins vs Gnomes (GVG),GVG_112,Mogor the Ogre,食人魔勇士穆戈尔,Trigger,GREEN,implemented,yes,"本轮逐卡行为断言通过：friendly_attack_wrong_enemy_randomness=32_seeded_attack_destinations=['hero', 'minion'];mogor=PLAY; enemy_attack_wrong_enemy_randomness=32_seeded_opponent_attack_destinations=['hero', 'minion']",card_mechanism.csv#GVG_112; generic-play-smoke:played; effect-evidence: reports/card_quality_full_2026-09-27/gvg_probe.csv#friendly_attack_wrong_enemy_randomness; reports/card_quality_full_2026-09-27/gvg_probe.csv#enemy_attack_wrong_enemy_randomness; per-card: reports/card_quality_full_2026-09-27/gvg_probe.csv#friendly_attack_wrong_enemy_randomness; reports/card_quality_full_2026-09-27/gvg_probe.csv#enemy_attack_wrong_enemy_randomness,"聚合状态取该卡最差机制；普通烟测只证明可执行，不能单独构成 GREEN。 2 new live cases; EN/ZH text, source, prior audit and existing refs preserved in probe notes.",All minions have a 50% chance to attack the wrong enemy.,所有随从有50%几率攻击错误的敌人。,fireplace/cards/gvg/neutral_legendary.py:33
17.6.0.53261,Goblins vs Gnomes (GVG),GVG_113,Foe Reaper 4000,死神4000型,Trigger,GREEN,implemented,yes,死神4000型实际攻击中间敌方随从时，中间及左右相邻随从均受到等同本体攻击力的伤害。,tests/test_gvg_red_attack.py::test_gvg_113_foe_reaper_cleaves_the_actual_attack_defender,原始RED结论保留于known_issues_archive_2026-09-29/。 通过共享CLEAVE读取攻击事件的防守者。,Also damages the minions next to whomever it attacks.,同时对其攻击目标相邻的随从造成伤害。,fireplace/cards/gvg/neutral_legendary.py:45
17.6.0.53261,Goblins vs Gnomes (GVG),GVG_114,Sneed's Old Shredder,斯尼德的伐木机,Deathrattle|Random effects|Summon,GREEN,implemented,yes,"本轮逐卡行为断言通过：legendary_deathrattle_pool=16_seeded_legendary_ids=['AT_123', 'BOT_433', 'CFM_344', 'CFM_643', 'CFM_685', 'DAL_726', 'DRG_090', 'DRG_235', 'EX1_116', 'GVG_118', 'ICC_405', 'ICC_858', 'NEW1_038', 'OG_123', 'OG_317', 'TRL_252']",card_mechanism.csv#GVG_114; generic-play-smoke:played; effect-evidence: reports/card_quality_full_2026-09-27/gvg_probe.csv#legendary_deathrattle_pool; per-card: reports/card_quality_full_2026-09-27/gvg_probe.csv#legendary_deathrattle_pool,"聚合状态取该卡最差机制；普通烟测只证明可执行，不能单独构成 GREEN。 1 new live cases; EN/ZH text, source, prior audit and existing refs preserved in probe notes.",Deathrattle: Summon a random Legendary minion.,亡语：随机召唤一个传说随从。,fireplace/cards/gvg/neutral_legendary.py:51
17.6.0.53261,Goblins vs Gnomes (GVG),GVG_115,Toshley,托什雷,Battlecry|Deathrattle|Random effects,YELLOW,implemented,partial,"本轮定向实测观测：parts_added=1,1; source=4；未决点：战吼和亡语各加入1张备件已验证；两次随机结果只采到当前样本身份，备件池多种结果未覆盖。",card_mechanism.csv#GVG_115; generic-play-smoke:played; per-card: reports/card_quality_full_2026-09-27/gvg_probe.csv#GVG_115_battlecry_and_deathrattle,聚合状态取该卡最差机制；普通烟测只证明可执行，不能单独构成 GREEN。 Toshley; direct evidence=GVG_115_battlecry_and_deathrattle; source=fireplace/cards/gvg/neutral_legendary.py:57,Battlecry and Deathrattle: Add a Spare Part card to your hand.,战吼，亡语： 将一张零件牌置入你的手牌。,fireplace/cards/gvg/neutral_legendary.py:57
17.6.0.53261,Goblins vs Gnomes (GVG),GVG_116,Mekgineer Thermaplugg,瑟玛普拉格,Summon|Trigger,GREEN,implemented,yes,"本轮逐卡行为断言通过：enemy_death_summons_leper=enemy=GRAVEYARD;lepers=[('EX1_029', 'PLAY')];engineer=PLAY; friendly_death_no_leper=friendly_dead=GRAVEYARD;lepers=[]",card_mechanism.csv#GVG_116; generic-play-smoke:played; effect-evidence: reports/card_quality_full_2026-09-27/gvg_probe.csv#enemy_death_summons_leper; reports/card_quality_full_2026-09-27/gvg_probe.csv#friendly_death_no_leper; per-card: reports/card_quality_full_2026-09-27/gvg_probe.csv#enemy_death_summons_leper; reports/card_quality_full_2026-09-27/gvg_probe.csv#friendly_death_no_leper,"聚合状态取该卡最差机制；普通烟测只证明可执行，不能单独构成 GREEN。 2 new live cases; EN/ZH text, source, prior audit and existing refs preserved in probe notes.","Whenever an enemy minion dies, summon a Leper Gnome.",每当一个敌方随从死亡，召唤一个 麻风侏儒。,fireplace/cards/gvg/neutral_legendary.py:63
17.6.0.53261,Goblins vs Gnomes (GVG),GVG_117,Gazlowe,加兹鲁维,Random effects|Trigger,GREEN,implemented,yes,"本轮逐卡行为断言通过：one_cost_spell_adds_random_mech=16_seeded_mechs=['BOT_031', 'BOT_059', 'BOT_267', 'BOT_283', 'BOT_509', 'BOT_537', 'BOT_565', 'DAL_770', 'DRG_023', 'DRG_074', 'GIL_809', 'GVG_006', 'GVG_027', 'GVG_085', 'OG_147', 'ULD_217']; zero_cost_spell_no_mech=spell_cost=0;hand_before=0;hand_after=[];source=PLAY; opponent_one_cost_spell_no_mech=opponent_spell_cost=1;owner_hand_before=0;owner_hand_after=[];gazlowe=PLAY",card_mechanism.csv#GVG_117; generic-play-smoke:played; effect-evidence: reports/card_quality_full_2026-09-27/gvg_probe.csv#one_cost_spell_adds_random_mech; reports/card_quality_full_2026-09-27/gvg_probe.csv#zero_cost_spell_no_mech; reports/card_quality_full_2026-09-27/gvg_probe.csv#opponent_one_cost_spell_no_mech; per-card: reports/card_quality_full_2026-09-27/gvg_probe.csv#one_cost_spell_adds_random_mech; reports/card_quality_full_2026-09-27/gvg_probe.csv#zero_cost_spell_no_mech; reports/card_quality_full_2026-09-27/gvg_probe.csv#opponent_one_cost_spell_no_mech,"聚合状态取该卡最差机制；普通烟测只证明可执行，不能单独构成 GREEN。 3 new live cases; EN/ZH text, source, prior audit and existing refs preserved in probe notes.","Whenever you cast a 1-Cost spell, add a random Mech to your hand.",每当你施放一个法力值消耗为（1）的法术，随机将一张机械牌置入你的手牌。,fireplace/cards/gvg/neutral_legendary.py:69
17.6.0.53261,Goblins vs Gnomes (GVG),GVG_118,Troggzor the Earthinator,颤地者特罗格佐尔,Summon|Trigger,GREEN,implemented,yes,"本轮定向实测已通过，观测：troggs=[('GVG_068', <Zone.PLAY: 1>)]; field=['GVG_118', 'GVG_068']；本卡完整机制范围已在对应用例覆盖。",card_mechanism.csv#GVG_118; generic-play-smoke:played; effect-evidence: reports/card_quality_full_2026-09-27/gvg_probe.csv#GVG_118_enemy_spell_summon; per-card: reports/card_quality_full_2026-09-27/gvg_probe.csv#GVG_118_enemy_spell_summon,聚合状态取该卡最差机制；普通烟测只证明可执行，不能单独构成 GREEN。 Troggzor the Earthinator; direct evidence=GVG_118_enemy_spell_summon; source=fireplace/cards/gvg/neutral_legendary.py:75,"Whenever your opponent casts a spell, summon a Burly Rockjaw Trogg.",每当你的对手施放一个法术，召唤一个石腭穴居人壮汉。,fireplace/cards/gvg/neutral_legendary.py:75
17.6.0.53261,Goblins vs Gnomes (GVG),GVG_119,Blingtron 3000,布林顿3000型,Battlecry|Random effects|Summon,GREEN,implemented,yes,"本轮逐卡行为断言通过：weapon_each_player=16_seeded_weapon_pairs=[('TRL_325', 'GIL_672'), ('EX1_366', 'LOOT_044'), ('AT_077', 'EX1_536'), ('CS2_097', 'KAR_063'), ('TRL_360', 'CFM_631'), ('OG_033', 'GVG_036'), ('LOOT_108', 'UNG_061'), ('LOOT_380', 'ULD_430'), ('CS2_080', 'TRL_352'), ('LOOT_209', 'GVG_059'), ('GIL_596', 'EX1_536'), ('TRL_074', 'EX1_536'), ('BT_018', 'TRL_111'), ('EX1_133', 'OG_031'), ('CS2_091', 'GVG_036'), ('DRG_025', 'GVG_036')];distinct_pairs=16",card_mechanism.csv#GVG_119; generic-play-smoke:played; effect-evidence: reports/card_quality_full_2026-09-27/gvg_probe.csv#weapon_each_player; per-card: reports/card_quality_full_2026-09-27/gvg_probe.csv#weapon_each_player,"聚合状态取该卡最差机制；普通烟测只证明可执行，不能单独构成 GREEN。 1 new live cases; EN/ZH text, source, prior audit and existing refs preserved in probe notes.",Battlecry: Equip a random weapon for each player.,战吼：为每个玩家装备一把武器。,fireplace/cards/gvg/neutral_legendary.py:81
17.6.0.53261,Goblins vs Gnomes (GVG),GVG_120,Hemet Nesingwary,赫米特·奈辛瓦里,Battlecry|Targeting,GREEN,implemented,yes,本轮定向实测已通过，观测：target=CS2_172; zone=4; enemy_field=[]；本卡完整机制范围已在对应用例覆盖。,card_mechanism.csv#GVG_120; generic-play-smoke:played; effect-evidence: reports/card_quality_full_2026-09-27/gvg_probe.csv#GVG_120_beast_battlecry_target; per-card: reports/card_quality_full_2026-09-27/gvg_probe.csv#GVG_120_beast_battlecry_target,聚合状态取该卡最差机制；普通烟测只证明可执行，不能单独构成 GREEN。 Hemet Nesingwary; direct evidence=GVG_120_beast_battlecry_target; source=fireplace/cards/gvg/neutral_legendary.py:87,Battlecry: Destroy a Beast.,战吼： 消灭一个野兽。,fireplace/cards/gvg/neutral_legendary.py:87
17.6.0.53261,Goblins vs Gnomes (GVG),GVG_121,Clockwork Giant,发条巨人,Cost modification,GREEN,implemented,yes,"本轮定向实测已通过，观测：starting_enemy_cards=1; costs=11,5,12；本卡完整机制范围已在对应用例覆盖。",card_mechanism.csv#GVG_121; generic-play-smoke:unplayable_in_generic_setup; effect-evidence: reports/card_quality_full_2026-09-27/gvg_probe.csv#GVG_121_opponent_hand_cost; per-card: reports/card_quality_full_2026-09-27/gvg_probe.csv#GVG_121_opponent_hand_cost,聚合状态取该卡最差机制；普通烟测只证明可执行，不能单独构成 GREEN。 Clockwork Giant; direct evidence=GVG_121_opponent_hand_cost; source=fireplace/cards/gvg/neutral_epic.py:68,Costs (1) less for each card in your opponent's hand.,你的对手每有一张手牌，该牌的法力值消耗便减少（1）点。,fireplace/cards/gvg/neutral_epic.py:68
17.6.0.53261,Goblins vs Gnomes (GVG),GVG_122,Wee Spellstopper,小个子扰咒师,Aura|Continuous effect / Update|Untargetable,GREEN,implemented,yes,"本轮逐卡行为断言通过：adjacent_untargetable_aura=spell_blocked=(True, True);spell_far_legal=True;power_blocked=(True, True);power_far_legal=True;spell_restored=(True, True);power_restored=(True, True);stop_zone=GRAVEYARD",card_mechanism.csv#GVG_122; generic-play-smoke:played; effect-evidence: reports/card_quality_full_2026-09-27/gvg_probe.csv#adjacent_untargetable_aura; per-card: reports/card_quality_full_2026-09-27/gvg_probe.csv#adjacent_untargetable_aura,"聚合状态取该卡最差机制；普通烟测只证明可执行，不能单独构成 GREEN。 1 new live cases; EN/ZH text, source, prior audit and existing refs preserved in probe notes.",Adjacent minions can't be targeted by spells or Hero Powers.,相邻的随从 无法成为法术或英雄技能的目标。,fireplace/cards/gvg/neutral_epic.py:74
17.6.0.53261,Goblins vs Gnomes (GVG),GVG_123,Soot Spewer,煤烟喷吐装置,Spell Damage,GREEN,implemented,yes,本轮定向实测已通过，观测：spewer=GVG_123; spellpower=1; enemy_hero_delta=2；本卡完整机制范围已在对应用例覆盖。,card_mechanism.csv#GVG_123; generic-play-smoke:played; effect-evidence: reports/card_quality_full_2026-09-27/gvg_probe.csv#GVG_123_spell_damage; per-card: reports/card_quality_full_2026-09-27/gvg_probe.csv#GVG_123_spell_damage,聚合状态取该卡最差机制；普通烟测只证明可执行，不能单独构成 GREEN。 Soot Spewer; direct evidence=GVG_123_spell_damage; source=CardDefs.xml,Spell Damage +1,法术伤害+1,
17.6.0.53261,Blackrock Mountain (BRM),BRM_001,Solemn Vigil,严正警戒,Cost modification|Draw / Discard|Spell resolution,GREEN,implemented,yes,"通过：death_discount_and_two_draws=deaths=2;cost=3;drawn=['CS2_231', 'CS2_231']",card_mechanism.csv#BRM_001; generic-play-smoke:played; effect-evidence: reports/card_quality_full_2026-09-27/brm_probe.csv#death_discount_and_two_draws; per-card: reports/card_quality_full_2026-09-27/brm_probe.csv#death_discount_and_two_draws,聚合状态取该卡最差机制；普通烟测只证明可执行，不能单独构成 GREEN。 EN=Draw 2 cards. Costs (1) less for each minion that died this turn.; ZH=抽两张牌。在本回合中每有一个随从死亡，该牌的法力值消耗就减少（1）点。; source=fireplace/cards/blackrock/collectible.py:220; existing_tests=tests/test_blackrock.py:439:test_solemn_vigil | tests/test_blackrock.py:443:test_solemn_vigil | tests/test_blackrock.py:463:test_solemn_vigil | tests/test_blackrock.py:464:test_solemn_vigil; old_YELLOW_reason=存在定义或元数据候选；当前没有可复查的该机制核心效果断言。; prior_cross_card_audit=无; key_unverified=未覆盖：空牌库疲劳、满手牌溢出抽牌和回合重置。; audit_scope=只覆盖本CSV所列实际对局断言。,Draw 2 cards. Costs (1) less for each minion that died this turn.,抽两张牌。在本回合中每有一个随从死亡，该牌的法力值消耗就减少（1）点。,fireplace/cards/blackrock/collectible.py:220
17.6.0.53261,Blackrock Mountain (BRM),BRM_002,Flamewaker,火妖,Trigger,GREEN,implemented,yes,火妖在己方施法后分两次各随机命中一个敌方角色；有英雄和随从两个候选时触发总伤害恰为2且友方不受伤；只有敌方英雄时两次均命中英雄。,tests/test_brm_tgt_red_fixes.py::test_flamewaker_splits_exactly_two_random_pings_among_enemies; tests/test_brm_tgt_red_fixes.py::test_flamewaker_hits_the_only_enemy_twice_after_own_spell,原始RED结论保留于known_issues_archive_2026-09-29/。 修复前RED及原始探针保留于存档。,"After you cast a spell, deal 2 damage randomly split among all enemies.",在你施放一个法术后，造成2点伤害，随机分配到所有敌人身上。,fireplace/cards/blackrock/collectible.py:8
17.6.0.53261,Blackrock Mountain (BRM),BRM_003,Dragon's Breath,龙息术,Cost modification|Spell resolution|Targeting,GREEN,implemented,yes,通过：discounted_four_damage=cost_after_2_deaths=3;enemy_hero=26;spell=GRAVEYARD,card_mechanism.csv#BRM_003; generic-play-smoke:played; effect-evidence: reports/card_quality_full_2026-09-27/brm_probe.csv#discounted_four_damage; per-card: reports/card_quality_full_2026-09-27/brm_probe.csv#discounted_four_damage,聚合状态取该卡最差机制；普通烟测只证明可执行，不能单独构成 GREEN。 EN=Deal $4 damage. Costs (1) less for each minion that died this turn.; ZH=造成$4点伤害。在本回合中每有一个随从死亡，该牌的法力值消耗就减少（1）点。; source=fireplace/cards/blackrock/collectible.py:233; existing_tests=无候选测试引用; old_YELLOW_reason=存在定义或元数据候选；当前没有可复查的该机制核心效果断言。 / 缺目标与非法自身目标均在付费/移区前被拒绝；合法目标效果仍需逐卡验证。; prior_cross_card_audit=无; key_unverified=未覆盖：随从目标、非法目标拒绝和满减费后的零费下限。; audit_scope=只覆盖本CSV所列实际对局断言。,Deal $4 damage. Costs (1) less for each minion that died this turn.,造成$4点伤害。在本回合中每有一个随从死亡，该牌的法力值消耗就减少（1）点。,fireplace/cards/blackrock/collectible.py:233
17.6.0.53261,Blackrock Mountain (BRM),BRM_004,Twilight Whelp,暮光雏龙,Battlecry,GREEN,implemented,yes,通过：no_dragon_baseline=no_dragon=2/1；dragon_in_hand_health_bonus=dragon_in_hand=True;stats=2/3,card_mechanism.csv#BRM_004; generic-play-smoke:played; effect-evidence: reports/card_quality_full_2026-09-27/brm_probe.csv#no_dragon_baseline; reports/card_quality_full_2026-09-27/brm_probe.csv#dragon_in_hand_health_bonus; per-card: reports/card_quality_full_2026-09-27/brm_probe.csv#no_dragon_baseline; reports/card_quality_full_2026-09-27/brm_probe.csv#dragon_in_hand_health_bonus,"聚合状态取该卡最差机制；普通烟测只证明可执行，不能单独构成 GREEN。 EN=Battlecry: If you're holding a Dragon, gain +2 Health.; ZH=战吼：如果你的手牌中有龙牌，便获得+2生命值。; source=fireplace/cards/blackrock/collectible.py:14; existing_tests=无候选测试引用; old_YELLOW_reason=存在定义或元数据候选；当前没有可复查的该机制核心效果断言。; prior_cross_card_audit=无; key_unverified=未覆盖：手牌中的龙被移走后再打出暮光雏龙。; audit_scope=只覆盖本CSV所列实际对局断言。","Battlecry: If you're holding a Dragon, gain +2 Health.",战吼：如果你的手牌中有龙牌，便获得+2生命值。,fireplace/cards/blackrock/collectible.py:14
17.6.0.53261,Blackrock Mountain (BRM),BRM_005,Demonwrath,恶魔之怒,Spell resolution,GREEN,implemented,yes,"通过：both_sides_non_demons_only=non_demons=dead;demons=1/1;heroes=(30, 30)",card_mechanism.csv#BRM_005; generic-play-smoke:played; effect-evidence: reports/card_quality_full_2026-09-27/brm_probe.csv#both_sides_non_demons_only; per-card: reports/card_quality_full_2026-09-27/brm_probe.csv#both_sides_non_demons_only,聚合状态取该卡最差机制；普通烟测只证明可执行，不能单独构成 GREEN。 EN=[x]Deal $2 damage to all minions except Demons.; ZH=对所有非恶魔随从造成$2点 伤害。; source=fireplace/cards/blackrock/collectible.py:247; existing_tests=无候选测试引用; old_YELLOW_reason=存在定义或元数据候选；当前没有可复查的该机制核心效果断言。; prior_cross_card_audit=无; key_unverified=未覆盖：圣盾、免疫及满场对双方恶魔/非恶魔混合场的边界。; audit_scope=只覆盖本CSV所列实际对局断言。,[x]Deal $2 damage to all minions except Demons.,对所有非恶魔随从造成$2点 伤害。,fireplace/cards/blackrock/collectible.py:247
17.6.0.53261,Blackrock Mountain (BRM),BRM_006,Imp Gang Boss,小鬼首领,Summon|Trigger,GREEN,implemented,yes,通过：each_damage_event_summons_imp=boss_health=2;imps=2x1/1,card_mechanism.csv#BRM_006; generic-play-smoke:played; effect-evidence: reports/card_quality_full_2026-09-27/brm_probe.csv#each_damage_event_summons_imp; per-card: reports/card_quality_full_2026-09-27/brm_probe.csv#each_damage_event_summons_imp,"聚合状态取该卡最差机制；普通烟测只证明可执行，不能单独构成 GREEN。 EN=Whenever this minion takes damage, summon a 1/1 Imp.; ZH=每当该随从受到伤害，召唤一个1/1的 小鬼。; source=fireplace/cards/blackrock/collectible.py:24; existing_tests=tests/test_blackrock.py:243:test_imp_gang_boss | tests/test_blackrock.py:249:test_imp_gang_boss; old_YELLOW_reason=存在定义或元数据候选；当前没有可复查的该机制核心效果断言。; prior_cross_card_audit=无; key_unverified=未覆盖：满场时受到伤害导致的小鬼召唤容量。; audit_scope=只覆盖本CSV所列实际对局断言。","Whenever this minion takes damage, summon a 1/1 Imp.",每当该随从受到伤害，召唤一个1/1的 小鬼。,fireplace/cards/blackrock/collectible.py:24
17.6.0.53261,Blackrock Mountain (BRM),BRM_007,Gang Up,夜幕奇袭,Spell resolution|Targeting,GREEN,implemented,yes,"通过：copies_selected_enemy_minion_into_own_deck=target=PLAY;owner_deck=['CS2_231', 'CS2_231', 'CS2_231'];enemy_deck=0",card_mechanism.csv#BRM_007; generic-play-smoke:played; effect-evidence: reports/card_quality_full_2026-09-27/brm_probe.csv#copies_selected_enemy_minion_into_own_deck; per-card: reports/card_quality_full_2026-09-27/brm_probe.csv#copies_selected_enemy_minion_into_own_deck,聚合状态取该卡最差机制；普通烟测只证明可执行，不能单独构成 GREEN。 EN=Choose a minion. Shuffle 3 copies of it into your deck.; ZH=选择一个随从。将该随从的三张复制洗入你的牌库。; source=fireplace/cards/blackrock/collectible.py:253; existing_tests=tests/test_blackrock.py:229:test_gang_up | tests/test_blackrock.py:234:test_gang_up; old_YELLOW_reason=存在定义或元数据候选；当前没有可复查的该机制核心效果断言。 / 缺目标与非法自身目标均在付费/移区前被拒绝；合法目标效果仍需逐卡验证。; prior_cross_card_audit=无; key_unverified=未覆盖：目标已受增益/沉默后复制的属性，以及满牌库洗入。; audit_scope=只覆盖本CSV所列实际对局断言。,Choose a minion. Shuffle 3 copies of it into your deck.,选择一个随从。将该随从的三张复制洗入你的牌库。,fireplace/cards/blackrock/collectible.py:253
17.6.0.53261,Blackrock Mountain (BRM),BRM_008,Dark Iron Skulker,黑铁潜藏者,Battlecry,GREEN,implemented,yes,通过：undamaged_enemy_gate=undamaged_4/4=2/4;previously_damaged_4/4=3/4;friendly_wisp=1/1,card_mechanism.csv#BRM_008; generic-play-smoke:played; effect-evidence: reports/card_quality_full_2026-09-27/brm_probe.csv#undamaged_enemy_gate; per-card: reports/card_quality_full_2026-09-27/brm_probe.csv#undamaged_enemy_gate,聚合状态取该卡最差机制；普通烟测只证明可执行，不能单独构成 GREEN。 EN=Battlecry: Deal 2 damage to all undamaged enemy minions.; ZH=战吼： 对所有未受伤的敌方随从造成2点伤害。; source=fireplace/cards/blackrock/collectible.py:30; existing_tests=无候选测试引用; old_YELLOW_reason=存在定义或元数据候选；当前没有可复查的该机制核心效果断言。; prior_cross_card_audit=无; key_unverified=未覆盖：圣盾/免疫对战吼伤害的交互。; audit_scope=只覆盖本CSV所列实际对局断言。,Battlecry: Deal 2 damage to all undamaged enemy minions.,战吼： 对所有未受伤的敌方随从造成2点伤害。,fireplace/cards/blackrock/collectible.py:30
17.6.0.53261,Blackrock Mountain (BRM),BRM_009,Volcanic Lumberer,火山邪木,Cost modification|Taunt,GREEN,implemented,yes,通过：death_discount_and_taunt_combat=cost=7;taunt=True;hero_blocked=True;attacker=GRAVEYARD,card_mechanism.csv#BRM_009; generic-play-smoke:played; effect-evidence: reports/card_quality_full_2026-09-27/brm_probe.csv#death_discount_and_taunt_combat; per-card: reports/card_quality_full_2026-09-27/brm_probe.csv#death_discount_and_taunt_combat,聚合状态取该卡最差机制；普通烟测只证明可执行，不能单独构成 GREEN。 EN=Taunt Costs (1) less for each minion that died this turn.; ZH=嘲讽 在本回合中每有一个随从死亡，该牌的法力值消耗就减少（1）点。; source=fireplace/cards/blackrock/collectible.py:36; existing_tests=无候选测试引用; old_YELLOW_reason=存在定义或元数据候选；当前没有可复查的该机制核心效果断言。; prior_cross_card_audit=无; key_unverified=未覆盖：零费下限、对手回合费用变化及满场嘲讽攻击。; audit_scope=只覆盖本CSV所列实际对局断言。,Taunt Costs (1) less for each minion that died this turn.,嘲讽 在本回合中每有一个随从死亡，该牌的法力值消耗就减少（1）点。,fireplace/cards/blackrock/collectible.py:36
17.6.0.53261,Blackrock Mountain (BRM),BRM_010,Druid of the Flame,烈焰德鲁伊,Choose One|Transform,GREEN,implemented,yes,通过：choose_five_two_form=choice_a=BRM_010t:5/2；choose_two_five_form=choice_b=BRM_010t2:2/5,card_mechanism.csv#BRM_010; generic-play-smoke:played; effect-evidence: reports/card_quality_full_2026-09-27/brm_probe.csv#choose_five_two_form; reports/card_quality_full_2026-09-27/brm_probe.csv#choose_two_five_form; per-card: reports/card_quality_full_2026-09-27/brm_probe.csv#choose_five_two_form; reports/card_quality_full_2026-09-27/brm_probe.csv#choose_two_five_form,聚合状态取该卡最差机制；普通烟测只证明可执行，不能单独构成 GREEN。 EN=Choose One - Transform into a 5/2 minion; or a 2/5 minion.; ZH=抉择：将该随从变形成为5/2；或者将该随从变形成为2/5。; source=fireplace/cards/blackrock/collectible.py:42; existing_tests=tests/test_blackrock.py:132:test_druid_of_the_flame | tests/test_blackrock.py:138:test_druid_of_the_flame; old_YELLOW_reason=存在定义或元数据候选；当前没有可复查的该机制核心效果断言。; prior_cross_card_audit=无; key_unverified=未覆盖：变形前后受到的增益/沉默是否保留。; audit_scope=只覆盖本CSV所列实际对局断言。,Choose One - Transform into a 5/2 minion; or a 2/5 minion.,抉择：将该随从变形成为5/2；或者将该随从变形成为2/5。,fireplace/cards/blackrock/collectible.py:42
17.6.0.53261,Blackrock Mountain (BRM),BRM_011,Lava Shock,熔岩震击,Spell resolution|Targeting,GREEN,implemented,yes,通过：damage_and_unlock_overload=enemy_hero=28;overloaded=0;locked=0,card_mechanism.csv#BRM_011; generic-play-smoke:played; effect-evidence: reports/card_quality_full_2026-09-27/brm_probe.csv#damage_and_unlock_overload; per-card: reports/card_quality_full_2026-09-27/brm_probe.csv#damage_and_unlock_overload,聚合状态取该卡最差机制；普通烟测只证明可执行，不能单独构成 GREEN。 EN=Deal $2 damage. Unlock your Overloaded Mana Crystals.; ZH=造成$2点伤害。 将你所有过载的法力水晶解锁。; source=fireplace/cards/blackrock/collectible.py:260; existing_tests=tests/test_blackrock.py:259:test_lava_shock | tests/test_blackrock.py:273:test_lava_shock; old_YELLOW_reason=存在定义或元数据候选；当前没有可复查的该机制核心效果断言。 / 缺目标与非法自身目标均在付费/移区前被拒绝；合法目标效果仍需逐卡验证。; prior_cross_card_audit=无; key_unverified=未覆盖：过载超过可解锁水晶总数和非法目标拒绝。; audit_scope=只覆盖本CSV所列实际对局断言。,Deal $2 damage. Unlock your Overloaded Mana Crystals.,造成$2点伤害。 将你所有过载的法力水晶解锁。,fireplace/cards/blackrock/collectible.py:260
17.6.0.53261,Blackrock Mountain (BRM),BRM_012,Fireguard Destroyer,火焰驱逐者,Battlecry|Overload|Random effects,GREEN,implemented,yes,"通过：random_attack_range_and_overload=seeds=32;attack_bonus_values=[1, 2, 3, 4];after_play_overload=1;next_own_turn_locked=1",card_mechanism.csv#BRM_012; generic-play-smoke:played; effect-evidence: reports/card_quality_full_2026-09-27/brm_probe.csv#random_attack_range_and_overload; per-card: reports/card_quality_full_2026-09-27/brm_probe.csv#random_attack_range_and_overload,聚合状态取该卡最差机制；普通烟测只证明可执行，不能单独构成 GREEN。 EN=Battlecry: Gain 1-4 Attack. Overload: (1); ZH=战吼：获得1-4点攻击力。过载：（1）; source=fireplace/cards/blackrock/collectible.py:57; existing_tests=tests/test_blackrock.py:219:test_fireguard_destroyer; old_YELLOW_reason=存在定义或元数据候选；当前没有可复查的该机制核心效果断言。; prior_cross_card_audit=无; key_unverified=未覆盖：重复抽样的概率分布；仅确认1至4的取值及过载状态。; audit_scope=只覆盖本CSV所列实际对局断言。,Battlecry: Gain 1-4 Attack. Overload: (1),战吼：获得1-4点攻击力。过载：（1）,fireplace/cards/blackrock/collectible.py:57
17.6.0.53261,Blackrock Mountain (BRM),BRM_013,Quick Shot,快速射击,Draw / Discard|Spell resolution|Targeting,GREEN,implemented,yes,通过：empty_hand_deals_three_and_draws=empty_hand=True;enemy_hero=27;drawn=['CS2_231']；nonempty_hand_no_draw=other_card_remains=CS2_231;enemy_hero=27;no_draw=True,card_mechanism.csv#BRM_013; generic-play-smoke:played; effect-evidence: reports/card_quality_full_2026-09-27/brm_probe.csv#empty_hand_deals_three_and_draws; reports/card_quality_full_2026-09-27/brm_probe.csv#nonempty_hand_no_draw; per-card: reports/card_quality_full_2026-09-27/brm_probe.csv#empty_hand_deals_three_and_draws; reports/card_quality_full_2026-09-27/brm_probe.csv#nonempty_hand_no_draw,"聚合状态取该卡最差机制；普通烟测只证明可执行，不能单独构成 GREEN。 EN=Deal $3 damage. If your hand is empty, draw a card.; ZH=造成$3点伤害。 如果你没有其他手牌，则抽一张牌。; source=fireplace/cards/blackrock/collectible.py:273; existing_tests=tests/test_blackrock.py:305:test_quick_shot | tests/test_blackrock.py:312:test_quick_shot | tests/test_blackrock.py:324:test_quick_shot_acolyte | tests/test_blackrock.py:341:test_quick_shot_gallywix; old_YELLOW_reason=存在定义或元数据候选；当前没有可复查的该机制核心效果断言。 / 缺目标与非法自身目标均在付费/移区前被拒绝；合法目标效果仍需逐卡验证。; prior_cross_card_audit=无; key_unverified=未覆盖：满手牌抽牌烧牌和目标拒绝后手牌/法力状态。; audit_scope=只覆盖本CSV所列实际对局断言。","Deal $3 damage. If your hand is empty, draw a card.",造成$3点伤害。 如果你没有其他手牌，则抽一张牌。,fireplace/cards/blackrock/collectible.py:273
17.6.0.53261,Blackrock Mountain (BRM),BRM_014,Core Rager,熔火怒犬,Battlecry,GREEN,implemented,yes,通过：empty_hand_plus_three_three=empty_hand=True;stats=7/7；nonempty_hand_no_bonus=other_card_in_hand=True;stats=4/4,card_mechanism.csv#BRM_014; generic-play-smoke:played; effect-evidence: reports/card_quality_full_2026-09-27/brm_probe.csv#empty_hand_plus_three_three; reports/card_quality_full_2026-09-27/brm_probe.csv#nonempty_hand_no_bonus; per-card: reports/card_quality_full_2026-09-27/brm_probe.csv#empty_hand_plus_three_three; reports/card_quality_full_2026-09-27/brm_probe.csv#nonempty_hand_no_bonus,"聚合状态取该卡最差机制；普通烟测只证明可执行，不能单独构成 GREEN。 EN=Battlecry: If your hand is empty, gain +3/+3.; ZH=战吼：如果你没有其他手牌，则获得+3/+3。; source=fireplace/cards/blackrock/collectible.py:66; existing_tests=无候选测试引用; old_YELLOW_reason=存在定义或元数据候选；当前没有可复查的该机制核心效果断言。; prior_cross_card_audit=无; key_unverified=未覆盖：抽牌触发前后手牌计数边界及沉默后的增益。; audit_scope=只覆盖本CSV所列实际对局断言。","Battlecry: If your hand is empty, gain +3/+3.",战吼：如果你没有其他手牌，则获得+3/+3。,fireplace/cards/blackrock/collectible.py:66
17.6.0.53261,Blackrock Mountain (BRM),BRM_015,Revenge,复仇打击,Spell resolution,GREEN,implemented,yes,通过：at_twelve_deals_three_to_all_minions=owner_health=12;both_minions_dead=True;heroes=12/30；above_twelve_deals_one=owner_health=13;both_minions=1hp;heroes=13/30,card_mechanism.csv#BRM_015; generic-play-smoke:played; effect-evidence: reports/card_quality_full_2026-09-27/brm_probe.csv#at_twelve_deals_three_to_all_minions; reports/card_quality_full_2026-09-27/brm_probe.csv#above_twelve_deals_one; per-card: reports/card_quality_full_2026-09-27/brm_probe.csv#at_twelve_deals_three_to_all_minions; reports/card_quality_full_2026-09-27/brm_probe.csv#above_twelve_deals_one,"聚合状态取该卡最差机制；普通烟测只证明可执行，不能单独构成 GREEN。 EN=Deal $1 damage to all minions. If you have 12 or less Health, deal $3 damage instead.; ZH=对所有随从造成$1点伤害。如果你的生命值小于或等于12点，则改为造成$3点伤害。; source=fireplace/cards/blackrock/collectible.py:281; existing_tests=tests/test_blackrock.py:420:test_revenge | tests/test_blackrock.py:427:test_revenge | tests/test_blackrock.py:471:test_solemn_vigil; old_YELLOW_reason=存在定义或元数据候选；当前没有可复查的该机制核心效果断言。; prior_cross_card_audit=无; key_unverified=未覆盖：护盾、免疫和场上七只随从时的全场结算。; audit_scope=只覆盖本CSV所列实际对局断言。","Deal $1 damage to all minions. If you have 12 or less Health, deal $3 damage instead.",对所有随从造成$1点伤害。如果你的生命值小于或等于12点，则改为造成$3点伤害。,fireplace/cards/blackrock/collectible.py:281
17.6.0.53261,Blackrock Mountain (BRM),BRM_016,Axe Flinger,掷斧者,Trigger,GREEN,implemented,yes,通过：each_damage_including_lethal_hit=nonlethal_hit=-2;lethal_hit=-2;axe=GRAVEYARD;enemy_hero=26,card_mechanism.csv#BRM_016; generic-play-smoke:played; effect-evidence: reports/card_quality_full_2026-09-27/brm_probe.csv#each_damage_including_lethal_hit; per-card: reports/card_quality_full_2026-09-27/brm_probe.csv#each_damage_including_lethal_hit,"聚合状态取该卡最差机制；普通烟测只证明可执行，不能单独构成 GREEN。 EN=Whenever this minion takes damage, deal 2 damage to the enemy hero.; ZH=每当该随从受到伤害，对敌方英雄造成 2点伤害。; source=fireplace/cards/blackrock/collectible.py:76; existing_tests=无候选测试引用; old_YELLOW_reason=存在定义或元数据候选；当前没有可复查的该机制核心效果断言。; prior_cross_card_audit=无; key_unverified=未覆盖：多个同时受伤事件及敌方英雄免疫。; audit_scope=只覆盖本CSV所列实际对局断言。","Whenever this minion takes damage, deal 2 damage to the enemy hero.",每当该随从受到伤害，对敌方英雄造成 2点伤害。,fireplace/cards/blackrock/collectible.py:76
17.6.0.53261,Blackrock Mountain (BRM),BRM_017,Resurrect,复活术,Random effects|Spell resolution|Summon,GREEN,implemented,yes,"通过：random_resurrect_friendly_dead_minion=seeds=24;eligible_friendly_dead_minions=['CS1_042', 'CS2_231'];enemy_dead_excluded=True；empty_death_pool_rejected=empty_friendly_death_pool=True;play_rejected=InvalidAction;spell_zone=HAND;mana_unchanged=True",card_mechanism.csv#BRM_017; generic-play-smoke:unplayable_in_generic_setup; effect-evidence: reports/card_quality_full_2026-09-27/brm_probe.csv#random_resurrect_friendly_dead_minion; reports/card_quality_full_2026-09-27/brm_probe.csv#empty_death_pool_rejected; per-card: reports/card_quality_full_2026-09-27/brm_probe.csv#random_resurrect_friendly_dead_minion; reports/card_quality_full_2026-09-27/brm_probe.csv#empty_death_pool_rejected,聚合状态取该卡最差机制；普通烟测只证明可执行，不能单独构成 GREEN。 EN=Summon a random friendly minion that died this game.; ZH=随机召唤一个在本局对战中死亡的友方随从。; source=fireplace/cards/blackrock/collectible.py:288; existing_tests=tests/test_blackrock.py:351:test_resurrect | tests/test_blackrock.py:372:test_resurrect_wild_pyro; old_YELLOW_reason=存在定义或元数据候选；当前没有可复查的该机制核心效果断言。; prior_cross_card_audit=无; key_unverified=未覆盖：空死亡池拒绝、满场召唤及不同身材副本属性。; audit_scope=只覆盖本CSV所列实际对局断言。,Summon a random friendly minion that died this game.,随机召唤一个在本局对战中死亡的友方随从。,fireplace/cards/blackrock/collectible.py:288
17.6.0.53261,Blackrock Mountain (BRM),BRM_018,Dragon Consort,龙王配偶,Battlecry|Cost modification,GREEN,implemented,yes,"通过：next_dragon_discount_consumed_once=before_next_dragon=(2,0,4);played=BRM_026@2;after=(1,4)",card_mechanism.csv#BRM_018; generic-play-smoke:played; effect-evidence: reports/card_quality_full_2026-09-27/brm_probe.csv#next_dragon_discount_consumed_once; per-card: reports/card_quality_full_2026-09-27/brm_probe.csv#next_dragon_discount_consumed_once,聚合状态取该卡最差机制；普通烟测只证明可执行，不能单独构成 GREEN。 EN=Battlecry: The next Dragon you play costs (2) less.; ZH=战吼：你的下一张龙牌的法力值消耗减少（2）点。; source=fireplace/cards/blackrock/collectible.py:82; existing_tests=tests/test_blackrock.py:76:test_dragon_consort | tests/test_blackrock.py:77:test_dragon_consort; old_YELLOW_reason=存在定义或元数据候选；当前没有可复查的该机制核心效果断言。; prior_cross_card_audit=无; key_unverified=未覆盖：已打出的龙不会追溯折扣，以及来源离场前后的费用。; audit_scope=只覆盖本CSV所列实际对局断言。,Battlecry: The next Dragon you play costs (2) less.,战吼：你的下一张龙牌的法力值消耗减少（2）点。,fireplace/cards/blackrock/collectible.py:82
17.6.0.53261,Blackrock Mountain (BRM),BRM_019,Grim Patron,恐怖的奴隶主,Summon|Trigger,GREEN,implemented,yes,通过：survives_damage_but_not_lethal_damage=surviving_hit_created_copy=True;lethal_hit_created_none=True;living_patron_count=1,card_mechanism.csv#BRM_019; generic-play-smoke:played; effect-evidence: reports/card_quality_full_2026-09-27/brm_probe.csv#survives_damage_but_not_lethal_damage; per-card: reports/card_quality_full_2026-09-27/brm_probe.csv#survives_damage_but_not_lethal_damage,"聚合状态取该卡最差机制；普通烟测只证明可执行，不能单独构成 GREEN。 EN=After this minion survives damage, summon another Grim Patron.; ZH=在该随从受到伤害并没有死亡后，召唤另一个恐怖的奴隶主。; source=fireplace/cards/blackrock/collectible.py:93; existing_tests=tests/test_icecrown.py:175:test_defile_max_time; old_YELLOW_reason=存在定义或元数据候选；当前没有可复查的该机制核心效果断言。; prior_cross_card_audit=无; key_unverified=未覆盖：满场时存活伤害触发以及同批次伤害。; audit_scope=只覆盖本CSV所列实际对局断言。","After this minion survives damage, summon another Grim Patron.",在该随从受到伤害并没有死亡后，召唤另一个恐怖的奴隶主。,fireplace/cards/blackrock/collectible.py:93
17.6.0.53261,Blackrock Mountain (BRM),BRM_020,Dragonkin Sorcerer,龙人巫师,Targeting|Trigger,GREEN,implemented,yes,通过：only_controller_spell_target_gives_plus_one=friendly_target_spell=4/8;opponent_target_spell=4/7(max8),card_mechanism.csv#BRM_020; generic-play-smoke:played; effect-evidence: reports/card_quality_full_2026-09-27/brm_probe.csv#only_controller_spell_target_gives_plus_one; per-card: reports/card_quality_full_2026-09-27/brm_probe.csv#only_controller_spell_target_gives_plus_one,"聚合状态取该卡最差机制；普通烟测只证明可执行，不能单独构成 GREEN。 EN=Whenever you target this minion with a spell, gain +1/+1.; ZH=每当你以该随从为目标施放一个法术时，便获得+1/+1。; source=fireplace/cards/blackrock/collectible.py:99; existing_tests=tests/test_blackrock.py:118:test_dragonkin_sorcerer; old_YELLOW_reason=存在定义或元数据候选；当前没有可复查的该机制核心效果断言。; prior_cross_card_audit=无; key_unverified=未覆盖：敌方沉默/控制效果及同一法术对其造成伤害时的时序。; audit_scope=只覆盖本CSV所列实际对局断言。","Whenever you target this minion with a spell, gain +1/+1.",每当你以该随从为目标施放一个法术时，便获得+1/+1。,fireplace/cards/blackrock/collectible.py:99
17.6.0.53261,Blackrock Mountain (BRM),BRM_022,Dragon Egg,龙蛋,Summon|Trigger,GREEN,implemented,yes,通过：each_damage_including_lethal_summons_whelp=first_hit=1x2/1;lethal_hit=second_token;egg=GRAVEYARD,card_mechanism.csv#BRM_022; generic-play-smoke:played; effect-evidence: reports/card_quality_full_2026-09-27/brm_probe.csv#each_damage_including_lethal_summons_whelp; per-card: reports/card_quality_full_2026-09-27/brm_probe.csv#each_damage_including_lethal_summons_whelp,"聚合状态取该卡最差机制；普通烟测只证明可执行，不能单独构成 GREEN。 EN=Whenever this minion takes damage, summon a 2/1 Whelp.; ZH=每当该随从受到伤害，便召唤一条2/1的雏龙。; source=fireplace/cards/blackrock/collectible.py:108; existing_tests=tests/test_blackrock.py:99:test_dragon_egg; old_YELLOW_reason=存在定义或元数据候选；当前没有可复查的该机制核心效果断言。; prior_cross_card_audit=无; key_unverified=未覆盖：满场和圣盾吸收伤害时的雏龙召唤。; audit_scope=只覆盖本CSV所列实际对局断言。","Whenever this minion takes damage, summon a 2/1 Whelp.",每当该随从受到伤害，便召唤一条2/1的雏龙。,fireplace/cards/blackrock/collectible.py:108
17.6.0.53261,Blackrock Mountain (BRM),BRM_024,Drakonid Crusher,龙人打击者,Battlecry,GREEN,implemented,yes,通过：opponent_at_fifteen_gets_bonus=enemy_health=15;crusher=9/9；opponent_above_fifteen_no_bonus=enemy_health=16;crusher=6/6,card_mechanism.csv#BRM_024; generic-play-smoke:played; effect-evidence: reports/card_quality_full_2026-09-27/brm_probe.csv#opponent_at_fifteen_gets_bonus; reports/card_quality_full_2026-09-27/brm_probe.csv#opponent_above_fifteen_no_bonus; per-card: reports/card_quality_full_2026-09-27/brm_probe.csv#opponent_at_fifteen_gets_bonus; reports/card_quality_full_2026-09-27/brm_probe.csv#opponent_above_fifteen_no_bonus,"聚合状态取该卡最差机制；普通烟测只证明可执行，不能单独构成 GREEN。 EN=Battlecry: If your opponent has 15 or less Health, gain +3/+3.; ZH=战吼：如果你对手的生命值小于或等于15点，便获得+3/+3。; source=fireplace/cards/blackrock/collectible.py:114; existing_tests=无候选测试引用; old_YELLOW_reason=存在定义或元数据候选；当前没有可复查的该机制核心效果断言。; prior_cross_card_audit=无; key_unverified=未覆盖：敌方英雄生命低于15、护甲和战吼前后生命变化。; audit_scope=只覆盖本CSV所列实际对局断言。","Battlecry: If your opponent has 15 or less Health, gain +3/+3.",战吼：如果你对手的生命值小于或等于15点，便获得+3/+3。,fireplace/cards/blackrock/collectible.py:114
17.6.0.53261,Blackrock Mountain (BRM),BRM_025,Volcanic Drake,火山幼龙,Cost modification,GREEN,implemented,yes,通过：one_mana_less_per_death_clamped_zero=deaths=6;cost=0 (from printed 6),card_mechanism.csv#BRM_025; generic-play-smoke:played; effect-evidence: reports/card_quality_full_2026-09-27/brm_probe.csv#one_mana_less_per_death_clamped_zero; per-card: reports/card_quality_full_2026-09-27/brm_probe.csv#one_mana_less_per_death_clamped_zero,聚合状态取该卡最差机制；普通烟测只证明可执行，不能单独构成 GREEN。 EN=Costs (1) less for each minion that died this turn.; ZH=在本回合中每有一个随从死亡，该牌的 法力值消耗就减少（1）点。; source=fireplace/cards/blackrock/collectible.py:124; existing_tests=tests/test_league.py:372:test_naga_sea_witch; old_YELLOW_reason=存在定义或元数据候选；当前没有可复查的该机制核心效果断言。; prior_cross_card_audit=无; key_unverified=未覆盖：回合切换重置死亡折扣及费用下限的跨回合边界。; audit_scope=只覆盖本CSV所列实际对局断言。,Costs (1) less for each minion that died this turn.,在本回合中每有一个随从死亡，该牌的 法力值消耗就减少（1）点。,fireplace/cards/blackrock/collectible.py:124
17.6.0.53261,Blackrock Mountain (BRM),BRM_026,Hungry Dragon,饥饿的巨龙,Battlecry|Random effects|Summon,GREEN,implemented,yes,通过：random_one_cost_minion_for_opponent=seeds=16;opponent_summons=16 distinct 1-cost minion IDs;owner_minion=Hungry_Dragon_only,card_mechanism.csv#BRM_026; generic-play-smoke:played; effect-evidence: reports/card_quality_full_2026-09-27/brm_probe.csv#random_one_cost_minion_for_opponent; per-card: reports/card_quality_full_2026-09-27/brm_probe.csv#random_one_cost_minion_for_opponent,聚合状态取该卡最差机制；普通烟测只证明可执行，不能单独构成 GREEN。 EN=Battlecry: Summon a random 1-Cost minion for your opponent.; ZH=战吼：为你的对手随机召唤一个法力值消耗为（1）的随从。; source=fireplace/cards/blackrock/collectible.py:130; existing_tests=无候选测试引用; old_YELLOW_reason=存在定义或元数据候选；当前没有可复查的该机制核心效果断言。; prior_cross_card_audit=无; key_unverified=未覆盖：对手满场时召唤失败及随机池覆盖面。; audit_scope=只覆盖本CSV所列实际对局断言。,Battlecry: Summon a random 1-Cost minion for your opponent.,战吼：为你的对手随机召唤一个法力值消耗为（1）的随从。,fireplace/cards/blackrock/collectible.py:130
17.6.0.53261,Blackrock Mountain (BRM),BRM_027,Majordomo Executus,管理者埃克索图斯,Deathrattle|Summon,GREEN,implemented,yes,通过：deathrattle_replaces_owner_hero=source=GRAVEYARD;hero_power=BRM_027p;hero_health=8,card_mechanism.csv#BRM_027; generic-play-smoke:played; effect-evidence: reports/card_quality_full_2026-09-27/brm_probe.csv#deathrattle_replaces_owner_hero; per-card: reports/card_quality_full_2026-09-27/brm_probe.csv#deathrattle_replaces_owner_hero,聚合状态取该卡最差机制；普通烟测只证明可执行，不能单独构成 GREEN。 EN=Deathrattle: Replace your hero with Ragnaros the Firelord.; ZH=亡语： 用炎魔之王拉格纳罗斯替换你的英雄。; source=fireplace/cards/blackrock/collectible.py:136; existing_tests=tests/test_blackrock.py:281:test_majordomo_executus | tests/test_classic.py:103:test_alexstrasza_ragnaros | tests/test_misc.py:113:test_nefarian_and_ragnaros_hero | tests/test_misc.py:125:test_lilian_voss_and_ragnaros_hero; old_YELLOW_reason=存在定义或元数据候选；当前没有可复查的该机制核心效果断言。; prior_cross_card_audit=无; key_unverified=未覆盖：护甲、当前生命低于8以及双方均持有管理者时的英雄替换。; audit_scope=只覆盖本CSV所列实际对局断言。,Deathrattle: Replace your hero with Ragnaros the Firelord.,亡语： 用炎魔之王拉格纳罗斯替换你的英雄。,fireplace/cards/blackrock/collectible.py:136
17.6.0.53261,Blackrock Mountain (BRM),BRM_029,Rend Blackhand,雷德·黑手,Battlecry|Targeting,GREEN,implemented,yes,雷德·黑手无龙时战吼未就绪；持龙且仅有己方传说随从时正确显示就绪并可摧毁；敌方传说可摧毁而普通随从不进入目标列表。,tests/test_brm_tgt_red_fixes.py::test_rend_readiness_matches_friendly_legendary_target; tests/test_brm_tgt_red_fixes.py::test_rend_can_destroy_enemy_legendary_but_not_ordinary_minion,原始RED结论保留于known_issues_archive_2026-09-29/。 修正就绪判断与合法目标域的一致性。,"Battlecry: If you're holding a Dragon, destroy a Legendary minion.",战吼：如果你的手牌中有龙牌，则消灭一个传说随从。,fireplace/cards/blackrock/collectible.py:165
17.6.0.53261,Blackrock Mountain (BRM),BRM_030,Nefarian,奈法利安,Battlecry|Random effects,GREEN,implemented,yes,"通过：mage_opponent_spell_pool=opponent_class=MAGE;seeds=16;unique_legal_spell_ids=26;examples=['AT_002', 'BOT_101', 'BOT_254', 'BOT_257', 'BOT_453', 'BOT_600', 'BT_002', 'BT_021']；priest_opponent_spell_pool=opponent_class=PRIEST;seeds=16;unique_legal_spell_ids=26;examples=['AT_015', 'BOT_219', 'BOT_435', 'BOT_517', 'BOT_529', 'BOT_567', 'BT_198', 'BT_257']",card_mechanism.csv#BRM_030; generic-play-smoke:played; effect-evidence: reports/card_quality_full_2026-09-27/brm_probe.csv#mage_opponent_spell_pool; reports/card_quality_full_2026-09-27/brm_probe.csv#priest_opponent_spell_pool; per-card: reports/card_quality_full_2026-09-27/brm_probe.csv#mage_opponent_spell_pool; reports/card_quality_full_2026-09-27/brm_probe.csv#priest_opponent_spell_pool,聚合状态取该卡最差机制；普通烟测只证明可执行，不能单独构成 GREEN。 EN=Battlecry: Add 2 random spells to your hand (from your opponent's class).; ZH=战吼：随机将两张（你对手职业的）法术牌置入你的手牌。; source=fireplace/cards/blackrock/collectible.py:177; existing_tests=tests/test_misc.py:116:test_nefarian_and_ragnaros_hero; old_YELLOW_reason=存在定义或元数据候选；当前没有可复查的该机制核心效果断言。; prior_cross_card_audit=无; key_unverified=未覆盖：随机法术池覆盖和满手牌溢出。; audit_scope=只覆盖本CSV所列实际对局断言。,Battlecry: Add 2 random spells to your hand (from your opponent's class).,战吼：随机将两张（你对手职业的）法术牌置入你的手牌。,fireplace/cards/blackrock/collectible.py:177
17.6.0.53261,Blackrock Mountain (BRM),BRM_031,Chromaggus,克洛玛古斯,Draw / Discard|Trigger,GREEN,implemented,yes,"通过：owner_draw_gets_second_copy=owner_drawn=CS2_231;copies_in_hand=2；opponent_draw_not_triggered=opponent_draw_hand=['GAME_005', 'CS2_231'];owner_copies=0",card_mechanism.csv#BRM_031; generic-play-smoke:played; effect-evidence: reports/card_quality_full_2026-09-27/brm_probe.csv#owner_draw_gets_second_copy; reports/card_quality_full_2026-09-27/brm_probe.csv#opponent_draw_not_triggered; per-card: reports/card_quality_full_2026-09-27/brm_probe.csv#owner_draw_gets_second_copy; reports/card_quality_full_2026-09-27/brm_probe.csv#opponent_draw_not_triggered,"聚合状态取该卡最差机制；普通烟测只证明可执行，不能单独构成 GREEN。 EN=Whenever you draw a card, put another copy into your hand.; ZH=每当你抽一张牌时，将该牌的另一张复制置入你的手牌。; source=fireplace/cards/blackrock/collectible.py:192; existing_tests=tests/test_blackrock.py:46:test_chromaggus | tests/test_blackrock.py:62:test_chromaggus_naturalize; old_YELLOW_reason=存在定义或元数据候选；当前没有可复查的该机制核心效果断言。; prior_cross_card_audit=无; key_unverified=未覆盖：满手牌抽牌导致原牌烧毁时的复制行为。; audit_scope=只覆盖本CSV所列实际对局断言。","Whenever you draw a card, put another copy into your hand.",每当你抽一张牌时，将该牌的另一张复制置入你的手牌。,fireplace/cards/blackrock/collectible.py:192
17.6.0.53261,Blackrock Mountain (BRM),BRM_033,Blackwing Technician,黑翼技师,Battlecry,GREEN,implemented,yes,通过：dragon_conditional_plus_one_plus_one=no_dragon=2/4;dragon_in_hand=3/5,card_mechanism.csv#BRM_033; generic-play-smoke:played; effect-evidence: reports/card_quality_full_2026-09-27/brm_probe.csv#dragon_conditional_plus_one_plus_one; per-card: reports/card_quality_full_2026-09-27/brm_probe.csv#dragon_conditional_plus_one_plus_one,"聚合状态取该卡最差机制；普通烟测只证明可执行，不能单独构成 GREEN。 EN=Battlecry: If you're holding a Dragon, gain +1/+1.; ZH=战吼：如果你的手牌中有龙牌，便获得+1/+1。; source=fireplace/cards/blackrock/collectible.py:198; existing_tests=tests/test_blackrock.py:27:test_blackwing_technician | tests/test_blackrock.py:34:test_blackwing_technician; old_YELLOW_reason=存在定义或元数据候选；当前没有可复查的该机制核心效果断言。; prior_cross_card_audit=无; key_unverified=未覆盖：持龙条件在打出本体前变化及沉默后的属性。; audit_scope=只覆盖本CSV所列实际对局断言。","Battlecry: If you're holding a Dragon, gain +1/+1.",战吼：如果你的手牌中有龙牌，便获得+1/+1。,fireplace/cards/blackrock/collectible.py:198
17.6.0.53261,Blackrock Mountain (BRM),BRM_034,Blackwing Corruptor,黑翼腐蚀者,Battlecry|Targeting,GREEN,implemented,yes,通过：dragon_enables_three_damage_battlecry=dragon_in_hand=True;enemy_4/4_minion_after_3_damage=1/4;corruptor=PLAY；no_dragon_no_damage_or_target=dragon_in_hand=False;target_untouched=True;no_target_required=True,card_mechanism.csv#BRM_034; generic-play-smoke:played; effect-evidence: reports/card_quality_full_2026-09-27/brm_probe.csv#dragon_enables_three_damage_battlecry; reports/card_quality_full_2026-09-27/brm_probe.csv#no_dragon_no_damage_or_target; per-card: reports/card_quality_full_2026-09-27/brm_probe.csv#dragon_enables_three_damage_battlecry; reports/card_quality_full_2026-09-27/brm_probe.csv#no_dragon_no_damage_or_target,"聚合状态取该卡最差机制；普通烟测只证明可执行，不能单独构成 GREEN。 EN=Battlecry: If you're holding a Dragon, deal 3 damage.; ZH=战吼：如果你的手牌中有龙牌，则造成3点伤害。; source=fireplace/cards/blackrock/collectible.py:208; existing_tests=tests/test_blackrock.py:7:test_blackwing_corruptor | tests/test_blackrock.py:18:test_blackwing_corruptor | tests/test_blackrock.py:79:test_dragon_consort | tests/test_blackrock.py:80:test_dragon_consort; old_YELLOW_reason=存在定义或元数据候选；当前没有可复查的该机制核心效果断言。; prior_cross_card_audit=无; key_unverified=未覆盖：友方目标、英雄目标、圣盾吸收和非法目标拒绝。; audit_scope=只覆盖本CSV所列实际对局断言。","Battlecry: If you're holding a Dragon, deal 3 damage.",战吼：如果你的手牌中有龙牌，则造成3点伤害。,fireplace/cards/blackrock/collectible.py:208
17.6.0.53261,The Grand Tournament (TGT),AT_001,Flame Lance,炎枪术,Spell resolution|Targeting,GREEN,implemented,yes,All listed mechanism labels were exercised by the card-specific case(s); every state assertion passed.,card_mechanism.csv#AT_001; generic-play-smoke:played; effect-evidence: reports/card_quality_full_2026-09-27/tgt_probe.csv#tgt_at_001_core_behavior; per-card: reports/card_quality_full_2026-09-27/tgt_probe.csv#tgt_at_001_core_behavior,聚合状态取该卡最差机制；普通烟测只证明可执行，不能单独构成 GREEN。 EN: Deal $8 damage to a minion. || ZH: 对一个随从造成$8点伤害。 || Implementation source: fireplace/cards/tgt/mage.py:41 || Existing test refs: tests/test_tgt.py:332:test_flame_lance | tests/test_tgt.py:352:test_flame_lance | tests/test_tgt.py:346:test_flame_lance || baseline conclusion=YELLOW; current prior status=YELLOW; prior reason=2 个机制缺少充分的核心效果验证；逐机制依据见 card_mechanism.csv。,Deal $8 damage to a minion.,对一个随从造成$8点伤害。,fireplace/cards/tgt/mage.py:41
17.6.0.53261,The Grand Tournament (TGT),AT_002,Effigy,轮回,Random effects|Secret|Spell resolution|Summon|Trigger,GREEN,implemented,yes,All listed mechanism labels were exercised by the card-specific case(s); every state assertion passed.,card_mechanism.csv#AT_002; generic-play-smoke:played; effect-evidence: reports/card_quality_full_2026-09-27/tgt_probe.csv#tgt_at_002_core_behavior; per-card: reports/card_quality_full_2026-09-27/tgt_probe.csv#tgt_at_002_core_behavior,"聚合状态取该卡最差机制；普通烟测只证明可执行，不能单独构成 GREEN。 EN: Secret: When a friendly minion dies, summon a random minion with the same Cost. || ZH: 奥秘：当一个友方随从死亡时，随机召唤一个法力值消耗相同的随从。 || Implementation source: fireplace/cards/tgt/mage.py:66 || Existing test refs: tests/test_tgt.py:242:test_effigy | tests/test_tgt.py:243:test_effigy || baseline conclusion=YELLOW; current prior status=YELLOW; prior reason=5 个机制缺少充分的核心效果验证；逐机制依据见 card_mechanism.csv。","Secret: When a friendly minion dies, summon a random minion with the same Cost.",奥秘：当一个友方随从死亡时，随机召唤一个法力值消耗相同的随从。,fireplace/cards/tgt/mage.py:66
17.6.0.53261,The Grand Tournament (TGT),AT_004,Arcane Blast,奥术冲击,Spell Damage|Spell resolution|Targeting,GREEN,implemented,yes,All listed mechanism labels were exercised by the card-specific case(s); every state assertion passed.,card_mechanism.csv#AT_004; generic-play-smoke:played; effect-evidence: reports/card_quality_full_2026-09-27/tgt_probe.csv#tgt_at_004_core_behavior; per-card: reports/card_quality_full_2026-09-27/tgt_probe.csv#tgt_at_004_core_behavior,聚合状态取该卡最差机制；普通烟测只证明可执行，不能单独构成 GREEN。 EN: Deal $2 damage to a minion. This spell gets double bonus from Spell Damage. || ZH: 对一个随从造成$2点伤害。该法术受到的法术伤害增益效果翻倍。 || Implementation source: fireplace/cards/tgt/mage.py:48 || Existing test refs: tests/test_tgt.py:863:test_arcane_blast | tests/test_tgt.py:866:test_arcane_blast | tests/test_tgt.py:869:test_arcane_blast | tests/test_tgt.py:872:test_arcane_blast || baseline conclusion=YELLOW; current prior status=YELLOW; prior reason=3 个机制缺少充分的核心效果验证；逐机制依据见 card_mechanism.csv。,Deal $2 damage to a minion. This spell gets double bonus from Spell Damage.,对一个随从造成$2点伤害。该法术受到的法术伤害增益效果翻倍。,fireplace/cards/tgt/mage.py:48
17.6.0.53261,The Grand Tournament (TGT),AT_005,Polymorph: Boar,变形术：野猪,Spell resolution|Targeting|Transform,GREEN,implemented,yes,All listed mechanism labels were exercised by the card-specific case(s); every state assertion passed.,card_mechanism.csv#AT_005; generic-play-smoke:played; effect-evidence: reports/card_quality_full_2026-09-27/tgt_probe.csv#tgt_at_005_core_behavior; per-card: reports/card_quality_full_2026-09-27/tgt_probe.csv#tgt_at_005_core_behavior,聚合状态取该卡最差机制；普通烟测只证明可执行，不能单独构成 GREEN。 EN: Transform a minion into a 4/2 Boar with Charge. || ZH: 使一个随从变形成为一个4/2并具有冲锋的野猪。 || Implementation source: fireplace/cards/tgt/mage.py:55 || Existing test refs: none referenced || baseline conclusion=YELLOW; current prior status=YELLOW; prior reason=3 个机制缺少充分的核心效果验证；逐机制依据见 card_mechanism.csv。,Transform a minion into a 4/2 Boar with Charge.,使一个随从变形成为一个4/2并具有冲锋的野猪。,fireplace/cards/tgt/mage.py:55
17.6.0.53261,The Grand Tournament (TGT),AT_006,Dalaran Aspirant,达拉然铁骑士,Spell Damage,GREEN,implemented,yes,All listed mechanism labels were exercised by the card-specific case(s); every state assertion passed.,card_mechanism.csv#AT_006; generic-play-smoke:played; effect-evidence: reports/card_quality_full_2026-09-27/tgt_probe.csv#tgt_at_006_core_behavior; per-card: reports/card_quality_full_2026-09-27/tgt_probe.csv#tgt_at_006_core_behavior,聚合状态取该卡最差机制；普通烟测只证明可执行，不能单独构成 GREEN。 EN: Inspire: Gain Spell Damage +1. || ZH: 激励：获得法术伤害+1。 || Implementation source: fireplace/cards/tgt/mage.py:8 || Existing test refs: tests/test_tgt.py:126:test_dalaran_aspirant || baseline conclusion=YELLOW; current prior status=YELLOW; prior reason=1 个机制缺少充分的核心效果验证；逐机制依据见 card_mechanism.csv。,Inspire: Gain Spell Damage +1.,激励：获得法术伤害+1。,fireplace/cards/tgt/mage.py:8
17.6.0.53261,The Grand Tournament (TGT),AT_007,Spellslinger,嗜法者,Battlecry|Random effects,GREEN,implemented,yes,All listed mechanism labels were exercised by the card-specific case(s); every state assertion passed.,card_mechanism.csv#AT_007; generic-play-smoke:played; effect-evidence: reports/card_quality_full_2026-09-27/tgt_probe.csv#tgt_at_007_core_behavior; per-card: reports/card_quality_full_2026-09-27/tgt_probe.csv#tgt_at_007_core_behavior,聚合状态取该卡最差机制；普通烟测只证明可执行，不能单独构成 GREEN。 EN: Battlecry: Add a random spell to each player's hand. || ZH: 战吼：随机将一张法术牌置入每个玩家的手牌。 || Implementation source: fireplace/cards/tgt/mage.py:17 || Existing test refs: none referenced || baseline conclusion=YELLOW; current prior status=YELLOW; prior reason=2 个机制缺少充分的核心效果验证；逐机制依据见 card_mechanism.csv。,Battlecry: Add a random spell to each player's hand.,战吼：随机将一张法术牌置入每个玩家的手牌。,fireplace/cards/tgt/mage.py:17
17.6.0.53261,The Grand Tournament (TGT),AT_008,Coldarra Drake,考达拉幼龙,Continuous effect / Update,GREEN,implemented,yes,考达拉幼龙在场时英雄技能单回合连续实际使用三次并逐次造成伤害；幼龙离场后次数限制立即恢复；下回合重置为一次。,tests/test_brm_tgt_red_fixes.py::test_coldarra_drake_allows_repeated_hero_power_then_reverts_on_death,原始RED结论保留于known_issues_archive_2026-09-29/。 英雄技能读取允许无限次数标记-1。,You can use your Hero Power any number of times.,你可以使用任意次数的英雄技能。,fireplace/cards/tgt/mage.py:23
17.6.0.53261,The Grand Tournament (TGT),AT_009,Rhonin,罗宁,Deathrattle,GREEN,implemented,yes,All listed mechanism labels were exercised by the card-specific case(s); every state assertion passed.,card_mechanism.csv#AT_009; generic-play-smoke:played; effect-evidence: reports/card_quality_full_2026-09-27/tgt_probe.csv#tgt_at_009_core_behavior; per-card: reports/card_quality_full_2026-09-27/tgt_probe.csv#tgt_at_009_core_behavior,聚合状态取该卡最差机制；普通烟测只证明可执行，不能单独构成 GREEN。 EN: Deathrattle: Add 3 copies of Arcane Missiles to your hand. || ZH: 亡语：将三张奥术飞弹置入你的手牌。 || Implementation source: fireplace/cards/tgt/mage.py:31 || Existing test refs: none referenced || baseline conclusion=YELLOW; current prior status=YELLOW; prior reason=1 个机制缺少充分的核心效果验证；逐机制依据见 card_mechanism.csv。,Deathrattle: Add 3 copies of Arcane Missiles to your hand.,亡语：将三张奥术飞弹置入你的手牌。,fireplace/cards/tgt/mage.py:31
17.6.0.53261,The Grand Tournament (TGT),AT_010,Ram Wrangler,暴躁的牧羊人,Battlecry|Random effects|Summon,GREEN,implemented,yes,All listed mechanism labels were exercised by the card-specific case(s); every state assertion passed.,card_mechanism.csv#AT_010; generic-play-smoke:played; effect-evidence: reports/card_quality_full_2026-09-27/tgt_probe.csv#tgt_at010_with_beast; reports/card_quality_full_2026-09-27/tgt_probe.csv#tgt_at010_without_beast; per-card: reports/card_quality_full_2026-09-27/tgt_probe.csv#tgt_at010_with_beast; reports/card_quality_full_2026-09-27/tgt_probe.csv#tgt_at010_without_beast,"聚合状态取该卡最差机制；普通烟测只证明可执行，不能单独构成 GREEN。 EN: Battlecry: If you have a Beast, summon a random Beast. || ZH: 战吼：如果你控制任何野兽，则随机召唤一个野兽。 || Implementation source: fireplace/cards/tgt/hunter.py:8 || Existing test refs: none referenced || baseline conclusion=YELLOW; current prior status=YELLOW; prior reason=3 个机制缺少充分的核心效果验证；逐机制依据见 card_mechanism.csv。","Battlecry: If you have a Beast, summon a random Beast.",战吼：如果你控制任何野兽，则随机召唤一个野兽。,fireplace/cards/tgt/hunter.py:8
17.6.0.53261,The Grand Tournament (TGT),AT_011,Holy Champion,神圣勇士,Trigger,GREEN,implemented,yes,All listed mechanism labels were exercised by the card-specific case(s); every state assertion passed.,card_mechanism.csv#AT_011; generic-play-smoke:played; effect-evidence: reports/card_quality_full_2026-09-27/tgt_probe.csv#tgt_at_011_core_behavior; per-card: reports/card_quality_full_2026-09-27/tgt_probe.csv#tgt_at_011_core_behavior,"聚合状态取该卡最差机制；普通烟测只证明可执行，不能单独构成 GREEN。 EN: Whenever a character is healed, gain +2 Attack. || ZH: 每当一个角色获得治疗，便获得 +2攻击力。 || Implementation source: fireplace/cards/tgt/priest.py:8 || Existing test refs: none referenced || baseline conclusion=YELLOW; current prior status=YELLOW; prior reason=1 个机制缺少充分的核心效果验证；逐机制依据见 card_mechanism.csv。","Whenever a character is healed, gain +2 Attack.",每当一个角色获得治疗，便获得 +2攻击力。,fireplace/cards/tgt/priest.py:8
17.6.0.53261,The Grand Tournament (TGT),AT_012,Spawn of Shadows,暗影子嗣,Unclassified effect,GREEN,implemented,yes,All listed mechanism labels were exercised by the card-specific case(s); every state assertion passed.,card_mechanism.csv#AT_012; generic-play-smoke:played; effect-evidence: reports/card_quality_full_2026-09-27/tgt_probe.csv#tgt_at_012_core_behavior; per-card: reports/card_quality_full_2026-09-27/tgt_probe.csv#tgt_at_012_core_behavior,聚合状态取该卡最差机制；普通烟测只证明可执行，不能单独构成 GREEN。 EN: Inspire: Deal 4 damage to each hero. || ZH: 激励：对每个英雄造成4点伤害。 || Implementation source: fireplace/cards/tgt/priest.py:17 || Existing test refs: none referenced || baseline conclusion=YELLOW; current prior status=YELLOW; prior reason=1 个机制缺少充分的核心效果验证；逐机制依据见 card_mechanism.csv。,Inspire: Deal 4 damage to each hero.,激励：对每个英雄造成4点伤害。,fireplace/cards/tgt/priest.py:17
17.6.0.53261,The Grand Tournament (TGT),AT_013,Power Word: Glory,真言术：耀,Spell resolution|Targeting|Trigger,GREEN,implemented,yes,All listed mechanism labels were exercised by the card-specific case(s); every state assertion passed.,card_mechanism.csv#AT_013; generic-play-smoke:played; effect-evidence: reports/card_quality_full_2026-09-27/tgt_probe.csv#tgt_at_013_core_behavior; per-card: reports/card_quality_full_2026-09-27/tgt_probe.csv#tgt_at_013_core_behavior,"聚合状态取该卡最差机制；普通烟测只证明可执行，不能单独构成 GREEN。 EN: Choose a minion. Whenever it attacks, restore 4 Health to your hero. || ZH: 选择一个随从。每当其进行攻击，为你的英雄恢复 4点生命值。 || Implementation source: fireplace/cards/tgt/priest.py:54 || Existing test refs: tests/test_auchenai_soulpriest.py:61:test_auchenai_soulpriest_power_word_glory | tests/test_tgt.py:583:test_power_word_glory | tests/test_tgt.py:600:test_power_word_glory || baseline conclusion=YELLOW; current prior status=YELLOW; prior reason=3 个机制缺少充分的核心效果验证；逐机制依据见 card_mechanism.csv。","Choose a minion. Whenever it attacks, restore 4 Health to your hero.",选择一个随从。每当其进行攻击，为你的英雄恢复 4点生命值。,fireplace/cards/tgt/priest.py:54
17.6.0.53261,The Grand Tournament (TGT),AT_014,Shadowfiend,暗影魔,Draw / Discard|Trigger,GREEN,implemented,yes,All listed mechanism labels were exercised by the card-specific case(s); every state assertion passed.,card_mechanism.csv#AT_014; generic-play-smoke:played; effect-evidence: reports/card_quality_full_2026-09-27/tgt_probe.csv#tgt_at_014_core_behavior; per-card: reports/card_quality_full_2026-09-27/tgt_probe.csv#tgt_at_014_core_behavior,"聚合状态取该卡最差机制；普通烟测只证明可执行，不能单独构成 GREEN。 EN: Whenever you draw a card, reduce its Cost by (1). || ZH: 每当你抽一张牌时，使其法力值消耗减少（1）点。 || Implementation source: fireplace/cards/tgt/priest.py:23 || Existing test refs: none referenced || baseline conclusion=YELLOW; current prior status=YELLOW; prior reason=2 个机制缺少充分的核心效果验证；逐机制依据见 card_mechanism.csv。","Whenever you draw a card, reduce its Cost by (1).",每当你抽一张牌时，使其法力值消耗减少（1）点。,fireplace/cards/tgt/priest.py:23
17.6.0.53261,The Grand Tournament (TGT),AT_015,Convert,策反,Spell resolution|Targeting,GREEN,implemented,yes,All listed mechanism labels were exercised by the card-specific case(s); every state assertion passed.,card_mechanism.csv#AT_015; generic-play-smoke:played; effect-evidence: reports/card_quality_full_2026-09-27/tgt_probe.csv#tgt_at_015_core_behavior; per-card: reports/card_quality_full_2026-09-27/tgt_probe.csv#tgt_at_015_core_behavior,聚合状态取该卡最差机制；普通烟测只证明可执行，不能单独构成 GREEN。 EN: Put a copy of an enemy minion into your hand. || ZH: 将一个敌方随从的一张复制置入你的手牌。 || Implementation source: fireplace/cards/tgt/priest.py:65 || Existing test refs: none referenced || baseline conclusion=YELLOW; current prior status=YELLOW; prior reason=2 个机制缺少充分的核心效果验证；逐机制依据见 card_mechanism.csv。,Put a copy of an enemy minion into your hand.,将一个敌方随从的一张复制置入你的手牌。,fireplace/cards/tgt/priest.py:65
17.6.0.53261,The Grand Tournament (TGT),AT_016,Confuse,迷乱,Spell resolution,GREEN,implemented,yes,All listed mechanism labels were exercised by the card-specific case(s); every state assertion passed.,card_mechanism.csv#AT_016; generic-play-smoke:played; effect-evidence: reports/card_quality_full_2026-09-27/tgt_probe.csv#tgt_at_016_core_behavior; per-card: reports/card_quality_full_2026-09-27/tgt_probe.csv#tgt_at_016_core_behavior,聚合状态取该卡最差机制；普通烟测只证明可执行，不能单独构成 GREEN。 EN: Swap the Attack and Health of all minions. || ZH: 将所有随从的攻击力和生命值 互换。 || Implementation source: fireplace/cards/tgt/priest.py:76 || Existing test refs: none referenced || baseline conclusion=YELLOW; current prior status=YELLOW; prior reason=1 个机制缺少充分的核心效果验证；逐机制依据见 card_mechanism.csv。,Swap the Attack and Health of all minions.,将所有随从的攻击力和生命值 互换。,fireplace/cards/tgt/priest.py:76
17.6.0.53261,The Grand Tournament (TGT),AT_017,Twilight Guardian,暮光守护者,Battlecry,GREEN,implemented,yes,All listed mechanism labels were exercised by the card-specific case(s); every state assertion passed.,card_mechanism.csv#AT_017; generic-play-smoke:played; effect-evidence: reports/card_quality_full_2026-09-27/tgt_probe.csv#tgt_at017_holding_dragon; reports/card_quality_full_2026-09-27/tgt_probe.csv#tgt_at017_no_dragon; per-card: reports/card_quality_full_2026-09-27/tgt_probe.csv#tgt_at017_holding_dragon; reports/card_quality_full_2026-09-27/tgt_probe.csv#tgt_at017_no_dragon,"聚合状态取该卡最差机制；普通烟测只证明可执行，不能单独构成 GREEN。 EN: Battlecry: If you're holding a Dragon, gain +1 Attack and Taunt. || ZH: 战吼：如果你的手牌中有龙牌，便获得+1攻击力和嘲讽。 || Implementation source: fireplace/cards/tgt/neutral_epic.py:8 || Existing test refs: none referenced || baseline conclusion=YELLOW; current prior status=YELLOW; prior reason=1 个机制缺少充分的核心效果验证；逐机制依据见 card_mechanism.csv。","Battlecry: If you're holding a Dragon, gain +1 Attack and Taunt.",战吼：如果你的手牌中有龙牌，便获得+1攻击力和嘲讽。,fireplace/cards/tgt/neutral_epic.py:8
17.6.0.53261,The Grand Tournament (TGT),AT_018,Confessor Paletress,银色神官帕尔崔丝,Random effects|Summon,GREEN,implemented,yes,All listed mechanism labels were exercised by the card-specific case(s); every state assertion passed.,card_mechanism.csv#AT_018; generic-play-smoke:played; effect-evidence: reports/card_quality_full_2026-09-27/tgt_probe.csv#tgt_at_018_core_behavior; per-card: reports/card_quality_full_2026-09-27/tgt_probe.csv#tgt_at_018_core_behavior,聚合状态取该卡最差机制；普通烟测只证明可执行，不能单独构成 GREEN。 EN: Inspire: Summon a random Legendary minion. || ZH: 激励：随机召唤一个传说随从。 || Implementation source: fireplace/cards/tgt/priest.py:34 || Existing test refs: none referenced || baseline conclusion=YELLOW; current prior status=YELLOW; prior reason=2 个机制缺少充分的核心效果验证；逐机制依据见 card_mechanism.csv。,Inspire: Summon a random Legendary minion.,激励：随机召唤一个传说随从。,fireplace/cards/tgt/priest.py:34
17.6.0.53261,The Grand Tournament (TGT),AT_019,Dreadsteed,恐惧战马,Deathrattle|Summon,GREEN,implemented,yes,All listed mechanism labels were exercised by the card-specific case(s); every state assertion passed.,card_mechanism.csv#AT_019; generic-play-smoke:played; effect-evidence: reports/card_quality_full_2026-09-27/tgt_probe.csv#tgt_at_019_core_behavior; per-card: reports/card_quality_full_2026-09-27/tgt_probe.csv#tgt_at_019_core_behavior,"聚合状态取该卡最差机制；普通烟测只证明可执行，不能单独构成 GREEN。 EN: Deathrattle: At the end  of the turn, summon a Dreadsteed. || ZH: 亡语： 在回合结束时，召唤一匹恐惧战马。 || Implementation source: fireplace/cards/tgt/warlock.py:8 || Existing test refs: tests/test_tgt.py:227:test_dreadsteed | tests/test_tgt.py:236:test_dreadsteed || baseline conclusion=YELLOW; current prior status=YELLOW; prior reason=1 个机制缺少充分的核心效果验证；逐机制依据见 card_mechanism.csv。","Deathrattle: At the end  of the turn, summon a Dreadsteed.",亡语： 在回合结束时，召唤一匹恐惧战马。,fireplace/cards/tgt/warlock.py:8
17.6.0.53261,The Grand Tournament (TGT),AT_021,Tiny Knight of Evil,小鬼骑士,Draw / Discard|Trigger,GREEN,implemented,yes,All listed mechanism labels were exercised by the card-specific case(s); every state assertion passed.,card_mechanism.csv#AT_021; generic-play-smoke:played; effect-evidence: reports/card_quality_full_2026-09-27/tgt_probe.csv#tgt_at_021_core_behavior; per-card: reports/card_quality_full_2026-09-27/tgt_probe.csv#tgt_at_021_core_behavior,"聚合状态取该卡最差机制；普通烟测只证明可执行，不能单独构成 GREEN。 EN: Whenever you discard a card, gain +1/+1. || ZH: 每当你弃掉一张牌时，便获得+1/+1。 || Implementation source: fireplace/cards/tgt/warlock.py:18 || Existing test refs: tests/test_tgt.py:748:test_tiny_knight_of_evil || baseline conclusion=YELLOW; current prior status=YELLOW; prior reason=2 个机制缺少充分的核心效果验证；逐机制依据见 card_mechanism.csv。","Whenever you discard a card, gain +1/+1.",每当你弃掉一张牌时，便获得+1/+1。,fireplace/cards/tgt/warlock.py:18
17.6.0.53261,The Grand Tournament (TGT),AT_022,Fist of Jaraxxus,加拉克苏斯之拳,Draw / Discard|Random effects|Spell resolution|Trigger,GREEN,implemented,yes,All listed mechanism labels were exercised by the card-specific case(s); every state assertion passed.,card_mechanism.csv#AT_022; generic-play-smoke:played; effect-evidence: reports/card_quality_full_2026-09-27/tgt_probe.csv#tgt_at022_play_trigger; reports/card_quality_full_2026-09-27/tgt_probe.csv#tgt_at022_discard_trigger; per-card: reports/card_quality_full_2026-09-27/tgt_probe.csv#tgt_at022_play_trigger; reports/card_quality_full_2026-09-27/tgt_probe.csv#tgt_at022_discard_trigger,"聚合状态取该卡最差机制；普通烟测只证明可执行，不能单独构成 GREEN。 EN: When you play or discard this, deal $4 damage to a random enemy. || ZH: 当你使用或弃掉这张牌时，随机对一个敌人造成$4点伤害。 || Implementation source: fireplace/cards/tgt/warlock.py:54 || Existing test refs: tests/test_tgt.py:317:test_fist_of_jaraxxus | tests/test_tgt.py:322:test_fist_of_jaraxxus || baseline conclusion=YELLOW; current prior status=YELLOW; prior reason=4 个机制缺少充分的核心效果验证；逐机制依据见 card_mechanism.csv。","When you play or discard this, deal $4 damage to a random enemy.",当你使用或弃掉这张牌时，随机对一个敌人造成$4点伤害。,fireplace/cards/tgt/warlock.py:54
17.6.0.53261,The Grand Tournament (TGT),AT_023,Void Crusher,虚空碾压者,Random effects,GREEN,implemented,yes,All listed mechanism labels were exercised by the card-specific case(s); every state assertion passed.,card_mechanism.csv#AT_023; generic-play-smoke:played; effect-evidence: reports/card_quality_full_2026-09-27/tgt_probe.csv#tgt_at_023_core_behavior; per-card: reports/card_quality_full_2026-09-27/tgt_probe.csv#tgt_at_023_core_behavior,聚合状态取该卡最差机制；普通烟测只证明可执行，不能单独构成 GREEN。 EN: Inspire: Destroy a random minion for each player. || ZH: 激励：随机消灭每个玩家的一个随从。 || Implementation source: fireplace/cards/tgt/warlock.py:27 || Existing test refs: tests/test_tgt.py:783:test_void_crusher || baseline conclusion=YELLOW; current prior status=YELLOW; prior reason=1 个机制缺少充分的核心效果验证；逐机制依据见 card_mechanism.csv。,Inspire: Destroy a random minion for each player.,激励：随机消灭每个玩家的一个随从。,fireplace/cards/tgt/warlock.py:27
17.6.0.53261,The Grand Tournament (TGT),AT_024,Demonfuse,恶魔融合,Spell resolution|Targeting,GREEN,implemented,yes,All listed mechanism labels were exercised by the card-specific case(s); every state assertion passed.,card_mechanism.csv#AT_024; generic-play-smoke:unplayable_in_generic_setup; effect-evidence: reports/card_quality_full_2026-09-27/tgt_probe.csv#tgt_at_024_core_behavior; per-card: reports/card_quality_full_2026-09-27/tgt_probe.csv#tgt_at_024_core_behavior,聚合状态取该卡最差机制；普通烟测只证明可执行，不能单独构成 GREEN。 EN: Give a Demon +3/+3. Give your opponent a Mana Crystal. || ZH: 使一个恶魔获得+3/+3，使你的对手获得一个法力水晶。 || Implementation source: fireplace/cards/tgt/warlock.py:61 || Existing test refs: tests/test_tgt.py:163:test_demonfuse | tests/test_tgt.py:178:test_demonfuse_sense_demons | tests/test_tgt.py:180:test_demonfuse_sense_demons || baseline conclusion=YELLOW; current prior status=YELLOW; prior reason=2 个机制缺少充分的核心效果验证；逐机制依据见 card_mechanism.csv。,Give a Demon +3/+3. Give your opponent a Mana Crystal.,使一个恶魔获得+3/+3，使你的对手获得一个法力水晶。,fireplace/cards/tgt/warlock.py:61
17.6.0.53261,The Grand Tournament (TGT),AT_025,Dark Bargain,黑暗交易,Draw / Discard|Random effects|Spell resolution,GREEN,implemented,yes,All listed mechanism labels were exercised by the card-specific case(s); every state assertion passed.,card_mechanism.csv#AT_025; generic-play-smoke:played; effect-evidence: reports/card_quality_full_2026-09-27/tgt_probe.csv#tgt_at_025_core_behavior; per-card: reports/card_quality_full_2026-09-27/tgt_probe.csv#tgt_at_025_core_behavior,聚合状态取该卡最差机制；普通烟测只证明可执行，不能单独构成 GREEN。 EN: Destroy 2 random enemy minions. Discard 2 random cards. || ZH: 随机消灭两个敌方随从，随机弃两张牌。 || Implementation source: fireplace/cards/tgt/warlock.py:75 || Existing test refs: tests/test_tgt.py:154:test_dark_bargain || baseline conclusion=YELLOW; current prior status=YELLOW; prior reason=3 个机制缺少充分的核心效果验证；逐机制依据见 card_mechanism.csv。,Destroy 2 random enemy minions. Discard 2 random cards.,随机消灭两个敌方随从，随机弃两张牌。,fireplace/cards/tgt/warlock.py:75
17.6.0.53261,The Grand Tournament (TGT),AT_026,Wrathguard,愤怒卫士,Trigger,GREEN,implemented,yes,All listed mechanism labels were exercised by the card-specific case(s); every state assertion passed.,card_mechanism.csv#AT_026; generic-play-smoke:played; effect-evidence: reports/card_quality_full_2026-09-27/tgt_probe.csv#tgt_at_026_core_behavior; per-card: reports/card_quality_full_2026-09-27/tgt_probe.csv#tgt_at_026_core_behavior,"聚合状态取该卡最差机制；普通烟测只证明可执行，不能单独构成 GREEN。 EN: Whenever this minion takes damage, also deal that amount to your hero. || ZH: 每当该随从受到伤害，对你的英雄造成等量的伤害。 || Implementation source: fireplace/cards/tgt/warlock.py:33 || Existing test refs: tests/test_tgt.py:816:test_wrathguard || baseline conclusion=YELLOW; current prior status=YELLOW; prior reason=1 个机制缺少充分的核心效果验证；逐机制依据见 card_mechanism.csv。","Whenever this minion takes damage, also deal that amount to your hero.",每当该随从受到伤害，对你的英雄造成等量的伤害。,fireplace/cards/tgt/warlock.py:33
17.6.0.53261,The Grand Tournament (TGT),AT_027,Wilfred Fizzlebang,威尔弗雷德·菲兹班,Draw / Discard|Trigger,GREEN,implemented,yes,All listed mechanism labels were exercised by the card-specific case(s); every state assertion passed.,card_mechanism.csv#AT_027; generic-play-smoke:played; effect-evidence: reports/card_quality_full_2026-09-27/tgt_probe.csv#tgt_at_027_core_behavior; per-card: reports/card_quality_full_2026-09-27/tgt_probe.csv#tgt_at_027_core_behavior,聚合状态取该卡最差机制；普通烟测只证明可执行，不能单独构成 GREEN。 EN: Cards you draw from your Hero Power cost (0). || ZH: 你通过英雄技能抽到的卡牌，其法力值消耗为（0）点。 || Implementation source: fireplace/cards/tgt/warlock.py:39 || Existing test refs: tests/test_tgt.py:796:test_wilfred_fizzlebang || baseline conclusion=YELLOW; current prior status=YELLOW; prior reason=2 个机制缺少充分的核心效果验证；逐机制依据见 card_mechanism.csv。,Cards you draw from your Hero Power cost (0).,你通过英雄技能抽到的卡牌，其法力值消耗为（0）点。,fireplace/cards/tgt/warlock.py:39
17.6.0.53261,The Grand Tournament (TGT),AT_028,Shado-Pan Rider,影踪骁骑兵,Combo,GREEN,implemented,yes,All listed mechanism labels were exercised by the card-specific case(s); every state assertion passed.,card_mechanism.csv#AT_028; generic-play-smoke:played; effect-evidence: reports/card_quality_full_2026-09-27/tgt_probe.csv#tgt_at_028_core_behavior; per-card: reports/card_quality_full_2026-09-27/tgt_probe.csv#tgt_at_028_core_behavior,聚合状态取该卡最差机制；普通烟测只证明可执行，不能单独构成 GREEN。 EN: Combo: Gain +3 Attack. || ZH: 连击： 获得+3攻击力。 || Implementation source: fireplace/cards/tgt/rogue.py:8 || Existing test refs: none referenced || baseline conclusion=YELLOW; current prior status=YELLOW; prior reason=1 个机制缺少充分的核心效果验证；逐机制依据见 card_mechanism.csv。,Combo: Gain +3 Attack.,连击： 获得+3攻击力。,fireplace/cards/tgt/rogue.py:8
17.6.0.53261,The Grand Tournament (TGT),AT_029,Buccaneer,锈水海盗,Summon|Trigger,GREEN,implemented,yes,All listed mechanism labels were exercised by the card-specific case(s); every state assertion passed.,card_mechanism.csv#AT_029; generic-play-smoke:played; effect-evidence: reports/card_quality_full_2026-09-27/tgt_probe.csv#tgt_at_029_core_behavior; per-card: reports/card_quality_full_2026-09-27/tgt_probe.csv#tgt_at_029_core_behavior,"聚合状态取该卡最差机制；普通烟测只证明可执行，不能单独构成 GREEN。 EN: Whenever you equip a weapon, give it +1 Attack. || ZH: 每当你装备一把武器，使武器获得+1攻击力。 || Implementation source: fireplace/cards/tgt/rogue.py:17 || Existing test refs: none referenced || baseline conclusion=YELLOW; current prior status=YELLOW; prior reason=2 个机制缺少充分的核心效果验证；逐机制依据见 card_mechanism.csv。","Whenever you equip a weapon, give it +1 Attack.",每当你装备一把武器，使武器获得+1攻击力。,fireplace/cards/tgt/rogue.py:17
17.6.0.53261,The Grand Tournament (TGT),AT_030,Undercity Valiant,幽暗城勇士,Combo|Targeting,GREEN,implemented,yes,All listed mechanism labels were exercised by the card-specific case(s); every state assertion passed.,card_mechanism.csv#AT_030; generic-play-smoke:played; effect-evidence: reports/card_quality_full_2026-09-27/tgt_probe.csv#tgt_at030_combo; reports/card_quality_full_2026-09-27/tgt_probe.csv#tgt_at030_no_combo; per-card: reports/card_quality_full_2026-09-27/tgt_probe.csv#tgt_at030_combo; reports/card_quality_full_2026-09-27/tgt_probe.csv#tgt_at030_no_combo,聚合状态取该卡最差机制；普通烟测只证明可执行，不能单独构成 GREEN。 EN: Combo: Deal 1 damage. || ZH: 连击：造成1点伤害。 || Implementation source: fireplace/cards/tgt/rogue.py:26 || Existing test refs: none referenced || baseline conclusion=YELLOW; current prior status=YELLOW; prior reason=2 个机制缺少充分的核心效果验证；逐机制依据见 card_mechanism.csv。,Combo: Deal 1 damage.,连击：造成1点伤害。,fireplace/cards/tgt/rogue.py:26
17.6.0.53261,The Grand Tournament (TGT),AT_031,Cutpurse,窃贼,Trigger,GREEN,implemented,yes,All listed mechanism labels were exercised by the card-specific case(s); every state assertion passed.,card_mechanism.csv#AT_031; generic-play-smoke:played; effect-evidence: reports/card_quality_full_2026-09-27/tgt_probe.csv#tgt_at_031_core_behavior; per-card: reports/card_quality_full_2026-09-27/tgt_probe.csv#tgt_at_031_core_behavior,"聚合状态取该卡最差机制；普通烟测只证明可执行，不能单独构成 GREEN。 EN: Whenever this minion attacks a hero, add the Coin to your hand. || ZH: 每当该随从攻击一方英雄，会将幸运币置入你的手牌。 || Implementation source: fireplace/cards/tgt/rogue.py:33 || Existing test refs: none referenced || baseline conclusion=YELLOW; current prior status=YELLOW; prior reason=1 个机制缺少充分的核心效果验证；逐机制依据见 card_mechanism.csv。","Whenever this minion attacks a hero, add the Coin to your hand.",每当该随从攻击一方英雄，会将幸运币置入你的手牌。,fireplace/cards/tgt/rogue.py:33
17.6.0.53261,The Grand Tournament (TGT),AT_032,Shady Dealer,走私商贩,Battlecry,GREEN,implemented,yes,All listed mechanism labels were exercised by the card-specific case(s); every state assertion passed.,card_mechanism.csv#AT_032; generic-play-smoke:played; effect-evidence: reports/card_quality_full_2026-09-27/tgt_probe.csv#tgt_at032_with_pirate; reports/card_quality_full_2026-09-27/tgt_probe.csv#tgt_at032_without_pirate; per-card: reports/card_quality_full_2026-09-27/tgt_probe.csv#tgt_at032_with_pirate; reports/card_quality_full_2026-09-27/tgt_probe.csv#tgt_at032_without_pirate,"聚合状态取该卡最差机制；普通烟测只证明可执行，不能单独构成 GREEN。 EN: Battlecry: If you have a Pirate, gain +1/+1. || ZH: 战吼：如果你控制任何海盗，便获得+1/+1。 || Implementation source: fireplace/cards/tgt/rogue.py:39 || Existing test refs: none referenced || baseline conclusion=YELLOW; current prior status=YELLOW; prior reason=1 个机制缺少充分的核心效果验证；逐机制依据见 card_mechanism.csv。","Battlecry: If you have a Pirate, gain +1/+1.",战吼：如果你控制任何海盗，便获得+1/+1。,fireplace/cards/tgt/rogue.py:39
17.6.0.53261,The Grand Tournament (TGT),AT_033,Burgle,剽窃,Random effects|Spell resolution,GREEN,implemented,yes,All listed mechanism labels were exercised by the card-specific case(s); every state assertion passed.,card_mechanism.csv#AT_033; generic-play-smoke:played; effect-evidence: reports/card_quality_full_2026-09-27/tgt_probe.csv#tgt_at_033_core_behavior; per-card: reports/card_quality_full_2026-09-27/tgt_probe.csv#tgt_at_033_core_behavior,聚合状态取该卡最差机制；普通烟测只证明可执行，不能单独构成 GREEN。 EN: Add 2 random cards to your hand (from your opponent's class). || ZH: 随机将两张（你对手职业的）卡牌置入你的手牌。 || Implementation source: fireplace/cards/tgt/rogue.py:59 || Existing test refs: tests/test_tgt.py:117:test_burgle || baseline conclusion=YELLOW; current prior status=YELLOW; prior reason=2 个机制缺少充分的核心效果验证；逐机制依据见 card_mechanism.csv。,Add 2 random cards to your hand (from your opponent's class).,随机将两张（你对手职业的）卡牌置入你的手牌。,fireplace/cards/tgt/rogue.py:59
17.6.0.53261,The Grand Tournament (TGT),AT_034,Poisoned Blade,淬毒利刃,Weapon,GREEN,implemented,yes,All listed mechanism labels were exercised by the card-specific case(s); every state assertion passed.,card_mechanism.csv#AT_034; generic-play-smoke:played; effect-evidence: reports/card_quality_full_2026-09-27/tgt_probe.csv#tgt_at_034_core_behavior; per-card: reports/card_quality_full_2026-09-27/tgt_probe.csv#tgt_at_034_core_behavior,聚合状态取该卡最差机制；普通烟测只证明可执行，不能单独构成 GREEN。 EN: Your Hero Power gives this weapon +1 Attack instead of replacing it. || ZH: 你的英雄技能不会取代该武器，改为+1攻击力。 || Implementation source: fireplace/cards/tgt/rogue.py:80 || Existing test refs: tests/test_tgt.py:881:test_poisoned_blade | tests/test_tgt.py:878:test_poisoned_blade || baseline conclusion=YELLOW; current prior status=YELLOW; prior reason=1 个机制缺少充分的核心效果验证；逐机制依据见 card_mechanism.csv。,Your Hero Power gives this weapon +1 Attack instead of replacing it.,你的英雄技能不会取代该武器，改为+1攻击力。,fireplace/cards/tgt/rogue.py:80
17.6.0.53261,The Grand Tournament (TGT),AT_035,Beneath the Grounds,危机四伏,Spell resolution|Summon|Trigger,GREEN,implemented,yes,All listed mechanism labels were exercised by the card-specific case(s); every state assertion passed.,card_mechanism.csv#AT_035; generic-play-smoke:played; effect-evidence: reports/card_quality_full_2026-09-27/tgt_probe.csv#tgt_at_035_core_behavior; per-card: reports/card_quality_full_2026-09-27/tgt_probe.csv#tgt_at_035_core_behavior,"聚合状态取该卡最差机制；普通烟测只证明可执行，不能单独构成 GREEN。 EN: Shuffle 3 Ambushes into your opponent's deck. When drawn, you summon a 4/4 Nerubian. || ZH: 将三张伏击牌洗入你对手的牌库。当你的对手抽到该牌，便为你召唤一个4/4的蛛魔。 || Implementation source: fireplace/cards/tgt/rogue.py:65 || Existing test refs: tests/test_tgt.py:86:test_beneath_the_grounds || baseline conclusion=YELLOW; current prior status=YELLOW; prior reason=3 个机制缺少充分的核心效果验证；逐机制依据见 card_mechanism.csv。","Shuffle 3 Ambushes into your opponent's deck. When drawn, you summon a 4/4 Nerubian.",将三张伏击牌洗入你对手的牌库。当你的对手抽到该牌，便为你召唤一个4/4的蛛魔。,fireplace/cards/tgt/rogue.py:65
17.6.0.53261,The Grand Tournament (TGT),AT_036,Anub'arak,阿努巴拉克,Deathrattle|Summon,GREEN,implemented,yes,All listed mechanism labels were exercised by the card-specific case(s); every state assertion passed.,card_mechanism.csv#AT_036; generic-play-smoke:played; effect-evidence: reports/card_quality_full_2026-09-27/tgt_probe.csv#tgt_at_036_core_behavior; per-card: reports/card_quality_full_2026-09-27/tgt_probe.csv#tgt_at_036_core_behavior,聚合状态取该卡最差机制；普通烟测只证明可执行，不能单独构成 GREEN。 EN: Deathrattle: Return this to your hand and summon a 4/4 Nerubian. || ZH: 亡语：将该随从移回你的手牌，召唤一个4/4的蛛魔。 || Implementation source: fireplace/cards/tgt/rogue.py:49 || Existing test refs: tests/test_tgt.py:7:test_anubarak | tests/test_tgt.py:18:test_anubarak || baseline conclusion=YELLOW; current prior status=YELLOW; prior reason=1 个机制缺少充分的核心效果验证；逐机制依据见 card_mechanism.csv。,Deathrattle: Return this to your hand and summon a 4/4 Nerubian.,亡语：将该随从移回你的手牌，召唤一个4/4的蛛魔。,fireplace/cards/tgt/rogue.py:49
17.6.0.53261,The Grand Tournament (TGT),AT_037,Living Roots,活体根须,Choose One|Spell resolution|Summon|Targeting,GREEN,implemented,yes,All listed mechanism labels were exercised by the card-specific case(s); every state assertion passed.,card_mechanism.csv#AT_037; generic-play-smoke:played; effect-evidence: reports/card_quality_full_2026-09-27/tgt_probe.csv#tgt_at037_choose_damage; reports/card_quality_full_2026-09-27/tgt_probe.csv#tgt_at037_choose_saplings; per-card: reports/card_quality_full_2026-09-27/tgt_probe.csv#tgt_at037_choose_damage; reports/card_quality_full_2026-09-27/tgt_probe.csv#tgt_at037_choose_saplings,聚合状态取该卡最差机制；普通烟测只证明可执行，不能单独构成 GREEN。 EN: Choose One - Deal $2 damage; or Summon two 1/1 Saplings. || ZH: 抉择：造成$2点伤害；或者召唤两个1/1的树苗。 || Implementation source: fireplace/cards/tgt/druid.py:76 || Existing test refs: none referenced || baseline conclusion=YELLOW; current prior status=YELLOW; prior reason=4 个机制缺少充分的核心效果验证；逐机制依据见 card_mechanism.csv。,Choose One - Deal $2 damage; or Summon two 1/1 Saplings.,抉择：造成$2点伤害；或者召唤两个1/1的树苗。,fireplace/cards/tgt/druid.py:76
17.6.0.53261,The Grand Tournament (TGT),AT_038,Darnassus Aspirant,达纳苏斯豹骑士,Battlecry|Deathrattle,GREEN,implemented,yes,All listed mechanism labels were exercised by the card-specific case(s); every state assertion passed.,card_mechanism.csv#AT_038; generic-play-smoke:played; effect-evidence: reports/card_quality_full_2026-09-27/tgt_probe.csv#tgt_at_038_core_behavior; per-card: reports/card_quality_full_2026-09-27/tgt_probe.csv#tgt_at_038_core_behavior,聚合状态取该卡最差机制；普通烟测只证明可执行，不能单独构成 GREEN。 EN: Battlecry: Gain an empty Mana Crystal. Deathrattle: Lose a Mana Crystal. || ZH: 战吼：获得一个空的法力水晶。 亡语：失去一个法力水晶。 || Implementation source: fireplace/cards/tgt/druid.py:8 || Existing test refs: tests/test_tgt.py:848:test_darnassus_aspirant || baseline conclusion=YELLOW; current prior status=YELLOW; prior reason=1 个机制缺少充分的核心效果验证；逐机制依据见 card_mechanism.csv。,Battlecry: Gain an empty Mana Crystal. Deathrattle: Lose a Mana Crystal.,战吼：获得一个空的法力水晶。 亡语：失去一个法力水晶。,fireplace/cards/tgt/druid.py:8
17.6.0.53261,The Grand Tournament (TGT),AT_039,Savage Combatant,狂野争斗者,Unclassified effect,GREEN,implemented,yes,All listed mechanism labels were exercised by the card-specific case(s); every state assertion passed.,card_mechanism.csv#AT_039; generic-play-smoke:played; effect-evidence: reports/card_quality_full_2026-09-27/tgt_probe.csv#tgt_at_039_core_behavior; per-card: reports/card_quality_full_2026-09-27/tgt_probe.csv#tgt_at_039_core_behavior,聚合状态取该卡最差机制；普通烟测只证明可执行，不能单独构成 GREEN。 EN: Inspire: Give your hero +2 Attack this turn. || ZH: 激励：在本回合中，使你的英雄获得+2攻击力。 || Implementation source: fireplace/cards/tgt/druid.py:15 || Existing test refs: none referenced || baseline conclusion=YELLOW; current prior status=YELLOW; prior reason=1 个机制缺少充分的核心效果验证；逐机制依据见 card_mechanism.csv。,Inspire: Give your hero +2 Attack this turn.,激励：在本回合中，使你的英雄获得+2攻击力。,fireplace/cards/tgt/druid.py:15
17.6.0.53261,The Grand Tournament (TGT),AT_040,Wildwalker,荒野行者,Battlecry|Targeting,GREEN,implemented,yes,All listed mechanism labels were exercised by the card-specific case(s); every state assertion passed.,card_mechanism.csv#AT_040; generic-play-smoke:played; effect-evidence: reports/card_quality_full_2026-09-27/tgt_probe.csv#tgt_at_040_core_behavior; per-card: reports/card_quality_full_2026-09-27/tgt_probe.csv#tgt_at_040_core_behavior,聚合状态取该卡最差机制；普通烟测只证明可执行，不能单独构成 GREEN。 EN: Battlecry: Give a friendly Beast +3 Health. || ZH: 战吼：使一个友方野兽获得+3生命值。 || Implementation source: fireplace/cards/tgt/druid.py:24 || Existing test refs: none referenced || baseline conclusion=YELLOW; current prior status=YELLOW; prior reason=2 个机制缺少充分的核心效果验证；逐机制依据见 card_mechanism.csv。,Battlecry: Give a friendly Beast +3 Health.,战吼：使一个友方野兽获得+3生命值。,fireplace/cards/tgt/druid.py:24
17.6.0.53261,The Grand Tournament (TGT),AT_041,Knight of the Wild,荒野骑士,Cost modification|Summon|Trigger,GREEN,implemented,yes,All listed mechanism labels were exercised by the card-specific case(s); every state assertion passed.,card_mechanism.csv#AT_041; generic-play-smoke:played; effect-evidence: reports/card_quality_full_2026-09-27/tgt_probe.csv#tgt_at_041_core_behavior; per-card: reports/card_quality_full_2026-09-27/tgt_probe.csv#tgt_at_041_core_behavior,"聚合状态取该卡最差机制；普通烟测只证明可执行，不能单独构成 GREEN。 EN: Whenever you summon a Beast, reduce the Cost of this card by (1). || ZH: 每当你召唤一个野兽，该随从牌的法力值消耗减少（1）点。 || Implementation source: fireplace/cards/tgt/druid.py:39 || Existing test refs: none referenced || baseline conclusion=YELLOW; current prior status=YELLOW; prior reason=3 个机制缺少充分的核心效果验证；逐机制依据见 card_mechanism.csv。","Whenever you summon a Beast, reduce the Cost of this card by (1).",每当你召唤一个野兽，该随从牌的法力值消耗减少（1）点。,fireplace/cards/tgt/druid.py:39
17.6.0.53261,The Grand Tournament (TGT),AT_042,Druid of the Saber,刃牙德鲁伊,Choose One|Transform,GREEN,implemented,yes,All listed mechanism labels were exercised by the card-specific case(s); every state assertion passed.,card_mechanism.csv#AT_042; generic-play-smoke:played; effect-evidence: reports/card_quality_full_2026-09-27/tgt_probe.csv#tgt_at_042_core_behavior; per-card: reports/card_quality_full_2026-09-27/tgt_probe.csv#tgt_at_042_core_behavior,聚合状态取该卡最差机制；普通烟测只证明可执行，不能单独构成 GREEN。 EN: [x]Choose One - Transform into a 2/1 with Charge; or a 3/2 with Stealth. || ZH: 抉择：将该随从变形成为2/1并具有冲锋；或者将该随从变形成为3/2并具有潜行。 || Implementation source: fireplace/cards/tgt/druid.py:51 || Existing test refs: none referenced || baseline conclusion=YELLOW; current prior status=YELLOW; prior reason=2 个机制缺少充分的核心效果验证；逐机制依据见 card_mechanism.csv。,[x]Choose One - Transform into a 2/1 with Charge; or a 3/2 with Stealth.,抉择：将该随从变形成为2/1并具有冲锋；或者将该随从变形成为3/2并具有潜行。,fireplace/cards/tgt/druid.py:51
17.6.0.53261,The Grand Tournament (TGT),AT_043,Astral Communion,星界沟通,Draw / Discard|Spell resolution,GREEN,implemented,yes,All listed mechanism labels were exercised by the card-specific case(s); every state assertion passed.,card_mechanism.csv#AT_043; generic-play-smoke:played; effect-evidence: reports/card_quality_full_2026-09-27/tgt_probe.csv#tgt_at_043_core_behavior; per-card: reports/card_quality_full_2026-09-27/tgt_probe.csv#tgt_at_043_core_behavior,聚合状态取该卡最差机制；普通烟测只证明可执行，不能单独构成 GREEN。 EN: Gain 10 Mana Crystals. Discard your hand. || ZH: 获得十个法力水晶。弃掉 你的手牌。 || Implementation source: fireplace/cards/tgt/druid.py:96 || Existing test refs: tests/test_tgt.py:34:test_astral_communion | tests/test_tgt.py:49:test_astral_communion_full_mana || baseline conclusion=YELLOW; current prior status=YELLOW; prior reason=2 个机制缺少充分的核心效果验证；逐机制依据见 card_mechanism.csv。,Gain 10 Mana Crystals. Discard your hand.,获得十个法力水晶。弃掉 你的手牌。,fireplace/cards/tgt/druid.py:96
17.6.0.53261,The Grand Tournament (TGT),AT_044,Mulch,腐根,Random effects|Spell resolution|Targeting,GREEN,implemented,yes,All listed mechanism labels were exercised by the card-specific case(s); every state assertion passed.,card_mechanism.csv#AT_044; generic-play-smoke:played; effect-evidence: reports/card_quality_full_2026-09-27/tgt_probe.csv#tgt_at_044_core_behavior; per-card: reports/card_quality_full_2026-09-27/tgt_probe.csv#tgt_at_044_core_behavior,聚合状态取该卡最差机制；普通烟测只证明可执行，不能单独构成 GREEN。 EN: Destroy a minion. Add a random minion to your opponent's hand. || ZH: 消灭一个随从。随机将一张随从牌置入对手的手牌。 || Implementation source: fireplace/cards/tgt/druid.py:105 || Existing test refs: none referenced || baseline conclusion=YELLOW; current prior status=YELLOW; prior reason=3 个机制缺少充分的核心效果验证；逐机制依据见 card_mechanism.csv。,Destroy a minion. Add a random minion to your opponent's hand.,消灭一个随从。随机将一张随从牌置入对手的手牌。,fireplace/cards/tgt/druid.py:105
17.6.0.53261,The Grand Tournament (TGT),AT_045,Aviana,艾维娜,Aura|Continuous effect / Update|Cost modification,GREEN,implemented,yes,All listed mechanism labels were exercised by the card-specific case(s); every state assertion passed.,card_mechanism.csv#AT_045; generic-play-smoke:played; effect-evidence: reports/card_quality_full_2026-09-27/tgt_probe.csv#tgt_at_045_core_behavior; per-card: reports/card_quality_full_2026-09-27/tgt_probe.csv#tgt_at_045_core_behavior,聚合状态取该卡最差机制；普通烟测只证明可执行，不能单独构成 GREEN。 EN: Your minions cost (1). || ZH: 你的随从牌的法力值消耗为（1）点。 || Implementation source: fireplace/cards/tgt/druid.py:66 || Existing test refs: tests/test_tgt.py:61:test_aviana || baseline conclusion=YELLOW; current prior status=YELLOW; prior reason=3 个机制缺少充分的核心效果验证；逐机制依据见 card_mechanism.csv。,Your minions cost (1).,你的随从牌的法力值消耗为（1）点。,fireplace/cards/tgt/druid.py:66
17.6.0.53261,The Grand Tournament (TGT),AT_046,Tuskarr Totemic,海象人图腾师,Battlecry|Random effects|Summon,GREEN,implemented,yes,All listed mechanism labels were exercised by the card-specific case(s); every state assertion passed.,card_mechanism.csv#AT_046; generic-play-smoke:played; effect-evidence: reports/card_quality_full_2026-09-27/tgt_probe.csv#tgt_at_046_core_behavior; per-card: reports/card_quality_full_2026-09-27/tgt_probe.csv#tgt_at_046_core_behavior,聚合状态取该卡最差机制；普通烟测只证明可执行，不能单独构成 GREEN。 EN: Battlecry: Summon a random basic Totem. || ZH: 战吼：随机召唤一个基础图腾。 || Implementation source: fireplace/cards/tgt/shaman.py:8 || Existing test refs: none referenced || baseline conclusion=YELLOW; current prior status=YELLOW; prior reason=3 个机制缺少充分的核心效果验证；逐机制依据见 card_mechanism.csv。,Battlecry: Summon a random basic Totem.,战吼：随机召唤一个基础图腾。,fireplace/cards/tgt/shaman.py:8
17.6.0.53261,The Grand Tournament (TGT),AT_047,Draenei Totemcarver,德莱尼图腾师,Battlecry,GREEN,implemented,yes,All listed mechanism labels were exercised by the card-specific case(s); every state assertion passed.,card_mechanism.csv#AT_047; generic-play-smoke:played; effect-evidence: reports/card_quality_full_2026-09-27/tgt_probe.csv#tgt_at_047_core_behavior; per-card: reports/card_quality_full_2026-09-27/tgt_probe.csv#tgt_at_047_core_behavior,聚合状态取该卡最差机制；普通烟测只证明可执行，不能单独构成 GREEN。 EN: Battlecry: Gain +1/+1 for each friendly Totem. || ZH: 战吼：每有一个友方图腾，便获得+1/+1。 || Implementation source: fireplace/cards/tgt/shaman.py:14 || Existing test refs: none referenced || baseline conclusion=YELLOW; current prior status=YELLOW; prior reason=1 个机制缺少充分的核心效果验证；逐机制依据见 card_mechanism.csv。,Battlecry: Gain +1/+1 for each friendly Totem.,战吼：每有一个友方图腾，便获得+1/+1。,fireplace/cards/tgt/shaman.py:14
17.6.0.53261,The Grand Tournament (TGT),AT_048,Healing Wave,治疗波,Cost modification|Spell resolution|Targeting,GREEN,implemented,yes,All listed mechanism labels were exercised by the card-specific case(s); every state assertion passed.,card_mechanism.csv#AT_048; generic-play-smoke:played; effect-evidence: reports/card_quality_full_2026-09-27/tgt_probe.csv#tgt_at_048_core_behavior; per-card: reports/card_quality_full_2026-09-27/tgt_probe.csv#tgt_at_048_core_behavior,"聚合状态取该卡最差机制；普通烟测只证明可执行，不能单独构成 GREEN。 EN: Restore #7 Health. Reveal a minion in each deck. If yours costs more, Restore #14 instead. || ZH: 恢复#7点生命值。揭示双方牌库里的一张随从牌。如果你的牌法力值消耗较大，则恢复#14点生命值。 || Implementation source: fireplace/cards/tgt/shaman.py:46 || Existing test refs: none referenced || baseline conclusion=YELLOW; current prior status=YELLOW; prior reason=3 个机制缺少充分的核心效果验证；逐机制依据见 card_mechanism.csv。","Restore #7 Health. Reveal a minion in each deck. If yours costs more, Restore #14 instead.",恢复#7点生命值。揭示双方牌库里的一张随从牌。如果你的牌法力值消耗较大，则恢复#14点生命值。,fireplace/cards/tgt/shaman.py:46
17.6.0.53261,The Grand Tournament (TGT),AT_049,Thunder Bluff Valiant,雷霆崖勇士,Unclassified effect,GREEN,implemented,yes,雷霆崖勇士激励后两名己方图腾各获得+2攻击力且生命不变；非图腾、自身及敌方图腾不受影响。,tests/test_brm_tgt_red_fixes.py::test_thunder_bluff_valiant_gives_only_friendly_totems_two_attack,原始RED结论保留于known_issues_archive_2026-09-29/。 修正附魔数值。,Inspire: Give your Totems +2 Attack.,激励：使你的图腾获得+2攻击力。,fireplace/cards/tgt/shaman.py:23
17.6.0.53261,The Grand Tournament (TGT),AT_050,Charged Hammer,灌魔之锤,Deathrattle|Summon|Weapon,GREEN,implemented,yes,All listed mechanism labels were exercised by the card-specific case(s); every state assertion passed.,card_mechanism.csv#AT_050; generic-play-smoke:played; effect-evidence: reports/card_quality_full_2026-09-27/tgt_probe.csv#tgt_at_050_core_behavior; per-card: reports/card_quality_full_2026-09-27/tgt_probe.csv#tgt_at_050_core_behavior,聚合状态取该卡最差机制；普通烟测只证明可执行，不能单独构成 GREEN。 EN: Deathrattle: Your Hero Power becomes 'Deal 2 damage.' || ZH: 亡语：你的英雄技能改为“造成 2点伤害”。 || Implementation source: fireplace/cards/tgt/shaman.py:69 || Existing test refs: none referenced || baseline conclusion=YELLOW; current prior status=YELLOW; prior reason=3 个机制缺少充分的核心效果验证；逐机制依据见 card_mechanism.csv。,Deathrattle: Your Hero Power becomes 'Deal 2 damage.',亡语：你的英雄技能改为“造成 2点伤害”。,fireplace/cards/tgt/shaman.py:69
17.6.0.53261,The Grand Tournament (TGT),AT_051,Elemental Destruction,元素毁灭,Overload|Random effects|Spell resolution,GREEN,implemented,yes,All listed mechanism labels were exercised by the card-specific case(s); every state assertion passed.,card_mechanism.csv#AT_051; generic-play-smoke:played; effect-evidence: reports/card_quality_full_2026-09-27/tgt_probe.csv#tgt_at_051_core_behavior; per-card: reports/card_quality_full_2026-09-27/tgt_probe.csv#tgt_at_051_core_behavior,聚合状态取该卡最差机制；普通烟测只证明可执行，不能单独构成 GREEN。 EN: Deal $4-$5 damage to all minions. Overload: (5) || ZH: 对所有随从造成$4到$5点伤害。过载：（5） || Implementation source: fireplace/cards/tgt/shaman.py:53 || Existing test refs: none referenced || baseline conclusion=YELLOW; current prior status=YELLOW; prior reason=2 个机制缺少充分的核心效果验证；逐机制依据见 card_mechanism.csv。,Deal $4-$5 damage to all minions. Overload: (5),对所有随从造成$4到$5点伤害。过载：（5）,fireplace/cards/tgt/shaman.py:53
17.6.0.53261,The Grand Tournament (TGT),AT_053,Ancestral Knowledge,先祖知识,Draw / Discard|Overload|Spell resolution,GREEN,implemented,yes,All listed mechanism labels were exercised by the card-specific case(s); every state assertion passed.,card_mechanism.csv#AT_053; generic-play-smoke:played; effect-evidence: reports/card_quality_full_2026-09-27/tgt_probe.csv#tgt_at_053_core_behavior; per-card: reports/card_quality_full_2026-09-27/tgt_probe.csv#tgt_at_053_core_behavior,聚合状态取该卡最差机制；普通烟测只证明可执行，不能单独构成 GREEN。 EN: Draw 2 cards. Overload: (2) || ZH: 抽两张牌。过载：（2） || Implementation source: fireplace/cards/tgt/shaman.py:59 || Existing test refs: none referenced || baseline conclusion=YELLOW; current prior status=YELLOW; prior reason=2 个机制缺少充分的核心效果验证；逐机制依据见 card_mechanism.csv。,Draw 2 cards. Overload: (2),抽两张牌。过载：（2）,fireplace/cards/tgt/shaman.py:59
17.6.0.53261,The Grand Tournament (TGT),AT_054,The Mistcaller,唤雾者伊戈瓦尔,Battlecry,GREEN,implemented,yes,All listed mechanism labels were exercised by the card-specific case(s); every state assertion passed.,card_mechanism.csv#AT_054; generic-play-smoke:played; effect-evidence: reports/card_quality_full_2026-09-27/tgt_probe.csv#tgt_at_054_core_behavior; per-card: reports/card_quality_full_2026-09-27/tgt_probe.csv#tgt_at_054_core_behavior,聚合状态取该卡最差机制；普通烟测只证明可执行，不能单独构成 GREEN。 EN: Battlecry: Give all minions in your hand and deck +1/+1. || ZH: 战吼：使你的手牌和牌库里的所有随从牌获得+1/+1。 || Implementation source: fireplace/cards/tgt/shaman.py:32 || Existing test refs: tests/test_classic.py:40:test_alarmobot | tests/test_tgt.py:573:test_the_mistcaller || baseline conclusion=YELLOW; current prior status=YELLOW; prior reason=1 个机制缺少充分的核心效果验证；逐机制依据见 card_mechanism.csv。,Battlecry: Give all minions in your hand and deck +1/+1.,战吼：使你的手牌和牌库里的所有随从牌获得+1/+1。,fireplace/cards/tgt/shaman.py:32
17.6.0.53261,The Grand Tournament (TGT),AT_055,Flash Heal,快速治疗,Spell resolution|Targeting,GREEN,implemented,yes,All listed mechanism labels were exercised by the card-specific case(s); every state assertion passed.,card_mechanism.csv#AT_055; generic-play-smoke:played; effect-evidence: reports/card_quality_full_2026-09-27/tgt_probe.csv#tgt_at_055_core_behavior; per-card: reports/card_quality_full_2026-09-27/tgt_probe.csv#tgt_at_055_core_behavior,聚合状态取该卡最差机制；普通烟测只证明可执行，不能单独构成 GREEN。 EN: Restore #5 Health. || ZH: 恢复#5点生命值。 || Implementation source: fireplace/cards/tgt/priest.py:85 || Existing test refs: tests/test_dalaran.py:11:test_lucentbark | tests/test_dalaran.py:29:test_lifeweaver | tests/test_dalaran.py:33:test_lifeweaver | tests/test_icecrown.py:12:test_happy_ghoul || baseline conclusion=YELLOW; current prior status=YELLOW; prior reason=2 个机制缺少充分的核心效果验证；逐机制依据见 card_mechanism.csv。,Restore #5 Health.,恢复#5点生命值。,fireplace/cards/tgt/priest.py:85
17.6.0.53261,The Grand Tournament (TGT),AT_056,Powershot,强风射击,Spell resolution|Targeting,GREEN,implemented,yes,All listed mechanism labels were exercised by the card-specific case(s); every state assertion passed.,card_mechanism.csv#AT_056; generic-play-smoke:played; effect-evidence: reports/card_quality_full_2026-09-27/tgt_probe.csv#tgt_at_056_core_behavior; per-card: reports/card_quality_full_2026-09-27/tgt_probe.csv#tgt_at_056_core_behavior,聚合状态取该卡最差机制；普通烟测只证明可执行，不能单独构成 GREEN。 EN: Deal $2 damage to a minion and the minions next to it. || ZH: 对一个随从及其相邻的随从造成$2点伤害。 || Implementation source: fireplace/cards/tgt/hunter.py:57 || Existing test refs: none referenced || baseline conclusion=YELLOW; current prior status=YELLOW; prior reason=2 个机制缺少充分的核心效果验证；逐机制依据见 card_mechanism.csv。,Deal $2 damage to a minion and the minions next to it.,对一个随从及其相邻的随从造成$2点伤害。,fireplace/cards/tgt/hunter.py:57
17.6.0.53261,The Grand Tournament (TGT),AT_057,Stablemaster,兽栏大师,Battlecry|Targeting,GREEN,implemented,yes,All listed mechanism labels were exercised by the card-specific case(s); every state assertion passed.,card_mechanism.csv#AT_057; generic-play-smoke:played; effect-evidence: reports/card_quality_full_2026-09-27/tgt_probe.csv#tgt_at_057_core_behavior; per-card: reports/card_quality_full_2026-09-27/tgt_probe.csv#tgt_at_057_core_behavior,聚合状态取该卡最差机制；普通烟测只证明可执行，不能单独构成 GREEN。 EN: Battlecry: Give a friendly Beast Immune this turn. || ZH: 战吼：在本回合中，使一个友方野兽获得免疫。 || Implementation source: fireplace/cards/tgt/hunter.py:15 || Existing test refs: none referenced || baseline conclusion=YELLOW; current prior status=YELLOW; prior reason=2 个机制缺少充分的核心效果验证；逐机制依据见 card_mechanism.csv。,Battlecry: Give a friendly Beast Immune this turn.,战吼：在本回合中，使一个友方野兽获得免疫。,fireplace/cards/tgt/hunter.py:15
17.6.0.53261,The Grand Tournament (TGT),AT_058,King's Elekk,皇家雷象,Battlecry|Cost modification|Draw / Discard,GREEN,implemented,yes,All listed mechanism labels were exercised by the card-specific case(s); every state assertion passed.,card_mechanism.csv#AT_058; generic-play-smoke:played; effect-evidence: reports/card_quality_full_2026-09-27/tgt_probe.csv#tgt_at_058_core_behavior; per-card: reports/card_quality_full_2026-09-27/tgt_probe.csv#tgt_at_058_core_behavior,"聚合状态取该卡最差机制；普通烟测只证明可执行，不能单独构成 GREEN。 EN: Battlecry: Reveal a minion in each deck. If yours costs more, draw it. || ZH: 战吼：揭示双方牌库里的一张随从牌。如果你的牌法力值消耗较大，抽这张牌。 || Implementation source: fireplace/cards/tgt/hunter.py:29 || Existing test refs: tests/test_tgt.py:465:test_kings_elekk | tests/test_tgt.py:473:test_kings_elekk || baseline conclusion=YELLOW; current prior status=YELLOW; prior reason=3 个机制缺少充分的核心效果验证；逐机制依据见 card_mechanism.csv。","Battlecry: Reveal a minion in each deck. If yours costs more, draw it.",战吼：揭示双方牌库里的一张随从牌。如果你的牌法力值消耗较大，抽这张牌。,fireplace/cards/tgt/hunter.py:29
17.6.0.53261,The Grand Tournament (TGT),AT_059,Brave Archer,神勇弓箭手,Unclassified effect,GREEN,implemented,yes,All listed mechanism labels were exercised by the card-specific case(s); every state assertion passed.,card_mechanism.csv#AT_059; generic-play-smoke:played; effect-evidence: reports/card_quality_full_2026-09-27/tgt_probe.csv#tgt_at_059_core_behavior; per-card: reports/card_quality_full_2026-09-27/tgt_probe.csv#tgt_at_059_core_behavior,"聚合状态取该卡最差机制；普通烟测只证明可执行，不能单独构成 GREEN。 EN: Inspire: If your hand is empty, deal 2 damage to the enemy hero. || ZH: 激励：如果你没有其他手牌，则对敌方英雄造成2点伤害。 || Implementation source: fireplace/cards/tgt/hunter.py:35 || Existing test refs: none referenced || baseline conclusion=YELLOW; current prior status=YELLOW; prior reason=1 个机制缺少充分的核心效果验证；逐机制依据见 card_mechanism.csv。","Inspire: If your hand is empty, deal 2 damage to the enemy hero.",激励：如果你没有其他手牌，则对敌方英雄造成2点伤害。,fireplace/cards/tgt/hunter.py:35
17.6.0.53261,The Grand Tournament (TGT),AT_060,Bear Trap,捕熊陷阱,Secret|Spell resolution|Summon|Trigger,GREEN,implemented,yes,All listed mechanism labels were exercised by the card-specific case(s); every state assertion passed.,card_mechanism.csv#AT_060; generic-play-smoke:played; effect-evidence: reports/card_quality_full_2026-09-27/tgt_probe.csv#tgt_at_060_core_behavior; per-card: reports/card_quality_full_2026-09-27/tgt_probe.csv#tgt_at_060_core_behavior,"聚合状态取该卡最差机制；普通烟测只证明可执行，不能单独构成 GREEN。 EN: Secret: After your hero is attacked, summon a 3/3 Bear with Taunt. || ZH: 奥秘：在你的英雄受到攻击后，召唤一个3/3并具有嘲讽的灰熊。 || Implementation source: fireplace/cards/tgt/hunter.py:87 || Existing test refs: tests/test_secrets.py:38:test_bear_trap || baseline conclusion=YELLOW; current prior status=YELLOW; prior reason=4 个机制缺少充分的核心效果验证；逐机制依据见 card_mechanism.csv。","Secret: After your hero is attacked, summon a 3/3 Bear with Taunt.",奥秘：在你的英雄受到攻击后，召唤一个3/3并具有嘲讽的灰熊。,fireplace/cards/tgt/hunter.py:87
17.6.0.53261,The Grand Tournament (TGT),AT_061,Lock and Load,子弹上膛,Random effects|Spell resolution,GREEN,implemented,yes,All listed mechanism labels were exercised by the card-specific case(s); every state assertion passed.,card_mechanism.csv#AT_061; generic-play-smoke:played; effect-evidence: reports/card_quality_full_2026-09-27/tgt_probe.csv#tgt_at_061_core_behavior; per-card: reports/card_quality_full_2026-09-27/tgt_probe.csv#tgt_at_061_core_behavior,"聚合状态取该卡最差机制；普通烟测只证明可执行，不能单独构成 GREEN。 EN: Each time you cast a spell this turn, add a random Hunter card to your hand. || ZH: 在本回合中，每当你施放一个法术，随机将一张猎人卡牌置入你的手牌。 || Implementation source: fireplace/cards/tgt/hunter.py:64 || Existing test refs: tests/test_tgt.py:499:test_lock_and_load || baseline conclusion=YELLOW; current prior status=YELLOW; prior reason=2 个机制缺少充分的核心效果验证；逐机制依据见 card_mechanism.csv。","Each time you cast a spell this turn, add a random Hunter card to your hand.",在本回合中，每当你施放一个法术，随机将一张猎人卡牌置入你的手牌。,fireplace/cards/tgt/hunter.py:64
17.6.0.53261,The Grand Tournament (TGT),AT_062,Ball of Spiders,天降蛛群,Spell resolution|Summon,GREEN,implemented,yes,All listed mechanism labels were exercised by the card-specific case(s); every state assertion passed.,card_mechanism.csv#AT_062; generic-play-smoke:played; effect-evidence: reports/card_quality_full_2026-09-27/tgt_probe.csv#tgt_at_062_core_behavior; per-card: reports/card_quality_full_2026-09-27/tgt_probe.csv#tgt_at_062_core_behavior,聚合状态取该卡最差机制；普通烟测只证明可执行，不能单独构成 GREEN。 EN: Summon three 1/1 Webspinners. || ZH: 召唤三个1/1的结网蛛。 || Implementation source: fireplace/cards/tgt/hunter.py:76 || Existing test refs: none referenced || baseline conclusion=YELLOW; current prior status=YELLOW; prior reason=2 个机制缺少充分的核心效果验证；逐机制依据见 card_mechanism.csv。,Summon three 1/1 Webspinners.,召唤三个1/1的结网蛛。,fireplace/cards/tgt/hunter.py:76
17.6.0.53261,The Grand Tournament (TGT),AT_063,Acidmaw,酸喉,Targeting|Trigger,GREEN,implemented,yes,All listed mechanism labels were exercised by the card-specific case(s); every state assertion passed.,card_mechanism.csv#AT_063; generic-play-smoke:played; effect-evidence: reports/card_quality_full_2026-09-27/tgt_probe.csv#tgt_at_063_core_behavior; per-card: reports/card_quality_full_2026-09-27/tgt_probe.csv#tgt_at_063_core_behavior,"聚合状态取该卡最差机制；普通烟测只证明可执行，不能单独构成 GREEN。 EN: Whenever another minion takes damage, destroy it. || ZH: 每当有其他随从受到伤害，将其消灭。 || Implementation source: fireplace/cards/tgt/hunter.py:41 || Existing test refs: none referenced || baseline conclusion=YELLOW; current prior status=YELLOW; prior reason=2 个机制缺少充分的核心效果验证；逐机制依据见 card_mechanism.csv。","Whenever another minion takes damage, destroy it.",每当有其他随从受到伤害，将其消灭。,fireplace/cards/tgt/hunter.py:41
17.6.0.53261,The Grand Tournament (TGT),AT_063t,Dreadscale,恐鳞,Trigger,GREEN,implemented,yes,All listed mechanism labels were exercised by the card-specific case(s); every state assertion passed.,card_mechanism.csv#AT_063t; generic-play-smoke:played; effect-evidence: reports/card_quality_full_2026-09-27/tgt_probe.csv#tgt_at_063t_core_behavior; per-card: reports/card_quality_full_2026-09-27/tgt_probe.csv#tgt_at_063t_core_behavior,"聚合状态取该卡最差机制；普通烟测只证明可执行，不能单独构成 GREEN。 EN: At the end of your turn, deal 1 damage to all other minions. || ZH: 在你的回合结束时，对所有其他随从造成 1点伤害。 || Implementation source: fireplace/cards/tgt/hunter.py:47 || Existing test refs: none referenced || baseline conclusion=YELLOW; current prior status=YELLOW; prior reason=1 个机制缺少充分的核心效果验证；逐机制依据见 card_mechanism.csv。","At the end of your turn, deal 1 damage to all other minions.",在你的回合结束时，对所有其他随从造成 1点伤害。,fireplace/cards/tgt/hunter.py:47
17.6.0.53261,The Grand Tournament (TGT),AT_064,Bash,怒袭,Spell resolution|Targeting,GREEN,implemented,yes,All listed mechanism labels were exercised by the card-specific case(s); every state assertion passed.,card_mechanism.csv#AT_064; generic-play-smoke:played; effect-evidence: reports/card_quality_full_2026-09-27/tgt_probe.csv#tgt_at_064_core_behavior; per-card: reports/card_quality_full_2026-09-27/tgt_probe.csv#tgt_at_064_core_behavior,聚合状态取该卡最差机制；普通烟测只证明可执行，不能单独构成 GREEN。 EN: Deal $3 damage. Gain 3 Armor. || ZH: 造成$3点伤害。获得3点 护甲值。 || Implementation source: fireplace/cards/tgt/warrior.py:58 || Existing test refs: none referenced || baseline conclusion=YELLOW; current prior status=YELLOW; prior reason=2 个机制缺少充分的核心效果验证；逐机制依据见 card_mechanism.csv。,Deal $3 damage. Gain 3 Armor.,造成$3点伤害。获得3点 护甲值。,fireplace/cards/tgt/warrior.py:58
17.6.0.53261,The Grand Tournament (TGT),AT_065,King's Defender,国王护卫者,Battlecry|Weapon,GREEN,implemented,yes,All listed mechanism labels were exercised by the card-specific case(s); every state assertion passed.,card_mechanism.csv#AT_065; generic-play-smoke:played; effect-evidence: reports/card_quality_full_2026-09-27/tgt_probe.csv#tgt_at065_with_taunt; reports/card_quality_full_2026-09-27/tgt_probe.csv#tgt_at065_without_taunt; per-card: reports/card_quality_full_2026-09-27/tgt_probe.csv#tgt_at065_with_taunt; reports/card_quality_full_2026-09-27/tgt_probe.csv#tgt_at065_without_taunt,"聚合状态取该卡最差机制；普通烟测只证明可执行，不能单独构成 GREEN。 EN: Battlecry: If you have a minion with Taunt, gain +1 Durability. || ZH: 战吼：如果你控制任何具有嘲讽的随从，便获得+1耐久度。 || Implementation source: fireplace/cards/tgt/warrior.py:78 || Existing test refs: none referenced || baseline conclusion=YELLOW; current prior status=YELLOW; prior reason=2 个机制缺少充分的核心效果验证；逐机制依据见 card_mechanism.csv。","Battlecry: If you have a minion with Taunt, gain +1 Durability.",战吼：如果你控制任何具有嘲讽的随从，便获得+1耐久度。,fireplace/cards/tgt/warrior.py:78
17.6.0.53261,The Grand Tournament (TGT),AT_066,Orgrimmar Aspirant,奥格瑞玛狼骑士,Unclassified effect,GREEN,implemented,yes,All listed mechanism labels were exercised by the card-specific case(s); every state assertion passed.,card_mechanism.csv#AT_066; generic-play-smoke:played; effect-evidence: reports/card_quality_full_2026-09-27/tgt_probe.csv#tgt_at_066_core_behavior; per-card: reports/card_quality_full_2026-09-27/tgt_probe.csv#tgt_at_066_core_behavior,聚合状态取该卡最差机制；普通烟测只证明可执行，不能单独构成 GREEN。 EN: Inspire: Give your weapon +1 Attack. || ZH: 激励：使你的武器获得+1攻击力。 || Implementation source: fireplace/cards/tgt/warrior.py:8 || Existing test refs: none referenced || baseline conclusion=YELLOW; current prior status=YELLOW; prior reason=1 个机制缺少充分的核心效果验证；逐机制依据见 card_mechanism.csv。,Inspire: Give your weapon +1 Attack.,激励：使你的武器获得+1攻击力。,fireplace/cards/tgt/warrior.py:8
17.6.0.53261,The Grand Tournament (TGT),AT_067,Magnataur Alpha,猛犸人头领,Trigger,GREEN,implemented,yes,猛犸人头领实际攻击中间敌方随从时，中间及左右相邻随从均受到等同本体攻击力的伤害。,tests/test_gvg_red_attack.py::test_at_067_magnataur_alpha_cleaves_the_actual_attack_defender,原始RED结论保留于known_issues_archive_2026-09-29/。 同受CLEAVE-001影响；修复前RED证据保留在归档。,Also damages the minions next to whomever he attacks.,同时对其攻击目标相邻的随从造成伤害。,fireplace/cards/tgt/warrior.py:17
17.6.0.53261,The Grand Tournament (TGT),AT_068,Bolster,加固,Spell resolution,GREEN,implemented,yes,All listed mechanism labels were exercised by the card-specific case(s); every state assertion passed.,card_mechanism.csv#AT_068; generic-play-smoke:played; effect-evidence: reports/card_quality_full_2026-09-27/tgt_probe.csv#tgt_at_068_core_behavior; per-card: reports/card_quality_full_2026-09-27/tgt_probe.csv#tgt_at_068_core_behavior,聚合状态取该卡最差机制；普通烟测只证明可执行，不能单独构成 GREEN。 EN: Give your Taunt minions +2/+2. || ZH: 使你具有嘲讽的随从获得+2/+2。 || Implementation source: fireplace/cards/tgt/warrior.py:65 || Existing test refs: none referenced || baseline conclusion=YELLOW; current prior status=YELLOW; prior reason=1 个机制缺少充分的核心效果验证；逐机制依据见 card_mechanism.csv。,Give your Taunt minions +2/+2.,使你具有嘲讽的随从获得+2/+2。,fireplace/cards/tgt/warrior.py:65
17.6.0.53261,The Grand Tournament (TGT),AT_069,Sparring Partner,格斗陪练师,Battlecry|Targeting,GREEN,implemented,yes,格斗陪练师自身入场前后具有原生嘲讽；战吼可给指定敌方随从嘲讽；无其他随从时可不选目标入场且仍有嘲讽。,tests/test_brm_tgt_red_fixes.py::test_sparring_partner_has_taunt_and_grants_taunt_to_target; tests/test_brm_tgt_red_fixes.py::test_sparring_partner_keeps_native_taunt_without_optional_target,原始RED结论保留于known_issues_archive_2026-09-29/。 补足卡牌脚本原生嘲讽标签。,Taunt Battlecry: Give a minion Taunt.,嘲讽 战吼：使一个随从获得嘲讽。,fireplace/cards/tgt/warrior.py:23
17.6.0.53261,The Grand Tournament (TGT),AT_070,Skycap'n Kragg,天空上尉库拉格,Charge|Cost modification,GREEN,implemented,yes,All listed mechanism labels were exercised by the card-specific case(s); every state assertion passed.,card_mechanism.csv#AT_070; generic-play-smoke:played; effect-evidence: reports/card_quality_full_2026-09-27/tgt_probe.csv#tgt_at_070_core_behavior; per-card: reports/card_quality_full_2026-09-27/tgt_probe.csv#tgt_at_070_core_behavior,聚合状态取该卡最差机制；普通烟测只证明可执行，不能单独构成 GREEN。 EN: Charrrrrge Costs (1) less for each friendly Pirate. || ZH: 冲冲冲冲锋 每有一个友方海盗，该牌的法力值消耗便减少（1）点。 || Implementation source: fireplace/cards/tgt/neutral_legendary.py:8 || Existing test refs: tests/test_tgt.py:684:test_skycapn_kragg || baseline conclusion=YELLOW; current prior status=YELLOW; prior reason=2 个机制缺少充分的核心效果验证；逐机制依据见 card_mechanism.csv。,Charrrrrge Costs (1) less for each friendly Pirate.,冲冲冲冲锋 每有一个友方海盗，该牌的法力值消耗便减少（1）点。,fireplace/cards/tgt/neutral_legendary.py:8
17.6.0.53261,The Grand Tournament (TGT),AT_071,Alexstrasza's Champion,阿莱克丝塔萨的勇士,Battlecry,GREEN,implemented,yes,All listed mechanism labels were exercised by the card-specific case(s); every state assertion passed.,card_mechanism.csv#AT_071; generic-play-smoke:played; effect-evidence: reports/card_quality_full_2026-09-27/tgt_probe.csv#tgt_at071_holding_dragon; reports/card_quality_full_2026-09-27/tgt_probe.csv#tgt_at071_no_dragon; per-card: reports/card_quality_full_2026-09-27/tgt_probe.csv#tgt_at071_holding_dragon; reports/card_quality_full_2026-09-27/tgt_probe.csv#tgt_at071_no_dragon,"聚合状态取该卡最差机制；普通烟测只证明可执行，不能单独构成 GREEN。 EN: Battlecry: If you're holding a Dragon, gain +1 Attack and Charge. || ZH: 战吼：如果你的手牌中有龙牌，便获得+1攻击力和冲锋。 || Implementation source: fireplace/cards/tgt/warrior.py:30 || Existing test refs: none referenced || baseline conclusion=YELLOW; current prior status=YELLOW; prior reason=1 个机制缺少充分的核心效果验证；逐机制依据见 card_mechanism.csv。","Battlecry: If you're holding a Dragon, gain +1 Attack and Charge.",战吼：如果你的手牌中有龙牌，便获得+1攻击力和冲锋。,fireplace/cards/tgt/warrior.py:30
17.6.0.53261,The Grand Tournament (TGT),AT_072,Varian Wrynn,瓦里安·乌瑞恩,Battlecry|Draw / Discard|Summon,GREEN,implemented,yes,All listed mechanism labels were exercised by the card-specific case(s); every state assertion passed.,card_mechanism.csv#AT_072; generic-play-smoke:played; effect-evidence: reports/card_quality_full_2026-09-27/tgt_probe.csv#tgt_at_072_core_behavior; per-card: reports/card_quality_full_2026-09-27/tgt_probe.csv#tgt_at_072_core_behavior,聚合状态取该卡最差机制；普通烟测只证明可执行，不能单独构成 GREEN。 EN: Battlecry: Draw 3 cards. Put any minions you drew directly into the battlefield. || ZH: 战吼：抽三张牌。将抽到的随从牌直接置入战场。 || Implementation source: fireplace/cards/tgt/warrior.py:40 || Existing test refs: tests/test_tgt.py:770:test_varian_wrynn || baseline conclusion=YELLOW; current prior status=YELLOW; prior reason=3 个机制缺少充分的核心效果验证；逐机制依据见 card_mechanism.csv。,Battlecry: Draw 3 cards. Put any minions you drew directly into the battlefield.,战吼：抽三张牌。将抽到的随从牌直接置入战场。,fireplace/cards/tgt/warrior.py:40
17.6.0.53261,The Grand Tournament (TGT),AT_074,Seal of Champions,英勇圣印,Spell resolution|Targeting,GREEN,implemented,yes,All listed mechanism labels were exercised by the card-specific case(s); every state assertion passed.,card_mechanism.csv#AT_074; generic-play-smoke:played; effect-evidence: reports/card_quality_full_2026-09-27/tgt_probe.csv#tgt_at_074_core_behavior; per-card: reports/card_quality_full_2026-09-27/tgt_probe.csv#tgt_at_074_core_behavior,聚合状态取该卡最差机制；普通烟测只证明可执行，不能单独构成 GREEN。 EN: Give a minion +3 Attack and Divine Shield. || ZH: 使一个随从获得+3攻击力和 圣盾。 || Implementation source: fireplace/cards/tgt/paladin.py:49 || Existing test refs: tests/test_tgt.py:635:test_seal_of_champions | tests/test_tgt.py:648:test_seal_of_champions | tests/test_tgt.py:662:test_seal_of_champions_shrinkmeister || baseline conclusion=YELLOW; current prior status=YELLOW; prior reason=2 个机制缺少充分的核心效果验证；逐机制依据见 card_mechanism.csv。,Give a minion +3 Attack and Divine Shield.,使一个随从获得+3攻击力和 圣盾。,fireplace/cards/tgt/paladin.py:49
17.6.0.53261,The Grand Tournament (TGT),AT_075,Warhorse Trainer,战马训练师,Aura|Continuous effect / Update,GREEN,implemented,yes,All listed mechanism labels were exercised by the card-specific case(s); every state assertion passed.,card_mechanism.csv#AT_075; generic-play-smoke:played; effect-evidence: reports/card_quality_full_2026-09-27/tgt_probe.csv#tgt_at_075_core_behavior; per-card: reports/card_quality_full_2026-09-27/tgt_probe.csv#tgt_at_075_core_behavior,聚合状态取该卡最差机制；普通烟测只证明可执行，不能单独构成 GREEN。 EN: Your Silver Hand Recruits have +1 Attack. || ZH: 你的白银之手新兵获得+1攻击力。 || Implementation source: fireplace/cards/tgt/paladin.py:8 || Existing test refs: none referenced || baseline conclusion=YELLOW; current prior status=YELLOW; prior reason=2 个机制缺少充分的核心效果验证；逐机制依据见 card_mechanism.csv。,Your Silver Hand Recruits have +1 Attack.,你的白银之手新兵获得+1攻击力。,fireplace/cards/tgt/paladin.py:8
17.6.0.53261,The Grand Tournament (TGT),AT_076,Murloc Knight,鱼人骑士,Random effects|Summon,GREEN,implemented,yes,All listed mechanism labels were exercised by the card-specific case(s); every state assertion passed.,card_mechanism.csv#AT_076; generic-play-smoke:played; effect-evidence: reports/card_quality_full_2026-09-27/tgt_probe.csv#tgt_at_076_core_behavior; per-card: reports/card_quality_full_2026-09-27/tgt_probe.csv#tgt_at_076_core_behavior,聚合状态取该卡最差机制；普通烟测只证明可执行，不能单独构成 GREEN。 EN: Inspire: Summon a random Murloc. || ZH: 激励：随机召唤一个鱼人。 || Implementation source: fireplace/cards/tgt/paladin.py:17 || Existing test refs: none referenced || baseline conclusion=YELLOW; current prior status=YELLOW; prior reason=2 个机制缺少充分的核心效果验证；逐机制依据见 card_mechanism.csv。,Inspire: Summon a random Murloc.,激励：随机召唤一个鱼人。,fireplace/cards/tgt/paladin.py:17
17.6.0.53261,The Grand Tournament (TGT),AT_077,Argent Lance,白银之枪,Battlecry|Cost modification|Weapon,GREEN,implemented,yes,All listed mechanism labels were exercised by the card-specific case(s); every state assertion passed.,card_mechanism.csv#AT_077; generic-play-smoke:played; effect-evidence: reports/card_quality_full_2026-09-27/tgt_probe.csv#tgt_at_077_core_behavior; per-card: reports/card_quality_full_2026-09-27/tgt_probe.csv#tgt_at_077_core_behavior,"聚合状态取该卡最差机制；普通烟测只证明可执行，不能单独构成 GREEN。 EN: Battlecry: Reveal a minion in each deck. If yours costs more, +1 Durability. || ZH: 战吼：揭示双方牌库里的一张随从牌。如果你的牌法力值消耗较大，+1耐久度。 || Implementation source: fireplace/cards/tgt/paladin.py:86 || Existing test refs: none referenced || baseline conclusion=YELLOW; current prior status=YELLOW; prior reason=3 个机制缺少充分的核心效果验证；逐机制依据见 card_mechanism.csv。","Battlecry: Reveal a minion in each deck. If yours costs more, +1 Durability.",战吼：揭示双方牌库里的一张随从牌。如果你的牌法力值消耗较大，+1耐久度。,fireplace/cards/tgt/paladin.py:86
17.6.0.53261,The Grand Tournament (TGT),AT_078,Enter the Coliseum,精英对决,Spell resolution,GREEN,implemented,yes,All listed mechanism labels were exercised by the card-specific case(s); every state assertion passed.,card_mechanism.csv#AT_078; generic-play-smoke:played; effect-evidence: reports/card_quality_full_2026-09-27/tgt_probe.csv#tgt_at_078_core_behavior; per-card: reports/card_quality_full_2026-09-27/tgt_probe.csv#tgt_at_078_core_behavior,聚合状态取该卡最差机制；普通烟测只证明可执行，不能单独构成 GREEN。 EN: Destroy all minions except each player's highest Attack minion. || ZH: 除了每个玩家攻击力最高的随从之外，消灭所有 其他随从。 || Implementation source: fireplace/cards/tgt/paladin.py:74 || Existing test refs: tests/test_tgt.py:274:test_enter_the_coliseum | tests/test_tgt.py:292:test_enter_the_coliseum || baseline conclusion=YELLOW; current prior status=YELLOW; prior reason=1 个机制缺少充分的核心效果验证；逐机制依据见 card_mechanism.csv。,Destroy all minions except each player's highest Attack minion.,除了每个玩家攻击力最高的随从之外，消灭所有 其他随从。,fireplace/cards/tgt/paladin.py:74
17.6.0.53261,The Grand Tournament (TGT),AT_079,Mysterious Challenger,神秘挑战者,Battlecry|Summon,GREEN,implemented,yes,All listed mechanism labels were exercised by the card-specific case(s); every state assertion passed.,card_mechanism.csv#AT_079; generic-play-smoke:played; effect-evidence: reports/card_quality_full_2026-09-27/tgt_probe.csv#tgt_at_079_core_behavior; per-card: reports/card_quality_full_2026-09-27/tgt_probe.csv#tgt_at_079_core_behavior,聚合状态取该卡最差机制；普通烟测只证明可执行，不能单独构成 GREEN。 EN: Battlecry: Put one of each Secret from your deck into the battlefield. || ZH: 战吼：将每种不同的奥秘从你的牌库中置入战场。 || Implementation source: fireplace/cards/tgt/paladin.py:23 || Existing test refs: none referenced || baseline conclusion=YELLOW; current prior status=YELLOW; prior reason=2 个机制缺少充分的核心效果验证；逐机制依据见 card_mechanism.csv。,Battlecry: Put one of each Secret from your deck into the battlefield.,战吼：将每种不同的奥秘从你的牌库中置入战场。,fireplace/cards/tgt/paladin.py:23
17.6.0.53261,The Grand Tournament (TGT),AT_080,Garrison Commander,要塞指挥官,Continuous effect / Update,GREEN,implemented,yes,All listed mechanism labels were exercised by the card-specific case(s); every state assertion passed.,card_mechanism.csv#AT_080; generic-play-smoke:played; effect-evidence: reports/card_quality_full_2026-09-27/tgt_probe.csv#tgt_at_080_core_behavior; per-card: reports/card_quality_full_2026-09-27/tgt_probe.csv#tgt_at_080_core_behavior,聚合状态取该卡最差机制；普通烟测只证明可执行，不能单独构成 GREEN。 EN: You can use your Hero Power twice a turn. || ZH: 每个回合你可以使用两次英雄技能。 || Implementation source: fireplace/cards/tgt/neutral_epic.py:18 || Existing test refs: tests/test_tgt.py:370:test_garrison_commander || baseline conclusion=YELLOW; current prior status=YELLOW; prior reason=1 个机制缺少充分的核心效果验证；逐机制依据见 card_mechanism.csv。,You can use your Hero Power twice a turn.,每个回合你可以使用两次英雄技能。,fireplace/cards/tgt/neutral_epic.py:18
17.6.0.53261,The Grand Tournament (TGT),AT_081,Eadric the Pure,纯洁者耶德瑞克,Battlecry,GREEN,implemented,yes,All listed mechanism labels were exercised by the card-specific case(s); every state assertion passed.,card_mechanism.csv#AT_081; generic-play-smoke:played; effect-evidence: reports/card_quality_full_2026-09-27/tgt_probe.csv#tgt_at_081_core_behavior; per-card: reports/card_quality_full_2026-09-27/tgt_probe.csv#tgt_at_081_core_behavior,聚合状态取该卡最差机制；普通烟测只证明可执行，不能单独构成 GREEN。 EN: Battlecry: Change all enemy minions' Attack to 1. || ZH: 战吼：使所有敌方随从的攻击力变为1。 || Implementation source: fireplace/cards/tgt/paladin.py:29 || Existing test refs: none referenced || baseline conclusion=YELLOW; current prior status=YELLOW; prior reason=1 个机制缺少充分的核心效果验证；逐机制依据见 card_mechanism.csv。,Battlecry: Change all enemy minions' Attack to 1.,战吼：使所有敌方随从的攻击力变为1。,fireplace/cards/tgt/paladin.py:29
17.6.0.53261,The Grand Tournament (TGT),AT_082,Lowly Squire,低阶侍从,Unclassified effect,GREEN,implemented,yes,All listed mechanism labels were exercised by the card-specific case(s); every state assertion passed.,card_mechanism.csv#AT_082; generic-play-smoke:played; effect-evidence: reports/card_quality_full_2026-09-27/tgt_probe.csv#tgt_at_082_core_behavior; per-card: reports/card_quality_full_2026-09-27/tgt_probe.csv#tgt_at_082_core_behavior,聚合状态取该卡最差机制；普通烟测只证明可执行，不能单独构成 GREEN。 EN: Inspire: Gain +1 Attack. || ZH: 激励： 获得+1攻击力。 || Implementation source: fireplace/cards/tgt/neutral_common.py:8 || Existing test refs: tests/test_tgt.py:513:test_lowly_squire || baseline conclusion=YELLOW; current prior status=YELLOW; prior reason=1 个机制缺少充分的核心效果验证；逐机制依据见 card_mechanism.csv。,Inspire: Gain +1 Attack.,激励： 获得+1攻击力。,fireplace/cards/tgt/neutral_common.py:8
17.6.0.53261,The Grand Tournament (TGT),AT_083,Dragonhawk Rider,龙鹰骑士,Unclassified effect,GREEN,implemented,yes,All listed mechanism labels were exercised by the card-specific case(s); every state assertion passed.,card_mechanism.csv#AT_083; generic-play-smoke:played; effect-evidence: reports/card_quality_full_2026-09-27/tgt_probe.csv#tgt_at_083_core_behavior; per-card: reports/card_quality_full_2026-09-27/tgt_probe.csv#tgt_at_083_core_behavior,聚合状态取该卡最差机制；普通烟测只证明可执行，不能单独构成 GREEN。 EN: Inspire: Gain Windfury this turn. || ZH: 激励：在本回合中，获得风怒。 || Implementation source: fireplace/cards/tgt/neutral_common.py:17 || Existing test refs: tests/test_tgt.py:190:test_dragonhawk_rider || baseline conclusion=YELLOW; current prior status=YELLOW; prior reason=1 个机制缺少充分的核心效果验证；逐机制依据见 card_mechanism.csv。,Inspire: Gain Windfury this turn.,激励：在本回合中，获得风怒。,fireplace/cards/tgt/neutral_common.py:17
17.6.0.53261,The Grand Tournament (TGT),AT_084,Lance Carrier,持枪侍从,Battlecry|Targeting,GREEN,implemented,yes,All listed mechanism labels were exercised by the card-specific case(s); every state assertion passed.,card_mechanism.csv#AT_084; generic-play-smoke:played; effect-evidence: reports/card_quality_full_2026-09-27/tgt_probe.csv#tgt_at_084_core_behavior; per-card: reports/card_quality_full_2026-09-27/tgt_probe.csv#tgt_at_084_core_behavior,聚合状态取该卡最差机制；普通烟测只证明可执行，不能单独构成 GREEN。 EN: Battlecry: Give a friendly minion +2 Attack. || ZH: 战吼：使一个友方随从获得+2攻击力。 || Implementation source: fireplace/cards/tgt/neutral_common.py:26 || Existing test refs: tests/test_tgt.py:482:test_lance_carrier | tests/test_tgt.py:487:test_lance_carrier || baseline conclusion=YELLOW; current prior status=YELLOW; prior reason=2 个机制缺少充分的核心效果验证；逐机制依据见 card_mechanism.csv。,Battlecry: Give a friendly minion +2 Attack.,战吼：使一个友方随从获得+2攻击力。,fireplace/cards/tgt/neutral_common.py:26
17.6.0.53261,The Grand Tournament (TGT),AT_085,Maiden of the Lake,湖之仙女,Aura|Continuous effect / Update,GREEN,implemented,yes,All listed mechanism labels were exercised by the card-specific case(s); every state assertion passed.,card_mechanism.csv#AT_085; generic-play-smoke:played; effect-evidence: reports/card_quality_full_2026-09-27/tgt_probe.csv#tgt_at_085_core_behavior; per-card: reports/card_quality_full_2026-09-27/tgt_probe.csv#tgt_at_085_core_behavior,聚合状态取该卡最差机制；普通烟测只证明可执行，不能单独构成 GREEN。 EN: Your Hero Power costs (1). || ZH: 你的英雄技能的法力值消耗为（1）点。 || Implementation source: fireplace/cards/tgt/neutral_common.py:40 || Existing test refs: none referenced || baseline conclusion=YELLOW; current prior status=YELLOW; prior reason=2 个机制缺少充分的核心效果验证；逐机制依据见 card_mechanism.csv。,Your Hero Power costs (1).,你的英雄技能的法力值消耗为（1）点。,fireplace/cards/tgt/neutral_common.py:40
17.6.0.53261,The Grand Tournament (TGT),AT_086,Saboteur,破坏者,Battlecry|Cost modification,GREEN,implemented,yes,All listed mechanism labels were exercised by the card-specific case(s); every state assertion passed.,card_mechanism.csv#AT_086; generic-play-smoke:played; effect-evidence: reports/card_quality_full_2026-09-27/tgt_probe.csv#tgt_at_086_core_behavior; per-card: reports/card_quality_full_2026-09-27/tgt_probe.csv#tgt_at_086_core_behavior,聚合状态取该卡最差机制；普通烟测只证明可执行，不能单独构成 GREEN。 EN: Battlecry: Your opponent's Hero Power costs (5) more next turn. || ZH: 战吼：下个回合敌方英雄技能的法力值消耗增加（5）点。 || Implementation source: fireplace/cards/tgt/neutral_rare.py:8 || Existing test refs: tests/test_tgt.py:613:test_saboteur || baseline conclusion=YELLOW; current prior status=YELLOW; prior reason=2 个机制缺少充分的核心效果验证；逐机制依据见 card_mechanism.csv。,Battlecry: Your opponent's Hero Power costs (5) more next turn.,战吼：下个回合敌方英雄技能的法力值消耗增加（5）点。,fireplace/cards/tgt/neutral_rare.py:8
17.6.0.53261,The Grand Tournament (TGT),AT_087,Argent Horserider,银色骑手,Charge|Divine Shield,GREEN,implemented,yes,All listed mechanism labels were exercised by the card-specific case(s); every state assertion passed.,card_mechanism.csv#AT_087; generic-play-smoke:played; effect-evidence: reports/card_quality_full_2026-09-27/tgt_probe.csv#tgt_at_087_core_behavior; per-card: reports/card_quality_full_2026-09-27/tgt_probe.csv#tgt_at_087_core_behavior,聚合状态取该卡最差机制；普通烟测只证明可执行，不能单独构成 GREEN。 EN: Charge Divine Shield || ZH: 冲锋 圣盾 || Implementation source: CardDefs.xml/runtime native card tags || Existing test refs: none referenced || baseline conclusion=YELLOW; current prior status=YELLOW; prior reason=2 个机制缺少充分的核心效果验证；逐机制依据见 card_mechanism.csv。,Charge Divine Shield,冲锋 圣盾,
17.6.0.53261,The Grand Tournament (TGT),AT_088,Mogor's Champion,穆戈尔的勇士,Trigger,GREEN,implemented,yes,All listed mechanism labels were exercised by the card-specific case(s); every state assertion passed.,card_mechanism.csv#AT_088; generic-play-smoke:played; effect-evidence: reports/card_quality_full_2026-09-27/tgt_probe.csv#tgt_at_088_core_behavior; per-card: reports/card_quality_full_2026-09-27/tgt_probe.csv#tgt_at_088_core_behavior,聚合状态取该卡最差机制；普通烟测只证明可执行，不能单独构成 GREEN。 EN: 50% chance to attack the wrong enemy. || ZH: 50%几率攻击错误的敌人。 || Implementation source: fireplace/cards/tgt/neutral_rare.py:19 || Existing test refs: none referenced || baseline conclusion=YELLOW; current prior status=YELLOW; prior reason=1 个机制缺少充分的核心效果验证；逐机制依据见 card_mechanism.csv。,50% chance to attack the wrong enemy.,50%几率攻击错误的敌人。,fireplace/cards/tgt/neutral_rare.py:19
17.6.0.53261,The Grand Tournament (TGT),AT_089,Boneguard Lieutenant,白骨卫士军官,Unclassified effect,GREEN,implemented,yes,All listed mechanism labels were exercised by the card-specific case(s); every state assertion passed.,card_mechanism.csv#AT_089; generic-play-smoke:played; effect-evidence: reports/card_quality_full_2026-09-27/tgt_probe.csv#tgt_at_089_core_behavior; per-card: reports/card_quality_full_2026-09-27/tgt_probe.csv#tgt_at_089_core_behavior,聚合状态取该卡最差机制；普通烟测只证明可执行，不能单独构成 GREEN。 EN: Inspire: Gain +1 Health. || ZH: 激励： 获得+1生命值。 || Implementation source: fireplace/cards/tgt/neutral_common.py:50 || Existing test refs: none referenced || baseline conclusion=YELLOW; current prior status=YELLOW; prior reason=1 个机制缺少充分的核心效果验证；逐机制依据见 card_mechanism.csv。,Inspire: Gain +1 Health.,激励： 获得+1生命值。,fireplace/cards/tgt/neutral_common.py:50
17.6.0.53261,The Grand Tournament (TGT),AT_090,Mukla's Champion,穆克拉的勇士,Unclassified effect,GREEN,implemented,yes,穆克拉的勇士激励后两名其他己方随从各获得+1/+1；自身及敌方随从属性不变。,tests/test_brm_tgt_red_fixes.py::test_muklas_champion_buffs_other_friendly_minions_only,原始RED结论保留于known_issues_archive_2026-09-29/。 增益目标排除自身。,Inspire: Give your other minions +1/+1.,激励：使你的其他随从获得+1/+1。,fireplace/cards/tgt/neutral_common.py:59
17.6.0.53261,The Grand Tournament (TGT),AT_091,Tournament Medic,赛场医师,Unclassified effect,GREEN,implemented,yes,All listed mechanism labels were exercised by the card-specific case(s); every state assertion passed.,card_mechanism.csv#AT_091; generic-play-smoke:played; effect-evidence: reports/card_quality_full_2026-09-27/tgt_probe.csv#tgt_at_091_core_behavior; per-card: reports/card_quality_full_2026-09-27/tgt_probe.csv#tgt_at_091_core_behavior,聚合状态取该卡最差机制；普通烟测只证明可执行，不能单独构成 GREEN。 EN: Inspire: Restore #2 Health to your hero. || ZH: 激励：为你的英雄恢复#2点生命值。 || Implementation source: fireplace/cards/tgt/neutral_common.py:68 || Existing test refs: none referenced || baseline conclusion=YELLOW; current prior status=YELLOW; prior reason=1 个机制缺少充分的核心效果验证；逐机制依据见 card_mechanism.csv。,Inspire: Restore #2 Health to your hero.,激励：为你的英雄恢复#2点生命值。,fireplace/cards/tgt/neutral_common.py:68
17.6.0.53261,The Grand Tournament (TGT),AT_093,Frigid Snobold,雪地狗头人,Spell Damage,GREEN,implemented,yes,All listed mechanism labels were exercised by the card-specific case(s); every state assertion passed.,card_mechanism.csv#AT_093; generic-play-smoke:played; effect-evidence: reports/card_quality_full_2026-09-27/tgt_probe.csv#tgt_at_093_core_behavior; per-card: reports/card_quality_full_2026-09-27/tgt_probe.csv#tgt_at_093_core_behavior,聚合状态取该卡最差机制；普通烟测只证明可执行，不能单独构成 GREEN。 EN: Spell Damage +1 || ZH: 法术伤害+1 || Implementation source: CardDefs.xml/runtime native card tags || Existing test refs: none referenced || baseline conclusion=YELLOW; current prior status=YELLOW; prior reason=1 个机制缺少充分的核心效果验证；逐机制依据见 card_mechanism.csv。,Spell Damage +1,法术伤害+1,
17.6.0.53261,The Grand Tournament (TGT),AT_094,Flame Juggler,火焰杂耍者,Battlecry|Random effects,GREEN,implemented,yes,All listed mechanism labels were exercised by the card-specific case(s); every state assertion passed.,card_mechanism.csv#AT_094; generic-play-smoke:played; effect-evidence: reports/card_quality_full_2026-09-27/tgt_probe.csv#tgt_at_094_core_behavior; per-card: reports/card_quality_full_2026-09-27/tgt_probe.csv#tgt_at_094_core_behavior,聚合状态取该卡最差机制；普通烟测只证明可执行，不能单独构成 GREEN。 EN: Battlecry: Deal 1 damage to a random enemy. || ZH: 战吼：随机对一个敌人造成1点伤害。 || Implementation source: fireplace/cards/tgt/neutral_common.py:74 || Existing test refs: none referenced || baseline conclusion=YELLOW; current prior status=YELLOW; prior reason=2 个机制缺少充分的核心效果验证；逐机制依据见 card_mechanism.csv。,Battlecry: Deal 1 damage to a random enemy.,战吼：随机对一个敌人造成1点伤害。,fireplace/cards/tgt/neutral_common.py:74
17.6.0.53261,The Grand Tournament (TGT),AT_095,Silent Knight,沉默的骑士,Divine Shield|Stealth,GREEN,implemented,yes,All listed mechanism labels were exercised by the card-specific case(s); every state assertion passed.,card_mechanism.csv#AT_095; generic-play-smoke:played; effect-evidence: reports/card_quality_full_2026-09-27/tgt_probe.csv#tgt_at_095_core_behavior; per-card: reports/card_quality_full_2026-09-27/tgt_probe.csv#tgt_at_095_core_behavior,聚合状态取该卡最差机制；普通烟测只证明可执行，不能单独构成 GREEN。 EN: Stealth Divine Shield || ZH: 潜行 圣盾 || Implementation source: CardDefs.xml/runtime native card tags || Existing test refs: none referenced || baseline conclusion=YELLOW; current prior status=YELLOW; prior reason=2 个机制缺少充分的核心效果验证；逐机制依据见 card_mechanism.csv。,Stealth Divine Shield,潜行 圣盾,
17.6.0.53261,The Grand Tournament (TGT),AT_096,Clockwork Knight,发条骑士,Battlecry|Targeting,GREEN,implemented,yes,All listed mechanism labels were exercised by the card-specific case(s); every state assertion passed.,card_mechanism.csv#AT_096; generic-play-smoke:played; effect-evidence: reports/card_quality_full_2026-09-27/tgt_probe.csv#tgt_at_096_core_behavior; per-card: reports/card_quality_full_2026-09-27/tgt_probe.csv#tgt_at_096_core_behavior,聚合状态取该卡最差机制；普通烟测只证明可执行，不能单独构成 GREEN。 EN: Battlecry: Give a friendly Mech +1/+1. || ZH: 战吼：使一个友方机械获得+1/+1。 || Implementation source: fireplace/cards/tgt/neutral_common.py:80 || Existing test refs: none referenced || baseline conclusion=YELLOW; current prior status=YELLOW; prior reason=2 个机制缺少充分的核心效果验证；逐机制依据见 card_mechanism.csv。,Battlecry: Give a friendly Mech +1/+1.,战吼：使一个友方机械获得+1/+1。,fireplace/cards/tgt/neutral_common.py:80
17.6.0.53261,The Grand Tournament (TGT),AT_097,Tournament Attendee,赛场观众,Taunt,GREEN,implemented,yes,All listed mechanism labels were exercised by the card-specific case(s); every state assertion passed.,card_mechanism.csv#AT_097; generic-play-smoke:played; effect-evidence: reports/card_quality_full_2026-09-27/tgt_probe.csv#tgt_at_097_core_behavior; per-card: reports/card_quality_full_2026-09-27/tgt_probe.csv#tgt_at_097_core_behavior,聚合状态取该卡最差机制；普通烟测只证明可执行，不能单独构成 GREEN。 EN: Taunt || ZH: 嘲讽 || Implementation source: CardDefs.xml/runtime native card tags || Existing test refs: none referenced || baseline conclusion=YELLOW; current prior status=YELLOW; prior reason=1 个机制缺少充分的核心效果验证；逐机制依据见 card_mechanism.csv。,Taunt,嘲讽,
17.6.0.53261,The Grand Tournament (TGT),AT_098,Sideshow Spelleater,杂耍吞法者,Battlecry|Summon,GREEN,implemented,yes,All listed mechanism labels were exercised by the card-specific case(s); every state assertion passed.,card_mechanism.csv#AT_098; generic-play-smoke:played; effect-evidence: reports/card_quality_full_2026-09-27/tgt_probe.csv#tgt_at_098_core_behavior; per-card: reports/card_quality_full_2026-09-27/tgt_probe.csv#tgt_at_098_core_behavior,聚合状态取该卡最差机制；普通烟测只证明可执行，不能单独构成 GREEN。 EN: Battlecry: Copy your opponent's Hero Power. || ZH: 战吼：复制对手的英雄技能。 || Implementation source: fireplace/cards/tgt/neutral_epic.py:24 || Existing test refs: none referenced || baseline conclusion=YELLOW; current prior status=YELLOW; prior reason=2 个机制缺少充分的核心效果验证；逐机制依据见 card_mechanism.csv。,Battlecry: Copy your opponent's Hero Power.,战吼：复制对手的英雄技能。,fireplace/cards/tgt/neutral_epic.py:24
17.6.0.53261,The Grand Tournament (TGT),AT_099,Kodorider,科多兽骑手,Summon,GREEN,implemented,yes,All listed mechanism labels were exercised by the card-specific case(s); every state assertion passed.,card_mechanism.csv#AT_099; generic-play-smoke:played; effect-evidence: reports/card_quality_full_2026-09-27/tgt_probe.csv#tgt_at_099_core_behavior; per-card: reports/card_quality_full_2026-09-27/tgt_probe.csv#tgt_at_099_core_behavior,聚合状态取该卡最差机制；普通烟测只证明可执行，不能单独构成 GREEN。 EN: Inspire: Summon a 3/5 War Kodo. || ZH: 激励：召唤一个3/5的作战科多兽。 || Implementation source: fireplace/cards/tgt/neutral_epic.py:30 || Existing test refs: none referenced || baseline conclusion=YELLOW; current prior status=YELLOW; prior reason=1 个机制缺少充分的核心效果验证；逐机制依据见 card_mechanism.csv。,Inspire: Summon a 3/5 War Kodo.,激励：召唤一个3/5的作战科多兽。,fireplace/cards/tgt/neutral_epic.py:30
17.6.0.53261,The Grand Tournament (TGT),AT_100,Silver Hand Regent,白银之手教官,Summon,GREEN,implemented,yes,"针对性对局断言通过：inspire_recruit=before=['AT_100'];after=['AT_100', 'CS2_101t', 'CS2_101t'];without_regent=1;with_regent=2",card_mechanism.csv#AT_100; generic-play-smoke:played; effect-evidence: reports/card_quality_full_2026-09-27/tgt_probe.csv#inspire_recruit; per-card: reports/card_quality_full_2026-09-27/tgt_probe.csv#inspire_recruit,"聚合状态取该卡最差机制；普通烟测只证明可执行，不能单独构成 GREEN。 EN/ZH text, source, previous audit and existing tests are recorded in tgt_probe_tail.csv; 1 independent live case(s).",Inspire: Summon a 1/1 Silver Hand Recruit.,激励：召唤一个1/1的白银之手新兵。,fireplace/cards/tgt/neutral_common.py:95
17.6.0.53261,The Grand Tournament (TGT),AT_103,North Sea Kraken,北海海怪,Battlecry|Targeting,GREEN,implemented,yes,针对性对局断言通过：target_four_damage=target_damage=4;target_zone=PLAY;kraken=PLAY,card_mechanism.csv#AT_103; generic-play-smoke:played; effect-evidence: reports/card_quality_full_2026-09-27/tgt_probe.csv#target_four_damage; per-card: reports/card_quality_full_2026-09-27/tgt_probe.csv#target_four_damage,"聚合状态取该卡最差机制；普通烟测只证明可执行，不能单独构成 GREEN。 EN/ZH text, source, previous audit and existing tests are recorded in tgt_probe_tail.csv; 1 independent live case(s).",Battlecry: Deal 4 damage.,战吼：造成4点伤害。,fireplace/cards/tgt/neutral_common.py:101
17.6.0.53261,The Grand Tournament (TGT),AT_104,Tuskarr Jouster,海象人龟骑士,Battlecry|Cost modification,GREEN,implemented,yes,针对性对局断言通过：joust_win_heals_seven=hero_health=28;card=PLAY; joust_loss_no_heal=hero_health=21,card_mechanism.csv#AT_104; generic-play-smoke:played; effect-evidence: reports/card_quality_full_2026-09-27/tgt_probe.csv#joust_win_heals_seven; reports/card_quality_full_2026-09-27/tgt_probe.csv#joust_loss_no_heal; per-card: reports/card_quality_full_2026-09-27/tgt_probe.csv#joust_win_heals_seven; reports/card_quality_full_2026-09-27/tgt_probe.csv#joust_loss_no_heal,"聚合状态取该卡最差机制；普通烟测只证明可执行，不能单独构成 GREEN。 EN/ZH text, source, previous audit and existing tests are recorded in tgt_probe_tail.csv; 2 independent live case(s).","Battlecry: Reveal a minion in each deck. If yours costs more, restore #7 Health to your hero.",战吼：揭示双方牌库里的一张随从牌。如果你的牌法力值消耗较大，则为你的英雄恢复#7点生命值。,fireplace/cards/tgt/paladin.py:39
17.6.0.53261,The Grand Tournament (TGT),AT_105,Injured Kvaldir,受伤的克瓦迪尔,Battlecry,GREEN,implemented,yes,针对性对局断言通过：self_three_damage=stats=2/1;damage=3;zone=PLAY,card_mechanism.csv#AT_105; generic-play-smoke:played; effect-evidence: reports/card_quality_full_2026-09-27/tgt_probe.csv#self_three_damage; per-card: reports/card_quality_full_2026-09-27/tgt_probe.csv#self_three_damage,"聚合状态取该卡最差机制；普通烟测只证明可执行，不能单独构成 GREEN。 EN/ZH text, source, previous audit and existing tests are recorded in tgt_probe_tail.csv; 1 independent live case(s).",Battlecry: Deal 3 damage to this minion.,战吼：对自身造成3点伤害。,fireplace/cards/tgt/neutral_rare.py:25
17.6.0.53261,The Grand Tournament (TGT),AT_106,Light's Champion,圣光勇士,Battlecry|Silence|Targeting,GREEN,implemented,yes,"针对性对局断言通过：target_demon_silence=target_ids=['CS2_065', 'CS2_065'];taunt_before=1;taunt_after=False;silenced=True;champion=PLAY; friendly_demon_silence=friendly_demon_silenced=True;taunt=False;champion=PLAY",card_mechanism.csv#AT_106; generic-play-smoke:played; effect-evidence: reports/card_quality_full_2026-09-27/tgt_probe.csv#target_demon_silence; reports/card_quality_full_2026-09-27/tgt_probe.csv#friendly_demon_silence; per-card: reports/card_quality_full_2026-09-27/tgt_probe.csv#target_demon_silence; reports/card_quality_full_2026-09-27/tgt_probe.csv#friendly_demon_silence,"聚合状态取该卡最差机制；普通烟测只证明可执行，不能单独构成 GREEN。 EN/ZH text, source, previous audit and existing tests are recorded in tgt_probe_tail.csv; 2 independent live case(s).",Battlecry: Silence a Demon.,战吼： 沉默一个恶魔。,fireplace/cards/tgt/neutral_rare.py:31
17.6.0.53261,The Grand Tournament (TGT),AT_108,Armored Warhorse,重甲战马,Battlecry|Cost modification,GREEN,implemented,yes,针对性对局断言通过：joust_win_charge=charge=True;zone=PLAY; joust_loss_no_charge=charge=False;zone=PLAY,card_mechanism.csv#AT_108; generic-play-smoke:played; effect-evidence: reports/card_quality_full_2026-09-27/tgt_probe.csv#joust_win_charge; reports/card_quality_full_2026-09-27/tgt_probe.csv#joust_loss_no_charge; per-card: reports/card_quality_full_2026-09-27/tgt_probe.csv#joust_win_charge; reports/card_quality_full_2026-09-27/tgt_probe.csv#joust_loss_no_charge,"聚合状态取该卡最差机制；普通烟测只证明可执行，不能单独构成 GREEN。 EN/ZH text, source, previous audit and existing tests are recorded in tgt_probe_tail.csv; 2 independent live case(s).","Battlecry: Reveal a minion in each deck. If yours costs more, gain Charge.",战吼：揭示双方牌库里的一张随从牌。如果你的牌法力值消耗较大，则获得冲锋。,fireplace/cards/tgt/neutral_rare.py:42
17.6.0.53261,The Grand Tournament (TGT),AT_109,Argent Watchman,银色警卫,Unclassified effect,GREEN,implemented,yes,银色警卫过召唤疲劳后仍无法攻击；激励后当回合实际攻击成功；一回合附魔在回合结束移除且下一己方回合重新无法攻击。,tests/test_brm_tgt_red_fixes.py::test_argent_watchman_attack_permission_lasts_only_this_turn,原始RED结论保留于known_issues_archive_2026-09-29/。 显式允许攻击附魔覆盖原生无法攻击标签。,Can't attack. Inspire: Can attack as normal this turn.,无法攻击。 激励：在本回合中可正常进行攻击。,fireplace/cards/tgt/neutral_rare.py:48
17.6.0.53261,The Grand Tournament (TGT),AT_110,Coliseum Manager,角斗场主管,Unclassified effect,GREEN,implemented,yes,针对性对局断言通过：inspire_return_hand=zone=HAND;in_hand=True;in_field=False,card_mechanism.csv#AT_110; generic-play-smoke:played; effect-evidence: reports/card_quality_full_2026-09-27/tgt_probe.csv#inspire_return_hand; per-card: reports/card_quality_full_2026-09-27/tgt_probe.csv#inspire_return_hand,"聚合状态取该卡最差机制；普通烟测只证明可执行，不能单独构成 GREEN。 EN/ZH text, source, previous audit and existing tests are recorded in tgt_probe_tail.csv; 1 independent live case(s).",Inspire: Return this minion to your hand.,激励：将该随从移回你的手牌。,fireplace/cards/tgt/neutral_rare.py:57
17.6.0.53261,The Grand Tournament (TGT),AT_111,Refreshment Vendor,零食商贩,Battlecry,GREEN,implemented,yes,针对性对局断言通过：heal_both_heroes_cap=friendly_health=28;enemy_health=30;card=PLAY,card_mechanism.csv#AT_111; generic-play-smoke:played; effect-evidence: reports/card_quality_full_2026-09-27/tgt_probe.csv#heal_both_heroes_cap; per-card: reports/card_quality_full_2026-09-27/tgt_probe.csv#heal_both_heroes_cap,"聚合状态取该卡最差机制；普通烟测只证明可执行，不能单独构成 GREEN。 EN/ZH text, source, previous audit and existing tests are recorded in tgt_probe_tail.csv; 1 independent live case(s).",Battlecry: Restore #4 Health to each hero.,战吼：为每个英雄恢复#4点生命值。,fireplace/cards/tgt/neutral_common.py:108
17.6.0.53261,The Grand Tournament (TGT),AT_112,Master Jouster,大师级枪骑士,Battlecry|Cost modification,GREEN,implemented,yes,针对性对局断言通过：joust_win_two_keywords=taunt=True;shield=True;zone=PLAY; joust_loss_no_keywords=taunt=False;shield=False;zone=PLAY,card_mechanism.csv#AT_112; generic-play-smoke:played; effect-evidence: reports/card_quality_full_2026-09-27/tgt_probe.csv#joust_win_two_keywords; reports/card_quality_full_2026-09-27/tgt_probe.csv#joust_loss_no_keywords; per-card: reports/card_quality_full_2026-09-27/tgt_probe.csv#joust_win_two_keywords; reports/card_quality_full_2026-09-27/tgt_probe.csv#joust_loss_no_keywords,"聚合状态取该卡最差机制；普通烟测只证明可执行，不能单独构成 GREEN。 EN/ZH text, source, previous audit and existing tests are recorded in tgt_probe_tail.csv; 2 independent live case(s).","Battlecry: Reveal a minion in each deck. If yours costs more, gain Taunt and Divine Shield.",战吼：揭示双方牌库里的一张随从牌。如果你的牌法力值消耗较大，则获得嘲讽和圣盾。,fireplace/cards/tgt/neutral_rare.py:63
17.6.0.53261,The Grand Tournament (TGT),AT_113,Recruiter,征募官,Unclassified effect,GREEN,implemented,yes,针对性对局断言通过：inspire_squire_hand=before=0;hand=['CS2_152'];squires=1,card_mechanism.csv#AT_113; generic-play-smoke:played; effect-evidence: reports/card_quality_full_2026-09-27/tgt_probe.csv#inspire_squire_hand; per-card: reports/card_quality_full_2026-09-27/tgt_probe.csv#inspire_squire_hand,"聚合状态取该卡最差机制；普通烟测只证明可执行，不能单独构成 GREEN。 EN/ZH text, source, previous audit and existing tests are recorded in tgt_probe_tail.csv; 1 independent live case(s).",Inspire: Add a 2/2 Squire to your hand.,激励：将一个2/2的侍从置入你的手牌。,fireplace/cards/tgt/neutral_epic.py:36
17.6.0.53261,The Grand Tournament (TGT),AT_114,Evil Heckler,邪灵拷问者,Taunt,GREEN,implemented,yes,针对性对局断言通过：native_taunt_and_stats=taunt=1;zone=PLAY;atk=5;health=4,card_mechanism.csv#AT_114; generic-play-smoke:played; effect-evidence: reports/card_quality_full_2026-09-27/tgt_probe.csv#native_taunt_and_stats; per-card: reports/card_quality_full_2026-09-27/tgt_probe.csv#native_taunt_and_stats,"聚合状态取该卡最差机制；普通烟测只证明可执行，不能单独构成 GREEN。 EN/ZH text, source, previous audit and existing tests are recorded in tgt_probe_tail.csv; 1 independent live case(s).",Taunt,嘲讽,
17.6.0.53261,The Grand Tournament (TGT),AT_115,Fencing Coach,击剑教头,Battlecry|Cost modification,GREEN,implemented,yes,针对性对局断言通过：next_hero_power_discount_consumed=hero_power_cost_before=0;after_use=2;coach=PLAY,card_mechanism.csv#AT_115; generic-play-smoke:played; effect-evidence: reports/card_quality_full_2026-09-27/tgt_probe.csv#next_hero_power_discount_consumed; per-card: reports/card_quality_full_2026-09-27/tgt_probe.csv#next_hero_power_discount_consumed,"聚合状态取该卡最差机制；普通烟测只证明可执行，不能单独构成 GREEN。 EN/ZH text, source, previous audit and existing tests are recorded in tgt_probe_tail.csv; 1 independent live case(s).","Battlecry: The next time you use your Hero Power, it costs (2) less.",战吼：你的下一个英雄技能的法力值消耗减少（2）点。,fireplace/cards/tgt/neutral_rare.py:69
17.6.0.53261,The Grand Tournament (TGT),AT_116,Wyrmrest Agent,龙眠教官,Battlecry,GREEN,implemented,yes,针对性对局断言通过：holding_dragon_buff=atk=2;taunt=True;zone=PLAY; no_dragon_no_buff=atk=1;taunt=False;zone=PLAY,card_mechanism.csv#AT_116; generic-play-smoke:played; effect-evidence: reports/card_quality_full_2026-09-27/tgt_probe.csv#holding_dragon_buff; reports/card_quality_full_2026-09-27/tgt_probe.csv#no_dragon_no_buff; per-card: reports/card_quality_full_2026-09-27/tgt_probe.csv#holding_dragon_buff; reports/card_quality_full_2026-09-27/tgt_probe.csv#no_dragon_no_buff,"聚合状态取该卡最差机制；普通烟测只证明可执行，不能单独构成 GREEN。 EN/ZH text, source, previous audit and existing tests are recorded in tgt_probe_tail.csv; 2 independent live case(s).","Battlecry: If you're holding a Dragon, gain +1 Attack and Taunt.",战吼：如果你的手牌中有龙牌，便获得+1攻击力和嘲讽。,fireplace/cards/tgt/priest.py:40
17.6.0.53261,The Grand Tournament (TGT),AT_117,Master of Ceremonies,庆典司仪,Battlecry|Spell Damage,GREEN,implemented,yes,针对性对局断言通过：friendly_spellpower_buff=stats=6/4;printed=4/2; no_spellpower_no_buff=stats=4/2;printed=4/2; opponent_spellpower_no_buff=enemy_spellpower=1;own_spellpower=0;stats=4/2;printed=4/2,card_mechanism.csv#AT_117; generic-play-smoke:played; effect-evidence: reports/card_quality_full_2026-09-27/tgt_probe.csv#friendly_spellpower_buff; reports/card_quality_full_2026-09-27/tgt_probe.csv#no_spellpower_no_buff; reports/card_quality_full_2026-09-27/tgt_probe.csv#opponent_spellpower_no_buff; per-card: reports/card_quality_full_2026-09-27/tgt_probe.csv#friendly_spellpower_buff; reports/card_quality_full_2026-09-27/tgt_probe.csv#no_spellpower_no_buff; reports/card_quality_full_2026-09-27/tgt_probe.csv#opponent_spellpower_no_buff,"聚合状态取该卡最差机制；普通烟测只证明可执行，不能单独构成 GREEN。 EN/ZH text, source, previous audit and existing tests are recorded in tgt_probe_tail.csv; 3 independent live case(s).","Battlecry: If you have a minion with Spell Damage, gain +2/+2.",战吼：如果你控制任何具有法术伤害的随从，便获得+2/+2。,fireplace/cards/tgt/neutral_epic.py:42
17.6.0.53261,The Grand Tournament (TGT),AT_118,Grand Crusader,十字军统领,Battlecry|Random effects,GREEN,implemented,yes,"针对性对局断言通过：random_paladin_card=16_seeded_paladin_cards=['EX1_355', 'BT_026', 'DAL_573', 'UNG_015', 'TRL_545', 'CFM_639', 'AT_078', 'BT_018', 'ICC_244', 'GVG_058', 'OG_222', 'DRG_225', 'AT_079', 'CFM_759', 'OG_310', 'LOOT_216'];distinct=16",card_mechanism.csv#AT_118; generic-play-smoke:played; effect-evidence: reports/card_quality_full_2026-09-27/tgt_probe.csv#random_paladin_card; per-card: reports/card_quality_full_2026-09-27/tgt_probe.csv#random_paladin_card,"聚合状态取该卡最差机制；普通烟测只证明可执行，不能单独构成 GREEN。 EN/ZH text, source, previous audit and existing tests are recorded in tgt_probe_tail.csv; 1 independent live case(s).",Battlecry: Add a random Paladin card to your hand.,战吼： 随机将一张圣骑士牌置入你的手牌。,fireplace/cards/tgt/neutral_epic.py:52
17.6.0.53261,The Grand Tournament (TGT),AT_119,Kvaldir Raider,克瓦迪尔劫掠者,Unclassified effect,GREEN,implemented,yes,"针对性对局断言通过：inspire_two_two=before=(4, 4);after=6/6;zone=PLAY",card_mechanism.csv#AT_119; generic-play-smoke:played; effect-evidence: reports/card_quality_full_2026-09-27/tgt_probe.csv#inspire_two_two; per-card: reports/card_quality_full_2026-09-27/tgt_probe.csv#inspire_two_two,"聚合状态取该卡最差机制；普通烟测只证明可执行，不能单独构成 GREEN。 EN/ZH text, source, previous audit and existing tests are recorded in tgt_probe_tail.csv; 1 independent live case(s).",Inspire: Gain +2/+2.,激励：获得+2/+2。,fireplace/cards/tgt/neutral_common.py:114
17.6.0.53261,The Grand Tournament (TGT),AT_120,Frost Giant,冰霜巨人,Cost modification,GREEN,implemented,yes,针对性对局断言通过：two_hero_power_uses_discount=costs=10->9->8,card_mechanism.csv#AT_120; generic-play-smoke:played; effect-evidence: reports/card_quality_full_2026-09-27/tgt_probe.csv#two_hero_power_uses_discount; per-card: reports/card_quality_full_2026-09-27/tgt_probe.csv#two_hero_power_uses_discount,"聚合状态取该卡最差机制；普通烟测只证明可执行，不能单独构成 GREEN。 EN/ZH text, source, previous audit and existing tests are recorded in tgt_probe_tail.csv; 1 independent live case(s).",Costs (1) less for each time you used your Hero Power this game.,在本局对战中，每当你使用一次英雄技能，该牌的法力值消耗便减少（1）点。,fireplace/cards/tgt/neutral_epic.py:58
17.6.0.53261,The Grand Tournament (TGT),AT_121,Crowd Favorite,人气选手,Battlecry|Trigger,GREEN,implemented,yes,"针对性对局断言通过：battlecry_only_trigger=before=(4, 4);after_plain=(4, 4);after_battlecry=(5, 5); opponent_battlecry_no_trigger=before=(4, 4);after_opponent_battlecry=4/4;zone=PLAY",card_mechanism.csv#AT_121; generic-play-smoke:played; effect-evidence: reports/card_quality_full_2026-09-27/tgt_probe.csv#battlecry_only_trigger; reports/card_quality_full_2026-09-27/tgt_probe.csv#opponent_battlecry_no_trigger; per-card: reports/card_quality_full_2026-09-27/tgt_probe.csv#battlecry_only_trigger; reports/card_quality_full_2026-09-27/tgt_probe.csv#opponent_battlecry_no_trigger,"聚合状态取该卡最差机制；普通烟测只证明可执行，不能单独构成 GREEN。 EN/ZH text, source, previous audit and existing tests are recorded in tgt_probe_tail.csv; 2 independent live case(s).","Whenever you play a card with Battlecry, gain +1/+1.",每当你使用一张具有战吼的牌，便获得+1/+1。,fireplace/cards/tgt/neutral_epic.py:64
17.6.0.53261,The Grand Tournament (TGT),AT_122,Gormok the Impaler,穿刺者戈莫克,Battlecry|Targeting,GREEN,implemented,yes,针对性对局断言通过：four_allies_damage=target_damage=4;target_zone=PLAY;card=PLAY; three_allies_no_damage=target_damage=0;card=PLAY,card_mechanism.csv#AT_122; generic-play-smoke:played; effect-evidence: reports/card_quality_full_2026-09-27/tgt_probe.csv#four_allies_damage; reports/card_quality_full_2026-09-27/tgt_probe.csv#three_allies_no_damage; per-card: reports/card_quality_full_2026-09-27/tgt_probe.csv#four_allies_damage; reports/card_quality_full_2026-09-27/tgt_probe.csv#three_allies_no_damage,"聚合状态取该卡最差机制；普通烟测只证明可执行，不能单独构成 GREEN。 EN/ZH text, source, previous audit and existing tests are recorded in tgt_probe_tail.csv; 2 independent live case(s).","Battlecry: If you have at least 4 other minions, deal 4 damage.",战吼：如果你拥有至少四个其他随从，则造成4点伤害。,fireplace/cards/tgt/neutral_legendary.py:14
17.6.0.53261,The Grand Tournament (TGT),AT_123,Chillmaw,冰喉,Deathrattle|Taunt,GREEN,implemented,yes,针对性对局断言通过：holding_dragon_deathrattle=taunt=1;ally_damage=3;enemy_damage=3;chillmaw_zone=GRAVEYARD; no_dragon_no_deathrattle_damage=ally_damage=0;enemy_damage=0;zone=GRAVEYARD; dragon_added_after_play=dragon_at_death=NEW1_030/HAND;ally_damage=3;enemy_damage=3;zone=GRAVEYARD; dragon_removed_before_death=dragon_after_discard=REMOVEDFROMGAME;ally_damage=0;enemy_damage=0;zone=GRAVEYARD,card_mechanism.csv#AT_123; generic-play-smoke:played; effect-evidence: reports/card_quality_full_2026-09-27/tgt_probe.csv#holding_dragon_deathrattle; reports/card_quality_full_2026-09-27/tgt_probe.csv#no_dragon_no_deathrattle_damage; reports/card_quality_full_2026-09-27/tgt_probe.csv#dragon_added_after_play; reports/card_quality_full_2026-09-27/tgt_probe.csv#dragon_removed_before_death; per-card: reports/card_quality_full_2026-09-27/tgt_probe.csv#holding_dragon_deathrattle; reports/card_quality_full_2026-09-27/tgt_probe.csv#no_dragon_no_deathrattle_damage; reports/card_quality_full_2026-09-27/tgt_probe.csv#dragon_added_after_play; reports/card_quality_full_2026-09-27/tgt_probe.csv#dragon_removed_before_death,"聚合状态取该卡最差机制；普通烟测只证明可执行，不能单独构成 GREEN。 EN/ZH text, source, previous audit and existing tests are recorded in tgt_probe_tail.csv; 4 independent live case(s).","[x]Taunt Deathrattle: If you're holding a Dragon, deal 3 damage to all minions.",嘲讽，亡语： 如果你的手牌中有龙牌，则对所有随从造成3点伤害。,fireplace/cards/tgt/neutral_legendary.py:21
17.6.0.53261,The Grand Tournament (TGT),AT_124,Bolf Ramshield,博尔夫·碎盾,Trigger,GREEN,implemented,yes,针对性对局断言通过：redirect_hero_damage=hero_health=30;bolf_damage=2;zone=PLAY,card_mechanism.csv#AT_124; generic-play-smoke:played; effect-evidence: reports/card_quality_full_2026-09-27/tgt_probe.csv#redirect_hero_damage; per-card: reports/card_quality_full_2026-09-27/tgt_probe.csv#redirect_hero_damage,"聚合状态取该卡最差机制；普通烟测只证明可执行，不能单独构成 GREEN。 EN/ZH text, source, previous audit and existing tests are recorded in tgt_probe_tail.csv; 1 independent live case(s).","Whenever your hero takes damage, this minion takes it instead.",每当你的英雄受到伤害，便会由该随从来承担。,fireplace/cards/tgt/neutral_legendary.py:27
17.6.0.53261,The Grand Tournament (TGT),AT_125,Icehowl,冰吼,Charge,GREEN,implemented,yes,针对性对局断言通过：charge_minion_only=charge=1;hero_target=False;minion_target=True;enemy_zone=GRAVEYARD;icehowl_zone=PLAY,card_mechanism.csv#AT_125; generic-play-smoke:played; effect-evidence: reports/card_quality_full_2026-09-27/tgt_probe.csv#charge_minion_only; per-card: reports/card_quality_full_2026-09-27/tgt_probe.csv#charge_minion_only,"聚合状态取该卡最差机制；普通烟测只证明可执行，不能单独构成 GREEN。 EN/ZH text, source, previous audit and existing tests are recorded in tgt_probe_tail.csv; 1 independent live case(s).",Charge Can't attack heroes.,冲锋 无法攻击英雄。,fireplace/cards/tgt/neutral_legendary.py:35
17.6.0.53261,The Grand Tournament (TGT),AT_127,Nexus-Champion Saraad,虚灵勇士萨兰德,Random effects,GREEN,implemented,yes,"针对性对局断言通过：inspire_random_spell=16_seeded_spell_cards=['EX1_137', 'BT_292', 'DAL_007', 'UNG_923', 'ULD_136', 'CFM_021', 'AT_061', 'BT_117', 'ICC_039', 'GIL_506', 'OG_047', 'DAL_373', 'AT_073', 'CFM_614', 'OG_206', 'LOOT_080'];distinct=16",card_mechanism.csv#AT_127; generic-play-smoke:played; effect-evidence: reports/card_quality_full_2026-09-27/tgt_probe.csv#inspire_random_spell; per-card: reports/card_quality_full_2026-09-27/tgt_probe.csv#inspire_random_spell,"聚合状态取该卡最差机制；普通烟测只证明可执行，不能单独构成 GREEN。 EN/ZH text, source, previous audit and existing tests are recorded in tgt_probe_tail.csv; 1 independent live case(s).",Inspire: Add a random spell to your hand.,激励：随机将一张法术牌置入你的手牌。,fireplace/cards/tgt/neutral_legendary.py:41
17.6.0.53261,The Grand Tournament (TGT),AT_128,The Skeleton Knight,骷髅骑士,Cost modification|Deathrattle,GREEN,implemented,yes,针对性对局断言通过：winning_joust_bounce=zone=HAND;in_hand=True; losing_joust_graveyard=zone=GRAVEYARD;in_hand=False,card_mechanism.csv#AT_128; generic-play-smoke:played; effect-evidence: reports/card_quality_full_2026-09-27/tgt_probe.csv#winning_joust_bounce; reports/card_quality_full_2026-09-27/tgt_probe.csv#losing_joust_graveyard; per-card: reports/card_quality_full_2026-09-27/tgt_probe.csv#winning_joust_bounce; reports/card_quality_full_2026-09-27/tgt_probe.csv#losing_joust_graveyard,"聚合状态取该卡最差机制；普通烟测只证明可执行，不能单独构成 GREEN。 EN/ZH text, source, previous audit and existing tests are recorded in tgt_probe_tail.csv; 2 independent live case(s).","Deathrattle: Reveal a minion in each deck. If yours costs more, return this to your hand.",亡语：揭示双方牌库里的一张随从牌。如果你的牌法力值消耗较大，则将骷髅骑士移回你的手牌。,fireplace/cards/tgt/neutral_legendary.py:47
17.6.0.53261,The Grand Tournament (TGT),AT_129,Fjola Lightbane,光明邪使菲奥拉,Targeting|Trigger,GREEN,implemented,yes,针对性对局断言通过：friendly_target_spell_shield=shield_before=False;shield_after=True;zone=PLAY; opponent_spell_no_shield=shield_after_opponent_spell=False;damage=1;zone=PLAY,card_mechanism.csv#AT_129; generic-play-smoke:played; effect-evidence: reports/card_quality_full_2026-09-27/tgt_probe.csv#friendly_target_spell_shield; reports/card_quality_full_2026-09-27/tgt_probe.csv#opponent_spell_no_shield; per-card: reports/card_quality_full_2026-09-27/tgt_probe.csv#friendly_target_spell_shield; reports/card_quality_full_2026-09-27/tgt_probe.csv#opponent_spell_no_shield,"聚合状态取该卡最差机制；普通烟测只证明可执行，不能单独构成 GREEN。 EN/ZH text, source, previous audit and existing tests are recorded in tgt_probe_tail.csv; 2 independent live case(s).","Whenever you target this minion with a spell, gain Divine Shield.",每当你以该随从为目标施放一个法术时，便获得圣盾。,fireplace/cards/tgt/neutral_legendary.py:53
17.6.0.53261,The Grand Tournament (TGT),AT_130,Sea Reaver,破海者,Draw / Discard|Trigger,GREEN,implemented,yes,"针对性对局断言通过：draw_damages_own_minions=drawn=HAND;ally_damage=[1, 1];enemy_damage=0",card_mechanism.csv#AT_130; generic-play-smoke:played; effect-evidence: reports/card_quality_full_2026-09-27/tgt_probe.csv#draw_damages_own_minions; per-card: reports/card_quality_full_2026-09-27/tgt_probe.csv#draw_damages_own_minions,"聚合状态取该卡最差机制；普通烟测只证明可执行，不能单独构成 GREEN。 EN/ZH text, source, previous audit and existing tests are recorded in tgt_probe_tail.csv; 1 independent live case(s).","When you draw this, deal 1 damage to your minions.",当你抽到该牌时，对你的随从造成 1点伤害。,fireplace/cards/tgt/warrior.py:48
17.6.0.53261,The Grand Tournament (TGT),AT_131,Eydis Darkbane,黑暗邪使艾蒂丝,Random effects|Targeting|Trigger,GREEN,implemented,yes,"针对性对局断言通过：target_spell_random_enemy=16_seeded_targets=['minion', 'hero', 'hero', 'hero', 'minion', 'minion', 'minion', 'hero', 'minion', 'hero', 'minion', 'minion', 'hero', 'hero', 'minion', 'minion']",card_mechanism.csv#AT_131; generic-play-smoke:played; effect-evidence: reports/card_quality_full_2026-09-27/tgt_probe.csv#target_spell_random_enemy; per-card: reports/card_quality_full_2026-09-27/tgt_probe.csv#target_spell_random_enemy,"聚合状态取该卡最差机制；普通烟测只证明可执行，不能单独构成 GREEN。 EN/ZH text, source, previous audit and existing tests are recorded in tgt_probe_tail.csv; 1 independent live case(s).","Whenever you target this minion with a spell, deal 3 damage to a random enemy.",每当你以该随从为目标施放一个法术时，便随机对一个敌人造成3点伤害。,fireplace/cards/tgt/neutral_legendary.py:59
17.6.0.53261,The Grand Tournament (TGT),AT_132,Justicar Trueheart,裁决者图哈特,Battlecry,GREEN,implemented,yes,针对性对局断言通过：mage_upgrade_two_damage=old_power=HERO_08bp;new_power=HERO_08bp2;upgraded_damage=2;card_zone=PLAY; warrior_upgrade_four_armor=old_power=HERO_01bp;new_power=HERO_01bp2;armor_gained=4;card_zone=PLAY,card_mechanism.csv#AT_132; generic-play-smoke:played; effect-evidence: reports/card_quality_full_2026-09-27/tgt_probe.csv#mage_upgrade_two_damage; reports/card_quality_full_2026-09-27/tgt_probe.csv#warrior_upgrade_four_armor; per-card: reports/card_quality_full_2026-09-27/tgt_probe.csv#mage_upgrade_two_damage; reports/card_quality_full_2026-09-27/tgt_probe.csv#warrior_upgrade_four_armor,"聚合状态取该卡最差机制；普通烟测只证明可执行，不能单独构成 GREEN。 EN/ZH text, source, previous audit and existing tests are recorded in tgt_probe_tail.csv; 2 independent live case(s).",Battlecry: Replace your starting Hero Power with a better one.,战吼：以更强的英雄技能来替换你的初始英雄技能。,fireplace/cards/tgt/neutral_legendary.py:65
17.6.0.53261,The Grand Tournament (TGT),AT_133,Gadgetzan Jouster,加基森枪骑士,Battlecry|Cost modification,GREEN,implemented,yes,针对性对局断言通过：joust_win_plus_one=stats=2/3;base=1/2; joust_loss_printed=stats=1/2;base=1/2,card_mechanism.csv#AT_133; generic-play-smoke:played; effect-evidence: reports/card_quality_full_2026-09-27/tgt_probe.csv#joust_win_plus_one; reports/card_quality_full_2026-09-27/tgt_probe.csv#joust_loss_printed; per-card: reports/card_quality_full_2026-09-27/tgt_probe.csv#joust_win_plus_one; reports/card_quality_full_2026-09-27/tgt_probe.csv#joust_loss_printed,"聚合状态取该卡最差机制；普通烟测只证明可执行，不能单独构成 GREEN。 EN/ZH text, source, previous audit and existing tests are recorded in tgt_probe_tail.csv; 2 independent live case(s).","Battlecry: Reveal a minion in each deck. If yours costs more, gain +1/+1.",战吼：揭示双方牌库里的一张随从牌。如果你的牌法力值消耗较大，则获得+1/+1。,fireplace/cards/tgt/neutral_common.py:123
17.6.0.53261,League of Explorers (LOE),LOE_002,Forgotten Torch,老旧的火把,Spell resolution|Targeting,GREEN,implemented,yes,已逐卡断言核心效果与卡面所示关键状态：torch_damage_and_shuffle=first_hit=3;shuffled=LOE_002t;second_hit=6;target=GRAVEYARD,card_mechanism.csv#LOE_002; generic-play-smoke:played; effect-evidence: reports/card_quality_full_2026-09-27/loe_probe.csv#torch_damage_and_shuffle; per-card: reports/card_quality_full_2026-09-27/loe_probe.csv#torch_damage_and_shuffle,"聚合状态取该卡最差机制；普通烟测只证明可执行，不能单独构成 GREEN。 Frozen original YELLOW roster. Cases=1; see probe rows with full EN/ZH text, source, existing test references, prior audit, expected/observed state.",Deal $3 damage. Shuffle a 'Roaring Torch' into your deck that deals 6 damage.,造成$3点伤害。将一张可造成6点伤害的“炽烈的火把”洗入你的牌库。,fireplace/cards/league/collectible.py:278
17.6.0.53261,League of Explorers (LOE),LOE_003,Ethereal Conjurer,虚灵巫师,Battlecry|Discover / Choice|Random effects,GREEN,implemented,yes,"已逐卡断言核心效果与卡面所示关键状态：spell_discover_pool_and_selection=options=['TRL_313', 'CS2_032', 'GVG_001'];chosen=TRL_313:HAND;remaining_choice=0",card_mechanism.csv#LOE_003; generic-play-smoke:played; effect-evidence: reports/card_quality_full_2026-09-27/loe_probe.csv#spell_discover_pool_and_selection; per-card: reports/card_quality_full_2026-09-27/loe_probe.csv#spell_discover_pool_and_selection,"聚合状态取该卡最差机制；普通烟测只证明可执行，不能单独构成 GREEN。 Frozen original YELLOW roster. Cases=1; see probe rows with full EN/ZH text, source, existing test references, prior audit, expected/observed state.",Battlecry: Discover a spell.,战吼： 发现一张法术牌。,fireplace/cards/league/collectible.py:8
17.6.0.53261,League of Explorers (LOE),LOE_006,Museum Curator,博物馆馆长,Battlecry|Discover / Choice|Random effects,GREEN,implemented,yes,"已逐卡断言核心效果与卡面所示关键状态：deathrattle_discover_pool_and_selection=options=['BOT_031', 'FP1_007', 'EX1_577'];chosen=BOT_031:HAND;remaining_choice=0",card_mechanism.csv#LOE_006; generic-play-smoke:played; effect-evidence: reports/card_quality_full_2026-09-27/loe_probe.csv#deathrattle_discover_pool_and_selection; per-card: reports/card_quality_full_2026-09-27/loe_probe.csv#deathrattle_discover_pool_and_selection,"聚合状态取该卡最差机制；普通烟测只证明可执行，不能单独构成 GREEN。 Frozen original YELLOW roster. Cases=1; see probe rows with full EN/ZH text, source, existing test references, prior audit, expected/observed state.",Battlecry: Discover a Deathrattle card.,战吼： 发现一张亡语牌。,fireplace/cards/league/collectible.py:14
17.6.0.53261,League of Explorers (LOE),LOE_007,Curse of Rafaam,拉法姆的诅咒,Spell resolution,GREEN,implemented,yes,已逐卡断言核心效果与卡面所示关键状态：curse_held_turns_and_leaving_hand=held_turns=2x2_damage;discarded=no_further_damage;curse_zone=GRAVEYARD,card_mechanism.csv#LOE_007; generic-play-smoke:played; effect-evidence: reports/card_quality_full_2026-09-27/loe_probe.csv#curse_held_turns_and_leaving_hand; per-card: reports/card_quality_full_2026-09-27/loe_probe.csv#curse_held_turns_and_leaving_hand,"聚合状态取该卡最差机制；普通烟测只证明可执行，不能单独构成 GREEN。 Frozen original YELLOW roster. Cases=1; see probe rows with full EN/ZH text, source, existing test references, prior audit, expected/observed state.","Give your opponent a 'Cursed!' card. While they hold it, they take 2 damage on their turn.",使你的对手获得一张“诅咒”。在对手的回合开始时，如果它在对手的手牌中，则造成2点伤害。,fireplace/cards/league/collectible.py:290
17.6.0.53261,League of Explorers (LOE),LOE_009,Obsidian Destroyer,黑曜石毁灭者,Summon|Trigger,GREEN,implemented,yes,"已逐卡断言核心效果与卡面所示关键状态：own_turn_end_scarab=source=PLAY;scarab=1/1,taunt=True; own_turn_end_full_board=full_board_end_turn;no_scarab_summoned;board_stays_at_7",card_mechanism.csv#LOE_009; generic-play-smoke:played; effect-evidence: reports/card_quality_full_2026-09-27/loe_probe.csv#own_turn_end_scarab; reports/card_quality_full_2026-09-27/loe_probe.csv#own_turn_end_full_board; per-card: reports/card_quality_full_2026-09-27/loe_probe.csv#own_turn_end_scarab; reports/card_quality_full_2026-09-27/loe_probe.csv#own_turn_end_full_board,"聚合状态取该卡最差机制；普通烟测只证明可执行，不能单独构成 GREEN。 Frozen original YELLOW roster. Cases=2; see probe rows with full EN/ZH text, source, existing test references, prior audit, expected/observed state.","At the end of your turn, summon a 1/1 Scarab with Taunt.",在你的回合结束时，召唤一只1/1并具有嘲讽的甲虫。,fireplace/cards/league/collectible.py:20
17.6.0.53261,League of Explorers (LOE),LOE_010,Pit Snake,深渊巨蟒,Poisonous,GREEN,implemented,yes,已逐卡断言核心效果与卡面所示关键状态：poisonous_combat=poisonous=True;enemy_yeti=GRAVEYARD;snake_died_to_4_attack_retaliation=GRAVEYARD,card_mechanism.csv#LOE_010; generic-play-smoke:played; effect-evidence: reports/card_quality_full_2026-09-27/loe_probe.csv#poisonous_combat; per-card: reports/card_quality_full_2026-09-27/loe_probe.csv#poisonous_combat,"聚合状态取该卡最差机制；普通烟测只证明可执行，不能单独构成 GREEN。 Frozen original YELLOW roster. Cases=1; see probe rows with full EN/ZH text, source, existing test references, prior audit, expected/observed state.",Poisonous,剧毒,
17.6.0.53261,League of Explorers (LOE),LOE_011,Reno Jackson,雷诺·杰克逊,Battlecry,GREEN,implemented,yes,已逐卡断言核心效果与卡面所示关键状态：duplicate_deck_no_heal=two_same_ids_in_deck;Reno_did_not_heal; distinct_deck_full_heal=two_distinct_ids_in_deck;Reno_fully_healed,card_mechanism.csv#LOE_011; generic-play-smoke:played; effect-evidence: reports/card_quality_full_2026-09-27/loe_probe.csv#duplicate_deck_no_heal; reports/card_quality_full_2026-09-27/loe_probe.csv#distinct_deck_full_heal; per-card: reports/card_quality_full_2026-09-27/loe_probe.csv#duplicate_deck_no_heal; reports/card_quality_full_2026-09-27/loe_probe.csv#distinct_deck_full_heal,"聚合状态取该卡最差机制；普通烟测只证明可执行，不能单独构成 GREEN。 Frozen original YELLOW roster. Cases=2; see probe rows with full EN/ZH text, source, existing test references, prior audit, expected/observed state.","Battlecry: If your deck has no duplicates, fully heal your hero.",战吼：如果你的牌库里没有相同的牌，则为你的英雄恢复所有生命值。,fireplace/cards/league/collectible.py:26
17.6.0.53261,League of Explorers (LOE),LOE_016,Rumbling Elemental,顽石元素,Battlecry|Random effects|Trigger,GREEN,implemented,yes,"已逐卡断言核心效果与卡面所示关键状态：controller_battlecry_random_damage_scope=vanilla_and_opponent_battlecry=no_trigger;own_battlecry=2_damage_to_only_enemy_hero; random_enemy_target_domain=seeds=16;eligible_domain=enemy_hero_or_minion;hits={'hero': 9, 'minion': 7}",card_mechanism.csv#LOE_016; generic-play-smoke:played; effect-evidence: reports/card_quality_full_2026-09-27/loe_probe.csv#controller_battlecry_random_damage_scope; reports/card_quality_full_2026-09-27/loe_probe.csv#random_enemy_target_domain; per-card: reports/card_quality_full_2026-09-27/loe_probe.csv#controller_battlecry_random_damage_scope; reports/card_quality_full_2026-09-27/loe_probe.csv#random_enemy_target_domain,"聚合状态取该卡最差机制；普通烟测只证明可执行，不能单独构成 GREEN。 Frozen original YELLOW roster. Cases=2; see probe rows with full EN/ZH text, source, existing test references, prior audit, expected/observed state.","After you play a Battlecry minion, deal 2 damage to a random enemy.",在你使用一张具有 战吼的随从牌后，随机对一个敌人造成2点伤害。,fireplace/cards/league/collectible.py:39
17.6.0.53261,League of Explorers (LOE),LOE_017,Keeper of Uldaman,奥达曼守护者,Battlecry|Targeting,GREEN,implemented,yes,已逐卡断言核心效果与卡面所示关键状态：set_enemy_minion_stats_and_clear_damage=enemy_target_legal=True;set_stats=3/3;damage_cleared=True;keeper=PLAY; friendly_target_domain=friendly_and_enemy_targets_legal;selected_friendly_set_to_3/3;unselected_enemy_unchanged,card_mechanism.csv#LOE_017; generic-play-smoke:played; effect-evidence: reports/card_quality_full_2026-09-27/loe_probe.csv#set_enemy_minion_stats_and_clear_damage; reports/card_quality_full_2026-09-27/loe_probe.csv#friendly_target_domain; per-card: reports/card_quality_full_2026-09-27/loe_probe.csv#set_enemy_minion_stats_and_clear_damage; reports/card_quality_full_2026-09-27/loe_probe.csv#friendly_target_domain,"聚合状态取该卡最差机制；普通烟测只证明可执行，不能单独构成 GREEN。 Frozen original YELLOW roster. Cases=2; see probe rows with full EN/ZH text, source, existing test references, prior audit, expected/observed state.",Battlecry: Set a minion's Attack and Health to 3.,战吼： 将一个随从的攻击力和生命值变为3。,fireplace/cards/league/collectible.py:45
17.6.0.53261,League of Explorers (LOE),LOE_018,Tunnel Trogg,坑道穴居人,Trigger,GREEN,implemented,yes,已逐卡断言核心效果与卡面所示关键状态：overload_amount_and_controller=own_overload=2_attack_gain;opponent_overload=no_gain,card_mechanism.csv#LOE_018; generic-play-smoke:played; effect-evidence: reports/card_quality_full_2026-09-27/loe_probe.csv#overload_amount_and_controller; per-card: reports/card_quality_full_2026-09-27/loe_probe.csv#overload_amount_and_controller,"聚合状态取该卡最差机制；普通烟测只证明可执行，不能单独构成 GREEN。 Frozen original YELLOW roster. Cases=1; see probe rows with full EN/ZH text, source, existing test references, prior audit, expected/observed state.","Whenever you Overload, gain +1 Attack per locked Mana Crystal.",每当你过载时，每一个被锁的法力水晶会使其获得+1攻击力。,fireplace/cards/league/collectible.py:57
17.6.0.53261,League of Explorers (LOE),LOE_019,Unearthed Raptor,石化迅猛龙,Battlecry|Targeting,GREEN,implemented,yes,已逐卡断言核心效果与卡面所示关键状态：copy_deathrattle_and_resolve=copied_Leper_Gnome_deathrattle=2_face_damage;raptor=GRAVEYARD,card_mechanism.csv#LOE_019; generic-play-smoke:played; effect-evidence: reports/card_quality_full_2026-09-27/loe_probe.csv#copy_deathrattle_and_resolve; per-card: reports/card_quality_full_2026-09-27/loe_probe.csv#copy_deathrattle_and_resolve,"聚合状态取该卡最差机制；普通烟测只证明可执行，不能单独构成 GREEN。 Frozen original YELLOW roster. Cases=1; see probe rows with full EN/ZH text, source, existing test references, prior audit, expected/observed state.",Battlecry: Choose a friendly minion. Gain a copy of its Deathrattle.,战吼：选择一个友方随从，获得其亡语的复制。,fireplace/cards/league/collectible.py:66
17.6.0.53261,League of Explorers (LOE),LOE_020,Desert Camel,大漠沙驼,Battlecry|Summon,GREEN,implemented,yes,"已逐卡断言核心效果与卡面所示关键状态：one_cost_from_each_owner_deck=one_1cost_summoned_from_each_owner;2cost_cards_remain_in_decks; random_candidate_filter_per_deck=seeds=16;owner_choices=['CS1_042', 'CS2_168'];opponent_choices=['CS1_042', 'CS2_168'];2-cost_cards_never_selected; summon_respects_both_board_caps=controller_full_opponent_open=summon_opponent_only;controller_open_opponent_full=summon_controller_only;both_boards_capped_at_7",card_mechanism.csv#LOE_020; generic-play-smoke:played; effect-evidence: reports/card_quality_full_2026-09-27/loe_probe.csv#one_cost_from_each_owner_deck; reports/card_quality_full_2026-09-27/loe_probe.csv#random_candidate_filter_per_deck; reports/card_quality_full_2026-09-27/loe_probe.csv#summon_respects_both_board_caps; per-card: reports/card_quality_full_2026-09-27/loe_probe.csv#one_cost_from_each_owner_deck; reports/card_quality_full_2026-09-27/loe_probe.csv#random_candidate_filter_per_deck; reports/card_quality_full_2026-09-27/loe_probe.csv#summon_respects_both_board_caps,"聚合状态取该卡最差机制；普通烟测只证明可执行，不能单独构成 GREEN。 Frozen original YELLOW roster. Cases=3; see probe rows with full EN/ZH text, source, existing test references, prior audit, expected/observed state.",Battlecry: Put a 1-Cost minion from each deck into the battlefield.,战吼：从双方的牌库中各将一个法力值消耗为（1）的随从置入战场。,fireplace/cards/league/collectible.py:77
17.6.0.53261,League of Explorers (LOE),LOE_021,Dart Trap,毒镖陷阱,Random effects|Secret|Spell resolution|Trigger,GREEN,implemented,yes,"已逐卡断言核心效果与卡面所示关键状态：opponent_hero_power_secret=opponent_Life_Tap=2_self_damage;Dart_Trap=5_to_only_eligible_enemy;secret=GRAVEYARD; controller_power_does_not_trigger=controller_Life_Tap=2_self_damage;secret_remained_armed;no_enemy_damage; random_secret_target_domain=seeds=16;eligible_domain=opponent_hero_or_minion;hits={'opponent_hero': 9, 'opponent_minion': 7};Life_Tap_damage_separated",card_mechanism.csv#LOE_021; generic-play-smoke:played; effect-evidence: reports/card_quality_full_2026-09-27/loe_probe.csv#opponent_hero_power_secret; reports/card_quality_full_2026-09-27/loe_probe.csv#controller_power_does_not_trigger; reports/card_quality_full_2026-09-27/loe_probe.csv#random_secret_target_domain; per-card: reports/card_quality_full_2026-09-27/loe_probe.csv#opponent_hero_power_secret; reports/card_quality_full_2026-09-27/loe_probe.csv#controller_power_does_not_trigger; reports/card_quality_full_2026-09-27/loe_probe.csv#random_secret_target_domain,"聚合状态取该卡最差机制；普通烟测只证明可执行，不能单独构成 GREEN。 Frozen original YELLOW roster. Cases=3; see probe rows with full EN/ZH text, source, existing test references, prior audit, expected/observed state.","Secret: After an opposing Hero Power is used, deal $5 damage to a random enemy.",奥秘： 在对方使用英雄技能后，随机对一个敌人造成$5点伤害。,fireplace/cards/league/collectible.py:371
17.6.0.53261,League of Explorers (LOE),LOE_022,Fierce Monkey,凶暴猿猴,Taunt,GREEN,implemented,yes,已逐卡断言核心效果与卡面所示关键状态：taunt_attack_targeting=taunt=True;hero_not_legal;Yeti_attacks_taunt;taunt_minion_dies;Yeti_survives_at_2,card_mechanism.csv#LOE_022; generic-play-smoke:played; effect-evidence: reports/card_quality_full_2026-09-27/loe_probe.csv#taunt_attack_targeting; per-card: reports/card_quality_full_2026-09-27/loe_probe.csv#taunt_attack_targeting,"聚合状态取该卡最差机制；普通烟测只证明可执行，不能单独构成 GREEN。 Frozen original YELLOW roster. Cases=1; see probe rows with full EN/ZH text, source, existing test references, prior audit, expected/observed state.",Taunt,嘲讽,
17.6.0.53261,League of Explorers (LOE),LOE_023,Dark Peddler,黑市摊贩,Battlecry|Discover / Choice|Random effects,GREEN,implemented,yes,"已逐卡断言核心效果与卡面所示关键状态：one_cost_discover_pool_and_selection=options=['EX1_009', 'EX1_277', 'EX1_011'];chosen=EX1_009:HAND;remaining_choice=0",card_mechanism.csv#LOE_023; generic-play-smoke:played; effect-evidence: reports/card_quality_full_2026-09-27/loe_probe.csv#one_cost_discover_pool_and_selection; per-card: reports/card_quality_full_2026-09-27/loe_probe.csv#one_cost_discover_pool_and_selection,"聚合状态取该卡最差机制；普通烟测只证明可执行，不能单独构成 GREEN。 Frozen original YELLOW roster. Cases=1; see probe rows with full EN/ZH text, source, existing test references, prior audit, expected/observed state.",Battlecry: Discover a 1-Cost card.,战吼：发现一张 法力值消耗为（1）的卡牌。,fireplace/cards/league/collectible.py:86
17.6.0.53261,League of Explorers (LOE),LOE_026,Anyfin Can Happen,亡者归来,Spell resolution|Summon,GREEN,implemented,yes,"已逐卡断言核心效果与卡面所示关键状态：dead_murlocs_only=dead_murlocs=2;nonmurloc_deaths_excluded;copies_summoned=['PRO_001at', 'CS2_168']; seven_murloc_board_cap=seven_slots_occupied;dead_murloc_not_summoned;field_stays_at_7",card_mechanism.csv#LOE_026; generic-play-smoke:played; effect-evidence: reports/card_quality_full_2026-09-27/loe_probe.csv#dead_murlocs_only; reports/card_quality_full_2026-09-27/loe_probe.csv#seven_murloc_board_cap; per-card: reports/card_quality_full_2026-09-27/loe_probe.csv#dead_murlocs_only; reports/card_quality_full_2026-09-27/loe_probe.csv#seven_murloc_board_cap,"聚合状态取该卡最差机制；普通烟测只证明可执行，不能单独构成 GREEN。 Frozen original YELLOW roster. Cases=2; see probe rows with full EN/ZH text, source, existing test references, prior audit, expected/observed state.",Summon 7 Murlocs that died this game.,召唤七个在本局对战中死亡的 鱼人。,fireplace/cards/league/collectible.py:303
17.6.0.53261,League of Explorers (LOE),LOE_027,Sacred Trial,审判,Secret|Spell resolution|Trigger,GREEN,implemented,yes,已逐卡断言核心效果与卡面所示关键状态：third_minion_below_threshold=opponent_played_third_minion;it_survived;secret_remained; fourth_minion_triggers_trial=opponent_played_fourth_minion;destroyed;secret_consumed,card_mechanism.csv#LOE_027; generic-play-smoke:played; effect-evidence: reports/card_quality_full_2026-09-27/loe_probe.csv#third_minion_below_threshold; reports/card_quality_full_2026-09-27/loe_probe.csv#fourth_minion_triggers_trial; per-card: reports/card_quality_full_2026-09-27/loe_probe.csv#third_minion_below_threshold; reports/card_quality_full_2026-09-27/loe_probe.csv#fourth_minion_triggers_trial,"聚合状态取该卡最差机制；普通烟测只证明可执行，不能单独构成 GREEN。 Frozen original YELLOW roster. Cases=2; see probe rows with full EN/ZH text, source, existing test references, prior audit, expected/observed state.","Secret: After your opponent has at least 3 minions and plays another, destroy it.",奥秘：在你的对手使用一张随从牌后，如果他控制至少三个随从，则将其消灭。,fireplace/cards/league/collectible.py:379
17.6.0.53261,League of Explorers (LOE),LOE_029,Jeweled Scarab,宝石甲虫,Battlecry|Discover / Choice|Random effects,GREEN,implemented,yes,"已逐卡断言核心效果与卡面所示关键状态：three_cost_discover_pool_and_selection=options=['AT_095', 'GIL_681', 'BRM_033'];chosen=AT_095:HAND;remaining_choice=0",card_mechanism.csv#LOE_029; generic-play-smoke:played; effect-evidence: reports/card_quality_full_2026-09-27/loe_probe.csv#three_cost_discover_pool_and_selection; per-card: reports/card_quality_full_2026-09-27/loe_probe.csv#three_cost_discover_pool_and_selection,"聚合状态取该卡最差机制；普通烟测只证明可执行，不能单独构成 GREEN。 Frozen original YELLOW roster. Cases=1; see probe rows with full EN/ZH text, source, existing test references, prior audit, expected/observed state.",Battlecry: Discover a 3-Cost card.,战吼：发现一张 法力值消耗为（3）的卡牌。,fireplace/cards/league/collectible.py:92
17.6.0.53261,League of Explorers (LOE),LOE_038,Naga Sea Witch,纳迦海巫,Aura|Continuous effect / Update|Cost modification,GREEN,implemented,yes,"已逐卡断言核心效果与卡面所示关键状态：hand_cost_aura_and_restore=under_aura=5_each;post_aura=(0, 4, 10, 0);base={'CS2_008': 0, 'CS2_029': 4, 'EX1_586': 10}",card_mechanism.csv#LOE_038; generic-play-smoke:played; effect-evidence: reports/card_quality_full_2026-09-27/loe_probe.csv#hand_cost_aura_and_restore; per-card: reports/card_quality_full_2026-09-27/loe_probe.csv#hand_cost_aura_and_restore,"聚合状态取该卡最差机制；普通烟测只证明可执行，不能单独构成 GREEN。 Frozen original YELLOW roster. Cases=1; see probe rows with full EN/ZH text, source, existing test references, prior audit, expected/observed state.",Your cards cost (5).,你的卡牌法力值消耗为（5）点。,fireplace/cards/league/collectible.py:98
17.6.0.53261,League of Explorers (LOE),LOE_039,Gorillabot A-3,A3型机械金刚,Battlecry|Discover / Choice|Random effects,GREEN,implemented,yes,"已逐卡断言核心效果与卡面所示关键状态：no_mech_no_discover=no_other_Mech;powered_up=False;no_Discover; mech_discover_pool_and_selection=friendly_mech=GVG_096;three_distinct_mech_options=['GVG_116', 'BOT_445', 'DAL_088'];chosen=GVG_116:HAND",card_mechanism.csv#LOE_039; generic-play-smoke:played; effect-evidence: reports/card_quality_full_2026-09-27/loe_probe.csv#no_mech_no_discover; reports/card_quality_full_2026-09-27/loe_probe.csv#mech_discover_pool_and_selection; per-card: reports/card_quality_full_2026-09-27/loe_probe.csv#no_mech_no_discover; reports/card_quality_full_2026-09-27/loe_probe.csv#mech_discover_pool_and_selection,"聚合状态取该卡最差机制；普通烟测只证明可执行，不能单独构成 GREEN。 Frozen original YELLOW roster. Cases=2; see probe rows with full EN/ZH text, source, existing test references, prior audit, expected/observed state.","Battlecry: If you control another Mech, Discover a Mech.",战吼：如果你控制其他任何机械，则发现一张机械牌。,fireplace/cards/league/collectible.py:104
17.6.0.53261,League of Explorers (LOE),LOE_046,Huge Toad,巨型蟾蜍,Deathrattle|Random effects,GREEN,implemented,yes,"已逐卡断言核心效果与卡面所示关键状态：deathrattle_single_enemy_target=deathrattle_with_only_enemy_hero=1_damage;toad=GRAVEYARD; deathrattle_random_target_domain=seeds=16;eligible_domain=enemy_hero_or_minion;hits={'hero': 9, 'minion': 7}",card_mechanism.csv#LOE_046; generic-play-smoke:played; effect-evidence: reports/card_quality_full_2026-09-27/loe_probe.csv#deathrattle_single_enemy_target; reports/card_quality_full_2026-09-27/loe_probe.csv#deathrattle_random_target_domain; per-card: reports/card_quality_full_2026-09-27/loe_probe.csv#deathrattle_single_enemy_target; reports/card_quality_full_2026-09-27/loe_probe.csv#deathrattle_random_target_domain,"聚合状态取该卡最差机制；普通烟测只证明可执行，不能单独构成 GREEN。 Frozen original YELLOW roster. Cases=2; see probe rows with full EN/ZH text, source, existing test references, prior audit, expected/observed state.",Deathrattle: Deal 1 damage to a random enemy.,亡语：随机对一个敌人造成1点伤害。,fireplace/cards/league/collectible.py:111
17.6.0.53261,League of Explorers (LOE),LOE_047,Tomb Spider,墓穴蜘蛛,Battlecry|Discover / Choice|Random effects,GREEN,implemented,yes,"已逐卡断言核心效果与卡面所示关键状态：beast_discover_pool_and_selection=options=['GIL_838', 'LOOT_170', 'OG_152'];chosen=GIL_838:HAND;remaining_choice=0",card_mechanism.csv#LOE_047; generic-play-smoke:played; effect-evidence: reports/card_quality_full_2026-09-27/loe_probe.csv#beast_discover_pool_and_selection; per-card: reports/card_quality_full_2026-09-27/loe_probe.csv#beast_discover_pool_and_selection,"聚合状态取该卡最差机制；普通烟测只证明可执行，不能单独构成 GREEN。 Frozen original YELLOW roster. Cases=1; see probe rows with full EN/ZH text, source, existing test references, prior audit, expected/observed state.",Battlecry: Discover a Beast.,战吼： 发现一张野兽牌。,fireplace/cards/league/collectible.py:117
17.6.0.53261,League of Explorers (LOE),LOE_050,Mounted Raptor,骑乘迅猛龙,Deathrattle|Random effects|Summon,GREEN,implemented,yes,"已逐卡断言核心效果与卡面所示关键状态：deathrattle_random_one_cost_summon=deathrattle_summon=BT_009;cost=1;source=GRAVEYARD; deathrattle_random_pool_domain=seeds=16;all_summons=1-cost_minions;distinct_candidates=['AT_082', 'BOT_906', 'BRM_022', 'BT_142', 'BT_480', 'CFM_325', 'CS2_169', 'GVG_013', 'ICC_092', 'ICC_220', 'LOE_116', 'OG_158', 'TRL_505', 'TRL_506', 'ULD_186', 'ULD_723']; deathrattle_one_open_slot=source_death_opened_one_slot;one_1-cost_summon=TRL_223;field=7",card_mechanism.csv#LOE_050; generic-play-smoke:played; effect-evidence: reports/card_quality_full_2026-09-27/loe_probe.csv#deathrattle_random_one_cost_summon; reports/card_quality_full_2026-09-27/loe_probe.csv#deathrattle_random_pool_domain; reports/card_quality_full_2026-09-27/loe_probe.csv#deathrattle_one_open_slot; per-card: reports/card_quality_full_2026-09-27/loe_probe.csv#deathrattle_random_one_cost_summon; reports/card_quality_full_2026-09-27/loe_probe.csv#deathrattle_random_pool_domain; reports/card_quality_full_2026-09-27/loe_probe.csv#deathrattle_one_open_slot,"聚合状态取该卡最差机制；普通烟测只证明可执行，不能单独构成 GREEN。 Frozen original YELLOW roster. Cases=3; see probe rows with full EN/ZH text, source, existing test references, prior audit, expected/observed state.",Deathrattle: Summon a random 1-Cost minion.,亡语：随机召唤一个法力值消耗为（1）的随从。,fireplace/cards/league/collectible.py:123
17.6.0.53261,League of Explorers (LOE),LOE_051,Jungle Moonkin,丛林枭兽,Continuous effect / Update|Spell Damage,GREEN,implemented,yes,已逐卡断言核心效果与卡面所示关键状态：both_players_spell_damage_aura=both_sides_Moonfire_dealt_3;after_aura_removed_Moonfire_dealt_1,card_mechanism.csv#LOE_051; generic-play-smoke:played; effect-evidence: reports/card_quality_full_2026-09-27/loe_probe.csv#both_players_spell_damage_aura; per-card: reports/card_quality_full_2026-09-27/loe_probe.csv#both_players_spell_damage_aura,"聚合状态取该卡最差机制；普通烟测只证明可执行，不能单独构成 GREEN。 Frozen original YELLOW roster. Cases=1; see probe rows with full EN/ZH text, source, existing test references, prior audit, expected/observed state.",Both players have Spell Damage +2.,每个玩家获得 法术伤害+2。,fireplace/cards/league/collectible.py:129
17.6.0.53261,League of Explorers (LOE),LOE_053,Djinni of Zephyrs,西风灯神,Trigger,GREEN,implemented,yes,"已逐卡断言核心效果与卡面所示关键状态：copy_spell_on_friendly_minion=friendly_minion_target_spell_copied_once;hero_target_spell_not_copied; enemy_target_spell_no_copy=enemy_minion_hit_for_3;Djinni_state_unchanged=(6, 6);spell=GRAVEYARD",card_mechanism.csv#LOE_053; generic-play-smoke:played; effect-evidence: reports/card_quality_full_2026-09-27/loe_probe.csv#copy_spell_on_friendly_minion; reports/card_quality_full_2026-09-27/loe_probe.csv#enemy_target_spell_no_copy; per-card: reports/card_quality_full_2026-09-27/loe_probe.csv#copy_spell_on_friendly_minion; reports/card_quality_full_2026-09-27/loe_probe.csv#enemy_target_spell_no_copy,"聚合状态取该卡最差机制；普通烟测只证明可执行，不能单独构成 GREEN。 Frozen original YELLOW roster. Cases=2; see probe rows with full EN/ZH text, source, existing test references, prior audit, expected/observed state.","After you cast a spell on another friendly minion, cast a copy of it on this one.",在你对一个其他友方随从施放法术后，将法术效果复制在此随从身上。,fireplace/cards/league/collectible.py:135
17.6.0.53261,League of Explorers (LOE),LOE_073,Fossilized Devilsaur,石化魔暴龙,Battlecry,GREEN,implemented,yes,已逐卡断言核心效果与卡面所示关键状态：no_beast_no_taunt=no_friendly_Beast;Taunt=False; friendly_beast_grants_taunt=friendly_beast=GVG_092t;Taunt=True; enemy_beast_does_not_grant_taunt=enemy_beast=GVG_092t;friendly_beasts=0;Taunt=False,card_mechanism.csv#LOE_073; generic-play-smoke:played; effect-evidence: reports/card_quality_full_2026-09-27/loe_probe.csv#no_beast_no_taunt; reports/card_quality_full_2026-09-27/loe_probe.csv#friendly_beast_grants_taunt; reports/card_quality_full_2026-09-27/loe_probe.csv#enemy_beast_does_not_grant_taunt; per-card: reports/card_quality_full_2026-09-27/loe_probe.csv#no_beast_no_taunt; reports/card_quality_full_2026-09-27/loe_probe.csv#friendly_beast_grants_taunt; reports/card_quality_full_2026-09-27/loe_probe.csv#enemy_beast_does_not_grant_taunt,"聚合状态取该卡最差机制；普通烟测只证明可执行，不能单独构成 GREEN。 Frozen original YELLOW roster. Cases=3; see probe rows with full EN/ZH text, source, existing test references, prior audit, expected/observed state.","Battlecry: If you control a Beast, gain Taunt.",战吼： 如果你控制一个野兽，便获得嘲讽。,fireplace/cards/league/collectible.py:152
17.6.0.53261,League of Explorers (LOE),LOE_076,Sir Finley Mrrgglton,芬利·莫格顿爵士,Battlecry|Discover / Choice|Random effects,GREEN,implemented,yes,"已逐卡断言核心效果与卡面所示关键状态：basic_hero_power_discover=original=HERO_08bp;3_distinct_basic_hero_powers=['HERO_05bp', 'HERO_03bp', 'HERO_01bp'];selected=HERO_03bp:PLAY",card_mechanism.csv#LOE_076; generic-play-smoke:played; effect-evidence: reports/card_quality_full_2026-09-27/loe_probe.csv#basic_hero_power_discover; per-card: reports/card_quality_full_2026-09-27/loe_probe.csv#basic_hero_power_discover,"聚合状态取该卡最差机制；普通烟测只证明可执行，不能单独构成 GREEN。 Frozen original YELLOW roster. Cases=1; see probe rows with full EN/ZH text, source, existing test references, prior audit, expected/observed state.",Battlecry: Discover a new basic Hero Power.,战吼：发现一个新的基础英雄技能。,fireplace/cards/league/collectible.py:163
17.6.0.53261,League of Explorers (LOE),LOE_077,Brann Bronzebeard,布莱恩·铜须,Aura|Continuous effect / Update,GREEN,implemented,yes,已逐卡断言核心效果与卡面所示关键状态：double_battlecry_aura=Brann_aura_active;one_2hp_battlecry_healed_4; opponent_battlecry_not_doubled=opponent_Voodoo_Doctor_healed_2_once;Brann_aura_owner_only,card_mechanism.csv#LOE_077; generic-play-smoke:played; effect-evidence: reports/card_quality_full_2026-09-27/loe_probe.csv#double_battlecry_aura; reports/card_quality_full_2026-09-27/loe_probe.csv#opponent_battlecry_not_doubled; per-card: reports/card_quality_full_2026-09-27/loe_probe.csv#double_battlecry_aura; reports/card_quality_full_2026-09-27/loe_probe.csv#opponent_battlecry_not_doubled,"聚合状态取该卡最差机制；普通烟测只证明可执行，不能单独构成 GREEN。 Frozen original YELLOW roster. Cases=2; see probe rows with full EN/ZH text, source, existing test references, prior audit, expected/observed state.",Your Battlecries trigger twice.,你的战吼会触发 两次。,fireplace/cards/league/collectible.py:171
17.6.0.53261,League of Explorers (LOE),LOE_079,Elise Starseeker,伊莉斯·逐星,Battlecry,GREEN,implemented,yes,已逐卡断言核心效果与卡面所示关键状态：map_shuffle_and_draw=Elise_added_Map_to_deck;Map_play_shuffled_Golden_Monkey_and_drew_it,card_mechanism.csv#LOE_079; generic-play-smoke:played; effect-evidence: reports/card_quality_full_2026-09-27/loe_probe.csv#map_shuffle_and_draw; per-card: reports/card_quality_full_2026-09-27/loe_probe.csv#map_shuffle_and_draw,"聚合状态取该卡最差机制；普通烟测只证明可执行，不能单独构成 GREEN。 Frozen original YELLOW roster. Cases=1; see probe rows with full EN/ZH text, source, existing test references, prior audit, expected/observed state.",Battlecry: Shuffle the 'Map to the Golden Monkey'   into your deck.,战吼：将“黄金猿藏宝图”洗入你的牌库。,fireplace/cards/league/collectible.py:177
17.6.0.53261,League of Explorers (LOE),LOE_086,Summoning Stone,集合石,Random effects|Summon|Trigger,GREEN,implemented,yes,集合石只响应玩家自己从手牌施法：1费心灵之火恰好召唤一只1费随从；灯神代施放的副本实际生效但不产生额外召唤；对手施法不触发；自己打出4费火球术恰好召唤一只4费随从。,tests/test_loe_summoning_stone_cast_rule.py::test_summoning_stone_ignores_djinni_effect_cast_copy|tests/test_loe_summoning_stone_cast_rule.py::test_summoning_stone_only_responds_to_its_players_spell,用户确认仅玩家自己从手牌施法触发此类监听；历史YELLOW及旧探针保持存档原样。,"Whenever you cast a spell, summon a random minion of the same Cost.",每当你施放一个法术，随机召唤一个法力值消耗相同的随从。,fireplace/cards/league/collectible.py:196
17.6.0.53261,League of Explorers (LOE),LOE_089,Wobbling Runts,摇摆的俾格米,Deathrattle|Summon,GREEN,implemented,yes,已逐卡断言核心效果与卡面所示关键状态：deathrattle_three_tokens_and_board_cap=empty_board=3x2/2;one_open_slot=1_runt;board_never_exceeds_7,card_mechanism.csv#LOE_089; generic-play-smoke:played; effect-evidence: reports/card_quality_full_2026-09-27/loe_probe.csv#deathrattle_three_tokens_and_board_cap; per-card: reports/card_quality_full_2026-09-27/loe_probe.csv#deathrattle_three_tokens_and_board_cap,"聚合状态取该卡最差机制；普通烟测只证明可执行，不能单独构成 GREEN。 Frozen original YELLOW roster. Cases=1; see probe rows with full EN/ZH text, source, existing test references, prior audit, expected/observed state.",Deathrattle: Summon three 2/2 Runts.,亡语：召唤三个2/2的俾格米。,fireplace/cards/league/collectible.py:204
17.6.0.53261,League of Explorers (LOE),LOE_092,Arch-Thief Rafaam,虚灵大盗拉法姆,Battlecry|Discover / Choice|Random effects,GREEN,implemented,yes,"已逐卡断言核心效果与卡面所示关键状态：artifact_discover_exact_pool_and_selection=artifact_options=['LOEA16_4', 'LOEA16_3', 'LOEA16_5'];selected=LOEA16_4:HAND;choice_cleared",card_mechanism.csv#LOE_092; generic-play-smoke:played; effect-evidence: reports/card_quality_full_2026-09-27/loe_probe.csv#artifact_discover_exact_pool_and_selection; per-card: reports/card_quality_full_2026-09-27/loe_probe.csv#artifact_discover_exact_pool_and_selection,"聚合状态取该卡最差机制；普通烟测只证明可执行，不能单独构成 GREEN。 Frozen original YELLOW roster. Cases=1; see probe rows with full EN/ZH text, source, existing test references, prior audit, expected/observed state.",Battlecry: Discover a powerful Artifact.,战吼：发现一张强大的神器牌。,fireplace/cards/league/collectible.py:210
17.6.0.53261,League of Explorers (LOE),LOE_104,Entomb,埋葬,Spell resolution|Targeting,GREEN,implemented,yes,已逐卡断言核心效果与卡面所示关键状态：enemy_minion_steal_into_deck=enemy_minion_stolen_into_caster_deck;original_entity=CS2_182;spell=GRAVEYARD; selected_enemy_only=selected_enemy_entity_shuffled_to_caster_deck;other_enemy_and_friendly_minions_unchanged,card_mechanism.csv#LOE_104; generic-play-smoke:played; effect-evidence: reports/card_quality_full_2026-09-27/loe_probe.csv#enemy_minion_steal_into_deck; reports/card_quality_full_2026-09-27/loe_probe.csv#selected_enemy_only; per-card: reports/card_quality_full_2026-09-27/loe_probe.csv#enemy_minion_steal_into_deck; reports/card_quality_full_2026-09-27/loe_probe.csv#selected_enemy_only,"聚合状态取该卡最差机制；普通烟测只证明可执行，不能单独构成 GREEN。 Frozen original YELLOW roster. Cases=2; see probe rows with full EN/ZH text, source, existing test references, prior audit, expected/observed state.",Choose an enemy minion. Shuffle it into your deck.,选择一个敌方随从。将该随从洗入你的牌库。,fireplace/cards/league/collectible.py:309
17.6.0.53261,League of Explorers (LOE),LOE_105,Explorer's Hat,探险帽,Spell resolution|Targeting,GREEN,implemented,yes,已逐卡断言核心效果与卡面所示关键状态：explorers_hat_buff_and_deathrattle=target=+1/+1_and_deathrattle;death_returned_one_hat_to_controller_hand,card_mechanism.csv#LOE_105; generic-play-smoke:played; effect-evidence: reports/card_quality_full_2026-09-27/loe_probe.csv#explorers_hat_buff_and_deathrattle; per-card: reports/card_quality_full_2026-09-27/loe_probe.csv#explorers_hat_buff_and_deathrattle,"聚合状态取该卡最差机制；普通烟测只证明可执行，不能单独构成 GREEN。 Frozen original YELLOW roster. Cases=1; see probe rows with full EN/ZH text, source, existing test references, prior audit, expected/observed state.","Give a minion +1/+1 and ""Deathrattle: Add an Explorer's Hat to your hand.""",使一个随从获得+1/+1，以及亡语：将一个探险帽置入你的手牌。,fireplace/cards/league/collectible.py:320
17.6.0.53261,League of Explorers (LOE),LOE_107,Eerie Statue,诡异的雕像,Continuous effect / Update,GREEN,implemented,yes,已逐卡断言核心效果与卡面所示关键状态：only_minion_can_attack=only_minion_on_either_board_side_can_attack;both_friend_and_enemy_minions_block,card_mechanism.csv#LOE_107; generic-play-smoke:played; effect-evidence: reports/card_quality_full_2026-09-27/loe_probe.csv#only_minion_can_attack; per-card: reports/card_quality_full_2026-09-27/loe_probe.csv#only_minion_can_attack,"聚合状态取该卡最差机制；普通烟测只证明可执行，不能单独构成 GREEN。 Frozen original YELLOW roster. Cases=1; see probe rows with full EN/ZH text, source, existing test references, prior audit, expected/observed state.",Can’t attack unless it’s the only minion on the battlefield.,除非它是战场上唯一的一个随从，否则无法进行攻击。,fireplace/cards/league/collectible.py:239
17.6.0.53261,League of Explorers (LOE),LOE_110,Ancient Shade,远古暗影,Battlecry|Trigger,GREEN,implemented,yes,已逐卡断言核心效果与卡面所示关键状态：ancient_curse_when_drawn=Ancient_Curse_added_to_deck;draw_dealt_7_and_sent_curse_to_graveyard,card_mechanism.csv#LOE_110; generic-play-smoke:played; effect-evidence: reports/card_quality_full_2026-09-27/loe_probe.csv#ancient_curse_when_drawn; per-card: reports/card_quality_full_2026-09-27/loe_probe.csv#ancient_curse_when_drawn,"聚合状态取该卡最差机制；普通烟测只证明可执行，不能单独构成 GREEN。 Frozen original YELLOW roster. Cases=1; see probe rows with full EN/ZH text, source, existing test references, prior audit, expected/observed state.",Battlecry: Shuffle an 'Ancient Curse' into your deck that deals 7 damage to you when drawn.,战吼：将一张“远古诅咒”牌洗入你的牌库。当你抽到该牌，便会受到7点伤害。,fireplace/cards/league/collectible.py:245
17.6.0.53261,League of Explorers (LOE),LOE_111,Excavated Evil,极恶之咒,Spell resolution,GREEN,implemented,yes,已逐卡断言核心效果与卡面所示关键状态：symmetric_damage_and_opponent_shuffle=all_minions_take_3;both_1health_minions_die;survivors=2health;copy_shuffled_only_into_opponent_deck,card_mechanism.csv#LOE_111; generic-play-smoke:played; effect-evidence: reports/card_quality_full_2026-09-27/loe_probe.csv#symmetric_damage_and_opponent_shuffle; per-card: reports/card_quality_full_2026-09-27/loe_probe.csv#symmetric_damage_and_opponent_shuffle,"聚合状态取该卡最差机制；普通烟测只证明可执行，不能单独构成 GREEN。 Frozen original YELLOW roster. Cases=1; see probe rows with full EN/ZH text, source, existing test references, prior audit, expected/observed state.",Deal $3 damage to all minions. Shuffle this card into your opponent's deck.,对所有随从造成$3点伤害。将该牌洗入你对手的牌库。,fireplace/cards/league/collectible.py:336
17.6.0.53261,League of Explorers (LOE),LOE_113,Everyfin is Awesome,鱼人恩典,Cost modification|Spell resolution,GREEN,implemented,yes,已逐卡断言核心效果与卡面所示关键状态：murloc_cost_discount_and_friendly_buff=two_friendly_Murlocs_plus_one_enemy_Murloc;cost_5;friendly_minions_plus_2/+2;enemy_minions_unchanged,card_mechanism.csv#LOE_113; generic-play-smoke:played; effect-evidence: reports/card_quality_full_2026-09-27/loe_probe.csv#murloc_cost_discount_and_friendly_buff; per-card: reports/card_quality_full_2026-09-27/loe_probe.csv#murloc_cost_discount_and_friendly_buff,"聚合状态取该卡最差机制；普通烟测只证明可执行，不能单独构成 GREEN。 Frozen original YELLOW roster. Cases=1; see probe rows with full EN/ZH text, source, existing test references, prior audit, expected/observed state.",Give your minions +2/+2. Costs (1) less for each Murloc you control.,使你的所有随从获得+2/+2。你每控制一个鱼人，该牌的法力值消耗便减少（1）点。,fireplace/cards/league/collectible.py:342
17.6.0.53261,League of Explorers (LOE),LOE_115,Raven Idol,乌鸦神像,Choose One|Discover / Choice|Random effects|Spell resolution,GREEN,implemented,yes,"已逐卡断言核心效果与卡面所示关键状态：choose_one_minion_branch=three_distinct_minions=['AT_106', 'CFM_666', 'BRM_031'];chosen=AT_106:HAND; choose_one_spell_branch=three_distinct_spells=['DAL_577', 'CFM_021', 'AT_002'];chosen=DAL_577:HAND",card_mechanism.csv#LOE_115; generic-play-smoke:played; effect-evidence: reports/card_quality_full_2026-09-27/loe_probe.csv#choose_one_minion_branch; reports/card_quality_full_2026-09-27/loe_probe.csv#choose_one_spell_branch; per-card: reports/card_quality_full_2026-09-27/loe_probe.csv#choose_one_minion_branch; reports/card_quality_full_2026-09-27/loe_probe.csv#choose_one_spell_branch,"聚合状态取该卡最差机制；普通烟测只证明可执行，不能单独构成 GREEN。 Frozen original YELLOW roster. Cases=2; see probe rows with full EN/ZH text, source, existing test references, prior audit, expected/observed state.",Choose One - Discover a minion; or Discover a spell.,抉择： 发现一张随从牌；或者发现一张法术牌。,fireplace/cards/league/collectible.py:352
17.6.0.53261,League of Explorers (LOE),LOE_116,Reliquary Seeker,遗物搜寻者,Battlecry,GREEN,implemented,yes,已逐卡断言核心效果与卡面所示关键状态：five_other_minions_no_buff=five_other_minions;no_buff;1/1; six_other_minions_plus_four=six_other_minions;plus_4/+4;5/5,card_mechanism.csv#LOE_116; generic-play-smoke:played; effect-evidence: reports/card_quality_full_2026-09-27/loe_probe.csv#five_other_minions_no_buff; reports/card_quality_full_2026-09-27/loe_probe.csv#six_other_minions_plus_four; per-card: reports/card_quality_full_2026-09-27/loe_probe.csv#five_other_minions_no_buff; reports/card_quality_full_2026-09-27/loe_probe.csv#six_other_minions_plus_four,"聚合状态取该卡最差机制；普通烟测只证明可执行，不能单独构成 GREEN。 Frozen original YELLOW roster. Cases=2; see probe rows with full EN/ZH text, source, existing test references, prior audit, expected/observed state.","Battlecry: If you have 6 other minions, gain +4/+4.",战吼：如果你拥有六个其他随从，便获得+4/+4。,fireplace/cards/league/collectible.py:258
17.6.0.53261,League of Explorers (LOE),LOE_118,Cursed Blade,诅咒之刃,Continuous effect / Update|Weapon,GREEN,implemented,yes,已逐卡断言核心效果与卡面所示关键状态：weapon_doubles_all_hero_damage=enemy_and_friendly_1_damage_spells_each_dealt_2_to_weapon_owner,card_mechanism.csv#LOE_118; generic-play-smoke:played; effect-evidence: reports/card_quality_full_2026-09-27/loe_probe.csv#weapon_doubles_all_hero_damage; per-card: reports/card_quality_full_2026-09-27/loe_probe.csv#weapon_doubles_all_hero_damage,"聚合状态取该卡最差机制；普通烟测只证明可执行，不能单独构成 GREEN。 Frozen original YELLOW roster. Cases=1; see probe rows with full EN/ZH text, source, existing test references, prior audit, expected/observed state.",Double all damage dealt to your hero.,你的英雄受到的所有伤害效果翻倍。,fireplace/cards/league/collectible.py:391
17.6.0.53261,League of Explorers (LOE),LOE_119,Animated Armor,复活的铠甲,Continuous effect / Update,GREEN,implemented,yes,已逐卡断言核心效果与卡面所示关键状态：hero_damage_cap_per_hit=Fireball_under_armor=1_damage;after_armor_death=6_damage,card_mechanism.csv#LOE_119; generic-play-smoke:played; effect-evidence: reports/card_quality_full_2026-09-27/loe_probe.csv#hero_damage_cap_per_hit; per-card: reports/card_quality_full_2026-09-27/loe_probe.csv#hero_damage_cap_per_hit,"聚合状态取该卡最差机制；普通烟测只证明可执行，不能单独构成 GREEN。 Frozen original YELLOW roster. Cases=1; see probe rows with full EN/ZH text, source, existing test references, prior audit, expected/observed state.",Your hero can only take 1 damage at a time.,你的英雄每次只会受到1点伤害。,fireplace/cards/league/collectible.py:268
