version,set,card_id,name_en,name_zh,mechanic,status,implementation,tested,reason,evidence,notes,card_text_en,card_text_zh,python_source
17.6.0.53261,Mean Streets of Gadgetzan (GANGS),CFM_020,Raza the Chained,缚链者拉兹,Battlecry,GREEN,implemented,yes,逐卡实测：牌库卡牌ID均不重复时缚链者拉兹战吼使英雄技能费用为0；存在两张同ID卡时英雄技能仍保持正常费用。,tests/test_gangs_red_worker_fixes.py::test_raza_only_sets_hero_power_cost_to_zero_for_a_unique_deck; tests/test_gangs_red_worker_fixes.py::test_raza_does_not_set_hero_power_cost_to_zero_for_duplicate_deck_cards,原始结论保留于known_issues_archive_2026-09-29/。 修复前无条件给予零费光环；现战吼检查牌库重复ID。,"[x]  Battlecry: If your deck has   no duplicates, your Hero  Power costs (0) this game.",战吼：在本局对战中，如果你的牌库里没有相同的牌，则你的英雄技能的法力值消耗为（0）点。,fireplace/cards/gangs/priest.py:8
17.6.0.53261,Mean Streets of Gadgetzan (GANGS),CFM_021,Freezing Potion,冰冻药水,Spell resolution|Targeting,GREEN,implemented,yes,"逐卡实际对局断言通过：freeze_enemy_minion=enemy_controller=Player1;enemy_frozen=True;enemy_zone=PLAY;spell=GRAVEYARD；freeze_enemy_hero=enemy_hero=(30, False)->(30, True);spell=GRAVEYARD",card_mechanism.csv#CFM_021; generic-play-smoke:played; effect-evidence: reports/card_quality_full_2026-09-27/three_set_probe.csv#CFM_021::freeze_enemy_minion; reports/card_quality_full_2026-09-27/three_set_probe.csv#CFM_021::freeze_enemy_hero; per-card: reports/card_quality_full_2026-09-27/three_set_probe.csv#CFM_021::freeze_enemy_minion; reports/card_quality_full_2026-09-27/three_set_probe.csv#CFM_021::freeze_enemy_hero,聚合状态取该卡最差机制；普通烟测只证明可执行，不能单独构成 GREEN。 EN=Freeze an enemy.; ZH=冻结一个敌人。; source=fireplace/cards/gangs/mage.py:56; existing_tests=无候选既有测试引用; previous_card_audit=2 个机制缺少充分的核心效果验证；逐机制依据见 card_mechanism.csv。; previous_mechanism_audit=存在定义或元数据候选；当前没有可复查的该机制核心效果断言。 / 缺目标与非法自身目标均在付费/移区前被拒绝；合法目标效果仍需逐卡验证。; prior_cross_card_issues=无; audit_scope=本轮实际运行断言。,Freeze an enemy.,冻结一个敌人。,fireplace/cards/gangs/mage.py:56
17.6.0.53261,Mean Streets of Gadgetzan (GANGS),CFM_025,Wind-up Burglebot,发条强盗机器人,Draw / Discard|Trigger,GREEN,implemented,yes,"逐卡实际对局断言通过：survives_attack_draws=burglar=(4, 'PLAY');target=GRAVEYARD;drawn=['CS2_182'];deck=[]；dies_attack_no_draw=burglar=GRAVEYARD;target=PLAY;hand_before=0;hand_after=0;deck=['CS2_182']",card_mechanism.csv#CFM_025; generic-play-smoke:played; effect-evidence: reports/card_quality_full_2026-09-27/three_set_probe.csv#CFM_025::survives_attack_draws; reports/card_quality_full_2026-09-27/three_set_probe.csv#CFM_025::dies_attack_no_draw; per-card: reports/card_quality_full_2026-09-27/three_set_probe.csv#CFM_025::survives_attack_draws; reports/card_quality_full_2026-09-27/three_set_probe.csv#CFM_025::dies_attack_no_draw,"聚合状态取该卡最差机制；普通烟测只证明可执行，不能单独构成 GREEN。 EN=Whenever this attacks a minion and survives, draw a card.; ZH=每当该随从攻击另一个随从并存活时，抽一张牌。; source=fireplace/cards/gangs/neutral_epic.py:8; existing_tests=无候选既有测试引用; previous_card_audit=2 个机制缺少充分的核心效果验证；逐机制依据见 card_mechanism.csv。; previous_mechanism_audit=存在定义或元数据候选；当前没有可复查的该机制核心效果断言。; prior_cross_card_issues=无; audit_scope=本轮实际运行断言。","Whenever this attacks a minion and survives, draw a card.",每当该随从攻击另一个随从并存活时，抽一张牌。,fireplace/cards/gangs/neutral_epic.py:8
17.6.0.53261,Mean Streets of Gadgetzan (GANGS),CFM_026,Hidden Cache,军备宝箱,Random effects|Secret|Spell resolution|Trigger,GREEN,implemented,yes,"逐卡实际对局断言通过：secret_triggers_after_opponent_minion_play=secret_before=SECRET;secret_after=GRAVEYARD;opponent_card=PLAY;hand_stats=[('CS2_231', 3, 3, 3), ('CS2_182', 4, 5, 5)];buffed=['CS2_231']",card_mechanism.csv#CFM_026; generic-play-smoke:played; effect-evidence: reports/card_quality_full_2026-09-27/three_set_probe.csv#CFM_026::secret_triggers_after_opponent_minion_play; per-card: reports/card_quality_full_2026-09-27/three_set_probe.csv#CFM_026::secret_triggers_after_opponent_minion_play,"聚合状态取该卡最差机制；普通烟测只证明可执行，不能单独构成 GREEN。 EN=Secret: After your opponent plays a minion, give a random minion in your hand +2/+2.; ZH=奥秘：在你的对手使用一张随从牌后，随机使你手牌中的一张随从牌获得+2/+2。; source=fireplace/cards/gangs/hunter.py:55; existing_tests=无候选既有测试引用; previous_card_audit=4 个机制缺少充分的核心效果验证；逐机制依据见 card_mechanism.csv。; previous_mechanism_audit=存在定义或元数据候选；当前没有可复查的该机制核心效果断言。; prior_cross_card_issues=无; audit_scope=本轮实际运行断言。","Secret: After your opponent plays a minion, give a random minion in your hand +2/+2.",奥秘：在你的对手使用一张随从牌后，随机使你手牌中的一张随从牌获得+2/+2。,fireplace/cards/gangs/hunter.py:55
17.6.0.53261,Mean Streets of Gadgetzan (GANGS),CFM_039,Street Trickster,杂耍小鬼,Spell Damage,GREEN,implemented,yes,逐卡实际对局断言通过：spell_damage_adds_one=spellpower=1;target_controller=Player2;target_health=3;target_damage=2;target_zone=PLAY;spell=GRAVEYARD,card_mechanism.csv#CFM_039; generic-play-smoke:played; effect-evidence: reports/card_quality_full_2026-09-27/three_set_probe.csv#CFM_039::spell_damage_adds_one; per-card: reports/card_quality_full_2026-09-27/three_set_probe.csv#CFM_039::spell_damage_adds_one,聚合状态取该卡最差机制；普通烟测只证明可执行，不能单独构成 GREEN。 EN=Spell Damage +1; ZH=法术伤害+1; source=未发现 Python 卡脚本; existing_tests=无候选既有测试引用; previous_card_audit=1 个机制缺少充分的核心效果验证；逐机制依据见 card_mechanism.csv。; previous_mechanism_audit=存在定义或元数据候选；当前没有可复查的该机制核心效果断言。; prior_cross_card_issues=无; audit_scope=本轮实际运行断言。,Spell Damage +1,法术伤害+1,
17.6.0.53261,Mean Streets of Gadgetzan (GANGS),CFM_060,Red Mana Wyrm,猩红法力浮龙,Trigger,GREEN,implemented,yes,逐卡实测：己方从手牌施放两张法术分别增加2点攻击；己方资深档案管理员从牌库代施法确实结算但不加攻；对手施法也不加攻。符合已确认施法规则。,tests/test_remaining_yellow_cast_cards.py::test_red_mana_wyrm_only_gains_attack_for_own_hand_casts,原始结论保留于known_issues_archive_2026-09-29/。 猩红法力浮龙由 CAST-001 语义黄卡转绿。,"Whenever you cast a spell, gain +2 Attack.",每当你施放一个法术，便获得 +2攻击力。,fireplace/cards/gangs/neutral_common.py:8
17.6.0.53261,Mean Streets of Gadgetzan (GANGS),CFM_061,Jinyu Waterspeaker,锦鱼人水语者,Battlecry|Overload|Targeting,GREEN,implemented,yes,逐卡实际对局断言通过：heal_friendly_hero_and_overload=hero_health=20->26;overloaded=1;card=PLAY;mana=6；heal_friendly_minion_and_overload=minion=2->5/5;overloaded=1;card=PLAY,card_mechanism.csv#CFM_061; generic-play-smoke:played; effect-evidence: reports/card_quality_full_2026-09-27/three_set_probe.csv#CFM_061::heal_friendly_hero_and_overload; reports/card_quality_full_2026-09-27/three_set_probe.csv#CFM_061::heal_friendly_minion_and_overload; per-card: reports/card_quality_full_2026-09-27/three_set_probe.csv#CFM_061::heal_friendly_hero_and_overload; reports/card_quality_full_2026-09-27/three_set_probe.csv#CFM_061::heal_friendly_minion_and_overload,聚合状态取该卡最差机制；普通烟测只证明可执行，不能单独构成 GREEN。 EN=[x]Battlecry: Restore #6 Health. Overload: (1); ZH=战吼：恢复#6点生命值。过载：（1）; source=fireplace/cards/gangs/shaman.py:8; existing_tests=无候选既有测试引用; previous_card_audit=2 个机制缺少充分的核心效果验证；逐机制依据见 card_mechanism.csv。; previous_mechanism_audit=出牌后欠费、下一己方回合锁费与可用法力均与卡牌 Overload 标签一致。 / 存在定义或元数据候选；当前没有可复查的该机制核心效果断言。 / 缺目标与非法自身目标均在付费/移区前被拒绝；合法目标效果仍需逐卡验证。; prior_cross_card_issues=无; audit_scope=本轮实际运行断言。,[x]Battlecry: Restore #6 Health. Overload: (1),战吼：恢复#6点生命值。过载：（1）,fireplace/cards/gangs/shaman.py:8
17.6.0.53261,Mean Streets of Gadgetzan (GANGS),CFM_062,Grimestreet Protector,污手街守护者,Battlecry|Taunt,GREEN,implemented,yes,"逐卡实际对局断言通过：both_adjacent_friendly_minions_gain_shield=field=['CS2_231', 'CFM_062', 'CS2_182'];adjacent=(True, True);protector=False;enemy=('Player2', False)",card_mechanism.csv#CFM_062; generic-play-smoke:played; effect-evidence: reports/card_quality_full_2026-09-27/three_set_probe.csv#CFM_062::both_adjacent_friendly_minions_gain_shield; per-card: reports/card_quality_full_2026-09-27/three_set_probe.csv#CFM_062::both_adjacent_friendly_minions_gain_shield,聚合状态取该卡最差机制；普通烟测只证明可执行，不能单独构成 GREEN。 EN=[x]Taunt Battlecry: Give adjacent  minions Divine Shield.; ZH=嘲讽，战吼：使相邻的随从获得圣盾。; source=fireplace/cards/gangs/paladin.py:8; existing_tests=无候选既有测试引用; previous_card_audit=2 个机制缺少充分的核心效果验证；逐机制依据见 card_mechanism.csv。; previous_mechanism_audit=存在定义或元数据候选；当前没有可复查的该机制核心效果断言。; prior_cross_card_issues=无; audit_scope=本轮实际运行断言。,[x]Taunt Battlecry: Give adjacent  minions Divine Shield.,嘲讽，战吼：使相邻的随从获得圣盾。,fireplace/cards/gangs/paladin.py:8
17.6.0.53261,Mean Streets of Gadgetzan (GANGS),CFM_063,Kooky Chemist,化学怪人,Battlecry|Targeting,GREEN,implemented,yes,"逐卡实际对局断言通过：swap_stats_on_selected_minion=before=(4, 5, 5);after=(5, 4, 4);opposing=(4, 5);card=PLAY",card_mechanism.csv#CFM_063; generic-play-smoke:played; effect-evidence: reports/card_quality_full_2026-09-27/three_set_probe.csv#CFM_063::swap_stats_on_selected_minion; per-card: reports/card_quality_full_2026-09-27/three_set_probe.csv#CFM_063::swap_stats_on_selected_minion,聚合状态取该卡最差机制；普通烟测只证明可执行，不能单独构成 GREEN。 EN=Battlecry: Swap the Attack and Health of a minion.; ZH=战吼： 使一个随从的攻击力和生命值互换。; source=fireplace/cards/gangs/neutral_common.py:17; existing_tests=无候选既有测试引用; previous_card_audit=2 个机制缺少充分的核心效果验证；逐机制依据见 card_mechanism.csv。; previous_mechanism_audit=存在定义或元数据候选；当前没有可复查的该机制核心效果断言。 / 缺目标与非法自身目标均在付费/移区前被拒绝；合法目标效果仍需逐卡验证。; prior_cross_card_issues=无; audit_scope=本轮实际运行断言。,Battlecry: Swap the Attack and Health of a minion.,战吼： 使一个随从的攻击力和生命值互换。,fireplace/cards/gangs/neutral_common.py:17
17.6.0.53261,Mean Streets of Gadgetzan (GANGS),CFM_064,Blubber Baron,黑金大亨,Battlecry|Summon|Trigger,GREEN,implemented,yes,"逐卡实际对局断言通过：hand_trigger_stops_after_play=baron=(1, 1, 1)->(2, 2, 2)->(2, 2, 2)->(2, 2, 2);alleycat=PLAY;token=['CFM_315', 'CFM_315t', 'CFM_064', 'CFM_315', 'CFM_315t']",card_mechanism.csv#CFM_064; generic-play-smoke:played; effect-evidence: reports/card_quality_full_2026-09-27/three_set_probe.csv#CFM_064::hand_trigger_stops_after_play; per-card: reports/card_quality_full_2026-09-27/three_set_probe.csv#CFM_064::hand_trigger_stops_after_play,"聚合状态取该卡最差机制；普通烟测只证明可执行，不能单独构成 GREEN。 EN=Whenever you summon a Battlecry minion while this is in your hand, gain +1/+1.; ZH=每当你召唤一个具有战吼的随从时，便使这张牌（在你手牌中时）获得+1/+1。; source=fireplace/cards/gangs/neutral_epic.py:14; existing_tests=无候选既有测试引用; previous_card_audit=3 个机制缺少充分的核心效果验证；逐机制依据见 card_mechanism.csv。; previous_mechanism_audit=存在定义或元数据候选；当前没有可复查的该机制核心效果断言。; prior_cross_card_issues=无; audit_scope=本轮实际运行断言。","Whenever you summon a Battlecry minion while this is in your hand, gain +1/+1.",每当你召唤一个具有战吼的随从时，便使这张牌（在你手牌中时）获得+1/+1。,fireplace/cards/gangs/neutral_epic.py:14
17.6.0.53261,Mean Streets of Gadgetzan (GANGS),CFM_065,Volcanic Potion,火山药水,Spell resolution,GREEN,implemented,yes,"逐卡实际对局断言通过：damage_all_minions_only=minions=5->3,5->3;heroes=(30, 30)->(30, 30);spell=GRAVEYARD",card_mechanism.csv#CFM_065; generic-play-smoke:played; effect-evidence: reports/card_quality_full_2026-09-27/three_set_probe.csv#CFM_065::damage_all_minions_only; per-card: reports/card_quality_full_2026-09-27/three_set_probe.csv#CFM_065::damage_all_minions_only,聚合状态取该卡最差机制；普通烟测只证明可执行，不能单独构成 GREEN。 EN=Deal $2 damage to all minions.; ZH=对所有随从造成$2点伤害。; source=fireplace/cards/gangs/mage.py:63; existing_tests=无候选既有测试引用; previous_card_audit=1 个机制缺少充分的核心效果验证；逐机制依据见 card_mechanism.csv。; previous_mechanism_audit=存在定义或元数据候选；当前没有可复查的该机制核心效果断言。; prior_cross_card_issues=无; audit_scope=本轮实际运行断言。,Deal $2 damage to all minions.,对所有随从造成$2点伤害。,fireplace/cards/gangs/mage.py:63
17.6.0.53261,Mean Streets of Gadgetzan (GANGS),CFM_066,Kabal Lackey,暗金教侍从,Battlecry,GREEN,implemented,yes,"逐卡实际对局断言通过：next_secret_free_once=lackey=PLAY;costs=(3, 0, 3, 0);after_first=('SECRET', 3, 1);after_second=('SECRET', 2);mana=6",card_mechanism.csv#CFM_066; generic-play-smoke:played; effect-evidence: reports/card_quality_full_2026-09-27/three_set_probe.csv#CFM_066::next_secret_free_once; per-card: reports/card_quality_full_2026-09-27/three_set_probe.csv#CFM_066::next_secret_free_once,聚合状态取该卡最差机制；普通烟测只证明可执行，不能单独构成 GREEN。 EN=[x]Battlecry: The next Secret you play this turn costs (0).; ZH=战吼： 在本回合中，你使用的下一个奥秘的法力值消耗为（0）点。; source=fireplace/cards/gangs/mage.py:8; existing_tests=无候选既有测试引用; previous_card_audit=1 个机制缺少充分的核心效果验证；逐机制依据见 card_mechanism.csv。; previous_mechanism_audit=存在定义或元数据候选；当前没有可复查的该机制核心效果断言。; prior_cross_card_issues=无; audit_scope=本轮实际运行断言。,[x]Battlecry: The next Secret you play this turn costs (0).,战吼： 在本回合中，你使用的下一个奥秘的法力值消耗为（0）点。,fireplace/cards/gangs/mage.py:8
17.6.0.53261,Mean Streets of Gadgetzan (GANGS),CFM_067,Hozen Healer,猢狲医者,Battlecry|Targeting,GREEN,implemented,yes,"逐卡实际对局断言通过：restore_selected_minion_to_full=enemy_target=(2, 5)->(5, 5);healer=PLAY;target_controller=Player1;target_zone=PLAY",card_mechanism.csv#CFM_067; generic-play-smoke:played; effect-evidence: reports/card_quality_full_2026-09-27/three_set_probe.csv#CFM_067::restore_selected_minion_to_full; per-card: reports/card_quality_full_2026-09-27/three_set_probe.csv#CFM_067::restore_selected_minion_to_full,聚合状态取该卡最差机制；普通烟测只证明可执行，不能单独构成 GREEN。 EN=Battlecry: Restore a minion to full Health.; ZH=战吼：为一个随从恢复所有生命值。; source=fireplace/cards/gangs/neutral_common.py:27; existing_tests=无候选既有测试引用; previous_card_audit=2 个机制缺少充分的核心效果验证；逐机制依据见 card_mechanism.csv。; previous_mechanism_audit=存在定义或元数据候选；当前没有可复查的该机制核心效果断言。 / 缺目标与非法自身目标均在付费/移区前被拒绝；合法目标效果仍需逐卡验证。; prior_cross_card_issues=无; audit_scope=本轮实际运行断言。,Battlecry: Restore a minion to full Health.,战吼：为一个随从恢复所有生命值。,fireplace/cards/gangs/neutral_common.py:27
17.6.0.53261,Mean Streets of Gadgetzan (GANGS),CFM_094,Felfire Potion,邪火药水,Spell resolution,GREEN,implemented,yes,"逐卡实际对局断言通过：five_damage_all_characters=heroes=(25, 25);minions=('GRAVEYARD', 'GRAVEYARD');spell=GRAVEYARD",card_mechanism.csv#CFM_094; generic-play-smoke:played; effect-evidence: reports/card_quality_full_2026-09-27/three_set_probe.csv#CFM_094::five_damage_all_characters; per-card: reports/card_quality_full_2026-09-27/three_set_probe.csv#CFM_094::five_damage_all_characters,聚合状态取该卡最差机制；普通烟测只证明可执行，不能单独构成 GREEN。 EN=Deal $5 damage to all characters.; ZH=对所有角色造成$5点伤害。; source=fireplace/cards/gangs/warlock.py:57; existing_tests=无候选既有测试引用; previous_card_audit=1 个机制缺少充分的核心效果验证；逐机制依据见 card_mechanism.csv。; previous_mechanism_audit=存在定义或元数据候选；当前没有可复查的该机制核心效果断言。; prior_cross_card_issues=无; audit_scope=本轮实际运行断言。,Deal $5 damage to all characters.,对所有角色造成$5点伤害。,fireplace/cards/gangs/warlock.py:57
17.6.0.53261,Mean Streets of Gadgetzan (GANGS),CFM_095,Weasel Tunneler,鼬鼠挖掘工,Deathrattle,GREEN,implemented,yes,当前列出的机制均有对应场景的效果断言；结论限于已识别标签与复现范围。,"card_mechanism.csv#CFM_095; generic-play-smoke:played; effect-evidence: fireplace/cards/CardDefs.xml#CFM_095; fireplace/cards/gangs/neutral_epic.py:24; tests/test_gangs.py:259:test_weasel_tunneler; smoke:death_processed_source_moved:pass_source_moved; delta={""friendly_field"":{""before"":[""CFM_095""],""after"":[]},""enemy_deck"":{""before"":0,""after"":1}}",聚合状态取该卡最差机制；普通烟测只证明可执行，不能单独构成 GREEN。,Deathrattle: Shuffle this minion into your opponent's deck.,亡语：将该随从洗入你对手的牌库。,fireplace/cards/gangs/neutral_epic.py:24
17.6.0.53261,Mean Streets of Gadgetzan (GANGS),CFM_120,Mistress of Mixtures,亡灵药剂师,Deathrattle,GREEN,implemented,yes,"逐卡实际对局断言通过：deathrattle_heals_both_heroes=heroes=(20, 18)->(24, 22);mistress=GRAVEYARD",card_mechanism.csv#CFM_120; generic-play-smoke:played; effect-evidence: reports/card_quality_full_2026-09-27/three_set_probe.csv#CFM_120::deathrattle_heals_both_heroes; per-card: reports/card_quality_full_2026-09-27/three_set_probe.csv#CFM_120::deathrattle_heals_both_heroes,聚合状态取该卡最差机制；普通烟测只证明可执行，不能单独构成 GREEN。 EN=Deathrattle: Restore #4 Health to each hero.; ZH=亡语：为每个英雄恢复#4点生命值。; source=fireplace/cards/gangs/neutral_common.py:34; existing_tests=无候选既有测试引用; previous_card_audit=1 个机制缺少充分的核心效果验证；逐机制依据见 card_mechanism.csv。; previous_mechanism_audit=存在效果脚本；烟测仅验证执行和基础状态，缺少充分逐卡效果断言。; prior_cross_card_issues=无; audit_scope=本轮实际运行断言。,Deathrattle: Restore #4 Health to each hero.,亡语：为每个英雄恢复#4点生命值。,fireplace/cards/gangs/neutral_common.py:34
17.6.0.53261,Mean Streets of Gadgetzan (GANGS),CFM_300,Public Defender,公辩律师,Taunt,GREEN,implemented,yes,"逐卡实际对局断言通过：taunt_blocks_hero_face=stats=(0, 6, 7);taunt=1;face_blocked=True;enemy_attack=1;defender_health=6",card_mechanism.csv#CFM_300; generic-play-smoke:played; effect-evidence: reports/card_quality_full_2026-09-27/three_set_probe.csv#CFM_300::taunt_blocks_hero_face; per-card: reports/card_quality_full_2026-09-27/three_set_probe.csv#CFM_300::taunt_blocks_hero_face,聚合状态取该卡最差机制；普通烟测只证明可执行，不能单独构成 GREEN。 EN=Taunt; ZH=嘲讽; source=未发现 Python 卡脚本; existing_tests=无候选既有测试引用; previous_card_audit=1 个机制缺少充分的核心效果验证；逐机制依据见 card_mechanism.csv。; previous_mechanism_audit=存在定义或元数据候选；当前没有可复查的该机制核心效果断言。; prior_cross_card_issues=无; audit_scope=本轮实际运行断言。,Taunt,嘲讽,
17.6.0.53261,Mean Streets of Gadgetzan (GANGS),CFM_305,Smuggler's Run,风驰电掣,Spell resolution,GREEN,implemented,yes,"逐卡实际对局断言通过：buffs_all_minions_in_hand=before=((1, 1), (1, 1), 'HAND');after=((2, 2), (2, 2), 'HAND');played_wisp=(2, 2);played_alleycat=(2, 2);token=[(1, 1)];spell=GRAVEYARD",card_mechanism.csv#CFM_305; generic-play-smoke:played; effect-evidence: reports/card_quality_full_2026-09-27/three_set_probe.csv#CFM_305::buffs_all_minions_in_hand; per-card: reports/card_quality_full_2026-09-27/three_set_probe.csv#CFM_305::buffs_all_minions_in_hand,聚合状态取该卡最差机制；普通烟测只证明可执行，不能单独构成 GREEN。 EN=Give all minions in your hand +1/+1.; ZH=使你手牌中的所有随从牌获得+1/+1。; source=fireplace/cards/gangs/paladin.py:51; existing_tests=tests/test_gangs.py:290:test_doppelgangster; previous_card_audit=1 个机制缺少充分的核心效果验证；逐机制依据见 card_mechanism.csv。; previous_mechanism_audit=存在定义或元数据候选；当前没有可复查的该机制核心效果断言。; prior_cross_card_issues=无; audit_scope=本轮实际运行断言。,Give all minions in your hand +1/+1.,使你手牌中的所有随从牌获得+1/+1。,fireplace/cards/gangs/paladin.py:51
17.6.0.53261,Mean Streets of Gadgetzan (GANGS),CFM_308,Kun the Forgotten King,遗忘之王库恩,Choose One,GREEN,implemented,yes,逐卡实际对局断言通过：choose_gain_10_armor=armor=10;mana=0;field=['CFM_308'];choice=None;card=PLAY；choose_refill_mana=armor=0;mana=10;max_mana=10;used_mana=0;card=PLAY;choice=None,card_mechanism.csv#CFM_308; generic-play-smoke:played; effect-evidence: reports/card_quality_full_2026-09-27/three_set_probe.csv#CFM_308::choose_gain_10_armor; reports/card_quality_full_2026-09-27/three_set_probe.csv#CFM_308::choose_refill_mana; per-card: reports/card_quality_full_2026-09-27/three_set_probe.csv#CFM_308::choose_gain_10_armor; reports/card_quality_full_2026-09-27/three_set_probe.csv#CFM_308::choose_refill_mana,聚合状态取该卡最差机制；普通烟测只证明可执行，不能单独构成 GREEN。 EN=Choose One - Gain 10 Armor; or Refresh your Mana Crystals.; ZH=抉择：获得10点护甲值；或者复原你的法力水晶。; source=fireplace/cards/gangs/druid.py:8; existing_tests=tests/test_kobolds.py:7:test_lesser_jasper_spellstone; previous_card_audit=1 个机制缺少充分的核心效果验证；逐机制依据见 card_mechanism.csv。; previous_mechanism_audit=存在定义或元数据候选；当前没有可复查的该机制核心效果断言。; prior_cross_card_issues=无; audit_scope=本轮实际运行断言。,Choose One - Gain 10 Armor; or Refresh your Mana Crystals.,抉择：获得10点护甲值；或者复原你的法力水晶。,fireplace/cards/gangs/druid.py:8
17.6.0.53261,Mean Streets of Gadgetzan (GANGS),CFM_310,Call in the Finishers,神奇四鱼,Spell resolution|Summon,GREEN,implemented,yes,"逐卡实际对局断言通过：normal_summon_four=tokens=[(1, 1, 'PLAY'), (1, 1, 'PLAY'), (1, 1, 'PLAY'), (1, 1, 'PLAY')];field=4;spell=GRAVEYARD；summon_respects_board_cap=field=7;tokens=2;spell=GRAVEYARD;slots=0",card_mechanism.csv#CFM_310; generic-play-smoke:played; effect-evidence: reports/card_quality_full_2026-09-27/three_set_probe.csv#CFM_310::normal_summon_four; reports/card_quality_full_2026-09-27/three_set_probe.csv#CFM_310::summon_respects_board_cap; per-card: reports/card_quality_full_2026-09-27/three_set_probe.csv#CFM_310::normal_summon_four; reports/card_quality_full_2026-09-27/three_set_probe.csv#CFM_310::summon_respects_board_cap,聚合状态取该卡最差机制；普通烟测只证明可执行，不能单独构成 GREEN。 EN=Summon four 1/1 Murlocs.; ZH=召唤四个1/1的鱼人。; source=fireplace/cards/gangs/shaman.py:37; existing_tests=无候选既有测试引用; previous_card_audit=2 个机制缺少充分的核心效果验证；逐机制依据见 card_mechanism.csv。; previous_mechanism_audit=存在定义或元数据候选；当前没有可复查的该机制核心效果断言。; prior_cross_card_issues=无; audit_scope=本轮实际运行断言。,Summon four 1/1 Murlocs.,召唤四个1/1的鱼人。,fireplace/cards/gangs/shaman.py:37
17.6.0.53261,Mean Streets of Gadgetzan (GANGS),CFM_312,Jade Chieftain,青玉酋长,Battlecry|Summon,GREEN,implemented,yes,"逐卡实际对局断言通过：chieftain_golem_taunt=field=[('CFM_312', 5, 5, False), ('CFM_712_t01', 1, 1, True)];chieftain=PLAY;jade_counter=2",card_mechanism.csv#CFM_312; generic-play-smoke:played; effect-evidence: reports/card_quality_full_2026-09-27/three_set_probe.csv#CFM_312::chieftain_golem_taunt; per-card: reports/card_quality_full_2026-09-27/three_set_probe.csv#CFM_312::chieftain_golem_taunt,聚合状态取该卡最差机制；普通烟测只证明可执行，不能单独构成 GREEN。 EN=Battlecry: Summon a{1} {0} Jade Golem. Give it Taunt. @Battlecry: Summon a Jade Golem. Give it Taunt.; ZH=战吼：召唤一个{0}的青玉魔像，使其获得嘲讽。@战吼：召唤一个青玉魔像，使其获得 嘲讽。; source=fireplace/cards/gangs/shaman.py:15; existing_tests=tests/test_gangs.py:129:test_jade_chieftain; previous_card_audit=2 个机制缺少充分的核心效果验证；逐机制依据见 card_mechanism.csv。; previous_mechanism_audit=存在定义或元数据候选；当前没有可复查的该机制核心效果断言。; prior_cross_card_issues=无; audit_scope=本轮实际运行断言。,Battlecry: Summon a{1} {0} Jade Golem. Give it Taunt. @Battlecry: Summon a Jade Golem. Give it Taunt.,战吼：召唤一个{0}的青玉魔像，使其获得嘲讽。@战吼：召唤一个青玉魔像，使其获得 嘲讽。,fireplace/cards/gangs/shaman.py:15
17.6.0.53261,Mean Streets of Gadgetzan (GANGS),CFM_313,Finders Keepers,先到先得,Discover / Choice|Overload|Random effects|Spell resolution,GREEN,implemented,yes,"逐卡实际对局断言通过：discover_overload_shaman_card=overloaded=1;offered=[('BRM_012', 'SHAMAN', 1, True), ('GVG_040', 'SHAMAN', 1, True), ('ULD_158', 'SHAMAN', 1, True)];selected=BRM_012;choice=None;hand=['BRM_012'];spell=GRAVEYARD",card_mechanism.csv#CFM_313; generic-play-smoke:played; effect-evidence: reports/card_quality_full_2026-09-27/three_set_probe.csv#CFM_313::discover_overload_shaman_card; per-card: reports/card_quality_full_2026-09-27/three_set_probe.csv#CFM_313::discover_overload_shaman_card,聚合状态取该卡最差机制；普通烟测只证明可执行，不能单独构成 GREEN。 EN=Discover a card with Overload. Overload: (1); ZH=发现一张具有过载的牌。 过载： （1）; source=fireplace/cards/gangs/shaman.py:44; existing_tests=无候选既有测试引用; previous_card_audit=3 个机制缺少充分的核心效果验证；逐机制依据见 card_mechanism.csv。; previous_mechanism_audit=出牌后欠费、下一己方回合锁费与可用法力均与卡牌 Overload 标签一致。 / 存在定义或元数据候选；当前没有可复查的该机制核心效果断言。; prior_cross_card_issues=无; audit_scope=本轮实际运行断言。,Discover a card with Overload. Overload: (1),发现一张具有过载的牌。 过载： （1）,fireplace/cards/gangs/shaman.py:44
17.6.0.53261,Mean Streets of Gadgetzan (GANGS),CFM_315,Alleycat,雄斑虎,Battlecry|Summon,GREEN,implemented,yes,"逐卡实际对局断言通过：summons_cat_token=field=[('CFM_315', 1, 1), ('CFM_315t', 1, 1)];card=PLAY;cats=1",card_mechanism.csv#CFM_315; generic-play-smoke:played; effect-evidence: reports/card_quality_full_2026-09-27/three_set_probe.csv#CFM_315::summons_cat_token; per-card: reports/card_quality_full_2026-09-27/three_set_probe.csv#CFM_315::summons_cat_token,聚合状态取该卡最差机制；普通烟测只证明可执行，不能单独构成 GREEN。 EN=Battlecry: Summon a 1/1 Cat.; ZH=战吼：召唤一个1/1的雌斑虎。; source=fireplace/cards/gangs/hunter.py:8; existing_tests=tests/test_dalaran.py:61:test_khadgar | tests/test_dalaran.py:66:test_khadgar; previous_card_audit=2 个机制缺少充分的核心效果验证；逐机制依据见 card_mechanism.csv。; previous_mechanism_audit=存在定义或元数据候选；当前没有可复查的该机制核心效果断言。; prior_cross_card_issues=无; audit_scope=本轮实际运行断言。,Battlecry: Summon a 1/1 Cat.,战吼：召唤一个1/1的雌斑虎。,fireplace/cards/gangs/hunter.py:8
17.6.0.53261,Mean Streets of Gadgetzan (GANGS),CFM_316,Rat Pack,瘟疫鼠群,Deathrattle|Summon,GREEN,implemented,yes,逐卡实测：瘟疫鼠群以基础攻击力死亡召唤两只1/1老鼠；加攻至5后死亡召唤五只1/1老鼠，鼠群进入墓地。,tests/test_gangs_red_worker_fixes.py::test_rat_pack_summons_one_one_rat_for_each_base_attack; tests/test_gangs_red_worker_fixes.py::test_rat_pack_uses_its_current_attack_for_deathrattle_count,原始结论保留于known_issues_archive_2026-09-29/。 修复前召唤鼠群本体而非老鼠衍生物。,[x]Deathrattle: Summon a number of 1/1 Rats equal  to this minion's Attack.,亡语：召唤若干个1/1的老鼠，数量等同于该随从的攻击力。,fireplace/cards/gangs/hunter.py:14
17.6.0.53261,Mean Streets of Gadgetzan (GANGS),CFM_321,Grimestreet Informant,污手街情报员,Battlecry|Discover / Choice|Random effects,GREEN,implemented,yes,"逐卡实际对局断言通过：discover_three_allowed_classes=offered=[('BRM_013', 'HUNTER', True), ('GVG_059', 'PALADIN', True), ('BOT_067', 'WARRIOR', True)];selected=BOT_067;choice=None;hand=['BOT_067'];informant=PLAY",card_mechanism.csv#CFM_321; generic-play-smoke:played; effect-evidence: reports/card_quality_full_2026-09-27/three_set_probe.csv#CFM_321::discover_three_allowed_classes; per-card: reports/card_quality_full_2026-09-27/three_set_probe.csv#CFM_321::discover_three_allowed_classes,"聚合状态取该卡最差机制；普通烟测只证明可执行，不能单独构成 GREEN。 EN=[x]Battlecry: Discover a Hunter, Paladin, or Warrior card.; ZH=战吼：发现一张 猎人、圣骑士或战士卡牌。; source=fireplace/cards/gangs/neutral_rare.py:8; existing_tests=无候选既有测试引用; previous_card_audit=3 个机制缺少充分的核心效果验证；逐机制依据见 card_mechanism.csv。; previous_mechanism_audit=存在定义或元数据候选；当前没有可复查的该机制核心效果断言。; prior_cross_card_issues=无; audit_scope=本轮实际运行断言。","[x]Battlecry: Discover a Hunter, Paladin, or Warrior card.",战吼：发现一张 猎人、圣骑士或战士卡牌。,fireplace/cards/gangs/neutral_rare.py:8
17.6.0.53261,Mean Streets of Gadgetzan (GANGS),CFM_324,White Eyes,白眼大侠,Deathrattle|Taunt,GREEN,implemented,yes,"逐卡实际对局断言通过：deathrattle_shuffles_storm_guardian=white_eyes=GRAVEYARD;deck=['CFM_324t', 'CS2_231'];guardian_count=1;guardian_zone=['DECK']",card_mechanism.csv#CFM_324; generic-play-smoke:played; effect-evidence: reports/card_quality_full_2026-09-27/three_set_probe.csv#CFM_324::deathrattle_shuffles_storm_guardian; per-card: reports/card_quality_full_2026-09-27/three_set_probe.csv#CFM_324::deathrattle_shuffles_storm_guardian,聚合状态取该卡最差机制；普通烟测只证明可执行，不能单独构成 GREEN。 EN=Taunt Deathrattle: Shuffle 'The Storm Guardian' into your deck.; ZH=嘲讽，亡语： 将风暴守护者洗入你的牌库。; source=fireplace/cards/gangs/shaman.py:21; existing_tests=无候选既有测试引用; previous_card_audit=2 个机制缺少充分的核心效果验证；逐机制依据见 card_mechanism.csv。; previous_mechanism_audit=存在定义或元数据候选；当前没有可复查的该机制核心效果断言。 / 存在效果脚本；烟测仅验证执行和基础状态，缺少充分逐卡效果断言。; prior_cross_card_issues=无; audit_scope=本轮实际运行断言。,Taunt Deathrattle: Shuffle 'The Storm Guardian' into your deck.,嘲讽，亡语： 将风暴守护者洗入你的牌库。,fireplace/cards/gangs/shaman.py:21
17.6.0.53261,Mean Streets of Gadgetzan (GANGS),CFM_325,Small-Time Buccaneer,蹩脚海盗,Continuous effect / Update,GREEN,implemented,yes,逐卡实际对局断言通过：weapon_aura_tracks_equip_break=attack=1->3->1;weapon=GRAVEYARD;equipped=None;durability=0,card_mechanism.csv#CFM_325; generic-play-smoke:played; effect-evidence: reports/card_quality_full_2026-09-27/three_set_probe.csv#CFM_325::weapon_aura_tracks_equip_break; per-card: reports/card_quality_full_2026-09-27/three_set_probe.csv#CFM_325::weapon_aura_tracks_equip_break,聚合状态取该卡最差机制；普通烟测只证明可执行，不能单独构成 GREEN。 EN=Has +2 Attack while you have a weapon equipped.; ZH=如果你装备一把武器，该随从具有 +2攻击力。; source=fireplace/cards/gangs/neutral_rare.py:21; existing_tests=无候选既有测试引用; previous_card_audit=1 个机制缺少充分的核心效果验证；逐机制依据见 card_mechanism.csv。; previous_mechanism_audit=存在定义或元数据候选；当前没有可复查的该机制核心效果断言。; prior_cross_card_issues=无; audit_scope=本轮实际运行断言。,Has +2 Attack while you have a weapon equipped.,如果你装备一把武器，该随从具有 +2攻击力。,fireplace/cards/gangs/neutral_rare.py:21
17.6.0.53261,Mean Streets of Gadgetzan (GANGS),CFM_328,Fight Promoter,竞技推广员,Battlecry|Draw / Discard,GREEN,implemented,yes,"逐卡实际对局断言通过：draws_two_with_six_current_health=qualifier=(6, 7);drawn=['CS2_231', 'CS2_182'];deck=[];promoter=PLAY；no_draw_with_five_current_health=qualifier=(5, 7);hand=[];deck=['CS2_231'];promoter=PLAY",card_mechanism.csv#CFM_328; generic-play-smoke:played; effect-evidence: reports/card_quality_full_2026-09-27/three_set_probe.csv#CFM_328::draws_two_with_six_current_health; reports/card_quality_full_2026-09-27/three_set_probe.csv#CFM_328::no_draw_with_five_current_health; per-card: reports/card_quality_full_2026-09-27/three_set_probe.csv#CFM_328::draws_two_with_six_current_health; reports/card_quality_full_2026-09-27/three_set_probe.csv#CFM_328::no_draw_with_five_current_health,"聚合状态取该卡最差机制；普通烟测只证明可执行，不能单独构成 GREEN。 EN=[x]Battlecry: If you control a minion with 6 or more  Health, draw two cards.; ZH=战吼：如果你控制一个生命值大于或等于6的随从，抽两张牌。; source=fireplace/cards/gangs/neutral_epic.py:30; existing_tests=无候选既有测试引用; previous_card_audit=2 个机制缺少充分的核心效果验证；逐机制依据见 card_mechanism.csv。; previous_mechanism_audit=存在定义或元数据候选；当前没有可复查的该机制核心效果断言。; prior_cross_card_issues=无; audit_scope=本轮实际运行断言。","[x]Battlecry: If you control a minion with 6 or more  Health, draw two cards.",战吼：如果你控制一个生命值大于或等于6的随从，抽两张牌。,fireplace/cards/gangs/neutral_epic.py:30
17.6.0.53261,Mean Streets of Gadgetzan (GANGS),CFM_333,Knuckles,金手指纳克斯,Trigger,GREEN,implemented,yes,"逐卡实际对局断言通过：attacks_minion_hits_hero=target=GRAVEYARD;knuckles=(6, 'PLAY');enemy_hero=30->27;hero_attack=3",card_mechanism.csv#CFM_333; generic-play-smoke:played; effect-evidence: reports/card_quality_full_2026-09-27/three_set_probe.csv#CFM_333::attacks_minion_hits_hero; per-card: reports/card_quality_full_2026-09-27/three_set_probe.csv#CFM_333::attacks_minion_hits_hero,"聚合状态取该卡最差机制；普通烟测只证明可执行，不能单独构成 GREEN。 EN=After this attacks a minion, it also hits the enemy hero.; ZH=在纳克斯攻击一名随从后，还会命中敌方英雄。; source=fireplace/cards/gangs/hunter.py:20; existing_tests=无候选既有测试引用; previous_card_audit=1 个机制缺少充分的核心效果验证；逐机制依据见 card_mechanism.csv。; previous_mechanism_audit=存在定义或元数据候选；当前没有可复查的该机制核心效果断言。; prior_cross_card_issues=无; audit_scope=本轮实际运行断言。","After this attacks a minion, it also hits the enemy hero.",在纳克斯攻击一名随从后，还会命中敌方英雄。,fireplace/cards/gangs/hunter.py:20
17.6.0.53261,Mean Streets of Gadgetzan (GANGS),CFM_334,Smuggler's Crate,走私货物,Random effects|Spell resolution,GREEN,implemented,yes,"逐卡实际对局断言通过：random_beast_handbuff=before=[('CFM_315', 20, 1, 1), ('CS2_125', 20, 3, 3), ('CS2_231', 0, 1, 1)];after=[('CFM_315', 20, 3, 3), ('CS2_125', 20, 3, 3), ('CS2_231', 0, 1, 1)];buffed=['CFM_315'];nonbeast=(1, 1);spell=GRAVEYARD",card_mechanism.csv#CFM_334; generic-play-smoke:played; effect-evidence: reports/card_quality_full_2026-09-27/three_set_probe.csv#CFM_334::random_beast_handbuff; per-card: reports/card_quality_full_2026-09-27/three_set_probe.csv#CFM_334::random_beast_handbuff,聚合状态取该卡最差机制；普通烟测只证明可执行，不能单独构成 GREEN。 EN=Give a random Beast in your hand +2/+2.; ZH=随机使你手牌中的一张野兽牌获得+2/+2。; source=fireplace/cards/gangs/hunter.py:66; existing_tests=无候选既有测试引用; previous_card_audit=2 个机制缺少充分的核心效果验证；逐机制依据见 card_mechanism.csv。; previous_mechanism_audit=存在定义或元数据候选；当前没有可复查的该机制核心效果断言。; prior_cross_card_issues=无; audit_scope=本轮实际运行断言。,Give a random Beast in your hand +2/+2.,随机使你手牌中的一张野兽牌获得+2/+2。,fireplace/cards/gangs/hunter.py:66
17.6.0.53261,Mean Streets of Gadgetzan (GANGS),CFM_335,Dispatch Kodo,驮运科多兽,Battlecry|Targeting,GREEN,implemented,yes,"逐卡实际对局断言通过：battlecry_four_damage_minion=target_controller=Player2;target=4->2/5;kodo=(2, 4, 'PLAY')；battlecry_four_damage_hero=enemy_hero=30->28;kodo=PLAY;target=PLAY",card_mechanism.csv#CFM_335; generic-play-smoke:played; effect-evidence: reports/card_quality_full_2026-09-27/three_set_probe.csv#CFM_335::battlecry_four_damage_minion; reports/card_quality_full_2026-09-27/three_set_probe.csv#CFM_335::battlecry_four_damage_hero; per-card: reports/card_quality_full_2026-09-27/three_set_probe.csv#CFM_335::battlecry_four_damage_minion; reports/card_quality_full_2026-09-27/three_set_probe.csv#CFM_335::battlecry_four_damage_hero,聚合状态取该卡最差机制；普通烟测只证明可执行，不能单独构成 GREEN。 EN=Battlecry: Deal damage equal to this minion's Attack.; ZH=战吼：造成等同于该随从攻击力的伤害。; source=fireplace/cards/gangs/hunter.py:26; existing_tests=无候选既有测试引用; previous_card_audit=2 个机制缺少充分的核心效果验证；逐机制依据见 card_mechanism.csv。; previous_mechanism_audit=存在定义或元数据候选；当前没有可复查的该机制核心效果断言。 / 缺目标与非法自身目标均在付费/移区前被拒绝；合法目标效果仍需逐卡验证。; prior_cross_card_issues=无; audit_scope=本轮实际运行断言。,Battlecry: Deal damage equal to this minion's Attack.,战吼：造成等同于该随从攻击力的伤害。,fireplace/cards/gangs/hunter.py:26
17.6.0.53261,Mean Streets of Gadgetzan (GANGS),CFM_336,Shaky Zipgunner,豺狼人土枪手,Deathrattle|Random effects,GREEN,implemented,yes,"逐卡实际对局断言通过：deathrattle_random_hand_minion_buff=zipgunner=GRAVEYARD;minions=[('CS2_231', 3, 3), ('CS2_182', 4, 5)];spell=('CS2_008', 0, 'HAND');buffed=['CS2_231']",card_mechanism.csv#CFM_336; generic-play-smoke:played; effect-evidence: reports/card_quality_full_2026-09-27/three_set_probe.csv#CFM_336::deathrattle_random_hand_minion_buff; per-card: reports/card_quality_full_2026-09-27/three_set_probe.csv#CFM_336::deathrattle_random_hand_minion_buff,聚合状态取该卡最差机制；普通烟测只证明可执行，不能单独构成 GREEN。 EN=[x]Deathrattle: Give a random minion in your hand +2/+2.; ZH=亡语：随机使你手牌中的一张随从牌获得+2/+2。; source=fireplace/cards/gangs/hunter.py:33; existing_tests=无候选既有测试引用; previous_card_audit=2 个机制缺少充分的核心效果验证；逐机制依据见 card_mechanism.csv。; previous_mechanism_audit=存在定义或元数据候选；当前没有可复查的该机制核心效果断言。 / 存在效果脚本；烟测仅验证执行和基础状态，缺少充分逐卡效果断言。; prior_cross_card_issues=无; audit_scope=本轮实际运行断言。,[x]Deathrattle: Give a random minion in your hand +2/+2.,亡语：随机使你手牌中的一张随从牌获得+2/+2。,fireplace/cards/gangs/hunter.py:33
17.6.0.53261,Mean Streets of Gadgetzan (GANGS),CFM_337,Piranha Launcher,食人鱼喷枪,Summon|Trigger|Weapon,GREEN,implemented,yes,逐卡实测：食人鱼喷枪装备后英雄攻击随从与攻击敌方英雄都各召唤一只1/1食人鱼；被攻击目标正常受伤。,tests/test_gangs_red_worker_fixes.py::test_piranha_launcher_summons_after_a_hero_attack_on_a_minion; tests/test_gangs_red_worker_fixes.py::test_piranha_launcher_summons_after_a_hero_attack_on_the_enemy_hero,原始结论保留于known_issues_archive_2026-09-29/。 修复前仅监听英雄攻击随从。,"[x]After your hero attacks, summon a 1/1 Piranha.",在你的英雄攻击后，召唤一个1/1的食人鱼。,fireplace/cards/gangs/hunter.py:79
17.6.0.53261,Mean Streets of Gadgetzan (GANGS),CFM_338,Trogg Beastrager,穴居人驯兽师,Battlecry|Random effects,GREEN,implemented,yes,"逐卡实际对局断言通过：battlecry_random_hand_beast_buff=trogg=PLAY;beasts=[('CFM_315', 2, 2), ('CS2_125', 3, 3)];nonbeast=(1, 1);buffed=['CFM_315']",card_mechanism.csv#CFM_338; generic-play-smoke:played; effect-evidence: reports/card_quality_full_2026-09-27/three_set_probe.csv#CFM_338::battlecry_random_hand_beast_buff; per-card: reports/card_quality_full_2026-09-27/three_set_probe.csv#CFM_338::battlecry_random_hand_beast_buff,聚合状态取该卡最差机制；普通烟测只证明可执行，不能单独构成 GREEN。 EN=Battlecry: Give a random Beast in your hand +1/+1.; ZH=战吼：随机使你手牌中的一张野兽牌获得+1/+1。; source=fireplace/cards/gangs/hunter.py:42; existing_tests=无候选既有测试引用; previous_card_audit=2 个机制缺少充分的核心效果验证；逐机制依据见 card_mechanism.csv。; previous_mechanism_audit=存在定义或元数据候选；当前没有可复查的该机制核心效果断言。; prior_cross_card_issues=无; audit_scope=本轮实际运行断言。,Battlecry: Give a random Beast in your hand +1/+1.,战吼：随机使你手牌中的一张野兽牌获得+1/+1。,fireplace/cards/gangs/hunter.py:42
17.6.0.53261,Mean Streets of Gadgetzan (GANGS),CFM_341,Sergeant Sally,女警萨莉,Deathrattle,GREEN,implemented,yes,逐卡实测：女警萨莉攻击力提升至4后死亡只对敌方随从造成4点伤害；友方1/1存活，敌方低生命随从死亡而高生命随从存活并损失4点生命。,tests/test_gangs_red_root_fixes.py::test_sergeant_sally_deathrattle_only_hits_enemy_minions_for_current_attack,原始结论保留于known_issues_archive_2026-09-29/。 修复前误伤所有友方随从。,Deathrattle: Deal damage equal to this minion's Attack to all enemy minions.,亡语：对所有敌方随从造成等同于该随从攻击力的伤害。,fireplace/cards/gangs/neutral_legendary.py:8
17.6.0.53261,Mean Streets of Gadgetzan (GANGS),CFM_342,Luckydo Buccaneer,土地精海盗,Battlecry,GREEN,implemented,yes,"逐卡实际对局断言通过：two_attack_weapon_no_buff=weapon_attack=2;overload=1;buccaneer=(5, 5);weapon=CFM_717;mana=2；three_attack_weapon_buff=weapon_attack=3;buccaneer=(9, 9);base=(5, 5);weapon=CS2_106",card_mechanism.csv#CFM_342; generic-play-smoke:played; effect-evidence: reports/card_quality_full_2026-09-27/three_set_probe.csv#CFM_342::two_attack_weapon_no_buff; reports/card_quality_full_2026-09-27/three_set_probe.csv#CFM_342::three_attack_weapon_buff; per-card: reports/card_quality_full_2026-09-27/three_set_probe.csv#CFM_342::two_attack_weapon_no_buff; reports/card_quality_full_2026-09-27/three_set_probe.csv#CFM_342::three_attack_weapon_buff,"聚合状态取该卡最差机制；普通烟测只证明可执行，不能单独构成 GREEN。 EN=Battlecry: If your weapon has at least 3 Attack, gain +4/+4.; ZH=战吼： 如果你的武器至少具有3点攻击力，便获得+4/+4。; source=fireplace/cards/gangs/rogue.py:8; existing_tests=无候选既有测试引用; previous_card_audit=1 个机制缺少充分的核心效果验证；逐机制依据见 card_mechanism.csv。; previous_mechanism_audit=存在定义或元数据候选；当前没有可复查的该机制核心效果断言。; prior_cross_card_issues=无; audit_scope=本轮实际运行断言。","Battlecry: If your weapon has at least 3 Attack, gain +4/+4.",战吼： 如果你的武器至少具有3点攻击力，便获得+4/+4。,fireplace/cards/gangs/rogue.py:8
17.6.0.53261,Mean Streets of Gadgetzan (GANGS),CFM_343,Jade Behemoth,青玉巨兽,Battlecry|Summon|Taunt,GREEN,implemented,yes,"逐卡实际对局断言通过：first_golem_and_taunt=field=[('CFM_343', 3, 6, 1), ('CFM_712_t01', 1, 1, False)];behemoth=(3, 6, 1);jade_counter=2；golem_scales_with_prior_jade=blossom=GRAVEYARD;golems=[('CFM_712_t01', 1, 1, False), ('CFM_712_t02', 2, 2, False)];behemoth=(3, 6, 1);jade_counter=3",card_mechanism.csv#CFM_343; generic-play-smoke:played; effect-evidence: reports/card_quality_full_2026-09-27/three_set_probe.csv#CFM_343::first_golem_and_taunt; reports/card_quality_full_2026-09-27/three_set_probe.csv#CFM_343::golem_scales_with_prior_jade; per-card: reports/card_quality_full_2026-09-27/three_set_probe.csv#CFM_343::first_golem_and_taunt; reports/card_quality_full_2026-09-27/three_set_probe.csv#CFM_343::golem_scales_with_prior_jade,聚合状态取该卡最差机制；普通烟测只证明可执行，不能单独构成 GREEN。 EN=[x]Taunt Battlecry: Summon a{1} {0} Jade Golem.@[x]Taunt Battlecry: Summon a Jade Golem.; ZH=嘲讽，战吼：召唤一个{0}的青玉魔像。@嘲讽，战吼：召唤一个青玉魔像。; source=fireplace/cards/gangs/druid.py:26; existing_tests=tests/test_gangs.py:20:test_jade_behemoth | tests/test_gangs.py:33:test_jade_behemoth | tests/test_gangs.py:57:test_jade_behemoth | tests/test_gangs.py:45:test_jade_behemoth; previous_card_audit=3 个机制缺少充分的核心效果验证；逐机制依据见 card_mechanism.csv。; previous_mechanism_audit=存在定义或元数据候选；当前没有可复查的该机制核心效果断言。; prior_cross_card_issues=无; audit_scope=本轮实际运行断言。,[x]Taunt Battlecry: Summon a{1} {0} Jade Golem.@[x]Taunt Battlecry: Summon a Jade Golem.,嘲讽，战吼：召唤一个{0}的青玉魔像。@嘲讽，战吼：召唤一个青玉魔像。,fireplace/cards/gangs/druid.py:26
17.6.0.53261,Mean Streets of Gadgetzan (GANGS),CFM_344,"Finja, the Flying Star",飞火流星·芬杰,Stealth|Summon|Trigger,GREEN,implemented,yes,"逐卡实际对局断言通过：kill_recruits_two_from_deck=target=GRAVEYARD;finja=(3, 'PLAY');deck=['PRO_001at', 'PRO_001at', 'PRO_001at']->['PRO_001at'];murlocs=[('PRO_001at', 1, 1, 'PLAY'), ('PRO_001at', 1, 1, 'PLAY')]；nonlethal_attack_does_not_recruit=target=3/5:PLAY;finja=GRAVEYARD;deck=['PRO_001at', 'PRO_001at', 'PRO_001at'];recruited=[]",card_mechanism.csv#CFM_344; generic-play-smoke:played; effect-evidence: reports/card_quality_full_2026-09-27/three_set_probe.csv#CFM_344::kill_recruits_two_from_deck; reports/card_quality_full_2026-09-27/three_set_probe.csv#CFM_344::nonlethal_attack_does_not_recruit; per-card: reports/card_quality_full_2026-09-27/three_set_probe.csv#CFM_344::kill_recruits_two_from_deck; reports/card_quality_full_2026-09-27/three_set_probe.csv#CFM_344::nonlethal_attack_does_not_recruit,"聚合状态取该卡最差机制；普通烟测只证明可执行，不能单独构成 GREEN。 EN=[x]Stealth    Whenever this attacks and    kills a minion, summon 2  Murlocs from your deck.; ZH=潜行 每当该随从攻击并消灭一个随从，便从你的牌库中召唤两个鱼人。; source=fireplace/cards/gangs/neutral_legendary.py:14; existing_tests=tests/test_gangs.py:271:test_finja; previous_card_audit=3 个机制缺少充分的核心效果验证；逐机制依据见 card_mechanism.csv。; previous_mechanism_audit=存在定义或元数据候选；当前没有可复查的该机制核心效果断言。; prior_cross_card_issues=无; audit_scope=本轮实际运行断言。","[x]Stealth    Whenever this attacks and    kills a minion, summon 2  Murlocs from your deck.",潜行 每当该随从攻击并消灭一个随从，便从你的牌库中召唤两个鱼人。,fireplace/cards/gangs/neutral_legendary.py:14
17.6.0.53261,Mean Streets of Gadgetzan (GANGS),CFM_602,Jade Idol,青玉护符,Choose One|Spell resolution|Summon,GREEN,implemented,yes,"逐卡实际对局断言通过：choose_summon_golem=idol=GRAVEYARD;golems=[('CFM_712_t01', 1, 1)];deck=[];choice=None；choose_shuffle_three=idol=GRAVEYARD;deck=['CS2_231', 'CFM_602', 'CFM_602', 'CFM_602'];idol_copies=3;field=[];choice=None",card_mechanism.csv#CFM_602; generic-play-smoke:played; effect-evidence: reports/card_quality_full_2026-09-27/three_set_probe.csv#CFM_602::choose_summon_golem; reports/card_quality_full_2026-09-27/three_set_probe.csv#CFM_602::choose_shuffle_three; per-card: reports/card_quality_full_2026-09-27/three_set_probe.csv#CFM_602::choose_summon_golem; reports/card_quality_full_2026-09-27/three_set_probe.csv#CFM_602::choose_shuffle_three,聚合状态取该卡最差机制；普通烟测只证明可执行，不能单独构成 GREEN。 EN=Choose One - Summon a{1} {0} Jade Golem; or Shuffle 3 copies of this card into your deck.@Choose One - Summon a Jade Golem; or Shuffle 3 copies of this card into your deck.; ZH=抉择：召唤一个{0}的青玉魔像；或者将该牌的三张复制洗入你的牌库。@抉择：召唤一个青玉魔像；或者将该牌的三张复制洗入你的 牌库。; source=fireplace/cards/gangs/druid.py:61; existing_tests=tests/test_dalaran.py:201:test_tak_nozwhisker | tests/test_dalaran.py:202:test_tak_nozwhisker | tests/test_dalaran.py:203:test_tak_nozwhisker | tests/test_gangs.py:155:test_jade_idol | tests/test_gangs.py:162:test_jade_idol | tests/test_gangs.py:169:test_jade_idol | tests/test_gangs.py:179:test_jade_idol; previous_card_audit=3 个机制缺少充分的核心效果验证；逐机制依据见 card_mechanism.csv。; previous_mechanism_audit=存在定义或元数据候选；当前没有可复查的该机制核心效果断言。; prior_cross_card_issues=无; audit_scope=本轮实际运行断言。,Choose One - Summon a{1} {0} Jade Golem; or Shuffle 3 copies of this card into your deck.@Choose One - Summon a Jade Golem; or Shuffle 3 copies of this card into your deck.,抉择：召唤一个{0}的青玉魔像；或者将该牌的三张复制洗入你的牌库。@抉择：召唤一个青玉魔像；或者将该牌的三张复制洗入你的 牌库。,fireplace/cards/gangs/druid.py:61
17.6.0.53261,Mean Streets of Gadgetzan (GANGS),CFM_603,Potion of Madness,疯狂药水,Spell resolution|Targeting,GREEN,implemented,yes,"逐卡实际对局断言通过：steal_two_attack_then_return=attack=2;stolen=(True, True, True);returned=(True, True, True, False);spell=GRAVEYARD；reject_three_attack_target=target_attack=4;blocked=True;target_controller=Player1;spell=HAND;mana=10;before_mana=10",card_mechanism.csv#CFM_603; generic-play-smoke:played; effect-evidence: reports/card_quality_full_2026-09-27/three_set_probe.csv#CFM_603::steal_two_attack_then_return; reports/card_quality_full_2026-09-27/three_set_probe.csv#CFM_603::reject_three_attack_target; per-card: reports/card_quality_full_2026-09-27/three_set_probe.csv#CFM_603::steal_two_attack_then_return; reports/card_quality_full_2026-09-27/three_set_probe.csv#CFM_603::reject_three_attack_target,聚合状态取该卡最差机制；普通烟测只证明可执行，不能单独构成 GREEN。 EN=Gain control of an enemy minion with 2 or less Attack until end of turn.; ZH=直到回合结束，获得一个攻击力小于或等于2的敌方随从的控制权。; source=fireplace/cards/gangs/priest.py:62; existing_tests=无候选既有测试引用; previous_card_audit=2 个机制缺少充分的核心效果验证；逐机制依据见 card_mechanism.csv。; previous_mechanism_audit=存在定义或元数据候选；当前没有可复查的该机制核心效果断言。 / 缺目标与非法自身目标均在付费/移区前被拒绝；合法目标效果仍需逐卡验证。; prior_cross_card_issues=无; audit_scope=本轮实际运行断言。,Gain control of an enemy minion with 2 or less Attack until end of turn.,直到回合结束，获得一个攻击力小于或等于2的敌方随从的控制权。,fireplace/cards/gangs/priest.py:62
17.6.0.53261,Mean Streets of Gadgetzan (GANGS),CFM_604,Greater Healing Potion,强效治疗药水,Spell resolution|Targeting,GREEN,implemented,yes,逐卡实际对局断言通过：heal_friendly_hero_twelve=friendly_hero=12->24;enemy_hero=30->30;spell=GRAVEYARD；heal_friendly_minion_to_full=friendly_minion=2->5/5;hero=30->30;spell=GRAVEYARD,card_mechanism.csv#CFM_604; generic-play-smoke:played; effect-evidence: reports/card_quality_full_2026-09-27/three_set_probe.csv#CFM_604::heal_friendly_hero_twelve; reports/card_quality_full_2026-09-27/three_set_probe.csv#CFM_604::heal_friendly_minion_to_full; per-card: reports/card_quality_full_2026-09-27/three_set_probe.csv#CFM_604::heal_friendly_hero_twelve; reports/card_quality_full_2026-09-27/three_set_probe.csv#CFM_604::heal_friendly_minion_to_full,聚合状态取该卡最差机制；普通烟测只证明可执行，不能单独构成 GREEN。 EN=Restore #12 Health to a friendly character.; ZH=为一个友方角色恢复#12点 生命值。; source=fireplace/cards/gangs/priest.py:83; existing_tests=无候选既有测试引用; previous_card_audit=2 个机制缺少充分的核心效果验证；逐机制依据见 card_mechanism.csv。; previous_mechanism_audit=存在定义或元数据候选；当前没有可复查的该机制核心效果断言。 / 缺目标与非法自身目标均在付费/移区前被拒绝；合法目标效果仍需逐卡验证。; prior_cross_card_issues=无; audit_scope=本轮实际运行断言。,Restore #12 Health to a friendly character.,为一个友方角色恢复#12点 生命值。,fireplace/cards/gangs/priest.py:83
17.6.0.53261,Mean Streets of Gadgetzan (GANGS),CFM_605,Drakonid Operative,龙人侦测者,Battlecry|Discover / Choice,GREEN,implemented,yes,"逐卡实际对局断言通过：dragon_enables_copied_deck_discover=dragon=('EX1_561', 24);opponent_deck=['CFM_315', 'CS2_231', 'CS2_182']->['CFM_315', 'CS2_231', 'CS2_182'];offered=['CS2_231', 'CFM_315', 'CS2_182'];selected=CS2_231;own_hand=['EX1_561', 'CS2_231'];operative=PLAY;choice=None；no_dragon_no_choice=dragon_in_hand=False;choice=None;hand=[];operative=PLAY;enemy_deck=['CFM_315', 'CS2_231', 'CS2_182']",card_mechanism.csv#CFM_605; generic-play-smoke:played; effect-evidence: reports/card_quality_full_2026-09-27/three_set_probe.csv#CFM_605::dragon_enables_copied_deck_discover; reports/card_quality_full_2026-09-27/three_set_probe.csv#CFM_605::no_dragon_no_choice; per-card: reports/card_quality_full_2026-09-27/three_set_probe.csv#CFM_605::dragon_enables_copied_deck_discover; reports/card_quality_full_2026-09-27/three_set_probe.csv#CFM_605::no_dragon_no_choice,"聚合状态取该卡最差机制；普通烟测只证明可执行，不能单独构成 GREEN。 EN=[x]Battlecry: If you're holding a Dragon, Discover a copy of a card in your opponent's deck.; ZH=战吼： 如果你的手牌中有龙牌，便发现你对手牌库中一张牌的复制。; source=fireplace/cards/gangs/priest.py:18; existing_tests=无候选既有测试引用; previous_card_audit=2 个机制缺少充分的核心效果验证；逐机制依据见 card_mechanism.csv。; previous_mechanism_audit=存在定义或元数据候选；当前没有可复查的该机制核心效果断言。; prior_cross_card_issues=无; audit_scope=本轮实际运行断言。","[x]Battlecry: If you're holding a Dragon, Discover a copy of a card in your opponent's deck.",战吼： 如果你的手牌中有龙牌，便发现你对手牌库中一张牌的复制。,fireplace/cards/gangs/priest.py:18
17.6.0.53261,Mean Streets of Gadgetzan (GANGS),CFM_606,Mana Geode,法力晶簇,Summon|Trigger,GREEN,implemented,yes,"逐卡实际对局断言通过：healing_self_summons_2_2=geode=3->2->3/3;crystals=[(2, 2, 'PLAY')];damage_spell=GRAVEYARD;mana=6",card_mechanism.csv#CFM_606; generic-play-smoke:played; effect-evidence: reports/card_quality_full_2026-09-27/three_set_probe.csv#CFM_606::healing_self_summons_2_2; per-card: reports/card_quality_full_2026-09-27/three_set_probe.csv#CFM_606::healing_self_summons_2_2,"聚合状态取该卡最差机制；普通烟测只证明可执行，不能单独构成 GREEN。 EN=Whenever this minion is healed, summon a 2/2 Crystal.; ZH=每当该随从获得治疗时，便召唤一颗2/2的水晶。; source=fireplace/cards/gangs/priest.py:27; existing_tests=无候选既有测试引用; previous_card_audit=2 个机制缺少充分的核心效果验证；逐机制依据见 card_mechanism.csv。; previous_mechanism_audit=存在定义或元数据候选；当前没有可复查的该机制核心效果断言。; prior_cross_card_issues=无; audit_scope=本轮实际运行断言。","Whenever this minion is healed, summon a 2/2 Crystal.",每当该随从获得治疗时，便召唤一颗2/2的水晶。,fireplace/cards/gangs/priest.py:27
17.6.0.53261,Mean Streets of Gadgetzan (GANGS),CFM_608,Blastcrystal Potion,爆晶药水,Spell resolution|Targeting,GREEN,implemented,yes,"逐卡实际对局断言通过：destroy_minion_and_reduce_max_mana=target=GRAVEYARD;mana=(10, 10)->(9, 6);used=3;spell=GRAVEYARD",card_mechanism.csv#CFM_608; generic-play-smoke:played; effect-evidence: reports/card_quality_full_2026-09-27/three_set_probe.csv#CFM_608::destroy_minion_and_reduce_max_mana; per-card: reports/card_quality_full_2026-09-27/three_set_probe.csv#CFM_608::destroy_minion_and_reduce_max_mana,聚合状态取该卡最差机制；普通烟测只证明可执行，不能单独构成 GREEN。 EN=Destroy a minion and one of your Mana Crystals.; ZH=消灭一个随从，和你的一个法力水晶。; source=fireplace/cards/gangs/warlock.py:63; existing_tests=无候选既有测试引用; previous_card_audit=2 个机制缺少充分的核心效果验证；逐机制依据见 card_mechanism.csv。; previous_mechanism_audit=存在定义或元数据候选；当前没有可复查的该机制核心效果断言。 / 缺目标与非法自身目标均在付费/移区前被拒绝；合法目标效果仍需逐卡验证。; prior_cross_card_issues=无; audit_scope=本轮实际运行断言。,Destroy a minion and one of your Mana Crystals.,消灭一个随从，和你的一个法力水晶。,fireplace/cards/gangs/warlock.py:63
17.6.0.53261,Mean Streets of Gadgetzan (GANGS),CFM_609,Fel Orc Soulfiend,邪兽人噬魂魔,Trigger,GREEN,implemented,yes,逐卡实际对局断言通过：self_damage_at_own_turn_start=health=7->7->5->3->1;after_fourth_own_start=GRAVEYARD,card_mechanism.csv#CFM_609; generic-play-smoke:played; effect-evidence: reports/card_quality_full_2026-09-27/three_set_probe.csv#CFM_609::self_damage_at_own_turn_start; per-card: reports/card_quality_full_2026-09-27/three_set_probe.csv#CFM_609::self_damage_at_own_turn_start,"聚合状态取该卡最差机制；普通烟测只证明可执行，不能单独构成 GREEN。 EN=At the start of your turn, deal 2 damage to this minion.; ZH=在你的回合开始时，对该随从造成2点 伤害。; source=fireplace/cards/gangs/neutral_epic.py:36; existing_tests=无候选既有测试引用; previous_card_audit=1 个机制缺少充分的核心效果验证；逐机制依据见 card_mechanism.csv。; previous_mechanism_audit=存在定义或元数据候选；当前没有可复查的该机制核心效果断言。; prior_cross_card_issues=无; audit_scope=本轮实际运行断言。","At the start of your turn, deal 2 damage to this minion.",在你的回合开始时，对该随从造成2点 伤害。,fireplace/cards/gangs/neutral_epic.py:36
17.6.0.53261,Mean Streets of Gadgetzan (GANGS),CFM_610,Crystalweaver,魔瘾结晶者,Battlecry,GREEN,implemented,yes,"逐卡实战断言均通过：only_friendly_demons_buffed=before=[(4, 3), (1, 3), (1, 1), (4, 3)];after=[(5, 4), (2, 4), (1, 1), (4, 3)];card=PLAY",card_mechanism.csv#CFM_610; generic-play-smoke:played; effect-evidence: reports/card_quality_full_2026-09-27/three_set_probe.csv#CFM_610::only_friendly_demons_buffed; per-card: reports/card_quality_full_2026-09-27/three_set_probe.csv#CFM_610::only_friendly_demons_buffed,聚合状态取该卡最差机制；普通烟测只证明可执行，不能单独构成 GREEN。 EN: Battlecry: Give your Demons +1/+1.; ZH: 战吼：使你的所有恶魔获得+1/+1。; source=fireplace/cards/gangs/warlock.py:8; existing_test_refs=; prior_audit=YELLOW:1 个机制缺少充分的核心效果验证；逐机制依据见 card_mechanism.csv。,Battlecry: Give your Demons +1/+1.,战吼：使你的所有恶魔获得+1/+1。,fireplace/cards/gangs/warlock.py:8
17.6.0.53261,Mean Streets of Gadgetzan (GANGS),CFM_611,Bloodfury Potion,血怒药水,Spell resolution|Targeting,GREEN,implemented,yes,"逐卡实战断言均通过：demon_and_nondemon_branches=demon=(7, 6);ordinary=(4, 1);spells=('GRAVEYARD', 'GRAVEYARD'); enemy_demon_is_legal_target=legal=True;before=(4, 3);after=(7, 6);controller=Player1",card_mechanism.csv#CFM_611; generic-play-smoke:played; effect-evidence: reports/card_quality_full_2026-09-27/three_set_probe.csv#CFM_611::demon_and_nondemon_branches; reports/card_quality_full_2026-09-27/three_set_probe.csv#CFM_611::enemy_demon_is_legal_target; per-card: reports/card_quality_full_2026-09-27/three_set_probe.csv#CFM_611::demon_and_nondemon_branches; reports/card_quality_full_2026-09-27/three_set_probe.csv#CFM_611::enemy_demon_is_legal_target,"聚合状态取该卡最差机制；普通烟测只证明可执行，不能单独构成 GREEN。 EN: [x]Give a minion +3 Attack. If it's a Demon, also give it +3 Health.; ZH: 使一个随从获得+3攻击力。如果该随从是恶魔，还会获得+3生命值。; source=fireplace/cards/gangs/warlock.py:70; existing_test_refs=; prior_audit=YELLOW:2 个机制缺少充分的核心效果验证；逐机制依据见 card_mechanism.csv。","[x]Give a minion +3 Attack. If it's a Demon, also give it +3 Health.",使一个随从获得+3攻击力。如果该随从是恶魔，还会获得+3生命值。,fireplace/cards/gangs/warlock.py:70
17.6.0.53261,Mean Streets of Gadgetzan (GANGS),CFM_614,Mark of the Lotus,玉莲印记,Spell resolution,GREEN,implemented,yes,"逐卡实战断言均通过：friendly_board_only=before=[(1, 1), (1, 1), (1, 1)];after=[(2, 2), (2, 2), (1, 1)];spell=GRAVEYARD",card_mechanism.csv#CFM_614; generic-play-smoke:played; effect-evidence: reports/card_quality_full_2026-09-27/three_set_probe.csv#CFM_614::friendly_board_only; per-card: reports/card_quality_full_2026-09-27/three_set_probe.csv#CFM_614::friendly_board_only,聚合状态取该卡最差机制；普通烟测只证明可执行，不能单独构成 GREEN。 EN: Give your minions +1/+1.; ZH: 使你所有的随从获得+1/+1。; source=fireplace/cards/gangs/druid.py:79; existing_test_refs=; prior_audit=YELLOW:1 个机制缺少充分的核心效果验证；逐机制依据见 card_mechanism.csv。,Give your minions +1/+1.,使你所有的随从获得+1/+1。,fireplace/cards/gangs/druid.py:79
17.6.0.53261,Mean Streets of Gadgetzan (GANGS),CFM_616,Pilfered Power,妙手空空,Spell resolution,GREEN,implemented,yes,逐卡实战断言均通过：empty_crystals_per_friendly_minion=max_mana=6;available=1;spell=GRAVEYARD; no_minions_no_gain=max_mana=4;spell=GRAVEYARD; at_mana_cap_generates_excess_mana=max_mana=10;hand=['CS2_013t'],card_mechanism.csv#CFM_616; generic-play-smoke:played; effect-evidence: reports/card_quality_full_2026-09-27/three_set_probe.csv#CFM_616::empty_crystals_per_friendly_minion; reports/card_quality_full_2026-09-27/three_set_probe.csv#CFM_616::no_minions_no_gain; reports/card_quality_full_2026-09-27/three_set_probe.csv#CFM_616::at_mana_cap_generates_excess_mana; per-card: reports/card_quality_full_2026-09-27/three_set_probe.csv#CFM_616::empty_crystals_per_friendly_minion; reports/card_quality_full_2026-09-27/three_set_probe.csv#CFM_616::no_minions_no_gain; reports/card_quality_full_2026-09-27/three_set_probe.csv#CFM_616::at_mana_cap_generates_excess_mana,聚合状态取该卡最差机制；普通烟测只证明可执行，不能单独构成 GREEN。 EN: Gain an empty Mana Crystal for each friendly minion.; ZH: 每控制一个友方随从，便获得一个空的法力水晶。; source=fireplace/cards/gangs/druid.py:88; existing_test_refs=tests/test_gangs.py:74:test_pilfered_power | tests/test_gangs.py:86:test_pilfered_power | tests/test_gangs.py:98:test_pilfered_power; prior_audit=YELLOW:1 个机制缺少充分的核心效果验证；逐机制依据见 card_mechanism.csv。,Gain an empty Mana Crystal for each friendly minion.,每控制一个友方随从，便获得一个空的法力水晶。,fireplace/cards/gangs/druid.py:88
17.6.0.53261,Mean Streets of Gadgetzan (GANGS),CFM_617,Celestial Dreamer,天神唤梦者,Battlecry,GREEN,implemented,yes,"逐卡实战断言均通过：threshold_and_enemy_exclusion=branches=[(None, 3, 3), ('friendly', 5, 5), ('enemy', 3, 3)]; four_attack_does_not_qualify=attack=3;health=3",card_mechanism.csv#CFM_617; generic-play-smoke:played; effect-evidence: reports/card_quality_full_2026-09-27/three_set_probe.csv#CFM_617::threshold_and_enemy_exclusion; reports/card_quality_full_2026-09-27/three_set_probe.csv#CFM_617::four_attack_does_not_qualify; per-card: reports/card_quality_full_2026-09-27/three_set_probe.csv#CFM_617::threshold_and_enemy_exclusion; reports/card_quality_full_2026-09-27/three_set_probe.csv#CFM_617::four_attack_does_not_qualify,"聚合状态取该卡最差机制；普通烟测只证明可执行，不能单独构成 GREEN。 EN: [x]Battlecry: If you control a minion with 5 or more Attack, gain +2/+2.; ZH: 战吼：如果你控制一个攻击力大于或等于5的随从，便获得+2/+2。; source=fireplace/cards/gangs/druid.py:32; existing_test_refs=; prior_audit=YELLOW:1 个机制缺少充分的核心效果验证；逐机制依据见 card_mechanism.csv。","[x]Battlecry: If you control a minion with 5 or more Attack, gain +2/+2.",战吼：如果你控制一个攻击力大于或等于5的随从，便获得+2/+2。,fireplace/cards/gangs/druid.py:32
17.6.0.53261,Mean Streets of Gadgetzan (GANGS),CFM_619,Kabal Chemist,暗金教炼金师,Battlecry|Random effects,GREEN,implemented,yes,"逐卡实战断言均通过：gain_a_potion=hand=[('CFM_021', 'Freezing Potion', 'HAND')];card=PLAY; random_potion_varies_across_seeds=seeds=['CFM_021', 'CFM_608', 'CFM_611', 'CFM_094', 'CFM_620', 'CFM_021', 'CFM_604', 'CFM_065', 'CFM_611', 'CFM_065', 'CFM_094', 'CFM_620'];distinct=7",card_mechanism.csv#CFM_619; generic-play-smoke:played; effect-evidence: reports/card_quality_full_2026-09-27/three_set_probe.csv#CFM_619::gain_a_potion; reports/card_quality_full_2026-09-27/three_set_probe.csv#CFM_619::random_potion_varies_across_seeds; per-card: reports/card_quality_full_2026-09-27/three_set_probe.csv#CFM_619::gain_a_potion; reports/card_quality_full_2026-09-27/three_set_probe.csv#CFM_619::random_potion_varies_across_seeds,聚合状态取该卡最差机制；普通烟测只证明可执行，不能单独构成 GREEN。 EN: Battlecry: Add a random Potion to your hand.; ZH: 战吼：随机将一张药水牌置入你的手牌。; source=fireplace/cards/gangs/neutral_common.py:40; existing_test_refs=; prior_audit=YELLOW:2 个机制缺少充分的核心效果验证；逐机制依据见 card_mechanism.csv。,Battlecry: Add a random Potion to your hand.,战吼：随机将一张药水牌置入你的手牌。,fireplace/cards/gangs/neutral_common.py:40
17.6.0.53261,Mean Streets of Gadgetzan (GANGS),CFM_620,Potion of Polymorph,变形药水,Secret|Spell resolution|Transform|Trigger,GREEN,implemented,yes,"逐卡实战断言均通过：enemy_minion_play_transforms_after_secret=secret=GRAVEYARD;field=[('CS2_tk1', 1, 1)];original=SETASIDE; own_minion_does_not_trigger_secret=secret=SECRET;field=['CS2_231']",card_mechanism.csv#CFM_620; generic-play-smoke:played; effect-evidence: reports/card_quality_full_2026-09-27/three_set_probe.csv#CFM_620::enemy_minion_play_transforms_after_secret; reports/card_quality_full_2026-09-27/three_set_probe.csv#CFM_620::own_minion_does_not_trigger_secret; per-card: reports/card_quality_full_2026-09-27/three_set_probe.csv#CFM_620::enemy_minion_play_transforms_after_secret; reports/card_quality_full_2026-09-27/three_set_probe.csv#CFM_620::own_minion_does_not_trigger_secret,"聚合状态取该卡最差机制；普通烟测只证明可执行，不能单独构成 GREEN。 EN: Secret: After your opponent plays a minion, transform it into a 1/1 Sheep.; ZH: 奥秘：在你的对手使用一张随从牌后，将其变形成为1/1的绵羊。; source=fireplace/cards/gangs/mage.py:69; existing_test_refs=; prior_audit=YELLOW:4 个机制缺少充分的核心效果验证；逐机制依据见 card_mechanism.csv。","Secret: After your opponent plays a minion, transform it into a 1/1 Sheep.",奥秘：在你的对手使用一张随从牌后，将其变形成为1/1的绵羊。,fireplace/cards/gangs/mage.py:69
17.6.0.53261,Mean Streets of Gadgetzan (GANGS),CFM_621,Kazakus,卡扎库斯,Battlecry,GREEN,implemented,yes,"逐卡实战断言均通过：duplicate_deck_suppresses_choice=choice=None;deck=['CS2_231', 'CS2_231'];hand=[]; unique_deck_three_choices=picks=[['CFM_621t11', 'CFM_621t12', 'CFM_621t13'], ['CFM_621t5', 'CFM_621t6', 'CFM_621t8'], ['CFM_621t6', 'CFM_621t2', 'CFM_621t3']];potion=('CFM_621t', 'GRAVEYARD');enemy=('CS2_200', True);ally=(3, 3)",card_mechanism.csv#CFM_621; generic-play-smoke:played; effect-evidence: reports/card_quality_full_2026-09-27/three_set_probe.csv#CFM_621::duplicate_deck_suppresses_choice; reports/card_quality_full_2026-09-27/three_set_probe.csv#CFM_621::unique_deck_three_choices; per-card: reports/card_quality_full_2026-09-27/three_set_probe.csv#CFM_621::duplicate_deck_suppresses_choice; reports/card_quality_full_2026-09-27/three_set_probe.csv#CFM_621::unique_deck_three_choices,"聚合状态取该卡最差机制；普通烟测只证明可执行，不能单独构成 GREEN。 EN: [x]Battlecry: If your deck has no duplicates,  create a custom spell.; ZH: 战吼：如果你的牌库里没有相同的牌，则为你创建一个自定义 法术。; source=fireplace/cards/gangs/neutral_legendary.py:22; existing_test_refs=tests/test_gangs.py:317:test_kazakus; prior_audit=YELLOW:1 个机制缺少充分的核心效果验证；逐机制依据见 card_mechanism.csv。","[x]Battlecry: If your deck has no duplicates,  create a custom spell.",战吼：如果你的牌库里没有相同的牌，则为你创建一个自定义 法术。,fireplace/cards/gangs/neutral_legendary.py:22
17.6.0.53261,Mean Streets of Gadgetzan (GANGS),CFM_623,Greater Arcane Missiles,强能奥术飞弹,Random effects|Spell resolution,GREEN,implemented,yes,"逐卡实战断言均通过：three_missiles_damage_total=old=(30, 5, 5, 30);enemy=(24, 2);friendly=(5, 30);spell=GRAVEYARD",card_mechanism.csv#CFM_623; generic-play-smoke:played; effect-evidence: reports/card_quality_full_2026-09-27/three_set_probe.csv#CFM_623::three_missiles_damage_total; per-card: reports/card_quality_full_2026-09-27/three_set_probe.csv#CFM_623::three_missiles_damage_total,聚合状态取该卡最差机制；普通烟测只证明可执行，不能单独构成 GREEN。 EN: Shoot three missiles at random enemies that deal $3 damage each.; ZH: 随机对敌人发射三枚飞弹，每枚飞弹造成$3点伤害。; source=fireplace/cards/gangs/mage.py:75; existing_test_refs=; prior_audit=YELLOW:2 个机制缺少充分的核心效果验证；逐机制依据见 card_mechanism.csv。,Shoot three missiles at random enemies that deal $3 damage each.,随机对敌人发射三枚飞弹，每枚飞弹造成$3点伤害。,fireplace/cards/gangs/mage.py:75
17.6.0.53261,Mean Streets of Gadgetzan (GANGS),CFM_626,Kabal Talonpriest,暗金教鸦人祭司,Battlecry|Targeting,GREEN,implemented,yes,"逐卡实战断言均通过：friendly_target_plus_three_health=target=(4, 4);enemy=1;card=PLAY",card_mechanism.csv#CFM_626; generic-play-smoke:played; effect-evidence: reports/card_quality_full_2026-09-27/three_set_probe.csv#CFM_626::friendly_target_plus_three_health; per-card: reports/card_quality_full_2026-09-27/three_set_probe.csv#CFM_626::friendly_target_plus_three_health,聚合状态取该卡最差机制；普通烟测只证明可执行，不能单独构成 GREEN。 EN: Battlecry: Give a friendly minion +3 Health.; ZH: 战吼：使一个友方随从获得+3生命值。; source=fireplace/cards/gangs/priest.py:33; existing_test_refs=; prior_audit=YELLOW:2 个机制缺少充分的核心效果验证；逐机制依据见 card_mechanism.csv。,Battlecry: Give a friendly minion +3 Health.,战吼：使一个友方随从获得+3生命值。,fireplace/cards/gangs/priest.py:33
17.6.0.53261,Mean Streets of Gadgetzan (GANGS),CFM_630,Counterfeit Coin,伪造的幸运币,Spell resolution,GREEN,implemented,yes,"逐卡实战断言均通过：temporary_mana_expires=after=(4, 3);next_turn=(5, 5);temporary=0;spell=GRAVEYARD",card_mechanism.csv#CFM_630; generic-play-smoke:played; effect-evidence: reports/card_quality_full_2026-09-27/three_set_probe.csv#CFM_630::temporary_mana_expires; per-card: reports/card_quality_full_2026-09-27/three_set_probe.csv#CFM_630::temporary_mana_expires,聚合状态取该卡最差机制；普通烟测只证明可执行，不能单独构成 GREEN。 EN: Gain 1 Mana Crystal this turn only.; ZH: 在本回合中，获得一个法力 水晶。; source=fireplace/cards/gangs/rogue.py:69; existing_test_refs=; prior_audit=YELLOW:1 个机制缺少充分的核心效果验证；逐机制依据见 card_mechanism.csv。,Gain 1 Mana Crystal this turn only.,在本回合中，获得一个法力 水晶。,fireplace/cards/gangs/rogue.py:69
17.6.0.53261,Mean Streets of Gadgetzan (GANGS),CFM_631,Brass Knuckles,黄铜指虎,Random effects|Trigger|Weapon,GREEN,implemented,yes,"逐卡实战断言均通过：hero_attack_buffs_hand_minion=before=[(1, 1), (1, 1)];after=[(1, 1), (2, 2)];changes=[False, True];weapon=(2, 2)",card_mechanism.csv#CFM_631; generic-play-smoke:played; effect-evidence: reports/card_quality_full_2026-09-27/three_set_probe.csv#CFM_631::hero_attack_buffs_hand_minion; per-card: reports/card_quality_full_2026-09-27/three_set_probe.csv#CFM_631::hero_attack_buffs_hand_minion,"聚合状态取该卡最差机制；普通烟测只证明可执行，不能单独构成 GREEN。 EN: [x]After your hero attacks, give a random minion in your hand +1/+1.; ZH: 在你的英雄攻击后，随机使你手牌中的一张随从牌获得+1/+1。; source=fireplace/cards/gangs/warrior.py:70; existing_test_refs=; prior_audit=YELLOW:3 个机制缺少充分的核心效果验证；逐机制依据见 card_mechanism.csv。","[x]After your hero attacks, give a random minion in your hand +1/+1.",在你的英雄攻击后，随机使你手牌中的一张随从牌获得+1/+1。,fireplace/cards/gangs/warrior.py:70
17.6.0.53261,Mean Streets of Gadgetzan (GANGS),CFM_634,Lotus Assassin,玉莲帮刺客,Trigger,GREEN,implemented,yes,"逐卡实战断言均通过：kill_regrants_stealth=target=GRAVEYARD;assassin=('PLAY', 4, True); nonlethal_attack_does_not_regain_stealth=target=('PLAY', 2);assassin=('PLAY', 3, False)",card_mechanism.csv#CFM_634; generic-play-smoke:played; effect-evidence: reports/card_quality_full_2026-09-27/three_set_probe.csv#CFM_634::kill_regrants_stealth; reports/card_quality_full_2026-09-27/three_set_probe.csv#CFM_634::nonlethal_attack_does_not_regain_stealth; per-card: reports/card_quality_full_2026-09-27/three_set_probe.csv#CFM_634::kill_regrants_stealth; reports/card_quality_full_2026-09-27/three_set_probe.csv#CFM_634::nonlethal_attack_does_not_regain_stealth,"聚合状态取该卡最差机制；普通烟测只证明可执行，不能单独构成 GREEN。 EN: Stealth. Whenever this attacks and kills a minion, gain Stealth.; ZH: 潜行。每当该随从攻击并消灭一个随从时，便获得潜行。; source=fireplace/cards/gangs/rogue.py:18; existing_test_refs=; prior_audit=YELLOW:1 个机制缺少充分的核心效果验证；逐机制依据见 card_mechanism.csv。","Stealth. Whenever this attacks and kills a minion, gain Stealth.",潜行。每当该随从攻击并消灭一个随从时，便获得潜行。,fireplace/cards/gangs/rogue.py:18
17.6.0.53261,Mean Streets of Gadgetzan (GANGS),CFM_636,Shadow Rager,暗影狂怒者,Stealth,GREEN,implemented,yes,"逐卡实战断言均通过：stealth_keyword=stats=(5, 1);stealth=1;zone=PLAY; stealth_blocks_enemy_targets=targeting=(True, False, False);hero=26;card=PLAY",card_mechanism.csv#CFM_636; generic-play-smoke:played; effect-evidence: reports/card_quality_full_2026-09-27/three_set_probe.csv#CFM_636::stealth_keyword; reports/card_quality_full_2026-09-27/three_set_probe.csv#CFM_636::stealth_blocks_enemy_targets; per-card: reports/card_quality_full_2026-09-27/three_set_probe.csv#CFM_636::stealth_keyword; reports/card_quality_full_2026-09-27/three_set_probe.csv#CFM_636::stealth_blocks_enemy_targets,聚合状态取该卡最差机制；普通烟测只证明可执行，不能单独构成 GREEN。 EN: Stealth; ZH: 潜行; source=; existing_test_refs=; prior_audit=YELLOW:1 个机制缺少充分的核心效果验证；逐机制依据见 card_mechanism.csv。,Stealth,潜行,
17.6.0.53261,Mean Streets of Gadgetzan (GANGS),CFM_637,Patches the Pirate,海盗帕奇斯,Summon|Trigger,GREEN,implemented,yes,"逐卡实战断言均通过：pirate_play_summons_from_deck=pirate=('CS2_146', 'PLAY');patches=('PLAY', ['CS2_146', 'CFM_637']);deck=[]; nonpirate_does_not_summon=patches=DECK;field=['CS2_231']",card_mechanism.csv#CFM_637; generic-play-smoke:played; effect-evidence: reports/card_quality_full_2026-09-27/three_set_probe.csv#CFM_637::pirate_play_summons_from_deck; reports/card_quality_full_2026-09-27/three_set_probe.csv#CFM_637::nonpirate_does_not_summon; per-card: reports/card_quality_full_2026-09-27/three_set_probe.csv#CFM_637::pirate_play_summons_from_deck; reports/card_quality_full_2026-09-27/three_set_probe.csv#CFM_637::nonpirate_does_not_summon,"聚合状态取该卡最差机制；普通烟测只证明可执行，不能单独构成 GREEN。 EN: [x]After you play a Pirate, summon this minion from your deck.; ZH: 在你使用一张海盗牌后，从你的牌库中召唤该随从。; source=fireplace/cards/gangs/neutral_legendary.py:118; existing_test_refs=; prior_audit=YELLOW:2 个机制缺少充分的核心效果验证；逐机制依据见 card_mechanism.csv。","[x]After you play a Pirate, summon this minion from your deck.",在你使用一张海盗牌后，从你的牌库中召唤该随从。,fireplace/cards/gangs/neutral_legendary.py:118
17.6.0.53261,Mean Streets of Gadgetzan (GANGS),CFM_639,Grimestreet Enforcer,污手街惩罚者,Trigger,GREEN,implemented,yes,"逐卡实战断言均通过：end_turn_buffs_hand_minions=before=[(1, 1), (1, 1)];after=[(2, 2), (2, 2)];spell_cost=(4, 4);card=PLAY",card_mechanism.csv#CFM_639; generic-play-smoke:played; effect-evidence: reports/card_quality_full_2026-09-27/three_set_probe.csv#CFM_639::end_turn_buffs_hand_minions; per-card: reports/card_quality_full_2026-09-27/three_set_probe.csv#CFM_639::end_turn_buffs_hand_minions,"聚合状态取该卡最差机制；普通烟测只证明可执行，不能单独构成 GREEN。 EN: At the end of your turn, give all minions in your hand +1/+1.; ZH: 在你的回合结束时，使你手牌中的所有随从牌获得+1/+1。; source=fireplace/cards/gangs/paladin.py:14; existing_test_refs=; prior_audit=YELLOW:1 个机制缺少充分的核心效果验证；逐机制依据见 card_mechanism.csv。","At the end of your turn, give all minions in your hand +1/+1.",在你的回合结束时，使你手牌中的所有随从牌获得+1/+1。,fireplace/cards/gangs/paladin.py:14
17.6.0.53261,Mean Streets of Gadgetzan (GANGS),CFM_643,Hobart Grapplehammer,霍巴特·钩锤,Battlecry,GREEN,implemented,yes,"逐卡实战断言均通过：weapon_hand_and_deck_buff=before=(1, 3, 3, 1);after=(2, 4, 3, 1);zones=('HAND', 'HAND', 'PLAY', 'PLAY')",card_mechanism.csv#CFM_643; generic-play-smoke:played; effect-evidence: reports/card_quality_full_2026-09-27/three_set_probe.csv#CFM_643::weapon_hand_and_deck_buff; per-card: reports/card_quality_full_2026-09-27/three_set_probe.csv#CFM_643::weapon_hand_and_deck_buff,聚合状态取该卡最差机制；普通烟测只证明可执行，不能单独构成 GREEN。 EN: Battlecry: Give all weapons in your hand and deck +1 Attack.; ZH: 战吼：使你的手牌和牌库里的所有武器牌获得+1攻击力。; source=fireplace/cards/gangs/warrior.py:8; existing_test_refs=; prior_audit=YELLOW:1 个机制缺少充分的核心效果验证；逐机制依据见 card_mechanism.csv。,Battlecry: Give all weapons in your hand and deck +1 Attack.,战吼：使你的手牌和牌库里的所有武器牌获得+1攻击力。,fireplace/cards/gangs/warrior.py:8
17.6.0.53261,Mean Streets of Gadgetzan (GANGS),CFM_646,Backstreet Leper,后街男巫,Deathrattle,GREEN,implemented,yes,"逐卡实战断言均通过：deathrattle_hits_enemy_hero_only=minion=GRAVEYARD;heroes=(30, 28)",card_mechanism.csv#CFM_646; generic-play-smoke:played; effect-evidence: reports/card_quality_full_2026-09-27/three_set_probe.csv#CFM_646::deathrattle_hits_enemy_hero_only; per-card: reports/card_quality_full_2026-09-27/three_set_probe.csv#CFM_646::deathrattle_hits_enemy_hero_only,聚合状态取该卡最差机制；普通烟测只证明可执行，不能单独构成 GREEN。 EN: [x]Deathrattle: Deal 2 damage to the enemy hero.; ZH: 亡语：对敌方英雄造成2点伤害。; source=fireplace/cards/gangs/neutral_common.py:46; existing_test_refs=; prior_audit=YELLOW:1 个机制缺少充分的核心效果验证；逐机制依据见 card_mechanism.csv。,[x]Deathrattle: Deal 2 damage to the enemy hero.,亡语：对敌方英雄造成2点伤害。,fireplace/cards/gangs/neutral_common.py:46
17.6.0.53261,Mean Streets of Gadgetzan (GANGS),CFM_647,Blowgill Sniper,吹箭鱼人,Battlecry|Targeting,GREEN,implemented,yes,"逐卡实战断言均通过：targeted_one_damage=before=(5, 5);after=(4, 5);card=PLAY; friendly_target_one_damage=legal=True;before=5;after=4",card_mechanism.csv#CFM_647; generic-play-smoke:played; effect-evidence: reports/card_quality_full_2026-09-27/three_set_probe.csv#CFM_647::targeted_one_damage; reports/card_quality_full_2026-09-27/three_set_probe.csv#CFM_647::friendly_target_one_damage; per-card: reports/card_quality_full_2026-09-27/three_set_probe.csv#CFM_647::targeted_one_damage; reports/card_quality_full_2026-09-27/three_set_probe.csv#CFM_647::friendly_target_one_damage,聚合状态取该卡最差机制；普通烟测只证明可执行，不能单独构成 GREEN。 EN: Battlecry: Deal 1 damage.; ZH: 战吼：造成1点伤害。; source=fireplace/cards/gangs/neutral_common.py:52; existing_test_refs=; prior_audit=YELLOW:2 个机制缺少充分的核心效果验证；逐机制依据见 card_mechanism.csv。,Battlecry: Deal 1 damage.,战吼：造成1点伤害。,fireplace/cards/gangs/neutral_common.py:52
17.6.0.53261,Mean Streets of Gadgetzan (GANGS),CFM_648,Big-Time Racketeer,犯罪高手,Battlecry|Summon,GREEN,implemented,yes,"逐卡实战断言均通过：summon_six_six_ogre=field=[('CFM_648', 1, 1, 'PLAY'), ('CFM_648t', 6, 6, 'PLAY')]",card_mechanism.csv#CFM_648; generic-play-smoke:played; effect-evidence: reports/card_quality_full_2026-09-27/three_set_probe.csv#CFM_648::summon_six_six_ogre; per-card: reports/card_quality_full_2026-09-27/three_set_probe.csv#CFM_648::summon_six_six_ogre,聚合状态取该卡最差机制；普通烟测只证明可执行，不能单独构成 GREEN。 EN: Battlecry: Summon a 6/6 Ogre.; ZH: 战吼：召唤一个6/6的食人魔。; source=fireplace/cards/gangs/neutral_common.py:59; existing_test_refs=; prior_audit=YELLOW:2 个机制缺少充分的核心效果验证；逐机制依据见 card_mechanism.csv。,Battlecry: Summon a 6/6 Ogre.,战吼：召唤一个6/6的食人魔。,fireplace/cards/gangs/neutral_common.py:59
17.6.0.53261,Mean Streets of Gadgetzan (GANGS),CFM_649,Kabal Courier,暗金教信使,Battlecry|Discover / Choice|Random effects,GREEN,implemented,yes,"逐卡实战断言均通过：discover_one_of_three_classes=offers=[('DAL_578', (<CardClass.MAGE: 4>,)), ('ULD_270', (<CardClass.PRIEST: 6>,)), ('BT_199', (<CardClass.WARLOCK: 9>,))];chosen=('ULD_270', ['ULD_270'])",card_mechanism.csv#CFM_649; generic-play-smoke:played; effect-evidence: reports/card_quality_full_2026-09-27/three_set_probe.csv#CFM_649::discover_one_of_three_classes; per-card: reports/card_quality_full_2026-09-27/three_set_probe.csv#CFM_649::discover_one_of_three_classes,"聚合状态取该卡最差机制；普通烟测只证明可执行，不能单独构成 GREEN。 EN: Battlecry: Discover a Mage, Priest, or Warlock card.; ZH: 战吼： 发现一张法师、牧师或术士卡牌。; source=fireplace/cards/gangs/neutral_rare.py:30; existing_test_refs=; prior_audit=YELLOW:3 个机制缺少充分的核心效果验证；逐机制依据见 card_mechanism.csv。","Battlecry: Discover a Mage, Priest, or Warlock card.",战吼： 发现一张法师、牧师或术士卡牌。,fireplace/cards/gangs/neutral_rare.py:30
17.6.0.53261,Mean Streets of Gadgetzan (GANGS),CFM_650,Grimscale Chum,暗鳞劫掠者,Battlecry|Random effects,GREEN,implemented,yes,逐卡实测：手牌有两张鱼人与一张非鱼人时暗鳞劫掠者只给其中一张鱼人+1/+1；没有手牌鱼人时不改变普通随从。,tests/test_gangs_red_root_fixes.py::test_grimscale_chum_buffs_exactly_one_held_murloc; tests/test_gangs_red_root_fixes.py::test_grimscale_chum_with_no_held_murloc_changes_nothing,原始结论保留于known_issues_archive_2026-09-29/。 修复前把手牌全部鱼人加属性。,[x]Battlecry: Give a random Murloc in your hand +1/+1.,战吼：随机使你手牌中的一张鱼人牌获得+1/+1。,fireplace/cards/gangs/paladin.py:23
17.6.0.53261,Mean Streets of Gadgetzan (GANGS),CFM_651,Naga Corsair,纳迦海盗,Battlecry,GREEN,implemented,yes,"逐卡实战断言均通过：equipped_weapon_plus_one_attack=before=(1, 4);after=(2, 4);card=PLAY; no_weapon_no_effect=weapon=None;card=PLAY",card_mechanism.csv#CFM_651; generic-play-smoke:played; effect-evidence: reports/card_quality_full_2026-09-27/three_set_probe.csv#CFM_651::equipped_weapon_plus_one_attack; reports/card_quality_full_2026-09-27/three_set_probe.csv#CFM_651::no_weapon_no_effect; per-card: reports/card_quality_full_2026-09-27/three_set_probe.csv#CFM_651::equipped_weapon_plus_one_attack; reports/card_quality_full_2026-09-27/three_set_probe.csv#CFM_651::no_weapon_no_effect,聚合状态取该卡最差机制；普通烟测只证明可执行，不能单独构成 GREEN。 EN: Battlecry: Give your weapon +1 Attack.; ZH: 战吼：使你的武器获得+1攻击力。; source=fireplace/cards/gangs/neutral_common.py:65; existing_test_refs=; prior_audit=YELLOW:1 个机制缺少充分的核心效果验证；逐机制依据见 card_mechanism.csv。,Battlecry: Give your weapon +1 Attack.,战吼：使你的武器获得+1攻击力。,fireplace/cards/gangs/neutral_common.py:65
17.6.0.53261,Mean Streets of Gadgetzan (GANGS),CFM_652,Second-Rate Bruiser,二流打手,Continuous effect / Update|Cost modification|Taunt|Trigger,GREEN,implemented,yes,"逐卡实战断言均通过：threshold_enemy_three_minions=costs=(5, 5, 3, 5);zone=HAND",card_mechanism.csv#CFM_652; generic-play-smoke:played; effect-evidence: reports/card_quality_full_2026-09-27/three_set_probe.csv#CFM_652::threshold_enemy_three_minions; per-card: reports/card_quality_full_2026-09-27/three_set_probe.csv#CFM_652::threshold_enemy_three_minions,聚合状态取该卡最差机制；普通烟测只证明可执行，不能单独构成 GREEN。 EN: [x]Taunt Costs (2) less if your opponent has at least three minions.; ZH: 嘲讽 如果你的对手控制至少三个随从，则其法力值消耗减少（2）点。; source=fireplace/cards/gangs/neutral_rare.py:43; existing_test_refs=; prior_audit=YELLOW:4 个机制缺少充分的核心效果验证；逐机制依据见 card_mechanism.csv。,[x]Taunt Costs (2) less if your opponent has at least three minions.,嘲讽 如果你的对手控制至少三个随从，则其法力值消耗减少（2）点。,fireplace/cards/gangs/neutral_rare.py:43
17.6.0.53261,Mean Streets of Gadgetzan (GANGS),CFM_653,Hired Gun,重装佣兵,Taunt,GREEN,implemented,yes,"逐卡实战断言均通过：taunt_keyword=stats=(4, 3);taunt=1;zone=PLAY; taunt_blocks_face_attack=while_alive=(True, False);after=('GRAVEYARD', 'PLAY', 30);face_available=True",card_mechanism.csv#CFM_653; generic-play-smoke:played; effect-evidence: reports/card_quality_full_2026-09-27/three_set_probe.csv#CFM_653::taunt_keyword; reports/card_quality_full_2026-09-27/three_set_probe.csv#CFM_653::taunt_blocks_face_attack; per-card: reports/card_quality_full_2026-09-27/three_set_probe.csv#CFM_653::taunt_keyword; reports/card_quality_full_2026-09-27/three_set_probe.csv#CFM_653::taunt_blocks_face_attack,聚合状态取该卡最差机制；普通烟测只证明可执行，不能单独构成 GREEN。 EN: Taunt; ZH: 嘲讽; source=; existing_test_refs=; prior_audit=YELLOW:1 个机制缺少充分的核心效果验证；逐机制依据见 card_mechanism.csv。,Taunt,嘲讽,
17.6.0.53261,Mean Streets of Gadgetzan (GANGS),CFM_654,Friendly Bartender,热心的酒保,Trigger,GREEN,implemented,yes,"逐卡实战断言均通过：turn_end_heals_own_hero_once=before=(25, 25);after=(26, 25);card=PLAY",card_mechanism.csv#CFM_654; generic-play-smoke:played; effect-evidence: reports/card_quality_full_2026-09-27/three_set_probe.csv#CFM_654::turn_end_heals_own_hero_once; per-card: reports/card_quality_full_2026-09-27/three_set_probe.csv#CFM_654::turn_end_heals_own_hero_once,"聚合状态取该卡最差机制；普通烟测只证明可执行，不能单独构成 GREEN。 EN: At the end of your turn, restore #1 Health to your hero.; ZH: 在你的回合结束时，为你的英雄恢复#1点生命值。; source=fireplace/cards/gangs/neutral_common.py:74; existing_test_refs=; prior_audit=YELLOW:1 个机制缺少充分的核心效果验证；逐机制依据见 card_mechanism.csv。","At the end of your turn, restore #1 Health to your hero.",在你的回合结束时，为你的英雄恢复#1点生命值。,fireplace/cards/gangs/neutral_common.py:74
17.6.0.53261,Mean Streets of Gadgetzan (GANGS),CFM_655,Toxic Sewer Ooze,毒性污水软泥怪,Battlecry,GREEN,implemented,yes,"逐卡实战断言均通过：enemy_weapon_loses_one_durability=before=(4, 2);after=(4, 1);card=PLAY; last_durability_breaks_weapon=weapon=GRAVEYARD;equipped=None",card_mechanism.csv#CFM_655; generic-play-smoke:played; effect-evidence: reports/card_quality_full_2026-09-27/three_set_probe.csv#CFM_655::enemy_weapon_loses_one_durability; reports/card_quality_full_2026-09-27/three_set_probe.csv#CFM_655::last_durability_breaks_weapon; per-card: reports/card_quality_full_2026-09-27/three_set_probe.csv#CFM_655::enemy_weapon_loses_one_durability; reports/card_quality_full_2026-09-27/three_set_probe.csv#CFM_655::last_durability_breaks_weapon,聚合状态取该卡最差机制；普通烟测只证明可执行，不能单独构成 GREEN。 EN: Battlecry: Remove 1 Durability from your opponent's weapon.; ZH: 战吼：使对手的武器失去1点耐久度。; source=fireplace/cards/gangs/neutral_common.py:80; existing_test_refs=; prior_audit=YELLOW:1 个机制缺少充分的核心效果验证；逐机制依据见 card_mechanism.csv。,Battlecry: Remove 1 Durability from your opponent's weapon.,战吼：使对手的武器失去1点耐久度。,fireplace/cards/gangs/neutral_common.py:80
17.6.0.53261,Mean Streets of Gadgetzan (GANGS),CFM_656,Streetwise Investigator,街头调查员,Battlecry,GREEN,implemented,yes,"逐卡实战断言均通过：enemy_stealth_removed_only=before=(1, [1, 1]);after=(1, [False, False]);card=PLAY",card_mechanism.csv#CFM_656; generic-play-smoke:played; effect-evidence: reports/card_quality_full_2026-09-27/three_set_probe.csv#CFM_656::enemy_stealth_removed_only; per-card: reports/card_quality_full_2026-09-27/three_set_probe.csv#CFM_656::enemy_stealth_removed_only,聚合状态取该卡最差机制；普通烟测只证明可执行，不能单独构成 GREEN。 EN: Battlecry: Enemy minions lose Stealth.; ZH: 战吼：使所有敌方随从失去潜行。; source=fireplace/cards/gangs/neutral_common.py:86; existing_test_refs=; prior_audit=YELLOW:1 个机制缺少充分的核心效果验证；逐机制依据见 card_mechanism.csv。,Battlecry: Enemy minions lose Stealth.,战吼：使所有敌方随从失去潜行。,fireplace/cards/gangs/neutral_common.py:86
17.6.0.53261,Mean Streets of Gadgetzan (GANGS),CFM_657,Kabal Songstealer,暗金教窃歌者,Battlecry|Silence|Targeting,GREEN,implemented,yes,"逐卡实战断言均通过：silence_targeted_minion=before=(1, 1);after=(False, 1);card=PLAY; silence_friendly_target=legal=True;taunt=False;controller=Player1",card_mechanism.csv#CFM_657; generic-play-smoke:played; effect-evidence: reports/card_quality_full_2026-09-27/three_set_probe.csv#CFM_657::silence_targeted_minion; reports/card_quality_full_2026-09-27/three_set_probe.csv#CFM_657::silence_friendly_target; per-card: reports/card_quality_full_2026-09-27/three_set_probe.csv#CFM_657::silence_targeted_minion; reports/card_quality_full_2026-09-27/three_set_probe.csv#CFM_657::silence_friendly_target,聚合状态取该卡最差机制；普通烟测只证明可执行，不能单独构成 GREEN。 EN: [x]Battlecry: Silence a minion.; ZH: 战吼： 沉默一个随从。; source=fireplace/cards/gangs/priest.py:47; existing_test_refs=; prior_audit=YELLOW:3 个机制缺少充分的核心效果验证；逐机制依据见 card_mechanism.csv。,[x]Battlecry: Silence a minion.,战吼： 沉默一个随从。,fireplace/cards/gangs/priest.py:47
17.6.0.53261,Mean Streets of Gadgetzan (GANGS),CFM_658,Backroom Bouncer,后院保镖,Trigger,GREEN,implemented,yes,"逐卡实战断言均通过：friendly_death_grants_one_attack=attack=(4, 4, 6);card=PLAY",card_mechanism.csv#CFM_658; generic-play-smoke:played; effect-evidence: reports/card_quality_full_2026-09-27/three_set_probe.csv#CFM_658::friendly_death_grants_one_attack; per-card: reports/card_quality_full_2026-09-27/three_set_probe.csv#CFM_658::friendly_death_grants_one_attack,"聚合状态取该卡最差机制；普通烟测只证明可执行，不能单独构成 GREEN。 EN: Whenever a friendly minion dies, gain +1 Attack.; ZH: 每当一个友方随从死亡，便获得+1 攻击力。; source=fireplace/cards/gangs/neutral_rare.py:50; existing_test_refs=; prior_audit=YELLOW:1 个机制缺少充分的核心效果验证；逐机制依据见 card_mechanism.csv。","Whenever a friendly minion dies, gain +1 Attack.",每当一个友方随从死亡，便获得+1 攻击力。,fireplace/cards/gangs/neutral_rare.py:50
17.6.0.53261,Mean Streets of Gadgetzan (GANGS),CFM_659,Gadgetzan Socialite,加基森名媛,Battlecry|Targeting,GREEN,implemented,yes,"逐卡实战断言均通过：heal_chosen_character_two=heroes=(27, 25);card=PLAY; heal_enemy_hero_two=legal=True;heroes=(25, 27)",card_mechanism.csv#CFM_659; generic-play-smoke:played; effect-evidence: reports/card_quality_full_2026-09-27/three_set_probe.csv#CFM_659::heal_chosen_character_two; reports/card_quality_full_2026-09-27/three_set_probe.csv#CFM_659::heal_enemy_hero_two; per-card: reports/card_quality_full_2026-09-27/three_set_probe.csv#CFM_659::heal_chosen_character_two; reports/card_quality_full_2026-09-27/three_set_probe.csv#CFM_659::heal_enemy_hero_two,聚合状态取该卡最差机制；普通烟测只证明可执行，不能单独构成 GREEN。 EN: Battlecry: Restore #2 Health.; ZH: 战吼： 恢复#2点生命值。; source=fireplace/cards/gangs/neutral_common.py:92; existing_test_refs=; prior_audit=YELLOW:2 个机制缺少充分的核心效果验证；逐机制依据见 card_mechanism.csv。,Battlecry: Restore #2 Health.,战吼： 恢复#2点生命值。,fireplace/cards/gangs/neutral_common.py:92
17.6.0.53261,Mean Streets of Gadgetzan (GANGS),CFM_660,Manic Soulcaster,狂热铸魂者,Battlecry|Targeting,GREEN,implemented,yes,"逐卡实战断言均通过：shuffle_copy_of_friendly_target=target=('CS2_182', 'PLAY');deck=[('CS2_182', 'DECK')]",card_mechanism.csv#CFM_660; generic-play-smoke:played; effect-evidence: reports/card_quality_full_2026-09-27/three_set_probe.csv#CFM_660::shuffle_copy_of_friendly_target; per-card: reports/card_quality_full_2026-09-27/three_set_probe.csv#CFM_660::shuffle_copy_of_friendly_target,聚合状态取该卡最差机制；普通烟测只证明可执行，不能单独构成 GREEN。 EN: Battlecry: Choose a friendly minion. Shuffle a copy into your deck.; ZH: 战吼：选择一个友方随从，将它的一张复制洗入你的牌库。; source=fireplace/cards/gangs/mage.py:14; existing_test_refs=; prior_audit=YELLOW:2 个机制缺少充分的核心效果验证；逐机制依据见 card_mechanism.csv。,Battlecry: Choose a friendly minion. Shuffle a copy into your deck.,战吼：选择一个友方随从，将它的一张复制洗入你的牌库。,fireplace/cards/gangs/mage.py:14
17.6.0.53261,Mean Streets of Gadgetzan (GANGS),CFM_661,Pint-Size Potion,缩小药水,Spell resolution,GREEN,implemented,yes,"逐卡实战断言均通过：enemy_minions_only_and_expires=before=(4, 4);during=(4, 1);next_turn=(4, 4);spell=GRAVEYARD",card_mechanism.csv#CFM_661; generic-play-smoke:played; effect-evidence: reports/card_quality_full_2026-09-27/three_set_probe.csv#CFM_661::enemy_minions_only_and_expires; per-card: reports/card_quality_full_2026-09-27/three_set_probe.csv#CFM_661::enemy_minions_only_and_expires,聚合状态取该卡最差机制；普通烟测只证明可执行，不能单独构成 GREEN。 EN: [x]Give all enemy minions -3 Attack this turn only.; ZH: 在本回合中，使所有敌方随从获得-3攻击力。; source=fireplace/cards/gangs/priest.py:90; existing_test_refs=; prior_audit=YELLOW:1 个机制缺少充分的核心效果验证；逐机制依据见 card_mechanism.csv。,[x]Give all enemy minions -3 Attack this turn only.,在本回合中，使所有敌方随从获得-3攻击力。,fireplace/cards/gangs/priest.py:90
17.6.0.53261,Mean Streets of Gadgetzan (GANGS),CFM_662,Dragonfire Potion,龙息药水,Spell resolution,GREEN,implemented,yes,"逐卡实战断言均通过：all_non_dragon_minions_hit=friendly=GRAVEYARD;enemy=GRAVEYARD;dragon=('EX1_284', 'PLAY', 4);heroes=(30, 30)",card_mechanism.csv#CFM_662; generic-play-smoke:played; effect-evidence: reports/card_quality_full_2026-09-27/three_set_probe.csv#CFM_662::all_non_dragon_minions_hit; per-card: reports/card_quality_full_2026-09-27/three_set_probe.csv#CFM_662::all_non_dragon_minions_hit,聚合状态取该卡最差机制；普通烟测只证明可执行，不能单独构成 GREEN。 EN: [x]Deal $5 damage to all minions except Dragons.; ZH: 对除了龙之外的所有随从造成$5点伤害。; source=fireplace/cards/gangs/priest.py:99; existing_test_refs=; prior_audit=YELLOW:1 个机制缺少充分的核心效果验证；逐机制依据见 card_mechanism.csv。,[x]Deal $5 damage to all minions except Dragons.,对除了龙之外的所有随从造成$5点伤害。,fireplace/cards/gangs/priest.py:99
17.6.0.53261,Mean Streets of Gadgetzan (GANGS),CFM_663,Kabal Trafficker,暗金教恶魔商贩,Random effects|Trigger,GREEN,implemented,yes,"逐卡实战断言均通过：turn_end_adds_random_demon=hand=[('YOD_027', (<Race.DEMON: 15>,), 'HAND')];after_opponent_turn=1;card=PLAY; random_demon_pool_varies=generated=['YOD_027', 'ICC_075', 'BT_728', 'DRG_402', 'EX1_319', 'AT_021', 'ICC_218', 'BT_407', 'BT_301', 'BT_493', 'EX1_614', 'BT_121'];distinct=12",card_mechanism.csv#CFM_663; generic-play-smoke:played; effect-evidence: reports/card_quality_full_2026-09-27/three_set_probe.csv#CFM_663::turn_end_adds_random_demon; reports/card_quality_full_2026-09-27/three_set_probe.csv#CFM_663::random_demon_pool_varies; per-card: reports/card_quality_full_2026-09-27/three_set_probe.csv#CFM_663::turn_end_adds_random_demon; reports/card_quality_full_2026-09-27/three_set_probe.csv#CFM_663::random_demon_pool_varies,"聚合状态取该卡最差机制；普通烟测只证明可执行，不能单独构成 GREEN。 EN: [x]At the end of your turn, add a random Demon to your hand.; ZH: 在你的回合结束时，随机将一张恶魔牌置入你的手牌。; source=fireplace/cards/gangs/warlock.py:17; existing_test_refs=; prior_audit=YELLOW:2 个机制缺少充分的核心效果验证；逐机制依据见 card_mechanism.csv。","[x]At the end of your turn, add a random Demon to your hand.",在你的回合结束时，随机将一张恶魔牌置入你的手牌。,fireplace/cards/gangs/warlock.py:17
17.6.0.53261,Mean Streets of Gadgetzan (GANGS),CFM_665,Worgen Greaser,狼人欺诈者,Vanilla,GREEN,implemented,yes,当前列出的机制均有对应场景的效果断言；结论限于已识别标签与复现范围。,card_mechanism.csv#CFM_665; generic-play-smoke:played; effect-evidence: reports/card_quality_full_2026-09-27/vanilla_runtime_probe.csv#entry_CFM_665,聚合状态取该卡最差机制；普通烟测只证明可执行，不能单独构成 GREEN。,,,
17.6.0.53261,Mean Streets of Gadgetzan (GANGS),CFM_666,Grook Fu Master,功夫大师,Windfury,GREEN,implemented,yes,"逐卡实战断言均通过：windfury_keyword=first=(27, 1);second=(24, 2);card=PLAY",card_mechanism.csv#CFM_666; generic-play-smoke:played; effect-evidence: reports/card_quality_full_2026-09-27/three_set_probe.csv#CFM_666::windfury_keyword; per-card: reports/card_quality_full_2026-09-27/three_set_probe.csv#CFM_666::windfury_keyword,聚合状态取该卡最差机制；普通烟测只证明可执行，不能单独构成 GREEN。 EN: Windfury; ZH: 风怒; source=; existing_test_refs=; prior_audit=YELLOW:1 个机制缺少充分的核心效果验证；逐机制依据见 card_mechanism.csv。,Windfury,风怒,
17.6.0.53261,Mean Streets of Gadgetzan (GANGS),CFM_667,Bomb Squad,爆破小队,Battlecry|Deathrattle|Targeting,GREEN,implemented,yes,"逐卡实战断言均通过：battlecry_enemy_minion_and_own_deathrattle=after_play=('GRAVEYARD', (30, 30));after_death=(25, 30, 'GRAVEYARD'); no_enemy_target_still_has_deathrattle=before=(30, 30);after=(25, 30);card=GRAVEYARD",card_mechanism.csv#CFM_667; generic-play-smoke:played; effect-evidence: reports/card_quality_full_2026-09-27/three_set_probe.csv#CFM_667::battlecry_enemy_minion_and_own_deathrattle; reports/card_quality_full_2026-09-27/three_set_probe.csv#CFM_667::no_enemy_target_still_has_deathrattle; per-card: reports/card_quality_full_2026-09-27/three_set_probe.csv#CFM_667::battlecry_enemy_minion_and_own_deathrattle; reports/card_quality_full_2026-09-27/three_set_probe.csv#CFM_667::no_enemy_target_still_has_deathrattle,聚合状态取该卡最差机制；普通烟测只证明可执行，不能单独构成 GREEN。 EN: [x]Battlecry: Deal 5 damage to an enemy minion. Deathrattle: Deal 5 damage to your hero.; ZH: 战吼：对一个敌方随从造成5点伤害。 亡语：对你的英雄造成5点伤害。; source=fireplace/cards/gangs/neutral_rare.py:59; existing_test_refs=; prior_audit=YELLOW:3 个机制缺少充分的核心效果验证；逐机制依据见 card_mechanism.csv。,[x]Battlecry: Deal 5 damage to an enemy minion. Deathrattle: Deal 5 damage to your hero.,战吼：对一个敌方随从造成5点伤害。 亡语：对你的英雄造成5点伤害。,fireplace/cards/gangs/neutral_rare.py:59
17.6.0.53261,Mean Streets of Gadgetzan (GANGS),CFM_668,Doppelgangster,魅影歹徒,Battlecry|Summon,GREEN,implemented,yes,"逐卡实战断言均通过：battlecry_summons_two_copies=field=[('CFM_668', 2, 2, 'PLAY'), ('CFM_668', 2, 2, 'PLAY'), ('CFM_668', 2, 2, 'PLAY')]; full_board_limits_copies=field=['CS2_231', 'CS2_231', 'CS2_231', 'CS2_231', 'CS2_231', 'CFM_668', 'CFM_668']; copies_keep_hand_buff=buffed=(3, 3);copies=[(3, 3), (3, 3), (3, 3)]",card_mechanism.csv#CFM_668; generic-play-smoke:played; effect-evidence: reports/card_quality_full_2026-09-27/three_set_probe.csv#CFM_668::battlecry_summons_two_copies; reports/card_quality_full_2026-09-27/three_set_probe.csv#CFM_668::full_board_limits_copies; reports/card_quality_full_2026-09-27/three_set_probe.csv#CFM_668::copies_keep_hand_buff; per-card: reports/card_quality_full_2026-09-27/three_set_probe.csv#CFM_668::battlecry_summons_two_copies; reports/card_quality_full_2026-09-27/three_set_probe.csv#CFM_668::full_board_limits_copies; reports/card_quality_full_2026-09-27/three_set_probe.csv#CFM_668::copies_keep_hand_buff,聚合状态取该卡最差机制；普通烟测只证明可执行，不能单独构成 GREEN。 EN: Battlecry: Summon 2 copies of this minion.; ZH: 战吼：召唤该随从的两个复制。; source=fireplace/cards/gangs/neutral_rare.py:71; existing_test_refs=tests/test_gangs.py:288:test_doppelgangster | tests/test_gangs.py:294:test_doppelgangster | tests/test_gangs.py:295:test_doppelgangster | tests/test_gangs.py:296:test_doppelgangster | tests/test_misc.py:154:test_doppelgangster_and_shudderwock; prior_audit=YELLOW:2 个机制缺少充分的核心效果验证；逐机制依据见 card_mechanism.csv。,Battlecry: Summon 2 copies of this minion.,战吼：召唤该随从的两个复制。,fireplace/cards/gangs/neutral_rare.py:71
17.6.0.53261,Mean Streets of Gadgetzan (GANGS),CFM_669,Burgly Bully,穴居人强盗,Trigger,GREEN,implemented,yes,"逐卡实战断言均通过：opponent_spell_gives_one_coin=coins=(0, 1);hand=['GAME_005']",card_mechanism.csv#CFM_669; generic-play-smoke:played; effect-evidence: reports/card_quality_full_2026-09-27/three_set_probe.csv#CFM_669::opponent_spell_gives_one_coin; per-card: reports/card_quality_full_2026-09-27/three_set_probe.csv#CFM_669::opponent_spell_gives_one_coin,"聚合状态取该卡最差机制；普通烟测只证明可执行，不能单独构成 GREEN。 EN: Whenever your opponent casts a spell, add a Coin to your hand.; ZH: 每当你的对手施放一个法术，将一个幸运币置入你的手牌。; source=fireplace/cards/gangs/neutral_epic.py:42; existing_test_refs=; prior_audit=YELLOW:1 个机制缺少充分的核心效果验证；逐机制依据见 card_mechanism.csv。","Whenever your opponent casts a spell, add a Coin to your hand.",每当你的对手施放一个法术，将一个幸运币置入你的手牌。,fireplace/cards/gangs/neutral_epic.py:42
17.6.0.53261,Mean Streets of Gadgetzan (GANGS),CFM_670,Mayor Noggenfogger,诺格弗格市长,Continuous effect / Update|Trigger,GREEN,implemented,yes,逐卡实测：诺格弗格市长在场使双方随机目标标志生效；多个固定随机种子中英雄攻击可被改向敌方随从；市长死亡后双方标志恢复；此前法术与英雄技能随机改向探针均通过。,tests/test_gangs_red_root_fixes.py::test_mayor_noggenfogger_random_target_aura_and_hero_attack,原始结论保留于known_issues_archive_2026-09-29/。 修复前攻击监听只匹配随从攻击而漏掉英雄攻击；旧探针证据还见 gangs_probe_b.py 中 CFM_670 四分支。,All targets are chosen randomly.,所有角色都会随机选择目标。,fireplace/cards/gangs/neutral_legendary.py:125
17.6.0.53261,Mean Streets of Gadgetzan (GANGS),CFM_671,Cryomancer,凛风巫师,Battlecry,GREEN,implemented,yes,逐卡实测：敌方无人冻结时凛风巫师为5/5；先冻结敌方随从再打出则本体为7/7。,tests/test_gangs_red_root_fixes.py::test_cryomancer_only_gains_stats_if_enemy_character_is_frozen,原始结论保留于known_issues_archive_2026-09-29/。 修复前把+2/+2错误施加给玩家实体。,"Battlecry: If an enemy is Frozen, gain +2/+2.",战吼：如果有敌人被冻结，便获得+2/+2。,fireplace/cards/gangs/mage.py:25
17.6.0.53261,Mean Streets of Gadgetzan (GANGS),CFM_672,Madam Goya,郭雅夫人,Battlecry|Targeting,GREEN,implemented,yes,"逐卡实战断言均通过：swap_target_with_deck_minion=target=DECK;drawn=PLAY;field=['CS2_182', 'CFM_672'];deck=['CS2_231']",card_mechanism.csv#CFM_672; generic-play-smoke:played; effect-evidence: reports/card_quality_full_2026-09-27/three_set_probe.csv#CFM_672::swap_target_with_deck_minion; per-card: reports/card_quality_full_2026-09-27/three_set_probe.csv#CFM_672::swap_target_with_deck_minion,聚合状态取该卡最差机制；普通烟测只证明可执行，不能单独构成 GREEN。 EN: Battlecry: Choose a friendly minion. Swap it with a minion in your deck.; ZH: 战吼：选择一个友方随从，与你牌库中的一个随从交换。; source=fireplace/cards/gangs/neutral_legendary.py:138; existing_test_refs=tests/test_gangs.py:358:test_madam_goya; prior_audit=YELLOW:2 个机制缺少充分的核心效果验证；逐机制依据见 card_mechanism.csv。,Battlecry: Choose a friendly minion. Swap it with a minion in your deck.,战吼：选择一个友方随从，与你牌库中的一个随从交换。,fireplace/cards/gangs/neutral_legendary.py:138
17.6.0.53261,Mean Streets of Gadgetzan (GANGS),CFM_685,Don Han'Cho,唐·汉古,Battlecry|Random effects,GREEN,implemented,yes,"逐卡实战断言均通过：one_random_hand_minion_five_five=before=[(1, 1), (1, 1)];after=[(1, 1), (6, 6)];spell_cost=(4, 4)",card_mechanism.csv#CFM_685; generic-play-smoke:played; effect-evidence: reports/card_quality_full_2026-09-27/three_set_probe.csv#CFM_685::one_random_hand_minion_five_five; per-card: reports/card_quality_full_2026-09-27/three_set_probe.csv#CFM_685::one_random_hand_minion_five_five,聚合状态取该卡最差机制；普通烟测只证明可执行，不能单独构成 GREEN。 EN: Battlecry: Give a random minion in your hand +5/+5.; ZH: 战吼：随机使你手牌中的一张随从牌获得+5/+5。; source=fireplace/cards/gangs/neutral_legendary.py:150; existing_test_refs=; prior_audit=YELLOW:2 个机制缺少充分的核心效果验证；逐机制依据见 card_mechanism.csv。,Battlecry: Give a random minion in your hand +5/+5.,战吼：随机使你手牌中的一张随从牌获得+5/+5。,fireplace/cards/gangs/neutral_legendary.py:150
17.6.0.53261,Mean Streets of Gadgetzan (GANGS),CFM_687,Inkmaster Solia,墨水大师索莉娅,Battlecry,GREEN,implemented,yes,"逐卡对局断言通过：CFM_687_live_01=unique_deck=['CS2_231', 'CS2_182'];solia=PLAY;first_spell_cost=0;cast=GRAVEYARD;aura_ended=True;next_spell_cost=2;duplicate_branch=(True, 4)",card_mechanism.csv#CFM_687; generic-play-smoke:played; effect-evidence: reports/card_quality_full_2026-09-27/three_set_probe.csv#CFM_687::CFM_687_live_01; per-card: reports/card_quality_full_2026-09-27/three_set_probe.csv#CFM_687::CFM_687_live_01,"聚合状态取该卡最差机制；普通烟测只证明可执行，不能单独构成 GREEN。 EN=[x]Battlecry: If your deck has no duplicates, the next spell you cast this turn costs (0).; ZH=战吼：在本回合中，如果你的牌库里没有相同的牌，你所施放的下一个法术的法力值消耗为（0）点。; source=fireplace/cards/gangs/mage.py:34; existing_tests=无候选既有测试引用; prior_card_audit=1 个机制缺少充分的核心效果验证；逐机制依据见 card_mechanism.csv。; prior_mechanism_audit=存在定义或元数据候选；当前没有可复查的该机制核心效果断言。; prior_cross_card_issues=无; live_cases=CFM_687_live_01","[x]Battlecry: If your deck has no duplicates, the next spell you cast this turn costs (0).",战吼：在本回合中，如果你的牌库里没有相同的牌，你所施放的下一个法术的法力值消耗为（0）点。,fireplace/cards/gangs/mage.py:34
17.6.0.53261,Mean Streets of Gadgetzan (GANGS),CFM_688,Spiked Hogrider,野猪骑士斯派克,Battlecry,GREEN,implemented,yes,"逐卡对局断言通过：CFM_688_live_01=without_enemy_taunt=(False, True);enemy_taunt=(1, True, True, 'GRAVEYARD', 'PLAY', 4)",card_mechanism.csv#CFM_688; generic-play-smoke:played; effect-evidence: reports/card_quality_full_2026-09-27/three_set_probe.csv#CFM_688::CFM_688_live_01; per-card: reports/card_quality_full_2026-09-27/three_set_probe.csv#CFM_688::CFM_688_live_01,"聚合状态取该卡最差机制；普通烟测只证明可执行，不能单独构成 GREEN。 EN=Battlecry: If an enemy minion has Taunt, gain Charge.; ZH=战吼：如果一个敌方随从具有嘲讽，便获得冲锋。; source=fireplace/cards/gangs/neutral_rare.py:88; existing_tests=无候选既有测试引用; prior_card_audit=1 个机制缺少充分的核心效果验证；逐机制依据见 card_mechanism.csv。; prior_mechanism_audit=存在定义或元数据候选；当前没有可复查的该机制核心效果断言。; prior_cross_card_issues=无; live_cases=CFM_688_live_01","Battlecry: If an enemy minion has Taunt, gain Charge.",战吼：如果一个敌方随从具有嘲讽，便获得冲锋。,fireplace/cards/gangs/neutral_rare.py:88
17.6.0.53261,Mean Streets of Gadgetzan (GANGS),CFM_690,Jade Shuriken,青玉飞镖,Combo|Spell resolution|Summon|Targeting,GREEN,implemented,yes,"逐卡对局断言通过：CFM_690_live_01=base_jade=1;without_combo=(28, 1, 0, 'GRAVEYARD');combo=(1, 1, 'GRAVEYARD', 2, [('CFM_712_t01', 1, 1, 'PLAY')], 'GRAVEYARD')",card_mechanism.csv#CFM_690; generic-play-smoke:played; effect-evidence: reports/card_quality_full_2026-09-27/three_set_probe.csv#CFM_690::CFM_690_live_01; per-card: reports/card_quality_full_2026-09-27/three_set_probe.csv#CFM_690::CFM_690_live_01,聚合状态取该卡最差机制；普通烟测只证明可执行，不能单独构成 GREEN。 EN=Deal $2 damage. Combo: Summon a{1} {0} Jade Golem.@Deal $2 damage. Combo: Summon a Jade Golem.; ZH=造成$2点伤害。 连击：召唤一个{0}的青玉魔像。@造成$2点伤害。 连击：召唤一个青玉魔像。; source=fireplace/cards/gangs/rogue.py:75; existing_tests=tests/test_gangs.py:200:test_jade_shuriken | tests/test_gangs.py:201:test_jade_shuriken | tests/test_gangs.py:202:test_jade_shuriken; prior_card_audit=4 个机制缺少充分的核心效果验证；逐机制依据见 card_mechanism.csv。; prior_mechanism_audit=存在定义或元数据候选；当前没有可复查的该机制核心效果断言。 / 缺目标与非法自身目标均在付费/移区前被拒绝；合法目标效果仍需逐卡验证。; prior_cross_card_issues=无; live_cases=CFM_690_live_01,Deal $2 damage. Combo: Summon a{1} {0} Jade Golem.@Deal $2 damage. Combo: Summon a Jade Golem.,造成$2点伤害。 连击：召唤一个{0}的青玉魔像。@造成$2点伤害。 连击：召唤一个青玉魔像。,fireplace/cards/gangs/rogue.py:75
17.6.0.53261,Mean Streets of Gadgetzan (GANGS),CFM_691,Jade Swarmer,青玉游荡者,Deathrattle|Stealth|Summon,GREEN,implemented,yes,"逐卡对局断言通过：CFM_691_live_01=start_jade=1;stealth=1;before_death=('PLAY', 1, 1);after_death=('GRAVEYARD', 2, [('CFM_712_t01', 1, 1, 'PLAY')])",card_mechanism.csv#CFM_691; generic-play-smoke:played; effect-evidence: reports/card_quality_full_2026-09-27/three_set_probe.csv#CFM_691::CFM_691_live_01; per-card: reports/card_quality_full_2026-09-27/three_set_probe.csv#CFM_691::CFM_691_live_01,聚合状态取该卡最差机制；普通烟测只证明可执行，不能单独构成 GREEN。 EN=Stealth Deathrattle: Summon a{1} {0} Jade Golem.@Stealth Deathrattle: Summon a Jade Golem.; ZH=潜行，亡语：召唤一个{0}的青玉魔像。@潜行，亡语：召唤一个青玉魔像。; source=fireplace/cards/gangs/rogue.py:26; existing_tests=tests/test_gangs.py:251:test_jade_swarmer; prior_card_audit=2 个机制缺少充分的核心效果验证；逐机制依据见 card_mechanism.csv。; prior_mechanism_audit=存在定义或元数据候选；当前没有可复查的该机制核心效果断言。 / 现有行为断言验证核心亡语结果；本轮测试通过，且实际死亡结算已核对。; prior_cross_card_issues=无; live_cases=CFM_691_live_01,Stealth Deathrattle: Summon a{1} {0} Jade Golem.@Stealth Deathrattle: Summon a Jade Golem.,潜行，亡语：召唤一个{0}的青玉魔像。@潜行，亡语：召唤一个青玉魔像。,fireplace/cards/gangs/rogue.py:26
17.6.0.53261,Mean Streets of Gadgetzan (GANGS),CFM_693,Gadgetzan Ferryman,加基森摆渡人,Combo|Targeting,GREEN,implemented,yes,逐卡实测：无连击时加基森摆渡人不会回手随从；先打出硬币触发连击后可指定友方随从并使其回到手牌，摆渡人留在战场。,tests/test_gangs_red_root_fixes.py::test_gadgetzan_ferryman_bounces_only_when_combo_is_active,原始结论保留于known_issues_archive_2026-09-29/。 修复前回手写在play动作，连击触发时引擎只执行combo动作而导致无效。,Combo: Return a friendly minion to your hand.,连击：将一个友方随从移回你的手牌。,fireplace/cards/gangs/rogue.py:32
17.6.0.53261,Mean Streets of Gadgetzan (GANGS),CFM_694,Shadow Sensei,暗影大师,Battlecry|Targeting,GREEN,implemented,yes,"逐卡对局断言通过：CFM_694_live_01=own_stealth=1;enemy_stealth=1;legal=['EX1_010'];ordinary_legal=False;before=(2, 1);after=(4, 3, 3, 1)",card_mechanism.csv#CFM_694; generic-play-smoke:played; effect-evidence: reports/card_quality_full_2026-09-27/three_set_probe.csv#CFM_694::CFM_694_live_01; per-card: reports/card_quality_full_2026-09-27/three_set_probe.csv#CFM_694::CFM_694_live_01,聚合状态取该卡最差机制；普通烟测只证明可执行，不能单独构成 GREEN。 EN=Battlecry: Give a Stealthed minion +2/+2.; ZH=战吼：使一个潜行的随从获得+2/+2。; source=fireplace/cards/gangs/rogue.py:43; existing_tests=无候选既有测试引用; prior_card_audit=2 个机制缺少充分的核心效果验证；逐机制依据见 card_mechanism.csv。; prior_mechanism_audit=存在定义或元数据候选；当前没有可复查的该机制核心效果断言。; prior_cross_card_issues=无; live_cases=CFM_694_live_01,Battlecry: Give a Stealthed minion +2/+2.,战吼：使一个潜行的随从获得+2/+2。,fireplace/cards/gangs/rogue.py:43
17.6.0.53261,Mean Streets of Gadgetzan (GANGS),CFM_696,Devolve,衰变,Cost modification|Random effects|Spell resolution|Transform,GREEN,implemented,yes,"逐卡对局断言通过：CFM_696_live_01=originals=[('CS2_182', 4, 'PLAY'), ('CS2_182', 4, 'PLAY'), ('EX1_012', 2, 'PLAY')];replacements=[('UNG_844', 3, 'PLAY'), ('BT_142', 1, 'PLAY')];friendly=('CS2_182', 4, 'PLAY');spell=GRAVEYARD",card_mechanism.csv#CFM_696; generic-play-smoke:played; effect-evidence: reports/card_quality_full_2026-09-27/three_set_probe.csv#CFM_696::CFM_696_live_01; per-card: reports/card_quality_full_2026-09-27/three_set_probe.csv#CFM_696::CFM_696_live_01,聚合状态取该卡最差机制；普通烟测只证明可执行，不能单独构成 GREEN。 EN=Transform all enemy minions into random ones that cost (1) less.; ZH=随机将所有 敌方随从变形成为法力值消耗减少（1）点的随从。; source=fireplace/cards/gangs/shaman.py:50; existing_tests=无候选既有测试引用; prior_card_audit=4 个机制缺少充分的核心效果验证；逐机制依据见 card_mechanism.csv。; prior_mechanism_audit=存在定义或元数据候选；当前没有可复查的该机制核心效果断言。; prior_cross_card_issues=无; live_cases=CFM_696_live_01,Transform all enemy minions into random ones that cost (1) less.,随机将所有 敌方随从变形成为法力值消耗减少（1）点的随从。,fireplace/cards/gangs/shaman.py:50
17.6.0.53261,Mean Streets of Gadgetzan (GANGS),CFM_697,Lotus Illusionist,玉莲帮幻术师,Random effects|Transform|Trigger,GREEN,implemented,yes,"逐卡对局断言通过：CFM_697_live_01=after_minion_attack=('CFM_697', 'PLAY', 'GRAVEYARD');after_hero_attack=('SETASIDE', 27, [('AT_128', 6, 'PLAY')]);new_entities=[('AT_128', 6)]",card_mechanism.csv#CFM_697; generic-play-smoke:played; effect-evidence: reports/card_quality_full_2026-09-27/three_set_probe.csv#CFM_697::CFM_697_live_01; per-card: reports/card_quality_full_2026-09-27/three_set_probe.csv#CFM_697::CFM_697_live_01,"聚合状态取该卡最差机制；普通烟测只证明可执行，不能单独构成 GREEN。 EN=[x]After this minion attacks a hero, transform it into a  random 6-Cost minion.; ZH=在该随从攻击一方英雄后，随机将其变形成为一个法力值消耗为（6）的随从。; source=fireplace/cards/gangs/shaman.py:27; existing_tests=无候选既有测试引用; prior_card_audit=3 个机制缺少充分的核心效果验证；逐机制依据见 card_mechanism.csv。; prior_mechanism_audit=存在定义或元数据候选；当前没有可复查的该机制核心效果断言。; prior_cross_card_issues=无; live_cases=CFM_697_live_01","[x]After this minion attacks a hero, transform it into a  random 6-Cost minion.",在该随从攻击一方英雄后，随机将其变形成为一个法力值消耗为（6）的随从。,fireplace/cards/gangs/shaman.py:27
17.6.0.53261,Mean Streets of Gadgetzan (GANGS),CFM_699,Seadevil Stinger,海魔钉刺者,Battlecry,GREEN,implemented,yes,"逐卡对局断言通过：CFM_699_live_01=hero_before=30;mana_before_murloc=6;first_cost=2;after_first=(28, 6, 'PLAY', 'PLAY');second_cost=2;after_second=(28, 4, 'PLAY')",card_mechanism.csv#CFM_699; generic-play-smoke:played; effect-evidence: reports/card_quality_full_2026-09-27/three_set_probe.csv#CFM_699::CFM_699_live_01; per-card: reports/card_quality_full_2026-09-27/three_set_probe.csv#CFM_699::CFM_699_live_01,聚合状态取该卡最差机制；普通烟测只证明可执行，不能单独构成 GREEN。 EN=[x]Battlecry: The next Murloc you play this turn costs  Health instead of Mana.; ZH=战吼：在本回合中，你召唤的下一个鱼人不再消耗法力值，转而消耗生命值。; source=fireplace/cards/gangs/warlock.py:23; existing_tests=tests/test_gangs.py:301:test_seadevil_stinger; prior_card_audit=1 个机制缺少充分的核心效果验证；逐机制依据见 card_mechanism.csv。; prior_mechanism_audit=存在定义或元数据候选；当前没有可复查的该机制核心效果断言。; prior_cross_card_issues=无; live_cases=CFM_699_live_01,[x]Battlecry: The next Murloc you play this turn costs  Health instead of Mana.,战吼：在本回合中，你召唤的下一个鱼人不再消耗法力值，转而消耗生命值。,fireplace/cards/gangs/warlock.py:23
17.6.0.53261,Mean Streets of Gadgetzan (GANGS),CFM_707,Jade Lightning,青玉闪电,Spell resolution|Summon|Targeting,GREEN,implemented,yes,"逐卡对局断言通过：CFM_707_live_01=targeted=(1, 4, 'PLAY', 2, [('CFM_712_t01', 1, 1, 'PLAY')], 'GRAVEYARD');hero_target_no_minions=(26, 2, [('CFM_712_t01', 1, 1, 'PLAY')], 'GRAVEYARD')",card_mechanism.csv#CFM_707; generic-play-smoke:played; effect-evidence: reports/card_quality_full_2026-09-27/three_set_probe.csv#CFM_707::CFM_707_live_01; per-card: reports/card_quality_full_2026-09-27/three_set_probe.csv#CFM_707::CFM_707_live_01,聚合状态取该卡最差机制；普通烟测只证明可执行，不能单独构成 GREEN。 EN=Deal $4 damage. Summon a{1} {0} Jade Golem.@Deal $4 damage. Summon a Jade Golem.; ZH=造成$4点伤害，召唤一个{0}的青玉魔像。@造成$4点伤害，召唤一个青玉魔像。; source=fireplace/cards/gangs/shaman.py:57; existing_tests=tests/test_gangs.py:190:test_jade_lighting; prior_card_audit=3 个机制缺少充分的核心效果验证；逐机制依据见 card_mechanism.csv。; prior_mechanism_audit=存在定义或元数据候选；当前没有可复查的该机制核心效果断言。 / 缺目标与非法自身目标均在付费/移区前被拒绝；合法目标效果仍需逐卡验证。; prior_cross_card_issues=无; live_cases=CFM_707_live_01,Deal $4 damage. Summon a{1} {0} Jade Golem.@Deal $4 damage. Summon a Jade Golem.,造成$4点伤害，召唤一个{0}的青玉魔像。@造成$4点伤害，召唤一个青玉魔像。,fireplace/cards/gangs/shaman.py:57
17.6.0.53261,Mean Streets of Gadgetzan (GANGS),CFM_713,Jade Blossom,青玉绽放,Spell resolution|Summon,GREEN,implemented,yes,"逐卡对局断言通过：CFM_713_live_01=before=(3, 3, 1);after=(4, 0, 2, [('CFM_712_t01', 1, 1, 'PLAY')], 'GRAVEYARD')",card_mechanism.csv#CFM_713; generic-play-smoke:played; effect-evidence: reports/card_quality_full_2026-09-27/three_set_probe.csv#CFM_713::CFM_713_live_01; per-card: reports/card_quality_full_2026-09-27/three_set_probe.csv#CFM_713::CFM_713_live_01,聚合状态取该卡最差机制；普通烟测只证明可执行，不能单独构成 GREEN。 EN=Summon a{1} {0} Jade Golem. Gain an empty Mana Crystal.@Summon a Jade Golem. Gain an empty Mana Crystal.; ZH=召唤一个{0}的青玉魔像，获得一个空的法力水晶。@召唤一个青玉魔像，获得一个空的法力水晶。; source=fireplace/cards/gangs/druid.py:100; existing_tests=tests/test_gangs.py:115:test_jade_blossom; prior_card_audit=2 个机制缺少充分的核心效果验证；逐机制依据见 card_mechanism.csv。; prior_mechanism_audit=存在定义或元数据候选；当前没有可复查的该机制核心效果断言。; prior_cross_card_issues=无; live_cases=CFM_713_live_01,Summon a{1} {0} Jade Golem. Gain an empty Mana Crystal.@Summon a Jade Golem. Gain an empty Mana Crystal.,召唤一个{0}的青玉魔像，获得一个空的法力水晶。@召唤一个青玉魔像，获得一个空的法力水晶。,fireplace/cards/gangs/druid.py:100
17.6.0.53261,Mean Streets of Gadgetzan (GANGS),CFM_715,Jade Spirit,青玉之灵,Battlecry|Summon,GREEN,implemented,yes,"逐卡对局断言通过：CFM_715_live_01=start_jade=1;state=(2, 3, 'PLAY', 2, [('CFM_712_t01', 1, 1, 'PLAY')], 2)",card_mechanism.csv#CFM_715; generic-play-smoke:played; effect-evidence: reports/card_quality_full_2026-09-27/three_set_probe.csv#CFM_715::CFM_715_live_01; per-card: reports/card_quality_full_2026-09-27/three_set_probe.csv#CFM_715::CFM_715_live_01,聚合状态取该卡最差机制；普通烟测只证明可执行，不能单独构成 GREEN。 EN=Battlecry: Summon a{1} {0} Jade Golem.@Battlecry: Summon a Jade Golem.; ZH=战吼：召唤一个{0}的青玉魔像。@战吼：召唤一个 青玉魔像。; source=fireplace/cards/gangs/neutral_common.py:99; existing_tests=tests/test_gangs.py:232:test_jade_spirit | tests/test_gangs.py:237:test_jade_spirit; prior_card_audit=2 个机制缺少充分的核心效果验证；逐机制依据见 card_mechanism.csv。; prior_mechanism_audit=存在定义或元数据候选；当前没有可复查的该机制核心效果断言。; prior_cross_card_issues=无; live_cases=CFM_715_live_01,Battlecry: Summon a{1} {0} Jade Golem.@Battlecry: Summon a Jade Golem.,战吼：召唤一个{0}的青玉魔像。@战吼：召唤一个 青玉魔像。,fireplace/cards/gangs/neutral_common.py:99
17.6.0.53261,Mean Streets of Gadgetzan (GANGS),CFM_716,Sleep with the Fishes,鱼死网破,Spell resolution,GREEN,implemented,yes,"逐卡对局断言通过：CFM_716_live_01=state=(1, 4, 'PLAY', 5, 0, 'GRAVEYARD', 1, 0, 'PLAY', 'GRAVEYARD')",card_mechanism.csv#CFM_716; generic-play-smoke:played; effect-evidence: reports/card_quality_full_2026-09-27/three_set_probe.csv#CFM_716::CFM_716_live_01; per-card: reports/card_quality_full_2026-09-27/three_set_probe.csv#CFM_716::CFM_716_live_01,聚合状态取该卡最差机制；普通烟测只证明可执行，不能单独构成 GREEN。 EN=Deal $3 damage to all damaged minions.; ZH=对所有受伤的随从造成$3点 伤害。; source=fireplace/cards/gangs/warrior.py:45; existing_tests=无候选既有测试引用; prior_card_audit=1 个机制缺少充分的核心效果验证；逐机制依据见 card_mechanism.csv。; prior_mechanism_audit=存在定义或元数据候选；当前没有可复查的该机制核心效果断言。; prior_cross_card_issues=无; live_cases=CFM_716_live_01,Deal $3 damage to all damaged minions.,对所有受伤的随从造成$3点 伤害。,fireplace/cards/gangs/warrior.py:45
17.6.0.53261,Mean Streets of Gadgetzan (GANGS),CFM_717,Jade Claws,青玉之爪,Battlecry|Overload|Summon|Weapon,GREEN,implemented,yes,"逐卡对局断言通过：CFM_717_live_01=start_jade=1;current=('CFM_717', 2, 2, 0, 8, 2, [('CFM_712_t01', 1, 1, 'PLAY')], 'PLAY');next_turn=(10, 9, 1)",card_mechanism.csv#CFM_717; generic-play-smoke:played; effect-evidence: reports/card_quality_full_2026-09-27/three_set_probe.csv#CFM_717::CFM_717_live_01; per-card: reports/card_quality_full_2026-09-27/three_set_probe.csv#CFM_717::CFM_717_live_01,聚合状态取该卡最差机制；普通烟测只证明可执行，不能单独构成 GREEN。 EN=Battlecry: Summon a{1} {0} Jade Golem. Overload: (1)@Battlecry: Summon a Jade Golem. Overload: (1); ZH=战吼：召唤一个{0}的青玉魔像。 过载：（1）@战吼：召唤一个青玉魔像。 过载：（1）; source=fireplace/cards/gangs/shaman.py:68; existing_tests=tests/test_gangs.py:139:test_jade_claws | tests/test_gangs.py:146:test_jade_claws; prior_card_audit=3 个机制缺少充分的核心效果验证；逐机制依据见 card_mechanism.csv。; prior_mechanism_audit=出牌后欠费、下一己方回合锁费与可用法力均与卡牌 Overload 标签一致。 / 存在定义或元数据候选；当前没有可复查的该机制核心效果断言。; prior_cross_card_issues=无; live_cases=CFM_717_live_01,Battlecry: Summon a{1} {0} Jade Golem. Overload: (1)@Battlecry: Summon a Jade Golem. Overload: (1),战吼：召唤一个{0}的青玉魔像。 过载：（1）@战吼：召唤一个青玉魔像。 过载：（1）,fireplace/cards/gangs/shaman.py:68
17.6.0.53261,Mean Streets of Gadgetzan (GANGS),CFM_750,Krul the Unshackled,唤魔者克鲁尔,Battlecry|Summon,GREEN,implemented,yes,"逐卡对局断言通过：CFM_750_live_01=no_duplicate_deck=('PLAY', 'PLAY', 'HAND', 'PLAY', ['CFM_750', 'CS2_065', 'EX1_301'], ['CS2_231']);duplicate_deck=('HAND', 'HAND', 'PLAY', ['CFM_750'], ['CS2_065', 'EX1_301'])",card_mechanism.csv#CFM_750; generic-play-smoke:played; effect-evidence: reports/card_quality_full_2026-09-27/three_set_probe.csv#CFM_750::CFM_750_live_01; per-card: reports/card_quality_full_2026-09-27/three_set_probe.csv#CFM_750::CFM_750_live_01,"聚合状态取该卡最差机制；普通烟测只证明可执行，不能单独构成 GREEN。 EN=[x]Battlecry: If your deck has no duplicates, summon all  Demons from your hand.; ZH=战吼：如果你的牌库里没有相同的牌，则召唤你手牌中的所有 恶魔。; source=fireplace/cards/gangs/warlock.py:34; existing_tests=无候选既有测试引用; prior_card_audit=2 个机制缺少充分的核心效果验证；逐机制依据见 card_mechanism.csv。; prior_mechanism_audit=存在定义或元数据候选；当前没有可复查的该机制核心效果断言。; prior_cross_card_issues=无; live_cases=CFM_750_live_01","[x]Battlecry: If your deck has no duplicates, summon all  Demons from your hand.",战吼：如果你的牌库里没有相同的牌，则召唤你手牌中的所有 恶魔。,fireplace/cards/gangs/warlock.py:34
17.6.0.53261,Mean Streets of Gadgetzan (GANGS),CFM_751,Abyssal Enforcer,渊狱惩击者,Battlecry,GREEN,implemented,yes,"逐卡对局断言通过：CFM_751_live_01=state=(27, 27, 'GRAVEYARD', 'GRAVEYARD', 'PLAY', 6)",card_mechanism.csv#CFM_751; generic-play-smoke:played; effect-evidence: reports/card_quality_full_2026-09-27/three_set_probe.csv#CFM_751::CFM_751_live_01; per-card: reports/card_quality_full_2026-09-27/three_set_probe.csv#CFM_751::CFM_751_live_01,聚合状态取该卡最差机制；普通烟测只证明可执行，不能单独构成 GREEN。 EN=Battlecry: Deal 3 damage to all other characters.; ZH=战吼：对所有其他角色造成3点伤害。; source=fireplace/cards/gangs/warlock.py:41; existing_tests=无候选既有测试引用; prior_card_audit=1 个机制缺少充分的核心效果验证；逐机制依据见 card_mechanism.csv。; prior_mechanism_audit=存在定义或元数据候选；当前没有可复查的该机制核心效果断言。; prior_cross_card_issues=无; live_cases=CFM_751_live_01,Battlecry: Deal 3 damage to all other characters.,战吼：对所有其他角色造成3点伤害。,fireplace/cards/gangs/warlock.py:41
17.6.0.53261,Mean Streets of Gadgetzan (GANGS),CFM_752,Stolen Goods,失窃物资,Random effects|Spell resolution,GREEN,implemented,yes,"逐卡对局断言通过：CFM_752_live_01=before=(1, 3, 1, 1);buffed_branch=(4, 6, 1, 1, 'HAND', 'HAND', 'GRAVEYARD');no_taunt_branch=(1, 1, 'HAND', 'GRAVEYARD')",card_mechanism.csv#CFM_752; generic-play-smoke:played; effect-evidence: reports/card_quality_full_2026-09-27/three_set_probe.csv#CFM_752::CFM_752_live_01; per-card: reports/card_quality_full_2026-09-27/three_set_probe.csv#CFM_752::CFM_752_live_01,聚合状态取该卡最差机制；普通烟测只证明可执行，不能单独构成 GREEN。 EN=Give a random Taunt minion in your hand +3/+3.; ZH=随机使你手牌中的一张具有嘲讽的随从牌获得+3/+3。; source=fireplace/cards/gangs/warrior.py:51; existing_tests=无候选既有测试引用; prior_card_audit=2 个机制缺少充分的核心效果验证；逐机制依据见 card_mechanism.csv。; prior_mechanism_audit=存在定义或元数据候选；当前没有可复查的该机制核心效果断言。; prior_cross_card_issues=无; live_cases=CFM_752_live_01,Give a random Taunt minion in your hand +3/+3.,随机使你手牌中的一张具有嘲讽的随从牌获得+3/+3。,fireplace/cards/gangs/warrior.py:51
17.6.0.53261,Mean Streets of Gadgetzan (GANGS),CFM_753,Grimestreet Outfitter,污手街供货商,Battlecry,GREEN,implemented,yes,"逐卡对局断言通过：CFM_753_live_01=before=((1, 1), (2, 1), 4);after=((2, 2), (3, 2), 4, 'HAND', 'HAND', 'HAND', 'PLAY')",card_mechanism.csv#CFM_753; generic-play-smoke:played; effect-evidence: reports/card_quality_full_2026-09-27/three_set_probe.csv#CFM_753::CFM_753_live_01; per-card: reports/card_quality_full_2026-09-27/three_set_probe.csv#CFM_753::CFM_753_live_01,聚合状态取该卡最差机制；普通烟测只证明可执行，不能单独构成 GREEN。 EN=Battlecry: Give all minions in your hand +1/+1.; ZH=战吼：使你手牌中的所有随从牌获得+1/+1。; source=fireplace/cards/gangs/paladin.py:32; existing_tests=无候选既有测试引用; prior_card_audit=1 个机制缺少充分的核心效果验证；逐机制依据见 card_mechanism.csv。; prior_mechanism_audit=存在定义或元数据候选；当前没有可复查的该机制核心效果断言。; prior_cross_card_issues=无; live_cases=CFM_753_live_01,Battlecry: Give all minions in your hand +1/+1.,战吼：使你手牌中的所有随从牌获得+1/+1。,fireplace/cards/gangs/paladin.py:32
17.6.0.53261,Mean Streets of Gadgetzan (GANGS),CFM_754,Grimy Gadgeteer,污手玩具商,Random effects|Trigger,GREEN,implemented,yes,"逐卡对局断言通过：CFM_754_live_01=before=((1, 1), (2, 1), 'PLAY');after=((3, 3), (2, 1), 'HAND', 'HAND', 'PLAY', False);changed_minion_indexes=[0]",card_mechanism.csv#CFM_754; generic-play-smoke:played; effect-evidence: reports/card_quality_full_2026-09-27/three_set_probe.csv#CFM_754::CFM_754_live_01; per-card: reports/card_quality_full_2026-09-27/three_set_probe.csv#CFM_754::CFM_754_live_01,"聚合状态取该卡最差机制；普通烟测只证明可执行，不能单独构成 GREEN。 EN=At the end of your turn, give a random minion in your hand +2/+2.; ZH=在你的回合结束时，随机使你手牌中的一张随从牌获得+2/+2。; source=fireplace/cards/gangs/warrior.py:17; existing_tests=无候选既有测试引用; prior_card_audit=2 个机制缺少充分的核心效果验证；逐机制依据见 card_mechanism.csv。; prior_mechanism_audit=存在定义或元数据候选；当前没有可复查的该机制核心效果断言。; prior_cross_card_issues=无; live_cases=CFM_754_live_01","At the end of your turn, give a random minion in your hand +2/+2.",在你的回合结束时，随机使你手牌中的一张随从牌获得+2/+2。,fireplace/cards/gangs/warrior.py:17
17.6.0.53261,Mean Streets of Gadgetzan (GANGS),CFM_755,Grimestreet Pawnbroker,污手街典当师,Battlecry|Random effects,GREEN,implemented,yes,"逐卡对局断言通过：CFM_755_live_01=before=((3, 2), (2, 8));after=((3, 2), (3, 9), 'HAND', 'HAND', 'PLAY');buffed_weapon_indexes=[1]",card_mechanism.csv#CFM_755; generic-play-smoke:played; effect-evidence: reports/card_quality_full_2026-09-27/three_set_probe.csv#CFM_755::CFM_755_live_01; per-card: reports/card_quality_full_2026-09-27/three_set_probe.csv#CFM_755::CFM_755_live_01,聚合状态取该卡最差机制；普通烟测只证明可执行，不能单独构成 GREEN。 EN=Battlecry: Give a random weapon in your hand +1/+1.; ZH=战吼：随机使你手牌中的一张武器牌获得+1/+1。; source=fireplace/cards/gangs/warrior.py:26; existing_tests=无候选既有测试引用; prior_card_audit=2 个机制缺少充分的核心效果验证；逐机制依据见 card_mechanism.csv。; prior_mechanism_audit=存在定义或元数据候选；当前没有可复查的该机制核心效果断言。; prior_cross_card_issues=无; live_cases=CFM_755_live_01,Battlecry: Give a random weapon in your hand +1/+1.,战吼：随机使你手牌中的一张武器牌获得+1/+1。,fireplace/cards/gangs/warrior.py:26
17.6.0.53261,Mean Streets of Gadgetzan (GANGS),CFM_756,Alley Armorsmith,兽人铸甲师,Taunt|Trigger,GREEN,implemented,yes,"逐卡对局断言通过：CFM_756_live_01=taunt=1;attack=2;before=(0, 30, True);after=(2, 28, 'PLAY', 7)",card_mechanism.csv#CFM_756; generic-play-smoke:played; effect-evidence: reports/card_quality_full_2026-09-27/three_set_probe.csv#CFM_756::CFM_756_live_01; per-card: reports/card_quality_full_2026-09-27/three_set_probe.csv#CFM_756::CFM_756_live_01,"聚合状态取该卡最差机制；普通烟测只证明可执行，不能单独构成 GREEN。 EN=[x]Taunt Whenever this minion deals damage, gain that much Armor.; ZH=嘲讽 每当该随从造成伤害时，获得等量的护甲值。; source=fireplace/cards/gangs/warrior.py:35; existing_tests=无候选既有测试引用; prior_card_audit=2 个机制缺少充分的核心效果验证；逐机制依据见 card_mechanism.csv。; prior_mechanism_audit=存在定义或元数据候选；当前没有可复查的该机制核心效果断言。; prior_cross_card_issues=无; live_cases=CFM_756_live_01","[x]Taunt Whenever this minion deals damage, gain that much Armor.",嘲讽 每当该随从造成伤害时，获得等量的护甲值。,fireplace/cards/gangs/warrior.py:35
17.6.0.53261,Mean Streets of Gadgetzan (GANGS),CFM_759,Meanstreet Marshal,海象人执法官,Deathrattle|Draw / Discard,GREEN,implemented,yes,"逐卡对局断言通过：CFM_759_live_01=at_least_2_attack=(3, 'GRAVEYARD', 'HAND', True);below_2_attack=(1, 'GRAVEYARD', 'DECK', False)",card_mechanism.csv#CFM_759; generic-play-smoke:played; effect-evidence: reports/card_quality_full_2026-09-27/three_set_probe.csv#CFM_759::CFM_759_live_01; per-card: reports/card_quality_full_2026-09-27/three_set_probe.csv#CFM_759::CFM_759_live_01,"聚合状态取该卡最差机制；普通烟测只证明可执行，不能单独构成 GREEN。 EN=Deathrattle: If this minion has 2 or more Attack, draw a card.; ZH=亡语：如果该随从的攻击力大于或等于2，抽一张牌。; source=fireplace/cards/gangs/paladin.py:41; existing_tests=无候选既有测试引用; prior_card_audit=2 个机制缺少充分的核心效果验证；逐机制依据见 card_mechanism.csv。; prior_mechanism_audit=存在定义或元数据候选；当前没有可复查的该机制核心效果断言。 / 存在效果脚本；烟测仅验证执行和基础状态，缺少充分逐卡效果断言。; prior_cross_card_issues=无; live_cases=CFM_759_live_01","Deathrattle: If this minion has 2 or more Attack, draw a card.",亡语：如果该随从的攻击力大于或等于2，抽一张牌。,fireplace/cards/gangs/paladin.py:41
17.6.0.53261,Mean Streets of Gadgetzan (GANGS),CFM_760,Kabal Crystal Runner,暗金教水晶侍女,Cost modification,GREEN,implemented,yes,"逐卡对局断言通过：CFM_760_live_01=base=6;after_one_secret=(4, 'SECRET');after_two_secrets=(2, 2, 'SECRET', 'SECRET')",card_mechanism.csv#CFM_760; generic-play-smoke:played; effect-evidence: reports/card_quality_full_2026-09-27/three_set_probe.csv#CFM_760::CFM_760_live_01; per-card: reports/card_quality_full_2026-09-27/three_set_probe.csv#CFM_760::CFM_760_live_01,聚合状态取该卡最差机制；普通烟测只证明可执行，不能单独构成 GREEN。 EN=Costs (2) less for each Secret you've played this game.; ZH=在本局对战中，你每使用一张奥秘牌 就会使法力值消耗减少（2）点。; source=fireplace/cards/gangs/mage.py:46; existing_tests=tests/test_gangs.py:343:test_kabal_crystal_runner | tests/test_gangs.py:347:test_kabal_crystal_runner; prior_card_audit=1 个机制缺少充分的核心效果验证；逐机制依据见 card_mechanism.csv。; prior_mechanism_audit=存在定义或元数据候选；当前没有可复查的该机制核心效果断言。; prior_cross_card_issues=无; live_cases=CFM_760_live_01,Costs (2) less for each Secret you've played this game.,在本局对战中，你每使用一张奥秘牌 就会使法力值消耗减少（2）点。,fireplace/cards/gangs/mage.py:46
17.6.0.53261,Mean Streets of Gadgetzan (GANGS),CFM_781,"Shaku, the Collector",收集者沙库尔,Random effects|Stealth|Trigger,GREEN,implemented,yes,"逐卡对局断言通过：CFM_781_live_01=class_pair_1=(3, 7, 1, False, 28, 'PLAY', 1, [('BOT_565', 7, True, 'HAND')], 2);class_pair_2=(3, 2, 1, False, 28, 'PLAY', 1, [('OG_313', 2, True, 'HAND')], 2)",card_mechanism.csv#CFM_781; generic-play-smoke:played; effect-evidence: reports/card_quality_full_2026-09-27/three_set_probe.csv#CFM_781::CFM_781_live_01; per-card: reports/card_quality_full_2026-09-27/three_set_probe.csv#CFM_781::CFM_781_live_01,"聚合状态取该卡最差机制；普通烟测只证明可执行，不能单独构成 GREEN。 EN=[x]Stealth. Whenever this attacks, add a random card to your hand (from your opponent's class).; ZH=潜行。每当该随从攻击时，随机将一张（你对手职业的）卡牌置入你的手牌。; source=fireplace/cards/gangs/rogue.py:57; existing_tests=无候选既有测试引用; prior_card_audit=3 个机制缺少充分的核心效果验证；逐机制依据见 card_mechanism.csv。; prior_mechanism_audit=存在定义或元数据候选；当前没有可复查的该机制核心效果断言。; prior_cross_card_issues=无; live_cases=CFM_781_live_01","[x]Stealth. Whenever this attacks, add a random card to your hand (from your opponent's class).",潜行。每当该随从攻击时，随机将一张（你对手职业的）卡牌置入你的手牌。,fireplace/cards/gangs/rogue.py:57
17.6.0.53261,Mean Streets of Gadgetzan (GANGS),CFM_790,Dirty Rat,卑劣的脏鼠,Battlecry|Random effects|Summon|Taunt,GREEN,implemented,yes,"逐卡对局断言通过：CFM_790_live_01=with_enemy_minions=(1, 'PLAY', 1, 1, True, 'HAND', ['CS2_231'], ['CS2_182']);no_enemy_minion=(1, 'PLAY', 0, 'HAND')",card_mechanism.csv#CFM_790; generic-play-smoke:played; effect-evidence: reports/card_quality_full_2026-09-27/three_set_probe.csv#CFM_790::CFM_790_live_01; per-card: reports/card_quality_full_2026-09-27/three_set_probe.csv#CFM_790::CFM_790_live_01,聚合状态取该卡最差机制；普通烟测只证明可执行，不能单独构成 GREEN。 EN=[x]Taunt Battlecry: Your opponent summons a random minion from their hand.; ZH=嘲讽，战吼：使你的对手随机从手牌中召唤一个随从。; source=fireplace/cards/gangs/neutral_epic.py:48; existing_tests=无候选既有测试引用; prior_card_audit=4 个机制缺少充分的核心效果验证；逐机制依据见 card_mechanism.csv。; prior_mechanism_audit=存在定义或元数据候选；当前没有可复查的该机制核心效果断言。; prior_cross_card_issues=无; live_cases=CFM_790_live_01,[x]Taunt Battlecry: Your opponent summons a random minion from their hand.,嘲讽，战吼：使你的对手随机从手牌中召唤一个随从。,fireplace/cards/gangs/neutral_epic.py:48
17.6.0.53261,Mean Streets of Gadgetzan (GANGS),CFM_800,Getaway Kodo,战术撤离,Secret|Spell resolution|Trigger,GREEN,implemented,yes,"逐卡对局断言通过：CFM_800_live_01=friendly_death=('HAND', True, True, 'GRAVEYARD', 'SECRET', 'GRAVEYARD');enemy_death=('GRAVEYARD', False, 'SECRET')",card_mechanism.csv#CFM_800; generic-play-smoke:played; effect-evidence: reports/card_quality_full_2026-09-27/three_set_probe.csv#CFM_800::CFM_800_live_01; per-card: reports/card_quality_full_2026-09-27/three_set_probe.csv#CFM_800::CFM_800_live_01,"聚合状态取该卡最差机制；普通烟测只证明可执行，不能单独构成 GREEN。 EN=Secret: When a friendly minion dies, return it to your hand.; ZH=奥秘：当一个友方随从死亡时，将其移回你的手牌。; source=fireplace/cards/gangs/paladin.py:60; existing_tests=无候选既有测试引用; prior_card_audit=3 个机制缺少充分的核心效果验证；逐机制依据见 card_mechanism.csv。; prior_mechanism_audit=存在定义或元数据候选；当前没有可复查的该机制核心效果断言。; prior_cross_card_issues=无; live_cases=CFM_800_live_01","Secret: When a friendly minion dies, return it to your hand.",奥秘：当一个友方随从死亡时，将其移回你的手牌。,fireplace/cards/gangs/paladin.py:60
17.6.0.53261,Mean Streets of Gadgetzan (GANGS),CFM_806,Wrathion,拉希奥,Battlecry|Draw / Discard|Taunt,GREEN,implemented,yes,"逐卡对局断言通过：CFM_806_live_01=state=(1, 'PLAY', 'HAND', 'HAND', 'HAND', 'DECK', ['CS2_182', 'EX1_572', 'NEW1_023'], 1, 3);cards_in_hand=['EX1_572', 'NEW1_023', 'CS2_182'];deck=['CS2_231']",card_mechanism.csv#CFM_806; generic-play-smoke:played; effect-evidence: reports/card_quality_full_2026-09-27/three_set_probe.csv#CFM_806::CFM_806_live_01; per-card: reports/card_quality_full_2026-09-27/three_set_probe.csv#CFM_806::CFM_806_live_01,聚合状态取该卡最差机制；普通烟测只证明可执行，不能单独构成 GREEN。 EN=Taunt. Battlecry: Draw cards until you draw one that isn't a Dragon.; ZH=嘲讽，战吼：抽若干数量的牌，直到你抽到一张非龙牌。; source=fireplace/cards/gangs/neutral_legendary.py:159; existing_tests=tests/test_gangs.py:371:test_wrathion | tests/test_gangs.py:379:test_wrathion_empty; prior_card_audit=3 个机制缺少充分的核心效果验证；逐机制依据见 card_mechanism.csv。; prior_mechanism_audit=存在定义或元数据候选；当前没有可复查的该机制核心效果断言。; prior_cross_card_issues=无; live_cases=CFM_806_live_01,Taunt. Battlecry: Draw cards until you draw one that isn't a Dragon.,嘲讽，战吼：抽若干数量的牌，直到你抽到一张非龙牌。,fireplace/cards/gangs/neutral_legendary.py:159
17.6.0.53261,Mean Streets of Gadgetzan (GANGS),CFM_807,Auctionmaster Beardo,大富翁比尔杜,Trigger,GREEN,implemented,yes,"逐卡对局断言通过：CFM_807_live_01=state=(True, True, 27, True, 25, True, 'PLAY', 'GRAVEYARD', 'GRAVEYARD')",card_mechanism.csv#CFM_807; generic-play-smoke:played; effect-evidence: reports/card_quality_full_2026-09-27/three_set_probe.csv#CFM_807::CFM_807_live_01; per-card: reports/card_quality_full_2026-09-27/three_set_probe.csv#CFM_807::CFM_807_live_01,"聚合状态取该卡最差机制；普通烟测只证明可执行，不能单独构成 GREEN。 EN=After you cast a spell, refresh your Hero Power.; ZH=在你施放一个法术后，复原你的 英雄技能。; source=fireplace/cards/gangs/neutral_legendary.py:167; existing_tests=无候选既有测试引用; prior_card_audit=1 个机制缺少充分的核心效果验证；逐机制依据见 card_mechanism.csv。; prior_mechanism_audit=存在定义或元数据候选；当前没有可复查的该机制核心效果断言。; prior_cross_card_issues=CAST-001[semantics_pending]:效果代施放法术会结算，但不广播玩家 Play ON/AFTER；与手牌施放触发不同，规则语义待核实，暂不判定为错误。; live_cases=CFM_807_live_01","After you cast a spell, refresh your Hero Power.",在你施放一个法术后，复原你的 英雄技能。,fireplace/cards/gangs/neutral_legendary.py:167
17.6.0.53261,Mean Streets of Gadgetzan (GANGS),CFM_808,"Genzo, the Shark",“鲨鱼”加佐,Draw / Discard|Trigger,GREEN,implemented,yes,"逐卡对局断言通过：CFM_808_live_01=state=(3, 3, 2, 1, 25, 'PLAY', 1, 2, True, True);owner_hand=['CS2_231', 'EX1_506', 'CS2_231'];opponent_hand=['CS2_231', 'EX1_506', 'CS2_182']",card_mechanism.csv#CFM_808; generic-play-smoke:played; effect-evidence: reports/card_quality_full_2026-09-27/three_set_probe.csv#CFM_808::CFM_808_live_01; per-card: reports/card_quality_full_2026-09-27/three_set_probe.csv#CFM_808::CFM_808_live_01,"聚合状态取该卡最差机制；普通烟测只证明可执行，不能单独构成 GREEN。 EN=Whenever this attacks, both players draw until they have 3 cards.; ZH=每当该随从进行攻击时，双方玩家抽若干数量的牌，直到拥有三张手牌。; source=fireplace/cards/gangs/neutral_legendary.py:173; existing_tests=无候选既有测试引用; prior_card_audit=2 个机制缺少充分的核心效果验证；逐机制依据见 card_mechanism.csv。; prior_mechanism_audit=存在定义或元数据候选；当前没有可复查的该机制核心效果断言。; prior_cross_card_issues=无; live_cases=CFM_808_live_01","Whenever this attacks, both players draw until they have 3 cards.",每当该随从进行攻击时，双方玩家抽若干数量的牌，直到拥有三张手牌。,fireplace/cards/gangs/neutral_legendary.py:173
17.6.0.53261,Mean Streets of Gadgetzan (GANGS),CFM_809,Tanaris Hogchopper,野猪骑士塔纳利,Battlecry,GREEN,implemented,yes,"逐卡对局断言通过：CFM_809_live_01=opponent_empty=(True, 26, 'PLAY', 4);opponent_has_card=(False, False, 30)",card_mechanism.csv#CFM_809; generic-play-smoke:played; effect-evidence: reports/card_quality_full_2026-09-27/three_set_probe.csv#CFM_809::CFM_809_live_01; per-card: reports/card_quality_full_2026-09-27/three_set_probe.csv#CFM_809::CFM_809_live_01,"聚合状态取该卡最差机制；普通烟测只证明可执行，不能单独构成 GREEN。 EN=[x]Battlecry: If your opponent's hand is empty, gain Charge.; ZH=战吼：如果你的对手没有手牌，便获得 冲锋。; source=fireplace/cards/gangs/neutral_common.py:105; existing_tests=无候选既有测试引用; prior_card_audit=1 个机制缺少充分的核心效果验证；逐机制依据见 card_mechanism.csv。; prior_mechanism_audit=存在定义或元数据候选；当前没有可复查的该机制核心效果断言。; prior_cross_card_issues=无; live_cases=CFM_809_live_01","[x]Battlecry: If your opponent's hand is empty, gain Charge.",战吼：如果你的对手没有手牌，便获得 冲锋。,fireplace/cards/gangs/neutral_common.py:105
17.6.0.53261,Mean Streets of Gadgetzan (GANGS),CFM_810,Leatherclad Hogleader,野猪骑士蕾瑟兰,Battlecry,GREEN,implemented,yes,"逐卡对局断言通过：CFM_810_live_01=six_cards=(6, True, 24, 6);five_cards=(5, False, False, 30)",card_mechanism.csv#CFM_810; generic-play-smoke:played; effect-evidence: reports/card_quality_full_2026-09-27/three_set_probe.csv#CFM_810::CFM_810_live_01; per-card: reports/card_quality_full_2026-09-27/three_set_probe.csv#CFM_810::CFM_810_live_01,"聚合状态取该卡最差机制；普通烟测只证明可执行，不能单独构成 GREEN。 EN=Battlecry: If your opponent has 6 or more cards in hand, gain Charge.; ZH=战吼：如果你的对手拥有6张或者更多手牌，便获得冲锋。; source=fireplace/cards/gangs/neutral_epic.py:54; existing_tests=无候选既有测试引用; prior_card_audit=1 个机制缺少充分的核心效果验证；逐机制依据见 card_mechanism.csv。; prior_mechanism_audit=存在定义或元数据候选；当前没有可复查的该机制核心效果断言。; prior_cross_card_issues=无; live_cases=CFM_810_live_01","Battlecry: If your opponent has 6 or more cards in hand, gain Charge.",战吼：如果你的对手拥有6张或者更多手牌，便获得冲锋。,fireplace/cards/gangs/neutral_epic.py:54
17.6.0.53261,Mean Streets of Gadgetzan (GANGS),CFM_811,Lunar Visions,新月视界,Cost modification|Draw / Discard|Spell resolution,GREEN,implemented,yes,"逐卡对局断言通过：CFM_811_live_01=state=('HAND', 2, 'HAND', 4, 'DECK', 2, 1, 'GRAVEYARD');hand=['CS2_029', 'CS2_182'];deck=['CS2_231']",card_mechanism.csv#CFM_811; generic-play-smoke:played; effect-evidence: reports/card_quality_full_2026-09-27/three_set_probe.csv#CFM_811::CFM_811_live_01; per-card: reports/card_quality_full_2026-09-27/three_set_probe.csv#CFM_811::CFM_811_live_01,聚合状态取该卡最差机制；普通烟测只证明可执行，不能单独构成 GREEN。 EN=Draw 2 cards. Minions drawn cost (2) less.; ZH=抽两张牌，抽到的随从牌法力值消耗减少（2）点。; source=fireplace/cards/gangs/druid.py:109; existing_tests=无候选既有测试引用; prior_card_audit=3 个机制缺少充分的核心效果验证；逐机制依据见 card_mechanism.csv。; prior_mechanism_audit=存在定义或元数据候选；当前没有可复查的该机制核心效果断言。; prior_cross_card_issues=无; live_cases=CFM_811_live_01,Draw 2 cards. Minions drawn cost (2) less.,抽两张牌，抽到的随从牌法力值消耗减少（2）点。,fireplace/cards/gangs/druid.py:109
17.6.0.53261,Mean Streets of Gadgetzan (GANGS),CFM_815,Wickerflame Burnbristle,燃鬃·自走炮,Divine Shield|Lifesteal|Taunt,GREEN,implemented,yes,"逐卡对局断言通过：CFM_815_live_01=traits=(1, 1, 1, 2, 2);after_enemy_attack=(False, 2, 'GRAVEYARD', 27);after_wicker_attack=(29, 1, 28, 'PLAY')",card_mechanism.csv#CFM_815; generic-play-smoke:played; effect-evidence: reports/card_quality_full_2026-09-27/three_set_probe.csv#CFM_815::CFM_815_live_01; per-card: reports/card_quality_full_2026-09-27/three_set_probe.csv#CFM_815::CFM_815_live_01,"聚合状态取该卡最差机制；普通烟测只证明可执行，不能单独构成 GREEN。 EN=Divine Shield, Taunt, Lifesteal; ZH=圣盾，嘲讽，吸血; source=未发现 Python 脚本（已验证数据库卡牌行为）; existing_tests=无候选既有测试引用; prior_card_audit=3 个机制缺少充分的核心效果验证；逐机制依据见 card_mechanism.csv。; prior_mechanism_audit=存在定义或元数据候选；当前没有可复查的该机制核心效果断言。; prior_cross_card_issues=无; live_cases=CFM_815_live_01","Divine Shield, Taunt, Lifesteal",圣盾，嘲讽，吸血,
17.6.0.53261,Mean Streets of Gadgetzan (GANGS),CFM_816,Virmen Sensei,兔妖教头,Battlecry|Targeting,GREEN,implemented,yes,"逐卡对局断言通过：CFM_816_live_01=beast_race=20;enemy_beast_race=20;legal=['CS2_171'];before=(1, 1);after=(3, 3, 3, 'PLAY')",card_mechanism.csv#CFM_816; generic-play-smoke:played; effect-evidence: reports/card_quality_full_2026-09-27/three_set_probe.csv#CFM_816::CFM_816_live_01; per-card: reports/card_quality_full_2026-09-27/three_set_probe.csv#CFM_816::CFM_816_live_01,聚合状态取该卡最差机制；普通烟测只证明可执行，不能单独构成 GREEN。 EN=Battlecry: Give a friendly Beast +2/+2.; ZH=战吼：使一个友方野兽获得+2/+2。; source=fireplace/cards/gangs/druid.py:42; existing_tests=无候选既有测试引用; prior_card_audit=2 个机制缺少充分的核心效果验证；逐机制依据见 card_mechanism.csv。; prior_mechanism_audit=存在定义或元数据候选；当前没有可复查的该机制核心效果断言。; prior_cross_card_issues=无; live_cases=CFM_816_live_01,Battlecry: Give a friendly Beast +2/+2.,战吼：使一个友方野兽获得+2/+2。,fireplace/cards/gangs/druid.py:42
17.6.0.53261,Mean Streets of Gadgetzan (GANGS),CFM_851,Daring Reporter,勇敢的记者,Draw / Discard|Trigger,GREEN,implemented,yes,"逐卡对局断言通过：CFM_851_live_01=after_owner_draw=(3, 3, 'HAND');after_opponent_draw_1=(4, 4, 'HAND');after_opponent_draw_2=(5, 5, 'HAND');remaining_decks=(0, 0)",card_mechanism.csv#CFM_851; generic-play-smoke:played; effect-evidence: reports/card_quality_full_2026-09-27/three_set_probe.csv#CFM_851::CFM_851_live_01; per-card: reports/card_quality_full_2026-09-27/three_set_probe.csv#CFM_851::CFM_851_live_01,"聚合状态取该卡最差机制；普通烟测只证明可执行，不能单独构成 GREEN。 EN=Whenever your opponent draws a card, gain +1/+1.; ZH=每当你的对手抽一张牌时，便获得+1/+1。; source=fireplace/cards/gangs/neutral_common.py:111; existing_tests=无候选既有测试引用; prior_card_audit=2 个机制缺少充分的核心效果验证；逐机制依据见 card_mechanism.csv。; prior_mechanism_audit=存在定义或元数据候选；当前没有可复查的该机制核心效果断言。; prior_cross_card_issues=无; live_cases=CFM_851_live_01","Whenever your opponent draws a card, gain +1/+1.",每当你的对手抽一张牌时，便获得+1/+1。,fireplace/cards/gangs/neutral_common.py:111
17.6.0.53261,Mean Streets of Gadgetzan (GANGS),CFM_852,Lotus Agents,玉莲帮密探,Battlecry|Discover / Choice|Random effects,GREEN,implemented,yes,"逐卡对局断言通过：CFM_852_live_01=options=['FP1_019', 'EX1_134', 'GVG_029'];classes=[2, 7, 8];after_choose=(3, [2, 7, 8], 'EX1_134', 'HAND', True, None, 'PLAY')",card_mechanism.csv#CFM_852; generic-play-smoke:played; effect-evidence: reports/card_quality_full_2026-09-27/three_set_probe.csv#CFM_852::CFM_852_live_01; per-card: reports/card_quality_full_2026-09-27/three_set_probe.csv#CFM_852::CFM_852_live_01,"聚合状态取该卡最差机制；普通烟测只证明可执行，不能单独构成 GREEN。 EN=Battlecry: Discover a Druid, Rogue, or Shaman card.; ZH=战吼：发现一张德鲁伊、潜行者或萨满祭司卡牌。; source=fireplace/cards/gangs/neutral_rare.py:95; existing_tests=无候选既有测试引用; prior_card_audit=3 个机制缺少充分的核心效果验证；逐机制依据见 card_mechanism.csv。; prior_mechanism_audit=存在定义或元数据候选；当前没有可复查的该机制核心效果断言。; prior_cross_card_issues=无; live_cases=CFM_852_live_01","Battlecry: Discover a Druid, Rogue, or Shaman card.",战吼：发现一张德鲁伊、潜行者或萨满祭司卡牌。,fireplace/cards/gangs/neutral_rare.py:95
17.6.0.53261,Mean Streets of Gadgetzan (GANGS),CFM_853,Grimestreet Smuggler,污手街走私者,Battlecry|Random effects,GREEN,implemented,yes,"逐卡对局断言通过：CFM_853_live_01=before=((1, 1), (2, 1), 4);after=((1, 1), (3, 2), 4, 'HAND', 'HAND', 'HAND', 'PLAY');buffed_indexes=[1]",card_mechanism.csv#CFM_853; generic-play-smoke:played; effect-evidence: reports/card_quality_full_2026-09-27/three_set_probe.csv#CFM_853::CFM_853_live_01; per-card: reports/card_quality_full_2026-09-27/three_set_probe.csv#CFM_853::CFM_853_live_01,聚合状态取该卡最差机制；普通烟测只证明可执行，不能单独构成 GREEN。 EN=Battlecry: Give a random minion in your hand +1/+1.; ZH=战吼：随机使你手牌中的一张随从牌获得+1/+1。; source=fireplace/cards/gangs/neutral_common.py:120; existing_tests=无候选既有测试引用; prior_card_audit=2 个机制缺少充分的核心效果验证；逐机制依据见 card_mechanism.csv。; prior_mechanism_audit=存在定义或元数据候选；当前没有可复查的该机制核心效果断言。; prior_cross_card_issues=无; live_cases=CFM_853_live_01,Battlecry: Give a random minion in your hand +1/+1.,战吼：随机使你手牌中的一张随从牌获得+1/+1。,fireplace/cards/gangs/neutral_common.py:120
17.6.0.53261,Mean Streets of Gadgetzan (GANGS),CFM_854,Ancient of Blossoms,远古之树,Taunt,GREEN,implemented,yes,"逐卡对局断言通过：CFM_854_live_01=state=(3, 7, 1, 'PLAY', 'GRAVEYARD', 1, True, True);attack_targets=['CFM_854']",card_mechanism.csv#CFM_854; generic-play-smoke:played; effect-evidence: reports/card_quality_full_2026-09-27/three_set_probe.csv#CFM_854::CFM_854_live_01; per-card: reports/card_quality_full_2026-09-27/three_set_probe.csv#CFM_854::CFM_854_live_01,聚合状态取该卡最差机制；普通烟测只证明可执行，不能单独构成 GREEN。 EN=Taunt; ZH=嘲讽; source=未发现 Python 脚本（已验证数据库卡牌行为）; existing_tests=无候选既有测试引用; prior_card_audit=1 个机制缺少充分的核心效果验证；逐机制依据见 card_mechanism.csv。; prior_mechanism_audit=存在定义或元数据候选；当前没有可复查的该机制核心效果断言。; prior_cross_card_issues=无; live_cases=CFM_854_live_01,Taunt,嘲讽,
17.6.0.53261,Mean Streets of Gadgetzan (GANGS),CFM_855,Defias Cleaner,迪菲亚清道夫,Battlecry|Silence|Targeting,GREEN,implemented,yes,"逐卡对局断言通过：CFM_855_live_01=legal=['FP1_011', 'FP1_011'];silenced=(True, 1, 1, 'PLAY', False, False);after_death=('GRAVEYARD', 0, 'PLAY')",card_mechanism.csv#CFM_855; generic-play-smoke:played; effect-evidence: reports/card_quality_full_2026-09-27/three_set_probe.csv#CFM_855::CFM_855_live_01; per-card: reports/card_quality_full_2026-09-27/three_set_probe.csv#CFM_855::CFM_855_live_01,聚合状态取该卡最差机制；普通烟测只证明可执行，不能单独构成 GREEN。 EN=Battlecry: Silence a minion with Deathrattle.; ZH=战吼：沉默一个具有亡语的随从。; source=fireplace/cards/gangs/neutral_epic.py:60; existing_tests=无候选既有测试引用; prior_card_audit=3 个机制缺少充分的核心效果验证；逐机制依据见 card_mechanism.csv。; prior_mechanism_audit=存在定义或元数据候选；当前没有可复查的该机制核心效果断言。; prior_cross_card_issues=无; live_cases=CFM_855_live_01,Battlecry: Silence a minion with Deathrattle.,战吼：沉默一个具有亡语的随从。,fireplace/cards/gangs/neutral_epic.py:60
17.6.0.53261,Mean Streets of Gadgetzan (GANGS),CFM_900,Unlicensed Apothecary,无证药剂师,Summon|Trigger,GREEN,implemented,yes,"逐卡对局断言通过：CFM_900_live_01=after_apothecary_summon=30;after_wisp=(25, 'PLAY');after_murloc=(20, 'PLAY')",card_mechanism.csv#CFM_900; generic-play-smoke:played; effect-evidence: reports/card_quality_full_2026-09-27/three_set_probe.csv#CFM_900::CFM_900_live_01; per-card: reports/card_quality_full_2026-09-27/three_set_probe.csv#CFM_900::CFM_900_live_01,"聚合状态取该卡最差机制；普通烟测只证明可执行，不能单独构成 GREEN。 EN=After you summon a minion, deal 5 damage to your hero.; ZH=在你召唤一个随从后，对你的英雄造成5点伤害。; source=fireplace/cards/gangs/warlock.py:47; existing_tests=tests/test_dragons.py:260:test_zzeraku_the_warpe | tests/test_dragons.py:264:test_zzeraku_the_warpe; prior_card_audit=2 个机制缺少充分的核心效果验证；逐机制依据见 card_mechanism.csv。; prior_mechanism_audit=存在定义或元数据候选；当前没有可复查的该机制核心效果断言。; prior_cross_card_issues=无; live_cases=CFM_900_live_01","After you summon a minion, deal 5 damage to your hero.",在你召唤一个随从后，对你的英雄造成5点伤害。,fireplace/cards/gangs/warlock.py:47
17.6.0.53261,Mean Streets of Gadgetzan (GANGS),CFM_902,Aya Blackpaw,艾雅·黑掌,Battlecry|Deathrattle|Summon,GREEN,implemented,yes,"逐卡对局断言通过：CFM_902_live_01=start=1;after_battlecry=('PLAY', 2, [('CFM_712_t01', 1, 1, 'PLAY')]);after_deathrattle=('GRAVEYARD', 3, [('CFM_712_t01', 1, 1, 'PLAY'), ('CFM_712_t02', 2, 2, 'PLAY')])",card_mechanism.csv#CFM_902; generic-play-smoke:played; effect-evidence: reports/card_quality_full_2026-09-27/three_set_probe.csv#CFM_902::CFM_902_live_01; per-card: reports/card_quality_full_2026-09-27/three_set_probe.csv#CFM_902::CFM_902_live_01,聚合状态取该卡最差机制；普通烟测只证明可执行，不能单独构成 GREEN。 EN=Battlecry and Deathrattle: Summon a{1} {0} Jade Golem. @ Battlecry and Deathrattle: Summon a Jade Golem.; ZH=战吼，亡语：召唤一个{0}的青玉魔像。@战吼，亡语：召唤一个青玉魔像。; source=fireplace/cards/gangs/neutral_legendary.py:179; existing_tests=tests/test_gangs.py:8:test_aya_blackpaw; prior_card_audit=2 个机制缺少充分的核心效果验证；逐机制依据见 card_mechanism.csv。; prior_mechanism_audit=存在定义或元数据候选；当前没有可复查的该机制核心效果断言。 / 现有行为断言验证核心亡语结果；本轮测试通过，且实际死亡结算已核对。; prior_cross_card_issues=无; live_cases=CFM_902_live_01,Battlecry and Deathrattle: Summon a{1} {0} Jade Golem. @ Battlecry and Deathrattle: Summon a Jade Golem.,战吼，亡语：召唤一个{0}的青玉魔像。@战吼，亡语：召唤一个青玉魔像。,fireplace/cards/gangs/neutral_legendary.py:179
17.6.0.53261,Mean Streets of Gadgetzan (GANGS),CFM_905,Small-Time Recruits,三教九流,Draw / Discard|Spell resolution,GREEN,implemented,yes,"逐卡对局断言通过：CFM_905_live_01=three_available=(['CS2_065', 'CS2_171', 'CS2_189'], ['CS2_182', 'CS2_231'], ['HAND', 'HAND', 'HAND'], ['DECK', 'DECK'], 'GRAVEYARD');only_two_available=(['CS2_065', 'CS2_171'], ['CS2_182'], ['HAND', 'HAND'], 'DECK', 'GRAVEYARD')",card_mechanism.csv#CFM_905; generic-play-smoke:played; effect-evidence: reports/card_quality_full_2026-09-27/three_set_probe.csv#CFM_905::CFM_905_live_01; per-card: reports/card_quality_full_2026-09-27/three_set_probe.csv#CFM_905::CFM_905_live_01,聚合状态取该卡最差机制；普通烟测只证明可执行，不能单独构成 GREEN。 EN=[x]Draw three 1-Cost minions from your deck.; ZH=从你的牌库中抽三张法力值消耗为（1）的随从牌。; source=fireplace/cards/gangs/paladin.py:66; existing_tests=无候选既有测试引用; prior_card_audit=2 个机制缺少充分的核心效果验证；逐机制依据见 card_mechanism.csv。; prior_mechanism_audit=存在定义或元数据候选；当前没有可复查的该机制核心效果断言。; prior_cross_card_issues=无; live_cases=CFM_905_live_01,[x]Draw three 1-Cost minions from your deck.,从你的牌库中抽三张法力值消耗为（1）的随从牌。,fireplace/cards/gangs/paladin.py:66
17.6.0.53261,Mean Streets of Gadgetzan (GANGS),CFM_940,I Know a Guy,盛气凌人,Discover / Choice|Random effects|Spell resolution,GREEN,implemented,yes,"逐卡对局断言通过：CFM_940_live_01=options=[('KAR_061', <CardType.MINION: 4>, 1, 'SETASIDE'), ('BT_730', <CardType.MINION: 4>, 1, 'SETASIDE'), ('GVG_097', <CardType.MINION: 4>, 1, 'SETASIDE')];after_choose=('KAR_061', 'HAND', True, None, 'GRAVEYARD')",card_mechanism.csv#CFM_940; generic-play-smoke:played; effect-evidence: reports/card_quality_full_2026-09-27/three_set_probe.csv#CFM_940::CFM_940_live_01; per-card: reports/card_quality_full_2026-09-27/three_set_probe.csv#CFM_940::CFM_940_live_01,聚合状态取该卡最差机制；普通烟测只证明可执行，不能单独构成 GREEN。 EN=Discover a Taunt minion.; ZH=发现一张具有嘲讽的随从牌。; source=fireplace/cards/gangs/warrior.py:60; existing_tests=tests/test_gangs.py:334:test_i_know_a_guy; prior_card_audit=3 个机制缺少充分的核心效果验证；逐机制依据见 card_mechanism.csv。; prior_mechanism_audit=存在定义或元数据候选；当前没有可复查的该机制核心效果断言。; prior_cross_card_issues=无; live_cases=CFM_940_live_01,Discover a Taunt minion.,发现一张具有嘲讽的随从牌。,fireplace/cards/gangs/warrior.py:60
