version,set,card_id,name_en,name_zh,mechanic,status,implementation,tested,reason,evidence,notes,card_text_en,card_text_zh,python_source
17.6.0.53261,Knights of the Frozen Throne (ICECROWN),ICC_018,Phantom Freebooter,幻影海盗,Battlecry,GREEN,implemented,yes,本轮逐卡行为用例全部通过：weapon_stats=weapon=3/2;freebooter=6/5/5; no_weapon=freebooter=3/3,card_mechanism.csv#ICC_018; generic-play-smoke:played; effect-evidence: reports/card_quality_full_2026-09-27/icc_probe.csv#ICC_018::weapon_stats; reports/card_quality_full_2026-09-27/icc_probe.csv#ICC_018::no_weapon; per-card: reports/card_quality_full_2026-09-27/icc_probe.csv#ICC_018::weapon_stats; reports/card_quality_full_2026-09-27/icc_probe.csv#ICC_018::no_weapon,聚合状态取该卡最差机制；普通烟测只证明可执行，不能单独构成 GREEN。 EN=Battlecry: Gain stats equal to your weapon's.; ZH=战吼： 获得等同于你的武器属性的属性值。; source=fireplace/cards/icecrown/neutral_rare.py:8; existing_tests=tests/test_icecrown.py:230:test_phantom_freebooter; previous=YELLOW:1 个机制缺少充分的核心效果验证；逐机制依据见 card_mechanism.csv。,Battlecry: Gain stats equal to your weapon's.,战吼： 获得等同于你的武器属性的属性值。,fireplace/cards/icecrown/neutral_rare.py:8
17.6.0.53261,Knights of the Frozen Throne (ICECROWN),ICC_019,Skelemancer,骷髅法师,Deathrattle|Summon,GREEN,implemented,yes,"本轮逐卡行为用例全部通过：opponent_turn=current=Player2;source=GRAVEYARD;tokens=[('ICC_019t', 8, 8)]; own_turn=source=GRAVEYARD;tokens=0",card_mechanism.csv#ICC_019; generic-play-smoke:played; effect-evidence: reports/card_quality_full_2026-09-27/icc_probe.csv#ICC_019::opponent_turn; reports/card_quality_full_2026-09-27/icc_probe.csv#ICC_019::own_turn; per-card: reports/card_quality_full_2026-09-27/icc_probe.csv#ICC_019::opponent_turn; reports/card_quality_full_2026-09-27/icc_probe.csv#ICC_019::own_turn,"聚合状态取该卡最差机制；普通烟测只证明可执行，不能单独构成 GREEN。 EN=Deathrattle: If it's your opponent's turn, summon an 8/8 Skeleton.; ZH=亡语：如果此时是你对手的回合，则召唤一个8/8的骷髅。; source=fireplace/cards/icecrown/neutral_common.py:8; existing_tests=none; previous=YELLOW:2 个机制缺少充分的核心效果验证；逐机制依据见 card_mechanism.csv。","Deathrattle: If it's your opponent's turn, summon an 8/8 Skeleton.",亡语：如果此时是你对手的回合，则召唤一个8/8的骷髅。,fireplace/cards/icecrown/neutral_common.py:8
17.6.0.53261,Knights of the Frozen Throne (ICECROWN),ICC_021,Exploding Bloatbat,自爆肿胀蝠,Deathrattle,GREEN,implemented,yes,"本轮逐卡行为用例全部通过：deathrattle_enemy_aoe=friendly=5;enemy=[3, 3];source=GRAVEYARD",card_mechanism.csv#ICC_021; generic-play-smoke:played; effect-evidence: reports/card_quality_full_2026-09-27/icc_probe.csv#ICC_021::deathrattle_enemy_aoe; per-card: reports/card_quality_full_2026-09-27/icc_probe.csv#ICC_021::deathrattle_enemy_aoe,聚合状态取该卡最差机制；普通烟测只证明可执行，不能单独构成 GREEN。 EN=Deathrattle: Deal 2 damage to all enemy minions.; ZH=亡语：对所有敌方随从造成2点伤害。; source=fireplace/cards/icecrown/hunter.py:9; existing_tests=none; previous=YELLOW:1 个机制缺少充分的核心效果验证；逐机制依据见 card_mechanism.csv。,Deathrattle: Deal 2 damage to all enemy minions.,亡语：对所有敌方随从造成2点伤害。,fireplace/cards/icecrown/hunter.py:9
17.6.0.53261,Knights of the Frozen Throne (ICECROWN),ICC_025,Rattling Rascal,骷髅捣蛋鬼,Battlecry|Deathrattle|Summon,GREEN,implemented,yes,本轮逐卡行为用例全部通过：battlecry_and_deathrattle=own_token=1;enemy_token=1;source=GRAVEYARD,card_mechanism.csv#ICC_025; generic-play-smoke:played; effect-evidence: reports/card_quality_full_2026-09-27/icc_probe.csv#ICC_025::battlecry_and_deathrattle; per-card: reports/card_quality_full_2026-09-27/icc_probe.csv#ICC_025::battlecry_and_deathrattle,聚合状态取该卡最差机制；普通烟测只证明可执行，不能单独构成 GREEN。 EN=[x]Battlecry: Summon a 5/5 Skeleton. Deathrattle: Summon one for your opponent.; ZH=战吼：召唤一个5/5的骷髅。 亡语：为你的对手召唤一个5/5的骷髅。; source=fireplace/cards/icecrown/neutral_epic.py:8; existing_tests=none; previous=YELLOW:3 个机制缺少充分的核心效果验证；逐机制依据见 card_mechanism.csv。,[x]Battlecry: Summon a 5/5 Skeleton. Deathrattle: Summon one for your opponent.,战吼：召唤一个5/5的骷髅。 亡语：为你的对手召唤一个5/5的骷髅。,fireplace/cards/icecrown/neutral_epic.py:8
17.6.0.53261,Knights of the Frozen Throne (ICECROWN),ICC_026,Grim Necromancer,冷酷的死灵法师,Battlecry|Summon,GREEN,implemented,yes,"本轮逐卡行为用例全部通过：battlecry_two_skeletons=own=[(1, 1), (1, 1)];enemy=0",card_mechanism.csv#ICC_026; generic-play-smoke:played; effect-evidence: reports/card_quality_full_2026-09-27/icc_probe.csv#ICC_026::battlecry_two_skeletons; per-card: reports/card_quality_full_2026-09-27/icc_probe.csv#ICC_026::battlecry_two_skeletons,聚合状态取该卡最差机制；普通烟测只证明可执行，不能单独构成 GREEN。 EN=Battlecry: Summon two 1/1 Skeletons.; ZH=战吼：召唤两个1/1的骷髅。; source=fireplace/cards/icecrown/neutral_common.py:14; existing_tests=none; previous=YELLOW:2 个机制缺少充分的核心效果验证；逐机制依据见 card_mechanism.csv。,Battlecry: Summon two 1/1 Skeletons.,战吼：召唤两个1/1的骷髅。,fireplace/cards/icecrown/neutral_common.py:14
17.6.0.53261,Knights of the Frozen Throne (ICECROWN),ICC_027,Bone Drake,白骨幼龙,Deathrattle|Random effects,GREEN,implemented,yes,本轮逐卡行为用例全部通过：deathrattle_random_dragon=source=GRAVEYARD;hand=['DRG_304'];dragons=['DRG_304'],card_mechanism.csv#ICC_027; generic-play-smoke:played; effect-evidence: reports/card_quality_full_2026-09-27/icc_probe.csv#ICC_027::deathrattle_random_dragon; per-card: reports/card_quality_full_2026-09-27/icc_probe.csv#ICC_027::deathrattle_random_dragon,聚合状态取该卡最差机制；普通烟测只证明可执行，不能单独构成 GREEN。 EN=Deathrattle: Add a random Dragon to your hand.; ZH=亡语：随机将一张龙牌置入你的手牌。; source=fireplace/cards/icecrown/neutral_rare.py:19; existing_tests=none; previous=YELLOW:2 个机制缺少充分的核心效果验证；逐机制依据见 card_mechanism.csv。,Deathrattle: Add a random Dragon to your hand.,亡语：随机将一张龙牌置入你的手牌。,fireplace/cards/icecrown/neutral_rare.py:19
17.6.0.53261,Knights of the Frozen Throne (ICECROWN),ICC_028,Sunborne Val'kyr,阳焰瓦格里,Battlecry,GREEN,implemented,yes,"本轮逐卡行为用例全部通过：adjacent_health_only=field=['CS2_182', 'ICC_028', 'CS2_182'];stats=[(4, 7), (5, 4), (4, 7)]",card_mechanism.csv#ICC_028; generic-play-smoke:played; effect-evidence: reports/card_quality_full_2026-09-27/icc_probe.csv#ICC_028::adjacent_health_only; per-card: reports/card_quality_full_2026-09-27/icc_probe.csv#ICC_028::adjacent_health_only,聚合状态取该卡最差机制；普通烟测只证明可执行，不能单独构成 GREEN。 EN=Battlecry: Give adjacent minions +2 Health.; ZH=战吼：使相邻的随从获得+2生命值。; source=fireplace/cards/icecrown/neutral_common.py:23; existing_tests=none; previous=YELLOW:1 个机制缺少充分的核心效果验证；逐机制依据见 card_mechanism.csv。,Battlecry: Give adjacent minions +2 Health.,战吼：使相邻的随从获得+2生命值。,fireplace/cards/icecrown/neutral_common.py:23
17.6.0.53261,Knights of the Frozen Throne (ICECROWN),ICC_029,Cobalt Scalebane,深蓝刃鳞龙人,Random effects|Trigger,GREEN,implemented,yes,本轮逐卡行为用例全部通过：end_turn_random_other=source=5;others=4/7;buffed=1,card_mechanism.csv#ICC_029; generic-play-smoke:played; effect-evidence: reports/card_quality_full_2026-09-27/icc_probe.csv#ICC_029::end_turn_random_other; per-card: reports/card_quality_full_2026-09-27/icc_probe.csv#ICC_029::end_turn_random_other,"聚合状态取该卡最差机制；普通烟测只证明可执行，不能单独构成 GREEN。 EN=At the end of your turn, give another random friendly minion +3 Attack.; ZH=在你的回合结束时，随机使另一个友方随从获得+3攻击力。; source=fireplace/cards/icecrown/neutral_common.py:29; existing_tests=none; previous=YELLOW:2 个机制缺少充分的核心效果验证；逐机制依据见 card_mechanism.csv。","At the end of your turn, give another random friendly minion +3 Attack.",在你的回合结束时，随机使另一个友方随从获得+3攻击力。,fireplace/cards/icecrown/neutral_common.py:29
17.6.0.53261,Knights of the Frozen Throne (ICECROWN),ICC_031,Night Howler,暗夜嗥狼,Trigger,GREEN,implemented,yes,本轮逐卡行为用例全部通过：damage_trigger_stacks=attack_after_one=5;attack_after_two=7;health=2,card_mechanism.csv#ICC_031; generic-play-smoke:played; effect-evidence: reports/card_quality_full_2026-09-27/icc_probe.csv#ICC_031::damage_trigger_stacks; per-card: reports/card_quality_full_2026-09-27/icc_probe.csv#ICC_031::damage_trigger_stacks,"聚合状态取该卡最差机制；普通烟测只证明可执行，不能单独构成 GREEN。 EN=Whenever this minion takes damage, gain +2 Attack.; ZH=每当该随从受到伤害，便获得 +2攻击力。; source=fireplace/cards/icecrown/neutral_common.py:38; existing_tests=none; previous=YELLOW:1 个机制缺少充分的核心效果验证；逐机制依据见 card_mechanism.csv。","Whenever this minion takes damage, gain +2 Attack.",每当该随从受到伤害，便获得 +2攻击力。,fireplace/cards/icecrown/neutral_common.py:38
17.6.0.53261,Knights of the Frozen Throne (ICECROWN),ICC_032,Venomancer,制毒师,Poisonous,GREEN,implemented,yes,本轮逐卡行为用例全部通过：poisonous_combat=source=PLAY;target=GRAVEYARD;target_health=5,card_mechanism.csv#ICC_032; generic-play-smoke:played; effect-evidence: reports/card_quality_full_2026-09-27/icc_probe.csv#ICC_032::poisonous_combat; per-card: reports/card_quality_full_2026-09-27/icc_probe.csv#ICC_032::poisonous_combat,聚合状态取该卡最差机制；普通烟测只证明可执行，不能单独构成 GREEN。 EN=Poisonous; ZH=剧毒; source=fireplace/cards/CardDefs.xml#ICC_032; existing_tests=none; previous=YELLOW:1 个机制缺少充分的核心效果验证；逐机制依据见 card_mechanism.csv。,Poisonous,剧毒,
17.6.0.53261,Knights of the Frozen Throne (ICECROWN),ICC_034,Arrogant Crusader,傲慢的十字军,Deathrattle|Summon,GREEN,implemented,yes,"本轮逐卡行为用例全部通过：opponent_turn=current=Player1;source=GRAVEYARD;tokens=[('ICC_900t', 2, 2)]; own_turn=source=GRAVEYARD;tokens=0",card_mechanism.csv#ICC_034; generic-play-smoke:played; effect-evidence: reports/card_quality_full_2026-09-27/icc_probe.csv#ICC_034::opponent_turn; reports/card_quality_full_2026-09-27/icc_probe.csv#ICC_034::own_turn; per-card: reports/card_quality_full_2026-09-27/icc_probe.csv#ICC_034::opponent_turn; reports/card_quality_full_2026-09-27/icc_probe.csv#ICC_034::own_turn,"聚合状态取该卡最差机制；普通烟测只证明可执行，不能单独构成 GREEN。 EN=Deathrattle: If it's your opponent's turn, summon a 2/2 Ghoul.; ZH=亡语：如果此时是你对手的回合，则召唤一个2/2的食尸鬼。; source=fireplace/cards/icecrown/paladin.py:8; existing_tests=none; previous=YELLOW:2 个机制缺少充分的核心效果验证；逐机制依据见 card_mechanism.csv。","Deathrattle: If it's your opponent's turn, summon a 2/2 Ghoul.",亡语：如果此时是你对手的回合，则召唤一个2/2的食尸鬼。,fireplace/cards/icecrown/paladin.py:8
17.6.0.53261,Knights of the Frozen Throne (ICECROWN),ICC_038,Righteous Protector,正义保护者,Divine Shield|Taunt,GREEN,implemented,yes,本轮逐卡行为用例全部通过：taunt_divine_shield_combat=protector=1;divine_shield=False;hero=30;attacker=GRAVEYARD,card_mechanism.csv#ICC_038; generic-play-smoke:played; effect-evidence: reports/card_quality_full_2026-09-27/icc_probe.csv#ICC_038::taunt_divine_shield_combat; per-card: reports/card_quality_full_2026-09-27/icc_probe.csv#ICC_038::taunt_divine_shield_combat,聚合状态取该卡最差机制；普通烟测只证明可执行，不能单独构成 GREEN。 EN=Taunt Divine Shield; ZH=嘲讽 圣盾; source=fireplace/cards/CardDefs.xml#ICC_038; existing_tests=none; previous=YELLOW:2 个机制缺少充分的核心效果验证；逐机制依据见 card_mechanism.csv。,Taunt Divine Shield,嘲讽 圣盾,
17.6.0.53261,Knights of the Frozen Throne (ICECROWN),ICC_039,Dark Conviction,黑暗裁决,Spell resolution|Targeting,GREEN,implemented,yes,本轮逐卡行为用例全部通过：enemy_exact_set=target=3/3/3;spell=GRAVEYARD; friendly_exact_set=target=3/3/3,card_mechanism.csv#ICC_039; generic-play-smoke:played; effect-evidence: reports/card_quality_full_2026-09-27/icc_probe.csv#ICC_039::enemy_exact_set; reports/card_quality_full_2026-09-27/icc_probe.csv#ICC_039::friendly_exact_set; per-card: reports/card_quality_full_2026-09-27/icc_probe.csv#ICC_039::enemy_exact_set; reports/card_quality_full_2026-09-27/icc_probe.csv#ICC_039::friendly_exact_set,聚合状态取该卡最差机制；普通烟测只证明可执行，不能单独构成 GREEN。 EN=Set a minion's Attack and Health to 3.; ZH=将一个随从的攻击力和生命值 变为3。; source=fireplace/cards/icecrown/paladin.py:39; existing_tests=none; previous=YELLOW:2 个机制缺少充分的核心效果验证；逐机制依据见 card_mechanism.csv。,Set a minion's Attack and Health to 3.,将一个随从的攻击力和生命值 变为3。,fireplace/cards/icecrown/paladin.py:39
17.6.0.53261,Knights of the Frozen Throne (ICECROWN),ICC_041,Defile,亵渎,Spell resolution,GREEN,implemented,yes,本轮逐卡行为用例全部通过：recursive_staggered_deaths=one=GRAVEYARD;two=GRAVEYARD;three=GRAVEYARD;four=GRAVEYARD/5;enemy=GRAVEYARD/5;field=[];damaged_golem_entities=1; no_death_stop=friendly=4;enemy=4;field=1,card_mechanism.csv#ICC_041; generic-play-smoke:played; effect-evidence: reports/card_quality_full_2026-09-27/icc_probe.csv#ICC_041::recursive_staggered_deaths; reports/card_quality_full_2026-09-27/icc_probe.csv#ICC_041::no_death_stop; per-card: reports/card_quality_full_2026-09-27/icc_probe.csv#ICC_041::recursive_staggered_deaths; reports/card_quality_full_2026-09-27/icc_probe.csv#ICC_041::no_death_stop,"聚合状态取该卡最差机制；普通烟测只证明可执行，不能单独构成 GREEN。 EN=Deal $1 damage to all minions. If any die, cast this again.; ZH=对所有随从造成$1点伤害，如果有随从死亡，则再次施放该法术。; source=fireplace/cards/icecrown/warlock.py:50; existing_tests=tests/test_icecrown.py:168:test_defile | tests/test_icecrown.py:178:test_defile_max_time; previous=YELLOW:1 个机制缺少充分的核心效果验证；逐机制依据见 card_mechanism.csv。","Deal $1 damage to all minions. If any die, cast this again.",对所有随从造成$1点伤害，如果有随从死亡，则再次施放该法术。,fireplace/cards/icecrown/warlock.py:50
17.6.0.53261,Knights of the Frozen Throne (ICECROWN),ICC_047,Fatespinner,命运织网蛛,Choose One|Targeting,GREEN,implemented,yes,抉择成长和腐朽两分支均实际触发；同批死亡友军不被成长亡语救回。,tests/test_retest_death_batch.py::test_icc_047_growth_branch_and_same_batch_deaths; tests/test_retest_death_batch.py::test_icc_047_decay_branch_damages_both_sides,本次代码重测；修复前颜色和原始失败证据见 known_issues_archive_2026-09-29/card_quality_full_2026-09-27/。 当前代码逐卡行为重测通过。,Choose a Deathrattle (Secretly) - Deal 3 damage to all minions; or Give them +2/+2.,秘密亡语： 抉择：对所有随从造成3点伤害；或者使所有随从获得+2/+2。,fireplace/cards/icecrown/druid.py:8
17.6.0.53261,Knights of the Frozen Throne (ICECROWN),ICC_049,Toxic Arrow,剧毒箭矢,Spell resolution|Targeting,GREEN,implemented,yes,本轮逐卡行为用例全部通过：survivor_poisonous=target=3;poisonous=True;zone=PLAY; lethal_no_poison=target_zone=GRAVEYARD;poisonous=False,card_mechanism.csv#ICC_049; generic-play-smoke:played; effect-evidence: reports/card_quality_full_2026-09-27/icc_probe.csv#ICC_049::survivor_poisonous; reports/card_quality_full_2026-09-27/icc_probe.csv#ICC_049::lethal_no_poison; per-card: reports/card_quality_full_2026-09-27/icc_probe.csv#ICC_049::survivor_poisonous; reports/card_quality_full_2026-09-27/icc_probe.csv#ICC_049::lethal_no_poison,"聚合状态取该卡最差机制；普通烟测只证明可执行，不能单独构成 GREEN。 EN=Deal $2 damage to a minion. If it survives, give it Poisonous.; ZH=对一个随从造成$2点伤害，如果 它依然存活，则获得剧毒。; source=fireplace/cards/icecrown/hunter.py:52; existing_tests=none; previous=YELLOW:2 个机制缺少充分的核心效果验证；逐机制依据见 card_mechanism.csv。","Deal $2 damage to a minion. If it survives, give it Poisonous.",对一个随从造成$2点伤害，如果 它依然存活，则获得剧毒。,fireplace/cards/icecrown/hunter.py:52
17.6.0.53261,Knights of the Frozen Throne (ICECROWN),ICC_050,Webweave,蛛网,Spell resolution|Summon,GREEN,implemented,yes,"本轮逐卡行为用例全部通过：two_poisonous_spiders=spiders=[(1, 2, 1), (1, 2, 1)];spell=GRAVEYARD",card_mechanism.csv#ICC_050; generic-play-smoke:played; effect-evidence: reports/card_quality_full_2026-09-27/icc_probe.csv#ICC_050::two_poisonous_spiders; per-card: reports/card_quality_full_2026-09-27/icc_probe.csv#ICC_050::two_poisonous_spiders,聚合状态取该卡最差机制；普通烟测只证明可执行，不能单独构成 GREEN。 EN=Summon two 1/2 Poisonous Spiders.; ZH=召唤两只1/2并具有剧毒的 蜘蛛。; source=fireplace/cards/icecrown/druid.py:81; existing_tests=none; previous=YELLOW:2 个机制缺少充分的核心效果验证；逐机制依据见 card_mechanism.csv。,Summon two 1/2 Poisonous Spiders.,召唤两只1/2并具有剧毒的 蜘蛛。,fireplace/cards/icecrown/druid.py:81
17.6.0.53261,Knights of the Frozen Throne (ICECROWN),ICC_051,Druid of the Swarm,虫群德鲁伊,Choose One|Transform,GREEN,implemented,yes,本轮逐卡行为用例全部通过：choose_poisonous=id=ICC_051t;stats=1/2;poisonous=1;taunt=False; choose_taunt=id=ICC_051t2;stats=1/5;poisonous=False;taunt=1,card_mechanism.csv#ICC_051; generic-play-smoke:played; effect-evidence: reports/card_quality_full_2026-09-27/icc_probe.csv#ICC_051::choose_poisonous; reports/card_quality_full_2026-09-27/icc_probe.csv#ICC_051::choose_taunt; per-card: reports/card_quality_full_2026-09-27/icc_probe.csv#ICC_051::choose_poisonous; reports/card_quality_full_2026-09-27/icc_probe.csv#ICC_051::choose_taunt,聚合状态取该卡最差机制；普通烟测只证明可执行，不能单独构成 GREEN。 EN=Choose One - Transform into a 1/2 with Poisonous; or a 1/5 with Taunt.; ZH=抉择：将该随从变形成为1/2并具有剧毒；或者将该随从变形成为1/5并具有嘲讽。; source=fireplace/cards/icecrown/druid.py:39; existing_tests=none; previous=YELLOW:2 个机制缺少充分的核心效果验证；逐机制依据见 card_mechanism.csv。,Choose One - Transform into a 1/2 with Poisonous; or a 1/5 with Taunt.,抉择：将该随从变形成为1/2并具有剧毒；或者将该随从变形成为1/5并具有嘲讽。,fireplace/cards/icecrown/druid.py:39
17.6.0.53261,Knights of the Frozen Throne (ICECROWN),ICC_052,Play Dead,装死,Spell resolution|Targeting,GREEN,implemented,yes,"本轮逐卡行为用例全部通过：trigger_bone_baron=target=PLAY;skeletons=['ICC_026t', 'ICC_026t'];spell=GRAVEYARD",card_mechanism.csv#ICC_052; generic-play-smoke:unplayable_in_generic_setup; effect-evidence: reports/card_quality_full_2026-09-27/icc_probe.csv#ICC_052::trigger_bone_baron; per-card: reports/card_quality_full_2026-09-27/icc_probe.csv#ICC_052::trigger_bone_baron,聚合状态取该卡最差机制；普通烟测只证明可执行，不能单独构成 GREEN。 EN=Trigger a friendly minion's Deathrattle.; ZH=触发一个友方随从的亡语。; source=fireplace/cards/icecrown/hunter.py:62; existing_tests=none; previous=YELLOW:2 个机制缺少充分的核心效果验证；逐机制依据见 card_mechanism.csv。,Trigger a friendly minion's Deathrattle.,触发一个友方随从的亡语。,fireplace/cards/icecrown/hunter.py:62
17.6.0.53261,Knights of the Frozen Throne (ICECROWN),ICC_054,Spreading Plague,传播瘟疫,Spell resolution|Summon,GREEN,implemented,yes,休眠体计入场位，最后一个空位仅召一只甲虫并停止；空场与双方人数相等分支均符合卡面。,tests/test_retest_board_issues.py::test_icc_054_spreading_plague_stops_at_last_dormant_board_slot,本次代码重测；修复前颜色和原始失败证据见 known_issues_archive_2026-09-29/card_quality_full_2026-09-27/。 当前代码逐卡行为重测通过。,"Summon a 1/5 Scarab with Taunt. If your opponent has more minions, cast this again.",召唤一只1/5并具有嘲讽的甲虫。如果你的对手拥有的随从更多，则再次施放该法术。,fireplace/cards/icecrown/druid.py:90
17.6.0.53261,Knights of the Frozen Throne (ICECROWN),ICC_055,Drain Soul,吸取灵魂,Lifesteal|Spell resolution|Targeting,GREEN,implemented,yes,本轮逐卡行为用例全部通过：damage_and_lifesteal=target=3;hero=22;spell=GRAVEYARD,card_mechanism.csv#ICC_055; generic-play-smoke:played; effect-evidence: reports/card_quality_full_2026-09-27/icc_probe.csv#ICC_055::damage_and_lifesteal; per-card: reports/card_quality_full_2026-09-27/icc_probe.csv#ICC_055::damage_and_lifesteal,聚合状态取该卡最差机制；普通烟测只证明可执行，不能单独构成 GREEN。 EN=Lifesteal Deal $2 damage to a minion.; ZH=吸血 对一个随从造成 $2点伤害。; source=fireplace/cards/icecrown/warlock.py:63; existing_tests=none; previous=YELLOW:3 个机制缺少充分的核心效果验证；逐机制依据见 card_mechanism.csv。,Lifesteal Deal $2 damage to a minion.,吸血 对一个随从造成 $2点伤害。,fireplace/cards/icecrown/warlock.py:63
17.6.0.53261,Knights of the Frozen Throne (ICECROWN),ICC_056,Cryostasis,低温静滞,Spell resolution|Targeting,GREEN,implemented,yes,本轮逐卡行为用例全部通过：buff_and_freeze=target=7/8;frozen=True;spell=GRAVEYARD,card_mechanism.csv#ICC_056; generic-play-smoke:played; effect-evidence: reports/card_quality_full_2026-09-27/icc_probe.csv#ICC_056::buff_and_freeze; per-card: reports/card_quality_full_2026-09-27/icc_probe.csv#ICC_056::buff_and_freeze,聚合状态取该卡最差机制；普通烟测只证明可执行，不能单独构成 GREEN。 EN=Give a minion +3/+3 and Freeze it.; ZH=使一个随从获得+3/+3，并使其冻结。; source=fireplace/cards/icecrown/shaman.py:42; existing_tests=none; previous=YELLOW:2 个机制缺少充分的核心效果验证；逐机制依据见 card_mechanism.csv。,Give a minion +3/+3 and Freeze it.,使一个随从获得+3/+3，并使其冻结。,fireplace/cards/icecrown/shaman.py:42
17.6.0.53261,Knights of the Frozen Throne (ICECROWN),ICC_058,Brrrloc,冷冻鱼人,Battlecry|Targeting,GREEN,implemented,yes,本轮逐卡行为用例全部通过：freeze_enemy=target_frozen=True;source=PLAY,card_mechanism.csv#ICC_058; generic-play-smoke:played; effect-evidence: reports/card_quality_full_2026-09-27/icc_probe.csv#ICC_058::freeze_enemy; per-card: reports/card_quality_full_2026-09-27/icc_probe.csv#ICC_058::freeze_enemy,聚合状态取该卡最差机制；普通烟测只证明可执行，不能单独构成 GREEN。 EN=Battlecry: Freeze an enemy.; ZH=战吼： 冻结一个敌人。; source=fireplace/cards/icecrown/shaman.py:8; existing_tests=none; previous=YELLOW:2 个机制缺少充分的核心效果验证；逐机制依据见 card_mechanism.csv。,Battlecry: Freeze an enemy.,战吼： 冻结一个敌人。,fireplace/cards/icecrown/shaman.py:8
17.6.0.53261,Knights of the Frozen Throne (ICECROWN),ICC_062,Mountainfire Armor,熔甲卫士,Deathrattle,GREEN,implemented,yes,本轮逐卡行为用例全部通过：opponent_turn_gain_armor=armor=6;source=GRAVEYARD; own_turn_no_armor=armor=0;source=GRAVEYARD,card_mechanism.csv#ICC_062; generic-play-smoke:played; effect-evidence: reports/card_quality_full_2026-09-27/icc_probe.csv#ICC_062::opponent_turn_gain_armor; reports/card_quality_full_2026-09-27/icc_probe.csv#ICC_062::own_turn_no_armor; per-card: reports/card_quality_full_2026-09-27/icc_probe.csv#ICC_062::opponent_turn_gain_armor; reports/card_quality_full_2026-09-27/icc_probe.csv#ICC_062::own_turn_no_armor,"聚合状态取该卡最差机制；普通烟测只证明可执行，不能单独构成 GREEN。 EN=Deathrattle: If it's your opponent's turn, gain 6 Armor.; ZH=亡语：如果此时是你对手的回合，则获得 6点护甲值。; source=fireplace/cards/icecrown/warrior.py:8; existing_tests=none; previous=YELLOW:1 个机制缺少充分的核心效果验证；逐机制依据见 card_mechanism.csv。","Deathrattle: If it's your opponent's turn, gain 6 Armor.",亡语：如果此时是你对手的回合，则获得 6点护甲值。,fireplace/cards/icecrown/warrior.py:8
17.6.0.53261,Knights of the Frozen Throne (ICECROWN),ICC_064,Blood Razor,血刃剃刀,Battlecry|Deathrattle|Weapon,GREEN,implemented,yes,本轮逐卡行为用例全部通过：battlecry_deathrattle_aoe=own=3;enemy=3;weapon=GRAVEYARD; durability_zero=weapon=GRAVEYARD;own=3;first=PLAY/3;second=PLAY/3; replacement_weapon=old=GRAVEYARD;new=PLAY;own=3;enemy=3,card_mechanism.csv#ICC_064; generic-play-smoke:played; effect-evidence: reports/card_quality_full_2026-09-27/icc_probe.csv#ICC_064::battlecry_deathrattle_aoe; reports/card_quality_full_2026-09-27/icc_probe.csv#ICC_064::durability_zero; reports/card_quality_full_2026-09-27/icc_probe.csv#ICC_064::replacement_weapon; per-card: reports/card_quality_full_2026-09-27/icc_probe.csv#ICC_064::battlecry_deathrattle_aoe; reports/card_quality_full_2026-09-27/icc_probe.csv#ICC_064::durability_zero; reports/card_quality_full_2026-09-27/icc_probe.csv#ICC_064::replacement_weapon,聚合状态取该卡最差机制；普通烟测只证明可执行，不能单独构成 GREEN。 EN=Battlecry and Deathrattle: Deal 1 damage to all minions.; ZH=[x]战吼，亡语： 对所有随从造成 1点伤害。; source=fireplace/cards/icecrown/warrior.py:72; existing_tests=none; previous=YELLOW:3 个机制缺少充分的核心效果验证；逐机制依据见 card_mechanism.csv。,Battlecry and Deathrattle: Deal 1 damage to all minions.,[x]战吼，亡语： 对所有随从造成 1点伤害。,fireplace/cards/icecrown/warrior.py:72
17.6.0.53261,Knights of the Frozen Throne (ICECROWN),ICC_065,Bone Baron,白骨大亨,Deathrattle,GREEN,implemented,yes,"本轮逐卡行为用例全部通过：deathrattle_two_hand_skeletons=source=GRAVEYARD;hand=['ICC_026t', 'ICC_026t']",card_mechanism.csv#ICC_065; generic-play-smoke:played; effect-evidence: reports/card_quality_full_2026-09-27/icc_probe.csv#ICC_065::deathrattle_two_hand_skeletons; per-card: reports/card_quality_full_2026-09-27/icc_probe.csv#ICC_065::deathrattle_two_hand_skeletons,聚合状态取该卡最差机制；普通烟测只证明可执行，不能单独构成 GREEN。 EN=Deathrattle: Add two 1/1 Skeletons to your hand.; ZH=亡语： 将两张1/1的“骷髅”置入你的手牌。; source=fireplace/cards/icecrown/rogue.py:8; existing_tests=none; previous=YELLOW:1 个机制缺少充分的核心效果验证；逐机制依据见 card_mechanism.csv。,Deathrattle: Add two 1/1 Skeletons to your hand.,亡语： 将两张1/1的“骷髅”置入你的手牌。,fireplace/cards/icecrown/rogue.py:8
17.6.0.53261,Knights of the Frozen Throne (ICECROWN),ICC_067,Vryghoul,维库食尸鬼,Deathrattle|Summon,GREEN,implemented,yes,"本轮逐卡行为用例全部通过：opponent_turn=current=Player1;source=GRAVEYARD;tokens=[('ICC_900t', 2, 2)]; own_turn=source=GRAVEYARD;tokens=0",card_mechanism.csv#ICC_067; generic-play-smoke:played; effect-evidence: reports/card_quality_full_2026-09-27/icc_probe.csv#ICC_067::opponent_turn; reports/card_quality_full_2026-09-27/icc_probe.csv#ICC_067::own_turn; per-card: reports/card_quality_full_2026-09-27/icc_probe.csv#ICC_067::opponent_turn; reports/card_quality_full_2026-09-27/icc_probe.csv#ICC_067::own_turn,"聚合状态取该卡最差机制；普通烟测只证明可执行，不能单独构成 GREEN。 EN=[x]Deathrattle: If it's your opponent's turn, summon a 2/2 Ghoul.; ZH=亡语：如果此时是你对手的回合，则召唤一个2/2的食尸鬼。; source=fireplace/cards/icecrown/neutral_common.py:47; existing_tests=none; previous=YELLOW:2 个机制缺少充分的核心效果验证；逐机制依据见 card_mechanism.csv。","[x]Deathrattle: If it's your opponent's turn, summon a 2/2 Ghoul.",亡语：如果此时是你对手的回合，则召唤一个2/2的食尸鬼。,fireplace/cards/icecrown/neutral_common.py:47
17.6.0.53261,Knights of the Frozen Throne (ICECROWN),ICC_068,Ice Walker,寒冰行者,Targeting|Trigger,GREEN,implemented,yes,本轮逐卡行为用例全部通过：hero_power_freezes=walker=PLAY;target=4;frozen=True,card_mechanism.csv#ICC_068; generic-play-smoke:played; effect-evidence: reports/card_quality_full_2026-09-27/icc_probe.csv#ICC_068::hero_power_freezes; per-card: reports/card_quality_full_2026-09-27/icc_probe.csv#ICC_068::hero_power_freezes,聚合状态取该卡最差机制；普通烟测只证明可执行，不能单独构成 GREEN。 EN=Your Hero Power also Freezes the target.; ZH=你的英雄技能还会 冻结目标。; source=fireplace/cards/icecrown/mage.py:8; existing_tests=none; previous=YELLOW:2 个机制缺少充分的核心效果验证；逐机制依据见 card_mechanism.csv。,Your Hero Power also Freezes the target.,你的英雄技能还会 冻结目标。,fireplace/cards/icecrown/mage.py:8
17.6.0.53261,Knights of the Frozen Throne (ICECROWN),ICC_069,Ghastly Conjurer,鬼影巫师,Battlecry,GREEN,implemented,yes,"本轮逐卡行为用例全部通过：add_mirror_image=source=PLAY;mirror=[('CS2_027', 5, 1)]",card_mechanism.csv#ICC_069; generic-play-smoke:played; effect-evidence: reports/card_quality_full_2026-09-27/icc_probe.csv#ICC_069::add_mirror_image; per-card: reports/card_quality_full_2026-09-27/icc_probe.csv#ICC_069::add_mirror_image,聚合状态取该卡最差机制；普通烟测只证明可执行，不能单独构成 GREEN。 EN=Battlecry: Add a 'Mirror Image' spell to your hand.; ZH=战吼：将一张“镜像”法术牌置入你的手牌。; source=fireplace/cards/icecrown/mage.py:14; existing_tests=none; previous=YELLOW:1 个机制缺少充分的核心效果验证；逐机制依据见 card_mechanism.csv。,Battlecry: Add a 'Mirror Image' spell to your hand.,战吼：将一张“镜像”法术牌置入你的手牌。,fireplace/cards/icecrown/mage.py:14
17.6.0.53261,Knights of the Frozen Throne (ICECROWN),ICC_071,Light's Sorrow,光之悲恸,Trigger|Weapon,GREEN,implemented,yes,本轮逐卡行为用例全部通过：divine_shield_loss=weapon=1->2;shield=False;target=1; ordinary_damage_no_trigger=weapon=1;target=4,card_mechanism.csv#ICC_071; generic-play-smoke:played; effect-evidence: reports/card_quality_full_2026-09-27/icc_probe.csv#ICC_071::divine_shield_loss; reports/card_quality_full_2026-09-27/icc_probe.csv#ICC_071::ordinary_damage_no_trigger; per-card: reports/card_quality_full_2026-09-27/icc_probe.csv#ICC_071::divine_shield_loss; reports/card_quality_full_2026-09-27/icc_probe.csv#ICC_071::ordinary_damage_no_trigger,"聚合状态取该卡最差机制；普通烟测只证明可执行，不能单独构成 GREEN。 EN=After a friendly minion loses Divine Shield, gain +1 Attack.; ZH=在一个友方随从失去圣盾后，获得+1攻击力。; source=fireplace/cards/icecrown/paladin.py:73; existing_tests=none; previous=YELLOW:2 个机制缺少充分的核心效果验证；逐机制依据见 card_mechanism.csv。","After a friendly minion loses Divine Shield, gain +1 Attack.",在一个友方随从失去圣盾后，获得+1攻击力。,fireplace/cards/icecrown/paladin.py:73
17.6.0.53261,Knights of the Frozen Throne (ICECROWN),ICC_075,Despicable Dreadlord,卑鄙的恐惧魔王,Trigger,GREEN,implemented,yes,本轮逐卡行为用例全部通过：end_turn_enemy_aoe=enemy=4/4;own=5;source=PLAY,card_mechanism.csv#ICC_075; generic-play-smoke:played; effect-evidence: reports/card_quality_full_2026-09-27/icc_probe.csv#ICC_075::end_turn_enemy_aoe; per-card: reports/card_quality_full_2026-09-27/icc_probe.csv#ICC_075::end_turn_enemy_aoe,"聚合状态取该卡最差机制；普通烟测只证明可执行，不能单独构成 GREEN。 EN=At the end of your turn, deal 1 damage to all enemy minions.; ZH=在你的回合结束时，对所有敌方随从造成1点伤害。; source=fireplace/cards/icecrown/warlock.py:8; existing_tests=none; previous=YELLOW:1 个机制缺少充分的核心效果验证；逐机制依据见 card_mechanism.csv。","At the end of your turn, deal 1 damage to all enemy minions.",在你的回合结束时，对所有敌方随从造成1点伤害。,fireplace/cards/icecrown/warlock.py:8
17.6.0.53261,Knights of the Frozen Throne (ICECROWN),ICC_078,Avalanche,雪崩,Spell resolution|Targeting,RED,partial,yes,实测与卡牌文本不符：center_freeze_adjacent_damage expected=[Freezes the chosen minion and deals 3 damage to each adjacent minion.] actual=[left=5;center=2/False;right=5;spell=GRAVEYARD],card_mechanism.csv#ICC_078; generic-play-smoke:played; effect-evidence: reports/card_quality_full_2026-09-27/icc_probe.csv#ICC_078::center_freeze_adjacent_damage; per-card: reports/card_quality_full_2026-09-27/icc_probe.csv#ICC_078::center_freeze_adjacent_damage,聚合状态取该卡最差机制；普通烟测只证明可执行，不能单独构成 GREEN。 EN=Freeze a minion and deal $3 damage to adjacent ones.; ZH=冻结一个随从，并对其相邻的随从造成$3点伤害。; source=fireplace/cards/icecrown/shaman.py:55; existing_tests=none; previous=YELLOW:2 个机制缺少充分的核心效果验证；逐机制依据见 card_mechanism.csv。,Freeze a minion and deal $3 damage to adjacent ones.,冻结一个随从，并对其相邻的随从造成$3点伤害。,fireplace/cards/icecrown/shaman.py:55
17.6.0.53261,Knights of the Frozen Throne (ICECROWN),ICC_079,Gnash,铁齿铜牙,Spell resolution,GREEN,implemented,yes,本轮逐卡行为用例全部通过：no_target_attack_armor=hero_attack=3;armor=3;spell=GRAVEYARD;after_end_attack=0,card_mechanism.csv#ICC_079; generic-play-smoke:played; effect-evidence: reports/card_quality_full_2026-09-27/icc_probe.csv#ICC_079::no_target_attack_armor; per-card: reports/card_quality_full_2026-09-27/icc_probe.csv#ICC_079::no_target_attack_armor,聚合状态取该卡最差机制；普通烟测只证明可执行，不能单独构成 GREEN。 EN=Give your hero +3 Attack this turn. Gain 3 Armor.; ZH=使你的英雄获得3点护甲值，并在本回合中获得 +3攻击力。; source=fireplace/cards/icecrown/druid.py:101; existing_tests=none; previous=YELLOW:1 个机制缺少充分的核心效果验证；逐机制依据见 card_mechanism.csv。,Give your hero +3 Attack this turn. Gain 3 Armor.,使你的英雄获得3点护甲值，并在本回合中获得 +3攻击力。,fireplace/cards/icecrown/druid.py:101
17.6.0.53261,Knights of the Frozen Throne (ICECROWN),ICC_081,Drakkari Defender,达卡莱防御者,Overload|Taunt,GREEN,implemented,yes,本轮逐卡行为用例全部通过：taunt_overload=taunt=1;overload=3;overloaded=3;locked=0;zone=PLAY;next_turn_locked=3;owed=0,card_mechanism.csv#ICC_081; generic-play-smoke:played; effect-evidence: reports/card_quality_full_2026-09-27/icc_probe.csv#ICC_081::taunt_overload; per-card: reports/card_quality_full_2026-09-27/icc_probe.csv#ICC_081::taunt_overload,聚合状态取该卡最差机制；普通烟测只证明可执行，不能单独构成 GREEN。 EN=Taunt Overload: (3); ZH=嘲讽，过载：（3）; source=fireplace/cards/CardDefs.xml#ICC_081; existing_tests=none; previous=YELLOW:1 个机制缺少充分的核心效果验证；逐机制依据见 card_mechanism.csv。,Taunt Overload: (3),嘲讽，过载：（3）,
17.6.0.53261,Knights of the Frozen Throne (ICECROWN),ICC_082,Frozen Clone,寒冰克隆,Secret|Spell resolution|Trigger,GREEN,implemented,yes,"本轮逐卡行为用例全部通过：secret_two_copies=played=PLAY;copies=['CS2_231', 'CS2_231'];secrets=[]; friendly_nontrigger=hand=[];secrets=['ICC_082'];secret_zone=SECRET; near_full_hand=hand_size=10;copies_in_hand=10;secret=GRAVEYARD;secrets=0",card_mechanism.csv#ICC_082; generic-play-smoke:played; effect-evidence: reports/card_quality_full_2026-09-27/icc_probe.csv#ICC_082::secret_two_copies; reports/card_quality_full_2026-09-27/icc_probe.csv#ICC_082::friendly_nontrigger; reports/card_quality_full_2026-09-27/icc_probe.csv#ICC_082::near_full_hand; per-card: reports/card_quality_full_2026-09-27/icc_probe.csv#ICC_082::secret_two_copies; reports/card_quality_full_2026-09-27/icc_probe.csv#ICC_082::friendly_nontrigger; reports/card_quality_full_2026-09-27/icc_probe.csv#ICC_082::near_full_hand,"聚合状态取该卡最差机制；普通烟测只证明可执行，不能单独构成 GREEN。 EN=Secret: After your opponent plays a minion, add two copies of it to your hand.; ZH=奥秘：在你的对手使用一张随从牌后，将两张该随从的复制置入你的手牌。; source=fireplace/cards/icecrown/mage.py:50; existing_tests=none; previous=YELLOW:3 个机制缺少充分的核心效果验证；逐机制依据见 card_mechanism.csv。","Secret: After your opponent plays a minion, add two copies of it to your hand.",奥秘：在你的对手使用一张随从牌后，将两张该随从的复制置入你的手牌。,fireplace/cards/icecrown/mage.py:50
17.6.0.53261,Knights of the Frozen Throne (ICECROWN),ICC_083,Doomed Apprentice,末日学徒,Aura|Continuous effect / Update|Cost modification,GREEN,implemented,yes,本轮逐卡行为用例全部通过：opponent_spell_aura=enemy_cost=1;own_cost=0;apprentice=PLAY,card_mechanism.csv#ICC_083; generic-play-smoke:played; effect-evidence: reports/card_quality_full_2026-09-27/icc_probe.csv#ICC_083::opponent_spell_aura; per-card: reports/card_quality_full_2026-09-27/icc_probe.csv#ICC_083::opponent_spell_aura,聚合状态取该卡最差机制；普通烟测只证明可执行，不能单独构成 GREEN。 EN=Your opponent's spells cost (1) more.; ZH=你对手法术的法力值消耗增加（1）点。; source=fireplace/cards/icecrown/mage.py:20; existing_tests=none; previous=YELLOW:3 个机制缺少充分的核心效果验证；逐机制依据见 card_mechanism.csv。,Your opponent's spells cost (1) more.,你对手法术的法力值消耗增加（1）点。,fireplace/cards/icecrown/mage.py:20
17.6.0.53261,Knights of the Frozen Throne (ICECROWN),ICC_085,Ultimate Infestation,终极感染,Draw / Discard|Spell resolution|Summon|Targeting,GREEN,implemented,yes,"本轮逐卡行为用例全部通过：damage_draw_armor_summon=enemy_hero=25;drawn=['CS2_231', 'CS2_231', 'CS2_231', 'CS2_231', 'CS2_231'];armor=5;ghouls=[(5, 5)];spell=GRAVEYARD",card_mechanism.csv#ICC_085; generic-play-smoke:played; effect-evidence: reports/card_quality_full_2026-09-27/icc_probe.csv#ICC_085::damage_draw_armor_summon; per-card: reports/card_quality_full_2026-09-27/icc_probe.csv#ICC_085::damage_draw_armor_summon,聚合状态取该卡最差机制；普通烟测只证明可执行，不能单独构成 GREEN。 EN=[x]Deal $5 damage. Draw 5 cards. Gain 5 Armor. Summon a 5/5 Ghoul.; ZH=造成$5点伤害。抽五张牌。获得5点护甲值。召唤一个5/5的食尸鬼。; source=fireplace/cards/icecrown/druid.py:111; existing_tests=none; previous=YELLOW:4 个机制缺少充分的核心效果验证；逐机制依据见 card_mechanism.csv。,[x]Deal $5 damage. Draw 5 cards. Gain 5 Armor. Summon a 5/5 Ghoul.,造成$5点伤害。抽五张牌。获得5点护甲值。召唤一个5/5的食尸鬼。,fireplace/cards/icecrown/druid.py:111
17.6.0.53261,Knights of the Frozen Throne (ICECROWN),ICC_086,Glacial Mysteries,冰封秘典,Spell resolution|Summon,GREEN,implemented,yes,"本轮逐卡行为用例全部通过：deck_secrets_to_battlefield=secrets=['EX1_289', 'EX1_294'];deck=[];spell=GRAVEYARD; duplicate_secret_once_each=secrets=['EX1_289', 'EX1_294'];deck=['EX1_289'];spell=GRAVEYARD",card_mechanism.csv#ICC_086; generic-play-smoke:played; effect-evidence: reports/card_quality_full_2026-09-27/icc_probe.csv#ICC_086::deck_secrets_to_battlefield; reports/card_quality_full_2026-09-27/icc_probe.csv#ICC_086::duplicate_secret_once_each; per-card: reports/card_quality_full_2026-09-27/icc_probe.csv#ICC_086::deck_secrets_to_battlefield; reports/card_quality_full_2026-09-27/icc_probe.csv#ICC_086::duplicate_secret_once_each,聚合状态取该卡最差机制；普通烟测只证明可执行，不能单独构成 GREEN。 EN=Put one of each Secret from your deck into the battlefield.; ZH=将每种不同的奥秘从你的牌库中置入战场。; source=fireplace/cards/icecrown/mage.py:58; existing_tests=none; previous=YELLOW:2 个机制缺少充分的核心效果验证；逐机制依据见 card_mechanism.csv。,Put one of each Secret from your deck into the battlefield.,将每种不同的奥秘从你的牌库中置入战场。,fireplace/cards/icecrown/mage.py:58
17.6.0.53261,Knights of the Frozen Throne (ICECROWN),ICC_088,Voodoo Hexxer,巫毒妖术师,Targeting|Taunt|Trigger,GREEN,implemented,yes,本轮逐卡行为用例全部通过：attack_freezes_damaged_target=target=3;frozen=True;source=3,card_mechanism.csv#ICC_088; generic-play-smoke:played; effect-evidence: reports/card_quality_full_2026-09-27/icc_probe.csv#ICC_088::attack_freezes_damaged_target; per-card: reports/card_quality_full_2026-09-27/icc_probe.csv#ICC_088::attack_freezes_damaged_target,聚合状态取该卡最差机制；普通烟测只证明可执行，不能单独构成 GREEN。 EN=Taunt Freeze any character damaged by this minion.; ZH=嘲讽 冻结任何受到该随从伤害的角色。; source=fireplace/cards/icecrown/shaman.py:18; existing_tests=none; previous=YELLOW:3 个机制缺少充分的核心效果验证；逐机制依据见 card_mechanism.csv。,Taunt Freeze any character damaged by this minion.,嘲讽 冻结任何受到该随从伤害的角色。,fireplace/cards/icecrown/shaman.py:18
17.6.0.53261,Knights of the Frozen Throne (ICECROWN),ICC_089,Ice Fishing,冰钓术,Draw / Discard|Spell resolution,GREEN,implemented,yes,"本轮逐卡行为用例全部通过：draw_two_murlocs=hand=['PRO_001at', 'PRO_001at'];deck=['CS2_231'];murlocs=2;spell=GRAVEYARD",card_mechanism.csv#ICC_089; generic-play-smoke:played; effect-evidence: reports/card_quality_full_2026-09-27/icc_probe.csv#ICC_089::draw_two_murlocs; per-card: reports/card_quality_full_2026-09-27/icc_probe.csv#ICC_089::draw_two_murlocs,聚合状态取该卡最差机制；普通烟测只证明可执行，不能单独构成 GREEN。 EN=Draw 2 Murlocs from your deck.; ZH=从你的牌库中抽两张鱼人牌。; source=fireplace/cards/icecrown/shaman.py:65; existing_tests=none; previous=YELLOW:2 个机制缺少充分的核心效果验证；逐机制依据见 card_mechanism.csv。,Draw 2 Murlocs from your deck.,从你的牌库中抽两张鱼人牌。,fireplace/cards/icecrown/shaman.py:65
17.6.0.53261,Knights of the Frozen Throne (ICECROWN),ICC_090,Snowfury Giant,雪怒巨人,Cost modification,GREEN,implemented,yes,本轮逐卡行为用例全部通过：overload_cost_discount=overloaded_this_game=1;owed=1;locked=0;giant_cost=10,card_mechanism.csv#ICC_090; generic-play-smoke:unplayable_in_generic_setup; effect-evidence: reports/card_quality_full_2026-09-27/icc_probe.csv#ICC_090::overload_cost_discount; per-card: reports/card_quality_full_2026-09-27/icc_probe.csv#ICC_090::overload_cost_discount,聚合状态取该卡最差机制；普通烟测只证明可执行，不能单独构成 GREEN。 EN=Costs (1) less for each Mana Crystal you've Overloaded this game.; ZH=在本局对战中，你每过载一个法力水晶，该牌的法力值消耗便减少（1）点。; source=fireplace/cards/icecrown/shaman.py:24; existing_tests=none; previous=YELLOW:1 个机制缺少充分的核心效果验证；逐机制依据见 card_mechanism.csv。,Costs (1) less for each Mana Crystal you've Overloaded this game.,在本局对战中，你每过载一个法力水晶，该牌的法力值消耗便减少（1）点。,fireplace/cards/icecrown/shaman.py:24
17.6.0.53261,Knights of the Frozen Throne (ICECROWN),ICC_091,Dead Man's Hand,亡者之牌,Spell resolution,GREEN,implemented,yes,"本轮逐卡行为用例全部通过：shuffle_hand_copies=hand=['CS2_231', 'CS2_008'];deck=['CS2_231', 'CS2_008'];spell=GRAVEYARD",card_mechanism.csv#ICC_091; generic-play-smoke:played; effect-evidence: reports/card_quality_full_2026-09-27/icc_probe.csv#ICC_091::shuffle_hand_copies; per-card: reports/card_quality_full_2026-09-27/icc_probe.csv#ICC_091::shuffle_hand_copies,聚合状态取该卡最差机制；普通烟测只证明可执行，不能单独构成 GREEN。 EN=Shuffle a copy of your hand into your deck.; ZH=复制你的手牌并洗入你的牌库。; source=fireplace/cards/icecrown/warrior.py:45; existing_tests=none; previous=YELLOW:1 个机制缺少充分的核心效果验证；逐机制依据见 card_mechanism.csv。,Shuffle a copy of your hand into your deck.,复制你的手牌并洗入你的牌库。,fireplace/cards/icecrown/warrior.py:45
17.6.0.53261,Knights of the Frozen Throne (ICECROWN),ICC_092,Acherus Veteran,阿彻鲁斯老兵,Battlecry|Targeting,GREEN,implemented,yes,本轮逐卡行为用例全部通过：friendly_attack_buff=target=2/1;source=PLAY,card_mechanism.csv#ICC_092; generic-play-smoke:played; effect-evidence: reports/card_quality_full_2026-09-27/icc_probe.csv#ICC_092::friendly_attack_buff; per-card: reports/card_quality_full_2026-09-27/icc_probe.csv#ICC_092::friendly_attack_buff,聚合状态取该卡最差机制；普通烟测只证明可执行，不能单独构成 GREEN。 EN=Battlecry: Give a friendly minion +1 Attack.; ZH=战吼：使一个友方随从获得+1攻击力。; source=fireplace/cards/icecrown/neutral_common.py:53; existing_tests=none; previous=YELLOW:2 个机制缺少充分的核心效果验证；逐机制依据见 card_mechanism.csv。,Battlecry: Give a friendly minion +1 Attack.,战吼：使一个友方随从获得+1攻击力。,fireplace/cards/icecrown/neutral_common.py:53
17.6.0.53261,Knights of the Frozen Throne (ICECROWN),ICC_093,Tuskarr Fisherman,海象人渔夫,Battlecry|Spell Damage|Targeting,GREEN,implemented,yes,本轮逐卡行为用例全部通过：friendly_spell_damage=target_spellpower=1;source=PLAY; spell_damage_real_resolution=target_spellpower=1;enemy=7->5;spell=GRAVEYARD,card_mechanism.csv#ICC_093; generic-play-smoke:played; effect-evidence: reports/card_quality_full_2026-09-27/icc_probe.csv#ICC_093::friendly_spell_damage; reports/card_quality_full_2026-09-27/icc_probe.csv#ICC_093::spell_damage_real_resolution; per-card: reports/card_quality_full_2026-09-27/icc_probe.csv#ICC_093::friendly_spell_damage; reports/card_quality_full_2026-09-27/icc_probe.csv#ICC_093::spell_damage_real_resolution,聚合状态取该卡最差机制；普通烟测只证明可执行，不能单独构成 GREEN。 EN=Battlecry: Give a friendly minion Spell Damage +1.; ZH=战吼：使一个友方随从获得法术伤害+1。; source=fireplace/cards/icecrown/neutral_common.py:67; existing_tests=none; previous=YELLOW:3 个机制缺少充分的核心效果验证；逐机制依据见 card_mechanism.csv。,Battlecry: Give a friendly minion Spell Damage +1.,战吼：使一个友方随从获得法术伤害+1。,fireplace/cards/icecrown/neutral_common.py:67
17.6.0.53261,Knights of the Frozen Throne (ICECROWN),ICC_094,Fallen Sun Cleric,堕落残阳祭司,Battlecry|Targeting,GREEN,implemented,yes,"本轮逐卡行为断言通过：friendly_target_plus_one=target=2/2;before=(1, 1);field=['CS2_231', 'ICC_094'];source=PLAY",card_mechanism.csv#ICC_094; generic-play-smoke:played; effect-evidence: reports/card_quality_full_2026-09-27/icc_probe.csv#ICC_094::friendly_target_plus_one; per-card: reports/card_quality_full_2026-09-27/icc_probe.csv#ICC_094::friendly_target_plus_one,"聚合状态取该卡最差机制；普通烟测只证明可执行，不能单独构成 GREEN。 1 live cases; card EN/ZH text, source, existing tests and prior audit recorded in probe notes.",Battlecry: Give a friendly minion +1/+1.,战吼：使一个友方随从获得+1/+1。,fireplace/cards/icecrown/neutral_common.py:81
17.6.0.53261,Knights of the Frozen Throne (ICECROWN),ICC_096,Furnacefire Colossus,熔火巨像,Battlecry|Draw / Discard|Targeting,GREEN,implemented,yes,"本轮逐卡行为断言通过：discard_all_weapons_gain_sum=weapons=[('CS2_091', 'REMOVEDFROMGAME'), ('ICC_236', 'REMOVEDFROMGAME')];colossus=8/13;expected=(8, 13);zone=PLAY",card_mechanism.csv#ICC_096; generic-play-smoke:played; effect-evidence: reports/card_quality_full_2026-09-27/icc_probe.csv#ICC_096::discard_all_weapons_gain_sum; per-card: reports/card_quality_full_2026-09-27/icc_probe.csv#ICC_096::discard_all_weapons_gain_sum,"聚合状态取该卡最差机制；普通烟测只证明可执行，不能单独构成 GREEN。 1 live cases; card EN/ZH text, source, existing tests and prior audit recorded in probe notes.",Battlecry: Discard all weapons from your hand and gain their stats.,战吼：弃掉你手牌中所有的武器牌，并获得这些武器的属性值。,fireplace/cards/icecrown/neutral_epic.py:15
17.6.0.53261,Knights of the Frozen Throne (ICECROWN),ICC_097,Grave Shambler,墓地蹒跚者,Trigger,GREEN,implemented,yes,"本轮逐卡行为断言通过：weapon_destroy_plus_one=weapon=GRAVEYARD;shambler=5/5;before=(4, 4)",card_mechanism.csv#ICC_097; generic-play-smoke:played; effect-evidence: reports/card_quality_full_2026-09-27/icc_probe.csv#ICC_097::weapon_destroy_plus_one; per-card: reports/card_quality_full_2026-09-27/icc_probe.csv#ICC_097::weapon_destroy_plus_one,"聚合状态取该卡最差机制；普通烟测只证明可执行，不能单独构成 GREEN。 1 live cases; card EN/ZH text, source, existing tests and prior audit recorded in probe notes.","Whenever your weapon is destroyed, gain +1/+1.",每当你的武器被摧毁时，便获得+1/+1。,fireplace/cards/icecrown/neutral_common.py:95
17.6.0.53261,Knights of the Frozen Throne (ICECROWN),ICC_098,Tomb Lurker,墓穴潜伏者,Battlecry|Random effects,GREEN,implemented,yes,"本轮逐卡行为断言通过：dead_deathrattle_minion_added=dead=GRAVEYARD;gained=[('ICC_099', 'HAND')];field=['ICC_098'];source=PLAY; dead_pool_includes_both_sides=random_dead_deathrattle_pool=['EX1_029', 'ICC_099'];seeds=16",card_mechanism.csv#ICC_098; generic-play-smoke:played; effect-evidence: reports/card_quality_full_2026-09-27/icc_probe.csv#ICC_098::dead_deathrattle_minion_added; reports/card_quality_full_2026-09-27/icc_probe.csv#ICC_098::dead_pool_includes_both_sides; per-card: reports/card_quality_full_2026-09-27/icc_probe.csv#ICC_098::dead_deathrattle_minion_added; reports/card_quality_full_2026-09-27/icc_probe.csv#ICC_098::dead_pool_includes_both_sides,"聚合状态取该卡最差机制；普通烟测只证明可执行，不能单独构成 GREEN。 2 live cases; card EN/ZH text, source, existing tests and prior audit recorded in probe notes.",[x]Battlecry: Add a random Deathrattle minion that died this game to your hand.,战吼：随机将一个在本局对战中死亡并具有亡语的随从置入你的手牌。,fireplace/cards/icecrown/neutral_epic.py:28
17.6.0.53261,Knights of the Frozen Throne (ICECROWN),ICC_099,Ticking Abomination,自爆憎恶,Deathrattle,GREEN,implemented,yes,本轮逐卡行为断言通过：friendly_only_five_damage=source=GRAVEYARD;friendly=PLAY/2/5;enemy=PLAY/7/0,card_mechanism.csv#ICC_099; generic-play-smoke:played; effect-evidence: reports/card_quality_full_2026-09-27/icc_probe.csv#ICC_099::friendly_only_five_damage; per-card: reports/card_quality_full_2026-09-27/icc_probe.csv#ICC_099::friendly_only_five_damage,"聚合状态取该卡最差机制；普通烟测只证明可执行，不能单独构成 GREEN。 1 live cases; card EN/ZH text, source, existing tests and prior audit recorded in probe notes.",Deathrattle: Deal 5 damage to your minions.,亡语：对你所有的随从造成5点伤害。,fireplace/cards/icecrown/neutral_rare.py:25
17.6.0.53261,Knights of the Frozen Throne (ICECROWN),ICC_200,Venomstrike Trap,眼镜蛇陷阱,Secret|Spell resolution|Summon|Trigger,GREEN,implemented,yes,休眠体占满场位时不消耗奥秘；有一空位时召唤正确的剧毒眼镜蛇并消耗奥秘。,tests/test_retest_board_issues.py::test_icc_200_bear_trap_dormant_full_board_and_open_slot_branches,本次代码重测；修复前颜色和原始失败证据见 known_issues_archive_2026-09-29/card_quality_full_2026-09-27/。 当前代码逐卡行为重测通过。,"Secret: When one of your minions is attacked, summon a 2/3 Poisonous Cobra.",奥秘：当你的随从受到攻击时，召唤一条2/3并具有剧毒的眼镜蛇。,fireplace/cards/icecrown/hunter.py:74
17.6.0.53261,Knights of the Frozen Throne (ICECROWN),ICC_201,Roll the Bones,命运骨骰,Draw / Discard|Spell resolution,GREEN,implemented,yes,"本轮逐卡行为断言通过：deathrattle_draw_recurses=drawn=['ICC_099', 'CS2_231'];deck=[];source=GRAVEYARD",card_mechanism.csv#ICC_201; generic-play-smoke:played; effect-evidence: reports/card_quality_full_2026-09-27/icc_probe.csv#ICC_201::deathrattle_draw_recurses; per-card: reports/card_quality_full_2026-09-27/icc_probe.csv#ICC_201::deathrattle_draw_recurses,"聚合状态取该卡最差机制；普通烟测只证明可执行，不能单独构成 GREEN。 1 live cases; card EN/ZH text, source, existing tests and prior audit recorded in probe notes.","Draw a card. If it has Deathrattle, cast this again.",抽一张牌。如果这张牌具有亡语，则再次施放该法术。,fireplace/cards/icecrown/rogue.py:54
17.6.0.53261,Knights of the Frozen Throne (ICECROWN),ICC_204,Professor Putricide,普崔塞德教授,Random effects|Summon|Trigger,GREEN,implemented,yes,"本轮逐卡行为断言通过：secret_play_adds_hunter_secret=secrets=['CFM_026', 'EX1_609', 'EX1_610', 'EX1_611', 'GIL_577', 'ICC_200', 'LOE_021', 'LOOT_079'];count=8",card_mechanism.csv#ICC_204; generic-play-smoke:played; effect-evidence: reports/card_quality_full_2026-09-27/icc_probe.csv#ICC_204::secret_play_adds_hunter_secret; per-card: reports/card_quality_full_2026-09-27/icc_probe.csv#ICC_204::secret_play_adds_hunter_secret,"聚合状态取该卡最差机制；普通烟测只证明可执行，不能单独构成 GREEN。 1 live cases; card EN/ZH text, source, existing tests and prior audit recorded in probe notes.","After you play a Secret, put a random Hunter Secret into the battlefield.",在你使用一个奥秘后，随机将一个猎人的奥秘置入战场。,fireplace/cards/icecrown/hunter.py:15
17.6.0.53261,Knights of the Frozen Throne (ICECROWN),ICC_206,Treachery,变节,Spell resolution|Targeting,GREEN,implemented,yes,本轮逐卡行为断言通过：friendly_minion_changes_controller=target=Player1/PLAY;friendly=[];enemy=['CS2_231'];source=GRAVEYARD,card_mechanism.csv#ICC_206; generic-play-smoke:played; effect-evidence: reports/card_quality_full_2026-09-27/icc_probe.csv#ICC_206::friendly_minion_changes_controller; per-card: reports/card_quality_full_2026-09-27/icc_probe.csv#ICC_206::friendly_minion_changes_controller,"聚合状态取该卡最差机制；普通烟测只证明可执行，不能单独构成 GREEN。 1 live cases; card EN/ZH text, source, existing tests and prior audit recorded in probe notes.",Choose a friendly minion and give it to your opponent.,选择一个友方随从，交给你的 对手。,fireplace/cards/icecrown/warlock.py:70
17.6.0.53261,Knights of the Frozen Throne (ICECROWN),ICC_207,Devour Mind,吞噬意志,Spell resolution,GREEN,implemented,yes,"本轮逐卡行为断言通过：copy_three_opponent_deck_cards=opponent_deck=4->4;copied=['CS2_231', 'EX1_308', 'ICC_099'];source=GRAVEYARD",card_mechanism.csv#ICC_207; generic-play-smoke:played; effect-evidence: reports/card_quality_full_2026-09-27/icc_probe.csv#ICC_207::copy_three_opponent_deck_cards; per-card: reports/card_quality_full_2026-09-27/icc_probe.csv#ICC_207::copy_three_opponent_deck_cards,"聚合状态取该卡最差机制；普通烟测只证明可执行，不能单独构成 GREEN。 1 live cases; card EN/ZH text, source, existing tests and prior audit recorded in probe notes.",Copy 3 cards in your opponent's deck and add them to your hand.,复制你对手的牌库中的三张牌，并将其置入你的手牌。,fireplace/cards/icecrown/priest.py:33
17.6.0.53261,Knights of the Frozen Throne (ICECROWN),ICC_210,Shadow Ascendant,暗影升腾者,Random effects|Trigger,GREEN,implemented,yes,"本轮逐卡行为断言通过：end_turn_random_other_friendly_buff=buffed_random_others=['CS2_231', 'EX1_399']",card_mechanism.csv#ICC_210; generic-play-smoke:played; effect-evidence: reports/card_quality_full_2026-09-27/icc_probe.csv#ICC_210::end_turn_random_other_friendly_buff; per-card: reports/card_quality_full_2026-09-27/icc_probe.csv#ICC_210::end_turn_random_other_friendly_buff,"聚合状态取该卡最差机制；普通烟测只证明可执行，不能单独构成 GREEN。 1 live cases; card EN/ZH text, source, existing tests and prior audit recorded in probe notes.","[x]At the end of your turn, give another random friendly minion +1/+1.",在你的回合结束时，随机使另一个友方随从获得+1/+1。,fireplace/cards/icecrown/priest.py:8
17.6.0.53261,Knights of the Frozen Throne (ICECROWN),ICC_212,Acolyte of Agony,酷虐侍僧,Lifesteal,GREEN,implemented,yes,本轮逐卡行为断言通过：lifesteal_attack=attacker=ICC_212;lifesteal=1;hero=25->28;damage=3;defender=4/3,card_mechanism.csv#ICC_212; generic-play-smoke:played; effect-evidence: reports/card_quality_full_2026-09-27/icc_probe.csv#ICC_212::lifesteal_attack; per-card: reports/card_quality_full_2026-09-27/icc_probe.csv#ICC_212::lifesteal_attack,"聚合状态取该卡最差机制；普通烟测只证明可执行，不能单独构成 GREEN。 1 live cases; card EN/ZH text, source, existing tests and prior audit recorded in probe notes.",Lifesteal,吸血,
17.6.0.53261,Knights of the Frozen Throne (ICECROWN),ICC_213,Eternal Servitude,永恒奴役,Discover / Choice|Spell resolution|Summon,GREEN,implemented,yes,"本轮逐卡行为断言通过：choice_dead_friendly_summon=dead=['GRAVEYARD', 'GRAVEYARD'];choices=['CS2_231', 'EX1_399'];chosen=CS2_231;summoned=[('CS2_231', 'PLAY')];source=GRAVEYARD",card_mechanism.csv#ICC_213; generic-play-smoke:unplayable_in_generic_setup; effect-evidence: reports/card_quality_full_2026-09-27/icc_probe.csv#ICC_213::choice_dead_friendly_summon; per-card: reports/card_quality_full_2026-09-27/icc_probe.csv#ICC_213::choice_dead_friendly_summon,"聚合状态取该卡最差机制；普通烟测只证明可执行，不能单独构成 GREEN。 1 live cases; card EN/ZH text, source, existing tests and prior audit recorded in probe notes.",Discover a friendly minion that died this game. Summon it.,发现一个在本局对战中死亡的友方随从，并召唤该随从。,fireplace/cards/icecrown/priest.py:39
17.6.0.53261,Knights of the Frozen Throne (ICECROWN),ICC_214,Obsidian Statue,黑曜石雕像,Deathrattle|Lifesteal|Random effects|Taunt,GREEN,implemented,yes,"本轮逐卡行为断言通过：taunt_lifesteal_random_deathrattle=random_enemy_destroyed=['CS2_119', 'EX1_399']",card_mechanism.csv#ICC_214; generic-play-smoke:played; effect-evidence: reports/card_quality_full_2026-09-27/icc_probe.csv#ICC_214::taunt_lifesteal_random_deathrattle; per-card: reports/card_quality_full_2026-09-27/icc_probe.csv#ICC_214::taunt_lifesteal_random_deathrattle,"聚合状态取该卡最差机制；普通烟测只证明可执行，不能单独构成 GREEN。 1 live cases; card EN/ZH text, source, existing tests and prior audit recorded in probe notes.","[x]Taunt, Lifesteal Deathrattle: Destroy a  random enemy minion.",嘲讽，吸血 亡语：随机消灭一个敌方随从。,fireplace/cards/icecrown/priest.py:17
17.6.0.53261,Knights of the Frozen Throne (ICECROWN),ICC_215,Archbishop Benedictus,大主教本尼迪塔斯,Battlecry,GREEN,implemented,yes,"本轮逐卡行为断言通过：copy_complete_opponent_deck=own_deck=1->4:['CS2_231', 'CS2_029', 'ICC_099', 'EX1_308'];enemy_deck=3->3:['CS2_029', 'ICC_099', 'EX1_308'];source=PLAY",card_mechanism.csv#ICC_215; generic-play-smoke:played; effect-evidence: reports/card_quality_full_2026-09-27/icc_probe.csv#ICC_215::copy_complete_opponent_deck; per-card: reports/card_quality_full_2026-09-27/icc_probe.csv#ICC_215::copy_complete_opponent_deck,"聚合状态取该卡最差机制；普通烟测只证明可执行，不能单独构成 GREEN。 1 live cases; card EN/ZH text, source, existing tests and prior audit recorded in probe notes.",Battlecry: Shuffle a copy of your opponent's deck into your deck.,战吼：复制你对手的牌库，并洗入你的 牌库。,fireplace/cards/icecrown/priest.py:23
17.6.0.53261,Knights of the Frozen Throne (ICECROWN),ICC_218,Howlfiend,咆哮魔,Draw / Discard|Random effects|Trigger,GREEN,implemented,yes,"本轮逐卡行为断言通过：damage_discards_one_random_card=howl=PLAY/1;hand_before=['CS2_231', 'CS2_029'];hand_after=['CS2_029'];discard=['CS2_008']",card_mechanism.csv#ICC_218; generic-play-smoke:played; effect-evidence: reports/card_quality_full_2026-09-27/icc_probe.csv#ICC_218::damage_discards_one_random_card; per-card: reports/card_quality_full_2026-09-27/icc_probe.csv#ICC_218::damage_discards_one_random_card,"聚合状态取该卡最差机制；普通烟测只证明可执行，不能单独构成 GREEN。 1 live cases; card EN/ZH text, source, existing tests and prior audit recorded in probe notes.","Whenever this minion takes damage, discard a random card.",每当该随从受到伤害，随机弃掉 一张牌。,fireplace/cards/icecrown/warlock.py:14
17.6.0.53261,Knights of the Frozen Throne (ICECROWN),ICC_220,Deadscale Knight,死鳞骑士,Lifesteal,GREEN,implemented,yes,本轮逐卡行为断言通过：lifesteal_attack=attacker=ICC_220;lifesteal=1;hero=25->26;damage=1;defender=6/1,card_mechanism.csv#ICC_220; generic-play-smoke:played; effect-evidence: reports/card_quality_full_2026-09-27/icc_probe.csv#ICC_220::lifesteal_attack; per-card: reports/card_quality_full_2026-09-27/icc_probe.csv#ICC_220::lifesteal_attack,"聚合状态取该卡最差机制；普通烟测只证明可执行，不能单独构成 GREEN。 1 live cases; card EN/ZH text, source, existing tests and prior audit recorded in probe notes.",Lifesteal,吸血,
17.6.0.53261,Knights of the Frozen Throne (ICECROWN),ICC_221,Leeching Poison,吸血药膏,Spell resolution,RED,partial,yes,确认行为与文本不符：weapon_lifesteal_one_turn expected[Leeching Poison grants weapon Lifesteal for this turn only.] observed[weapon=CS2_091;durability=4;lifesteal=True->True;source=GRAVEYARD],card_mechanism.csv#ICC_221; generic-play-smoke:unplayable_in_generic_setup; effect-evidence: reports/card_quality_full_2026-09-27/icc_probe.csv#ICC_221::weapon_lifesteal_one_turn; per-card: reports/card_quality_full_2026-09-27/icc_probe.csv#ICC_221::weapon_lifesteal_one_turn,"聚合状态取该卡最差机制；普通烟测只证明可执行，不能单独构成 GREEN。 1 live cases; card EN/ZH text, source, existing tests and prior audit recorded in probe notes.",Give your weapon Lifesteal this turn.,在本回合中，你的武器获得 吸血。,fireplace/cards/icecrown/rogue.py:60
17.6.0.53261,Knights of the Frozen Throne (ICECROWN),ICC_233,Doomerang,末日回旋镖,Spell resolution|Targeting,GREEN,implemented,yes,本轮逐卡行为断言通过：weapon_damage_then_bounce=target=6/1;weapon=HAND/2;durability_before_throw=2;p_weapon=None;spell=GRAVEYARD,card_mechanism.csv#ICC_233; generic-play-smoke:unplayable_in_generic_setup; effect-evidence: reports/card_quality_full_2026-09-27/icc_probe.csv#ICC_233::weapon_damage_then_bounce; per-card: reports/card_quality_full_2026-09-27/icc_probe.csv#ICC_233::weapon_damage_then_bounce,"聚合状态取该卡最差机制；普通烟测只证明可执行，不能单独构成 GREEN。 1 live cases; card EN/ZH text, source, existing tests and prior audit recorded in probe notes.","Throw your weapon at a minion. It deals its damage, then returns to your hand.",对一个随从投掷你的武器，对该随从造成等同于该武器攻击力的伤害，随后该武器返回你的手牌。,fireplace/cards/icecrown/rogue.py:69
17.6.0.53261,Knights of the Frozen Throne (ICECROWN),ICC_235,Shadow Essence,暗影精华,Random effects|Spell resolution|Summon,RED,partial,yes,"确认行为与文本不符：random_deck_minion_five_five_copy expected[Summons a 5/5 copy of a random minion from deck.] observed[seed=917;spawned=[('CS2_231', 5, 5, 'PLAY')];deck=['EX1_399']]",card_mechanism.csv#ICC_235; generic-play-smoke:played; effect-evidence: reports/card_quality_full_2026-09-27/icc_probe.csv#ICC_235::random_deck_minion_five_five_copy; per-card: reports/card_quality_full_2026-09-27/icc_probe.csv#ICC_235::random_deck_minion_five_five_copy,"聚合状态取该卡最差机制；普通烟测只证明可执行，不能单独构成 GREEN。 1 live cases; card EN/ZH text, source, existing tests and prior audit recorded in probe notes.",Summon a 5/5 copy of a random minion in your deck.,随机挑选你牌库里的一个随从，召唤一个5/5的复制。,fireplace/cards/icecrown/priest.py:51
17.6.0.53261,Knights of the Frozen Throne (ICECROWN),ICC_236,Ice Breaker,破冰斧,Trigger|Weapon,GREEN,implemented,yes,本轮逐卡行为断言通过：frozen_minion_destroyed=weapon=PLAY;frozen=GRAVEYARD;frozen_tag=True;hero=30->28,card_mechanism.csv#ICC_236; generic-play-smoke:played; effect-evidence: reports/card_quality_full_2026-09-27/icc_probe.csv#ICC_236::frozen_minion_destroyed; per-card: reports/card_quality_full_2026-09-27/icc_probe.csv#ICC_236::frozen_minion_destroyed,"聚合状态取该卡最差机制；普通烟测只证明可执行，不能单独构成 GREEN。 1 live cases; card EN/ZH text, source, existing tests and prior audit recorded in probe notes.",Destroy any Frozen minion damaged by this.,消灭所有受到该武器伤害的被冻结的随从。,fireplace/cards/icecrown/shaman.py:75
17.6.0.53261,Knights of the Frozen Throne (ICECROWN),ICC_238,Animated Berserker,活化狂战士,Trigger,GREEN,implemented,yes,"本轮逐卡行为断言通过：played_minion_takes_one=target=PLAY/4/4;base=(4, 5);damage=1;berserker=PLAY",card_mechanism.csv#ICC_238; generic-play-smoke:played; effect-evidence: reports/card_quality_full_2026-09-27/icc_probe.csv#ICC_238::played_minion_takes_one; per-card: reports/card_quality_full_2026-09-27/icc_probe.csv#ICC_238::played_minion_takes_one,"聚合状态取该卡最差机制；普通烟测只证明可执行，不能单独构成 GREEN。 1 live cases; card EN/ZH text, source, existing tests and prior audit recorded in probe notes.","After you play a minion, deal 1 damage to it.",在你使用一张随从牌后，对被召唤的随从造成1点伤害。,fireplace/cards/icecrown/warrior.py:14
17.6.0.53261,Knights of the Frozen Throne (ICECROWN),ICC_240,Runeforge Haunter,符文熔铸游魂,Aura|Continuous effect / Update,GREEN,implemented,yes,本轮逐卡行为断言通过：weapon_durability_preserved_own_turn=weapon=CS2_091;durability=4->4;haunter=PLAY;immune_after_turn=False,card_mechanism.csv#ICC_240; generic-play-smoke:played; effect-evidence: reports/card_quality_full_2026-09-27/icc_probe.csv#ICC_240::weapon_durability_preserved_own_turn; per-card: reports/card_quality_full_2026-09-27/icc_probe.csv#ICC_240::weapon_durability_preserved_own_turn,"聚合状态取该卡最差机制；普通烟测只证明可执行，不能单独构成 GREEN。 1 live cases; card EN/ZH text, source, existing tests and prior audit recorded in probe notes.","During your turn, your weapon doesn't lose Durability.",在你的回合时，你的武器不会失去 耐久度。,fireplace/cards/icecrown/rogue.py:14
17.6.0.53261,Knights of the Frozen Throne (ICECROWN),ICC_243,Corpse Widow,巨型尸蛛,Aura|Continuous effect / Update|Cost modification,GREEN,implemented,yes,"本轮逐卡行为断言通过：deathrattle_cost_aura=before=(4, 0);reduced=(2, 0);restored=(4, 0);widow=GRAVEYARD",card_mechanism.csv#ICC_243; generic-play-smoke:played; effect-evidence: reports/card_quality_full_2026-09-27/icc_probe.csv#ICC_243::deathrattle_cost_aura; per-card: reports/card_quality_full_2026-09-27/icc_probe.csv#ICC_243::deathrattle_cost_aura,"聚合状态取该卡最差机制；普通烟测只证明可执行，不能单独构成 GREEN。 1 live cases; card EN/ZH text, source, existing tests and prior audit recorded in probe notes.",Your Deathrattle cards cost (2) less.,你的亡语牌的法力值消耗减少（2）点。,fireplace/cards/icecrown/hunter.py:28
17.6.0.53261,Knights of the Frozen Throne (ICECROWN),ICC_244,Desperate Stand,殊死一搏,Spell resolution|Targeting,GREEN,implemented,yes,"本轮逐卡行为断言通过：deathrattle_returns_one_health=target=GRAVEYARD;resurrected=[('CS2_231', 1, 1, 'PLAY')];spell=GRAVEYARD",card_mechanism.csv#ICC_244; generic-play-smoke:played; effect-evidence: reports/card_quality_full_2026-09-27/icc_probe.csv#ICC_244::deathrattle_returns_one_health; per-card: reports/card_quality_full_2026-09-27/icc_probe.csv#ICC_244::deathrattle_returns_one_health,"聚合状态取该卡最差机制；普通烟测只证明可执行，不能单独构成 GREEN。 1 live cases; card EN/ZH text, source, existing tests and prior audit recorded in probe notes.","Give a minion ""Deathrattle: Return this to life with 1 Health.""",使一个随从获得“亡语：回到战场，并具有1点生命值。”,fireplace/cards/icecrown/paladin.py:54
17.6.0.53261,Knights of the Frozen Throne (ICECROWN),ICC_245,Blackguard,黑色卫士,Random effects|Trigger,GREEN,implemented,yes,"本轮逐卡行为断言通过：healing_random_enemy_damage=random_targets=['CS2_119', 'EX1_399'];seeds=8",card_mechanism.csv#ICC_245; generic-play-smoke:played; effect-evidence: reports/card_quality_full_2026-09-27/icc_probe.csv#ICC_245::healing_random_enemy_damage; per-card: reports/card_quality_full_2026-09-27/icc_probe.csv#ICC_245::healing_random_enemy_damage,"聚合状态取该卡最差机制；普通烟测只证明可执行，不能单独构成 GREEN。 1 live cases; card EN/ZH text, source, existing tests and prior audit recorded in probe notes.","Whenever your hero is healed, deal that much damage to a random enemy minion.",每当你的英雄获得治疗时，便随机对一个敌方随从造成等量的 伤害。,fireplace/cards/icecrown/paladin.py:14
17.6.0.53261,Knights of the Frozen Throne (ICECROWN),ICC_252,Coldwraith,冰冷鬼魂,Battlecry|Draw / Discard,GREEN,implemented,yes,本轮逐卡行为断言通过：frozen_enemy_draws=enemy_frozen=True;draw_delta=1;hand=['CS2_231'];source=PLAY; non_frozen_enemy_no_draw=enemy_frozen=False;draw_delta=0;deck=['CS2_231'];source=PLAY,card_mechanism.csv#ICC_252; generic-play-smoke:played; effect-evidence: reports/card_quality_full_2026-09-27/icc_probe.csv#ICC_252::frozen_enemy_draws; reports/card_quality_full_2026-09-27/icc_probe.csv#ICC_252::non_frozen_enemy_no_draw; per-card: reports/card_quality_full_2026-09-27/icc_probe.csv#ICC_252::frozen_enemy_draws; reports/card_quality_full_2026-09-27/icc_probe.csv#ICC_252::non_frozen_enemy_no_draw,"聚合状态取该卡最差机制；普通烟测只证明可执行，不能单独构成 GREEN。 2 live cases; card EN/ZH text, source, existing tests and prior audit recorded in probe notes.","Battlecry: If an enemy is Frozen, draw a card.",战吼：如果有敌人被冻结，抽一张牌。,fireplace/cards/icecrown/mage.py:26
17.6.0.53261,Knights of the Frozen Throne (ICECROWN),ICC_257,Corpse Raiser,唤尸者,Battlecry|Targeting,GREEN,implemented,yes,"本轮逐卡行为断言通过：target_resummons=target=GRAVEYARD;copies=[('EX1_399', 7, 'PLAY')];field=2;source=PLAY",card_mechanism.csv#ICC_257; generic-play-smoke:played; effect-evidence: reports/card_quality_full_2026-09-27/icc_probe.csv#ICC_257::target_resummons; per-card: reports/card_quality_full_2026-09-27/icc_probe.csv#ICC_257::target_resummons,"聚合状态取该卡最差机制；普通烟测只证明可执行，不能单独构成 GREEN。 1 live cases; card EN/ZH text, source, existing tests and prior audit recorded in probe notes.","[x]Battlecry: Give a friendly minion ""Deathrattle:   Resummon this minion.""",战吼：使一个友方随从获得“亡语：再次召唤该随从。”,fireplace/cards/icecrown/neutral_rare.py:31
17.6.0.53261,Knights of the Frozen Throne (ICECROWN),ICC_281,Forge of Souls,灵魂洪炉,Draw / Discard|Spell resolution,GREEN,implemented,yes,"本轮逐卡行为断言通过：draw_two_weapons=drawn=['CS2_091', 'ICC_236'];deck=['CS2_231'];before=3;after=1;source=GRAVEYARD",card_mechanism.csv#ICC_281; generic-play-smoke:played; effect-evidence: reports/card_quality_full_2026-09-27/icc_probe.csv#ICC_281::draw_two_weapons; per-card: reports/card_quality_full_2026-09-27/icc_probe.csv#ICC_281::draw_two_weapons,"聚合状态取该卡最差机制；普通烟测只证明可执行，不能单独构成 GREEN。 1 live cases; card EN/ZH text, source, existing tests and prior audit recorded in probe notes.",Draw 2 weapons from your deck.,从你的牌库中抽两张武器牌。,fireplace/cards/icecrown/warrior.py:51
17.6.0.53261,Knights of the Frozen Throne (ICECROWN),ICC_289,Moorabi,莫拉比,Targeting|Trigger,GREEN,implemented,yes,"本轮逐卡行为断言通过：freeze_other_adds_copy=moorabi=PLAY;target=PLAY/True;copies=[('CS2_231', 'HAND')]; freeze_self_excluded=moorabi=PLAY/True;self_copies=[];p_hand=[]",card_mechanism.csv#ICC_289; generic-play-smoke:played; effect-evidence: reports/card_quality_full_2026-09-27/icc_probe.csv#ICC_289::freeze_other_adds_copy; reports/card_quality_full_2026-09-27/icc_probe.csv#ICC_289::freeze_self_excluded; per-card: reports/card_quality_full_2026-09-27/icc_probe.csv#ICC_289::freeze_other_adds_copy; reports/card_quality_full_2026-09-27/icc_probe.csv#ICC_289::freeze_self_excluded,"聚合状态取该卡最差机制；普通烟测只证明可执行，不能单独构成 GREEN。 2 live cases; card EN/ZH text, source, existing tests and prior audit recorded in probe notes.","Whenever another minion is Frozen, add a copy of it to your hand.",每当有其他随从被冻结，将一张被冻结随从的复制置入你的 手牌。,fireplace/cards/icecrown/shaman.py:30
17.6.0.53261,Knights of the Frozen Throne (ICECROWN),ICC_314,The Lich King,巫妖王,Random effects|Taunt|Trigger,GREEN,implemented,yes,"本轮逐卡行为断言通过：end_turn_death_knight_card=taunt=True;death_knight_cards=['ICC_314t2', 'ICC_314t3', 'ICC_314t5', 'ICC_314t6', 'ICC_314t7', 'ICC_314t8']",card_mechanism.csv#ICC_314; generic-play-smoke:played; effect-evidence: reports/card_quality_full_2026-09-27/icc_probe.csv#ICC_314::end_turn_death_knight_card; per-card: reports/card_quality_full_2026-09-27/icc_probe.csv#ICC_314::end_turn_death_knight_card,"聚合状态取该卡最差机制；普通烟测只证明可执行，不能单独构成 GREEN。 1 live cases; card EN/ZH text, source, existing tests and prior audit recorded in probe notes.","[x]Taunt At the end of your turn, add a random Death Knight card to your hand.",嘲讽 在你的回合结束时，随机将一张死亡骑士牌置入你的手牌。,fireplace/cards/icecrown/neutral_legendary.py:8
17.6.0.53261,Knights of the Frozen Throne (ICECROWN),ICC_405,Rotface,腐面,Random effects|Summon|Trigger,RED,partial,yes,"确认行为与文本不符：lethal_damage_no_legendary expected[Lethal damage does not summon a Legendary.] observed[rot=GRAVEYARD;damage=0;legendary_summons=[('OG_316', 'PLAY')]]",card_mechanism.csv#ICC_405; generic-play-smoke:played; effect-evidence: reports/card_quality_full_2026-09-27/icc_probe.csv#ICC_405::survive_damage_random_legendary; reports/card_quality_full_2026-09-27/icc_probe.csv#ICC_405::lethal_damage_no_legendary; per-card: reports/card_quality_full_2026-09-27/icc_probe.csv#ICC_405::survive_damage_random_legendary; reports/card_quality_full_2026-09-27/icc_probe.csv#ICC_405::lethal_damage_no_legendary,"聚合状态取该卡最差机制；普通烟测只证明可执行，不能单独构成 GREEN。 2 live cases; card EN/ZH text, source, existing tests and prior audit recorded in probe notes.","[x]After this minion survives damage, summon a random Legendary minion.",在该随从受到伤害并没有死亡后，随机召唤一个传说随从。,fireplace/cards/icecrown/warrior.py:20
17.6.0.53261,Knights of the Frozen Throne (ICECROWN),ICC_407,Gnomeferatu,侏儒吸血鬼,Battlecry,GREEN,implemented,yes,本轮逐卡行为断言通过：mill_opponent_top_card=removed=CS2_231/REMOVEDFROMGAME;kept=CS2_029/DECK;deck=['CS2_029'];before=2;source=PLAY,card_mechanism.csv#ICC_407; generic-play-smoke:played; effect-evidence: reports/card_quality_full_2026-09-27/icc_probe.csv#ICC_407::mill_opponent_top_card; per-card: reports/card_quality_full_2026-09-27/icc_probe.csv#ICC_407::mill_opponent_top_card,"聚合状态取该卡最差机制；普通烟测只证明可执行，不能单独构成 GREEN。 1 live cases; card EN/ZH text, source, existing tests and prior audit recorded in probe notes.",Battlecry: Remove the top card of your opponent's deck.,战吼：移除你对手的牌库顶的一张牌。,fireplace/cards/icecrown/warlock.py:20
17.6.0.53261,Knights of the Frozen Throne (ICECROWN),ICC_408,Val'kyr Soulclaimer,瓦格里摄魂者,Summon|Trigger,RED,partial,yes,确认行为与文本不符：lethal_damage_no_ghoul expected[Lethal damage does not summon a Ghoul.] observed[val=GRAVEYARD;damage=0;ghouls=1],card_mechanism.csv#ICC_408; generic-play-smoke:played; effect-evidence: reports/card_quality_full_2026-09-27/icc_probe.csv#ICC_408::survive_damage_ghoul; reports/card_quality_full_2026-09-27/icc_probe.csv#ICC_408::lethal_damage_no_ghoul; per-card: reports/card_quality_full_2026-09-27/icc_probe.csv#ICC_408::survive_damage_ghoul; reports/card_quality_full_2026-09-27/icc_probe.csv#ICC_408::lethal_damage_no_ghoul,"聚合状态取该卡最差机制；普通烟测只证明可执行，不能单独构成 GREEN。 2 live cases; card EN/ZH text, source, existing tests and prior audit recorded in probe notes.","[x]After this minion survives damage, summon a 2/2 Ghoul.",在该随从受到伤害并没有死亡后，召唤一个2/2的食尸鬼。,fireplace/cards/icecrown/warrior.py:26
17.6.0.53261,Knights of the Frozen Throne (ICECROWN),ICC_415,Stitched Tracker,缝合追踪者,Battlecry|Discover / Choice,GREEN,implemented,yes,"本轮逐卡行为断言通过：discover_deck_minion_copy=choices=['CS2_231', 'EX1_399'];chosen=CS2_231;copies=[('CS2_231', 'HAND')];deck=['CS2_231', 'EX1_399', 'CS2_029'];before=3;source=PLAY",card_mechanism.csv#ICC_415; generic-play-smoke:played; effect-evidence: reports/card_quality_full_2026-09-27/icc_probe.csv#ICC_415::discover_deck_minion_copy; per-card: reports/card_quality_full_2026-09-27/icc_probe.csv#ICC_415::discover_deck_minion_copy,"聚合状态取该卡最差机制；普通烟测只证明可执行，不能单独构成 GREEN。 1 live cases; card EN/ZH text, source, existing tests and prior audit recorded in probe notes.",Battlecry: Discover a copy of a minion in your deck.,战吼： 从你的牌库中发现一张随从牌的复制。,fireplace/cards/icecrown/hunter.py:34
17.6.0.53261,Knights of the Frozen Throne (ICECROWN),ICC_419,Bearshark,熊鲨,Untargetable,GREEN,implemented,yes,"本轮逐卡行为断言通过：spell_and_power_untargetable=spell_targets=['HERO_08', 'HERO_08', 'CS2_231'];power_targets=['HERO_08', 'HERO_08', 'CS2_231'];bear=PLAY;other=PLAY",card_mechanism.csv#ICC_419; generic-play-smoke:played; effect-evidence: reports/card_quality_full_2026-09-27/icc_probe.csv#ICC_419::spell_and_power_untargetable; per-card: reports/card_quality_full_2026-09-27/icc_probe.csv#ICC_419::spell_and_power_untargetable,"聚合状态取该卡最差机制；普通烟测只证明可执行，不能单独构成 GREEN。 1 live cases; card EN/ZH text, source, existing tests and prior audit recorded in probe notes.",Can't be targeted by spells or Hero Powers.,无法成为法术或英雄技能的目标。,
17.6.0.53261,Knights of the Frozen Throne (ICECROWN),ICC_450,Death Revenant,死亡幽魂,Battlecry,GREEN,implemented,yes,"本轮逐卡行为断言通过：damaged_minions_plus_one_each=damaged=[('EX1_399', 1, 'PLAY'), ('CS2_182', 1, 'PLAY')];revenant=5/5;base=3/3",card_mechanism.csv#ICC_450; generic-play-smoke:played; effect-evidence: reports/card_quality_full_2026-09-27/icc_probe.csv#ICC_450::damaged_minions_plus_one_each; per-card: reports/card_quality_full_2026-09-27/icc_probe.csv#ICC_450::damaged_minions_plus_one_each,"聚合状态取该卡最差机制；普通烟测只证明可执行，不能单独构成 GREEN。 1 live cases; card EN/ZH text, source, existing tests and prior audit recorded in probe notes.",Battlecry: Gain +1/+1 for each damaged minion.,战吼：每有一个受伤的随从，便获得+1/+1。,fireplace/cards/icecrown/warrior.py:32
17.6.0.53261,Knights of the Frozen Throne (ICECROWN),ICC_466,Saronite Chain Gang,萨隆苦囚,Battlecry|Summon|Taunt,GREEN,implemented,yes,"本轮逐卡行为断言通过：summon_exact_taunt_copy=field=[('ICC_466', 2, 3, 1, 'PLAY'), ('ICC_466', 2, 3, 1, 'PLAY')];source=PLAY",card_mechanism.csv#ICC_466; generic-play-smoke:played; effect-evidence: reports/card_quality_full_2026-09-27/icc_probe.csv#ICC_466::summon_exact_taunt_copy; per-card: reports/card_quality_full_2026-09-27/icc_probe.csv#ICC_466::summon_exact_taunt_copy,"聚合状态取该卡最差机制；普通烟测只证明可执行，不能单独构成 GREEN。 1 live cases; card EN/ZH text, source, existing tests and prior audit recorded in probe notes.",[x]Taunt Battlecry: Summon another Saronite Chain Gang.,嘲讽 战吼：召唤另一个萨隆苦囚。,fireplace/cards/icecrown/neutral_rare.py:47
17.6.0.53261,Knights of the Frozen Throne (ICECROWN),ICC_467,Deathspeaker,亡语者,Battlecry|Targeting,GREEN,implemented,yes,本轮逐卡行为断言通过：immune_this_turn=target=PLAY;immune_now=True;damage=0;expired_after_owner_turn=False;source=PLAY,card_mechanism.csv#ICC_467; generic-play-smoke:played; effect-evidence: reports/card_quality_full_2026-09-27/icc_probe.csv#ICC_467::immune_this_turn; per-card: reports/card_quality_full_2026-09-27/icc_probe.csv#ICC_467::immune_this_turn,"聚合状态取该卡最差机制；普通烟测只证明可执行，不能单独构成 GREEN。 1 live cases; card EN/ZH text, source, existing tests and prior audit recorded in probe notes.",Battlecry: Give a friendly minion Immune this turn.,战吼：在本回合中，使一个友方随从获得免疫。,fireplace/cards/icecrown/neutral_common.py:104
17.6.0.53261,Knights of the Frozen Throne (ICECROWN),ICC_468,Wretched Tiller,失心农夫,Trigger,GREEN,implemented,yes,本轮逐卡行为断言通过：attack_deals_two_to_hero=minion_attack_hero=30->28;defender=6/1;face_attack=28->25;tiller2=PLAY,card_mechanism.csv#ICC_468; generic-play-smoke:played; effect-evidence: reports/card_quality_full_2026-09-27/icc_probe.csv#ICC_468::attack_deals_two_to_hero; per-card: reports/card_quality_full_2026-09-27/icc_probe.csv#ICC_468::attack_deals_two_to_hero,"聚合状态取该卡最差机制；普通烟测只证明可执行，不能单独构成 GREEN。 1 live cases; card EN/ZH text, source, existing tests and prior audit recorded in probe notes.","Whenever this minion attacks, deal 2 damage to the enemy hero.",每当该随从进行攻击，对敌方英雄造成2点伤害。,fireplace/cards/icecrown/neutral_common.py:118
17.6.0.53261,Knights of the Frozen Throne (ICECROWN),ICC_469,Unwilling Sacrifice,强制牺牲,Random effects|Spell resolution|Targeting,GREEN,implemented,yes,"本轮逐卡行为断言通过：destroy_friendly_random_enemy=random_enemy_destroyed=['CS2_182', 'EX1_399']",card_mechanism.csv#ICC_469; generic-play-smoke:played; effect-evidence: reports/card_quality_full_2026-09-27/icc_probe.csv#ICC_469::destroy_friendly_random_enemy; per-card: reports/card_quality_full_2026-09-27/icc_probe.csv#ICC_469::destroy_friendly_random_enemy,"聚合状态取该卡最差机制；普通烟测只证明可执行，不能单独构成 GREEN。 1 live cases; card EN/ZH text, source, existing tests and prior audit recorded in probe notes.",Choose a friendly minion. Destroy it and a random enemy minion.,选择一个友方随从，消灭该随从和一个随机敌方随从。,fireplace/cards/icecrown/warlock.py:81
17.6.0.53261,Knights of the Frozen Throne (ICECROWN),ICC_481,"Thrall, Deathseer",死亡先知萨尔,Battlecry|Cost modification|Random effects|Transform,GREEN,implemented,yes,"本轮逐卡行为断言通过：evolve_minions_cost_plus_two=evolved_minions=['BOT_419', 'BT_341', 'DRG_231', 'EX1_249', 'GIL_152', 'GIL_825', 'GVG_007', 'ICC_058', 'KAR_062', 'LOE_046', 'TRL_260', 'TRL_528', 'ULD_195', 'ULD_309', 'UNG_926', 'UNG_953']",card_mechanism.csv#ICC_481; generic-play-smoke:played; effect-evidence: reports/card_quality_full_2026-09-27/icc_probe.csv#ICC_481::evolve_minions_cost_plus_two; per-card: reports/card_quality_full_2026-09-27/icc_probe.csv#ICC_481::evolve_minions_cost_plus_two,"聚合状态取该卡最差机制；普通烟测只证明可执行，不能单独构成 GREEN。 1 live cases; card EN/ZH text, source, existing tests and prior audit recorded in probe notes.",Battlecry: Transform your minions into random ones that cost (2) more.,战吼：随机将你的所有随从变形成为法力值消耗增加（2）点的随从。,fireplace/cards/icecrown/shaman.py:87
17.6.0.53261,Knights of the Frozen Throne (ICECROWN),ICC_700,Happy Ghoul,开心的食尸鬼,Trigger,GREEN,implemented,yes,本轮逐卡行为断言通过：healed_hero_zero_cost_until_turn_end=cost=3->0->3;hero=30;zone=HAND,card_mechanism.csv#ICC_700; generic-play-smoke:played; effect-evidence: reports/card_quality_full_2026-09-27/icc_probe.csv#ICC_700::healed_hero_zero_cost_until_turn_end; per-card: reports/card_quality_full_2026-09-27/icc_probe.csv#ICC_700::healed_hero_zero_cost_until_turn_end,"聚合状态取该卡最差机制；普通烟测只证明可执行，不能单独构成 GREEN。 1 live cases; card EN/ZH text, source, existing tests and prior audit recorded in probe notes.",Costs (0) if your hero was healed this turn.,在本回合中，如果你的英雄受到治疗，则 法力值消耗为（0）点。,fireplace/cards/icecrown/neutral_rare.py:53
17.6.0.53261,Knights of the Frozen Throne (ICECROWN),ICC_701,Skulking Geist,游荡恶鬼,Battlecry,GREEN,implemented,yes,"本轮逐卡行为断言通过：destroy_one_cost_spells_everywhere=p_hand=['CS2_029', 'CS2_231'];e_hand=['CS2_029', 'CS2_231'];p_deck=['CS2_029', 'CS2_231'];e_deck=['CS2_029', 'CS2_231'];source=PLAY",card_mechanism.csv#ICC_701; generic-play-smoke:played; effect-evidence: reports/card_quality_full_2026-09-27/icc_probe.csv#ICC_701::destroy_one_cost_spells_everywhere; per-card: reports/card_quality_full_2026-09-27/icc_probe.csv#ICC_701::destroy_one_cost_spells_everywhere,"聚合状态取该卡最差机制；普通烟测只证明可执行，不能单独构成 GREEN。 1 live cases; card EN/ZH text, source, existing tests and prior audit recorded in probe notes.",Battlecry: Destroy all 1-Cost spells in both hands and decks.,战吼：摧毁双方手牌中和牌库中所有法力值消耗为（1）的 法术牌。,fireplace/cards/icecrown/neutral_epic.py:34
17.6.0.53261,Knights of the Frozen Throne (ICECROWN),ICC_702,Shallow Gravedigger,孱弱的掘墓者,Deathrattle|Random effects,GREEN,implemented,yes,逐卡实际对局断言通过：random_deathrattle_minion=hand=['UNG_027'];source_death=ICC_019;gravedigger=GRAVEYARD,card_mechanism.csv#ICC_702; generic-play-smoke:played; effect-evidence: reports/card_quality_full_2026-09-27/icc_probe.csv#ICC_702::random_deathrattle_minion; per-card: reports/card_quality_full_2026-09-27/icc_probe.csv#ICC_702::random_deathrattle_minion,聚合状态取该卡最差机制；普通烟测只证明可执行，不能单独构成 GREEN。 EN=Deathrattle: Add a random Deathrattle minion to your hand.; ZH=亡语：随机将一个具有亡语的随从置入你的手牌。; source=fireplace/cards/icecrown/neutral_rare.py:71; existing_tests=无候选既有测试引用; previous_card_audit=2 个机制缺少充分的核心效果验证；逐机制依据见 card_mechanism.csv。; previous_mechanism_audit=存在定义或元数据候选；当前没有可复查的该机制核心效果断言。 / 存在效果脚本；烟测仅验证执行和基础状态，缺少充分逐卡效果断言。; prior_cross_card_issues=无; audit_scope=本轮实际运行逐卡断言。,Deathrattle: Add a random Deathrattle minion to your hand.,亡语：随机将一个具有亡语的随从置入你的手牌。,fireplace/cards/icecrown/neutral_rare.py:71
17.6.0.53261,Knights of the Frozen Throne (ICECROWN),ICC_705,Bonemare,骨魇,Battlecry|Targeting,GREEN,implemented,yes,"逐卡实际对局断言通过：friendly_plus_four_taunt=target=5/5;base=(1, 1);taunt=True;bonemare=PLAY",card_mechanism.csv#ICC_705; generic-play-smoke:played; effect-evidence: reports/card_quality_full_2026-09-27/icc_probe.csv#ICC_705::friendly_plus_four_taunt; per-card: reports/card_quality_full_2026-09-27/icc_probe.csv#ICC_705::friendly_plus_four_taunt,聚合状态取该卡最差机制；普通烟测只证明可执行，不能单独构成 GREEN。 EN=Battlecry: Give a friendly minion +4/+4 and Taunt.; ZH=战吼：使一个友方随从获得+4/+4和嘲讽。; source=fireplace/cards/icecrown/neutral_common.py:124; existing_tests=无候选既有测试引用; previous_card_audit=2 个机制缺少充分的核心效果验证；逐机制依据见 card_mechanism.csv。; previous_mechanism_audit=存在定义或元数据候选；当前没有可复查的该机制核心效果断言。 / 缺目标与非法自身目标均在付费/移区前被拒绝；合法目标效果仍需逐卡验证。; prior_cross_card_issues=无; audit_scope=本轮实际运行逐卡断言。,Battlecry: Give a friendly minion +4/+4 and Taunt.,战吼：使一个友方随从获得+4/+4和嘲讽。,fireplace/cards/icecrown/neutral_common.py:124
17.6.0.53261,Knights of the Frozen Throne (ICECROWN),ICC_706,Nerubian Unraveler,蛛魔拆解者,Aura|Continuous effect / Update|Cost modification,GREEN,implemented,yes,逐卡实际对局断言通过：all_spell_cost_aura=own_spell=2;enemy_spell=2;aura_source=GRAVEYARD,card_mechanism.csv#ICC_706; generic-play-smoke:played; effect-evidence: reports/card_quality_full_2026-09-27/icc_probe.csv#ICC_706::all_spell_cost_aura; per-card: reports/card_quality_full_2026-09-27/icc_probe.csv#ICC_706::all_spell_cost_aura,聚合状态取该卡最差机制；普通烟测只证明可执行，不能单独构成 GREEN。 EN=Spells cost (2) more.; ZH=法术的法力值消耗增加（2）点。; source=fireplace/cards/icecrown/neutral_epic.py:40; existing_tests=无候选既有测试引用; previous_card_audit=3 个机制缺少充分的核心效果验证；逐机制依据见 card_mechanism.csv。; previous_mechanism_audit=存在定义或元数据候选；当前没有可复查的该机制核心效果断言。; prior_cross_card_issues=无; audit_scope=本轮实际运行逐卡断言。,Spells cost (2) more.,法术的法力值消耗增加（2）点。,fireplace/cards/icecrown/neutral_epic.py:40
17.6.0.53261,Knights of the Frozen Throne (ICECROWN),ICC_801,Howling Commander,咆哮的指挥官,Battlecry|Draw / Discard,GREEN,implemented,yes,逐卡实际对局断言通过：draw_divine_shield_minion=hand=['ICC_038'];deck=['CS2_231'];commander=PLAY,card_mechanism.csv#ICC_801; generic-play-smoke:played; effect-evidence: reports/card_quality_full_2026-09-27/icc_probe.csv#ICC_801::draw_divine_shield_minion; per-card: reports/card_quality_full_2026-09-27/icc_probe.csv#ICC_801::draw_divine_shield_minion,聚合状态取该卡最差机制；普通烟测只证明可执行，不能单独构成 GREEN。 EN=Battlecry: Draw a Divine Shield minion from your deck.; ZH=战吼：从你的牌库中抽一张具有圣盾的随从牌。; source=fireplace/cards/icecrown/paladin.py:20; existing_tests=无候选既有测试引用; previous_card_audit=2 个机制缺少充分的核心效果验证；逐机制依据见 card_mechanism.csv。; previous_mechanism_audit=存在定义或元数据候选；当前没有可复查的该机制核心效果断言。; prior_cross_card_issues=无; audit_scope=本轮实际运行逐卡断言。,Battlecry: Draw a Divine Shield minion from your deck.,战吼：从你的牌库中抽一张具有圣盾的随从牌。,fireplace/cards/icecrown/paladin.py:20
17.6.0.53261,Knights of the Frozen Throne (ICECROWN),ICC_802,Spirit Lash,灵魂鞭笞,Lifesteal|Spell resolution,GREEN,implemented,yes,"逐卡实际对局断言通过：all_minions_one_lifesteal=before=(5, 5, 20);after=(4, 4, 22);spell=GRAVEYARD",card_mechanism.csv#ICC_802; generic-play-smoke:played; effect-evidence: reports/card_quality_full_2026-09-27/icc_probe.csv#ICC_802::all_minions_one_lifesteal; per-card: reports/card_quality_full_2026-09-27/icc_probe.csv#ICC_802::all_minions_one_lifesteal,聚合状态取该卡最差机制；普通烟测只证明可执行，不能单独构成 GREEN。 EN=Lifesteal Deal $1 damage to all minions.; ZH=吸血 对所有随从造成 $1点伤害。; source=fireplace/cards/icecrown/priest.py:67; existing_tests=无候选既有测试引用; previous_card_audit=2 个机制缺少充分的核心效果验证；逐机制依据见 card_mechanism.csv。; previous_mechanism_audit=存在定义或元数据候选；当前没有可复查的该机制核心效果断言。; prior_cross_card_issues=无; audit_scope=本轮实际运行逐卡断言。,Lifesteal Deal $1 damage to all minions.,吸血 对所有随从造成 $1点伤害。,fireplace/cards/icecrown/priest.py:67
17.6.0.53261,Knights of the Frozen Throne (ICECROWN),ICC_807,Strongshell Scavenger,硬壳清道夫,Battlecry,GREEN,implemented,yes,"逐卡实际对局断言通过：taunt_minions_only=taunt=3/4;plain=1/1;before=(1, 2, 1, 1)",card_mechanism.csv#ICC_807; generic-play-smoke:played; effect-evidence: reports/card_quality_full_2026-09-27/icc_probe.csv#ICC_807::taunt_minions_only; per-card: reports/card_quality_full_2026-09-27/icc_probe.csv#ICC_807::taunt_minions_only,聚合状态取该卡最差机制；普通烟测只证明可执行，不能单独构成 GREEN。 EN=Battlecry: Give your Taunt minions +2/+2.; ZH=战吼：使你具有嘲讽的随从获得+2/+2。; source=fireplace/cards/icecrown/druid.py:53; existing_tests=无候选既有测试引用; previous_card_audit=1 个机制缺少充分的核心效果验证；逐机制依据见 card_mechanism.csv。; previous_mechanism_audit=存在定义或元数据候选；当前没有可复查的该机制核心效果断言。; prior_cross_card_issues=无; audit_scope=本轮实际运行逐卡断言。,Battlecry: Give your Taunt minions +2/+2.,战吼：使你具有嘲讽的随从获得+2/+2。,fireplace/cards/icecrown/druid.py:53
17.6.0.53261,Knights of the Frozen Throne (ICECROWN),ICC_808,Crypt Lord,地穴领主,Summon|Taunt|Trigger,RED,partial,yes,"实测与卡牌文本不符：all_summons_plus_health预期[Each subsequently summoned minion gives Crypt Lord +1 Health.]，实际[AssertionError: before=(6, 6);after_plain=(6, 6);after_taunt=(7, 7)]",card_mechanism.csv#ICC_808; generic-play-smoke:played; effect-evidence: reports/card_quality_full_2026-09-27/icc_probe.csv#ICC_808::all_summons_plus_health; per-card: reports/card_quality_full_2026-09-27/icc_probe.csv#ICC_808::all_summons_plus_health,"聚合状态取该卡最差机制；普通烟测只证明可执行，不能单独构成 GREEN。 EN=[x]Taunt After you summon a minion,  gain +1 Health.; ZH=嘲讽 在你召唤一个随从后，获得+1生命值。; source=fireplace/cards/icecrown/druid.py:62; existing_tests=无候选既有测试引用; previous_card_audit=3 个机制缺少充分的核心效果验证；逐机制依据见 card_mechanism.csv。; previous_mechanism_audit=存在定义或元数据候选；当前没有可复查的该机制核心效果断言。; prior_cross_card_issues=无; audit_scope=本轮实际运行逐卡断言。 confirmed_RED_scope=英文效果要求召唤任意随从后获得+1生命；源码fireplace/cards/icecrown/druid.py:62使用Summon(CONTROLLER, TAUNT)，普通Wisp召唤未触发，只有Taunt召唤触发。","[x]Taunt After you summon a minion,  gain +1 Health.",嘲讽 在你召唤一个随从后，获得+1生命值。,fireplace/cards/icecrown/druid.py:62
17.6.0.53261,Knights of the Frozen Throne (ICECROWN),ICC_809,Plague Scientist,瘟疫科学家,Combo|Targeting,GREEN,implemented,yes,逐卡实际对局断言通过：combo_poisonous=scientist=PLAY;target_poisonous=True;target=PLAY；without_combo_no_effect=target=PLAY;scientist=PLAY;poisonous=False,card_mechanism.csv#ICC_809; generic-play-smoke:played; effect-evidence: reports/card_quality_full_2026-09-27/icc_probe.csv#ICC_809::combo_poisonous; reports/card_quality_full_2026-09-27/icc_probe.csv#ICC_809::without_combo_no_effect; per-card: reports/card_quality_full_2026-09-27/icc_probe.csv#ICC_809::combo_poisonous; reports/card_quality_full_2026-09-27/icc_probe.csv#ICC_809::without_combo_no_effect,聚合状态取该卡最差机制；普通烟测只证明可执行，不能单独构成 GREEN。 EN=Combo: Give a friendly minion Poisonous.; ZH=连击：使一个友方随从获得剧毒。; source=fireplace/cards/icecrown/rogue.py:22; existing_tests=tests/test_icecrown.py:241:test_plague_scientist; previous_card_audit=2 个机制缺少充分的核心效果验证；逐机制依据见 card_mechanism.csv。; previous_mechanism_audit=存在定义或元数据候选；当前没有可复查的该机制核心效果断言。; prior_cross_card_issues=无; audit_scope=本轮实际运行逐卡断言。,Combo: Give a friendly minion Poisonous.,连击：使一个友方随从获得剧毒。,fireplace/cards/icecrown/rogue.py:22
17.6.0.53261,Knights of the Frozen Throne (ICECROWN),ICC_810,Deathaxe Punisher,亡斧惩罚者,Battlecry|Random effects,GREEN,implemented,yes,"逐卡实际对局断言通过：random_lifesteal_hand_buff=before={'ICC_220': (1, 1), 'ICC_905': (4, 4), 'CS2_231': (1, 1)};after=[('ICC_220', 3, 3), ('ICC_905', 4, 4), ('CS2_231', 1, 1)];changed=['ICC_220']",card_mechanism.csv#ICC_810; generic-play-smoke:played; effect-evidence: reports/card_quality_full_2026-09-27/icc_probe.csv#ICC_810::random_lifesteal_hand_buff; per-card: reports/card_quality_full_2026-09-27/icc_probe.csv#ICC_810::random_lifesteal_hand_buff,聚合状态取该卡最差机制；普通烟测只证明可执行，不能单独构成 GREEN。 EN=Battlecry: Give a random Lifesteal minion in your hand +2/+2.; ZH=战吼：随机使你手牌中一个具有吸血的随从获得+2/+2。; source=fireplace/cards/icecrown/neutral_epic.py:46; existing_tests=无候选既有测试引用; previous_card_audit=2 个机制缺少充分的核心效果验证；逐机制依据见 card_mechanism.csv。; previous_mechanism_audit=存在定义或元数据候选；当前没有可复查的该机制核心效果断言。; prior_cross_card_issues=无; audit_scope=本轮实际运行逐卡断言。,Battlecry: Give a random Lifesteal minion in your hand +2/+2.,战吼：随机使你手牌中一个具有吸血的随从获得+2/+2。,fireplace/cards/icecrown/neutral_epic.py:46
17.6.0.53261,Knights of the Frozen Throne (ICECROWN),ICC_811,Lilian Voss,莉莉安·沃斯,Battlecry|Random effects,GREEN,implemented,yes,"逐卡实际对局断言通过：replace_all_hand_spells_enemy_class=hand=['BT_002', 'GIL_147', 'CS2_231'];spells=['BT_002', 'GIL_147'];keep=CS2_231;originals=['CS2_008', 'EX1_154']",card_mechanism.csv#ICC_811; generic-play-smoke:played; effect-evidence: reports/card_quality_full_2026-09-27/icc_probe.csv#ICC_811::replace_all_hand_spells_enemy_class; per-card: reports/card_quality_full_2026-09-27/icc_probe.csv#ICC_811::replace_all_hand_spells_enemy_class,聚合状态取该卡最差机制；普通烟测只证明可执行，不能单独构成 GREEN。 EN=Battlecry: Replace spells in your hand with random spells (from your opponent's class).; ZH=战吼：随机将你手牌中所有的法术牌替换成（你对手职业的）法术牌。; source=fireplace/cards/icecrown/rogue.py:33; existing_tests=tests/test_misc.py:130:test_lilian_voss_and_ragnaros_hero; previous_card_audit=2 个机制缺少充分的核心效果验证；逐机制依据见 card_mechanism.csv。; previous_mechanism_audit=存在定义或元数据候选；当前没有可复查的该机制核心效果断言。; prior_cross_card_issues=无; audit_scope=本轮实际运行逐卡断言。,Battlecry: Replace spells in your hand with random spells (from your opponent's class).,战吼：随机将你手牌中所有的法术牌替换成（你对手职业的）法术牌。,fireplace/cards/icecrown/rogue.py:33
17.6.0.53261,Knights of the Frozen Throne (ICECROWN),ICC_812,Meat Wagon,绞肉车,Deathrattle|Summon,RED,partial,yes,实测与卡牌文本不符：less_than_attack_not_equal预期[Deathrattle does not summon a deck minion whose Attack equals Meat Wagon's Attack.]，实际[AssertionError: wagon_attack=1;summoned=['CS2_231'];deck=[]],card_mechanism.csv#ICC_812; generic-play-smoke:played; effect-evidence: reports/card_quality_full_2026-09-27/icc_probe.csv#ICC_812::less_than_attack_not_equal; reports/card_quality_full_2026-09-27/icc_probe.csv#ICC_812::strictly_lower_control; per-card: reports/card_quality_full_2026-09-27/icc_probe.csv#ICC_812::less_than_attack_not_equal; reports/card_quality_full_2026-09-27/icc_probe.csv#ICC_812::strictly_lower_control,聚合状态取该卡最差机制；普通烟测只证明可执行，不能单独构成 GREEN。 EN=[x]Deathrattle: Summon a minion from your deck with less Attack than this minion.; ZH=亡语：从你的牌库中召唤一个攻击力小于该随从攻击力的随从。; source=fireplace/cards/icecrown/neutral_epic.py:55; existing_tests=无候选既有测试引用; previous_card_audit=2 个机制缺少充分的核心效果验证；逐机制依据见 card_mechanism.csv。; previous_mechanism_audit=存在定义或元数据候选；当前没有可复查的该机制核心效果断言。 / 存在效果脚本；烟测仅验证执行和基础状态，缺少充分逐卡效果断言。; prior_cross_card_issues=无; audit_scope=本轮实际运行逐卡断言。 confirmed_RED_scope=英文要求Attack严格小于本体；源码fireplace/cards/icecrown/neutral_epic.py:57使用(ATK <= ATK(SELF))，实测同为1攻Wisp被错误召唤，0攻Frozen Champion正向分支通过。,[x]Deathrattle: Summon a minion from your deck with less Attack than this minion.,亡语：从你的牌库中召唤一个攻击力小于该随从攻击力的随从。,fireplace/cards/icecrown/neutral_epic.py:55
17.6.0.53261,Knights of the Frozen Throne (ICECROWN),ICC_820,Chillblade Champion,寒刃勇士,Charge|Lifesteal,GREEN,implemented,yes,"逐卡实际对局断言通过：charge_lifesteal_attack=charge=1;lifesteal=1;before=(30, 20);after=(27, 23)",card_mechanism.csv#ICC_820; generic-play-smoke:played; effect-evidence: reports/card_quality_full_2026-09-27/icc_probe.csv#ICC_820::charge_lifesteal_attack; per-card: reports/card_quality_full_2026-09-27/icc_probe.csv#ICC_820::charge_lifesteal_attack,聚合状态取该卡最差机制；普通烟测只证明可执行，不能单独构成 GREEN。 EN=Charge Lifesteal; ZH=冲锋，吸血; source=未发现 Python 卡脚本; existing_tests=无候选既有测试引用; previous_card_audit=2 个机制缺少充分的核心效果验证；逐机制依据见 card_mechanism.csv。; previous_mechanism_audit=存在定义或元数据候选；当前没有可复查的该机制核心效果断言。; prior_cross_card_issues=无; audit_scope=本轮实际运行逐卡断言。,Charge Lifesteal,冲锋，吸血,
17.6.0.53261,Knights of the Frozen Throne (ICECROWN),ICC_823,Simulacrum,模拟幻影,Spell resolution,GREEN,implemented,yes,"逐卡实际对局断言通过：copy_lowest_cost_minion=hand=['CS1_042', 'ICC_705', 'CS1_042'];low=CS1_042@1;high=ICC_705@8;spell=GRAVEYARD",card_mechanism.csv#ICC_823; generic-play-smoke:played; effect-evidence: reports/card_quality_full_2026-09-27/icc_probe.csv#ICC_823::copy_lowest_cost_minion; per-card: reports/card_quality_full_2026-09-27/icc_probe.csv#ICC_823::copy_lowest_cost_minion,聚合状态取该卡最差机制；普通烟测只证明可执行，不能单独构成 GREEN。 EN=Copy the lowest Cost minion in your hand.; ZH=复制你手牌中法力值消耗最低的随从牌。; source=fireplace/cards/icecrown/mage.py:67; existing_tests=无候选既有测试引用; previous_card_audit=1 个机制缺少充分的核心效果验证；逐机制依据见 card_mechanism.csv。; previous_mechanism_audit=存在定义或元数据候选；当前没有可复查的该机制核心效果断言。; prior_cross_card_issues=无; audit_scope=本轮实际运行逐卡断言。,Copy the lowest Cost minion in your hand.,复制你手牌中法力值消耗最低的随从牌。,fireplace/cards/icecrown/mage.py:67
17.6.0.53261,Knights of the Frozen Throne (ICECROWN),ICC_825,Abominable Bowman,憎恶弓箭手,Deathrattle|Random effects|Summon,GREEN,implemented,yes,"逐卡实际对局断言通过：summon_dead_friendly_beast=dead=EX1_170;field=['EX1_170'];revived=['EX1_170']；friendly_beast_pool_filter=dead=['EX1_170', 'EX1_170', 'CS2_231'];field=['EX1_170']",card_mechanism.csv#ICC_825; generic-play-smoke:played; effect-evidence: reports/card_quality_full_2026-09-27/icc_probe.csv#ICC_825::summon_dead_friendly_beast; reports/card_quality_full_2026-09-27/icc_probe.csv#ICC_825::friendly_beast_pool_filter; per-card: reports/card_quality_full_2026-09-27/icc_probe.csv#ICC_825::summon_dead_friendly_beast; reports/card_quality_full_2026-09-27/icc_probe.csv#ICC_825::friendly_beast_pool_filter,聚合状态取该卡最差机制；普通烟测只证明可执行，不能单独构成 GREEN。 EN=[x]Deathrattle: Summon a random friendly Beast that died this game.; ZH=亡语：随机召唤一个在本局对战中死亡的友方野兽。; source=fireplace/cards/icecrown/hunter.py:42; existing_tests=无候选既有测试引用; previous_card_audit=3 个机制缺少充分的核心效果验证；逐机制依据见 card_mechanism.csv。; previous_mechanism_audit=存在定义或元数据候选；当前没有可复查的该机制核心效果断言。 / 存在效果脚本；烟测仅验证执行和基础状态，缺少充分逐卡效果断言。; prior_cross_card_issues=无; audit_scope=本轮实际运行逐卡断言。,[x]Deathrattle: Summon a random friendly Beast that died this game.,亡语：随机召唤一个在本局对战中死亡的友方野兽。,fireplace/cards/icecrown/hunter.py:42
17.6.0.53261,Knights of the Frozen Throne (ICECROWN),ICC_827,Valeera the Hollow,虚空之影瓦莉拉,Battlecry,RED,partial,yes,"实测与卡牌文本不符：stealth_and_shadow_reflection预期[Battlecry grants Stealth through the current turn and replaces the Hero Power with Shadow Reflection until the next turn.]，实际[AssertionError: hero=ICC_827;stealthed=False;power=ICC_827p;power_exhausted=False;reflected_hand=['CS2_231'];hand_at_own_turn_end=['CS2_231'];hand_after_turn=['CS2_231', 'ICC_827t'];reflection_expired=False]",card_mechanism.csv#ICC_827; generic-play-smoke:played; effect-evidence: reports/card_quality_full_2026-09-27/icc_probe.csv#ICC_827::stealth_and_shadow_reflection; per-card: reports/card_quality_full_2026-09-27/icc_probe.csv#ICC_827::stealth_and_shadow_reflection,聚合状态取该卡最差机制；普通烟测只证明可执行，不能单独构成 GREEN。 EN=Battlecry: Gain Stealth until your next turn.; ZH=战吼：获得潜行直到你的下个回合。; source=fireplace/cards/icecrown/rogue.py:97; existing_tests=tests/test_icecrown.py:145:test_valeera_the_hollow; previous_card_audit=1 个机制缺少充分的核心效果验证；逐机制依据见 card_mechanism.csv。; previous_mechanism_audit=存在定义或元数据候选；当前没有可复查的该机制核心效果断言。; prior_cross_card_issues=无; audit_scope=本轮实际运行逐卡断言。 confirmed_RED_scope=Shadow Reflection 复制卡应在当前己方回合结束时离开手牌；实测复制后的Wisp仍在手牌跨过OWN_TURN_END，且下一回合又新增ICC_827t；源码fireplace/cards/icecrown/rogue.py:131-137仅销毁增益实体。参考规则说明：https://hearthstone.wiki.gg/wiki/Valeera_the_Hollow。,Battlecry: Gain Stealth until your next turn.,战吼：获得潜行直到你的下个回合。,fireplace/cards/icecrown/rogue.py:97
17.6.0.53261,Knights of the Frozen Throne (ICECROWN),ICC_828,Deathstalker Rexxar,死亡猎手雷克萨,Battlecry,GREEN,implemented,yes,"逐卡实际对局断言通过：enemy_minions_two_damage=enemy=3;enemy_hero=30;before_hero=30;hero=ICC_828;rex=PLAY；build_a_beast_two_choices=first=DRG_088;second=DRG_065;result=[(5, 10, 7)];expected=(5, 10, 7);power=ICC_828p",card_mechanism.csv#ICC_828; generic-play-smoke:played; effect-evidence: reports/card_quality_full_2026-09-27/icc_probe.csv#ICC_828::enemy_minions_two_damage; reports/card_quality_full_2026-09-27/icc_probe.csv#ICC_828::build_a_beast_two_choices; per-card: reports/card_quality_full_2026-09-27/icc_probe.csv#ICC_828::enemy_minions_two_damage; reports/card_quality_full_2026-09-27/icc_probe.csv#ICC_828::build_a_beast_two_choices,聚合状态取该卡最差机制；普通烟测只证明可执行，不能单独构成 GREEN。 EN=[x]Battlecry: Deal 2 damage to all enemy minions.; ZH=战吼： 对所有敌方随从造成2点伤害。; source=fireplace/cards/icecrown/hunter.py:86; existing_tests=tests/test_icecrown.py:63:test_deathstalker_rexxar | tests/test_web_gui_catalog.py:241:test_real_catalog_separates_heroes_and_reports_script_presence | tests/test_web_gui_catalog.py:270:test_real_catalog_separates_heroes_and_reports_script_presence | tests/test_web_gui_catalog_http.py:118:test_catalog_heroes_are_separate_and_script_badge_is_data_only; previous_card_audit=1 个机制缺少充分的核心效果验证；逐机制依据见 card_mechanism.csv。; previous_mechanism_audit=存在定义或元数据候选；当前没有可复查的该机制核心效果断言。; prior_cross_card_issues=无; audit_scope=本轮实际运行逐卡断言。,[x]Battlecry: Deal 2 damage to all enemy minions.,战吼： 对所有敌方随从造成2点伤害。,fireplace/cards/icecrown/hunter.py:86
17.6.0.53261,Knights of the Frozen Throne (ICECROWN),ICC_829,Uther of the Ebon Blade,黑锋骑士乌瑟尔,Battlecry|Summon,GREEN,implemented,yes,"逐卡实际对局断言通过：equip_five_three_lifesteal=hero=ICC_829;weapon=ICC_829t;stats=(5, 3);lifesteal=1；four_distinct_horsemen_win=power=ICC_829p;horsemen=['ICC_829t2', 'ICC_829t3', 'ICC_829t4', 'ICC_829t5'];distinct_before_final=['ICC_829t2', 'ICC_829t4', 'ICC_829t5'];game_over=True",card_mechanism.csv#ICC_829; generic-play-smoke:played; effect-evidence: reports/card_quality_full_2026-09-27/icc_probe.csv#ICC_829::equip_five_three_lifesteal; reports/card_quality_full_2026-09-27/icc_probe.csv#ICC_829::four_distinct_horsemen_win; per-card: reports/card_quality_full_2026-09-27/icc_probe.csv#ICC_829::equip_five_three_lifesteal; reports/card_quality_full_2026-09-27/icc_probe.csv#ICC_829::four_distinct_horsemen_win,聚合状态取该卡最差机制；普通烟测只证明可执行，不能单独构成 GREEN。 EN=Battlecry: Equip a 5/3 Lifesteal weapon.; ZH=战吼： 装备一把5/3并具有吸血的武器。; source=fireplace/cards/icecrown/paladin.py:86; existing_tests=tests/test_icecrown.py:88:test_uther_of_the_ebon_blade; previous_card_audit=2 个机制缺少充分的核心效果验证；逐机制依据见 card_mechanism.csv。; previous_mechanism_audit=存在定义或元数据候选；当前没有可复查的该机制核心效果断言。; prior_cross_card_issues=无; audit_scope=本轮实际运行逐卡断言。,Battlecry: Equip a 5/3 Lifesteal weapon.,战吼： 装备一把5/3并具有吸血的武器。,fireplace/cards/icecrown/paladin.py:86
17.6.0.53261,Knights of the Frozen Throne (ICECROWN),ICC_830,Shadowreaper Anduin,暗影收割者安度因,Battlecry,GREEN,implemented,yes,逐卡实际对局断言通过：destroy_attack_at_least_five=enemy_high=GRAVEYARD;enemy_low=PLAY;own_high=GRAVEYARD;own_low=PLAY;enemy_field=['CS2_231'];own_field=['CS2_231']；voidform_two_damage=power=ICC_830p;target=5->3;exhausted=True,card_mechanism.csv#ICC_830; generic-play-smoke:played; effect-evidence: reports/card_quality_full_2026-09-27/icc_probe.csv#ICC_830::destroy_attack_at_least_five; reports/card_quality_full_2026-09-27/icc_probe.csv#ICC_830::voidform_two_damage; per-card: reports/card_quality_full_2026-09-27/icc_probe.csv#ICC_830::destroy_attack_at_least_five; reports/card_quality_full_2026-09-27/icc_probe.csv#ICC_830::voidform_two_damage,聚合状态取该卡最差机制；普通烟测只证明可执行，不能单独构成 GREEN。 EN=Battlecry: Destroy all minions with 5 or more Attack.; ZH=战吼：消灭所有攻击力大于或等于5的随从。; source=fireplace/cards/icecrown/priest.py:92; existing_tests=tests/test_icecrown.py:134:test_shadowreaper_anduin; previous_card_audit=1 个机制缺少充分的核心效果验证；逐机制依据见 card_mechanism.csv。; previous_mechanism_audit=存在定义或元数据候选；当前没有可复查的该机制核心效果断言。; prior_cross_card_issues=无; audit_scope=本轮实际运行逐卡断言。,Battlecry: Destroy all minions with 5 or more Attack.,战吼：消灭所有攻击力大于或等于5的随从。,fireplace/cards/icecrown/priest.py:92
17.6.0.53261,Knights of the Frozen Throne (ICECROWN),ICC_831,Bloodreaver Gul'dan,鲜血掠夺者古尔丹,Battlecry|Summon,GREEN,implemented,yes,"逐卡实际对局断言通过：resummon_dead_friendly_demons_only=dead=['CS2_059', 'EX1_319', 'CS2_231', 'CS2_059'];field=['CS2_059', 'EX1_319'];hero=ICC_831；resurrection_board_cap=field=['CS2_231', 'CS2_231', 'CS2_231', 'CS2_231', 'CS2_231', 'CS2_231', 'CS2_059'];field_size=7;resurrected_demons=1；siphon_life=power=ICC_831p;enemy=30->27;owner=20->23;exhausted=True",card_mechanism.csv#ICC_831; generic-play-smoke:played; effect-evidence: reports/card_quality_full_2026-09-27/icc_probe.csv#ICC_831::resummon_dead_friendly_demons_only; reports/card_quality_full_2026-09-27/icc_probe.csv#ICC_831::resurrection_board_cap; reports/card_quality_full_2026-09-27/icc_probe.csv#ICC_831::siphon_life; per-card: reports/card_quality_full_2026-09-27/icc_probe.csv#ICC_831::resummon_dead_friendly_demons_only; reports/card_quality_full_2026-09-27/icc_probe.csv#ICC_831::resurrection_board_cap; reports/card_quality_full_2026-09-27/icc_probe.csv#ICC_831::siphon_life,聚合状态取该卡最差机制；普通烟测只证明可执行，不能单独构成 GREEN。 EN=Battlecry: Summon all friendly Demons that died this game.; ZH=战吼：召唤所有在本局对战中死亡的友方恶魔。; source=fireplace/cards/icecrown/warlock.py:96; existing_tests=无候选既有测试引用; previous_card_audit=2 个机制缺少充分的核心效果验证；逐机制依据见 card_mechanism.csv。; previous_mechanism_audit=存在定义或元数据候选；当前没有可复查的该机制核心效果断言。; prior_cross_card_issues=无; audit_scope=本轮实际运行逐卡断言。,Battlecry: Summon all friendly Demons that died this game.,战吼：召唤所有在本局对战中死亡的友方恶魔。,fireplace/cards/icecrown/warlock.py:96
17.6.0.53261,Knights of the Frozen Throne (ICECROWN),ICC_832,Malfurion the Pestilent,污染者玛法里奥,Choose One|Summon,GREEN,implemented,yes,"逐卡实际对局断言通过：choose_two_poisonous_spiders=choice=ICC_832b (Spider Plague);field=['ICC_832t3', 'ICC_832t3'];attrs=[('ICC_832t3', 1, False), ('ICC_832t3', 1, False)]；choose_two_taunt_scarabs=choice=ICC_832a (Scarab Plague);field=['ICC_832t4', 'ICC_832t4'];attrs=[('ICC_832t4', False, 1), ('ICC_832t4', False, 1)]；plague_lord_armor=before=(5, 0);after=(8, 0);power=ICC_832p；plague_lord_attack=before=(5, 0);after=(5, 3);power=ICC_832p",card_mechanism.csv#ICC_832; generic-play-smoke:played; effect-evidence: reports/card_quality_full_2026-09-27/icc_probe.csv#ICC_832::choose_two_poisonous_spiders; reports/card_quality_full_2026-09-27/icc_probe.csv#ICC_832::choose_two_taunt_scarabs; reports/card_quality_full_2026-09-27/icc_probe.csv#ICC_832::plague_lord_armor; reports/card_quality_full_2026-09-27/icc_probe.csv#ICC_832::plague_lord_attack; per-card: reports/card_quality_full_2026-09-27/icc_probe.csv#ICC_832::choose_two_poisonous_spiders; reports/card_quality_full_2026-09-27/icc_probe.csv#ICC_832::choose_two_taunt_scarabs; reports/card_quality_full_2026-09-27/icc_probe.csv#ICC_832::plague_lord_armor; reports/card_quality_full_2026-09-27/icc_probe.csv#ICC_832::plague_lord_attack,聚合状态取该卡最差机制；普通烟测只证明可执行，不能单独构成 GREEN。 EN=[x]Choose One - Summon 2 Poisonous Spiders; or 2 Scarabs with Taunt.; ZH=抉择：召唤两只具有剧毒的蜘蛛；或者召唤两只具有嘲讽的甲虫。; source=fireplace/cards/icecrown/druid.py:127; existing_tests=tests/test_icecrown.py:56:test_malfurion_the_pestilent; previous_card_audit=2 个机制缺少充分的核心效果验证；逐机制依据见 card_mechanism.csv。; previous_mechanism_audit=存在定义或元数据候选；当前没有可复查的该机制核心效果断言。; prior_cross_card_issues=无; audit_scope=本轮实际运行逐卡断言。,[x]Choose One - Summon 2 Poisonous Spiders; or 2 Scarabs with Taunt.,抉择：召唤两只具有剧毒的蜘蛛；或者召唤两只具有嘲讽的甲虫。,fireplace/cards/icecrown/druid.py:127
17.6.0.53261,Knights of the Frozen Throne (ICECROWN),ICC_833,Frost Lich Jaina,冰霜女巫吉安娜,Battlecry|Summon,GREEN,implemented,yes,"逐卡实际对局断言通过：water_elemental_and_lifesteal=hero=ICC_833;field=[('UNG_809', 1, 2, True), ('ICC_833t', 3, 6, True), ('UNG_809', 1, 2, True), ('CS2_231', 1, 1, False)];jaina=PLAY;future=UNG_809;non_elemental=False；icy_touch_lethal_summon=target=GRAVEYARD;water_before=1;water_after=2;power=ICC_833h;exhausted=True",card_mechanism.csv#ICC_833; generic-play-smoke:played; effect-evidence: reports/card_quality_full_2026-09-27/icc_probe.csv#ICC_833::water_elemental_and_lifesteal; reports/card_quality_full_2026-09-27/icc_probe.csv#ICC_833::icy_touch_lethal_summon; per-card: reports/card_quality_full_2026-09-27/icc_probe.csv#ICC_833::water_elemental_and_lifesteal; reports/card_quality_full_2026-09-27/icc_probe.csv#ICC_833::icy_touch_lethal_summon,聚合状态取该卡最差机制；普通烟测只证明可执行，不能单独构成 GREEN。 EN=[x]Battlecry: Summon a 3/6 Water Elemental. Your Elementals have Lifesteal this game.; ZH=战吼：召唤一个3/6的水元素。在本局对战中，你的所有元素具有吸血。; source=fireplace/cards/icecrown/mage.py:84; existing_tests=tests/test_icecrown.py:122:test_frost_lich_jaina; previous_card_audit=2 个机制缺少充分的核心效果验证；逐机制依据见 card_mechanism.csv。; previous_mechanism_audit=存在定义或元数据候选；当前没有可复查的该机制核心效果断言。; prior_cross_card_issues=无; audit_scope=本轮实际运行逐卡断言。,[x]Battlecry: Summon a 3/6 Water Elemental. Your Elementals have Lifesteal this game.,战吼：召唤一个3/6的水元素。在本局对战中，你的所有元素具有吸血。,fireplace/cards/icecrown/mage.py:84
17.6.0.53261,Knights of the Frozen Throne (ICECROWN),ICC_834,Scourgelord Garrosh,天灾领主加尔鲁什,Battlecry|Summon,GREEN,implemented,yes,"逐卡实际对局断言通过：shadowmourne_adjacent_hit=weapon=(4, 2);before=(1, 5, 1, 3);after=(1, 1, 1, 2);field=['CS2_182']；bladestorm_all_minions=power=ICC_834h;before=(5, 5);after=(4, 4);exhausted=True",card_mechanism.csv#ICC_834; generic-play-smoke:played; effect-evidence: reports/card_quality_full_2026-09-27/icc_probe.csv#ICC_834::shadowmourne_adjacent_hit; reports/card_quality_full_2026-09-27/icc_probe.csv#ICC_834::bladestorm_all_minions; per-card: reports/card_quality_full_2026-09-27/icc_probe.csv#ICC_834::shadowmourne_adjacent_hit; reports/card_quality_full_2026-09-27/icc_probe.csv#ICC_834::bladestorm_all_minions,聚合状态取该卡最差机制；普通烟测只证明可执行，不能单独构成 GREEN。 EN=Battlecry: Equip a 4/3 Shadowmourne that also damages adjacent minions.; ZH=战吼：装备一把4/3的影之哀伤，影之哀伤同时对其攻击目标相邻的随从造成伤害。; source=fireplace/cards/icecrown/warrior.py:83; existing_tests=无候选既有测试引用; previous_card_audit=2 个机制缺少充分的核心效果验证；逐机制依据见 card_mechanism.csv。; previous_mechanism_audit=存在定义或元数据候选；当前没有可复查的该机制核心效果断言。; prior_cross_card_issues=无; audit_scope=本轮实际运行逐卡断言。,Battlecry: Equip a 4/3 Shadowmourne that also damages adjacent minions.,战吼：装备一把4/3的影之哀伤，影之哀伤同时对其攻击目标相邻的随从造成伤害。,fireplace/cards/icecrown/warrior.py:83
17.6.0.53261,Knights of the Frozen Throne (ICECROWN),ICC_835,Hadronox,哈多诺克斯,Deathrattle|Summon,GREEN,implemented,yes,"逐卡实际对局断言通过：summon_dead_taunt_minions=dead=['CS1_042', 'CS2_065'];field=['CS1_042', 'CS2_065'];hadronox=GRAVEYARD；taunt_pool_filter=dead=['CS1_042', 'CS1_042', 'CS2_231'];field=['CS1_042']；taunt_resurrection_board_cap=field=['CS2_231', 'CS2_231', 'CS2_231', 'CS2_231', 'CS2_231', 'CS2_231', 'CS1_042'];field_size=7;taunts=1",card_mechanism.csv#ICC_835; generic-play-smoke:played; effect-evidence: reports/card_quality_full_2026-09-27/icc_probe.csv#ICC_835::summon_dead_taunt_minions; reports/card_quality_full_2026-09-27/icc_probe.csv#ICC_835::taunt_pool_filter; reports/card_quality_full_2026-09-27/icc_probe.csv#ICC_835::taunt_resurrection_board_cap; per-card: reports/card_quality_full_2026-09-27/icc_probe.csv#ICC_835::summon_dead_taunt_minions; reports/card_quality_full_2026-09-27/icc_probe.csv#ICC_835::taunt_pool_filter; reports/card_quality_full_2026-09-27/icc_probe.csv#ICC_835::taunt_resurrection_board_cap,聚合状态取该卡最差机制；普通烟测只证明可执行，不能单独构成 GREEN。 EN=Deathrattle: Summon your Taunt minions that died this game.; ZH=亡语：召唤所有你在本局对战中死亡的，并具有嘲讽的随从。; source=fireplace/cards/icecrown/druid.py:71; existing_tests=无候选既有测试引用; previous_card_audit=2 个机制缺少充分的核心效果验证；逐机制依据见 card_mechanism.csv。; previous_mechanism_audit=存在定义或元数据候选；当前没有可复查的该机制核心效果断言。 / 存在效果脚本；烟测仅验证执行和基础状态，缺少充分逐卡效果断言。; prior_cross_card_issues=无; audit_scope=本轮实际运行逐卡断言。,Deathrattle: Summon your Taunt minions that died this game.,亡语：召唤所有你在本局对战中死亡的，并具有嘲讽的随从。,fireplace/cards/icecrown/druid.py:71
17.6.0.53261,Knights of the Frozen Throne (ICECROWN),ICC_836,Breath of Sindragosa,冰龙吐息,Random effects|Spell resolution|Targeting,GREEN,implemented,yes,"逐卡实际对局断言通过：random_enemy_damage_freeze=before=[5, 5];after=[5, 3];changed=1;frozen=['CS2_182']",card_mechanism.csv#ICC_836; generic-play-smoke:played; effect-evidence: reports/card_quality_full_2026-09-27/icc_probe.csv#ICC_836::random_enemy_damage_freeze; per-card: reports/card_quality_full_2026-09-27/icc_probe.csv#ICC_836::random_enemy_damage_freeze,聚合状态取该卡最差机制；普通烟测只证明可执行，不能单独构成 GREEN。 EN=Deal $2 damage to a random enemy minion and Freeze it.; ZH=随机对一个敌方随从造成$2点伤害，并使其冻结。; source=fireplace/cards/icecrown/mage.py:73; existing_tests=无候选既有测试引用; previous_card_audit=3 个机制缺少充分的核心效果验证；逐机制依据见 card_mechanism.csv。; previous_mechanism_audit=存在定义或元数据候选；当前没有可复查的该机制核心效果断言。; prior_cross_card_issues=无; audit_scope=本轮实际运行逐卡断言。,Deal $2 damage to a random enemy minion and Freeze it.,随机对一个敌方随从造成$2点伤害，并使其冻结。,fireplace/cards/icecrown/mage.py:73
17.6.0.53261,Knights of the Frozen Throne (ICECROWN),ICC_837,Bring It On!,放马过来,Cost modification|Spell resolution,GREEN,implemented,yes,逐卡实际对局断言通过：armor_enemy_minion_cost=armor=10;enemy_cost=0;enemy_four_cost=2;own_cost=1,card_mechanism.csv#ICC_837; generic-play-smoke:played; effect-evidence: reports/card_quality_full_2026-09-27/icc_probe.csv#ICC_837::armor_enemy_minion_cost; per-card: reports/card_quality_full_2026-09-27/icc_probe.csv#ICC_837::armor_enemy_minion_cost,聚合状态取该卡最差机制；普通烟测只证明可执行，不能单独构成 GREEN。 EN=Gain 10 Armor. Reduce the Cost of minions in your opponent's hand by (2).; ZH=获得10点护甲值。使你对手的手牌中所有随从牌的法力值消耗减少（2）点。; source=fireplace/cards/icecrown/warrior.py:57; existing_tests=无候选既有测试引用; previous_card_audit=2 个机制缺少充分的核心效果验证；逐机制依据见 card_mechanism.csv。; previous_mechanism_audit=存在定义或元数据候选；当前没有可复查的该机制核心效果断言。; prior_cross_card_issues=无; audit_scope=本轮实际运行逐卡断言。,Gain 10 Armor. Reduce the Cost of minions in your opponent's hand by (2).,获得10点护甲值。使你对手的手牌中所有随从牌的法力值消耗减少（2）点。,fireplace/cards/icecrown/warrior.py:57
17.6.0.53261,Knights of the Frozen Throne (ICECROWN),ICC_838,Sindragosa,辛达苟萨,Battlecry|Summon,GREEN,implemented,yes,"逐卡实际对局断言通过：two_owner_frozen_champions=own=['ICC_838t', 'ICC_838', 'ICC_838t'];opponent=[];own_tokens=2;opp_tokens=0",card_mechanism.csv#ICC_838; generic-play-smoke:played; effect-evidence: reports/card_quality_full_2026-09-27/icc_probe.csv#ICC_838::two_owner_frozen_champions; per-card: reports/card_quality_full_2026-09-27/icc_probe.csv#ICC_838::two_owner_frozen_champions,聚合状态取该卡最差机制；普通烟测只证明可执行，不能单独构成 GREEN。 EN=Battlecry: Summon two 0/1 Frozen Champions.; ZH=战吼：召唤两个0/1的被冰封的勇士。; source=fireplace/cards/icecrown/mage.py:36; existing_tests=无候选既有测试引用; previous_card_audit=2 个机制缺少充分的核心效果验证；逐机制依据见 card_mechanism.csv。; previous_mechanism_audit=存在定义或元数据候选；当前没有可复查的该机制核心效果断言。; prior_cross_card_issues=无; audit_scope=本轮实际运行逐卡断言。,Battlecry: Summon two 0/1 Frozen Champions.,战吼：召唤两个0/1的被冰封的勇士。,fireplace/cards/icecrown/mage.py:36
17.6.0.53261,Knights of the Frozen Throne (ICECROWN),ICC_849,Embrace Darkness,黑暗之拥,Spell resolution|Targeting|Trigger,GREEN,implemented,yes,逐卡实际对局断言通过：steal_at_own_turn_start=target_controller=Player1;p1_field=['CS2_231'];p2_field=[],card_mechanism.csv#ICC_849; generic-play-smoke:played; effect-evidence: reports/card_quality_full_2026-09-27/icc_probe.csv#ICC_849::steal_at_own_turn_start; per-card: reports/card_quality_full_2026-09-27/icc_probe.csv#ICC_849::steal_at_own_turn_start,"聚合状态取该卡最差机制；普通烟测只证明可执行，不能单独构成 GREEN。 EN=[x]Choose an enemy minion. At the start of your turn, gain control of it.; ZH=选择一个敌方随从。在你的回合开始时，获得该随从的 控制权。; source=fireplace/cards/icecrown/priest.py:73; existing_tests=tests/test_icecrown.py:103:test_embrace_darkness; previous_card_audit=3 个机制缺少充分的核心效果验证；逐机制依据见 card_mechanism.csv。; previous_mechanism_audit=存在定义或元数据候选；当前没有可复查的该机制核心效果断言。 / 缺目标与非法自身目标均在付费/移区前被拒绝；合法目标效果仍需逐卡验证。; prior_cross_card_issues=无; audit_scope=本轮实际运行逐卡断言。","[x]Choose an enemy minion. At the start of your turn, gain control of it.",选择一个敌方随从。在你的回合开始时，获得该随从的 控制权。,fireplace/cards/icecrown/priest.py:73
17.6.0.53261,Knights of the Frozen Throne (ICECROWN),ICC_850,Shadowblade,暗影之刃,Battlecry|Weapon,GREEN,implemented,yes,逐卡实际对局断言通过：hero_immune_one_turn=weapon=ICC_850;during_immune=True;after_turn_immune=False;enemy=2,card_mechanism.csv#ICC_850; generic-play-smoke:played; effect-evidence: reports/card_quality_full_2026-09-27/icc_probe.csv#ICC_850::hero_immune_one_turn; per-card: reports/card_quality_full_2026-09-27/icc_probe.csv#ICC_850::hero_immune_one_turn,聚合状态取该卡最差机制；普通烟测只证明可执行，不能单独构成 GREEN。 EN=Battlecry: Your hero is Immune this turn.; ZH=战吼：在本回合中，你的英雄获得免疫。; source=fireplace/cards/icecrown/rogue.py:84; existing_tests=无候选既有测试引用; previous_card_audit=2 个机制缺少充分的核心效果验证；逐机制依据见 card_mechanism.csv。; previous_mechanism_audit=存在定义或元数据候选；当前没有可复查的该机制核心效果断言。; prior_cross_card_issues=无; audit_scope=本轮实际运行逐卡断言。,Battlecry: Your hero is Immune this turn.,战吼：在本回合中，你的英雄获得免疫。,fireplace/cards/icecrown/rogue.py:84
17.6.0.53261,Knights of the Frozen Throne (ICECROWN),ICC_851,Prince Keleseth,凯雷塞斯王子,Battlecry,GREEN,implemented,yes,"逐卡实际对局断言通过：no_two_cost_deck_buff=deck=[('CS1_042', 2, 3, 1), ('CS2_231', 2, 2, 0)]；two_cost_condition_false=two_cost=2;before=(2, 3);after=(2, 3)",card_mechanism.csv#ICC_851; generic-play-smoke:played; effect-evidence: reports/card_quality_full_2026-09-27/icc_probe.csv#ICC_851::no_two_cost_deck_buff; reports/card_quality_full_2026-09-27/icc_probe.csv#ICC_851::two_cost_condition_false; per-card: reports/card_quality_full_2026-09-27/icc_probe.csv#ICC_851::no_two_cost_deck_buff; reports/card_quality_full_2026-09-27/icc_probe.csv#ICC_851::two_cost_condition_false,"聚合状态取该卡最差机制；普通烟测只证明可执行，不能单独构成 GREEN。 EN=Battlecry: If your deck has no 2-Cost cards, give all minions in your deck +1/+1.; ZH=战吼：如果你的牌库里没有法力值消耗为（2）的牌，则你的牌库里所有随从牌获得+1/+1。; source=fireplace/cards/icecrown/neutral_legendary.py:90; existing_tests=无候选既有测试引用; previous_card_audit=1 个机制缺少充分的核心效果验证；逐机制依据见 card_mechanism.csv。; previous_mechanism_audit=存在定义或元数据候选；当前没有可复查的该机制核心效果断言。; prior_cross_card_issues=无; audit_scope=本轮实际运行逐卡断言。","Battlecry: If your deck has no 2-Cost cards, give all minions in your deck +1/+1.",战吼：如果你的牌库里没有法力值消耗为（2）的牌，则你的牌库里所有随从牌获得+1/+1。,fireplace/cards/icecrown/neutral_legendary.py:90
17.6.0.53261,Knights of the Frozen Throne (ICECROWN),ICC_852,Prince Taldaram,塔达拉姆王子,Battlecry|Targeting|Transform,GREEN,implemented,yes,逐卡实际对局断言通过：copy_target_three_three=original=ICC_852/SETASIDE;transformed=CS1_042@3/3;target=CS1_042@1/2；three_cost_condition_false=blocker_cost=3;prince=ICC_852@3/3;target=CS2_231@1/1,card_mechanism.csv#ICC_852; generic-play-smoke:played; effect-evidence: reports/card_quality_full_2026-09-27/icc_probe.csv#ICC_852::copy_target_three_three; reports/card_quality_full_2026-09-27/icc_probe.csv#ICC_852::three_cost_condition_false; per-card: reports/card_quality_full_2026-09-27/icc_probe.csv#ICC_852::copy_target_three_three; reports/card_quality_full_2026-09-27/icc_probe.csv#ICC_852::three_cost_condition_false,"聚合状态取该卡最差机制；普通烟测只证明可执行，不能单独构成 GREEN。 EN=Battlecry: If your deck has no 3-Cost cards, transform into a 3/3 copy of a minion.; ZH=战吼：如果你的牌库里没有法力值消耗为（3）的牌，则该随从变形成为一个随从的3/3的复制。; source=fireplace/cards/icecrown/neutral_legendary.py:99; existing_tests=无候选既有测试引用; previous_card_audit=3 个机制缺少充分的核心效果验证；逐机制依据见 card_mechanism.csv。; previous_mechanism_audit=存在定义或元数据候选；当前没有可复查的该机制核心效果断言。 / 缺目标与非法自身目标均在付费/移区前被拒绝；合法目标效果仍需逐卡验证。; prior_cross_card_issues=无; audit_scope=本轮实际运行逐卡断言。","Battlecry: If your deck has no 3-Cost cards, transform into a 3/3 copy of a minion.",战吼：如果你的牌库里没有法力值消耗为（3）的牌，则该随从变形成为一个随从的3/3的复制。,fireplace/cards/icecrown/neutral_legendary.py:99
17.6.0.53261,Knights of the Frozen Throne (ICECROWN),ICC_853,Prince Valanar,瓦拉纳王子,Battlecry,RED,partial,yes,"实测与卡牌文本不符：two_cost_only_should_gain预期[With only a 2-Cost card in deck and no 4-Cost card, Prince Valanar should gain Taunt and Lifesteal.]，实际[AssertionError: blocker_cost=2;taunt=False;lifesteal=False]；four_cost_only_should_not_gain预期[With a 4-Cost card in deck, Prince Valanar should not gain either keyword.]，实际[AssertionError: blocker_cost=4;taunt=True;lifesteal=True]",card_mechanism.csv#ICC_853; generic-play-smoke:played; effect-evidence: reports/card_quality_full_2026-09-27/icc_probe.csv#ICC_853::two_cost_only_should_gain; reports/card_quality_full_2026-09-27/icc_probe.csv#ICC_853::four_cost_only_should_not_gain; per-card: reports/card_quality_full_2026-09-27/icc_probe.csv#ICC_853::two_cost_only_should_gain; reports/card_quality_full_2026-09-27/icc_probe.csv#ICC_853::four_cost_only_should_not_gain,"聚合状态取该卡最差机制；普通烟测只证明可执行，不能单独构成 GREEN。 EN=Battlecry: If your deck has no 4-Cost cards, gain Lifesteal and Taunt.; ZH=战吼：如果你的牌库里没有法力值消耗为（4）的牌，则获得吸血和 嘲讽。; source=fireplace/cards/icecrown/neutral_legendary.py:114; existing_tests=无候选既有测试引用; previous_card_audit=1 个机制缺少充分的核心效果验证；逐机制依据见 card_mechanism.csv。; previous_mechanism_audit=存在定义或元数据候选；当前没有可复查的该机制核心效果断言。; prior_cross_card_issues=无; audit_scope=本轮实际运行逐卡断言。 confirmed_RED_scope=英文条件为牌库没有4费牌；源码fireplace/cards/icecrown/neutral_legendary.py:116使用(FRIENDLY_DECK + (COST == 2))，2费牌库时错误不赋予关键词，4费牌库时错误赋予Taunt/Lifesteal。","Battlecry: If your deck has no 4-Cost cards, gain Lifesteal and Taunt.",战吼：如果你的牌库里没有法力值消耗为（4）的牌，则获得吸血和 嘲讽。,fireplace/cards/icecrown/neutral_legendary.py:114
17.6.0.53261,Knights of the Frozen Throne (ICECROWN),ICC_854,Arfus,阿尔福斯,Deathrattle|Random effects,GREEN,implemented,yes,逐卡实际对局断言通过：random_death_knight_card=added=['ICC_314t2'];arfus=GRAVEYARD,card_mechanism.csv#ICC_854; generic-play-smoke:played; effect-evidence: reports/card_quality_full_2026-09-27/icc_probe.csv#ICC_854::random_death_knight_card; per-card: reports/card_quality_full_2026-09-27/icc_probe.csv#ICC_854::random_death_knight_card,聚合状态取该卡最差机制；普通烟测只证明可执行，不能单独构成 GREEN。 EN=Deathrattle: Add a random Death Knight card to your hand.; ZH=亡语：随机将一张死亡骑士牌置入你的 手牌。; source=fireplace/cards/icecrown/neutral_legendary.py:120; existing_tests=无候选既有测试引用; previous_card_audit=2 个机制缺少充分的核心效果验证；逐机制依据见 card_mechanism.csv。; previous_mechanism_audit=存在定义或元数据候选；当前没有可复查的该机制核心效果断言。 / 存在效果脚本；烟测仅验证执行和基础状态，缺少充分逐卡效果断言。; prior_cross_card_issues=无; audit_scope=本轮实际运行逐卡断言。,Deathrattle: Add a random Death Knight card to your hand.,亡语：随机将一张死亡骑士牌置入你的 手牌。,fireplace/cards/icecrown/neutral_legendary.py:120
17.6.0.53261,Knights of the Frozen Throne (ICECROWN),ICC_855,Hyldnir Frostrider,海德尼尔冰霜骑士,Battlecry,GREEN,implemented,yes,"逐卡实际对局断言通过：freeze_other_friendly=rider=ICC_855;friendly=[True, True];self=False;enemy=False",card_mechanism.csv#ICC_855; generic-play-smoke:played; effect-evidence: reports/card_quality_full_2026-09-27/icc_probe.csv#ICC_855::freeze_other_friendly; per-card: reports/card_quality_full_2026-09-27/icc_probe.csv#ICC_855::freeze_other_friendly,聚合状态取该卡最差机制；普通烟测只证明可执行，不能单独构成 GREEN。 EN=Battlecry: Freeze your other minions.; ZH=战吼：冻结你的其他随从。; source=fireplace/cards/icecrown/neutral_common.py:138; existing_tests=无候选既有测试引用; previous_card_audit=1 个机制缺少充分的核心效果验证；逐机制依据见 card_mechanism.csv。; previous_mechanism_audit=存在定义或元数据候选；当前没有可复查的该机制核心效果断言。; prior_cross_card_issues=无; audit_scope=本轮实际运行逐卡断言。,Battlecry: Freeze your other minions.,战吼：冻结你的其他随从。,fireplace/cards/icecrown/neutral_common.py:138
17.6.0.53261,Knights of the Frozen Throne (ICECROWN),ICC_856,Spellweaver,织法者,Spell Damage,GREEN,implemented,yes,逐卡实际对局断言通过：spell_damage_plus_two=spellpower=2;enemy=30->27,card_mechanism.csv#ICC_856; generic-play-smoke:played; effect-evidence: reports/card_quality_full_2026-09-27/icc_probe.csv#ICC_856::spell_damage_plus_two; per-card: reports/card_quality_full_2026-09-27/icc_probe.csv#ICC_856::spell_damage_plus_two,聚合状态取该卡最差机制；普通烟测只证明可执行，不能单独构成 GREEN。 EN=Spell Damage +2; ZH=法术伤害+2; source=未发现 Python 卡脚本; existing_tests=无候选既有测试引用; previous_card_audit=1 个机制缺少充分的核心效果验证；逐机制依据见 card_mechanism.csv。; previous_mechanism_audit=存在定义或元数据候选；当前没有可复查的该机制核心效果断言。; prior_cross_card_issues=无; audit_scope=本轮实际运行逐卡断言。,Spell Damage +2,法术伤害+2,
17.6.0.53261,Knights of the Frozen Throne (ICECROWN),ICC_858,"Bolvar, Fireblood",浴火者伯瓦尔,Divine Shield|Trigger,GREEN,implemented,yes,逐卡实际对局断言通过：friendly_divine_shield_lost=bolvar=3;base=1;target_shield=False;target_health=1,card_mechanism.csv#ICC_858; generic-play-smoke:played; effect-evidence: reports/card_quality_full_2026-09-27/icc_probe.csv#ICC_858::friendly_divine_shield_lost; per-card: reports/card_quality_full_2026-09-27/icc_probe.csv#ICC_858::friendly_divine_shield_lost,"聚合状态取该卡最差机制；普通烟测只证明可执行，不能单独构成 GREEN。 EN=Divine Shield After a friendly minion loses Divine Shield, gain +2 Attack.; ZH=圣盾 在一个友方随从失去圣盾后，获得+2攻击力。; source=fireplace/cards/icecrown/paladin.py:26; existing_tests=tests/test_icecrown.py:80:test_bolvar_fireblood; previous_card_audit=2 个机制缺少充分的核心效果验证；逐机制依据见 card_mechanism.csv。; previous_mechanism_audit=存在定义或元数据候选；当前没有可复查的该机制核心效果断言。; prior_cross_card_issues=无; audit_scope=本轮实际运行逐卡断言。","Divine Shield After a friendly minion loses Divine Shield, gain +2 Attack.",圣盾 在一个友方随从失去圣盾后，获得+2攻击力。,fireplace/cards/icecrown/paladin.py:26
17.6.0.53261,Knights of the Frozen Throne (ICECROWN),ICC_901,Drakkari Enchanter,达卡莱附魔师,Aura|Continuous effect / Update,GREEN,implemented,yes,逐卡实际对局断言通过：end_turn_trigger_twice=target=5->3;dreadlord=PLAY;enchanter=PLAY,card_mechanism.csv#ICC_901; generic-play-smoke:played; effect-evidence: reports/card_quality_full_2026-09-27/icc_probe.csv#ICC_901::end_turn_trigger_twice; per-card: reports/card_quality_full_2026-09-27/icc_probe.csv#ICC_901::end_turn_trigger_twice,聚合状态取该卡最差机制；普通烟测只证明可执行，不能单独构成 GREEN。 EN=Your end of turn effects trigger twice.; ZH=你的回合结束效果会生效两次。; source=fireplace/cards/icecrown/neutral_epic.py:63; existing_tests=tests/test_icecrown.py:32:test_drakkari_enchanter; previous_card_audit=2 个机制缺少充分的核心效果验证；逐机制依据见 card_mechanism.csv。; previous_mechanism_audit=存在定义或元数据候选；当前没有可复查的该机制核心效果断言。; prior_cross_card_issues=无; audit_scope=本轮实际运行逐卡断言。,Your end of turn effects trigger twice.,你的回合结束效果会生效两次。,fireplace/cards/icecrown/neutral_epic.py:63
17.6.0.53261,Knights of the Frozen Throne (ICECROWN),ICC_902,Mindbreaker,摧心者,Continuous effect / Update,GREEN,implemented,yes,"逐卡实际对局断言通过：disable_both_hero_powers=disabled=(True, True);restored=(False, False);breaker=GRAVEYARD",card_mechanism.csv#ICC_902; generic-play-smoke:played; effect-evidence: reports/card_quality_full_2026-09-27/icc_probe.csv#ICC_902::disable_both_hero_powers; per-card: reports/card_quality_full_2026-09-27/icc_probe.csv#ICC_902::disable_both_hero_powers,聚合状态取该卡最差机制；普通烟测只证明可执行，不能单独构成 GREEN。 EN=Hero Powers are disabled.; ZH=双方英雄技能均无法使用。; source=fireplace/cards/icecrown/neutral_rare.py:77; existing_tests=tests/test_icecrown.py:20:test_mindbreaker; previous_card_audit=1 个机制缺少充分的核心效果验证；逐机制依据见 card_mechanism.csv。; previous_mechanism_audit=存在定义或元数据候选；当前没有可复查的该机制核心效果断言。; prior_cross_card_issues=无; audit_scope=本轮实际运行逐卡断言。,Hero Powers are disabled.,双方英雄技能均无法使用。,fireplace/cards/icecrown/neutral_rare.py:77
17.6.0.53261,Knights of the Frozen Throne (ICECROWN),ICC_903,Sanguine Reveler,血色狂欢者,Battlecry|Targeting,GREEN,implemented,yes,"逐卡实际对局断言通过：destroy_friendly_gain_two_two=victim=GRAVEYARD;reveler=3/3;base=(1, 1)",card_mechanism.csv#ICC_903; generic-play-smoke:played; effect-evidence: reports/card_quality_full_2026-09-27/icc_probe.csv#ICC_903::destroy_friendly_gain_two_two; per-card: reports/card_quality_full_2026-09-27/icc_probe.csv#ICC_903::destroy_friendly_gain_two_two,聚合状态取该卡最差机制；普通烟测只证明可执行，不能单独构成 GREEN。 EN=Battlecry: Destroy a friendly minion and gain +2/+2.; ZH=战吼：消灭一个友方随从，并获得+2/+2。; source=fireplace/cards/icecrown/warlock.py:32; existing_tests=无候选既有测试引用; previous_card_audit=2 个机制缺少充分的核心效果验证；逐机制依据见 card_mechanism.csv。; previous_mechanism_audit=存在定义或元数据候选；当前没有可复查的该机制核心效果断言。 / 缺目标与非法自身目标均在付费/移区前被拒绝；合法目标效果仍需逐卡验证。; prior_cross_card_issues=无; audit_scope=本轮实际运行逐卡断言。,Battlecry: Destroy a friendly minion and gain +2/+2.,战吼：消灭一个友方随从，并获得+2/+2。,fireplace/cards/icecrown/warlock.py:32
17.6.0.53261,Knights of the Frozen Throne (ICECROWN),ICC_904,Wicked Skeleton,邪骨骷髅,Battlecry,GREEN,implemented,yes,"逐卡实际对局断言通过：gain_for_minions_died_this_turn=deaths=['GRAVEYARD', 'GRAVEYARD'];skeleton=3/3",card_mechanism.csv#ICC_904; generic-play-smoke:played; effect-evidence: reports/card_quality_full_2026-09-27/icc_probe.csv#ICC_904::gain_for_minions_died_this_turn; per-card: reports/card_quality_full_2026-09-27/icc_probe.csv#ICC_904::gain_for_minions_died_this_turn,聚合状态取该卡最差机制；普通烟测只证明可执行，不能单独构成 GREEN。 EN=Battlecry: Gain +1/+1 for each minion that died this turn.; ZH=战吼：在本回合中每有一个随从死亡，便获得+1/+1。; source=fireplace/cards/icecrown/neutral_common.py:150; existing_tests=无候选既有测试引用; previous_card_audit=1 个机制缺少充分的核心效果验证；逐机制依据见 card_mechanism.csv。; previous_mechanism_audit=存在定义或元数据候选；当前没有可复查的该机制核心效果断言。; prior_cross_card_issues=无; audit_scope=本轮实际运行逐卡断言。,Battlecry: Gain +1/+1 for each minion that died this turn.,战吼：在本回合中每有一个随从死亡，便获得+1/+1。,fireplace/cards/icecrown/neutral_common.py:150
17.6.0.53261,Knights of the Frozen Throne (ICECROWN),ICC_905,Bloodworm,血虫,Lifesteal,GREEN,implemented,yes,"逐卡实际对局断言通过：lifesteal_attack=lifesteal=1;before=(30, 20);after=(26, 24)",card_mechanism.csv#ICC_905; generic-play-smoke:played; effect-evidence: reports/card_quality_full_2026-09-27/icc_probe.csv#ICC_905::lifesteal_attack; per-card: reports/card_quality_full_2026-09-27/icc_probe.csv#ICC_905::lifesteal_attack,聚合状态取该卡最差机制；普通烟测只证明可执行，不能单独构成 GREEN。 EN=Lifesteal; ZH=吸血; source=未发现 Python 卡脚本; existing_tests=无候选既有测试引用; previous_card_audit=1 个机制缺少充分的核心效果验证；逐机制依据见 card_mechanism.csv。; previous_mechanism_audit=存在定义或元数据候选；当前没有可复查的该机制核心效果断言。; prior_cross_card_issues=无; audit_scope=本轮实际运行逐卡断言。,Lifesteal,吸血,
17.6.0.53261,Knights of the Frozen Throne (ICECROWN),ICC_910,Spectral Pillager,鬼灵匪贼,Combo|Targeting,GREEN,implemented,yes,逐卡实际对局断言通过：combo_other_cards_count=before=30;enemy=27;pillager=PLAY;cards_played=3,card_mechanism.csv#ICC_910; generic-play-smoke:played; effect-evidence: reports/card_quality_full_2026-09-27/icc_probe.csv#ICC_910::combo_other_cards_count; per-card: reports/card_quality_full_2026-09-27/icc_probe.csv#ICC_910::combo_other_cards_count,聚合状态取该卡最差机制；普通烟测只证明可执行，不能单独构成 GREEN。 EN=[x]Combo: Deal damage equal to the number of other cards you've played this turn.; ZH=连击：造成伤害，数值等同于在本回合中你使用的其他牌的 数量。; source=fireplace/cards/icecrown/rogue.py:41; existing_tests=无候选既有测试引用; previous_card_audit=2 个机制缺少充分的核心效果验证；逐机制依据见 card_mechanism.csv。; previous_mechanism_audit=存在定义或元数据候选；当前没有可复查的该机制核心效果断言。; prior_cross_card_issues=无; audit_scope=本轮实际运行逐卡断言。,[x]Combo: Deal damage equal to the number of other cards you've played this turn.,连击：造成伤害，数值等同于在本回合中你使用的其他牌的 数量。,fireplace/cards/icecrown/rogue.py:41
17.6.0.53261,Knights of the Frozen Throne (ICECROWN),ICC_911,Keening Banshee,哀泣女妖,Trigger,GREEN,implemented,yes,"逐卡实际对局断言通过：play_mills_three=before=5;after=2;banshee=PLAY;field=['ICC_911', 'CS2_231']",card_mechanism.csv#ICC_911; generic-play-smoke:played; effect-evidence: reports/card_quality_full_2026-09-27/icc_probe.csv#ICC_911::play_mills_three; per-card: reports/card_quality_full_2026-09-27/icc_probe.csv#ICC_911::play_mills_three,"聚合状态取该卡最差机制；普通烟测只证明可执行，不能单独构成 GREEN。 EN=Whenever you play a card, remove the top 3 cards of your deck.; ZH=每当你使用一张牌，便移除你的牌库顶的三张牌。; source=fireplace/cards/icecrown/neutral_rare.py:83; existing_tests=无候选既有测试引用; previous_card_audit=1 个机制缺少充分的核心效果验证；逐机制依据见 card_mechanism.csv。; previous_mechanism_audit=存在定义或元数据候选；当前没有可复查的该机制核心效果断言。; prior_cross_card_issues=无; audit_scope=本轮实际运行逐卡断言。","Whenever you play a card, remove the top 3 cards of your deck.",每当你使用一张牌，便移除你的牌库顶的三张牌。,fireplace/cards/icecrown/neutral_rare.py:83
17.6.0.53261,Knights of the Frozen Throne (ICECROWN),ICC_912,Corpsetaker,夺尸者,Battlecry,GREEN,implemented,yes,"逐卡实际对局断言通过：deck_keyword_scan=taunt=True;divine=True;lifesteal=True;windfury=True;deck=['CS1_042', 'ICC_905', 'CS2_169', 'ICC_038']；selective_keyword_scan=deck=['CS2_231', 'CS1_042'];taunt=True;divine=False;lifesteal=False;windfury=False；empty_deck_no_keywords=deck=0;taunt=False;divine=False;lifesteal=False;windfury=False",card_mechanism.csv#ICC_912; generic-play-smoke:played; effect-evidence: reports/card_quality_full_2026-09-27/icc_probe.csv#ICC_912::deck_keyword_scan; reports/card_quality_full_2026-09-27/icc_probe.csv#ICC_912::selective_keyword_scan; reports/card_quality_full_2026-09-27/icc_probe.csv#ICC_912::empty_deck_no_keywords; per-card: reports/card_quality_full_2026-09-27/icc_probe.csv#ICC_912::deck_keyword_scan; reports/card_quality_full_2026-09-27/icc_probe.csv#ICC_912::selective_keyword_scan; reports/card_quality_full_2026-09-27/icc_probe.csv#ICC_912::empty_deck_no_keywords,"聚合状态取该卡最差机制；普通烟测只证明可执行，不能单独构成 GREEN。 EN=[x]Battlecry: Gain Taunt if your deck has a Taunt minion. Repeat for Divine Shield, Lifesteal, Windfury.; ZH=战吼： 如果你的牌库里包含具有嘲讽的随从牌，则获得嘲讽。依此法检定是否可获得圣盾、吸血和风怒。; source=fireplace/cards/icecrown/neutral_epic.py:69; existing_tests=无候选既有测试引用; previous_card_audit=1 个机制缺少充分的核心效果验证；逐机制依据见 card_mechanism.csv。; previous_mechanism_audit=存在定义或元数据候选；当前没有可复查的该机制核心效果断言。; prior_cross_card_issues=无; audit_scope=本轮实际运行逐卡断言。","[x]Battlecry: Gain Taunt if your deck has a Taunt minion. Repeat for Divine Shield, Lifesteal, Windfury.",战吼： 如果你的牌库里包含具有嘲讽的随从牌，则获得嘲讽。依此法检定是否可获得圣盾、吸血和风怒。,fireplace/cards/icecrown/neutral_epic.py:69
17.6.0.53261,Knights of the Frozen Throne (ICECROWN),ICC_913,Tainted Zealot,被污染的狂热者,Divine Shield|Spell Damage,GREEN,implemented,yes,逐卡实际对局断言通过：divine_shield_spell_damage=shield=1;spellpower=1;enemy=30->28,card_mechanism.csv#ICC_913; generic-play-smoke:played; effect-evidence: reports/card_quality_full_2026-09-27/icc_probe.csv#ICC_913::divine_shield_spell_damage; per-card: reports/card_quality_full_2026-09-27/icc_probe.csv#ICC_913::divine_shield_spell_damage,聚合状态取该卡最差机制；普通烟测只证明可执行，不能单独构成 GREEN。 EN=Divine Shield Spell Damage +1; ZH=圣盾 法术伤害+1; source=未发现 Python 卡脚本; existing_tests=无候选既有测试引用; previous_card_audit=2 个机制缺少充分的核心效果验证；逐机制依据见 card_mechanism.csv。; previous_mechanism_audit=存在定义或元数据候选；当前没有可复查的该机制核心效果断言。; prior_cross_card_issues=无; audit_scope=本轮实际运行逐卡断言。,Divine Shield Spell Damage +1,圣盾 法术伤害+1,
