version,set,card_id,name_en,name_zh,mechanic,status,implementation,tested,reason,evidence,notes,card_text_en,card_text_zh,python_source
17.6.0.53261,Whispers of the Old Gods (OG),OG_006,Vilefin Inquisitor,邪鳍审判者,Battlecry|Summon,GREEN,implemented,yes,"针对性对局断言通过：battlecry_replaces_and_persists_hero_power=card=GRAVEYARD;hero_power=OG_006b;murloc_tokens=[(1, 1, 'PLAY'), (1, 1, 'PLAY')]",card_mechanism.csv#OG_006; generic-play-smoke:played; effect-evidence: reports/card_quality_full_2026-09-27/og_probe.csv#battlecry_replaces_and_persists_hero_power; per-card: reports/card_quality_full_2026-09-27/og_probe.csv#battlecry_replaces_and_persists_hero_power,聚合状态取该卡最差机制；普通烟测只证明可执行，不能单独构成 GREEN。 EN=Battlecry: Your Hero Power becomes 'Summon a   1/1 Murloc.'; ZH=战吼： 你的英雄技能变为“召唤一个1/1的鱼人”。; source=fireplace/cards/wog/paladin.py:8; existing_tests=tests/test_wog.py:579:test_vilefin_inquisitor; previous_card_audit=2 个机制缺少充分的核心效果验证；逐机制依据见 card_mechanism.csv。; previous_mechanism_audit=存在定义或元数据候选；当前没有可复查的该机制核心效果断言。; prior_cross_card_issues=无; audit_scope=本轮所列实际运行断言。,Battlecry: Your Hero Power becomes 'Summon a   1/1 Murloc.',战吼： 你的英雄技能变为“召唤一个1/1的鱼人”。,fireplace/cards/wog/paladin.py:8
17.6.0.53261,Whispers of the Old Gods (OG),OG_023,Primal Fusion,原始融合,Spell resolution|Targeting,GREEN,implemented,yes,"针对性对局断言通过：friendly_totem_count_buff=friendly_totems=2;enemy_totem=1;target_before=(1, 1);after=(3, 3);spell=GRAVEYARD",card_mechanism.csv#OG_023; generic-play-smoke:played; effect-evidence: reports/card_quality_full_2026-09-27/og_probe.csv#friendly_totem_count_buff; per-card: reports/card_quality_full_2026-09-27/og_probe.csv#friendly_totem_count_buff,聚合状态取该卡最差机制；普通烟测只证明可执行，不能单独构成 GREEN。 EN=Give a minion +1/+1 for each of your Totems.; ZH=你每有一个图腾，就使一个随从获得+1/+1。; source=fireplace/cards/wog/shaman.py:8; existing_tests=tests/test_wog.py:370:test_primal_fusion | tests/test_wog.py:371:test_primal_fusion | tests/test_wog.py:372:test_primal_fusion; previous_card_audit=2 个机制缺少充分的核心效果验证；逐机制依据见 card_mechanism.csv。; previous_mechanism_audit=存在定义或元数据候选；当前没有可复查的该机制核心效果断言。 / 缺目标与非法自身目标均在付费/移区前被拒绝；合法目标效果仍需逐卡验证。; prior_cross_card_issues=无; audit_scope=本轮所列实际运行断言。,Give a minion +1/+1 for each of your Totems.,你每有一个图腾，就使一个随从获得+1/+1。,fireplace/cards/wog/shaman.py:8
17.6.0.53261,Whispers of the Old Gods (OG),OG_026,Eternal Sentinel,永恒哨卫,Battlecry,GREEN,implemented,yes,针对性对局断言通过：unlock_all_overloaded_crystals=overloaded=0;locked=0;card=PLAY;mana=8,card_mechanism.csv#OG_026; generic-play-smoke:played; effect-evidence: reports/card_quality_full_2026-09-27/og_probe.csv#unlock_all_overloaded_crystals; per-card: reports/card_quality_full_2026-09-27/og_probe.csv#unlock_all_overloaded_crystals,聚合状态取该卡最差机制；普通烟测只证明可执行，不能单独构成 GREEN。 EN=Battlecry: Unlock your Overloaded Mana Crystals.; ZH=战吼：将你所有过载的法力水晶解锁。; source=fireplace/cards/wog/shaman.py:18; existing_tests=无候选既有测试引用; previous_card_audit=1 个机制缺少充分的核心效果验证；逐机制依据见 card_mechanism.csv。; previous_mechanism_audit=存在定义或元数据候选；当前没有可复查的该机制核心效果断言。; prior_cross_card_issues=无; audit_scope=本轮所列实际运行断言。,Battlecry: Unlock your Overloaded Mana Crystals.,战吼：将你所有过载的法力水晶解锁。,fireplace/cards/wog/shaman.py:18
17.6.0.53261,Whispers of the Old Gods (OG),OG_027,Evolve,异变,Cost modification|Random effects|Spell resolution|Transform,GREEN,implemented,yes,"针对性对局断言通过：evolve_only_friendly_plus_one_cost=16_seeded_friendly_transformations=[""0:[(0, 'CS2_231'), (4, 'CS2_182')]->[('ICC_903', 1, 'PLAY'), ('TRL_323', 5, 'PLAY')]"", ""1:[(0, 'CS2_231'), (4, 'CS2_182')]->[('DAL_433', 1, 'PLAY'), ('YOD_017', 5, 'PLAY')]"", ""2:[(0, 'CS2_231'), (4, 'CS2_182')]->[('OG_158', 1, 'PLAY'), ('ULD_168', 5, 'PLAY')]"", ""3:[(0, 'CS2_231'), (4, 'CS2_182')]->[('BOT_031', 1, 'PLAY'), ('KAR_096', 5, 'PLAY')]"", ""4:[(0, 'CS2_231'), (4, 'CS2_182')]->[('DRG_107', 1, 'PLAY'), ('GVG_099', 5, 'PLAY')]"", ""5:[(0, 'CS2_231'), (4, 'CS2_182')]->[('EX1_029', 1, 'PLAY'), ('CFM_668', 5, 'PLAY')]"", ""6:[(0, 'CS2_231'), (4, 'CS2_182')]->[('YOD_022', 1, 'PLAY'), ('GVG_080', 5, 'PLAY')]"", ""7:[(0, 'CS2_231'), (4, 'CS2_182')]->[('DRG_107', 1, 'PLAY'), ('CFM_656', 5, 'PLAY')]"", ""8:[(0, 'CS2_231'), (4, 'CS2_182')]->[('CS2_168', 1, 'PLAY'), ('DRG_072', 5, 'PLAY')]"", ""9:[(0, 'CS2_231'), (4, 'CS2_182')]->[('EX1_080', 1, 'PLAY'), ('CFM_656', 5, 'PLAY')]"", ""10:[(0, 'CS2_231'), (4, 'CS2_182')]->[('TRL_363', 1, 'PLAY'), ('CS2_227', 5, 'PLAY')]"", ""11:[(0, 'CS2_231'), (4, 'CS2_182')]->[('BT_202', 1, 'PLAY'), ('CFM_816', 5, 'PLAY')]"", ""12:[(0, 'CS2_231'), (4, 'CS2_182')]->[('TRL_348', 1, 'PLAY'), ('CFM_756', 5, 'PLAY')]"", ""13:[(0, 'CS2_231'), (4, 'CS2_182')]->[('BOT_558', 1, 'PLAY'), ('DAL_147', 5, 'PLAY')]"", ""14:[(0, 'CS2_231'), (4, 'CS2_182')]->[('EX1_011', 1, 'PLAY'), ('GVG_083', 5, 'PLAY')]"", ""15:[(0, 'CS2_231'), (4, 'CS2_182')]->[('DRG_216', 1, 'PLAY'), ('CFM_852', 5, 'PLAY')]""];replacement_ids=30;enemy_unchanged=true",card_mechanism.csv#OG_027; generic-play-smoke:played; effect-evidence: reports/card_quality_full_2026-09-27/og_probe.csv#evolve_only_friendly_plus_one_cost; per-card: reports/card_quality_full_2026-09-27/og_probe.csv#evolve_only_friendly_plus_one_cost,聚合状态取该卡最差机制；普通烟测只证明可执行，不能单独构成 GREEN。 EN=Transform your minions into random minions that cost (1) more.; ZH=随机将你的 所有随从变形成为法力值消耗增加（1）点的随从。; source=fireplace/cards/wog/shaman.py:51; existing_tests=无候选既有测试引用; previous_card_audit=4 个机制缺少充分的核心效果验证；逐机制依据见 card_mechanism.csv。; previous_mechanism_audit=存在定义或元数据候选；当前没有可复查的该机制核心效果断言。; prior_cross_card_issues=无; audit_scope=本轮所列实际运行断言。,Transform your minions into random minions that cost (1) more.,随机将你的 所有随从变形成为法力值消耗增加（1）点的随从。,fireplace/cards/wog/shaman.py:51
17.6.0.53261,Whispers of the Old Gods (OG),OG_028,Thing from Below,深渊魔物,Cost modification|Taunt,GREEN,implemented,yes,"针对性对局断言通过：totem_summon_game_total_discount_and_taunt=costs=6,6,5,4,4;taunt=1;played_zone=PLAY",card_mechanism.csv#OG_028; generic-play-smoke:played; effect-evidence: reports/card_quality_full_2026-09-27/og_probe.csv#totem_summon_game_total_discount_and_taunt; per-card: reports/card_quality_full_2026-09-27/og_probe.csv#totem_summon_game_total_discount_and_taunt,聚合状态取该卡最差机制；普通烟测只证明可执行，不能单独构成 GREEN。 EN=[x]Taunt Costs (1) less for each Totem you've summoned this game.; ZH=嘲讽 在本局对战中，你每召唤一个图腾，该牌的法力值消耗便减少（1）点。; source=fireplace/cards/wog/shaman.py:41; existing_tests=tests/test_wog.py:680:test_thing_from_below; previous_card_audit=2 个机制缺少充分的核心效果验证；逐机制依据见 card_mechanism.csv。; previous_mechanism_audit=存在定义或元数据候选；当前没有可复查的该机制核心效果断言。; prior_cross_card_issues=无; audit_scope=本轮所列实际运行断言。,[x]Taunt Costs (1) less for each Totem you've summoned this game.,嘲讽 在本局对战中，你每召唤一个图腾，该牌的法力值消耗便减少（1）点。,fireplace/cards/wog/shaman.py:41
17.6.0.53261,Whispers of the Old Gods (OG),OG_031,Hammer of Twilight,暮光神锤,Deathrattle|Summon|Weapon,GREEN,implemented,yes,"针对性对局断言通过：weapon_break_summons_4_2_elemental=weapon=GRAVEYARD;durability=0;elementals=[(4, 2, 'PLAY')];enemy_hero=22",card_mechanism.csv#OG_031; generic-play-smoke:played; effect-evidence: reports/card_quality_full_2026-09-27/og_probe.csv#weapon_break_summons_4_2_elemental; per-card: reports/card_quality_full_2026-09-27/og_probe.csv#weapon_break_summons_4_2_elemental,聚合状态取该卡最差机制；普通烟测只证明可执行，不能单独构成 GREEN。 EN=Deathrattle: Summon a 4/2 Elemental.; ZH=亡语：召唤一个4/2的元素随从。; source=fireplace/cards/wog/shaman.py:68; existing_tests=无候选既有测试引用; previous_card_audit=3 个机制缺少充分的核心效果验证；逐机制依据见 card_mechanism.csv。; previous_mechanism_audit=存在定义或元数据候选；当前没有可复查的该机制核心效果断言。 / 存在效果脚本；烟测仅验证执行和基础状态，缺少充分逐卡效果断言。; prior_cross_card_issues=无; audit_scope=本轮所列实际运行断言。,Deathrattle: Summon a 4/2 Elemental.,亡语：召唤一个4/2的元素随从。,fireplace/cards/wog/shaman.py:68
17.6.0.53261,Whispers of the Old Gods (OG),OG_033,Tentacles for Arms,钢铁触须,Deathrattle|Weapon,GREEN,implemented,yes,针对性对局断言通过：weapon_break_returns_to_hand=weapon_zone=HAND;in_hand=True;weapon=None;hand=['OG_033'],card_mechanism.csv#OG_033; generic-play-smoke:played; effect-evidence: reports/card_quality_full_2026-09-27/og_probe.csv#weapon_break_returns_to_hand; per-card: reports/card_quality_full_2026-09-27/og_probe.csv#weapon_break_returns_to_hand,聚合状态取该卡最差机制；普通烟测只证明可执行，不能单独构成 GREEN。 EN=Deathrattle: Return this to your hand.; ZH=亡语：将这把武器移回你的手牌。; source=fireplace/cards/wog/warrior.py:71; existing_tests=tests/test_wog.py:530:test_tentacles_for_arms | tests/test_wog.py:528:test_tentacles_for_arms | tests/test_wog.py:536:test_tentacles_for_arms_full_hand; previous_card_audit=1 个机制缺少充分的核心效果验证；逐机制依据见 card_mechanism.csv。; previous_mechanism_audit=存在定义或元数据候选；当前没有可复查的该机制核心效果断言。 / 现有行为断言验证核心亡语结果；本轮测试通过，且实际死亡结算已核对。; prior_cross_card_issues=无; audit_scope=本轮所列实际运行断言。,Deathrattle: Return this to your hand.,亡语：将这把武器移回你的手牌。,fireplace/cards/wog/warrior.py:71
17.6.0.53261,Whispers of the Old Gods (OG),OG_034,Silithid Swarmer,异种群居蝎,Continuous effect / Update,GREEN,implemented,yes,针对性对局断言通过：cannot_attack_until_hero_attacks=initial=False;after_refresh_without_hero=False;blocked_attack=True;after_hero_attack=True;target_zone=GRAVEYARD;hero=1 atk,card_mechanism.csv#OG_034; generic-play-smoke:played; effect-evidence: reports/card_quality_full_2026-09-27/og_probe.csv#cannot_attack_until_hero_attacks; per-card: reports/card_quality_full_2026-09-27/og_probe.csv#cannot_attack_until_hero_attacks,聚合状态取该卡最差机制；普通烟测只证明可执行，不能单独构成 GREEN。 EN=Can only attack if your hero attacked this turn.; ZH=在本回合中，除非你的英雄进行过攻击，否则无法进行攻击。; source=fireplace/cards/wog/neutral_rare.py:24; existing_tests=tests/test_wog.py:492:test_silithid_swarmer; previous_card_audit=1 个机制缺少充分的核心效果验证；逐机制依据见 card_mechanism.csv。; previous_mechanism_audit=存在定义或元数据候选；当前没有可复查的该机制核心效果断言。; prior_cross_card_issues=无; audit_scope=本轮所列实际运行断言。,Can only attack if your hero attacked this turn.,在本回合中，除非你的英雄进行过攻击，否则无法进行攻击。,fireplace/cards/wog/neutral_rare.py:24
17.6.0.53261,Whispers of the Old Gods (OG),OG_042,"Y'Shaarj, Rage Unbound",亚煞极,Summon|Trigger,GREEN,implemented,yes,"针对性对局断言通过：own_turn_end_pulls_minion_not_spell=deck_before=['CS2_008', 'CS2_182', 'CS2_231'];deck_after_own_end=['CS2_008', 'CS2_182'];summoned_own_end=['CS2_231'];remaining_minions=[('CS2_182', 'HAND')];summoned_after_opponent_end=['CS2_231'];Yshaarj=PLAY;remaining_deck=['CS2_008']；full_board_does_not_remove_deck_minion=field_count=7;Yshaarj=PLAY;deck=['CS2_182'];minion_zone=DECK",card_mechanism.csv#OG_042; generic-play-smoke:played; effect-evidence: reports/card_quality_full_2026-09-27/og_probe.csv#own_turn_end_pulls_minion_not_spell; reports/card_quality_full_2026-09-27/og_probe.csv#full_board_does_not_remove_deck_minion; per-card: reports/card_quality_full_2026-09-27/og_probe.csv#own_turn_end_pulls_minion_not_spell; reports/card_quality_full_2026-09-27/og_probe.csv#full_board_does_not_remove_deck_minion,"聚合状态取该卡最差机制；普通烟测只证明可执行，不能单独构成 GREEN。 EN=At the end of your turn, put a minion from your deck into the battlefield.; ZH=在你的回合结束时，将一个随从从你的牌库置入战场。; source=fireplace/cards/wog/neutral_legendary.py:8; existing_tests=tests/test_wog.py:602:test_yshaarj_rage_unbound; previous_card_audit=2 个机制缺少充分的核心效果验证；逐机制依据见 card_mechanism.csv。; previous_mechanism_audit=存在定义或元数据候选；当前没有可复查的该机制核心效果断言。; prior_cross_card_issues=无; audit_scope=本轮所列实际运行断言。","At the end of your turn, put a minion from your deck into the battlefield.",在你的回合结束时，将一个随从从你的牌库置入战场。,fireplace/cards/wog/neutral_legendary.py:8
17.6.0.53261,Whispers of the Old Gods (OG),OG_044,Fandral Staghelm,范达尔·鹿盔,Aura|Choose One|Continuous effect / Update,GREEN,implemented,yes,"针对性对局断言通过：fandral_combines_both_choose_one_effects=fandral=PLAY;before_feral_rage=(0, 5);after_feral_rage=(4, 13);power=ICC_832p;before_power=(4, 13);after_power=(7, 16);rage=GRAVEYARD;choice=None；choose_one_returns_after_fandral_leaves=fandral=GRAVEYARD;feral_rage_after_departure=(4, 0);normal_hero_power_branches=[('armor', (0, 5), (0, 8), None), ('attack', (0, 5), (3, 5), None)]",card_mechanism.csv#OG_044; generic-play-smoke:played; effect-evidence: reports/card_quality_full_2026-09-27/og_probe.csv#fandral_combines_both_choose_one_effects; reports/card_quality_full_2026-09-27/og_probe.csv#choose_one_returns_after_fandral_leaves; per-card: reports/card_quality_full_2026-09-27/og_probe.csv#fandral_combines_both_choose_one_effects; reports/card_quality_full_2026-09-27/og_probe.csv#choose_one_returns_after_fandral_leaves,聚合状态取该卡最差机制；普通烟测只证明可执行，不能单独构成 GREEN。 EN=Your Choose One cards and powers have both effects combined.; ZH=你的抉择牌和英雄技能可以同时拥有两种效果。; source=fireplace/cards/wog/druid.py:19; existing_tests=无候选既有测试引用; previous_card_audit=3 个机制缺少充分的核心效果验证；逐机制依据见 card_mechanism.csv。; previous_mechanism_audit=存在定义或元数据候选；当前没有可复查的该机制核心效果断言。; prior_cross_card_issues=无; audit_scope=本轮所列实际运行断言。,Your Choose One cards and powers have both effects combined.,你的抉择牌和英雄技能可以同时拥有两种效果。,fireplace/cards/wog/druid.py:19
17.6.0.53261,Whispers of the Old Gods (OG),OG_045,Infest,寄生感染,Random effects|Spell resolution,GREEN,implemented,yes,"针对性对局断言通过：infest_applies_random_beast_deathrattle_to_all=infest=GRAVEYARD;dead_minions=['GRAVEYARD', 'GRAVEYARD'];enemy=('CS2_182', 'PLAY', False);random_beasts=['UNG_925', 'YOD_006']",card_mechanism.csv#OG_045; generic-play-smoke:played; effect-evidence: reports/card_quality_full_2026-09-27/og_probe.csv#infest_applies_random_beast_deathrattle_to_all; per-card: reports/card_quality_full_2026-09-27/og_probe.csv#infest_applies_random_beast_deathrattle_to_all,"聚合状态取该卡最差机制；普通烟测只证明可执行，不能单独构成 GREEN。 EN=Give your minions ""Deathrattle: Add a random Beast to your hand.""; ZH=使你的所有随从获得 “亡语：随机将一张野兽牌置入你的手牌”。; source=fireplace/cards/wog/hunter.py:53; existing_tests=无候选既有测试引用; previous_card_audit=2 个机制缺少充分的核心效果验证；逐机制依据见 card_mechanism.csv。; previous_mechanism_audit=存在定义或元数据候选；当前没有可复查的该机制核心效果断言。; prior_cross_card_issues=无; audit_scope=本轮所列实际运行断言。","Give your minions ""Deathrattle: Add a random Beast to your hand.""",使你的所有随从获得 “亡语：随机将一张野兽牌置入你的手牌”。,fireplace/cards/wog/hunter.py:53
17.6.0.53261,Whispers of the Old Gods (OG),OG_047,Feral Rage,野性之怒,Choose One|Spell resolution,GREEN,implemented,yes,针对性对局断言通过：feral_rage_attack_branch_expires=spell=GRAVEYARD;attack_before=4;armor=0;hero_damage=4;attack_next_turn=0；feral_rage_armor_branch_persists=spell=GRAVEYARD;armor=8;attack=0;armor_next_turn=8,card_mechanism.csv#OG_047; generic-play-smoke:played; effect-evidence: reports/card_quality_full_2026-09-27/og_probe.csv#feral_rage_attack_branch_expires; reports/card_quality_full_2026-09-27/og_probe.csv#feral_rage_armor_branch_persists; per-card: reports/card_quality_full_2026-09-27/og_probe.csv#feral_rage_attack_branch_expires; reports/card_quality_full_2026-09-27/og_probe.csv#feral_rage_armor_branch_persists,聚合状态取该卡最差机制；普通烟测只证明可执行，不能单独构成 GREEN。 EN=Choose One - Give your hero +4 Attack this turn; or Gain 8 Armor.; ZH=抉择：使你的英雄在本回合中获得+4攻击力；或者获得8点护甲值。; source=fireplace/cards/wog/druid.py:79; existing_tests=tests/test_wog.py:256:test_feral_rage | tests/test_wog.py:259:test_feral_rage; previous_card_audit=2 个机制缺少充分的核心效果验证；逐机制依据见 card_mechanism.csv。; previous_mechanism_audit=存在定义或元数据候选；当前没有可复查的该机制核心效果断言。; prior_cross_card_issues=无; audit_scope=本轮所列实际运行断言。,Choose One - Give your hero +4 Attack this turn; or Gain 8 Armor.,抉择：使你的英雄在本回合中获得+4攻击力；或者获得8点护甲值。,fireplace/cards/wog/druid.py:79
17.6.0.53261,Whispers of the Old Gods (OG),OG_048,Mark of Y'Shaarj,亚煞极印记,Draw / Discard|Spell resolution|Targeting,GREEN,implemented,yes,"针对性对局断言通过：beast_target_gains_two_and_draws=beast=OG_179;before=(2, 1);after=(4, 3);drawn=['CS2_231'];spell=GRAVEYARD；nonbeast_target_gains_two_without_draw=target=CS2_231;stats=(3, 3);deck=['CS2_008'];hand=[];spell=GRAVEYARD",card_mechanism.csv#OG_048; generic-play-smoke:played; effect-evidence: reports/card_quality_full_2026-09-27/og_probe.csv#beast_target_gains_two_and_draws; reports/card_quality_full_2026-09-27/og_probe.csv#nonbeast_target_gains_two_without_draw; per-card: reports/card_quality_full_2026-09-27/og_probe.csv#beast_target_gains_two_and_draws; reports/card_quality_full_2026-09-27/og_probe.csv#nonbeast_target_gains_two_without_draw,"聚合状态取该卡最差机制；普通烟测只证明可执行，不能单独构成 GREEN。 EN=Give a minion +2/+2. If it's a Beast, draw a card.; ZH=使一个随从获得+2/+2。 如果该随从是野兽，抽一张牌。; source=fireplace/cards/wog/druid.py:100; existing_tests=tests/test_wog.py:327:test_mark_of_yshaarj | tests/test_wog.py:328:test_mark_of_yshaarj; previous_card_audit=3 个机制缺少充分的核心效果验证；逐机制依据见 card_mechanism.csv。; previous_mechanism_audit=存在定义或元数据候选；当前没有可复查的该机制核心效果断言。 / 缺目标与非法自身目标均在付费/移区前被拒绝；合法目标效果仍需逐卡验证。; prior_cross_card_issues=无; audit_scope=本轮所列实际运行断言。","Give a minion +2/+2. If it's a Beast, draw a card.",使一个随从获得+2/+2。 如果该随从是野兽，抽一张牌。,fireplace/cards/wog/druid.py:100
17.6.0.53261,Whispers of the Old Gods (OG),OG_051,Forbidden Ancient,禁忌古树,Battlecry,GREEN,implemented,yes,"针对性对局断言通过：forbidden_ancient_spends_remaining_mana=mana_before=5;after_stats_mana_zone=(5, 5, 5, 0, 'PLAY')",card_mechanism.csv#OG_051; generic-play-smoke:played; effect-evidence: reports/card_quality_full_2026-09-27/og_probe.csv#forbidden_ancient_spends_remaining_mana; per-card: reports/card_quality_full_2026-09-27/og_probe.csv#forbidden_ancient_spends_remaining_mana,聚合状态取该卡最差机制；普通烟测只证明可执行，不能单独构成 GREEN。 EN=Battlecry: Spend all your Mana. Gain +1/+1 for each Mana spent.; ZH=战吼：消耗你所有的法力值，每消耗一点法力值，便获得+1/+1。; source=fireplace/cards/wog/druid.py:8; existing_tests=无候选既有测试引用; previous_card_audit=1 个机制缺少充分的核心效果验证；逐机制依据见 card_mechanism.csv。; previous_mechanism_audit=存在定义或元数据候选；当前没有可复查的该机制核心效果断言。; prior_cross_card_issues=无; audit_scope=本轮所列实际运行断言。,Battlecry: Spend all your Mana. Gain +1/+1 for each Mana spent.,战吼：消耗你所有的法力值，每消耗一点法力值，便获得+1/+1。,fireplace/cards/wog/druid.py:8
17.6.0.53261,Whispers of the Old Gods (OG),OG_061,On the Hunt,搜寻猎物,Spell resolution|Summon|Targeting,GREEN,implemented,yes,"针对性对局断言通过：on_the_hunt_minion_damage_and_mastiff=target=CS2_182;damage=1;target_zone=PLAY;dogs=[(1, 1)];spell=GRAVEYARD；on_the_hunt_hero_target=enemy_hero_health=29;dogs=1;spell=GRAVEYARD",card_mechanism.csv#OG_061; generic-play-smoke:played; effect-evidence: reports/card_quality_full_2026-09-27/og_probe.csv#on_the_hunt_minion_damage_and_mastiff; reports/card_quality_full_2026-09-27/og_probe.csv#on_the_hunt_hero_target; per-card: reports/card_quality_full_2026-09-27/og_probe.csv#on_the_hunt_minion_damage_and_mastiff; reports/card_quality_full_2026-09-27/og_probe.csv#on_the_hunt_hero_target,聚合状态取该卡最差机制；普通烟测只证明可执行，不能单独构成 GREEN。 EN=Deal $1 damage. Summon a 1/1 Mastiff.; ZH=造成$1点伤害。召唤一个1/1的獒犬。; source=fireplace/cards/wog/hunter.py:66; existing_tests=无候选既有测试引用; previous_card_audit=3 个机制缺少充分的核心效果验证；逐机制依据见 card_mechanism.csv。; previous_mechanism_audit=存在定义或元数据候选；当前没有可复查的该机制核心效果断言。 / 缺目标与非法自身目标均在付费/移区前被拒绝；合法目标效果仍需逐卡验证。; prior_cross_card_issues=无; audit_scope=本轮所列实际运行断言。,Deal $1 damage. Summon a 1/1 Mastiff.,造成$1点伤害。召唤一个1/1的獒犬。,fireplace/cards/wog/hunter.py:66
17.6.0.53261,Whispers of the Old Gods (OG),OG_070,Bladed Cultist,执刃教徒,Combo,GREEN,implemented,yes,"针对性对局断言通过：no_combo_printed_stats=combo_before=False;attack_health=(1, 2);combo_after_play=True；combo_after_coin_gains_two_stats=coin=GRAVEYARD;attack_health=(2, 3);combo=True",card_mechanism.csv#OG_070; generic-play-smoke:played; effect-evidence: reports/card_quality_full_2026-09-27/og_probe.csv#no_combo_printed_stats; reports/card_quality_full_2026-09-27/og_probe.csv#combo_after_coin_gains_two_stats; per-card: reports/card_quality_full_2026-09-27/og_probe.csv#no_combo_printed_stats; reports/card_quality_full_2026-09-27/og_probe.csv#combo_after_coin_gains_two_stats,聚合状态取该卡最差机制；普通烟测只证明可执行，不能单独构成 GREEN。 EN=Combo: Gain +1/+1.; ZH=连击：获得+1/+1。; source=fireplace/cards/wog/rogue.py:8; existing_tests=无候选既有测试引用; previous_card_audit=1 个机制缺少充分的核心效果验证；逐机制依据见 card_mechanism.csv。; previous_mechanism_audit=存在定义或元数据候选；当前没有可复查的该机制核心效果断言。; prior_cross_card_issues=无; audit_scope=本轮所列实际运行断言。,Combo: Gain +1/+1.,连击：获得+1/+1。,fireplace/cards/wog/rogue.py:8
17.6.0.53261,Whispers of the Old Gods (OG),OG_072,Journey Below,深渊探险,Discover / Choice|Random effects|Spell resolution,GREEN,implemented,yes,"针对性对局断言通过：discover_three_deathrattle_cards_and_choose=spell=GRAVEYARD;options=['CFM_691', 'OG_323', 'GVG_105'];chosen=OG_323;hand=['OG_323'];choice=None",card_mechanism.csv#OG_072; generic-play-smoke:played; effect-evidence: reports/card_quality_full_2026-09-27/og_probe.csv#discover_three_deathrattle_cards_and_choose; per-card: reports/card_quality_full_2026-09-27/og_probe.csv#discover_three_deathrattle_cards_and_choose,聚合状态取该卡最差机制；普通烟测只证明可执行，不能单独构成 GREEN。 EN=Discover a Deathrattle card.; ZH=发现一张亡语牌。; source=fireplace/cards/wog/rogue.py:70; existing_tests=tests/test_wog.py:309:test_journey_below; previous_card_audit=3 个机制缺少充分的核心效果验证；逐机制依据见 card_mechanism.csv。; previous_mechanism_audit=存在定义或元数据候选；当前没有可复查的该机制核心效果断言。; prior_cross_card_issues=无; audit_scope=本轮所列实际运行断言。,Discover a Deathrattle card.,发现一张亡语牌。,fireplace/cards/wog/rogue.py:70
17.6.0.53261,Whispers of the Old Gods (OG),OG_073,Thistle Tea,菊花茶,Draw / Discard|Spell resolution,GREEN,implemented,yes,"针对性对局断言通过：draw_one_and_add_two_exact_copies=known=HAND;wisp_hand=['CS2_231', 'CS2_231', 'CS2_231'];deck=[];spell=GRAVEYARD",card_mechanism.csv#OG_073; generic-play-smoke:played; effect-evidence: reports/card_quality_full_2026-09-27/og_probe.csv#draw_one_and_add_two_exact_copies; per-card: reports/card_quality_full_2026-09-27/og_probe.csv#draw_one_and_add_two_exact_copies,聚合状态取该卡最差机制；普通烟测只证明可执行，不能单独构成 GREEN。 EN=Draw a card. Add 2 extra copies of it to your hand.; ZH=抽一张牌。将两张该牌的复制置入你的手牌。; source=fireplace/cards/wog/rogue.py:76; existing_tests=tests/test_wog.py:546:test_thistle_tea; previous_card_audit=2 个机制缺少充分的核心效果验证；逐机制依据见 card_mechanism.csv。; previous_mechanism_audit=存在定义或元数据候选；当前没有可复查的该机制核心效果断言。; prior_cross_card_issues=无; audit_scope=本轮所列实际运行断言。,Draw a card. Add 2 extra copies of it to your hand.,抽一张牌。将两张该牌的复制置入你的手牌。,fireplace/cards/wog/rogue.py:76
17.6.0.53261,Whispers of the Old Gods (OG),OG_080,"Xaril, Poisoned Mind",毒心者夏克里尔,Battlecry|Deathrattle|Random effects,GREEN,implemented,yes,"针对性对局断言通过：both_random_toxin_grants=16 seeded Battlecries+Deathrattles;toxin_counts=[('OG_080b', 6), ('OG_080c', 5), ('OG_080d', 4), ('OG_080e', 9), ('OG_080f', 8)]",card_mechanism.csv#OG_080; generic-play-smoke:played; effect-evidence: reports/card_quality_full_2026-09-27/og_probe.csv#both_random_toxin_grants; per-card: reports/card_quality_full_2026-09-27/og_probe.csv#both_random_toxin_grants,聚合状态取该卡最差机制；普通烟测只证明可执行，不能单独构成 GREEN。 EN=Battlecry and Deathrattle: Add a random Toxin card to your hand.; ZH=战吼，亡语：随机将一张毒素牌置入你的手牌。; source=fireplace/cards/wog/rogue.py:17; existing_tests=无候选既有测试引用; previous_card_audit=3 个机制缺少充分的核心效果验证；逐机制依据见 card_mechanism.csv。; previous_mechanism_audit=存在定义或元数据候选；当前没有可复查的该机制核心效果断言。 / 存在效果脚本；烟测仅验证执行和基础状态，缺少充分逐卡效果断言。; prior_cross_card_issues=无; audit_scope=本轮所列实际运行断言。,Battlecry and Deathrattle: Add a random Toxin card to your hand.,战吼，亡语：随机将一张毒素牌置入你的手牌。,fireplace/cards/wog/rogue.py:17
17.6.0.53261,Whispers of the Old Gods (OG),OG_081,Shatter,冰爆,Spell resolution|Targeting,GREEN,implemented,yes,"针对性对局断言通过：shatter_destroys_frozen_minion=was_frozen=true;target_zone=GRAVEYARD;spell=GRAVEYARD；shatter_rejects_unfrozen_minion_without_payment=unfrozen_target=CS2_182;rejected=True;spell_zone=HAND;mana_before_after=10,10",card_mechanism.csv#OG_081; generic-play-smoke:unplayable_in_generic_setup; effect-evidence: reports/card_quality_full_2026-09-27/og_probe.csv#shatter_destroys_frozen_minion; reports/card_quality_full_2026-09-27/og_probe.csv#shatter_rejects_unfrozen_minion_without_payment; per-card: reports/card_quality_full_2026-09-27/og_probe.csv#shatter_destroys_frozen_minion; reports/card_quality_full_2026-09-27/og_probe.csv#shatter_rejects_unfrozen_minion_without_payment,聚合状态取该卡最差机制；普通烟测只证明可执行，不能单独构成 GREEN。 EN=Destroy a Frozen minion.; ZH=消灭一个被冻结的随从。; source=fireplace/cards/wog/mage.py:48; existing_tests=tests/test_wog.py:483:test_shatter; previous_card_audit=2 个机制缺少充分的核心效果验证；逐机制依据见 card_mechanism.csv。; previous_mechanism_audit=存在定义或元数据候选；当前没有可复查的该机制核心效果断言。; prior_cross_card_issues=无; audit_scope=本轮所列实际运行断言。,Destroy a Frozen minion.,消灭一个被冻结的随从。,fireplace/cards/wog/mage.py:48
17.6.0.53261,Whispers of the Old Gods (OG),OG_082,Evolved Kobold,异变的狗头人,Spell Damage,GREEN,implemented,yes,针对性对局断言通过：spell_damage_plus_two_applies_to_real_spell=kobold=PLAY;spell_damage=3;enemy_hero=27;spell=GRAVEYARD,card_mechanism.csv#OG_082; generic-play-smoke:played; effect-evidence: reports/card_quality_full_2026-09-27/og_probe.csv#spell_damage_plus_two_applies_to_real_spell; per-card: reports/card_quality_full_2026-09-27/og_probe.csv#spell_damage_plus_two_applies_to_real_spell,聚合状态取该卡最差机制；普通烟测只证明可执行，不能单独构成 GREEN。 EN=Spell Damage +2; ZH=法术伤害+2; source=未发现 Python 卡脚本; existing_tests=tests/test_wog.py:249:test_evolved_kobold; previous_card_audit=1 个机制缺少充分的核心效果验证；逐机制依据见 card_mechanism.csv。; previous_mechanism_audit=存在定义或元数据候选；当前没有可复查的该机制核心效果断言。; prior_cross_card_issues=无; audit_scope=本轮所列实际运行断言。,Spell Damage +2,法术伤害+2,
17.6.0.53261,Whispers of the Old Gods (OG),OG_083,Twilight Flamecaller,暮光烈焰召唤者,Battlecry,GREEN,implemented,yes,针对性对局断言通过：battlecry_hits_enemy_minions_only=flamecaller=PLAY;friendly_health=5;enemy_small=GRAVEYARD;enemy_large_health=4;enemy_hero=30,card_mechanism.csv#OG_083; generic-play-smoke:played; effect-evidence: reports/card_quality_full_2026-09-27/og_probe.csv#battlecry_hits_enemy_minions_only; per-card: reports/card_quality_full_2026-09-27/og_probe.csv#battlecry_hits_enemy_minions_only,聚合状态取该卡最差机制；普通烟测只证明可执行，不能单独构成 GREEN。 EN=Battlecry: Deal 1 damage to all enemy minions.; ZH=战吼：对所有敌方随从造成1点伤害。; source=fireplace/cards/wog/mage.py:14; existing_tests=无候选既有测试引用; previous_card_audit=1 个机制缺少充分的核心效果验证；逐机制依据见 card_mechanism.csv。; previous_mechanism_audit=存在定义或元数据候选；当前没有可复查的该机制核心效果断言。; prior_cross_card_issues=无; audit_scope=本轮所列实际运行断言。,Battlecry: Deal 1 damage to all enemy minions.,战吼：对所有敌方随从造成1点伤害。,fireplace/cards/wog/mage.py:14
17.6.0.53261,Whispers of the Old Gods (OG),OG_085,Demented Frostcaller,癫狂的唤冰者,Random effects|Trigger,GREEN,implemented,yes,"针对性对局断言通过：two_spells_freeze_each_unfrozen_enemy_once=frostcaller=PLAY;after_first=(False, True);after_second=(True, True);friendly_frozen=False",card_mechanism.csv#OG_085; generic-play-smoke:played; effect-evidence: reports/card_quality_full_2026-09-27/og_probe.csv#two_spells_freeze_each_unfrozen_enemy_once; per-card: reports/card_quality_full_2026-09-27/og_probe.csv#two_spells_freeze_each_unfrozen_enemy_once,"聚合状态取该卡最差机制；普通烟测只证明可执行，不能单独构成 GREEN。 EN=After you cast a spell, Freeze a random enemy.; ZH=在你施放一个法术后，随机冻结 一个敌人。; source=fireplace/cards/wog/mage.py:20; existing_tests=tests/test_wog.py:206:test_demented_frostcaller; previous_card_audit=2 个机制缺少充分的核心效果验证；逐机制依据见 card_mechanism.csv。; previous_mechanism_audit=存在定义或元数据候选；当前没有可复查的该机制核心效果断言。; prior_cross_card_issues=CAST-001[semantics_pending]:效果代施放法术会结算，但不广播玩家 Play ON/AFTER；与手牌施放触发不同，规则语义待核实，暂不判定为错误。; audit_scope=本轮所列实际运行断言。","After you cast a spell, Freeze a random enemy.",在你施放一个法术后，随机冻结 一个敌人。,fireplace/cards/wog/mage.py:20
17.6.0.53261,Whispers of the Old Gods (OG),OG_086,Forbidden Flame,禁忌烈焰,Spell resolution|Targeting,GREEN,implemented,yes,"针对性对局断言通过：forbidden_flame_spends_all_four_mana=mana_after=0;damage=4;target_health=1;target_zone=PLAY;spell=GRAVEYARD；forbidden_flame_zero_mana_resolves_zero_damage=mana=0;damage=0;target=PLAY;spell=GRAVEYARD；forbidden_flame_rejects_hero_target=rejected_hero=True;spell=HAND;mana_before_after=10,10;enemy_health=30",card_mechanism.csv#OG_086; generic-play-smoke:played; effect-evidence: reports/card_quality_full_2026-09-27/og_probe.csv#forbidden_flame_spends_all_four_mana; reports/card_quality_full_2026-09-27/og_probe.csv#forbidden_flame_zero_mana_resolves_zero_damage; reports/card_quality_full_2026-09-27/og_probe.csv#forbidden_flame_rejects_hero_target; per-card: reports/card_quality_full_2026-09-27/og_probe.csv#forbidden_flame_spends_all_four_mana; reports/card_quality_full_2026-09-27/og_probe.csv#forbidden_flame_zero_mana_resolves_zero_damage; reports/card_quality_full_2026-09-27/og_probe.csv#forbidden_flame_rejects_hero_target,聚合状态取该卡最差机制；普通烟测只证明可执行，不能单独构成 GREEN。 EN=Spend all your Mana. Deal that much damage to a minion.; ZH=消耗你所有的法力值，对一个随从造成等同于所消耗法力值数量的伤害。; source=fireplace/cards/wog/mage.py:65; existing_tests=无候选既有测试引用; previous_card_audit=2 个机制缺少充分的核心效果验证；逐机制依据见 card_mechanism.csv。; previous_mechanism_audit=存在定义或元数据候选；当前没有可复查的该机制核心效果断言。 / 缺目标与非法自身目标均在付费/移区前被拒绝；合法目标效果仍需逐卡验证。; prior_cross_card_issues=无; audit_scope=本轮所列实际运行断言。,Spend all your Mana. Deal that much damage to a minion.,消耗你所有的法力值，对一个随从造成等同于所消耗法力值数量的伤害。,fireplace/cards/wog/mage.py:65
17.6.0.53261,Whispers of the Old Gods (OG),OG_087,Servant of Yogg-Saron,尤格-萨隆的仆从,Battlecry|Random effects,RED,partial,yes,"实测偏差：servant_repeatedly_casts_only_tracking 预期[Random <=5-cost spell should vary; 12 independent seeds must not all resolve into Tracking's exact known-deck choice.]，实际[AssertionError: 12 actual CastSpell observer IDs=['DS1_184', 'DS1_184', 'DS1_184', 'DS1_184', 'DS1_184', 'DS1_184', 'DS1_184', 'DS1_184', 'DS1_184', 'DS1_184', 'DS1_184', 'DS1_184'];independent_Wild_eligible_spell_pool_size=300;Tracking_draw/discard=[{'seed': 0, 'actual_cast_spell_id': 'DS1_184', 'drawn_from_tracking': 'CS2_231', 'discarded_by_tracking': ['CS2_182', 'EX1_016']}, {'seed': 1, 'actual_cast_spell_id': 'DS1_184', 'drawn_from_tracking': 'CS2_231', 'discarded_by_tracking': ['CS2_182', 'EX1_016']}, {'seed': 2, 'actual_cast_spell_id': 'DS1_184', 'drawn_from_tracking': 'EX1_016', 'discarded_by_tracking': ['CS2_182', 'CS2_231']}, {'seed': 3, 'actual_cast_spell_id': 'DS1_184', 'drawn_from_tracking': 'CS2_231', 'discarded_by_tracking': ['CS2_182', 'EX1_016']}, {'seed': 4, 'actual_cast_spell_id': 'DS1_184', 'drawn_from_tracking': 'EX1_016', 'discarded_by_tracking': ['CS2_182', 'CS2_231']}, {'seed': 5, 'actual_cast_spell_id': 'DS1_184', 'drawn_from_tracking': 'EX1_016', 'discarded_by_tracking': ['CS2_231', 'CS2_182']}, {'seed': 6, 'actual_cast_spell_id': 'DS1_184', 'drawn_from_tracking': 'CS2_182', 'discarded_by_tracking': ['CS2_231', 'EX1_016']}, {'seed': 7, 'actual_cast_spell_id': 'DS1_184', 'drawn_from_tracking': 'CS2_182', 'discarded_by_tracking': ['EX1_016', 'CS2_231']}, {'seed': 8, 'actual_cast_spell_id': 'DS1_184', 'drawn_from_tracking': 'CS2_182', 'discarded_by_tracking': ['CS2_231', 'EX1_016']}, {'seed': 9, 'actual_cast_spell_id': 'DS1_184', 'drawn_from_tracking': 'CS2_182', 'discarded_by_tracking': ['CS2_231', 'EX1_016']}, {'seed': 10, 'actual_cast_spell_id': 'DS1_184', 'drawn_from_tracking': 'CS2_182', 'discarded_by_tracking': ['EX1_016', 'CS2_231']}, {'seed': 11, 'actual_cast_spell_id': 'DS1_184', 'drawn_from_tracking': 'CS2_231', 'discarded_by_tracking': ['EX1_016', 'CS2_182']}];source=fireplace/cards/wog/mage.py:41]",card_mechanism.csv#OG_087; generic-play-smoke:played; effect-evidence: reports/card_quality_full_2026-09-27/og_probe.csv#servant_repeatedly_casts_only_tracking; per-card: reports/card_quality_full_2026-09-27/og_probe.csv#servant_repeatedly_casts_only_tracking,聚合状态取该卡最差机制；普通烟测只证明可执行，不能单独构成 GREEN。 EN=Battlecry: Cast a random spell that costs (5) or less (targets chosen randomly).; ZH=战吼：随机施放一个法力值消耗小于或等于（5）点的法术（目标随机而定）。; source=fireplace/cards/wog/mage.py:38; existing_tests=无候选既有测试引用; previous_card_audit=2 个机制缺少充分的核心效果验证；逐机制依据见 card_mechanism.csv。; previous_mechanism_audit=存在定义或元数据候选；当前没有可复查的该机制核心效果断言。; prior_cross_card_issues=无; audit_scope=本轮所列实际运行断言。,Battlecry: Cast a random spell that costs (5) or less (targets chosen randomly).,战吼：随机施放一个法力值消耗小于或等于（5）点的法术（目标随机而定）。,fireplace/cards/wog/mage.py:38
17.6.0.53261,Whispers of the Old Gods (OG),OG_090,Cabalist's Tome,秘法宝典,Random effects|Spell resolution,GREEN,implemented,yes,"针对性对局断言通过：cabalists_tome_adds_three_mage_spells=12 seeded results=[['CS2_032', 'BT_006', 'DAL_577'], ['DRG_324', 'CFM_623', 'LOOT_103'], ['UNG_955', 'BOT_600', 'CFM_620'], ['BT_002', 'CS2_025', 'CS2_026'], ['UNG_018', 'GIL_548', 'BOT_257'], ['EX1_289', 'LOOT_101', 'CFM_065'], ['ULD_216', 'BRM_003', 'DRG_321'], ['BOT_257', 'DRG_324', 'LOE_002'], ['GIL_548', 'BOT_254', 'UNG_955'], ['GIL_548', 'CS2_029', 'UNG_941'], ['ICC_823', 'BT_003', 'DRG_106'], ['GIL_548', 'CS2_024', 'CS2_032']]",card_mechanism.csv#OG_090; generic-play-smoke:played; effect-evidence: reports/card_quality_full_2026-09-27/og_probe.csv#cabalists_tome_adds_three_mage_spells; per-card: reports/card_quality_full_2026-09-27/og_probe.csv#cabalists_tome_adds_three_mage_spells,聚合状态取该卡最差机制；普通烟测只证明可执行，不能单独构成 GREEN。 EN=Add 3 random Mage spells to your hand.; ZH=随机将三张法师法术牌置入你的手牌。; source=fireplace/cards/wog/mage.py:59; existing_tests=tests/test_wog.py:120:test_cabalists_tome | tests/test_wog.py:122:test_cabalists_tome; previous_card_audit=2 个机制缺少充分的核心效果验证；逐机制依据见 card_mechanism.csv。; previous_mechanism_audit=存在定义或元数据候选；当前没有可复查的该机制核心效果断言。; prior_cross_card_issues=无; audit_scope=本轮所列实际运行断言。,Add 3 random Mage spells to your hand.,随机将三张法师法术牌置入你的手牌。,fireplace/cards/wog/mage.py:59
17.6.0.53261,Whispers of the Old Gods (OG),OG_094,Power Word: Tentacles,真言术：触,Spell resolution|Targeting,GREEN,implemented,yes,"针对性对局断言通过：power_word_tentacles_gives_two_six=target=(3, 7, 7);spell=GRAVEYARD",card_mechanism.csv#OG_094; generic-play-smoke:played; effect-evidence: reports/card_quality_full_2026-09-27/og_probe.csv#power_word_tentacles_gives_two_six; per-card: reports/card_quality_full_2026-09-27/og_probe.csv#power_word_tentacles_gives_two_six,聚合状态取该卡最差机制；普通烟测只证明可执行，不能单独构成 GREEN。 EN=Give a minion +2/+6.; ZH=使一个随从获得+2/+6。; source=fireplace/cards/wog/priest.py:65; existing_tests=无候选既有测试引用; previous_card_audit=2 个机制缺少充分的核心效果验证；逐机制依据见 card_mechanism.csv。; previous_mechanism_audit=存在定义或元数据候选；当前没有可复查的该机制核心效果断言。 / 缺目标与非法自身目标均在付费/移区前被拒绝；合法目标效果仍需逐卡验证。; prior_cross_card_issues=无; audit_scope=本轮所列实际运行断言。,Give a minion +2/+6.,使一个随从获得+2/+6。,fireplace/cards/wog/priest.py:65
17.6.0.53261,Whispers of the Old Gods (OG),OG_096,Twilight Darkmender,暮光暗愈者,Battlecry,GREEN,implemented,yes,针对性对局断言通过：darkmender_below_ten_cthun_does_not_heal=cthun_zone=SETASIDE;cthun_attack=9;hero_health=10;card=PLAY；darkmender_at_ten_cthun_heals_ten=cthun_zone=SETASIDE;cthun_attack=10;hero_health=20;card=PLAY,card_mechanism.csv#OG_096; generic-play-smoke:played; effect-evidence: reports/card_quality_full_2026-09-27/og_probe.csv#darkmender_below_ten_cthun_does_not_heal; reports/card_quality_full_2026-09-27/og_probe.csv#darkmender_at_ten_cthun_heals_ten; per-card: reports/card_quality_full_2026-09-27/og_probe.csv#darkmender_below_ten_cthun_does_not_heal; reports/card_quality_full_2026-09-27/og_probe.csv#darkmender_at_ten_cthun_heals_ten,"聚合状态取该卡最差机制；普通烟测只证明可执行，不能单独构成 GREEN。 EN=Battlecry: If your C'Thun  has at least 10 Attack, restore #10 Health to your hero.; ZH=战吼：如果你的克苏恩至少具有10点攻击力，便为你的英雄恢复#10点生命值。; source=fireplace/cards/wog/priest.py:8; existing_tests=无候选既有测试引用; previous_card_audit=1 个机制缺少充分的核心效果验证；逐机制依据见 card_mechanism.csv。; previous_mechanism_audit=存在定义或元数据候选；当前没有可复查的该机制核心效果断言。; prior_cross_card_issues=无; audit_scope=本轮所列实际运行断言。","Battlecry: If your C'Thun  has at least 10 Attack, restore #10 Health to your hero.",战吼：如果你的克苏恩至少具有10点攻击力，便为你的英雄恢复#10点生命值。,fireplace/cards/wog/priest.py:8
17.6.0.53261,Whispers of the Old Gods (OG),OG_100,Shadow Word: Horror,暗言术：骇,Spell resolution,GREEN,implemented,yes,针对性对局断言通过：horror_destroys_both_sides_at_two_or_less=card=GRAVEYARD;own_1_2=['GRAVEYARD'];own_3=PLAY;enemy_1=GRAVEYARD;enemy_3=PLAY,card_mechanism.csv#OG_100; generic-play-smoke:played; effect-evidence: reports/card_quality_full_2026-09-27/og_probe.csv#horror_destroys_both_sides_at_two_or_less; per-card: reports/card_quality_full_2026-09-27/og_probe.csv#horror_destroys_both_sides_at_two_or_less,聚合状态取该卡最差机制；普通烟测只证明可执行，不能单独构成 GREEN。 EN=Destroy all minions with 2 or less Attack.; ZH=消灭所有攻击力小于或等于2的随从。; source=fireplace/cards/wog/priest.py:75; existing_tests=tests/test_wog.py:457:test_shadow_word_horror; previous_card_audit=1 个机制缺少充分的核心效果验证；逐机制依据见 card_mechanism.csv。; previous_mechanism_audit=存在定义或元数据候选；当前没有可复查的该机制核心效果断言。; prior_cross_card_issues=无; audit_scope=本轮所列实际运行断言。,Destroy all minions with 2 or less Attack.,消灭所有攻击力小于或等于2的随从。,fireplace/cards/wog/priest.py:75
17.6.0.53261,Whispers of the Old Gods (OG),OG_101,Forbidden Shaping,禁忌畸变,Random effects|Spell resolution|Summon,GREEN,implemented,yes,"针对性对局断言通过：forbidden_shaping_spends_five_and_summons_cost_five=spent_mana=5;16_seeded_minions=['ULD_292', 'AT_113', 'CFM_020', 'OG_291', 'CS2_221', 'DRG_054', 'EX1_284', 'ICC_841', 'OG_302', 'CFM_756', 'GIL_620', 'CFM_652', 'YOD_036', 'GIL_547', 'GIL_648', 'BOT_104'];distinct=16",card_mechanism.csv#OG_101; generic-play-smoke:played; effect-evidence: reports/card_quality_full_2026-09-27/og_probe.csv#forbidden_shaping_spends_five_and_summons_cost_five; per-card: reports/card_quality_full_2026-09-27/og_probe.csv#forbidden_shaping_spends_five_and_summons_cost_five,聚合状态取该卡最差机制；普通烟测只证明可执行，不能单独构成 GREEN。 EN=Spend all your Mana. Summon a random minion that costs that much.; ZH=消耗你所有的法力值，随机 召唤一个法力值消耗相同的随从。; source=fireplace/cards/wog/priest.py:81; existing_tests=无候选既有测试引用; previous_card_audit=3 个机制缺少充分的核心效果验证；逐机制依据见 card_mechanism.csv。; previous_mechanism_audit=存在定义或元数据候选；当前没有可复查的该机制核心效果断言。; prior_cross_card_issues=无; audit_scope=本轮所列实际运行断言。,Spend all your Mana. Summon a random minion that costs that much.,消耗你所有的法力值，随机 召唤一个法力值消耗相同的随从。,fireplace/cards/wog/priest.py:81
17.6.0.53261,Whispers of the Old Gods (OG),OG_102,Darkspeaker,黑暗低语者,Battlecry|Targeting,GREEN,implemented,yes,"针对性对局断言通过：darkspeaker_swaps_stats_with_friendly_minion=target_before=(4, 5, 5);target_after=(3, 6, 6);darkspeaker_after=(4, 5, 5);legal_target_ids=['CS2_182'];zone=PLAY；darkspeaker_is_playable_without_friendly_target=available_targets=[];enemy_before=(4, 5, 5);enemy_after=(4, 5, 5);card=(3, 6, 6);zone=PLAY",card_mechanism.csv#OG_102; generic-play-smoke:played; effect-evidence: reports/card_quality_full_2026-09-27/og_probe.csv#darkspeaker_swaps_stats_with_friendly_minion; reports/card_quality_full_2026-09-27/og_probe.csv#darkspeaker_is_playable_without_friendly_target; per-card: reports/card_quality_full_2026-09-27/og_probe.csv#darkspeaker_swaps_stats_with_friendly_minion; reports/card_quality_full_2026-09-27/og_probe.csv#darkspeaker_is_playable_without_friendly_target,聚合状态取该卡最差机制；普通烟测只证明可执行，不能单独构成 GREEN。 EN=Battlecry: Swap stats with a friendly minion.; ZH=战吼：与另一个友方随从交换属性值。; source=fireplace/cards/wog/neutral_epic.py:68; existing_tests=tests/test_misc.py:138:test_darkspeaker_and_shudderwock; previous_card_audit=2 个机制缺少充分的核心效果验证；逐机制依据见 card_mechanism.csv。; previous_mechanism_audit=存在定义或元数据候选；当前没有可复查的该机制核心效果断言。 / 缺目标与非法自身目标均在付费/移区前被拒绝；合法目标效果仍需逐卡验证。; prior_cross_card_issues=无; audit_scope=本轮所列实际运行断言。,Battlecry: Swap stats with a friendly minion.,战吼：与另一个友方随从交换属性值。,fireplace/cards/wog/neutral_epic.py:68
17.6.0.53261,Whispers of the Old Gods (OG),OG_104,Embrace the Shadow,暗影之握,Spell resolution,GREEN,implemented,yes,针对性对局断言通过：embrace_shadow_turns_healing_into_damage_then_expires=embrace=GRAVEYARD;active_flag=True;health_during=18;expired_flag=False;health_next_turn=20,card_mechanism.csv#OG_104; generic-play-smoke:played; effect-evidence: reports/card_quality_full_2026-09-27/og_probe.csv#embrace_shadow_turns_healing_into_damage_then_expires; per-card: reports/card_quality_full_2026-09-27/og_probe.csv#embrace_shadow_turns_healing_into_damage_then_expires,"聚合状态取该卡最差机制；普通烟测只证明可执行，不能单独构成 GREEN。 EN=This turn, your healing effects deal damage instead.; ZH=在本回合中，你的治疗效果转而造成等量的伤害。; source=fireplace/cards/wog/priest.py:50; existing_tests=无候选既有测试引用; previous_card_audit=1 个机制缺少充分的核心效果验证；逐机制依据见 card_mechanism.csv。; previous_mechanism_audit=存在定义或元数据候选；当前没有可复查的该机制核心效果断言。; prior_cross_card_issues=无; audit_scope=本轮所列实际运行断言。","This turn, your healing effects deal damage instead.",在本回合中，你的治疗效果转而造成等量的伤害。,fireplace/cards/wog/priest.py:50
17.6.0.53261,Whispers of the Old Gods (OG),OG_109,Darkshire Librarian,夜色镇图书管理员,Battlecry|Deathrattle|Draw / Discard|Random effects,GREEN,implemented,yes,"针对性对局断言通过：librarian_discards_random_hand_card_and_deathrattle_draws=24_seeded_battlecries_and_deathrattles=[(0, 'CS2_008', 'CS2_231', 'HAND', 'GRAVEYARD'), (1, 'CS2_008', 'CS2_231', 'HAND', 'GRAVEYARD'), (2, 'CS2_008', 'CS2_231', 'HAND', 'GRAVEYARD'), (3, 'CS2_008', 'CS2_231', 'HAND', 'GRAVEYARD'), (4, 'CS2_008', 'CS2_231', 'HAND', 'GRAVEYARD'), (5, 'CS2_231', 'CS2_008', 'HAND', 'GRAVEYARD'), (6, 'CS2_008', 'CS2_231', 'HAND', 'GRAVEYARD'), (7, 'CS2_231', 'CS2_008', 'HAND', 'GRAVEYARD'), (8, 'CS2_231', 'CS2_008', 'HAND', 'GRAVEYARD'), (9, 'CS2_008', 'CS2_231', 'HAND', 'GRAVEYARD'), (10, 'CS2_231', 'CS2_008', 'HAND', 'GRAVEYARD'), (11, 'CS2_008', 'CS2_231', 'HAND', 'GRAVEYARD'), (12, 'CS2_008', 'CS2_231', 'HAND', 'GRAVEYARD'), (13, 'CS2_008', 'CS2_231', 'HAND', 'GRAVEYARD'), (14, 'CS2_008', 'CS2_231', 'HAND', 'GRAVEYARD'), (15, 'CS2_231', 'CS2_008', 'HAND', 'GRAVEYARD'), (16, 'CS2_008', 'CS2_231', 'HAND', 'GRAVEYARD'), (17, 'CS2_231', 'CS2_008', 'HAND', 'GRAVEYARD'), (18, 'CS2_231', 'CS2_008', 'HAND', 'GRAVEYARD'), (19, 'CS2_008', 'CS2_231', 'HAND', 'GRAVEYARD'), (20, 'CS2_008', 'CS2_231', 'HAND', 'GRAVEYARD'), (21, 'CS2_231', 'CS2_008', 'HAND', 'GRAVEYARD'), (22, 'CS2_008', 'CS2_231', 'HAND', 'GRAVEYARD'), (23, 'CS2_231', 'CS2_008', 'HAND', 'GRAVEYARD')];discarded_ids=['CS2_008', 'CS2_231']",card_mechanism.csv#OG_109; generic-play-smoke:played; effect-evidence: reports/card_quality_full_2026-09-27/og_probe.csv#librarian_discards_random_hand_card_and_deathrattle_draws; per-card: reports/card_quality_full_2026-09-27/og_probe.csv#librarian_discards_random_hand_card_and_deathrattle_draws,聚合状态取该卡最差机制；普通烟测只证明可执行，不能单独构成 GREEN。 EN=Battlecry: Discard a random card. Deathrattle: Draw a card.; ZH=战吼： 随机弃一张牌。 亡语： 抽一张牌。; source=fireplace/cards/wog/warlock.py:8; existing_tests=无候选既有测试引用; previous_card_audit=4 个机制缺少充分的核心效果验证；逐机制依据见 card_mechanism.csv。; previous_mechanism_audit=存在定义或元数据候选；当前没有可复查的该机制核心效果断言。 / 存在效果脚本；烟测仅验证执行和基础状态，缺少充分逐卡效果断言。; prior_cross_card_issues=无; audit_scope=本轮所列实际运行断言。,Battlecry: Discard a random card. Deathrattle: Draw a card.,战吼： 随机弃一张牌。 亡语： 抽一张牌。,fireplace/cards/wog/warlock.py:8
17.6.0.53261,Whispers of the Old Gods (OG),OG_113,Darkshire Councilman,夜色镇议员,Summon|Trigger,GREEN,implemented,yes,针对性对局断言通过：councilman_gains_attack_after_friendly_summon_only=attack_after_play=1;after_friendly_summon=2;after_enemy_summon=2;zone=PLAY,card_mechanism.csv#OG_113; generic-play-smoke:played; effect-evidence: reports/card_quality_full_2026-09-27/og_probe.csv#councilman_gains_attack_after_friendly_summon_only; per-card: reports/card_quality_full_2026-09-27/og_probe.csv#councilman_gains_attack_after_friendly_summon_only,"聚合状态取该卡最差机制；普通烟测只证明可执行，不能单独构成 GREEN。 EN=[x]After you summon a minion,  gain +1 Attack.; ZH=在你召唤一个随从后，获得+1攻击力。; source=fireplace/cards/wog/warlock.py:15; existing_tests=无候选既有测试引用; previous_card_audit=2 个机制缺少充分的核心效果验证；逐机制依据见 card_mechanism.csv。; previous_mechanism_audit=存在定义或元数据候选；当前没有可复查的该机制核心效果断言。; prior_cross_card_issues=无; audit_scope=本轮所列实际运行断言。","[x]After you summon a minion,  gain +1 Attack.",在你召唤一个随从后，获得+1攻击力。,fireplace/cards/wog/warlock.py:15
17.6.0.53261,Whispers of the Old Gods (OG),OG_114,Forbidden Ritual,禁忌仪式,Spell resolution|Summon,GREEN,implemented,yes,"针对性对局断言通过：forbidden_ritual_spends_all_four_for_four_tentacles=mana=0;ritual=GRAVEYARD;tokens=[(1, 1, 'PLAY'), (1, 1, 'PLAY'), (1, 1, 'PLAY'), (1, 1, 'PLAY')]；forbidden_ritual_respects_seven_minion_limit=mana=0;board_count=7;ritual=GRAVEYARD;tentacles=1",card_mechanism.csv#OG_114; generic-play-smoke:played; effect-evidence: reports/card_quality_full_2026-09-27/og_probe.csv#forbidden_ritual_spends_all_four_for_four_tentacles; reports/card_quality_full_2026-09-27/og_probe.csv#forbidden_ritual_respects_seven_minion_limit; per-card: reports/card_quality_full_2026-09-27/og_probe.csv#forbidden_ritual_spends_all_four_for_four_tentacles; reports/card_quality_full_2026-09-27/og_probe.csv#forbidden_ritual_respects_seven_minion_limit,聚合状态取该卡最差机制；普通烟测只证明可执行，不能单独构成 GREEN。 EN=Spend all your Mana. Summon that many 1/1 Tentacles.; ZH=消耗你所有的法力值，每消耗一点法力值，便召唤一个1/1的触须。; source=fireplace/cards/wog/warlock.py:94; existing_tests=无候选既有测试引用; previous_card_audit=2 个机制缺少充分的核心效果验证；逐机制依据见 card_mechanism.csv。; previous_mechanism_audit=存在定义或元数据候选；当前没有可复查的该机制核心效果断言。; prior_cross_card_issues=无; audit_scope=本轮所列实际运行断言。,Spend all your Mana. Summon that many 1/1 Tentacles.,消耗你所有的法力值，每消耗一点法力值，便召唤一个1/1的触须。,fireplace/cards/wog/warlock.py:94
17.6.0.53261,Whispers of the Old Gods (OG),OG_116,Spreading Madness,狂乱传染,Random effects|Spell resolution,GREEN,implemented,yes,"针对性对局断言通过：spreading_madness_deals_nine_across_all_characters=48 seeds;each run exactly 9 total damage;seed_hit_counts={'friendly_hero': 47, 'enemy_hero': 44, 'friendly_minion': 46, 'enemy_minion': 43}",card_mechanism.csv#OG_116; generic-play-smoke:played; effect-evidence: reports/card_quality_full_2026-09-27/og_probe.csv#spreading_madness_deals_nine_across_all_characters; per-card: reports/card_quality_full_2026-09-27/og_probe.csv#spreading_madness_deals_nine_across_all_characters,聚合状态取该卡最差机制；普通烟测只证明可执行，不能单独构成 GREEN。 EN=Deal $9 damage randomly split among ALL characters.; ZH=造成$9点伤害，随机分配到所有角色身上。; source=fireplace/cards/wog/warlock.py:51; existing_tests=无候选既有测试引用; previous_card_audit=2 个机制缺少充分的核心效果验证；逐机制依据见 card_mechanism.csv。; previous_mechanism_audit=存在定义或元数据候选；当前没有可复查的该机制核心效果断言。; prior_cross_card_issues=无; audit_scope=本轮所列实际运行断言。,Deal $9 damage randomly split among ALL characters.,造成$9点伤害，随机分配到所有角色身上。,fireplace/cards/wog/warlock.py:51
17.6.0.53261,Whispers of the Old Gods (OG),OG_118,Renounce Darkness,弃暗投明,Cost modification|Random effects|Spell resolution|Summon,GREEN,implemented,yes,"针对性对局断言通过：renounce_replaces_hero_power_and_warlock_cards_only=16 seeds;new hero powers/cards=[('HERO_03bp', 'GIL_827', 'BT_710', ('CS2_182', 'DECK', 'NEUTRAL', 4)), ('HERO_06bp', 'DAL_799', 'ULD_273', ('CS2_182', 'DECK', 'NEUTRAL', 4)), ('HERO_10bp', 'BT_423', 'BT_512', ('CS2_182', 'DECK', 'NEUTRAL', 4)), ('HERO_10bp', 'BT_495', 'BT_814', ('CS2_182', 'DECK', 'NEUTRAL', 4)), ('HERO_04bp', 'EX1_132', 'BRM_018', ('CS2_182', 'DECK', 'NEUTRAL', 4)), ('HERO_10bp', 'BT_510', 'BT_429', ('CS2_182', 'DECK', 'NEUTRAL', 4)), ('HERO_04bp', 'BT_020', 'CS2_089', ('CS2_182', 'DECK', 'NEUTRAL', 4)), ('HERO_08bp', 'ULD_726', 'BOT_531', ('CS2_182', 'DECK', 'NEUTRAL', 4)), ('HERO_02bp', 'BT_100', 'ICC_081', ('CS2_182', 'DECK', 'NEUTRAL', 4)), ('HERO_03bp', 'ULD_280', 'ICC_910', ('CS2_182', 'DECK', 'NEUTRAL', 4)), ('HERO_01bp', 'BOT_067', 'GIL_547', ('CS2_182', 'DECK', 'NEUTRAL', 4)), ('HERO_04bp', 'TRL_309', 'BT_009', ('CS2_182', 'DECK', 'NEUTRAL', 4)), ('HERO_09bp', 'CFM_626', 'GIL_805', ('CS2_182', 'DECK', 'NEUTRAL', 4)), ('HERO_03bp', 'OG_267', 'GIL_902', ('CS2_182', 'DECK', 'NEUTRAL', 4)), ('HERO_01bp', 'DRG_025', 'CFM_631', ('CS2_182', 'DECK', 'NEUTRAL', 4)), ('HERO_02bp', 'OG_024', 'LOOT_517', ('CS2_182', 'DECK', 'NEUTRAL', 4))]",card_mechanism.csv#OG_118; generic-play-smoke:played; effect-evidence: reports/card_quality_full_2026-09-27/og_probe.csv#renounce_replaces_hero_power_and_warlock_cards_only; per-card: reports/card_quality_full_2026-09-27/og_probe.csv#renounce_replaces_hero_power_and_warlock_cards_only,聚合状态取该卡最差机制；普通烟测只证明可执行，不能单独构成 GREEN。 EN=Replace your Hero Power and Warlock cards with another class's. The cards cost (1) less.; ZH=将你的英雄技能和术士卡牌替换成其它职业的。这些牌的法力值消耗减少（1）点。; source=fireplace/cards/wog/warlock.py:57; existing_tests=无候选既有测试引用; previous_card_audit=4 个机制缺少充分的核心效果验证；逐机制依据见 card_mechanism.csv。; previous_mechanism_audit=存在定义或元数据候选；当前没有可复查的该机制核心效果断言。; prior_cross_card_issues=无; audit_scope=本轮所列实际运行断言。,Replace your Hero Power and Warlock cards with another class's. The cards cost (1) less.,将你的英雄技能和术士卡牌替换成其它职业的。这些牌的法力值消耗减少（1）点。,fireplace/cards/wog/warlock.py:57
17.6.0.53261,Whispers of the Old Gods (OG),OG_120,Anomalus,阿诺玛鲁斯,Deathrattle,GREEN,implemented,yes,"针对性对局断言通过：anomalus_deathrattle_hits_every_minion_for_eight=Anomalus=GRAVEYARD;friendly_health=4/12;enemy_health=4/12;both_zones=PLAY,PLAY;heroes=30,30",card_mechanism.csv#OG_120; generic-play-smoke:played; effect-evidence: reports/card_quality_full_2026-09-27/og_probe.csv#anomalus_deathrattle_hits_every_minion_for_eight; per-card: reports/card_quality_full_2026-09-27/og_probe.csv#anomalus_deathrattle_hits_every_minion_for_eight,聚合状态取该卡最差机制；普通烟测只证明可执行，不能单独构成 GREEN。 EN=Deathrattle: Deal 8 damage to all minions.; ZH=亡语：对所有随从造成8点伤害。; source=fireplace/cards/wog/mage.py:26; existing_tests=无候选既有测试引用; previous_card_audit=1 个机制缺少充分的核心效果验证；逐机制依据见 card_mechanism.csv。; previous_mechanism_audit=存在效果脚本；烟测仅验证执行和基础状态，缺少充分逐卡效果断言。; prior_cross_card_issues=无; audit_scope=本轮所列实际运行断言。,Deathrattle: Deal 8 damage to all minions.,亡语：对所有随从造成8点伤害。,fireplace/cards/wog/mage.py:26
17.6.0.53261,Whispers of the Old Gods (OG),OG_121,Cho'gall,古加尔,Battlecry,RED,partial,yes,"实测偏差：chogall_unused_effect_expires_at_end_of_turn 预期[If no spell is cast this turn, next turn's spell uses Mana, not Health.]，实际[AssertionError: flag_next_turn=True;mana_after_chogall=3;mana_before_spell=10;mana_after_spell=10;own_hero=18;enemy_hero=27;spell=GRAVEYARD]",card_mechanism.csv#OG_121; generic-play-smoke:played; effect-evidence: reports/card_quality_full_2026-09-27/og_probe.csv#chogall_next_spell_costs_health_not_mana; reports/card_quality_full_2026-09-27/og_probe.csv#chogall_zero_cost_next_spell_consumes_effect_without_health; reports/card_quality_full_2026-09-27/og_probe.csv#chogall_unused_effect_expires_at_end_of_turn; per-card: reports/card_quality_full_2026-09-27/og_probe.csv#chogall_next_spell_costs_health_not_mana; reports/card_quality_full_2026-09-27/og_probe.csv#chogall_zero_cost_next_spell_consumes_effect_without_health; reports/card_quality_full_2026-09-27/og_probe.csv#chogall_unused_effect_expires_at_end_of_turn,聚合状态取该卡最差机制；普通烟测只证明可执行，不能单独构成 GREEN。 EN=Battlecry: The next spell you cast this turn costs Health instead of Mana.; ZH=战吼：在本回合中，你施放的下一个法术不再消耗法力值，转而消耗生命值。; source=fireplace/cards/wog/warlock.py:24; existing_tests=tests/test_wog.py:135:test_chogall | tests/test_wog.py:156:test_chogall_free_spell | tests/test_wog.py:166:test_chogall_cannot_pay_health; previous_card_audit=1 个机制缺少充分的核心效果验证；逐机制依据见 card_mechanism.csv。; previous_mechanism_audit=存在定义或元数据候选；当前没有可复查的该机制核心效果断言。; prior_cross_card_issues=无; audit_scope=本轮所列实际运行断言。,Battlecry: The next spell you cast this turn costs Health instead of Mana.,战吼：在本回合中，你施放的下一个法术不再消耗法力值，转而消耗生命值。,fireplace/cards/wog/warlock.py:24
17.6.0.53261,Whispers of the Old Gods (OG),OG_122,"Mukla, Tyrant of the Vale",山谷之王穆克拉,Battlecry,GREEN,implemented,yes,"针对性对局断言通过：mukla_adds_and_uses_two_bananas=mukla=PLAY;banana_count=2;first=(2, 2);second=(2, 2);bananas=['GRAVEYARD', 'GRAVEYARD']",card_mechanism.csv#OG_122; generic-play-smoke:played; effect-evidence: reports/card_quality_full_2026-09-27/og_probe.csv#mukla_adds_and_uses_two_bananas; per-card: reports/card_quality_full_2026-09-27/og_probe.csv#mukla_adds_and_uses_two_bananas,聚合状态取该卡最差机制；普通烟测只证明可执行，不能单独构成 GREEN。 EN=Battlecry: Add 2 Bananas to your hand.; ZH=战吼：将两根香蕉置入你的手牌。; source=fireplace/cards/wog/neutral_legendary.py:14; existing_tests=无候选既有测试引用; previous_card_audit=1 个机制缺少充分的核心效果验证；逐机制依据见 card_mechanism.csv。; previous_mechanism_audit=存在定义或元数据候选；当前没有可复查的该机制核心效果断言。; prior_cross_card_issues=无; audit_scope=本轮所列实际运行断言。,Battlecry: Add 2 Bananas to your hand.,战吼：将两根香蕉置入你的手牌。,fireplace/cards/wog/neutral_legendary.py:14
17.6.0.53261,Whispers of the Old Gods (OG),OG_123,Shifter Zerus,百变泽鲁斯,Random effects|Transform|Trigger,GREEN,implemented,yes,"针对性对局断言通过：zerus_morphs_in_hand_each_own_turn=16 games x two own turns=[('OG_313', 'MINION', 'BT_202'), ('DAL_573', 'MINION', 'OG_085'), ('TRL_343', 'MINION', 'FP1_023'), ('ICC_067', 'MINION', 'OG_202'), ('GIL_682', 'MINION', 'BOT_700'), ('GIL_565', 'MINION', 'LOOT_161'), ('ULD_183', 'MINION', 'ULD_709'), ('FP1_012', 'MINION', 'CS2_235'), ('CS2_142', 'MINION', 'ULD_712'), ('GVG_009', 'MINION', 'AT_132'), ('EX1_243', 'MINION', 'ICC_466'), ('GVG_115', 'MINION', 'DRG_058'), ('EX1_007', 'MINION', 'EX1_558'), ('EX1_390', 'MINION', 'LOOT_130'), ('KAR_035', 'MINION', 'GVG_092'), ('CFM_064', 'MINION', 'BT_262')];distinct_ids=32",card_mechanism.csv#OG_123; generic-play-smoke:played; effect-evidence: reports/card_quality_full_2026-09-27/og_probe.csv#zerus_morphs_in_hand_each_own_turn; per-card: reports/card_quality_full_2026-09-27/og_probe.csv#zerus_morphs_in_hand_each_own_turn,"聚合状态取该卡最差机制；普通烟测只证明可执行，不能单独构成 GREEN。 EN=Each turn this is in your hand, transform it into a random minion.; ZH=如果这张牌在你的手牌中，每个回合都会随机变成一张随从牌。; source=fireplace/cards/wog/neutral_legendary.py:38; existing_tests=tests/test_wog.py:639:test_shifter_zerus; previous_card_audit=3 个机制缺少充分的核心效果验证；逐机制依据见 card_mechanism.csv。; previous_mechanism_audit=存在定义或元数据候选；当前没有可复查的该机制核心效果断言。; prior_cross_card_issues=无; audit_scope=本轮所列实际运行断言。","Each turn this is in your hand, transform it into a random minion.",如果这张牌在你的手牌中，每个回合都会随机变成一张随从牌。,fireplace/cards/wog/neutral_legendary.py:38
17.6.0.53261,Whispers of the Old Gods (OG),OG_131,Twin Emperor Vek'lor,维克洛尔大帝,Battlecry|Summon|Taunt,GREEN,implemented,yes,"针对性对局断言通过：twin_emperor_no_extra_copy_below_ten_cthun=cthun_atk=9;emperor=(4, 6, 1);extra=[];field=['OG_280', 'OG_131']；twin_emperor_summons_second_taunt_at_ten_cthun=cthun_atk=10;emperor=(4, 6, 1);extra=[(4, 6, 1, 'PLAY')]",card_mechanism.csv#OG_131; generic-play-smoke:played; effect-evidence: reports/card_quality_full_2026-09-27/og_probe.csv#twin_emperor_no_extra_copy_below_ten_cthun; reports/card_quality_full_2026-09-27/og_probe.csv#twin_emperor_summons_second_taunt_at_ten_cthun; per-card: reports/card_quality_full_2026-09-27/og_probe.csv#twin_emperor_no_extra_copy_below_ten_cthun; reports/card_quality_full_2026-09-27/og_probe.csv#twin_emperor_summons_second_taunt_at_ten_cthun,"聚合状态取该卡最差机制；普通烟测只证明可执行，不能单独构成 GREEN。 EN=[x]Taunt Battlecry: If your C'Thun has at least 10 Attack, summon another Emperor.; ZH=嘲讽，战吼：如果你的克苏恩具有至少10点攻击力，则召唤另一名双子皇帝。; source=fireplace/cards/wog/neutral_legendary.py:92; existing_tests=tests/test_wog.py:660:test_twin_emperor; previous_card_audit=3 个机制缺少充分的核心效果验证；逐机制依据见 card_mechanism.csv。; previous_mechanism_audit=存在定义或元数据候选；当前没有可复查的该机制核心效果断言。; prior_cross_card_issues=无; audit_scope=本轮所列实际运行断言。","[x]Taunt Battlecry: If your C'Thun has at least 10 Attack, summon another Emperor.",嘲讽，战吼：如果你的克苏恩具有至少10点攻击力，则召唤另一名双子皇帝。,fireplace/cards/wog/neutral_legendary.py:92
17.6.0.53261,Whispers of the Old Gods (OG),OG_133,"N'Zoth, the Corruptor",恩佐斯,Battlecry|Summon,GREEN,implemented,yes,2 本轮逐卡实战用例通过；覆盖文本中的核心效果及所列条件。,card_mechanism.csv#OG_133; generic-play-smoke:played; effect-evidence: reports/card_quality_full_2026-09-27/og_probe.csv#returns_duplicate_friendly_deathrattle_corpses; reports/card_quality_full_2026-09-27/og_probe.csv#resurrection_respects_seven_minion_cap; per-card: reports/card_quality_full_2026-09-27/og_probe.csv#returns_duplicate_friendly_deathrattle_corpses; reports/card_quality_full_2026-09-27/og_probe.csv#resurrection_respects_seven_minion_cap,聚合状态取该卡最差机制；普通烟测只证明可执行，不能单独构成 GREEN。 EN: Battlecry: Summon your Deathrattle minions that died this game.; CN: 战吼：召唤所有你在本局对战中死亡的，并具有亡语的随从。; source: fireplace/cards/wog/neutral_legendary.py:67; prior test: tests/test_wog.py::none; prior audit: card_mechanism.csv#OG_133; generic-play-smoke:played,Battlecry: Summon your Deathrattle minions that died this game.,战吼：召唤所有你在本局对战中死亡的，并具有亡语的随从。,fireplace/cards/wog/neutral_legendary.py:67
17.6.0.53261,Whispers of the Old Gods (OG),OG_134,"Yogg-Saron, Hope's End",尤格-萨隆,Battlecry|Random effects,RED,partial,yes,"two_prior_spells: live Yogg Battlecry crashes with two prior spells at game.random seed 1341: AttributeError: 'Destroy' object has no attribute 'at'; prior_spell_plays=2; yogg_zone=PLAY; enemy_hp=29; traceback=Traceback (most recent call last):
  File ""/home/hanqi/Desktop/卡牌大对战/TavernLab-HSsim/reports/card_quality_full_2026-09-27/og_probe_b.py"", line 204, in two_previous_spells
    yogg.play()
  File ""/home/hanqi/Desktop/卡牌大对战/TavernLab-HSsim/fireplace/card.py"", line 584, in play
    self.game.play_card(self, target, index, choose)
  File ""/home/hanqi/Desktop/卡牌大对战/TavernLab-HSsim/fireplace/game.py"", line 186, in play_card
    return self.action_block(player, actions, type, index, target)
  File ""/home/hanqi/Desktop/卡牌大对战/TavernLab-HSsim/fireplace/game.py"", line 152, in action_block
    ret = self.queue_actions(source, actions, event_args)
  File ""/home/hanqi/Desktop/卡牌大对战/TavernLab-HSsim/fireplace/game.py"", line 243, in queue_actions
    ret = self.trigger_actions(source, actions)
  File ""/home/hanqi/Desktop/卡牌大对战/TavernLab-HSsim/fireplace/game.py"", line 266, in trigger_actions
    ret.append(action.trigger(source))
  File ""/home/hanqi/Desktop/卡牌大对战/TavernLab-HSsim/fireplace/actions.py"", line 222, in trigger
    self.do(source, *args)
  File ""/home/hanqi/Desktop/卡牌大对战/TavernLab-HSsim/fireplace/actions.py"", line 538, in do
    summon_action.broadcast(
  File ""/home/hanqi/Desktop/卡牌大对战/TavernLab-HSsim/fireplace/actions.py"", line 168, in broadcast
    self._broadcast(entity, source, at, *args)
  File ""/home/hanqi/Desktop/卡牌大对战/TavernLab-HSsim/fireplace/actions.py"", line 1668, in _broadcast
    return super()._broadcast(entity, source, at, *args)
  File ""/home/hanqi/Desktop/卡牌大对战/TavernLab-HSsim/fireplace/actions.py"", line 150, in _broadcast
    if event.at != at:
AttributeError: 'Destroy' object has no attribute 'at'
",card_mechanism.csv#OG_134; generic-play-smoke:played; effect-evidence: reports/card_quality_full_2026-09-27/og_probe.csv#zero_prior_spells; reports/card_quality_full_2026-09-27/og_probe.csv#two_prior_spells; per-card: reports/card_quality_full_2026-09-27/og_probe.csv#zero_prior_spells; reports/card_quality_full_2026-09-27/og_probe.csv#two_prior_spells,聚合状态取该卡最差机制；普通烟测只证明可执行，不能单独构成 GREEN。 EN: Battlecry: Cast a random spell for each spell you've cast this game (targets chosen randomly).; CN: 战吼： 在本局对战中，你每施放过一个法术，便随机施放一个法术（目标随机而定）。; source: fireplace/cards/wog/neutral_legendary.py:73; prior test: tests/test_wog.py::none; prior audit: card_mechanism.csv#OG_134; generic-play-smoke:played,Battlecry: Cast a random spell for each spell you've cast this game (targets chosen randomly).,战吼： 在本局对战中，你每施放过一个法术，便随机施放一个法术（目标随机而定）。,fireplace/cards/wog/neutral_legendary.py:73
17.6.0.53261,Whispers of the Old Gods (OG),OG_138,Nerubian Prophet,蛛魔先知,Trigger,GREEN,implemented,yes,1 本轮逐卡实战用例通过；覆盖文本中的核心效果及所列条件。,card_mechanism.csv#OG_138; generic-play-smoke:played; effect-evidence: reports/card_quality_full_2026-09-27/og_probe.csv#hand_cost_reduction_each_own_turn; per-card: reports/card_quality_full_2026-09-27/og_probe.csv#hand_cost_reduction_each_own_turn,"聚合状态取该卡最差机制；普通烟测只证明可执行，不能单独构成 GREEN。 EN: At the start of your turn, reduce this card's Cost by (1).; CN: 在你的回合开始时，该随从牌的法力值消耗减少（1）点。; source: fireplace/cards/wog/neutral_common.py:35; prior test: tests/test_wog.py::test_nerubian_prophet; prior audit: card_mechanism.csv#OG_138; generic-play-smoke:played","At the start of your turn, reduce this card's Cost by (1).",在你的回合开始时，该随从牌的法力值消耗减少（1）点。,fireplace/cards/wog/neutral_common.py:35
17.6.0.53261,Whispers of the Old Gods (OG),OG_145,Psych-o-Tron,闹闹机器人,Divine Shield|Taunt,GREEN,implemented,yes,1 本轮逐卡实战用例通过；覆盖文本中的核心效果及所列条件。,card_mechanism.csv#OG_145; generic-play-smoke:played; effect-evidence: reports/card_quality_full_2026-09-27/og_probe.csv#taunt_and_shield_in_combat; per-card: reports/card_quality_full_2026-09-27/og_probe.csv#taunt_and_shield_in_combat,聚合状态取该卡最差机制；普通烟测只证明可执行，不能单独构成 GREEN。 EN: Taunt Divine Shield; CN: 嘲讽 圣盾; source: fireplace/cards/CardDefs.xml:OG_145; prior test: tests/test_wog.py::none; prior audit: card_mechanism.csv#OG_145; generic-play-smoke:played,Taunt Divine Shield,嘲讽 圣盾,
17.6.0.53261,Whispers of the Old Gods (OG),OG_147,Corrupted Healbot,腐化治疗机器人,Deathrattle,GREEN,implemented,yes,1 本轮逐卡实战用例通过；覆盖文本中的核心效果及所列条件。,card_mechanism.csv#OG_147; generic-play-smoke:played; effect-evidence: reports/card_quality_full_2026-09-27/og_probe.csv#deathrattle_heals_enemy_hero; per-card: reports/card_quality_full_2026-09-27/og_probe.csv#deathrattle_heals_enemy_hero,聚合状态取该卡最差机制；普通烟测只证明可执行，不能单独构成 GREEN。 EN: Deathrattle: Restore #8 Health to the enemy hero.; CN: 亡语：为敌方英雄恢复#8点生命值。; source: fireplace/cards/wog/neutral_rare.py:38; prior test: tests/test_wog.py::none; prior audit: card_mechanism.csv#OG_147; generic-play-smoke:played,Deathrattle: Restore #8 Health to the enemy hero.,亡语：为敌方英雄恢复#8点生命值。,fireplace/cards/wog/neutral_rare.py:38
17.6.0.53261,Whispers of the Old Gods (OG),OG_149,Ravaging Ghoul,暴虐食尸鬼,Battlecry,RED,partial,yes,"battlecry_other_minions_excludes_self: Ravaging Ghoul Battlecry scope: expected 'deal 1 to all other minions; preserve Ghoul itself and both heroes', observed (1, 2, 2, 30, 30)",card_mechanism.csv#OG_149; generic-play-smoke:played; effect-evidence: reports/card_quality_full_2026-09-27/og_probe.csv#battlecry_other_minions_excludes_self; per-card: reports/card_quality_full_2026-09-27/og_probe.csv#battlecry_other_minions_excludes_self,聚合状态取该卡最差机制；普通烟测只证明可执行，不能单独构成 GREEN。 EN: Battlecry: Deal 1 damage to all other minions.; CN: 战吼：对所有其他随从造成1点伤害。; source: fireplace/cards/wog/warrior.py:8; prior test: tests/test_wog.py::none; prior audit: card_mechanism.csv#OG_149; generic-play-smoke:played,Battlecry: Deal 1 damage to all other minions.,战吼：对所有其他随从造成1点伤害。,fireplace/cards/wog/warrior.py:8
17.6.0.53261,Whispers of the Old Gods (OG),OG_150,Aberrant Berserker,畸变狂战士,Unclassified effect,GREEN,implemented,yes,1 本轮逐卡实战用例通过；覆盖文本中的核心效果及所列条件。,card_mechanism.csv#OG_150; generic-play-smoke:played; effect-evidence: reports/card_quality_full_2026-09-27/og_probe.csv#damage_and_heal_enrage; per-card: reports/card_quality_full_2026-09-27/og_probe.csv#damage_and_heal_enrage,聚合状态取该卡最差机制；普通烟测只证明可执行，不能单独构成 GREEN。 EN: Has +2 Attack while damaged.; CN: 受伤时具有+2攻 击力。; source: fireplace/cards/wog/neutral_common.py:47; prior test: tests/test_wog.py::none; prior audit: card_mechanism.csv#OG_150; generic-play-smoke:played,Has +2 Attack while damaged.,受伤时具有+2攻 击力。,fireplace/cards/wog/neutral_common.py:47
17.6.0.53261,Whispers of the Old Gods (OG),OG_151,Tentacle of N'Zoth,恩佐斯的触须,Deathrattle,GREEN,implemented,yes,1 本轮逐卡实战用例通过；覆盖文本中的核心效果及所列条件。,card_mechanism.csv#OG_151; generic-play-smoke:played; effect-evidence: reports/card_quality_full_2026-09-27/og_probe.csv#deathrattle_all_minions_not_heroes; per-card: reports/card_quality_full_2026-09-27/og_probe.csv#deathrattle_all_minions_not_heroes,聚合状态取该卡最差机制；普通烟测只证明可执行，不能单独构成 GREEN。 EN: Deathrattle: Deal 1 damage to all minions.; CN: 亡语：对所有随从造成1点伤害。; source: fireplace/cards/wog/neutral_common.py:56; prior test: tests/test_wog.py::none; prior audit: card_mechanism.csv#OG_151; generic-play-smoke:played,Deathrattle: Deal 1 damage to all minions.,亡语：对所有随从造成1点伤害。,fireplace/cards/wog/neutral_common.py:56
17.6.0.53261,Whispers of the Old Gods (OG),OG_152,Grotesque Dragonhawk,畸变的龙鹰,Windfury,GREEN,implemented,yes,1 本轮逐卡实战用例通过；覆盖文本中的核心效果及所列条件。,card_mechanism.csv#OG_152; generic-play-smoke:played; effect-evidence: reports/card_quality_full_2026-09-27/og_probe.csv#windfury_two_attacks_same_turn; per-card: reports/card_quality_full_2026-09-27/og_probe.csv#windfury_two_attacks_same_turn,聚合状态取该卡最差机制；普通烟测只证明可执行，不能单独构成 GREEN。 EN: Windfury; CN: 风怒; source: fireplace/cards/CardDefs.xml:OG_152; prior test: tests/test_wog.py::none; prior audit: card_mechanism.csv#OG_152; generic-play-smoke:played,Windfury,风怒,
17.6.0.53261,Whispers of the Old Gods (OG),OG_153,Bog Creeper,毒沼爬行者,Taunt,GREEN,implemented,yes,1 本轮逐卡实战用例通过；覆盖文本中的核心效果及所列条件。,card_mechanism.csv#OG_153; generic-play-smoke:played; effect-evidence: reports/card_quality_full_2026-09-27/og_probe.csv#taunt_blocks_hero_attack; per-card: reports/card_quality_full_2026-09-27/og_probe.csv#taunt_blocks_hero_attack,聚合状态取该卡最差机制；普通烟测只证明可执行，不能单独构成 GREEN。 EN: Taunt; CN: 嘲讽; source: fireplace/cards/CardDefs.xml:OG_153; prior test: tests/test_wog.py::none; prior audit: card_mechanism.csv#OG_153; generic-play-smoke:played,Taunt,嘲讽,
17.6.0.53261,Whispers of the Old Gods (OG),OG_156,Bilefin Tidehunter,怒鳍猎潮者,Battlecry|Summon,GREEN,implemented,yes,1 本轮逐卡实战用例通过；覆盖文本中的核心效果及所列条件。,card_mechanism.csv#OG_156; generic-play-smoke:played; effect-evidence: reports/card_quality_full_2026-09-27/og_probe.csv#battlecry_summons_taunt_ooze; per-card: reports/card_quality_full_2026-09-27/og_probe.csv#battlecry_summons_taunt_ooze,聚合状态取该卡最差机制；普通烟测只证明可执行，不能单独构成 GREEN。 EN: Battlecry: Summon a 1/1 Ooze with Taunt.; CN: 战吼：召唤一个1/1并具有嘲讽的软泥怪。; source: fireplace/cards/wog/neutral_common.py:62; prior test: tests/test_wog.py::none; prior audit: card_mechanism.csv#OG_156; generic-play-smoke:played,Battlecry: Summon a 1/1 Ooze with Taunt.,战吼：召唤一个1/1并具有嘲讽的软泥怪。,fireplace/cards/wog/neutral_common.py:62
17.6.0.53261,Whispers of the Old Gods (OG),OG_161,Corrupted Seer,腐化先知,Battlecry,GREEN,implemented,yes,1 本轮逐卡实战用例通过；覆盖文本中的核心效果及所列条件。,card_mechanism.csv#OG_161; generic-play-smoke:played; effect-evidence: reports/card_quality_full_2026-09-27/og_probe.csv#battlecry_non_murloc_filter_both_sides; per-card: reports/card_quality_full_2026-09-27/og_probe.csv#battlecry_non_murloc_filter_both_sides,聚合状态取该卡最差机制；普通烟测只证明可执行，不能单独构成 GREEN。 EN: Battlecry: Deal 2 damage to all non-Murloc minions.; CN: 战吼：对所有非鱼人随从造成2点伤害。; source: fireplace/cards/wog/neutral_rare.py:44; prior test: tests/test_wog.py::none; prior audit: card_mechanism.csv#OG_161; generic-play-smoke:played,Battlecry: Deal 2 damage to all non-Murloc minions.,战吼：对所有非鱼人随从造成2点伤害。,fireplace/cards/wog/neutral_rare.py:44
17.6.0.53261,Whispers of the Old Gods (OG),OG_162,Disciple of C'Thun,克苏恩的信徒,Battlecry|Targeting,GREEN,implemented,yes,2 本轮逐卡实战用例通过；覆盖文本中的核心效果及所列条件。,card_mechanism.csv#OG_162; generic-play-smoke:played; effect-evidence: reports/card_quality_full_2026-09-27/og_probe.csv#battlecry_target_damage_and_cthun_buff; reports/card_quality_full_2026-09-27/og_probe.csv#enemy_hero_target_buffs_cthun_in_deck; per-card: reports/card_quality_full_2026-09-27/og_probe.csv#battlecry_target_damage_and_cthun_buff; reports/card_quality_full_2026-09-27/og_probe.csv#enemy_hero_target_buffs_cthun_in_deck,聚合状态取该卡最差机制；普通烟测只证明可执行，不能单独构成 GREEN。 EN: Battlecry: Deal 2 damage. Give your C'Thun +2/+2 (wherever it is).; CN: 战吼： 造成2点伤害。使你的克苏恩获得+2/+2（无论它在哪里）。; source: fireplace/cards/wog/neutral_rare.py:8; prior test: tests/test_wog.py::none; prior audit: card_mechanism.csv#OG_162; generic-play-smoke:played; effect-evidence: reports/card_quality_full_2026-09-27/og_probe.csv#battlecry_target_damage_and_cthun_buff; per-card: reports/card_quality_full_2026-09-27/og_probe.csv#battlecry_target_damage_and_cthun_buff,Battlecry: Deal 2 damage. Give your C'Thun +2/+2 (wherever it is).,战吼： 造成2点伤害。使你的克苏恩获得+2/+2（无论它在哪里）。,fireplace/cards/wog/neutral_rare.py:8
17.6.0.53261,Whispers of the Old Gods (OG),OG_173,Blood of The Ancient One,远古造物之血,Summon|Trigger,GREEN,implemented,yes,2 本轮逐卡实战用例通过；覆盖文本中的核心效果及所列条件。,card_mechanism.csv#OG_173; generic-play-smoke:played; effect-evidence: reports/card_quality_full_2026-09-27/og_probe.csv#two_copies_merge_only_at_own_turn_end; reports/card_quality_full_2026-09-27/og_probe.csv#single_copy_does_not_merge; per-card: reports/card_quality_full_2026-09-27/og_probe.csv#two_copies_merge_only_at_own_turn_end; reports/card_quality_full_2026-09-27/og_probe.csv#single_copy_does_not_merge,"聚合状态取该卡最差机制；普通烟测只证明可执行，不能单独构成 GREEN。 EN: If you control two of these at the end of your turn, merge them into 'The Ancient One'.; CN: 在你的回合结束时，如果你控制两个远古造物之血，则将其融合成远古造物。; source: fireplace/cards/wog/neutral_epic.py:8; prior test: tests/test_wog.py::test_blood; prior audit: card_mechanism.csv#OG_173; generic-play-smoke:played","If you control two of these at the end of your turn, merge them into 'The Ancient One'.",在你的回合结束时，如果你控制两个远古造物之血，则将其融合成远古造物。,fireplace/cards/wog/neutral_epic.py:8
17.6.0.53261,Whispers of the Old Gods (OG),OG_174,Faceless Shambler,无面蹒跚者,Battlecry|Targeting|Taunt,GREEN,implemented,yes,3 本轮逐卡实战用例通过；覆盖文本中的核心效果及所列条件。,card_mechanism.csv#OG_174; generic-play-smoke:played; effect-evidence: reports/card_quality_full_2026-09-27/og_probe.csv#battlecry_copies_friendly_stats_and_keeps_taunt; reports/card_quality_full_2026-09-27/og_probe.csv#copies_damaged_friendly_current_health; reports/card_quality_full_2026-09-27/og_probe.csv#enemy_target_rejected; per-card: reports/card_quality_full_2026-09-27/og_probe.csv#battlecry_copies_friendly_stats_and_keeps_taunt; reports/card_quality_full_2026-09-27/og_probe.csv#copies_damaged_friendly_current_health; reports/card_quality_full_2026-09-27/og_probe.csv#enemy_target_rejected,聚合状态取该卡最差机制；普通烟测只证明可执行，不能单独构成 GREEN。 EN: Taunt Battlecry: Copy a friendly minion's Attack and Health.; CN: 嘲讽，战吼：复制一个友方随从的攻击力和生命值。; source: fireplace/cards/wog/neutral_epic.py:84; prior test: tests/test_wog.py::test_faceless_shambler; prior audit: card_mechanism.csv#OG_174; generic-play-smoke:played; effect-evidence: reports/card_quality_full_2026-09-27/og_probe.csv#battlecry_copies_friendly_stats_and_keeps_taunt; per-card: reports/card_quality_full_2026-09-27/og_probe.csv#battlecry_copies_friendly_stats_and_keeps_taunt,Taunt Battlecry: Copy a friendly minion's Attack and Health.,嘲讽，战吼：复制一个友方随从的攻击力和生命值。,fireplace/cards/wog/neutral_epic.py:84
17.6.0.53261,Whispers of the Old Gods (OG),OG_176,Shadow Strike,暗影打击,Spell resolution|Targeting,GREEN,implemented,yes,2 本轮逐卡实战用例通过；覆盖文本中的核心效果及所列条件。,card_mechanism.csv#OG_176; generic-play-smoke:played; effect-evidence: reports/card_quality_full_2026-09-27/og_probe.csv#five_damage_to_undamaged_character; reports/card_quality_full_2026-09-27/og_probe.csv#damaged_target_not_legal; per-card: reports/card_quality_full_2026-09-27/og_probe.csv#five_damage_to_undamaged_character; reports/card_quality_full_2026-09-27/og_probe.csv#damaged_target_not_legal,聚合状态取该卡最差机制；普通烟测只证明可执行，不能单独构成 GREEN。 EN: Deal $5 damage to an undamaged character.; CN: 对一个 未受伤的角色造成$5点伤害。; source: fireplace/cards/wog/rogue.py:83; prior test: tests/test_wog.py::none; prior audit: card_mechanism.csv#OG_176; generic-play-smoke:played,Deal $5 damage to an undamaged character.,对一个 未受伤的角色造成$5点伤害。,fireplace/cards/wog/rogue.py:83
17.6.0.53261,Whispers of the Old Gods (OG),OG_179,Fiery Bat,炽炎蝙蝠,Deathrattle|Random effects,GREEN,implemented,yes,8 本轮逐卡实战用例通过；覆盖文本中的核心效果及所列条件。,card_mechanism.csv#OG_179; generic-play-smoke:played; effect-evidence: reports/card_quality_full_2026-09-27/og_probe.csv#random_enemy_character_seed_17; reports/card_quality_full_2026-09-27/og_probe.csv#random_enemy_character_seed_29; reports/card_quality_full_2026-09-27/og_probe.csv#random_enemy_character_seed_41; reports/card_quality_full_2026-09-27/og_probe.csv#random_enemy_character_seed_53; reports/card_quality_full_2026-09-27/og_probe.csv#random_enemy_character_seed_67; reports/card_quality_full_2026-09-27/og_probe.csv#random_enemy_character_seed_79; reports/card_quality_full_2026-09-27/og_probe.csv#random_enemy_character_seed_83; reports/card_quality_full_2026-09-27/og_probe.csv#random_enemy_character_seed_97; per-card: reports/card_quality_full_2026-09-27/og_probe.csv#random_enemy_character_seed_17; reports/card_quality_full_2026-09-27/og_probe.csv#random_enemy_character_seed_29; reports/card_quality_full_2026-09-27/og_probe.csv#random_enemy_character_seed_41; reports/card_quality_full_2026-09-27/og_probe.csv#random_enemy_character_seed_53; reports/card_quality_full_2026-09-27/og_probe.csv#random_enemy_character_seed_67; reports/card_quality_full_2026-09-27/og_probe.csv#random_enemy_character_seed_79; reports/card_quality_full_2026-09-27/og_probe.csv#random_enemy_character_seed_83; reports/card_quality_full_2026-09-27/og_probe.csv#random_enemy_character_seed_97,聚合状态取该卡最差机制；普通烟测只证明可执行，不能单独构成 GREEN。 EN: Deathrattle: Deal 1 damage to a random enemy.; CN: 亡语：随机对一个敌人造成1点伤害。; source: fireplace/cards/wog/hunter.py:8; prior test: tests/test_wog.py::none; prior audit: card_mechanism.csv#OG_179; generic-play-smoke:played,Deathrattle: Deal 1 damage to a random enemy.,亡语：随机对一个敌人造成1点伤害。,fireplace/cards/wog/hunter.py:8
17.6.0.53261,Whispers of the Old Gods (OG),OG_188,Klaxxi Amber-Weaver,卡拉克西织珀者,Battlecry,RED,partial,yes,"cthun_at_least_10_grants_five_health: Klaxxi Amber-Weaver threshold: expected ""at 10+ C'Thun Attack, Klaxxi gains +5 Health (base 4/5 to 4/10)"", observed (4, 9, 9)",card_mechanism.csv#OG_188; generic-play-smoke:played; effect-evidence: reports/card_quality_full_2026-09-27/og_probe.csv#cthun_at_least_10_grants_five_health; reports/card_quality_full_2026-09-27/og_probe.csv#cthun_below_10_no_health_buff; per-card: reports/card_quality_full_2026-09-27/og_probe.csv#cthun_at_least_10_grants_five_health; reports/card_quality_full_2026-09-27/og_probe.csv#cthun_below_10_no_health_buff,"聚合状态取该卡最差机制；普通烟测只证明可执行，不能单独构成 GREEN。 EN: Battlecry: If your C'Thun has at least 10 Attack, gain +5 Health.; CN: 战吼： 如果你的克苏恩至少具有10点攻击力，便获得+5生命值。; source: fireplace/cards/wog/druid.py:60; prior test: tests/test_wog.py::none; prior audit: card_mechanism.csv#OG_188; generic-play-smoke:played","Battlecry: If your C'Thun has at least 10 Attack, gain +5 Health.",战吼： 如果你的克苏恩至少具有10点攻击力，便获得+5生命值。,fireplace/cards/wog/druid.py:60
17.6.0.53261,Whispers of the Old Gods (OG),OG_195,Wisps of the Old Gods,上古之神的小精灵,Choose One|Spell resolution|Summon,GREEN,implemented,yes,3 本轮逐卡实战用例通过；覆盖文本中的核心效果及所列条件。,card_mechanism.csv#OG_195; generic-play-smoke:played; effect-evidence: reports/card_quality_full_2026-09-27/og_probe.csv#choose_one_seven_wisps; reports/card_quality_full_2026-09-27/og_probe.csv#buff_choice_no_fandral; reports/card_quality_full_2026-09-27/og_probe.csv#fandral_combines_choices_board_cap; per-card: reports/card_quality_full_2026-09-27/og_probe.csv#choose_one_seven_wisps; reports/card_quality_full_2026-09-27/og_probe.csv#buff_choice_no_fandral; reports/card_quality_full_2026-09-27/og_probe.csv#fandral_combines_choices_board_cap,聚合状态取该卡最差机制；普通烟测只证明可执行，不能单独构成 GREEN。 EN: Choose One - Summon seven 1/1 Wisps; or Give your minions +2/+2.; CN: 抉择：召唤七个1/1的小精灵；或者使你的所有随从获得+2/+2。; source: fireplace/cards/wog/druid.py:110; prior test: tests/test_wog.py::test_wisps_of_the_old_gods; prior audit: card_mechanism.csv#OG_195; generic-play-smoke:played,Choose One - Summon seven 1/1 Wisps; or Give your minions +2/+2.,抉择：召唤七个1/1的小精灵；或者使你的所有随从获得+2/+2。,fireplace/cards/wog/druid.py:110
17.6.0.53261,Whispers of the Old Gods (OG),OG_198,Forbidden Healing,禁忌治疗,Spell resolution|Targeting,GREEN,implemented,yes,2 本轮逐卡实战用例通过；覆盖文本中的核心效果及所列条件。,card_mechanism.csv#OG_198; generic-play-smoke:played; effect-evidence: reports/card_quality_full_2026-09-27/og_probe.csv#four_mana_spent_for_eight_healing; reports/card_quality_full_2026-09-27/og_probe.csv#overheal_capped_but_mana_spent; per-card: reports/card_quality_full_2026-09-27/og_probe.csv#four_mana_spent_for_eight_healing; reports/card_quality_full_2026-09-27/og_probe.csv#overheal_capped_but_mana_spent,聚合状态取该卡最差机制；普通烟测只证明可执行，不能单独构成 GREEN。 EN: Spend all your Mana. Restore twice that much Health.; CN: 消耗你所有的法力值，恢复等同于所消耗法力值数量两倍的生命值。; source: fireplace/cards/wog/paladin.py:86; prior test: tests/test_wog.py::none; prior audit: card_mechanism.csv#OG_198; generic-play-smoke:played,Spend all your Mana. Restore twice that much Health.,消耗你所有的法力值，恢复等同于所消耗法力值数量两倍的生命值。,fireplace/cards/wog/paladin.py:86
17.6.0.53261,Whispers of the Old Gods (OG),OG_200,Validated Doomsayer,末日践行者,Trigger,GREEN,implemented,yes,1 本轮逐卡实战用例通过；覆盖文本中的核心效果及所列条件。,card_mechanism.csv#OG_200; generic-play-smoke:played; effect-evidence: reports/card_quality_full_2026-09-27/og_probe.csv#start_of_own_turn_sets_attack_seven; per-card: reports/card_quality_full_2026-09-27/og_probe.csv#start_of_own_turn_sets_attack_seven,"聚合状态取该卡最差机制；普通烟测只证明可执行，不能单独构成 GREEN。 EN: At the start of your turn, set this minion's Attack to 7.; CN: 在你的回合开始时，将该随从的攻击力 变为7。; source: fireplace/cards/wog/neutral_epic.py:25; prior test: tests/test_wog.py::test_validated_doomsayer; prior audit: card_mechanism.csv#OG_200; generic-play-smoke:played","At the start of your turn, set this minion's Attack to 7.",在你的回合开始时，将该随从的攻击力 变为7。,fireplace/cards/wog/neutral_epic.py:25
17.6.0.53261,Whispers of the Old Gods (OG),OG_202,Mire Keeper,泥潭守护者,Choose One|Summon,GREEN,implemented,yes,2 本轮逐卡实战用例通过；覆盖文本中的核心效果及所列条件。,card_mechanism.csv#OG_202; generic-play-smoke:played; effect-evidence: reports/card_quality_full_2026-09-27/og_probe.csv#choose_summons_single_two_two; reports/card_quality_full_2026-09-27/og_probe.csv#choose_gain_empty_mana_crystal; per-card: reports/card_quality_full_2026-09-27/og_probe.csv#choose_summons_single_two_two; reports/card_quality_full_2026-09-27/og_probe.csv#choose_gain_empty_mana_crystal,聚合状态取该卡最差机制；普通烟测只证明可执行，不能单独构成 GREEN。 EN: [x]Choose One - Summon a 2/2 Slime; or Gain an empty Mana Crystal.; CN: 抉择：召唤一个2/2的泥浆怪；或者获得一个空的法力水晶。; source: fireplace/cards/wog/druid.py:30; prior test: tests/test_wog.py::test_mire_keeper; prior audit: card_mechanism.csv#OG_202; generic-play-smoke:played,[x]Choose One - Summon a 2/2 Slime; or Gain an empty Mana Crystal.,抉择：召唤一个2/2的泥浆怪；或者获得一个空的法力水晶。,fireplace/cards/wog/druid.py:30
17.6.0.53261,Whispers of the Old Gods (OG),OG_206,Stormcrack,雷暴术,Overload|Spell resolution|Targeting,GREEN,implemented,yes,1 本轮逐卡实战用例通过；覆盖文本中的核心效果及所列条件。,card_mechanism.csv#OG_206; generic-play-smoke:played; effect-evidence: reports/card_quality_full_2026-09-27/og_probe.csv#deal_four_to_minion_and_overload_one; per-card: reports/card_quality_full_2026-09-27/og_probe.csv#deal_four_to_minion_and_overload_one,聚合状态取该卡最差机制；普通烟测只证明可执行，不能单独构成 GREEN。 EN: Deal $4 damage to a minion. Overload: (1); CN: 对一个随从造成$4点伤害，过载：（1）; source: fireplace/cards/wog/shaman.py:57; prior test: tests/test_wog.py::none; prior audit: card_mechanism.csv#OG_206; generic-play-smoke:played; effect-evidence: reports/card_quality_full_2026-09-27/overload_reproductions.csv#OG_206,Deal $4 damage to a minion. Overload: (1),对一个随从造成$4点伤害，过载：（1）,fireplace/cards/wog/shaman.py:57
17.6.0.53261,Whispers of the Old Gods (OG),OG_207,Faceless Summoner,无面召唤者,Battlecry|Random effects|Summon,GREEN,implemented,yes,4 本轮逐卡实战用例通过；覆盖文本中的核心效果及所列条件。,card_mechanism.csv#OG_207; generic-play-smoke:played; effect-evidence: reports/card_quality_full_2026-09-27/og_probe.csv#random_three_cost_minion_seed_7; reports/card_quality_full_2026-09-27/og_probe.csv#random_three_cost_minion_seed_19; reports/card_quality_full_2026-09-27/og_probe.csv#random_three_cost_minion_seed_31; reports/card_quality_full_2026-09-27/og_probe.csv#random_three_cost_minion_seed_43; per-card: reports/card_quality_full_2026-09-27/og_probe.csv#random_three_cost_minion_seed_7; reports/card_quality_full_2026-09-27/og_probe.csv#random_three_cost_minion_seed_19; reports/card_quality_full_2026-09-27/og_probe.csv#random_three_cost_minion_seed_31; reports/card_quality_full_2026-09-27/og_probe.csv#random_three_cost_minion_seed_43,聚合状态取该卡最差机制；普通烟测只证明可执行，不能单独构成 GREEN。 EN: Battlecry: Summon a random 3-Cost minion.; CN: 战吼：随机召唤一个法力值消耗为（3）的随从。; source: fireplace/cards/wog/mage.py:32; prior test: tests/test_wog.py::none; prior audit: card_mechanism.csv#OG_207; generic-play-smoke:played,Battlecry: Summon a random 3-Cost minion.,战吼：随机召唤一个法力值消耗为（3）的随从。,fireplace/cards/wog/mage.py:32
17.6.0.53261,Whispers of the Old Gods (OG),OG_209,Hallazeal the Ascended,升腾者海纳泽尔,Trigger,GREEN,implemented,yes,3 本轮逐卡实战用例通过；覆盖文本中的核心效果及所列条件。,card_mechanism.csv#OG_209; generic-play-smoke:played; effect-evidence: reports/card_quality_full_2026-09-27/og_probe.csv#friendly_spell_damage_heals_hero; reports/card_quality_full_2026-09-27/og_probe.csv#multi_target_spell_damage_is_summed; reports/card_quality_full_2026-09-27/og_probe.csv#minion_damage_is_not_spell_damage; per-card: reports/card_quality_full_2026-09-27/og_probe.csv#friendly_spell_damage_heals_hero; reports/card_quality_full_2026-09-27/og_probe.csv#multi_target_spell_damage_is_summed; reports/card_quality_full_2026-09-27/og_probe.csv#minion_damage_is_not_spell_damage,"聚合状态取该卡最差机制；普通烟测只证明可执行，不能单独构成 GREEN。 EN: Whenever your spells deal damage, restore that much Health to your hero.; CN: 每当你的法术造成伤害时，为你的英雄恢复等量的生命值。; source: fireplace/cards/wog/shaman.py:24; prior test: tests/test_wog.py::test_hallazeal_the_ascended; prior audit: card_mechanism.csv#OG_209; generic-play-smoke:played","Whenever your spells deal damage, restore that much Health to your hero.",每当你的法术造成伤害时，为你的英雄恢复等量的生命值。,fireplace/cards/wog/shaman.py:24
17.6.0.53261,Whispers of the Old Gods (OG),OG_211,Call of the Wild,兽群呼唤,Spell resolution|Summon,GREEN,implemented,yes,1 本轮逐卡实战用例通过；覆盖文本中的核心效果及所列条件。,card_mechanism.csv#OG_211; generic-play-smoke:played; effect-evidence: reports/card_quality_full_2026-09-27/og_probe.csv#summon_all_three_animal_companions; per-card: reports/card_quality_full_2026-09-27/og_probe.csv#summon_all_three_animal_companions,聚合状态取该卡最差机制；普通烟测只证明可执行，不能单独构成 GREEN。 EN: Summon all three Animal Companions.; CN: 召唤所有三种动物伙伴。; source: fireplace/cards/wog/hunter.py:73; prior test: tests/test_wog.py::none; prior audit: card_mechanism.csv#OG_211; generic-play-smoke:played,Summon all three Animal Companions.,召唤所有三种动物伙伴。,fireplace/cards/wog/hunter.py:73
17.6.0.53261,Whispers of the Old Gods (OG),OG_216,Infested Wolf,寄生恶狼,Deathrattle|Summon,GREEN,implemented,yes,1 本轮逐卡实战用例通过；覆盖文本中的核心效果及所列条件。,card_mechanism.csv#OG_216; generic-play-smoke:played; effect-evidence: reports/card_quality_full_2026-09-27/og_probe.csv#deathrattle_summons_two_spiders; per-card: reports/card_quality_full_2026-09-27/og_probe.csv#deathrattle_summons_two_spiders,聚合状态取该卡最差机制；普通烟测只证明可执行，不能单独构成 GREEN。 EN: Deathrattle: Summon two 1/1 Spiders.; CN: 亡语：召唤两只1/1的蜘蛛。; source: fireplace/cards/wog/hunter.py:23; prior test: tests/test_wog.py::none; prior audit: card_mechanism.csv#OG_216; generic-play-smoke:played,Deathrattle: Summon two 1/1 Spiders.,亡语：召唤两只1/1的蜘蛛。,fireplace/cards/wog/hunter.py:23
17.6.0.53261,Whispers of the Old Gods (OG),OG_218,Bloodhoof Brave,血蹄勇士,Taunt,GREEN,implemented,yes,1 本轮逐卡实战用例通过；覆盖文本中的核心效果及所列条件。,card_mechanism.csv#OG_218; generic-play-smoke:played; effect-evidence: reports/card_quality_full_2026-09-27/og_probe.csv#taunt_and_plus_three_while_damaged; per-card: reports/card_quality_full_2026-09-27/og_probe.csv#taunt_and_plus_three_while_damaged,聚合状态取该卡最差机制；普通烟测只证明可执行，不能单独构成 GREEN。 EN: Taunt Has +3 Attack while damaged.; CN: 嘲讽 受伤时具有+3攻 击力。; source: fireplace/cards/wog/warrior.py:14; prior test: tests/test_wog.py::none; prior audit: card_mechanism.csv#OG_218; generic-play-smoke:played,Taunt Has +3 Attack while damaged.,嘲讽 受伤时具有+3攻 击力。,fireplace/cards/wog/warrior.py:14
17.6.0.53261,Whispers of the Old Gods (OG),OG_220,Malkorok,马尔考罗克,Battlecry|Random effects|Summon,GREEN,implemented,yes,4 本轮逐卡实战用例通过；覆盖文本中的核心效果及所列条件。,card_mechanism.csv#OG_220; generic-play-smoke:played; effect-evidence: reports/card_quality_full_2026-09-27/og_probe.csv#random_weapon_equipped_seed_11; reports/card_quality_full_2026-09-27/og_probe.csv#random_weapon_equipped_seed_23; reports/card_quality_full_2026-09-27/og_probe.csv#random_weapon_equipped_seed_37; reports/card_quality_full_2026-09-27/og_probe.csv#random_weapon_equipped_seed_49; per-card: reports/card_quality_full_2026-09-27/og_probe.csv#random_weapon_equipped_seed_11; reports/card_quality_full_2026-09-27/og_probe.csv#random_weapon_equipped_seed_23; reports/card_quality_full_2026-09-27/og_probe.csv#random_weapon_equipped_seed_37; reports/card_quality_full_2026-09-27/og_probe.csv#random_weapon_equipped_seed_49,聚合状态取该卡最差机制；普通烟测只证明可执行，不能单独构成 GREEN。 EN: Battlecry: Equip a random weapon.; CN: 战吼：随机装备一把武器。; source: fireplace/cards/wog/warrior.py:23; prior test: tests/test_wog.py::test_malkorok; prior audit: card_mechanism.csv#OG_220; generic-play-smoke:played,Battlecry: Equip a random weapon.,战吼：随机装备一把武器。,fireplace/cards/wog/warrior.py:23
17.6.0.53261,Whispers of the Old Gods (OG),OG_221,Selfless Hero,无私的英雄,Deathrattle|Random effects,GREEN,implemented,yes,5 本轮逐卡实战用例通过；覆盖文本中的核心效果及所列条件。,card_mechanism.csv#OG_221; generic-play-smoke:played; effect-evidence: reports/card_quality_full_2026-09-27/og_probe.csv#random_friendly_minion_shield_seed_13; reports/card_quality_full_2026-09-27/og_probe.csv#random_friendly_minion_shield_seed_29; reports/card_quality_full_2026-09-27/og_probe.csv#random_friendly_minion_shield_seed_47; reports/card_quality_full_2026-09-27/og_probe.csv#random_friendly_minion_shield_seed_61; reports/card_quality_full_2026-09-27/og_probe.csv#no_friendly_target; per-card: reports/card_quality_full_2026-09-27/og_probe.csv#random_friendly_minion_shield_seed_13; reports/card_quality_full_2026-09-27/og_probe.csv#random_friendly_minion_shield_seed_29; reports/card_quality_full_2026-09-27/og_probe.csv#random_friendly_minion_shield_seed_47; reports/card_quality_full_2026-09-27/og_probe.csv#random_friendly_minion_shield_seed_61; reports/card_quality_full_2026-09-27/og_probe.csv#no_friendly_target,聚合状态取该卡最差机制；普通烟测只证明可执行，不能单独构成 GREEN。 EN: Deathrattle: Give a random friendly minion Divine Shield.; CN: 亡语：随机使一个友方随从获得圣盾。; source: fireplace/cards/wog/paladin.py:21; prior test: tests/test_wog.py::none; prior audit: card_mechanism.csv#OG_221; generic-play-smoke:played,Deathrattle: Give a random friendly minion Divine Shield.,亡语：随机使一个友方随从获得圣盾。,fireplace/cards/wog/paladin.py:21
17.6.0.53261,Whispers of the Old Gods (OG),OG_222,Rallying Blade,集结之刃,Battlecry|Weapon,GREEN,implemented,yes,1 本轮逐卡实战用例通过；覆盖文本中的核心效果及所列条件。,card_mechanism.csv#OG_222; generic-play-smoke:played; effect-evidence: reports/card_quality_full_2026-09-27/og_probe.csv#battlecry_buffs_friendly_divine_shield_minions; per-card: reports/card_quality_full_2026-09-27/og_probe.csv#battlecry_buffs_friendly_divine_shield_minions,聚合状态取该卡最差机制；普通烟测只证明可执行，不能单独构成 GREEN。 EN: Battlecry: Give +1/+1 to your minions with Divine Shield.; CN: 战吼：使你具有圣盾的随从获得+1/+1。; source: fireplace/cards/wog/paladin.py:77; prior test: tests/test_wog.py::none; prior audit: card_mechanism.csv#OG_222; generic-play-smoke:played,Battlecry: Give +1/+1 to your minions with Divine Shield.,战吼：使你具有圣盾的随从获得+1/+1。,fireplace/cards/wog/paladin.py:77
17.6.0.53261,Whispers of the Old Gods (OG),OG_223,Divine Strength,神圣之力,Spell resolution|Targeting,GREEN,implemented,yes,1 本轮逐卡实战用例通过；覆盖文本中的核心效果及所列条件。,card_mechanism.csv#OG_223; generic-play-smoke:played; effect-evidence: reports/card_quality_full_2026-09-27/og_probe.csv#spell_gives_plus_one_plus_two_to_minion; per-card: reports/card_quality_full_2026-09-27/og_probe.csv#spell_gives_plus_one_plus_two_to_minion,聚合状态取该卡最差机制；普通烟测只证明可执行，不能单独构成 GREEN。 EN: Give a minion +1/+2.; CN: 使一个随从获得+1/+2。; source: fireplace/cards/wog/paladin.py:45; prior test: tests/test_wog.py::none; prior audit: card_mechanism.csv#OG_223; generic-play-smoke:played,Give a minion +1/+2.,使一个随从获得+1/+2。,fireplace/cards/wog/paladin.py:45
17.6.0.53261,Whispers of the Old Gods (OG),OG_229,"Ragnaros, Lightlord",光耀之主拉格纳罗斯,Trigger,GREEN,implemented,yes,4 本轮逐卡实战用例通过；覆盖文本中的核心效果及所列条件。,card_mechanism.csv#OG_229; generic-play-smoke:played; effect-evidence: reports/card_quality_full_2026-09-27/og_probe.csv#own_end_random_friendly_heal_seed_5; reports/card_quality_full_2026-09-27/og_probe.csv#own_end_random_friendly_heal_seed_17; reports/card_quality_full_2026-09-27/og_probe.csv#own_end_random_friendly_heal_seed_31; reports/card_quality_full_2026-09-27/og_probe.csv#own_end_random_friendly_heal_seed_47; per-card: reports/card_quality_full_2026-09-27/og_probe.csv#own_end_random_friendly_heal_seed_5; reports/card_quality_full_2026-09-27/og_probe.csv#own_end_random_friendly_heal_seed_17; reports/card_quality_full_2026-09-27/og_probe.csv#own_end_random_friendly_heal_seed_31; reports/card_quality_full_2026-09-27/og_probe.csv#own_end_random_friendly_heal_seed_47,"聚合状态取该卡最差机制；普通烟测只证明可执行，不能单独构成 GREEN。 EN: At the end of your turn, restore #8 Health to a damaged friendly character.; CN: 在你的回合结束时，为一个受伤的友方角色恢复#8点生命值。; source: fireplace/cards/wog/paladin.py:27; prior test: tests/test_wog.py::test_ragnaros_lightlord; prior audit: card_mechanism.csv#OG_229; generic-play-smoke:played","At the end of your turn, restore #8 Health to a damaged friendly character.",在你的回合结束时，为一个受伤的友方角色恢复#8点生命值。,fireplace/cards/wog/paladin.py:27
17.6.0.53261,Whispers of the Old Gods (OG),OG_234,Darkshire Alchemist,夜色镇炼金师,Battlecry|Targeting,GREEN,implemented,yes,3 本轮逐卡实战用例通过；覆盖文本中的核心效果及所列条件。,card_mechanism.csv#OG_234; generic-play-smoke:played; effect-evidence: reports/card_quality_full_2026-09-27/og_probe.csv#battlecry_restores_five_to_chosen_character; reports/card_quality_full_2026-09-27/og_probe.csv#non_capped_hero_heal_exactly_five; reports/card_quality_full_2026-09-27/og_probe.csv#full_health_target_capped; per-card: reports/card_quality_full_2026-09-27/og_probe.csv#battlecry_restores_five_to_chosen_character; reports/card_quality_full_2026-09-27/og_probe.csv#non_capped_hero_heal_exactly_five; reports/card_quality_full_2026-09-27/og_probe.csv#full_health_target_capped,聚合状态取该卡最差机制；普通烟测只证明可执行，不能单独构成 GREEN。 EN: Battlecry: Restore #5 Health.; CN: 战吼： 恢复#5点生命值。; source: fireplace/cards/wog/priest.py:20; prior test: tests/test_wog.py::none; prior audit: card_mechanism.csv#OG_234; generic-play-smoke:played; effect-evidence: reports/card_quality_full_2026-09-27/og_probe.csv#battlecry_restores_five_to_chosen_character; reports/card_quality_full_2026-09-27/og_probe.csv#full_health_target_capped; per-card: reports/card_quality_full_2026-09-27/og_probe.csv#battlecry_restores_five_to_chosen_character; reports/card_quality_full_2026-09-27/og_probe.csv#full_health_target_capped,Battlecry: Restore #5 Health.,战吼： 恢复#5点生命值。,fireplace/cards/wog/priest.py:20
17.6.0.53261,Whispers of the Old Gods (OG),OG_239,DOOM!,末日降临,Draw / Discard|Spell resolution,GREEN,implemented,yes,2 本轮逐卡实战用例通过；覆盖文本中的核心效果及所列条件。,card_mechanism.csv#OG_239; generic-play-smoke:played; effect-evidence: reports/card_quality_full_2026-09-27/og_probe.csv#destroy_both_boards_and_draw_predeath_count; reports/card_quality_full_2026-09-27/og_probe.csv#deathrattle_token_and_draw_snapshot; per-card: reports/card_quality_full_2026-09-27/og_probe.csv#destroy_both_boards_and_draw_predeath_count; reports/card_quality_full_2026-09-27/og_probe.csv#deathrattle_token_and_draw_snapshot,聚合状态取该卡最差机制；普通烟测只证明可执行，不能单独构成 GREEN。 EN: Destroy all minions. Draw a card for each.; CN: 消灭所有随从。每消灭一个随从，便抽一张牌。; source: fireplace/cards/wog/warlock.py:85; prior test: tests/test_wog.py::test_doom; prior audit: card_mechanism.csv#OG_239; generic-play-smoke:played,Destroy all minions. Draw a card for each.,消灭所有随从。每消灭一个随从，便抽一张牌。,fireplace/cards/wog/warlock.py:85
17.6.0.53261,Whispers of the Old Gods (OG),OG_241,Possessed Villager,着魔村民,Deathrattle|Summon,GREEN,implemented,yes,1 本轮逐卡实战用例通过；覆盖文本中的核心效果及所列条件。,card_mechanism.csv#OG_241; generic-play-smoke:played; effect-evidence: reports/card_quality_full_2026-09-27/og_probe.csv#deathrattle_summons_one_shadowbeast; per-card: reports/card_quality_full_2026-09-27/og_probe.csv#deathrattle_summons_one_shadowbeast,聚合状态取该卡最差机制；普通烟测只证明可执行，不能单独构成 GREEN。 EN: Deathrattle: Summon a 1/1 Shadowbeast.; CN: 亡语：召唤一个1/1的暗影兽。; source: fireplace/cards/wog/warlock.py:35; prior test: tests/test_wog.py::none; prior audit: card_mechanism.csv#OG_241; generic-play-smoke:played,Deathrattle: Summon a 1/1 Shadowbeast.,亡语：召唤一个1/1的暗影兽。,fireplace/cards/wog/warlock.py:35
17.6.0.53261,Whispers of the Old Gods (OG),OG_247,Twisted Worgen,扭曲的狼人,Stealth,GREEN,implemented,yes,1 本轮逐卡实战用例通过；覆盖文本中的核心效果及所列条件。,card_mechanism.csv#OG_247; generic-play-smoke:played; effect-evidence: reports/card_quality_full_2026-09-27/og_probe.csv#stealth_blocks_targeting_then_ends_on_attack; per-card: reports/card_quality_full_2026-09-27/og_probe.csv#stealth_blocks_targeting_then_ends_on_attack,聚合状态取该卡最差机制；普通烟测只证明可执行，不能单独构成 GREEN。 EN: Stealth; CN: 潜行; source: fireplace/cards/CardDefs.xml:OG_247; prior test: tests/test_wog.py::none; prior audit: card_mechanism.csv#OG_247; generic-play-smoke:played,Stealth,潜行,
17.6.0.53261,Whispers of the Old Gods (OG),OG_249,Infested Tauren,被感染的牛头人,Deathrattle|Summon|Taunt,GREEN,implemented,yes,1 本轮逐卡实战用例通过；覆盖文本中的核心效果及所列条件。,card_mechanism.csv#OG_249; generic-play-smoke:played; effect-evidence: reports/card_quality_full_2026-09-27/og_probe.csv#taunt_body_death_summons_two_two; per-card: reports/card_quality_full_2026-09-27/og_probe.csv#taunt_body_death_summons_two_two,聚合状态取该卡最差机制；普通烟测只证明可执行，不能单独构成 GREEN。 EN: Taunt Deathrattle: Summon a 2/2 Slime.; CN: 嘲讽 亡语：召唤一个2/2的泥浆怪。; source: fireplace/cards/wog/neutral_common.py:77; prior test: tests/test_wog.py::none; prior audit: card_mechanism.csv#OG_249; generic-play-smoke:played,Taunt Deathrattle: Summon a 2/2 Slime.,嘲讽 亡语：召唤一个2/2的泥浆怪。,fireplace/cards/wog/neutral_common.py:77
17.6.0.53261,Whispers of the Old Gods (OG),OG_254,Eater of Secrets,奥秘吞噬者,Battlecry,GREEN,implemented,yes,2 本轮逐卡实战用例通过；覆盖文本中的核心效果及所列条件。,card_mechanism.csv#OG_254; generic-play-smoke:played; effect-evidence: reports/card_quality_full_2026-09-27/og_probe.csv#destroy_enemy_secrets_gain_per_secret; reports/card_quality_full_2026-09-27/og_probe.csv#no_secrets_no_stat_bonus; per-card: reports/card_quality_full_2026-09-27/og_probe.csv#destroy_enemy_secrets_gain_per_secret; reports/card_quality_full_2026-09-27/og_probe.csv#no_secrets_no_stat_bonus,聚合状态取该卡最差机制；普通烟测只证明可执行，不能单独构成 GREEN。 EN: Battlecry: Destroy all enemy Secrets. Gain +1/+1 for each.; CN: 战吼：摧毁所有敌方奥秘。每摧毁一个，便获得+1/+1。; source: fireplace/cards/wog/neutral_rare.py:50; prior test: tests/test_wog.py::test_eater_of_secrets; prior audit: card_mechanism.csv#OG_254; generic-play-smoke:played,Battlecry: Destroy all enemy Secrets. Gain +1/+1 for each.,战吼：摧毁所有敌方奥秘。每摧毁一个，便获得+1/+1。,fireplace/cards/wog/neutral_rare.py:50
17.6.0.53261,Whispers of the Old Gods (OG),OG_255,Doomcaller,厄运召唤者,Battlecry,GREEN,implemented,yes,3 本轮逐卡实战用例通过；覆盖文本中的核心效果及所列条件。,card_mechanism.csv#OG_255; generic-play-smoke:played; effect-evidence: reports/card_quality_full_2026-09-27/og_probe.csv#battlecry_buffs_cthun_wherever; reports/card_quality_full_2026-09-27/og_probe.csv#buff_cthun_inside_deck; reports/card_quality_full_2026-09-27/og_probe.csv#dead_cthun_buffed_and_shuffled_back; per-card: reports/card_quality_full_2026-09-27/og_probe.csv#battlecry_buffs_cthun_wherever; reports/card_quality_full_2026-09-27/og_probe.csv#buff_cthun_inside_deck; reports/card_quality_full_2026-09-27/og_probe.csv#dead_cthun_buffed_and_shuffled_back,"聚合状态取该卡最差机制；普通烟测只证明可执行，不能单独构成 GREEN。 EN: Battlecry: Give your C'Thun +2/+2 (wherever it is). If it's dead, shuffle it into your deck.; CN: 战吼：使你的克苏恩获得+2/+2（无论它在哪里）。如果克苏恩死亡，将其洗入你的牌库。; source: fireplace/cards/wog/neutral_rare.py:15; prior test: tests/test_wog.py::none; prior audit: card_mechanism.csv#OG_255; generic-play-smoke:played","Battlecry: Give your C'Thun +2/+2 (wherever it is). If it's dead, shuffle it into your deck.",战吼：使你的克苏恩获得+2/+2（无论它在哪里）。如果克苏恩死亡，将其洗入你的牌库。,fireplace/cards/wog/neutral_rare.py:15
17.6.0.53261,Whispers of the Old Gods (OG),OG_267,Southsea Squidface,南海畸变船长,Deathrattle,GREEN,implemented,yes,2 本轮逐卡实战用例通过；覆盖文本中的核心效果及所列条件。,card_mechanism.csv#OG_267; generic-play-smoke:played; effect-evidence: reports/card_quality_full_2026-09-27/og_probe.csv#deathrattle_buffs_equipped_weapon; reports/card_quality_full_2026-09-27/og_probe.csv#death_without_weapon; per-card: reports/card_quality_full_2026-09-27/og_probe.csv#deathrattle_buffs_equipped_weapon; reports/card_quality_full_2026-09-27/og_probe.csv#death_without_weapon,聚合状态取该卡最差机制；普通烟测只证明可执行，不能单独构成 GREEN。 EN: Deathrattle: Give your weapon +2 Attack.; CN: 亡语：使你的武器获得+2攻击力。; source: fireplace/cards/wog/rogue.py:24; prior test: tests/test_wog.py::none; prior audit: card_mechanism.csv#OG_267; generic-play-smoke:played,Deathrattle: Give your weapon +2 Attack.,亡语：使你的武器获得+2攻击力。,fireplace/cards/wog/rogue.py:24
17.6.0.53261,Whispers of the Old Gods (OG),OG_271,Scaled Nightmare,梦魇之龙,Trigger,GREEN,implemented,yes,1 本轮逐卡实战用例通过；覆盖文本中的核心效果及所列条件。,card_mechanism.csv#OG_271; generic-play-smoke:played; effect-evidence: reports/card_quality_full_2026-09-27/og_probe.csv#attack_doubles_each_own_turn_start; per-card: reports/card_quality_full_2026-09-27/og_probe.csv#attack_doubles_each_own_turn_start,"聚合状态取该卡最差机制；普通烟测只证明可执行，不能单独构成 GREEN。 EN: At the start of your turn, double this minion's Attack.; CN: 在你的回合开始时，该随从的攻击力 翻倍。; source: fireplace/cards/wog/neutral_epic.py:37; prior test: tests/test_wog.py::test_scaled_nightmare;test_scaled_nightmare_buff_ordering; prior audit: card_mechanism.csv#OG_271; generic-play-smoke:played","At the start of your turn, double this minion's Attack.",在你的回合开始时，该随从的攻击力 翻倍。,fireplace/cards/wog/neutral_epic.py:37
17.6.0.53261,Whispers of the Old Gods (OG),OG_272,Twilight Summoner,暮光召唤师,Deathrattle|Summon,GREEN,implemented,yes,本轮逐卡行为用例全部通过：deathrattle_exact_5_5=source=GRAVEYARD;faceless=1x5/5; deathrattle_one_open_slot=board=7;faceless=1,card_mechanism.csv#OG_272; generic-play-smoke:played; effect-evidence: reports/card_quality_full_2026-09-27/og_probe.csv#deathrattle_exact_5_5; reports/card_quality_full_2026-09-27/og_probe.csv#deathrattle_one_open_slot; per-card: reports/card_quality_full_2026-09-27/og_probe.csv#deathrattle_exact_5_5; reports/card_quality_full_2026-09-27/og_probe.csv#deathrattle_one_open_slot,聚合状态取该卡最差机制；普通烟测只证明可执行，不能单独构成 GREEN。 ; EN=Deathrattle: Summon a 5/5 Faceless Destroyer.; ZH=亡语：召唤一个5/5的无面破坏者。; source=fireplace/cards/wog/neutral_epic.py:47; existing_tests=none; prior=GREEN:本轮逐卡行为用例全部通过：deathrattle_exact_5_5=source=GRAVEYARD;faceless=1x5/5; deathrattle_one_open_slot=board=7;faceless=1,Deathrattle: Summon a 5/5 Faceless Destroyer.,亡语：召唤一个5/5的无面破坏者。,fireplace/cards/wog/neutral_epic.py:47
17.6.0.53261,Whispers of the Old Gods (OG),OG_273,Stand Against Darkness,惩黑除恶,Spell resolution|Summon,GREEN,implemented,yes,本轮逐卡行为用例全部通过：summon_five_recruits=spell=GRAVEYARD;tokens=5x1/1;board=5; summon_at_board_cap=board=7;recruits=1,card_mechanism.csv#OG_273; generic-play-smoke:played; effect-evidence: reports/card_quality_full_2026-09-27/og_probe.csv#summon_five_recruits; reports/card_quality_full_2026-09-27/og_probe.csv#summon_at_board_cap; per-card: reports/card_quality_full_2026-09-27/og_probe.csv#summon_five_recruits; reports/card_quality_full_2026-09-27/og_probe.csv#summon_at_board_cap,聚合状态取该卡最差机制；普通烟测只证明可执行，不能单独构成 GREEN。 ; EN=Summon five 1/1 Silver Hand Recruits.; ZH=召唤五个1/1的白银之手新兵。; source=fireplace/cards/wog/paladin.py:55; existing_tests=none; prior=GREEN:本轮逐卡行为用例全部通过：summon_five_recruits=spell=GRAVEYARD;tokens=5x1/1;board=5; summon_at_board_cap=board=7;recruits=1,Summon five 1/1 Silver Hand Recruits.,召唤五个1/1的白银之手新兵。,fireplace/cards/wog/paladin.py:55
17.6.0.53261,Whispers of the Old Gods (OG),OG_276,Blood Warriors,苦战傀儡,Spell resolution,GREEN,implemented,yes,"本轮逐卡行为用例全部通过：copy_damaged_friendly_minions_only=copies=[(4, 5)];friendly_damaged=3;friendly_full=5;enemy_damaged=3",card_mechanism.csv#OG_276; generic-play-smoke:played; effect-evidence: reports/card_quality_full_2026-09-27/og_probe.csv#copy_damaged_friendly_minions_only; per-card: reports/card_quality_full_2026-09-27/og_probe.csv#copy_damaged_friendly_minions_only,"聚合状态取该卡最差机制；普通烟测只证明可执行，不能单独构成 GREEN。 ; EN=Add a copy of each damaged friendly minion to your hand.; ZH=复制所有受伤的友方随从，并将其置入你的手牌。; source=fireplace/cards/wog/warrior.py:54; existing_tests=tests/test_wog.py:89:test_blood_warriors; prior=GREEN:本轮逐卡行为用例全部通过：copy_damaged_friendly_minions_only=copies=[(4, 5)];friendly_damaged=3;friendly_full=5;enemy_damaged=3",Add a copy of each damaged friendly minion to your hand.,复制所有受伤的友方随从，并将其置入你的手牌。,fireplace/cards/wog/warrior.py:54
17.6.0.53261,Whispers of the Old Gods (OG),OG_280,C'Thun,克苏恩,Battlecry|Random effects,GREEN,implemented,yes,"本轮逐卡行为用例全部通过：battlecry_attack_damage_randomly_split=16_seeds_damage=620:6+2,621:8+0,622:6+2,623:3+5,624:4+4,625:7+1,626:4+4,627:3+5,628:5+3,629:5+3,630:5+3,631:4+4,632:4+4,633:3+5,634:5+3,635:7+1;all_random_targets_seen=['enemy_hero', 'enemy_minion_1', 'enemy_minion_2']; battlecry_lethal_random_target_removed_and_damage_continues=buffed_cthun_attack=8;lethal_minion_removed_then_damage_continues;seeds=636:attack=8;minion=1/GRAVEYARD;hero=7;637:attack=8;minion=1/GRAVEYARD;hero=7;638:attack=8;minion=1/GRAVEYARD;hero=7;639:attack=8;minion=1/GRAVEYARD;hero=7;640:attack=8;minion=1/GRAVEYARD;hero=7;641:attack=8;minion=1/GRAVEYARD;hero=7;642:attack=8;minion=1/GRAVEYARD;hero=7;643:attack=8;minion=1/GRAVEYARD;hero=7;644:attack=8;minion=1/GRAVEYARD;hero=7;645:attack=8;minion=1/GRAVEYARD;hero=7;646:attack=8;minion=1/GRAVEYARD;hero=7;647:attack=8;minion=1/GRAVEYARD;hero=7;648:attack=8;minion=1/GRAVEYARD;hero=7;649:attack=8;minion=1/GRAVEYARD;hero=7;650:attack=8;minion=1/GRAVEYARD;hero=7;651:attack=8;minion=1/GRAVEYARD;hero=7",card_mechanism.csv#OG_280; generic-play-smoke:played; effect-evidence: reports/card_quality_full_2026-09-27/og_probe.csv#battlecry_attack_damage_randomly_split; reports/card_quality_full_2026-09-27/og_probe.csv#battlecry_lethal_random_target_removed_and_damage_continues; per-card: reports/card_quality_full_2026-09-27/og_probe.csv#battlecry_attack_damage_randomly_split; reports/card_quality_full_2026-09-27/og_probe.csv#battlecry_lethal_random_target_removed_and_damage_continues,"聚合状态取该卡最差机制；普通烟测只证明可执行，不能单独构成 GREEN。 ; EN=Battlecry: Deal damage equal to this minion's Attack randomly split among all enemies.; ZH=战吼： 造成等同于该随从攻击力的伤害，随机分配到所有敌人身上。; source=fireplace/cards/wog/neutral_legendary.py:86; existing_tests=tests/test_wog.py:627:test_buff_cthun; prior=GREEN:本轮逐卡行为用例全部通过：battlecry_attack_damage_randomly_split=16_seeds_damage=620:6+2,621:8+0,622:6+2,623:3+5,624:4+4,625:7+1,626:4+4,627:3+5,628:5+3,629:5+3,630:5+3,631:4+4,632:4+4,633:3+5,634:5+3,635:7+1;all_random_targets_seen=['enemy_hero', 'enemy_minion_1', 'enemy_minion_2']; battlecry_lethal_random_target_removed_and_damage_continues=buffed_cthun_attack=8;lethal_minion_removed_then_damage_continues;seeds=636:attack=8;minion=1/GRAVEYARD;hero=7;637:attack=8;minion=1/GRAVEYARD;hero=7;638:attack=8;minion=1/GRAVEYARD;hero=7;639:attack=8;minion=1/GRAVEYARD;hero=7;640:attack=8;minion=1/GRAVEYARD;hero=7;641:attack=8;minion=1/GRAVEYARD;hero=7;642:attack=8;minion=1/GRAVEYARD;hero=7;643:attack=8;minion=1/GRAVEYARD;hero=7;644:attack=8;minion=1/GRAVEYARD;hero=7;645:attack=8;minion=1/GRAVEYARD;hero=7;646:attack=8;minion=1/GRAVEYARD;hero=7;647:attack=8;minion=1/GRAVEYARD;hero=7;648:attack=8;minion=1/GRAVEYARD;hero=7;649:attack=8;minion=1/GRAVEYARD;hero=7;650:attack=8;minion=1/GRAVEYARD;hero=7;651:attack=8;minion=1/GRAVEYARD;hero=7",Battlecry: Deal damage equal to this minion's Attack randomly split among all enemies.,战吼： 造成等同于该随从攻击力的伤害，随机分配到所有敌人身上。,fireplace/cards/wog/neutral_legendary.py:86
17.6.0.53261,Whispers of the Old Gods (OG),OG_281,Beckoner of Evil,邪灵召唤师,Battlecry,GREEN,implemented,yes,"本轮逐卡行为用例全部通过：battlecry_buffs_cthun_in_all_zones=cthun_zone_buffs=hand=8/8,deck=8/8,board=8/8;tracked_state_synced=True",card_mechanism.csv#OG_281; generic-play-smoke:played; effect-evidence: reports/card_quality_full_2026-09-27/og_probe.csv#battlecry_buffs_cthun_in_all_zones; per-card: reports/card_quality_full_2026-09-27/og_probe.csv#battlecry_buffs_cthun_in_all_zones,"聚合状态取该卡最差机制；普通烟测只证明可执行，不能单独构成 GREEN。 ; EN=Battlecry: Give your C'Thun +2/+2 (wherever it is).; ZH=战吼：使你的克苏恩获得+2/+2（无论它在哪里）。; source=fireplace/cards/wog/neutral_common.py:8; existing_tests=tests/test_wog.py:624:test_buff_cthun | tests/test_wog.py:656:test_twin_emperor | tests/test_wog.py:657:test_twin_emperor; prior=GREEN:本轮逐卡行为用例全部通过：battlecry_buffs_cthun_in_all_zones=cthun_zone_buffs=hand=8/8,deck=8/8,board=8/8;tracked_state_synced=True",Battlecry: Give your C'Thun +2/+2 (wherever it is).,战吼：使你的克苏恩获得+2/+2（无论它在哪里）。,fireplace/cards/wog/neutral_common.py:8
17.6.0.53261,Whispers of the Old Gods (OG),OG_282,Blade of C'Thun,克苏恩之刃,Battlecry|Targeting,YELLOW,implemented,partial,官方卡牌页只写 Attack and Health，未明确受伤目标取当前生命还是最大生命；其他规则资料只能间接支持按当前生命处理，缺少此具体交互的原版权威证据，按保守标准保留 YELLOW。,card_mechanism.csv#OG_282; generic-play-smoke:played; per-card: reports/card_quality_full_2026-09-27/og_probe.csv#battlecry_destroy_and_add_healthy_stats; reports/card_quality_full_2026-09-27/og_probe.csv#battlecry_damaged_target_health_interpretation_observed,聚合状态取该卡最差机制；普通烟测只证明可执行，不能单独构成 GREEN。 ; EN=Battlecry: Destroy a minion. Add its Attack and Health to your C'Thun's (wherever it is).; ZH=战吼：消灭一个随从。你的克苏恩会获得其攻击力和生命值（无论它在哪里）。; source=fireplace/cards/wog/rogue.py:55; existing_tests=none; prior=YELLOW:受伤目标测试记录了实现加值，但官方卡牌页仅写 Attack and Health，未明确取当前生命还是最大生命；其他规则资料仅间接支持按当前生命处理，缺少该交互的原版权威证据，按保守标准暂留 YELLOW。,Battlecry: Destroy a minion. Add its Attack and Health to your C'Thun's (wherever it is).,战吼：消灭一个随从。你的克苏恩会获得其攻击力和生命值（无论它在哪里）。,fireplace/cards/wog/rogue.py:55
17.6.0.53261,Whispers of the Old Gods (OG),OG_283,C'Thun's Chosen,克苏恩的侍从,Battlecry|Divine Shield,GREEN,implemented,yes,"本轮逐卡行为用例全部通过：battlecry_cthun_buff_wherever_and_divine_shield_combat=hand=cthun:8/8,shield_absorbed=True;deck=cthun:8/8,shield_absorbed=True;board=cthun:8/8,shield_absorbed=True",card_mechanism.csv#OG_283; generic-play-smoke:played; effect-evidence: reports/card_quality_full_2026-09-27/og_probe.csv#battlecry_cthun_buff_wherever_and_divine_shield_combat; per-card: reports/card_quality_full_2026-09-27/og_probe.csv#battlecry_cthun_buff_wherever_and_divine_shield_combat,"聚合状态取该卡最差机制；普通烟测只证明可执行，不能单独构成 GREEN。 ; EN=[x]Divine Shield Battlecry: Give your C'Thun +2/+2 (wherever it is).; ZH=圣盾，战吼：使你的克苏恩获得+2/+2（无论它在哪里）。; source=fireplace/cards/wog/neutral_common.py:14; existing_tests=none; prior=GREEN:本轮逐卡行为用例全部通过：battlecry_cthun_buff_wherever_and_divine_shield_combat=hand=cthun:8/8,shield_absorbed=True;deck=cthun:8/8,shield_absorbed=True;board=cthun:8/8,shield_absorbed=True",[x]Divine Shield Battlecry: Give your C'Thun +2/+2 (wherever it is).,圣盾，战吼：使你的克苏恩获得+2/+2（无论它在哪里）。,fireplace/cards/wog/neutral_common.py:14
17.6.0.53261,Whispers of the Old Gods (OG),OG_284,Twilight Geomancer,暮光地卜师,Battlecry|Taunt,GREEN,implemented,yes,"本轮逐卡行为用例全部通过：battlecry_grants_cthun_taunt_wherever=hand=cthun_taunt:True,geomancer_taunt:1;deck=cthun_taunt:True,geomancer_taunt:1;board=cthun_taunt:True,geomancer_taunt:1",card_mechanism.csv#OG_284; generic-play-smoke:played; effect-evidence: reports/card_quality_full_2026-09-27/og_probe.csv#battlecry_grants_cthun_taunt_wherever; per-card: reports/card_quality_full_2026-09-27/og_probe.csv#battlecry_grants_cthun_taunt_wherever,"聚合状态取该卡最差机制；普通烟测只证明可执行，不能单独构成 GREEN。 ; EN=[x]Taunt Battlecry: Give your C'Thun Taunt (wherever it is).; ZH=嘲讽，战吼：使你的克苏恩获得嘲讽（无论它在哪里）。; source=fireplace/cards/wog/neutral_common.py:20; existing_tests=tests/test_wog.py:622:test_buff_cthun; prior=GREEN:本轮逐卡行为用例全部通过：battlecry_grants_cthun_taunt_wherever=hand=cthun_taunt:True,geomancer_taunt:1;deck=cthun_taunt:True,geomancer_taunt:1;board=cthun_taunt:True,geomancer_taunt:1",[x]Taunt Battlecry: Give your C'Thun Taunt (wherever it is).,嘲讽，战吼：使你的克苏恩获得嘲讽（无论它在哪里）。,fireplace/cards/wog/neutral_common.py:20
17.6.0.53261,Whispers of the Old Gods (OG),OG_286,Twilight Elder,暮光尊者,Trigger,GREEN,implemented,yes,"本轮逐卡行为用例全部通过：own_turn_end_cthun_buff_wherever=owner_end_cthun_buffs=['hand=(7, 7)', 'deck=(7, 7)', 'board=(7, 7)']",card_mechanism.csv#OG_286; generic-play-smoke:played; effect-evidence: reports/card_quality_full_2026-09-27/og_probe.csv#own_turn_end_cthun_buff_wherever; per-card: reports/card_quality_full_2026-09-27/og_probe.csv#own_turn_end_cthun_buff_wherever,"聚合状态取该卡最差机制；普通烟测只证明可执行，不能单独构成 GREEN。 ; EN=At the end of your turn, give your C'Thun +1/+1 (wherever it is).; ZH=在你的回合结束时，使你的克苏恩 获得+1/+1（无论它在哪里）。; source=fireplace/cards/wog/neutral_common.py:29; existing_tests=none; prior=GREEN:本轮逐卡行为用例全部通过：own_turn_end_cthun_buff_wherever=owner_end_cthun_buffs=['hand=(7, 7)', 'deck=(7, 7)', 'board=(7, 7)']","At the end of your turn, give your C'Thun +1/+1 (wherever it is).",在你的回合结束时，使你的克苏恩 获得+1/+1（无论它在哪里）。,fireplace/cards/wog/neutral_common.py:29
17.6.0.53261,Whispers of the Old Gods (OG),OG_290,Ancient Harbinger,上古之神先驱,Trigger,GREEN,implemented,yes,"本轮逐卡行为用例全部通过：own_turn_start_draws_deck_ten_cost_minion=16_seeded_10_cost_choices=710:OG_280,711:OG_317,712:OG_317,713:OG_317,714:OG_280,715:OG_280,716:OG_317,717:OG_280,718:OG_280,719:OG_317,720:OG_317,721:OG_317,722:OG_317,723:OG_280,724:OG_280,725:OG_317;seen=['OG_280', 'OG_317'];normal_draw=CS2_182",card_mechanism.csv#OG_290; generic-play-smoke:played; effect-evidence: reports/card_quality_full_2026-09-27/og_probe.csv#own_turn_start_draws_deck_ten_cost_minion; per-card: reports/card_quality_full_2026-09-27/og_probe.csv#own_turn_start_draws_deck_ten_cost_minion,"聚合状态取该卡最差机制；普通烟测只证明可执行，不能单独构成 GREEN。 ; EN=At the start of your turn, put a 10-Cost minion from your deck into your hand.; ZH=在你的回合开始时，将一个法力值消耗为（10）的随从从你的牌库置入你的手牌。; source=fireplace/cards/wog/neutral_epic.py:53; existing_tests=tests/test_wog.py:39:test_ancient_harbinger; prior=GREEN:本轮逐卡行为用例全部通过：own_turn_start_draws_deck_ten_cost_minion=16_seeded_10_cost_choices=710:OG_280,711:OG_317,712:OG_317,713:OG_317,714:OG_280,715:OG_280,716:OG_317,717:OG_280,718:OG_280,719:OG_317,720:OG_317,721:OG_317,722:OG_317,723:OG_280,724:OG_280,725:OG_317;seen=['OG_280', 'OG_317'];normal_draw=CS2_182","At the start of your turn, put a 10-Cost minion from your deck into your hand.",在你的回合开始时，将一个法力值消耗为（10）的随从从你的牌库置入你的手牌。,fireplace/cards/wog/neutral_epic.py:53
17.6.0.53261,Whispers of the Old Gods (OG),OG_291,Shadowcaster,暗影施法者,Battlecry|Targeting,RED,partial,yes,"实战断言确认偏差：battlecry_adds_one_one_cost_one_copy expected=Chosen friendly minion yields a 1/1 copy costing 1 in hand; source and enemy minions remain unchanged. actual=(1, 1, 4)",card_mechanism.csv#OG_291; generic-play-smoke:played; effect-evidence: reports/card_quality_full_2026-09-27/og_probe.csv#battlecry_adds_one_one_cost_one_copy; reports/card_quality_full_2026-09-27/og_probe.csv#targeting_rejects_enemy_minion; per-card: reports/card_quality_full_2026-09-27/og_probe.csv#battlecry_adds_one_one_cost_one_copy; reports/card_quality_full_2026-09-27/og_probe.csv#targeting_rejects_enemy_minion,"聚合状态取该卡最差机制；普通烟测只证明可执行，不能单独构成 GREEN。 ; EN=Battlecry: Choose a friendly minion. Add a 1/1 copy to your hand that costs (1).; ZH=战吼：选择一个友方随从，将它的一张1/1的复制置入你的手牌，其法力值消耗为（1）点。; source=fireplace/cards/wog/rogue.py:39; existing_tests=none; prior=RED:实战断言确认偏差：battlecry_adds_one_one_cost_one_copy expected=Chosen friendly minion yields a 1/1 copy costing 1 in hand; source and enemy minions remain unchanged. actual=(1, 1, 4)",Battlecry: Choose a friendly minion. Add a 1/1 copy to your hand that costs (1).,战吼：选择一个友方随从，将它的一张1/1的复制置入你的手牌，其法力值消耗为（1）点。,fireplace/cards/wog/rogue.py:39
17.6.0.53261,Whispers of the Old Gods (OG),OG_292,Forlorn Stalker,狼人追猎者,Battlecry,GREEN,implemented,yes,"本轮逐卡行为用例全部通过：battlecry_buffs_deathrattle_minions_only=deathrattle_hand=OG_323:5/3,FP1_002:2/3;plain=1/1",card_mechanism.csv#OG_292; generic-play-smoke:played; effect-evidence: reports/card_quality_full_2026-09-27/og_probe.csv#battlecry_buffs_deathrattle_minions_only; per-card: reports/card_quality_full_2026-09-27/og_probe.csv#battlecry_buffs_deathrattle_minions_only,"聚合状态取该卡最差机制；普通烟测只证明可执行，不能单独构成 GREEN。 ; EN=Battlecry: Give all Deathrattle minions in your hand +1/+1.; ZH=战吼：使你手牌中所有亡语随从牌获得+1/+1。; source=fireplace/cards/wog/hunter.py:14; existing_tests=tests/test_wog.py:275:test_forlorn_stalker; prior=GREEN:本轮逐卡行为用例全部通过：battlecry_buffs_deathrattle_minions_only=deathrattle_hand=OG_323:5/3,FP1_002:2/3;plain=1/1",Battlecry: Give all Deathrattle minions in your hand +1/+1.,战吼：使你手牌中所有亡语随从牌获得+1/+1。,fireplace/cards/wog/hunter.py:14
17.6.0.53261,Whispers of the Old Gods (OG),OG_293,Dark Arakkoa,黑暗鸦人,Battlecry|Taunt,GREEN,implemented,yes,"本轮逐卡行为用例全部通过：battlecry_cthun_plus_three_three_wherever=cthun=['hand=9/9', 'deck=9/9', 'board=9/9'];dark_arakkoa_taunt=True",card_mechanism.csv#OG_293; generic-play-smoke:played; effect-evidence: reports/card_quality_full_2026-09-27/og_probe.csv#battlecry_cthun_plus_three_three_wherever; per-card: reports/card_quality_full_2026-09-27/og_probe.csv#battlecry_cthun_plus_three_three_wherever,"聚合状态取该卡最差机制；普通烟测只证明可执行，不能单独构成 GREEN。 ; EN=[x]Taunt Battlecry: Give your C'Thun +3/+3 (wherever it is).; ZH=嘲讽，战吼：使你的克苏恩获得+3/+3（无论它在哪里）。; source=fireplace/cards/wog/druid.py:69; existing_tests=none; prior=GREEN:本轮逐卡行为用例全部通过：battlecry_cthun_plus_three_three_wherever=cthun=['hand=9/9', 'deck=9/9', 'board=9/9'];dark_arakkoa_taunt=True",[x]Taunt Battlecry: Give your C'Thun +3/+3 (wherever it is).,嘲讽，战吼：使你的克苏恩获得+3/+3（无论它在哪里）。,fireplace/cards/wog/druid.py:69
17.6.0.53261,Whispers of the Old Gods (OG),OG_295,Cult Apothecary,邪教药剂师,Battlecry,GREEN,implemented,yes,本轮逐卡行为用例全部通过：battlecry_heals_twice_per_enemy_minion=enemy_minions=3;hero=10->16;source=PLAY; battlecry_zero_enemy_minions_no_heal=enemy_minions=0;hero=10;source=PLAY,card_mechanism.csv#OG_295; generic-play-smoke:played; effect-evidence: reports/card_quality_full_2026-09-27/og_probe.csv#battlecry_heals_twice_per_enemy_minion; reports/card_quality_full_2026-09-27/og_probe.csv#battlecry_zero_enemy_minions_no_heal; per-card: reports/card_quality_full_2026-09-27/og_probe.csv#battlecry_heals_twice_per_enemy_minion; reports/card_quality_full_2026-09-27/og_probe.csv#battlecry_zero_enemy_minions_no_heal,"聚合状态取该卡最差机制；普通烟测只证明可执行，不能单独构成 GREEN。 ; EN=Battlecry: For each enemy minion, restore #2 Health to your hero.; ZH=战吼：每有一个敌方随从，便为你的英雄恢复#2点生命值。; source=fireplace/cards/wog/neutral_common.py:92; existing_tests=tests/test_wog.py:176:test_cult_apothecary; prior=GREEN:本轮逐卡行为用例全部通过：battlecry_heals_twice_per_enemy_minion=enemy_minions=3;hero=10->16;source=PLAY; battlecry_zero_enemy_minions_no_heal=enemy_minions=0;hero=10;source=PLAY","Battlecry: For each enemy minion, restore #2 Health to your hero.",战吼：每有一个敌方随从，便为你的英雄恢复#2点生命值。,fireplace/cards/wog/neutral_common.py:92
17.6.0.53261,Whispers of the Old Gods (OG),OG_300,The Boogeymonster,波戈蒙斯塔,Trigger,GREEN,implemented,yes,"本轮逐卡行为用例全部通过：attack_kill_gains_two_two=target=GRAVEYARD;bogey=(6, 7, 7)->8/9/9; attack_survivor_does_not_gain_buff=target=PLAY:1;bogey=6/7;no_buff=True",card_mechanism.csv#OG_300; generic-play-smoke:played; effect-evidence: reports/card_quality_full_2026-09-27/og_probe.csv#attack_kill_gains_two_two; reports/card_quality_full_2026-09-27/og_probe.csv#attack_survivor_does_not_gain_buff; per-card: reports/card_quality_full_2026-09-27/og_probe.csv#attack_kill_gains_two_two; reports/card_quality_full_2026-09-27/og_probe.csv#attack_survivor_does_not_gain_buff,"聚合状态取该卡最差机制；普通烟测只证明可执行，不能单独构成 GREEN。 ; EN=Whenever this attacks and kills a minion, gain +2/+2.; ZH=每当波戈蒙斯塔攻击并消灭一个随从，便获得+2/+2。; source=fireplace/cards/wog/neutral_legendary.py:56; existing_tests=none; prior=GREEN:本轮逐卡行为用例全部通过：attack_kill_gains_two_two=target=GRAVEYARD;bogey=(6, 7, 7)->8/9/9; attack_survivor_does_not_gain_buff=target=PLAY:1;bogey=6/7;no_buff=True","Whenever this attacks and kills a minion, gain +2/+2.",每当波戈蒙斯塔攻击并消灭一个随从，便获得+2/+2。,fireplace/cards/wog/neutral_legendary.py:56
17.6.0.53261,Whispers of the Old Gods (OG),OG_301,Ancient Shieldbearer,上古之神护卫,Battlecry,GREEN,implemented,yes,本轮逐卡行为用例全部通过：battlecry_below_ten_cthun_no_armor=cthun_atk=8;armor=0->0;source=PLAY; battlecry_ten_attack_cthun_gains_ten_armor=cthun_atk=10;armor=0->10;source=PLAY,card_mechanism.csv#OG_301; generic-play-smoke:played; effect-evidence: reports/card_quality_full_2026-09-27/og_probe.csv#battlecry_below_ten_cthun_no_armor; reports/card_quality_full_2026-09-27/og_probe.csv#battlecry_ten_attack_cthun_gains_ten_armor; per-card: reports/card_quality_full_2026-09-27/og_probe.csv#battlecry_below_ten_cthun_no_armor; reports/card_quality_full_2026-09-27/og_probe.csv#battlecry_ten_attack_cthun_gains_ten_armor,"聚合状态取该卡最差机制；普通烟测只证明可执行，不能单独构成 GREEN。 ; EN=Battlecry: If your C'Thun has at least 10 Attack, gain 10 Armor.; ZH=战吼： 如果你的克苏恩具有至少10点攻击力，则获得10点护甲值。; source=fireplace/cards/wog/warrior.py:44; existing_tests=none; prior=GREEN:本轮逐卡行为用例全部通过：battlecry_below_ten_cthun_no_armor=cthun_atk=8;armor=0->0;source=PLAY; battlecry_ten_attack_cthun_gains_ten_armor=cthun_atk=10;armor=0->10;source=PLAY","Battlecry: If your C'Thun has at least 10 Attack, gain 10 Armor.",战吼： 如果你的克苏恩具有至少10点攻击力，则获得10点护甲值。,fireplace/cards/wog/warrior.py:44
17.6.0.53261,Whispers of the Old Gods (OG),OG_302,Usher of Souls,渡魂者,Trigger,GREEN,implemented,yes,友军死亡使手牌、牌库或场上的克苏恩各+1/+1；敌军死亡不触发。,tests/test_retest_death_selector.py::test_OG_302_friendly_death_buffs_cthun_in_each_zone_and_ignores_enemy_death,本次代码重测；修复前颜色和原始失败证据见 known_issues_archive_2026-09-29/card_quality_full_2026-09-27/。 当前代码逐卡行为重测通过。,"Whenever a friendly minion dies, give your C'Thun +1/+1 (wherever it is).",每当一个友方随从死亡时，使你的克苏恩 获得+1/+1（无论它在哪里）。,fireplace/cards/wog/warlock.py:41
17.6.0.53261,Whispers of the Old Gods (OG),OG_303,Cult Sorcerer,邪教女巫,Spell Damage|Trigger,GREEN,implemented,yes,"本轮逐卡行为用例全部通过：own_spell_damage_and_cthun_buff_wherever=spellpower_and_cthun=['hand=hero:28,cthun:7/7', 'deck=hero:28,cthun:7/7', 'board=hero:28,cthun:7/7']; opponent_spell_does_not_buff_own_cthun=enemy_cast_cthun=6/6;unchanged=(6, 6)",card_mechanism.csv#OG_303; generic-play-smoke:played; effect-evidence: reports/card_quality_full_2026-09-27/og_probe.csv#own_spell_damage_and_cthun_buff_wherever; reports/card_quality_full_2026-09-27/og_probe.csv#opponent_spell_does_not_buff_own_cthun; per-card: reports/card_quality_full_2026-09-27/og_probe.csv#own_spell_damage_and_cthun_buff_wherever; reports/card_quality_full_2026-09-27/og_probe.csv#opponent_spell_does_not_buff_own_cthun,"聚合状态取该卡最差机制；普通烟测只证明可执行，不能单独构成 GREEN。 ; EN=[x]Spell Damage +1 After you cast a spell, give your C'Thun +1/+1 (wherever it is).; ZH=法术伤害+1 在你施放一个法术后，使你的克苏恩获得+1/+1（无论它在哪里）。; source=fireplace/cards/wog/mage.py:8; existing_tests=none; prior=GREEN:本轮逐卡行为用例全部通过：own_spell_damage_and_cthun_buff_wherever=spellpower_and_cthun=['hand=hero:28,cthun:7/7', 'deck=hero:28,cthun:7/7', 'board=hero:28,cthun:7/7']; opponent_spell_does_not_buff_own_cthun=enemy_cast_cthun=6/6;unchanged=(6, 6)","[x]Spell Damage +1 After you cast a spell, give your C'Thun +1/+1 (wherever it is).",法术伤害+1 在你施放一个法术后，使你的克苏恩获得+1/+1（无论它在哪里）。,fireplace/cards/wog/mage.py:8
17.6.0.53261,Whispers of the Old Gods (OG),OG_308,Giant Sand Worm,巨型沙虫,Trigger,GREEN,implemented,yes,本轮逐卡行为用例全部通过：attack_kill_may_attack_again=first=GRAVEYARD;second=GRAVEYARD;third=GRAVEYARD;worm=PLAY;three_kill_attacks_succeeded=True; survivor_does_not_grant_extra_attack=target=PLAY:4;second_attack=rejected,card_mechanism.csv#OG_308; generic-play-smoke:played; effect-evidence: reports/card_quality_full_2026-09-27/og_probe.csv#attack_kill_may_attack_again; reports/card_quality_full_2026-09-27/og_probe.csv#survivor_does_not_grant_extra_attack; per-card: reports/card_quality_full_2026-09-27/og_probe.csv#attack_kill_may_attack_again; reports/card_quality_full_2026-09-27/og_probe.csv#survivor_does_not_grant_extra_attack,"聚合状态取该卡最差机制；普通烟测只证明可执行，不能单独构成 GREEN。 ; EN=Whenever this attacks and kills a minion, it may attack again.; ZH=每当该随从攻击并消灭一个随从，便可再次攻击。; source=fireplace/cards/wog/hunter.py:41; existing_tests=none; prior=GREEN:本轮逐卡行为用例全部通过：attack_kill_may_attack_again=first=GRAVEYARD;second=GRAVEYARD;third=GRAVEYARD;worm=PLAY;three_kill_attacks_succeeded=True; survivor_does_not_grant_extra_attack=target=PLAY:4;second_attack=rejected","Whenever this attacks and kills a minion, it may attack again.",每当该随从攻击并消灭一个随从，便可再次攻击。,fireplace/cards/wog/hunter.py:41
17.6.0.53261,Whispers of the Old Gods (OG),OG_309,Princess Huhuran,哈霍兰公主,Battlecry|Targeting,GREEN,implemented,yes,本轮逐卡行为用例全部通过：battlecry_triggers_selected_friendly_deathrattle=drawn=CS2_231:HAND;hoarder=PLAY;princess=PLAY;deck=0,card_mechanism.csv#OG_309; generic-play-smoke:played; effect-evidence: reports/card_quality_full_2026-09-27/og_probe.csv#battlecry_triggers_selected_friendly_deathrattle; per-card: reports/card_quality_full_2026-09-27/og_probe.csv#battlecry_triggers_selected_friendly_deathrattle,聚合状态取该卡最差机制；普通烟测只证明可执行，不能单独构成 GREEN。 ; EN=Battlecry: Trigger a friendly minion's Deathrattle.; ZH=战吼：触发一个友方随从的亡语。; source=fireplace/cards/wog/hunter.py:29; existing_tests=none; prior=GREEN:本轮逐卡行为用例全部通过：battlecry_triggers_selected_friendly_deathrattle=drawn=CS2_231:HAND;hoarder=PLAY;princess=PLAY;deck=0,Battlecry: Trigger a friendly minion's Deathrattle.,战吼：触发一个友方随从的亡语。,fireplace/cards/wog/hunter.py:29
17.6.0.53261,Whispers of the Old Gods (OG),OG_310,Steward of Darkshire,夜色镇执法官,Summon|Trigger,GREEN,implemented,yes,本轮逐卡行为用例全部通过：summon_trigger_divine_shield_domain=friendly_1hp_shield=True;friendly_5hp_shield=False;enemy_1hp_shield=False,card_mechanism.csv#OG_310; generic-play-smoke:played; effect-evidence: reports/card_quality_full_2026-09-27/og_probe.csv#summon_trigger_divine_shield_domain; per-card: reports/card_quality_full_2026-09-27/og_probe.csv#summon_trigger_divine_shield_domain,"聚合状态取该卡最差机制；普通烟测只证明可执行，不能单独构成 GREEN。 ; EN=Whenever you summon a 1-Health minion, give it Divine Shield.; ZH=每当你召唤一个生命值为1的随从，便使其获得圣盾。; source=fireplace/cards/wog/paladin.py:33; existing_tests=tests/test_wog.py:512:test_steward_of_darkshire; prior=GREEN:本轮逐卡行为用例全部通过：summon_trigger_divine_shield_domain=friendly_1hp_shield=True;friendly_5hp_shield=False;enemy_1hp_shield=False","Whenever you summon a 1-Health minion, give it Divine Shield.",每当你召唤一个生命值为1的随从，便使其获得圣盾。,fireplace/cards/wog/paladin.py:33
17.6.0.53261,Whispers of the Old Gods (OG),OG_311,A Light in the Darkness,黑暗曙光,Discover / Choice|Random effects|Spell resolution,GREEN,implemented,yes,"本轮逐卡行为用例全部通过：discover_choose_and_buff_selected_minion=16_seeded_discover_choose;chosen_ids=['BOT_700', 'BT_019', 'CFM_325', 'CS2_142', 'CS2_161', 'EX1_102', 'EX1_616', 'GIL_558', 'GVG_076', 'GVG_102', 'ICC_801', 'KAR_036', 'LOE_107', 'OG_322', 'TRL_505', 'TRL_524'];all_options_minions_class_legal=True;chosen_plus_one_one=True",card_mechanism.csv#OG_311; generic-play-smoke:played; effect-evidence: reports/card_quality_full_2026-09-27/og_probe.csv#discover_choose_and_buff_selected_minion; per-card: reports/card_quality_full_2026-09-27/og_probe.csv#discover_choose_and_buff_selected_minion,"聚合状态取该卡最差机制；普通烟测只证明可执行，不能单独构成 GREEN。 ; EN=Discover a minion. Give it +1/+1.; ZH=发现一张随从牌。使其获得+1/+1。; source=fireplace/cards/wog/paladin.py:62; existing_tests=tests/test_wog.py:6:test_a_light_in_the_darkness; prior=GREEN:本轮逐卡行为用例全部通过：discover_choose_and_buff_selected_minion=16_seeded_discover_choose;chosen_ids=['BOT_700', 'BT_019', 'CFM_325', 'CS2_142', 'CS2_161', 'EX1_102', 'EX1_616', 'GIL_558', 'GVG_076', 'GVG_102', 'ICC_801', 'KAR_036', 'LOE_107', 'OG_322', 'TRL_505', 'TRL_524'];all_options_minions_class_legal=True;chosen_plus_one_one=True",Discover a minion. Give it +1/+1.,发现一张随从牌。使其获得+1/+1。,fireplace/cards/wog/paladin.py:62
17.6.0.53261,Whispers of the Old Gods (OG),OG_312,N'Zoth's First Mate,恩佐斯的副官,Battlecry|Summon,GREEN,implemented,yes,本轮逐卡行为用例全部通过：battlecry_equips_rusty_hook=battlecry_weapon=OG_058:1/3;hero_attack=1; battlecry_replaces_existing_weapon=old_weapon=GRAVEYARD;new_weapon=OG_058:1/3;mate=PLAY,card_mechanism.csv#OG_312; generic-play-smoke:played; effect-evidence: reports/card_quality_full_2026-09-27/og_probe.csv#battlecry_equips_rusty_hook; reports/card_quality_full_2026-09-27/og_probe.csv#battlecry_replaces_existing_weapon; per-card: reports/card_quality_full_2026-09-27/og_probe.csv#battlecry_equips_rusty_hook; reports/card_quality_full_2026-09-27/og_probe.csv#battlecry_replaces_existing_weapon,聚合状态取该卡最差机制；普通烟测只证明可执行，不能单独构成 GREEN。 ; EN=Battlecry: Equip a 1/3 Rusty Hook.; ZH=战吼：装备一把1/3的锈蚀铁钩。; source=fireplace/cards/wog/warrior.py:29; existing_tests=none; prior=GREEN:本轮逐卡行为用例全部通过：battlecry_equips_rusty_hook=battlecry_weapon=OG_058:1/3;hero_attack=1; battlecry_replaces_existing_weapon=old_weapon=GRAVEYARD;new_weapon=OG_058:1/3;mate=PLAY,Battlecry: Equip a 1/3 Rusty Hook.,战吼：装备一把1/3的锈蚀铁钩。,fireplace/cards/wog/warrior.py:29
17.6.0.53261,Whispers of the Old Gods (OG),OG_313,Addled Grizzly,腐化灰熊,Summon|Trigger,GREEN,implemented,yes,本轮逐卡行为用例全部通过：after_friendly_summon_buffs_only_friendly=ally=2/2;enemy=1/1;grizzly=PLAY,card_mechanism.csv#OG_313; generic-play-smoke:played; effect-evidence: reports/card_quality_full_2026-09-27/og_probe.csv#after_friendly_summon_buffs_only_friendly; per-card: reports/card_quality_full_2026-09-27/og_probe.csv#after_friendly_summon_buffs_only_friendly,"聚合状态取该卡最差机制；普通烟测只证明可执行，不能单独构成 GREEN。 ; EN=After you summon a minion, give it +1/+1.; ZH=在你召唤一个随从后，使其获得+1/+1。; source=fireplace/cards/wog/druid.py:51; existing_tests=tests/test_wog.py:23:test_addled_grizzly | tests/test_wog.py:24:test_addled_grizzly; prior=GREEN:本轮逐卡行为用例全部通过：after_friendly_summon_buffs_only_friendly=ally=2/2;enemy=1/1;grizzly=PLAY","After you summon a minion, give it +1/+1.",在你召唤一个随从后，使其获得+1/+1。,fireplace/cards/wog/druid.py:51
17.6.0.53261,Whispers of the Old Gods (OG),OG_314,Blood To Ichor,化血为脓,Spell resolution|Summon|Targeting,GREEN,implemented,yes,本轮逐卡行为用例全部通过：one_damage_survivor_summons_two_two=target=PLAY:1;slimes=1x2/2;spell=GRAVEYARD; one_damage_kill_no_slime=target=GRAVEYARD;slimes=0;spell=GRAVEYARD,card_mechanism.csv#OG_314; generic-play-smoke:played; effect-evidence: reports/card_quality_full_2026-09-27/og_probe.csv#one_damage_survivor_summons_two_two; reports/card_quality_full_2026-09-27/og_probe.csv#one_damage_kill_no_slime; per-card: reports/card_quality_full_2026-09-27/og_probe.csv#one_damage_survivor_summons_two_two; reports/card_quality_full_2026-09-27/og_probe.csv#one_damage_kill_no_slime,"聚合状态取该卡最差机制；普通烟测只证明可执行，不能单独构成 GREEN。 ; EN=Deal $1 damage to a minion. If it survives, summon a 2/2 Slime.; ZH=对一个随从造成$1点伤害，如果它依然存活，则召唤一个2/2的泥浆怪。; source=fireplace/cards/wog/warrior.py:60; existing_tests=tests/test_wog.py:69:test_blood_to_ichor | tests/test_wog.py:66:test_blood_to_ichor; prior=GREEN:本轮逐卡行为用例全部通过：one_damage_survivor_summons_two_two=target=PLAY:1;slimes=1x2/2;spell=GRAVEYARD; one_damage_kill_no_slime=target=GRAVEYARD;slimes=0;spell=GRAVEYARD","Deal $1 damage to a minion. If it survives, summon a 2/2 Slime.",对一个随从造成$1点伤害，如果它依然存活，则召唤一个2/2的泥浆怪。,fireplace/cards/wog/warrior.py:60
17.6.0.53261,Whispers of the Old Gods (OG),OG_315,Bloodsail Cultist,血帆教徒,Battlecry,GREEN,implemented,yes,本轮逐卡行为用例全部通过：battlecry_weapon_buff_requires_other_pirate=without_other_pirate=1/4;with_other_pirate=2/5; battlecry_pirate_without_weapon=friendly_pirate=True;weapon=None;cultist=PLAY,card_mechanism.csv#OG_315; generic-play-smoke:played; effect-evidence: reports/card_quality_full_2026-09-27/og_probe.csv#battlecry_weapon_buff_requires_other_pirate; reports/card_quality_full_2026-09-27/og_probe.csv#battlecry_pirate_without_weapon; per-card: reports/card_quality_full_2026-09-27/og_probe.csv#battlecry_weapon_buff_requires_other_pirate; reports/card_quality_full_2026-09-27/og_probe.csv#battlecry_pirate_without_weapon,"聚合状态取该卡最差机制；普通烟测只证明可执行，不能单独构成 GREEN。 ; EN=Battlecry: If you control another Pirate, give your weapon +1/+1.; ZH=战吼：如果你控制其他任何海盗，你的武器便获得+1/+1。; source=fireplace/cards/wog/warrior.py:35; existing_tests=tests/test_wog.py:107:test_bloodsail_cultist | tests/test_wog.py:112:test_bloodsail_cultist; prior=GREEN:本轮逐卡行为用例全部通过：battlecry_weapon_buff_requires_other_pirate=without_other_pirate=1/4;with_other_pirate=2/5; battlecry_pirate_without_weapon=friendly_pirate=True;weapon=None;cultist=PLAY","Battlecry: If you control another Pirate, give your weapon +1/+1.",战吼：如果你控制其他任何海盗，你的武器便获得+1/+1。,fireplace/cards/wog/warrior.py:35
17.6.0.53261,Whispers of the Old Gods (OG),OG_316,Herald Volazj,传令官沃拉兹,Battlecry|Summon,GREEN,implemented,yes,"本轮逐卡行为用例全部通过：battlecry_copies_all_other_friendly_minions=copies=[('EX1_044', 1, 1), ('CS2_182', 1, 1)];originals=CS2_182:4/3,EX1_044:3/3;enemy=CS2_182; battlecry_copies_obey_board_cap=field=7;originals=5;copies=1;wisps=6",card_mechanism.csv#OG_316; generic-play-smoke:played; effect-evidence: reports/card_quality_full_2026-09-27/og_probe.csv#battlecry_copies_all_other_friendly_minions; reports/card_quality_full_2026-09-27/og_probe.csv#battlecry_copies_obey_board_cap; per-card: reports/card_quality_full_2026-09-27/og_probe.csv#battlecry_copies_all_other_friendly_minions; reports/card_quality_full_2026-09-27/og_probe.csv#battlecry_copies_obey_board_cap,"聚合状态取该卡最差机制；普通烟测只证明可执行，不能单独构成 GREEN。 ; EN=Battlecry: Summon a 1/1 copy of each of your other minions.; ZH=战吼：召唤所有其他友方随从的复制，他们均为1/1。; source=fireplace/cards/wog/priest.py:33; existing_tests=none; prior=GREEN:本轮逐卡行为用例全部通过：battlecry_copies_all_other_friendly_minions=copies=[('EX1_044', 1, 1), ('CS2_182', 1, 1)];originals=CS2_182:4/3,EX1_044:3/3;enemy=CS2_182; battlecry_copies_obey_board_cap=field=7;originals=5;copies=1;wisps=6",Battlecry: Summon a 1/1 copy of each of your other minions.,战吼：召唤所有其他友方随从的复制，他们均为1/1。,fireplace/cards/wog/priest.py:33
17.6.0.53261,Whispers of the Old Gods (OG),OG_317,"Deathwing, Dragonlord",黑龙领主死亡之翼,Deathrattle|Summon,GREEN,implemented,yes,"本轮逐卡行为用例全部通过：deathrattle_summons_hand_dragons_only=dragonlord=GRAVEYARD;dragons=['EX1_572', 'EX1_284'];non_dragon=HAND;known_top=DECK; deathrattle_obeys_board_cap=board=7;summoned_dragon=['EX1_572'];dragon_still_hand=['EX1_284']",card_mechanism.csv#OG_317; generic-play-smoke:played; effect-evidence: reports/card_quality_full_2026-09-27/og_probe.csv#deathrattle_summons_hand_dragons_only; reports/card_quality_full_2026-09-27/og_probe.csv#deathrattle_obeys_board_cap; per-card: reports/card_quality_full_2026-09-27/og_probe.csv#deathrattle_summons_hand_dragons_only; reports/card_quality_full_2026-09-27/og_probe.csv#deathrattle_obeys_board_cap,"聚合状态取该卡最差机制；普通烟测只证明可执行，不能单独构成 GREEN。 ; EN=Deathrattle: Put all Dragons from your hand into the battlefield.; ZH=亡语：将你手牌中所有的龙牌置入战场。; source=fireplace/cards/wog/neutral_legendary.py:20; existing_tests=tests/test_wog.py:194:test_deathwing_dragonlord; prior=GREEN:本轮逐卡行为用例全部通过：deathrattle_summons_hand_dragons_only=dragonlord=GRAVEYARD;dragons=['EX1_572', 'EX1_284'];non_dragon=HAND;known_top=DECK; deathrattle_obeys_board_cap=board=7;summoned_dragon=['EX1_572'];dragon_still_hand=['EX1_284']",Deathrattle: Put all Dragons from your hand into the battlefield.,亡语：将你手牌中所有的龙牌置入战场。,fireplace/cards/wog/neutral_legendary.py:20
17.6.0.53261,Whispers of the Old Gods (OG),OG_318,"Hogger, Doom of Elwynn",艾尔文灾星霍格,Summon|Trigger,GREEN,implemented,yes,本轮逐卡行为用例全部通过：takes_nonlethal_damage_summons_taunt_gnoll=hogger=PLAY:5;gnoll=1x2/2:taunt;spell=GRAVEYARD; takes_lethal_damage_summons_before_death_resolves=hogger=GRAVEYARD;gnoll=1x2/2:taunt;spell=GRAVEYARD,card_mechanism.csv#OG_318; generic-play-smoke:played; effect-evidence: reports/card_quality_full_2026-09-27/og_probe.csv#takes_nonlethal_damage_summons_taunt_gnoll; reports/card_quality_full_2026-09-27/og_probe.csv#takes_lethal_damage_summons_before_death_resolves; per-card: reports/card_quality_full_2026-09-27/og_probe.csv#takes_nonlethal_damage_summons_taunt_gnoll; reports/card_quality_full_2026-09-27/og_probe.csv#takes_lethal_damage_summons_before_death_resolves,"聚合状态取该卡最差机制；普通烟测只证明可执行，不能单独构成 GREEN。 ; EN=Whenever this minion takes damage, summon a 2/2 Gnoll with Taunt.; ZH=每当该随从受到伤害，召唤一个2/2并具有嘲讽的豺狼人。; source=fireplace/cards/wog/neutral_legendary.py:26; existing_tests=none; prior=GREEN:本轮逐卡行为用例全部通过：takes_nonlethal_damage_summons_taunt_gnoll=hogger=PLAY:5;gnoll=1x2/2:taunt;spell=GRAVEYARD; takes_lethal_damage_summons_before_death_resolves=hogger=GRAVEYARD;gnoll=1x2/2:taunt;spell=GRAVEYARD","Whenever this minion takes damage, summon a 2/2 Gnoll with Taunt.",每当该随从受到伤害，召唤一个2/2并具有嘲讽的豺狼人。,fireplace/cards/wog/neutral_legendary.py:26
17.6.0.53261,Whispers of the Old Gods (OG),OG_320,Midnight Drake,午夜噩龙,Battlecry,GREEN,implemented,yes,"本轮逐卡行为用例全部通过：battlecry_attack_per_other_hand_card=base_attack=1;other_hand_cards=3;attack=4;remaining=['CS2_231', 'CS2_029', 'CS2_091']; battlecry_empty_hand_no_attack_bonus=other_hand_cards=0;attack=1;base=1",card_mechanism.csv#OG_320; generic-play-smoke:played; effect-evidence: reports/card_quality_full_2026-09-27/og_probe.csv#battlecry_attack_per_other_hand_card; reports/card_quality_full_2026-09-27/og_probe.csv#battlecry_empty_hand_no_attack_bonus; per-card: reports/card_quality_full_2026-09-27/og_probe.csv#battlecry_attack_per_other_hand_card; reports/card_quality_full_2026-09-27/og_probe.csv#battlecry_empty_hand_no_attack_bonus,"聚合状态取该卡最差机制；普通烟测只证明可执行，不能单独构成 GREEN。 ; EN=Battlecry: Gain +1 Attack for each other card in your hand.; ZH=战吼：你每有一张其它手牌，便获得+1攻击力。; source=fireplace/cards/wog/neutral_rare.py:59; existing_tests=none; prior=GREEN:本轮逐卡行为用例全部通过：battlecry_attack_per_other_hand_card=base_attack=1;other_hand_cards=3;attack=4;remaining=['CS2_231', 'CS2_029', 'CS2_091']; battlecry_empty_hand_no_attack_bonus=other_hand_cards=0;attack=1;base=1",Battlecry: Gain +1 Attack for each other card in your hand.,战吼：你每有一张其它手牌，便获得+1攻击力。,fireplace/cards/wog/neutral_rare.py:59
17.6.0.53261,Whispers of the Old Gods (OG),OG_321,Crazed Worshipper,疯狂的信徒,Taunt|Trigger,GREEN,implemented,yes,本轮逐卡行为用例全部通过：takes_damage_buffs_cthun_wherever=hand=cthun:7/7;worshipper_damaged=True;deck=cthun:7/7;worshipper_damaged=True;board=cthun:7/7;worshipper_damaged=True,card_mechanism.csv#OG_321; generic-play-smoke:played; effect-evidence: reports/card_quality_full_2026-09-27/og_probe.csv#takes_damage_buffs_cthun_wherever; per-card: reports/card_quality_full_2026-09-27/og_probe.csv#takes_damage_buffs_cthun_wherever,"聚合状态取该卡最差机制；普通烟测只证明可执行，不能单独构成 GREEN。 ; EN=Taunt. Whenever this minion takes damage, give your C'Thun +1/+1 (wherever it is).; ZH=嘲讽。每当该随从受到伤害，使你的克苏恩获得+1/+1（无论它在哪里）。; source=fireplace/cards/wog/neutral_epic.py:100; existing_tests=none; prior=GREEN:本轮逐卡行为用例全部通过：takes_damage_buffs_cthun_wherever=hand=cthun:7/7;worshipper_damaged=True;deck=cthun:7/7;worshipper_damaged=True;board=cthun:7/7;worshipper_damaged=True","Taunt. Whenever this minion takes damage, give your C'Thun +1/+1 (wherever it is).",嘲讽。每当该随从受到伤害，使你的克苏恩获得+1/+1（无论它在哪里）。,fireplace/cards/wog/neutral_epic.py:100
17.6.0.53261,Whispers of the Old Gods (OG),OG_322,Blackwater Pirate,黑水海盗,Continuous effect / Update|Cost modification,GREEN,implemented,yes,"本轮逐卡行为用例全部通过：weapon_aura_minus_two_cost_and_expires=active_costs=(5, 0, 4);after_source_death=(7, 1, 4);pirate=GRAVEYARD",card_mechanism.csv#OG_322; generic-play-smoke:played; effect-evidence: reports/card_quality_full_2026-09-27/og_probe.csv#weapon_aura_minus_two_cost_and_expires; per-card: reports/card_quality_full_2026-09-27/og_probe.csv#weapon_aura_minus_two_cost_and_expires,"聚合状态取该卡最差机制；普通烟测只证明可执行，不能单独构成 GREEN。 ; EN=Your weapons cost (2) less.; ZH=你的武器法力值消耗减少（2）点。; source=fireplace/cards/wog/neutral_rare.py:68; existing_tests=tests/test_wog.py:50:test_blackwater_pirate; prior=GREEN:本轮逐卡行为用例全部通过：weapon_aura_minus_two_cost_and_expires=active_costs=(5, 0, 4);after_source_death=(7, 1, 4);pirate=GRAVEYARD",Your weapons cost (2) less.,你的武器法力值消耗减少（2）点。,fireplace/cards/wog/neutral_rare.py:68
17.6.0.53261,Whispers of the Old Gods (OG),OG_323,Polluted Hoarder,被感染的贮藏者,Deathrattle|Draw / Discard,GREEN,implemented,yes,本轮逐卡行为用例全部通过：deathrattle_draws_one_card_for_controller=hoarder=GRAVEYARD;drawn=CS2_231:HAND;deck=0;enemy_hand=0,card_mechanism.csv#OG_323; generic-play-smoke:played; effect-evidence: reports/card_quality_full_2026-09-27/og_probe.csv#deathrattle_draws_one_card_for_controller; per-card: reports/card_quality_full_2026-09-27/og_probe.csv#deathrattle_draws_one_card_for_controller,聚合状态取该卡最差机制；普通烟测只证明可执行，不能单独构成 GREEN。 ; EN=Deathrattle: Draw a card.; ZH=亡语：抽一张牌。; source=fireplace/cards/wog/neutral_common.py:98; existing_tests=none; prior=GREEN:本轮逐卡行为用例全部通过：deathrattle_draws_one_card_for_controller=hoarder=GRAVEYARD;drawn=CS2_231:HAND;deck=0;enemy_hand=0,Deathrattle: Draw a card.,亡语：抽一张牌。,fireplace/cards/wog/neutral_common.py:98
17.6.0.53261,Whispers of the Old Gods (OG),OG_327,Squirming Tentacle,裂地触须,Taunt,GREEN,implemented,yes,本轮逐卡行为用例全部通过：taunt_blocks_hero_and_defends_in_combat=taunt=True;hero_attack_blocked=True;tentacle=GRAVEYARD;attacker=3,card_mechanism.csv#OG_327; generic-play-smoke:played; effect-evidence: reports/card_quality_full_2026-09-27/og_probe.csv#taunt_blocks_hero_and_defends_in_combat; per-card: reports/card_quality_full_2026-09-27/og_probe.csv#taunt_blocks_hero_and_defends_in_combat,聚合状态取该卡最差机制；普通烟测只证明可执行，不能单独构成 GREEN。 ; EN=Taunt; ZH=嘲讽; source=fireplace/cards/CardDefs.xml#OG_327; existing_tests=none; prior=GREEN:本轮逐卡行为用例全部通过：taunt_blocks_hero_and_defends_in_combat=taunt=True;hero_attack_blocked=True;tentacle=GRAVEYARD;attacker=3,Taunt,嘲讽,
17.6.0.53261,Whispers of the Old Gods (OG),OG_328,Master of Evolution,异变之主,Battlecry|Cost modification|Random effects|Targeting|Transform,GREEN,implemented,yes,"本轮逐卡行为用例全部通过：battlecry_evolves_friendly_target_to_cost_plus_one=16_seeded_cost_plus_one_transforms=930:CS2_182->GVG_046/5,931:CS2_182->TRL_521/5,932:CS2_182->GVG_016/5,933:CS2_182->GVG_062/5,934:CS2_182->GIL_620/5,935:CS2_182->TRL_900/5,936:CS2_182->CFM_324/5,937:CS2_182->GVG_069/5,938:CS2_182->GIL_545/5,939:CS2_182->UNG_963/5,940:CS2_182->DS1_055/5,941:CS2_182->DS1_055/5,942:CS2_182->EX1_399/5,943:CS2_182->GVG_070/5,944:CS2_182->AT_090/5,945:CS2_182->GIL_130/5;distinct_replacements=['AT_090', 'CFM_324', 'DS1_055', 'EX1_399', 'GIL_130', 'GIL_545', 'GIL_620', 'GVG_016', 'GVG_046', 'GVG_062', 'GVG_069', 'GVG_070', 'TRL_521', 'TRL_900', 'UNG_963']; targeting_rejects_enemy_minion=enemy_target_rejected=True;hand=True;mana=10;friendly=PLAY;enemy=PLAY; no_friendly_target_is_optional=no_friendly_target=played_without_target;enemy_unchanged=PLAY",card_mechanism.csv#OG_328; generic-play-smoke:played; effect-evidence: reports/card_quality_full_2026-09-27/og_probe.csv#battlecry_evolves_friendly_target_to_cost_plus_one; reports/card_quality_full_2026-09-27/og_probe.csv#targeting_rejects_enemy_minion; reports/card_quality_full_2026-09-27/og_probe.csv#no_friendly_target_is_optional; per-card: reports/card_quality_full_2026-09-27/og_probe.csv#battlecry_evolves_friendly_target_to_cost_plus_one; reports/card_quality_full_2026-09-27/og_probe.csv#targeting_rejects_enemy_minion; reports/card_quality_full_2026-09-27/og_probe.csv#no_friendly_target_is_optional,"聚合状态取该卡最差机制；普通烟测只证明可执行，不能单独构成 GREEN。 ; EN=Battlecry: Transform a friendly minion into a random one that costs (1) more.; ZH=战吼：将一个友方随从随机变形成为一个法力值消耗增加（1）点的随从。; source=fireplace/cards/wog/shaman.py:30; existing_tests=none; prior=GREEN:本轮逐卡行为用例全部通过：battlecry_evolves_friendly_target_to_cost_plus_one=16_seeded_cost_plus_one_transforms=930:CS2_182->GVG_046/5,931:CS2_182->TRL_521/5,932:CS2_182->GVG_016/5,933:CS2_182->GVG_062/5,934:CS2_182->GIL_620/5,935:CS2_182->TRL_900/5,936:CS2_182->CFM_324/5,937:CS2_182->GVG_069/5,938:CS2_182->GIL_545/5,939:CS2_182->UNG_963/5,940:CS2_182->DS1_055/5,941:CS2_182->DS1_055/5,942:CS2_182->EX1_399/5,943:CS2_182->GVG_070/5,944:CS2_182->AT_090/5,945:CS2_182->GIL_130/5;distinct_replacements=['AT_090', 'CFM_324', 'DS1_055', 'EX1_399', 'GIL_130', 'GIL_545', 'GIL_620', 'GVG_016', 'GVG_046', 'GVG_062', 'GVG_069', 'GVG_070', 'TRL_521', 'TRL_900', 'UNG_963']; targeting_rejects_enemy_minion=enemy_target_rejected=True;hand=True;mana=10;friendly=PLAY;enemy=PLAY; no_friendly_target_is_optional=no_friendly_target=played_without_target;enemy_unchanged=PLAY",Battlecry: Transform a friendly minion into a random one that costs (1) more.,战吼：将一个友方随从随机变形成为一个法力值消耗增加（1）点的随从。,fireplace/cards/wog/shaman.py:30
17.6.0.53261,Whispers of the Old Gods (OG),OG_330,Undercity Huckster,幽暗城商贩,Deathrattle|Random effects,GREEN,implemented,yes,"本轮逐卡行为用例全部通过：deathrattle_adds_random_opponent_class_card=16_seeded_opponent_class_cards=950:ICC_068,951:CS2_027,952:BOT_256,953:GVG_003,954:BOT_257,955:KAR_092,956:CFM_687,957:DAL_163,958:ULD_329,959:BT_028,960:CS2_026,961:OG_087,962:UNG_941,963:EX1_279,964:LOOT_537,965:EX1_594;distinct=['BOT_256', 'BOT_257', 'BT_028', 'CFM_687', 'CS2_026', 'CS2_027', 'DAL_163', 'EX1_279', 'EX1_594', 'GVG_003', 'ICC_068', 'KAR_092', 'LOOT_537', 'OG_087', 'ULD_329', 'UNG_941']",card_mechanism.csv#OG_330; generic-play-smoke:played; effect-evidence: reports/card_quality_full_2026-09-27/og_probe.csv#deathrattle_adds_random_opponent_class_card; per-card: reports/card_quality_full_2026-09-27/og_probe.csv#deathrattle_adds_random_opponent_class_card,"聚合状态取该卡最差机制；普通烟测只证明可执行，不能单独构成 GREEN。 ; EN=Deathrattle: Add a random card to your hand (from your opponent's class).; ZH=亡语：随机将一张（你对手职业的）卡牌置入你的手牌。; source=fireplace/cards/wog/rogue.py:33; existing_tests=tests/test_wog.py:554:test_undercity_huckster; prior=GREEN:本轮逐卡行为用例全部通过：deathrattle_adds_random_opponent_class_card=16_seeded_opponent_class_cards=950:ICC_068,951:CS2_027,952:BOT_256,953:GVG_003,954:BOT_257,955:KAR_092,956:CFM_687,957:DAL_163,958:ULD_329,959:BT_028,960:CS2_026,961:OG_087,962:UNG_941,963:EX1_279,964:LOOT_537,965:EX1_594;distinct=['BOT_256', 'BOT_257', 'BT_028', 'CFM_687', 'CS2_026', 'CS2_027', 'DAL_163', 'EX1_279', 'EX1_594', 'GVG_003', 'ICC_068', 'KAR_092', 'LOOT_537', 'OG_087', 'ULD_329', 'UNG_941']",Deathrattle: Add a random card to your hand (from your opponent's class).,亡语：随机将一张（你对手职业的）卡牌置入你的手牌。,fireplace/cards/wog/rogue.py:33
17.6.0.53261,Whispers of the Old Gods (OG),OG_334,Hooded Acolyte,兜帽侍僧,Trigger,GREEN,implemented,yes,"本轮逐卡行为用例全部通过：friendly_and_enemy_hero_healing_buffs_deck_cthun=friendly_heal_cthun=(7, 7);enemy_heal_cthun=(8, 8);heroes=27/27;cthun_zone=DECK; full_health_heal_does_not_buff_cthun=hero_full=30;cthun=6/6;unchanged=(6, 6);acolyte=PLAY; friendly_damaged_minion_heal_buffs_only_owner_cthun=friendly_minion_healed=3->5;owner_cthun=7/7;enemy_cthun=6/6;cthun_zone=DECK; enemy_damaged_minion_heal_buffs_only_owner_cthun=enemy_minion_healed=3->5;owner_cthun=7/7;enemy_cthun=6/6;cthun_zone=DECK",card_mechanism.csv#OG_334; generic-play-smoke:played; effect-evidence: reports/card_quality_full_2026-09-27/og_probe.csv#friendly_and_enemy_hero_healing_buffs_deck_cthun; reports/card_quality_full_2026-09-27/og_probe.csv#full_health_heal_does_not_buff_cthun; reports/card_quality_full_2026-09-27/og_probe.csv#friendly_damaged_minion_heal_buffs_only_owner_cthun; reports/card_quality_full_2026-09-27/og_probe.csv#enemy_damaged_minion_heal_buffs_only_owner_cthun; per-card: reports/card_quality_full_2026-09-27/og_probe.csv#friendly_and_enemy_hero_healing_buffs_deck_cthun; reports/card_quality_full_2026-09-27/og_probe.csv#full_health_heal_does_not_buff_cthun; reports/card_quality_full_2026-09-27/og_probe.csv#friendly_damaged_minion_heal_buffs_only_owner_cthun; reports/card_quality_full_2026-09-27/og_probe.csv#enemy_damaged_minion_heal_buffs_only_owner_cthun,"聚合状态取该卡最差机制；普通烟测只证明可执行，不能单独构成 GREEN。 ; EN=Whenever a character is healed, give your C'Thun +1/+1 (wherever it is).; ZH=每当一个角色获得治疗时，使你的克苏恩 获得+1/+1（无论它在哪里）。; source=fireplace/cards/wog/priest.py:14; existing_tests=none; prior=GREEN:本轮逐卡行为用例全部通过：friendly_and_enemy_character_healing_buffs_deck_cthun=friendly_heal_cthun=(7, 7);enemy_heal_cthun=(8, 8);heroes=27/27;cthun_zone=DECK; full_health_heal_does_not_buff_cthun=hero_full=30;cthun=6/6;unchanged=(6, 6);acolyte=PLAY","Whenever a character is healed, give your C'Thun +1/+1 (wherever it is).",每当一个角色获得治疗时，使你的克苏恩 获得+1/+1（无论它在哪里）。,fireplace/cards/wog/priest.py:14
17.6.0.53261,Whispers of the Old Gods (OG),OG_335,Shifting Shade,变幻之影,Deathrattle,GREEN,implemented,yes,"本轮逐卡行为用例全部通过：deathrattle_copies_opponent_deck_without_removing_original=16_seeded_copy_choices=970:CS2_029,971:CS2_231,972:CS2_029,973:CS2_231,974:CS2_029,975:CS2_029,976:CS2_231,977:CS2_029,978:CS2_231,979:CS2_029,980:CS2_231,981:CS2_029,982:CS2_231,983:CS2_231,984:CS2_231,985:CS2_231;seen=['CS2_029', 'CS2_231'];opponent_deck_unchanged=2",card_mechanism.csv#OG_335; generic-play-smoke:played; effect-evidence: reports/card_quality_full_2026-09-27/og_probe.csv#deathrattle_copies_opponent_deck_without_removing_original; per-card: reports/card_quality_full_2026-09-27/og_probe.csv#deathrattle_copies_opponent_deck_without_removing_original,"聚合状态取该卡最差机制；普通烟测只证明可执行，不能单独构成 GREEN。 ; EN=[x]Deathrattle: Copy a card from your opponent's deck  and add it to your hand.; ZH=亡语：复制你对手的牌库中的一张牌，并将其置入你的手牌。; source=fireplace/cards/wog/priest.py:27; existing_tests=none; prior=GREEN:本轮逐卡行为用例全部通过：deathrattle_copies_opponent_deck_without_removing_original=16_seeded_copy_choices=970:CS2_029,971:CS2_231,972:CS2_029,973:CS2_231,974:CS2_029,975:CS2_029,976:CS2_231,977:CS2_029,978:CS2_231,979:CS2_029,980:CS2_231,981:CS2_029,982:CS2_231,983:CS2_231,984:CS2_231,985:CS2_231;seen=['CS2_029', 'CS2_231'];opponent_deck_unchanged=2",[x]Deathrattle: Copy a card from your opponent's deck  and add it to your hand.,亡语：复制你对手的牌库中的一张牌，并将其置入你的手牌。,fireplace/cards/wog/priest.py:27
17.6.0.53261,Whispers of the Old Gods (OG),OG_337,Cyclopian Horror,巨型独眼怪,Battlecry|Taunt,GREEN,implemented,yes,本轮逐卡行为用例全部通过：battlecry_health_increases_per_enemy_minion=enemy_minions=3;horror=3/6;taunt=1;base_health=3; battlecry_zero_enemy_minions_base_health=enemy_minions=0;horror=3/3;taunt=1,card_mechanism.csv#OG_337; generic-play-smoke:played; effect-evidence: reports/card_quality_full_2026-09-27/og_probe.csv#battlecry_health_increases_per_enemy_minion; reports/card_quality_full_2026-09-27/og_probe.csv#battlecry_zero_enemy_minions_base_health; per-card: reports/card_quality_full_2026-09-27/og_probe.csv#battlecry_health_increases_per_enemy_minion; reports/card_quality_full_2026-09-27/og_probe.csv#battlecry_zero_enemy_minions_base_health,聚合状态取该卡最差机制；普通烟测只证明可执行，不能单独构成 GREEN。 ; EN=Taunt. Battlecry: Gain      +1 Health for each enemy minion.; ZH=嘲讽，战吼：每有一个敌方随从，便获得+1生命值。; source=fireplace/cards/wog/neutral_epic.py:59; existing_tests=none; prior=GREEN:本轮逐卡行为用例全部通过：battlecry_health_increases_per_enemy_minion=enemy_minions=3;horror=3/6;taunt=1;base_health=3; battlecry_zero_enemy_minions_base_health=enemy_minions=0;horror=3/3;taunt=1,Taunt. Battlecry: Gain      +1 Health for each enemy minion.,嘲讽，战吼：每有一个敌方随从，便获得+1生命值。,fireplace/cards/wog/neutral_epic.py:59
17.6.0.53261,Whispers of the Old Gods (OG),OG_338,"Nat, the Darkfisher",阴暗渔夫纳特,Draw / Discard|Trigger,RED,partial,yes,"实战断言确认偏差：opponent_turn_start_fifty_percent_extra_draw expected=At opponent turn start, they draw the normal turn card plus one extra on proc; expected opponent draw counter is 2 on proc and 1 otherwise, with no draw credited to owner. actual={'expected': {1: {((0, 0), (0, 1))}, 2: {((0, 1), (0, 2))}}, 'actual': {1: {((0, 0), (0, 1))}, 2: {((1, 0), (0, 1))}}}",card_mechanism.csv#OG_338; generic-play-smoke:played; effect-evidence: reports/card_quality_full_2026-09-27/og_probe.csv#opponent_turn_start_fifty_percent_extra_draw; per-card: reports/card_quality_full_2026-09-27/og_probe.csv#opponent_turn_start_fifty_percent_extra_draw,"聚合状态取该卡最差机制；普通烟测只证明可执行，不能单独构成 GREEN。 DRAW-001 mechanism-level failure confirmed: on proc the physical extra card enters opponent hand before _begin_turn resets both counters, but Draw increments source.controller (Nat's owner) to 1; reset erases that count and the opponent ends with count 1 despite two actual draws. No-proc ends owner=0/opponent=1.; EN=At the start of your opponent's turn, they have a 50% chance to draw an extra card.; ZH=你的对手在回合开始时，有50%的几率额外抽一张牌。; source=fireplace/cards/wog/neutral_legendary.py:32; existing_tests=none; prior=RED:实战断言确认偏差：opponent_turn_start_fifty_percent_extra_draw expected=At opponent turn start, they draw the normal turn card plus one extra on proc; expected opponent draw counter is 2 on proc and 1 otherwise, with no draw credited to owner. actual={'expected': {1: {((0, 0), (0, 1))}, 2: {((0, 1), (0, 2))}}, 'actual': {1: {((0, 0), (0, 1))}, 2: {((1, 0), (0, 1))}}}","At the start of your opponent's turn, they have a 50% chance to draw an extra card.",你的对手在回合开始时，有50%的几率额外抽一张牌。,fireplace/cards/wog/neutral_legendary.py:32
17.6.0.53261,Whispers of the Old Gods (OG),OG_339,Skeram Cultist,斯克拉姆狂热者,Battlecry,GREEN,implemented,yes,本轮逐卡行为用例全部通过：battlecry_buffs_cthun_on_board=cthun_board=8/8;tracked=8/8;cultist=PLAY; battlecry_buffs_cthun_in_hand_and_deck=hand=8/8;tracked=8/8;deck=8/8;tracked=8/8,card_mechanism.csv#OG_339; generic-play-smoke:played; effect-evidence: reports/card_quality_full_2026-09-27/og_probe.csv#battlecry_buffs_cthun_on_board; reports/card_quality_full_2026-09-27/og_probe.csv#battlecry_buffs_cthun_in_hand_and_deck; per-card: reports/card_quality_full_2026-09-27/og_probe.csv#battlecry_buffs_cthun_on_board; reports/card_quality_full_2026-09-27/og_probe.csv#battlecry_buffs_cthun_in_hand_and_deck,聚合状态取该卡最差机制；普通烟测只证明可执行，不能单独构成 GREEN。 ; EN=Battlecry: Give your C'Thun +2/+2 (wherever it is).; ZH=战吼： 使你的克苏恩 获得+2/+2（无论它在哪里）。; source=fireplace/cards/wog/neutral_rare.py:32; existing_tests=none; prior=GREEN:本轮逐卡行为用例全部通过：battlecry_buffs_cthun_on_board=cthun_board=8/8;tracked=8/8;cultist=PLAY,Battlecry: Give your C'Thun +2/+2 (wherever it is).,战吼： 使你的克苏恩 获得+2/+2（无论它在哪里）。,fireplace/cards/wog/neutral_rare.py:32
17.6.0.53261,Whispers of the Old Gods (OG),OG_340,Soggoth the Slitherer,深渊滑行者索苟斯,Taunt|Untargetable,GREEN,implemented,yes,本轮逐卡行为用例全部通过：untargetable_by_both_players_spells_and_hero_powers=both_players_spell_power_rejected_friendly_and_enemy_targets=True;mana_health_hand_unchanged=True;combat_attack_succeeded=True;both_taunt=True,card_mechanism.csv#OG_340; generic-play-smoke:played; effect-evidence: reports/card_quality_full_2026-09-27/og_probe.csv#untargetable_by_both_players_spells_and_hero_powers; per-card: reports/card_quality_full_2026-09-27/og_probe.csv#untargetable_by_both_players_spells_and_hero_powers,聚合状态取该卡最差机制；普通烟测只证明可执行，不能单独构成 GREEN。 ; EN=Taunt Can't be targeted by spells or Hero Powers.; ZH=嘲讽 无法成为法术或英雄技能的目标。; source=fireplace/cards/CardDefs.xml#OG_340; existing_tests=none; prior=GREEN:本轮逐卡行为用例全部通过：untargetable_by_both_players_spells_and_hero_powers=both_players_spell_power_rejected_friendly_and_enemy_targets=True;mana_health_hand_unchanged=True;combat_attack_succeeded=True;both_taunt=True,Taunt Can't be targeted by spells or Hero Powers.,嘲讽 无法成为法术或英雄技能的目标。,
