version,set,card_id,name_en,name_zh,mechanic,status,implementation,tested,reason,evidence,notes,card_text_en,card_text_zh,python_source
17.6.0.53261,Kobolds & Catacombs (LOOTAPALOOZA),LOOT_008,Psychic Scream,心灵尖啸,Spell resolution,GREEN,implemented,yes,"本轮逐卡行为用例全部通过：shuffle_all_to_opponent_deck=own=DECK;enemy=DECK;fields=0/0;opponent_deck=['CS2_231', 'CS2_182'];friendly_deck=['CS2_008'];spell=GRAVEYARD",card_mechanism.csv#LOOT_008; generic-play-smoke:played; effect-evidence: reports/card_quality_full_2026-09-27/set_probe_LOOTAPALOOZA.csv#LOOT_008::shuffle_all_to_opponent_deck; per-card: reports/card_quality_full_2026-09-27/set_probe_LOOTAPALOOZA.csv#LOOT_008::shuffle_all_to_opponent_deck,聚合状态取该卡最差机制；普通烟测只证明可执行，不能单独构成 GREEN。 EN=Shuffle all minions into your opponent's deck.; ZH=将所有随从洗入你对手的牌库。; source=fireplace/cards/kobolds/priest.py:57; existing_tests=none; previous=YELLOW:1 个机制缺少充分的核心效果验证；逐机制依据见 card_mechanism.csv。,Shuffle all minions into your opponent's deck.,将所有随从洗入你对手的牌库。,fireplace/cards/kobolds/priest.py:57
17.6.0.53261,Kobolds & Catacombs (LOOTAPALOOZA),LOOT_013,Vulgar Homunculus,粗俗的矮劣魔,Battlecry|Taunt,GREEN,implemented,yes,本轮逐卡行为用例全部通过：battlecry_and_taunt=hero=30->28;body=2/4;taunt=1;zone=PLAY,card_mechanism.csv#LOOT_013; generic-play-smoke:played; effect-evidence: reports/card_quality_full_2026-09-27/set_probe_LOOTAPALOOZA.csv#LOOT_013::battlecry_and_taunt; per-card: reports/card_quality_full_2026-09-27/set_probe_LOOTAPALOOZA.csv#LOOT_013::battlecry_and_taunt,聚合状态取该卡最差机制；普通烟测只证明可执行，不能单独构成 GREEN。 EN=Taunt Battlecry: Deal 2 damage to your hero.; ZH=嘲讽，战吼：对你的英雄造成2点伤害。; source=fireplace/cards/kobolds/warlock.py:8; existing_tests=none; previous=YELLOW:2 个机制缺少充分的核心效果验证；逐机制依据见 card_mechanism.csv。,Taunt Battlecry: Deal 2 damage to your hero.,嘲讽，战吼：对你的英雄造成2点伤害。,fireplace/cards/kobolds/warlock.py:8
17.6.0.53261,Kobolds & Catacombs (LOOTAPALOOZA),LOOT_014,Kobold Librarian,狗头人图书管理员,Battlecry|Draw / Discard,GREEN,implemented,yes,本轮逐卡行为用例全部通过：draw_and_hero_damage=hero=30->28;body=2/1;hand=['CS2_231'];zone=PLAY,card_mechanism.csv#LOOT_014; generic-play-smoke:played; effect-evidence: reports/card_quality_full_2026-09-27/set_probe_LOOTAPALOOZA.csv#LOOT_014::draw_and_hero_damage; per-card: reports/card_quality_full_2026-09-27/set_probe_LOOTAPALOOZA.csv#LOOT_014::draw_and_hero_damage,聚合状态取该卡最差机制；普通烟测只证明可执行，不能单独构成 GREEN。 EN=Battlecry: Draw a card. Deal 2 damage to your hero.; ZH=战吼： 抽一张牌。对你的英雄造成2点伤害。; source=fireplace/cards/kobolds/warlock.py:15; existing_tests=none; previous=YELLOW:2 个机制缺少充分的核心效果验证；逐机制依据见 card_mechanism.csv。,Battlecry: Draw a card. Deal 2 damage to your hero.,战吼： 抽一张牌。对你的英雄造成2点伤害。,fireplace/cards/kobolds/warlock.py:15
17.6.0.53261,Kobolds & Catacombs (LOOTAPALOOZA),LOOT_017,Dark Pact,黑暗契约,Spell resolution|Targeting,GREEN,implemented,yes,本轮逐卡行为用例全部通过：friendly_destroy_and_heal=hero=24->28;friendly=GRAVEYARD;enemy=PLAY;spell=GRAVEYARD,card_mechanism.csv#LOOT_017; generic-play-smoke:played; effect-evidence: reports/card_quality_full_2026-09-27/set_probe_LOOTAPALOOZA.csv#LOOT_017::friendly_destroy_and_heal; per-card: reports/card_quality_full_2026-09-27/set_probe_LOOTAPALOOZA.csv#LOOT_017::friendly_destroy_and_heal,聚合状态取该卡最差机制；普通烟测只证明可执行，不能单独构成 GREEN。 EN=Destroy a friendly minion. Restore #4 Health to your hero.; ZH=消灭一个友方随从。为你的英雄恢复#4点生命值。; source=fireplace/cards/kobolds/warlock.py:114; existing_tests=none; previous=YELLOW:2 个机制缺少充分的核心效果验证；逐机制依据见 card_mechanism.csv。,Destroy a friendly minion. Restore #4 Health to your hero.,消灭一个友方随从。为你的英雄恢复#4点生命值。,fireplace/cards/kobolds/warlock.py:114
17.6.0.53261,Kobolds & Catacombs (LOOTAPALOOZA),LOOT_018,Hooked Reaver,铁钩掠夺者,Battlecry,GREEN,implemented,yes,本轮逐卡行为用例全部通过：threshold_15=hero=15;body=7/7;taunt=True; threshold_16=hero=16;body=4/4;taunt=False,card_mechanism.csv#LOOT_018; generic-play-smoke:played; effect-evidence: reports/card_quality_full_2026-09-27/set_probe_LOOTAPALOOZA.csv#LOOT_018::threshold_15; reports/card_quality_full_2026-09-27/set_probe_LOOTAPALOOZA.csv#LOOT_018::threshold_16; per-card: reports/card_quality_full_2026-09-27/set_probe_LOOTAPALOOZA.csv#LOOT_018::threshold_15; reports/card_quality_full_2026-09-27/set_probe_LOOTAPALOOZA.csv#LOOT_018::threshold_16,"聚合状态取该卡最差机制；普通烟测只证明可执行，不能单独构成 GREEN。 EN=Battlecry: If you have 15 or less Health, gain +3/+3 and Taunt.; ZH=战吼：如果你的生命值小于或等于15点，则获得+3/+3和嘲讽。; source=fireplace/cards/kobolds/warlock.py:22; existing_tests=none; previous=YELLOW:1 个机制缺少充分的核心效果验证；逐机制依据见 card_mechanism.csv。","Battlecry: If you have 15 or less Health, gain +3/+3 and Taunt.",战吼：如果你的生命值小于或等于15点，则获得+3/+3和嘲讽。,fireplace/cards/kobolds/warlock.py:22
17.6.0.53261,Kobolds & Catacombs (LOOTAPALOOZA),LOOT_026,Fal'dorei Strider,法多雷突袭者,Battlecry|Summon|Trigger,GREEN,implemented,yes,"本轮逐卡行为用例全部通过：ambush_draw_trigger=ambushes_before_draw=3;deck_after=[];spiders=[(4, 4), (4, 4), (4, 4)];hand=[]",card_mechanism.csv#LOOT_026; generic-play-smoke:played; effect-evidence: reports/card_quality_full_2026-09-27/set_probe_LOOTAPALOOZA.csv#LOOT_026::ambush_draw_trigger; per-card: reports/card_quality_full_2026-09-27/set_probe_LOOTAPALOOZA.csv#LOOT_026::ambush_draw_trigger,"聚合状态取该卡最差机制；普通烟测只证明可执行，不能单独构成 GREEN。 EN=[x]Battlecry: Shuffle 3 Ambushes into your deck. When drawn, summon a 4/4 Spider.; ZH=战吼： 将三张伏击牌洗入你的牌库。 当抽到伏击牌时，召唤一只4/4的蜘蛛。; source=fireplace/cards/kobolds/rogue.py:8; existing_tests=none; previous=YELLOW:3 个机制缺少充分的核心效果验证；逐机制依据见 card_mechanism.csv。","[x]Battlecry: Shuffle 3 Ambushes into your deck. When drawn, summon a 4/4 Spider.",战吼： 将三张伏击牌洗入你的牌库。 当抽到伏击牌时，召唤一只4/4的蜘蛛。,fireplace/cards/kobolds/rogue.py:8
17.6.0.53261,Kobolds & Catacombs (LOOTAPALOOZA),LOOT_033,Cavern Shinyfinder,洞穴探宝者,Battlecry|Draw / Discard,GREEN,implemented,yes,本轮逐卡行为用例全部通过：draw_weapon_from_deck=hand=['CS2_091'];deck=['CS2_231'];minion=PLAY,card_mechanism.csv#LOOT_033; generic-play-smoke:played; effect-evidence: reports/card_quality_full_2026-09-27/set_probe_LOOTAPALOOZA.csv#LOOT_033::draw_weapon_from_deck; per-card: reports/card_quality_full_2026-09-27/set_probe_LOOTAPALOOZA.csv#LOOT_033::draw_weapon_from_deck,聚合状态取该卡最差机制；普通烟测只证明可执行，不能单独构成 GREEN。 EN=Battlecry: Draw a weapon from your deck.; ZH=战吼：从你的牌库中抽一张武器牌。; source=fireplace/cards/kobolds/rogue.py:24; existing_tests=none; previous=YELLOW:2 个机制缺少充分的核心效果验证；逐机制依据见 card_mechanism.csv。,Battlecry: Draw a weapon from your deck.,战吼：从你的牌库中抽一张武器牌。,fireplace/cards/kobolds/rogue.py:24
17.6.0.53261,Kobolds & Catacombs (LOOTAPALOOZA),LOOT_041,Kobold Barbarian,狗头人蛮兵,Random effects|Trigger,GREEN,implemented,yes,本轮逐卡行为用例全部通过：random_enemy_at_turn_start=turn=Player1;attacks=0;enemy_hero=30;enemy_minion=GRAVEYARD/1;barbarian=PLAY/3,card_mechanism.csv#LOOT_041; generic-play-smoke:played; effect-evidence: reports/card_quality_full_2026-09-27/set_probe_LOOTAPALOOZA.csv#LOOT_041::random_enemy_at_turn_start; per-card: reports/card_quality_full_2026-09-27/set_probe_LOOTAPALOOZA.csv#LOOT_041::random_enemy_at_turn_start,"聚合状态取该卡最差机制；普通烟测只证明可执行，不能单独构成 GREEN。 EN=At the start of your turn, attack a random enemy.; ZH=在你的回合开始时，随机攻击一名敌人。; source=fireplace/cards/kobolds/warrior.py:8; existing_tests=none; previous=YELLOW:2 个机制缺少充分的核心效果验证；逐机制依据见 card_mechanism.csv。","At the start of your turn, attack a random enemy.",在你的回合开始时，随机攻击一名敌人。,fireplace/cards/kobolds/warrior.py:8
17.6.0.53261,Kobolds & Catacombs (LOOTAPALOOZA),LOOT_043,Lesser Amethyst Spellstone,小型法术紫水晶,Lifesteal|Spell resolution|Targeting|Trigger,GREEN,implemented,yes,本轮逐卡行为用例全部通过：base_lifesteal=hero=25->28;target=PLAY/2;spell=GRAVEYARD; damage_card_upgrade=first_upgrade=LOOT_043t2;second_upgrade=LOOT_043t3;hero=28;original_ref=LOOT_043/SETASIDE,card_mechanism.csv#LOOT_043; generic-play-smoke:played; effect-evidence: reports/card_quality_full_2026-09-27/set_probe_LOOTAPALOOZA.csv#LOOT_043::base_lifesteal; reports/card_quality_full_2026-09-27/set_probe_LOOTAPALOOZA.csv#LOOT_043::damage_card_upgrade; per-card: reports/card_quality_full_2026-09-27/set_probe_LOOTAPALOOZA.csv#LOOT_043::base_lifesteal; reports/card_quality_full_2026-09-27/set_probe_LOOTAPALOOZA.csv#LOOT_043::damage_card_upgrade,聚合状态取该卡最差机制；普通烟测只证明可执行，不能单独构成 GREEN。 EN=Lifesteal. Deal $3 damage to a minion. (Take damage from your cards to upgrade.); ZH=吸血 对一个随从造成$3点伤害。（受到来自你的卡牌的伤害后升级。）; source=fireplace/cards/kobolds/warlock.py:126; existing_tests=none; previous=YELLOW:4 个机制缺少充分的核心效果验证；逐机制依据见 card_mechanism.csv。,Lifesteal. Deal $3 damage to a minion. (Take damage from your cards to upgrade.),吸血 对一个随从造成$3点伤害。（受到来自你的卡牌的伤害后升级。）,fireplace/cards/kobolds/warlock.py:126
17.6.0.53261,Kobolds & Catacombs (LOOTAPALOOZA),LOOT_044,Bladed Gauntlet,铁刃护手,Continuous effect / Update|Weapon,GREEN,implemented,yes,本轮逐卡行为用例全部通过：armor_attack_and_target_limit=attack_at_armor3=3;attack_at_armor5=5;hero_legal=False;minion_legal=True;enemy=GRAVEYARD;weapon=4/1;hero_armor=4,card_mechanism.csv#LOOT_044; generic-play-smoke:played; effect-evidence: reports/card_quality_full_2026-09-27/set_probe_LOOTAPALOOZA.csv#LOOT_044::armor_attack_and_target_limit; per-card: reports/card_quality_full_2026-09-27/set_probe_LOOTAPALOOZA.csv#LOOT_044::armor_attack_and_target_limit,聚合状态取该卡最差机制；普通烟测只证明可执行，不能单独构成 GREEN。 EN=Has Attack equal to your Armor. Can't attack heroes.; ZH=攻击力等同于你的 护甲值。无法攻击英雄。; source=fireplace/cards/kobolds/warrior.py:133; existing_tests=none; previous=YELLOW:2 个机制缺少充分的核心效果验证；逐机制依据见 card_mechanism.csv。,Has Attack equal to your Armor. Can't attack heroes.,攻击力等同于你的 护甲值。无法攻击英雄。,fireplace/cards/kobolds/warrior.py:133
17.6.0.53261,Kobolds & Catacombs (LOOTAPALOOZA),LOOT_047,Barkskin,树皮术,Spell resolution|Targeting,GREEN,implemented,yes,本轮逐卡行为用例全部通过：health_and_armor=target=1/4/4;armor=0->3;spell=GRAVEYARD,card_mechanism.csv#LOOT_047; generic-play-smoke:played; effect-evidence: reports/card_quality_full_2026-09-27/set_probe_LOOTAPALOOZA.csv#LOOT_047::health_and_armor; per-card: reports/card_quality_full_2026-09-27/set_probe_LOOTAPALOOZA.csv#LOOT_047::health_and_armor,聚合状态取该卡最差机制；普通烟测只证明可执行，不能单独构成 GREEN。 EN=Give a minion +3 Health. Gain 3 Armor.; ZH=使一个随从 获得+3生命值。 获得3点护甲值。; source=fireplace/cards/kobolds/druid.py:47; existing_tests=none; previous=YELLOW:2 个机制缺少充分的核心效果验证；逐机制依据见 card_mechanism.csv。,Give a minion +3 Health. Gain 3 Armor.,使一个随从 获得+3生命值。 获得3点护甲值。,fireplace/cards/kobolds/druid.py:47
17.6.0.53261,Kobolds & Catacombs (LOOTAPALOOZA),LOOT_048,Ironwood Golem,铁木魔像,Continuous effect / Update|Taunt,RED,partial,yes,实测与卡牌文本不符：armor_attack_threshold expected=[Taunt is present; the minion cannot attack below 3 Armor and can attack at 3 Armor.] actual=[turn=Player1;armor=3;control_ready=True;before_armor_attack=False;after_armor_attack=False;taunt=1;hero=30->30;golem=PLAY;barkskin=GRAVEYARD],card_mechanism.csv#LOOT_048; generic-play-smoke:played; effect-evidence: reports/card_quality_full_2026-09-27/set_probe_LOOTAPALOOZA.csv#LOOT_048::armor_attack_threshold; per-card: reports/card_quality_full_2026-09-27/set_probe_LOOTAPALOOZA.csv#LOOT_048::armor_attack_threshold,聚合状态取该卡最差机制；普通烟测只证明可执行，不能单独构成 GREEN。 EN=Taunt Can only attack if you have 3 or more Armor.; ZH=嘲讽 除非你的护甲值大于或等于3点，否则无法进行攻击。; source=fireplace/cards/kobolds/druid.py:8; existing_tests=none; previous=YELLOW:2 个机制缺少充分的核心效果验证；逐机制依据见 card_mechanism.csv。,Taunt Can only attack if you have 3 or more Armor.,嘲讽 除非你的护甲值大于或等于3点，否则无法进行攻击。,fireplace/cards/kobolds/druid.py:8
17.6.0.53261,Kobolds & Catacombs (LOOTAPALOOZA),LOOT_051,Lesser Jasper Spellstone,小型法术玉石,Spell resolution|Targeting|Trigger,GREEN,implemented,yes,本轮逐卡行为用例全部通过：base_two_damage=target=3/5;spell=GRAVEYARD; armor_upgrade_progress=after_three_armor=LOOT_051t1;after_six_armor=LOOT_051t2;armor=6;target=7,card_mechanism.csv#LOOT_051; generic-play-smoke:played; effect-evidence: reports/card_quality_full_2026-09-27/set_probe_LOOTAPALOOZA.csv#LOOT_051::base_two_damage; reports/card_quality_full_2026-09-27/set_probe_LOOTAPALOOZA.csv#LOOT_051::armor_upgrade_progress; per-card: reports/card_quality_full_2026-09-27/set_probe_LOOTAPALOOZA.csv#LOOT_051::base_two_damage; reports/card_quality_full_2026-09-27/set_probe_LOOTAPALOOZA.csv#LOOT_051::armor_upgrade_progress,聚合状态取该卡最差机制；普通烟测只证明可执行，不能单独构成 GREEN。 EN=Deal $2 damage to a minion. @(Gain 3 Armor to upgrade.); ZH=对一个随从造成$2点伤害。@（获得3点护甲值后升级。）; source=fireplace/cards/kobolds/druid.py:61; existing_tests=tests/test_kobolds.py:6:test_lesser_jasper_spellstone; previous=YELLOW:3 个机制缺少充分的核心效果验证；逐机制依据见 card_mechanism.csv。,Deal $2 damage to a minion. @(Gain 3 Armor to upgrade.),对一个随从造成$2点伤害。@（获得3点护甲值后升级。）,fireplace/cards/kobolds/druid.py:61
17.6.0.53261,Kobolds & Catacombs (LOOTAPALOOZA),LOOT_054,Branching Paths,分岔路口,Draw / Discard|Spell resolution,GREEN,implemented,yes,本轮逐卡行为用例全部通过：two_choices_armor_draw=armor=6;hand=['CS2_231'];choice=None;spell=GRAVEYARD; two_attack_choices_stack=minion=3/1;armor=0;spell=GRAVEYARD,card_mechanism.csv#LOOT_054; generic-play-smoke:played; effect-evidence: reports/card_quality_full_2026-09-27/set_probe_LOOTAPALOOZA.csv#LOOT_054::two_choices_armor_draw; reports/card_quality_full_2026-09-27/set_probe_LOOTAPALOOZA.csv#LOOT_054::two_attack_choices_stack; per-card: reports/card_quality_full_2026-09-27/set_probe_LOOTAPALOOZA.csv#LOOT_054::two_choices_armor_draw; reports/card_quality_full_2026-09-27/set_probe_LOOTAPALOOZA.csv#LOOT_054::two_attack_choices_stack,聚合状态取该卡最差机制；普通烟测只证明可执行，不能单独构成 GREEN。 EN=[x]Choose Twice - Draw a card; Give your minions  +1 Attack; Gain 6 Armor.; ZH=选择两次： 抽一张牌；使你的所有随从获得+1攻击力；或者获得6点护甲值。; source=fireplace/cards/kobolds/druid.py:108; existing_tests=tests/test_kobolds.py:24:test_branching_paths; previous=YELLOW:2 个机制缺少充分的核心效果验证；逐机制依据见 card_mechanism.csv。,[x]Choose Twice - Draw a card; Give your minions  +1 Attack; Gain 6 Armor.,选择两次： 抽一张牌；使你的所有随从获得+1攻击力；或者获得6点护甲值。,fireplace/cards/kobolds/druid.py:108
17.6.0.53261,Kobolds & Catacombs (LOOTAPALOOZA),LOOT_056,Astral Tiger,星界猛虎,Deathrattle,GREEN,implemented,yes,"本轮逐卡行为用例全部通过：deathrattle_copy_to_deck=source=GRAVEYARD;printed_stats=(3, 5);deck_copies=[('LOOT_056', 3, 5, 'DECK')]",card_mechanism.csv#LOOT_056; generic-play-smoke:played; effect-evidence: reports/card_quality_full_2026-09-27/set_probe_LOOTAPALOOZA.csv#LOOT_056::deathrattle_copy_to_deck; per-card: reports/card_quality_full_2026-09-27/set_probe_LOOTAPALOOZA.csv#LOOT_056::deathrattle_copy_to_deck,聚合状态取该卡最差机制；普通烟测只证明可执行，不能单独构成 GREEN。 EN=Deathrattle: Shuffle a  copy of this minion into your deck.; ZH=亡语： 将该随从的一张复制洗入你的牌库。; source=fireplace/cards/kobolds/druid.py:15; existing_tests=none; previous=YELLOW:1 个机制缺少充分的核心效果验证；逐机制依据见 card_mechanism.csv。,Deathrattle: Shuffle a  copy of this minion into your deck.,亡语： 将该随从的一张复制洗入你的牌库。,fireplace/cards/kobolds/druid.py:15
17.6.0.53261,Kobolds & Catacombs (LOOTAPALOOZA),LOOT_060,Crushing Hand,粉碎之手,Overload|Spell resolution|Targeting,GREEN,implemented,yes,"本轮逐卡行为用例全部通过：eight_damage_and_overload=target=12->4/12:PLAY;spell=GRAVEYARD;overloaded_after_play=3;next_turn_locked=3;mana=7;before_next_turn=(0, 8)",card_mechanism.csv#LOOT_060; generic-play-smoke:played; effect-evidence: reports/card_quality_full_2026-09-27/set_probe_LOOTAPALOOZA.csv#LOOT_060::eight_damage_and_overload; per-card: reports/card_quality_full_2026-09-27/set_probe_LOOTAPALOOZA.csv#LOOT_060::eight_damage_and_overload,聚合状态取该卡最差机制；普通烟测只证明可执行，不能单独构成 GREEN。 EN=Deal $8 damage to a minion. Overload: (3); ZH=对一个随从造成$8点伤害。 过载：（3）; source=fireplace/cards/kobolds/shaman.py:53; existing_tests=none; previous=YELLOW:2 个机制缺少充分的核心效果验证；逐机制依据见 card_mechanism.csv。; audit_note=reports/card_quality_full_2026-09-27/overload_reproductions.csv#LOOT_060 independently confirms the 3-crystal lockout.,Deal $8 damage to a minion. Overload: (3),对一个随从造成$8点伤害。 过载：（3）,fireplace/cards/kobolds/shaman.py:53
17.6.0.53261,Kobolds & Catacombs (LOOTAPALOOZA),LOOT_062,Kobold Hermit,狗头人隐士,Battlecry|Summon|Targeting,GREEN,implemented,yes,"本轮逐卡行为用例全部通过：choose_basic_totem=options=['CS2_050', 'CS2_051', 'CS2_052', 'NEW1_009'];summoned=[('CS2_050', 1, 1, 'PLAY')];opponent=0;hermit=PLAY",card_mechanism.csv#LOOT_062; generic-play-smoke:played; effect-evidence: reports/card_quality_full_2026-09-27/set_probe_LOOTAPALOOZA.csv#LOOT_062::choose_basic_totem; per-card: reports/card_quality_full_2026-09-27/set_probe_LOOTAPALOOZA.csv#LOOT_062::choose_basic_totem,聚合状态取该卡最差机制；普通烟测只证明可执行，不能单独构成 GREEN。 EN=Battlecry: Choose a basic Totem. Summon it.; ZH=战吼：选择一个基础图腾并召唤它。; source=fireplace/cards/kobolds/shaman.py:8; existing_tests=none; previous=YELLOW:3 个机制缺少充分的核心效果验证；逐机制依据见 card_mechanism.csv。,Battlecry: Choose a basic Totem. Summon it.,战吼：选择一个基础图腾并召唤它。,fireplace/cards/kobolds/shaman.py:8
17.6.0.53261,Kobolds & Catacombs (LOOTAPALOOZA),LOOT_064,Lesser Sapphire Spellstone,小型法术蓝宝石,Spell resolution|Summon|Targeting|Trigger,RED,partial,yes,实测与卡牌文本不符：overload_upgrade_condition expected=[Overload 3 upgrades the Spellstone to the second version.] actual=[after_overload3=missing;base_still_held=True;target=4/12;overloaded=3]; deathrattle_not_upgrade_condition expected=[Playing three Deathrattle minions without Overload leaves this Spellstone at its base version.] actual=[after_three_deathrattle_cards=LOOT_064t1;overloaded=0;hand=['LOOT_064t1']],card_mechanism.csv#LOOT_064; generic-play-smoke:played; effect-evidence: reports/card_quality_full_2026-09-27/set_probe_LOOTAPALOOZA.csv#LOOT_064::base_exact_copy; reports/card_quality_full_2026-09-27/set_probe_LOOTAPALOOZA.csv#LOOT_064::overload_upgrade_condition; reports/card_quality_full_2026-09-27/set_probe_LOOTAPALOOZA.csv#LOOT_064::deathrattle_not_upgrade_condition; per-card: reports/card_quality_full_2026-09-27/set_probe_LOOTAPALOOZA.csv#LOOT_064::base_exact_copy; reports/card_quality_full_2026-09-27/set_probe_LOOTAPALOOZA.csv#LOOT_064::overload_upgrade_condition; reports/card_quality_full_2026-09-27/set_probe_LOOTAPALOOZA.csv#LOOT_064::deathrattle_not_upgrade_condition,聚合状态取该卡最差机制；普通烟测只证明可执行，不能单独构成 GREEN。 EN=Summon 1 copy of a friendly minion. @(Overload 3 Mana Crystals to upgrade.); ZH=选择一个友方随从，召唤一个它的复制。@（过载三个法力水晶后升级。）; source=fireplace/cards/kobolds/shaman.py:64; existing_tests=none; previous=YELLOW:4 个机制缺少充分的核心效果验证；逐机制依据见 card_mechanism.csv。,Summon 1 copy of a friendly minion. @(Overload 3 Mana Crystals to upgrade.),选择一个友方随从，召唤一个它的复制。@（过载三个法力水晶后升级。）,fireplace/cards/kobolds/shaman.py:64
17.6.0.53261,Kobolds & Catacombs (LOOTAPALOOZA),LOOT_069,Sewer Crawler,下水道爬行者,Battlecry|Summon,GREEN,implemented,yes,"本轮逐卡行为用例全部通过：battlecry_giant_rat=source=1/1/PLAY;rats=[(2, 3, 'PLAY')];enemy=0",card_mechanism.csv#LOOT_069; generic-play-smoke:played; effect-evidence: reports/card_quality_full_2026-09-27/set_probe_LOOTAPALOOZA.csv#LOOT_069::battlecry_giant_rat; per-card: reports/card_quality_full_2026-09-27/set_probe_LOOTAPALOOZA.csv#LOOT_069::battlecry_giant_rat,聚合状态取该卡最差机制；普通烟测只证明可执行，不能单独构成 GREEN。 EN=Battlecry: Summon a 2/3 Giant Rat.; ZH=战吼：召唤一个2/3的巨鼠。; source=fireplace/cards/kobolds/neutral_common.py:8; existing_tests=none; previous=YELLOW:2 个机制缺少充分的核心效果验证；逐机制依据见 card_mechanism.csv。,Battlecry: Summon a 2/3 Giant Rat.,战吼：召唤一个2/3的巨鼠。,fireplace/cards/kobolds/neutral_common.py:8
17.6.0.53261,Kobolds & Catacombs (LOOTAPALOOZA),LOOT_077,Flanking Strike,侧翼打击,Spell resolution|Summon|Targeting,GREEN,implemented,yes,"本轮逐卡行为用例全部通过：three_damage_and_wolf=target=5->2/5:PLAY;wolves=[(3, 3, 'PLAY')];spell=GRAVEYARD",card_mechanism.csv#LOOT_077; generic-play-smoke:played; effect-evidence: reports/card_quality_full_2026-09-27/set_probe_LOOTAPALOOZA.csv#LOOT_077::three_damage_and_wolf; per-card: reports/card_quality_full_2026-09-27/set_probe_LOOTAPALOOZA.csv#LOOT_077::three_damage_and_wolf,聚合状态取该卡最差机制；普通烟测只证明可执行，不能单独构成 GREEN。 EN=Deal $3 damage to a minion. Summon a 3/3 Wolf.; ZH=对一个随从造成$3点伤害。召唤一只3/3的狼。; source=fireplace/cards/kobolds/hunter.py:35; existing_tests=none; previous=YELLOW:3 个机制缺少充分的核心效果验证；逐机制依据见 card_mechanism.csv。,Deal $3 damage to a minion. Summon a 3/3 Wolf.,对一个随从造成$3点伤害。召唤一只3/3的狼。,fireplace/cards/kobolds/hunter.py:35
17.6.0.53261,Kobolds & Catacombs (LOOTAPALOOZA),LOOT_078,Cave Hydra,洞穴多头蛇,Trigger,RED,partial,yes,"实测与卡牌文本不符：cleave_adjacent_minions expected=[Attacking a minion also deals the Hydra's Attack damage to both adjacent minions.] actual=[ready=True;attack=2;enemy=['7/7/PLAY', '5/7/PLAY', '7/7/PLAY'];hydra=PLAY/4]",card_mechanism.csv#LOOT_078; generic-play-smoke:played; effect-evidence: reports/card_quality_full_2026-09-27/set_probe_LOOTAPALOOZA.csv#LOOT_078::cleave_adjacent_minions; per-card: reports/card_quality_full_2026-09-27/set_probe_LOOTAPALOOZA.csv#LOOT_078::cleave_adjacent_minions,聚合状态取该卡最差机制；普通烟测只证明可执行，不能单独构成 GREEN。 EN=Also damages the minions next to whomever this attacks.; ZH=同时对其攻击目标相邻的随从造成伤害。; source=fireplace/cards/kobolds/hunter.py:8; existing_tests=none; previous=YELLOW:1 个机制缺少充分的核心效果验证；逐机制依据见 card_mechanism.csv。,Also damages the minions next to whomever this attacks.,同时对其攻击目标相邻的随从造成伤害。,fireplace/cards/kobolds/hunter.py:8
17.6.0.53261,Kobolds & Catacombs (LOOTAPALOOZA),LOOT_079,Wandering Monster,游荡怪物,Random effects|Secret|Spell resolution|Summon|Targeting|Trigger,GREEN,implemented,yes,"本轮逐卡行为用例全部通过：secret_random_minion_redirect=attack_legal=True;attacker_attacks=1;hero=30->30;secret=GRAVEYARD;spawned=[('EX1_612', 3, 2, 'PLAY')];spawned_dead=[]",card_mechanism.csv#LOOT_079; generic-play-smoke:played; effect-evidence: reports/card_quality_full_2026-09-27/set_probe_LOOTAPALOOZA.csv#LOOT_079::secret_random_minion_redirect; per-card: reports/card_quality_full_2026-09-27/set_probe_LOOTAPALOOZA.csv#LOOT_079::secret_random_minion_redirect,"聚合状态取该卡最差机制；普通烟测只证明可执行，不能单独构成 GREEN。 EN=Secret: When an enemy attacks your hero, summon a 3-Cost minion as the new target.; ZH=奥秘： 当一个敌人攻击你的英雄时，随机召唤一个法力值消耗为（3）的随从，并使其成为攻击的目标。; source=fireplace/cards/kobolds/hunter.py:46; existing_tests=none; previous=YELLOW:6 个机制缺少充分的核心效果验证；逐机制依据见 card_mechanism.csv。","Secret: When an enemy attacks your hero, summon a 3-Cost minion as the new target.",奥秘： 当一个敌人攻击你的英雄时，随机召唤一个法力值消耗为（3）的随从，并使其成为攻击的目标。,fireplace/cards/kobolds/hunter.py:46
17.6.0.53261,Kobolds & Catacombs (LOOTAPALOOZA),LOOT_080,Lesser Emerald Spellstone,小型法术翡翠,Spell resolution|Summon|Trigger,GREEN,implemented,yes,"本轮逐卡行为用例全部通过：base_two_wolves=wolves=[(3, 3, 'PLAY'), (3, 3, 'PLAY')];spell=GRAVEYARD; secret_progress_two_levels=after_secret1=LOOT_080t2;after_secret2=LOOT_080t3;played=GRAVEYARD;wolves=[(3, 3), (3, 3), (3, 3), (3, 3)]",card_mechanism.csv#LOOT_080; generic-play-smoke:played; effect-evidence: reports/card_quality_full_2026-09-27/set_probe_LOOTAPALOOZA.csv#LOOT_080::base_two_wolves; reports/card_quality_full_2026-09-27/set_probe_LOOTAPALOOZA.csv#LOOT_080::secret_progress_two_levels; per-card: reports/card_quality_full_2026-09-27/set_probe_LOOTAPALOOZA.csv#LOOT_080::base_two_wolves; reports/card_quality_full_2026-09-27/set_probe_LOOTAPALOOZA.csv#LOOT_080::secret_progress_two_levels,聚合状态取该卡最差机制；普通烟测只证明可执行，不能单独构成 GREEN。 EN=Summon two 3/3 Wolves. (Play a Secret to upgrade.); ZH=召唤两只3/3的狼。（使用一个奥秘后升级。）; source=fireplace/cards/kobolds/hunter.py:57; existing_tests=none; previous=YELLOW:3 个机制缺少充分的核心效果验证；逐机制依据见 card_mechanism.csv。,Summon two 3/3 Wolves. (Play a Secret to upgrade.),召唤两只3/3的狼。（使用一个奥秘后升级。）,fireplace/cards/kobolds/hunter.py:57
17.6.0.53261,Kobolds & Catacombs (LOOTAPALOOZA),LOOT_085,Rhok'delar,伦鲁迪洛尔,Battlecry|Random effects|Weapon,GREEN,implemented,yes,"本轮逐卡行为用例全部通过：no_minion_deck_fill=weapon=LOOT_085;hand_count=10;spells=[('EX1_611', 'HUNTER', 'SPELL'), ('DAL_377', 'HUNTER', 'SPELL'), ('TRL_347', 'HUNTER', 'SPELL'), ('GIL_828', 'HUNTER', 'SPELL'), ('TRL_347', 'HUNTER', 'SPELL'), ('LOOT_079', 'HUNTER', 'SPELL'), ('BOT_438', 'HUNTER', 'SPELL'), ('CFM_026', 'HUNTER', 'SPELL'), ('BT_213', 'HUNTER', 'SPELL'), ('BT_213', 'HUNTER', 'SPELL')];deck=['CS2_029']; minion_deck_no_fill=weapon=LOOT_085;hand=[];deck=['CS2_231', 'CS2_029']",card_mechanism.csv#LOOT_085; generic-play-smoke:played; effect-evidence: reports/card_quality_full_2026-09-27/set_probe_LOOTAPALOOZA.csv#LOOT_085::no_minion_deck_fill; reports/card_quality_full_2026-09-27/set_probe_LOOTAPALOOZA.csv#LOOT_085::minion_deck_no_fill; per-card: reports/card_quality_full_2026-09-27/set_probe_LOOTAPALOOZA.csv#LOOT_085::no_minion_deck_fill; reports/card_quality_full_2026-09-27/set_probe_LOOTAPALOOZA.csv#LOOT_085::minion_deck_no_fill,"聚合状态取该卡最差机制；普通烟测只证明可执行，不能单独构成 GREEN。 EN=Battlecry: If your deck has no minions, fill your hand with Hunter spells.; ZH=战吼：如果你的牌库里没有随从牌，则随机将猎人的法术牌置入你的手牌，直到你的手牌数量达到上限。; source=fireplace/cards/kobolds/hunter.py:115; existing_tests=none; previous=YELLOW:3 个机制缺少充分的核心效果验证；逐机制依据见 card_mechanism.csv。","Battlecry: If your deck has no minions, fill your hand with Hunter spells.",战吼：如果你的牌库里没有随从牌，则随机将猎人的法术牌置入你的手牌，直到你的手牌数量达到上限。,fireplace/cards/kobolds/hunter.py:115
17.6.0.53261,Kobolds & Catacombs (LOOTAPALOOZA),LOOT_088,Potion of Heroism,英勇药水,Draw / Discard|Spell resolution|Targeting,GREEN,implemented,yes,本轮逐卡行为用例全部通过：divine_shield_and_draw=target=True;hand=['CS2_182'];spell=GRAVEYARD,card_mechanism.csv#LOOT_088; generic-play-smoke:played; effect-evidence: reports/card_quality_full_2026-09-27/set_probe_LOOTAPALOOZA.csv#LOOT_088::divine_shield_and_draw; per-card: reports/card_quality_full_2026-09-27/set_probe_LOOTAPALOOZA.csv#LOOT_088::divine_shield_and_draw,聚合状态取该卡最差机制；普通烟测只证明可执行，不能单独构成 GREEN。 EN=Give a minion Divine Shield. Draw a card.; ZH=使一个随从获得圣盾。抽 一张牌。; source=fireplace/cards/kobolds/paladin.py:40; existing_tests=none; previous=YELLOW:3 个机制缺少充分的核心效果验证；逐机制依据见 card_mechanism.csv。,Give a minion Divine Shield. Draw a card.,使一个随从获得圣盾。抽 一张牌。,fireplace/cards/kobolds/paladin.py:40
17.6.0.53261,Kobolds & Catacombs (LOOTAPALOOZA),LOOT_091,Lesser Pearl Spellstone,小型法术珍珠,Spell resolution|Summon|Targeting|Trigger,GREEN,implemented,yes,"本轮逐卡行为用例全部通过：base_two_two_taunt=spirit=[(2, 2, 1, 'PLAY')];spell=GRAVEYARD; heal_progress_two_levels=health=30;after_heal1=LOOT_091t1;after_heal2=LOOT_091t2;played=GRAVEYARD;spirits=[(6, 6, 1, 'PLAY')]",card_mechanism.csv#LOOT_091; generic-play-smoke:played; effect-evidence: reports/card_quality_full_2026-09-27/set_probe_LOOTAPALOOZA.csv#LOOT_091::base_two_two_taunt; reports/card_quality_full_2026-09-27/set_probe_LOOTAPALOOZA.csv#LOOT_091::heal_progress_two_levels; per-card: reports/card_quality_full_2026-09-27/set_probe_LOOTAPALOOZA.csv#LOOT_091::base_two_two_taunt; reports/card_quality_full_2026-09-27/set_probe_LOOTAPALOOZA.csv#LOOT_091::heal_progress_two_levels,聚合状态取该卡最差机制；普通烟测只证明可执行，不能单独构成 GREEN。 EN=Summon a 2/2 Spirit with Taunt. @(Restore 3 Health to upgrade.); ZH=召唤一个2/2并具有嘲讽的灵魂。@（恢复3点生命值后升级。）; source=fireplace/cards/kobolds/paladin.py:51; existing_tests=none; previous=YELLOW:4 个机制缺少充分的核心效果验证；逐机制依据见 card_mechanism.csv。,Summon a 2/2 Spirit with Taunt. @(Restore 3 Health to upgrade.),召唤一个2/2并具有嘲讽的灵魂。@（恢复3点生命值后升级。）,fireplace/cards/kobolds/paladin.py:51
17.6.0.53261,Kobolds & Catacombs (LOOTAPALOOZA),LOOT_093,Call to Arms,战斗号角,Spell resolution,GREEN,implemented,yes,"本轮逐卡行为用例全部通过：recruit_three_cost_two_or_less=recruited=[('CS2_050', 1, 1, 1, 'PLAY'), ('CS2_231', 0, 1, 1, 'PLAY'), ('EX1_029', 1, 1, 1, 'PLAY')];deck=['CS2_182'];spell=GRAVEYARD",card_mechanism.csv#LOOT_093; generic-play-smoke:played; effect-evidence: reports/card_quality_full_2026-09-27/set_probe_LOOTAPALOOZA.csv#LOOT_093::recruit_three_cost_two_or_less; per-card: reports/card_quality_full_2026-09-27/set_probe_LOOTAPALOOZA.csv#LOOT_093::recruit_three_cost_two_or_less,聚合状态取该卡最差机制；普通烟测只证明可执行，不能单独构成 GREEN。 EN=[x]Recruit 3 minions that  cost (2) or less.; ZH=招募三个法力值消耗小于或等于（2）点的随从。; source=fireplace/cards/kobolds/paladin.py:91; existing_tests=none; previous=YELLOW:1 个机制缺少充分的核心效果验证；逐机制依据见 card_mechanism.csv。,[x]Recruit 3 minions that  cost (2) or less.,招募三个法力值消耗小于或等于（2）点的随从。,fireplace/cards/kobolds/paladin.py:91
17.6.0.53261,Kobolds & Catacombs (LOOTAPALOOZA),LOOT_101,Explosive Runes,爆炸符文,Secret|Spell resolution|Trigger,GREEN,implemented,yes,本轮逐卡行为用例全部通过：six_damage_excess=minion=GRAVEYARD/5/5;enemy_hero=30->29;secret=GRAVEYARD;enemy_field=[],card_mechanism.csv#LOOT_101; generic-play-smoke:played; effect-evidence: reports/card_quality_full_2026-09-27/set_probe_LOOTAPALOOZA.csv#LOOT_101::six_damage_excess; per-card: reports/card_quality_full_2026-09-27/set_probe_LOOTAPALOOZA.csv#LOOT_101::six_damage_excess,"聚合状态取该卡最差机制；普通烟测只证明可执行，不能单独构成 GREEN。 EN=Secret: After your opponent plays a minion, deal $6 damage to it and any excess to their hero.; ZH=奥秘：在你的对手使用一张随从牌后，对该随从造成$6点伤害，超过其生命值的伤害将由对方英雄 承受。; source=fireplace/cards/kobolds/mage.py:54; existing_tests=tests/test_kobolds.py:47:test_explosive_runes; previous=YELLOW:3 个机制缺少充分的核心效果验证；逐机制依据见 card_mechanism.csv。","Secret: After your opponent plays a minion, deal $6 damage to it and any excess to their hero.",奥秘：在你的对手使用一张随从牌后，对该随从造成$6点伤害，超过其生命值的伤害将由对方英雄 承受。,fireplace/cards/kobolds/mage.py:54
17.6.0.53261,Kobolds & Catacombs (LOOTAPALOOZA),LOOT_103,Lesser Ruby Spellstone,小型法术红宝石,Random effects|Spell resolution|Trigger,GREEN,implemented,yes,"本轮逐卡行为用例全部通过：base_random_mage_spell=generated=[('DRG_324', 'MAGE', 'SPELL')];spellstone=GRAVEYARD; elemental_progress_two_levels=elementals=4;version=LOOT_103t2;hand=['UNG_809t1', 'UNG_809t1', 'UNG_809t1', 'UNG_809t1', 'DRG_324', 'CFM_623', 'LOOT_103'];generated=[('DRG_324', 'MAGE', 'SPELL'), ('CFM_623', 'MAGE', 'SPELL'), ('LOOT_103', 'MAGE', 'SPELL')]",card_mechanism.csv#LOOT_103; generic-play-smoke:played; effect-evidence: reports/card_quality_full_2026-09-27/set_probe_LOOTAPALOOZA.csv#LOOT_103::base_random_mage_spell; reports/card_quality_full_2026-09-27/set_probe_LOOTAPALOOZA.csv#LOOT_103::elemental_progress_two_levels; per-card: reports/card_quality_full_2026-09-27/set_probe_LOOTAPALOOZA.csv#LOOT_103::base_random_mage_spell; reports/card_quality_full_2026-09-27/set_probe_LOOTAPALOOZA.csv#LOOT_103::elemental_progress_two_levels,聚合状态取该卡最差机制；普通烟测只证明可执行，不能单独构成 GREEN。 EN=Add 1 random Mage spell to your hand. @(Play 2 Elementals to upgrade.); ZH=随机将一张法师法术牌置入你的手牌。@（使用两张元素牌后升级。）; source=fireplace/cards/kobolds/mage.py:64; existing_tests=none; previous=YELLOW:3 个机制缺少充分的核心效果验证；逐机制依据见 card_mechanism.csv。,Add 1 random Mage spell to your hand. @(Play 2 Elementals to upgrade.),随机将一张法师法术牌置入你的手牌。@（使用两张元素牌后升级。）,fireplace/cards/kobolds/mage.py:64
17.6.0.53261,Kobolds & Catacombs (LOOTAPALOOZA),LOOT_104,Shifting Scroll,变形卷轴,Random effects|Spell resolution|Transform|Trigger,GREEN,implemented,yes,本轮逐卡行为用例全部通过：transform_each_turn_in_hand=first=OG_090;first_valid=True;second=CS2_024;second_class=MAGE;second_type=SPELL;hand=['CS2_024'],card_mechanism.csv#LOOT_104; generic-play-smoke:unplayable_in_generic_setup; effect-evidence: reports/card_quality_full_2026-09-27/set_probe_LOOTAPALOOZA.csv#LOOT_104::transform_each_turn_in_hand; per-card: reports/card_quality_full_2026-09-27/set_probe_LOOTAPALOOZA.csv#LOOT_104::transform_each_turn_in_hand,"聚合状态取该卡最差机制；普通烟测只证明可执行，不能单独构成 GREEN。 EN=Each turn this is in your hand, transform it into a random Mage spell.; ZH=如果这张牌在你的手牌中，每个回合都会变成一张随机法师法术牌。; source=fireplace/cards/kobolds/mage.py:95; existing_tests=none; previous=YELLOW:4 个机制缺少充分的核心效果验证；逐机制依据见 card_mechanism.csv。","Each turn this is in your hand, transform it into a random Mage spell.",如果这张牌在你的手牌中，每个回合都会变成一张随机法师法术牌。,fireplace/cards/kobolds/mage.py:95
17.6.0.53261,Kobolds & Catacombs (LOOTAPALOOZA),LOOT_106,Deck of Wonders,惊奇套牌,Random effects|Spell resolution|Trigger,GREEN,implemented,yes,"本轮逐卡行为用例全部通过：five_scrolls_auto_cast_on_draw=scrolls_before_draw=5;scrolls_cast=5;remaining_scrolls=0;deck=[];hand=[];graveyard=['LOOT_106', 'LOOT_106t', 'LOOT_106t', 'LOOT_106t', 'LOOT_106t', 'LOOT_106t', 'CS2_029', 'BT_429', 'HERO_08bp']",card_mechanism.csv#LOOT_106; generic-play-smoke:played; effect-evidence: reports/card_quality_full_2026-09-27/set_probe_LOOTAPALOOZA.csv#LOOT_106::five_scrolls_auto_cast_on_draw; per-card: reports/card_quality_full_2026-09-27/set_probe_LOOTAPALOOZA.csv#LOOT_106::five_scrolls_auto_cast_on_draw,"聚合状态取该卡最差机制；普通烟测只证明可执行，不能单独构成 GREEN。 EN=Shuffle 5 Scrolls into your deck. When drawn, cast a random spell.; ZH=将五张惊奇卡牌洗入你的牌库。抽到时随机施放一个 法术。; source=fireplace/cards/kobolds/mage.py:122; existing_tests=none; previous=YELLOW:3 个机制缺少充分的核心效果验证；逐机制依据见 card_mechanism.csv。","Shuffle 5 Scrolls into your deck. When drawn, cast a random spell.",将五张惊奇卡牌洗入你的牌库。抽到时随机施放一个 法术。,fireplace/cards/kobolds/mage.py:122
17.6.0.53261,Kobolds & Catacombs (LOOTAPALOOZA),LOOT_108,Aluneth,艾露尼斯,Draw / Discard|Trigger|Weapon,GREEN,implemented,yes,"本轮逐卡行为用例全部通过：end_turn_draw_three=weapon=LOOT_108/3;hand=['CS2_008', 'CS2_231', 'CS2_029'];deck=[]",card_mechanism.csv#LOOT_108; generic-play-smoke:played; effect-evidence: reports/card_quality_full_2026-09-27/set_probe_LOOTAPALOOZA.csv#LOOT_108::end_turn_draw_three; per-card: reports/card_quality_full_2026-09-27/set_probe_LOOTAPALOOZA.csv#LOOT_108::end_turn_draw_three,"聚合状态取该卡最差机制；普通烟测只证明可执行，不能单独构成 GREEN。 EN=At the end of your turn, draw 3 cards.; ZH=在你的回合结束时，抽三张牌。; source=fireplace/cards/kobolds/mage.py:150; existing_tests=none; previous=YELLOW:3 个机制缺少充分的核心效果验证；逐机制依据见 card_mechanism.csv。","At the end of your turn, draw 3 cards.",在你的回合结束时，抽三张牌。,fireplace/cards/kobolds/mage.py:150
17.6.0.53261,Kobolds & Catacombs (LOOTAPALOOZA),LOOT_111,Scorp-o-matic,机械异种蝎,Battlecry|Targeting,GREEN,implemented,yes,本轮逐卡行为用例全部通过：destroy_attack_at_most_one=legal=['CS2_231'];low=GRAVEYARD;high=PLAY/5;scorp=PLAY,card_mechanism.csv#LOOT_111; generic-play-smoke:played; effect-evidence: reports/card_quality_full_2026-09-27/set_probe_LOOTAPALOOZA.csv#LOOT_111::destroy_attack_at_most_one; per-card: reports/card_quality_full_2026-09-27/set_probe_LOOTAPALOOZA.csv#LOOT_111::destroy_attack_at_most_one,聚合状态取该卡最差机制；普通烟测只证明可执行，不能单独构成 GREEN。 EN=Battlecry: Destroy a minion with 1 or less Attack.; ZH=战吼： 消灭一个攻击力小于或等于1的随从。; source=fireplace/cards/kobolds/neutral_rare.py:8; existing_tests=none; previous=YELLOW:2 个机制缺少充分的核心效果验证；逐机制依据见 card_mechanism.csv。,Battlecry: Destroy a minion with 1 or less Attack.,战吼： 消灭一个攻击力小于或等于1的随从。,fireplace/cards/kobolds/neutral_rare.py:8
17.6.0.53261,Kobolds & Catacombs (LOOTAPALOOZA),LOOT_117,Wax Elemental,蜡油元素,Divine Shield|Taunt,GREEN,implemented,yes,本轮逐卡行为用例全部通过：taunt_shield_blocks_attack=wax=0/2->2/2;taunt=1;shield=1->False;attacker=PLAY;hero_legal=False;wax_legal=True,card_mechanism.csv#LOOT_117; generic-play-smoke:played; effect-evidence: reports/card_quality_full_2026-09-27/set_probe_LOOTAPALOOZA.csv#LOOT_117::taunt_shield_blocks_attack; per-card: reports/card_quality_full_2026-09-27/set_probe_LOOTAPALOOZA.csv#LOOT_117::taunt_shield_blocks_attack,聚合状态取该卡最差机制；普通烟测只证明可执行，不能单独构成 GREEN。 EN=Taunt Divine Shield; ZH=嘲讽 圣盾; source=fireplace/cards/CardDefs.xml#LOOT_117; existing_tests=none; previous=YELLOW:2 个机制缺少充分的核心效果验证；逐机制依据见 card_mechanism.csv。,Taunt Divine Shield,嘲讽 圣盾,
17.6.0.53261,Kobolds & Catacombs (LOOTAPALOOZA),LOOT_118,Ebon Dragonsmith,黑色龙人铁匠,Battlecry|Cost modification|Random effects,RED,partial,yes,"实测与卡牌文本不符：random_weapon_cost_reduction expected=[With one Weapon in hand, it alone costs 2 less after the Battlecry.] actual=[before_weapon_minion=(6, 4);after_weapon_minion=(6, 2);smith=PLAY]; no_weapon_no_effect expected=[With no Weapon in hand, the Battlecry does not alter a minion's Cost.] actual=[minion_cost=4->2;hand=['CS2_182'];smith=PLAY]",card_mechanism.csv#LOOT_118; generic-play-smoke:played; effect-evidence: reports/card_quality_full_2026-09-27/set_probe_LOOTAPALOOZA.csv#LOOT_118::random_weapon_cost_reduction; reports/card_quality_full_2026-09-27/set_probe_LOOTAPALOOZA.csv#LOOT_118::no_weapon_no_effect; per-card: reports/card_quality_full_2026-09-27/set_probe_LOOTAPALOOZA.csv#LOOT_118::random_weapon_cost_reduction; reports/card_quality_full_2026-09-27/set_probe_LOOTAPALOOZA.csv#LOOT_118::no_weapon_no_effect,聚合状态取该卡最差机制；普通烟测只证明可执行，不能单独构成 GREEN。 EN=Battlecry: Reduce the Cost of a random weapon in your hand by (2).; ZH=战吼：随机使你手牌中的一张武器牌的 法力值消耗减少（2）点。; source=fireplace/cards/kobolds/neutral_rare.py:20; existing_tests=none; previous=YELLOW:3 个机制缺少充分的核心效果验证；逐机制依据见 card_mechanism.csv。,Battlecry: Reduce the Cost of a random weapon in your hand by (2).,战吼：随机使你手牌中的一张武器牌的 法力值消耗减少（2）点。,fireplace/cards/kobolds/neutral_rare.py:20
17.6.0.53261,Kobolds & Catacombs (LOOTAPALOOZA),LOOT_122,Corrosive Sludge,腐蚀淤泥,Battlecry,GREEN,implemented,yes,本轮逐卡行为用例全部通过：destroy_enemy_weapon=own_weapon=CS2_091/PLAY;enemy_weapon=None/GRAVEYARD;sludge=PLAY,card_mechanism.csv#LOOT_122; generic-play-smoke:played; effect-evidence: reports/card_quality_full_2026-09-27/set_probe_LOOTAPALOOZA.csv#LOOT_122::destroy_enemy_weapon; per-card: reports/card_quality_full_2026-09-27/set_probe_LOOTAPALOOZA.csv#LOOT_122::destroy_enemy_weapon,聚合状态取该卡最差机制；普通烟测只证明可执行，不能单独构成 GREEN。 EN=Battlecry: Destroy your opponent's weapon.; ZH=战吼： 摧毁对手的武器。; source=fireplace/cards/kobolds/neutral_common.py:18; existing_tests=none; previous=YELLOW:1 个机制缺少充分的核心效果验证；逐机制依据见 card_mechanism.csv。,Battlecry: Destroy your opponent's weapon.,战吼： 摧毁对手的武器。,fireplace/cards/kobolds/neutral_common.py:18
17.6.0.53261,Kobolds & Catacombs (LOOTAPALOOZA),LOOT_124,Lone Champion,孤胆英雄,Battlecry,RED,partial,yes,"实测与卡牌文本不符：other_minion_prevents_keywords expected=[When another friendly minion is present, gains neither Taunt nor Divine Shield.] actual=[other=CS2_231/PLAY;champion=False/True;field=['CS2_231', 'LOOT_124']]",card_mechanism.csv#LOOT_124; generic-play-smoke:played; effect-evidence: reports/card_quality_full_2026-09-27/set_probe_LOOTAPALOOZA.csv#LOOT_124::empty_board_taunt_and_shield; reports/card_quality_full_2026-09-27/set_probe_LOOTAPALOOZA.csv#LOOT_124::other_minion_prevents_keywords; per-card: reports/card_quality_full_2026-09-27/set_probe_LOOTAPALOOZA.csv#LOOT_124::empty_board_taunt_and_shield; reports/card_quality_full_2026-09-27/set_probe_LOOTAPALOOZA.csv#LOOT_124::other_minion_prevents_keywords,"聚合状态取该卡最差机制；普通烟测只证明可执行，不能单独构成 GREEN。 EN=Battlecry: If you control no other minions, gain Taunt and Divine Shield.; ZH=战吼：如果你没有控制其他随从，则获得嘲讽和圣盾。; source=fireplace/cards/kobolds/neutral_rare.py:32; existing_tests=none; previous=YELLOW:1 个机制缺少充分的核心效果验证；逐机制依据见 card_mechanism.csv。","Battlecry: If you control no other minions, gain Taunt and Divine Shield.",战吼：如果你没有控制其他随从，则获得嘲讽和圣盾。,fireplace/cards/kobolds/neutral_rare.py:32
17.6.0.53261,Kobolds & Catacombs (LOOTAPALOOZA),LOOT_125,Stoneskin Basilisk,石皮蜥蜴,Divine Shield|Poisonous,GREEN,implemented,yes,本轮逐卡行为用例全部通过：poisonous_kill_with_divine_shield=ready=True;basilisk=PLAY/1/1;shield=1->False;poisonous=1;target=GRAVEYARD/5/5,card_mechanism.csv#LOOT_125; generic-play-smoke:played; effect-evidence: reports/card_quality_full_2026-09-27/set_probe_LOOTAPALOOZA.csv#LOOT_125::poisonous_kill_with_divine_shield; per-card: reports/card_quality_full_2026-09-27/set_probe_LOOTAPALOOZA.csv#LOOT_125::poisonous_kill_with_divine_shield,聚合状态取该卡最差机制；普通烟测只证明可执行，不能单独构成 GREEN。 EN=Divine Shield  Poisonous; ZH=圣盾 剧毒; source=fireplace/cards/CardDefs.xml#LOOT_125; existing_tests=none; previous=YELLOW:2 个机制缺少充分的核心效果验证；逐机制依据见 card_mechanism.csv。,Divine Shield  Poisonous,圣盾 剧毒,
17.6.0.53261,Kobolds & Catacombs (LOOTAPALOOZA),LOOT_130,Arcane Tyrant,奥术统御者,Trigger,GREEN,implemented,yes,本轮逐卡行为用例全部通过：five_plus_spell_discount=spell=EX1_279:GRAVEYARD;enemy_hero=20;tyrant_cost=0;tyrant=PLAY/4/4; four_cost_spell_no_discount=spell_cost=4;enemy_hero=24;tyrant_cost=5;tyrant_zone=HAND,card_mechanism.csv#LOOT_130; generic-play-smoke:played; effect-evidence: reports/card_quality_full_2026-09-27/set_probe_LOOTAPALOOZA.csv#LOOT_130::five_plus_spell_discount; reports/card_quality_full_2026-09-27/set_probe_LOOTAPALOOZA.csv#LOOT_130::four_cost_spell_no_discount; per-card: reports/card_quality_full_2026-09-27/set_probe_LOOTAPALOOZA.csv#LOOT_130::five_plus_spell_discount; reports/card_quality_full_2026-09-27/set_probe_LOOTAPALOOZA.csv#LOOT_130::four_cost_spell_no_discount,聚合状态取该卡最差机制；普通烟测只证明可执行，不能单独构成 GREEN。 EN=Costs (0) if you've cast a spell that costs (5) or more this turn.; ZH=在本回合中，如果你施放过法力值消耗大于或等于（5）的法术，则这张牌的法力值消耗为（0）点。; source=fireplace/cards/kobolds/neutral_epic.py:8; existing_tests=none; previous=YELLOW:1 个机制缺少充分的核心效果验证；逐机制依据见 card_mechanism.csv。,Costs (0) if you've cast a spell that costs (5) or more this turn.,在本回合中，如果你施放过法力值消耗大于或等于（5）的法术，则这张牌的法力值消耗为（0）点。,fireplace/cards/kobolds/neutral_epic.py:8
17.6.0.53261,Kobolds & Catacombs (LOOTAPALOOZA),LOOT_131,Green Jelly,绿色凝胶怪,Summon|Trigger,GREEN,implemented,yes,"本轮逐卡行为用例全部通过：end_turn_one_taunt_ooze=jelly=PLAY;oozes=[(1, 2, 1, 'PLAY')];turn=Player2",card_mechanism.csv#LOOT_131; generic-play-smoke:played; effect-evidence: reports/card_quality_full_2026-09-27/set_probe_LOOTAPALOOZA.csv#LOOT_131::end_turn_one_taunt_ooze; per-card: reports/card_quality_full_2026-09-27/set_probe_LOOTAPALOOZA.csv#LOOT_131::end_turn_one_taunt_ooze,"聚合状态取该卡最差机制；普通烟测只证明可执行，不能单独构成 GREEN。 EN=At the end of your turn, summon a 1/2 Ooze with Taunt.; ZH=在你的回合结束时，召唤一个1/2并具有嘲讽的软泥怪。; source=fireplace/cards/kobolds/neutral_common.py:25; existing_tests=none; previous=YELLOW:2 个机制缺少充分的核心效果验证；逐机制依据见 card_mechanism.csv。","At the end of your turn, summon a 1/2 Ooze with Taunt.",在你的回合结束时，召唤一个1/2并具有嘲讽的软泥怪。,fireplace/cards/kobolds/neutral_common.py:25
17.6.0.53261,Kobolds & Catacombs (LOOTAPALOOZA),LOOT_132,Dragonslayer,屠龙者,Battlecry|Targeting,GREEN,implemented,yes,本轮逐卡行为用例全部通过：six_damage_only_to_dragon=legal=['LOOT_137'];dragon=12->6/12:PLAY;other=5/PLAY;slayer=PLAY,card_mechanism.csv#LOOT_132; generic-play-smoke:played; effect-evidence: reports/card_quality_full_2026-09-27/set_probe_LOOTAPALOOZA.csv#LOOT_132::six_damage_only_to_dragon; per-card: reports/card_quality_full_2026-09-27/set_probe_LOOTAPALOOZA.csv#LOOT_132::six_damage_only_to_dragon,聚合状态取该卡最差机制；普通烟测只证明可执行，不能单独构成 GREEN。 EN=Battlecry: Deal 6 damage to a Dragon.; ZH=战吼：对一条龙造成6点伤害。; source=fireplace/cards/kobolds/neutral_common.py:32; existing_tests=none; previous=YELLOW:2 个机制缺少充分的核心效果验证；逐机制依据见 card_mechanism.csv。,Battlecry: Deal 6 damage to a Dragon.,战吼：对一条龙造成6点伤害。,fireplace/cards/kobolds/neutral_common.py:32
17.6.0.53261,Kobolds & Catacombs (LOOTAPALOOZA),LOOT_134,Toothy Chest,利齿宝箱,Trigger,GREEN,implemented,yes,"本轮逐卡行为用例全部通过：start_turn_attack_four=before=(0, 4, 4);after=(4, 4, 4);zone=PLAY",card_mechanism.csv#LOOT_134; generic-play-smoke:played; effect-evidence: reports/card_quality_full_2026-09-27/set_probe_LOOTAPALOOZA.csv#LOOT_134::start_turn_attack_four; per-card: reports/card_quality_full_2026-09-27/set_probe_LOOTAPALOOZA.csv#LOOT_134::start_turn_attack_four,"聚合状态取该卡最差机制；普通烟测只证明可执行，不能单独构成 GREEN。 EN=At the start of your turn, set this minion's Attack to 4.; ZH=在你的回合开始时，将该随从的攻击力 变为4。; source=fireplace/cards/kobolds/neutral_common.py:43; existing_tests=none; previous=YELLOW:1 个机制缺少充分的核心效果验证；逐机制依据见 card_mechanism.csv。","At the start of your turn, set this minion's Attack to 4.",在你的回合开始时，将该随从的攻击力 变为4。,fireplace/cards/kobolds/neutral_common.py:43
17.6.0.53261,Kobolds & Catacombs (LOOTAPALOOZA),LOOT_136,Sneaky Devil,鬼祟恶魔,Continuous effect / Update|Stealth,GREEN,implemented,yes,"本轮逐卡行为用例全部通过：stealth_and_friendly_attack_aura=while_aura=(2, 2, 1, 2, 1);after_destroy=(1, 1, 1);devil=GRAVEYARD",card_mechanism.csv#LOOT_136; generic-play-smoke:played; effect-evidence: reports/card_quality_full_2026-09-27/set_probe_LOOTAPALOOZA.csv#LOOT_136::stealth_and_friendly_attack_aura; per-card: reports/card_quality_full_2026-09-27/set_probe_LOOTAPALOOZA.csv#LOOT_136::stealth_and_friendly_attack_aura,聚合状态取该卡最差机制；普通烟测只证明可执行，不能单独构成 GREEN。 EN=Stealth Your other minions have +1 Attack.; ZH=潜行 你的其他随从获得+1攻击力。; source=fireplace/cards/kobolds/neutral_common.py:54; existing_tests=none; previous=YELLOW:2 个机制缺少充分的核心效果验证；逐机制依据见 card_mechanism.csv。,Stealth Your other minions have +1 Attack.,潜行 你的其他随从获得+1攻击力。,fireplace/cards/kobolds/neutral_common.py:54
17.6.0.53261,Kobolds & Catacombs (LOOTAPALOOZA),LOOT_137,Sleepy Dragon,贪睡巨龙,Taunt,GREEN,implemented,yes,本轮逐卡行为用例全部通过：taunt_blocks_hero_attack=dragon=4/11/1;hero_legal=False;dragon_legal=True;attacker=GRAVEYARD;dragon_zone=PLAY,card_mechanism.csv#LOOT_137; generic-play-smoke:played; effect-evidence: reports/card_quality_full_2026-09-27/set_probe_LOOTAPALOOZA.csv#LOOT_137::taunt_blocks_hero_attack; per-card: reports/card_quality_full_2026-09-27/set_probe_LOOTAPALOOZA.csv#LOOT_137::taunt_blocks_hero_attack,聚合状态取该卡最差机制；普通烟测只证明可执行，不能单独构成 GREEN。 EN=Taunt; ZH=嘲讽; source=fireplace/cards/CardDefs.xml#LOOT_137; existing_tests=none; previous=YELLOW:1 个机制缺少充分的核心效果验证；逐机制依据见 card_mechanism.csv。,Taunt,嘲讽,
17.6.0.53261,Kobolds & Catacombs (LOOTAPALOOZA),LOOT_144,Hoarding Dragon,藏宝巨龙,Deathrattle,GREEN,implemented,yes,"本轮逐卡行为用例全部通过：deathrattle_two_opponent_coins=dragon=GRAVEYARD;opponent_coins=[('GAME_005', 'HAND'), ('GAME_005', 'HAND')];own_coins=0",card_mechanism.csv#LOOT_144; generic-play-smoke:played; effect-evidence: reports/card_quality_full_2026-09-27/set_probe_LOOTAPALOOZA.csv#LOOT_144::deathrattle_two_opponent_coins; per-card: reports/card_quality_full_2026-09-27/set_probe_LOOTAPALOOZA.csv#LOOT_144::deathrattle_two_opponent_coins,聚合状态取该卡最差机制；普通烟测只证明可执行，不能单独构成 GREEN。 EN=Deathrattle: Give your opponent two Coins.; ZH=亡语：使你的对手获得两个幸运币。; source=fireplace/cards/kobolds/neutral_common.py:64; existing_tests=none; previous=YELLOW:1 个机制缺少充分的核心效果验证；逐机制依据见 card_mechanism.csv。,Deathrattle: Give your opponent two Coins.,亡语：使你的对手获得两个幸运币。,fireplace/cards/kobolds/neutral_common.py:64
17.6.0.53261,Kobolds & Catacombs (LOOTAPALOOZA),LOOT_149,Corridor Creeper,通道爬行者,Cost modification|Trigger,GREEN,implemented,yes,All live cases passed: death_reduces_hand_cost_each_side observed hand_cost=5;base_cost=7;friendly_death=GRAVEYARD;enemy_death=GRAVEYARD; death_after_play_does_not_reduce observed zone=PLAY;cost=7;before=7;dead=GRAVEYARD,card_mechanism.csv#LOOT_149; generic-play-smoke:played; effect-evidence: reports/card_quality_full_2026-09-27/set_probe_LOOTAPALOOZA.csv#LOOT_149::death_reduces_hand_cost_each_side; reports/card_quality_full_2026-09-27/set_probe_LOOTAPALOOZA.csv#LOOT_149::death_after_play_does_not_reduce; per-card: reports/card_quality_full_2026-09-27/set_probe_LOOTAPALOOZA.csv#LOOT_149::death_reduces_hand_cost_each_side; reports/card_quality_full_2026-09-27/set_probe_LOOTAPALOOZA.csv#LOOT_149::death_after_play_does_not_reduce,"聚合状态取该卡最差机制；普通烟测只证明可执行，不能单独构成 GREEN。 Cases=2; per-case rows include EN/ZH text, source, existing tests, prior card and mechanism audit.",Costs (1) less whenever a minion dies while this is in your hand.,如果这张牌在你的手牌中，每当一个随从死亡，法力值消耗就减少（1）点。,fireplace/cards/kobolds/neutral_epic.py:27
17.6.0.53261,Kobolds & Catacombs (LOOTAPALOOZA),LOOT_150,Furbolg Mossbinder,缚雾熊怪,Battlecry|Targeting|Transform,GREEN,implemented,yes,"All live cases passed: friendly_target_becomes_6_6_elemental observed field=[('LOOT_150t1', 6, 6, 18), ('LOOT_150', 1, 1, 'INVALID')];card=PLAY; enemy_target_rejected_before_cost observed error=InvalidAction;card=HAND;used_mana=0/0;friendly=CS2_231/PLAY;enemy=CS2_231/PLAY;friendly_targets=['CS2_231']; no_friendly_target_battlecry_skipped observed card=PLAY;field=[('LOOT_150', 1, 1)];hand=[]",card_mechanism.csv#LOOT_150; generic-play-smoke:played; effect-evidence: reports/card_quality_full_2026-09-27/set_probe_LOOTAPALOOZA.csv#LOOT_150::friendly_target_becomes_6_6_elemental; reports/card_quality_full_2026-09-27/set_probe_LOOTAPALOOZA.csv#LOOT_150::enemy_target_rejected_before_cost; reports/card_quality_full_2026-09-27/set_probe_LOOTAPALOOZA.csv#LOOT_150::no_friendly_target_battlecry_skipped; per-card: reports/card_quality_full_2026-09-27/set_probe_LOOTAPALOOZA.csv#LOOT_150::friendly_target_becomes_6_6_elemental; reports/card_quality_full_2026-09-27/set_probe_LOOTAPALOOZA.csv#LOOT_150::enemy_target_rejected_before_cost; reports/card_quality_full_2026-09-27/set_probe_LOOTAPALOOZA.csv#LOOT_150::no_friendly_target_battlecry_skipped,"聚合状态取该卡最差机制；普通烟测只证明可执行，不能单独构成 GREEN。 Cases=3; per-case rows include EN/ZH text, source, existing tests, prior card and mechanism audit.",Battlecry: Transform a friendly minion into a 6/6 Elemental.,战吼：将一个友方随从变形成为一个6/6的元素。,fireplace/cards/kobolds/neutral_rare.py:45
17.6.0.53261,Kobolds & Catacombs (LOOTAPALOOZA),LOOT_152,Boisterous Bard,喧哗的诗人,Battlecry,GREEN,implemented,yes,"All live cases passed: battlecry_buffs_all_other_friendly_health observed before=[(1, 1), (2, 7)];after=[(1, 2), (2, 8)];bard=3/2;field=['CS2_231', 'EX1_399', 'LOOT_152']",card_mechanism.csv#LOOT_152; generic-play-smoke:played; effect-evidence: reports/card_quality_full_2026-09-27/set_probe_LOOTAPALOOZA.csv#LOOT_152::battlecry_buffs_all_other_friendly_health; per-card: reports/card_quality_full_2026-09-27/set_probe_LOOTAPALOOZA.csv#LOOT_152::battlecry_buffs_all_other_friendly_health,"聚合状态取该卡最差机制；普通烟测只证明可执行，不能单独构成 GREEN。 Cases=1; per-case rows include EN/ZH text, source, existing tests, prior card and mechanism audit.",Battlecry: Give your other minions +1 Health.,战吼：使你的其他随从获得+1生命值。,fireplace/cards/kobolds/neutral_common.py:71
17.6.0.53261,Kobolds & Catacombs (LOOTAPALOOZA),LOOT_153,Violet Wurm,紫色岩虫,Deathrattle|Summon,GREEN,implemented,yes,"All live cases passed: death_summons_seven_one_one_grubs observed wurm=GRAVEYARD;field=[('LOOT_153t1', 1, 1), ('LOOT_153t1', 1, 1), ('LOOT_153t1', 1, 1), ('LOOT_153t1', 1, 1), ('LOOT_153t1', 1, 1), ('LOOT_153t1', 1, 1), ('LOOT_153t1', 1, 1)];grubs=7; deathrattle_respects_board_capacity observed wurm=GRAVEYARD;field_count=7;grubs=1;ids=['CS2_231', 'CS2_231', 'CS2_231', 'CS2_231', 'CS2_231', 'CS2_231', 'LOOT_153t1']",card_mechanism.csv#LOOT_153; generic-play-smoke:played; effect-evidence: reports/card_quality_full_2026-09-27/set_probe_LOOTAPALOOZA.csv#LOOT_153::death_summons_seven_one_one_grubs; reports/card_quality_full_2026-09-27/set_probe_LOOTAPALOOZA.csv#LOOT_153::deathrattle_respects_board_capacity; per-card: reports/card_quality_full_2026-09-27/set_probe_LOOTAPALOOZA.csv#LOOT_153::death_summons_seven_one_one_grubs; reports/card_quality_full_2026-09-27/set_probe_LOOTAPALOOZA.csv#LOOT_153::deathrattle_respects_board_capacity,"聚合状态取该卡最差机制；普通烟测只证明可执行，不能单独构成 GREEN。 Cases=2; per-case rows include EN/ZH text, source, existing tests, prior card and mechanism audit.",Deathrattle: Summon seven 1/1 Grubs.,亡语：召唤七只1/1的肉虫。,fireplace/cards/kobolds/neutral_common.py:81
17.6.0.53261,Kobolds & Catacombs (LOOTAPALOOZA),LOOT_154,Gravelsnout Knight,砂齿骑兵,Battlecry|Random effects|Summon,GREEN,implemented,yes,己方第七格打出仍给对手随机一费随从；对手满场时不越过七格。,tests/test_retest_board_issues.py::test_loot_154_gravelsnout_knight_summon_uses_enemy_capacity,本次代码重测；修复前颜色和原始失败证据见 known_issues_archive_2026-09-29/card_quality_full_2026-09-27/。 当前代码逐卡行为重测通过。,Battlecry: Summon a random 1-Cost minion for your opponent.,战吼：为你的对手随机召唤一个法力值消耗为（1）的随从。,fireplace/cards/kobolds/neutral_rare.py:57
17.6.0.53261,Kobolds & Catacombs (LOOTAPALOOZA),LOOT_161,Carnivorous Cube,食肉魔块,Battlecry|Deathrattle|Summon|Targeting,GREEN,implemented,yes,"All live cases passed: destroy_friendly_then_two_copies_on_death observed after_battlecry=target=GRAVEYARD;cube=PLAY;field=['LOOT_161'];cube_death=GRAVEYARD;copies=[('CS2_231', 1, 1), ('CS2_231', 1, 1)]; enemy_target_rejected observed error=InvalidAction;cube=HAND;used_mana=0/0;friendly=PLAY;enemy=PLAY;targets=['CS2_231']",card_mechanism.csv#LOOT_161; generic-play-smoke:played; effect-evidence: reports/card_quality_full_2026-09-27/set_probe_LOOTAPALOOZA.csv#LOOT_161::destroy_friendly_then_two_copies_on_death; reports/card_quality_full_2026-09-27/set_probe_LOOTAPALOOZA.csv#LOOT_161::enemy_target_rejected; per-card: reports/card_quality_full_2026-09-27/set_probe_LOOTAPALOOZA.csv#LOOT_161::destroy_friendly_then_two_copies_on_death; reports/card_quality_full_2026-09-27/set_probe_LOOTAPALOOZA.csv#LOOT_161::enemy_target_rejected,"聚合状态取该卡最差机制；普通烟测只证明可执行，不能单独构成 GREEN。 Cases=2; per-case rows include EN/ZH text, source, existing tests, prior card and mechanism audit.",Battlecry: Destroy a friendly minion. Deathrattle: Summon 2 copies of it.,战吼： 消灭一个友方随从。 亡语：召唤两个被消灭随从的复制。,fireplace/cards/kobolds/neutral_epic.py:40
17.6.0.53261,Kobolds & Catacombs (LOOTAPALOOZA),LOOT_165,Sonya Shadowdancer,影舞者索尼娅,Trigger,GREEN,implemented,yes,"All live cases passed: friendly_death_adds_one_one_copy_cost_one observed sonya=PLAY;dead=GRAVEYARD;hand=[('EX1_399', 1, 1, 1, 'HAND')]; enemy_death_does_not_trigger observed sonya=PLAY;enemy=GRAVEYARD;wisp_copies_in_hand=0;hand=[]",card_mechanism.csv#LOOT_165; generic-play-smoke:played; effect-evidence: reports/card_quality_full_2026-09-27/set_probe_LOOTAPALOOZA.csv#LOOT_165::friendly_death_adds_one_one_copy_cost_one; reports/card_quality_full_2026-09-27/set_probe_LOOTAPALOOZA.csv#LOOT_165::enemy_death_does_not_trigger; per-card: reports/card_quality_full_2026-09-27/set_probe_LOOTAPALOOZA.csv#LOOT_165::friendly_death_adds_one_one_copy_cost_one; reports/card_quality_full_2026-09-27/set_probe_LOOTAPALOOZA.csv#LOOT_165::enemy_death_does_not_trigger,"聚合状态取该卡最差机制；普通烟测只证明可执行，不能单独构成 GREEN。 Cases=2; per-case rows include EN/ZH text, source, existing tests, prior card and mechanism audit.","After a friendly minion dies, add a 1/1 copy of it to your hand. It costs (1).",在一个友方随从死亡后，将它的1/1复制置入你的手牌，其法力值消耗变为（1）点。,fireplace/cards/kobolds/rogue.py:31
17.6.0.53261,Kobolds & Catacombs (LOOTAPALOOZA),LOOT_167,Fungalmancer,菌菇术士,Battlecry,GREEN,implemented,yes,"All live cases passed: only_adjacent_minions_gain_two_two observed field=[('CS2_231', 3, 3), ('LOOT_167', 2, 2), ('EX1_399', 4, 9), ('CS2_231', 1, 1)];before={'CS2_2310': (1, 1), 'EX1_3991': (2, 7), 'CS2_2312': (1, 1)};bard=2/2",card_mechanism.csv#LOOT_167; generic-play-smoke:played; effect-evidence: reports/card_quality_full_2026-09-27/set_probe_LOOTAPALOOZA.csv#LOOT_167::only_adjacent_minions_gain_two_two; per-card: reports/card_quality_full_2026-09-27/set_probe_LOOTAPALOOZA.csv#LOOT_167::only_adjacent_minions_gain_two_two,"聚合状态取该卡最差机制；普通烟测只证明可执行，不能单独构成 GREEN。 Cases=1; per-case rows include EN/ZH text, source, existing tests, prior card and mechanism audit.",Battlecry: Give adjacent minions +2/+2.,战吼：使相邻的随从获得+2/+2。,fireplace/cards/kobolds/neutral_common.py:88
17.6.0.53261,Kobolds & Catacombs (LOOTAPALOOZA),LOOT_170,Raven Familiar,乌鸦魔仆,Battlecry|Cost modification|Draw / Discard,GREEN,implemented,yes,"All live cases passed: higher_friendly_joust_spell_drawn observed raven=PLAY;own_spell=CS2_029/4/HAND;opponent_spell=CS2_008/0/DECK;hand=[('CS2_029', 'HAND')]; lower_friendly_joust_spell_not_drawn observed raven=PLAY;own_spell=CS2_008/0/DECK;opponent_spell=CS2_029/4/DECK;hand=[]",card_mechanism.csv#LOOT_170; generic-play-smoke:played; effect-evidence: reports/card_quality_full_2026-09-27/set_probe_LOOTAPALOOZA.csv#LOOT_170::higher_friendly_joust_spell_drawn; reports/card_quality_full_2026-09-27/set_probe_LOOTAPALOOZA.csv#LOOT_170::lower_friendly_joust_spell_not_drawn; per-card: reports/card_quality_full_2026-09-27/set_probe_LOOTAPALOOZA.csv#LOOT_170::higher_friendly_joust_spell_drawn; reports/card_quality_full_2026-09-27/set_probe_LOOTAPALOOZA.csv#LOOT_170::lower_friendly_joust_spell_not_drawn,"聚合状态取该卡最差机制；普通烟测只证明可执行，不能单独构成 GREEN。 Cases=2; per-case rows include EN/ZH text, source, existing tests, prior card and mechanism audit.","Battlecry: Reveal a spell in each deck. If yours costs more, draw it.",战吼：揭示双方牌库里的一张法术牌。如果你的牌法力值消耗较大，抽这张牌。,fireplace/cards/kobolds/mage.py:8
17.6.0.53261,Kobolds & Catacombs (LOOTAPALOOZA),LOOT_172,Dragon's Fury,巨龙怒火,Spell resolution|Targeting,GREEN,implemented,yes,All live cases passed: revealed_spell_cost_is_aoe_damage observed revealed=CS2_029/4/DECK;friendly=PLAY/3/4;enemy=PLAY/3/4;fury=GRAVEYARD,card_mechanism.csv#LOOT_172; generic-play-smoke:played; effect-evidence: reports/card_quality_full_2026-09-27/set_probe_LOOTAPALOOZA.csv#LOOT_172::revealed_spell_cost_is_aoe_damage; per-card: reports/card_quality_full_2026-09-27/set_probe_LOOTAPALOOZA.csv#LOOT_172::revealed_spell_cost_is_aoe_damage,"聚合状态取该卡最差机制；普通烟测只证明可执行，不能单独构成 GREEN。 Cases=1; per-case rows include EN/ZH text, source, existing tests, prior card and mechanism audit.",Reveal a spell from your deck. Deal damage equal to its Cost to all minions.,揭示你牌库中的一张法术牌。对所有随从造成等同于其法力值消耗的伤害。,fireplace/cards/kobolds/mage.py:137
17.6.0.53261,Kobolds & Catacombs (LOOTAPALOOZA),LOOT_184,Silver Vanguard,白银先锋,Deathrattle,GREEN,implemented,yes,"All live cases passed: deathrattle_recruits_eight_cost observed vanguard=GRAVEYARD;recruit=LOOT_153/8/PLAY;field=[('LOOT_153', 7, 7)];deck=[('CS2_231', 0)]; no_eight_cost_recruits_nothing observed vanguard=GRAVEYARD;field=[];deck=[('CS2_231', 0)]",card_mechanism.csv#LOOT_184; generic-play-smoke:played; effect-evidence: reports/card_quality_full_2026-09-27/set_probe_LOOTAPALOOZA.csv#LOOT_184::deathrattle_recruits_eight_cost; reports/card_quality_full_2026-09-27/set_probe_LOOTAPALOOZA.csv#LOOT_184::no_eight_cost_recruits_nothing; per-card: reports/card_quality_full_2026-09-27/set_probe_LOOTAPALOOZA.csv#LOOT_184::deathrattle_recruits_eight_cost; reports/card_quality_full_2026-09-27/set_probe_LOOTAPALOOZA.csv#LOOT_184::no_eight_cost_recruits_nothing,"聚合状态取该卡最差机制；普通烟测只证明可执行，不能单独构成 GREEN。 Cases=2; per-case rows include EN/ZH text, source, existing tests, prior card and mechanism audit.",Deathrattle: Recruit an 8-Cost minion.,亡语： 招募一个法力值消耗为（8）的随从。,fireplace/cards/kobolds/neutral_common.py:98
17.6.0.53261,Kobolds & Catacombs (LOOTAPALOOZA),LOOT_187,Twilight's Call,暮光召唤,Spell resolution|Summon,GREEN,implemented,yes,"All live cases passed: summons_two_one_one_dead_friendly_deathrattles observed deaths=GRAVEYARD,GRAVEYARD;call=GRAVEYARD;copies=[('LOOT_233', 1, 1, 1), ('LOOT_233', 1, 1, 1)];field=['LOOT_233t', 'LOOT_233', 'LOOT_233']",card_mechanism.csv#LOOT_187; generic-play-smoke:unplayable_in_generic_setup; effect-evidence: reports/card_quality_full_2026-09-27/set_probe_LOOTAPALOOZA.csv#LOOT_187::summons_two_one_one_dead_friendly_deathrattles; per-card: reports/card_quality_full_2026-09-27/set_probe_LOOTAPALOOZA.csv#LOOT_187::summons_two_one_one_dead_friendly_deathrattles,"聚合状态取该卡最差机制；普通烟测只证明可执行，不能单独构成 GREEN。 Cases=1; per-case rows include EN/ZH text, source, existing tests, prior card and mechanism audit.",Summon 1/1 copies of 2 friendly Deathrattle minions that died this game.,召唤两个在本局对战中死亡，并具有亡语的友方随从的1/1复制。,fireplace/cards/kobolds/priest.py:68
17.6.0.53261,Kobolds & Catacombs (LOOTAPALOOZA),LOOT_193,Shimmering Courser,闪光的骏马,Continuous effect / Update|Targeting,GREEN,implemented,yes,All live cases passed: friendly_spell_can_target_courser observed courser=PLAY/2/1;spell=GRAVEYARD; opponent_spell_and_hero_power_cannot_target observed spell_error=InvalidAction;spell_zone=HAND;power_error=InvalidAction;courser=PLAY/0;enemy_turn=True,card_mechanism.csv#LOOT_193; generic-play-smoke:played; effect-evidence: reports/card_quality_full_2026-09-27/set_probe_LOOTAPALOOZA.csv#LOOT_193::friendly_spell_can_target_courser; reports/card_quality_full_2026-09-27/set_probe_LOOTAPALOOZA.csv#LOOT_193::opponent_spell_and_hero_power_cannot_target; per-card: reports/card_quality_full_2026-09-27/set_probe_LOOTAPALOOZA.csv#LOOT_193::friendly_spell_can_target_courser; reports/card_quality_full_2026-09-27/set_probe_LOOTAPALOOZA.csv#LOOT_193::opponent_spell_and_hero_power_cannot_target,"聚合状态取该卡最差机制；普通烟测只证明可执行，不能单独构成 GREEN。 Cases=2; per-case rows include EN/ZH text, source, existing tests, prior card and mechanism audit.",Only you can target this with spells and Hero Powers.,只有你可以将它作为法术和英雄技能的 目标。,fireplace/cards/kobolds/neutral_epic.py:54
17.6.0.53261,Kobolds & Catacombs (LOOTAPALOOZA),LOOT_203,Lesser Mithril Spellstone,小型法术秘银石,Spell resolution|Summon|Trigger,GREEN,implemented,yes,"All live cases passed: two_weapons_upgrade_to_three_golems observed after_one=['LOOT_203t2'];after_two=['LOOT_203t3'];stone=LOOT_203/SETASIDE;golems=[('LOOT_203t4', 5, 5), ('LOOT_203t4', 5, 5), ('LOOT_203t4', 5, 5)];field=['LOOT_203t4', 'LOOT_203t4', 'LOOT_203t4']",card_mechanism.csv#LOOT_203; generic-play-smoke:played; effect-evidence: reports/card_quality_full_2026-09-27/set_probe_LOOTAPALOOZA.csv#LOOT_203::two_weapons_upgrade_to_three_golems; per-card: reports/card_quality_full_2026-09-27/set_probe_LOOTAPALOOZA.csv#LOOT_203::two_weapons_upgrade_to_three_golems,"聚合状态取该卡最差机制；普通烟测只证明可执行，不能单独构成 GREEN。 Cases=1; per-case rows include EN/ZH text, source, existing tests, prior card and mechanism audit.",Summon one 5/5 Mithril Golem. (Equip a weapon to upgrade.),召唤一个5/5的秘银魔像。 （装备一把武器后升级。）,fireplace/cards/kobolds/warrior.py:43
17.6.0.53261,Kobolds & Catacombs (LOOTAPALOOZA),LOOT_204,Cheat Death,诈死,Cost modification|Secret|Spell resolution|Trigger,GREEN,implemented,yes,"All live cases passed: friendly_death_returns_with_two_cost_discount observed secret=GRAVEYARD/False;dead=HAND;attacker=PLAY;bounced=[('LOOT_233', 2, 5, 1, 'HAND')]; enemy_death_leaves_secret_armed observed secret=SECRET/True;enemy=GRAVEYARD;p_hand=[]",card_mechanism.csv#LOOT_204; generic-play-smoke:played; effect-evidence: reports/card_quality_full_2026-09-27/set_probe_LOOTAPALOOZA.csv#LOOT_204::friendly_death_returns_with_two_cost_discount; reports/card_quality_full_2026-09-27/set_probe_LOOTAPALOOZA.csv#LOOT_204::enemy_death_leaves_secret_armed; per-card: reports/card_quality_full_2026-09-27/set_probe_LOOTAPALOOZA.csv#LOOT_204::friendly_death_returns_with_two_cost_discount; reports/card_quality_full_2026-09-27/set_probe_LOOTAPALOOZA.csv#LOOT_204::enemy_death_leaves_secret_armed,"聚合状态取该卡最差机制；普通烟测只证明可执行，不能单独构成 GREEN。 Cases=2; per-case rows include EN/ZH text, source, existing tests, prior card and mechanism audit.","Secret: When a friendly minion dies, return it to your hand. It costs (2) less.",奥秘：当一个友方随从死亡时，将其移回你的手牌，它的法力值消耗减少（2）点。,fireplace/cards/kobolds/rogue.py:74
17.6.0.53261,Kobolds & Catacombs (LOOTAPALOOZA),LOOT_209,Dragon Soul,巨龙之魂,Summon|Trigger|Weapon,GREEN,implemented,yes,"All live cases passed: third_spell_summons_dragon_per_turn observed weapon=PLAY/LOOT_209;after_two=0;after_three=[('LOOT_209t', 5, 5)];next_turn=[('LOOT_209t', 5, 5), ('LOOT_209t', 5, 5)]",card_mechanism.csv#LOOT_209; generic-play-smoke:played; effect-evidence: reports/card_quality_full_2026-09-27/set_probe_LOOTAPALOOZA.csv#LOOT_209::third_spell_summons_dragon_per_turn; per-card: reports/card_quality_full_2026-09-27/set_probe_LOOTAPALOOZA.csv#LOOT_209::third_spell_summons_dragon_per_turn,"聚合状态取该卡最差机制；普通烟测只证明可执行，不能单独构成 GREEN。 Cases=1; per-case rows include EN/ZH text, source, existing tests, prior card and mechanism audit.","After you cast 3 spells in a turn, summon a 5/5 Dragon.",你在一回合中施放三个法术后，召唤一条5/5的龙。,fireplace/cards/kobolds/priest.py:223
17.6.0.53261,Kobolds & Catacombs (LOOTAPALOOZA),LOOT_210,Sudden Betrayal,叛变,Secret|Spell resolution|Trigger,GREEN,implemented,yes,All live cases passed: attack_at_hero_redirected_to_neighbor observed secret=GRAVEYARD/False;hero=30/0;attacker=PLAY/1;neighbor=GRAVEYARD/0;enemy_field=['EX1_399'],card_mechanism.csv#LOOT_210; generic-play-smoke:played; effect-evidence: reports/card_quality_full_2026-09-27/set_probe_LOOTAPALOOZA.csv#LOOT_210::attack_at_hero_redirected_to_neighbor; per-card: reports/card_quality_full_2026-09-27/set_probe_LOOTAPALOOZA.csv#LOOT_210::attack_at_hero_redirected_to_neighbor,"聚合状态取该卡最差机制；普通烟测只证明可执行，不能单独构成 GREEN。 Cases=1; per-case rows include EN/ZH text, source, existing tests, prior card and mechanism audit.","Secret: When a minion attacks your hero, instead it attacks one of its neighbors.",奥秘：当一个随从攻击你的英雄时，改为该随从攻击与其相邻的一个随从。,fireplace/cards/kobolds/rogue.py:89
17.6.0.53261,Kobolds & Catacombs (LOOTAPALOOZA),LOOT_211,Elven Minstrel,精灵咏唱者,Combo|Draw / Discard,RED,partial,yes,"Confirmed live mismatch: combo_draws_two_minions observed minstrel=PLAY;drawn=[('EX1_399', 4, 'HAND')];deck=['CS2_231'];enemy_hero=29",card_mechanism.csv#LOOT_211; generic-play-smoke:played; effect-evidence: reports/card_quality_full_2026-09-27/set_probe_LOOTAPALOOZA.csv#LOOT_211::combo_draws_two_minions; per-card: reports/card_quality_full_2026-09-27/set_probe_LOOTAPALOOZA.csv#LOOT_211::combo_draws_two_minions,"聚合状态取该卡最差机制；普通烟测只证明可执行，不能单独构成 GREEN。 Cases=1; per-case rows include EN/ZH text, source, existing tests, prior card and mechanism audit.",Combo: Draw 2 minions from your deck.,连击：从你的牌库中抽两张随从牌。,fireplace/cards/kobolds/rogue.py:45
17.6.0.53261,Kobolds & Catacombs (LOOTAPALOOZA),LOOT_214,Evasion,闪避,Secret|Spell resolution|Trigger,RED,partial,yes,"Confirmed live mismatch: hero_damage_triggers_immunity_until_turn_end observed secret=SECRET/True;after_first=(28, True);second_attack_error=InvalidAction;after_second=(28, True);after_turn_end_immune=False;after_next_turn_hit=(26, True);secret_after_repeat=SECRET/True",card_mechanism.csv#LOOT_214; generic-play-smoke:played; effect-evidence: reports/card_quality_full_2026-09-27/set_probe_LOOTAPALOOZA.csv#LOOT_214::hero_damage_triggers_immunity_until_turn_end; per-card: reports/card_quality_full_2026-09-27/set_probe_LOOTAPALOOZA.csv#LOOT_214::hero_damage_triggers_immunity_until_turn_end,"聚合状态取该卡最差机制；普通烟测只证明可执行，不能单独构成 GREEN。 Cases=1; per-case rows include EN/ZH text, source, existing tests, prior card and mechanism audit.","Secret: After your hero takes damage, become Immune this turn.",奥秘：你的英雄在受到伤害后，在本回合中获得免疫。,fireplace/cards/kobolds/rogue.py:100
17.6.0.53261,Kobolds & Catacombs (LOOTAPALOOZA),LOOT_216,Lynessa Sunsorrow,莱妮莎·炎伤,Battlecry,GREEN,implemented,yes,"All live cases passed: recasts_spells_cast_on_friendly_minions observed base=(1, 1);lynessa=10/1/PLAY;targets=[(4, 1), (4, 1), (4, 1)];casts=4",card_mechanism.csv#LOOT_216; generic-play-smoke:played; effect-evidence: reports/card_quality_full_2026-09-27/set_probe_LOOTAPALOOZA.csv#LOOT_216::recasts_spells_cast_on_friendly_minions; per-card: reports/card_quality_full_2026-09-27/set_probe_LOOTAPALOOZA.csv#LOOT_216::recasts_spells_cast_on_friendly_minions,"聚合状态取该卡最差机制；普通烟测只证明可执行，不能单独构成 GREEN。 Cases=1; per-case rows include EN/ZH text, source, existing tests, prior card and mechanism audit.",[x]Battlecry: Cast each spell you cast on your minions  this game on this one.,战吼：将你在本局对战中对友方随从施放过的所有法术施放在此随从身上。,fireplace/cards/kobolds/paladin.py:8
17.6.0.53261,Kobolds & Catacombs (LOOTAPALOOZA),LOOT_217,To My Side!,来我身边,Random effects|Spell resolution|Summon,GREEN,implemented,yes,"All live cases passed: one_companion_with_minions_two_without observed minion_deck=[('NEW1_033', 2, 4)];no_minion_deck=[('NEW1_033', 2, 4), ('NEW1_034', 5, 2)];cards=GRAVEYARD,GRAVEYARD",card_mechanism.csv#LOOT_217; generic-play-smoke:played; effect-evidence: reports/card_quality_full_2026-09-27/set_probe_LOOTAPALOOZA.csv#LOOT_217::one_companion_with_minions_two_without; per-card: reports/card_quality_full_2026-09-27/set_probe_LOOTAPALOOZA.csv#LOOT_217::one_companion_with_minions_two_without,"聚合状态取该卡最差机制；普通烟测只证明可执行，不能单独构成 GREEN。 Cases=1; per-case rows include EN/ZH text, source, existing tests, prior card and mechanism audit.","[x]Summon an Animal Companion, or 2 if your deck has no minions.",召唤一个动物伙伴，如果你的牌库里没有随从牌，则召唤两个。,fireplace/cards/kobolds/hunter.py:90
17.6.0.53261,Kobolds & Catacombs (LOOTAPALOOZA),LOOT_218,Feral Gibberer,凶猛的聒噪怪,Trigger,GREEN,implemented,yes,"All live cases passed: hero_attack_adds_copy_to_hand observed attacker=PLAY/1/1;enemy_hero=29;copies=[('LOOT_218', 1, 1, 1)]; minion_attack_does_not_add_copy observed attacker=PLAY/0;target=PLAY;copies=0",card_mechanism.csv#LOOT_218; generic-play-smoke:played; effect-evidence: reports/card_quality_full_2026-09-27/set_probe_LOOTAPALOOZA.csv#LOOT_218::hero_attack_adds_copy_to_hand; reports/card_quality_full_2026-09-27/set_probe_LOOTAPALOOZA.csv#LOOT_218::minion_attack_does_not_add_copy; per-card: reports/card_quality_full_2026-09-27/set_probe_LOOTAPALOOZA.csv#LOOT_218::hero_attack_adds_copy_to_hand; reports/card_quality_full_2026-09-27/set_probe_LOOTAPALOOZA.csv#LOOT_218::minion_attack_does_not_add_copy,"聚合状态取该卡最差机制；普通烟测只证明可执行，不能单独构成 GREEN。 Cases=2; per-case rows include EN/ZH text, source, existing tests, prior card and mechanism audit.","After this minion attacks a hero, add a copy of it to your hand.",在该随从攻击一方英雄后，将一张它的复制置入你的手牌。,fireplace/cards/kobolds/neutral_rare.py:64
17.6.0.53261,Kobolds & Catacombs (LOOTAPALOOZA),LOOT_222,Candleshot,蜡烛弓,Continuous effect / Update|Weapon,GREEN,implemented,yes,"All live cases passed: hero_immune_during_weapon_attack observed weapon=PLAY/2;hero=30/0/False;enemy=PLAY/6/1;before=(30, 0, 7)",card_mechanism.csv#LOOT_222; generic-play-smoke:played; effect-evidence: reports/card_quality_full_2026-09-27/set_probe_LOOTAPALOOZA.csv#LOOT_222::hero_immune_during_weapon_attack; per-card: reports/card_quality_full_2026-09-27/set_probe_LOOTAPALOOZA.csv#LOOT_222::hero_immune_during_weapon_attack,"聚合状态取该卡最差机制；普通烟测只证明可执行，不能单独构成 GREEN。 Cases=1; per-case rows include EN/ZH text, source, existing tests, prior card and mechanism audit.",Your hero is Immune while attacking.,你的英雄在攻击时具有免疫。,fireplace/cards/kobolds/hunter.py:125
17.6.0.53261,Kobolds & Catacombs (LOOTAPALOOZA),LOOT_231,Arcane Artificer,奥术工匠,Trigger,GREEN,implemented,yes,"All live cases passed: armor_gain_matches_spell_cost_including_zero observed artificer=PLAY;fireball=GRAVEYARD;after_four_cost=(4, 24);moonfire=GRAVEYARD;after_zero_cost=(4, 23)",card_mechanism.csv#LOOT_231; generic-play-smoke:played; effect-evidence: reports/card_quality_full_2026-09-27/set_probe_LOOTAPALOOZA.csv#LOOT_231::armor_gain_matches_spell_cost_including_zero; per-card: reports/card_quality_full_2026-09-27/set_probe_LOOTAPALOOZA.csv#LOOT_231::armor_gain_matches_spell_cost_including_zero,"聚合状态取该卡最差机制；普通烟测只证明可执行，不能单独构成 GREEN。 Cases=1; per-case rows include EN/ZH text, source, existing tests, prior card and mechanism audit.","Whenever you cast a spell, gain Armor equal to its Cost.",每当你施放一个法术，便获得等同于其法力值消耗的护甲值。,fireplace/cards/kobolds/mage.py:15
17.6.0.53261,Kobolds & Catacombs (LOOTAPALOOZA),LOOT_233,Cursed Disciple,被诅咒的门徒,Deathrattle|Summon,GREEN,implemented,yes,"All live cases passed: deathrattle_summons_five_one_revenant observed disciple=GRAVEYARD;revenants=[('LOOT_233t', 5, 1, 'PLAY')]",card_mechanism.csv#LOOT_233; generic-play-smoke:played; effect-evidence: reports/card_quality_full_2026-09-27/set_probe_LOOTAPALOOZA.csv#LOOT_233::deathrattle_summons_five_one_revenant; per-card: reports/card_quality_full_2026-09-27/set_probe_LOOTAPALOOZA.csv#LOOT_233::deathrattle_summons_five_one_revenant,"聚合状态取该卡最差机制；普通烟测只证明可执行，不能单独构成 GREEN。 Cases=1; per-case rows include EN/ZH text, source, existing tests, prior card and mechanism audit.",Deathrattle: Summon a 5/1 Revenant.,亡语：召唤一个5/1的亡魂。,fireplace/cards/kobolds/neutral_common.py:105
17.6.0.53261,Kobolds & Catacombs (LOOTAPALOOZA),LOOT_258,Dire Mole,厄运鼹鼠,Vanilla,GREEN,implemented,yes,当前列出的机制均有对应场景的效果断言；结论限于已识别标签与复现范围。,card_mechanism.csv#LOOT_258; generic-play-smoke:played; effect-evidence: reports/card_quality_full_2026-09-27/vanilla_runtime_probe.csv#entry_LOOT_258,聚合状态取该卡最差机制；普通烟测只证明可执行，不能单独构成 GREEN。,,,
17.6.0.53261,Kobolds & Catacombs (LOOTAPALOOZA),LOOT_278,Unidentified Elixir,未鉴定的药剂,Random effects|Spell resolution|Targeting,RED,partial,yes,"Confirmed live mismatch: drawn_variant_plus_two_two_and_bonus observed variant=LOOT_278t4;seed=3001;result={'target': (3, 3, False, False, True), 'copies': []};t4=[""field=['CS2_231'];hand=[];dead=GRAVEYARD""]",card_mechanism.csv#LOOT_278; generic-play-smoke:played; effect-evidence: reports/card_quality_full_2026-09-27/set_probe_LOOTAPALOOZA.csv#LOOT_278::drawn_variant_plus_two_two_and_bonus; per-card: reports/card_quality_full_2026-09-27/set_probe_LOOTAPALOOZA.csv#LOOT_278::drawn_variant_plus_two_two_and_bonus,"聚合状态取该卡最差机制；普通烟测只证明可执行，不能单独构成 GREEN。 Cases=1; per-case rows include EN/ZH text, source, existing tests, prior card and mechanism audit.",Give a minion +2/+2. Gains a bonus effect in your hand.,使一个随从获得+2/+2。在你手牌中时获得额外效果。,fireplace/cards/kobolds/priest.py:88
17.6.0.53261,Kobolds & Catacombs (LOOTAPALOOZA),LOOT_285,Unidentified Shield,未鉴定的盾牌,Random effects|Spell resolution,GREEN,implemented,yes,"All live cases passed: drawn_variant_five_armor_and_bonus observed variants=['LOOT_285t', 'LOOT_285t2', 'LOOT_285t3', 'LOOT_285t4'];samples={'LOOT_285t2': 'armor=5;enemy=PLAY/2/5;golem=[];weapon=None', 'LOOT_285t4': 'armor=5;enemy=PLAY/7/0;golem=[];weapon=(5, 2)', 'LOOT_285t3': 'armor=5;enemy=PLAY/7/0;golem=[(5, 5)];weapon=None', 'LOOT_285t': 'armor=15;enemy=PLAY/7/0;golem=[];weapon=None'}",card_mechanism.csv#LOOT_285; generic-play-smoke:played; effect-evidence: reports/card_quality_full_2026-09-27/set_probe_LOOTAPALOOZA.csv#LOOT_285::drawn_variant_five_armor_and_bonus; per-card: reports/card_quality_full_2026-09-27/set_probe_LOOTAPALOOZA.csv#LOOT_285::drawn_variant_five_armor_and_bonus,"聚合状态取该卡最差机制；普通烟测只证明可执行，不能单独构成 GREEN。 Cases=1; per-case rows include EN/ZH text, source, existing tests, prior card and mechanism audit.",Gain 5 Armor. Gains a bonus effect in your hand.,获得5点护甲值。在你手牌中时获得额外效果。,fireplace/cards/kobolds/warrior.py:70
17.6.0.53261,Kobolds & Catacombs (LOOTAPALOOZA),LOOT_286,Unidentified Maul,未鉴定的重槌,Random effects|Weapon,GREEN,implemented,yes,"All live cases passed: drawn_maul_variant_applies_bonus observed variants=['LOOT_286t1', 'LOOT_286t2', 'LOOT_286t3', 'LOOT_286t4'];samples={'LOOT_286t2': 'weapon=LOOT_286t2/PLAY;minion=1/1/taunt:True/shield:False;recruits=0', 'LOOT_286t3': 'weapon=LOOT_286t3/PLAY;minion=2/1/taunt:False/shield:False;recruits=0', 'LOOT_286t4': 'weapon=LOOT_286t4/PLAY;minion=1/1/taunt:False/shield:True;recruits=0', 'LOOT_286t1': 'weapon=LOOT_286t1/PLAY;minion=1/1/taunt:False/shield:False;recruits=2'}",card_mechanism.csv#LOOT_286; generic-play-smoke:played; effect-evidence: reports/card_quality_full_2026-09-27/set_probe_LOOTAPALOOZA.csv#LOOT_286::drawn_maul_variant_applies_bonus; per-card: reports/card_quality_full_2026-09-27/set_probe_LOOTAPALOOZA.csv#LOOT_286::drawn_maul_variant_applies_bonus,"聚合状态取该卡最差机制；普通烟测只证明可执行，不能单独构成 GREEN。 Cases=1; per-case rows include EN/ZH text, source, existing tests, prior card and mechanism audit.",Gains a bonus effect in your hand.,在你手牌中时获得额外效果。,fireplace/cards/kobolds/paladin.py:115
17.6.0.53261,Kobolds & Catacombs (LOOTAPALOOZA),LOOT_291,Shroom Brewer,蘑菇酿酒师,Battlecry|Targeting,GREEN,implemented,yes,"All live cases passed: battlecry_restores_four_health observed before=(3, 4);target=7/0;brewer=PLAY;field=['EX1_399', 'LOOT_291']",card_mechanism.csv#LOOT_291; generic-play-smoke:played; effect-evidence: reports/card_quality_full_2026-09-27/set_probe_LOOTAPALOOZA.csv#LOOT_291::battlecry_restores_four_health; per-card: reports/card_quality_full_2026-09-27/set_probe_LOOTAPALOOZA.csv#LOOT_291::battlecry_restores_four_health,"聚合状态取该卡最差机制；普通烟测只证明可执行，不能单独构成 GREEN。 Cases=1; per-case rows include EN/ZH text, source, existing tests, prior card and mechanism audit.",Battlecry: Restore #4 Health.,战吼： 恢复#4点生命值。,fireplace/cards/kobolds/neutral_common.py:112
17.6.0.53261,Kobolds & Catacombs (LOOTAPALOOZA),LOOT_306,Possessed Lackey,着魔男仆,Deathrattle,GREEN,implemented,yes,"All live cases passed: deathrattle_recruits_demon observed lackey=GRAVEYARD;demon=LOOT_368/15/PLAY;field=[('LOOT_368', 3, 9)];deck=['CS2_231']; no_demon_recruits_nothing observed lackey=GRAVEYARD;field=[];deck=['CS2_231']",card_mechanism.csv#LOOT_306; generic-play-smoke:played; effect-evidence: reports/card_quality_full_2026-09-27/set_probe_LOOTAPALOOZA.csv#LOOT_306::deathrattle_recruits_demon; reports/card_quality_full_2026-09-27/set_probe_LOOTAPALOOZA.csv#LOOT_306::no_demon_recruits_nothing; per-card: reports/card_quality_full_2026-09-27/set_probe_LOOTAPALOOZA.csv#LOOT_306::deathrattle_recruits_demon; reports/card_quality_full_2026-09-27/set_probe_LOOTAPALOOZA.csv#LOOT_306::no_demon_recruits_nothing,"聚合状态取该卡最差机制；普通烟测只证明可执行，不能单独构成 GREEN。 Cases=2; per-case rows include EN/ZH text, source, existing tests, prior card and mechanism audit.",Deathrattle: Recruit a Demon.,亡语： 招募一个恶魔。,fireplace/cards/kobolds/warlock.py:32
17.6.0.53261,Kobolds & Catacombs (LOOTAPALOOZA),LOOT_309,Oaken Summons,橡树的召唤,Spell resolution,GREEN,implemented,yes,"All live cases passed: six_armor_and_recruit_cost_four_or_less observed spell=GRAVEYARD;armor=6;eligible=CS2_182/4/PLAY;field=[('CS2_182', 4, 4, 5)]",card_mechanism.csv#LOOT_309; generic-play-smoke:played; effect-evidence: reports/card_quality_full_2026-09-27/set_probe_LOOTAPALOOZA.csv#LOOT_309::six_armor_and_recruit_cost_four_or_less; per-card: reports/card_quality_full_2026-09-27/set_probe_LOOTAPALOOZA.csv#LOOT_309::six_armor_and_recruit_cost_four_or_less,"聚合状态取该卡最差机制；普通烟测只证明可执行，不能单独构成 GREEN。 Cases=1; per-case rows include EN/ZH text, source, existing tests, prior card and mechanism audit.",Gain 6 Armor. Recruit a minion that costs (4) or less.,获得6点护甲值。招募一个法力值消耗小于或等于（4）的随从。,fireplace/cards/kobolds/druid.py:144
17.6.0.53261,Kobolds & Catacombs (LOOTAPALOOZA),LOOT_313,Crystal Lion,水晶雄狮,Cost modification|Divine Shield,GREEN,implemented,yes,"All live cases passed: cost_tracks_recruit_count_and_divine_shield observed base=6;cost_two=4;cost_one=5;recruits=GRAVEYARD,PLAY;lion=PLAY/5/5/shield:1",card_mechanism.csv#LOOT_313; generic-play-smoke:played; effect-evidence: reports/card_quality_full_2026-09-27/set_probe_LOOTAPALOOZA.csv#LOOT_313::cost_tracks_recruit_count_and_divine_shield; per-card: reports/card_quality_full_2026-09-27/set_probe_LOOTAPALOOZA.csv#LOOT_313::cost_tracks_recruit_count_and_divine_shield,"聚合状态取该卡最差机制；普通烟测只证明可执行，不能单独构成 GREEN。 Cases=1; per-case rows include EN/ZH text, source, existing tests, prior card and mechanism audit.",[x]Divine Shield Costs (1) less for each Silver Hand Recruit you control.,圣盾 你每控制一个白银之手新兵，该牌的法力值消耗便减少（1）点。,fireplace/cards/kobolds/paladin.py:15
17.6.0.53261,Kobolds & Catacombs (LOOTAPALOOZA),LOOT_314,Grizzled Guardian,灰熊守护者,Deathrattle|Taunt,GREEN,implemented,yes,"All live cases passed: taunt_and_two_recruits_cost_four_or_less observed taunt_before_death=1;guardian=GRAVEYARD;recruited=[('CS2_231', 0, 'PLAY'), ('CS2_182', 4, 'PLAY')];deck=[('LOOT_153', 8)]",card_mechanism.csv#LOOT_314; generic-play-smoke:played; effect-evidence: reports/card_quality_full_2026-09-27/set_probe_LOOTAPALOOZA.csv#LOOT_314::taunt_and_two_recruits_cost_four_or_less; per-card: reports/card_quality_full_2026-09-27/set_probe_LOOTAPALOOZA.csv#LOOT_314::taunt_and_two_recruits_cost_four_or_less,"聚合状态取该卡最差机制；普通烟测只证明可执行，不能单独构成 GREEN。 Cases=1; per-case rows include EN/ZH text, source, existing tests, prior card and mechanism audit.",Taunt Deathrattle: Recruit 2 minions that cost (4) or less.,嘲讽，亡语：招募两个法力值消耗小于或等于（4）点的随从。,fireplace/cards/kobolds/druid.py:22
17.6.0.53261,Kobolds & Catacombs (LOOTAPALOOZA),LOOT_315,Trogg Gloomeater,穴居人食菌者,Poisonous|Taunt,GREEN,implemented,yes,All live cases passed: taunt_blocks_hero_and_poisonous_kills_attacker observed trogg=PLAY/1/3/1/1;enemy=GRAVEYARD/0;hero=30;blocked=InvalidAction,card_mechanism.csv#LOOT_315; generic-play-smoke:played; effect-evidence: reports/card_quality_full_2026-09-27/set_probe_LOOTAPALOOZA.csv#LOOT_315::taunt_blocks_hero_and_poisonous_kills_attacker; per-card: reports/card_quality_full_2026-09-27/set_probe_LOOTAPALOOZA.csv#LOOT_315::taunt_blocks_hero_and_poisonous_kills_attacker,"聚合状态取该卡最差机制；普通烟测只证明可执行，不能单独构成 GREEN。 Cases=1; per-case rows include EN/ZH text, source, existing tests, prior card and mechanism audit.",Taunt Poisonous,嘲讽 剧毒,
17.6.0.53261,Kobolds & Catacombs (LOOTAPALOOZA),LOOT_329,"Ixlid, Fungal Lord",伊克斯里德，真菌之王,Summon|Trigger,GREEN,implemented,yes,"All live cases passed: played_minion_creates_one_copy observed ixlid=PLAY;played=PLAY;wisps=[(1, 1, 'PLAY'), (1, 1, 'PLAY')];field=['LOOT_329', 'CS2_231', 'CS2_231']",card_mechanism.csv#LOOT_329; generic-play-smoke:played; effect-evidence: reports/card_quality_full_2026-09-27/set_probe_LOOTAPALOOZA.csv#LOOT_329::played_minion_creates_one_copy; per-card: reports/card_quality_full_2026-09-27/set_probe_LOOTAPALOOZA.csv#LOOT_329::played_minion_creates_one_copy,"聚合状态取该卡最差机制；普通烟测只证明可执行，不能单独构成 GREEN。 Cases=1; per-case rows include EN/ZH text, source, existing tests, prior card and mechanism audit.","After you play a minion, summon a copy of it.",在你使用一张随从牌后，召唤一个该随从的复制。,fireplace/cards/kobolds/druid.py:29
17.6.0.53261,Kobolds & Catacombs (LOOTAPALOOZA),LOOT_333,Level Up!,等级提升,Spell resolution,GREEN,implemented,yes,"All live cases passed: buffs_recruits_only observed spell=GRAVEYARD;recruits=[(3, 3, True), (3, 3, True)];other=(1, 1);before=(1, 1)",card_mechanism.csv#LOOT_333; generic-play-smoke:played; effect-evidence: reports/card_quality_full_2026-09-27/set_probe_LOOTAPALOOZA.csv#LOOT_333::buffs_recruits_only; per-card: reports/card_quality_full_2026-09-27/set_probe_LOOTAPALOOZA.csv#LOOT_333::buffs_recruits_only,"聚合状态取该卡最差机制；普通烟测只证明可执行，不能单独构成 GREEN。 Cases=1; per-case rows include EN/ZH text, source, existing tests, prior card and mechanism audit.",Give your Silver Hand Recruits +2/+2 and Taunt.,使你的白银之手新兵获得+2/+2和嘲讽。,fireplace/cards/kobolds/paladin.py:101
17.6.0.53261,Kobolds & Catacombs (LOOTAPALOOZA),LOOT_344,Primal Talismans,原始护身符,Random effects|Spell resolution|Summon,GREEN,implemented,yes,"All live cases passed: minion_death_summons_basic_totem observed spell=GRAVEYARD;before_deathrattle=[('CS2_231', True), ('EX1_399', True)];dead=['GRAVEYARD', 'GRAVEYARD'];totems=[('NEW1_009', 0, 2), ('CS2_052', 0, 2)];field=['NEW1_009', 'CS2_052']",card_mechanism.csv#LOOT_344; generic-play-smoke:played; effect-evidence: reports/card_quality_full_2026-09-27/set_probe_LOOTAPALOOZA.csv#LOOT_344::minion_death_summons_basic_totem; per-card: reports/card_quality_full_2026-09-27/set_probe_LOOTAPALOOZA.csv#LOOT_344::minion_death_summons_basic_totem,"聚合状态取该卡最差机制；普通烟测只证明可执行，不能单独构成 GREEN。 Cases=1; per-case rows include EN/ZH text, source, existing tests, prior card and mechanism audit.","Give your minions ""Deathrattle: Summon a random basic Totem.""",使你的所有随从获得 “亡语：随机召唤一个基础图腾。”,fireplace/cards/kobolds/shaman.py:111
17.6.0.53261,Kobolds & Catacombs (LOOTAPALOOZA),LOOT_347,Kobold Apprentice,狗头人学徒,Battlecry|Random effects,RED,partial,yes,"Confirmed live mismatch: three_damage_split_among_all_enemies observed seeded_minion_and_hero_damage=[([2, 1], 0), ([3, 0], 0), ([3, 0], 0), ([2, 1], 0), ([2, 1], 0), ([2, 1], 0), ([1, 2], 0), ([0, 3], 0), ([1, 2], 0), ([1, 2], 0), ([1, 2], 0), ([3, 0], 0), ([1, 2], 0), ([3, 0], 0), ([3, 0], 0), ([1, 2], 0)];hero_damaged_games=0; enemy_hero_only_damage observed apprentice=PLAY;enemy_hero=30/30;enemy_field=[]",card_mechanism.csv#LOOT_347; generic-play-smoke:played; effect-evidence: reports/card_quality_full_2026-09-27/set_probe_LOOTAPALOOZA.csv#LOOT_347::three_damage_split_among_all_enemies; reports/card_quality_full_2026-09-27/set_probe_LOOTAPALOOZA.csv#LOOT_347::enemy_hero_only_damage; per-card: reports/card_quality_full_2026-09-27/set_probe_LOOTAPALOOZA.csv#LOOT_347::three_damage_split_among_all_enemies; reports/card_quality_full_2026-09-27/set_probe_LOOTAPALOOZA.csv#LOOT_347::enemy_hero_only_damage,"聚合状态取该卡最差机制；普通烟测只证明可执行，不能单独构成 GREEN。 Cases=2; per-case rows include EN/ZH text, source, existing tests, prior card and mechanism audit.",Battlecry: Deal 3 damage randomly split among all enemies.,战吼：造成3点伤害，随机分配到所有敌人身上。,fireplace/cards/kobolds/neutral_common.py:122
17.6.0.53261,Kobolds & Catacombs (LOOTAPALOOZA),LOOT_351,Greedy Sprite,贪婪的林精,Deathrattle,GREEN,implemented,yes,"All live cases passed: deathrattle_adds_empty_mana_crystal observed sprite=GRAVEYARD;mana_before=(3, 3);mana_after=(4, 3);used=1",card_mechanism.csv#LOOT_351; generic-play-smoke:played; effect-evidence: reports/card_quality_full_2026-09-27/set_probe_LOOTAPALOOZA.csv#LOOT_351::deathrattle_adds_empty_mana_crystal; per-card: reports/card_quality_full_2026-09-27/set_probe_LOOTAPALOOZA.csv#LOOT_351::deathrattle_adds_empty_mana_crystal,"聚合状态取该卡最差机制；普通烟测只证明可执行，不能单独构成 GREEN。 Cases=1; per-case rows include EN/ZH text, source, existing tests, prior card and mechanism audit.",Deathrattle: Gain an empty Mana Crystal.,亡语：获得一个空的法力水晶。,fireplace/cards/kobolds/druid.py:36
17.6.0.53261,Kobolds & Catacombs (LOOTAPALOOZA),LOOT_353,Psionic Probe,灵能窥探,Spell resolution,GREEN,implemented,yes,"All live cases passed: copies_opponent_deck_spell_without_removing_original observed probe=GRAVEYARD;opponent_spell=CS2_029/DECK;own_copies=[('CS2_029', 5, 'HAND')];opponent_deck=[('CS2_029', 'DECK'), ('CS2_231', 'DECK')]",card_mechanism.csv#LOOT_353; generic-play-smoke:played; effect-evidence: reports/card_quality_full_2026-09-27/set_probe_LOOTAPALOOZA.csv#LOOT_353::copies_opponent_deck_spell_without_removing_original; per-card: reports/card_quality_full_2026-09-27/set_probe_LOOTAPALOOZA.csv#LOOT_353::copies_opponent_deck_spell_without_removing_original,"聚合状态取该卡最差机制；普通烟测只证明可执行，不能单独构成 GREEN。 Cases=1; per-case rows include EN/ZH text, source, existing tests, prior card and mechanism audit.",Copy a spell in your opponent's deck and add it to your hand.,复制你对手的牌库中的一张法术牌，并将其置入你的 手牌。,fireplace/cards/kobolds/priest.py:181
17.6.0.53261,Kobolds & Catacombs (LOOTAPALOOZA),LOOT_357,Marin the Fox,“老狐狸”马林,Battlecry|Summon,GREEN,implemented,yes,己方第七格打出仍给对手宝箱；对手满场不召唤，宝箱死亡后宝藏进入玛林控制者手牌。,tests/test_retest_board_issues.py::test_loot_357_marin_summons_chest_for_opponent_and_obeys_capacity,本次代码重测；修复前颜色和原始失败证据见 known_issues_archive_2026-09-29/card_quality_full_2026-09-27/。 当前代码逐卡行为重测通过。,Battlecry: Summon a 0/8 Treasure Chest for your opponent. (Break it for awesome loot!),战吼：为你的对手召唤一个0/8的宝箱。（打破宝箱可以获得惊人的战利品！）,fireplace/cards/kobolds/neutral_legendary.py:8
17.6.0.53261,Kobolds & Catacombs (LOOTAPALOOZA),LOOT_358,"Grumble, Worldshaker",撼世者格朗勃尔,Battlecry|Targeting,GREEN,implemented,yes,"All live cases passed: returns_other_minions_at_cost_one observed grumble=PLAY;board=['LOOT_358'];returned=[('CS2_182', 1, 'HAND'), ('EX1_399', 1, 'HAND')]",card_mechanism.csv#LOOT_358; generic-play-smoke:played; effect-evidence: reports/card_quality_full_2026-09-27/set_probe_LOOTAPALOOZA.csv#LOOT_358::returns_other_minions_at_cost_one; per-card: reports/card_quality_full_2026-09-27/set_probe_LOOTAPALOOZA.csv#LOOT_358::returns_other_minions_at_cost_one,"聚合状态取该卡最差机制；普通烟测只证明可执行，不能单独构成 GREEN。 Cases=1; per-case rows include EN/ZH text, source, existing tests, prior card and mechanism audit.",Battlecry: Return your other minions to your hand. They cost (1).,战吼： 将你的其他随从移回你的手牌，并使其法力值消耗变为（1）点。,fireplace/cards/kobolds/shaman.py:15
17.6.0.53261,Kobolds & Catacombs (LOOTAPALOOZA),LOOT_363,Drygulch Jailor,旱谷狱卒,Deathrattle,GREEN,implemented,yes,"All live cases passed: deathrattle_adds_three_recruits observed jailor=GRAVEYARD;recruits=[('CS2_101t', 1, 1, 'HAND'), ('CS2_101t', 1, 1, 'HAND'), ('CS2_101t', 1, 1, 'HAND')];hand_count=3",card_mechanism.csv#LOOT_363; generic-play-smoke:played; effect-evidence: reports/card_quality_full_2026-09-27/set_probe_LOOTAPALOOZA.csv#LOOT_363::deathrattle_adds_three_recruits; per-card: reports/card_quality_full_2026-09-27/set_probe_LOOTAPALOOZA.csv#LOOT_363::deathrattle_adds_three_recruits,"聚合状态取该卡最差机制；普通烟测只证明可执行，不能单独构成 GREEN。 Cases=1; per-case rows include EN/ZH text, source, existing tests, prior card and mechanism audit.",Deathrattle: Add 3 Silver Hand Recruits to your hand.,亡语： 将三张“白银之手新兵”置入你的手牌。,fireplace/cards/kobolds/paladin.py:22
17.6.0.53261,Kobolds & Catacombs (LOOTAPALOOZA),LOOT_364,Reckless Flurry,鲁莽风暴,Spell resolution,GREEN,implemented,yes,"All live cases passed: spends_all_armor_and_deals_equal_damage observed armor=0/0;before=(7, 7);friendly=PLAY/2/5;enemy=PLAY/2/5;spell=GRAVEYARD; zero_armor_zero_damage observed armor=0;friendly=PLAY/0;enemy=PLAY/0;spell=GRAVEYARD",card_mechanism.csv#LOOT_364; generic-play-smoke:played; effect-evidence: reports/card_quality_full_2026-09-27/set_probe_LOOTAPALOOZA.csv#LOOT_364::spends_all_armor_and_deals_equal_damage; reports/card_quality_full_2026-09-27/set_probe_LOOTAPALOOZA.csv#LOOT_364::zero_armor_zero_damage; per-card: reports/card_quality_full_2026-09-27/set_probe_LOOTAPALOOZA.csv#LOOT_364::spends_all_armor_and_deals_equal_damage; reports/card_quality_full_2026-09-27/set_probe_LOOTAPALOOZA.csv#LOOT_364::zero_armor_zero_damage,"聚合状态取该卡最差机制；普通烟测只证明可执行，不能单独构成 GREEN。 Cases=2; per-case rows include EN/ZH text, source, existing tests, prior card and mechanism audit.",Spend all your Armor. Deal that much damage to all minions.,消耗你所有的护甲值。对所有随从造成等同于所消耗护甲值数量的伤害。,fireplace/cards/kobolds/warrior.py:110
17.6.0.53261,Kobolds & Catacombs (LOOTAPALOOZA),LOOT_365,Gemstudded Golem,宝石魔像,Continuous effect / Update|Taunt,RED,partial,yes,Confirmed live mismatch: armor_threshold_and_regular_minion_control observed below_threshold=armor=0;control_error=None;control=PLAY;golem_error=InvalidAction;golem=PLAY;target_damage=4;at_threshold=5;control_error=None;control=PLAY/4;golem_error=InvalidAction;golem=PLAY/5/0;target=PLAY/3/4;active=True,card_mechanism.csv#LOOT_365; generic-play-smoke:played; effect-evidence: reports/card_quality_full_2026-09-27/set_probe_LOOTAPALOOZA.csv#LOOT_365::armor_threshold_and_regular_minion_control; per-card: reports/card_quality_full_2026-09-27/set_probe_LOOTAPALOOZA.csv#LOOT_365::armor_threshold_and_regular_minion_control,"聚合状态取该卡最差机制；普通烟测只证明可执行，不能单独构成 GREEN。 Cases=1; per-case rows include EN/ZH text, source, existing tests, prior card and mechanism audit.",Taunt Can only attack if you have 5 or more Armor.,嘲讽 除非你的护甲值大于或等于5点，否则无法进行攻击。,fireplace/cards/kobolds/warrior.py:15
17.6.0.53261,Kobolds & Catacombs (LOOTAPALOOZA),LOOT_367,Drywhisker Armorer,枯须铸甲师,Battlecry,GREEN,implemented,yes,逐卡实际对局断言通过：two_enemy_minions_gain_four=enemy_minions=2;armor=0->4;armorer=PLAY；empty_enemy_board_gain_zero=enemy_minions=0;armor=0->0;armorer=PLAY,card_mechanism.csv#LOOT_367; generic-play-smoke:played; effect-evidence: reports/card_quality_full_2026-09-27/set_probe_LOOTAPALOOZA.csv#LOOT_367::two_enemy_minions_gain_four; reports/card_quality_full_2026-09-27/set_probe_LOOTAPALOOZA.csv#LOOT_367::empty_enemy_board_gain_zero; per-card: reports/card_quality_full_2026-09-27/set_probe_LOOTAPALOOZA.csv#LOOT_367::two_enemy_minions_gain_four; reports/card_quality_full_2026-09-27/set_probe_LOOTAPALOOZA.csv#LOOT_367::empty_enemy_board_gain_zero,"聚合状态取该卡最差机制；普通烟测只证明可执行，不能单独构成 GREEN。 EN=Battlecry: For each enemy minion, gain 2 Armor.; ZH=战吼： 每有一个敌方随从，便获得2点护甲值。; source=fireplace/cards/kobolds/warrior.py:22; existing_tests=无候选既有测试引用; previous_card_audit=YELLOW:1 个机制缺少充分的核心效果验证；逐机制依据见 card_mechanism.csv。; previous_mechanism_audit=存在定义或元数据候选；当前没有可复查的该机制核心效果断言。; prior_cross_card_issues=无; audit_scope=本轮实际运行逐卡断言。","Battlecry: For each enemy minion, gain 2 Armor.",战吼： 每有一个敌方随从，便获得2点护甲值。,fireplace/cards/kobolds/warrior.py:22
17.6.0.53261,Kobolds & Catacombs (LOOTAPALOOZA),LOOT_368,Voidlord,虚空领主,Deathrattle|Summon|Taunt,GREEN,implemented,yes,"逐卡实际对局断言通过：taunt_and_three_taunt_demons=voidlord=GRAVEYARD;tokens=[('CS2_065', 1, 3, 1, 'DEMON', 'PLAY'), ('CS2_065', 1, 3, 1, 'DEMON', 'PLAY'), ('CS2_065', 1, 3, 1, 'DEMON', 'PLAY')]",card_mechanism.csv#LOOT_368; generic-play-smoke:played; effect-evidence: reports/card_quality_full_2026-09-27/set_probe_LOOTAPALOOZA.csv#LOOT_368::taunt_and_three_taunt_demons; per-card: reports/card_quality_full_2026-09-27/set_probe_LOOTAPALOOZA.csv#LOOT_368::taunt_and_three_taunt_demons,聚合状态取该卡最差机制；普通烟测只证明可执行，不能单独构成 GREEN。 EN=[x]Taunt  Deathrattle: Summon three 1/3 Demons with Taunt.; ZH=嘲讽，亡语： 召唤三个1/3并具有嘲讽的恶魔。; source=fireplace/cards/kobolds/warlock.py:39; existing_tests=无候选既有测试引用; previous_card_audit=YELLOW:3 个机制缺少充分的核心效果验证；逐机制依据见 card_mechanism.csv。; previous_mechanism_audit=存在定义或元数据候选；当前没有可复查的该机制核心效果断言。 / 存在效果脚本；烟测仅验证执行和基础状态，缺少充分逐卡效果断言。; prior_cross_card_issues=无; audit_scope=本轮实际运行逐卡断言。,[x]Taunt  Deathrattle: Summon three 1/3 Demons with Taunt.,嘲讽，亡语： 召唤三个1/3并具有嘲讽的恶魔。,fireplace/cards/kobolds/warlock.py:39
17.6.0.53261,Kobolds & Catacombs (LOOTAPALOOZA),LOOT_370,Gather Your Party,寻求组队,Spell resolution,GREEN,implemented,yes,逐卡实际对局断言通过：recruit_minion_from_deck=recruited=['CS2_231'];remaining_deck=['CS2_008'];spell=GRAVEYARD,card_mechanism.csv#LOOT_370; generic-play-smoke:played; effect-evidence: reports/card_quality_full_2026-09-27/set_probe_LOOTAPALOOZA.csv#LOOT_370::recruit_minion_from_deck; per-card: reports/card_quality_full_2026-09-27/set_probe_LOOTAPALOOZA.csv#LOOT_370::recruit_minion_from_deck,聚合状态取该卡最差机制；普通烟测只证明可执行，不能单独构成 GREEN。 EN=Recruit a minion.; ZH=招募一个随从。; source=fireplace/cards/kobolds/warrior.py:119; existing_tests=无候选既有测试引用; previous_card_audit=YELLOW:1 个机制缺少充分的核心效果验证；逐机制依据见 card_mechanism.csv。; previous_mechanism_audit=存在定义或元数据候选；当前没有可复查的该机制核心效果断言。; prior_cross_card_issues=无; audit_scope=本轮实际运行逐卡断言。,Recruit a minion.,招募一个随从。,fireplace/cards/kobolds/warrior.py:119
17.6.0.53261,Kobolds & Catacombs (LOOTAPALOOZA),LOOT_373,Healing Rain,治疗之雨,Random effects|Spell resolution,GREEN,implemented,yes,"逐卡实际对局断言通过：heal_twelve_split_among_friendly_characters=restored_total=12;hero=22;friendly_minion_damage=[0, 0, 0, 0, 0, 0];enemy_hero=25;enemy_minion_damage=2",card_mechanism.csv#LOOT_373; generic-play-smoke:played; effect-evidence: reports/card_quality_full_2026-09-27/set_probe_LOOTAPALOOZA.csv#LOOT_373::heal_twelve_split_among_friendly_characters; per-card: reports/card_quality_full_2026-09-27/set_probe_LOOTAPALOOZA.csv#LOOT_373::heal_twelve_split_among_friendly_characters,聚合状态取该卡最差机制；普通烟测只证明可执行，不能单独构成 GREEN。 EN=Restore #12 Health randomly split among all friendly characters.; ZH=恢复#12点生命值，随机分配到所有友方角色上。; source=fireplace/cards/kobolds/shaman.py:123; existing_tests=无候选既有测试引用; previous_card_audit=YELLOW:2 个机制缺少充分的核心效果验证；逐机制依据见 card_mechanism.csv。; previous_mechanism_audit=存在定义或元数据候选；当前没有可复查的该机制核心效果断言。; prior_cross_card_issues=无; audit_scope=本轮实际运行逐卡断言。,Restore #12 Health randomly split among all friendly characters.,恢复#12点生命值，随机分配到所有友方角色上。,fireplace/cards/kobolds/shaman.py:123
17.6.0.53261,Kobolds & Catacombs (LOOTAPALOOZA),LOOT_375,Guild Recruiter,公会招募员,Battlecry,GREEN,implemented,yes,逐卡实际对局断言通过：battlecry_recruits_cost_at_most_four=recruited=CS2_196:cost3;high_cost_stays=True;recruiter=PLAY,card_mechanism.csv#LOOT_375; generic-play-smoke:played; effect-evidence: reports/card_quality_full_2026-09-27/set_probe_LOOTAPALOOZA.csv#LOOT_375::battlecry_recruits_cost_at_most_four; per-card: reports/card_quality_full_2026-09-27/set_probe_LOOTAPALOOZA.csv#LOOT_375::battlecry_recruits_cost_at_most_four,聚合状态取该卡最差机制；普通烟测只证明可执行，不能单独构成 GREEN。 EN=Battlecry: Recruit a minion that costs (4) or less.; ZH=战吼：招募一个法力值消耗小于或等于（4）点的随从。; source=fireplace/cards/kobolds/neutral_common.py:129; existing_tests=无候选既有测试引用; previous_card_audit=YELLOW:1 个机制缺少充分的核心效果验证；逐机制依据见 card_mechanism.csv。; previous_mechanism_audit=存在定义或元数据候选；当前没有可复查的该机制核心效果断言。; prior_cross_card_issues=无; audit_scope=本轮实际运行逐卡断言。,Battlecry: Recruit a minion that costs (4) or less.,战吼：招募一个法力值消耗小于或等于（4）点的随从。,fireplace/cards/kobolds/neutral_common.py:129
17.6.0.53261,Kobolds & Catacombs (LOOTAPALOOZA),LOOT_380,Woecleaver,灾厄斩杀者,Trigger|Weapon,GREEN,implemented,yes,逐卡实际对局断言通过：after_hero_attack_recruits=attacks=1;durability=3->2;recruited=['CS2_231'];deck=[],card_mechanism.csv#LOOT_380; generic-play-smoke:played; effect-evidence: reports/card_quality_full_2026-09-27/set_probe_LOOTAPALOOZA.csv#LOOT_380::after_hero_attack_recruits; per-card: reports/card_quality_full_2026-09-27/set_probe_LOOTAPALOOZA.csv#LOOT_380::after_hero_attack_recruits,"聚合状态取该卡最差机制；普通烟测只证明可执行，不能单独构成 GREEN。 EN=After your hero attacks, Recruit a minion.; ZH=在你的英雄攻击后，招募一个 随从。; source=fireplace/cards/kobolds/warrior.py:147; existing_tests=无候选既有测试引用; previous_card_audit=YELLOW:2 个机制缺少充分的核心效果验证；逐机制依据见 card_mechanism.csv。; previous_mechanism_audit=存在定义或元数据候选；当前没有可复查的该机制核心效果断言。; prior_cross_card_issues=无; audit_scope=本轮实际运行逐卡断言。","After your hero attacks, Recruit a minion.",在你的英雄攻击后，招募一个 随从。,fireplace/cards/kobolds/warrior.py:147
17.6.0.53261,Kobolds & Catacombs (LOOTAPALOOZA),LOOT_382,Kobold Monk,狗头人武僧,Continuous effect / Update|Untargetable,RED,partial,yes,"实测与卡牌文本不符：protects_hero_from_spell_and_hero_power_targets预期[Friendly hero is excluded from spell and Hero Power targets while Monk lives; protection ends after it leaves.]，实际[AssertionError: ((True, True, True, True, (False, False), 23, 4), (False, False))]",card_mechanism.csv#LOOT_382; generic-play-smoke:played; effect-evidence: reports/card_quality_full_2026-09-27/set_probe_LOOTAPALOOZA.csv#LOOT_382::protects_hero_from_spell_and_hero_power_targets; per-card: reports/card_quality_full_2026-09-27/set_probe_LOOTAPALOOZA.csv#LOOT_382::protects_hero_from_spell_and_hero_power_targets,聚合状态取该卡最差机制；普通烟测只证明可执行，不能单独构成 GREEN。 EN=Your hero can't be targeted by spells or Hero Powers.; ZH=你的英雄无法成为法术或英雄技能的 目标。; source=fireplace/cards/kobolds/neutral_rare.py:71; existing_tests=无候选既有测试引用; previous_card_audit=YELLOW:2 个机制缺少充分的核心效果验证；逐机制依据见 card_mechanism.csv。; previous_mechanism_audit=存在定义或元数据候选；当前没有可复查的该机制核心效果断言。; prior_cross_card_issues=TARGET-HERO-001[confirmed]:is_valid_target 仅在目标为随从时检查 cant_be_targeted_by_abilities 和 cant_be_targeted_by_hero_powers；带有相同保护标记的英雄仍能出现在法术及英雄技能的合法目标中。; audit_scope=本轮实际运行逐卡断言。,Your hero can't be targeted by spells or Hero Powers.,你的英雄无法成为法术或英雄技能的 目标。,fireplace/cards/kobolds/neutral_rare.py:71
17.6.0.53261,Kobolds & Catacombs (LOOTAPALOOZA),LOOT_383,Hungry Ettin,饥饿的双头怪,Battlecry|Random effects|Summon|Taunt,GREEN,implemented,yes,己方第七格打出仍给对手随机二费随从；对手满场不越过七格，本体嘲讽正确。,tests/test_retest_board_issues.py::test_loot_383_hungry_ettin_summon_uses_enemy_capacity,本次代码重测；修复前颜色和原始失败证据见 known_issues_archive_2026-09-29/card_quality_full_2026-09-27/。 当前代码逐卡行为重测通过。,Taunt Battlecry: Summon a random 2-Cost minion for your opponent.,嘲讽，战吼： 为你的对手随机召唤一个法力值消耗为（2）的随从。,fireplace/cards/kobolds/neutral_rare.py:84
17.6.0.53261,Kobolds & Catacombs (LOOTAPALOOZA),LOOT_388,Fungal Enchanter,菌菇附魔师,Battlecry,GREEN,implemented,yes,"逐卡实际对局断言通过：heal_all_friendly_characters_two=friendly_hero/minions=(30, 5, 5);enemy_hero/minion=(27, 3);healer=PLAY",card_mechanism.csv#LOOT_388; generic-play-smoke:played; effect-evidence: reports/card_quality_full_2026-09-27/set_probe_LOOTAPALOOZA.csv#LOOT_388::heal_all_friendly_characters_two; per-card: reports/card_quality_full_2026-09-27/set_probe_LOOTAPALOOZA.csv#LOOT_388::heal_all_friendly_characters_two,聚合状态取该卡最差机制；普通烟测只证明可执行，不能单独构成 GREEN。 EN=Battlecry: Restore #2 Health to all friendly characters.; ZH=战吼：为所有友方角色恢复#2点生命值。; source=fireplace/cards/kobolds/neutral_common.py:136; existing_tests=无候选既有测试引用; previous_card_audit=YELLOW:1 个机制缺少充分的核心效果验证；逐机制依据见 card_mechanism.csv。; previous_mechanism_audit=存在定义或元数据候选；当前没有可复查的该机制核心效果断言。; prior_cross_card_issues=无; audit_scope=本轮实际运行逐卡断言。,Battlecry: Restore #2 Health to all friendly characters.,战吼：为所有友方角色恢复#2点生命值。,fireplace/cards/kobolds/neutral_common.py:136
17.6.0.53261,Kobolds & Catacombs (LOOTAPALOOZA),LOOT_389,Rummaging Kobold,狗头人拾荒者,Battlecry,GREEN,implemented,yes,"逐卡实际对局断言通过：battlecry_returns_own_destroyed_weapon=destroyed=CS2_091:GRAVEYARD;returned=[('CS2_091', 'WEAPON', 'HAND')];rummager=PLAY",card_mechanism.csv#LOOT_389; generic-play-smoke:played; effect-evidence: reports/card_quality_full_2026-09-27/set_probe_LOOTAPALOOZA.csv#LOOT_389::battlecry_returns_own_destroyed_weapon; per-card: reports/card_quality_full_2026-09-27/set_probe_LOOTAPALOOZA.csv#LOOT_389::battlecry_returns_own_destroyed_weapon,聚合状态取该卡最差机制；普通烟测只证明可执行，不能单独构成 GREEN。 EN=Battlecry: Return one of your destroyed weapons to your hand.; ZH=战吼：将你的一把被摧毁的武器置入你的手牌。; source=fireplace/cards/kobolds/neutral_epic.py:67; existing_tests=无候选既有测试引用; previous_card_audit=YELLOW:1 个机制缺少充分的核心效果验证；逐机制依据见 card_mechanism.csv。; previous_mechanism_audit=存在定义或元数据候选；当前没有可复查的该机制核心效果断言。; prior_cross_card_issues=无; audit_scope=本轮实际运行逐卡断言。,Battlecry: Return one of your destroyed weapons to your hand.,战吼：将你的一把被摧毁的武器置入你的手牌。,fireplace/cards/kobolds/neutral_epic.py:67
17.6.0.53261,Kobolds & Catacombs (LOOTAPALOOZA),LOOT_392,Twig of the World Tree,世界之树的嫩枝,Deathrattle|Weapon,GREEN,implemented,yes,"逐卡实际对局断言通过：deathrattle_gains_ten_crystals=mana_before=(4, 0);mana_after=(10, 6);twig=GRAVEYARD",card_mechanism.csv#LOOT_392; generic-play-smoke:played; effect-evidence: reports/card_quality_full_2026-09-27/set_probe_LOOTAPALOOZA.csv#LOOT_392::deathrattle_gains_ten_crystals; per-card: reports/card_quality_full_2026-09-27/set_probe_LOOTAPALOOZA.csv#LOOT_392::deathrattle_gains_ten_crystals,聚合状态取该卡最差机制；普通烟测只证明可执行，不能单独构成 GREEN。 EN=Deathrattle: Gain 10 Mana Crystals.; ZH=亡语：获得十个法力水晶。; source=fireplace/cards/kobolds/druid.py:155; existing_tests=无候选既有测试引用; previous_card_audit=YELLOW:2 个机制缺少充分的核心效果验证；逐机制依据见 card_mechanism.csv。; previous_mechanism_audit=存在定义或元数据候选；当前没有可复查的该机制核心效果断言。 / 存在效果脚本；烟测仅验证执行和基础状态，缺少充分逐卡效果断言。; prior_cross_card_issues=无; audit_scope=本轮实际运行逐卡断言。,Deathrattle: Gain 10 Mana Crystals.,亡语：获得十个法力水晶。,fireplace/cards/kobolds/druid.py:155
17.6.0.53261,Kobolds & Catacombs (LOOTAPALOOZA),LOOT_394,Shrieking Shroom,闪光的蘑菇,Random effects|Summon|Trigger,GREEN,implemented,yes,"逐卡实际对局断言通过：own_turn_end_summons_one_cost_minion=shroom=PLAY;end_turn_spawn=[('BT_142', 1, 2, 1, 'PLAY')];enemy_field=0",card_mechanism.csv#LOOT_394; generic-play-smoke:played; effect-evidence: reports/card_quality_full_2026-09-27/set_probe_LOOTAPALOOZA.csv#LOOT_394::own_turn_end_summons_one_cost_minion; per-card: reports/card_quality_full_2026-09-27/set_probe_LOOTAPALOOZA.csv#LOOT_394::own_turn_end_summons_one_cost_minion,"聚合状态取该卡最差机制；普通烟测只证明可执行，不能单独构成 GREEN。 EN=At the end of your turn, summon a random 1-Cost minion.; ZH=在你的回合结束时，随机召唤一个法力值消耗为（1）的随从。; source=fireplace/cards/kobolds/neutral_rare.py:91; existing_tests=无候选既有测试引用; previous_card_audit=YELLOW:3 个机制缺少充分的核心效果验证；逐机制依据见 card_mechanism.csv。; previous_mechanism_audit=存在定义或元数据候选；当前没有可复查的该机制核心效果断言。; prior_cross_card_issues=无; audit_scope=本轮实际运行逐卡断言。","At the end of your turn, summon a random 1-Cost minion.",在你的回合结束时，随机召唤一个法力值消耗为（1）的随从。,fireplace/cards/kobolds/neutral_rare.py:91
17.6.0.53261,Kobolds & Catacombs (LOOTAPALOOZA),LOOT_398,Benevolent Djinn,和蔼的灯神,Trigger,GREEN,implemented,yes,逐卡实际对局断言通过：own_turn_end_restores_three_to_hero=own_hero=26;enemy_hero=26;djinn=PLAY;current_player_is_opponent=True,card_mechanism.csv#LOOT_398; generic-play-smoke:played; effect-evidence: reports/card_quality_full_2026-09-27/set_probe_LOOTAPALOOZA.csv#LOOT_398::own_turn_end_restores_three_to_hero; per-card: reports/card_quality_full_2026-09-27/set_probe_LOOTAPALOOZA.csv#LOOT_398::own_turn_end_restores_three_to_hero,"聚合状态取该卡最差机制；普通烟测只证明可执行，不能单独构成 GREEN。 EN=At the end of your turn, restore #3 Health to your hero.; ZH=在你的回合结束时，为你的英雄恢复#3点生命值。; source=fireplace/cards/kobolds/paladin.py:29; existing_tests=无候选既有测试引用; previous_card_audit=YELLOW:1 个机制缺少充分的核心效果验证；逐机制依据见 card_mechanism.csv。; previous_mechanism_audit=存在定义或元数据候选；当前没有可复查的该机制核心效果断言。; prior_cross_card_issues=无; audit_scope=本轮实际运行逐卡断言。","At the end of your turn, restore #3 Health to your hero.",在你的回合结束时，为你的英雄恢复#3点生命值。,fireplace/cards/kobolds/paladin.py:29
17.6.0.53261,Kobolds & Catacombs (LOOTAPALOOZA),LOOT_410,Duskbreaker,破晓之龙,Battlecry,GREEN,implemented,yes,"逐卡实际对局断言通过：dragon_held_deals_three_to_all_other_minions=other_minions=(3, 3, 'GRAVEYARD', 0);duskbreaker=PLAY;heroes=(30, 30);dragon_still_held=HAND；no_dragon_no_damage=friendly_damage=0;enemy_damage=0;duskbreaker=PLAY",card_mechanism.csv#LOOT_410; generic-play-smoke:played; effect-evidence: reports/card_quality_full_2026-09-27/set_probe_LOOTAPALOOZA.csv#LOOT_410::dragon_held_deals_three_to_all_other_minions; reports/card_quality_full_2026-09-27/set_probe_LOOTAPALOOZA.csv#LOOT_410::no_dragon_no_damage; per-card: reports/card_quality_full_2026-09-27/set_probe_LOOTAPALOOZA.csv#LOOT_410::dragon_held_deals_three_to_all_other_minions; reports/card_quality_full_2026-09-27/set_probe_LOOTAPALOOZA.csv#LOOT_410::no_dragon_no_damage,"聚合状态取该卡最差机制；普通烟测只证明可执行，不能单独构成 GREEN。 EN=Battlecry: If you're holding a Dragon, deal 3 damage to all other minions.; ZH=战吼： 如果你的手牌中有龙牌，则对所有其他随从造成3点伤害。; source=fireplace/cards/kobolds/priest.py:8; existing_tests=无候选既有测试引用; previous_card_audit=YELLOW:1 个机制缺少充分的核心效果验证；逐机制依据见 card_mechanism.csv。; previous_mechanism_audit=存在定义或元数据候选；当前没有可复查的该机制核心效果断言。; prior_cross_card_issues=无; audit_scope=本轮实际运行逐卡断言。","Battlecry: If you're holding a Dragon, deal 3 damage to all other minions.",战吼： 如果你的手牌中有龙牌，则对所有其他随从造成3点伤害。,fireplace/cards/kobolds/priest.py:8
17.6.0.53261,Kobolds & Catacombs (LOOTAPALOOZA),LOOT_412,Kobold Illusionist,狗头人幻术师,Deathrattle|Summon,RED,partial,yes,"实测与卡牌文本不符：deathrattle_summons_one_one_hand_copy预期[Deathrattle summons a 1/1 copy of a minion from hand and leaves the original in hand.]，实际[AssertionError: (<Zone.PLAY: 1>, <Zone.GRAVEYARD: 4>)]",card_mechanism.csv#LOOT_412; generic-play-smoke:played; effect-evidence: reports/card_quality_full_2026-09-27/set_probe_LOOTAPALOOZA.csv#LOOT_412::deathrattle_summons_one_one_hand_copy; per-card: reports/card_quality_full_2026-09-27/set_probe_LOOTAPALOOZA.csv#LOOT_412::deathrattle_summons_one_one_hand_copy,聚合状态取该卡最差机制；普通烟测只证明可执行，不能单独构成 GREEN。 EN=Deathrattle: Summon a 1/1 copy of a minion from your hand.; ZH=亡语：从你的手牌中召唤一个随从的 1/1复制。; source=fireplace/cards/kobolds/rogue.py:56; existing_tests=无候选既有测试引用; previous_card_audit=YELLOW:2 个机制缺少充分的核心效果验证；逐机制依据见 card_mechanism.csv。; previous_mechanism_audit=存在定义或元数据候选；当前没有可复查的该机制核心效果断言。 / 存在效果脚本；烟测仅验证执行和基础状态，缺少充分逐卡效果断言。; prior_cross_card_issues=无; audit_scope=本轮实际运行逐卡断言。,Deathrattle: Summon a 1/1 copy of a minion from your hand.,亡语：从你的手牌中召唤一个随从的 1/1复制。,fireplace/cards/kobolds/rogue.py:56
17.6.0.53261,Kobolds & Catacombs (LOOTAPALOOZA),LOOT_413,Plated Beetle,硬壳甲虫,Deathrattle,GREEN,implemented,yes,逐卡实际对局断言通过：deathrattle_gains_three_armor=armor=0->3;beetle=GRAVEYARD,card_mechanism.csv#LOOT_413; generic-play-smoke:played; effect-evidence: reports/card_quality_full_2026-09-27/set_probe_LOOTAPALOOZA.csv#LOOT_413::deathrattle_gains_three_armor; per-card: reports/card_quality_full_2026-09-27/set_probe_LOOTAPALOOZA.csv#LOOT_413::deathrattle_gains_three_armor,聚合状态取该卡最差机制；普通烟测只证明可执行，不能单独构成 GREEN。 EN=Deathrattle: Gain 3 Armor.; ZH=亡语： 获得3点护甲值。; source=fireplace/cards/kobolds/neutral_common.py:143; existing_tests=无候选既有测试引用; previous_card_audit=YELLOW:1 个机制缺少充分的核心效果验证；逐机制依据见 card_mechanism.csv。; previous_mechanism_audit=存在效果脚本；烟测仅验证执行和基础状态，缺少充分逐卡效果断言。; prior_cross_card_issues=无; audit_scope=本轮实际运行逐卡断言。,Deathrattle: Gain 3 Armor.,亡语： 获得3点护甲值。,fireplace/cards/kobolds/neutral_common.py:143
17.6.0.53261,Kobolds & Catacombs (LOOTAPALOOZA),LOOT_414,Grand Archivist,资深档案管理员,Trigger,YELLOW,implemented,partial,行为测试未完成：牌库代施放是否应触发普通玩家施法事件暂无权威语义结论；记录了与手动施放的对照，但该机制边界未判定。,card_mechanism.csv#LOOT_414; generic-play-smoke:played; per-card: reports/card_quality_full_2026-09-27/set_probe_LOOTAPALOOZA.csv#LOOT_414::end_turn_casts_deck_spell_with_random_target; reports/card_quality_full_2026-09-27/set_probe_LOOTAPALOOZA.csv#LOOT_414::empirical_hand_cast_vs_archivist_trigger,"聚合状态取该卡最差机制；普通烟测只证明可执行，不能单独构成 GREEN。 EN=At the end of your turn, cast a spell from your deck (targets chosen randomly).; ZH=在你的回合结束时，从你的牌库中施放一张法术牌（目标随机而定）。; source=fireplace/cards/kobolds/neutral_epic.py:74; existing_tests=无候选既有测试引用; previous_card_audit=YELLOW:1 个机制缺少充分的核心效果验证；逐机制依据见 card_mechanism.csv。; previous_mechanism_audit=存在定义或元数据候选；当前没有可复查的该机制核心效果断言。; prior_cross_card_issues=CAST-001[semantics_pending]:效果代施放法术会结算，但不广播玩家 Play ON/AFTER；与手牌施放触发不同，规则语义待核实，暂不判定为错误。; audit_scope=本轮实际运行逐卡断言。","At the end of your turn, cast a spell from your deck (targets chosen randomly).",在你的回合结束时，从你的牌库中施放一张法术牌（目标随机而定）。,fireplace/cards/kobolds/neutral_epic.py:74
17.6.0.53261,Kobolds & Catacombs (LOOTAPALOOZA),LOOT_415,"Rin, the First Disciple",首席门徒林恩,Deathrattle|Taunt,GREEN,implemented,yes,"逐卡实际对局断言通过：deathrattle_seals_chain_to_azari=rin=GRAVEYARD;seal_chain=['LOOT_415t1->LOOT_415t1t:(2, 2)->LOOT_415t2', 'LOOT_415t2->LOOT_415t2t:(3, 3)->LOOT_415t3', 'LOOT_415t3->LOOT_415t3t:(4, 4)->LOOT_415t4', 'LOOT_415t4->LOOT_415t4t:(5, 5)->LOOT_415t5', 'LOOT_415t5->LOOT_415t5t:(6, 6)->LOOT_415t6'];azari=PLAY;enemy_deck_remaining=0",card_mechanism.csv#LOOT_415; generic-play-smoke:played; effect-evidence: reports/card_quality_full_2026-09-27/set_probe_LOOTAPALOOZA.csv#LOOT_415::deathrattle_seals_chain_to_azari; per-card: reports/card_quality_full_2026-09-27/set_probe_LOOTAPALOOZA.csv#LOOT_415::deathrattle_seals_chain_to_azari,聚合状态取该卡最差机制；普通烟测只证明可执行，不能单独构成 GREEN。 EN=Taunt Deathrattle: Add 'The First Seal' to your hand.; ZH=嘲讽，亡语： 将“第一封印”置入你的手牌。; source=fireplace/cards/kobolds/warlock.py:46; existing_tests=无候选既有测试引用; previous_card_audit=YELLOW:2 个机制缺少充分的核心效果验证；逐机制依据见 card_mechanism.csv。; previous_mechanism_audit=存在定义或元数据候选；当前没有可复查的该机制核心效果断言。 / 存在效果脚本；烟测仅验证执行和基础状态，缺少充分逐卡效果断言。; prior_cross_card_issues=无; audit_scope=本轮实际运行逐卡断言。,Taunt Deathrattle: Add 'The First Seal' to your hand.,嘲讽，亡语： 将“第一封印”置入你的手牌。,fireplace/cards/kobolds/warlock.py:46
17.6.0.53261,Kobolds & Catacombs (LOOTAPALOOZA),LOOT_417,Cataclysm,大灾变,Draw / Discard|Spell resolution,GREEN,implemented,yes,"逐卡实际对局断言通过：destroys_board_and_discards_remaining_hand=minions=('GRAVEYARD', 'GRAVEYARD');spell=GRAVEYARD;discarded=('REMOVEDFROMGAME', 'REMOVEDFROMGAME');hand=0",card_mechanism.csv#LOOT_417; generic-play-smoke:played; effect-evidence: reports/card_quality_full_2026-09-27/set_probe_LOOTAPALOOZA.csv#LOOT_417::destroys_board_and_discards_remaining_hand; per-card: reports/card_quality_full_2026-09-27/set_probe_LOOTAPALOOZA.csv#LOOT_417::destroys_board_and_discards_remaining_hand,聚合状态取该卡最差机制；普通烟测只证明可执行，不能单独构成 GREEN。 EN=Destroy all minions. Discard your hand.; ZH=消灭所有随从。弃掉你的 手牌。; source=fireplace/cards/kobolds/warlock.py:167; existing_tests=无候选既有测试引用; previous_card_audit=YELLOW:2 个机制缺少充分的核心效果验证；逐机制依据见 card_mechanism.csv。; previous_mechanism_audit=存在定义或元数据候选；当前没有可复查的该机制核心效果断言。; prior_cross_card_issues=无; audit_scope=本轮实际运行逐卡断言。,Destroy all minions. Discard your hand.,消灭所有随从。弃掉你的 手牌。,fireplace/cards/kobolds/warlock.py:167
17.6.0.53261,Kobolds & Catacombs (LOOTAPALOOZA),LOOT_420,Skull of the Man'ari,堕落者之颅,Random effects|Summon|Trigger|Weapon,RED,partial,yes,"实测与卡牌文本不符：own_turn_begin_summons_demon_from_hand预期[At the start of its controller's turn, Skull summons a Demon from hand without summoning non-Demons.]，实际[AssertionError: weapon=LOOT_420:3;original_demon=EX1_310:HAND;summoned=[];added_demons_in_hand=['BT_121'];non_demon_remains=True]",card_mechanism.csv#LOOT_420; generic-play-smoke:played; effect-evidence: reports/card_quality_full_2026-09-27/set_probe_LOOTAPALOOZA.csv#LOOT_420::own_turn_begin_summons_demon_from_hand; per-card: reports/card_quality_full_2026-09-27/set_probe_LOOTAPALOOZA.csv#LOOT_420::own_turn_begin_summons_demon_from_hand,"聚合状态取该卡最差机制；普通烟测只证明可执行，不能单独构成 GREEN。 EN=At the start of your turn, summon a Demon from your hand.; ZH=在你的回合开始时，从你的手牌中召唤一个 恶魔。; source=fireplace/cards/kobolds/warlock.py:178; existing_tests=无候选既有测试引用; previous_card_audit=YELLOW:4 个机制缺少充分的核心效果验证；逐机制依据见 card_mechanism.csv。; previous_mechanism_audit=存在定义或元数据候选；当前没有可复查的该机制核心效果断言。; prior_cross_card_issues=无; audit_scope=本轮实际运行逐卡断言。","At the start of your turn, summon a Demon from your hand.",在你的回合开始时，从你的手牌中召唤一个 恶魔。,fireplace/cards/kobolds/warlock.py:178
17.6.0.53261,Kobolds & Catacombs (LOOTAPALOOZA),LOOT_500,Val'anyr,瓦兰奈尔,Deathrattle|Trigger|Weapon,RED,partial,yes,"实测与卡牌文本不符：deathrattle_buffs_minion_in_hand预期[Val'anyr Deathrattle gives one hand minion exactly +4/+2.]，实际[AssertionError: (1, 1, 'HAND', 8, 7, 'PLAY')]",card_mechanism.csv#LOOT_500; generic-play-smoke:played; effect-evidence: reports/card_quality_full_2026-09-27/set_probe_LOOTAPALOOZA.csv#LOOT_500::deathrattle_buffs_minion_in_hand; reports/card_quality_full_2026-09-27/set_probe_LOOTAPALOOZA.csv#LOOT_500::buffed_minion_death_reequips_weapon; per-card: reports/card_quality_full_2026-09-27/set_probe_LOOTAPALOOZA.csv#LOOT_500::deathrattle_buffs_minion_in_hand; reports/card_quality_full_2026-09-27/set_probe_LOOTAPALOOZA.csv#LOOT_500::buffed_minion_death_reequips_weapon,"聚合状态取该卡最差机制；普通烟测只证明可执行，不能单独构成 GREEN。 EN=Deathrattle: Give a minion in your hand +4/+2. When it dies, reequip this.; ZH=亡语：使你手牌中的一个随从获得+4/+2。当此随从死亡时，重新装备这把武器。; source=fireplace/cards/kobolds/paladin.py:154; existing_tests=无候选既有测试引用; previous_card_audit=YELLOW:3 个机制缺少充分的核心效果验证；逐机制依据见 card_mechanism.csv。; previous_mechanism_audit=存在定义或元数据候选；当前没有可复查的该机制核心效果断言。 / 存在效果脚本；烟测仅验证执行和基础状态，缺少充分逐卡效果断言。; prior_cross_card_issues=无; audit_scope=本轮实际运行逐卡断言。","Deathrattle: Give a minion in your hand +4/+2. When it dies, reequip this.",亡语：使你手牌中的一个随从获得+4/+2。当此随从死亡时，重新装备这把武器。,fireplace/cards/kobolds/paladin.py:154
17.6.0.53261,Kobolds & Catacombs (LOOTAPALOOZA),LOOT_503,Lesser Onyx Spellstone,小型法术黑曜石,Random effects|Spell resolution|Trigger,RED,partial,yes,"实测与卡牌文本不符：six_deathrattle_cards_upgrade_to_three_destroy预期[After six Deathrattle card plays, Onyx Spellstone reaches its Greater form.]，实际[AssertionError: (['LOOT_503t', 'LOOT_503t'], 'LOOT_503t')]",card_mechanism.csv#LOOT_503; generic-play-smoke:played; effect-evidence: reports/card_quality_full_2026-09-27/set_probe_LOOTAPALOOZA.csv#LOOT_503::base_spellstone_destroys_one_random_enemy; reports/card_quality_full_2026-09-27/set_probe_LOOTAPALOOZA.csv#LOOT_503::three_deathrattle_cards_upgrade_to_two_destroy; reports/card_quality_full_2026-09-27/set_probe_LOOTAPALOOZA.csv#LOOT_503::six_deathrattle_cards_upgrade_to_three_destroy; per-card: reports/card_quality_full_2026-09-27/set_probe_LOOTAPALOOZA.csv#LOOT_503::base_spellstone_destroys_one_random_enemy; reports/card_quality_full_2026-09-27/set_probe_LOOTAPALOOZA.csv#LOOT_503::three_deathrattle_cards_upgrade_to_two_destroy; reports/card_quality_full_2026-09-27/set_probe_LOOTAPALOOZA.csv#LOOT_503::six_deathrattle_cards_upgrade_to_three_destroy,聚合状态取该卡最差机制；普通烟测只证明可执行，不能单独构成 GREEN。 EN=Destroy 1 random enemy minion. @(Play 3 Deathrattle cards to upgrade.); ZH=随机消灭一个敌方随从。@（使用三张亡语牌后升级。）; source=fireplace/cards/kobolds/rogue.py:110; existing_tests=无候选既有测试引用; previous_card_audit=YELLOW:3 个机制缺少充分的核心效果验证；逐机制依据见 card_mechanism.csv。; previous_mechanism_audit=存在定义或元数据候选；当前没有可复查的该机制核心效果断言。; prior_cross_card_issues=无; audit_scope=本轮实际运行逐卡断言。,Destroy 1 random enemy minion. @(Play 3 Deathrattle cards to upgrade.),随机消灭一个敌方随从。@（使用三张亡语牌后升级。）,fireplace/cards/kobolds/rogue.py:110
17.6.0.53261,Kobolds & Catacombs (LOOTAPALOOZA),LOOT_504,Unstable Evolution,不稳定的异变,Cost modification|Spell resolution|Targeting|Transform,RED,partial,yes,实测与卡牌文本不符：repeatable_same_turn_evolve_and_expires预期[Each Unstable Evolution transforms its target into a minion costing one more; its generated repeat card works again this turn and expires at turn end.]，实际[AssertionError: ['LOOT_504t']],card_mechanism.csv#LOOT_504; generic-play-smoke:played; effect-evidence: reports/card_quality_full_2026-09-27/set_probe_LOOTAPALOOZA.csv#LOOT_504::repeatable_same_turn_evolve_and_expires; per-card: reports/card_quality_full_2026-09-27/set_probe_LOOTAPALOOZA.csv#LOOT_504::repeatable_same_turn_evolve_and_expires,聚合状态取该卡最差机制；普通烟测只证明可执行，不能单独构成 GREEN。 EN=Transform a friendly minion into one that costs (1) more. Repeatable this turn.; ZH=将一个友方随从随机变形成为一个法力值消耗增加（1）点的随从。在本回合可以重复使用。; source=fireplace/cards/kobolds/shaman.py:130; existing_tests=tests/test_kobolds.py:165:test_unstable_evolution; previous_card_audit=YELLOW:4 个机制缺少充分的核心效果验证；逐机制依据见 card_mechanism.csv。; previous_mechanism_audit=存在定义或元数据候选；当前没有可复查的该机制核心效果断言。 / 缺目标与非法自身目标均在付费/移区前被拒绝；合法目标效果仍需逐卡验证。; prior_cross_card_issues=无; audit_scope=本轮实际运行逐卡断言。,Transform a friendly minion into one that costs (1) more. Repeatable this turn.,将一个友方随从随机变形成为一个法力值消耗增加（1）点的随从。在本回合可以重复使用。,fireplace/cards/kobolds/shaman.py:130
17.6.0.53261,Kobolds & Catacombs (LOOTAPALOOZA),LOOT_506,The Runespear,符文之矛,Discover / Choice|Random effects|Trigger|Weapon,RED,partial,yes,"实测与卡牌文本不符：hero_attack_casts_target_spell_with_available_target预期[After attacking, Runespear discovers and casts a chosen target spell when a legal friendly target exists; The Lesser Sapphire Spellstone copies it.]，实际[AssertionError: ([('OG_027', 'SPELL', False), ('GVG_038', 'SPELL', True), ('LOOT_064', 'SPELL', True)], 'LOOT_064', 'SETASIDE', [], [('CS2_182', 'PLAY'), ('CS2_182', 'PLAY')], True, (4, 5, 1, 0), (4, 5, 1, 0), ('LOOT_064', 'GRAVEYARD', [('CS2_182', 'PLAY'), ('CS2_182', 'PLAY')]))]；hero_attack_casts_nontarget_spell预期[After attacking, Runespear discovers and casts a chosen spell that needs no target; Vivid Spores grants a Deathrattle that resummons the friendly minion.]，实际[AssertionError: (([('BT_110', 'SPELL', True), ('GVG_029', 'SPELL', False), ('BT_101', 'SPELL', False)], 'SETASIDE', [], False), 'direct_hand_cast_effect=True')]",card_mechanism.csv#LOOT_506; generic-play-smoke:played; effect-evidence: reports/card_quality_full_2026-09-27/set_probe_LOOTAPALOOZA.csv#LOOT_506::hero_attack_casts_target_spell_with_available_target; reports/card_quality_full_2026-09-27/set_probe_LOOTAPALOOZA.csv#LOOT_506::hero_attack_casts_nontarget_spell; per-card: reports/card_quality_full_2026-09-27/set_probe_LOOTAPALOOZA.csv#LOOT_506::hero_attack_casts_target_spell_with_available_target; reports/card_quality_full_2026-09-27/set_probe_LOOTAPALOOZA.csv#LOOT_506::hero_attack_casts_nontarget_spell,"聚合状态取该卡最差机制；普通烟测只证明可执行，不能单独构成 GREEN。 EN=After your hero attacks, Discover a spell and cast it with random targets.; ZH=在你的英雄攻击后，发现一张法术牌，并向随机目标施放。; source=fireplace/cards/kobolds/shaman.py:156; existing_tests=tests/test_kobolds.py:145:test_the_runespear; previous_card_audit=YELLOW:4 个机制缺少充分的核心效果验证；逐机制依据见 card_mechanism.csv。; previous_mechanism_audit=存在定义或元数据候选；当前没有可复查的该机制核心效果断言。; prior_cross_card_issues=无; audit_scope=本轮实际运行逐卡断言。","After your hero attacks, Discover a spell and cast it with random targets.",在你的英雄攻击后，发现一张法术牌，并向随机目标施放。,fireplace/cards/kobolds/shaman.py:156
17.6.0.53261,Kobolds & Catacombs (LOOTAPALOOZA),LOOT_507,Lesser Diamond Spellstone,小型法术钻石,Spell resolution|Summon|Trigger,GREEN,implemented,yes,"逐卡实际对局断言通过：base_resurrects_two_different_friendly_minions=resurrected=[('LOOT_413', 2, 3), ('CS2_231', 1, 1)];distinct=2;spell=GRAVEYARD；eight_spells_upgrade_to_greater_and_resurrect_four=upgrades=['LOOT_507t', 'LOOT_507t2'];resurrected=[('CS2_231', 1, 1), ('CS2_125', 3, 3), ('CS2_182', 4, 5), ('LOOT_413', 2, 3)];distinct=4",card_mechanism.csv#LOOT_507; generic-play-smoke:played; effect-evidence: reports/card_quality_full_2026-09-27/set_probe_LOOTAPALOOZA.csv#LOOT_507::base_resurrects_two_different_friendly_minions; reports/card_quality_full_2026-09-27/set_probe_LOOTAPALOOZA.csv#LOOT_507::eight_spells_upgrade_to_greater_and_resurrect_four; per-card: reports/card_quality_full_2026-09-27/set_probe_LOOTAPALOOZA.csv#LOOT_507::base_resurrects_two_different_friendly_minions; reports/card_quality_full_2026-09-27/set_probe_LOOTAPALOOZA.csv#LOOT_507::eight_spells_upgrade_to_greater_and_resurrect_four,聚合状态取该卡最差机制；普通烟测只证明可执行，不能单独构成 GREEN。 EN=Resurrect 2 different friendly minions. @(Cast 4 spells to upgrade.); ZH=复活两个不同的友方随从。@（施放四个法术后升级。）; source=fireplace/cards/kobolds/priest.py:188; existing_tests=无候选既有测试引用; previous_card_audit=YELLOW:3 个机制缺少充分的核心效果验证；逐机制依据见 card_mechanism.csv。; previous_mechanism_audit=存在定义或元数据候选；当前没有可复查的该机制核心效果断言。; prior_cross_card_issues=无; audit_scope=本轮实际运行逐卡断言。,Resurrect 2 different friendly minions. @(Cast 4 spells to upgrade.),复活两个不同的友方随从。@（施放四个法术后升级。）,fireplace/cards/kobolds/priest.py:188
17.6.0.53261,Kobolds & Catacombs (LOOTAPALOOZA),LOOT_511,Kathrena Winterwisp,卡瑟娜·冬灵,Battlecry|Deathrattle,GREEN,implemented,yes,逐卡实际对局断言通过：battlecry_and_deathrattle_recruit_beasts=battlecry_recruit=LOOT_258:PLAY;deathrattle_recruit=CS2_125:PLAY;non_beast_stays=True;kathrena=GRAVEYARD,card_mechanism.csv#LOOT_511; generic-play-smoke:played; effect-evidence: reports/card_quality_full_2026-09-27/set_probe_LOOTAPALOOZA.csv#LOOT_511::battlecry_and_deathrattle_recruit_beasts; per-card: reports/card_quality_full_2026-09-27/set_probe_LOOTAPALOOZA.csv#LOOT_511::battlecry_and_deathrattle_recruit_beasts,聚合状态取该卡最差机制；普通烟测只证明可执行，不能单独构成 GREEN。 EN=Battlecry and Deathrattle: Recruit a Beast.; ZH=战吼，亡语：招募一个野兽。; source=fireplace/cards/kobolds/hunter.py:15; existing_tests=无候选既有测试引用; previous_card_audit=YELLOW:2 个机制缺少充分的核心效果验证；逐机制依据见 card_mechanism.csv。; previous_mechanism_audit=存在定义或元数据候选；当前没有可复查的该机制核心效果断言。 / 存在效果脚本；烟测仅验证执行和基础状态，缺少充分逐卡效果断言。; prior_cross_card_issues=无; audit_scope=本轮实际运行逐卡断言。,Battlecry and Deathrattle: Recruit a Beast.,战吼，亡语：招募一个野兽。,fireplace/cards/kobolds/hunter.py:15
17.6.0.53261,Kobolds & Catacombs (LOOTAPALOOZA),LOOT_516,Zola the Gorgon,蛇发女妖佐拉,Battlecry|Targeting,YELLOW,implemented,partial,行为测试未完成：实测验证了所选随从的副本进入手牌，但该引擎没有暴露卡牌是否金色/高级外观的状态，无法验证文本中的 Golden 属性。,card_mechanism.csv#LOOT_516; generic-play-smoke:played; per-card: reports/card_quality_full_2026-09-27/set_probe_LOOTAPALOOZA.csv#LOOT_516::chooses_friendly_minion_and_adds_golden_copy,聚合状态取该卡最差机制；普通烟测只证明可执行，不能单独构成 GREEN。 EN=Battlecry: Choose a friendly minion. Add a Golden copy of it to your hand.; ZH=战吼：选择一个友方随从。将它的金色复制置入你的手牌。; source=fireplace/cards/kobolds/neutral_legendary.py:53; existing_tests=无候选既有测试引用; previous_card_audit=YELLOW:2 个机制缺少充分的核心效果验证；逐机制依据见 card_mechanism.csv。; previous_mechanism_audit=存在定义或元数据候选；当前没有可复查的该机制核心效果断言。 / 缺目标与非法自身目标均在付费/移区前被拒绝；合法目标效果仍需逐卡验证。; prior_cross_card_issues=无; audit_scope=本轮实际运行逐卡断言。,Battlecry: Choose a friendly minion. Add a Golden copy of it to your hand.,战吼：选择一个友方随从。将它的金色复制置入你的手牌。,fireplace/cards/kobolds/neutral_legendary.py:53
17.6.0.53261,Kobolds & Catacombs (LOOTAPALOOZA),LOOT_517,Murmuring Elemental,低语元素,Battlecry,RED,partial,yes,"实测与卡牌文本不符：next_battlecry_triggers_twice_once预期[Murmuring Elemental doubles the next Battlecry this turn, then a later Battlecry resolves once.]，实际[AssertionError: (False, 2, 4, <Zone.PLAY: 1>, <Zone.PLAY: 1>)]",card_mechanism.csv#LOOT_517; generic-play-smoke:played; effect-evidence: reports/card_quality_full_2026-09-27/set_probe_LOOTAPALOOZA.csv#LOOT_517::next_battlecry_triggers_twice_once; per-card: reports/card_quality_full_2026-09-27/set_probe_LOOTAPALOOZA.csv#LOOT_517::next_battlecry_triggers_twice_once,聚合状态取该卡最差机制；普通烟测只证明可执行，不能单独构成 GREEN。 EN=Battlecry: Your next Battlecry this turn triggers twice.; ZH=战吼：你在本回合使用的下一张战吼牌将触发两次。; source=fireplace/cards/kobolds/shaman.py:27; existing_tests=无候选既有测试引用; previous_card_audit=YELLOW:1 个机制缺少充分的核心效果验证；逐机制依据见 card_mechanism.csv。; previous_mechanism_audit=存在定义或元数据候选；当前没有可复查的该机制核心效果断言。; prior_cross_card_issues=无; audit_scope=本轮实际运行逐卡断言。,Battlecry: Your next Battlecry this turn triggers twice.,战吼：你在本回合使用的下一张战吼牌将触发两次。,fireplace/cards/kobolds/shaman.py:27
17.6.0.53261,Kobolds & Catacombs (LOOTAPALOOZA),LOOT_518,Windshear Stormcaller,风剪唤风者,Battlecry|Summon,GREEN,implemented,yes,"逐卡实际对局断言通过：four_basic_totems_summon_alakir=totems=['CS2_050', 'CS2_051', 'CS2_052', 'NEW1_009'];alakir=('NEW1_010', 3, 5, 1, 1, 1, 1);stormcaller=PLAY；missing_basic_totem_no_alakir=basic_totems=3;alakir_count=0;stormcaller=PLAY",card_mechanism.csv#LOOT_518; generic-play-smoke:played; effect-evidence: reports/card_quality_full_2026-09-27/set_probe_LOOTAPALOOZA.csv#LOOT_518::four_basic_totems_summon_alakir; reports/card_quality_full_2026-09-27/set_probe_LOOTAPALOOZA.csv#LOOT_518::missing_basic_totem_no_alakir; per-card: reports/card_quality_full_2026-09-27/set_probe_LOOTAPALOOZA.csv#LOOT_518::four_basic_totems_summon_alakir; reports/card_quality_full_2026-09-27/set_probe_LOOTAPALOOZA.csv#LOOT_518::missing_basic_totem_no_alakir,"聚合状态取该卡最差机制；普通烟测只证明可执行，不能单独构成 GREEN。 EN=Battlecry: If you control all 4 basic Totems, summon Al'Akir the Windlord.; ZH=战吼：如果你控制全部四种基础图腾，则召唤风领主奥拉基尔。; source=fireplace/cards/kobolds/shaman.py:40; existing_tests=tests/test_kobolds.py:95:test_windshear_stormcaller; previous_card_audit=YELLOW:2 个机制缺少充分的核心效果验证；逐机制依据见 card_mechanism.csv。; previous_mechanism_audit=存在定义或元数据候选；当前没有可复查的该机制核心效果断言。; prior_cross_card_issues=无; audit_scope=本轮实际运行逐卡断言。","Battlecry: If you control all 4 basic Totems, summon Al'Akir the Windlord.",战吼：如果你控制全部四种基础图腾，则召唤风领主奥拉基尔。,fireplace/cards/kobolds/shaman.py:40
17.6.0.53261,Kobolds & Catacombs (LOOTAPALOOZA),LOOT_519,Geosculptor Yip,地塑师伊普,Random effects|Summon|Trigger,GREEN,implemented,yes,"逐卡实际对局断言通过：end_turn_minion_cost_equals_armor_capped_at_ten=armor=4;minion=[('BT_123', 4, 'PLAY')];armor=12;minion=[('UNG_852', 10, 'PLAY')]",card_mechanism.csv#LOOT_519; generic-play-smoke:played; effect-evidence: reports/card_quality_full_2026-09-27/set_probe_LOOTAPALOOZA.csv#LOOT_519::end_turn_minion_cost_equals_armor_capped_at_ten; per-card: reports/card_quality_full_2026-09-27/set_probe_LOOTAPALOOZA.csv#LOOT_519::end_turn_minion_cost_equals_armor_capped_at_ten,"聚合状态取该卡最差机制；普通烟测只证明可执行，不能单独构成 GREEN。 EN=At the end of your turn, summon a random minion with Cost equal to your Armor (up to 10).; ZH=在你的回合结束时，随机召唤一个法力值消耗等同于你的护甲值（最高不超过10点）的随从。; source=fireplace/cards/kobolds/warrior.py:29; existing_tests=无候选既有测试引用; previous_card_audit=YELLOW:3 个机制缺少充分的核心效果验证；逐机制依据见 card_mechanism.csv。; previous_mechanism_audit=存在定义或元数据候选；当前没有可复查的该机制核心效果断言。; prior_cross_card_issues=无; audit_scope=本轮实际运行逐卡断言。","At the end of your turn, summon a random minion with Cost equal to your Armor (up to 10).",在你的回合结束时，随机召唤一个法力值消耗等同于你的护甲值（最高不超过10点）的随从。,fireplace/cards/kobolds/warrior.py:29
17.6.0.53261,Kobolds & Catacombs (LOOTAPALOOZA),LOOT_520,Seeping Oozeling,渗水的软泥怪,Battlecry|Random effects,GREEN,implemented,yes,逐卡实际对局断言通过：copies_deck_minion_deathrattle_and_triggers_it=copied_source=LOOT_413;armor=0->3;source_stays_in_deck=True;plain_stays=True;oozeling=GRAVEYARD,card_mechanism.csv#LOOT_520; generic-play-smoke:played; effect-evidence: reports/card_quality_full_2026-09-27/set_probe_LOOTAPALOOZA.csv#LOOT_520::copies_deck_minion_deathrattle_and_triggers_it; per-card: reports/card_quality_full_2026-09-27/set_probe_LOOTAPALOOZA.csv#LOOT_520::copies_deck_minion_deathrattle_and_triggers_it,聚合状态取该卡最差机制；普通烟测只证明可执行，不能单独构成 GREEN。 EN=Battlecry: Gain the Deathrattle of a random minion in your deck.; ZH=战吼： 随机获得牌库中一个随从的亡语。; source=fireplace/cards/kobolds/hunter.py:22; existing_tests=无候选既有测试引用; previous_card_audit=YELLOW:2 个机制缺少充分的核心效果验证；逐机制依据见 card_mechanism.csv。; previous_mechanism_audit=存在定义或元数据候选；当前没有可复查的该机制核心效果断言。; prior_cross_card_issues=无; audit_scope=本轮实际运行逐卡断言。,Battlecry: Gain the Deathrattle of a random minion in your deck.,战吼： 随机获得牌库中一个随从的亡语。,fireplace/cards/kobolds/hunter.py:22
17.6.0.53261,Kobolds & Catacombs (LOOTAPALOOZA),LOOT_521,Master Oakheart,欧克哈特大师,Battlecry,RED,partial,yes,"实测与卡牌文本不符：recruits_one_two_three_attack_minions预期[Oakheart Recruits one minion at each of 1, 2, and 3 Attack, leaving a higher-Attack deck minion behind.]，实际[AssertionError: ([('CS2_059', 0, 'PLAY'), ('DRG_010', 4, 'PLAY'), ('FP1_007', 0, 'PLAY')], ['CS2_119', 'CS2_231', 'AT_006'], 'PLAY')]",card_mechanism.csv#LOOT_521; generic-play-smoke:played; effect-evidence: reports/card_quality_full_2026-09-27/set_probe_LOOTAPALOOZA.csv#LOOT_521::recruits_one_two_three_attack_minions; per-card: reports/card_quality_full_2026-09-27/set_probe_LOOTAPALOOZA.csv#LOOT_521::recruits_one_two_three_attack_minions,"聚合状态取该卡最差机制；普通烟测只证明可执行，不能单独构成 GREEN。 EN=Battlecry: Recruit a 1, 2, and 3-Attack minion.; ZH=战吼： 招募攻击力为1，2，3的随从各一个。; source=fireplace/cards/kobolds/neutral_legendary.py:65; existing_tests=无候选既有测试引用; previous_card_audit=YELLOW:1 个机制缺少充分的核心效果验证；逐机制依据见 card_mechanism.csv。; previous_mechanism_audit=存在定义或元数据候选；当前没有可复查的该机制核心效果断言。; prior_cross_card_issues=无; audit_scope=本轮实际运行逐卡断言。","Battlecry: Recruit a 1, 2, and 3-Attack minion.",战吼： 招募攻击力为1，2，3的随从各一个。,fireplace/cards/kobolds/neutral_legendary.py:65
17.6.0.53261,Kobolds & Catacombs (LOOTAPALOOZA),LOOT_522,Crushing Walls,碾压墙,Spell resolution,GREEN,implemented,yes,"逐卡实际对局断言通过：destroys_both_edge_enemy_minions=enemies_left_to_right=[('CS2_231', 'GRAVEYARD', 1), ('CS2_182', 'PLAY', 5), ('CS2_125', 'PLAY', 3), ('CS2_196', 'GRAVEYARD', 3)];friendly=PLAY;spell=GRAVEYARD；single_enemy_minion_destroyed_once=one_enemy=GRAVEYARD;enemy_field=0",card_mechanism.csv#LOOT_522; generic-play-smoke:played; effect-evidence: reports/card_quality_full_2026-09-27/set_probe_LOOTAPALOOZA.csv#LOOT_522::destroys_both_edge_enemy_minions; reports/card_quality_full_2026-09-27/set_probe_LOOTAPALOOZA.csv#LOOT_522::single_enemy_minion_destroyed_once; per-card: reports/card_quality_full_2026-09-27/set_probe_LOOTAPALOOZA.csv#LOOT_522::destroys_both_edge_enemy_minions; reports/card_quality_full_2026-09-27/set_probe_LOOTAPALOOZA.csv#LOOT_522::single_enemy_minion_destroyed_once,聚合状态取该卡最差机制；普通烟测只证明可执行，不能单独构成 GREEN。 EN=Destroy your opponent's left and right-most minions.; ZH=消灭对手场上最左边和最右边的随从。; source=fireplace/cards/kobolds/hunter.py:104; existing_tests=tests/test_kobolds.py:103:test_crushing_walls | tests/test_kobolds.py:109:test_crushing_walls | tests/test_kobolds.py:116:test_crushing_walls; previous_card_audit=YELLOW:1 个机制缺少充分的核心效果验证；逐机制依据见 card_mechanism.csv。; previous_mechanism_audit=存在定义或元数据候选；当前没有可复查的该机制核心效果断言。; prior_cross_card_issues=无; audit_scope=本轮实际运行逐卡断言。,Destroy your opponent's left and right-most minions.,消灭对手场上最左边和最右边的随从。,fireplace/cards/kobolds/hunter.py:104
17.6.0.53261,Kobolds & Catacombs (LOOTAPALOOZA),LOOT_526,The Darkness,黑暗之主,Battlecry|Trigger,RED,partial,yes,"实测与卡牌文本不符：battlecry_shuffles_three_candles_into_enemy_deck预期[The Darkness starts Dormant and shuffles exactly three Candles into the opponent's deck.]，实际[AssertionError: (True, 0, 0, 3, 'PLAY')]",card_mechanism.csv#LOOT_526; generic-play-smoke:played; effect-evidence: reports/card_quality_full_2026-09-27/set_probe_LOOTAPALOOZA.csv#LOOT_526::battlecry_shuffles_three_candles_into_enemy_deck; reports/card_quality_full_2026-09-27/set_probe_LOOTAPALOOZA.csv#LOOT_526::three_opponent_candle_draws_awaken_darkness; per-card: reports/card_quality_full_2026-09-27/set_probe_LOOTAPALOOZA.csv#LOOT_526::battlecry_shuffles_three_candles_into_enemy_deck; reports/card_quality_full_2026-09-27/set_probe_LOOTAPALOOZA.csv#LOOT_526::three_opponent_candle_draws_awaken_darkness,"聚合状态取该卡最差机制；普通烟测只证明可执行，不能单独构成 GREEN。 EN=[x]Starts Dormant. Battlecry: Shuffle 3 Candles into the enemy deck. When drawn, this awakens.; ZH=起始休眠状态。 战吼：将三张蜡烛牌洗入对手的牌库。抽到三张蜡烛牌后唤醒该随从。; source=fireplace/cards/kobolds/neutral_legendary.py:72; existing_tests=tests/test_kobolds.py:56:test_the_darkness; previous_card_audit=YELLOW:2 个机制缺少充分的核心效果验证；逐机制依据见 card_mechanism.csv。; previous_mechanism_audit=存在定义或元数据候选；当前没有可复查的该机制核心效果断言。; prior_cross_card_issues=无; audit_scope=本轮实际运行逐卡断言。","[x]Starts Dormant. Battlecry: Shuffle 3 Candles into the enemy deck. When drawn, this awakens.",起始休眠状态。 战吼：将三张蜡烛牌洗入对手的牌库。抽到三张蜡烛牌后唤醒该随从。,fireplace/cards/kobolds/neutral_legendary.py:72
17.6.0.53261,Kobolds & Catacombs (LOOTAPALOOZA),LOOT_528,Twilight Acolyte,暮光侍僧,Battlecry|Targeting,GREEN,implemented,yes,逐卡实际对局断言通过：dragon_held_swaps_attack_with_selected_minion=dragon_held=True;target_attack=2;acolyte_attack=4;target=PLAY;acolyte=PLAY；without_dragon_attack_is_not_swapped=dragon_held=False;target_attack=4;acolyte_attack=2;target=PLAY,card_mechanism.csv#LOOT_528; generic-play-smoke:played; effect-evidence: reports/card_quality_full_2026-09-27/set_probe_LOOTAPALOOZA.csv#LOOT_528::dragon_held_swaps_attack_with_selected_minion; reports/card_quality_full_2026-09-27/set_probe_LOOTAPALOOZA.csv#LOOT_528::without_dragon_attack_is_not_swapped; per-card: reports/card_quality_full_2026-09-27/set_probe_LOOTAPALOOZA.csv#LOOT_528::dragon_held_swaps_attack_with_selected_minion; reports/card_quality_full_2026-09-27/set_probe_LOOTAPALOOZA.csv#LOOT_528::without_dragon_attack_is_not_swapped,"聚合状态取该卡最差机制；普通烟测只证明可执行，不能单独构成 GREEN。 EN=Battlecry: If you're holding a Dragon, swap this minion's Attack with another minion's.; ZH=战吼：如果你的手牌中有龙牌，则将此随从的攻击力与另一个随从交换。; source=fireplace/cards/kobolds/priest.py:19; existing_tests=无候选既有测试引用; previous_card_audit=YELLOW:2 个机制缺少充分的核心效果验证；逐机制依据见 card_mechanism.csv。; previous_mechanism_audit=存在定义或元数据候选；当前没有可复查的该机制核心效果断言。; prior_cross_card_issues=无; audit_scope=本轮实际运行逐卡断言。","Battlecry: If you're holding a Dragon, swap this minion's Attack with another minion's.",战吼：如果你的手牌中有龙牌，则将此随从的攻击力与另一个随从交换。,fireplace/cards/kobolds/priest.py:19
17.6.0.53261,Kobolds & Catacombs (LOOTAPALOOZA),LOOT_529,Void Ripper,虚空撕裂者,Battlecry,GREEN,implemented,yes,"逐卡实际对局断言通过：battlecry_swaps_other_minions_attack_and_health=other_minions_before=(4, 5, 2, 7);after=(5, 4, 7, 2);ripper=(3, 3, 'PLAY')",card_mechanism.csv#LOOT_529; generic-play-smoke:played; effect-evidence: reports/card_quality_full_2026-09-27/set_probe_LOOTAPALOOZA.csv#LOOT_529::battlecry_swaps_other_minions_attack_and_health; per-card: reports/card_quality_full_2026-09-27/set_probe_LOOTAPALOOZA.csv#LOOT_529::battlecry_swaps_other_minions_attack_and_health,聚合状态取该卡最差机制；普通烟测只证明可执行，不能单独构成 GREEN。 EN=Battlecry: Swap the Attack and Health of all other minions.; ZH=战吼： 使所有其他随从的攻击力和生命值互换。; source=fireplace/cards/kobolds/neutral_epic.py:82; existing_tests=无候选既有测试引用; previous_card_audit=YELLOW:1 个机制缺少充分的核心效果验证；逐机制依据见 card_mechanism.csv。; previous_mechanism_audit=存在定义或元数据候选；当前没有可复查的该机制核心效果断言。; prior_cross_card_issues=无; audit_scope=本轮实际运行逐卡断言。,Battlecry: Swap the Attack and Health of all other minions.,战吼： 使所有其他随从的攻击力和生命值互换。,fireplace/cards/kobolds/neutral_epic.py:82
17.6.0.53261,Kobolds & Catacombs (LOOTAPALOOZA),LOOT_534,Gilded Gargoyle,镀金的石像鬼,Deathrattle,GREEN,implemented,yes,"逐卡实际对局断言通过：deathrattle_adds_coin_to_hand=gargoyle=GRAVEYARD;deathrattle_added=[('GAME_005', 'HAND')];hand_size=1",card_mechanism.csv#LOOT_534; generic-play-smoke:played; effect-evidence: reports/card_quality_full_2026-09-27/set_probe_LOOTAPALOOZA.csv#LOOT_534::deathrattle_adds_coin_to_hand; per-card: reports/card_quality_full_2026-09-27/set_probe_LOOTAPALOOZA.csv#LOOT_534::deathrattle_adds_coin_to_hand,聚合状态取该卡最差机制；普通烟测只证明可执行，不能单独构成 GREEN。 EN=Deathrattle: Add a Coin to your hand.; ZH=亡语：将一个幸运币置入你的手牌。; source=fireplace/cards/kobolds/priest.py:35; existing_tests=无候选既有测试引用; previous_card_audit=YELLOW:1 个机制缺少充分的核心效果验证；逐机制依据见 card_mechanism.csv。; previous_mechanism_audit=存在效果脚本；烟测仅验证执行和基础状态，缺少充分逐卡效果断言。; prior_cross_card_issues=无; audit_scope=本轮实际运行逐卡断言。,Deathrattle: Add a Coin to your hand.,亡语：将一个幸运币置入你的手牌。,fireplace/cards/kobolds/priest.py:35
17.6.0.53261,Kobolds & Catacombs (LOOTAPALOOZA),LOOT_535,Dragoncaller Alanna,巨龙召唤者奥兰纳,Battlecry|Summon,GREEN,implemented,yes,"逐卡实际对局断言通过：five_plus_spells_each_summon_five_five_dragon=five_plus_spells=2;cheap_spell=GRAVEYARD;dragons=[('LOOT_535t', 5, 5, 'PLAY'), ('LOOT_535t', 5, 5, 'PLAY')];alanna=PLAY;enemy_hero=19；zero_qualifying_spells_summons_no_dragon=five_plus_spells=0;dragons=0;alanna=PLAY",card_mechanism.csv#LOOT_535; generic-play-smoke:played; effect-evidence: reports/card_quality_full_2026-09-27/set_probe_LOOTAPALOOZA.csv#LOOT_535::five_plus_spells_each_summon_five_five_dragon; reports/card_quality_full_2026-09-27/set_probe_LOOTAPALOOZA.csv#LOOT_535::zero_qualifying_spells_summons_no_dragon; per-card: reports/card_quality_full_2026-09-27/set_probe_LOOTAPALOOZA.csv#LOOT_535::five_plus_spells_each_summon_five_five_dragon; reports/card_quality_full_2026-09-27/set_probe_LOOTAPALOOZA.csv#LOOT_535::zero_qualifying_spells_summons_no_dragon,聚合状态取该卡最差机制；普通烟测只证明可执行，不能单独构成 GREEN。 EN=Battlecry: Summon a 5/5 Dragon for each spell you cast this game that costs (5) or more.; ZH=战吼：在本局对战中，你每施放过一个法力值消耗大于或等于（5）点的法术，便召唤一个5/5的龙。; source=fireplace/cards/kobolds/mage.py:22; existing_tests=无候选既有测试引用; previous_card_audit=YELLOW:2 个机制缺少充分的核心效果验证；逐机制依据见 card_mechanism.csv。; previous_mechanism_audit=存在定义或元数据候选；当前没有可复查的该机制核心效果断言。; prior_cross_card_issues=无; audit_scope=本轮实际运行逐卡断言。,Battlecry: Summon a 5/5 Dragon for each spell you cast this game that costs (5) or more.,战吼：在本局对战中，你每施放过一个法力值消耗大于或等于（5）点的法术，便召唤一个5/5的龙。,fireplace/cards/kobolds/mage.py:22
17.6.0.53261,Kobolds & Catacombs (LOOTAPALOOZA),LOOT_537,Leyline Manipulator,魔网操控者,Battlecry,RED,partial,yes,"实测与卡牌文本不符：reduces_only_hand_card_not_from_starting_deck预期[Leyline Manipulator reduces the Cost of cards in hand that did not start in the deck by 2; starting-deck cards keep their Cost.]，实际[AssertionError: ((6, 4), (4, 4), True, True, 'PLAY')]；starting_deck_only_hand_is_unchanged预期[If the hand contains only starting-deck cards, Leyline Manipulator does not reduce their Cost.]，实际[AssertionError: (6, 4, True)]",card_mechanism.csv#LOOT_537; generic-play-smoke:played; effect-evidence: reports/card_quality_full_2026-09-27/set_probe_LOOTAPALOOZA.csv#LOOT_537::reduces_only_hand_card_not_from_starting_deck; reports/card_quality_full_2026-09-27/set_probe_LOOTAPALOOZA.csv#LOOT_537::starting_deck_only_hand_is_unchanged; per-card: reports/card_quality_full_2026-09-27/set_probe_LOOTAPALOOZA.csv#LOOT_537::reduces_only_hand_card_not_from_starting_deck; reports/card_quality_full_2026-09-27/set_probe_LOOTAPALOOZA.csv#LOOT_537::starting_deck_only_hand_is_unchanged,"聚合状态取该卡最差机制；普通烟测只证明可执行，不能单独构成 GREEN。 EN=Battlecry: If you're holding any cards that didn't start in your deck, reduce their Cost by (2).; ZH=战吼：如果你的手牌中有你的套牌之外的牌，则这些牌的法力值消耗减少（2）点。; source=fireplace/cards/kobolds/mage.py:32; existing_tests=无候选既有测试引用; previous_card_audit=YELLOW:1 个机制缺少充分的核心效果验证；逐机制依据见 card_mechanism.csv。; previous_mechanism_audit=存在定义或元数据候选；当前没有可复查的该机制核心效果断言。; prior_cross_card_issues=无; audit_scope=本轮实际运行逐卡断言。","Battlecry: If you're holding any cards that didn't start in your deck, reduce their Cost by (2).",战吼：如果你的手牌中有你的套牌之外的牌，则这些牌的法力值消耗减少（2）点。,fireplace/cards/kobolds/mage.py:32
17.6.0.53261,Kobolds & Catacombs (LOOTAPALOOZA),LOOT_538,Temporus,坦普卢斯,Battlecry,GREEN,implemented,yes,"逐卡实际对局断言通过：battlecry_grants_two_opponent_turns_then_two_own=queued=['Player1', 'Player1', 'Player2', 'Player2'];current_players=['P2', 'P2', 'P1', 'P1'];temporus=PLAY",card_mechanism.csv#LOOT_538; generic-play-smoke:played; effect-evidence: reports/card_quality_full_2026-09-27/set_probe_LOOTAPALOOZA.csv#LOOT_538::battlecry_grants_two_opponent_turns_then_two_own; per-card: reports/card_quality_full_2026-09-27/set_probe_LOOTAPALOOZA.csv#LOOT_538::battlecry_grants_two_opponent_turns_then_two_own,聚合状态取该卡最差机制；普通烟测只证明可执行，不能单独构成 GREEN。 EN=Battlecry: Your opponent takes two turns. Then you take two turns.; ZH=战吼：在本回合结束后，你的对手连续行动两个回合。然后你行动两个回合。; source=fireplace/cards/kobolds/priest.py:42; existing_tests=无候选既有测试引用; previous_card_audit=YELLOW:1 个机制缺少充分的核心效果验证；逐机制依据见 card_mechanism.csv。; previous_mechanism_audit=存在定义或元数据候选；当前没有可复查的该机制核心效果断言。; prior_cross_card_issues=无; audit_scope=本轮实际运行逐卡断言。,Battlecry: Your opponent takes two turns. Then you take two turns.,战吼：在本回合结束后，你的对手连续行动两个回合。然后你行动两个回合。,fireplace/cards/kobolds/priest.py:42
17.6.0.53261,Kobolds & Catacombs (LOOTAPALOOZA),LOOT_539,Spiteful Summoner,恶毒的召唤师,Battlecry|Random effects|Summon|Targeting,GREEN,implemented,yes,"逐卡实际对局断言通过：revealed_deck_spell_cost_matches_summoned_minion=revealed_spell=CS2_032:cost7:DECK;deck_contains_spell=True;summoned=[('EX1_185', 7, 'PLAY')];summoner=PLAY；empty_deck_has_no_spell_to_copy_cost=deck_spell_count=0;summoned=0;summoner=PLAY",card_mechanism.csv#LOOT_539; generic-play-smoke:played; effect-evidence: reports/card_quality_full_2026-09-27/set_probe_LOOTAPALOOZA.csv#LOOT_539::revealed_deck_spell_cost_matches_summoned_minion; reports/card_quality_full_2026-09-27/set_probe_LOOTAPALOOZA.csv#LOOT_539::empty_deck_has_no_spell_to_copy_cost; per-card: reports/card_quality_full_2026-09-27/set_probe_LOOTAPALOOZA.csv#LOOT_539::revealed_deck_spell_cost_matches_summoned_minion; reports/card_quality_full_2026-09-27/set_probe_LOOTAPALOOZA.csv#LOOT_539::empty_deck_has_no_spell_to_copy_cost,聚合状态取该卡最差机制；普通烟测只证明可执行，不能单独构成 GREEN。 EN=[x]Battlecry: Reveal a spell from your deck. Summon  a random minion with the same Cost.; ZH=战吼：揭示你牌库中的一张法术牌。随机召唤一个法力值消耗与其相同的随从。; source=fireplace/cards/kobolds/neutral_epic.py:92; existing_tests=无候选既有测试引用; previous_card_audit=YELLOW:4 个机制缺少充分的核心效果验证；逐机制依据见 card_mechanism.csv。; previous_mechanism_audit=存在定义或元数据候选；当前没有可复查的该机制核心效果断言。; prior_cross_card_issues=无; audit_scope=本轮实际运行逐卡断言。,[x]Battlecry: Reveal a spell from your deck. Summon  a random minion with the same Cost.,战吼：揭示你牌库中的一张法术牌。随机召唤一个法力值消耗与其相同的随从。,fireplace/cards/kobolds/neutral_epic.py:92
17.6.0.53261,Kobolds & Catacombs (LOOTAPALOOZA),LOOT_540,Dragonhatcher,驯龙师,Trigger,GREEN,implemented,yes,"逐卡实际对局断言通过：end_turn_recruits_dragon_and_leaves_non_dragon=dragon_recruited=[('EX1_563', 'DRAGON', 'PLAY')];dragon_left_deck=True;non_dragon_stays=True;hatcher=PLAY；no_deck_dragon_does_not_summon=dragon_count_in_deck=0;recruited=0;hatcher=PLAY",card_mechanism.csv#LOOT_540; generic-play-smoke:played; effect-evidence: reports/card_quality_full_2026-09-27/set_probe_LOOTAPALOOZA.csv#LOOT_540::end_turn_recruits_dragon_and_leaves_non_dragon; reports/card_quality_full_2026-09-27/set_probe_LOOTAPALOOZA.csv#LOOT_540::no_deck_dragon_does_not_summon; per-card: reports/card_quality_full_2026-09-27/set_probe_LOOTAPALOOZA.csv#LOOT_540::end_turn_recruits_dragon_and_leaves_non_dragon; reports/card_quality_full_2026-09-27/set_probe_LOOTAPALOOZA.csv#LOOT_540::no_deck_dragon_does_not_summon,"聚合状态取该卡最差机制；普通烟测只证明可执行，不能单独构成 GREEN。 EN=At the end of your turn, Recruit a Dragon.; ZH=在你的回合结束时，招募一条龙。; source=fireplace/cards/kobolds/neutral_epic.py:102; existing_tests=无候选既有测试引用; previous_card_audit=YELLOW:1 个机制缺少充分的核心效果验证；逐机制依据见 card_mechanism.csv。; previous_mechanism_audit=存在定义或元数据候选；当前没有可复查的该机制核心效果断言。; prior_cross_card_issues=无; audit_scope=本轮实际运行逐卡断言。","At the end of your turn, Recruit a Dragon.",在你的回合结束时，招募一条龙。,fireplace/cards/kobolds/neutral_epic.py:102
17.6.0.53261,Kobolds & Catacombs (LOOTAPALOOZA),LOOT_541,King Togwaggle,托瓦格尔国王,Battlecry,GREEN,implemented,yes,逐卡实际对局断言通过：battlecry_swaps_decks_and_gives_ransom_to_restore=after_togwaggle=player1:['CS2_182'];player2:['CS2_231'];ransom_given=True;after_ransom=player1:['CS2_231'];player2:['CS2_182'];used_ransom=GRAVEYARD;returned_ransom=HAND;king=PLAY,card_mechanism.csv#LOOT_541; generic-play-smoke:played; effect-evidence: reports/card_quality_full_2026-09-27/set_probe_LOOTAPALOOZA.csv#LOOT_541::battlecry_swaps_decks_and_gives_ransom_to_restore; per-card: reports/card_quality_full_2026-09-27/set_probe_LOOTAPALOOZA.csv#LOOT_541::battlecry_swaps_decks_and_gives_ransom_to_restore,聚合状态取该卡最差机制；普通烟测只证明可执行，不能单独构成 GREEN。 EN=[x]Battlecry: Swap decks with your opponent. Give them a Ransom spell to swap back.; ZH=战吼：与你的对手交换牌库。你的对手获得一张“赎金”法术牌，可以将牌库交换回来。; source=fireplace/cards/kobolds/neutral_legendary.py:88; existing_tests=tests/test_kobolds.py:66:test_king_togwaggle; previous_card_audit=YELLOW:1 个机制缺少充分的核心效果验证；逐机制依据见 card_mechanism.csv。; previous_mechanism_audit=存在定义或元数据候选；当前没有可复查的该机制核心效果断言。; prior_cross_card_issues=无; audit_scope=本轮实际运行逐卡断言。,[x]Battlecry: Swap decks with your opponent. Give them a Ransom spell to swap back.,战吼：与你的对手交换牌库。你的对手获得一张“赎金”法术牌，可以将牌库交换回来。,fireplace/cards/kobolds/neutral_legendary.py:88
17.6.0.53261,Kobolds & Catacombs (LOOTAPALOOZA),LOOT_542,Kingsbane,弑君,Deathrattle|Weapon,GREEN,implemented,yes,"逐卡实际对局断言通过：deathrattle_shuffles_kingsbane_and_preserves_weapon_buffs=poisons=('GRAVEYARD', 'GRAVEYARD');deathrattle_deck=[('LOOT_542', 5, 6, 'DECK')];drawn=('LOOT_542', 'HAND', 5, 6);replayed=(5, 6, 'PLAY')",card_mechanism.csv#LOOT_542; generic-play-smoke:played; effect-evidence: reports/card_quality_full_2026-09-27/set_probe_LOOTAPALOOZA.csv#LOOT_542::deathrattle_shuffles_kingsbane_and_preserves_weapon_buffs; per-card: reports/card_quality_full_2026-09-27/set_probe_LOOTAPALOOZA.csv#LOOT_542::deathrattle_shuffles_kingsbane_and_preserves_weapon_buffs,聚合状态取该卡最差机制；普通烟测只证明可执行，不能单独构成 GREEN。 EN=[x]Always keeps enchantments. Deathrattle: Shuffle this into your deck.; ZH=亡语： 将这把武器洗入你的牌库。保留所有额外效果。; source=fireplace/cards/kobolds/rogue.py:154; existing_tests=无候选既有测试引用; previous_card_audit=YELLOW:2 个机制缺少充分的核心效果验证；逐机制依据见 card_mechanism.csv。; previous_mechanism_audit=亡语把本体移往其他区域，墓地断言不适用；仍需充分逐卡效果验证。 / 存在定义或元数据候选；当前没有可复查的该机制核心效果断言。; prior_cross_card_issues=无; audit_scope=本轮实际运行逐卡断言。,[x]Always keeps enchantments. Deathrattle: Shuffle this into your deck.,亡语： 将这把武器洗入你的牌库。保留所有额外效果。,fireplace/cards/kobolds/rogue.py:154
