version,set,card_id,name_en,name_zh,mechanic,status,implementation,tested,reason,evidence,notes,card_text_en,card_text_zh,python_source
17.6.0.53261,Rise of Shadows (DALARAN),DAL_007,Rafaam's Scheme,拉法姆的阴谋,Spell resolution|Summon,GREEN,implemented,yes,"逐卡关键行为断言通过：fresh_one_imp: upgraded=False;progress=0;imps=[(1, 1, 'PLAY')];spell=GRAVEYARD; one_turn_two_imps: upgraded=True;progress=1;imps=[(1, 1, 'PLAY'), (1, 1, 'PLAY')];spell=GRAVEYARD",card_mechanism.csv#DAL_007; generic-play-smoke:played; effect-evidence: reports/card_quality_full_2026-09-27/set_probe_DALARAN.csv#DAL_007::fresh_one_imp; reports/card_quality_full_2026-09-27/set_probe_DALARAN.csv#DAL_007::one_turn_two_imps; per-card: reports/card_quality_full_2026-09-27/set_probe_DALARAN.csv#DAL_007::fresh_one_imp; reports/card_quality_full_2026-09-27/set_probe_DALARAN.csv#DAL_007::one_turn_two_imps,"聚合状态取该卡最差机制；普通烟测只证明可执行，不能单独构成 GREEN。 EN=Summon @ 1/1 |4(Imp, Imps). (Upgrades each turn!); ZH=召唤@个1/1的小鬼。（每回合都会升级！）; source=fireplace/cards/dalaran/warlock.py:78; existing_tests=none; prior=YELLOW:2 个机制缺少充分的核心效果验证；逐机制依据见 card_mechanism.csv。; prior_evidence=card_mechanism.csv#DAL_007; generic-play-smoke:played","Summon @ 1/1 |4(Imp, Imps). (Upgrades each turn!)",召唤@个1/1的小鬼。（每回合都会升级！）,fireplace/cards/dalaran/warlock.py:78
17.6.0.53261,Rise of Shadows (DALARAN),DAL_008,Dr. Boom's Scheme,砰砰博士的阴谋,Spell resolution,GREEN,implemented,yes,逐卡关键行为断言通过：fresh_one_armor: upgraded=False;progress=0;armor=1;spell=GRAVEYARD; one_turn_two_armor: upgraded=True;progress=1;armor=2;spell=GRAVEYARD,card_mechanism.csv#DAL_008; generic-play-smoke:played; effect-evidence: reports/card_quality_full_2026-09-27/set_probe_DALARAN.csv#DAL_008::fresh_one_armor; reports/card_quality_full_2026-09-27/set_probe_DALARAN.csv#DAL_008::one_turn_two_armor; per-card: reports/card_quality_full_2026-09-27/set_probe_DALARAN.csv#DAL_008::fresh_one_armor; reports/card_quality_full_2026-09-27/set_probe_DALARAN.csv#DAL_008::one_turn_two_armor,聚合状态取该卡最差机制；普通烟测只证明可执行，不能单独构成 GREEN。 EN=Gain @ Armor. (Upgrades each turn!); ZH=获得@点护甲值。（每回合都会升级！）; source=fireplace/cards/dalaran/warrior.py:57; existing_tests=none; prior=YELLOW:1 个机制缺少充分的核心效果验证；逐机制依据见 card_mechanism.csv。; prior_evidence=card_mechanism.csv#DAL_008; generic-play-smoke:played,Gain @ Armor. (Upgrades each turn!),获得@点护甲值。（每回合都会升级！）,fireplace/cards/dalaran/warrior.py:57
17.6.0.53261,Rise of Shadows (DALARAN),DAL_009,Hagatha's Scheme,哈加莎的阴谋,Spell resolution,GREEN,implemented,yes,逐卡关键行为断言通过：fresh_one_aoe: upgraded=False;progress=0;friend=4;enemy=4;heroes=30/30;spell=GRAVEYARD; one_turn_two_aoe: upgraded=True;progress=1;friend=3;enemy=3;heroes=30/30;spell=GRAVEYARD,card_mechanism.csv#DAL_009; generic-play-smoke:played; effect-evidence: reports/card_quality_full_2026-09-27/set_probe_DALARAN.csv#DAL_009::fresh_one_aoe; reports/card_quality_full_2026-09-27/set_probe_DALARAN.csv#DAL_009::one_turn_two_aoe; per-card: reports/card_quality_full_2026-09-27/set_probe_DALARAN.csv#DAL_009::fresh_one_aoe; reports/card_quality_full_2026-09-27/set_probe_DALARAN.csv#DAL_009::one_turn_two_aoe,聚合状态取该卡最差机制；普通烟测只证明可执行，不能单独构成 GREEN。 EN=Deal $@ damage to all minions. (Upgrades each turn!); ZH=对所有随从造成$@点伤害。（每回合都会升级！）; source=fireplace/cards/dalaran/shaman.py:117; existing_tests=none; prior=YELLOW:1 个机制缺少充分的核心效果验证；逐机制依据见 card_mechanism.csv。; prior_evidence=card_mechanism.csv#DAL_009; generic-play-smoke:played,Deal $@ damage to all minions. (Upgrades each turn!),对所有随从造成$@点伤害。（每回合都会升级！）,fireplace/cards/dalaran/shaman.py:117
17.6.0.53261,Rise of Shadows (DALARAN),DAL_010,Togwaggle's Scheme,托瓦格尔的阴谋,Spell resolution|Targeting,GREEN,implemented,yes,逐卡关键行为断言通过：fresh_one_copy: upgraded=False;progress=0;copies=1;target=PLAY;spell=GRAVEYARD; one_turn_two_copies: upgraded=True;progress=1;copies=2;target=PLAY;spell=GRAVEYARD,card_mechanism.csv#DAL_010; generic-play-smoke:played; effect-evidence: reports/card_quality_full_2026-09-27/set_probe_DALARAN.csv#DAL_010::fresh_one_copy; reports/card_quality_full_2026-09-27/set_probe_DALARAN.csv#DAL_010::one_turn_two_copies; per-card: reports/card_quality_full_2026-09-27/set_probe_DALARAN.csv#DAL_010::fresh_one_copy; reports/card_quality_full_2026-09-27/set_probe_DALARAN.csv#DAL_010::one_turn_two_copies,"聚合状态取该卡最差机制；普通烟测只证明可执行，不能单独构成 GREEN。 EN=Choose a minion. Shuffle @ |4(copy, copies) of it into your deck. (Upgrades each turn!); ZH=选择一个随从。将它的@张复制洗入你的牌库。（每回合都会升级！）; source=fireplace/cards/dalaran/rogue.py:57; existing_tests=none; prior=YELLOW:2 个机制缺少充分的核心效果验证；逐机制依据见 card_mechanism.csv。; prior_evidence=card_mechanism.csv#DAL_010; generic-play-smoke:played","Choose a minion. Shuffle @ |4(copy, copies) of it into your deck. (Upgrades each turn!)",选择一个随从。将它的@张复制洗入你的牌库。（每回合都会升级！）,fireplace/cards/dalaran/rogue.py:57
17.6.0.53261,Rise of Shadows (DALARAN),DAL_011,Lazul's Scheme,拉祖尔的阴谋,Spell resolution|Targeting,GREEN,implemented,yes,逐卡关键行为断言通过：upgrade_reduce_two_then_expire: progress=1;attack=4->2->4;target=PLAY;spell=GRAVEYARD,card_mechanism.csv#DAL_011; generic-play-smoke:played; effect-evidence: reports/card_quality_full_2026-09-27/set_probe_DALARAN.csv#DAL_011::upgrade_reduce_two_then_expire; per-card: reports/card_quality_full_2026-09-27/set_probe_DALARAN.csv#DAL_011::upgrade_reduce_two_then_expire,聚合状态取该卡最差机制；普通烟测只证明可执行，不能单独构成 GREEN。 EN=Reduce the Attack of an enemy minion by @ until your next turn. (Upgrades each turn!); ZH=直到你的下个回合，使一个敌方随从的攻击力降低@点。（每回合都会升级！）; source=fireplace/cards/dalaran/priest.py:67; existing_tests=tests/test_dalaran.py:156:test_lazuls_scheme; prior=YELLOW:2 个机制缺少充分的核心效果验证；逐机制依据见 card_mechanism.csv。; prior_evidence=card_mechanism.csv#DAL_011; generic-play-smoke:played,Reduce the Attack of an enemy minion by @ until your next turn. (Upgrades each turn!),直到你的下个回合，使一个敌方随从的攻击力降低@点。（每回合都会升级！）,fireplace/cards/dalaran/priest.py:67
17.6.0.53261,Rise of Shadows (DALARAN),DAL_030,Shadowy Figure,阴暗的人影,Battlecry|Targeting|Transform,GREEN,implemented,yes,"逐卡关键行为断言通过：copy_deathrattle_as_two_two: target=BOT_445:PLAY;figure=DAL_030:SETASIDE;copies=[('BOT_445', 2, 2, 1)];other=CS2_231:PLAY",card_mechanism.csv#DAL_030; generic-play-smoke:played; effect-evidence: reports/card_quality_full_2026-09-27/set_probe_DALARAN.csv#DAL_030::copy_deathrattle_as_two_two; per-card: reports/card_quality_full_2026-09-27/set_probe_DALARAN.csv#DAL_030::copy_deathrattle_as_two_two,聚合状态取该卡最差机制；普通烟测只证明可执行，不能单独构成 GREEN。 EN=Battlecry: Transform into a 2/2 copy of a friendly Deathrattle minion.; ZH=战吼： 变形成为一个友方亡语随从的2/2复制。; source=fireplace/cards/dalaran/priest.py:8; existing_tests=none; prior=YELLOW:3 个机制缺少充分的核心效果验证；逐机制依据见 card_mechanism.csv。; prior_evidence=card_mechanism.csv#DAL_030; generic-play-smoke:played,Battlecry: Transform into a 2/2 copy of a friendly Deathrattle minion.,战吼： 变形成为一个友方亡语随从的2/2复制。,fireplace/cards/dalaran/priest.py:8
17.6.0.53261,Rise of Shadows (DALARAN),DAL_039,Convincing Infiltrator,无面渗透者,Deathrattle|Random effects|Taunt,GREEN,implemented,yes,逐卡关键行为断言通过：deathrattle_destroys_enemy_only: taunt=1;body=GRAVEYARD;victim=GRAVEYARD;friend=PLAY,card_mechanism.csv#DAL_039; generic-play-smoke:played; effect-evidence: reports/card_quality_full_2026-09-27/set_probe_DALARAN.csv#DAL_039::deathrattle_destroys_enemy_only; per-card: reports/card_quality_full_2026-09-27/set_probe_DALARAN.csv#DAL_039::deathrattle_destroys_enemy_only,聚合状态取该卡最差机制；普通烟测只证明可执行，不能单独构成 GREEN。 EN=[x]Taunt Deathrattle: Destroy a  random enemy minion.; ZH=嘲讽 亡语：随机消灭一个敌方随从。; source=fireplace/cards/dalaran/priest.py:26; existing_tests=none; prior=YELLOW:3 个机制缺少充分的核心效果验证；逐机制依据见 card_mechanism.csv。; prior_evidence=card_mechanism.csv#DAL_039; generic-play-smoke:played,[x]Taunt Deathrattle: Destroy a  random enemy minion.,嘲讽 亡语：随机消灭一个敌方随从。,fireplace/cards/dalaran/priest.py:26
17.6.0.53261,Rise of Shadows (DALARAN),DAL_040,Hench-Clan Shadequill,荆棘帮箭猪,Deathrattle,GREEN,implemented,yes,逐卡关键行为断言通过：deathrattle_heals_enemy_five: enemy_health=27;own_health=22;body=GRAVEYARD,card_mechanism.csv#DAL_040; generic-play-smoke:played; effect-evidence: reports/card_quality_full_2026-09-27/set_probe_DALARAN.csv#DAL_040::deathrattle_heals_enemy_five; per-card: reports/card_quality_full_2026-09-27/set_probe_DALARAN.csv#DAL_040::deathrattle_heals_enemy_five,聚合状态取该卡最差机制；普通烟测只证明可执行，不能单独构成 GREEN。 EN=Deathrattle: Restore 5 Health to the enemy hero.; ZH=亡语：为敌方英雄恢复5点生命值。; source=fireplace/cards/dalaran/priest.py:33; existing_tests=none; prior=YELLOW:1 个机制缺少充分的核心效果验证；逐机制依据见 card_mechanism.csv。; prior_evidence=card_mechanism.csv#DAL_040; generic-play-smoke:played,Deathrattle: Restore 5 Health to the enemy hero.,亡语：为敌方英雄恢复5点生命值。,fireplace/cards/dalaran/priest.py:33
17.6.0.53261,Rise of Shadows (DALARAN),DAL_047,Walking Fountain,活动喷泉,Lifesteal|Rush|Windfury,GREEN,implemented,yes,逐卡关键行为断言通过：rush_two_attacks_lifesteal: hero_legal=False;first_legal=True;second_legal=True;health=18->22->26;foes=GRAVEYARD/GRAVEYARD;attacks=2,card_mechanism.csv#DAL_047; generic-play-smoke:played; effect-evidence: reports/card_quality_full_2026-09-27/set_probe_DALARAN.csv#DAL_047::rush_two_attacks_lifesteal; per-card: reports/card_quality_full_2026-09-27/set_probe_DALARAN.csv#DAL_047::rush_two_attacks_lifesteal,"聚合状态取该卡最差机制；普通烟测只证明可执行，不能单独构成 GREEN。 EN=Lifesteal, Rush, Windfury; ZH=吸血，突袭，风怒; source=; existing_tests=none; prior=YELLOW:3 个机制缺少充分的核心效果验证；逐机制依据见 card_mechanism.csv。; prior_evidence=card_mechanism.csv#DAL_047; generic-play-smoke:played","Lifesteal, Rush, Windfury",吸血，突袭，风怒,
17.6.0.53261,Rise of Shadows (DALARAN),DAL_049,Underbelly Angler,下水道渔人,Random effects|Trigger,GREEN,implemented,yes,"逐卡关键行为断言通过：played_murloc_generates_murloc: after_nonmurloc=0;generated=[('CFM_647', True, 'HAND')];played=PLAY;angler=PLAY",card_mechanism.csv#DAL_049; generic-play-smoke:played; effect-evidence: reports/card_quality_full_2026-09-27/set_probe_DALARAN.csv#DAL_049::played_murloc_generates_murloc; per-card: reports/card_quality_full_2026-09-27/set_probe_DALARAN.csv#DAL_049::played_murloc_generates_murloc,"聚合状态取该卡最差机制；普通烟测只证明可执行，不能单独构成 GREEN。 EN=After you play a Murloc, add a random Murloc to your hand.; ZH=在你使用一张鱼人牌后，随机将一张鱼人牌置入你的手牌。; source=fireplace/cards/dalaran/shaman.py:8; existing_tests=none; prior=YELLOW:2 个机制缺少充分的核心效果验证；逐机制依据见 card_mechanism.csv。; prior_evidence=card_mechanism.csv#DAL_049; generic-play-smoke:played","After you play a Murloc, add a random Murloc to your hand.",在你使用一张鱼人牌后，随机将一张鱼人牌置入你的手牌。,fireplace/cards/dalaran/shaman.py:8
17.6.0.53261,Rise of Shadows (DALARAN),DAL_052,Muckmorpher,泥沼变形怪,Battlecry|Transform,GREEN,implemented,yes,"逐卡关键行为断言通过：transform_to_four_four_different_deck_minion: muckmorpher=SETASIDE;deck_source=DECK;copies=[('BOT_445', 4, 4, 'PLAY')]; only_same_id_no_transform: body=DAL_052:4/4:PLAY;field=['DAL_052']",card_mechanism.csv#DAL_052; generic-play-smoke:played; effect-evidence: reports/card_quality_full_2026-09-27/set_probe_DALARAN.csv#DAL_052::transform_to_four_four_different_deck_minion; reports/card_quality_full_2026-09-27/set_probe_DALARAN.csv#DAL_052::only_same_id_no_transform; per-card: reports/card_quality_full_2026-09-27/set_probe_DALARAN.csv#DAL_052::transform_to_four_four_different_deck_minion; reports/card_quality_full_2026-09-27/set_probe_DALARAN.csv#DAL_052::only_same_id_no_transform,聚合状态取该卡最差机制；普通烟测只证明可执行，不能单独构成 GREEN。 EN=[x]Battlecry: Transform into a 4/4 copy of a different minion in your deck.; ZH=战吼：变形成为你的牌库中一个其他随从的4/4复制。; source=fireplace/cards/dalaran/shaman.py:17; existing_tests=none; prior=YELLOW:2 个机制缺少充分的核心效果验证；逐机制依据见 card_mechanism.csv。; prior_evidence=card_mechanism.csv#DAL_052; generic-play-smoke:played,[x]Battlecry: Transform into a 4/4 copy of a different minion in your deck.,战吼：变形成为你的牌库中一个其他随从的4/4复制。,fireplace/cards/dalaran/shaman.py:17
17.6.0.53261,Rise of Shadows (DALARAN),DAL_058,Hecklebot,机械拷问者,Battlecry|Summon|Taunt,GREEN,implemented,yes,"逐卡关键行为断言通过：opponent_summons_from_deck: body=PLAY,taunt=1;victim=PLAY;enemy_field=['CS2_231'];own_field=['DAL_058']",card_mechanism.csv#DAL_058; generic-play-smoke:played; effect-evidence: reports/card_quality_full_2026-09-27/set_probe_DALARAN.csv#DAL_058::opponent_summons_from_deck; per-card: reports/card_quality_full_2026-09-27/set_probe_DALARAN.csv#DAL_058::opponent_summons_from_deck,聚合状态取该卡最差机制；普通烟测只证明可执行，不能单独构成 GREEN。 EN=Taunt Battlecry: Your opponent summons a minion from their deck.; ZH=嘲讽，战吼：使你的对手从牌库中召唤一个随从。; source=fireplace/cards/dalaran/neutral_rare.py:8; existing_tests=none; prior=YELLOW:3 个机制缺少充分的核心效果验证；逐机制依据见 card_mechanism.csv。; prior_evidence=card_mechanism.csv#DAL_058; generic-play-smoke:played,Taunt Battlecry: Your opponent summons a minion from their deck.,嘲讽，战吼：使你的对手从牌库中召唤一个随从。,fireplace/cards/dalaran/neutral_rare.py:8
17.6.0.53261,Rise of Shadows (DALARAN),DAL_059,Dimensional Ripper,空间撕裂器,Spell resolution|Summon,GREEN,implemented,yes,"逐卡关键行为断言通过：summons_two_copies_leaves_deck_original: source=DECK;copies=[('CS2_182', 4, 5, 'PLAY'), ('CS2_182', 4, 5, 'PLAY')];spell=GRAVEYARD",card_mechanism.csv#DAL_059; generic-play-smoke:exception; effect-evidence: reports/card_quality_full_2026-09-27/set_probe_DALARAN.csv#DAL_059::summons_two_copies_leaves_deck_original; per-card: reports/card_quality_full_2026-09-27/set_probe_DALARAN.csv#DAL_059::summons_two_copies_leaves_deck_original,聚合状态取该卡最差机制；普通烟测只证明可执行，不能单独构成 GREEN。 EN=Summon 2 copies of a minion in your deck.; ZH=召唤你的牌库中一个随从的两个复制。; source=fireplace/cards/dalaran/warrior.py:64; existing_tests=tests/test_dalaran.py:245:test_dimensional_ripper; prior=YELLOW:2 个机制缺少充分的核心效果验证；逐机制依据见 card_mechanism.csv。; prior_evidence=card_mechanism.csv#DAL_059; generic-play-smoke:exception,Summon 2 copies of a minion in your deck.,召唤你的牌库中一个随从的两个复制。,fireplace/cards/dalaran/warrior.py:64
17.6.0.53261,Rise of Shadows (DALARAN),DAL_060,Clockwork Goblin,发条地精,Battlecry|Trigger,GREEN,implemented,yes,"逐卡关键行为断言通过：bomb_enters_enemy_deck_and_explodes_on_draw: before=(1, 'PLAY');bomb_zones=[('BOT_511t', 'GRAVEYARD')];enemy_health=25;enemy_hand=[]",card_mechanism.csv#DAL_060; generic-play-smoke:played; effect-evidence: reports/card_quality_full_2026-09-27/set_probe_DALARAN.csv#DAL_060::bomb_enters_enemy_deck_and_explodes_on_draw; per-card: reports/card_quality_full_2026-09-27/set_probe_DALARAN.csv#DAL_060::bomb_enters_enemy_deck_and_explodes_on_draw,"聚合状态取该卡最差机制；普通烟测只证明可执行，不能单独构成 GREEN。 EN=[x]Battlecry: Shuffle a Bomb into your opponent's deck. When drawn, it explodes for 5 damage.; ZH=战吼：将一张“炸弹” 牌洗入你对手的牌库。当玩家抽到“炸弹”时，便会受到5点伤害。; source=fireplace/cards/dalaran/warrior.py:8; existing_tests=none; prior=YELLOW:2 个机制缺少充分的核心效果验证；逐机制依据见 card_mechanism.csv。; prior_evidence=card_mechanism.csv#DAL_060; generic-play-smoke:played","[x]Battlecry: Shuffle a Bomb into your opponent's deck. When drawn, it explodes for 5 damage.",战吼：将一张“炸弹” 牌洗入你对手的牌库。当玩家抽到“炸弹”时，便会受到5点伤害。,fireplace/cards/dalaran/warrior.py:8
17.6.0.53261,Rise of Shadows (DALARAN),DAL_062,Sweeping Strikes,横扫攻击,Spell resolution|Targeting,GREEN,implemented,yes,"逐卡关键行为断言通过：attack_hits_defender_and_neighbors: foe_health=[1, 1, 1];attacker=1:PLAY;spell=GRAVEYARD",card_mechanism.csv#DAL_062; generic-play-smoke:played; effect-evidence: reports/card_quality_full_2026-09-27/set_probe_DALARAN.csv#DAL_062::attack_hits_defender_and_neighbors; per-card: reports/card_quality_full_2026-09-27/set_probe_DALARAN.csv#DAL_062::attack_hits_defender_and_neighbors,"聚合状态取该卡最差机制；普通烟测只证明可执行，不能单独构成 GREEN。 EN=Give a minion ""Also damages minions next to whomever this attacks.""; ZH=使一个随从获得 “同时对其攻击目标相邻的随从造成伤害。”; source=fireplace/cards/dalaran/warrior.py:80; existing_tests=tests/test_dalaran.py:298:test_sweeping_strikes; prior=YELLOW:2 个机制缺少充分的核心效果验证；逐机制依据见 card_mechanism.csv。; prior_evidence=card_mechanism.csv#DAL_062; generic-play-smoke:played","Give a minion ""Also damages minions next to whomever this attacks.""",使一个随从获得 “同时对其攻击目标相邻的随从造成伤害。”,fireplace/cards/dalaran/warrior.py:80
17.6.0.53261,Rise of Shadows (DALARAN),DAL_063,Wrenchcalibur,圣剑扳手,Trigger|Weapon,GREEN,implemented,yes,"逐卡关键行为断言通过：hero_attack_adds_enemy_bomb: ready=True;weapon=PLAY:1;bombs=[('BOT_511t', 'DECK')];enemy_health=27",card_mechanism.csv#DAL_063; generic-play-smoke:played; effect-evidence: reports/card_quality_full_2026-09-27/set_probe_DALARAN.csv#DAL_063::hero_attack_adds_enemy_bomb; per-card: reports/card_quality_full_2026-09-27/set_probe_DALARAN.csv#DAL_063::hero_attack_adds_enemy_bomb,"聚合状态取该卡最差机制；普通烟测只证明可执行，不能单独构成 GREEN。 EN=After your hero attacks, shuffle a Bomb into your [x]opponent's deck.; ZH=在你的英雄攻击后，将一张“炸弹”牌洗入你对手的牌库。; source=fireplace/cards/dalaran/warrior.py:110; existing_tests=none; prior=YELLOW:2 个机制缺少充分的核心效果验证；逐机制依据见 card_mechanism.csv。; prior_evidence=card_mechanism.csv#DAL_063; generic-play-smoke:played","After your hero attacks, shuffle a Bomb into your [x]opponent's deck.",在你的英雄攻击后，将一张“炸弹”牌洗入你对手的牌库。,fireplace/cards/dalaran/warrior.py:110
17.6.0.53261,Rise of Shadows (DALARAN),DAL_064,Blastmaster Boom,爆破之王砰砰,Battlecry|Summon,RED,partial,yes,"实测与卡牌文本不符：two_enemy_bombs_summon_four_bots: enemy_bombs=[('BOT_511t', 'DECK'), ('BOT_511t', 'DECK')];own_deck=0;bots=[];body=PLAY",card_mechanism.csv#DAL_064; generic-play-smoke:played; effect-evidence: reports/card_quality_full_2026-09-27/set_probe_DALARAN.csv#DAL_064::two_enemy_bombs_summon_four_bots; per-card: reports/card_quality_full_2026-09-27/set_probe_DALARAN.csv#DAL_064::two_enemy_bombs_summon_four_bots,聚合状态取该卡最差机制；普通烟测只证明可执行，不能单独构成 GREEN。 EN=[x]Battlecry: Summon two 1/1 Boom Bots for each Bomb in your opponent's deck.; ZH=战吼：你对手的牌库中每有一张“炸弹”牌，便召唤两个1/1的砰砰机器人。; source=fireplace/cards/dalaran/warrior.py:16; existing_tests=none; prior=YELLOW:2 个机制缺少充分的核心效果验证；逐机制依据见 card_mechanism.csv。; prior_evidence=card_mechanism.csv#DAL_064; generic-play-smoke:played,[x]Battlecry: Summon two 1/1 Boom Bots for each Bomb in your opponent's deck.,战吼：你对手的牌库中每有一张“炸弹”牌，便召唤两个1/1的砰砰机器人。,fireplace/cards/dalaran/warrior.py:16
17.6.0.53261,Rise of Shadows (DALARAN),DAL_065,Unsleeping Soul,不眠之魂,Silence|Spell resolution|Summon|Targeting,GREEN,implemented,yes,"逐卡关键行为断言通过：silence_buffed_minion_then_copy: before=(6, 7, True);copies=[(4, 5, False, True, 'PLAY'), (4, 5, False, True, 'PLAY')];spell=GRAVEYARD",card_mechanism.csv#DAL_065; generic-play-smoke:played; effect-evidence: reports/card_quality_full_2026-09-27/set_probe_DALARAN.csv#DAL_065::silence_buffed_minion_then_copy; per-card: reports/card_quality_full_2026-09-27/set_probe_DALARAN.csv#DAL_065::silence_buffed_minion_then_copy,"聚合状态取该卡最差机制；普通烟测只证明可执行，不能单独构成 GREEN。 EN=Silence a friendly minion, then summon a copy of it.; ZH=沉默一个友方随从，然后召唤一个它的复制。; source=fireplace/cards/dalaran/priest.py:85; existing_tests=none; prior=YELLOW:4 个机制缺少充分的核心效果验证；逐机制依据见 card_mechanism.csv。; prior_evidence=card_mechanism.csv#DAL_065; generic-play-smoke:played","Silence a friendly minion, then summon a copy of it.",沉默一个友方随从，然后召唤一个它的复制。,fireplace/cards/dalaran/priest.py:85
17.6.0.53261,Rise of Shadows (DALARAN),DAL_070,The Boom Reaver,砰砰机甲,Battlecry|Summon,GREEN,implemented,yes,"逐卡关键行为断言通过：deck_copy_gets_rush: source=DECK;copies=[('CS2_182', True, 'PLAY')];rush_target=True;rush_hero=False;body=PLAY",card_mechanism.csv#DAL_070; generic-play-smoke:played; effect-evidence: reports/card_quality_full_2026-09-27/set_probe_DALARAN.csv#DAL_070::deck_copy_gets_rush; per-card: reports/card_quality_full_2026-09-27/set_probe_DALARAN.csv#DAL_070::deck_copy_gets_rush,聚合状态取该卡最差机制；普通烟测只证明可执行，不能单独构成 GREEN。 EN=Battlecry: Summon a copy of a minion in your deck. Give it Rush.; ZH=战吼： 召唤一个你牌库中的随从的复制，并使其获得突袭。; source=fireplace/cards/dalaran/warrior.py:23; existing_tests=none; prior=YELLOW:2 个机制缺少充分的核心效果验证；逐机制依据见 card_mechanism.csv。; prior_evidence=card_mechanism.csv#DAL_070; generic-play-smoke:played,Battlecry: Summon a copy of a minion in your deck. Give it Rush.,战吼： 召唤一个你牌库中的随从的复制，并使其获得突袭。,fireplace/cards/dalaran/warrior.py:23
17.6.0.53261,Rise of Shadows (DALARAN),DAL_071,Mutate,突变,Cost modification|Random effects|Spell resolution|Targeting|Transform,GREEN,implemented,yes,"逐卡关键行为断言通过：zero_cost_to_random_one_cost: original=SETASIDE;transformed=[('UNG_803', 1, 'PLAY')];spell=GRAVEYARD",card_mechanism.csv#DAL_071; generic-play-smoke:played; effect-evidence: reports/card_quality_full_2026-09-27/set_probe_DALARAN.csv#DAL_071::zero_cost_to_random_one_cost; per-card: reports/card_quality_full_2026-09-27/set_probe_DALARAN.csv#DAL_071::zero_cost_to_random_one_cost,聚合状态取该卡最差机制；普通烟测只证明可执行，不能单独构成 GREEN。 EN=Transform a friendly minion into a random one that costs (1) more.; ZH=将一个友方随从随机变形成为一个法力值消耗增加（1）点的随从。; source=fireplace/cards/dalaran/shaman.py:124; existing_tests=none; prior=YELLOW:5 个机制缺少充分的核心效果验证；逐机制依据见 card_mechanism.csv。; prior_evidence=card_mechanism.csv#DAL_071; generic-play-smoke:played,Transform a friendly minion into a random one that costs (1) more.,将一个友方随从随机变形成为一个法力值消耗增加（1）点的随从。,fireplace/cards/dalaran/shaman.py:124
17.6.0.53261,Rise of Shadows (DALARAN),DAL_077,Toxfin,毒鳍鱼人,Battlecry|Targeting,GREEN,implemented,yes,逐卡关键行为断言通过：friendly_murloc_gets_poisonous: murloc_poison=True;plain_poison=False;body=PLAY,card_mechanism.csv#DAL_077; generic-play-smoke:played; effect-evidence: reports/card_quality_full_2026-09-27/set_probe_DALARAN.csv#DAL_077::friendly_murloc_gets_poisonous; per-card: reports/card_quality_full_2026-09-27/set_probe_DALARAN.csv#DAL_077::friendly_murloc_gets_poisonous,聚合状态取该卡最差机制；普通烟测只证明可执行，不能单独构成 GREEN。 EN=Battlecry: Give a friendly Murloc Poisonous.; ZH=战吼：使一个友方鱼人获得剧毒。; source=fireplace/cards/dalaran/neutral_common.py:8; existing_tests=none; prior=YELLOW:2 个机制缺少充分的核心效果验证；逐机制依据见 card_mechanism.csv。; prior_evidence=card_mechanism.csv#DAL_077; generic-play-smoke:played,Battlecry: Give a friendly Murloc Poisonous.,战吼：使一个友方鱼人获得剧毒。,fireplace/cards/dalaran/neutral_common.py:8
17.6.0.53261,Rise of Shadows (DALARAN),DAL_078,Traveling Healer,旅行医者,Battlecry|Divine Shield|Targeting,GREEN,implemented,yes,逐卡关键行为断言通过：target_heal_three_shield_blocks_damage: hero_health=27;shield=1->False;body_health=2;body_zone=PLAY,card_mechanism.csv#DAL_078; generic-play-smoke:played; effect-evidence: reports/card_quality_full_2026-09-27/set_probe_DALARAN.csv#DAL_078::target_heal_three_shield_blocks_damage; per-card: reports/card_quality_full_2026-09-27/set_probe_DALARAN.csv#DAL_078::target_heal_three_shield_blocks_damage,聚合状态取该卡最差机制；普通烟测只证明可执行，不能单独构成 GREEN。 EN=[x]Divine Shield Battlecry: Restore #3 Health.; ZH=圣盾，战吼：恢复#3点生命值。; source=fireplace/cards/dalaran/neutral_common.py:21; existing_tests=none; prior=YELLOW:3 个机制缺少充分的核心效果验证；逐机制依据见 card_mechanism.csv。; prior_evidence=card_mechanism.csv#DAL_078; generic-play-smoke:played,[x]Divine Shield Battlecry: Restore #3 Health.,圣盾，战吼：恢复#3点生命值。,fireplace/cards/dalaran/neutral_common.py:21
17.6.0.53261,Rise of Shadows (DALARAN),DAL_081,Spellward Jeweler,破咒珠宝师,Battlecry|Untargetable,RED,partial,yes,"实测与卡牌文本不符：spells_and_powers_cannot_target_until_next_turn: protected=(False, False);expired_spell_target=True;body=PLAY",card_mechanism.csv#DAL_081; generic-play-smoke:played; effect-evidence: reports/card_quality_full_2026-09-27/set_probe_DALARAN.csv#DAL_081::spells_and_powers_cannot_target_until_next_turn; per-card: reports/card_quality_full_2026-09-27/set_probe_DALARAN.csv#DAL_081::spells_and_powers_cannot_target_until_next_turn,聚合状态取该卡最差机制；普通烟测只证明可执行，不能单独构成 GREEN。 EN=[x]Battlecry: Your hero can't be targeted by spells or Hero Powers until your next turn.; ZH=战吼：直到你的下个回合，你的英雄无法成为法术或英雄技能的目标。; source=fireplace/cards/dalaran/neutral_rare.py:15; existing_tests=none; prior=YELLOW:2 个机制缺少充分的核心效果验证；逐机制依据见 card_mechanism.csv。; prior_evidence=card_mechanism.csv#DAL_081; generic-play-smoke:played,[x]Battlecry: Your hero can't be targeted by spells or Hero Powers until your next turn.,战吼：直到你的下个回合，你的英雄无法成为法术或英雄技能的目标。,fireplace/cards/dalaran/neutral_rare.py:15
17.6.0.53261,Rise of Shadows (DALARAN),DAL_085,Dalaran Crusader,达拉然圣剑士,Divine Shield,GREEN,implemented,yes,"逐卡关键行为断言通过：divine_shield_blocks_once: shield=1;first=(4, False);second=(2, False);zone=PLAY",card_mechanism.csv#DAL_085; generic-play-smoke:played; effect-evidence: reports/card_quality_full_2026-09-27/set_probe_DALARAN.csv#DAL_085::divine_shield_blocks_once; per-card: reports/card_quality_full_2026-09-27/set_probe_DALARAN.csv#DAL_085::divine_shield_blocks_once,聚合状态取该卡最差机制；普通烟测只证明可执行，不能单独构成 GREEN。 EN=Divine Shield; ZH=圣盾; source=; existing_tests=none; prior=YELLOW:1 个机制缺少充分的核心效果验证；逐机制依据见 card_mechanism.csv。; prior_evidence=card_mechanism.csv#DAL_085; generic-play-smoke:played,Divine Shield,圣盾,
17.6.0.53261,Rise of Shadows (DALARAN),DAL_086,Sunreaver Spy,夺日者间谍,Battlecry,GREEN,implemented,yes,逐卡关键行为断言通过：with_secret_plus_one_one: secret=True;stats=3/4;zone=PLAY; without_secret_base_stats: secret=False;stats=2/3;zone=PLAY,card_mechanism.csv#DAL_086; generic-play-smoke:played; effect-evidence: reports/card_quality_full_2026-09-27/set_probe_DALARAN.csv#DAL_086::with_secret_plus_one_one; reports/card_quality_full_2026-09-27/set_probe_DALARAN.csv#DAL_086::without_secret_base_stats; per-card: reports/card_quality_full_2026-09-27/set_probe_DALARAN.csv#DAL_086::with_secret_plus_one_one; reports/card_quality_full_2026-09-27/set_probe_DALARAN.csv#DAL_086::without_secret_base_stats,"聚合状态取该卡最差机制；普通烟测只证明可执行，不能单独构成 GREEN。 EN=Battlecry: If you control a Secret, gain +1/+1.; ZH=战吼：如果你控制一个奥秘，便获得+1/+1。; source=fireplace/cards/dalaran/neutral_common.py:31; existing_tests=none; prior=YELLOW:1 个机制缺少充分的核心效果验证；逐机制依据见 card_mechanism.csv。; prior_evidence=card_mechanism.csv#DAL_086; generic-play-smoke:played","Battlecry: If you control a Secret, gain +1/+1.",战吼：如果你控制一个奥秘，便获得+1/+1。,fireplace/cards/dalaran/neutral_common.py:31
17.6.0.53261,Rise of Shadows (DALARAN),DAL_087,Hench-Clan Hag,荆棘帮巫婆,Battlecry|Summon,GREEN,implemented,yes,"逐卡关键行为断言通过：two_one_one_all_type_amalgams: body=PLAY;tokens=[('DAL_087t', 1, 1, [18, 17, 15, 24, 14, 20, 23, 21], 'PLAY'), ('DAL_087t', 1, 1, [18, 17, 15, 24, 14, 20, 23, 21], 'PLAY')]",card_mechanism.csv#DAL_087; generic-play-smoke:played; effect-evidence: reports/card_quality_full_2026-09-27/set_probe_DALARAN.csv#DAL_087::two_one_one_all_type_amalgams; per-card: reports/card_quality_full_2026-09-27/set_probe_DALARAN.csv#DAL_087::two_one_one_all_type_amalgams,聚合状态取该卡最差机制；普通烟测只证明可执行，不能单独构成 GREEN。 EN=Battlecry: Summon two 1/1 Amalgams with all minion types.; ZH=战吼：召唤两个具有全部随从类型的1/1的融合怪。; source=fireplace/cards/dalaran/neutral_epic.py:8; existing_tests=none; prior=YELLOW:2 个机制缺少充分的核心效果验证；逐机制依据见 card_mechanism.csv。; prior_evidence=card_mechanism.csv#DAL_087; generic-play-smoke:played,Battlecry: Summon two 1/1 Amalgams with all minion types.,战吼：召唤两个具有全部随从类型的1/1的融合怪。,fireplace/cards/dalaran/neutral_epic.py:8
17.6.0.53261,Rise of Shadows (DALARAN),DAL_088,Safeguard,机械保险箱,Deathrattle|Summon|Taunt,GREEN,implemented,yes,"逐卡关键行为断言通过：deathrattle_zero_five_taunt: initial_taunt=1;body=GRAVEYARD;safes=[(0, 5, 1, 'PLAY')]",card_mechanism.csv#DAL_088; generic-play-smoke:played; effect-evidence: reports/card_quality_full_2026-09-27/set_probe_DALARAN.csv#DAL_088::deathrattle_zero_five_taunt; per-card: reports/card_quality_full_2026-09-27/set_probe_DALARAN.csv#DAL_088::deathrattle_zero_five_taunt,聚合状态取该卡最差机制；普通烟测只证明可执行，不能单独构成 GREEN。 EN=[x]Taunt Deathrattle: Summon a 0/5 Vault Safe with Taunt.; ZH=嘲讽，亡语：召唤一个0/5并具有嘲讽的保险柜。; source=fireplace/cards/dalaran/neutral_common.py:42; existing_tests=none; prior=YELLOW:3 个机制缺少充分的核心效果验证；逐机制依据见 card_mechanism.csv。; prior_evidence=card_mechanism.csv#DAL_088; generic-play-smoke:played,[x]Taunt Deathrattle: Summon a 0/5 Vault Safe with Taunt.,嘲讽，亡语：召唤一个0/5并具有嘲讽的保险柜。,fireplace/cards/dalaran/neutral_common.py:42
17.6.0.53261,Rise of Shadows (DALARAN),DAL_089,Spellbook Binder,魔法订书匠,Battlecry|Draw / Discard|Spell Damage,GREEN,implemented,yes,逐卡关键行为断言通过：spell_damage_draws: spell_damage=True;deck_card=HAND;body=PLAY; no_spell_damage_no_draw: spell_damage=False;deck_card=DECK;body=PLAY,card_mechanism.csv#DAL_089; generic-play-smoke:played; effect-evidence: reports/card_quality_full_2026-09-27/set_probe_DALARAN.csv#DAL_089::spell_damage_draws; reports/card_quality_full_2026-09-27/set_probe_DALARAN.csv#DAL_089::no_spell_damage_no_draw; per-card: reports/card_quality_full_2026-09-27/set_probe_DALARAN.csv#DAL_089::spell_damage_draws; reports/card_quality_full_2026-09-27/set_probe_DALARAN.csv#DAL_089::no_spell_damage_no_draw,"聚合状态取该卡最差机制；普通烟测只证明可执行，不能单独构成 GREEN。 EN=Battlecry: If you have Spell Damage, draw a card.; ZH=战吼：如果你拥有法术伤害，抽一张牌。; source=fireplace/cards/dalaran/neutral_common.py:49; existing_tests=none; prior=YELLOW:3 个机制缺少充分的核心效果验证；逐机制依据见 card_mechanism.csv。; prior_evidence=card_mechanism.csv#DAL_089; generic-play-smoke:played","Battlecry: If you have Spell Damage, draw a card.",战吼：如果你拥有法术伤害，抽一张牌。,fireplace/cards/dalaran/neutral_common.py:49
17.6.0.53261,Rise of Shadows (DALARAN),DAL_090,Hench-Clan Sneak,荆棘帮小偷,Stealth,GREEN,implemented,yes,逐卡关键行为断言通过：stealth_hides_then_breaks_on_attack: stealth=1->False;untargetable=True;target=GRAVEYARD;body=PLAY,card_mechanism.csv#DAL_090; generic-play-smoke:played; effect-evidence: reports/card_quality_full_2026-09-27/set_probe_DALARAN.csv#DAL_090::stealth_hides_then_breaks_on_attack; per-card: reports/card_quality_full_2026-09-27/set_probe_DALARAN.csv#DAL_090::stealth_hides_then_breaks_on_attack,聚合状态取该卡最差机制；普通烟测只证明可执行，不能单独构成 GREEN。 EN=Stealth; ZH=潜行; source=; existing_tests=none; prior=YELLOW:1 个机制缺少充分的核心效果验证；逐机制依据见 card_mechanism.csv。; prior_evidence=card_mechanism.csv#DAL_090; generic-play-smoke:played,Stealth,潜行,
17.6.0.53261,Rise of Shadows (DALARAN),DAL_092,Arcane Servant,奥术仆从,Vanilla,GREEN,implemented,yes,当前列出的机制均有对应场景的效果断言；结论限于已识别标签与复现范围。,card_mechanism.csv#DAL_092; generic-play-smoke:played; effect-evidence: reports/card_quality_full_2026-09-27/vanilla_runtime_probe.csv#entry_DAL_092,聚合状态取该卡最差机制；普通烟测只证明可执行，不能单独构成 GREEN。,,,
17.6.0.53261,Rise of Shadows (DALARAN),DAL_095,Violet Spellsword,紫罗兰魔剑士,Battlecry,GREEN,implemented,yes,"逐卡关键行为断言通过：two_hand_spells_plus_two_attack: base=1;after=3;hand=['CS2_093', 'CS2_029', 'CS2_231'];zone=PLAY",card_mechanism.csv#DAL_095; generic-play-smoke:played; effect-evidence: reports/card_quality_full_2026-09-27/set_probe_DALARAN.csv#DAL_095::two_hand_spells_plus_two_attack; per-card: reports/card_quality_full_2026-09-27/set_probe_DALARAN.csv#DAL_095::two_hand_spells_plus_two_attack,聚合状态取该卡最差机制；普通烟测只证明可执行，不能单独构成 GREEN。 EN=[x]Battlecry: Gain +1 Attack for each spell in your hand.; ZH=战吼：你手牌中每有一张法术牌，便获得+1攻击力。; source=fireplace/cards/dalaran/neutral_common.py:57; existing_tests=none; prior=YELLOW:1 个机制缺少充分的核心效果验证；逐机制依据见 card_mechanism.csv。; prior_evidence=card_mechanism.csv#DAL_095; generic-play-smoke:played,[x]Battlecry: Gain +1 Attack for each spell in your hand.,战吼：你手牌中每有一张法术牌，便获得+1攻击力。,fireplace/cards/dalaran/neutral_common.py:57
17.6.0.53261,Rise of Shadows (DALARAN),DAL_096,Violet Warden,紫罗兰典狱官,Spell Damage|Taunt,GREEN,implemented,yes,逐卡关键行为断言通过：taunt_and_plus_one_spell_damage: taunt=1;spellpower=1;target_health=3;spell=GRAVEYARD,card_mechanism.csv#DAL_096; generic-play-smoke:played; effect-evidence: reports/card_quality_full_2026-09-27/set_probe_DALARAN.csv#DAL_096::taunt_and_plus_one_spell_damage; per-card: reports/card_quality_full_2026-09-27/set_probe_DALARAN.csv#DAL_096::taunt_and_plus_one_spell_damage,聚合状态取该卡最差机制；普通烟测只证明可执行，不能单独构成 GREEN。 EN=Taunt Spell Damage +1; ZH=嘲讽 法术伤害+1; source=; existing_tests=none; prior=YELLOW:2 个机制缺少充分的核心效果验证；逐机制依据见 card_mechanism.csv。; prior_evidence=card_mechanism.csv#DAL_096; generic-play-smoke:played,Taunt Spell Damage +1,嘲讽 法术伤害+1,
17.6.0.53261,Rise of Shadows (DALARAN),DAL_141,Desperate Measures,孤注一掷,Random effects|Spell resolution|Twinspell,GREEN,implemented,yes,"逐卡关键行为断言通过：random_paladin_secret_and_twinspell: spell=GRAVEYARD;secrets=[('BOT_908', 'SECRET', 5)];twin_copies=[('DAL_141ts', 'HAND')]",card_mechanism.csv#DAL_141; generic-play-smoke:played; effect-evidence: reports/card_quality_full_2026-09-27/set_probe_DALARAN.csv#DAL_141::random_paladin_secret_and_twinspell; per-card: reports/card_quality_full_2026-09-27/set_probe_DALARAN.csv#DAL_141::random_paladin_secret_and_twinspell,聚合状态取该卡最差机制；普通烟测只证明可执行，不能单独构成 GREEN。 EN=Twinspell Cast a random Paladin Secret.; ZH=双生法术 随机施放一个圣骑士奥秘。; source=fireplace/cards/dalaran/paladin.py:43; existing_tests=tests/test_dalaran.py:260:test_twin_spell; prior=YELLOW:3 个机制缺少充分的核心效果验证；逐机制依据见 card_mechanism.csv。; prior_evidence=card_mechanism.csv#DAL_141; generic-play-smoke:played,Twinspell Cast a random Paladin Secret.,双生法术 随机施放一个圣骑士奥秘。,fireplace/cards/dalaran/paladin.py:43
17.6.0.53261,Rise of Shadows (DALARAN),DAL_146,Bronze Herald,青铜传令官,Deathrattle,GREEN,implemented,yes,"逐卡关键行为断言通过：deathrattle_adds_two_four_four_dragons: body=GRAVEYARD;dragons=[(4, 4, True, 'HAND'), (4, 4, True, 'HAND')]",card_mechanism.csv#DAL_146; generic-play-smoke:played; effect-evidence: reports/card_quality_full_2026-09-27/set_probe_DALARAN.csv#DAL_146::deathrattle_adds_two_four_four_dragons; per-card: reports/card_quality_full_2026-09-27/set_probe_DALARAN.csv#DAL_146::deathrattle_adds_two_four_four_dragons,聚合状态取该卡最差机制；普通烟测只证明可执行，不能单独构成 GREEN。 EN=Deathrattle: Add two 4/4 Dragons to your hand.; ZH=亡语：将两张4/4的“青铜龙”置入你的手牌。; source=fireplace/cards/dalaran/paladin.py:8; existing_tests=none; prior=YELLOW:1 个机制缺少充分的核心效果验证；逐机制依据见 card_mechanism.csv。; prior_evidence=card_mechanism.csv#DAL_146; generic-play-smoke:played,Deathrattle: Add two 4/4 Dragons to your hand.,亡语：将两张4/4的“青铜龙”置入你的手牌。,fireplace/cards/dalaran/paladin.py:8
17.6.0.53261,Rise of Shadows (DALARAN),DAL_147,Dragon Speaker,龙语者,Battlecry,GREEN,implemented,yes,"逐卡关键行为断言通过：all_held_dragons_plus_three_three: before=[(3, 2), (4, 4)];after=[(6, 5), (7, 7)];plain=1/1;body=PLAY",card_mechanism.csv#DAL_147; generic-play-smoke:played; effect-evidence: reports/card_quality_full_2026-09-27/set_probe_DALARAN.csv#DAL_147::all_held_dragons_plus_three_three; per-card: reports/card_quality_full_2026-09-27/set_probe_DALARAN.csv#DAL_147::all_held_dragons_plus_three_three,聚合状态取该卡最差机制；普通烟测只证明可执行，不能单独构成 GREEN。 EN=Battlecry: Give all Dragons in your hand +3/+3.; ZH=战吼：使你手牌中的所有龙牌获得+3/+3。; source=fireplace/cards/dalaran/paladin.py:15; existing_tests=none; prior=YELLOW:1 个机制缺少充分的核心效果验证；逐机制依据见 card_mechanism.csv。; prior_evidence=card_mechanism.csv#DAL_147; generic-play-smoke:played,Battlecry: Give all Dragons in your hand +3/+3.,战吼：使你手牌中的所有龙牌获得+3/+3。,fireplace/cards/dalaran/paladin.py:15
17.6.0.53261,Rise of Shadows (DALARAN),DAL_163,Messenger Raven,渡鸦信使,Battlecry|Discover / Choice|Random effects,GREEN,implemented,yes,"逐卡关键行为断言通过：discover_mage_minion: offered=[('BT_022', 4, 4), ('GVG_002', 4, 4), ('GIL_645', 4, 4)];selected=('BT_022', 'HAND');choice_closed=True;body=PLAY",card_mechanism.csv#DAL_163; generic-play-smoke:played; effect-evidence: reports/card_quality_full_2026-09-27/set_probe_DALARAN.csv#DAL_163::discover_mage_minion; per-card: reports/card_quality_full_2026-09-27/set_probe_DALARAN.csv#DAL_163::discover_mage_minion,聚合状态取该卡最差机制；普通烟测只证明可执行，不能单独构成 GREEN。 EN=Battlecry: Discover a Mage minion.; ZH=战吼：发现一张法师随从牌。; source=fireplace/cards/dalaran/mage.py:8; existing_tests=none; prior=YELLOW:3 个机制缺少充分的核心效果验证；逐机制依据见 card_mechanism.csv。; prior_evidence=card_mechanism.csv#DAL_163; generic-play-smoke:played,Battlecry: Discover a Mage minion.,战吼：发现一张法师随从牌。,fireplace/cards/dalaran/mage.py:8
17.6.0.53261,Rise of Shadows (DALARAN),DAL_173,Darkest Hour,至暗时刻,Random effects|Spell resolution|Summon,GREEN,implemented,yes,"逐卡关键行为断言通过：two_deaths_replace_with_two_deck_minions: old=['GRAVEYARD', 'GRAVEYARD'];deck=['PLAY', 'PLAY'];field=['CS2_182', 'BOT_445'];spell=GRAVEYARD",card_mechanism.csv#DAL_173; generic-play-smoke:played; effect-evidence: reports/card_quality_full_2026-09-27/set_probe_DALARAN.csv#DAL_173::two_deaths_replace_with_two_deck_minions; per-card: reports/card_quality_full_2026-09-27/set_probe_DALARAN.csv#DAL_173::two_deaths_replace_with_two_deck_minions,"聚合状态取该卡最差机制；普通烟测只证明可执行，不能单独构成 GREEN。 EN=Destroy all friendly minions. For each one, summon a random minion from your deck.; ZH=消灭所有友方随从。每消灭一个随从，便随机从你的牌库中召唤一个随从。; source=fireplace/cards/dalaran/warlock.py:88; existing_tests=tests/test_dalaran.py:229:test_darkest_hour; prior=YELLOW:3 个机制缺少充分的核心效果验证；逐机制依据见 card_mechanism.csv。; prior_evidence=card_mechanism.csv#DAL_173; generic-play-smoke:played","Destroy all friendly minions. For each one, summon a random minion from your deck.",消灭所有友方随从。每消灭一个随从，便随机从你的牌库中召唤一个随从。,fireplace/cards/dalaran/warlock.py:88
17.6.0.53261,Rise of Shadows (DALARAN),DAL_177,Conjurer's Calling,咒术师的召唤,Random effects|Spell resolution|Summon|Targeting|Twinspell,GREEN,implemented,yes,"逐卡关键行为断言通过：destroy_zero_cost_target_summon_two_zero_cost_and_twin: victim=GRAVEYARD;summons=[('CS2_231', 0, 'PLAY'), ('ICC_023', 0, 'PLAY')];twin=[('DAL_177ts', 'HAND')];spell=GRAVEYARD",card_mechanism.csv#DAL_177; generic-play-smoke:played; effect-evidence: reports/card_quality_full_2026-09-27/set_probe_DALARAN.csv#DAL_177::destroy_zero_cost_target_summon_two_zero_cost_and_twin; per-card: reports/card_quality_full_2026-09-27/set_probe_DALARAN.csv#DAL_177::destroy_zero_cost_target_summon_two_zero_cost_and_twin,聚合状态取该卡最差机制；普通烟测只证明可执行，不能单独构成 GREEN。 EN=Twinspell Destroy a minion. Summon 2 minions of the same Cost to replace it.; ZH=双生法术 消灭一个随从。召唤两个法力值消耗相同的随从来替换它。; source=fireplace/cards/dalaran/mage.py:67; existing_tests=none; prior=YELLOW:5 个机制缺少充分的核心效果验证；逐机制依据见 card_mechanism.csv。; prior_evidence=card_mechanism.csv#DAL_177; generic-play-smoke:played,Twinspell Destroy a minion. Summon 2 minions of the same Cost to replace it.,双生法术 消灭一个随从。召唤两个法力值消耗相同的随从来替换它。,fireplace/cards/dalaran/mage.py:67
17.6.0.53261,Rise of Shadows (DALARAN),DAL_182,Magic Dart Frog,魔法蓝蛙,Random effects|Trigger,GREEN,implemented,yes,逐卡关键行为断言通过：own_spell_hits_enemy_minion_enemy_spell_ignored: after_own=4;after_enemy_spell=4;frog=PLAY;own_spell=GRAVEYARD;enemy_spell=GRAVEYARD,card_mechanism.csv#DAL_182; generic-play-smoke:played; effect-evidence: reports/card_quality_full_2026-09-27/set_probe_DALARAN.csv#DAL_182::own_spell_hits_enemy_minion_enemy_spell_ignored; per-card: reports/card_quality_full_2026-09-27/set_probe_DALARAN.csv#DAL_182::own_spell_hits_enemy_minion_enemy_spell_ignored,"聚合状态取该卡最差机制；普通烟测只证明可执行，不能单独构成 GREEN。 EN=After you cast a spell, deal 1 damage to a random enemy minion.; ZH=在你施放一个法术后，随机对一个敌方随从造成1点伤害。; source=fireplace/cards/dalaran/mage.py:15; existing_tests=none; prior=YELLOW:2 个机制缺少充分的核心效果验证；逐机制依据见 card_mechanism.csv。; prior_evidence=card_mechanism.csv#DAL_182; generic-play-smoke:played","After you cast a spell, deal 1 damage to a random enemy minion.",在你施放一个法术后，随机对一个敌方随从造成1点伤害。,fireplace/cards/dalaran/mage.py:15
17.6.0.53261,Rise of Shadows (DALARAN),DAL_185,Aranasi Broodmother,阿兰纳丝蛛后,Draw / Discard|Taunt|Trigger,GREEN,implemented,yes,逐卡关键行为断言通过：draw_from_deck_heals_four: mother=HAND;own_health=24;enemy_health=20;hand=['DAL_185'],card_mechanism.csv#DAL_185; generic-play-smoke:played; effect-evidence: reports/card_quality_full_2026-09-27/set_probe_DALARAN.csv#DAL_185::draw_from_deck_heals_four; per-card: reports/card_quality_full_2026-09-27/set_probe_DALARAN.csv#DAL_185::draw_from_deck_heals_four,"聚合状态取该卡最差机制；普通烟测只证明可执行，不能单独构成 GREEN。 EN=[x]Taunt When you draw this, restore #4 Health to your hero.; ZH=嘲讽 当你抽到该牌时，为你的英雄恢复#4点生命值。; source=fireplace/cards/dalaran/warlock.py:8; existing_tests=none; prior=YELLOW:3 个机制缺少充分的核心效果验证；逐机制依据见 card_mechanism.csv。; prior_evidence=card_mechanism.csv#DAL_185; generic-play-smoke:played","[x]Taunt When you draw this, restore #4 Health to your hero.",嘲讽 当你抽到该牌时，为你的英雄恢复#4点生命值。,fireplace/cards/dalaran/warlock.py:8
17.6.0.53261,Rise of Shadows (DALARAN),DAL_256,The Forest's Aid,森林的援助,Spell resolution|Summon|Twinspell,GREEN,implemented,yes,"逐卡关键行为断言通过：summon_five_two_two_and_twin: treants=[(2, 2, 'PLAY'), (2, 2, 'PLAY'), (2, 2, 'PLAY'), (2, 2, 'PLAY'), (2, 2, 'PLAY')];twin=[('DAL_256ts', 'HAND')];spell=GRAVEYARD",card_mechanism.csv#DAL_256; generic-play-smoke:played; effect-evidence: reports/card_quality_full_2026-09-27/set_probe_DALARAN.csv#DAL_256::summon_five_two_two_and_twin; per-card: reports/card_quality_full_2026-09-27/set_probe_DALARAN.csv#DAL_256::summon_five_two_two_and_twin,聚合状态取该卡最差机制；普通烟测只证明可执行，不能单独构成 GREEN。 EN=Twinspell Summon five 2/2 Treants.; ZH=双生法术 召唤五个2/2的 树人。; source=fireplace/cards/dalaran/druid.py:61; existing_tests=none; prior=YELLOW:3 个机制缺少充分的核心效果验证；逐机制依据见 card_mechanism.csv。; prior_evidence=card_mechanism.csv#DAL_256; generic-play-smoke:played,Twinspell Summon five 2/2 Treants.,双生法术 召唤五个2/2的 树人。,fireplace/cards/dalaran/druid.py:61
17.6.0.53261,Rise of Shadows (DALARAN),DAL_350,Crystal Power,水晶之力,Choose One|Spell resolution|Targeting,GREEN,implemented,yes,逐卡关键行为断言通过：choose_damage_two: foe_health=3;own_health=23;spell=GRAVEYARD; choose_heal_five: own_health=28;foe_health=5;spell=GRAVEYARD,card_mechanism.csv#DAL_350; generic-play-smoke:played; effect-evidence: reports/card_quality_full_2026-09-27/set_probe_DALARAN.csv#DAL_350::choose_damage_two; reports/card_quality_full_2026-09-27/set_probe_DALARAN.csv#DAL_350::choose_heal_five; per-card: reports/card_quality_full_2026-09-27/set_probe_DALARAN.csv#DAL_350::choose_damage_two; reports/card_quality_full_2026-09-27/set_probe_DALARAN.csv#DAL_350::choose_heal_five,聚合状态取该卡最差机制；普通烟测只证明可执行，不能单独构成 GREEN。 EN=Choose One - Deal $2 damage to a minion; or Restore #5 Health.; ZH=抉择：对一个随从造成$2点伤害；或者恢复#5点生命值。; source=fireplace/cards/dalaran/druid.py:75; existing_tests=none; prior=YELLOW:3 个机制缺少充分的核心效果验证；逐机制依据见 card_mechanism.csv。; prior_evidence=card_mechanism.csv#DAL_350; generic-play-smoke:played,Choose One - Deal $2 damage to a minion; or Restore #5 Health.,抉择：对一个随从造成$2点伤害；或者恢复#5点生命值。,fireplace/cards/dalaran/druid.py:75
17.6.0.53261,Rise of Shadows (DALARAN),DAL_351,Blessing of the Ancients,远古祝福,Spell resolution|Twinspell,GREEN,implemented,yes,"逐卡关键行为断言通过：buffs_all_friends_not_enemy_and_twin: before=[(1, 1), (4, 5)];after=[(2, 2), (5, 6)];enemy=1/1;twin=[('DAL_351ts', 'HAND')]",card_mechanism.csv#DAL_351; generic-play-smoke:played; effect-evidence: reports/card_quality_full_2026-09-27/set_probe_DALARAN.csv#DAL_351::buffs_all_friends_not_enemy_and_twin; per-card: reports/card_quality_full_2026-09-27/set_probe_DALARAN.csv#DAL_351::buffs_all_friends_not_enemy_and_twin,聚合状态取该卡最差机制；普通烟测只证明可执行，不能单独构成 GREEN。 EN=Twinspell Give your minions +1/+1.; ZH=双生法术 使你的所有随从获得+1/+1。; source=fireplace/cards/dalaran/druid.py:101; existing_tests=none; prior=YELLOW:2 个机制缺少充分的核心效果验证；逐机制依据见 card_mechanism.csv。; prior_evidence=card_mechanism.csv#DAL_351; generic-play-smoke:played,Twinspell Give your minions +1/+1.,双生法术 使你的所有随从获得+1/+1。,fireplace/cards/dalaran/druid.py:101
17.6.0.53261,Rise of Shadows (DALARAN),DAL_352,Crystalsong Portal,晶歌传送门,Discover / Choice|Random effects|Spell resolution,GREEN,implemented,yes,"逐卡关键行为断言通过：empty_minion_hand_keeps_three: held_minion=False;choice_options=[];generated=[('BRM_010', 4, 2, 'HAND'), ('GVG_032', 4, 2, 'HAND'), ('GIL_658', 4, 2, 'HAND')];choice_closed=True; held_minion_discovers_one: held_minion=True;choice_options=[('BRM_010', 4), ('GVG_034', 4), ('GIL_800', 4)];generated=[('BRM_010', 4, 2, 'HAND')];choice_closed=True",card_mechanism.csv#DAL_352; generic-play-smoke:played; effect-evidence: reports/card_quality_full_2026-09-27/set_probe_DALARAN.csv#DAL_352::empty_minion_hand_keeps_three; reports/card_quality_full_2026-09-27/set_probe_DALARAN.csv#DAL_352::held_minion_discovers_one; per-card: reports/card_quality_full_2026-09-27/set_probe_DALARAN.csv#DAL_352::empty_minion_hand_keeps_three; reports/card_quality_full_2026-09-27/set_probe_DALARAN.csv#DAL_352::held_minion_discovers_one,"聚合状态取该卡最差机制；普通烟测只证明可执行，不能单独构成 GREEN。 EN=Discover a Druid minion. If your hand has no minions, keep all 3.; ZH=发现一张德鲁伊随从牌。如果你的手牌中没有随从牌，则保留全部三张牌。; source=fireplace/cards/dalaran/druid.py:118; existing_tests=none; prior=YELLOW:3 个机制缺少充分的核心效果验证；逐机制依据见 card_mechanism.csv。; prior_evidence=card_mechanism.csv#DAL_352; generic-play-smoke:played","Discover a Druid minion. If your hand has no minions, keep all 3.",发现一张德鲁伊随从牌。如果你的手牌中没有随从牌，则保留全部三张牌。,fireplace/cards/dalaran/druid.py:118
17.6.0.53261,Rise of Shadows (DALARAN),DAL_354,Acornbearer,橡果人,Deathrattle,GREEN,implemented,yes,"逐卡关键行为断言通过：deathrattle_two_one_one_squirrels: body=GRAVEYARD;squirrels=[(1, 1, 'HAND'), (1, 1, 'HAND')]",card_mechanism.csv#DAL_354; generic-play-smoke:played; effect-evidence: reports/card_quality_full_2026-09-27/set_probe_DALARAN.csv#DAL_354::deathrattle_two_one_one_squirrels; per-card: reports/card_quality_full_2026-09-27/set_probe_DALARAN.csv#DAL_354::deathrattle_two_one_one_squirrels,聚合状态取该卡最差机制；普通烟测只证明可执行，不能单独构成 GREEN。 EN=Deathrattle: Add two 1/1 Squirrels to your hand.; ZH=亡语：将两张1/1的“松鼠”置入你的手牌。; source=fireplace/cards/dalaran/druid.py:8; existing_tests=none; prior=YELLOW:1 个机制缺少充分的核心效果验证；逐机制依据见 card_mechanism.csv。; prior_evidence=card_mechanism.csv#DAL_354; generic-play-smoke:played,Deathrattle: Add two 1/1 Squirrels to your hand.,亡语：将两张1/1的“松鼠”置入你的手牌。,fireplace/cards/dalaran/druid.py:8
17.6.0.53261,Rise of Shadows (DALARAN),DAL_355,Lifeweaver,织命者,Random effects|Trigger,GREEN,implemented,yes,"逐卡关键行为断言通过：actual_heal_adds_druid_spell: hero_health=29;generated=[('CFM_602', 5, 2, 'HAND')];body=PLAY; no_health_restored_no_card: full_hero=30;hand=[];body=PLAY",card_mechanism.csv#DAL_355; generic-play-smoke:played; effect-evidence: reports/card_quality_full_2026-09-27/set_probe_DALARAN.csv#DAL_355::actual_heal_adds_druid_spell; reports/card_quality_full_2026-09-27/set_probe_DALARAN.csv#DAL_355::no_health_restored_no_card; per-card: reports/card_quality_full_2026-09-27/set_probe_DALARAN.csv#DAL_355::actual_heal_adds_druid_spell; reports/card_quality_full_2026-09-27/set_probe_DALARAN.csv#DAL_355::no_health_restored_no_card,"聚合状态取该卡最差机制；普通烟测只证明可执行，不能单独构成 GREEN。 EN=Whenever you restore Health, add a random Druid spell to your hand.; ZH=每当有角色获得你的治疗时，随机将一张德鲁伊法术牌置入你的手牌。; source=fireplace/cards/dalaran/druid.py:15; existing_tests=tests/test_dalaran.py:27:test_lifeweaver; prior=YELLOW:2 个机制缺少充分的核心效果验证；逐机制依据见 card_mechanism.csv。; prior_evidence=card_mechanism.csv#DAL_355; generic-play-smoke:played","Whenever you restore Health, add a random Druid spell to your hand.",每当有角色获得你的治疗时，随机将一张德鲁伊法术牌置入你的手牌。,fireplace/cards/dalaran/druid.py:15
17.6.0.53261,Rise of Shadows (DALARAN),DAL_357,Lucentbark,卢森巴克,Deathrattle|Summon|Taunt,GREEN,implemented,yes,"逐卡关键行为断言通过：deathrattle_dormant_and_cumulative_heal_wakes: initial=('DAL_357t', 'PLAY', True, 0);after_first=(30, 2, 'DAL_357t', 'PLAY');after_second=(5, 4, 'DAL_357t', 'PLAY');hero_health=30;ally=(5, 5);awakened=('DAL_357', 4, 8, 1, 'PLAY');dormant_remaining=0;coin_zones=['GRAVEYARD', 'GRAVEYARD', 'GRAVEYARD', 'GRAVEYARD'];mana=0",card_mechanism.csv#DAL_357; generic-play-smoke:played; effect-evidence: reports/card_quality_full_2026-09-27/set_probe_DALARAN.csv#DAL_357::deathrattle_dormant_and_cumulative_heal_wakes; per-card: reports/card_quality_full_2026-09-27/set_probe_DALARAN.csv#DAL_357::deathrattle_dormant_and_cumulative_heal_wakes,"聚合状态取该卡最差机制；普通烟测只证明可执行，不能单独构成 GREEN。 EN=Taunt Deathrattle: Go Dormant. Restore 5 Health to awaken this minion.; ZH=嘲讽，亡语：进入休眠状态。累计恢复5点生命值可唤醒该随从。; source=fireplace/cards/dalaran/druid.py:24; existing_tests=tests/test_dalaran.py:13:test_lucentbark | tests/test_dalaran.py:6:test_lucentbark; prior=YELLOW:2 个机制缺少充分的核心效果验证；逐机制依据见 card_mechanism.csv。; prior_evidence=card_mechanism.csv#DAL_357; generic-play-smoke:played; effect-evidence: fireplace/cards/CardDefs.xml#DAL_357; fireplace/cards/dalaran/druid.py:24; tests/test_dalaran.py:4:test_lucentbark; smoke:death_processed:pass; delta={""friendly_field"":{""before"":[""DAL_357""],""after"":[""DAL_357t""]},""friendly_graveyard"":{""before"":[],""after"":[""DAL_357""]}}",Taunt Deathrattle: Go Dormant. Restore 5 Health to awaken this minion.,嘲讽，亡语：进入休眠状态。累计恢复5点生命值可唤醒该随从。,fireplace/cards/dalaran/druid.py:24
17.6.0.53261,Rise of Shadows (DALARAN),DAL_366,Unidentified Contract,未鉴定的合约,Random effects|Spell resolution|Targeting,GREEN,implemented,yes,"逐卡关键行为断言通过：draw_morphs_into_bonus_contract: hand=['DAL_366t2'];variants=['DAL_366t2'];deck=[]; four_contract_bonus_resolutions: variant_resolutions=[('DAL_366t1', 'GRAVEYARD', [], [], ['EX1_522']), ('DAL_366t2', 'GRAVEYARD', [], ['CS2_182'], []), ('DAL_366t3', 'GRAVEYARD', [], ['GAME_005', 'GAME_005'], []), ('DAL_366t4', 'GRAVEYARD', [('CS2_182', 1, 4, 'PLAY'), ('CS2_182', 1, 4, 'PLAY')], [], [])]",card_mechanism.csv#DAL_366; generic-play-smoke:played; effect-evidence: reports/card_quality_full_2026-09-27/set_probe_DALARAN.csv#DAL_366::draw_morphs_into_bonus_contract; reports/card_quality_full_2026-09-27/set_probe_DALARAN.csv#DAL_366::four_contract_bonus_resolutions; per-card: reports/card_quality_full_2026-09-27/set_probe_DALARAN.csv#DAL_366::draw_morphs_into_bonus_contract; reports/card_quality_full_2026-09-27/set_probe_DALARAN.csv#DAL_366::four_contract_bonus_resolutions,聚合状态取该卡最差机制；普通烟测只证明可执行，不能单独构成 GREEN。 EN=Destroy a minion. Gains a bonus effect in your hand.; ZH=消灭一个随从。在你手牌中时获得额外效果。; source=fireplace/cards/dalaran/rogue.py:69; existing_tests=none; prior=YELLOW:3 个机制缺少充分的核心效果验证；逐机制依据见 card_mechanism.csv。; prior_evidence=card_mechanism.csv#DAL_366; generic-play-smoke:played,Destroy a minion. Gains a bonus effect in your hand.,消灭一个随从。在你手牌中时获得额外效果。,fireplace/cards/dalaran/rogue.py:69
17.6.0.53261,Rise of Shadows (DALARAN),DAL_371,Marked Shot,标记射击,Discover / Choice|Random effects|Spell resolution|Targeting,GREEN,implemented,yes,"逐卡关键行为断言通过：four_damage_and_spell_discover: target_before=5;after=(1, 4, 'PLAY');offered=[('UNG_917', 5), ('GVG_026', 5), ('EX1_537', 5)];selected=UNG_917;hand=['UNG_917'];spell=GRAVEYARD",card_mechanism.csv#DAL_371; generic-play-smoke:played; effect-evidence: reports/card_quality_full_2026-09-27/set_probe_DALARAN.csv#DAL_371::four_damage_and_spell_discover; per-card: reports/card_quality_full_2026-09-27/set_probe_DALARAN.csv#DAL_371::four_damage_and_spell_discover,聚合状态取该卡最差机制；普通烟测只证明可执行，不能单独构成 GREEN。 EN=Deal $4 damage to a minion. Discover a spell.; ZH=对一个随从造成$4点伤害。发现一张法术牌。; source=fireplace/cards/dalaran/hunter.py:59; existing_tests=none; prior=YELLOW:4 个机制缺少充分的核心效果验证；逐机制依据见 card_mechanism.csv。; prior_evidence=card_mechanism.csv#DAL_371; generic-play-smoke:played,Deal $4 damage to a minion. Discover a spell.,对一个随从造成$4点伤害。发现一张法术牌。,fireplace/cards/dalaran/hunter.py:59
17.6.0.53261,Rise of Shadows (DALARAN),DAL_372,Arcane Fletcher,奥术弓箭手,Draw / Discard|Trigger,GREEN,implemented,yes,"逐卡关键行为断言通过：one_cost_minion_play_triggers_spell_draw: one_cost=True;played=('EX1_011', 1, 'PLAY');fletcher=PLAY;hero=30;drawn=['CS2_029'];deck=[]; one_cost=False;played=('CS2_231', 0, 'PLAY');fletcher=PLAY;hero=30;drawn=[];deck=['CS2_029']",card_mechanism.csv#DAL_372; generic-play-smoke:played; effect-evidence: reports/card_quality_full_2026-09-27/set_probe_DALARAN.csv#DAL_372::one_cost_minion_play_triggers_spell_draw; per-card: reports/card_quality_full_2026-09-27/set_probe_DALARAN.csv#DAL_372::one_cost_minion_play_triggers_spell_draw,"聚合状态取该卡最差机制；普通烟测只证明可执行，不能单独构成 GREEN。 EN=[x]Whenever you play a 1-Cost minion, draw a spell from your deck.; ZH=每当你使用一张法力值消耗为（1）的随从牌，从你的牌库中抽一张法术牌。; source=fireplace/cards/dalaran/hunter.py:8; existing_tests=none; prior=YELLOW:2 个机制缺少充分的核心效果验证；逐机制依据见 card_mechanism.csv。; prior_evidence=card_mechanism.csv#DAL_372; generic-play-smoke:played","[x]Whenever you play a 1-Cost minion, draw a spell from your deck.",每当你使用一张法力值消耗为（1）的随从牌，从你的牌库中抽一张法术牌。,fireplace/cards/dalaran/hunter.py:8
17.6.0.53261,Rise of Shadows (DALARAN),DAL_373,Rapid Fire,急速射击,Spell resolution|Targeting|Twinspell,GREEN,implemented,yes,"逐卡关键行为断言通过：twinspell_first_and_copy_cast: first=(4, 1, 1, 'GRAVEYARD');second=(3, 2, 0, 'GRAVEYARD');hand=[];target_zone=PLAY",card_mechanism.csv#DAL_373; generic-play-smoke:played; effect-evidence: reports/card_quality_full_2026-09-27/set_probe_DALARAN.csv#DAL_373::twinspell_first_and_copy_cast; per-card: reports/card_quality_full_2026-09-27/set_probe_DALARAN.csv#DAL_373::twinspell_first_and_copy_cast,聚合状态取该卡最差机制；普通烟测只证明可执行，不能单独构成 GREEN。 EN=Twinspell Deal $1 damage.; ZH=双生法术 造成$1点伤害。; source=fireplace/cards/dalaran/hunter.py:70; existing_tests=none; prior=YELLOW:3 个机制缺少充分的核心效果验证；逐机制依据见 card_mechanism.csv。; prior_evidence=card_mechanism.csv#DAL_373; generic-play-smoke:played,Twinspell Deal $1 damage.,双生法术 造成$1点伤害。,fireplace/cards/dalaran/hunter.py:70
17.6.0.53261,Rise of Shadows (DALARAN),DAL_376,Oblivitron,湮灭战车,Deathrattle|Summon,GREEN,implemented,yes,"逐卡关键行为断言通过：deathrattle_summons_hand_mech_and_triggers_deathrattle: oblivitron=GRAVEYARD;harvest=('EX1_556', 2, 3, 'PLAY');other_minions=[('skele21', 2, 1, 'PLAY')];hand=[]",card_mechanism.csv#DAL_376; generic-play-smoke:played; effect-evidence: reports/card_quality_full_2026-09-27/set_probe_DALARAN.csv#DAL_376::deathrattle_summons_hand_mech_and_triggers_deathrattle; per-card: reports/card_quality_full_2026-09-27/set_probe_DALARAN.csv#DAL_376::deathrattle_summons_hand_mech_and_triggers_deathrattle,聚合状态取该卡最差机制；普通烟测只证明可执行，不能单独构成 GREEN。 EN=[x]Deathrattle: Summon a Mech from your hand and trigger its Deathrattle.; ZH=亡语：从你的手牌中召唤一个机械，并触发其亡语。; source=fireplace/cards/dalaran/hunter.py:17; existing_tests=none; prior=YELLOW:2 个机制缺少充分的核心效果验证；逐机制依据见 card_mechanism.csv。; prior_evidence=card_mechanism.csv#DAL_376; generic-play-smoke:played,[x]Deathrattle: Summon a Mech from your hand and trigger its Deathrattle.,亡语：从你的手牌中召唤一个机械，并触发其亡语。,fireplace/cards/dalaran/hunter.py:17
17.6.0.53261,Rise of Shadows (DALARAN),DAL_377,Nine Lives,九命兽魂,Discover / Choice|Spell resolution,GREEN,implemented,yes,逐卡关键行为断言通过：discover_dead_deathrattle_and_retrigger: dead=GRAVEYARD;offered=['EX1_029'];chosen=EX1_029;hand=['EX1_029'];enemy_hero=26;spell=GRAVEYARD,card_mechanism.csv#DAL_377; generic-play-smoke:unplayable_in_generic_setup; effect-evidence: reports/card_quality_full_2026-09-27/set_probe_DALARAN.csv#DAL_377::discover_dead_deathrattle_and_retrigger; per-card: reports/card_quality_full_2026-09-27/set_probe_DALARAN.csv#DAL_377::discover_dead_deathrattle_and_retrigger,聚合状态取该卡最差机制；普通烟测只证明可执行，不能单独构成 GREEN。 EN=Discover a friendly Deathrattle minion that died this game. Also trigger its Deathrattle.; ZH=发现一个在本局对战中死亡的友方亡语随从，并触发其 亡语。; source=fireplace/cards/dalaran/hunter.py:84; existing_tests=tests/test_dalaran.py:39:test_nine_lives; prior=YELLOW:2 个机制缺少充分的核心效果验证；逐机制依据见 card_mechanism.csv。; prior_evidence=card_mechanism.csv#DAL_377; generic-play-smoke:unplayable_in_generic_setup,Discover a friendly Deathrattle minion that died this game. Also trigger its Deathrattle.,发现一个在本局对战中死亡的友方亡语随从，并触发其 亡语。,fireplace/cards/dalaran/hunter.py:84
17.6.0.53261,Rise of Shadows (DALARAN),DAL_378,Unleash the Beast,猛兽出笼,Spell resolution|Summon|Twinspell,GREEN,implemented,yes,"逐卡关键行为断言通过：twinspell_summons_rush_wyvern_twice: first=GRAVEYARD;copy=GRAVEYARD;first_body_ready=True;after_attack=('GRAVEYARD', 1, True);bodies=[(5, 4, 1, 'PLAY'), (5, 5, 1, 'PLAY')];hand=[]",card_mechanism.csv#DAL_378; generic-play-smoke:played; effect-evidence: reports/card_quality_full_2026-09-27/set_probe_DALARAN.csv#DAL_378::twinspell_summons_rush_wyvern_twice; per-card: reports/card_quality_full_2026-09-27/set_probe_DALARAN.csv#DAL_378::twinspell_summons_rush_wyvern_twice,聚合状态取该卡最差机制；普通烟测只证明可执行，不能单独构成 GREEN。 EN=Twinspell Summon a 5/5 Wyvern with Rush.; ZH=双生法术 召唤一只5/5并具有突袭的双足飞龙。; source=fireplace/cards/dalaran/hunter.py:98; existing_tests=none; prior=YELLOW:3 个机制缺少充分的核心效果验证；逐机制依据见 card_mechanism.csv。; prior_evidence=card_mechanism.csv#DAL_378; generic-play-smoke:played,Twinspell Summon a 5/5 Wyvern with Rush.,双生法术 召唤一只5/5并具有突袭的双足飞龙。,fireplace/cards/dalaran/hunter.py:98
17.6.0.53261,Rise of Shadows (DALARAN),DAL_379,Vereesa Windrunner,温蕾萨·风行者,Battlecry|Summon,RED,partial,yes,"实测与卡牌文本不符：battlecry_equips_thoridal_and_attack_buffs_spell_damage: body=PLAY;weapon=('DAL_379t', 2, 2, 'PLAY');weapon_after_attack=2;enemy_hero_after_attack=28;hero_atk=2;target=(4, 1, 'PLAY');spell=GRAVEYARD;spellpower=0",card_mechanism.csv#DAL_379; generic-play-smoke:played; effect-evidence: reports/card_quality_full_2026-09-27/set_probe_DALARAN.csv#DAL_379::battlecry_equips_thoridal_and_attack_buffs_spell_damage; per-card: reports/card_quality_full_2026-09-27/set_probe_DALARAN.csv#DAL_379::battlecry_equips_thoridal_and_attack_buffs_spell_damage,"聚合状态取该卡最差机制；普通烟测只证明可执行，不能单独构成 GREEN。 EN=Battlecry: Equip Thori'dal, the Stars' Fury.; ZH=战吼：装备索利达尔，群星之怒。; source=fireplace/cards/dalaran/hunter.py:27; existing_tests=none; prior=YELLOW:2 个机制缺少充分的核心效果验证；逐机制依据见 card_mechanism.csv。; prior_evidence=card_mechanism.csv#DAL_379; generic-play-smoke:played","Battlecry: Equip Thori'dal, the Stars' Fury.",战吼：装备索利达尔，群星之怒。,fireplace/cards/dalaran/hunter.py:27
17.6.0.53261,Rise of Shadows (DALARAN),DAL_400,EVIL Cable Rat,怪盗布缆鼠,Battlecry|Random effects,GREEN,implemented,yes,"逐卡关键行为断言通过：battlecry_generates_a_lackey: body=('DAL_400', 1, 1, 'PLAY');hand=['DAL_614'];lackeys=['DAL_614'];hand_delta=1",card_mechanism.csv#DAL_400; generic-play-smoke:played; effect-evidence: reports/card_quality_full_2026-09-27/set_probe_DALARAN.csv#DAL_400::battlecry_generates_a_lackey; per-card: reports/card_quality_full_2026-09-27/set_probe_DALARAN.csv#DAL_400::battlecry_generates_a_lackey,聚合状态取该卡最差机制；普通烟测只证明可执行，不能单独构成 GREEN。 EN=Battlecry: Add a Lackey to your hand.; ZH=战吼：将一张跟班牌置入你的手牌。; source=fireplace/cards/dalaran/neutral_common.py:67; existing_tests=none; prior=YELLOW:2 个机制缺少充分的核心效果验证；逐机制依据见 card_mechanism.csv。; prior_evidence=card_mechanism.csv#DAL_400; generic-play-smoke:played,Battlecry: Add a Lackey to your hand.,战吼：将一张跟班牌置入你的手牌。,fireplace/cards/dalaran/neutral_common.py:67
17.6.0.53261,Rise of Shadows (DALARAN),DAL_413,EVIL Conscripter,怪盗征募员,Deathrattle|Random effects,GREEN,implemented,yes,逐卡关键行为断言通过：deathrattle_adds_a_lackey: body=GRAVEYARD;hand=['DAL_613'];lackeys=['DAL_613'];hand_delta=1,card_mechanism.csv#DAL_413; generic-play-smoke:played; effect-evidence: reports/card_quality_full_2026-09-27/set_probe_DALARAN.csv#DAL_413::deathrattle_adds_a_lackey; per-card: reports/card_quality_full_2026-09-27/set_probe_DALARAN.csv#DAL_413::deathrattle_adds_a_lackey,聚合状态取该卡最差机制；普通烟测只证明可执行，不能单独构成 GREEN。 EN=Deathrattle: Add a Lackey to your hand.; ZH=亡语：将一张跟班牌置入你的手牌。; source=fireplace/cards/dalaran/priest.py:40; existing_tests=none; prior=YELLOW:2 个机制缺少充分的核心效果验证；逐机制依据见 card_mechanism.csv。; prior_evidence=card_mechanism.csv#DAL_413; generic-play-smoke:played,Deathrattle: Add a Lackey to your hand.,亡语：将一张跟班牌置入你的手牌。,fireplace/cards/dalaran/priest.py:40
17.6.0.53261,Rise of Shadows (DALARAN),DAL_415,EVIL Miscreant,怪盗恶霸,Combo|Random effects,GREEN,implemented,yes,"逐卡关键行为断言通过：combo_adds_two_lackeys_and_noncombo_adds_none: combo=False;body=PLAY;hand=[];lackeys=[];delta=0 | combo=True;body=PLAY;hand=['DAL_741', 'DRG_052'];lackeys=['DAL_741', 'DRG_052'];delta=2",card_mechanism.csv#DAL_415; generic-play-smoke:played; effect-evidence: reports/card_quality_full_2026-09-27/set_probe_DALARAN.csv#DAL_415::combo_adds_two_lackeys_and_noncombo_adds_none; per-card: reports/card_quality_full_2026-09-27/set_probe_DALARAN.csv#DAL_415::combo_adds_two_lackeys_and_noncombo_adds_none,聚合状态取该卡最差机制；普通烟测只证明可执行，不能单独构成 GREEN。 EN=Combo: Add two random Lackeys to your hand.; ZH=连击：随机将两张跟班牌置入你的手牌。; source=fireplace/cards/dalaran/rogue.py:8; existing_tests=none; prior=YELLOW:2 个机制缺少充分的核心效果验证；逐机制依据见 card_mechanism.csv。; prior_evidence=card_mechanism.csv#DAL_415; generic-play-smoke:played,Combo: Add two random Lackeys to your hand.,连击：随机将两张跟班牌置入你的手牌。,fireplace/cards/dalaran/rogue.py:8
17.6.0.53261,Rise of Shadows (DALARAN),DAL_416,Hench-Clan Burglar,荆棘帮蟊贼,Battlecry|Discover / Choice|Random effects,GREEN,implemented,yes,"逐卡关键行为断言通过：battlecry_discovers_another_class_spell: body=PLAY;offered=[('CFM_696', 5, 8), ('OG_223', 5, 5), ('EX1_289', 5, 4)];chosen=CFM_696;hand=['CFM_696']",card_mechanism.csv#DAL_416; generic-play-smoke:played; effect-evidence: reports/card_quality_full_2026-09-27/set_probe_DALARAN.csv#DAL_416::battlecry_discovers_another_class_spell; per-card: reports/card_quality_full_2026-09-27/set_probe_DALARAN.csv#DAL_416::battlecry_discovers_another_class_spell,聚合状态取该卡最差机制；普通烟测只证明可执行，不能单独构成 GREEN。 EN=Battlecry: Discover a spell from another class.; ZH=战吼：发现一张其他职业的法术牌。; source=fireplace/cards/dalaran/rogue.py:15; existing_tests=none; prior=YELLOW:3 个机制缺少充分的核心效果验证；逐机制依据见 card_mechanism.csv。; prior_evidence=card_mechanism.csv#DAL_416; generic-play-smoke:played,Battlecry: Discover a spell from another class.,战吼：发现一张其他职业的法术牌。,fireplace/cards/dalaran/rogue.py:15
17.6.0.53261,Rise of Shadows (DALARAN),DAL_417,Heistbaron Togwaggle,劫匪之王托瓦格尔,Battlecry|Targeting,GREEN,implemented,yes,"逐卡关键行为断言通过：lackey_gates_treasure_choice: lackey=None;body=PLAY;choice=None;hand=[];delta=0 | lackey=('DAL_613', 'PLAY');body=PLAY;offered=['LOOT_998h', 'LOOT_998j', 'LOOT_998l', 'LOOT_998k'];chosen=LOOT_998h;hand=['LOOT_998h']",card_mechanism.csv#DAL_417; generic-play-smoke:played; effect-evidence: reports/card_quality_full_2026-09-27/set_probe_DALARAN.csv#DAL_417::lackey_gates_treasure_choice; per-card: reports/card_quality_full_2026-09-27/set_probe_DALARAN.csv#DAL_417::lackey_gates_treasure_choice,"聚合状态取该卡最差机制；普通烟测只证明可执行，不能单独构成 GREEN。 EN=Battlecry: If you control a Lackey, choose a fantastic treasure.; ZH=战吼：如果你控制一个跟班，就可以选择一张宝藏牌。; source=fireplace/cards/dalaran/rogue.py:22; existing_tests=none; prior=YELLOW:2 个机制缺少充分的核心效果验证；逐机制依据见 card_mechanism.csv。; prior_evidence=card_mechanism.csv#DAL_417; generic-play-smoke:played","Battlecry: If you control a Lackey, choose a fantastic treasure.",战吼：如果你控制一个跟班，就可以选择一张宝藏牌。,fireplace/cards/dalaran/rogue.py:22
17.6.0.53261,Rise of Shadows (DALARAN),DAL_422,Arch-Villain Rafaam,至尊盗王拉法姆,Battlecry|Random effects|Taunt,RED,partial,yes,"实测与卡牌文本不符：battlecry_replaces_hand_and_deck: body=PLAY;before_deck=2;hand=[('CS2_231', 4, False), ('CS2_029', 5, False)];deck=[('CS2_182', 4, False), ('EX1_015', 4, False)];hand_n=2;deck_n=2",card_mechanism.csv#DAL_422; generic-play-smoke:played; effect-evidence: reports/card_quality_full_2026-09-27/set_probe_DALARAN.csv#DAL_422::battlecry_replaces_hand_and_deck; per-card: reports/card_quality_full_2026-09-27/set_probe_DALARAN.csv#DAL_422::battlecry_replaces_hand_and_deck,聚合状态取该卡最差机制；普通烟测只证明可执行，不能单独构成 GREEN。 EN=Taunt Battlecry: Replace your hand and deck with Legendary minions.; ZH=嘲讽 战吼：将你的手牌和牌库里的卡牌替换为传说随从。; source=fireplace/cards/dalaran/warlock.py:15; existing_tests=none; prior=YELLOW:3 个机制缺少充分的核心效果验证；逐机制依据见 card_mechanism.csv。; prior_evidence=card_mechanism.csv#DAL_422; generic-play-smoke:played,Taunt Battlecry: Replace your hand and deck with Legendary minions.,嘲讽 战吼：将你的手牌和牌库里的卡牌替换为传说随从。,fireplace/cards/dalaran/warlock.py:15
17.6.0.53261,Rise of Shadows (DALARAN),DAL_431,Swampqueen Hagatha,沼泽女王哈加莎,Battlecry|Random effects,GREEN,implemented,yes,"逐卡关键行为断言通过：battlecry_builds_5_5_horror_from_two_selected_spells: body=PLAY;first=ICC_089;first_offered=[('ICC_089', False), ('CFM_707', True), ('EX1_251', True)];second=BOT_246;second_offered=[('BT_113', True), ('CFM_696', True), ('BOT_246', False)];horror=(5, 5, 5);script_match=True;overload_match=True",card_mechanism.csv#DAL_431; generic-play-smoke:played; effect-evidence: reports/card_quality_full_2026-09-27/set_probe_DALARAN.csv#DAL_431::battlecry_builds_5_5_horror_from_two_selected_spells; per-card: reports/card_quality_full_2026-09-27/set_probe_DALARAN.csv#DAL_431::battlecry_builds_5_5_horror_from_two_selected_spells,聚合状态取该卡最差机制；普通烟测只证明可执行，不能单独构成 GREEN。 EN=[x]Battlecry: Add a 5/5 Horror to your hand. Teach it two Shaman spells.; ZH=战吼： 将一个5/5的恐魔置入你的手牌，并教会它两个萨满祭司法术。; source=fireplace/cards/dalaran/shaman.py:33; existing_tests=tests/test_dalaran.py:208:test_swampqueen_hagatha; prior=YELLOW:2 个机制缺少充分的核心效果验证；逐机制依据见 card_mechanism.csv。; prior_evidence=card_mechanism.csv#DAL_431; generic-play-smoke:played,[x]Battlecry: Add a 5/5 Horror to your hand. Teach it two Shaman spells.,战吼： 将一个5/5的恐魔置入你的手牌，并教会它两个萨满祭司法术。,fireplace/cards/dalaran/shaman.py:33
17.6.0.53261,Rise of Shadows (DALARAN),DAL_432,Witch's Brew,女巫杂酿,Spell resolution|Targeting,GREEN,implemented,yes,"逐卡关键行为断言通过：repeatable_restore_four_twice: after_first=(26, 'GRAVEYARD', ['DAL_432']);after_second=30;repeat=GRAVEYARD;hand=['DAL_432'];graveyard=['DAL_432', 'DAL_432']",card_mechanism.csv#DAL_432; generic-play-smoke:played; effect-evidence: reports/card_quality_full_2026-09-27/set_probe_DALARAN.csv#DAL_432::repeatable_restore_four_twice; per-card: reports/card_quality_full_2026-09-27/set_probe_DALARAN.csv#DAL_432::repeatable_restore_four_twice,聚合状态取该卡最差机制；普通烟测只证明可执行，不能单独构成 GREEN。 EN=Restore #4 Health. Repeatable this turn.; ZH=恢复#4点生命值。在本回合可以重复使用。; source=fireplace/cards/dalaran/shaman.py:136; existing_tests=none; prior=YELLOW:2 个机制缺少充分的核心效果验证；逐机制依据见 card_mechanism.csv。; prior_evidence=card_mechanism.csv#DAL_432; generic-play-smoke:played,Restore #4 Health. Repeatable this turn.,恢复#4点生命值。在本回合可以重复使用。,fireplace/cards/dalaran/shaman.py:136
17.6.0.53261,Rise of Shadows (DALARAN),DAL_433,Sludge Slurper,淤泥吞食者,Battlecry|Overload|Random effects,GREEN,implemented,yes,逐卡关键行为断言通过：battlecry_lackey_and_overload_one: body=PLAY;lackeys=['DRG_052'];hand_delta=1;overload_state_after_play=0;max_mana_next_turn=10;overload_locked_next_turn=1,card_mechanism.csv#DAL_433; generic-play-smoke:played; effect-evidence: reports/card_quality_full_2026-09-27/set_probe_DALARAN.csv#DAL_433::battlecry_lackey_and_overload_one; per-card: reports/card_quality_full_2026-09-27/set_probe_DALARAN.csv#DAL_433::battlecry_lackey_and_overload_one,聚合状态取该卡最差机制；普通烟测只证明可执行，不能单独构成 GREEN。 EN=Battlecry: Add a Lackey to your hand. Overload: (1); ZH=战吼：将一张跟班牌置入你的手牌。 过载：（1）; source=fireplace/cards/dalaran/shaman.py:99; existing_tests=none; prior=YELLOW:2 个机制缺少充分的核心效果验证；逐机制依据见 card_mechanism.csv。; prior_evidence=card_mechanism.csv#DAL_433; generic-play-smoke:played; effect-evidence: reports/card_quality_full_2026-09-27/overload_reproductions.csv#DAL_433,Battlecry: Add a Lackey to your hand. Overload: (1),战吼：将一张跟班牌置入你的手牌。 过载：（1）,fireplace/cards/dalaran/shaman.py:99
17.6.0.53261,Rise of Shadows (DALARAN),DAL_434,Arcane Watcher,奥术守望者,Continuous effect / Update|Spell Damage,GREEN,implemented,yes,"逐卡关键行为断言通过：attack_locked_until_spell_damage_then_can_attack: blocked_without_spellpower=True;before_damage=(0, 0);dragon=('EX1_284', 'PLAY');spellpower=1;blocked_with_spellpower=False;watcher=(5, 2, 4);target=(5, 0, 'GRAVEYARD')",card_mechanism.csv#DAL_434; generic-play-smoke:played; effect-evidence: reports/card_quality_full_2026-09-27/set_probe_DALARAN.csv#DAL_434::attack_locked_until_spell_damage_then_can_attack; per-card: reports/card_quality_full_2026-09-27/set_probe_DALARAN.csv#DAL_434::attack_locked_until_spell_damage_then_can_attack,聚合状态取该卡最差机制；普通烟测只证明可执行，不能单独构成 GREEN。 EN=Can't attack unless you have Spell Damage.; ZH=除非你拥有法术伤害， 否则无法进行攻击。; source=fireplace/cards/dalaran/neutral_rare.py:31; existing_tests=none; prior=YELLOW:2 个机制缺少充分的核心效果验证；逐机制依据见 card_mechanism.csv。; prior_evidence=card_mechanism.csv#DAL_434; generic-play-smoke:played,Can't attack unless you have Spell Damage.,除非你拥有法术伤害， 否则无法进行攻击。,fireplace/cards/dalaran/neutral_rare.py:31
17.6.0.53261,Rise of Shadows (DALARAN),DAL_538,Unseen Saboteur,隐秘破坏者,Battlecry|Random effects,GREEN,implemented,yes,"逐卡关键行为断言通过：battlecry_casts_opponents_random_spell: body=PLAY;spell=('DS1_233', 'GRAVEYARD');friendly_hero=25;enemy_hero=30;enemy_hand=[]",card_mechanism.csv#DAL_538; generic-play-smoke:played; effect-evidence: reports/card_quality_full_2026-09-27/set_probe_DALARAN.csv#DAL_538::battlecry_casts_opponents_random_spell; per-card: reports/card_quality_full_2026-09-27/set_probe_DALARAN.csv#DAL_538::battlecry_casts_opponents_random_spell,聚合状态取该卡最差机制；普通烟测只证明可执行，不能单独构成 GREEN。 EN=Battlecry: Your opponent casts a random spell from their hand (targets chosen randomly).; ZH=战吼： 随机使你的对手从手牌中施放一个法术（目标随机而定）。; source=fireplace/cards/dalaran/neutral_epic.py:15; existing_tests=tests/test_dalaran.py:85:test_unseen_saboteur; prior=YELLOW:2 个机制缺少充分的核心效果验证；逐机制依据见 card_mechanism.csv。; prior_evidence=card_mechanism.csv#DAL_538; generic-play-smoke:played,Battlecry: Your opponent casts a random spell from their hand (targets chosen randomly).,战吼： 随机使你的对手从手牌中施放一个法术（目标随机而定）。,fireplace/cards/dalaran/neutral_epic.py:15
17.6.0.53261,Rise of Shadows (DALARAN),DAL_539,Sunreaver Warmage,夺日者战斗法师,Battlecry|Targeting,RED,partial,yes,"实测与卡牌文本不符：holding_six_cost_spell_enables_four_damage: qualifying=True;held=('CS2_028', 6, 'HAND');body=PLAY;target=(5, 0, 'PLAY');hand=['CS2_028']",card_mechanism.csv#DAL_539; generic-play-smoke:played; effect-evidence: reports/card_quality_full_2026-09-27/set_probe_DALARAN.csv#DAL_539::holding_six_cost_spell_enables_four_damage; reports/card_quality_full_2026-09-27/set_probe_DALARAN.csv#DAL_539::holding_four_cost_spell_does_not_enable_damage; per-card: reports/card_quality_full_2026-09-27/set_probe_DALARAN.csv#DAL_539::holding_six_cost_spell_enables_four_damage; reports/card_quality_full_2026-09-27/set_probe_DALARAN.csv#DAL_539::holding_four_cost_spell_does_not_enable_damage,"聚合状态取该卡最差机制；普通烟测只证明可执行，不能单独构成 GREEN。 EN=Battlecry: If you're holding a spell that costs (5) or more, deal 4 damage.; ZH=战吼：如果你的手牌中有法力值消耗大于或等于（5）点的法术牌，则造成4点伤害。; source=fireplace/cards/dalaran/neutral_rare.py:38; existing_tests=none; prior=YELLOW:2 个机制缺少充分的核心效果验证；逐机制依据见 card_mechanism.csv。; prior_evidence=card_mechanism.csv#DAL_539; generic-play-smoke:played","Battlecry: If you're holding a spell that costs (5) or more, deal 4 damage.",战吼：如果你的手牌中有法力值消耗大于或等于（5）点的法术牌，则造成4点伤害。,fireplace/cards/dalaran/neutral_rare.py:38
17.6.0.53261,Rise of Shadows (DALARAN),DAL_544,Potion Vendor,药水商人,Battlecry,GREEN,implemented,yes,"逐卡关键行为断言通过：battlecry_restores_friendly_characters_two: body=PLAY;hero=28;ally=(5, 0);enemy_hero=30",card_mechanism.csv#DAL_544; generic-play-smoke:played; effect-evidence: reports/card_quality_full_2026-09-27/set_probe_DALARAN.csv#DAL_544::battlecry_restores_friendly_characters_two; per-card: reports/card_quality_full_2026-09-27/set_probe_DALARAN.csv#DAL_544::battlecry_restores_friendly_characters_two,聚合状态取该卡最差机制；普通烟测只证明可执行，不能单独构成 GREEN。 EN=Battlecry: Restore #2 Health to all friendly characters.; ZH=战吼：为所有友方角色恢复#2点生命值。; source=fireplace/cards/dalaran/neutral_common.py:74; existing_tests=none; prior=YELLOW:1 个机制缺少充分的核心效果验证；逐机制依据见 card_mechanism.csv。; prior_evidence=card_mechanism.csv#DAL_544; generic-play-smoke:played,Battlecry: Restore #2 Health to all friendly characters.,战吼：为所有友方角色恢复#2点生命值。,fireplace/cards/dalaran/neutral_common.py:74
17.6.0.53261,Rise of Shadows (DALARAN),DAL_546,Barista Lynchen,咖啡师林彻,Battlecry,GREEN,implemented,yes,"逐卡关键行为断言通过：copies_each_other_battlecry_minion_in_hand: body=PLAY;hand=['EX1_015', 'EX1_015', 'CS2_231', 'EX1_015', 'EX1_015'];engineers=4;wisps=1",card_mechanism.csv#DAL_546; generic-play-smoke:played; effect-evidence: reports/card_quality_full_2026-09-27/set_probe_DALARAN.csv#DAL_546::copies_each_other_battlecry_minion_in_hand; per-card: reports/card_quality_full_2026-09-27/set_probe_DALARAN.csv#DAL_546::copies_each_other_battlecry_minion_in_hand,聚合状态取该卡最差机制；普通烟测只证明可执行，不能单独构成 GREEN。 EN=Battlecry: Add a copy of each of your other Battlecry minions to your hand.; ZH=战吼：将你的所有其他战吼随从的复制置入你的手牌。; source=fireplace/cards/dalaran/neutral_legendary.py:8; existing_tests=tests/test_dalaran.py:94:test_barista_lynchen; prior=YELLOW:1 个机制缺少充分的核心效果验证；逐机制依据见 card_mechanism.csv。; prior_evidence=card_mechanism.csv#DAL_546; generic-play-smoke:played,Battlecry: Add a copy of each of your other Battlecry minions to your hand.,战吼：将你的所有其他战吼随从的复制置入你的手牌。,fireplace/cards/dalaran/neutral_legendary.py:8
17.6.0.53261,Rise of Shadows (DALARAN),DAL_548,Azerite Elemental,艾泽里特元素,Spell Damage|Trigger,GREEN,implemented,yes,"逐卡关键行为断言通过：turn_start_grants_spell_damage_plus_two_each_time: body=PLAY;spellpower_after_play=0;after_first_start=2;after_second_start=4;stats=(2, 7)",card_mechanism.csv#DAL_548; generic-play-smoke:played; effect-evidence: reports/card_quality_full_2026-09-27/set_probe_DALARAN.csv#DAL_548::turn_start_grants_spell_damage_plus_two_each_time; per-card: reports/card_quality_full_2026-09-27/set_probe_DALARAN.csv#DAL_548::turn_start_grants_spell_damage_plus_two_each_time,"聚合状态取该卡最差机制；普通烟测只证明可执行，不能单独构成 GREEN。 EN=At the start of your turn, gain Spell Damage +2.; ZH=在你的回合开始时，获得法术伤害+2。; source=fireplace/cards/dalaran/neutral_epic.py:23; existing_tests=none; prior=YELLOW:2 个机制缺少充分的核心效果验证；逐机制依据见 card_mechanism.csv。; prior_evidence=card_mechanism.csv#DAL_548; generic-play-smoke:played","At the start of your turn, gain Spell Damage +2.",在你的回合开始时，获得法术伤害+2。,fireplace/cards/dalaran/neutral_epic.py:23
17.6.0.53261,Rise of Shadows (DALARAN),DAL_550,Underbelly Ooze,下水道软泥怪,Summon|Trigger,GREEN,implemented,yes,"逐卡关键行为断言通过：survives_damage_summons_exact_copy: attacker=GRAVEYARD;survived=(4, 1, 2, [(3, 4, 'PLAY'), (3, 4, 'PLAY')]);friendly_field=['DAL_550', 'DAL_550']",card_mechanism.csv#DAL_550; generic-play-smoke:played; effect-evidence: reports/card_quality_full_2026-09-27/set_probe_DALARAN.csv#DAL_550::survives_damage_summons_exact_copy; per-card: reports/card_quality_full_2026-09-27/set_probe_DALARAN.csv#DAL_550::survives_damage_summons_exact_copy,"聚合状态取该卡最差机制；普通烟测只证明可执行，不能单独构成 GREEN。 EN=After this minion survives damage, summon a copy of it.; ZH=在该随从受到伤害并没有死亡后，召唤一个它的复制。; source=fireplace/cards/dalaran/neutral_rare.py:49; existing_tests=none; prior=YELLOW:2 个机制缺少充分的核心效果验证；逐机制依据见 card_mechanism.csv。; prior_evidence=card_mechanism.csv#DAL_550; generic-play-smoke:played","After this minion survives damage, summon a copy of it.",在该随从受到伤害并没有死亡后，召唤一个它的复制。,fireplace/cards/dalaran/neutral_rare.py:49
17.6.0.53261,Rise of Shadows (DALARAN),DAL_551,Proud Defender,骄傲的防御者,Continuous effect / Update|Taunt,GREEN,implemented,yes,"逐卡关键行为断言通过：taunt_attack_bonus_updates_with_board_count: alone=(4, 6, 1);with_ally=(2, 6, 1);alone_again=(4, 6, 1);ally=GRAVEYARD",card_mechanism.csv#DAL_551; generic-play-smoke:played; effect-evidence: reports/card_quality_full_2026-09-27/set_probe_DALARAN.csv#DAL_551::taunt_attack_bonus_updates_with_board_count; per-card: reports/card_quality_full_2026-09-27/set_probe_DALARAN.csv#DAL_551::taunt_attack_bonus_updates_with_board_count,聚合状态取该卡最差机制；普通烟测只证明可执行，不能单独构成 GREEN。 EN=Taunt Has +2 Attack while you [x]have no other minions.; ZH=嘲讽 如果你没有其他随从，则具有+2攻 击力。; source=fireplace/cards/dalaran/neutral_common.py:81; existing_tests=none; prior=YELLOW:2 个机制缺少充分的核心效果验证；逐机制依据见 card_mechanism.csv。; prior_evidence=card_mechanism.csv#DAL_551; generic-play-smoke:played,Taunt Has +2 Attack while you [x]have no other minions.,嘲讽 如果你没有其他随从，则具有+2攻 击力。,fireplace/cards/dalaran/neutral_common.py:81
17.6.0.53261,Rise of Shadows (DALARAN),DAL_553,Big Bad Archmage,恶狼大法师,Random effects|Summon|Trigger,GREEN,implemented,yes,"逐卡关键行为断言通过：own_turn_end_summons_six_cost_minion: before=['DAL_553'];after=[('DAL_553', 10, 4, 'PLAY'), ('ICC_900', 6, 4, 'PLAY')];new=[('ICC_900', 6, 4, 'PLAY')]",card_mechanism.csv#DAL_553; generic-play-smoke:played; effect-evidence: reports/card_quality_full_2026-09-27/set_probe_DALARAN.csv#DAL_553::own_turn_end_summons_six_cost_minion; per-card: reports/card_quality_full_2026-09-27/set_probe_DALARAN.csv#DAL_553::own_turn_end_summons_six_cost_minion,"聚合状态取该卡最差机制；普通烟测只证明可执行，不能单独构成 GREEN。 EN=At the end of your turn, summon a random 6-Cost minion.; ZH=在你的回合结束时，随机召唤一个法力值消耗为（6）的随从。; source=fireplace/cards/dalaran/neutral_epic.py:33; existing_tests=none; prior=YELLOW:3 个机制缺少充分的核心效果验证；逐机制依据见 card_mechanism.csv。; prior_evidence=card_mechanism.csv#DAL_553; generic-play-smoke:played","At the end of your turn, summon a random 6-Cost minion.",在你的回合结束时，随机召唤一个法力值消耗为（6）的随从。,fireplace/cards/dalaran/neutral_epic.py:33
17.6.0.53261,Rise of Shadows (DALARAN),DAL_554,Chef Nomi,大厨诺米,Battlecry|Summon,GREEN,implemented,yes,"逐卡关键行为断言通过：empty_deck_summons_six_elementals: empty_deck=True;body=PLAY;deck=[];tokens=[('DAL_554t', 6, 6, 'PLAY'), ('DAL_554t', 6, 6, 'PLAY'), ('DAL_554t', 6, 6, 'PLAY'), ('DAL_554t', 6, 6, 'PLAY'), ('DAL_554t', 6, 6, 'PLAY'), ('DAL_554t', 6, 6, 'PLAY')];field=['DAL_554t', 'DAL_554t', 'DAL_554t', 'DAL_554', 'DAL_554t', 'DAL_554t', 'DAL_554t']; nonempty_deck_summons_none: empty_deck=False;body=PLAY;deck=['CS2_231'];tokens=[];field=['DAL_554']",card_mechanism.csv#DAL_554; generic-play-smoke:played; effect-evidence: reports/card_quality_full_2026-09-27/set_probe_DALARAN.csv#DAL_554::empty_deck_summons_six_elementals; reports/card_quality_full_2026-09-27/set_probe_DALARAN.csv#DAL_554::nonempty_deck_summons_none; per-card: reports/card_quality_full_2026-09-27/set_probe_DALARAN.csv#DAL_554::empty_deck_summons_six_elementals; reports/card_quality_full_2026-09-27/set_probe_DALARAN.csv#DAL_554::nonempty_deck_summons_none,"聚合状态取该卡最差机制；普通烟测只证明可执行，不能单独构成 GREEN。 EN=Battlecry: If your deck is empty, summon six 6/6 Greasefire Elementals.; ZH=战吼：如果你的牌库里没有牌，则召唤六个6/6的猛火元素。; source=fireplace/cards/dalaran/neutral_legendary.py:16; existing_tests=none; prior=YELLOW:2 个机制缺少充分的核心效果验证；逐机制依据见 card_mechanism.csv。; prior_evidence=card_mechanism.csv#DAL_554; generic-play-smoke:played","Battlecry: If your deck is empty, summon six 6/6 Greasefire Elementals.",战吼：如果你的牌库里没有牌，则召唤六个6/6的猛火元素。,fireplace/cards/dalaran/neutral_legendary.py:16
17.6.0.53261,Rise of Shadows (DALARAN),DAL_558,Archmage Vargoth,大法师瓦格斯,Random effects|Trigger,GREEN,implemented,yes,"逐卡关键行为断言通过：own_turn_end_recasts_spell_cast_this_turn: body=PLAY;original_spell=GRAVEYARD;health_sum_before_end=65;health_sum_after_end=64;p_hero=30;e_hero=28;vargoth=(6, 0);hand=['DAL_373ts', 'DAL_373ts']",card_mechanism.csv#DAL_558; generic-play-smoke:played; effect-evidence: reports/card_quality_full_2026-09-27/set_probe_DALARAN.csv#DAL_558::own_turn_end_recasts_spell_cast_this_turn; per-card: reports/card_quality_full_2026-09-27/set_probe_DALARAN.csv#DAL_558::own_turn_end_recasts_spell_cast_this_turn,"聚合状态取该卡最差机制；普通烟测只证明可执行，不能单独构成 GREEN。 EN=[x]At the end of your turn, cast a spell you've cast this turn (targets are random).; ZH=在你的回合结束时，施放你在本回合中施放过的一个法术（目标随机而定）。; source=fireplace/cards/dalaran/neutral_legendary.py:23; existing_tests=none; prior=YELLOW:2 个机制缺少充分的核心效果验证；逐机制依据见 card_mechanism.csv。; prior_evidence=card_mechanism.csv#DAL_558; generic-play-smoke:played","[x]At the end of your turn, cast a spell you've cast this turn (targets are random).",在你的回合结束时，施放你在本回合中施放过的一个法术（目标随机而定）。,fireplace/cards/dalaran/neutral_legendary.py:23
17.6.0.53261,Rise of Shadows (DALARAN),DAL_560,Heroic Innkeeper,霸气的旅店老板娘,Battlecry|Taunt,GREEN,implemented,yes,"逐卡关键行为断言通过：battlecry_plus_two_plus_two_per_other_minion: base=(4, 4);others=[('CS2_231', 'PLAY'), ('CS2_231', 'PLAY')];after=(8, 8, 'PLAY')",card_mechanism.csv#DAL_560; generic-play-smoke:played; effect-evidence: reports/card_quality_full_2026-09-27/set_probe_DALARAN.csv#DAL_560::battlecry_plus_two_plus_two_per_other_minion; per-card: reports/card_quality_full_2026-09-27/set_probe_DALARAN.csv#DAL_560::battlecry_plus_two_plus_two_per_other_minion,聚合状态取该卡最差机制；普通烟测只证明可执行，不能单独构成 GREEN。 EN=Taunt. Battlecry: Gain +2/+2 for each other friendly minion.; ZH=嘲讽，战吼：每有一个其他友方随从，便获得+2/+2。; source=fireplace/cards/dalaran/neutral_common.py:88; existing_tests=none; prior=YELLOW:2 个机制缺少充分的核心效果验证；逐机制依据见 card_mechanism.csv。; prior_evidence=card_mechanism.csv#DAL_560; generic-play-smoke:played,Taunt. Battlecry: Gain +2/+2 for each other friendly minion.,嘲讽，战吼：每有一个其他友方随从，便获得+2/+2。,fireplace/cards/dalaran/neutral_common.py:88
17.6.0.53261,Rise of Shadows (DALARAN),DAL_561,Jumbo Imp,巨型小鬼,Cost modification|Trigger,GREEN,implemented,yes,逐卡关键行为断言通过：friendly_demon_deaths_reduce_hand_cost: base=10;after_non_demon=10;voidwalker1=GRAVEYARD;after_first=9;voidwalker2=GRAVEYARD;after_second=8;imp=HAND,card_mechanism.csv#DAL_561; generic-play-smoke:played; effect-evidence: reports/card_quality_full_2026-09-27/set_probe_DALARAN.csv#DAL_561::friendly_demon_deaths_reduce_hand_cost; per-card: reports/card_quality_full_2026-09-27/set_probe_DALARAN.csv#DAL_561::friendly_demon_deaths_reduce_hand_cost,聚合状态取该卡最差机制；普通烟测只证明可执行，不能单独构成 GREEN。 EN=Costs (1) less whenever a friendly Demon dies while this is in your hand.; ZH=如果这张牌在你的手牌中，每当一个友方恶魔死亡，法力值消耗就减少（1）点。; source=fireplace/cards/dalaran/warlock.py:23; existing_tests=none; prior=YELLOW:2 个机制缺少充分的核心效果验证；逐机制依据见 card_mechanism.csv。; prior_evidence=card_mechanism.csv#DAL_561; generic-play-smoke:played,Costs (1) less whenever a friendly Demon dies while this is in your hand.,如果这张牌在你的手牌中，每当一个友方恶魔死亡，法力值消耗就减少（1）点。,fireplace/cards/dalaran/warlock.py:23
17.6.0.53261,Rise of Shadows (DALARAN),DAL_563,Eager Underling,性急的杂兵,Deathrattle|Random effects,GREEN,implemented,yes,同批死亡实体不被救活；随机选两个不同合法友军，三种配对均出现且各+2/+2。,tests/test_retest_death_batch.py::test_same_batch_deathrattle_affects_eligible_survivors_only[DAL_563-two_random_plus_two]; tests/test_retest_death_batch.py::test_dal_563_picks_two_distinct_legal_minions,本次代码重测；修复前颜色和原始失败证据见 known_issues_archive_2026-09-29/card_quality_full_2026-09-27/。 当前代码逐卡行为重测通过。,Deathrattle: Give two random friendly minions +2/+2.,亡语：随机使两个友方随从获得+2/+2。,fireplace/cards/dalaran/warlock.py:36
17.6.0.53261,Rise of Shadows (DALARAN),DAL_565,Portal Overfiend,传送门大恶魔,Battlecry|Summon|Trigger,GREEN,implemented,yes,"逐卡关键行为断言通过：battlecry_shuffles_three_portals_and_draw_summons_rush_demon: body=PLAY;portals_before=3;deck_after=[];drawn=DAL_582t/GRAVEYARD;wisp=HAND;hand=['CS2_231'];demons=[('DAL_582t2', 2, 2, 1, 15), ('DAL_582t2', 2, 2, 1, 15), ('DAL_582t2', 2, 2, 1, 15)]",card_mechanism.csv#DAL_565; generic-play-smoke:played; effect-evidence: reports/card_quality_full_2026-09-27/set_probe_DALARAN.csv#DAL_565::battlecry_shuffles_three_portals_and_draw_summons_rush_demon; per-card: reports/card_quality_full_2026-09-27/set_probe_DALARAN.csv#DAL_565::battlecry_shuffles_three_portals_and_draw_summons_rush_demon,"聚合状态取该卡最差机制；普通烟测只证明可执行，不能单独构成 GREEN。 EN=[x]Battlecry: Shuffle 3 Portals into your deck. When drawn, summon a 2/2 Demon with Rush.; ZH=战吼：将三张传送门洗入你的牌库。当抽到传送门时，召唤一个2/2并具有突袭的恶魔。; source=fireplace/cards/dalaran/neutral_epic.py:40; existing_tests=none; prior=YELLOW:3 个机制缺少充分的核心效果验证；逐机制依据见 card_mechanism.csv。; prior_evidence=card_mechanism.csv#DAL_565; generic-play-smoke:played","[x]Battlecry: Shuffle 3 Portals into your deck. When drawn, summon a 2/2 Demon with Rush.",战吼：将三张传送门洗入你的牌库。当抽到传送门时，召唤一个2/2并具有突袭的恶魔。,fireplace/cards/dalaran/neutral_epic.py:40
17.6.0.53261,Rise of Shadows (DALARAN),DAL_566,Eccentric Scribe,古怪的铭文师,Deathrattle|Summon,GREEN,implemented,yes,"逐卡关键行为断言通过：deathrattle_summons_four_scrolls: body=GRAVEYARD;scrolls=[('DAL_566t', 1, 1, 'PLAY'), ('DAL_566t', 1, 1, 'PLAY'), ('DAL_566t', 1, 1, 'PLAY'), ('DAL_566t', 1, 1, 'PLAY')];field=['DAL_566t', 'DAL_566t', 'DAL_566t', 'DAL_566t']",card_mechanism.csv#DAL_566; generic-play-smoke:played; effect-evidence: reports/card_quality_full_2026-09-27/set_probe_DALARAN.csv#DAL_566::deathrattle_summons_four_scrolls; per-card: reports/card_quality_full_2026-09-27/set_probe_DALARAN.csv#DAL_566::deathrattle_summons_four_scrolls,聚合状态取该卡最差机制；普通烟测只证明可执行，不能单独构成 GREEN。 EN=Deathrattle: Summon four 1/1 Vengeful Scrolls.; ZH=亡语：召唤四个1/1的复仇卷轴。; source=fireplace/cards/dalaran/neutral_common.py:98; existing_tests=none; prior=YELLOW:2 个机制缺少充分的核心效果验证；逐机制依据见 card_mechanism.csv。; prior_evidence=card_mechanism.csv#DAL_566; generic-play-smoke:played,Deathrattle: Summon four 1/1 Vengeful Scrolls.,亡语：召唤四个1/1的复仇卷轴。,fireplace/cards/dalaran/neutral_common.py:98
17.6.0.53261,Rise of Shadows (DALARAN),DAL_568,Lightforged Blessing,光铸祝福,Spell resolution|Targeting|Twinspell,GREEN,implemented,yes,"逐卡关键行为断言通过：twinspell_grants_lifesteal_and_restores_damage: first=(26, 29, 'PLAY');copy=GRAVEYARD;second=(27, 28, 'PLAY');first_minion=EX1_015;second_minion=EX1_015;hand=[]",card_mechanism.csv#DAL_568; generic-play-smoke:played; effect-evidence: reports/card_quality_full_2026-09-27/set_probe_DALARAN.csv#DAL_568::twinspell_grants_lifesteal_and_restores_damage; per-card: reports/card_quality_full_2026-09-27/set_probe_DALARAN.csv#DAL_568::twinspell_grants_lifesteal_and_restores_damage,聚合状态取该卡最差机制；普通烟测只证明可执行，不能单独构成 GREEN。 EN=Twinspell Give a friendly minion Lifesteal.; ZH=双生法术 使一个友方随从获得吸血。; source=fireplace/cards/dalaran/paladin.py:57; existing_tests=none; prior=YELLOW:3 个机制缺少充分的核心效果验证；逐机制依据见 card_mechanism.csv。; prior_evidence=card_mechanism.csv#DAL_568; generic-play-smoke:played,Twinspell Give a friendly minion Lifesteal.,双生法术 使一个友方随从获得吸血。,fireplace/cards/dalaran/paladin.py:57
17.6.0.53261,Rise of Shadows (DALARAN),DAL_570,Never Surrender!,永不屈服,Secret|Spell resolution|Trigger,GREEN,implemented,yes,"逐卡关键行为断言通过：secret_triggers_on_opponent_but_not_owner_spell: after_own_spell=(1, 'SECRET', True);after_enemy_spell=(3, 3, 'GRAVEYARD', False);p_field=['CS2_231']",card_mechanism.csv#DAL_570; generic-play-smoke:played; effect-evidence: reports/card_quality_full_2026-09-27/set_probe_DALARAN.csv#DAL_570::secret_triggers_on_opponent_but_not_owner_spell; per-card: reports/card_quality_full_2026-09-27/set_probe_DALARAN.csv#DAL_570::secret_triggers_on_opponent_but_not_owner_spell,"聚合状态取该卡最差机制；普通烟测只证明可执行，不能单独构成 GREEN。 EN=Secret: When your opponent casts a spell, give your minions +2 Health.; ZH=奥秘：当你的对手施放一个法术时，使你的所有随从获得+2生命值。; source=fireplace/cards/dalaran/paladin.py:73; existing_tests=none; prior=YELLOW:3 个机制缺少充分的核心效果验证；逐机制依据见 card_mechanism.csv。; prior_evidence=card_mechanism.csv#DAL_570; generic-play-smoke:played","Secret: When your opponent casts a spell, give your minions +2 Health.",奥秘：当你的对手施放一个法术时，使你的所有随从获得+2生命值。,fireplace/cards/dalaran/paladin.py:73
17.6.0.53261,Rise of Shadows (DALARAN),DAL_571,Mysterious Blade,神秘之刃,Battlecry|Weapon,GREEN,implemented,yes,"逐卡关键行为断言通过：secret_control_gives_weapon_one_attack: with_secret=True;secret=SECRET/True;weapon=('DAL_571', 3, 2, 'PLAY'); no_secret_leaves_weapon_base_attack: with_secret=False;secret=None/False;weapon=('DAL_571', 2, 2, 'PLAY')",card_mechanism.csv#DAL_571; generic-play-smoke:played; effect-evidence: reports/card_quality_full_2026-09-27/set_probe_DALARAN.csv#DAL_571::secret_control_gives_weapon_one_attack; reports/card_quality_full_2026-09-27/set_probe_DALARAN.csv#DAL_571::no_secret_leaves_weapon_base_attack; per-card: reports/card_quality_full_2026-09-27/set_probe_DALARAN.csv#DAL_571::secret_control_gives_weapon_one_attack; reports/card_quality_full_2026-09-27/set_probe_DALARAN.csv#DAL_571::no_secret_leaves_weapon_base_attack,"聚合状态取该卡最差机制；普通烟测只证明可执行，不能单独构成 GREEN。 EN=Battlecry: If you control a Secret, gain +1 Attack.; ZH=战吼： 如果你控制一个奥秘，便获得+1攻击力。; source=fireplace/cards/dalaran/paladin.py:112; existing_tests=none; prior=YELLOW:2 个机制缺少充分的核心效果验证；逐机制依据见 card_mechanism.csv。; prior_evidence=card_mechanism.csv#DAL_571; generic-play-smoke:played","Battlecry: If you control a Secret, gain +1 Attack.",战吼： 如果你控制一个奥秘，便获得+1攻击力。,fireplace/cards/dalaran/paladin.py:112
17.6.0.53261,Rise of Shadows (DALARAN),DAL_573,Commander Rhyssa,指挥官蕾撒,Aura|Continuous effect / Update,GREEN,implemented,yes,"逐卡关键行为断言通过：secret_triggers_once_without_rhyssa: with_rhyssa=False;rhyssa=None;secret=GRAVEYARD/False;ally=(3, 3); secret_triggers_twice_with_rhyssa: with_rhyssa=True;rhyssa=PLAY;secret=GRAVEYARD/False;ally=(5, 5)",card_mechanism.csv#DAL_573; generic-play-smoke:played; effect-evidence: reports/card_quality_full_2026-09-27/set_probe_DALARAN.csv#DAL_573::secret_triggers_once_without_rhyssa; reports/card_quality_full_2026-09-27/set_probe_DALARAN.csv#DAL_573::secret_triggers_twice_with_rhyssa; per-card: reports/card_quality_full_2026-09-27/set_probe_DALARAN.csv#DAL_573::secret_triggers_once_without_rhyssa; reports/card_quality_full_2026-09-27/set_probe_DALARAN.csv#DAL_573::secret_triggers_twice_with_rhyssa,聚合状态取该卡最差机制；普通烟测只证明可执行，不能单独构成 GREEN。 EN=Your Secrets trigger twice.; ZH=你的奥秘会触发 两次。; source=fireplace/cards/dalaran/paladin.py:25; existing_tests=tests/test_dalaran.py:130:test_commander_rhyssa; prior=YELLOW:2 个机制缺少充分的核心效果验证；逐机制依据见 card_mechanism.csv。; prior_evidence=card_mechanism.csv#DAL_573; generic-play-smoke:played,Your Secrets trigger twice.,你的奥秘会触发 两次。,fireplace/cards/dalaran/paladin.py:25
17.6.0.53261,Rise of Shadows (DALARAN),DAL_575,Khadgar,卡德加,Summon|Trigger,GREEN,implemented,yes,"逐卡关键行为断言通过：summon_effect_doubles_random_minion_created_by_lackey: khadgar=PLAY;lackey=PLAY;added=[('AT_084', 1, 2), ('DAL_613', 1, 1), ('AT_084', 1, 2)];summoned=[('AT_084', 1, 2), ('AT_084', 1, 2)]",card_mechanism.csv#DAL_575; generic-play-smoke:played; effect-evidence: reports/card_quality_full_2026-09-27/set_probe_DALARAN.csv#DAL_575::summon_effect_doubles_random_minion_created_by_lackey; per-card: reports/card_quality_full_2026-09-27/set_probe_DALARAN.csv#DAL_575::summon_effect_doubles_random_minion_created_by_lackey,聚合状态取该卡最差机制；普通烟测只证明可执行，不能单独构成 GREEN。 EN=Your cards that summon minions summon twice as many.; ZH=你的召唤随从的卡牌召唤数量翻倍。; source=fireplace/cards/dalaran/mage.py:22; existing_tests=tests/test_dalaran.py:60:test_khadgar | tests/test_dalaran.py:64:test_khadgar | tests/test_dalaran.py:65:test_khadgar; prior=YELLOW:2 个机制缺少充分的核心效果验证；逐机制依据见 card_mechanism.csv。; prior_evidence=card_mechanism.csv#DAL_575; generic-play-smoke:played,Your cards that summon minions summon twice as many.,你的召唤随从的卡牌召唤数量翻倍。,fireplace/cards/dalaran/mage.py:22
17.6.0.53261,Rise of Shadows (DALARAN),DAL_576,Kirin Tor Tricaster,肯瑞托三修法师,Aura|Continuous effect / Update|Cost modification|Spell Damage,GREEN,implemented,yes,逐卡关键行为断言通过：spell_damage_three_and_spell_cost_plus_one_revert_on_death: body=GRAVEYARD;base_fireball_cost=4;cost_with_tricaster=5;spellpower_damage=4;fireball_cost_after_remove=4;spellpower_after_remove=0,card_mechanism.csv#DAL_576; generic-play-smoke:played; effect-evidence: reports/card_quality_full_2026-09-27/set_probe_DALARAN.csv#DAL_576::spell_damage_three_and_spell_cost_plus_one_revert_on_death; per-card: reports/card_quality_full_2026-09-27/set_probe_DALARAN.csv#DAL_576::spell_damage_three_and_spell_cost_plus_one_revert_on_death,聚合状态取该卡最差机制；普通烟测只证明可执行，不能单独构成 GREEN。 EN=Spell Damage +3 Your spells cost (1) more.; ZH=法术伤害+3 你的法术牌法力值消耗增加（1）点。; source=fireplace/cards/dalaran/mage.py:31; existing_tests=none; prior=YELLOW:4 个机制缺少充分的核心效果验证；逐机制依据见 card_mechanism.csv。; prior_evidence=card_mechanism.csv#DAL_576; generic-play-smoke:played,Spell Damage +3 Your spells cost (1) more.,法术伤害+3 你的法术牌法力值消耗增加（1）点。,fireplace/cards/dalaran/mage.py:31
17.6.0.53261,Rise of Shadows (DALARAN),DAL_577,Ray of Frost,霜冻射线,Spell resolution|Targeting|Twinspell,GREEN,implemented,yes,"逐卡关键行为断言通过：twinspell_freeze_then_two_damage_if_already_frozen: original=GRAVEYARD;after_first=(True, 0, 'PLAY');copy=GRAVEYARD;after_second=(True, 2, 3, 'PLAY');hand=[]",card_mechanism.csv#DAL_577; generic-play-smoke:played; effect-evidence: reports/card_quality_full_2026-09-27/set_probe_DALARAN.csv#DAL_577::twinspell_freeze_then_two_damage_if_already_frozen; per-card: reports/card_quality_full_2026-09-27/set_probe_DALARAN.csv#DAL_577::twinspell_freeze_then_two_damage_if_already_frozen,"聚合状态取该卡最差机制；普通烟测只证明可执行，不能单独构成 GREEN。 EN=Twinspell Freeze a minion. If it's already Frozen, deal $2 damage to it.; ZH=双生法术 冻结一个随从。如果该随从已被冻结，则对其造成$2点伤害。; source=fireplace/cards/dalaran/mage.py:82; existing_tests=none; prior=YELLOW:3 个机制缺少充分的核心效果验证；逐机制依据见 card_mechanism.csv。; prior_evidence=card_mechanism.csv#DAL_577; generic-play-smoke:played","Twinspell Freeze a minion. If it's already Frozen, deal $2 damage to it.",双生法术 冻结一个随从。如果该随从已被冻结，则对其造成$2点伤害。,fireplace/cards/dalaran/mage.py:82
17.6.0.53261,Rise of Shadows (DALARAN),DAL_578,Power of Creation,创世之力,Discover / Choice|Random effects|Spell resolution|Summon,GREEN,implemented,yes,"逐卡关键行为断言通过：discover_six_cost_minion_summons_two_copies: spell=GRAVEYARD;offered=[('AT_008', 6, 4), ('CFM_328', 6, 4), ('AT_128', 6, 4)];chosen=AT_008/(6, 6);copies=[(6, 6, 'PLAY'), (6, 6, 'PLAY')];field=['AT_008', 'AT_008']",card_mechanism.csv#DAL_578; generic-play-smoke:played; effect-evidence: reports/card_quality_full_2026-09-27/set_probe_DALARAN.csv#DAL_578::discover_six_cost_minion_summons_two_copies; per-card: reports/card_quality_full_2026-09-27/set_probe_DALARAN.csv#DAL_578::discover_six_cost_minion_summons_two_copies,聚合状态取该卡最差机制；普通烟测只证明可执行，不能单独构成 GREEN。 EN=Discover a 6-Cost minion. Summon two copies of it.; ZH=发现一张法力值消耗为（6）的随从牌。召唤两个它的 复制。; source=fireplace/cards/dalaran/mage.py:98; existing_tests=none; prior=YELLOW:4 个机制缺少充分的核心效果验证；逐机制依据见 card_mechanism.csv。; prior_evidence=card_mechanism.csv#DAL_578; generic-play-smoke:played,Discover a 6-Cost minion. Summon two copies of it.,发现一张法力值消耗为（6）的随从牌。召唤两个它的 复制。,fireplace/cards/dalaran/mage.py:98
17.6.0.53261,Rise of Shadows (DALARAN),DAL_581,Nozari,诺萨莉,Battlecry,GREEN,implemented,yes,"逐卡关键行为断言通过：battlecry_full_heals_both_heroes: body=PLAY;friendly=(30, 0);enemy=(30, 0)",card_mechanism.csv#DAL_581; generic-play-smoke:played; effect-evidence: reports/card_quality_full_2026-09-27/set_probe_DALARAN.csv#DAL_581::battlecry_full_heals_both_heroes; per-card: reports/card_quality_full_2026-09-27/set_probe_DALARAN.csv#DAL_581::battlecry_full_heals_both_heroes,聚合状态取该卡最差机制；普通烟测只证明可执行，不能单独构成 GREEN。 EN=Battlecry: Restore both heroes to full Health.; ZH=战吼：为双方英雄恢复所有生命值。; source=fireplace/cards/dalaran/paladin.py:32; existing_tests=none; prior=YELLOW:1 个机制缺少充分的核心效果验证；逐机制依据见 card_mechanism.csv。; prior_evidence=card_mechanism.csv#DAL_581; generic-play-smoke:played,Battlecry: Restore both heroes to full Health.,战吼：为双方英雄恢复所有生命值。,fireplace/cards/dalaran/paladin.py:32
17.6.0.53261,Rise of Shadows (DALARAN),DAL_582,Portal Keeper,传送门守护者,Battlecry|Summon|Trigger,GREEN,implemented,yes,"逐卡关键行为断言通过：battlecry_shuffles_three_portals_and_draws_summon_rush_demons: body=PLAY;portals_before=3;drawn=DAL_582t/GRAVEYARD;wisp=HAND;deck=[];demons=[('DAL_582t2', 2, 2, 1, 15), ('DAL_582t2', 2, 2, 1, 15), ('DAL_582t2', 2, 2, 1, 15)]",card_mechanism.csv#DAL_582; generic-play-smoke:played; effect-evidence: reports/card_quality_full_2026-09-27/set_probe_DALARAN.csv#DAL_582::battlecry_shuffles_three_portals_and_draws_summon_rush_demons; per-card: reports/card_quality_full_2026-09-27/set_probe_DALARAN.csv#DAL_582::battlecry_shuffles_three_portals_and_draws_summon_rush_demons,"聚合状态取该卡最差机制；普通烟测只证明可执行，不能单独构成 GREEN。 EN=[x]Battlecry: Shuffle 3 Portals into your deck. When drawn, summon a 2/2 Demon with Rush.; ZH=战吼：将三张传送门洗入你的牌库。当抽到传送门时，召唤一个2/2并具有突袭的恶魔。; source=fireplace/cards/dalaran/neutral_rare.py:56; existing_tests=none; prior=YELLOW:3 个机制缺少充分的核心效果验证；逐机制依据见 card_mechanism.csv。; prior_evidence=card_mechanism.csv#DAL_582; generic-play-smoke:played","[x]Battlecry: Shuffle 3 Portals into your deck. When drawn, summon a 2/2 Demon with Rush.",战吼：将三张传送门洗入你的牌库。当抽到传送门时，召唤一个2/2并具有突袭的恶魔。,fireplace/cards/dalaran/neutral_rare.py:56
17.6.0.53261,Rise of Shadows (DALARAN),DAL_587,Shimmerfly,闪光蝴蝶,Deathrattle|Random effects,GREEN,implemented,yes,"逐卡关键行为断言通过：deathrattle_adds_random_hunter_spell: body=GRAVEYARD;hand=[('BT_163', 5, 3, 'HAND')];hunter_spells=['BT_163']",card_mechanism.csv#DAL_587; generic-play-smoke:played; effect-evidence: reports/card_quality_full_2026-09-27/set_probe_DALARAN.csv#DAL_587::deathrattle_adds_random_hunter_spell; per-card: reports/card_quality_full_2026-09-27/set_probe_DALARAN.csv#DAL_587::deathrattle_adds_random_hunter_spell,聚合状态取该卡最差机制；普通烟测只证明可执行，不能单独构成 GREEN。 EN=Deathrattle: Add a random Hunter spell to your hand.; ZH=亡语： 随机将一张猎人法术牌置入你的手牌。; source=fireplace/cards/dalaran/hunter.py:41; existing_tests=none; prior=YELLOW:2 个机制缺少充分的核心效果验证；逐机制依据见 card_mechanism.csv。; prior_evidence=card_mechanism.csv#DAL_587; generic-play-smoke:played,Deathrattle: Add a random Hunter spell to your hand.,亡语： 随机将一张猎人法术牌置入你的手牌。,fireplace/cards/dalaran/hunter.py:41
17.6.0.53261,Rise of Shadows (DALARAN),DAL_589,Hunting Party,狩猎盛宴,Spell resolution,GREEN,implemented,yes,"逐卡关键行为断言通过：copies_every_beast_in_hand: with_beasts=True;spell=GRAVEYARD;before=(2,1);after=(4,1);hand=['EX1_534', 'EX1_534', 'CS2_029', 'EX1_534', 'EX1_534']; no_beast_creates_no_copies: with_beasts=False;spell=GRAVEYARD;before=(0,1);after=(0,1);hand=['CS2_029']",card_mechanism.csv#DAL_589; generic-play-smoke:played; effect-evidence: reports/card_quality_full_2026-09-27/set_probe_DALARAN.csv#DAL_589::copies_every_beast_in_hand; reports/card_quality_full_2026-09-27/set_probe_DALARAN.csv#DAL_589::no_beast_creates_no_copies; per-card: reports/card_quality_full_2026-09-27/set_probe_DALARAN.csv#DAL_589::copies_every_beast_in_hand; reports/card_quality_full_2026-09-27/set_probe_DALARAN.csv#DAL_589::no_beast_creates_no_copies,聚合状态取该卡最差机制；普通烟测只证明可执行，不能单独构成 GREEN。 EN=Copy all Beasts in your hand.; ZH=复制你手牌中的所有野兽牌。; source=fireplace/cards/dalaran/hunter.py:112; existing_tests=none; prior=YELLOW:1 个机制缺少充分的核心效果验证；逐机制依据见 card_mechanism.csv。; prior_evidence=card_mechanism.csv#DAL_589; generic-play-smoke:played,Copy all Beasts in your hand.,复制你手牌中的所有野兽牌。,fireplace/cards/dalaran/hunter.py:112
17.6.0.53261,Rise of Shadows (DALARAN),DAL_592,Batterhead,莽头食人魔,Rush|Trigger,GREEN,implemented,yes,逐卡关键行为断言通过：rush_kill_grants_second_attack: first_error=None;second_error=None;first=GRAVEYARD;second=GRAVEYARD;batter=PLAY/3/10;attacks_left=None; surviving_target_does_not_grant_second_attack: first_error=None;second_error=InvalidAction;durable=PLAY/damage:3;second=PLAY;batter=PLAY/8,card_mechanism.csv#DAL_592; generic-play-smoke:played; effect-evidence: reports/card_quality_full_2026-09-27/set_probe_DALARAN.csv#DAL_592::rush_kill_grants_second_attack; reports/card_quality_full_2026-09-27/set_probe_DALARAN.csv#DAL_592::surviving_target_does_not_grant_second_attack; per-card: reports/card_quality_full_2026-09-27/set_probe_DALARAN.csv#DAL_592::rush_kill_grants_second_attack; reports/card_quality_full_2026-09-27/set_probe_DALARAN.csv#DAL_592::surviving_target_does_not_grant_second_attack,"聚合状态取该卡最差机制；普通烟测只证明可执行，不能单独构成 GREEN。 EN=Rush. After this attacks and kills a minion, it may attack again.; ZH=突袭 在该随从攻击并消灭一个随从后，可再次攻击。; source=fireplace/cards/dalaran/neutral_epic.py:48; existing_tests=none; prior=YELLOW:2 个机制缺少充分的核心效果验证；逐机制依据见 card_mechanism.csv。; prior_evidence=card_mechanism.csv#DAL_592; generic-play-smoke:played","Rush. After this attacks and kills a minion, it may attack again.",突袭 在该随从攻击并消灭一个随从后，可再次攻击。,fireplace/cards/dalaran/neutral_epic.py:48
17.6.0.53261,Rise of Shadows (DALARAN),DAL_602,Plot Twist,情势反转,Draw / Discard|Spell resolution,GREEN,implemented,yes,"逐卡关键行为断言通过：shuffle_two_remaining_cards_and_draw_two: spell=GRAVEYARD;hand=[('CS2_182', 'HAND'), ('CS2_231', 'HAND')];deck=[];wisp=HAND;yeti=HAND;mana=8",card_mechanism.csv#DAL_602; generic-play-smoke:played; effect-evidence: reports/card_quality_full_2026-09-27/set_probe_DALARAN.csv#DAL_602::shuffle_two_remaining_cards_and_draw_two; per-card: reports/card_quality_full_2026-09-27/set_probe_DALARAN.csv#DAL_602::shuffle_two_remaining_cards_and_draw_two,聚合状态取该卡最差机制；普通烟测只证明可执行，不能单独构成 GREEN。 EN=Shuffle your hand into your deck. Draw that many cards.; ZH=将你的手牌洗入牌库。抽取同样数量的牌。; source=fireplace/cards/dalaran/warlock.py:97; existing_tests=tests/test_dalaran.py:237:test_plot_twist; prior=YELLOW:2 个机制缺少充分的核心效果验证；逐机制依据见 card_mechanism.csv。; prior_evidence=card_mechanism.csv#DAL_602; generic-play-smoke:played,Shuffle your hand into your deck. Draw that many cards.,将你的手牌洗入牌库。抽取同样数量的牌。,fireplace/cards/dalaran/warlock.py:97
17.6.0.53261,Rise of Shadows (DALARAN),DAL_603,Mana Cyclone,法力飓风,Battlecry|Random effects,GREEN,implemented,yes,"逐卡关键行为断言通过：two_prior_spells_add_two_mage_spells: cast_count=2;played=['GRAVEYARD', 'GRAVEYARD'];added=[('GVG_003', '5', '4', 'HAND'), ('LOOT_172', '5', '4', 'HAND')];cyclone=PLAY;enemy_hero=24; no_prior_spells_add_nothing: cast_count=0;played=[];added=[];cyclone=PLAY;enemy_hero=30",card_mechanism.csv#DAL_603; generic-play-smoke:played; effect-evidence: reports/card_quality_full_2026-09-27/set_probe_DALARAN.csv#DAL_603::two_prior_spells_add_two_mage_spells; reports/card_quality_full_2026-09-27/set_probe_DALARAN.csv#DAL_603::no_prior_spells_add_nothing; per-card: reports/card_quality_full_2026-09-27/set_probe_DALARAN.csv#DAL_603::two_prior_spells_add_two_mage_spells; reports/card_quality_full_2026-09-27/set_probe_DALARAN.csv#DAL_603::no_prior_spells_add_nothing,"聚合状态取该卡最差机制；普通烟测只证明可执行，不能单独构成 GREEN。 EN=[x]Battlecry: For each spell you've cast this turn, add a random Mage spell to your hand.; ZH=战吼：你在本回合中每施放过一个法术，便随机将一张法师法术牌置入你的手牌。; source=fireplace/cards/dalaran/mage.py:38; existing_tests=none; prior=YELLOW:2 个机制缺少充分的核心效果验证；逐机制依据见 card_mechanism.csv。; prior_evidence=card_mechanism.csv#DAL_603; generic-play-smoke:played","[x]Battlecry: For each spell you've cast this turn, add a random Mage spell to your hand.",战吼：你在本回合中每施放过一个法术，便随机将一张法师法术牌置入你的手牌。,fireplace/cards/dalaran/mage.py:38
17.6.0.53261,Rise of Shadows (DALARAN),DAL_604,Ursatron,机械巨熊,Deathrattle|Draw / Discard,GREEN,implemented,yes,逐卡关键行为断言通过：deathrattle_draws_mech_only: ursatron=GRAVEYARD;removal=GRAVEYARD;mech=HAND;nonmech=DECK;hand=['EX1_556'];deck=['CS2_182'],card_mechanism.csv#DAL_604; generic-play-smoke:played; effect-evidence: reports/card_quality_full_2026-09-27/set_probe_DALARAN.csv#DAL_604::deathrattle_draws_mech_only; per-card: reports/card_quality_full_2026-09-27/set_probe_DALARAN.csv#DAL_604::deathrattle_draws_mech_only,聚合状态取该卡最差机制；普通烟测只证明可执行，不能单独构成 GREEN。 EN=Deathrattle: Draw a Mech from your deck.; ZH=亡语：从你的牌库中抽一张机械牌。; source=fireplace/cards/dalaran/hunter.py:48; existing_tests=none; prior=YELLOW:2 个机制缺少充分的核心效果验证；逐机制依据见 card_mechanism.csv。; prior_evidence=card_mechanism.csv#DAL_604; generic-play-smoke:played,Deathrattle: Draw a Mech from your deck.,亡语：从你的牌库中抽一张机械牌。,fireplace/cards/dalaran/hunter.py:48
17.6.0.53261,Rise of Shadows (DALARAN),DAL_605,Impferno,小鬼狱火,Spell resolution,GREEN,implemented,yes,逐卡关键行为断言通过：no_target_cast_buffs_demons_and_hits_enemy_minions: error=None;spell=GRAVEYARD;demon=PLAY/5/3;friendly_non_demon=4/5;enemy=PLAY/4/damage:1;mana=7,card_mechanism.csv#DAL_605; generic-play-smoke:played; effect-evidence: reports/card_quality_full_2026-09-27/set_probe_DALARAN.csv#DAL_605::no_target_cast_buffs_demons_and_hits_enemy_minions; per-card: reports/card_quality_full_2026-09-27/set_probe_DALARAN.csv#DAL_605::no_target_cast_buffs_demons_and_hits_enemy_minions,聚合状态取该卡最差机制；普通烟测只证明可执行，不能单独构成 GREEN。 EN=Give your Demons +1 Attack. Deal $1 damage to all enemy minions.; ZH=使你的恶魔获得+1攻击力。对所有敌方随从造成$1点 伤害。; source=fireplace/cards/dalaran/warlock.py:107; existing_tests=none; prior=YELLOW:1 个机制缺少充分的核心效果验证；逐机制依据见 card_mechanism.csv。; prior_evidence=card_mechanism.csv#DAL_605; generic-play-smoke:played,Give your Demons +1 Attack. Deal $1 damage to all enemy minions.,使你的恶魔获得+1攻击力。对所有敌方随从造成$1点 伤害。,fireplace/cards/dalaran/warlock.py:107
17.6.0.53261,Rise of Shadows (DALARAN),DAL_606,EVIL Genius,怪盗天才,Battlecry|Random effects|Targeting,GREEN,implemented,yes,"逐卡关键行为断言通过：friendly_death_adds_two_playable_lackeys: victim=GRAVEYARD;genius=PLAY/2/2;lackeys=[('DAL_615', 'HAND', 1), ('DAL_739', 'HAND', 1)];hand=['DAL_615', 'DAL_739']",card_mechanism.csv#DAL_606; generic-play-smoke:played; effect-evidence: reports/card_quality_full_2026-09-27/set_probe_DALARAN.csv#DAL_606::friendly_death_adds_two_playable_lackeys; per-card: reports/card_quality_full_2026-09-27/set_probe_DALARAN.csv#DAL_606::friendly_death_adds_two_playable_lackeys,聚合状态取该卡最差机制；普通烟测只证明可执行，不能单独构成 GREEN。 EN=Battlecry: Destroy a friendly minion to add 2 random Lackeys to your hand.; ZH=战吼：消灭一个友方随从，随机将两张跟班牌置入你的手牌。; source=fireplace/cards/dalaran/warlock.py:46; existing_tests=none; prior=YELLOW:3 个机制缺少充分的核心效果验证；逐机制依据见 card_mechanism.csv。; prior_evidence=card_mechanism.csv#DAL_606; generic-play-smoke:played,Battlecry: Destroy a friendly minion to add 2 random Lackeys to your hand.,战吼：消灭一个友方随从，随机将两张跟班牌置入你的手牌。,fireplace/cards/dalaran/warlock.py:46
17.6.0.53261,Rise of Shadows (DALARAN),DAL_607,Fel Lord Betrug,邪能领主贝图格,Draw / Discard|Summon|Trigger,GREEN,implemented,yes,"逐卡关键行为断言通过：drawn_minion_creates_ephemeral_rush_copy: deck_card=HAND;drawn=HAND;betrug=PLAY;copy_before_end=('CS2_182', 'HAND', 'PLAY', 4, 5, True);copy_after_end=GRAVEYARD;field=[('DAL_607', 'PLAY')]",card_mechanism.csv#DAL_607; generic-play-smoke:played; effect-evidence: reports/card_quality_full_2026-09-27/set_probe_DALARAN.csv#DAL_607::drawn_minion_creates_ephemeral_rush_copy; per-card: reports/card_quality_full_2026-09-27/set_probe_DALARAN.csv#DAL_607::drawn_minion_creates_ephemeral_rush_copy,"聚合状态取该卡最差机制；普通烟测只证明可执行，不能单独构成 GREEN。 EN=[x]Whenever you draw a minion, summon a copy  with Rush that dies at end of turn.; ZH=每当你抽到一张随从牌，召唤一个它的复制。该复制具有突袭，并会在回合结束时死亡。; source=fireplace/cards/dalaran/warlock.py:59; existing_tests=none; prior=YELLOW:3 个机制缺少充分的核心效果验证；逐机制依据见 card_mechanism.csv。; prior_evidence=card_mechanism.csv#DAL_607; generic-play-smoke:played","[x]Whenever you draw a minion, summon a copy  with Rush that dies at end of turn.",每当你抽到一张随从牌，召唤一个它的复制。该复制具有突袭，并会在回合结束时死亡。,fireplace/cards/dalaran/warlock.py:59
17.6.0.53261,Rise of Shadows (DALARAN),DAL_608,Magic Trick,魔术戏法,Discover / Choice|Random effects|Spell resolution,GREEN,implemented,yes,"逐卡关键行为断言通过：discover_three_spells_at_or_below_three_cost: options=[('GIL_801', 2, '5'), ('EX1_294', 3, '5'), ('UNG_024', 3, '5')];valid=True;chosen=GIL_801;choice_after=False;hand=[('GIL_801', 2, 'HAND')];spell=GRAVEYARD",card_mechanism.csv#DAL_608; generic-play-smoke:played; effect-evidence: reports/card_quality_full_2026-09-27/set_probe_DALARAN.csv#DAL_608::discover_three_spells_at_or_below_three_cost; per-card: reports/card_quality_full_2026-09-27/set_probe_DALARAN.csv#DAL_608::discover_three_spells_at_or_below_three_cost,聚合状态取该卡最差机制；普通烟测只证明可执行，不能单独构成 GREEN。 EN=Discover a spell that costs (3) or less.; ZH=发现一张法力值消耗小于或等于（3）点的法术牌。; source=fireplace/cards/dalaran/mage.py:110; existing_tests=none; prior=YELLOW:3 个机制缺少充分的核心效果验证；逐机制依据见 card_mechanism.csv。; prior_evidence=card_mechanism.csv#DAL_608; generic-play-smoke:played,Discover a spell that costs (3) or less.,发现一张法力值消耗小于或等于（3）点的法术牌。,fireplace/cards/dalaran/mage.py:110
17.6.0.53261,Rise of Shadows (DALARAN),DAL_609,Kalecgos,卡雷苟斯,Aura|Battlecry|Continuous effect / Update|Discover / Choice|Random effects,GREEN,implemented,yes,"逐卡关键行为断言通过：battlecry_discovers_and_first_spell_is_free_once: kalecgos=PLAY;discover_options=[('BT_291', '5'), ('CS2_022', '5'), ('UNG_024', '5')];discovered=BT_291;initial_costs=(0, 0);after_coins=(4, 4);spell_one=GRAVEYARD;spell_two=HAND/4;enemy_hero=24;coins=['GRAVEYARD', 'GRAVEYARD', 'GRAVEYARD', 'GRAVEYARD'];mana=0",card_mechanism.csv#DAL_609; generic-play-smoke:played; effect-evidence: reports/card_quality_full_2026-09-27/set_probe_DALARAN.csv#DAL_609::battlecry_discovers_and_first_spell_is_free_once; per-card: reports/card_quality_full_2026-09-27/set_probe_DALARAN.csv#DAL_609::battlecry_discovers_and_first_spell_is_free_once,聚合状态取该卡最差机制；普通烟测只证明可执行，不能单独构成 GREEN。 EN=Your first spell each turn costs (0). Battlecry: Discover a spell.; ZH=你每个回合使用的第一张法术牌的法力值消耗为（0）点。战吼：发现一张法术牌。; source=fireplace/cards/dalaran/mage.py:48; existing_tests=tests/test_dalaran.py:74:test_kalecgos; prior=YELLOW:5 个机制缺少充分的核心效果验证；逐机制依据见 card_mechanism.csv。; prior_evidence=card_mechanism.csv#DAL_609; generic-play-smoke:played,Your first spell each turn costs (0). Battlecry: Discover a spell.,你每个回合使用的第一张法术牌的法力值消耗为（0）点。战吼：发现一张法术牌。,fireplace/cards/dalaran/mage.py:48
17.6.0.53261,Rise of Shadows (DALARAN),DAL_710,Soul of the Murloc,鱼人之魂,Spell resolution|Summon,GREEN,implemented,yes,"逐卡关键行为断言通过：friendly_minion_deathrattle_summons_one_one_murloc: spell=GRAVEYARD;has_dr=True;minion=GRAVEYARD;removal=GRAVEYARD;tokens=[('EX1_506a', 1, 1, 'PLAY')];field=[('EX1_506a', 'PLAY')]",card_mechanism.csv#DAL_710; generic-play-smoke:played; effect-evidence: reports/card_quality_full_2026-09-27/set_probe_DALARAN.csv#DAL_710::friendly_minion_deathrattle_summons_one_one_murloc; per-card: reports/card_quality_full_2026-09-27/set_probe_DALARAN.csv#DAL_710::friendly_minion_deathrattle_summons_one_one_murloc,"聚合状态取该卡最差机制；普通烟测只证明可执行，不能单独构成 GREEN。 EN=Give your minions ""Deathrattle: Summon a 1/1 Murloc.""; ZH=使你的所有随从获得“亡语：召唤一个1/1的鱼人。”; source=fireplace/cards/dalaran/shaman.py:149; existing_tests=none; prior=YELLOW:2 个机制缺少充分的核心效果验证；逐机制依据见 card_mechanism.csv。; prior_evidence=card_mechanism.csv#DAL_710; generic-play-smoke:played","Give your minions ""Deathrattle: Summon a 1/1 Murloc.""",使你的所有随从获得“亡语：召唤一个1/1的鱼人。”,fireplace/cards/dalaran/shaman.py:149
17.6.0.53261,Rise of Shadows (DALARAN),DAL_714,Underbelly Fence,下水道销赃人,Battlecry,RED,partial,yes,"实测与卡牌文本不符：foreign_class_card_grants_plus_one_plus_one_and_rush: foreign=CS2_029/HAND;classes=(7, 4);fence=PLAY/2/3/rush:False;powered=False",card_mechanism.csv#DAL_714; generic-play-smoke:played; effect-evidence: reports/card_quality_full_2026-09-27/set_probe_DALARAN.csv#DAL_714::foreign_class_card_grants_plus_one_plus_one_and_rush; reports/card_quality_full_2026-09-27/set_probe_DALARAN.csv#DAL_714::no_foreign_class_card_leaves_base_body; per-card: reports/card_quality_full_2026-09-27/set_probe_DALARAN.csv#DAL_714::foreign_class_card_grants_plus_one_plus_one_and_rush; reports/card_quality_full_2026-09-27/set_probe_DALARAN.csv#DAL_714::no_foreign_class_card_leaves_base_body,"聚合状态取该卡最差机制；普通烟测只证明可执行，不能单独构成 GREEN。 EN=[x]Battlecry: If you're holding a card from another class,  gain +1/+1 and Rush.; ZH=战吼：如果你手牌中有其他职业的卡牌，则获得+1/+1和突袭。; source=fireplace/cards/dalaran/rogue.py:32; existing_tests=none; prior=YELLOW:1 个机制缺少充分的核心效果验证；逐机制依据见 card_mechanism.csv。; prior_evidence=card_mechanism.csv#DAL_714; generic-play-smoke:played","[x]Battlecry: If you're holding a card from another class,  gain +1/+1 and Rush.",战吼：如果你手牌中有其他职业的卡牌，则获得+1/+1和突袭。,fireplace/cards/dalaran/rogue.py:32
17.6.0.53261,Rise of Shadows (DALARAN),DAL_716,Vendetta,宿敌,Continuous effect / Update|Spell resolution|Targeting|Trigger,RED,partial,yes,"实测与卡牌文本不符：foreign_class_card_sets_vendetta_cost_to_zero: foreign=CS2_029;cost=4;spell=GRAVEYARD;classes=(7, 4);target=PLAY/damage:4;mana=6",card_mechanism.csv#DAL_716; generic-play-smoke:played; effect-evidence: reports/card_quality_full_2026-09-27/set_probe_DALARAN.csv#DAL_716::foreign_class_card_sets_vendetta_cost_to_zero; reports/card_quality_full_2026-09-27/set_probe_DALARAN.csv#DAL_716::no_foreign_class_card_keeps_base_cost_four; per-card: reports/card_quality_full_2026-09-27/set_probe_DALARAN.csv#DAL_716::foreign_class_card_sets_vendetta_cost_to_zero; reports/card_quality_full_2026-09-27/set_probe_DALARAN.csv#DAL_716::no_foreign_class_card_keeps_base_cost_four,聚合状态取该卡最差机制；普通烟测只证明可执行，不能单独构成 GREEN。 EN=Deal $4 damage to a minion. Costs (0) if you're holding a card from another class.; ZH=对一个随从造成$4点伤害。如果你的手牌中有其他职业的卡牌，则法力值消耗为（0）点。; source=fireplace/cards/dalaran/rogue.py:126; existing_tests=none; prior=YELLOW:4 个机制缺少充分的核心效果验证；逐机制依据见 card_mechanism.csv。; prior_evidence=card_mechanism.csv#DAL_716; generic-play-smoke:played,Deal $4 damage to a minion. Costs (0) if you're holding a card from another class.,对一个随从造成$4点伤害。如果你的手牌中有其他职业的卡牌，则法力值消耗为（0）点。,fireplace/cards/dalaran/rogue.py:126
17.6.0.53261,Rise of Shadows (DALARAN),DAL_719,Tak Nozwhisker,塔克·诺兹维克,Trigger,GREEN,implemented,yes,"逐卡关键行为断言通过：shuffling_friendly_card_adds_exact_copy_to_hand: tak=PLAY;original=DECK;deck=['CS2_231'];hand=[('CS2_231', 'HAND')];copy_count=1",card_mechanism.csv#DAL_719; generic-play-smoke:played; effect-evidence: reports/card_quality_full_2026-09-27/set_probe_DALARAN.csv#DAL_719::shuffling_friendly_card_adds_exact_copy_to_hand; per-card: reports/card_quality_full_2026-09-27/set_probe_DALARAN.csv#DAL_719::shuffling_friendly_card_adds_exact_copy_to_hand,"聚合状态取该卡最差机制；普通烟测只证明可执行，不能单独构成 GREEN。 EN=[x]Whenever you shuffle a card into your deck, add a copy to your hand.; ZH=每当你将一张牌洗入你的牌库时，将该牌的一张复制置入你的 手牌。; source=fireplace/cards/dalaran/rogue.py:44; existing_tests=tests/test_dalaran.py:200:test_tak_nozwhisker; prior=YELLOW:1 个机制缺少充分的核心效果验证；逐机制依据见 card_mechanism.csv。; prior_evidence=card_mechanism.csv#DAL_719; generic-play-smoke:played","[x]Whenever you shuffle a card into your deck, add a copy to your hand.",每当你将一张牌洗入你的牌库时，将该牌的一张复制置入你的 手牌。,fireplace/cards/dalaran/rogue.py:44
17.6.0.53261,Rise of Shadows (DALARAN),DAL_720,Waggle Pick,摇摆矿锄,Cost modification|Deathrattle|Random effects|Targeting|Weapon,GREEN,implemented,yes,"逐卡关键行为断言通过：last_weapon_attack_bounces_minion_and_reduces_cost_two: initial_cost=4;first_durability=1;weapon=GRAVEYARD/0;minion=HAND/2;hand=[('CS2_182', 2, 'HAND')];enemy_hero=22",card_mechanism.csv#DAL_720; generic-play-smoke:played; effect-evidence: reports/card_quality_full_2026-09-27/set_probe_DALARAN.csv#DAL_720::last_weapon_attack_bounces_minion_and_reduces_cost_two; per-card: reports/card_quality_full_2026-09-27/set_probe_DALARAN.csv#DAL_720::last_weapon_attack_bounces_minion_and_reduces_cost_two,聚合状态取该卡最差机制；普通烟测只证明可执行，不能单独构成 GREEN。 EN=[x]Deathrattle: Return a random friendly minion to your hand. It costs (2) less.; ZH=亡语：随机将一个友方随从移回你的手牌。它的法力值消耗减少（2）点。; source=fireplace/cards/dalaran/rogue.py:153; existing_tests=none; prior=YELLOW:5 个机制缺少充分的核心效果验证；逐机制依据见 card_mechanism.csv。; prior_evidence=card_mechanism.csv#DAL_720; generic-play-smoke:played,[x]Deathrattle: Return a random friendly minion to your hand. It costs (2) less.,亡语：随机将一个友方随从移回你的手牌。它的法力值消耗减少（2）点。,fireplace/cards/dalaran/rogue.py:153
17.6.0.53261,Rise of Shadows (DALARAN),DAL_721,Catrina Muerte,亡者卡特琳娜,Summon|Trigger,GREEN,implemented,yes,"逐卡关键行为断言通过：own_turn_end_summons_copy_of_friendly_dead_minion: original=GRAVEYARD;removal=GRAVEYARD;catrina=PLAY/6/8;copies=[('CS2_231', 1, 1, 'PLAY')];current_e=True",card_mechanism.csv#DAL_721; generic-play-smoke:played; effect-evidence: reports/card_quality_full_2026-09-27/set_probe_DALARAN.csv#DAL_721::own_turn_end_summons_copy_of_friendly_dead_minion; per-card: reports/card_quality_full_2026-09-27/set_probe_DALARAN.csv#DAL_721::own_turn_end_summons_copy_of_friendly_dead_minion,"聚合状态取该卡最差机制；普通烟测只证明可执行，不能单独构成 GREEN。 EN=[x]At the end of your turn, summon a friendly minion that died this game.; ZH=在你的回合结束时，召唤一个在本局对战中死亡的友方随从。; source=fireplace/cards/dalaran/priest.py:47; existing_tests=none; prior=YELLOW:2 个机制缺少充分的核心效果验证；逐机制依据见 card_mechanism.csv。; prior_evidence=card_mechanism.csv#DAL_721; generic-play-smoke:played","[x]At the end of your turn, summon a friendly minion that died this game.",在你的回合结束时，召唤一个在本局对战中死亡的友方随从。,fireplace/cards/dalaran/priest.py:47
17.6.0.53261,Rise of Shadows (DALARAN),DAL_723,Forbidden Words,禁忌咒文,Spell resolution|Targeting,GREEN,implemented,yes,逐卡关键行为断言通过：spell_spends_all_mana_and_destroys_under_threshold: before_mana=10;after_mana=0;target=GRAVEYARD;spell=GRAVEYARD; higher_attack_than_remaining_mana_is_illegal: remaining_mana=6;target_attack=8;error=InvalidAction;target=PLAY;spell=HAND;mana=6,card_mechanism.csv#DAL_723; generic-play-smoke:played; effect-evidence: reports/card_quality_full_2026-09-27/set_probe_DALARAN.csv#DAL_723::spell_spends_all_mana_and_destroys_under_threshold; reports/card_quality_full_2026-09-27/set_probe_DALARAN.csv#DAL_723::higher_attack_than_remaining_mana_is_illegal; per-card: reports/card_quality_full_2026-09-27/set_probe_DALARAN.csv#DAL_723::spell_spends_all_mana_and_destroys_under_threshold; reports/card_quality_full_2026-09-27/set_probe_DALARAN.csv#DAL_723::higher_attack_than_remaining_mana_is_illegal,聚合状态取该卡最差机制；普通烟测只证明可执行，不能单独构成 GREEN。 EN=[x]Spend all your Mana. Destroy a minion with that much Attack or less.; ZH=消耗你所有的法力值。消灭一个攻击力小于或等于所消耗法力值的随从。; source=fireplace/cards/dalaran/priest.py:97; existing_tests=tests/test_dalaran.py:176:test_forbidden_words; prior=YELLOW:2 个机制缺少充分的核心效果验证；逐机制依据见 card_mechanism.csv。; prior_evidence=card_mechanism.csv#DAL_723; generic-play-smoke:played,[x]Spend all your Mana. Destroy a minion with that much Attack or less.,消耗你所有的法力值。消灭一个攻击力小于或等于所消耗法力值的随从。,fireplace/cards/dalaran/priest.py:97
17.6.0.53261,Rise of Shadows (DALARAN),DAL_724,Mass Resurrection,群体复活,Spell resolution|Summon,GREEN,implemented,yes,"逐卡关键行为断言通过：summons_three_friendly_minions_that_died_this_game: originals=['GRAVEYARD', 'GRAVEYARD', 'GRAVEYARD'];removals=['GRAVEYARD', 'GRAVEYARD', 'GRAVEYARD'];spell=GRAVEYARD;revived=[('CS2_231', 1, 1, 'PLAY'), ('CS2_231', 1, 1, 'PLAY'), ('CS2_231', 1, 1, 'PLAY')];mana=1",card_mechanism.csv#DAL_724; generic-play-smoke:unplayable_in_generic_setup; effect-evidence: reports/card_quality_full_2026-09-27/set_probe_DALARAN.csv#DAL_724::summons_three_friendly_minions_that_died_this_game; per-card: reports/card_quality_full_2026-09-27/set_probe_DALARAN.csv#DAL_724::summons_three_friendly_minions_that_died_this_game,聚合状态取该卡最差机制；普通烟测只证明可执行，不能单独构成 GREEN。 EN=Summon 3 friendly minions that died this game.; ZH=召唤三个在本局对战中死亡的友方随从。; source=fireplace/cards/dalaran/priest.py:109; existing_tests=none; prior=YELLOW:2 个机制缺少充分的核心效果验证；逐机制依据见 card_mechanism.csv。; prior_evidence=card_mechanism.csv#DAL_724; generic-play-smoke:unplayable_in_generic_setup,Summon 3 friendly minions that died this game.,召唤三个在本局对战中死亡的友方随从。,fireplace/cards/dalaran/priest.py:109
17.6.0.53261,Rise of Shadows (DALARAN),DAL_726,Scargil,斯卡基尔,Aura|Continuous effect / Update|Cost modification,GREEN,implemented,yes,"逐卡关键行为断言通过：murloc_hand_cost_one_only_while_scargil_aura_active: before=(3, 4);active_cost=1;murloc_after_silence=3;other_cost=4;scargil_silenced=True;silence=GRAVEYARD",card_mechanism.csv#DAL_726; generic-play-smoke:played; effect-evidence: reports/card_quality_full_2026-09-27/set_probe_DALARAN.csv#DAL_726::murloc_hand_cost_one_only_while_scargil_aura_active; per-card: reports/card_quality_full_2026-09-27/set_probe_DALARAN.csv#DAL_726::murloc_hand_cost_one_only_while_scargil_aura_active,聚合状态取该卡最差机制；普通烟测只证明可执行，不能单独构成 GREEN。 EN=Your Murlocs cost (1).; ZH=你的鱼人法力值消耗为（1）点。; source=fireplace/cards/dalaran/shaman.py:106; existing_tests=none; prior=YELLOW:3 个机制缺少充分的核心效果验证；逐机制依据见 card_mechanism.csv。; prior_evidence=card_mechanism.csv#DAL_726; generic-play-smoke:played,Your Murlocs cost (1).,你的鱼人法力值消耗为（1）点。,fireplace/cards/dalaran/shaman.py:106
17.6.0.53261,Rise of Shadows (DALARAN),DAL_727,Call to Adventure,冒险号角,Draw / Discard|Spell resolution|Targeting,RED,partial,yes,"实测与卡牌文本不符：draws_two_cost_watcher_instead_of_lower_attack_four_cost_warden: spell=GRAVEYARD;cheap=EX1_045/2/4/5/DECK;expensive=EX1_396/4/3/9/HAND;hand=[('EX1_396', 4, 3, 9, 'HAND')];deck=['EX1_045']",card_mechanism.csv#DAL_727; generic-play-smoke:played; effect-evidence: reports/card_quality_full_2026-09-27/set_probe_DALARAN.csv#DAL_727::draws_two_cost_watcher_instead_of_lower_attack_four_cost_warden; per-card: reports/card_quality_full_2026-09-27/set_probe_DALARAN.csv#DAL_727::draws_two_cost_watcher_instead_of_lower_attack_four_cost_warden,聚合状态取该卡最差机制；普通烟测只证明可执行，不能单独构成 GREEN。 EN=Draw the lowest Cost minion from your deck. Give it +2/+2.; ZH=从你的牌库中抽取法力值消耗最低的随从牌，使其获得+2/+2。; source=fireplace/cards/dalaran/paladin.py:83; existing_tests=none; prior=YELLOW:3 个机制缺少充分的核心效果验证；逐机制依据见 card_mechanism.csv。; prior_evidence=card_mechanism.csv#DAL_727; generic-play-smoke:played,Draw the lowest Cost minion from your deck. Give it +2/+2.,从你的牌库中抽取法力值消耗最低的随从牌，使其获得+2/+2。,fireplace/cards/dalaran/paladin.py:83
17.6.0.53261,Rise of Shadows (DALARAN),DAL_728,Daring Escape,战略转移,Spell resolution,GREEN,implemented,yes,"逐卡关键行为断言通过：returns_every_friendly_minion_and_no_enemy_minion: spell=GRAVEYARD;friendly=['HAND', 'HAND'];hand=[('CS2_231', 'HAND'), ('CS2_182', 'HAND')];pfield=[];enemy=PLAY/1",card_mechanism.csv#DAL_728; generic-play-smoke:played; effect-evidence: reports/card_quality_full_2026-09-27/set_probe_DALARAN.csv#DAL_728::returns_every_friendly_minion_and_no_enemy_minion; per-card: reports/card_quality_full_2026-09-27/set_probe_DALARAN.csv#DAL_728::returns_every_friendly_minion_and_no_enemy_minion,聚合状态取该卡最差机制；普通烟测只证明可执行，不能单独构成 GREEN。 EN=Return all friendly minions to your hand.; ZH=将所有友方随从移回你的手牌。; source=fireplace/cards/dalaran/rogue.py:142; existing_tests=none; prior=YELLOW:1 个机制缺少充分的核心效果验证；逐机制依据见 card_mechanism.csv。; prior_evidence=card_mechanism.csv#DAL_728; generic-play-smoke:played,Return all friendly minions to your hand.,将所有友方随从移回你的手牌。,fireplace/cards/dalaran/rogue.py:142
17.6.0.53261,Rise of Shadows (DALARAN),DAL_729,Madame Lazul,拉祖尔女士,Battlecry|Discover / Choice,GREEN,implemented,yes,"逐卡关键行为断言通过：battlecry_discovers_copy_of_opponents_hand_card: originals=[('CS2_231', 'HAND'), ('CS2_029', 'HAND'), ('CS2_182', 'HAND')];options=[('CS2_029', 'HAND'), ('CS2_231', 'REMOVEDFROMGAME'), ('CS2_182', 'REMOVEDFROMGAME')];chosen=CS2_029;copies=[('CS2_029', 'HAND')];lazul=PLAY;choice_after=False",card_mechanism.csv#DAL_729; generic-play-smoke:played; effect-evidence: reports/card_quality_full_2026-09-27/set_probe_DALARAN.csv#DAL_729::battlecry_discovers_copy_of_opponents_hand_card; per-card: reports/card_quality_full_2026-09-27/set_probe_DALARAN.csv#DAL_729::battlecry_discovers_copy_of_opponents_hand_card,聚合状态取该卡最差机制；普通烟测只证明可执行，不能单独构成 GREEN。 EN=[x]Battlecry: Discover a copy of a card in your opponent's hand.; ZH=战吼：发现一张你的对手手牌的复制。; source=fireplace/cards/dalaran/priest.py:56; existing_tests=tests/test_dalaran.py:144:test_madame_lazul; prior=YELLOW:2 个机制缺少充分的核心效果验证；逐机制依据见 card_mechanism.csv。; prior_evidence=card_mechanism.csv#DAL_729; generic-play-smoke:played,[x]Battlecry: Discover a copy of a card in your opponent's hand.,战吼：发现一张你的对手手牌的复制。,fireplace/cards/dalaran/priest.py:56
17.6.0.53261,Rise of Shadows (DALARAN),DAL_731,Duel!,决斗,Spell resolution|Summon,GREEN,implemented,yes,"逐卡关键行为断言通过：summons_one_from_each_deck_and_they_fight: duel=GRAVEYARD;friendly_deck=['PLAY'];enemy_deck=['GRAVEYARD'];ally=('CS2_182', 4, 4, 'PLAY');foe=None",card_mechanism.csv#DAL_731; generic-play-smoke:played; effect-evidence: reports/card_quality_full_2026-09-27/set_probe_DALARAN.csv#DAL_731::summons_one_from_each_deck_and_they_fight; per-card: reports/card_quality_full_2026-09-27/set_probe_DALARAN.csv#DAL_731::summons_one_from_each_deck_and_they_fight,聚合状态取该卡最差机制；普通烟测只证明可执行，不能单独构成 GREEN。 EN=Summon a minion from each player's deck. They fight!; ZH=从双方玩家的牌库中各召唤一个随从，并使其互相 攻击！; source=fireplace/cards/dalaran/paladin.py:95; existing_tests=tests/test_dalaran.py:291:test_duel | tests/test_dalaran.py:270:test_duel | tests/test_dalaran.py:277:test_duel; prior=YELLOW:2 个机制缺少充分的核心效果验证；逐机制依据见 card_mechanism.csv。; prior_evidence=card_mechanism.csv#DAL_731; generic-play-smoke:played,Summon a minion from each player's deck. They fight!,从双方玩家的牌库中各召唤一个随从，并使其互相 攻击！,fireplace/cards/dalaran/paladin.py:95
17.6.0.53261,Rise of Shadows (DALARAN),DAL_732,Keeper Stalladris,守护者斯塔拉蒂斯,Choose One|Trigger,GREEN,implemented,yes,"逐卡关键行为断言通过：choose_one_cast_adds_both_choice_cards: keeper=PLAY;wild=GRAVEYARD;hand=[('EX1_160a', 'HAND', 2), ('EX1_160b', 'HAND', 2)];options=['EX1_160a', 'EX1_160b'];mana=6",card_mechanism.csv#DAL_732; generic-play-smoke:played; effect-evidence: reports/card_quality_full_2026-09-27/set_probe_DALARAN.csv#DAL_732::choose_one_cast_adds_both_choice_cards; per-card: reports/card_quality_full_2026-09-27/set_probe_DALARAN.csv#DAL_732::choose_one_cast_adds_both_choice_cards,"聚合状态取该卡最差机制；普通烟测只证明可执行，不能单独构成 GREEN。 EN=After you cast a Choose One spell, add copies of both choices to your hand.; ZH=在你施放了一个抉择法术后，将每个选项的复制置入你的手牌。; source=fireplace/cards/dalaran/druid.py:40; existing_tests=tests/test_dalaran.py:18:test_keeper_stalladris; prior=YELLOW:2 个机制缺少充分的核心效果验证；逐机制依据见 card_mechanism.csv。; prior_evidence=card_mechanism.csv#DAL_732; generic-play-smoke:played","After you cast a Choose One spell, add copies of both choices to your hand.",在你施放了一个抉择法术后，将每个选项的复制置入你的手牌。,fireplace/cards/dalaran/druid.py:40
17.6.0.53261,Rise of Shadows (DALARAN),DAL_733,Dreamway Guardians,守卫梦境之路,Spell resolution|Summon,GREEN,implemented,yes,"逐卡关键行为断言通过：summons_two_one_two_lifesteal_dryads: spell=GRAVEYARD;tokens=[('DAL_733t', 1, 2, 2, 1), ('DAL_733t', 1, 2, 2, 1)];board=2",card_mechanism.csv#DAL_733; generic-play-smoke:played; effect-evidence: reports/card_quality_full_2026-09-27/set_probe_DALARAN.csv#DAL_733::summons_two_one_two_lifesteal_dryads; per-card: reports/card_quality_full_2026-09-27/set_probe_DALARAN.csv#DAL_733::summons_two_one_two_lifesteal_dryads,聚合状态取该卡最差机制；普通烟测只证明可执行，不能单独构成 GREEN。 EN=Summon two 1/2 Dryads with Lifesteal.; ZH=召唤两个1/2并具有吸血的 树妖。; source=fireplace/cards/dalaran/druid.py:128; existing_tests=none; prior=YELLOW:2 个机制缺少充分的核心效果验证；逐机制依据见 card_mechanism.csv。; prior_evidence=card_mechanism.csv#DAL_733; generic-play-smoke:played,Summon two 1/2 Dryads with Lifesteal.,召唤两个1/2并具有吸血的 树妖。,fireplace/cards/dalaran/druid.py:128
17.6.0.53261,Rise of Shadows (DALARAN),DAL_735,Dalaran Librarian,达拉然图书管理员,Battlecry|Silence,GREEN,implemented,yes,"逐卡关键行为断言通过：battlecry_silences_two_adjacent_only: board=[('DAL_566', 'PLAY', False, 1), ('CS2_182', 'PLAY', True, False), ('DAL_735', 'PLAY', False, False), ('DAL_566', 'PLAY', True, False), ('DAL_566', 'PLAY', False, 1)];far=PLAY/False/1;librarian=PLAY",card_mechanism.csv#DAL_735; generic-play-smoke:played; effect-evidence: reports/card_quality_full_2026-09-27/set_probe_DALARAN.csv#DAL_735::battlecry_silences_two_adjacent_only; per-card: reports/card_quality_full_2026-09-27/set_probe_DALARAN.csv#DAL_735::battlecry_silences_two_adjacent_only,聚合状态取该卡最差机制；普通烟测只证明可执行，不能单独构成 GREEN。 EN=Battlecry: Silence adjacent minions.; ZH=战吼： 沉默相邻的随从。; source=fireplace/cards/dalaran/neutral_common.py:105; existing_tests=none; prior=YELLOW:2 个机制缺少充分的核心效果验证；逐机制依据见 card_mechanism.csv。; prior_evidence=card_mechanism.csv#DAL_735; generic-play-smoke:played,Battlecry: Silence adjacent minions.,战吼： 沉默相邻的随从。,fireplace/cards/dalaran/neutral_common.py:105
17.6.0.53261,Rise of Shadows (DALARAN),DAL_736,Archivist Elysiana,档案员艾丽西娜,Battlecry|Discover / Choice|Random effects,GREEN,implemented,yes,"逐卡关键行为断言通过：battlecry_replaces_deck_with_two_each_of_five_choices: body=PLAY;selected=['CFM_654', 'DRG_055', 'GIL_117', 'BOT_606', 'DAL_087'];deck_len=10;deck=[('BOT_606', 'DECK'), ('DAL_087', 'DECK'), ('CFM_654', 'DECK'), ('GIL_117', 'DECK'), ('DAL_087', 'DECK'), ('DRG_055', 'DECK'), ('BOT_606', 'DECK'), ('GIL_117', 'DECK'), ('DRG_055', 'DECK'), ('CFM_654', 'DECK')];counts={'CFM_654': 2, 'BOT_606': 2, 'GIL_117': 2, 'DRG_055': 2, 'DAL_087': 2};old=['GRAVEYARD', 'GRAVEYARD', 'GRAVEYARD'];choice=False",card_mechanism.csv#DAL_736; generic-play-smoke:played; effect-evidence: reports/card_quality_full_2026-09-27/set_probe_DALARAN.csv#DAL_736::battlecry_replaces_deck_with_two_each_of_five_choices; per-card: reports/card_quality_full_2026-09-27/set_probe_DALARAN.csv#DAL_736::battlecry_replaces_deck_with_two_each_of_five_choices,聚合状态取该卡最差机制；普通烟测只证明可执行，不能单独构成 GREEN。 EN=Battlecry: Discover 5 cards. Replace your deck with 2 copies of each.; ZH=战吼：发现五张卡牌，将你牌库里的所有卡牌替换成每张卡牌的两张复制。; source=fireplace/cards/dalaran/neutral_legendary.py:31; existing_tests=tests/test_dalaran.py:100:test_archivist_elysiana; prior=YELLOW:3 个机制缺少充分的核心效果验证；逐机制依据见 card_mechanism.csv。; prior_evidence=card_mechanism.csv#DAL_736; generic-play-smoke:played,Battlecry: Discover 5 cards. Replace your deck with 2 copies of each.,战吼：发现五张卡牌，将你牌库里的所有卡牌替换成每张卡牌的两张复制。,fireplace/cards/dalaran/neutral_legendary.py:31
17.6.0.53261,Rise of Shadows (DALARAN),DAL_742,Whirlwind Tempest,暴走旋风,Aura|Continuous effect / Update,GREEN,implemented,yes,逐卡关键行为断言通过：windfury_minions_gain_mega_windfury_aura: tempest=PLAY;fountain=DAL_047/4/8/windfury=1/mega=True;plain=CS2_231/mega=False,card_mechanism.csv#DAL_742; generic-play-smoke:played; effect-evidence: reports/card_quality_full_2026-09-27/set_probe_DALARAN.csv#DAL_742::windfury_minions_gain_mega_windfury_aura; per-card: reports/card_quality_full_2026-09-27/set_probe_DALARAN.csv#DAL_742::windfury_minions_gain_mega_windfury_aura,聚合状态取该卡最差机制；普通烟测只证明可执行，不能单独构成 GREEN。 EN=Your minions with Windfury have Mega-Windfury.; ZH=使你具有风怒的随从获得超级风怒。; source=fireplace/cards/dalaran/neutral_epic.py:55; existing_tests=none; prior=YELLOW:2 个机制缺少充分的核心效果验证；逐机制依据见 card_mechanism.csv。; prior_evidence=card_mechanism.csv#DAL_742; generic-play-smoke:played,Your minions with Windfury have Mega-Windfury.,使你具有风怒的随从获得超级风怒。,fireplace/cards/dalaran/neutral_epic.py:55
17.6.0.53261,Rise of Shadows (DALARAN),DAL_743,Hench-Clan Hogsteed,荆棘帮斗猪,Deathrattle|Rush|Summon,GREEN,implemented,yes,"逐卡关键行为断言通过：rush_can_attack_minion_and_death_summons_one_one_murloc: rush_error=None;after_attack=('GRAVEYARD', 1, 'GRAVEYARD');hog=GRAVEYARD;tokens=[('DAL_743t', 1, 1, '14', 'PLAY')];board=[('DAL_743t', 'PLAY')]",card_mechanism.csv#DAL_743; generic-play-smoke:played; effect-evidence: reports/card_quality_full_2026-09-27/set_probe_DALARAN.csv#DAL_743::rush_can_attack_minion_and_death_summons_one_one_murloc; per-card: reports/card_quality_full_2026-09-27/set_probe_DALARAN.csv#DAL_743::rush_can_attack_minion_and_death_summons_one_one_murloc,聚合状态取该卡最差机制；普通烟测只证明可执行，不能单独构成 GREEN。 EN=Rush Deathrattle: Summon a 1/1 Murloc.; ZH=突袭，亡语：召唤一个1/1的鱼人。; source=fireplace/cards/dalaran/neutral_common.py:112; existing_tests=none; prior=YELLOW:3 个机制缺少充分的核心效果验证；逐机制依据见 card_mechanism.csv。; prior_evidence=card_mechanism.csv#DAL_743; generic-play-smoke:played,Rush Deathrattle: Summon a 1/1 Murloc.,突袭，亡语：召唤一个1/1的鱼人。,fireplace/cards/dalaran/neutral_common.py:112
17.6.0.53261,Rise of Shadows (DALARAN),DAL_744,Faceless Rager,无面暴怒者,Battlecry|Targeting,GREEN,implemented,yes,"逐卡关键行为断言通过：battlecry_copies_friendly_target_health: target=CS2_231/1/3/3;shield=GRAVEYARD;rager=DAL_744/5/3/3;board=[('CS2_231', 3, 3), ('DAL_744', 3, 3)]",card_mechanism.csv#DAL_744; generic-play-smoke:played; effect-evidence: reports/card_quality_full_2026-09-27/set_probe_DALARAN.csv#DAL_744::battlecry_copies_friendly_target_health; per-card: reports/card_quality_full_2026-09-27/set_probe_DALARAN.csv#DAL_744::battlecry_copies_friendly_target_health,聚合状态取该卡最差机制；普通烟测只证明可执行，不能单独构成 GREEN。 EN=Battlecry: Copy a friendly minion's Health.; ZH=战吼：复制一个友方随从的生命值。; source=fireplace/cards/dalaran/neutral_common.py:119; existing_tests=none; prior=YELLOW:2 个机制缺少充分的核心效果验证；逐机制依据见 card_mechanism.csv。; prior_evidence=card_mechanism.csv#DAL_744; generic-play-smoke:played,Battlecry: Copy a friendly minion's Health.,战吼：复制一个友方随从的生命值。,fireplace/cards/dalaran/neutral_common.py:119
17.6.0.53261,Rise of Shadows (DALARAN),DAL_747,Flight Master,飞行管理员,Battlecry|Summon,GREEN,implemented,yes,"逐卡关键行为断言通过：battlecry_summons_one_two_two_gryphon_for_each_player: flier=PLAY;own=[(2, 2, 'PLAY')];opposing=[(2, 2, 'PLAY')];boards=2/1",card_mechanism.csv#DAL_747; generic-play-smoke:played; effect-evidence: reports/card_quality_full_2026-09-27/set_probe_DALARAN.csv#DAL_747::battlecry_summons_one_two_two_gryphon_for_each_player; per-card: reports/card_quality_full_2026-09-27/set_probe_DALARAN.csv#DAL_747::battlecry_summons_one_two_two_gryphon_for_each_player,聚合状态取该卡最差机制；普通烟测只证明可执行，不能单独构成 GREEN。 EN=Battlecry: Summon a 2/2 Gryphon for each player.; ZH=战吼：为每个玩家召唤一只2/2的狮鹫。; source=fireplace/cards/dalaran/neutral_common.py:135; existing_tests=none; prior=YELLOW:2 个机制缺少充分的核心效果验证；逐机制依据见 card_mechanism.csv。; prior_evidence=card_mechanism.csv#DAL_747; generic-play-smoke:played,Battlecry: Summon a 2/2 Gryphon for each player.,战吼：为每个玩家召唤一只2/2的狮鹫。,fireplace/cards/dalaran/neutral_common.py:135
17.6.0.53261,Rise of Shadows (DALARAN),DAL_748,Mana Reservoir,法力之池,Spell Damage,GREEN,implemented,yes,逐卡关键行为断言通过：spell_damage_plus_one_kills_seven_health_target: reservoir=DAL_748/spellpower=1;target=EX1_396/GRAVEYARD/7;spell=GRAVEYARD,card_mechanism.csv#DAL_748; generic-play-smoke:played; effect-evidence: reports/card_quality_full_2026-09-27/set_probe_DALARAN.csv#DAL_748::spell_damage_plus_one_kills_seven_health_target; per-card: reports/card_quality_full_2026-09-27/set_probe_DALARAN.csv#DAL_748::spell_damage_plus_one_kills_seven_health_target,聚合状态取该卡最差机制；普通烟测只证明可执行，不能单独构成 GREEN。 EN=Spell Damage +1; ZH=法术伤害+1; source=fireplace/cards/CardDefs.xml#DAL_748; existing_tests=none; prior=YELLOW:1 个机制缺少充分的核心效果验证；逐机制依据见 card_mechanism.csv。; prior_evidence=card_mechanism.csv#DAL_748; generic-play-smoke:played,Spell Damage +1,法术伤害+1,
17.6.0.53261,Rise of Shadows (DALARAN),DAL_749,Recurring Villain,再生大盗,Deathrattle|Summon,GREEN,implemented,yes,"逐卡关键行为断言通过：below_four_attack_does_not_resummon: base_attack=3;dead=GRAVEYARD;copies=[]; four_or_more_attack_resummons_villain: buff=GRAVEYARD;dying_attack=6;dead=GRAVEYARD;copies=[(3, 6, 'PLAY')]",card_mechanism.csv#DAL_749; generic-play-smoke:played; effect-evidence: reports/card_quality_full_2026-09-27/set_probe_DALARAN.csv#DAL_749::below_four_attack_does_not_resummon; reports/card_quality_full_2026-09-27/set_probe_DALARAN.csv#DAL_749::four_or_more_attack_resummons_villain; per-card: reports/card_quality_full_2026-09-27/set_probe_DALARAN.csv#DAL_749::below_four_attack_does_not_resummon; reports/card_quality_full_2026-09-27/set_probe_DALARAN.csv#DAL_749::four_or_more_attack_resummons_villain,"聚合状态取该卡最差机制；普通烟测只证明可执行，不能单独构成 GREEN。 EN=Deathrattle: If this minion has 4 or more Attack, resummon it.; ZH=亡语：如果该随从的攻击力大于或等于4，则再次召唤该随从。; source=fireplace/cards/dalaran/neutral_rare.py:69; existing_tests=none; prior=YELLOW:2 个机制缺少充分的核心效果验证；逐机制依据见 card_mechanism.csv。; prior_evidence=card_mechanism.csv#DAL_749; generic-play-smoke:played","Deathrattle: If this minion has 4 or more Attack, resummon it.",亡语：如果该随从的攻击力大于或等于4，则再次召唤该随从。,fireplace/cards/dalaran/neutral_rare.py:69
17.6.0.53261,Rise of Shadows (DALARAN),DAL_751,Mad Summoner,疯狂召唤师,Battlecry|Summon,RED,partial,yes,"实测与卡牌文本不符：battlecry_fills_each_board_to_seven_with_one_one_imps: summoner=PLAY;own_board=[('CS2_231', 1, 1), ('DAL_751t', 1, 1), ('DAL_751t', 1, 1), ('DAL_751', 4, 4), ('DAL_751t', 1, 1), ('DAL_751t', 1, 1), ('DAL_751t', 1, 1)];enemy_board=[('CS2_231', 1, 1), ('CS2_231', 1, 1), ('CS2_231', 1, 1), ('CS2_231', 1, 1), ('CS2_231', 1, 1), ('CS2_231', 1, 1)];imps=5/0;seeds=PLAY/['PLAY', 'PLAY', 'PLAY', 'PLAY', 'PLAY', 'PLAY']; empty_board_branch_fills_both_sides_to_seven: summoner=PLAY;own=['DAL_751t', 'DAL_751t', 'DAL_751t', 'DAL_751', 'DAL_751t', 'DAL_751t', 'DAL_751t'];enemy=[];imps=6/0",card_mechanism.csv#DAL_751; generic-play-smoke:played; effect-evidence: reports/card_quality_full_2026-09-27/set_probe_DALARAN.csv#DAL_751::battlecry_fills_each_board_to_seven_with_one_one_imps; reports/card_quality_full_2026-09-27/set_probe_DALARAN.csv#DAL_751::empty_board_branch_fills_both_sides_to_seven; per-card: reports/card_quality_full_2026-09-27/set_probe_DALARAN.csv#DAL_751::battlecry_fills_each_board_to_seven_with_one_one_imps; reports/card_quality_full_2026-09-27/set_probe_DALARAN.csv#DAL_751::empty_board_branch_fills_both_sides_to_seven,聚合状态取该卡最差机制；普通烟测只证明可执行，不能单独构成 GREEN。 EN=[x]Battlecry: Fill each player's board with 1/1 Imps.; ZH=战吼：为双方玩家召唤数个1/1的小鬼，直到随从数量达到上限。; source=fireplace/cards/dalaran/neutral_rare.py:76; existing_tests=none; prior=YELLOW:2 个机制缺少充分的核心效果验证；逐机制依据见 card_mechanism.csv。; prior_evidence=card_mechanism.csv#DAL_751; generic-play-smoke:played,[x]Battlecry: Fill each player's board with 1/1 Imps.,战吼：为双方玩家召唤数个1/1的小鬼，直到随从数量达到上限。,fireplace/cards/dalaran/neutral_rare.py:76
17.6.0.53261,Rise of Shadows (DALARAN),DAL_752,Jepetto Joybuzz,耶比托·乔巴斯,Battlecry|Draw / Discard|Targeting,GREEN,implemented,yes,"逐卡关键行为断言通过：battlecry_draws_two_minions_and_sets_stats_and_cost_to_one: jepetto=PLAY;drawn=[('EX1_396', 'HAND', 1, 1, 1), ('EX1_543', 'HAND', 1, 1, 1)];deck=[];originals=['HAND', 'HAND']",card_mechanism.csv#DAL_752; generic-play-smoke:played; effect-evidence: reports/card_quality_full_2026-09-27/set_probe_DALARAN.csv#DAL_752::battlecry_draws_two_minions_and_sets_stats_and_cost_to_one; per-card: reports/card_quality_full_2026-09-27/set_probe_DALARAN.csv#DAL_752::battlecry_draws_two_minions_and_sets_stats_and_cost_to_one,"聚合状态取该卡最差机制；普通烟测只证明可执行，不能单独构成 GREEN。 EN=Battlecry: Draw 2 minions from your deck. Set their Attack, Health, and Cost to 1.; ZH=战吼：从你的牌库中抽两张随从牌。将其攻击力，生命值和法力值消耗变为1。; source=fireplace/cards/dalaran/neutral_legendary.py:44; existing_tests=tests/test_dalaran.py:114:test_jepetto_joybuzz; prior=YELLOW:3 个机制缺少充分的核心效果验证；逐机制依据见 card_mechanism.csv。; prior_evidence=card_mechanism.csv#DAL_752; generic-play-smoke:played","Battlecry: Draw 2 minions from your deck. Set their Attack, Health, and Cost to 1.",战吼：从你的牌库中抽两张随从牌。将其攻击力，生命值和法力值消耗变为1。,fireplace/cards/dalaran/neutral_legendary.py:44
17.6.0.53261,Rise of Shadows (DALARAN),DAL_759,Vicious Scraphound,凶恶的废钢猎犬,Trigger,GREEN,implemented,yes,逐卡关键行为断言通过：deals_two_combat_damage_and_gains_two_armor: ready=True;attack_error=None;scrap=PLAY/1;victim=GRAVEYARD;armor=0->2;scrap_atk=2,card_mechanism.csv#DAL_759; generic-play-smoke:played; effect-evidence: reports/card_quality_full_2026-09-27/set_probe_DALARAN.csv#DAL_759::deals_two_combat_damage_and_gains_two_armor; per-card: reports/card_quality_full_2026-09-27/set_probe_DALARAN.csv#DAL_759::deals_two_combat_damage_and_gains_two_armor,"聚合状态取该卡最差机制；普通烟测只证明可执行，不能单独构成 GREEN。 EN=Whenever this minion deals damage, gain that much Armor.; ZH=每当该随从造成伤害时，获得等量的 护甲值。; source=fireplace/cards/dalaran/warrior.py:35; existing_tests=none; prior=YELLOW:1 个机制缺少充分的核心效果验证；逐机制依据见 card_mechanism.csv。; prior_evidence=card_mechanism.csv#DAL_759; generic-play-smoke:played","Whenever this minion deals damage, gain that much Armor.",每当该随从造成伤害时，获得等量的 护甲值。,fireplace/cards/dalaran/warrior.py:35
17.6.0.53261,Rise of Shadows (DALARAN),DAL_760,Burly Shovelfist,推土壮汉,Rush,GREEN,implemented,yes,逐卡关键行为断言通过：rush_only_attacks_enemy_minion_on_play_turn: hero_error=InvalidAction;minion_error=None;shovelfist=PLAY/9/8;enemy=GRAVEYARD;hero_hp=30,card_mechanism.csv#DAL_760; generic-play-smoke:played; effect-evidence: reports/card_quality_full_2026-09-27/set_probe_DALARAN.csv#DAL_760::rush_only_attacks_enemy_minion_on_play_turn; per-card: reports/card_quality_full_2026-09-27/set_probe_DALARAN.csv#DAL_760::rush_only_attacks_enemy_minion_on_play_turn,聚合状态取该卡最差机制；普通烟测只证明可执行，不能单独构成 GREEN。 EN=Rush; ZH=突袭; source=fireplace/cards/CardDefs.xml#DAL_760; existing_tests=none; prior=YELLOW:1 个机制缺少充分的核心效果验证；逐机制依据见 card_mechanism.csv。; prior_evidence=card_mechanism.csv#DAL_760; generic-play-smoke:played,Rush,突袭,
17.6.0.53261,Rise of Shadows (DALARAN),DAL_769,Improve Morale,提振士气,Random effects|Spell resolution|Targeting,GREEN,implemented,yes,"逐卡关键行为断言通过：survivor_takes_one_and_adds_exactly_one_lackey: spell=GRAVEYARD;target=CS2_182/PLAY/4;lackeys=[('DRG_052', 'HAND')];hand=['DRG_052']; lethal_one_damage_adds_no_lackey: spell=GRAVEYARD;target=CS2_231/GRAVEYARD/1;lackeys=[];hand=[]",card_mechanism.csv#DAL_769; generic-play-smoke:played; effect-evidence: reports/card_quality_full_2026-09-27/set_probe_DALARAN.csv#DAL_769::survivor_takes_one_and_adds_exactly_one_lackey; reports/card_quality_full_2026-09-27/set_probe_DALARAN.csv#DAL_769::lethal_one_damage_adds_no_lackey; per-card: reports/card_quality_full_2026-09-27/set_probe_DALARAN.csv#DAL_769::survivor_takes_one_and_adds_exactly_one_lackey; reports/card_quality_full_2026-09-27/set_probe_DALARAN.csv#DAL_769::lethal_one_damage_adds_no_lackey,"聚合状态取该卡最差机制；普通烟测只证明可执行，不能单独构成 GREEN。 EN=[x]Deal $1 damage to a minion. If it survives, add a Lackey to your hand.; ZH=对一个随从造成$1点伤害。如果它依然存活，则将一张跟班牌置入你的手牌。; source=fireplace/cards/dalaran/warrior.py:95; existing_tests=none; prior=YELLOW:3 个机制缺少充分的核心效果验证；逐机制依据见 card_mechanism.csv。; prior_evidence=card_mechanism.csv#DAL_769; generic-play-smoke:played","[x]Deal $1 damage to a minion. If it survives, add a Lackey to your hand.",对一个随从造成$1点伤害。如果它依然存活，则将一张跟班牌置入你的手牌。,fireplace/cards/dalaran/warrior.py:95
17.6.0.53261,Rise of Shadows (DALARAN),DAL_770,Omega Devastator,欧米茄毁灭者,Battlecry|Targeting,GREEN,implemented,yes,逐卡关键行为断言通过：ten_crystal_battlecry_deals_ten_damage: max_mana=10;card=PLAY;target=GRAVEYARD/5; nine_crystal_battlecry_does_not_damage: max_mana=9;card=PLAY;target=PLAY/5,card_mechanism.csv#DAL_770; generic-play-smoke:played; effect-evidence: reports/card_quality_full_2026-09-27/set_probe_DALARAN.csv#DAL_770::ten_crystal_battlecry_deals_ten_damage; reports/card_quality_full_2026-09-27/set_probe_DALARAN.csv#DAL_770::nine_crystal_battlecry_does_not_damage; per-card: reports/card_quality_full_2026-09-27/set_probe_DALARAN.csv#DAL_770::ten_crystal_battlecry_deals_ten_damage; reports/card_quality_full_2026-09-27/set_probe_DALARAN.csv#DAL_770::nine_crystal_battlecry_does_not_damage,"聚合状态取该卡最差机制；普通烟测只证明可执行，不能单独构成 GREEN。 EN=[x]Battlecry: If you have 10 Mana Crystals, deal 10 damage to a minion.; ZH=战吼：如果你有十个法力水晶，对一个随从造成10点伤害。; source=fireplace/cards/dalaran/warrior.py:42; existing_tests=none; prior=YELLOW:2 个机制缺少充分的核心效果验证；逐机制依据见 card_mechanism.csv。; prior_evidence=card_mechanism.csv#DAL_770; generic-play-smoke:played","[x]Battlecry: If you have 10 Mana Crystals, deal 10 damage to a minion.",战吼：如果你有十个法力水晶，对一个随从造成10点伤害。,fireplace/cards/dalaran/warrior.py:42
17.6.0.53261,Rise of Shadows (DALARAN),DAL_771,Soldier of Fortune,散财军士,Trigger,GREEN,implemented,yes,逐卡关键行为断言通过：attack_gives_opponent_one_coin: attack_error=None;soldier=PLAY/5;enemy_hp=25;coins=0->1;enemy_hand=['GAME_005'],card_mechanism.csv#DAL_771; generic-play-smoke:played; effect-evidence: reports/card_quality_full_2026-09-27/set_probe_DALARAN.csv#DAL_771::attack_gives_opponent_one_coin; per-card: reports/card_quality_full_2026-09-27/set_probe_DALARAN.csv#DAL_771::attack_gives_opponent_one_coin,"聚合状态取该卡最差机制；普通烟测只证明可执行，不能单独构成 GREEN。 EN=Whenever this minion attacks, give your opponent a Coin.; ZH=每当该随从进行攻击，使你的对手获得一个幸运币。; source=fireplace/cards/dalaran/neutral_common.py:142; existing_tests=none; prior=YELLOW:1 个机制缺少充分的核心效果验证；逐机制依据见 card_mechanism.csv。; prior_evidence=card_mechanism.csv#DAL_771; generic-play-smoke:played","Whenever this minion attacks, give your opponent a Coin.",每当该随从进行攻击，使你的对手获得一个幸运币。,fireplace/cards/dalaran/neutral_common.py:142
17.6.0.53261,Rise of Shadows (DALARAN),DAL_773,Magic Carpet,魔法飞毯,Trigger,GREEN,implemented,yes,"逐卡关键行为断言通过：only_one_cost_minion_gains_one_attack_and_rush: carpet=PLAY;free=CS2_231/0/1/rush=False;one_cost=GIL_558/1/2->3/rush=True;board=['DAL_773', 'CS2_231', 'GIL_558']",card_mechanism.csv#DAL_773; generic-play-smoke:played; effect-evidence: reports/card_quality_full_2026-09-27/set_probe_DALARAN.csv#DAL_773::only_one_cost_minion_gains_one_attack_and_rush; per-card: reports/card_quality_full_2026-09-27/set_probe_DALARAN.csv#DAL_773::only_one_cost_minion_gains_one_attack_and_rush,"聚合状态取该卡最差机制；普通烟测只证明可执行，不能单独构成 GREEN。 EN=After you play a 1-Cost minion, give it +1 Attack and Rush.; ZH=在你使用一张法力值消耗为（1）的随从牌后，使其获得+1攻击力和突袭。; source=fireplace/cards/dalaran/neutral_epic.py:62; existing_tests=none; prior=YELLOW:1 个机制缺少充分的核心效果验证；逐机制依据见 card_mechanism.csv。; prior_evidence=card_mechanism.csv#DAL_773; generic-play-smoke:played","After you play a 1-Cost minion, give it +1 Attack and Rush.",在你使用一张法力值消耗为（1）的随从牌后，使其获得+1攻击力和突袭。,fireplace/cards/dalaran/neutral_epic.py:62
17.6.0.53261,Rise of Shadows (DALARAN),DAL_774,Exotic Mountseller,特殊坐骑商人,Random effects|Summon|Trigger,GREEN,implemented,yes,"逐卡关键行为断言通过：casting_a_spell_summons_one_random_three_cost_beast: mountseller=PLAY;spell=GRAVEYARD;new=[('OG_313', 3, 4, '[20]', 'PLAY')];field=['DAL_774', 'OG_313']",card_mechanism.csv#DAL_774; generic-play-smoke:played; effect-evidence: reports/card_quality_full_2026-09-27/set_probe_DALARAN.csv#DAL_774::casting_a_spell_summons_one_random_three_cost_beast; per-card: reports/card_quality_full_2026-09-27/set_probe_DALARAN.csv#DAL_774::casting_a_spell_summons_one_random_three_cost_beast,"聚合状态取该卡最差机制；普通烟测只证明可执行，不能单独构成 GREEN。 EN=Whenever you cast a spell, summon a random 3-Cost Beast.; ZH=每当你施放一个法术，随机召唤一个法力值消耗为（3）的 野兽。; source=fireplace/cards/dalaran/neutral_rare.py:86; existing_tests=none; prior=YELLOW:3 个机制缺少充分的核心效果验证；逐机制依据见 card_mechanism.csv。; prior_evidence=card_mechanism.csv#DAL_774; generic-play-smoke:played","Whenever you cast a spell, summon a random 3-Cost Beast.",每当你施放一个法术，随机召唤一个法力值消耗为（3）的 野兽。,fireplace/cards/dalaran/neutral_rare.py:86
17.6.0.53261,Rise of Shadows (DALARAN),DAL_775,Tunnel Blaster,坑道爆破师,Deathrattle|Taunt,GREEN,implemented,yes,逐卡关键行为断言通过：taunt_deathrattle_deals_three_to_every_minion: blaster=GRAVEYARD;taunt_before=1;ally=PLAY/2;enemy=PLAY/2;heroes=30/30,card_mechanism.csv#DAL_775; generic-play-smoke:played; effect-evidence: reports/card_quality_full_2026-09-27/set_probe_DALARAN.csv#DAL_775::taunt_deathrattle_deals_three_to_every_minion; per-card: reports/card_quality_full_2026-09-27/set_probe_DALARAN.csv#DAL_775::taunt_deathrattle_deals_three_to_every_minion,聚合状态取该卡最差机制；普通烟测只证明可执行，不能单独构成 GREEN。 EN=[x]Taunt Deathrattle: Deal 3 damage to all minions.; ZH=嘲讽，亡语：对所有随从造成3点伤害。; source=fireplace/cards/dalaran/neutral_rare.py:93; existing_tests=none; prior=YELLOW:2 个机制缺少充分的核心效果验证；逐机制依据见 card_mechanism.csv。; prior_evidence=card_mechanism.csv#DAL_775; generic-play-smoke:played,[x]Taunt Deathrattle: Deal 3 damage to all minions.,嘲讽，亡语：对所有随从造成3点伤害。,fireplace/cards/dalaran/neutral_rare.py:93
17.6.0.53261,Rise of Shadows (DALARAN),DAL_799,Crystal Stag,晶角雄鹿,Battlecry|Rush|Summon,GREEN,implemented,yes,"逐卡关键行为断言通过：five_or_more_restored_health_summons_rush_copy: heals=['GRAVEYARD', 'GRAVEYARD'];hero=26;restored=6;played=PLAY;stags=[('DAL_799', 4, 4, 1, 'PLAY'), ('DAL_799', 4, 4, 1, 'PLAY')]; below_five_restored_health_does_not_copy: heal=GRAVEYARD;hero=23;restored=3;played=PLAY;stags=[('DAL_799', 4, 4, 1, 'PLAY')]",card_mechanism.csv#DAL_799; generic-play-smoke:played; effect-evidence: reports/card_quality_full_2026-09-27/set_probe_DALARAN.csv#DAL_799::five_or_more_restored_health_summons_rush_copy; reports/card_quality_full_2026-09-27/set_probe_DALARAN.csv#DAL_799::below_five_restored_health_does_not_copy; per-card: reports/card_quality_full_2026-09-27/set_probe_DALARAN.csv#DAL_799::five_or_more_restored_health_summons_rush_copy; reports/card_quality_full_2026-09-27/set_probe_DALARAN.csv#DAL_799::below_five_restored_health_does_not_copy,"聚合状态取该卡最差机制；普通烟测只证明可执行，不能单独构成 GREEN。 EN=Rush. Battlecry: If you've restored 5 Health this game, summon a copy of this.@ ({0} left!)@ (Ready!); ZH=突袭，战吼：在本局对战中，如果你累计恢复了5点生命值，则召唤一个该随从的复制。@（还剩下{0}点！）@（已经就绪！）; source=fireplace/cards/dalaran/druid.py:49; existing_tests=none; prior=YELLOW:3 个机制缺少充分的核心效果验证；逐机制依据见 card_mechanism.csv。; prior_evidence=card_mechanism.csv#DAL_799; generic-play-smoke:played","Rush. Battlecry: If you've restored 5 Health this game, summon a copy of this.@ ({0} left!)@ (Ready!)",突袭，战吼：在本局对战中，如果你累计恢复了5点生命值，则召唤一个该随从的复制。@（还剩下{0}点！）@（已经就绪！）,fireplace/cards/dalaran/druid.py:49
17.6.0.53261,Rise of Shadows (DALARAN),DAL_800,"Zayle, Shadow Cloak",泽尔，暗影斗篷,Deck construction,GREEN,implemented,yes,"逐卡关键行为断言通过：start_of_game_replaces_zayle_deck_with_thirty_cards: starting_decks=30/30;p1=['GIL_113', 'GIL_547', 'GIL_578', 'GIL_580', 'GIL_580', 'GIL_653', 'GIL_653', 'GIL_803', 'GIL_803', 'BOT_238', 'BOT_406', 'BOT_104', 'BOT_104', 'BOT_059', 'BOT_059', 'BOT_511', 'BOT_511', 'BOT_548', 'BOT_559', 'BOT_559', 'TRL_329', 'DAL_060', 'DAL_060', 'DAL_063', 'DAL_063', 'DAL_064', 'TRL_327', 'DAL_088', 'DAL_592', 'DAL_592'];p2=['EX1_591', 'CS1_129', 'EX1_045', 'EX1_045', 'CS2_004', 'CS2_004', 'NEW1_020', 'NEW1_020', 'CS2_181', 'CS2_181', 'EX1_332', 'EX1_332', 'CS2_236', 'CS2_236', 'EX1_621', 'EX1_621', 'CS2_235', 'CS2_235', 'BOT_517', 'DAL_040', 'DAL_040', 'DAL_065', 'DAL_065', 'DAL_723', 'DAL_723', 'DAL_434', 'DAL_434', 'DAL_729', 'DAL_735', 'DAL_735'];live_deck_plus_opening_hand=30/30;deck_hand=26+['GIL_113', 'BOT_104', 'BOT_059', 'GIL_580', 'GAME_005']/26+['DAL_723', 'CS1_129', 'EX1_621', 'EX1_045'];hero=HERO_01/HERO_09b",card_mechanism.csv#DAL_800; generic-play-smoke:played; effect-evidence: reports/card_quality_full_2026-09-27/set_probe_DALARAN.csv#DAL_800::start_of_game_replaces_zayle_deck_with_thirty_cards; per-card: reports/card_quality_full_2026-09-27/set_probe_DALARAN.csv#DAL_800::start_of_game_replaces_zayle_deck_with_thirty_cards,聚合状态取该卡最差机制；普通烟测只证明可执行，不能单独构成 GREEN。 EN=You start the game with one of Zayle's EVIL Decks!; ZH=你改用泽尔的一副怪盗套牌来开始对战！; source=fireplace/cards/CardDefs.xml#DAL_800; existing_tests=tests/test_dalaran.py:250:test_zayle | tests/test_dalaran.py:251:test_zayle; prior=YELLOW:1 个机制缺少充分的核心效果验证；逐机制依据见 card_mechanism.csv。; prior_evidence=card_mechanism.csv#DAL_800; generic-play-smoke:played,You start the game with one of Zayle's EVIL Decks!,你改用泽尔的一副怪盗套牌来开始对战！,
