version,set,card_id,name_en,name_zh,mechanic,status,implementation,tested,reason,evidence,notes,card_text_en,card_text_zh,python_source
17.6.0.53261,Saviors of Uldum (ULDUM),ULD_003,Zephrys the Great,了不起的杰弗里斯,Battlecry,GREEN,implemented,yes,"逐卡关键行为断言通过：unique_deck_wishes_for_card: duplicate=False;offered=155:['CS2_008', 'CS2_041', 'CS2_072', 'EX1_332', 'EX1_607'];selected=('CS2_008', 'HAND');choice_closed=True;body=PLAY; duplicate_deck_no_wish: duplicate=True;offered=0:[];selected=None;choice_closed=True;body=PLAY",card_mechanism.csv#ULD_003; generic-play-smoke:played; effect-evidence: reports/card_quality_full_2026-09-27/set_probe_ULDUM.csv#ULD_003::unique_deck_wishes_for_card; reports/card_quality_full_2026-09-27/set_probe_ULDUM.csv#ULD_003::duplicate_deck_no_wish; per-card: reports/card_quality_full_2026-09-27/set_probe_ULDUM.csv#ULD_003::unique_deck_wishes_for_card; reports/card_quality_full_2026-09-27/set_probe_ULDUM.csv#ULD_003::duplicate_deck_no_wish,"聚合状态取该卡最差机制；普通烟测只证明可执行，不能单独构成 GREEN。 EN=Battlecry: If your deck has no duplicates, wish for the perfect card.; ZH=战吼：如果你的牌库里没有相同的牌，则可以许愿获得一张完美的卡牌。; source=fireplace/cards/uldum/zephrys_the_great.py:4; existing_tests=tests/test_carddb.py:44:test_battlecry_scripts | tests/test_web_gui.py:152:test_hand_snapshot_exposes_live_numbers_and_powered_up_without_opponent_hand; prior=YELLOW:1 个机制缺少充分的核心效果验证；逐机制依据见 card_mechanism.csv。; prior_evidence=card_mechanism.csv#ULD_003; generic-play-smoke:played","Battlecry: If your deck has no duplicates, wish for the perfect card.",战吼：如果你的牌库里没有相同的牌，则可以许愿获得一张完美的卡牌。,fireplace/cards/uldum/zephrys_the_great.py:4
17.6.0.53261,Saviors of Uldum (ULDUM),ULD_131,Untapped Potential,发掘潜力,Quest|Spell resolution|Summon,GREEN,implemented,yes,逐卡实测：只有回合结束尚有法力时才累积进度，四次后解锁并激活抉择双效果。,tests/test_uldum_red_fixes.py::test_untapped_potential_counts_only_turns_with_remaining_mana,原始结论保留于known_issues_archive_2026-09-29/。 使用实际剩余法力。,[x]Quest: End 4 turns with any unspent Mana. Reward: Ossirian Tear.,任务：在有未使用的法力水晶的情况下结束4个回合。 奖励：奥斯里安之泪。,fireplace/cards/uldum/druid.py:66
17.6.0.53261,Saviors of Uldum (ULDUM),ULD_133,Crystal Merchant,水晶商人,Draw / Discard|Trigger,GREEN,implemented,yes,逐卡实测：回合结束有剩余法力才抽牌，法力用尽不抽。,tests/test_uldum_red_fixes.py::test_crystal_merchant_draws_only_with_remaining_mana,原始结论保留于known_issues_archive_2026-09-29/。 使用实际剩余法力。,"If you have any unspent Mana at the end of your turn, draw a card.",在你的回合结束时，如果你有未使用的法力水晶，抽一张牌。,fireplace/cards/uldum/druid.py:8
17.6.0.53261,Saviors of Uldum (ULDUM),ULD_134,BEEEES!!!,蜂群来袭,Spell resolution|Summon|Targeting,GREEN,implemented,yes,"逐卡关键行为断言通过：four_bees_attack_surviving_target: target=1/5:PLAY;bees=[('ULD_134t', 'PLAY'), ('ULD_134t', 'PLAY'), ('ULD_134t', 'PLAY'), ('ULD_134t', 'PLAY')];spell=GRAVEYARD; dead_target_remaining_bees_live: target=GRAVEYARD;surviving_bees=3;bees=[(1, 1), (1, 1), (1, 1)]",card_mechanism.csv#ULD_134; generic-play-smoke:played; effect-evidence: reports/card_quality_full_2026-09-27/set_probe_ULDUM.csv#ULD_134::four_bees_attack_surviving_target; reports/card_quality_full_2026-09-27/set_probe_ULDUM.csv#ULD_134::dead_target_remaining_bees_live; per-card: reports/card_quality_full_2026-09-27/set_probe_ULDUM.csv#ULD_134::four_bees_attack_surviving_target; reports/card_quality_full_2026-09-27/set_probe_ULDUM.csv#ULD_134::dead_target_remaining_bees_live,聚合状态取该卡最差机制；普通烟测只证明可执行，不能单独构成 GREEN。 EN=[x]Choose a minion. Summon four 1/1 Bees that attack it.; ZH=选择一个随从。召唤四只1/1的蜜蜂攻击该随从。; source=fireplace/cards/uldum/druid.py:83; existing_tests=tests/test_uldum.py:55:test_BEEEES | tests/test_uldum.py:58:test_BEEEES; prior=YELLOW:3 个机制缺少充分的核心效果验证；逐机制依据见 card_mechanism.csv。; prior_evidence=card_mechanism.csv#ULD_134; generic-play-smoke:played,[x]Choose a minion. Summon four 1/1 Bees that attack it.,选择一个随从。召唤四只1/1的蜜蜂攻击该随从。,fireplace/cards/uldum/druid.py:83
17.6.0.53261,Saviors of Uldum (ULDUM),ULD_135,Hidden Oasis,隐秘绿洲,Choose One|Spell resolution|Summon|Targeting,GREEN,implemented,yes,"逐卡关键行为断言通过：ancient_choice: ancient=[(6, 6, 1, 'PLAY')];hero=15; healing_choice: hero=27;field=[]",card_mechanism.csv#ULD_135; generic-play-smoke:played; effect-evidence: reports/card_quality_full_2026-09-27/set_probe_ULDUM.csv#ULD_135::ancient_choice; reports/card_quality_full_2026-09-27/set_probe_ULDUM.csv#ULD_135::healing_choice; per-card: reports/card_quality_full_2026-09-27/set_probe_ULDUM.csv#ULD_135::ancient_choice; reports/card_quality_full_2026-09-27/set_probe_ULDUM.csv#ULD_135::healing_choice,聚合状态取该卡最差机制；普通烟测只证明可执行，不能单独构成 GREEN。 EN=Choose One - Summon a 6/6 Ancient with Taunt; or Restore #12 Health.; ZH=抉择：召唤一棵6/6并具有嘲讽的古树；或恢复#12点 生命值。; source=fireplace/cards/uldum/druid.py:98; existing_tests=none; prior=YELLOW:4 个机制缺少充分的核心效果验证；逐机制依据见 card_mechanism.csv。; prior_evidence=card_mechanism.csv#ULD_135; generic-play-smoke:played,Choose One - Summon a 6/6 Ancient with Taunt; or Restore #12 Health.,抉择：召唤一棵6/6并具有嘲讽的古树；或恢复#12点 生命值。,fireplace/cards/uldum/druid.py:98
17.6.0.53261,Saviors of Uldum (ULDUM),ULD_136,Worthy Expedition,不虚此行,Choose One|Discover / Choice|Random effects|Spell resolution,GREEN,implemented,yes,"逐卡关键行为断言通过：discover_choose_one_card: offered=[('DAL_350', True), ('ICC_832', True), ('ICC_047', True)];selected=('DAL_350', 'HAND');choice_closed=True",card_mechanism.csv#ULD_136; generic-play-smoke:played; effect-evidence: reports/card_quality_full_2026-09-27/set_probe_ULDUM.csv#ULD_136::discover_choose_one_card; per-card: reports/card_quality_full_2026-09-27/set_probe_ULDUM.csv#ULD_136::discover_choose_one_card,聚合状态取该卡最差机制；普通烟测只证明可执行，不能单独构成 GREEN。 EN=Discover a Choose One card.; ZH=发现一张抉择牌。; source=fireplace/cards/uldum/druid.py:123; existing_tests=none; prior=YELLOW:4 个机制缺少充分的核心效果验证；逐机制依据见 card_mechanism.csv。; prior_evidence=card_mechanism.csv#ULD_136; generic-play-smoke:played,Discover a Choose One card.,发现一张抉择牌。,fireplace/cards/uldum/druid.py:123
17.6.0.53261,Saviors of Uldum (ULDUM),ULD_137,Garden Gnome,园艺侏儒,Battlecry|Summon,GREEN,implemented,yes,"逐卡关键行为断言通过：high_cost_spell_two_treants: held=ULD_181:7:HAND;treants=[(2, 2, 'PLAY'), (2, 2, 'PLAY')];body=PLAY; low_cost_spell_no_treants: held=CS2_093:4:HAND;treants=[];body=PLAY",card_mechanism.csv#ULD_137; generic-play-smoke:played; effect-evidence: reports/card_quality_full_2026-09-27/set_probe_ULDUM.csv#ULD_137::high_cost_spell_two_treants; reports/card_quality_full_2026-09-27/set_probe_ULDUM.csv#ULD_137::low_cost_spell_no_treants; per-card: reports/card_quality_full_2026-09-27/set_probe_ULDUM.csv#ULD_137::high_cost_spell_two_treants; reports/card_quality_full_2026-09-27/set_probe_ULDUM.csv#ULD_137::low_cost_spell_no_treants,"聚合状态取该卡最差机制；普通烟测只证明可执行，不能单独构成 GREEN。 EN=[x]Battlecry: If you're holding a spell that costs (5) or more, summon two 2/2 Treants.; ZH=战吼：如果你的手牌中有法力值消耗大于或等于（5）点的法术牌，便召唤两个2/2的树人。; source=fireplace/cards/uldum/druid.py:15; existing_tests=none; prior=YELLOW:2 个机制缺少充分的核心效果验证；逐机制依据见 card_mechanism.csv。; prior_evidence=card_mechanism.csv#ULD_137; generic-play-smoke:played","[x]Battlecry: If you're holding a spell that costs (5) or more, summon two 2/2 Treants.",战吼：如果你的手牌中有法力值消耗大于或等于（5）点的法术牌，便召唤两个2/2的树人。,fireplace/cards/uldum/druid.py:15
17.6.0.53261,Saviors of Uldum (ULDUM),ULD_138,Anubisath Defender,阿努比萨斯防御者,Taunt|Trigger,GREEN,implemented,yes,逐卡关键行为断言通过：after_high_cost_spell_zero: initial=5;after_seven_cost_spell=0;body=PLAY;taunt=1; low_cost_spell_no_discount: cost=5;zone=HAND,card_mechanism.csv#ULD_138; generic-play-smoke:played; effect-evidence: reports/card_quality_full_2026-09-27/set_probe_ULDUM.csv#ULD_138::after_high_cost_spell_zero; reports/card_quality_full_2026-09-27/set_probe_ULDUM.csv#ULD_138::low_cost_spell_no_discount; per-card: reports/card_quality_full_2026-09-27/set_probe_ULDUM.csv#ULD_138::after_high_cost_spell_zero; reports/card_quality_full_2026-09-27/set_probe_ULDUM.csv#ULD_138::low_cost_spell_no_discount,聚合状态取该卡最差机制；普通烟测只证明可执行，不能单独构成 GREEN。 EN=Taunt. Costs (0) if you've cast a spell that costs (5) or more this turn.; ZH=嘲讽 在本回合中，如果你施放过法力值消耗大于或等于（5）的法术，则这张牌的法力值消耗为（0）点。; source=fireplace/cards/uldum/druid.py:24; existing_tests=none; prior=YELLOW:2 个机制缺少充分的核心效果验证；逐机制依据见 card_mechanism.csv。; prior_evidence=card_mechanism.csv#ULD_138; generic-play-smoke:played,Taunt. Costs (0) if you've cast a spell that costs (5) or more this turn.,嘲讽 在本回合中，如果你施放过法力值消耗大于或等于（5）的法术，则这张牌的法力值消耗为（0）点。,fireplace/cards/uldum/druid.py:24
17.6.0.53261,Saviors of Uldum (ULDUM),ULD_139,Elise the Enlightened,启迪者伊莉斯,Battlecry,GREEN,implemented,yes,"逐卡关键行为断言通过：unique_deck_duplicates_hand: duplicate=False;hand=['CS2_231', 'CS2_093', 'CS2_231', 'CS2_093'];body=PLAY;deck=[]; duplicate_deck_no_effect: duplicate=True;hand=['CS2_231', 'CS2_093'];body=PLAY;deck=['CS2_231', 'CS2_231']",card_mechanism.csv#ULD_139; generic-play-smoke:played; effect-evidence: reports/card_quality_full_2026-09-27/set_probe_ULDUM.csv#ULD_139::unique_deck_duplicates_hand; reports/card_quality_full_2026-09-27/set_probe_ULDUM.csv#ULD_139::duplicate_deck_no_effect; per-card: reports/card_quality_full_2026-09-27/set_probe_ULDUM.csv#ULD_139::unique_deck_duplicates_hand; reports/card_quality_full_2026-09-27/set_probe_ULDUM.csv#ULD_139::duplicate_deck_no_effect,"聚合状态取该卡最差机制；普通烟测只证明可执行，不能单独构成 GREEN。 EN=Battlecry: If your deck has no duplicates, duplicate your hand.; ZH=战吼：如果你的牌库里没有相同的牌，则复制你的手牌。; source=fireplace/cards/uldum/druid.py:32; existing_tests=none; prior=YELLOW:1 个机制缺少充分的核心效果验证；逐机制依据见 card_mechanism.csv。; prior_evidence=card_mechanism.csv#ULD_139; generic-play-smoke:played","Battlecry: If your deck has no duplicates, duplicate your hand.",战吼：如果你的牌库里没有相同的牌，则复制你的手牌。,fireplace/cards/uldum/druid.py:32
17.6.0.53261,Saviors of Uldum (ULDUM),ULD_140,Supreme Archaeology,最最伟大的考古学,Draw / Discard|Quest|Spell resolution|Summon,GREEN,implemented,yes,逐卡实测：真实抽到二十张牌完成任务，奖励英雄技能抽牌费用变为零。,tests/test_uldum_red_fixes.py::test_supreme_archaeology_counts_real_draws_and_zeroes_reward_draw,原始结论保留于known_issues_archive_2026-09-29/。 任务改在抽牌事件时累积进度。,Quest: Draw 20 cards. Reward: Tome of Origination.,任务：抽20张牌。 奖励：源生魔典。,fireplace/cards/uldum/warlock.py:85
17.6.0.53261,Saviors of Uldum (ULDUM),ULD_143,Pharaoh's Blessing,法老祝福,Spell resolution|Targeting,GREEN,implemented,yes,"逐卡关键行为断言通过：selected_minion_gets_all_three: friend=5/5,shield=True,taunt=True;enemy=1/1;spell=GRAVEYARD",card_mechanism.csv#ULD_143; generic-play-smoke:played; effect-evidence: reports/card_quality_full_2026-09-27/set_probe_ULDUM.csv#ULD_143::selected_minion_gets_all_three; per-card: reports/card_quality_full_2026-09-27/set_probe_ULDUM.csv#ULD_143::selected_minion_gets_all_three,"聚合状态取该卡最差机制；普通烟测只证明可执行，不能单独构成 GREEN。 EN=Give a minion +4/+4, Divine Shield, and Taunt.; ZH=使一个随从获得+4/+4，圣盾以及嘲讽。; source=fireplace/cards/uldum/paladin.py:56; existing_tests=none; prior=YELLOW:2 个机制缺少充分的核心效果验证；逐机制依据见 card_mechanism.csv。; prior_evidence=card_mechanism.csv#ULD_143; generic-play-smoke:played","Give a minion +4/+4, Divine Shield, and Taunt.",使一个随从获得+4/+4，圣盾以及嘲讽。,fireplace/cards/uldum/paladin.py:56
17.6.0.53261,Saviors of Uldum (ULDUM),ULD_145,Brazen Zealot,英勇狂热者,Summon|Trigger,GREEN,implemented,yes,逐卡关键行为断言通过：friendly_summon_only: base=2;after_friend=3;after_enemy=3;friend=PLAY;enemy=PLAY,card_mechanism.csv#ULD_145; generic-play-smoke:played; effect-evidence: reports/card_quality_full_2026-09-27/set_probe_ULDUM.csv#ULD_145::friendly_summon_only; per-card: reports/card_quality_full_2026-09-27/set_probe_ULDUM.csv#ULD_145::friendly_summon_only,"聚合状态取该卡最差机制；普通烟测只证明可执行，不能单独构成 GREEN。 EN=Whenever you summon a minion, gain +1 Attack.; ZH=每当你召唤一个随从，获得+1攻击力。; source=fireplace/cards/uldum/paladin.py:8; existing_tests=none; prior=YELLOW:2 个机制缺少充分的核心效果验证；逐机制依据见 card_mechanism.csv。; prior_evidence=card_mechanism.csv#ULD_145; generic-play-smoke:played","Whenever you summon a minion, gain +1 Attack.",每当你召唤一个随从，获得+1攻击力。,fireplace/cards/uldum/paladin.py:8
17.6.0.53261,Saviors of Uldum (ULDUM),ULD_151,Ramkahen Wildtamer,拉穆卡恒驯兽师,Battlecry|Random effects,GREEN,implemented,yes,"逐卡关键行为断言通过：copy_held_beast: hand=['CS2_172', 'CS2_231', 'CS2_172'];beast=HAND;other=HAND;body=PLAY; no_beast_no_copy: hand=['CS2_231'];body=PLAY",card_mechanism.csv#ULD_151; generic-play-smoke:played; effect-evidence: reports/card_quality_full_2026-09-27/set_probe_ULDUM.csv#ULD_151::copy_held_beast; reports/card_quality_full_2026-09-27/set_probe_ULDUM.csv#ULD_151::no_beast_no_copy; per-card: reports/card_quality_full_2026-09-27/set_probe_ULDUM.csv#ULD_151::copy_held_beast; reports/card_quality_full_2026-09-27/set_probe_ULDUM.csv#ULD_151::no_beast_no_copy,聚合状态取该卡最差机制；普通烟测只证明可执行，不能单独构成 GREEN。 EN=Battlecry: Copy a random Beast in your hand.; ZH=战吼：随机复制一张你手牌中的野兽牌。; source=fireplace/cards/uldum/hunter.py:8; existing_tests=none; prior=YELLOW:2 个机制缺少充分的核心效果验证；逐机制依据见 card_mechanism.csv。; prior_evidence=card_mechanism.csv#ULD_151; generic-play-smoke:played,Battlecry: Copy a random Beast in your hand.,战吼：随机复制一张你手牌中的野兽牌。,fireplace/cards/uldum/hunter.py:8
17.6.0.53261,Saviors of Uldum (ULDUM),ULD_152,Pressure Plate,压感陷阱,Random effects|Secret|Spell resolution|Trigger,GREEN,implemented,yes,逐卡关键行为断言通过：enemy_spell_destroy_enemy_minion: secret=GRAVEYARD;victim=GRAVEYARD;friend=PLAY;spell=GRAVEYARD; friendly_spell_no_trigger: secret=SECRET;victim=PLAY;spell=GRAVEYARD,card_mechanism.csv#ULD_152; generic-play-smoke:played; effect-evidence: reports/card_quality_full_2026-09-27/set_probe_ULDUM.csv#ULD_152::enemy_spell_destroy_enemy_minion; reports/card_quality_full_2026-09-27/set_probe_ULDUM.csv#ULD_152::friendly_spell_no_trigger; per-card: reports/card_quality_full_2026-09-27/set_probe_ULDUM.csv#ULD_152::enemy_spell_destroy_enemy_minion; reports/card_quality_full_2026-09-27/set_probe_ULDUM.csv#ULD_152::friendly_spell_no_trigger,"聚合状态取该卡最差机制；普通烟测只证明可执行，不能单独构成 GREEN。 EN=Secret: After your opponent casts a spell, destroy a random enemy minion.; ZH=奥秘：在你的对手施放一个法术后，随机消灭一个敌方 随从。; source=fireplace/cards/uldum/hunter.py:54; existing_tests=none; prior=YELLOW:4 个机制缺少充分的核心效果验证；逐机制依据见 card_mechanism.csv。; prior_evidence=card_mechanism.csv#ULD_152; generic-play-smoke:played","Secret: After your opponent casts a spell, destroy a random enemy minion.",奥秘：在你的对手施放一个法术后，随机消灭一个敌方 随从。,fireplace/cards/uldum/hunter.py:54
17.6.0.53261,Saviors of Uldum (ULDUM),ULD_154,Hyena Alpha,土狼头领,Battlecry|Summon,GREEN,implemented,yes,"逐卡关键行为断言通过：armed_secret_summons_two: secret=True;hyenas=[(2, 2, 'PLAY'), (2, 2, 'PLAY')];body=PLAY; no_secret_no_hyenas: secret=False;hyenas=[];body=PLAY",card_mechanism.csv#ULD_154; generic-play-smoke:played; effect-evidence: reports/card_quality_full_2026-09-27/set_probe_ULDUM.csv#ULD_154::armed_secret_summons_two; reports/card_quality_full_2026-09-27/set_probe_ULDUM.csv#ULD_154::no_secret_no_hyenas; per-card: reports/card_quality_full_2026-09-27/set_probe_ULDUM.csv#ULD_154::armed_secret_summons_two; reports/card_quality_full_2026-09-27/set_probe_ULDUM.csv#ULD_154::no_secret_no_hyenas,"聚合状态取该卡最差机制；普通烟测只证明可执行，不能单独构成 GREEN。 EN=[x]Battlecry: If you control a Secret, summon two 2/2 Hyenas.; ZH=战吼：如果你控制一个奥秘，便召唤两只2/2的土狼。; source=fireplace/cards/uldum/hunter.py:15; existing_tests=none; prior=YELLOW:2 个机制缺少充分的核心效果验证；逐机制依据见 card_mechanism.csv。; prior_evidence=card_mechanism.csv#ULD_154; generic-play-smoke:played","[x]Battlecry: If you control a Secret, summon two 2/2 Hyenas.",战吼：如果你控制一个奥秘，便召唤两只2/2的土狼。,fireplace/cards/uldum/hunter.py:15
17.6.0.53261,Saviors of Uldum (ULDUM),ULD_155,Unseal the Vault,打开宝库,Quest|Spell resolution|Summon,GREEN,implemented,yes,逐卡关键行为断言通过：twenty_summons_unlock_buff_power: after19=19;after20=20;quest=GRAVEYARD;power=ULD_155p;minion_attack=1->3,card_mechanism.csv#ULD_155; generic-play-smoke:played; effect-evidence: reports/card_quality_full_2026-09-27/set_probe_ULDUM.csv#ULD_155::twenty_summons_unlock_buff_power; per-card: reports/card_quality_full_2026-09-27/set_probe_ULDUM.csv#ULD_155::twenty_summons_unlock_buff_power,聚合状态取该卡最差机制；普通烟测只证明可执行，不能单独构成 GREEN。 EN=Quest: Summon 20 minions. Reward: Pharaoh's Warmask.; ZH=任务：召唤20个随从。奖励：法老的面盔。; source=fireplace/cards/uldum/hunter.py:61; existing_tests=none; prior=YELLOW:3 个机制缺少充分的核心效果验证；逐机制依据见 card_mechanism.csv。; prior_evidence=card_mechanism.csv#ULD_155; generic-play-smoke:played,Quest: Summon 20 minions. Reward: Pharaoh's Warmask.,任务：召唤20个随从。奖励：法老的面盔。,fireplace/cards/uldum/hunter.py:61
17.6.0.53261,Saviors of Uldum (ULDUM),ULD_156,Dinotamer Brann,恐龙大师布莱恩,Battlecry|Summon,GREEN,implemented,yes,"逐卡关键行为断言通过：unique_deck_summons_krush: duplicate=False;krush=[(8, 8, 'PLAY')];body=PLAY; duplicate_deck_blocks_krush: duplicate=True;krush=[];body=PLAY",card_mechanism.csv#ULD_156; generic-play-smoke:played; effect-evidence: reports/card_quality_full_2026-09-27/set_probe_ULDUM.csv#ULD_156::unique_deck_summons_krush; reports/card_quality_full_2026-09-27/set_probe_ULDUM.csv#ULD_156::duplicate_deck_blocks_krush; per-card: reports/card_quality_full_2026-09-27/set_probe_ULDUM.csv#ULD_156::unique_deck_summons_krush; reports/card_quality_full_2026-09-27/set_probe_ULDUM.csv#ULD_156::duplicate_deck_blocks_krush,"聚合状态取该卡最差机制；普通烟测只证明可执行，不能单独构成 GREEN。 EN=Battlecry: If your deck has no duplicates, summon King Krush.; ZH=战吼：如果你的牌库里没有相同的牌，则召唤暴龙王克鲁什。; source=fireplace/cards/uldum/hunter.py:23; existing_tests=none; prior=YELLOW:2 个机制缺少充分的核心效果验证；逐机制依据见 card_mechanism.csv。; prior_evidence=card_mechanism.csv#ULD_156; generic-play-smoke:played","Battlecry: If your deck has no duplicates, summon King Krush.",战吼：如果你的牌库里没有相同的牌，则召唤暴龙王克鲁什。,fireplace/cards/uldum/hunter.py:23
17.6.0.53261,Saviors of Uldum (ULDUM),ULD_157,Questing Explorer,奋进的探险者,Battlecry|Draw / Discard,GREEN,implemented,yes,逐卡关键行为断言通过：quest_control_draws: quest=True;drawn=HAND;body=PLAY; no_quest_no_draw: quest=False;drawn=DECK;body=PLAY,card_mechanism.csv#ULD_157; generic-play-smoke:played; effect-evidence: reports/card_quality_full_2026-09-27/set_probe_ULDUM.csv#ULD_157::quest_control_draws; reports/card_quality_full_2026-09-27/set_probe_ULDUM.csv#ULD_157::no_quest_no_draw; per-card: reports/card_quality_full_2026-09-27/set_probe_ULDUM.csv#ULD_157::quest_control_draws; reports/card_quality_full_2026-09-27/set_probe_ULDUM.csv#ULD_157::no_quest_no_draw,"聚合状态取该卡最差机制；普通烟测只证明可执行，不能单独构成 GREEN。 EN=Battlecry: If you control a Quest, draw a card.; ZH=战吼：如果你控制一个任务，抽一张牌。; source=fireplace/cards/uldum/neutral_rare.py:8; existing_tests=tests/test_uldum.py:67:test_questing_explorer | tests/test_uldum.py:70:test_questing_explorer; prior=YELLOW:2 个机制缺少充分的核心效果验证；逐机制依据见 card_mechanism.csv。; prior_evidence=card_mechanism.csv#ULD_157; generic-play-smoke:played","Battlecry: If you control a Quest, draw a card.",战吼：如果你控制一个任务，抽一张牌。,fireplace/cards/uldum/neutral_rare.py:8
17.6.0.53261,Saviors of Uldum (ULDUM),ULD_158,Sandstorm Elemental,沙暴元素,Battlecry|Overload,GREEN,implemented,yes,"逐卡关键行为断言通过：enemy_minion_aoe_and_overload: friend=5;foes=[4, 4];enemy_hero=30;overloaded=1;body=PLAY",card_mechanism.csv#ULD_158; generic-play-smoke:played; effect-evidence: reports/card_quality_full_2026-09-27/set_probe_ULDUM.csv#ULD_158::enemy_minion_aoe_and_overload; per-card: reports/card_quality_full_2026-09-27/set_probe_ULDUM.csv#ULD_158::enemy_minion_aoe_and_overload,聚合状态取该卡最差机制；普通烟测只证明可执行，不能单独构成 GREEN。 EN=Battlecry: Deal 1 damage to all enemy minions. Overload: (1); ZH=战吼：对所有敌方随从造成1点伤害。 过载：（1）; source=fireplace/cards/uldum/shaman.py:8; existing_tests=none; prior=YELLOW:1 个机制缺少充分的核心效果验证；逐机制依据见 card_mechanism.csv。; prior_evidence=card_mechanism.csv#ULD_158; generic-play-smoke:played; effect-evidence: reports/card_quality_full_2026-09-27/overload_reproductions.csv#ULD_158,Battlecry: Deal 1 damage to all enemy minions. Overload: (1),战吼：对所有敌方随从造成1点伤害。 过载：（1）,fireplace/cards/uldum/shaman.py:8
17.6.0.53261,Saviors of Uldum (ULDUM),ULD_160,Sinister Deal,邪恶交易,Discover / Choice|Random effects|Spell resolution,GREEN,implemented,yes,"逐卡关键行为断言通过：discover_lackey_choice: offered=[('DAL_613', 1), ('DAL_739', 1), ('DAL_741', 1)];selected=('DAL_613', 'HAND');choice_closed=True",card_mechanism.csv#ULD_160; generic-play-smoke:played; effect-evidence: reports/card_quality_full_2026-09-27/set_probe_ULDUM.csv#ULD_160::discover_lackey_choice; per-card: reports/card_quality_full_2026-09-27/set_probe_ULDUM.csv#ULD_160::discover_lackey_choice,聚合状态取该卡最差机制；普通烟测只证明可执行，不能单独构成 GREEN。 EN=Discover a Lackey.; ZH=发现一张跟班牌。; source=fireplace/cards/uldum/warlock.py:106; existing_tests=none; prior=YELLOW:3 个机制缺少充分的核心效果验证；逐机制依据见 card_mechanism.csv。; prior_evidence=card_mechanism.csv#ULD_160; generic-play-smoke:played,Discover a Lackey.,发现一张跟班牌。,fireplace/cards/uldum/warlock.py:106
17.6.0.53261,Saviors of Uldum (ULDUM),ULD_161,Neferset Thrasher,尼斐塞特鞭笞者,Trigger,GREEN,implemented,yes,逐卡关键行为断言通过：attacking_damages_owner_three: hero=30->27;victim=1:PLAY;body=1:PLAY,card_mechanism.csv#ULD_161; generic-play-smoke:played; effect-evidence: reports/card_quality_full_2026-09-27/set_probe_ULDUM.csv#ULD_161::attacking_damages_owner_three; per-card: reports/card_quality_full_2026-09-27/set_probe_ULDUM.csv#ULD_161::attacking_damages_owner_three,"聚合状态取该卡最差机制；普通烟测只证明可执行，不能单独构成 GREEN。 EN=Whenever this attacks, deal 3 damage to your hero.; ZH=每当该随从进行攻击，对你的英雄造成3点伤害。; source=fireplace/cards/uldum/warlock.py:8; existing_tests=none; prior=YELLOW:1 个机制缺少充分的核心效果验证；逐机制依据见 card_mechanism.csv。; prior_evidence=card_mechanism.csv#ULD_161; generic-play-smoke:played","Whenever this attacks, deal 3 damage to your hero.",每当该随从进行攻击，对你的英雄造成3点伤害。,fireplace/cards/uldum/warlock.py:8
17.6.0.53261,Saviors of Uldum (ULDUM),ULD_162,EVIL Recruiter,怪盗征募官,Battlecry|Summon|Targeting,GREEN,implemented,yes,"逐卡关键行为断言通过：target_lackey_destroy_and_summon: lackey=GRAVEYARD;ordinary=PLAY;demons=[(5, 5, 'PLAY')];body=PLAY; no_lackey_no_demon: ordinary=PLAY;demons=[];body=PLAY",card_mechanism.csv#ULD_162; generic-play-smoke:played; effect-evidence: reports/card_quality_full_2026-09-27/set_probe_ULDUM.csv#ULD_162::target_lackey_destroy_and_summon; reports/card_quality_full_2026-09-27/set_probe_ULDUM.csv#ULD_162::no_lackey_no_demon; per-card: reports/card_quality_full_2026-09-27/set_probe_ULDUM.csv#ULD_162::target_lackey_destroy_and_summon; reports/card_quality_full_2026-09-27/set_probe_ULDUM.csv#ULD_162::no_lackey_no_demon,聚合状态取该卡最差机制；普通烟测只证明可执行，不能单独构成 GREEN。 EN=Battlecry: Destroy a friendly Lackey to summon a 5/5 Demon.; ZH=战吼：消灭一个友方跟班，召唤一个5/5的恶魔。; source=fireplace/cards/uldum/warlock.py:15; existing_tests=tests/test_uldum.py:40:test_evil_recruiter; prior=YELLOW:3 个机制缺少充分的核心效果验证；逐机制依据见 card_mechanism.csv。; prior_evidence=card_mechanism.csv#ULD_162; generic-play-smoke:played,Battlecry: Destroy a friendly Lackey to summon a 5/5 Demon.,战吼：消灭一个友方跟班，召唤一个5/5的恶魔。,fireplace/cards/uldum/warlock.py:15
17.6.0.53261,Saviors of Uldum (ULDUM),ULD_163,Expired Merchant,过期货物专卖商,Battlecry|Deathrattle|Draw / Discard|Targeting,GREEN,implemented,yes,"逐卡关键行为断言通过：highest_cost_discard_then_two_copies: battle=('REMOVEDFROMGAME', 'HAND', ['CS2_231']);death=GRAVEYARD;hand=['CS2_231', 'CS1_113', 'CS1_113']",card_mechanism.csv#ULD_163; generic-play-smoke:played; effect-evidence: reports/card_quality_full_2026-09-27/set_probe_ULDUM.csv#ULD_163::highest_cost_discard_then_two_copies; per-card: reports/card_quality_full_2026-09-27/set_probe_ULDUM.csv#ULD_163::highest_cost_discard_then_two_copies,"聚合状态取该卡最差机制；普通烟测只证明可执行，不能单独构成 GREEN。 EN=[x]Battlecry: Discard your highest Cost card. Deathrattle: Add 2 copies of it to your hand.; ZH=战吼：弃掉你的法力值消耗最高的牌。亡语：将弃掉的牌的两张复制置入你的手牌。; source=fireplace/cards/uldum/warlock.py:28; existing_tests=tests/test_carddb.py:52:test_deathrattle_scripts; prior=YELLOW:3 个机制缺少充分的核心效果验证；逐机制依据见 card_mechanism.csv。; prior_evidence=card_mechanism.csv#ULD_163; generic-play-smoke:played; effect-evidence: fireplace/cards/CardDefs.xml#ULD_163; fireplace/cards/uldum/warlock.py:28; tests/test_carddb.py:49:test_deathrattle_scripts; smoke:death_processed_no_active_actions:pass_no_active_actions; delta={""friendly_field"":{""before"":[""ULD_163""],""after"":[]},""friendly_graveyard"":{""before"":[],""after"":[""ULD_163""]}}; prereq:pass;assertions={""battlecry_discarded_highest_cost"":true,""discard_attached_deathrattle"":true,""merchant_processed_death"":true,""two_discarded_copies_returned"":true};observations={""discarded_card_zone"":""Zone.REMOVEDFROMGAME"",""merchant_zone_before_death"":""Zone.PLAY"",""merchant_buffs"":[""ULD_163e""],""deathrattle_action_count"":1,""merchant_zone_after_death"":""Zone.GRAVEYARD"",""returned_fireball_count"":2,""",[x]Battlecry: Discard your highest Cost card. Deathrattle: Add 2 copies of it to your hand.,战吼：弃掉你的法力值消耗最高的牌。亡语：将弃掉的牌的两张复制置入你的手牌。,fireplace/cards/uldum/warlock.py:28
17.6.0.53261,Saviors of Uldum (ULDUM),ULD_165,Riftcleaver,裂隙屠夫,Battlecry|Targeting,GREEN,implemented,yes,逐卡关键行为断言通过：destroy_target_and_take_current_health_damage: victim=3/5:GRAVEYARD;owner_hero=30->27;body=PLAY,card_mechanism.csv#ULD_165; generic-play-smoke:played; effect-evidence: reports/card_quality_full_2026-09-27/set_probe_ULDUM.csv#ULD_165::destroy_target_and_take_current_health_damage; per-card: reports/card_quality_full_2026-09-27/set_probe_ULDUM.csv#ULD_165::destroy_target_and_take_current_health_damage,聚合状态取该卡最差机制；普通烟测只证明可执行，不能单独构成 GREEN。 EN=Battlecry: Destroy a minion. Your hero takes damage equal to its Health.; ZH=战吼：消灭一个随从。你的英雄受到等同于该随从生命值的 伤害。; source=fireplace/cards/uldum/warlock.py:43; existing_tests=none; prior=YELLOW:2 个机制缺少充分的核心效果验证；逐机制依据见 card_mechanism.csv。; prior_evidence=card_mechanism.csv#ULD_165; generic-play-smoke:played,Battlecry: Destroy a minion. Your hero takes damage equal to its Health.,战吼：消灭一个随从。你的英雄受到等同于该随从生命值的 伤害。,fireplace/cards/uldum/warlock.py:43
17.6.0.53261,Saviors of Uldum (ULDUM),ULD_167,Diseased Vulture,染病的兀鹫,Random effects|Summon|Trigger,GREEN,implemented,yes,逐卡实测：己方回合英雄受伤召唤三费随从；对手回合受伤不触发。,tests/test_uldum_red_fixes.py::test_diseased_vulture_triggers_only_for_owner_damage_on_owner_turn,原始结论保留于known_issues_archive_2026-09-29/。 改监听真实伤害事件并检查当前回合玩家。,"After your hero takes damage on your turn, summon a random 3-Cost minion.",你的英雄在自己的回合受到伤害后，随机召唤一个法力值消耗为（3）的随从。,fireplace/cards/uldum/warlock.py:54
17.6.0.53261,Saviors of Uldum (ULDUM),ULD_168,Dark Pharaoh Tekahn,黑暗法老塔卡恒,Battlecry,GREEN,implemented,yes,"逐卡关键行为断言通过：existing_and_future_lackeys_become_four_four: lackeys=[(4, 4, 'HAND'), (4, 4, 'PLAY'), (4, 4, 'PLAY')];body=PLAY",card_mechanism.csv#ULD_168; generic-play-smoke:played; effect-evidence: reports/card_quality_full_2026-09-27/set_probe_ULDUM.csv#ULD_168::existing_and_future_lackeys_become_four_four; per-card: reports/card_quality_full_2026-09-27/set_probe_ULDUM.csv#ULD_168::existing_and_future_lackeys_become_four_four,"聚合状态取该卡最差机制；普通烟测只证明可执行，不能单独构成 GREEN。 EN=Battlecry: For the rest of the game, your Lackeys are 4/4.; ZH=战吼：在本局对战的剩余时间内，你的跟班变为4/4。; source=fireplace/cards/uldum/warlock.py:63; existing_tests=none; prior=YELLOW:1 个机制缺少充分的核心效果验证；逐机制依据见 card_mechanism.csv。; prior_evidence=card_mechanism.csv#ULD_168; generic-play-smoke:played","Battlecry: For the rest of the game, your Lackeys are 4/4.",战吼：在本局对战的剩余时间内，你的跟班变为4/4。,fireplace/cards/uldum/warlock.py:63
17.6.0.53261,Saviors of Uldum (ULDUM),ULD_169,Mogu Fleshshaper,魔古血肉塑造者,Cost modification|Rush,GREEN,implemented,yes,逐卡关键行为断言通过：minion_count_reduces_cost_and_rush_attacks: cost=9->6;rush=1;victim=GRAVEYARD;body=PLAY,card_mechanism.csv#ULD_169; generic-play-smoke:played; effect-evidence: reports/card_quality_full_2026-09-27/set_probe_ULDUM.csv#ULD_169::minion_count_reduces_cost_and_rush_attacks; per-card: reports/card_quality_full_2026-09-27/set_probe_ULDUM.csv#ULD_169::minion_count_reduces_cost_and_rush_attacks,聚合状态取该卡最差机制；普通烟测只证明可执行，不能单独构成 GREEN。 EN=[x]Rush. Costs (1) less for each minion on the battlefield.; ZH=突袭 战场上每有一个随从，该牌的法力值消耗便减少（1）点。; source=fireplace/cards/uldum/shaman.py:15; existing_tests=none; prior=YELLOW:2 个机制缺少充分的核心效果验证；逐机制依据见 card_mechanism.csv。; prior_evidence=card_mechanism.csv#ULD_169; generic-play-smoke:played,[x]Rush. Costs (1) less for each minion on the battlefield.,突袭 战场上每有一个随从，该牌的法力值消耗便减少（1）点。,fireplace/cards/uldum/shaman.py:15
17.6.0.53261,Saviors of Uldum (ULDUM),ULD_170,Weaponized Wasp,武装胡蜂,Battlecry|Targeting,GREEN,implemented,yes,逐卡关键行为断言通过：lackey_allows_three_damage: lackey=DAL_613:PLAY;victim=5->2:PLAY;body=PLAY; no_lackey_no_damage: victim=5->5;body=PLAY;requires_target=False,card_mechanism.csv#ULD_170; generic-play-smoke:played; effect-evidence: reports/card_quality_full_2026-09-27/set_probe_ULDUM.csv#ULD_170::lackey_allows_three_damage; reports/card_quality_full_2026-09-27/set_probe_ULDUM.csv#ULD_170::no_lackey_no_damage; per-card: reports/card_quality_full_2026-09-27/set_probe_ULDUM.csv#ULD_170::lackey_allows_three_damage; reports/card_quality_full_2026-09-27/set_probe_ULDUM.csv#ULD_170::no_lackey_no_damage,"聚合状态取该卡最差机制；普通烟测只证明可执行，不能单独构成 GREEN。 EN=Battlecry: If you control a Lackey, deal 3 damage.; ZH=战吼：如果你控制一个跟班，造成3点 伤害。; source=fireplace/cards/uldum/shaman.py:22; existing_tests=none; prior=YELLOW:2 个机制缺少充分的核心效果验证；逐机制依据见 card_mechanism.csv。; prior_evidence=card_mechanism.csv#ULD_170; generic-play-smoke:played","Battlecry: If you control a Lackey, deal 3 damage.",战吼：如果你控制一个跟班，造成3点 伤害。,fireplace/cards/uldum/shaman.py:22
17.6.0.53261,Saviors of Uldum (ULDUM),ULD_171,Totemic Surge,图腾潮涌,Spell resolution,GREEN,implemented,yes,"逐卡关键行为断言通过：only_friendly_totems_gain_two_attack: atk=(1, 1, 1)->(3, 1, 1);totems=(21, 21);spell=GRAVEYARD",card_mechanism.csv#ULD_171; generic-play-smoke:played; effect-evidence: reports/card_quality_full_2026-09-27/set_probe_ULDUM.csv#ULD_171::only_friendly_totems_gain_two_attack; per-card: reports/card_quality_full_2026-09-27/set_probe_ULDUM.csv#ULD_171::only_friendly_totems_gain_two_attack,聚合状态取该卡最差机制；普通烟测只证明可执行，不能单独构成 GREEN。 EN=Give your Totems +2 Attack.; ZH=使你的图腾获得+2攻击力。; source=fireplace/cards/uldum/shaman.py:50; existing_tests=none; prior=YELLOW:1 个机制缺少充分的核心效果验证；逐机制依据见 card_mechanism.csv。; prior_evidence=card_mechanism.csv#ULD_171; generic-play-smoke:played,Give your Totems +2 Attack.,使你的图腾获得+2攻击力。,fireplace/cards/uldum/shaman.py:50
17.6.0.53261,Saviors of Uldum (ULDUM),ULD_172,Plague of Murlocs,鱼人之灾祸,Random effects|Spell resolution|Transform,GREEN,implemented,yes,"逐卡关键行为断言通过：all_friendly_and_enemy_minions_become_murlocs: fields=[(14, 'PLAY', 'CFM_647'), (14, 'PLAY', 'EX1_507')];originals=('SETASIDE', 'SETASIDE');spell=GRAVEYARD",card_mechanism.csv#ULD_172; generic-play-smoke:played; effect-evidence: reports/card_quality_full_2026-09-27/set_probe_ULDUM.csv#ULD_172::all_friendly_and_enemy_minions_become_murlocs; per-card: reports/card_quality_full_2026-09-27/set_probe_ULDUM.csv#ULD_172::all_friendly_and_enemy_minions_become_murlocs,聚合状态取该卡最差机制；普通烟测只证明可执行，不能单独构成 GREEN。 EN=Transform all minions into random Murlocs.; ZH=随机将所有随从变形成为鱼人。; source=fireplace/cards/uldum/shaman.py:60; existing_tests=none; prior=YELLOW:3 个机制缺少充分的核心效果验证；逐机制依据见 card_mechanism.csv。; prior_evidence=card_mechanism.csv#ULD_172; generic-play-smoke:played,Transform all minions into random Murlocs.,随机将所有随从变形成为鱼人。,fireplace/cards/uldum/shaman.py:60
17.6.0.53261,Saviors of Uldum (ULDUM),ULD_173,Vessina,维西纳,Aura|Continuous effect / Update,GREEN,implemented,yes,"逐卡关键行为断言通过：overload_grants_other_friendly_minions_two_attack: overload_locked=1;active=(3, 2, 1);self=PLAY; no_overload_no_attack_aura: friend=1;self=2;overloaded=0",card_mechanism.csv#ULD_173; generic-play-smoke:played; effect-evidence: reports/card_quality_full_2026-09-27/set_probe_ULDUM.csv#ULD_173::overload_grants_other_friendly_minions_two_attack; reports/card_quality_full_2026-09-27/set_probe_ULDUM.csv#ULD_173::no_overload_no_attack_aura; per-card: reports/card_quality_full_2026-09-27/set_probe_ULDUM.csv#ULD_173::overload_grants_other_friendly_minions_two_attack; reports/card_quality_full_2026-09-27/set_probe_ULDUM.csv#ULD_173::no_overload_no_attack_aura,"聚合状态取该卡最差机制；普通烟测只证明可执行，不能单独构成 GREEN。 EN=While you're Overloaded, your other minions have +2 Attack.; ZH=当你过载时，你的所有其他随从获得+2攻击力。; source=fireplace/cards/uldum/shaman.py:32; existing_tests=none; prior=YELLOW:2 个机制缺少充分的核心效果验证；逐机制依据见 card_mechanism.csv。; prior_evidence=card_mechanism.csv#ULD_173; generic-play-smoke:played","While you're Overloaded, your other minions have +2 Attack.",当你过载时，你的所有其他随从获得+2攻击力。,fireplace/cards/uldum/shaman.py:32
17.6.0.53261,Saviors of Uldum (ULDUM),ULD_174,Serpent Egg,海蛇蛋,Deathrattle|Summon,GREEN,implemented,yes,"逐卡关键行为断言通过：death_summons_three_four_sea_serpent: egg=GRAVEYARD;serpents=[(3, 4, 'PLAY')]",card_mechanism.csv#ULD_174; generic-play-smoke:played; effect-evidence: reports/card_quality_full_2026-09-27/set_probe_ULDUM.csv#ULD_174::death_summons_three_four_sea_serpent; per-card: reports/card_quality_full_2026-09-27/set_probe_ULDUM.csv#ULD_174::death_summons_three_four_sea_serpent,聚合状态取该卡最差机制；普通烟测只证明可执行，不能单独构成 GREEN。 EN=Deathrattle: Summon a 3/4 Sea Serpent.; ZH=亡语：召唤一条3/4的海蛇。; source=fireplace/cards/uldum/neutral_common.py:8; existing_tests=none; prior=YELLOW:2 个机制缺少充分的核心效果验证；逐机制依据见 card_mechanism.csv。; prior_evidence=card_mechanism.csv#ULD_174; generic-play-smoke:played,Deathrattle: Summon a 3/4 Sea Serpent.,亡语：召唤一条3/4的海蛇。,fireplace/cards/uldum/neutral_common.py:8
17.6.0.53261,Saviors of Uldum (ULDUM),ULD_177,Octosari,八爪巨怪,Deathrattle|Draw / Discard,GREEN,implemented,yes,"逐卡关键行为断言通过：deathrattle_draws_eight_cards: body=GRAVEYARD;hand=8;deck=1;drawn=['DECK', 'HAND', 'HAND', 'HAND', 'HAND', 'HAND', 'HAND', 'HAND', 'HAND']",card_mechanism.csv#ULD_177; generic-play-smoke:played; effect-evidence: reports/card_quality_full_2026-09-27/set_probe_ULDUM.csv#ULD_177::deathrattle_draws_eight_cards; per-card: reports/card_quality_full_2026-09-27/set_probe_ULDUM.csv#ULD_177::deathrattle_draws_eight_cards,聚合状态取该卡最差机制；普通烟测只证明可执行，不能单独构成 GREEN。 EN=Deathrattle: Draw 8 cards.; ZH=亡语：抽八张牌。; source=fireplace/cards/uldum/neutral_legendary.py:8; existing_tests=none; prior=YELLOW:2 个机制缺少充分的核心效果验证；逐机制依据见 card_mechanism.csv。; prior_evidence=card_mechanism.csv#ULD_177; generic-play-smoke:played,Deathrattle: Draw 8 cards.,亡语：抽八张牌。,fireplace/cards/uldum/neutral_legendary.py:8
17.6.0.53261,Saviors of Uldum (ULDUM),ULD_178,Siamat,希亚玛特,Battlecry,GREEN,implemented,yes,"逐卡关键行为断言通过：choose_two_distinct_effects: offered1=['ULD_178a', 'ULD_178a2', 'ULD_178a3', 'ULD_178a4'];offered2=['ULD_178a', 'ULD_178a3', 'ULD_178a4'];shield=True;taunt=True;rush=False;windfury=False;choice=None; rush_windfury_allows_immediate_minion_attack: rush=True;windfury=True;can_attack=True;victim=5:GRAVEYARD;attacks=1",card_mechanism.csv#ULD_178; generic-play-smoke:played; effect-evidence: reports/card_quality_full_2026-09-27/set_probe_ULDUM.csv#ULD_178::choose_two_distinct_effects; reports/card_quality_full_2026-09-27/set_probe_ULDUM.csv#ULD_178::rush_windfury_allows_immediate_minion_attack; per-card: reports/card_quality_full_2026-09-27/set_probe_ULDUM.csv#ULD_178::choose_two_distinct_effects; reports/card_quality_full_2026-09-27/set_probe_ULDUM.csv#ULD_178::rush_windfury_allows_immediate_minion_attack,"聚合状态取该卡最差机制；普通烟测只证明可执行，不能单独构成 GREEN。 EN=[x]Battlecry: Gain 2 of Rush, Taunt, Divine Shield, or Windfury (your choice).; ZH=战吼：从突袭，嘲讽，圣盾或风怒中获得两种效果（由你选择）。; source=fireplace/cards/uldum/neutral_legendary.py:15; existing_tests=tests/test_controller.py:175:test_multiple_choice_refreshes_options_between_steps | tests/test_uldum.py:6:test_siamat; prior=YELLOW:1 个机制缺少充分的核心效果验证；逐机制依据见 card_mechanism.csv。; prior_evidence=card_mechanism.csv#ULD_178; generic-play-smoke:played","[x]Battlecry: Gain 2 of Rush, Taunt, Divine Shield, or Windfury (your choice).",战吼：从突袭，嘲讽，圣盾或风怒中获得两种效果（由你选择）。,fireplace/cards/uldum/neutral_legendary.py:15
17.6.0.53261,Saviors of Uldum (ULDUM),ULD_179,Phalanx Commander,方阵指挥官,Aura|Continuous effect / Update,GREEN,implemented,yes,"逐卡关键行为断言通过：friendly_taunt_aura_and_death_revert: atk=(1, 1, 1)->(3, 1, 1)->(1, 1, 1);taunt=1/1;body=GRAVEYARD",card_mechanism.csv#ULD_179; generic-play-smoke:played; effect-evidence: reports/card_quality_full_2026-09-27/set_probe_ULDUM.csv#ULD_179::friendly_taunt_aura_and_death_revert; per-card: reports/card_quality_full_2026-09-27/set_probe_ULDUM.csv#ULD_179::friendly_taunt_aura_and_death_revert,聚合状态取该卡最差机制；普通烟测只证明可执行，不能单独构成 GREEN。 EN=Your Taunt minions have +2 Attack.; ZH=你的嘲讽随从获得+2攻击力。; source=fireplace/cards/uldum/neutral_common.py:15; existing_tests=none; prior=YELLOW:2 个机制缺少充分的核心效果验证；逐机制依据见 card_mechanism.csv。; prior_evidence=card_mechanism.csv#ULD_179; generic-play-smoke:played,Your Taunt minions have +2 Attack.,你的嘲讽随从获得+2攻击力。,fireplace/cards/uldum/neutral_common.py:15
17.6.0.53261,Saviors of Uldum (ULDUM),ULD_180,Sunstruck Henchman,中暑的匪徒,Trigger,GREEN,implemented,yes,"逐卡关键行为断言通过：own_turn_start_coinflip_can_sleep_or_ready: sleeping=8;ready=8;seeds=[(180, 2, False, True), (181, 2, False, True), (182, 0, True, False), (183, 2, False, True), (184, 0, True, False), (185, 2, False, True), (186, 0, True, False), (187, 0, True, False), (188, 2, False, True), (189, 0, True, False), (190, 2, False, True), (191, 2, False, True), (192, 0, True, False), (193, 0, True, False), (194, 2, False, True), (195, 0, True, False)]",card_mechanism.csv#ULD_180; generic-play-smoke:played; effect-evidence: reports/card_quality_full_2026-09-27/set_probe_ULDUM.csv#ULD_180::own_turn_start_coinflip_can_sleep_or_ready; per-card: reports/card_quality_full_2026-09-27/set_probe_ULDUM.csv#ULD_180::own_turn_start_coinflip_can_sleep_or_ready,"聚合状态取该卡最差机制；普通烟测只证明可执行，不能单独构成 GREEN。 EN=At the start of your turn, this has a 50% chance to fall asleep.; ZH=在你的回合开始时，该随从有50%的几率陷入沉睡。; source=fireplace/cards/uldum/neutral_rare.py:15; existing_tests=none; prior=YELLOW:1 个机制缺少充分的核心效果验证；逐机制依据见 card_mechanism.csv。; prior_evidence=card_mechanism.csv#ULD_180; generic-play-smoke:played","At the start of your turn, this has a 50% chance to fall asleep.",在你的回合开始时，该随从有50%的几率陷入沉睡。,fireplace/cards/uldum/neutral_rare.py:15
17.6.0.53261,Saviors of Uldum (ULDUM),ULD_181,Earthquake,地震术,Spell resolution,GREEN,implemented,yes,逐卡关键行为断言通过：two_five_then_two_damage_sweeps_all_minions: shielded=3/5:shield=False:PLAY;sturdy=5/12:PLAY;fragile=GRAVEYARD;spell=GRAVEYARD,card_mechanism.csv#ULD_181; generic-play-smoke:played; effect-evidence: reports/card_quality_full_2026-09-27/set_probe_ULDUM.csv#ULD_181::two_five_then_two_damage_sweeps_all_minions; per-card: reports/card_quality_full_2026-09-27/set_probe_ULDUM.csv#ULD_181::two_five_then_two_damage_sweeps_all_minions,"聚合状态取该卡最差机制；普通烟测只证明可执行，不能单独构成 GREEN。 EN=Deal $5 damage to all minions, then deal $2 damage to all minions.; ZH=对所有随从造成$5点伤害，再对所有随从造成$2点伤害。; source=fireplace/cards/uldum/shaman.py:67; existing_tests=none; prior=YELLOW:1 个机制缺少充分的核心效果验证；逐机制依据见 card_mechanism.csv。; prior_evidence=card_mechanism.csv#ULD_181; generic-play-smoke:played","Deal $5 damage to all minions, then deal $2 damage to all minions.",对所有随从造成$5点伤害，再对所有随从造成$2点伤害。,fireplace/cards/uldum/shaman.py:67
17.6.0.53261,Saviors of Uldum (ULDUM),ULD_182,Spitting Camel,乱喷的骆驼,Random effects|Trigger,GREEN,implemented,yes,"逐卡关键行为断言通过：end_turn_hits_one_other_friendly_minion: health=(4, 5, 5, 5)->(4, 4, 5, 5);current=4",card_mechanism.csv#ULD_182; generic-play-smoke:played; effect-evidence: reports/card_quality_full_2026-09-27/set_probe_ULDUM.csv#ULD_182::end_turn_hits_one_other_friendly_minion; per-card: reports/card_quality_full_2026-09-27/set_probe_ULDUM.csv#ULD_182::end_turn_hits_one_other_friendly_minion,"聚合状态取该卡最差机制；普通烟测只证明可执行，不能单独构成 GREEN。 EN=[x]At the end of your turn,   deal 1 damage to another   random friendly minion.; ZH=在你的回合结束时，随机对另一个友方随从造成1点伤害。; source=fireplace/cards/uldum/neutral_common.py:22; existing_tests=none; prior=YELLOW:2 个机制缺少充分的核心效果验证；逐机制依据见 card_mechanism.csv。; prior_evidence=card_mechanism.csv#ULD_182; generic-play-smoke:played","[x]At the end of your turn,   deal 1 damage to another   random friendly minion.",在你的回合结束时，随机对另一个友方随从造成1点伤害。,fireplace/cards/uldum/neutral_common.py:22
17.6.0.53261,Saviors of Uldum (ULDUM),ULD_183,Anubisath Warbringer,阿努比萨斯战争使者,Deathrattle,GREEN,implemented,yes,"逐卡关键行为断言通过：deathrattle_buffs_all_hand_minions_not_spell: before=[('CS2_231', 1, 1), ('CS2_182', 4, 5), ('CS2_029', None, None)];after=[('CS2_231', 4, 4, 'HAND'), ('CS2_182', 7, 8, 'HAND'), ('CS2_029', None, None, 'HAND')];body=GRAVEYARD",card_mechanism.csv#ULD_183; generic-play-smoke:played; effect-evidence: reports/card_quality_full_2026-09-27/set_probe_ULDUM.csv#ULD_183::deathrattle_buffs_all_hand_minions_not_spell; per-card: reports/card_quality_full_2026-09-27/set_probe_ULDUM.csv#ULD_183::deathrattle_buffs_all_hand_minions_not_spell,聚合状态取该卡最差机制；普通烟测只证明可执行，不能单独构成 GREEN。 EN=Deathrattle: Give all minions in your hand +3/+3.; ZH=亡语：使你手牌中的所有随从牌获得+3/+3。; source=fireplace/cards/uldum/neutral_common.py:29; existing_tests=none; prior=YELLOW:1 个机制缺少充分的核心效果验证；逐机制依据见 card_mechanism.csv。; prior_evidence=card_mechanism.csv#ULD_183; generic-play-smoke:played,Deathrattle: Give all minions in your hand +3/+3.,亡语：使你手牌中的所有随从牌获得+3/+3。,fireplace/cards/uldum/neutral_common.py:29
17.6.0.53261,Saviors of Uldum (ULDUM),ULD_184,Kobold Sandtrooper,狗头人沙漠步兵,Deathrattle,GREEN,implemented,yes,逐卡关键行为断言通过：deathrattle_deals_three_to_enemy_hero: own=30->30;enemy=30->27;body=GRAVEYARD,card_mechanism.csv#ULD_184; generic-play-smoke:played; effect-evidence: reports/card_quality_full_2026-09-27/set_probe_ULDUM.csv#ULD_184::deathrattle_deals_three_to_enemy_hero; per-card: reports/card_quality_full_2026-09-27/set_probe_ULDUM.csv#ULD_184::deathrattle_deals_three_to_enemy_hero,聚合状态取该卡最差机制；普通烟测只证明可执行，不能单独构成 GREEN。 EN=Deathrattle: Deal 3 damage to the enemy hero.; ZH=亡语：对敌方英雄造成3点伤害。; source=fireplace/cards/uldum/neutral_common.py:39; existing_tests=none; prior=YELLOW:1 个机制缺少充分的核心效果验证；逐机制依据见 card_mechanism.csv。; prior_evidence=card_mechanism.csv#ULD_184; generic-play-smoke:played,Deathrattle: Deal 3 damage to the enemy hero.,亡语：对敌方英雄造成3点伤害。,fireplace/cards/uldum/neutral_common.py:39
17.6.0.53261,Saviors of Uldum (ULDUM),ULD_185,Temple Berserker,神殿狂战士,Reborn,GREEN,implemented,yes,"逐卡关键行为断言通过：reborn_and_enrage_attack_bonus: attack=1->3->1;reborn_flag=1;copies=[(3, 1, 2, False, 'PLAY')];old=GRAVEYARD",card_mechanism.csv#ULD_185; generic-play-smoke:played; effect-evidence: reports/card_quality_full_2026-09-27/set_probe_ULDUM.csv#ULD_185::reborn_and_enrage_attack_bonus; per-card: reports/card_quality_full_2026-09-27/set_probe_ULDUM.csv#ULD_185::reborn_and_enrage_attack_bonus,聚合状态取该卡最差机制；普通烟测只证明可执行，不能单独构成 GREEN。 EN=Reborn Has +2 Attack while damaged.; ZH=复生 受伤时具有+2 攻击力。; source=fireplace/cards/uldum/neutral_common.py:46; existing_tests=none; prior=YELLOW:1 个机制缺少充分的核心效果验证；逐机制依据见 card_mechanism.csv。; prior_evidence=card_mechanism.csv#ULD_185; generic-play-smoke:played,Reborn Has +2 Attack while damaged.,复生 受伤时具有+2 攻击力。,fireplace/cards/uldum/neutral_common.py:46
17.6.0.53261,Saviors of Uldum (ULDUM),ULD_186,Pharaoh Cat,法老御猫,Battlecry|Random effects,GREEN,implemented,yes,"逐卡关键行为断言通过：battlecry_gives_one_reborn_minion: hand=[('ULD_205', 4, 1, 'HAND')];body=PLAY",card_mechanism.csv#ULD_186; generic-play-smoke:played; effect-evidence: reports/card_quality_full_2026-09-27/set_probe_ULDUM.csv#ULD_186::battlecry_gives_one_reborn_minion; per-card: reports/card_quality_full_2026-09-27/set_probe_ULDUM.csv#ULD_186::battlecry_gives_one_reborn_minion,聚合状态取该卡最差机制；普通烟测只证明可执行，不能单独构成 GREEN。 EN=Battlecry: Add a random Reborn minion to your hand.; ZH=战吼： 随机将一张复生随从牌置入你的手牌。; source=fireplace/cards/uldum/rogue.py:8; existing_tests=none; prior=YELLOW:2 个机制缺少充分的核心效果验证；逐机制依据见 card_mechanism.csv。; prior_evidence=card_mechanism.csv#ULD_186; generic-play-smoke:played,Battlecry: Add a random Reborn minion to your hand.,战吼： 随机将一张复生随从牌置入你的手牌。,fireplace/cards/uldum/rogue.py:8
17.6.0.53261,Saviors of Uldum (ULDUM),ULD_188,Golden Scarab,金甲虫,Battlecry|Discover / Choice|Random effects,GREEN,implemented,yes,"逐卡关键行为断言通过：discover_three_four_cost_cards: offered=[('BT_850', 4, 4), ('GVG_096', 4, 4), ('GIL_809', 4, 4)];selected=('BT_850', 4, 'HAND');choice_closed=True",card_mechanism.csv#ULD_188; generic-play-smoke:played; effect-evidence: reports/card_quality_full_2026-09-27/set_probe_ULDUM.csv#ULD_188::discover_three_four_cost_cards; per-card: reports/card_quality_full_2026-09-27/set_probe_ULDUM.csv#ULD_188::discover_three_four_cost_cards,聚合状态取该卡最差机制；普通烟测只证明可执行，不能单独构成 GREEN。 EN=Battlecry: Discover a 4-Cost card.; ZH=战吼：发现一张 法力值消耗为（4）的卡牌。; source=fireplace/cards/uldum/neutral_common.py:56; existing_tests=none; prior=YELLOW:3 个机制缺少充分的核心效果验证；逐机制依据见 card_mechanism.csv。; prior_evidence=card_mechanism.csv#ULD_188; generic-play-smoke:played,Battlecry: Discover a 4-Cost card.,战吼：发现一张 法力值消耗为（4）的卡牌。,fireplace/cards/uldum/neutral_common.py:56
17.6.0.53261,Saviors of Uldum (ULDUM),ULD_189,Faceless Lurker,无面潜伏者,Battlecry|Taunt,GREEN,implemented,yes,逐卡关键行为断言通过：battlecry_doubles_health_and_taunt: health=3->6;max_health=6;taunt=1;zone=PLAY,card_mechanism.csv#ULD_189; generic-play-smoke:played; effect-evidence: reports/card_quality_full_2026-09-27/set_probe_ULDUM.csv#ULD_189::battlecry_doubles_health_and_taunt; per-card: reports/card_quality_full_2026-09-27/set_probe_ULDUM.csv#ULD_189::battlecry_doubles_health_and_taunt,聚合状态取该卡最差机制；普通烟测只证明可执行，不能单独构成 GREEN。 EN=Taunt Battlecry: Double this minion's Health.; ZH=嘲讽，战吼：将该随从的生命值翻倍。; source=fireplace/cards/uldum/neutral_common.py:63; existing_tests=none; prior=YELLOW:2 个机制缺少充分的核心效果验证；逐机制依据见 card_mechanism.csv。; prior_evidence=card_mechanism.csv#ULD_189; generic-play-smoke:played,Taunt Battlecry: Double this minion's Health.,嘲讽，战吼：将该随从的生命值翻倍。,fireplace/cards/uldum/neutral_common.py:63
17.6.0.53261,Saviors of Uldum (ULDUM),ULD_190,Pit Crocolisk,深坑鳄鱼,Battlecry|Targeting,GREEN,implemented,yes,逐卡关键行为断言通过：battlecry_deals_five_damage: victim=12->7/12:PLAY;enemy_hero=30->30;body=PLAY,card_mechanism.csv#ULD_190; generic-play-smoke:played; effect-evidence: reports/card_quality_full_2026-09-27/set_probe_ULDUM.csv#ULD_190::battlecry_deals_five_damage; per-card: reports/card_quality_full_2026-09-27/set_probe_ULDUM.csv#ULD_190::battlecry_deals_five_damage,聚合状态取该卡最差机制；普通烟测只证明可执行，不能单独构成 GREEN。 EN=Battlecry: Deal 5 damage.; ZH=战吼：造成5点伤害。; source=fireplace/cards/uldum/neutral_common.py:77; existing_tests=none; prior=YELLOW:2 个机制缺少充分的核心效果验证；逐机制依据见 card_mechanism.csv。; prior_evidence=card_mechanism.csv#ULD_190; generic-play-smoke:played,Battlecry: Deal 5 damage.,战吼：造成5点伤害。,fireplace/cards/uldum/neutral_common.py:77
17.6.0.53261,Saviors of Uldum (ULDUM),ULD_191,Beaming Sidekick,欢快的同伴,Battlecry|Targeting,GREEN,implemented,yes,逐卡关键行为断言通过：friendly_target_plus_two_health: target=1/3;enemy=1/1;body=PLAY,card_mechanism.csv#ULD_191; generic-play-smoke:played; effect-evidence: reports/card_quality_full_2026-09-27/set_probe_ULDUM.csv#ULD_191::friendly_target_plus_two_health; per-card: reports/card_quality_full_2026-09-27/set_probe_ULDUM.csv#ULD_191::friendly_target_plus_two_health,聚合状态取该卡最差机制；普通烟测只证明可执行，不能单独构成 GREEN。 EN=Battlecry: Give a friendly minion +2 Health.; ZH=战吼：使一个友方随从获得+2生命值。; source=fireplace/cards/uldum/neutral_common.py:87; existing_tests=none; prior=YELLOW:2 个机制缺少充分的核心效果验证；逐机制依据见 card_mechanism.csv。; prior_evidence=card_mechanism.csv#ULD_191; generic-play-smoke:played,Battlecry: Give a friendly minion +2 Health.,战吼：使一个友方随从获得+2生命值。,fireplace/cards/uldum/neutral_common.py:87
17.6.0.53261,Saviors of Uldum (ULDUM),ULD_193,Living Monument,活化纪念碑,Taunt,GREEN,implemented,yes,逐卡关键行为断言通过：taunt_blocks_hero_attack: taunt=1;hero_legal=False;monument_legal=True;body=PLAY,card_mechanism.csv#ULD_193; generic-play-smoke:played; effect-evidence: reports/card_quality_full_2026-09-27/set_probe_ULDUM.csv#ULD_193::taunt_blocks_hero_attack; per-card: reports/card_quality_full_2026-09-27/set_probe_ULDUM.csv#ULD_193::taunt_blocks_hero_attack,聚合状态取该卡最差机制；普通烟测只证明可执行，不能单独构成 GREEN。 EN=Taunt; ZH=嘲讽; source=; existing_tests=none; prior=YELLOW:1 个机制缺少充分的核心效果验证；逐机制依据见 card_mechanism.csv。; prior_evidence=card_mechanism.csv#ULD_193; generic-play-smoke:played,Taunt,嘲讽,
17.6.0.53261,Saviors of Uldum (ULDUM),ULD_194,Wasteland Scorpid,废土巨蝎,Poisonous,GREEN,implemented,yes,逐卡关键行为断言通过：poisonous_combat_kills_yeti: poison=1;ready=True;victim=GRAVEYARD;body=PLAY,card_mechanism.csv#ULD_194; generic-play-smoke:played; effect-evidence: reports/card_quality_full_2026-09-27/set_probe_ULDUM.csv#ULD_194::poisonous_combat_kills_yeti; per-card: reports/card_quality_full_2026-09-27/set_probe_ULDUM.csv#ULD_194::poisonous_combat_kills_yeti,聚合状态取该卡最差机制；普通烟测只证明可执行，不能单独构成 GREEN。 EN=Poisonous; ZH=剧毒; source=; existing_tests=none; prior=YELLOW:1 个机制缺少充分的核心效果验证；逐机制依据见 card_mechanism.csv。; prior_evidence=card_mechanism.csv#ULD_194; generic-play-smoke:played,Poisonous,剧毒,
17.6.0.53261,Saviors of Uldum (ULDUM),ULD_195,Frightened Flunky,惊恐的仆从,Battlecry|Discover / Choice|Random effects|Taunt,GREEN,implemented,yes,"逐卡关键行为断言通过：discover_three_taunt_minions: body_taunt=1;offered=[('CFM_652', 1), ('GIL_207', 1), ('FP1_009', 1)];chosen=('CFM_652', 'HAND');choice_closed=True",card_mechanism.csv#ULD_195; generic-play-smoke:played; effect-evidence: reports/card_quality_full_2026-09-27/set_probe_ULDUM.csv#ULD_195::discover_three_taunt_minions; per-card: reports/card_quality_full_2026-09-27/set_probe_ULDUM.csv#ULD_195::discover_three_taunt_minions,聚合状态取该卡最差机制；普通烟测只证明可执行，不能单独构成 GREEN。 EN=Taunt Battlecry: Discover a Taunt minion.; ZH=嘲讽，战吼： 发现一张具有嘲讽的随从牌。; source=fireplace/cards/uldum/warrior.py:8; existing_tests=none; prior=YELLOW:4 个机制缺少充分的核心效果验证；逐机制依据见 card_mechanism.csv。; prior_evidence=card_mechanism.csv#ULD_195; generic-play-smoke:played,Taunt Battlecry: Discover a Taunt minion.,嘲讽，战吼： 发现一张具有嘲讽的随从牌。,fireplace/cards/uldum/warrior.py:8
17.6.0.53261,Saviors of Uldum (ULDUM),ULD_196,Neferset Ritualist,尼斐塞特仪祭师,Battlecry,GREEN,implemented,yes,"逐卡关键行为断言通过：heal_both_adjacent_to_full: field=['CS2_182', 'ULD_196', 'CS2_182'];left=5/5;right=5/5;body=PLAY",card_mechanism.csv#ULD_196; generic-play-smoke:played; effect-evidence: reports/card_quality_full_2026-09-27/set_probe_ULDUM.csv#ULD_196::heal_both_adjacent_to_full; per-card: reports/card_quality_full_2026-09-27/set_probe_ULDUM.csv#ULD_196::heal_both_adjacent_to_full,聚合状态取该卡最差机制；普通烟测只证明可执行，不能单独构成 GREEN。 EN=Battlecry: Restore adjacent minions to full Health.; ZH=战吼：为相邻的随从恢复所有生命值。; source=fireplace/cards/uldum/neutral_rare.py:24; existing_tests=none; prior=YELLOW:1 个机制缺少充分的核心效果验证；逐机制依据见 card_mechanism.csv。; prior_evidence=card_mechanism.csv#ULD_196; generic-play-smoke:played,Battlecry: Restore adjacent minions to full Health.,战吼：为相邻的随从恢复所有生命值。,fireplace/cards/uldum/neutral_rare.py:24
17.6.0.53261,Saviors of Uldum (ULDUM),ULD_197,Quicksand Elemental,流沙元素,Battlecry,GREEN,implemented,yes,"逐卡关键行为断言通过：enemy_attack_minus_two_expires: during=(4, 2);after_end=(4, 4);body=PLAY",card_mechanism.csv#ULD_197; generic-play-smoke:played; effect-evidence: reports/card_quality_full_2026-09-27/set_probe_ULDUM.csv#ULD_197::enemy_attack_minus_two_expires; per-card: reports/card_quality_full_2026-09-27/set_probe_ULDUM.csv#ULD_197::enemy_attack_minus_two_expires,聚合状态取该卡最差机制；普通烟测只证明可执行，不能单独构成 GREEN。 EN=Battlecry: Give all enemy minions -2 Attack this turn.; ZH=战吼：在本回合中，使所有敌方随从获得-2攻击力。; source=fireplace/cards/uldum/neutral_rare.py:31; existing_tests=none; prior=YELLOW:1 个机制缺少充分的核心效果验证；逐机制依据见 card_mechanism.csv。; prior_evidence=card_mechanism.csv#ULD_197; generic-play-smoke:played,Battlecry: Give all enemy minions -2 Attack this turn.,战吼：在本回合中，使所有敌方随从获得-2攻击力。,fireplace/cards/uldum/neutral_rare.py:31
17.6.0.53261,Saviors of Uldum (ULDUM),ULD_198,Conjured Mirage,魔法幻象,Taunt|Trigger,GREEN,implemented,yes,逐卡关键行为断言通过：shuffles_into_deck_on_owner_turn_begin: start_taunt=1;body=DECK;in_deck=True;field=[],card_mechanism.csv#ULD_198; generic-play-smoke:played; effect-evidence: reports/card_quality_full_2026-09-27/set_probe_ULDUM.csv#ULD_198::shuffles_into_deck_on_owner_turn_begin; per-card: reports/card_quality_full_2026-09-27/set_probe_ULDUM.csv#ULD_198::shuffles_into_deck_on_owner_turn_begin,"聚合状态取该卡最差机制；普通烟测只证明可执行，不能单独构成 GREEN。 EN=Taunt At the start of your turn, shuffle this minion into your deck.; ZH=嘲讽 在你的回合开始时，将该随从洗入你的 牌库。; source=fireplace/cards/uldum/neutral_rare.py:41; existing_tests=none; prior=YELLOW:2 个机制缺少充分的核心效果验证；逐机制依据见 card_mechanism.csv。; prior_evidence=card_mechanism.csv#ULD_198; generic-play-smoke:played","Taunt At the start of your turn, shuffle this minion into your deck.",嘲讽 在你的回合开始时，将该随从洗入你的 牌库。,fireplace/cards/uldum/neutral_rare.py:41
17.6.0.53261,Saviors of Uldum (ULDUM),ULD_205,Candletaker,夺烛木乃伊,Reborn,GREEN,implemented,yes,当前列出的机制均有对应场景的效果断言；结论限于已识别标签与复现范围。,card_mechanism.csv#ULD_205; generic-play-smoke:played; effect-evidence: reports/card_quality_full_2026-09-27/later_stage_probes.csv#KEYWORD-04,聚合状态取该卡最差机制；普通烟测只证明可执行，不能单独构成 GREEN。,Reborn,复生,
17.6.0.53261,Saviors of Uldum (ULDUM),ULD_206,Restless Mummy,焦躁的木乃伊,Reborn|Rush,GREEN,implemented,yes,"逐卡关键行为断言通过：rush_targeting_and_one_health_reborn: rush=1;hero_legal=False;minion_legal=True;old=GRAVEYARD;reborn=[(1, False, 'PLAY')]",card_mechanism.csv#ULD_206; generic-play-smoke:played; effect-evidence: reports/card_quality_full_2026-09-27/set_probe_ULDUM.csv#ULD_206::rush_targeting_and_one_health_reborn; per-card: reports/card_quality_full_2026-09-27/set_probe_ULDUM.csv#ULD_206::rush_targeting_and_one_health_reborn,聚合状态取该卡最差机制；普通烟测只证明可执行，不能单独构成 GREEN。 EN=Rush Reborn; ZH=突袭，复生; source=; existing_tests=none; prior=YELLOW:2 个机制缺少充分的核心效果验证；逐机制依据见 card_mechanism.csv。; prior_evidence=card_mechanism.csv#ULD_206; generic-play-smoke:played,Rush Reborn,突袭，复生,
17.6.0.53261,Saviors of Uldum (ULDUM),ULD_207,Ancestral Guardian,先祖守护者,Lifesteal|Reborn,GREEN,implemented,yes,"逐卡关键行为断言通过：lifesteal_heals_on_attack_and_reborn_one_health: lifesteal=1;hero=20->24;victim=GRAVEYARD;old=GRAVEYARD;reborn=[(1, 'PLAY')]",card_mechanism.csv#ULD_207; generic-play-smoke:played; effect-evidence: reports/card_quality_full_2026-09-27/set_probe_ULDUM.csv#ULD_207::lifesteal_heals_on_attack_and_reborn_one_health; per-card: reports/card_quality_full_2026-09-27/set_probe_ULDUM.csv#ULD_207::lifesteal_heals_on_attack_and_reborn_one_health,聚合状态取该卡最差机制；普通烟测只证明可执行，不能单独构成 GREEN。 EN=Lifesteal Reborn; ZH=吸血，复生; source=; existing_tests=none; prior=YELLOW:2 个机制缺少充分的核心效果验证；逐机制依据见 card_mechanism.csv。; prior_evidence=card_mechanism.csv#ULD_207; generic-play-smoke:played,Lifesteal Reborn,吸血，复生,
17.6.0.53261,Saviors of Uldum (ULDUM),ULD_208,Khartut Defender,卡塔图防御者,Deathrattle|Reborn|Taunt,GREEN,implemented,yes,逐卡关键行为断言通过：deathrattle_twice_reborn_once: taunt=1;old=GRAVEYARD;reborn_count=1;reborn_initial_health=1;first=21;second=24;field=[],card_mechanism.csv#ULD_208; generic-play-smoke:played; effect-evidence: reports/card_quality_full_2026-09-27/set_probe_ULDUM.csv#ULD_208::deathrattle_twice_reborn_once; per-card: reports/card_quality_full_2026-09-27/set_probe_ULDUM.csv#ULD_208::deathrattle_twice_reborn_once,"聚合状态取该卡最差机制；普通烟测只证明可执行，不能单独构成 GREEN。 EN=[x]Taunt, Reborn Deathrattle: Restore #3 Health to your hero.; ZH=嘲讽，复生，亡语：为你的英雄恢复#3点生命值。; source=fireplace/cards/uldum/neutral_rare.py:48; existing_tests=tests/test_controller.py:239:test_observation_exposes_public_minion_statuses_on_both_boards | tests/test_controller.py:257:test_observation_exposes_public_minion_statuses_on_both_boards | tests/test_controller.py:258:test_observation_exposes_public_minion_statuses_on_both_boards; prior=YELLOW:3 个机制缺少充分的核心效果验证；逐机制依据见 card_mechanism.csv。; prior_evidence=card_mechanism.csv#ULD_208; generic-play-smoke:played","[x]Taunt, Reborn Deathrattle: Restore #3 Health to your hero.",嘲讽，复生，亡语：为你的英雄恢复#3点生命值。,fireplace/cards/uldum/neutral_rare.py:48
17.6.0.53261,Saviors of Uldum (ULDUM),ULD_209,Vulpera Scoundrel,狐人恶棍,Battlecry|Discover / Choice|Random effects|Targeting,GREEN,implemented,yes,"逐卡关键行为断言通过：choose_visible_spell: mystery=False;offered=[('BT_021', 5), ('EX1_289', 5), ('EX1_275', 5), ('ULD_209t', 5)];hand=[('BT_021', 5, 'HAND')];choice_closed=True; choose_mystery_spell: mystery=True;offered=[('BT_021', 5), ('EX1_289', 5), ('EX1_275', 5), ('ULD_209t', 5)];hand=[('DAL_377', 5, 'HAND')];choice_closed=True",card_mechanism.csv#ULD_209; generic-play-smoke:played; effect-evidence: reports/card_quality_full_2026-09-27/set_probe_ULDUM.csv#ULD_209::choose_visible_spell; reports/card_quality_full_2026-09-27/set_probe_ULDUM.csv#ULD_209::choose_mystery_spell; per-card: reports/card_quality_full_2026-09-27/set_probe_ULDUM.csv#ULD_209::choose_visible_spell; reports/card_quality_full_2026-09-27/set_probe_ULDUM.csv#ULD_209::choose_mystery_spell,聚合状态取该卡最差机制；普通烟测只证明可执行，不能单独构成 GREEN。 EN=Battlecry: Discover a spell or pick a mystery choice.; ZH=战吼：发现一张法术牌或选择一个 神秘选项。; source=fireplace/cards/uldum/neutral_epic.py:8; existing_tests=tests/test_uldum.py:17:test_vulpera_scoundrel; prior=YELLOW:4 个机制缺少充分的核心效果验证；逐机制依据见 card_mechanism.csv。; prior_evidence=card_mechanism.csv#ULD_209; generic-play-smoke:played,Battlecry: Discover a spell or pick a mystery choice.,战吼：发现一张法术牌或选择一个 神秘选项。,fireplace/cards/uldum/neutral_epic.py:8
17.6.0.53261,Saviors of Uldum (ULDUM),ULD_212,Wild Bloodstinger,刺血狂蝎,Battlecry|Summon,GREEN,implemented,yes,逐卡关键行为断言通过：surviving_hand_target_summoned_and_attacked: victim=PLAY:4;enemy_field=['ULD_193'];bloodstinger=9:GRAVEYARD;enemy_hand=[]; lethal_hand_target_dies: victim=GRAVEYARD;enemy_hand=[];enemy_field=[];body_health=5,card_mechanism.csv#ULD_212; generic-play-smoke:played; effect-evidence: reports/card_quality_full_2026-09-27/set_probe_ULDUM.csv#ULD_212::surviving_hand_target_summoned_and_attacked; reports/card_quality_full_2026-09-27/set_probe_ULDUM.csv#ULD_212::lethal_hand_target_dies; per-card: reports/card_quality_full_2026-09-27/set_probe_ULDUM.csv#ULD_212::surviving_hand_target_summoned_and_attacked; reports/card_quality_full_2026-09-27/set_probe_ULDUM.csv#ULD_212::lethal_hand_target_dies,聚合状态取该卡最差机制；普通烟测只证明可执行，不能单独构成 GREEN。 EN=Battlecry: Summon a minion from your opponent's hand. Attack it.; ZH=战吼：从你对手的手牌中召唤一个随从。攻击该随从。; source=fireplace/cards/uldum/hunter.py:31; existing_tests=none; prior=YELLOW:2 个机制缺少充分的核心效果验证；逐机制依据见 card_mechanism.csv。; prior_evidence=card_mechanism.csv#ULD_212; generic-play-smoke:played,Battlecry: Summon a minion from your opponent's hand. Attack it.,战吼：从你对手的手牌中召唤一个随从。攻击该随从。,fireplace/cards/uldum/hunter.py:31
17.6.0.53261,Saviors of Uldum (ULDUM),ULD_214,Generous Mummy,慷慨的木乃伊,Aura|Continuous effect / Update|Cost modification|Reborn,GREEN,implemented,yes,逐卡关键行为断言通过：enemy_cards_one_cheaper_during_both_lives: cost=4->3->3->4;reborn_count=1;body=GRAVEYARD,card_mechanism.csv#ULD_214; generic-play-smoke:played; effect-evidence: reports/card_quality_full_2026-09-27/set_probe_ULDUM.csv#ULD_214::enemy_cards_one_cheaper_during_both_lives; per-card: reports/card_quality_full_2026-09-27/set_probe_ULDUM.csv#ULD_214::enemy_cards_one_cheaper_during_both_lives,聚合状态取该卡最差机制；普通烟测只证明可执行，不能单独构成 GREEN。 EN=Reborn Your opponent's cards cost (1) less.; ZH=复生 你对手的卡牌法力值消耗减少（1）点。; source=fireplace/cards/uldum/neutral_rare.py:55; existing_tests=none; prior=YELLOW:4 个机制缺少充分的核心效果验证；逐机制依据见 card_mechanism.csv。; prior_evidence=card_mechanism.csv#ULD_214; generic-play-smoke:played,Reborn Your opponent's cards cost (1) less.,复生 你对手的卡牌法力值消耗减少（1）点。,fireplace/cards/uldum/neutral_rare.py:55
17.6.0.53261,Saviors of Uldum (ULDUM),ULD_215,Wrapped Golem,被缚的魔像,Reborn|Summon|Trigger,GREEN,implemented,yes,"逐卡关键行为断言通过：end_turn_scarab_and_reborn: scarabs=[(1, 1, 1, 'PLAY')];old=GRAVEYARD;reborn=[(1, 'PLAY')]",card_mechanism.csv#ULD_215; generic-play-smoke:played; effect-evidence: reports/card_quality_full_2026-09-27/set_probe_ULDUM.csv#ULD_215::end_turn_scarab_and_reborn; per-card: reports/card_quality_full_2026-09-27/set_probe_ULDUM.csv#ULD_215::end_turn_scarab_and_reborn,"聚合状态取该卡最差机制；普通烟测只证明可执行，不能单独构成 GREEN。 EN=[x]Reborn At the end of your turn, summon a 1/1 Scarab with Taunt.; ZH=复生 在你的回合结束时，召唤一只1/1并具有嘲讽的甲虫。; source=fireplace/cards/uldum/neutral_rare.py:62; existing_tests=none; prior=YELLOW:3 个机制缺少充分的核心效果验证；逐机制依据见 card_mechanism.csv。; prior_evidence=card_mechanism.csv#ULD_215; generic-play-smoke:played","[x]Reborn At the end of your turn, summon a 1/1 Scarab with Taunt.",复生 在你的回合结束时，召唤一只1/1并具有嘲讽的甲虫。,fireplace/cards/uldum/neutral_rare.py:62
17.6.0.53261,Saviors of Uldum (ULDUM),ULD_216,Puzzle Box of Yogg-Saron,尤格-萨隆的谜之匣,Random effects|Spell resolution,GREEN,implemented,yes,"逐卡关键行为断言通过：ten_actual_random_spells_resolve: casts=['BT_205', 'EX1_360', 'EX1_332', 'DAL_727', 'AT_068', 'EX1_184', 'EX1_126', 'GIL_553', 'UNG_917', 'CS2_076'];count=10;spell=GRAVEYARD;choice=None;heroes=27/30",card_mechanism.csv#ULD_216; generic-play-smoke:played; effect-evidence: reports/card_quality_full_2026-09-27/set_probe_ULDUM.csv#ULD_216::ten_actual_random_spells_resolve; per-card: reports/card_quality_full_2026-09-27/set_probe_ULDUM.csv#ULD_216::ten_actual_random_spells_resolve,聚合状态取该卡最差机制；普通烟测只证明可执行，不能单独构成 GREEN。 EN=Cast 10 random spells (targets chosen randomly).; ZH=随机施放10个法术（目标随机而定）。; source=fireplace/cards/uldum/mage.py:69; existing_tests=none; prior=YELLOW:2 个机制缺少充分的核心效果验证；逐机制依据见 card_mechanism.csv。; prior_evidence=card_mechanism.csv#ULD_216; generic-play-smoke:played,Cast 10 random spells (targets chosen randomly).,随机施放10个法术（目标随机而定）。,fireplace/cards/uldum/mage.py:69
17.6.0.53261,Saviors of Uldum (ULDUM),ULD_217,Micro Mummy,微型木乃伊,Random effects|Reborn|Trigger,GREEN,implemented,yes,"逐卡关键行为断言通过：end_turn_buffs_other_then_reborn: other_attack=2;body=GRAVEYARD;reborn=[(1, 1, 'PLAY')]",card_mechanism.csv#ULD_217; generic-play-smoke:played; effect-evidence: reports/card_quality_full_2026-09-27/set_probe_ULDUM.csv#ULD_217::end_turn_buffs_other_then_reborn; per-card: reports/card_quality_full_2026-09-27/set_probe_ULDUM.csv#ULD_217::end_turn_buffs_other_then_reborn,"聚合状态取该卡最差机制；普通烟测只证明可执行，不能单独构成 GREEN。 EN=[x]Reborn At the end of your turn, give another random friendly minion +1 Attack.; ZH=复生 在你的回合结束时，随机使另一个友方随从获得+1攻击力。; source=fireplace/cards/uldum/paladin.py:18; existing_tests=none; prior=YELLOW:3 个机制缺少充分的核心效果验证；逐机制依据见 card_mechanism.csv。; prior_evidence=card_mechanism.csv#ULD_217; generic-play-smoke:played","[x]Reborn At the end of your turn, give another random friendly minion +1 Attack.",复生 在你的回合结束时，随机使另一个友方随从获得+1攻击力。,fireplace/cards/uldum/paladin.py:18
17.6.0.53261,Saviors of Uldum (ULDUM),ULD_229,Mischief Maker,捣蛋鬼,Battlecry,GREEN,implemented,yes,"逐卡关键行为断言通过：only_top_cards_swap_between_decks: before=('CS2_182', 'NEW1_023');after=('NEW1_023', 'CS2_182');own_bottom=DECK;enemy_bottom=DECK;body=PLAY",card_mechanism.csv#ULD_229; generic-play-smoke:played; effect-evidence: reports/card_quality_full_2026-09-27/set_probe_ULDUM.csv#ULD_229::only_top_cards_swap_between_decks; per-card: reports/card_quality_full_2026-09-27/set_probe_ULDUM.csv#ULD_229::only_top_cards_swap_between_decks,聚合状态取该卡最差机制；普通烟测只证明可执行，不能单独构成 GREEN。 EN=Battlecry: Swap the top card of your deck with your opponent's.; ZH=战吼：交换你和对手的牌库顶的一张牌。; source=fireplace/cards/uldum/neutral_epic.py:29; existing_tests=tests/test_uldum.py:76:test_mischief_maker; prior=YELLOW:1 个机制缺少充分的核心效果验证；逐机制依据见 card_mechanism.csv。; prior_evidence=card_mechanism.csv#ULD_229; generic-play-smoke:played,Battlecry: Swap the top card of your deck with your opponent's.,战吼：交换你和对手的牌库顶的一张牌。,fireplace/cards/uldum/neutral_epic.py:29
17.6.0.53261,Saviors of Uldum (ULDUM),ULD_231,Whirlkick Master,连环腿大师,Random effects|Trigger,GREEN,implemented,yes,"逐卡关键行为断言通过：playing_combo_generates_combo_card: victim_health=3;generated=[('CFM_690', 1, 'HAND')];combo=PLAY;master=PLAY; ordinary_minion_no_card: hand=[];master=PLAY",card_mechanism.csv#ULD_231; generic-play-smoke:played; effect-evidence: reports/card_quality_full_2026-09-27/set_probe_ULDUM.csv#ULD_231::playing_combo_generates_combo_card; reports/card_quality_full_2026-09-27/set_probe_ULDUM.csv#ULD_231::ordinary_minion_no_card; per-card: reports/card_quality_full_2026-09-27/set_probe_ULDUM.csv#ULD_231::playing_combo_generates_combo_card; reports/card_quality_full_2026-09-27/set_probe_ULDUM.csv#ULD_231::ordinary_minion_no_card,"聚合状态取该卡最差机制；普通烟测只证明可执行，不能单独构成 GREEN。 EN=Whenever you play a Combo card, add a random Combo card to your hand.; ZH=每当你使用一张连击牌时，随机将一张连击牌置入你的手牌。; source=fireplace/cards/uldum/rogue.py:15; existing_tests=none; prior=YELLOW:2 个机制缺少充分的核心效果验证；逐机制依据见 card_mechanism.csv。; prior_evidence=card_mechanism.csv#ULD_231; generic-play-smoke:played","Whenever you play a Combo card, add a random Combo card to your hand.",每当你使用一张连击牌时，随机将一张连击牌置入你的手牌。,fireplace/cards/uldum/rogue.py:15
17.6.0.53261,Saviors of Uldum (ULDUM),ULD_236,Tortollan Pilgrim,始祖龟朝圣者,Battlecry|Discover / Choice|Random effects,GREEN,implemented,yes,"逐卡关键行为断言通过：discover_copy_and_cast_consecration: offered=[('CS2_093', 'REMOVEDFROMGAME')];chosen=('CS2_093', 'REMOVEDFROMGAME');deck_original=DECK;enemy_health=28;body=PLAY;choice_closed=True",card_mechanism.csv#ULD_236; generic-play-smoke:played; effect-evidence: reports/card_quality_full_2026-09-27/set_probe_ULDUM.csv#ULD_236::discover_copy_and_cast_consecration; per-card: reports/card_quality_full_2026-09-27/set_probe_ULDUM.csv#ULD_236::discover_copy_and_cast_consecration,聚合状态取该卡最差机制；普通烟测只证明可执行，不能单独构成 GREEN。 EN=[x]Battlecry: Discover a copy of a spell in your deck and cast it with random targets.; ZH=战吼：从你的牌库中发现一张法术牌的复制，并对随机目标 施放。; source=fireplace/cards/uldum/mage.py:8; existing_tests=none; prior=YELLOW:3 个机制缺少充分的核心效果验证；逐机制依据见 card_mechanism.csv。; prior_evidence=card_mechanism.csv#ULD_236; generic-play-smoke:played,[x]Battlecry: Discover a copy of a spell in your deck and cast it with random targets.,战吼：从你的牌库中发现一张法术牌的复制，并对随机目标 施放。,fireplace/cards/uldum/mage.py:8
17.6.0.53261,Saviors of Uldum (ULDUM),ULD_238,Reno the Relicologist,考古专家雷诺,Battlecry|Random effects,GREEN,implemented,yes,逐卡实测：无重复牌且无敌方随从时不伤害英雄；有敌方随从时十点伤害仅命中随从；牌库有重复牌时不造成伤害。,tests/test_uldum_red_fixes.py::test_reno_relicologist_hits_enemy_minions_only,原始结论保留于known_issues_archive_2026-09-29/。 随机目标限定敌方随从。,"Battlecry: If your deck has no duplicates, deal 10 damage randomly split among all enemy minions.",战吼：如果你的牌库里没有相同的牌，则造成10点伤害，随机分配到所有敌方随从身上。,fireplace/cards/uldum/mage.py:18
17.6.0.53261,Saviors of Uldum (ULDUM),ULD_239,Flame Ward,火焰结界,Secret|Spell resolution|Trigger,GREEN,implemented,yes,逐卡实测：敌方随从攻击己方英雄后奥秘揭示并对敌方随从造成三点伤害。,tests/test_uldum_red_fixes.py::test_flame_ward_reveals_after_enemy_minion_attacks_owner_hero,原始结论保留于known_issues_archive_2026-09-29/。 补奥秘揭示与伤害顺序。,"Secret: After a minion attacks your hero, deal $3 damage to all enemy minions.",奥秘：在一个随从攻击你的英雄后，对所有敌方随从造成$3点伤害。,fireplace/cards/uldum/mage.py:76
17.6.0.53261,Saviors of Uldum (ULDUM),ULD_240,Arcane Flakmage,对空奥术法师,Trigger,GREEN,implemented,yes,"逐卡关键行为断言通过：playing_secret_deals_two_to_enemy_minions: foes=[3, 3];friend=5;enemy_hero=30;secret=SECRET;body=PLAY",card_mechanism.csv#ULD_240; generic-play-smoke:played; effect-evidence: reports/card_quality_full_2026-09-27/set_probe_ULDUM.csv#ULD_240::playing_secret_deals_two_to_enemy_minions; per-card: reports/card_quality_full_2026-09-27/set_probe_ULDUM.csv#ULD_240::playing_secret_deals_two_to_enemy_minions,"聚合状态取该卡最差机制；普通烟测只证明可执行，不能单独构成 GREEN。 EN=After you play a Secret, deal 2 damage to all enemy minions.; ZH=在你使用一张奥秘牌后，对所有敌方随从造成2点伤害。; source=fireplace/cards/uldum/mage.py:27; existing_tests=none; prior=YELLOW:1 个机制缺少充分的核心效果验证；逐机制依据见 card_mechanism.csv。; prior_evidence=card_mechanism.csv#ULD_240; generic-play-smoke:played","After you play a Secret, deal 2 damage to all enemy minions.",在你使用一张奥秘牌后，对所有敌方随从造成2点伤害。,fireplace/cards/uldum/mage.py:27
17.6.0.53261,Saviors of Uldum (ULDUM),ULD_250,Infested Goblin,招虫的地精,Deathrattle|Taunt,GREEN,implemented,yes,"逐卡关键行为断言通过：death_adds_two_taunt_scarabs: taunt=1;body=GRAVEYARD;scarabs=[(1, 1, 1, 'HAND'), (1, 1, 1, 'HAND')]",card_mechanism.csv#ULD_250; generic-play-smoke:played; effect-evidence: reports/card_quality_full_2026-09-27/set_probe_ULDUM.csv#ULD_250::death_adds_two_taunt_scarabs; per-card: reports/card_quality_full_2026-09-27/set_probe_ULDUM.csv#ULD_250::death_adds_two_taunt_scarabs,聚合状态取该卡最差机制；普通烟测只证明可执行，不能单独构成 GREEN。 EN=Taunt Deathrattle: Add two 1/1 Scarabs with Taunt to your hand.; ZH=嘲讽，亡语：将两张1/1并具有嘲讽的“甲虫”置入你的手牌。; source=fireplace/cards/uldum/neutral_rare.py:69; existing_tests=none; prior=YELLOW:2 个机制缺少充分的核心效果验证；逐机制依据见 card_mechanism.csv。; prior_evidence=card_mechanism.csv#ULD_250; generic-play-smoke:played,Taunt Deathrattle: Add two 1/1 Scarabs with Taunt to your hand.,嘲讽，亡语：将两张1/1并具有嘲讽的“甲虫”置入你的手牌。,fireplace/cards/uldum/neutral_rare.py:69
17.6.0.53261,Saviors of Uldum (ULDUM),ULD_253,Tomb Warden,陵墓守望者,Battlecry|Summon|Taunt,GREEN,implemented,yes,"逐卡关键行为断言通过：battlecry_one_same_taunt_copy: copies=[(3, 6, 1, 'PLAY'), (3, 6, 1, 'PLAY')];original=PLAY",card_mechanism.csv#ULD_253; generic-play-smoke:played; effect-evidence: reports/card_quality_full_2026-09-27/set_probe_ULDUM.csv#ULD_253::battlecry_one_same_taunt_copy; per-card: reports/card_quality_full_2026-09-27/set_probe_ULDUM.csv#ULD_253::battlecry_one_same_taunt_copy,聚合状态取该卡最差机制；普通烟测只证明可执行，不能单独构成 GREEN。 EN=Taunt Battlecry: Summon a copy of this minion.; ZH=嘲讽 战吼：召唤一个该随从的复制。; source=fireplace/cards/uldum/warrior.py:15; existing_tests=none; prior=YELLOW:3 个机制缺少充分的核心效果验证；逐机制依据见 card_mechanism.csv。; prior_evidence=card_mechanism.csv#ULD_253; generic-play-smoke:played,Taunt Battlecry: Summon a copy of this minion.,嘲讽 战吼：召唤一个该随从的复制。,fireplace/cards/uldum/warrior.py:15
17.6.0.53261,Saviors of Uldum (ULDUM),ULD_256,Into the Fray,投入战斗,Spell resolution,GREEN,implemented,yes,"逐卡关键行为断言通过：all_hand_taunt_plus_two_two: before=[(1, 2), (10, 10)];after=[(3, 4), (12, 12)];plain=1/1;spell=GRAVEYARD",card_mechanism.csv#ULD_256; generic-play-smoke:played; effect-evidence: reports/card_quality_full_2026-09-27/set_probe_ULDUM.csv#ULD_256::all_hand_taunt_plus_two_two; per-card: reports/card_quality_full_2026-09-27/set_probe_ULDUM.csv#ULD_256::all_hand_taunt_plus_two_two,聚合状态取该卡最差机制；普通烟测只证明可执行，不能单独构成 GREEN。 EN=Give all Taunt minions in your hand +2/+2.; ZH=使你手牌中的所有嘲讽随从牌获得+2/+2。; source=fireplace/cards/uldum/warrior.py:57; existing_tests=none; prior=YELLOW:1 个机制缺少充分的核心效果验证；逐机制依据见 card_mechanism.csv。; prior_evidence=card_mechanism.csv#ULD_256; generic-play-smoke:played,Give all Taunt minions in your hand +2/+2.,使你手牌中的所有嘲讽随从牌获得+2/+2。,fireplace/cards/uldum/warrior.py:57
17.6.0.53261,Saviors of Uldum (ULDUM),ULD_258,Armagedillo,硕铠鼠,Taunt|Trigger,GREEN,implemented,yes,"逐卡关键行为断言通过：owner_end_turn_buffs_taunt_hand: before=[(1, 2), (10, 10)];after=[(3, 4), (12, 12)];plain=1/1;body_taunt=1",card_mechanism.csv#ULD_258; generic-play-smoke:played; effect-evidence: reports/card_quality_full_2026-09-27/set_probe_ULDUM.csv#ULD_258::owner_end_turn_buffs_taunt_hand; per-card: reports/card_quality_full_2026-09-27/set_probe_ULDUM.csv#ULD_258::owner_end_turn_buffs_taunt_hand,"聚合状态取该卡最差机制；普通烟测只证明可执行，不能单独构成 GREEN。 EN=[x]Taunt At the end of your turn, give all Taunt minions in your hand +2/+2.; ZH=嘲讽 在你的回合结束时，使你手牌中所有嘲讽随从牌获得+2/+2。; source=fireplace/cards/uldum/warrior.py:22; existing_tests=none; prior=YELLOW:2 个机制缺少充分的核心效果验证；逐机制依据见 card_mechanism.csv。; prior_evidence=card_mechanism.csv#ULD_258; generic-play-smoke:played","[x]Taunt At the end of your turn, give all Taunt minions in your hand +2/+2.",嘲讽 在你的回合结束时，使你手牌中所有嘲讽随从牌获得+2/+2。,fireplace/cards/uldum/warrior.py:22
17.6.0.53261,Saviors of Uldum (ULDUM),ULD_262,High Priest Amet,高阶祭司阿门特,Summon|Trigger,GREEN,implemented,yes,逐卡关键行为断言通过：new_minion_health_equals_current_amet: amet=5/7;first=7/7;second=5/5;first_at_summon=7,card_mechanism.csv#ULD_262; generic-play-smoke:played; effect-evidence: reports/card_quality_full_2026-09-27/set_probe_ULDUM.csv#ULD_262::new_minion_health_equals_current_amet; per-card: reports/card_quality_full_2026-09-27/set_probe_ULDUM.csv#ULD_262::new_minion_health_equals_current_amet,"聚合状态取该卡最差机制；普通烟测只证明可执行，不能单独构成 GREEN。 EN=[x]Whenever you summon a minion, set its Health equal to this minion's.; ZH=每当你召唤一个随从，将其生命值设置为与本随从相同。; source=fireplace/cards/uldum/priest.py:8; existing_tests=none; prior=YELLOW:2 个机制缺少充分的核心效果验证；逐机制依据见 card_mechanism.csv。; prior_evidence=card_mechanism.csv#ULD_262; generic-play-smoke:played","[x]Whenever you summon a minion, set its Health equal to this minion's.",每当你召唤一个随从，将其生命值设置为与本随从相同。,fireplace/cards/uldum/priest.py:8
17.6.0.53261,Saviors of Uldum (ULDUM),ULD_265,Embalming Ritual,防腐仪式,Spell resolution|Targeting,GREEN,implemented,yes,"逐卡关键行为断言通过：grant_reborn_then_one_resummon: tag=True;old=GRAVEYARD;revived=[(1, False, 'PLAY')];spell=GRAVEYARD",card_mechanism.csv#ULD_265; generic-play-smoke:played; effect-evidence: reports/card_quality_full_2026-09-27/set_probe_ULDUM.csv#ULD_265::grant_reborn_then_one_resummon; per-card: reports/card_quality_full_2026-09-27/set_probe_ULDUM.csv#ULD_265::grant_reborn_then_one_resummon,聚合状态取该卡最差机制；普通烟测只证明可执行，不能单独构成 GREEN。 EN=Give a minion Reborn.; ZH=使一个随从获得复生。; source=fireplace/cards/uldum/priest.py:63; existing_tests=none; prior=YELLOW:2 个机制缺少充分的核心效果验证；逐机制依据见 card_mechanism.csv。; prior_evidence=card_mechanism.csv#ULD_265; generic-play-smoke:played,Give a minion Reborn.,使一个随从获得复生。,fireplace/cards/uldum/priest.py:63
17.6.0.53261,Saviors of Uldum (ULDUM),ULD_266,Grandmummy,木奶伊,Deathrattle|Random effects|Reborn,GREEN,implemented,yes,同批死亡和随机增益正确；仅复生一只1/1副本，复生标记消耗后再次死亡不复生。,tests/test_retest_death_batch.py::test_same_batch_deathrattle_affects_eligible_survivors_only[ULD_266-random_plus_one_reborn]; tests/test_retest_death_batch.py::test_random_deathrattle_selects_only_eligible_friendly_targets[ULD_266]; tests/test_retest_death_batch.py::test_uld_266_reborn_tag_is_consumed_after_one_return,本次代码重测；修复前颜色和原始失败证据见 known_issues_archive_2026-09-29/card_quality_full_2026-09-27/。 当前代码逐卡行为重测通过。,[x]Reborn  Deathrattle: Give a random friendly minion +1/+1.,复生，亡语：随机使一个友方随从获得+1/+1。,fireplace/cards/uldum/priest.py:19
17.6.0.53261,Saviors of Uldum (ULDUM),ULD_268,Psychopomp,接引冥神,Battlecry|Random effects|Summon,GREEN,implemented,yes,"逐卡关键行为断言通过：revives_only_dead_friendly_with_reborn: dead_original=GRAVEYARD;returned=[(1, 1, True, 'PLAY')];body=PLAY",card_mechanism.csv#ULD_268; generic-play-smoke:played; effect-evidence: reports/card_quality_full_2026-09-27/set_probe_ULDUM.csv#ULD_268::revives_only_dead_friendly_with_reborn; per-card: reports/card_quality_full_2026-09-27/set_probe_ULDUM.csv#ULD_268::revives_only_dead_friendly_with_reborn,聚合状态取该卡最差机制；普通烟测只证明可执行，不能单独构成 GREEN。 EN=[x]Battlecry: Summon a random friendly minion that died this game. Give it Reborn.; ZH=战吼：随机召唤一个在本局对战中死亡的友方随从。使其获得 复生。; source=fireplace/cards/uldum/priest.py:29; existing_tests=none; prior=YELLOW:3 个机制缺少充分的核心效果验证；逐机制依据见 card_mechanism.csv。; prior_evidence=card_mechanism.csv#ULD_268; generic-play-smoke:played,[x]Battlecry: Summon a random friendly minion that died this game. Give it Reborn.,战吼：随机召唤一个在本局对战中死亡的友方随从。使其获得 复生。,fireplace/cards/uldum/priest.py:29
17.6.0.53261,Saviors of Uldum (ULDUM),ULD_269,Wretched Reclaimer,卑劣的回收者,Battlecry|Summon|Targeting,GREEN,implemented,yes,"逐卡关键行为断言通过：destroy_damaged_friendly_and_revive_full: original=GRAVEYARD;returned=[(5, 5, 'PLAY')];body=PLAY",card_mechanism.csv#ULD_269; generic-play-smoke:played; effect-evidence: reports/card_quality_full_2026-09-27/set_probe_ULDUM.csv#ULD_269::destroy_damaged_friendly_and_revive_full; per-card: reports/card_quality_full_2026-09-27/set_probe_ULDUM.csv#ULD_269::destroy_damaged_friendly_and_revive_full,"聚合状态取该卡最差机制；普通烟测只证明可执行，不能单独构成 GREEN。 EN=[x]Battlecry: Destroy a friendly minion, then return it to life with full Health.; ZH=战吼：消灭一个友方随从，然后将其复活，并具有所有生命值。; source=fireplace/cards/uldum/priest.py:39; existing_tests=none; prior=YELLOW:3 个机制缺少充分的核心效果验证；逐机制依据见 card_mechanism.csv。; prior_evidence=card_mechanism.csv#ULD_269; generic-play-smoke:played","[x]Battlecry: Destroy a friendly minion, then return it to life with full Health.",战吼：消灭一个友方随从，然后将其复活，并具有所有生命值。,fireplace/cards/uldum/priest.py:39
17.6.0.53261,Saviors of Uldum (ULDUM),ULD_270,Sandhoof Waterbearer,沙蹄搬水工,Trigger,GREEN,implemented,yes,逐卡关键行为断言通过：end_turn_heals_damaged_friendly_five: own_health=27;enemy_health=22;body=PLAY,card_mechanism.csv#ULD_270; generic-play-smoke:played; effect-evidence: reports/card_quality_full_2026-09-27/set_probe_ULDUM.csv#ULD_270::end_turn_heals_damaged_friendly_five; per-card: reports/card_quality_full_2026-09-27/set_probe_ULDUM.csv#ULD_270::end_turn_heals_damaged_friendly_five,"聚合状态取该卡最差机制；普通烟测只证明可执行，不能单独构成 GREEN。 EN=At the end of your turn, restore #5 Health to a damaged friendly character.; ZH=在你的回合结束时，为一个受伤的友方角色恢复#5点生命值。; source=fireplace/cards/uldum/priest.py:52; existing_tests=none; prior=YELLOW:1 个机制缺少充分的核心效果验证；逐机制依据见 card_mechanism.csv。; prior_evidence=card_mechanism.csv#ULD_270; generic-play-smoke:played","At the end of your turn, restore #5 Health to a damaged friendly character.",在你的回合结束时，为一个受伤的友方角色恢复#5点生命值。,fireplace/cards/uldum/priest.py:52
17.6.0.53261,Saviors of Uldum (ULDUM),ULD_271,Injured Tol'vir,受伤的托维尔人,Battlecry|Taunt,GREEN,implemented,yes,逐卡关键行为断言通过：battlecry_three_self_damage: health=3/6;damage=3;taunt=1;zone=PLAY,card_mechanism.csv#ULD_271; generic-play-smoke:played; effect-evidence: reports/card_quality_full_2026-09-27/set_probe_ULDUM.csv#ULD_271::battlecry_three_self_damage; per-card: reports/card_quality_full_2026-09-27/set_probe_ULDUM.csv#ULD_271::battlecry_three_self_damage,聚合状态取该卡最差机制；普通烟测只证明可执行，不能单独构成 GREEN。 EN=Taunt Battlecry: Deal 3 damage to this minion.; ZH=嘲讽，战吼：对该随从造成3点伤害。; source=fireplace/cards/uldum/neutral_common.py:102; existing_tests=none; prior=YELLOW:2 个机制缺少充分的核心效果验证；逐机制依据见 card_mechanism.csv。; prior_evidence=card_mechanism.csv#ULD_271; generic-play-smoke:played,Taunt Battlecry: Deal 3 damage to this minion.,嘲讽，战吼：对该随从造成3点伤害。,fireplace/cards/uldum/neutral_common.py:102
17.6.0.53261,Saviors of Uldum (ULDUM),ULD_272,Holy Ripple,神圣涟漪,Spell resolution,GREEN,implemented,yes,逐卡关键行为断言通过：all_enemies_one_all_friends_heal_one: own_hero=29;friend=4;foe=4;enemy_hero=29;spell=GRAVEYARD,card_mechanism.csv#ULD_272; generic-play-smoke:played; effect-evidence: reports/card_quality_full_2026-09-27/set_probe_ULDUM.csv#ULD_272::all_enemies_one_all_friends_heal_one; per-card: reports/card_quality_full_2026-09-27/set_probe_ULDUM.csv#ULD_272::all_enemies_one_all_friends_heal_one,聚合状态取该卡最差机制；普通烟测只证明可执行，不能单独构成 GREEN。 EN=Deal $1 damage to all enemies. Restore #1 Health to all friendly characters.; ZH=对所有敌人造成$1点伤害，为所有友方角色 恢复#1点生命值。; source=fireplace/cards/uldum/priest.py:74; existing_tests=none; prior=YELLOW:1 个机制缺少充分的核心效果验证；逐机制依据见 card_mechanism.csv。; prior_evidence=card_mechanism.csv#ULD_272; generic-play-smoke:played,Deal $1 damage to all enemies. Restore #1 Health to all friendly characters.,对所有敌人造成$1点伤害，为所有友方角色 恢复#1点生命值。,fireplace/cards/uldum/priest.py:74
17.6.0.53261,Saviors of Uldum (ULDUM),ULD_273,Overflow,溢流,Draw / Discard|Spell resolution,GREEN,implemented,yes,逐卡关键行为断言通过：all_characters_heal_five_draw_five: heroes=29/29;minions=5/5;drawn=5;deck=0;spell=GRAVEYARD,card_mechanism.csv#ULD_273; generic-play-smoke:played; effect-evidence: reports/card_quality_full_2026-09-27/set_probe_ULDUM.csv#ULD_273::all_characters_heal_five_draw_five; per-card: reports/card_quality_full_2026-09-27/set_probe_ULDUM.csv#ULD_273::all_characters_heal_five_draw_five,聚合状态取该卡最差机制；普通烟测只证明可执行，不能单独构成 GREEN。 EN=Restore #5 Health to all characters. Draw 5 cards.; ZH=为所有角色恢复#5点生命值。抽五张牌。; source=fireplace/cards/uldum/druid.py:130; existing_tests=none; prior=YELLOW:2 个机制缺少充分的核心效果验证；逐机制依据见 card_mechanism.csv。; prior_evidence=card_mechanism.csv#ULD_273; generic-play-smoke:played,Restore #5 Health to all characters. Draw 5 cards.,为所有角色恢复#5点生命值。抽五张牌。,fireplace/cards/uldum/druid.py:130
17.6.0.53261,Saviors of Uldum (ULDUM),ULD_274,Wasteland Assassin,废土刺客,Reborn|Stealth,GREEN,implemented,yes,"逐卡关键行为断言通过：stealth_target_protection_and_reborn: initial_stealth=1;enemy_cannot_target=True;body=GRAVEYARD;reborn=[(1, 1, 'PLAY')]",card_mechanism.csv#ULD_274; generic-play-smoke:played; effect-evidence: reports/card_quality_full_2026-09-27/set_probe_ULDUM.csv#ULD_274::stealth_target_protection_and_reborn; per-card: reports/card_quality_full_2026-09-27/set_probe_ULDUM.csv#ULD_274::stealth_target_protection_and_reborn,聚合状态取该卡最差机制；普通烟测只证明可执行，不能单独构成 GREEN。 EN=Stealth Reborn; ZH=潜行，复生; source=; existing_tests=none; prior=YELLOW:2 个机制缺少充分的核心效果验证；逐机制依据见 card_mechanism.csv。; prior_evidence=card_mechanism.csv#ULD_274; generic-play-smoke:played,Stealth Reborn,潜行，复生,
17.6.0.53261,Saviors of Uldum (ULDUM),ULD_275,Bone Wraith,白骨怨灵,Reborn|Taunt,GREEN,implemented,yes,"逐卡关键行为断言通过：taunt_and_one_health_reborn: original_taunt=1;original=GRAVEYARD;reborn=[(1, 1, False, 'PLAY')]",card_mechanism.csv#ULD_275; generic-play-smoke:played; effect-evidence: reports/card_quality_full_2026-09-27/set_probe_ULDUM.csv#ULD_275::taunt_and_one_health_reborn; per-card: reports/card_quality_full_2026-09-27/set_probe_ULDUM.csv#ULD_275::taunt_and_one_health_reborn,聚合状态取该卡最差机制；普通烟测只证明可执行，不能单独构成 GREEN。 EN=Taunt Reborn; ZH=嘲讽，复生; source=; existing_tests=none; prior=YELLOW:2 个机制缺少充分的核心效果验证；逐机制依据见 card_mechanism.csv。; prior_evidence=card_mechanism.csv#ULD_275; generic-play-smoke:played,Taunt Reborn,嘲讽，复生,
17.6.0.53261,Saviors of Uldum (ULDUM),ULD_276,EVIL Totem,怪盗图腾,Random effects|Trigger,GREEN,implemented,yes,"逐卡关键行为断言通过：owner_end_turn_one_lackey: hand=[('DAL_613', 1, 'HAND')];body=PLAY",card_mechanism.csv#ULD_276; generic-play-smoke:played; effect-evidence: reports/card_quality_full_2026-09-27/set_probe_ULDUM.csv#ULD_276::owner_end_turn_one_lackey; per-card: reports/card_quality_full_2026-09-27/set_probe_ULDUM.csv#ULD_276::owner_end_turn_one_lackey,"聚合状态取该卡最差机制；普通烟测只证明可执行，不能单独构成 GREEN。 EN=At the end of your turn, add a Lackey to your hand.; ZH=在你的回合结束时，将一张跟班牌置入你的手牌。; source=fireplace/cards/uldum/shaman.py:39; existing_tests=none; prior=YELLOW:2 个机制缺少充分的核心效果验证；逐机制依据见 card_mechanism.csv。; prior_evidence=card_mechanism.csv#ULD_276; generic-play-smoke:played","At the end of your turn, add a Lackey to your hand.",在你的回合结束时，将一张跟班牌置入你的手牌。,fireplace/cards/uldum/shaman.py:39
17.6.0.53261,Saviors of Uldum (ULDUM),ULD_280,Sahket Sapper,沙赫柯特工兵,Deathrattle|Random effects,GREEN,implemented,yes,逐卡关键行为断言通过：deathrattle_bounces_enemy_minion: body=GRAVEYARD;enemy=HAND;enemy_hand=['CS2_182'];friend=PLAY,card_mechanism.csv#ULD_280; generic-play-smoke:played; effect-evidence: reports/card_quality_full_2026-09-27/set_probe_ULDUM.csv#ULD_280::deathrattle_bounces_enemy_minion; per-card: reports/card_quality_full_2026-09-27/set_probe_ULDUM.csv#ULD_280::deathrattle_bounces_enemy_minion,聚合状态取该卡最差机制；普通烟测只证明可执行，不能单独构成 GREEN。 EN=Deathrattle: Return a  random enemy minion to  your opponent's hand.; ZH=亡语：随机将一个敌方随从移回对手的 手牌。; source=fireplace/cards/uldum/rogue.py:22; existing_tests=none; prior=YELLOW:2 个机制缺少充分的核心效果验证；逐机制依据见 card_mechanism.csv。; prior_evidence=card_mechanism.csv#ULD_280; generic-play-smoke:played,Deathrattle: Return a  random enemy minion to  your opponent's hand.,亡语：随机将一个敌方随从移回对手的 手牌。,fireplace/cards/uldum/rogue.py:22
17.6.0.53261,Saviors of Uldum (ULDUM),ULD_282,Jar Dealer,陶罐商人,Deathrattle|Random effects,GREEN,implemented,yes,"逐卡关键行为断言通过：deathrattle_adds_one_cost_minion: body=GRAVEYARD;added=[('BT_480', 1, 4, 'HAND')]",card_mechanism.csv#ULD_282; generic-play-smoke:played; effect-evidence: reports/card_quality_full_2026-09-27/set_probe_ULDUM.csv#ULD_282::deathrattle_adds_one_cost_minion; per-card: reports/card_quality_full_2026-09-27/set_probe_ULDUM.csv#ULD_282::deathrattle_adds_one_cost_minion,聚合状态取该卡最差机制；普通烟测只证明可执行，不能单独构成 GREEN。 EN=[x]Deathrattle: Add a random 1-Cost minion to your hand.; ZH=亡语：随机将一张法力值消耗为（1）的随从牌置入你的手牌。; source=fireplace/cards/uldum/neutral_common.py:109; existing_tests=none; prior=YELLOW:2 个机制缺少充分的核心效果验证；逐机制依据见 card_mechanism.csv。; prior_evidence=card_mechanism.csv#ULD_282; generic-play-smoke:played,[x]Deathrattle: Add a random 1-Cost minion to your hand.,亡语：随机将一张法力值消耗为（1）的随从牌置入你的手牌。,fireplace/cards/uldum/neutral_common.py:109
17.6.0.53261,Saviors of Uldum (ULDUM),ULD_285,Hooked Scimitar,钩镰弯刀,Combo|Weapon,GREEN,implemented,yes,逐卡关键行为断言通过：combo_plus_two_attack: combo=True;weapon=4/2:PLAY;hero_weapon=ULD_285; no_combo_base_attack: combo=False;weapon=2/2:PLAY;hero_weapon=ULD_285,card_mechanism.csv#ULD_285; generic-play-smoke:played; effect-evidence: reports/card_quality_full_2026-09-27/set_probe_ULDUM.csv#ULD_285::combo_plus_two_attack; reports/card_quality_full_2026-09-27/set_probe_ULDUM.csv#ULD_285::no_combo_base_attack; per-card: reports/card_quality_full_2026-09-27/set_probe_ULDUM.csv#ULD_285::combo_plus_two_attack; reports/card_quality_full_2026-09-27/set_probe_ULDUM.csv#ULD_285::no_combo_base_attack,聚合状态取该卡最差机制；普通烟测只证明可执行，不能单独构成 GREEN。 EN=[x]Combo: Gain +2 Attack.; ZH=连击：获得+2攻击力。; source=fireplace/cards/uldum/rogue.py:108; existing_tests=none; prior=YELLOW:2 个机制缺少充分的核心效果验证；逐机制依据见 card_mechanism.csv。; prior_evidence=card_mechanism.csv#ULD_285; generic-play-smoke:played,[x]Combo: Gain +2 Attack.,连击：获得+2攻击力。,fireplace/cards/uldum/rogue.py:108
17.6.0.53261,Saviors of Uldum (ULDUM),ULD_286,Shadow of Death,死亡之影,Spell resolution|Summon|Targeting|Trigger,GREEN,implemented,yes,逐卡实测：选定随从后洗入三张阴影；只有阴影的牌库中一次抽牌连续触发三张，召唤三只复制体。,tests/test_uldum_red_fixes.py::test_shadow_of_death_shuffles_three_shadows_and_summons_copy_on_draw,原始结论保留于known_issues_archive_2026-09-29/。 洗入数量改为三。,Choose a minion. Shuffle 3 'Shadows' into your deck that summon a copy when drawn.,选择一个随从。将三张“阴影”牌洗入你的牌库，当抽到“阴影”时，召唤该随从的一个复制。,fireplace/cards/uldum/rogue.py:53
17.6.0.53261,Saviors of Uldum (ULDUM),ULD_288,"Anka, the Buried",被埋葬的安卡,Battlecry,GREEN,implemented,yes,"逐卡关键行为断言通过：held_deathrattle_becomes_one_one_one_cost: before=(2, 3, 3);deathrattle=1/1:cost1:dr1;plain=1/1:cost0;body=PLAY",card_mechanism.csv#ULD_288; generic-play-smoke:played; effect-evidence: reports/card_quality_full_2026-09-27/set_probe_ULDUM.csv#ULD_288::held_deathrattle_becomes_one_one_one_cost; per-card: reports/card_quality_full_2026-09-27/set_probe_ULDUM.csv#ULD_288::held_deathrattle_becomes_one_one_one_cost,聚合状态取该卡最差机制；普通烟测只证明可执行，不能单独构成 GREEN。 EN=Battlecry: Change each Deathrattle minion in your hand into a 1/1 that costs (1).; ZH=战吼：使你手牌中所有具有亡语的随从牌变为1/1，且法力值消耗为（1）点。; source=fireplace/cards/uldum/rogue.py:29; existing_tests=none; prior=YELLOW:1 个机制缺少充分的核心效果验证；逐机制依据见 card_mechanism.csv。; prior_evidence=card_mechanism.csv#ULD_288; generic-play-smoke:played,Battlecry: Change each Deathrattle minion in your hand into a 1/1 that costs (1).,战吼：使你手牌中所有具有亡语的随从牌变为1/1，且法力值消耗为（1）点。,fireplace/cards/uldum/rogue.py:29
17.6.0.53261,Saviors of Uldum (ULDUM),ULD_289,Fishflinger,鱼人投手,Battlecry|Random effects,GREEN,implemented,yes,"逐卡关键行为断言通过：one_random_murloc_each_hand: owner=[('CFM_647', True, 'HAND')];enemy=[('EX1_507', True, 'HAND')];body=PLAY",card_mechanism.csv#ULD_289; generic-play-smoke:played; effect-evidence: reports/card_quality_full_2026-09-27/set_probe_ULDUM.csv#ULD_289::one_random_murloc_each_hand; per-card: reports/card_quality_full_2026-09-27/set_probe_ULDUM.csv#ULD_289::one_random_murloc_each_hand,聚合状态取该卡最差机制；普通烟测只证明可执行，不能单独构成 GREEN。 EN=Battlecry: Add a random Murloc to each player's hand.; ZH=战吼：将一张随机鱼人牌分别置入每个玩家的手牌。; source=fireplace/cards/uldum/neutral_common.py:116; existing_tests=none; prior=YELLOW:2 个机制缺少充分的核心效果验证；逐机制依据见 card_mechanism.csv。; prior_evidence=card_mechanism.csv#ULD_289; generic-play-smoke:played,Battlecry: Add a random Murloc to each player's hand.,战吼：将一张随机鱼人牌分别置入每个玩家的手牌。,fireplace/cards/uldum/neutral_common.py:116
17.6.0.53261,Saviors of Uldum (ULDUM),ULD_290,History Buff,历史爱好者,Random effects|Trigger,GREEN,implemented,yes,逐卡关键行为断言通过：later_minion_play_buffs_held_minion: held=5/6:HAND;spell=HAND;played=PLAY;body=PLAY,card_mechanism.csv#ULD_290; generic-play-smoke:played; effect-evidence: reports/card_quality_full_2026-09-27/set_probe_ULDUM.csv#ULD_290::later_minion_play_buffs_held_minion; per-card: reports/card_quality_full_2026-09-27/set_probe_ULDUM.csv#ULD_290::later_minion_play_buffs_held_minion,"聚合状态取该卡最差机制；普通烟测只证明可执行，不能单独构成 GREEN。 EN=Whenever you play a minion, give a random minion in your hand +1/+1.; ZH=每当你使用一张随从牌，随机使你手牌中的一张随从牌获得+1/+1。; source=fireplace/cards/uldum/neutral_epic.py:36; existing_tests=none; prior=YELLOW:2 个机制缺少充分的核心效果验证；逐机制依据见 card_mechanism.csv。; prior_evidence=card_mechanism.csv#ULD_290; generic-play-smoke:played","Whenever you play a minion, give a random minion in your hand +1/+1.",每当你使用一张随从牌，随机使你手牌中的一张随从牌获得+1/+1。,fireplace/cards/uldum/neutral_epic.py:36
17.6.0.53261,Saviors of Uldum (ULDUM),ULD_291,Corrupt the Waters,腐化水源,Battlecry|Quest|Spell resolution|Summon,GREEN,implemented,yes,逐卡实测：六次战吼后奖励技能开启；当回合己方战吼触发两次，回合结束效果消失。,tests/test_uldum_red_fixes.py::test_corrupt_the_waters_unlocks_and_temporarily_doubles_battlecries,原始结论保留于known_issues_archive_2026-09-29/。 奖励改为作用于玩家的短时光环。,[x]Quest: Play 6 Battlecry cards. Reward: Heart of Vir'naal.,任务：使用6张战吼牌。奖励：维尔纳尔之心。,fireplace/cards/uldum/shaman.py:74
17.6.0.53261,Saviors of Uldum (ULDUM),ULD_292,Oasis Surger,绿洲涌动者,Choose One|Rush|Summon,GREEN,implemented,yes,逐卡实测：两个抉择分支分别产生 5/5 突袭本体、或两只 3/3 突袭复制体。,tests/test_uldum_red_fixes.py::test_oasis_surger_resolves_each_choose_one_branch,原始结论保留于known_issues_archive_2026-09-29/。 补齐第一分支缺失的 +2/+2 附魔。,Rush Choose One - Gain +2/+2; or Summon a copy of this minion.,突袭 抉择：获得+2/+2；或召唤一个该随从的 复制。,fireplace/cards/uldum/druid.py:40
17.6.0.53261,Saviors of Uldum (ULDUM),ULD_293,Cloud Prince,云雾王子,Battlecry|Targeting,GREEN,implemented,yes,逐卡关键行为断言通过：secret_enables_six_damage_battlecry: secret=SECRET;target=12->6;body=PLAY; without_secret_battlecry_has_no_effect: secrets=0;target=12->12;body=PLAY,card_mechanism.csv#ULD_293; generic-play-smoke:played; effect-evidence: reports/card_quality_full_2026-09-27/set_probe_ULDUM.csv#ULD_293::secret_enables_six_damage_battlecry; reports/card_quality_full_2026-09-27/set_probe_ULDUM.csv#ULD_293::without_secret_battlecry_has_no_effect; per-card: reports/card_quality_full_2026-09-27/set_probe_ULDUM.csv#ULD_293::secret_enables_six_damage_battlecry; reports/card_quality_full_2026-09-27/set_probe_ULDUM.csv#ULD_293::without_secret_battlecry_has_no_effect,"聚合状态取该卡最差机制；普通烟测只证明可执行，不能单独构成 GREEN。 EN=Battlecry: If you control a Secret, deal 6 damage.; ZH=战吼： 如果你控制一个奥秘，则造成6点伤害。; source=fireplace/cards/uldum/mage.py:34; existing_tests=none; prior=YELLOW:2 个机制缺少充分的核心效果验证；逐机制依据见 card_mechanism.csv。; prior_evidence=card_mechanism.csv#ULD_293; generic-play-smoke:played","Battlecry: If you control a Secret, deal 6 damage.",战吼： 如果你控制一个奥秘，则造成6点伤害。,fireplace/cards/uldum/mage.py:34
17.6.0.53261,Saviors of Uldum (ULDUM),ULD_304,King Phaoris,法奥瑞斯国王,Battlecry|Random effects|Summon,GREEN,implemented,yes,"逐卡关键行为断言通过：one_random_minion_per_held_spell_cost: spells=[(0, 'HAND'), (4, 'HAND')];summoned=[('ICC_031', 4), ('CS2_231', 0)];other=HAND",card_mechanism.csv#ULD_304; generic-play-smoke:played; effect-evidence: reports/card_quality_full_2026-09-27/set_probe_ULDUM.csv#ULD_304::one_random_minion_per_held_spell_cost; per-card: reports/card_quality_full_2026-09-27/set_probe_ULDUM.csv#ULD_304::one_random_minion_per_held_spell_cost,"聚合状态取该卡最差机制；普通烟测只证明可执行，不能单独构成 GREEN。 EN=[x]Battlecry: For each spell in your hand, summon a random minion of the same Cost.; ZH=战吼：你手牌中每有一张法术牌，便召唤一个法力值消耗与法术牌相同的随机随从。; source=fireplace/cards/uldum/neutral_legendary.py:71; existing_tests=none; prior=YELLOW:3 个机制缺少充分的核心效果验证；逐机制依据见 card_mechanism.csv。; prior_evidence=card_mechanism.csv#ULD_304; generic-play-smoke:played","[x]Battlecry: For each spell in your hand, summon a random minion of the same Cost.",战吼：你手牌中每有一张法术牌，便召唤一个法力值消耗与法术牌相同的随机随从。,fireplace/cards/uldum/neutral_legendary.py:71
17.6.0.53261,Saviors of Uldum (ULDUM),ULD_309,Dwarven Archaeologist,矮人考古学家,Discover / Choice|Trigger,GREEN,implemented,yes,"逐卡关键行为断言通过：discovered_card_costs_one_less: options=[('BT_021', 0), ('EX1_289', 3), ('EX1_275', 4)];chosen=('BT_021', 1, 0, 'HAND');choice=None",card_mechanism.csv#ULD_309; generic-play-smoke:played; effect-evidence: reports/card_quality_full_2026-09-27/set_probe_ULDUM.csv#ULD_309::discovered_card_costs_one_less; per-card: reports/card_quality_full_2026-09-27/set_probe_ULDUM.csv#ULD_309::discovered_card_costs_one_less,"聚合状态取该卡最差机制；普通烟测只证明可执行，不能单独构成 GREEN。 EN=After you Discover a card, reduce its cost by (1).; ZH=在你发现一张卡牌后，使其法力值消耗降低（1）点。; source=fireplace/cards/uldum/neutral_epic.py:48; existing_tests=tests/test_uldum.py:28:test_dwarven_archaeologist; prior=YELLOW:2 个机制缺少充分的核心效果验证；逐机制依据见 card_mechanism.csv。; prior_evidence=card_mechanism.csv#ULD_309; generic-play-smoke:played","After you Discover a card, reduce its cost by (1).",在你发现一张卡牌后，使其法力值消耗降低（1）点。,fireplace/cards/uldum/neutral_epic.py:48
17.6.0.53261,Saviors of Uldum (ULDUM),ULD_324,Impbalming,小鬼油膏,Spell resolution|Targeting,GREEN,implemented,yes,"逐卡关键行为断言通过：destroy_target_and_shuffle_three_imps: target=GRAVEYARD;imps=[('ULD_324t', 'DECK'), ('ULD_324t', 'DECK'), ('ULD_324t', 'DECK')];spell=GRAVEYARD",card_mechanism.csv#ULD_324; generic-play-smoke:played; effect-evidence: reports/card_quality_full_2026-09-27/set_probe_ULDUM.csv#ULD_324::destroy_target_and_shuffle_three_imps; per-card: reports/card_quality_full_2026-09-27/set_probe_ULDUM.csv#ULD_324::destroy_target_and_shuffle_three_imps,聚合状态取该卡最差机制；普通烟测只证明可执行，不能单独构成 GREEN。 EN=Destroy a minion. Shuffle 3 Worthless Imps into your deck.; ZH=消灭一个随从。将三张“游荡小鬼”洗入你的牌库。; source=fireplace/cards/uldum/warlock.py:113; existing_tests=none; prior=YELLOW:2 个机制缺少充分的核心效果验证；逐机制依据见 card_mechanism.csv。; prior_evidence=card_mechanism.csv#ULD_324; generic-play-smoke:played,Destroy a minion. Shuffle 3 Worthless Imps into your deck.,消灭一个随从。将三张“游荡小鬼”洗入你的牌库。,fireplace/cards/uldum/warlock.py:113
17.6.0.53261,Saviors of Uldum (ULDUM),ULD_326,Bazaar Burglary,劫掠集市,Quest|Spell resolution|Summon,GREEN,implemented,yes,逐卡实测：每加入一张其他职业卡牌进度加一，四张完成任务并装备 3/2 远古之刃。,tests/test_uldum_red_fixes.py::test_bazaar_burglary_counts_each_other_class_card_added,原始结论保留于known_issues_archive_2026-09-29/。 任务改按实际获得的其他职业牌计数。,[x]Quest: Add 4 cards from other classes to your hand. Reward: Ancient Blades.,任务：将4张其他职业的卡牌置入你的手牌。 奖励：远古刀锋。,fireplace/cards/uldum/rogue.py:69
17.6.0.53261,Saviors of Uldum (ULDUM),ULD_327,Bazaar Mugger,集市恶痞,Battlecry|Random effects|Rush,GREEN,implemented,yes,逐卡关键行为断言通过：rush_battlecry_adds_minion_from_another_class: added=BT_115:8:4;hand=0->1;rush=1;target=9;can_attack=True,card_mechanism.csv#ULD_327; generic-play-smoke:played; effect-evidence: reports/card_quality_full_2026-09-27/set_probe_ULDUM.csv#ULD_327::rush_battlecry_adds_minion_from_another_class; per-card: reports/card_quality_full_2026-09-27/set_probe_ULDUM.csv#ULD_327::rush_battlecry_adds_minion_from_another_class,聚合状态取该卡最差机制；普通烟测只证明可执行，不能单独构成 GREEN。 EN=Rush Battlecry: Add a random minion from another class to your hand.; ZH=突袭 战吼：随机将一张其他职业的随从牌置入你的手牌。; source=fireplace/cards/uldum/rogue.py:42; existing_tests=none; prior=YELLOW:3 个机制缺少充分的核心效果验证；逐机制依据见 card_mechanism.csv。; prior_evidence=card_mechanism.csv#ULD_327; generic-play-smoke:played,Rush Battlecry: Add a random minion from another class to your hand.,突袭 战吼：随机将一张其他职业的随从牌置入你的手牌。,fireplace/cards/uldum/rogue.py:42
17.6.0.53261,Saviors of Uldum (ULDUM),ULD_328,Clever Disguise,聪明的伪装,Random effects|Spell resolution,GREEN,implemented,yes,逐卡实测：施放后实际得到两张非盗贼职业的法术。,tests/test_uldum_red_fixes.py::test_clever_disguise_adds_two_spells_from_other_classes,原始结论保留于known_issues_archive_2026-09-29/。 生成次数改为二。,Add 2 random spells from another class to your hand.,随机将另一职业的两张法术牌置入你的手牌。,fireplace/cards/uldum/rogue.py:90
17.6.0.53261,Saviors of Uldum (ULDUM),ULD_329,Dune Sculptor,沙丘塑形师,Random effects|Trigger,GREEN,implemented,yes,"逐卡关键行为断言通过：after_casting_own_spell_adds_mage_minion: spell=GRAVEYARD;added=[('BT_022', 4, 4, 'HAND')];body=PLAY",card_mechanism.csv#ULD_329; generic-play-smoke:played; effect-evidence: reports/card_quality_full_2026-09-27/set_probe_ULDUM.csv#ULD_329::after_casting_own_spell_adds_mage_minion; per-card: reports/card_quality_full_2026-09-27/set_probe_ULDUM.csv#ULD_329::after_casting_own_spell_adds_mage_minion,"聚合状态取该卡最差机制；普通烟测只证明可执行，不能单独构成 GREEN。 EN=[x]After you cast a spell, add a random Mage minion to your hand.; ZH=在你施放一个法术后，随机将一张法师随从牌置入你的手牌。; source=fireplace/cards/uldum/mage.py:44; existing_tests=none; prior=YELLOW:2 个机制缺少充分的核心效果验证；逐机制依据见 card_mechanism.csv。; prior_evidence=card_mechanism.csv#ULD_329; generic-play-smoke:played","[x]After you cast a spell, add a random Mage minion to your hand.",在你施放一个法术后，随机将一张法师随从牌置入你的手牌。,fireplace/cards/uldum/mage.py:44
17.6.0.53261,Saviors of Uldum (ULDUM),ULD_410,Scarlet Webweaver,猩红织网蛛,Battlecry|Cost modification|Random effects,GREEN,implemented,yes,逐卡关键行为断言通过：random_beast_in_hand_cost_reduced_by_five: beast=6->1;ordinary=4->4;race=20;body=PLAY,card_mechanism.csv#ULD_410; generic-play-smoke:played; effect-evidence: reports/card_quality_full_2026-09-27/set_probe_ULDUM.csv#ULD_410::random_beast_in_hand_cost_reduced_by_five; per-card: reports/card_quality_full_2026-09-27/set_probe_ULDUM.csv#ULD_410::random_beast_in_hand_cost_reduced_by_five,聚合状态取该卡最差机制；普通烟测只证明可执行，不能单独构成 GREEN。 EN=Battlecry: Reduce the Cost of a random Beast in your hand by (5).; ZH=战吼：随机使你手牌中的一张野兽牌的 法力值消耗减少（5）点。; source=fireplace/cards/uldum/hunter.py:38; existing_tests=none; prior=YELLOW:3 个机制缺少充分的核心效果验证；逐机制依据见 card_mechanism.csv。; prior_evidence=card_mechanism.csv#ULD_410; generic-play-smoke:played,Battlecry: Reduce the Cost of a random Beast in your hand by (5).,战吼：随机使你手牌中的一张野兽牌的 法力值消耗减少（5）点。,fireplace/cards/uldum/hunter.py:38
17.6.0.53261,Saviors of Uldum (ULDUM),ULD_413,Splitting Axe,分裂战斧,Battlecry|Summon|Weapon,GREEN,implemented,yes,"逐卡关键行为断言通过：battlecry_summons_copies_of_friendly_totems: totems={'CS2_050': 2, 'CS2_052': 2};ordinary=1;weapon=PLAY:ULD_413",card_mechanism.csv#ULD_413; generic-play-smoke:played; effect-evidence: reports/card_quality_full_2026-09-27/set_probe_ULDUM.csv#ULD_413::battlecry_summons_copies_of_friendly_totems; per-card: reports/card_quality_full_2026-09-27/set_probe_ULDUM.csv#ULD_413::battlecry_summons_copies_of_friendly_totems,聚合状态取该卡最差机制；普通烟测只证明可执行，不能单独构成 GREEN。 EN=Battlecry: Summon copies of your Totems.; ZH=战吼：召唤你的图腾的复制。; source=fireplace/cards/uldum/shaman.py:98; existing_tests=none; prior=YELLOW:3 个机制缺少充分的核心效果验证；逐机制依据见 card_mechanism.csv。; prior_evidence=card_mechanism.csv#ULD_413; generic-play-smoke:played,Battlecry: Summon copies of your Totems.,战吼：召唤你的图腾的复制。,fireplace/cards/uldum/shaman.py:98
17.6.0.53261,Saviors of Uldum (ULDUM),ULD_429,Hunter's Pack,猎人工具包,Random effects|Spell resolution,GREEN,implemented,yes,"逐卡关键行为断言通过：adds_one_beast_secret_and_weapon: cards=[('BT_210', 4, [20], False, 'HAND'), ('EX1_609', 5, None, True, 'HAND'), ('GVG_043', 7, None, False, 'HAND')];body=GRAVEYARD",card_mechanism.csv#ULD_429; generic-play-smoke:played; effect-evidence: reports/card_quality_full_2026-09-27/set_probe_ULDUM.csv#ULD_429::adds_one_beast_secret_and_weapon; per-card: reports/card_quality_full_2026-09-27/set_probe_ULDUM.csv#ULD_429::adds_one_beast_secret_and_weapon,"聚合状态取该卡最差机制；普通烟测只证明可执行，不能单独构成 GREEN。 EN=Add a random Hunter Beast, Secret, and weapon to your hand.; ZH=随机将一张猎人野兽牌，奥秘牌和武器牌分别置入你的 手牌。; source=fireplace/cards/uldum/hunter.py:80; existing_tests=none; prior=YELLOW:2 个机制缺少充分的核心效果验证；逐机制依据见 card_mechanism.csv。; prior_evidence=card_mechanism.csv#ULD_429; generic-play-smoke:played","Add a random Hunter Beast, Secret, and weapon to your hand.",随机将一张猎人野兽牌，奥秘牌和武器牌分别置入你的 手牌。,fireplace/cards/uldum/hunter.py:80
17.6.0.53261,Saviors of Uldum (ULDUM),ULD_430,Desert Spear,沙漠之矛,Summon|Trigger|Weapon,GREEN,implemented,yes,"逐卡关键行为断言通过：hero_attack_summons_one_rush_locust: weapon=PLAY:2;target=11;locusts=[(1, 1, 1, 'PLAY')]",card_mechanism.csv#ULD_430; generic-play-smoke:played; effect-evidence: reports/card_quality_full_2026-09-27/set_probe_ULDUM.csv#ULD_430::hero_attack_summons_one_rush_locust; per-card: reports/card_quality_full_2026-09-27/set_probe_ULDUM.csv#ULD_430::hero_attack_summons_one_rush_locust,"聚合状态取该卡最差机制；普通烟测只证明可执行，不能单独构成 GREEN。 EN=After your hero attacks, summon a 1/1 Locust with Rush.; ZH=在你的英雄攻击后，召唤一只1/1并具有突袭的 蝗虫。; source=fireplace/cards/uldum/hunter.py:105; existing_tests=none; prior=YELLOW:3 个机制缺少充分的核心效果验证；逐机制依据见 card_mechanism.csv。; prior_evidence=card_mechanism.csv#ULD_430; generic-play-smoke:played","After your hero attacks, summon a 1/1 Locust with Rush.",在你的英雄攻击后，召唤一只1/1并具有突袭的 蝗虫。,fireplace/cards/uldum/hunter.py:105
17.6.0.53261,Saviors of Uldum (ULDUM),ULD_431,Making Mummies,制作木乃伊,Quest|Spell resolution|Summon,GREEN,implemented,yes,"逐卡关键行为断言通过：five_reborn_plays_unlock_two_two_copy_power: normal_progress=0;reborn_progress=5;quest=GRAVEYARD;power=ULD_431p;copies=[(2, 2)]",card_mechanism.csv#ULD_431; generic-play-smoke:played; effect-evidence: reports/card_quality_full_2026-09-27/set_probe_ULDUM.csv#ULD_431::five_reborn_plays_unlock_two_two_copy_power; per-card: reports/card_quality_full_2026-09-27/set_probe_ULDUM.csv#ULD_431::five_reborn_plays_unlock_two_two_copy_power,聚合状态取该卡最差机制；普通烟测只证明可执行，不能单独构成 GREEN。 EN=[x]Quest: Play 5 Reborn minions. Reward: Emperor Wraps.; ZH=任务：使用5张复生牌。奖励：帝王裹布。; source=fireplace/cards/uldum/paladin.py:70; existing_tests=none; prior=YELLOW:3 个机制缺少充分的核心效果验证；逐机制依据见 card_mechanism.csv。; prior_evidence=card_mechanism.csv#ULD_431; generic-play-smoke:played,[x]Quest: Play 5 Reborn minions. Reward: Emperor Wraps.,任务：使用5张复生牌。奖励：帝王裹布。,fireplace/cards/uldum/paladin.py:70
17.6.0.53261,Saviors of Uldum (ULDUM),ULD_433,Raid the Sky Temple,洗劫天空殿,Quest|Spell resolution|Summon,GREEN,implemented,yes,"逐卡关键行为断言通过：ten_cast_spells_complete_quest_and_power_discount: progress=10;quest=GRAVEYARD;power=ULD_433p;generated=('BT_021', 5, 4, 0, 1, 'HAND')",card_mechanism.csv#ULD_433; generic-play-smoke:played; effect-evidence: reports/card_quality_full_2026-09-27/set_probe_ULDUM.csv#ULD_433::ten_cast_spells_complete_quest_and_power_discount; per-card: reports/card_quality_full_2026-09-27/set_probe_ULDUM.csv#ULD_433::ten_cast_spells_complete_quest_and_power_discount,聚合状态取该卡最差机制；普通烟测只证明可执行，不能单独构成 GREEN。 EN=Quest: Cast 10 spells. Reward: Ascendant Scroll.; ZH=任务：施放10个法术。 奖励：升格卷轴。; source=fireplace/cards/uldum/mage.py:83; existing_tests=tests/test_arena_quest_hand.py:12:test_more_quests_than_starting_slots_do_not_break_game_start | tests/test_uldum.py:69:test_questing_explorer; prior=YELLOW:3 个机制缺少充分的核心效果验证；逐机制依据见 card_mechanism.csv。; prior_evidence=card_mechanism.csv#ULD_433; generic-play-smoke:played,Quest: Cast 10 spells. Reward: Ascendant Scroll.,任务：施放10个法术。 奖励：升格卷轴。,fireplace/cards/uldum/mage.py:83
17.6.0.53261,Saviors of Uldum (ULDUM),ULD_435,Naga Sand Witch,纳迦沙漠女巫,Battlecry,GREEN,implemented,yes,"逐卡关键行为断言通过：all_spells_in_hand_set_to_five: spells=[('CS2_008', 5, 'HAND'), ('CS2_029', 5, 'HAND')];minion=0:HAND;body=PLAY",card_mechanism.csv#ULD_435; generic-play-smoke:played; effect-evidence: reports/card_quality_full_2026-09-27/set_probe_ULDUM.csv#ULD_435::all_spells_in_hand_set_to_five; per-card: reports/card_quality_full_2026-09-27/set_probe_ULDUM.csv#ULD_435::all_spells_in_hand_set_to_five,聚合状态取该卡最差机制；普通烟测只证明可执行，不能单独构成 GREEN。 EN=[x]Battlecry: Change the Cost of spells in your hand to (5).; ZH=战吼：使你手牌中的法术牌法力值消耗变为（5）点。; source=fireplace/cards/uldum/mage.py:53; existing_tests=none; prior=YELLOW:1 个机制缺少充分的核心效果验证；逐机制依据见 card_mechanism.csv。; prior_evidence=card_mechanism.csv#ULD_435; generic-play-smoke:played,[x]Battlecry: Change the Cost of spells in your hand to (5).,战吼：使你手牌中的法术牌法力值消耗变为（5）点。,fireplace/cards/uldum/mage.py:53
17.6.0.53261,Saviors of Uldum (ULDUM),ULD_438,Salhet's Pride,萨赫特的傲狮,Deathrattle|Draw / Discard,GREEN,implemented,yes,"逐卡关键行为断言通过：deathrattle_draws_only_two_one_health_minions: low_health=[('ULD_723', 'HAND', 1), ('CS2_231', 'HAND', 1)];yeti=DECK;body=GRAVEYARD",card_mechanism.csv#ULD_438; generic-play-smoke:played; effect-evidence: reports/card_quality_full_2026-09-27/set_probe_ULDUM.csv#ULD_438::deathrattle_draws_only_two_one_health_minions; per-card: reports/card_quality_full_2026-09-27/set_probe_ULDUM.csv#ULD_438::deathrattle_draws_only_two_one_health_minions,聚合状态取该卡最差机制；普通烟测只证明可执行，不能单独构成 GREEN。 EN=Deathrattle: Draw two 1-Health minions from your deck.; ZH=亡语：从你的牌库中抽两张生命值为1的随从牌。; source=fireplace/cards/uldum/paladin.py:29; existing_tests=none; prior=YELLOW:2 个机制缺少充分的核心效果验证；逐机制依据见 card_mechanism.csv。; prior_evidence=card_mechanism.csv#ULD_438; generic-play-smoke:played,Deathrattle: Draw two 1-Health minions from your deck.,亡语：从你的牌库中抽两张生命值为1的随从牌。,fireplace/cards/uldum/paladin.py:29
17.6.0.53261,Saviors of Uldum (ULDUM),ULD_439,Sandwasp Queen,沙漠蜂后,Battlecry,GREEN,implemented,yes,"逐卡关键行为断言通过：battlecry_adds_two_two_one_tokens: tokens=[(2, 1, 'HAND'), (2, 1, 'HAND')];body=PLAY",card_mechanism.csv#ULD_439; generic-play-smoke:played; effect-evidence: reports/card_quality_full_2026-09-27/set_probe_ULDUM.csv#ULD_439::battlecry_adds_two_two_one_tokens; per-card: reports/card_quality_full_2026-09-27/set_probe_ULDUM.csv#ULD_439::battlecry_adds_two_two_one_tokens,聚合状态取该卡最差机制；普通烟测只证明可执行，不能单独构成 GREEN。 EN=Battlecry: Add two 2/1 Sandwasps to your hand.; ZH=战吼：将两张2/1的“沙漠胡蜂”置入你的 手牌。; source=fireplace/cards/uldum/paladin.py:36; existing_tests=none; prior=YELLOW:1 个机制缺少充分的核心效果验证；逐机制依据见 card_mechanism.csv。; prior_evidence=card_mechanism.csv#ULD_439; generic-play-smoke:played,Battlecry: Add two 2/1 Sandwasps to your hand.,战吼：将两张2/1的“沙漠胡蜂”置入你的 手牌。,fireplace/cards/uldum/paladin.py:36
17.6.0.53261,Saviors of Uldum (ULDUM),ULD_450,Vilefiend,邪犬,Lifesteal,GREEN,implemented,yes,逐卡关键行为断言通过：lifesteal_combat_damage_heals_hero: lifesteal=1;hero=24->26;target=12->10;atk=2,card_mechanism.csv#ULD_450; generic-play-smoke:played; effect-evidence: reports/card_quality_full_2026-09-27/set_probe_ULDUM.csv#ULD_450::lifesteal_combat_damage_heals_hero; per-card: reports/card_quality_full_2026-09-27/set_probe_ULDUM.csv#ULD_450::lifesteal_combat_damage_heals_hero,聚合状态取该卡最差机制；普通烟测只证明可执行，不能单独构成 GREEN。 EN=Lifesteal; ZH=吸血; source=; existing_tests=none; prior=YELLOW:1 个机制缺少充分的核心效果验证；逐机制依据见 card_mechanism.csv。; prior_evidence=card_mechanism.csv#ULD_450; generic-play-smoke:played,Lifesteal,吸血,
17.6.0.53261,Saviors of Uldum (ULDUM),ULD_500,Sir Finley of the Sands,沙漠爵士芬利,Battlecry|Discover / Choice|Random effects,GREEN,implemented,yes,"逐卡关键行为断言通过：no_duplicates_discovers_and_equips_upgraded_power: offers=[('HERO_02bp', 10), ('HERO_07bp', 10), ('HERO_06bp', 10)];selected=HERO_02bp;power=HERO_02bp;choice=None; duplicate_deck_suppresses_power_discover: choice=None;power=HERO_04bp;body=PLAY",card_mechanism.csv#ULD_500; generic-play-smoke:played; effect-evidence: reports/card_quality_full_2026-09-27/set_probe_ULDUM.csv#ULD_500::no_duplicates_discovers_and_equips_upgraded_power; reports/card_quality_full_2026-09-27/set_probe_ULDUM.csv#ULD_500::duplicate_deck_suppresses_power_discover; per-card: reports/card_quality_full_2026-09-27/set_probe_ULDUM.csv#ULD_500::no_duplicates_discovers_and_equips_upgraded_power; reports/card_quality_full_2026-09-27/set_probe_ULDUM.csv#ULD_500::duplicate_deck_suppresses_power_discover,"聚合状态取该卡最差机制；普通烟测只证明可执行，不能单独构成 GREEN。 EN=[x]Battlecry: If your deck has no duplicates, Discover an upgraded Hero Power.; ZH=战吼：如果你的牌库里没有相同的牌，则发现一个升级过的英雄技能。; source=fireplace/cards/uldum/paladin.py:43; existing_tests=none; prior=YELLOW:3 个机制缺少充分的核心效果验证；逐机制依据见 card_mechanism.csv。; prior_evidence=card_mechanism.csv#ULD_500; generic-play-smoke:played","[x]Battlecry: If your deck has no duplicates, Discover an upgraded Hero Power.",战吼：如果你的牌库里没有相同的牌，则发现一个升级过的英雄技能。,fireplace/cards/uldum/paladin.py:43
17.6.0.53261,Saviors of Uldum (ULDUM),ULD_702,Mortuary Machine,机械法医,Trigger,GREEN,implemented,yes,"逐卡关键行为断言通过：opponent_played_minion_receives_functional_reborn: given_reborn=True;original=GRAVEYARD;enemy_field=[('CS2_231', 1, 'PLAY')];body=PLAY",card_mechanism.csv#ULD_702; generic-play-smoke:played; effect-evidence: reports/card_quality_full_2026-09-27/set_probe_ULDUM.csv#ULD_702::opponent_played_minion_receives_functional_reborn; per-card: reports/card_quality_full_2026-09-27/set_probe_ULDUM.csv#ULD_702::opponent_played_minion_receives_functional_reborn,"聚合状态取该卡最差机制；普通烟测只证明可执行，不能单独构成 GREEN。 EN=After your opponent plays a minion, give it Reborn.; ZH=在你的对手使用一张随从牌后，使其获得复生。; source=fireplace/cards/uldum/neutral_epic.py:62; existing_tests=none; prior=YELLOW:1 个机制缺少充分的核心效果验证；逐机制依据见 card_mechanism.csv。; prior_evidence=card_mechanism.csv#ULD_702; generic-play-smoke:played","After your opponent plays a minion, give it Reborn.",在你的对手使用一张随从牌后，使其获得复生。,fireplace/cards/uldum/neutral_epic.py:62
17.6.0.53261,Saviors of Uldum (ULDUM),ULD_703,Desert Obelisk,沙漠方尖碑,Random effects|Trigger,GREEN,implemented,yes,逐卡关键行为断言通过：three_obelisks_each_deal_five: count=3;enemy_health=15;own_health=30;field=3; two_obelisks_no_damage: count=2;enemy_health=30;own_health=30;field=2,card_mechanism.csv#ULD_703; generic-play-smoke:played; effect-evidence: reports/card_quality_full_2026-09-27/set_probe_ULDUM.csv#ULD_703::three_obelisks_each_deal_five; reports/card_quality_full_2026-09-27/set_probe_ULDUM.csv#ULD_703::two_obelisks_no_damage; per-card: reports/card_quality_full_2026-09-27/set_probe_ULDUM.csv#ULD_703::three_obelisks_each_deal_five; reports/card_quality_full_2026-09-27/set_probe_ULDUM.csv#ULD_703::two_obelisks_no_damage,"聚合状态取该卡最差机制；普通烟测只证明可执行，不能单独构成 GREEN。 EN=[x]If you control 3 of these at the end of your turn, deal 5 damage to a random enemy.; ZH=如果你在你的回合结束时控制3座沙漠方尖碑，随机对一个敌人造成5点伤害。; source=fireplace/cards/uldum/neutral_epic.py:69; existing_tests=none; prior=YELLOW:2 个机制缺少充分的核心效果验证；逐机制依据见 card_mechanism.csv。; prior_evidence=card_mechanism.csv#ULD_703; generic-play-smoke:played","[x]If you control 3 of these at the end of your turn, deal 5 damage to a random enemy.",如果你在你的回合结束时控制3座沙漠方尖碑，随机对一个敌人造成5点伤害。,fireplace/cards/uldum/neutral_epic.py:69
17.6.0.53261,Saviors of Uldum (ULDUM),ULD_705,Mogu Cultist,魔古信徒,Battlecry|Summon,GREEN,implemented,yes,逐卡实测：场上第七个教徒入场后先清空教徒再召唤守护者；不足七个不召唤。,tests/test_uldum_red_fixes.py::test_mogu_cultist_clears_full_board_before_summoning_ra,原始结论保留于known_issues_archive_2026-09-29/。 清场后显式结算死亡释放随从位。,"Battlecry: If your board is full of Mogu Cultists, sacrifice them all and summon Highkeeper Ra.",战吼：如果你的场上满是魔古信徒，则将其全部献祭，并召唤“莱，至高守护者”。,fireplace/cards/uldum/neutral_epic.py:79
17.6.0.53261,Saviors of Uldum (ULDUM),ULD_706,Blatant Decoy,显眼的诱饵,Deathrattle|Summon,GREEN,implemented,yes,逐卡实测：亡语使双方各从自己手中召唤最低费用随从而非最低攻击力随从。,tests/test_uldum_red_fixes.py::test_blatant_decoy_summons_lowest_cost_minion_for_each_player,原始结论保留于known_issues_archive_2026-09-29/。 手牌选择器改为最低费用。,[x]Deathrattle: Each player summons the lowest Cost minion from their hand.,亡语：每个玩家从手牌中召唤法力值消耗最低的随从。,fireplace/cards/uldum/neutral_epic.py:94
17.6.0.53261,Saviors of Uldum (ULDUM),ULD_707,Plague of Wrath,愤怒之灾祸,Spell resolution,GREEN,implemented,yes,逐卡关键行为断言通过：all_damaged_minions_die_undamaged_survives: own=GRAVEYARD;enemy=GRAVEYARD;fresh=PLAY;spell=GRAVEYARD,card_mechanism.csv#ULD_707; generic-play-smoke:played; effect-evidence: reports/card_quality_full_2026-09-27/set_probe_ULDUM.csv#ULD_707::all_damaged_minions_die_undamaged_survives; per-card: reports/card_quality_full_2026-09-27/set_probe_ULDUM.csv#ULD_707::all_damaged_minions_die_undamaged_survives,聚合状态取该卡最差机制；普通烟测只证明可执行，不能单独构成 GREEN。 EN=Destroy all damaged minions.; ZH=消灭所有受伤的随从。; source=fireplace/cards/uldum/warrior.py:67; existing_tests=none; prior=YELLOW:1 个机制缺少充分的核心效果验证；逐机制依据见 card_mechanism.csv。; prior_evidence=card_mechanism.csv#ULD_707; generic-play-smoke:played,Destroy all damaged minions.,消灭所有受伤的随从。,fireplace/cards/uldum/warrior.py:67
17.6.0.53261,Saviors of Uldum (ULDUM),ULD_708,Livewire Lance,电缆长枪,Random effects|Trigger|Weapon,GREEN,implemented,yes,"逐卡关键行为断言通过：equipped_weapon_attack_adds_exactly_one_lackey: weapon=PLAY:1;enemy=28;hand=[('DAL_613', 1, 'HAND')]",card_mechanism.csv#ULD_708; generic-play-smoke:played; effect-evidence: reports/card_quality_full_2026-09-27/set_probe_ULDUM.csv#ULD_708::equipped_weapon_attack_adds_exactly_one_lackey; per-card: reports/card_quality_full_2026-09-27/set_probe_ULDUM.csv#ULD_708::equipped_weapon_attack_adds_exactly_one_lackey,"聚合状态取该卡最差机制；普通烟测只证明可执行，不能单独构成 GREEN。 EN=After your Hero attacks, add a Lackey to your hand.; ZH=在你的英雄攻击后，将一张跟班牌置入你的 手牌。; source=fireplace/cards/uldum/warrior.py:98; existing_tests=none; prior=YELLOW:3 个机制缺少充分的核心效果验证；逐机制依据见 card_mechanism.csv。; prior_evidence=card_mechanism.csv#ULD_708; generic-play-smoke:played","After your Hero attacks, add a Lackey to your hand.",在你的英雄攻击后，将一张跟班牌置入你的 手牌。,fireplace/cards/uldum/warrior.py:98
17.6.0.53261,Saviors of Uldum (ULDUM),ULD_709,Armored Goon,重甲暴徒,Trigger,GREEN,implemented,yes,逐卡关键行为断言通过：hero_weapon_attack_grants_five_armor: armor=5;enemy_health=27;body=PLAY,card_mechanism.csv#ULD_709; generic-play-smoke:played; effect-evidence: reports/card_quality_full_2026-09-27/set_probe_ULDUM.csv#ULD_709::hero_weapon_attack_grants_five_armor; per-card: reports/card_quality_full_2026-09-27/set_probe_ULDUM.csv#ULD_709::hero_weapon_attack_grants_five_armor,"聚合状态取该卡最差机制；普通烟测只证明可执行，不能单独构成 GREEN。 EN=Whenever your hero attacks, gain 5 Armor.; ZH=每当你的英雄攻击时，便获得5点 护甲值。; source=fireplace/cards/uldum/warrior.py:33; existing_tests=none; prior=YELLOW:1 个机制缺少充分的核心效果验证；逐机制依据见 card_mechanism.csv。; prior_evidence=card_mechanism.csv#ULD_709; generic-play-smoke:played","Whenever your hero attacks, gain 5 Armor.",每当你的英雄攻击时，便获得5点 护甲值。,fireplace/cards/uldum/warrior.py:33
17.6.0.53261,Saviors of Uldum (ULDUM),ULD_711,Hack the System,侵入系统,Quest|Spell resolution|Summon,GREEN,implemented,yes,"逐卡关键行为断言通过：five_actual_hero_attacks_unlock_and_use_anraphets_core: progress=[1, 2, 3, 4, 5];quest=GRAVEYARD;power=ULD_711p3;golems=[(4, 3, 'PLAY')];enemy_health=15",card_mechanism.csv#ULD_711; generic-play-smoke:played; effect-evidence: reports/card_quality_full_2026-09-27/set_probe_ULDUM.csv#ULD_711::five_actual_hero_attacks_unlock_and_use_anraphets_core; per-card: reports/card_quality_full_2026-09-27/set_probe_ULDUM.csv#ULD_711::five_actual_hero_attacks_unlock_and_use_anraphets_core,聚合状态取该卡最差机制；普通烟测只证明可执行，不能单独构成 GREEN。 EN=[x]Quest: Attack 5 times with your hero. Reward: Anraphet's Core.; ZH=任务：用你的英雄攻击5次。奖励：安拉斐特之核。; source=fireplace/cards/uldum/warrior.py:74; existing_tests=none; prior=YELLOW:3 个机制缺少充分的核心效果验证；逐机制依据见 card_mechanism.csv。; prior_evidence=card_mechanism.csv#ULD_711; generic-play-smoke:played,[x]Quest: Attack 5 times with your hero. Reward: Anraphet's Core.,任务：用你的英雄攻击5次。奖励：安拉斐特之核。,fireplace/cards/uldum/warrior.py:74
17.6.0.53261,Saviors of Uldum (ULDUM),ULD_712,Bug Collector,昆虫收藏家,Battlecry|Summon,GREEN,implemented,yes,"逐卡关键行为断言通过：battlecry_summons_one_functional_rush_locust: locusts=[(1, 1, 1, 'GRAVEYARD')];ready=True;enemy=GRAVEYARD;body=PLAY",card_mechanism.csv#ULD_712; generic-play-smoke:played; effect-evidence: reports/card_quality_full_2026-09-27/set_probe_ULDUM.csv#ULD_712::battlecry_summons_one_functional_rush_locust; per-card: reports/card_quality_full_2026-09-27/set_probe_ULDUM.csv#ULD_712::battlecry_summons_one_functional_rush_locust,聚合状态取该卡最差机制；普通烟测只证明可执行，不能单独构成 GREEN。 EN=Battlecry: Summon a 1/1 Locust with Rush.; ZH=战吼：召唤一只1/1并具有突袭的蝗虫。; source=fireplace/cards/uldum/neutral_common.py:123; existing_tests=none; prior=YELLOW:2 个机制缺少充分的核心效果验证；逐机制依据见 card_mechanism.csv。; prior_evidence=card_mechanism.csv#ULD_712; generic-play-smoke:played,Battlecry: Summon a 1/1 Locust with Rush.,战吼：召唤一只1/1并具有突袭的蝗虫。,fireplace/cards/uldum/neutral_common.py:123
17.6.0.53261,Saviors of Uldum (ULDUM),ULD_713,Swarm of Locusts,飞蝗虫群,Spell resolution|Summon,GREEN,implemented,yes,"逐卡关键行为断言通过：summons_seven_one_one_rush_locusts: locusts=[('ULD_430t', 1, 1, 1, 'PLAY'), ('ULD_430t', 1, 1, 1, 'PLAY'), ('ULD_430t', 1, 1, 1, 'PLAY'), ('ULD_430t', 1, 1, 1, 'PLAY'), ('ULD_430t', 1, 1, 1, 'PLAY'), ('ULD_430t', 1, 1, 1, 'PLAY'), ('ULD_430t', 1, 1, 1, 'PLAY')];spell=GRAVEYARD",card_mechanism.csv#ULD_713; generic-play-smoke:played; effect-evidence: reports/card_quality_full_2026-09-27/set_probe_ULDUM.csv#ULD_713::summons_seven_one_one_rush_locusts; per-card: reports/card_quality_full_2026-09-27/set_probe_ULDUM.csv#ULD_713::summons_seven_one_one_rush_locusts,聚合状态取该卡最差机制；普通烟测只证明可执行，不能单独构成 GREEN。 EN=Summon seven 1/1 Locusts with Rush.; ZH=召唤七只1/1并具有突袭的 蝗虫。; source=fireplace/cards/uldum/hunter.py:91; existing_tests=none; prior=YELLOW:2 个机制缺少充分的核心效果验证；逐机制依据见 card_mechanism.csv。; prior_evidence=card_mechanism.csv#ULD_713; generic-play-smoke:played,Summon seven 1/1 Locusts with Rush.,召唤七只1/1并具有突袭的 蝗虫。,fireplace/cards/uldum/hunter.py:91
17.6.0.53261,Saviors of Uldum (ULDUM),ULD_714,Penance,苦修,Lifesteal|Spell resolution|Targeting,GREEN,implemented,yes,逐卡关键行为断言通过：deals_three_to_minion_and_lifesteal_heals_three: target=2:PLAY;own_hero=28;enemy_hero=30;spell=GRAVEYARD,card_mechanism.csv#ULD_714; generic-play-smoke:played; effect-evidence: reports/card_quality_full_2026-09-27/set_probe_ULDUM.csv#ULD_714::deals_three_to_minion_and_lifesteal_heals_three; per-card: reports/card_quality_full_2026-09-27/set_probe_ULDUM.csv#ULD_714::deals_three_to_minion_and_lifesteal_heals_three,聚合状态取该卡最差机制；普通烟测只证明可执行，不能单独构成 GREEN。 EN=Lifesteal Deal $3 damage to a minion.; ZH=吸血 对一个随从造成$3点伤害。; source=fireplace/cards/uldum/priest.py:81; existing_tests=none; prior=YELLOW:3 个机制缺少充分的核心效果验证；逐机制依据见 card_mechanism.csv。; prior_evidence=card_mechanism.csv#ULD_714; generic-play-smoke:played,Lifesteal Deal $3 damage to a minion.,吸血 对一个随从造成$3点伤害。,fireplace/cards/uldum/priest.py:81
17.6.0.53261,Saviors of Uldum (ULDUM),ULD_715,Plague of Madness,疯狂之灾祸,Spell resolution|Summon,GREEN,implemented,yes,"逐卡关键行为断言通过：both_players_equip_two_two_poisonous_weapon: initial=[('ULD_715t', 2, 2, 1, 'PLAY'), ('ULD_715t', 2, 2, 1, 'PLAY')];ready=True;target=GRAVEYARD;own_weapon=1;enemy_weapon=PLAY;spell=GRAVEYARD",card_mechanism.csv#ULD_715; generic-play-smoke:played; effect-evidence: reports/card_quality_full_2026-09-27/set_probe_ULDUM.csv#ULD_715::both_players_equip_two_two_poisonous_weapon; per-card: reports/card_quality_full_2026-09-27/set_probe_ULDUM.csv#ULD_715::both_players_equip_two_two_poisonous_weapon,聚合状态取该卡最差机制；普通烟测只证明可执行，不能单独构成 GREEN。 EN=Each player equips a 2/2 Knife with Poisonous.; ZH=每个玩家装备一把2/2并具有剧毒的刀。; source=fireplace/cards/uldum/rogue.py:97; existing_tests=none; prior=YELLOW:2 个机制缺少充分的核心效果验证；逐机制依据见 card_mechanism.csv。; prior_evidence=card_mechanism.csv#ULD_715; generic-play-smoke:played,Each player equips a 2/2 Knife with Poisonous.,每个玩家装备一把2/2并具有剧毒的刀。,fireplace/cards/uldum/rogue.py:97
17.6.0.53261,Saviors of Uldum (ULDUM),ULD_716,Tip the Scales,鱼人为王,Spell resolution|Summon,GREEN,implemented,yes,"逐卡关键行为断言通过：seven_murlocs_leave_deck_for_own_board: murlocs=['PLAY', 'PLAY', 'PLAY', 'PLAY', 'PLAY', 'PLAY', 'PLAY'];plain=DECK;spell=GRAVEYARD",card_mechanism.csv#ULD_716; generic-play-smoke:played; effect-evidence: reports/card_quality_full_2026-09-27/set_probe_ULDUM.csv#ULD_716::seven_murlocs_leave_deck_for_own_board; per-card: reports/card_quality_full_2026-09-27/set_probe_ULDUM.csv#ULD_716::seven_murlocs_leave_deck_for_own_board,聚合状态取该卡最差机制；普通烟测只证明可执行，不能单独构成 GREEN。 EN=Summon 7 Murlocs from your deck.; ZH=从你的牌库中召唤七个鱼人。; source=fireplace/cards/uldum/paladin.py:97; existing_tests=none; prior=YELLOW:2 个机制缺少充分的核心效果验证；逐机制依据见 card_mechanism.csv。; prior_evidence=card_mechanism.csv#ULD_716; generic-play-smoke:played,Summon 7 Murlocs from your deck.,从你的牌库中召唤七个鱼人。,fireplace/cards/uldum/paladin.py:97
17.6.0.53261,Saviors of Uldum (ULDUM),ULD_717,Plague of Flames,火焰之灾祸,Random effects|Spell resolution,GREEN,implemented,yes,"逐卡关键行为断言通过：two_friendly_sacrifices_destroy_two_random_enemy_minions: own=['GRAVEYARD', 'GRAVEYARD'];enemy=['GRAVEYARD', 'PLAY', 'GRAVEYARD'];enemy_dead=2;spell=GRAVEYARD",card_mechanism.csv#ULD_717; generic-play-smoke:played; effect-evidence: reports/card_quality_full_2026-09-27/set_probe_ULDUM.csv#ULD_717::two_friendly_sacrifices_destroy_two_random_enemy_minions; per-card: reports/card_quality_full_2026-09-27/set_probe_ULDUM.csv#ULD_717::two_friendly_sacrifices_destroy_two_random_enemy_minions,"聚合状态取该卡最差机制；普通烟测只证明可执行，不能单独构成 GREEN。 EN=[x]Destroy all your minions. For each one, destroy a random enemy minion.; ZH=消灭你的所有随从。每消灭一个随从，便随机消灭一个敌方随从。; source=fireplace/cards/uldum/warlock.py:124; existing_tests=none; prior=YELLOW:2 个机制缺少充分的核心效果验证；逐机制依据见 card_mechanism.csv。; prior_evidence=card_mechanism.csv#ULD_717; generic-play-smoke:played","[x]Destroy all your minions. For each one, destroy a random enemy minion.",消灭你的所有随从。每消灭一个随从，便随机消灭一个敌方随从。,fireplace/cards/uldum/warlock.py:124
17.6.0.53261,Saviors of Uldum (ULDUM),ULD_718,Plague of Death,死亡之灾祸,Silence|Spell resolution,GREEN,implemented,yes,逐卡关键行为断言通过：silences_deathrattle_then_destroys_all_minions: deathrattle=GRAVEYARD;enemy=GRAVEYARD;tokens=0;spell=GRAVEYARD,card_mechanism.csv#ULD_718; generic-play-smoke:played; effect-evidence: reports/card_quality_full_2026-09-27/set_probe_ULDUM.csv#ULD_718::silences_deathrattle_then_destroys_all_minions; per-card: reports/card_quality_full_2026-09-27/set_probe_ULDUM.csv#ULD_718::silences_deathrattle_then_destroys_all_minions,聚合状态取该卡最差机制；普通烟测只证明可执行，不能单独构成 GREEN。 EN=Silence and destroy all minions.; ZH=沉默并消灭所有随从。; source=fireplace/cards/uldum/priest.py:92; existing_tests=none; prior=YELLOW:2 个机制缺少充分的核心效果验证；逐机制依据见 card_mechanism.csv。; prior_evidence=card_mechanism.csv#ULD_718; generic-play-smoke:played,Silence and destroy all minions.,沉默并消灭所有随从。,fireplace/cards/uldum/priest.py:92
17.6.0.53261,Saviors of Uldum (ULDUM),ULD_719,Desert Hare,沙漠野兔,Battlecry|Summon,GREEN,implemented,yes,"逐卡关键行为断言通过：battlecry_summons_two_extra_hares_on_own_side: own_hares=[('ULD_719', 1, 1, 'PLAY'), ('ULD_719', 1, 1, 'PLAY'), ('ULD_719', 1, 1, 'PLAY')];enemy_field=[]",card_mechanism.csv#ULD_719; generic-play-smoke:played; effect-evidence: reports/card_quality_full_2026-09-27/set_probe_ULDUM.csv#ULD_719::battlecry_summons_two_extra_hares_on_own_side; per-card: reports/card_quality_full_2026-09-27/set_probe_ULDUM.csv#ULD_719::battlecry_summons_two_extra_hares_on_own_side,聚合状态取该卡最差机制；普通烟测只证明可执行，不能单独构成 GREEN。 EN=Battlecry: Summon two 1/1 Desert Hares.; ZH=战吼：召唤两只1/1的沙漠野兔。; source=fireplace/cards/uldum/neutral_common.py:130; existing_tests=none; prior=YELLOW:2 个机制缺少充分的核心效果验证；逐机制依据见 card_mechanism.csv。; prior_evidence=card_mechanism.csv#ULD_719; generic-play-smoke:played,Battlecry: Summon two 1/1 Desert Hares.,战吼：召唤两只1/1的沙漠野兔。,fireplace/cards/uldum/neutral_common.py:130
17.6.0.53261,Saviors of Uldum (ULDUM),ULD_720,Bloodsworn Mercenary,血誓雇佣兵,Battlecry|Summon|Targeting,GREEN,implemented,yes,"逐卡关键行为断言通过：chosen_damaged_friendly_minion_copied_with_damage: copies=[('CS2_182', 4, 4, 'PLAY'), ('CS2_182', 4, 4, 'PLAY')];body=PLAY",card_mechanism.csv#ULD_720; generic-play-smoke:played; effect-evidence: reports/card_quality_full_2026-09-27/set_probe_ULDUM.csv#ULD_720::chosen_damaged_friendly_minion_copied_with_damage; per-card: reports/card_quality_full_2026-09-27/set_probe_ULDUM.csv#ULD_720::chosen_damaged_friendly_minion_copied_with_damage,聚合状态取该卡最差机制；普通烟测只证明可执行，不能单独构成 GREEN。 EN=[x]Battlecry: Choose a damaged friendly minion. Summon a copy of it.; ZH=战吼：选择一个受伤的友方随从，召唤一个它的复制。; source=fireplace/cards/uldum/warrior.py:40; existing_tests=none; prior=YELLOW:3 个机制缺少充分的核心效果验证；逐机制依据见 card_mechanism.csv。; prior_evidence=card_mechanism.csv#ULD_720; generic-play-smoke:played,[x]Battlecry: Choose a damaged friendly minion. Summon a copy of it.,战吼：选择一个受伤的友方随从，召唤一个它的复制。,fireplace/cards/uldum/warrior.py:40
17.6.0.53261,Saviors of Uldum (ULDUM),ULD_721,Colossus of the Moon,月亮巨人守护者,Divine Shield|Reborn,GREEN,implemented,yes,"逐卡关键行为断言通过：divine_shield_reborn_returns_one_health_shielded_body: initial=(1, 1);after_hit=10:False;dead=GRAVEYARD;returned=[(1, 1, False, 'PLAY')]",card_mechanism.csv#ULD_721; generic-play-smoke:played; effect-evidence: reports/card_quality_full_2026-09-27/set_probe_ULDUM.csv#ULD_721::divine_shield_reborn_returns_one_health_shielded_body; per-card: reports/card_quality_full_2026-09-27/set_probe_ULDUM.csv#ULD_721::divine_shield_reborn_returns_one_health_shielded_body,聚合状态取该卡最差机制；普通烟测只证明可执行，不能单独构成 GREEN。 EN=Divine Shield Reborn; ZH=圣盾，复生; source=; existing_tests=tests/test_misc.py:168:test_reborn | tests/test_misc.py:165:test_reborn; prior=YELLOW:2 个机制缺少充分的核心效果验证；逐机制依据见 card_mechanism.csv。; prior_evidence=card_mechanism.csv#ULD_721; generic-play-smoke:played,Divine Shield Reborn,圣盾，复生,
17.6.0.53261,Saviors of Uldum (ULDUM),ULD_723,Murmy,鱼人木乃伊,Reborn,GREEN,implemented,yes,"逐卡关键行为断言通过：first_death_reborns_at_one_health_second_death_final: initial=1;first_dead=GRAVEYARD;returned=[(1, False, 'GRAVEYARD')];remaining=0",card_mechanism.csv#ULD_723; generic-play-smoke:played; effect-evidence: reports/card_quality_full_2026-09-27/set_probe_ULDUM.csv#ULD_723::first_death_reborns_at_one_health_second_death_final; per-card: reports/card_quality_full_2026-09-27/set_probe_ULDUM.csv#ULD_723::first_death_reborns_at_one_health_second_death_final,聚合状态取该卡最差机制；普通烟测只证明可执行，不能单独构成 GREEN。 EN=Reborn; ZH=复生; source=; existing_tests=none; prior=YELLOW:1 个机制缺少充分的核心效果验证；逐机制依据见 card_mechanism.csv。; prior_evidence=card_mechanism.csv#ULD_723; generic-play-smoke:played,Reborn,复生,
17.6.0.53261,Saviors of Uldum (ULDUM),ULD_724,Activate the Obelisk,激活方尖碑,Quest|Spell resolution|Summon|Targeting,GREEN,implemented,yes,逐卡实测：实际恢复十五点生命分 6、6、3 计进度并解锁英雄技能；对受伤随从治疗且给予 +3/+3。,tests/test_uldum_red_fixes.py::test_activate_the_obelisk_counts_actual_healing_and_upgrades_power,原始结论保留于known_issues_archive_2026-09-29/。 任务在治疗事件时按实际治疗量累积。,Quest: Restore 15 Health. Reward: Obelisk's Eye.,任务：恢复15点生命值。奖励：方尖碑之眼。,fireplace/cards/uldum/priest.py:99
17.6.0.53261,Saviors of Uldum (ULDUM),ULD_726,Ancient Mysteries,远古谜团,Draw / Discard|Spell resolution|Targeting,GREEN,implemented,yes,逐卡关键行为断言通过：draws_secret_from_deck_and_sets_cost_zero: secret=EX1_287:0:HAND;plain=DECK;spell=GRAVEYARD,card_mechanism.csv#ULD_726; generic-play-smoke:played; effect-evidence: reports/card_quality_full_2026-09-27/set_probe_ULDUM.csv#ULD_726::draws_secret_from_deck_and_sets_cost_zero; per-card: reports/card_quality_full_2026-09-27/set_probe_ULDUM.csv#ULD_726::draws_secret_from_deck_and_sets_cost_zero,聚合状态取该卡最差机制；普通烟测只证明可执行，不能单独构成 GREEN。 EN=Draw a Secret from your deck. It costs (0).; ZH=从你的牌库中抽一张奥秘牌。其法力值消耗为（0）点。; source=fireplace/cards/uldum/mage.py:109; existing_tests=none; prior=YELLOW:3 个机制缺少充分的核心效果验证；逐机制依据见 card_mechanism.csv。; prior_evidence=card_mechanism.csv#ULD_726; generic-play-smoke:played,Draw a Secret from your deck. It costs (0).,从你的牌库中抽一张奥秘牌。其法力值消耗为（0）点。,fireplace/cards/uldum/mage.py:109
17.6.0.53261,Saviors of Uldum (ULDUM),ULD_727,Body Wrapper,裹尸匠,Battlecry|Discover / Choice,GREEN,implemented,yes,"逐卡关键行为断言通过：discover_only_friendly_dead_minions_and_shuffle_selected: options=[('NEW1_023', 'DECK'), ('CS2_231', 'SETASIDE'), ('CS2_182', 'SETASIDE')];selected=NEW1_023;added=[('NEW1_023', 'DECK')];choice_closed=True;body=PLAY",card_mechanism.csv#ULD_727; generic-play-smoke:played; effect-evidence: reports/card_quality_full_2026-09-27/set_probe_ULDUM.csv#ULD_727::discover_only_friendly_dead_minions_and_shuffle_selected; per-card: reports/card_quality_full_2026-09-27/set_probe_ULDUM.csv#ULD_727::discover_only_friendly_dead_minions_and_shuffle_selected,聚合状态取该卡最差机制；普通烟测只证明可执行，不能单独构成 GREEN。 EN=Battlecry: Discover a friendly minion that died this game. Shuffle it into your deck.; ZH=战吼：发现一个在本局对战中死亡的友方随从。将其洗入你的牌库。; source=fireplace/cards/uldum/neutral_epic.py:104; existing_tests=none; prior=YELLOW:2 个机制缺少充分的核心效果验证；逐机制依据见 card_mechanism.csv。; prior_evidence=card_mechanism.csv#ULD_727; generic-play-smoke:played,Battlecry: Discover a friendly minion that died this game. Shuffle it into your deck.,战吼：发现一个在本局对战中死亡的友方随从。将其洗入你的牌库。,fireplace/cards/uldum/neutral_epic.py:104
17.6.0.53261,Saviors of Uldum (ULDUM),ULD_728,Subdue,制伏,Spell resolution|Targeting,GREEN,implemented,yes,逐卡关键行为断言通过：sets_selected_minion_attack_and_health_to_one: target=1/1/1;other=4/5;spell=GRAVEYARD,card_mechanism.csv#ULD_728; generic-play-smoke:played; effect-evidence: reports/card_quality_full_2026-09-27/set_probe_ULDUM.csv#ULD_728::sets_selected_minion_attack_and_health_to_one; per-card: reports/card_quality_full_2026-09-27/set_probe_ULDUM.csv#ULD_728::sets_selected_minion_attack_and_health_to_one,聚合状态取该卡最差机制；普通烟测只证明可执行，不能单独构成 GREEN。 EN=Set a minion's Attack and Health to 1.; ZH=将一个随从的攻击力和生命值变为1。; source=fireplace/cards/uldum/paladin.py:107; existing_tests=none; prior=YELLOW:2 个机制缺少充分的核心效果验证；逐机制依据见 card_mechanism.csv。; prior_evidence=card_mechanism.csv#ULD_728; generic-play-smoke:played,Set a minion's Attack and Health to 1.,将一个随从的攻击力和生命值变为1。,fireplace/cards/uldum/paladin.py:107
