version,set,card_id,name_en,name_zh,mechanic,status,implementation,tested,reason,evidence,notes,card_text_en,card_text_zh,python_source
17.6.0.53261,Rastakhan's Rumble (TROLL),TRL_010,Half-Time Scavenger,中场拾荒者,Stealth,GREEN,implemented,yes,逐卡关键行为断言通过：overkill_grants_three_armor: overkill=True;stealth_at_play=1;enemy=GRAVEYARD;armor=3;body=PLAY; exact_lethal_gives_no_armor: overkill=False;stealth_at_play=1;enemy=GRAVEYARD;armor=0;body=PLAY,card_mechanism.csv#TRL_010; generic-play-smoke:played; effect-evidence: reports/card_quality_full_2026-09-27/set_probe_TROLL.csv#TRL_010::overkill_grants_three_armor; reports/card_quality_full_2026-09-27/set_probe_TROLL.csv#TRL_010::exact_lethal_gives_no_armor; per-card: reports/card_quality_full_2026-09-27/set_probe_TROLL.csv#TRL_010::overkill_grants_three_armor; reports/card_quality_full_2026-09-27/set_probe_TROLL.csv#TRL_010::exact_lethal_gives_no_armor,聚合状态取该卡最差机制；普通烟测只证明可执行，不能单独构成 GREEN。 EN=Stealth Overkill: Gain 3 Armor.; ZH=潜行 超杀：获得3点 护甲值。; source=fireplace/cards/troll/neutral_common.py:8; existing_tests=none; prior=YELLOW:1 个机制缺少充分的核心效果验证；逐机制依据见 card_mechanism.csv。; prior_evidence=card_mechanism.csv#TRL_010; generic-play-smoke:played,Stealth Overkill: Gain 3 Armor.,潜行 超杀：获得3点 护甲值。,fireplace/cards/troll/neutral_common.py:8
17.6.0.53261,Rastakhan's Rumble (TROLL),TRL_012,Totemic Smash,图腾重击,Random effects|Spell resolution|Summon|Targeting,GREEN,implemented,yes,"逐卡关键行为断言通过：overkill_summons_one_basic_totem: overkill=True;target=GRAVEYARD;totems=[('CS2_050', 1, 1, 'PLAY')];spell=GRAVEYARD; exact_lethal_no_totem: overkill=False;target=GRAVEYARD;totems=[];spell=GRAVEYARD",card_mechanism.csv#TRL_012; generic-play-smoke:played; effect-evidence: reports/card_quality_full_2026-09-27/set_probe_TROLL.csv#TRL_012::overkill_summons_one_basic_totem; reports/card_quality_full_2026-09-27/set_probe_TROLL.csv#TRL_012::exact_lethal_no_totem; per-card: reports/card_quality_full_2026-09-27/set_probe_TROLL.csv#TRL_012::overkill_summons_one_basic_totem; reports/card_quality_full_2026-09-27/set_probe_TROLL.csv#TRL_012::exact_lethal_no_totem,聚合状态取该卡最差机制；普通烟测只证明可执行，不能单独构成 GREEN。 EN=Deal $2 damage. Overkill: Summon a basic Totem.; ZH=造成$2点伤害。 超杀：召唤一个 基础图腾。; source=fireplace/cards/troll/shaman.py:67; existing_tests=none; prior=YELLOW:4 个机制缺少充分的核心效果验证；逐机制依据见 card_mechanism.csv。; prior_evidence=card_mechanism.csv#TRL_012; generic-play-smoke:played,Deal $2 damage. Overkill: Summon a basic Totem.,造成$2点伤害。 超杀：召唤一个 基础图腾。,fireplace/cards/troll/shaman.py:67
17.6.0.53261,Rastakhan's Rumble (TROLL),TRL_015,Ticket Scalper,黑心票贩,Draw / Discard,GREEN,implemented,yes,"逐卡关键行为断言通过：overkill_draws_two: overkill=True;enemy=GRAVEYARD;drawn=['HAND', 'HAND', 'HAND'];deck_before_attack=2;deck_after_attack=0;body=PLAY; exact_lethal_draws_none: overkill=False;enemy=GRAVEYARD;drawn=['DECK', 'HAND', 'DECK'];deck_before_attack=2;deck_after_attack=2;body=GRAVEYARD",card_mechanism.csv#TRL_015; generic-play-smoke:played; effect-evidence: reports/card_quality_full_2026-09-27/set_probe_TROLL.csv#TRL_015::overkill_draws_two; reports/card_quality_full_2026-09-27/set_probe_TROLL.csv#TRL_015::exact_lethal_draws_none; per-card: reports/card_quality_full_2026-09-27/set_probe_TROLL.csv#TRL_015::overkill_draws_two; reports/card_quality_full_2026-09-27/set_probe_TROLL.csv#TRL_015::exact_lethal_draws_none,聚合状态取该卡最差机制；普通烟测只证明可执行，不能单独构成 GREEN。 EN=Overkill: Draw 2 cards.; ZH=超杀：抽两张牌。; source=fireplace/cards/troll/neutral_common.py:15; existing_tests=none; prior=YELLOW:1 个机制缺少充分的核心效果验证；逐机制依据见 card_mechanism.csv。; prior_evidence=card_mechanism.csv#TRL_015; generic-play-smoke:played,Overkill: Draw 2 cards.,超杀：抽两张牌。,fireplace/cards/troll/neutral_common.py:15
17.6.0.53261,Rastakhan's Rumble (TROLL),TRL_020,Sightless Ranger,盲眼游侠,Rush|Summon,GREEN,implemented,yes,"逐卡关键行为断言通过：rush_overkill_two_bats: overkill=True;rush_ready=True;enemy=GRAVEYARD;bats=[(1, 1, 'PLAY'), (1, 1, 'PLAY')];body=PLAY; rush_exact_lethal_no_bats: overkill=False;rush_ready=True;enemy=GRAVEYARD;bats=[];body=GRAVEYARD",card_mechanism.csv#TRL_020; generic-play-smoke:played; effect-evidence: reports/card_quality_full_2026-09-27/set_probe_TROLL.csv#TRL_020::rush_overkill_two_bats; reports/card_quality_full_2026-09-27/set_probe_TROLL.csv#TRL_020::rush_exact_lethal_no_bats; per-card: reports/card_quality_full_2026-09-27/set_probe_TROLL.csv#TRL_020::rush_overkill_two_bats; reports/card_quality_full_2026-09-27/set_probe_TROLL.csv#TRL_020::rush_exact_lethal_no_bats,聚合状态取该卡最差机制；普通烟测只证明可执行，不能单独构成 GREEN。 EN=Rush Overkill: Summon two 1/1 Bats.; ZH=突袭 超杀：召唤两个1/1的蝙蝠。; source=fireplace/cards/troll/neutral_common.py:22; existing_tests=none; prior=YELLOW:2 个机制缺少充分的核心效果验证；逐机制依据见 card_mechanism.csv。; prior_evidence=card_mechanism.csv#TRL_020; generic-play-smoke:played,Rush Overkill: Summon two 1/1 Bats.,突袭 超杀：召唤两个1/1的蝙蝠。,fireplace/cards/troll/neutral_common.py:22
17.6.0.53261,Rastakhan's Rumble (TROLL),TRL_057,Serpent Ward,毒蛇守卫,Trigger,GREEN,implemented,yes,逐卡关键行为断言通过：two_own_turn_ends_enemy_turn_ignored: enemy_health=28->28->26;ward=PLAY,card_mechanism.csv#TRL_057; generic-play-smoke:played; effect-evidence: reports/card_quality_full_2026-09-27/set_probe_TROLL.csv#TRL_057::two_own_turn_ends_enemy_turn_ignored; per-card: reports/card_quality_full_2026-09-27/set_probe_TROLL.csv#TRL_057::two_own_turn_ends_enemy_turn_ignored,"聚合状态取该卡最差机制；普通烟测只证明可执行，不能单独构成 GREEN。 EN=At the end of your turn, deal 2 damage to the enemy hero.; ZH=在你的回合结束时，对敌方英雄造成2点 伤害。; source=fireplace/cards/troll/neutral_rare.py:8; existing_tests=none; prior=YELLOW:1 个机制缺少充分的核心效果验证；逐机制依据见 card_mechanism.csv。; prior_evidence=card_mechanism.csv#TRL_057; generic-play-smoke:played","At the end of your turn, deal 2 damage to the enemy hero.",在你的回合结束时，对敌方英雄造成2点 伤害。,fireplace/cards/troll/neutral_rare.py:8
17.6.0.53261,Rastakhan's Rumble (TROLL),TRL_058,Haunting Visions,亡鬼幻象,Cost modification|Discover / Choice|Random effects|Spell resolution,GREEN,implemented,yes,"逐卡关键行为断言通过：discover_and_next_spell_discount_only: options=[('CFM_310', 5), ('ICC_056', 5), ('GIL_600', 5)];chosen=CFM_310;discovered=[('CFM_310', 'HAND')];costs=(1, 0)->2;enemy_hero=24;visions=GRAVEYARD; unused_discount_expires_turn_end: cost=1->4;zone=HAND",card_mechanism.csv#TRL_058; generic-play-smoke:played; effect-evidence: reports/card_quality_full_2026-09-27/set_probe_TROLL.csv#TRL_058::discover_and_next_spell_discount_only; reports/card_quality_full_2026-09-27/set_probe_TROLL.csv#TRL_058::unused_discount_expires_turn_end; per-card: reports/card_quality_full_2026-09-27/set_probe_TROLL.csv#TRL_058::discover_and_next_spell_discount_only; reports/card_quality_full_2026-09-27/set_probe_TROLL.csv#TRL_058::unused_discount_expires_turn_end,聚合状态取该卡最差机制；普通烟测只证明可执行，不能单独构成 GREEN。 EN=The next spell you cast this turn costs (3) less. Discover a spell.; ZH=在本回合中，你所施放的下一个法术的法力值消耗减少（3）点。发现一张法术牌。; source=fireplace/cards/troll/shaman.py:78; existing_tests=none; prior=YELLOW:4 个机制缺少充分的核心效果验证；逐机制依据见 card_mechanism.csv。; prior_evidence=card_mechanism.csv#TRL_058; generic-play-smoke:played,The next spell you cast this turn costs (3) less. Discover a spell.,在本回合中，你所施放的下一个法术的法力值消耗减少（3）点。发现一张法术牌。,fireplace/cards/troll/shaman.py:78
17.6.0.53261,Rastakhan's Rumble (TROLL),TRL_059,Bog Slosher,沼泽游荡者,Battlecry|Targeting,GREEN,implemented,yes,逐卡关键行为断言通过：friendly_minion_bounced_and_buffed: friend=HAND:6/7;enemy=PLAY;slosher=PLAY; no_target_playable: body=PLAY;field=['TRL_059'];hand=[],card_mechanism.csv#TRL_059; generic-play-smoke:played; effect-evidence: reports/card_quality_full_2026-09-27/set_probe_TROLL.csv#TRL_059::friendly_minion_bounced_and_buffed; reports/card_quality_full_2026-09-27/set_probe_TROLL.csv#TRL_059::no_target_playable; per-card: reports/card_quality_full_2026-09-27/set_probe_TROLL.csv#TRL_059::friendly_minion_bounced_and_buffed; reports/card_quality_full_2026-09-27/set_probe_TROLL.csv#TRL_059::no_target_playable,聚合状态取该卡最差机制；普通烟测只证明可执行，不能单独构成 GREEN。 EN=Battlecry: Return a friendly minion to your hand and give it +2/+2.; ZH=战吼：将一个友方随从移回你的手牌，并使其获得+2/+2。; source=fireplace/cards/troll/shaman.py:8; existing_tests=none; prior=YELLOW:2 个机制缺少充分的核心效果验证；逐机制依据见 card_mechanism.csv。; prior_evidence=card_mechanism.csv#TRL_059; generic-play-smoke:played,Battlecry: Return a friendly minion to your hand and give it +2/+2.,战吼：将一个友方随从移回你的手牌，并使其获得+2/+2。,fireplace/cards/troll/shaman.py:8
17.6.0.53261,Rastakhan's Rumble (TROLL),TRL_060,Spirit of the Frog,青蛙之灵,Cost modification|Draw / Discard|Stealth|Trigger,GREEN,implemented,yes,"逐卡关键行为断言通过：spell_cost_chain_draws_matching_spells: stealth=1;after_zero=['HAND', 'DECK', 'DECK'];after_one=['GRAVEYARD', 'HAND', 'DECK'];friend_attack=4;zero=GRAVEYARD; one_turn_stealth_expires: stealth=1->False;zone=PLAY",card_mechanism.csv#TRL_060; generic-play-smoke:played; effect-evidence: reports/card_quality_full_2026-09-27/set_probe_TROLL.csv#TRL_060::spell_cost_chain_draws_matching_spells; reports/card_quality_full_2026-09-27/set_probe_TROLL.csv#TRL_060::one_turn_stealth_expires; per-card: reports/card_quality_full_2026-09-27/set_probe_TROLL.csv#TRL_060::spell_cost_chain_draws_matching_spells; reports/card_quality_full_2026-09-27/set_probe_TROLL.csv#TRL_060::one_turn_stealth_expires,"聚合状态取该卡最差机制；普通烟测只证明可执行，不能单独构成 GREEN。 EN=[x]Stealth for 1 turn. Whenever you cast a spell, draw a spell from your deck that costs (1) more.; ZH=潜行一回合。每当你施放一个法术，从你的牌库中抽取一张法力值消耗增加（1）点的法术牌。; source=fireplace/cards/troll/shaman.py:23; existing_tests=none; prior=YELLOW:4 个机制缺少充分的核心效果验证；逐机制依据见 card_mechanism.csv。; prior_evidence=card_mechanism.csv#TRL_060; generic-play-smoke:played","[x]Stealth for 1 turn. Whenever you cast a spell, draw a spell from your deck that costs (1) more.",潜行一回合。每当你施放一个法术，从你的牌库中抽取一张法力值消耗增加（1）点的法术牌。,fireplace/cards/troll/shaman.py:23
17.6.0.53261,Rastakhan's Rumble (TROLL),TRL_065,Zul'jin,祖尔金,Battlecry,GREEN,implemented,yes,逐卡关键行为断言通过：recast_spell_and_transform: first_spell=GRAVEYARD;enemy_after_first=28;enemy_after_hero=26;hero=TRL_065;armor=5;hero_card=PLAY; empty_spell_history: enemy_health=30;new_hero=TRL_065;armor=5;hero_card=PLAY,card_mechanism.csv#TRL_065; generic-play-smoke:played; effect-evidence: reports/card_quality_full_2026-09-27/set_probe_TROLL.csv#TRL_065::recast_spell_and_transform; reports/card_quality_full_2026-09-27/set_probe_TROLL.csv#TRL_065::empty_spell_history; per-card: reports/card_quality_full_2026-09-27/set_probe_TROLL.csv#TRL_065::recast_spell_and_transform; reports/card_quality_full_2026-09-27/set_probe_TROLL.csv#TRL_065::empty_spell_history,聚合状态取该卡最差机制；普通烟测只证明可执行，不能单独构成 GREEN。 EN=[x]Battlecry: Cast all spells you've played this game (targets chosen randomly).; ZH=战吼： 施放你在本局对战中使用过的所有法术（目标随机而定）。; source=fireplace/cards/troll/hunter.py:118; existing_tests=tests/test_troll.py:207:test_zuljin; prior=YELLOW:1 个机制缺少充分的核心效果验证；逐机制依据见 card_mechanism.csv。; prior_evidence=card_mechanism.csv#TRL_065; generic-play-smoke:played,[x]Battlecry: Cast all spells you've played this game (targets chosen randomly).,战吼： 施放你在本局对战中使用过的所有法术（目标随机而定）。,fireplace/cards/troll/hunter.py:118
17.6.0.53261,Rastakhan's Rumble (TROLL),TRL_071,Bloodsail Howler,血帆啸猴,Battlecry|Rush,RED,partial,yes,"实测与卡牌文本不符：two_other_pirates_each_plus_one: before=(1, 1);howler=4/4:PLAY;pirates=[('CS2_146', 23), ('CS2_146', 23)];nonpirate=CS2_231; no_other_pirates_no_buff: before=(1, 1);after=(2, 2);rush=1",card_mechanism.csv#TRL_071; generic-play-smoke:played; effect-evidence: reports/card_quality_full_2026-09-27/set_probe_TROLL.csv#TRL_071::two_other_pirates_each_plus_one; reports/card_quality_full_2026-09-27/set_probe_TROLL.csv#TRL_071::no_other_pirates_no_buff; per-card: reports/card_quality_full_2026-09-27/set_probe_TROLL.csv#TRL_071::two_other_pirates_each_plus_one; reports/card_quality_full_2026-09-27/set_probe_TROLL.csv#TRL_071::no_other_pirates_no_buff,聚合状态取该卡最差机制；普通烟测只证明可执行，不能单独构成 GREEN。 EN=[x]Rush Battlecry: Gain +1/+1 for each other Pirate you control.; ZH=突袭，战吼：你每控制一个其他海盗，便获得+1/+1。; source=fireplace/cards/troll/rogue.py:8; existing_tests=none; prior=YELLOW:2 个机制缺少充分的核心效果验证；逐机制依据见 card_mechanism.csv。; prior_evidence=card_mechanism.csv#TRL_071; generic-play-smoke:played,[x]Rush Battlecry: Gain +1/+1 for each other Pirate you control.,突袭，战吼：你每控制一个其他海盗，便获得+1/+1。,fireplace/cards/troll/rogue.py:8
17.6.0.53261,Rastakhan's Rumble (TROLL),TRL_074,Serrated Tooth,锯刃齿,Deathrattle|Weapon,GREEN,implemented,yes,"逐卡关键行为断言通过：weapon_deathrattle_grants_all_friendly_rush: weapon=GRAVEYARD;rush=[False, False]->[True, True];ready=True;enemy=PLAY",card_mechanism.csv#TRL_074; generic-play-smoke:played; effect-evidence: reports/card_quality_full_2026-09-27/set_probe_TROLL.csv#TRL_074::weapon_deathrattle_grants_all_friendly_rush; per-card: reports/card_quality_full_2026-09-27/set_probe_TROLL.csv#TRL_074::weapon_deathrattle_grants_all_friendly_rush,聚合状态取该卡最差机制；普通烟测只证明可执行，不能单独构成 GREEN。 EN=Deathrattle: Give your minions Rush.; ZH=亡语：使你的所有随从获得突袭。; source=fireplace/cards/troll/rogue.py:116; existing_tests=none; prior=YELLOW:2 个机制缺少充分的核心效果验证；逐机制依据见 card_mechanism.csv。; prior_evidence=card_mechanism.csv#TRL_074; generic-play-smoke:played,Deathrattle: Give your minions Rush.,亡语：使你的所有随从获得突袭。,fireplace/cards/troll/rogue.py:116
17.6.0.53261,Rastakhan's Rumble (TROLL),TRL_077,Gurubashi Hypemon,古拉巴什宣传员,Battlecry|Discover / Choice|Random effects,GREEN,implemented,yes,"逐卡关键行为断言通过：discovered_battlecry_copy_one_one_one_cost: options=[('BT_723', 1), ('EX1_590', 1), ('EX1_116', 1)];chosen=BT_723;copies=[('BT_723', 1, 1, 1, 'HAND')];body=PLAY",card_mechanism.csv#TRL_077; generic-play-smoke:played; effect-evidence: reports/card_quality_full_2026-09-27/set_probe_TROLL.csv#TRL_077::discovered_battlecry_copy_one_one_one_cost; per-card: reports/card_quality_full_2026-09-27/set_probe_TROLL.csv#TRL_077::discovered_battlecry_copy_one_one_one_cost,聚合状态取该卡最差机制；普通烟测只证明可执行，不能单独构成 GREEN。 EN=Battlecry: Discover a 1/1 copy of a Battlecry minion. It costs (1).; ZH=战吼： 发现一张具有战吼的随从牌的1/1复制，其法力值消耗为（1）点。; source=fireplace/cards/troll/rogue.py:18; existing_tests=none; prior=YELLOW:3 个机制缺少充分的核心效果验证；逐机制依据见 card_mechanism.csv。; prior_evidence=card_mechanism.csv#TRL_077; generic-play-smoke:played,Battlecry: Discover a 1/1 copy of a Battlecry minion. It costs (1).,战吼： 发现一张具有战吼的随从牌的1/1复制，其法力值消耗为（1）点。,fireplace/cards/troll/rogue.py:18
17.6.0.53261,Rastakhan's Rumble (TROLL),TRL_082,Big Bad Voodoo,终极巫毒,Cost modification|Random effects|Spell resolution|Summon|Targeting,GREEN,implemented,yes,"逐卡关键行为断言通过：granted_deathrattle_cost_plus_one_summon: inherited=True;target=GRAVEYARD;summons=[('BT_480', 1, 'PLAY')];spell=GRAVEYARD",card_mechanism.csv#TRL_082; generic-play-smoke:played; effect-evidence: reports/card_quality_full_2026-09-27/set_probe_TROLL.csv#TRL_082::granted_deathrattle_cost_plus_one_summon; per-card: reports/card_quality_full_2026-09-27/set_probe_TROLL.csv#TRL_082::granted_deathrattle_cost_plus_one_summon,"聚合状态取该卡最差机制；普通烟测只证明可执行，不能单独构成 GREEN。 EN=Give a friendly minion ""Deathrattle: Summon a random minion that costs (1) more.""; ZH=使一个友方随从获得“亡语：随机召唤一个法力值消耗增加（1）点的随从。”; source=fireplace/cards/troll/shaman.py:90; existing_tests=none; prior=YELLOW:5 个机制缺少充分的核心效果验证；逐机制依据见 card_mechanism.csv。; prior_evidence=card_mechanism.csv#TRL_082; generic-play-smoke:played","Give a friendly minion ""Deathrattle: Summon a random minion that costs (1) more.""",使一个友方随从获得“亡语：随机召唤一个法力值消耗增加（1）点的随从。”,fireplace/cards/troll/shaman.py:90
17.6.0.53261,Rastakhan's Rumble (TROLL),TRL_085,Zentimo,泽蒂摩,Targeting|Trigger,RED,partial,yes,"实测与卡牌文本不符：middle_target_and_two_neighbors: enemy_health=[4, 5, 3, 5];spell=GRAVEYARD;zentimo=PLAY",card_mechanism.csv#TRL_085; generic-play-smoke:played; effect-evidence: reports/card_quality_full_2026-09-27/set_probe_TROLL.csv#TRL_085::middle_target_and_two_neighbors; reports/card_quality_full_2026-09-27/set_probe_TROLL.csv#TRL_085::single_minion_only_once; per-card: reports/card_quality_full_2026-09-27/set_probe_TROLL.csv#TRL_085::middle_target_and_two_neighbors; reports/card_quality_full_2026-09-27/set_probe_TROLL.csv#TRL_085::single_minion_only_once,"聚合状态取该卡最差机制；普通烟测只证明可执行，不能单独构成 GREEN。 EN=[x]Whenever you target a minion with a spell, cast it again on its neighbors.; ZH=每当你以一个随从为目标施放法术时，对该随从相邻的随从再次施放。; source=fireplace/cards/troll/shaman.py:36; existing_tests=none; prior=YELLOW:2 个机制缺少充分的核心效果验证；逐机制依据见 card_mechanism.csv。; prior_evidence=card_mechanism.csv#TRL_085; generic-play-smoke:played","[x]Whenever you target a minion with a spell, cast it again on its neighbors.",每当你以一个随从为目标施放法术时，对该随从相邻的随从再次施放。,fireplace/cards/troll/shaman.py:36
17.6.0.53261,Rastakhan's Rumble (TROLL),TRL_092,Spirit of the Shark,鲨鱼之灵,Aura|Continuous effect / Update|Stealth|Trigger,RED,partial,yes,"实测与卡牌文本不符：battlecry_and_combo_both_double: shark_stealth=1;mech_after_battlecry=(1, 3);enemy_after_combo=3:PLAY;si7=PLAY",card_mechanism.csv#TRL_092; generic-play-smoke:played; effect-evidence: reports/card_quality_full_2026-09-27/set_probe_TROLL.csv#TRL_092::battlecry_and_combo_both_double; reports/card_quality_full_2026-09-27/set_probe_TROLL.csv#TRL_092::one_turn_stealth_expires; per-card: reports/card_quality_full_2026-09-27/set_probe_TROLL.csv#TRL_092::battlecry_and_combo_both_double; reports/card_quality_full_2026-09-27/set_probe_TROLL.csv#TRL_092::one_turn_stealth_expires,聚合状态取该卡最差机制；普通烟测只证明可执行，不能单独构成 GREEN。 EN=[x]Stealth for 1 turn. Your minions' Battlecries   and Combos trigger twice.; ZH=潜行一回合。你的随从的战吼和连击触发两次。; source=fireplace/cards/troll/rogue.py:36; existing_tests=none; prior=YELLOW:4 个机制缺少充分的核心效果验证；逐机制依据见 card_mechanism.csv。; prior_evidence=card_mechanism.csv#TRL_092; generic-play-smoke:played,[x]Stealth for 1 turn. Your minions' Battlecries   and Combos trigger twice.,潜行一回合。你的随从的战吼和连击触发两次。,fireplace/cards/troll/rogue.py:36
17.6.0.53261,Rastakhan's Rumble (TROLL),TRL_096,Griftah,格里伏塔,Battlecry|Discover / Choice|Random effects,GREEN,implemented,yes,"逐卡关键行为断言通过：two_discovered_cards_split_one_each: selected=BRM_033,DAL_096;own_hand=['DAL_096'];enemy_hand=['BRM_033'];remaining_choice=None;body=PLAY",card_mechanism.csv#TRL_096; generic-play-smoke:played; effect-evidence: reports/card_quality_full_2026-09-27/set_probe_TROLL.csv#TRL_096::two_discovered_cards_split_one_each; per-card: reports/card_quality_full_2026-09-27/set_probe_TROLL.csv#TRL_096::two_discovered_cards_split_one_each,聚合状态取该卡最差机制；普通烟测只证明可执行，不能单独构成 GREEN。 EN=[x]Battlecry: Discover two cards. Give one to your opponent at random.; ZH=战吼：发现两张牌。随机交给你的对手其中一张。; source=fireplace/cards/troll/neutral_legendary.py:8; existing_tests=tests/test_troll.py:6:test_griftah; prior=YELLOW:3 个机制缺少充分的核心效果验证；逐机制依据见 card_mechanism.csv。; prior_evidence=card_mechanism.csv#TRL_096; generic-play-smoke:played,[x]Battlecry: Discover two cards. Give one to your opponent at random.,战吼：发现两张牌。随机交给你的对手其中一张。,fireplace/cards/troll/neutral_legendary.py:8
17.6.0.53261,Rastakhan's Rumble (TROLL),TRL_097,Seance,灵媒术,Spell resolution|Targeting,GREEN,implemented,yes,"逐卡关键行为断言通过：enemy_minion_copy_to_own_hand: enemy=CS2_182:PLAY;copies=[('CS2_182', 'HAND', 4, 5)];spell=GRAVEYARD",card_mechanism.csv#TRL_097; generic-play-smoke:played; effect-evidence: reports/card_quality_full_2026-09-27/set_probe_TROLL.csv#TRL_097::enemy_minion_copy_to_own_hand; per-card: reports/card_quality_full_2026-09-27/set_probe_TROLL.csv#TRL_097::enemy_minion_copy_to_own_hand,聚合状态取该卡最差机制；普通烟测只证明可执行，不能单独构成 GREEN。 EN=Choose a minion. Add a copy of it to your hand.; ZH=选择一个随从，将一张它的复制置入你的手牌。; source=fireplace/cards/troll/priest.py:70; existing_tests=none; prior=YELLOW:2 个机制缺少充分的核心效果验证；逐机制依据见 card_mechanism.csv。; prior_evidence=card_mechanism.csv#TRL_097; generic-play-smoke:played,Choose a minion. Add a copy of it to your hand.,选择一个随从，将一张它的复制置入你的手牌。,fireplace/cards/troll/priest.py:70
17.6.0.53261,Rastakhan's Rumble (TROLL),TRL_111,Headhunter's Hatchet,猎头者之斧,Battlecry|Weapon,GREEN,implemented,yes,逐卡关键行为断言通过：beast_adds_one_durability: beast=True;weapon=2/3:PLAY;field=['CS2_171']; no_beast_base_durability: beast=False;weapon=2/2:PLAY;field=[],card_mechanism.csv#TRL_111; generic-play-smoke:played; effect-evidence: reports/card_quality_full_2026-09-27/set_probe_TROLL.csv#TRL_111::beast_adds_one_durability; reports/card_quality_full_2026-09-27/set_probe_TROLL.csv#TRL_111::no_beast_base_durability; per-card: reports/card_quality_full_2026-09-27/set_probe_TROLL.csv#TRL_111::beast_adds_one_durability; reports/card_quality_full_2026-09-27/set_probe_TROLL.csv#TRL_111::no_beast_base_durability,"聚合状态取该卡最差机制；普通烟测只证明可执行，不能单独构成 GREEN。 EN=[x]Battlecry: If you control a Beast, gain +1 Durability.; ZH=战吼：如果你控制一个野兽，便获得+1耐久度。; source=fireplace/cards/troll/hunter.py:104; existing_tests=none; prior=YELLOW:2 个机制缺少充分的核心效果验证；逐机制依据见 card_mechanism.csv。; prior_evidence=card_mechanism.csv#TRL_111; generic-play-smoke:played","[x]Battlecry: If you control a Beast, gain +1 Durability.",战吼：如果你控制一个野兽，便获得+1耐久度。,fireplace/cards/troll/hunter.py:104
17.6.0.53261,Rastakhan's Rumble (TROLL),TRL_119,The Beast Within,野兽之心,Random effects|Spell resolution|Targeting,GREEN,implemented,yes,逐卡关键行为断言通过：buff_and_attack_only_enemy_minion: beast=GRAVEYARD:2/2;enemy=PLAY:3;spell=GRAVEYARD; no_enemy_minion_buff_remains: beast=2/2:PLAY;enemy_field=0;spell=GRAVEYARD,card_mechanism.csv#TRL_119; generic-play-smoke:unplayable_in_generic_setup; effect-evidence: reports/card_quality_full_2026-09-27/set_probe_TROLL.csv#TRL_119::buff_and_attack_only_enemy_minion; reports/card_quality_full_2026-09-27/set_probe_TROLL.csv#TRL_119::no_enemy_minion_buff_remains; per-card: reports/card_quality_full_2026-09-27/set_probe_TROLL.csv#TRL_119::buff_and_attack_only_enemy_minion; reports/card_quality_full_2026-09-27/set_probe_TROLL.csv#TRL_119::no_enemy_minion_buff_remains,"聚合状态取该卡最差机制；普通烟测只证明可执行，不能单独构成 GREEN。 EN=Give a friendly Beast +1/+1, then it attacks a random enemy minion.; ZH=使一个友方野兽获得+1/+1，使其随机攻击一个敌方随从。; source=fireplace/cards/troll/hunter.py:48; existing_tests=none; prior=YELLOW:3 个机制缺少充分的核心效果验证；逐机制依据见 card_mechanism.csv。; prior_evidence=card_mechanism.csv#TRL_119; generic-play-smoke:unplayable_in_generic_setup","Give a friendly Beast +1/+1, then it attacks a random enemy minion.",使一个友方野兽获得+1/+1，使其随机攻击一个敌方随从。,fireplace/cards/troll/hunter.py:48
17.6.0.53261,Rastakhan's Rumble (TROLL),TRL_124,Raiding Party,团伙劫掠,Combo|Draw / Discard|Spell resolution,GREEN,implemented,yes,"逐卡关键行为断言通过：base_draws_two_pirates_only: combo=False;pirates=['HAND', 'HAND'];weapon=DECK;other=DECK;spell=GRAVEYARD; combo_also_draws_weapon: combo=True;pirates=['HAND', 'HAND'];weapon=HAND;other=DECK;spell=GRAVEYARD",card_mechanism.csv#TRL_124; generic-play-smoke:played; effect-evidence: reports/card_quality_full_2026-09-27/set_probe_TROLL.csv#TRL_124::base_draws_two_pirates_only; reports/card_quality_full_2026-09-27/set_probe_TROLL.csv#TRL_124::combo_also_draws_weapon; per-card: reports/card_quality_full_2026-09-27/set_probe_TROLL.csv#TRL_124::base_draws_two_pirates_only; reports/card_quality_full_2026-09-27/set_probe_TROLL.csv#TRL_124::combo_also_draws_weapon,聚合状态取该卡最差机制；普通烟测只证明可执行，不能单独构成 GREEN。 EN=Draw 2 Pirates from your deck. Combo: And a weapon.; ZH=从你的牌库中抽两张海盗牌。 连击：并抽一张 武器牌。; source=fireplace/cards/troll/rogue.py:75; existing_tests=none; prior=YELLOW:3 个机制缺少充分的核心效果验证；逐机制依据见 card_mechanism.csv。; prior_evidence=card_mechanism.csv#TRL_124; generic-play-smoke:played,Draw 2 Pirates from your deck. Combo: And a weapon.,从你的牌库中抽两张海盗牌。 连击：并抽一张 武器牌。,fireplace/cards/troll/rogue.py:75
17.6.0.53261,Rastakhan's Rumble (TROLL),TRL_126,Captain Hooktusk,钩牙船长,Battlecry|Summon,GREEN,implemented,yes,"逐卡关键行为断言通过：three_deck_pirates_gain_usable_rush: pirates=[('CS2_146', 'PLAY', True, True), ('CS2_146', 'PLAY', True, True), ('CS2_146', 'PLAY', True, True)];other=DECK;body=PLAY",card_mechanism.csv#TRL_126; generic-play-smoke:played; effect-evidence: reports/card_quality_full_2026-09-27/set_probe_TROLL.csv#TRL_126::three_deck_pirates_gain_usable_rush; per-card: reports/card_quality_full_2026-09-27/set_probe_TROLL.csv#TRL_126::three_deck_pirates_gain_usable_rush,聚合状态取该卡最差机制；普通烟测只证明可执行，不能单独构成 GREEN。 EN=Battlecry: Summon 3 Pirates from your deck. Give them Rush.; ZH=战吼：从你的牌库中召唤三个海盗，并使其获得突袭。; source=fireplace/cards/troll/rogue.py:48; existing_tests=none; prior=YELLOW:2 个机制缺少充分的核心效果验证；逐机制依据见 card_mechanism.csv。; prior_evidence=card_mechanism.csv#TRL_126; generic-play-smoke:played,Battlecry: Summon 3 Pirates from your deck. Give them Rush.,战吼：从你的牌库中召唤三个海盗，并使其获得突袭。,fireplace/cards/troll/rogue.py:48
17.6.0.53261,Rastakhan's Rumble (TROLL),TRL_127,Cannon Barrage,火炮弹幕,Random effects|Spell resolution,GREEN,implemented,yes,逐卡关键行为断言通过：no_pirate_one_hit: pirates=0;enemy_hero=27;owner_hero=30;spell=GRAVEYARD; two_pirates_three_hits: pirates=2;enemy_hero=21;owner_hero=30;spell=GRAVEYARD,card_mechanism.csv#TRL_127; generic-play-smoke:played; effect-evidence: reports/card_quality_full_2026-09-27/set_probe_TROLL.csv#TRL_127::no_pirate_one_hit; reports/card_quality_full_2026-09-27/set_probe_TROLL.csv#TRL_127::two_pirates_three_hits; per-card: reports/card_quality_full_2026-09-27/set_probe_TROLL.csv#TRL_127::no_pirate_one_hit; reports/card_quality_full_2026-09-27/set_probe_TROLL.csv#TRL_127::two_pirates_three_hits,聚合状态取该卡最差机制；普通烟测只证明可执行，不能单独构成 GREEN。 EN=[x]Deal $3 damage to a random enemy. Repeat for each of your Pirates.; ZH=随机对一个敌人造成$3点伤害。 你每有一个海盗，重复一次。; source=fireplace/cards/troll/rogue.py:86; existing_tests=none; prior=YELLOW:2 个机制缺少充分的核心效果验证；逐机制依据见 card_mechanism.csv。; prior_evidence=card_mechanism.csv#TRL_127; generic-play-smoke:played,[x]Deal $3 damage to a random enemy. Repeat for each of your Pirates.,随机对一个敌人造成$3点伤害。 你每有一个海盗，重复一次。,fireplace/cards/troll/rogue.py:86
17.6.0.53261,Rastakhan's Rumble (TROLL),TRL_128,Regenerate,再生,Spell resolution|Targeting,GREEN,implemented,yes,逐卡关键行为断言通过：restores_three_to_friendly_hero: own_hero=28;enemy_hero=30;spell=GRAVEYARD; can_heal_enemy_minion: enemy_minion=4/5:PLAY;spell=GRAVEYARD,card_mechanism.csv#TRL_128; generic-play-smoke:played; effect-evidence: reports/card_quality_full_2026-09-27/set_probe_TROLL.csv#TRL_128::restores_three_to_friendly_hero; reports/card_quality_full_2026-09-27/set_probe_TROLL.csv#TRL_128::can_heal_enemy_minion; per-card: reports/card_quality_full_2026-09-27/set_probe_TROLL.csv#TRL_128::restores_three_to_friendly_hero; reports/card_quality_full_2026-09-27/set_probe_TROLL.csv#TRL_128::can_heal_enemy_minion,聚合状态取该卡最差机制；普通烟测只证明可执行，不能单独构成 GREEN。 EN=Restore #3 Health.; ZH=恢复#3点生命值。; source=fireplace/cards/troll/priest.py:81; existing_tests=none; prior=YELLOW:2 个机制缺少充分的核心效果验证；逐机制依据见 card_mechanism.csv。; prior_evidence=card_mechanism.csv#TRL_128; generic-play-smoke:played,Restore #3 Health.,恢复#3点生命值。,fireplace/cards/troll/priest.py:81
17.6.0.53261,Rastakhan's Rumble (TROLL),TRL_131,Sand Drudge,沙地苦工,Summon|Trigger,GREEN,implemented,yes,"逐卡关键行为断言通过：friendly_spell_summons_one_taunt_enemy_spell_none: first=[(1, 1, 1)];after_enemy_spell=1;body=PLAY",card_mechanism.csv#TRL_131; generic-play-smoke:played; effect-evidence: reports/card_quality_full_2026-09-27/set_probe_TROLL.csv#TRL_131::friendly_spell_summons_one_taunt_enemy_spell_none; per-card: reports/card_quality_full_2026-09-27/set_probe_TROLL.csv#TRL_131::friendly_spell_summons_one_taunt_enemy_spell_none,"聚合状态取该卡最差机制；普通烟测只证明可执行，不能单独构成 GREEN。 EN=Whenever you cast a spell, summon a 1/1 Zombie with Taunt.; ZH=每当你施放一个法术，召唤一个1/1并具有嘲讽的僵尸。; source=fireplace/cards/troll/priest.py:8; existing_tests=none; prior=YELLOW:2 个机制缺少充分的核心效果验证；逐机制依据见 card_mechanism.csv。; prior_evidence=card_mechanism.csv#TRL_131; generic-play-smoke:played","Whenever you cast a spell, summon a 1/1 Zombie with Taunt.",每当你施放一个法术，召唤一个1/1并具有嘲讽的僵尸。,fireplace/cards/troll/priest.py:8
17.6.0.53261,Rastakhan's Rumble (TROLL),TRL_151,Former Champ,退役冠军,Battlecry|Summon,GREEN,implemented,yes,"逐卡关键行为断言通过：battlecry_one_five_five_hotshot: body=PLAY;tokens=[('TRL_151t', 5, 5, 'PLAY')];enemy_field=0",card_mechanism.csv#TRL_151; generic-play-smoke:played; effect-evidence: reports/card_quality_full_2026-09-27/set_probe_TROLL.csv#TRL_151::battlecry_one_five_five_hotshot; per-card: reports/card_quality_full_2026-09-27/set_probe_TROLL.csv#TRL_151::battlecry_one_five_five_hotshot,聚合状态取该卡最差机制；普通烟测只证明可执行，不能单独构成 GREEN。 EN=Battlecry: Summon a 5/5 Hotshot.; ZH=战吼：召唤一个5/5的赛场新秀。; source=fireplace/cards/troll/neutral_common.py:29; existing_tests=none; prior=YELLOW:2 个机制缺少充分的核心效果验证；逐机制依据见 card_mechanism.csv。; prior_evidence=card_mechanism.csv#TRL_151; generic-play-smoke:played,Battlecry: Summon a 5/5 Hotshot.,战吼：召唤一个5/5的赛场新秀。,fireplace/cards/troll/neutral_common.py:29
17.6.0.53261,Rastakhan's Rumble (TROLL),TRL_156,Stolen Steel,盗取武器,Discover / Choice|Random effects|Spell resolution,GREEN,implemented,yes,"逐卡关键行为断言通过：discover_other_class_weapon: options=[('CFM_717', 7, 8), ('LOOT_209', 7, 6), ('LOE_118', 7, 10)];chosen=CFM_717;gained=[('CFM_717', 'HAND')];spell=GRAVEYARD",card_mechanism.csv#TRL_156; generic-play-smoke:played; effect-evidence: reports/card_quality_full_2026-09-27/set_probe_TROLL.csv#TRL_156::discover_other_class_weapon; per-card: reports/card_quality_full_2026-09-27/set_probe_TROLL.csv#TRL_156::discover_other_class_weapon,聚合状态取该卡最差机制；普通烟测只证明可执行，不能单独构成 GREEN。 EN=Discover a weapon (from another class).; ZH=发现一张（其他职业的） 武器牌。; source=fireplace/cards/troll/rogue.py:93; existing_tests=tests/test_troll.py:125:test_stolen_steel; prior=YELLOW:3 个机制缺少充分的核心效果验证；逐机制依据见 card_mechanism.csv。; prior_evidence=card_mechanism.csv#TRL_156; generic-play-smoke:played,Discover a weapon (from another class).,发现一张（其他职业的） 武器牌。,fireplace/cards/troll/rogue.py:93
17.6.0.53261,Rastakhan's Rumble (TROLL),TRL_157,Walk the Plank,走跳板,Spell resolution|Targeting,GREEN,implemented,yes,逐卡关键行为断言通过：undamaged_only_target_destroy: legal_clean=True;legal_damaged=False;clean=GRAVEYARD;damaged=PLAY:4,card_mechanism.csv#TRL_157; generic-play-smoke:played; effect-evidence: reports/card_quality_full_2026-09-27/set_probe_TROLL.csv#TRL_157::undamaged_only_target_destroy; per-card: reports/card_quality_full_2026-09-27/set_probe_TROLL.csv#TRL_157::undamaged_only_target_destroy,聚合状态取该卡最差机制；普通烟测只证明可执行，不能单独构成 GREEN。 EN=Destroy an undamaged minion.; ZH=消灭一个未受伤的随从。; source=fireplace/cards/troll/rogue.py:100; existing_tests=none; prior=YELLOW:2 个机制缺少充分的核心效果验证；逐机制依据见 card_mechanism.csv。; prior_evidence=card_mechanism.csv#TRL_157; generic-play-smoke:played,Destroy an undamaged minion.,消灭一个未受伤的随从。,fireplace/cards/troll/rogue.py:100
17.6.0.53261,Rastakhan's Rumble (TROLL),TRL_223,Spirit of the Raptor,迅猛龙之灵,Draw / Discard|Stealth|Trigger,GREEN,implemented,yes,逐卡关键行为断言通过：hero_attack_kills_minion_draws: kills_minion=True;spirit_stealthed=1;drawn=HAND;target=GRAVEYARD;enemy_hero=30; hero_attacks_hero_no_draw: kills_minion=False;spirit_stealthed=1;drawn=DECK;target=PLAY;enemy_hero=28,card_mechanism.csv#TRL_223; generic-play-smoke:played; effect-evidence: reports/card_quality_full_2026-09-27/set_probe_TROLL.csv#TRL_223::hero_attack_kills_minion_draws; reports/card_quality_full_2026-09-27/set_probe_TROLL.csv#TRL_223::hero_attacks_hero_no_draw; per-card: reports/card_quality_full_2026-09-27/set_probe_TROLL.csv#TRL_223::hero_attack_kills_minion_draws; reports/card_quality_full_2026-09-27/set_probe_TROLL.csv#TRL_223::hero_attacks_hero_no_draw,"聚合状态取该卡最差机制；普通烟测只证明可执行，不能单独构成 GREEN。 EN=[x]Stealth for 1 turn. After your hero attacks and   kills a minion, draw a card.; ZH=潜行一回合。在你的英雄攻击并消灭一个随从后，抽一张牌。; source=fireplace/cards/troll/druid.py:8; existing_tests=none; prior=YELLOW:3 个机制缺少充分的核心效果验证；逐机制依据见 card_mechanism.csv。; prior_evidence=card_mechanism.csv#TRL_223; generic-play-smoke:played","[x]Stealth for 1 turn. After your hero attacks and   kills a minion, draw a card.",潜行一回合。在你的英雄攻击并消灭一个随从后，抽一张牌。,fireplace/cards/troll/druid.py:8
17.6.0.53261,Rastakhan's Rumble (TROLL),TRL_232,Ironhide Direhorn,铁皮恐角龙,Summon,GREEN,implemented,yes,"逐卡关键行为断言通过：overkill_summons_five_five_runt: overkill=True;ready=True;enemy=GRAVEYARD;runts=[(5, 5, 'PLAY')]; exact_lethal_no_runt: overkill=False;ready=True;enemy=GRAVEYARD;runts=[]",card_mechanism.csv#TRL_232; generic-play-smoke:played; effect-evidence: reports/card_quality_full_2026-09-27/set_probe_TROLL.csv#TRL_232::overkill_summons_five_five_runt; reports/card_quality_full_2026-09-27/set_probe_TROLL.csv#TRL_232::exact_lethal_no_runt; per-card: reports/card_quality_full_2026-09-27/set_probe_TROLL.csv#TRL_232::overkill_summons_five_five_runt; reports/card_quality_full_2026-09-27/set_probe_TROLL.csv#TRL_232::exact_lethal_no_runt,聚合状态取该卡最差机制；普通烟测只证明可执行，不能单独构成 GREEN。 EN=Overkill: Summon a 5/5 Ironhide Runt.; ZH=超杀：召唤一个5/5的铁皮小恐龙。; source=fireplace/cards/troll/druid.py:21; existing_tests=tests/test_troll.py:56:test_overkill; prior=YELLOW:1 个机制缺少充分的核心效果验证；逐机制依据见 card_mechanism.csv。; prior_evidence=card_mechanism.csv#TRL_232; generic-play-smoke:played,Overkill: Summon a 5/5 Ironhide Runt.,超杀：召唤一个5/5的铁皮小恐龙。,fireplace/cards/troll/druid.py:21
17.6.0.53261,Rastakhan's Rumble (TROLL),TRL_240,Savage Striker,野蛮先锋,Battlecry|Targeting,RED,partial,yes,实测与卡牌文本不符：zero_attack_no_damage_no_target: hero_attack=0;no_target_play_rejected=<Minion ('Savage Striker')> requires a target to play.;source=card.py:659 uses >=0,card_mechanism.csv#TRL_240; generic-play-smoke:played; effect-evidence: reports/card_quality_full_2026-09-27/set_probe_TROLL.csv#TRL_240::battlecry_uses_three_hero_attack; reports/card_quality_full_2026-09-27/set_probe_TROLL.csv#TRL_240::zero_attack_no_damage_no_target; per-card: reports/card_quality_full_2026-09-27/set_probe_TROLL.csv#TRL_240::battlecry_uses_three_hero_attack; reports/card_quality_full_2026-09-27/set_probe_TROLL.csv#TRL_240::zero_attack_no_damage_no_target,聚合状态取该卡最差机制；普通烟测只证明可执行，不能单独构成 GREEN。 EN=Battlecry: Deal damage to an enemy minion equal to your hero's Attack.; ZH=战吼：对一个敌方随从造成等同于你的英雄攻击力的伤害。; source=fireplace/cards/troll/druid.py:28; existing_tests=none; prior=YELLOW:2 个机制缺少充分的核心效果验证；逐机制依据见 card_mechanism.csv。; prior_evidence=card_mechanism.csv#TRL_240; generic-play-smoke:played,Battlecry: Deal damage to an enemy minion equal to your hero's Attack.,战吼：对一个敌方随从造成等同于你的英雄攻击力的伤害。,fireplace/cards/troll/druid.py:28
17.6.0.53261,Rastakhan's Rumble (TROLL),TRL_241,"Gonk, the Raptor",贡克，迅猛龙之神,Trigger,RED,partial,yes,实测与卡牌文本不符：hero_kills_minion_can_attack_again: first_ready=True;victim=GRAVEYARD;second_ready=False;hero_num_attacks=1;gonk_num_attacks=-1;gonk=PLAY,card_mechanism.csv#TRL_241; generic-play-smoke:played; effect-evidence: reports/card_quality_full_2026-09-27/set_probe_TROLL.csv#TRL_241::hero_kills_minion_can_attack_again; per-card: reports/card_quality_full_2026-09-27/set_probe_TROLL.csv#TRL_241::hero_kills_minion_can_attack_again,"聚合状态取该卡最差机制；普通烟测只证明可执行，不能单独构成 GREEN。 EN=After your hero attacks and kills a minion, it may attack again.; ZH=在你的英雄攻击并消灭一个随从后，便可再次攻击。; source=fireplace/cards/troll/druid.py:40; existing_tests=none; prior=YELLOW:1 个机制缺少充分的核心效果验证；逐机制依据见 card_mechanism.csv。; prior_evidence=card_mechanism.csv#TRL_241; generic-play-smoke:played","After your hero attacks and kills a minion, it may attack again.",在你的英雄攻击并消灭一个随从后，便可再次攻击。,fireplace/cards/troll/druid.py:40
17.6.0.53261,Rastakhan's Rumble (TROLL),TRL_243,Pounce,飞扑,Spell resolution,GREEN,implemented,yes,逐卡关键行为断言通过：two_attack_and_expiry: hero_attack=2->0;spell=GRAVEYARD,card_mechanism.csv#TRL_243; generic-play-smoke:played; effect-evidence: reports/card_quality_full_2026-09-27/set_probe_TROLL.csv#TRL_243::two_attack_and_expiry; per-card: reports/card_quality_full_2026-09-27/set_probe_TROLL.csv#TRL_243::two_attack_and_expiry,聚合状态取该卡最差机制；普通烟测只证明可执行，不能单独构成 GREEN。 EN=Give your hero +2 Attack this turn.; ZH=在本回合中，使你的英雄获得+2攻击力。; source=fireplace/cards/troll/druid.py:84; existing_tests=none; prior=YELLOW:1 个机制缺少充分的核心效果验证；逐机制依据见 card_mechanism.csv。; prior_evidence=card_mechanism.csv#TRL_243; generic-play-smoke:played,Give your hero +2 Attack this turn.,在本回合中，使你的英雄获得+2攻击力。,fireplace/cards/troll/druid.py:84
17.6.0.53261,Rastakhan's Rumble (TROLL),TRL_244,Predatory Instincts,掠食本能,Draw / Discard|Spell resolution|Targeting,GREEN,implemented,yes,"逐卡关键行为断言通过：draws_beast_and_doubles_health: beast=(3, 2)->(3, 4):HAND;nonbeast=DECK;spell=GRAVEYARD",card_mechanism.csv#TRL_244; generic-play-smoke:played; effect-evidence: reports/card_quality_full_2026-09-27/set_probe_TROLL.csv#TRL_244::draws_beast_and_doubles_health; per-card: reports/card_quality_full_2026-09-27/set_probe_TROLL.csv#TRL_244::draws_beast_and_doubles_health,聚合状态取该卡最差机制；普通烟测只证明可执行，不能单独构成 GREEN。 EN=[x]Draw a Beast from your deck. Double its Health.; ZH=从你的牌库中抽一张野兽牌。将其生命值翻倍。; source=fireplace/cards/troll/druid.py:94; existing_tests=none; prior=YELLOW:3 个机制缺少充分的核心效果验证；逐机制依据见 card_mechanism.csv。; prior_evidence=card_mechanism.csv#TRL_244; generic-play-smoke:played,[x]Draw a Beast from your deck. Double its Health.,从你的牌库中抽一张野兽牌。将其生命值翻倍。,fireplace/cards/troll/druid.py:94
17.6.0.53261,Rastakhan's Rumble (TROLL),TRL_245,Shriek,尖啸,Draw / Discard|Spell resolution,GREEN,implemented,yes,"逐卡关键行为断言通过：discard_lowest_and_all_minions_two_damage: discarded=REMOVEDFROMGAME;expensive=HAND;minions=3,3;heroes=30,30;spell=GRAVEYARD",card_mechanism.csv#TRL_245; generic-play-smoke:played; effect-evidence: reports/card_quality_full_2026-09-27/set_probe_TROLL.csv#TRL_245::discard_lowest_and_all_minions_two_damage; per-card: reports/card_quality_full_2026-09-27/set_probe_TROLL.csv#TRL_245::discard_lowest_and_all_minions_two_damage,聚合状态取该卡最差机制；普通烟测只证明可执行，不能单独构成 GREEN。 EN=Discard your lowest Cost card. Deal $2 damage to all minions.; ZH=弃掉你手牌中法力值消耗最低的牌。对所有随从造成$2点 伤害。; source=fireplace/cards/troll/warlock.py:62; existing_tests=none; prior=YELLOW:2 个机制缺少充分的核心效果验证；逐机制依据见 card_mechanism.csv。; prior_evidence=card_mechanism.csv#TRL_245; generic-play-smoke:played,Discard your lowest Cost card. Deal $2 damage to all minions.,弃掉你手牌中法力值消耗最低的牌。对所有随从造成$2点 伤害。,fireplace/cards/troll/warlock.py:62
17.6.0.53261,Rastakhan's Rumble (TROLL),TRL_246,Void Contract,虚空契约,Spell resolution,GREEN,implemented,yes,"逐卡关键行为断言通过：destroys_two_of_four_each_deck: decks=2,2;own_zones=['GRAVEYARD', 'DECK', 'DECK', 'GRAVEYARD'];enemy_zones=['DECK', 'GRAVEYARD', 'GRAVEYARD', 'DECK'];spell=GRAVEYARD",card_mechanism.csv#TRL_246; generic-play-smoke:played; effect-evidence: reports/card_quality_full_2026-09-27/set_probe_TROLL.csv#TRL_246::destroys_two_of_four_each_deck; per-card: reports/card_quality_full_2026-09-27/set_probe_TROLL.csv#TRL_246::destroys_two_of_four_each_deck,聚合状态取该卡最差机制；普通烟测只证明可执行，不能单独构成 GREEN。 EN=Destroy half of each player's deck.; ZH=摧毁双方牌库中一半的牌。; source=fireplace/cards/troll/warlock.py:69; existing_tests=none; prior=YELLOW:1 个机制缺少充分的核心效果验证；逐机制依据见 card_mechanism.csv。; prior_evidence=card_mechanism.csv#TRL_246; generic-play-smoke:played,Destroy half of each player's deck.,摧毁双方牌库中一半的牌。,fireplace/cards/troll/warlock.py:69
17.6.0.53261,Rastakhan's Rumble (TROLL),TRL_247,Soulwarden,护魂者,Battlecry|Random effects,RED,partial,yes,"实测与卡牌文本不符：returns_three_from_discard_history: discarded=[('CS2_231', 'REMOVEDFROMGAME'), ('CS2_182', 'REMOVEDFROMGAME'), ('EX1_011', 'REMOVEDFROMGAME')];returned=[];body=PLAY",card_mechanism.csv#TRL_247; generic-play-smoke:played; effect-evidence: reports/card_quality_full_2026-09-27/set_probe_TROLL.csv#TRL_247::returns_three_from_discard_history; reports/card_quality_full_2026-09-27/set_probe_TROLL.csv#TRL_247::empty_discard_history; per-card: reports/card_quality_full_2026-09-27/set_probe_TROLL.csv#TRL_247::returns_three_from_discard_history; reports/card_quality_full_2026-09-27/set_probe_TROLL.csv#TRL_247::empty_discard_history,聚合状态取该卡最差机制；普通烟测只证明可执行，不能单独构成 GREEN。 EN=Battlecry: Add 3 random cards you discarded this game to your hand.; ZH=战吼：随机将三张你在本局对战中弃掉的牌置入你的手牌。; source=fireplace/cards/troll/warlock.py:8; existing_tests=none; prior=YELLOW:2 个机制缺少充分的核心效果验证；逐机制依据见 card_mechanism.csv。; prior_evidence=card_mechanism.csv#TRL_247; generic-play-smoke:played,Battlecry: Add 3 random cards you discarded this game to your hand.,战吼：随机将三张你在本局对战中弃掉的牌置入你的手牌。,fireplace/cards/troll/warlock.py:8
17.6.0.53261,Rastakhan's Rumble (TROLL),TRL_249,Grim Rally,残酷集结,Spell resolution|Targeting,GREEN,implemented,yes,逐卡关键行为断言通过：sacrifice_then_buff_survivors: sacrifice=GRAVEYARD;friend=5/6;enemy=4/5;spell=GRAVEYARD,card_mechanism.csv#TRL_249; generic-play-smoke:played; effect-evidence: reports/card_quality_full_2026-09-27/set_probe_TROLL.csv#TRL_249::sacrifice_then_buff_survivors; per-card: reports/card_quality_full_2026-09-27/set_probe_TROLL.csv#TRL_249::sacrifice_then_buff_survivors,聚合状态取该卡最差机制；普通烟测只证明可执行，不能单独构成 GREEN。 EN=Destroy a friendly minion. Give your minions +1/+1.; ZH=消灭一个友方随从。使你的所有随从获得+1/+1。; source=fireplace/cards/troll/warlock.py:79; existing_tests=none; prior=YELLOW:2 个机制缺少充分的核心效果验证；逐机制依据见 card_mechanism.csv。; prior_evidence=card_mechanism.csv#TRL_249; generic-play-smoke:played,Destroy a friendly minion. Give your minions +1/+1.,消灭一个友方随从。使你的所有随从获得+1/+1。,fireplace/cards/troll/warlock.py:79
17.6.0.53261,Rastakhan's Rumble (TROLL),TRL_251,Spirit of the Bat,蝙蝠之灵,Stealth|Trigger,GREEN,implemented,yes,友军死亡使手牌随从+1/+1；敌军死亡不触发，潜行到期消失。,tests/test_retest_death_selector.py::test_TRL_251_friendly_death_buffs_hand_minion_and_enemy_death_is_ignored,本次代码重测；修复前颜色和原始失败证据见 known_issues_archive_2026-09-29/card_quality_full_2026-09-27/。 当前代码逐卡行为重测通过。,"Stealth for 1 turn. After a friendly minion dies, give a minion in your hand +1/+1.",潜行一回合。在一个友方随从死亡后，使你手牌中的一张随从牌获得+1/+1。,fireplace/cards/troll/warlock.py:15
17.6.0.53261,Rastakhan's Rumble (TROLL),TRL_252,High Priestess Jeklik,高阶祭司耶克里克,Draw / Discard|Lifesteal|Taunt|Trigger,GREEN,implemented,yes,"逐卡关键行为断言通过：discard_creates_two_hand_copies: original=REMOVEDFROMGAME;keywords=(1, 1);copies=[('TRL_252', 'HAND', 3, 4), ('TRL_252', 'HAND', 3, 4)]",card_mechanism.csv#TRL_252; generic-play-smoke:played; effect-evidence: reports/card_quality_full_2026-09-27/set_probe_TROLL.csv#TRL_252::discard_creates_two_hand_copies; per-card: reports/card_quality_full_2026-09-27/set_probe_TROLL.csv#TRL_252::discard_creates_two_hand_copies,"聚合状态取该卡最差机制；普通烟测只证明可执行，不能单独构成 GREEN。 EN=[x]Taunt, Lifesteal When you discard this, add 2 copies of it to your hand.; ZH=嘲讽，吸血 当你弃掉这张牌时，将这张牌的两张复制置入你的手牌。; source=fireplace/cards/troll/warlock.py:29; existing_tests=none; prior=YELLOW:4 个机制缺少充分的核心效果验证；逐机制依据见 card_mechanism.csv。; prior_evidence=card_mechanism.csv#TRL_252; generic-play-smoke:played","[x]Taunt, Lifesteal When you discard this, add 2 copies of it to your hand.",嘲讽，吸血 当你弃掉这张牌时，将这张牌的两张复制置入你的手牌。,fireplace/cards/troll/warlock.py:29
17.6.0.53261,Rastakhan's Rumble (TROLL),TRL_253,"Hir'eek, the Bat",希里克，蝙蝠之神,Battlecry,GREEN,implemented,yes,"逐卡关键行为断言通过：fills_remaining_six_slots_with_copies: field_size=7;hireeks=[(1, 1, 'PLAY'), (1, 1, 'PLAY'), (1, 1, 'PLAY'), (1, 1, 'PLAY'), (1, 1, 'PLAY'), (1, 1, 'PLAY')];other=PLAY;enemy_field=0",card_mechanism.csv#TRL_253; generic-play-smoke:played; effect-evidence: reports/card_quality_full_2026-09-27/set_probe_TROLL.csv#TRL_253::fills_remaining_six_slots_with_copies; per-card: reports/card_quality_full_2026-09-27/set_probe_TROLL.csv#TRL_253::fills_remaining_six_slots_with_copies,聚合状态取该卡最差机制；普通烟测只证明可执行，不能单独构成 GREEN。 EN=Battlecry: Fill your board with copies of this minion.; ZH=战吼：召唤此随从的复制，直到你的随从数量达到上限。; source=fireplace/cards/troll/warlock.py:37; existing_tests=none; prior=YELLOW:1 个机制缺少充分的核心效果验证；逐机制依据见 card_mechanism.csv。; prior_evidence=card_mechanism.csv#TRL_253; generic-play-smoke:played,Battlecry: Fill your board with copies of this minion.,战吼：召唤此随从的复制，直到你的随从数量达到上限。,fireplace/cards/troll/warlock.py:37
17.6.0.53261,Rastakhan's Rumble (TROLL),TRL_254,Mark of the Loa,神灵印记,Choose One|Spell resolution|Summon|Targeting,GREEN,implemented,yes,"逐卡关键行为断言通过：choose_buff_target_and_taunt: friend=3/5,taunt=True;enemy=1/1;field=[('CS2_231', 'PLAY')];spell=GRAVEYARD; choose_two_raptors: friend=1/1;raptors=[(3, 2, 'PLAY'), (3, 2, 'PLAY')];spell=GRAVEYARD",card_mechanism.csv#TRL_254; generic-play-smoke:played; effect-evidence: reports/card_quality_full_2026-09-27/set_probe_TROLL.csv#TRL_254::choose_buff_target_and_taunt; reports/card_quality_full_2026-09-27/set_probe_TROLL.csv#TRL_254::choose_two_raptors; per-card: reports/card_quality_full_2026-09-27/set_probe_TROLL.csv#TRL_254::choose_buff_target_and_taunt; reports/card_quality_full_2026-09-27/set_probe_TROLL.csv#TRL_254::choose_two_raptors,聚合状态取该卡最差机制；普通烟测只证明可执行，不能单独构成 GREEN。 EN=Choose One - Give a minion +2/+4 and Taunt; or Summon two 3/2 Raptors.; ZH=抉择： 使一个随从获得+2/+4和嘲讽；或者召唤两个3/2的迅猛龙。; source=fireplace/cards/troll/druid.py:103; existing_tests=none; prior=YELLOW:4 个机制缺少充分的核心效果验证；逐机制依据见 card_mechanism.csv。; prior_evidence=card_mechanism.csv#TRL_254; generic-play-smoke:played,Choose One - Give a minion +2/+4 and Taunt; or Summon two 3/2 Raptors.,抉择： 使一个随从获得+2/+4和嘲讽；或者召唤两个3/2的迅猛龙。,fireplace/cards/troll/druid.py:103
17.6.0.53261,Rastakhan's Rumble (TROLL),TRL_255,Stampeding Roar,狂奔怒吼,Random effects|Spell resolution|Summon,GREEN,implemented,yes,逐卡关键行为断言通过：summons_beast_from_hand_with_usable_rush: beast=PLAY:rush=True:can_attack_minion=True:can_attack_hero=False;other=HAND;spell=GRAVEYARD,card_mechanism.csv#TRL_255; generic-play-smoke:unplayable_in_generic_setup; effect-evidence: reports/card_quality_full_2026-09-27/set_probe_TROLL.csv#TRL_255::summons_beast_from_hand_with_usable_rush; per-card: reports/card_quality_full_2026-09-27/set_probe_TROLL.csv#TRL_255::summons_beast_from_hand_with_usable_rush,聚合状态取该卡最差机制；普通烟测只证明可执行，不能单独构成 GREEN。 EN=Summon a random Beast from your hand and give it Rush.; ZH=随机从你的手牌中召唤一个野兽，并使其获得突袭。; source=fireplace/cards/troll/druid.py:137; existing_tests=none; prior=YELLOW:3 个机制缺少充分的核心效果验证；逐机制依据见 card_mechanism.csv。; prior_evidence=card_mechanism.csv#TRL_255; generic-play-smoke:unplayable_in_generic_setup,Summon a random Beast from your hand and give it Rush.,随机从你的手牌中召唤一个野兽，并使其获得突袭。,fireplace/cards/troll/druid.py:137
17.6.0.53261,Rastakhan's Rumble (TROLL),TRL_257,Blood Troll Sapper,鲜血巨魔工兵,Trigger,GREEN,implemented,yes,友军死亡时敌方英雄受2点伤害、己方不受伤；同批两名友军各触发一次，敌军或本体死亡不触发。,tests/test_retest_death_selector.py::test_TRL_257_friendly_death_damages_enemy_hero; tests/test_retest_death_selector.py::test_TRL_257_enemy_death_does_not_trigger; tests/test_retest_death_selector.py::test_TRL_257_two_friendly_deaths_hit_enemy_twice_but_own_death_does_not,本次代码重测；修复前颜色和原始失败证据见 known_issues_archive_2026-09-29/card_quality_full_2026-09-27/。 当前代码逐卡行为重测通过。,"After a friendly minion dies, deal 2 damage to the enemy hero.",在一个友方随从 死亡后，对敌方英雄造成2点伤害。,fireplace/cards/troll/warlock.py:44
17.6.0.53261,Rastakhan's Rumble (TROLL),TRL_258,Mass Hysteria,群体狂乱,Random effects|Spell resolution,GREEN,implemented,yes,逐卡关键行为断言通过：one_minion_no_valid_defender: lone=5/5:PLAY;spell=GRAVEYARD; two_minions_forced_attack: left=GRAVEYARD;right=GRAVEYARD;spell=GRAVEYARD,card_mechanism.csv#TRL_258; generic-play-smoke:played; effect-evidence: reports/card_quality_full_2026-09-27/set_probe_TROLL.csv#TRL_258::one_minion_no_valid_defender; reports/card_quality_full_2026-09-27/set_probe_TROLL.csv#TRL_258::two_minions_forced_attack; per-card: reports/card_quality_full_2026-09-27/set_probe_TROLL.csv#TRL_258::one_minion_no_valid_defender; reports/card_quality_full_2026-09-27/set_probe_TROLL.csv#TRL_258::two_minions_forced_attack,聚合状态取该卡最差机制；普通烟测只证明可执行，不能单独构成 GREEN。 EN=Force each minion to attack another random minion.; ZH=使每个随从随机攻击其他随从。; source=fireplace/cards/troll/priest.py:91; existing_tests=tests/test_troll.py:104:test_mass_hysteria; prior=YELLOW:2 个机制缺少充分的核心效果验证；逐机制依据见 card_mechanism.csv。; prior_evidence=card_mechanism.csv#TRL_258; generic-play-smoke:played,Force each minion to attack another random minion.,使每个随从随机攻击其他随从。,fireplace/cards/troll/priest.py:91
17.6.0.53261,Rastakhan's Rumble (TROLL),TRL_259,Princess Talanji,塔兰吉公主,Battlecry|Summon,GREEN,implemented,yes,"逐卡关键行为断言通过：summon_generated_leave_original_and_spell: original=HAND;generated=PLAY;spell=HAND;body=PLAY;field=[('TRL_259', 'PLAY'), ('CS2_182', 'PLAY')]; empty_generated_hand: field=[('TRL_259', 'PLAY')];hand=0",card_mechanism.csv#TRL_259; generic-play-smoke:played; effect-evidence: reports/card_quality_full_2026-09-27/set_probe_TROLL.csv#TRL_259::summon_generated_leave_original_and_spell; reports/card_quality_full_2026-09-27/set_probe_TROLL.csv#TRL_259::empty_generated_hand; per-card: reports/card_quality_full_2026-09-27/set_probe_TROLL.csv#TRL_259::summon_generated_leave_original_and_spell; reports/card_quality_full_2026-09-27/set_probe_TROLL.csv#TRL_259::empty_generated_hand,聚合状态取该卡最差机制；普通烟测只证明可执行，不能单独构成 GREEN。 EN=Battlecry: Summon all minions from your hand that didn't start in your deck.; ZH=战吼： 召唤你的手牌中所有你的套牌之外的 随从。; source=fireplace/cards/troll/priest.py:15; existing_tests=none; prior=YELLOW:2 个机制缺少充分的核心效果验证；逐机制依据见 card_mechanism.csv。; prior_evidence=card_mechanism.csv#TRL_259; generic-play-smoke:played,Battlecry: Summon all minions from your hand that didn't start in your deck.,战吼： 召唤你的手牌中所有你的套牌之外的 随从。,fireplace/cards/troll/priest.py:15
17.6.0.53261,Rastakhan's Rumble (TROLL),TRL_260,"Bwonsamdi, the Dead",邦桑迪，死亡之神,Battlecry|Draw / Discard,GREEN,implemented,yes,"本轮逐卡行为用例全部通过：draw_one_cost_minions_to_hand_limit=body=TRL_260:7/7:PLAY;hand_count=10;filler_count=7;drawn_one_cost=[('EX1_011', 4, 'HAND', 1, (2, 1)), ('EX1_011', 4, 'HAND', 1, (2, 1)), ('EX1_011', 4, 'HAND', 1, (2, 1))];deck=['CS2_182', 'CS2_182'];filler_entities=['HAND', 'HAND', 'HAND', 'HAND', 'HAND', 'HAND', 'HAND']; stop_when_no_eligible_minions=hand_count=3;drawn=[('EX1_011', 4, 'HAND', 1, (2, 1))];ineligible_left=2;deck=['CS2_182', 'CS2_182']",card_mechanism.csv#TRL_260; generic-play-smoke:played; effect-evidence: reports/card_quality_full_2026-09-27/set_probe_TROLL.csv#TRL_260::draw_one_cost_minions_to_hand_limit; reports/card_quality_full_2026-09-27/set_probe_TROLL.csv#TRL_260::stop_when_no_eligible_minions; per-card: reports/card_quality_full_2026-09-27/set_probe_TROLL.csv#TRL_260::draw_one_cost_minions_to_hand_limit; reports/card_quality_full_2026-09-27/set_probe_TROLL.csv#TRL_260::stop_when_no_eligible_minions,聚合状态取该卡最差机制；普通烟测只证明可执行，不能单独构成 GREEN。 EN=[x]Battlecry: Draw 1-Cost minions from your deck until your hand is full.; ZH=战吼：从你的牌库中抽取法力值消耗为（1）的随从，直到达到你的手牌上限。; source=fireplace/cards/troll/priest.py:22; existing_tests=none; previous=YELLOW:2 个机制缺少充分的核心效果验证；逐机制依据见 card_mechanism.csv。,[x]Battlecry: Draw 1-Cost minions from your deck until your hand is full.,战吼：从你的牌库中抽取法力值消耗为（1）的随从，直到达到你的手牌上限。,fireplace/cards/troll/priest.py:22
17.6.0.53261,Rastakhan's Rumble (TROLL),TRL_300,"Shirvallah, the Tiger",西瓦尔拉，猛虎之神,Cost modification|Divine Shield|Lifesteal|Rush,GREEN,implemented,yes,"本轮逐卡行为用例全部通过：spell_mana_discount_and_keywords=base_cost=25;after_2_mana_spell=23;spent_spell_mana=2;keywords={shield:1,rush:1,lifesteal:1}",card_mechanism.csv#TRL_300; generic-play-smoke:unplayable_in_generic_setup; effect-evidence: reports/card_quality_full_2026-09-27/set_probe_TROLL.csv#TRL_300::spell_mana_discount_and_keywords; per-card: reports/card_quality_full_2026-09-27/set_probe_TROLL.csv#TRL_300::spell_mana_discount_and_keywords,"聚合状态取该卡最差机制；普通烟测只证明可执行，不能单独构成 GREEN。 EN=[x]Divine Shield, Rush, Lifesteal  Costs (1) less for each Mana you've spent on spells.; ZH=圣盾，突袭，吸血 每当你消耗1点法力值用于法术牌上，这张牌的法力值消耗减少（1）点。; source=fireplace/cards/troll/paladin.py:8; existing_tests=none; previous=YELLOW:4 个机制缺少充分的核心效果验证；逐机制依据见 card_mechanism.csv。","[x]Divine Shield, Rush, Lifesteal  Costs (1) less for each Mana you've spent on spells.",圣盾，突袭，吸血 每当你消耗1点法力值用于法术牌上，这张牌的法力值消耗减少（1）点。,fireplace/cards/troll/paladin.py:8
17.6.0.53261,Rastakhan's Rumble (TROLL),TRL_302,Time Out!,暂避锋芒,Spell resolution,RED,partial,yes,"实测与卡牌文本不符：immune_to_spell_until_expiry expected=[Time Out prevents spell damage until the Paladin's next turn, then expires.] actual=[during=(30, 0, False, 0, [('TRL_302e', 'PLAY')]);after_own_turn_begins=(30, 0, False)]; immune_to_combat_damage expected=[The immune hero takes no weapon combat damage during the window.] actual=[weapon=CS2_091:1/3;hero_health_before=30;after=29;immune=False]",card_mechanism.csv#TRL_302; generic-play-smoke:played; effect-evidence: reports/card_quality_full_2026-09-27/set_probe_TROLL.csv#TRL_302::immune_to_spell_until_expiry; reports/card_quality_full_2026-09-27/set_probe_TROLL.csv#TRL_302::immune_to_combat_damage; per-card: reports/card_quality_full_2026-09-27/set_probe_TROLL.csv#TRL_302::immune_to_spell_until_expiry; reports/card_quality_full_2026-09-27/set_probe_TROLL.csv#TRL_302::immune_to_combat_damage,聚合状态取该卡最差机制；普通烟测只证明可执行，不能单独构成 GREEN。 EN=Your hero is Immune until your next turn.; ZH=直到你的下个回合，你的英雄获得免疫。; source=fireplace/cards/troll/paladin.py:68; existing_tests=none; previous=YELLOW:1 个机制缺少充分的核心效果验证；逐机制依据见 card_mechanism.csv。,Your hero is Immune until your next turn.,直到你的下个回合，你的英雄获得免疫。,fireplace/cards/troll/paladin.py:68
17.6.0.53261,Rastakhan's Rumble (TROLL),TRL_304,Farraki Battleaxe,法拉基战斧,Weapon,GREEN,implemented,yes,"本轮逐卡行为用例全部通过：overkill_hand_minion_buff=weapon=TRL_304:3/2;target_zone=GRAVEYARD;hand_minion_before=(4, 5);after=(6, 7);hand_entity=HAND",card_mechanism.csv#TRL_304; generic-play-smoke:played; effect-evidence: reports/card_quality_full_2026-09-27/set_probe_TROLL.csv#TRL_304::overkill_hand_minion_buff; per-card: reports/card_quality_full_2026-09-27/set_probe_TROLL.csv#TRL_304::overkill_hand_minion_buff,聚合状态取该卡最差机制；普通烟测只证明可执行，不能单独构成 GREEN。 EN=Overkill: Give a minion in your hand +2/+2.; ZH=超杀：使你手牌中的一张随从牌 获得+2/+2。; source=fireplace/cards/troll/paladin.py:117; existing_tests=none; previous=YELLOW:1 个机制缺少充分的核心效果验证；逐机制依据见 card_mechanism.csv。,Overkill: Give a minion in your hand +2/+2.,超杀：使你手牌中的一张随从牌 获得+2/+2。,fireplace/cards/troll/paladin.py:117
17.6.0.53261,Rastakhan's Rumble (TROLL),TRL_305,A New Challenger...,新人登场,Discover / Choice|Random effects|Spell resolution|Summon,GREEN,implemented,yes,"本轮逐卡行为用例全部通过：discover_six_cost_and_summon=offered=[('NEW1_040', 6, 4), ('AT_088', 6, 4), ('GIL_692', 6, 4)];selected=NEW1_040;summoned=('NEW1_040', 4, 'PLAY', 6, (4, 4));taunt=True;divine_shield=True;choice_open=False",card_mechanism.csv#TRL_305; generic-play-smoke:played; effect-evidence: reports/card_quality_full_2026-09-27/set_probe_TROLL.csv#TRL_305::discover_six_cost_and_summon; per-card: reports/card_quality_full_2026-09-27/set_probe_TROLL.csv#TRL_305::discover_six_cost_and_summon,聚合状态取该卡最差机制；普通烟测只证明可执行，不能单独构成 GREEN。 EN=Discover a 6-Cost minion. Summon it with Taunt and Divine Shield.; ZH=发现一张法力值消耗为（6）的随从牌。召唤该随从并使其获得嘲讽和圣盾。; source=fireplace/cards/troll/paladin.py:86; existing_tests=none; previous=YELLOW:4 个机制缺少充分的核心效果验证；逐机制依据见 card_mechanism.csv。,Discover a 6-Cost minion. Summon it with Taunt and Divine Shield.,发现一张法力值消耗为（6）的随从牌。召唤该随从并使其获得嘲讽和圣盾。,fireplace/cards/troll/paladin.py:86
17.6.0.53261,Rastakhan's Rumble (TROLL),TRL_306,Immortal Prelate,永恒祭司,Deathrattle,GREEN,implemented,yes,"本轮逐卡行为用例全部通过：deathrattle_shuffle_keeps_enchantment=prelate_zone=DECK;buffed_attack=4;deck=[('TRL_306', 4, 'DECK', 2, (4, 3))];deck_size=1",card_mechanism.csv#TRL_306; generic-play-smoke:played; effect-evidence: reports/card_quality_full_2026-09-27/set_probe_TROLL.csv#TRL_306::deathrattle_shuffle_keeps_enchantment; per-card: reports/card_quality_full_2026-09-27/set_probe_TROLL.csv#TRL_306::deathrattle_shuffle_keeps_enchantment,聚合状态取该卡最差机制；普通烟测只证明可执行，不能单独构成 GREEN。 EN=Deathrattle: Shuffle this into your deck. It keeps any enchantments.; ZH=亡语：将该随从洗入你的牌库。保留所有额外效果。; source=fireplace/cards/troll/paladin.py:16; existing_tests=none; previous=YELLOW:1 个机制缺少充分的核心效果验证；逐机制依据见 card_mechanism.csv。,Deathrattle: Shuffle this into your deck. It keeps any enchantments.,亡语：将该随从洗入你的牌库。保留所有额外效果。,fireplace/cards/troll/paladin.py:16
17.6.0.53261,Rastakhan's Rumble (TROLL),TRL_307,Flash of Light,圣光闪现,Draw / Discard|Spell resolution|Targeting,GREEN,implemented,yes,"本轮逐卡行为用例全部通过：heal_hero_and_draw=before=(24, 0, 1);after=(28, 1, 0);drawn=[('CS2_231', 4, 'HAND', 0, (1, 1))]; heal_minion_and_draw=target_before=2;target_after=5;target_damage=0;drawn_yeti=1;deck=0",card_mechanism.csv#TRL_307; generic-play-smoke:played; effect-evidence: reports/card_quality_full_2026-09-27/set_probe_TROLL.csv#TRL_307::heal_hero_and_draw; reports/card_quality_full_2026-09-27/set_probe_TROLL.csv#TRL_307::heal_minion_and_draw; per-card: reports/card_quality_full_2026-09-27/set_probe_TROLL.csv#TRL_307::heal_hero_and_draw; reports/card_quality_full_2026-09-27/set_probe_TROLL.csv#TRL_307::heal_minion_and_draw,聚合状态取该卡最差机制；普通烟测只证明可执行，不能单独构成 GREEN。 EN=Restore #4 Health. Draw a card.; ZH=恢复#4点生命值。抽一张牌。; source=fireplace/cards/troll/paladin.py:103; existing_tests=none; previous=YELLOW:3 个机制缺少充分的核心效果验证；逐机制依据见 card_mechanism.csv。,Restore #4 Health. Draw a card.,恢复#4点生命值。抽一张牌。,fireplace/cards/troll/paladin.py:103
17.6.0.53261,Rastakhan's Rumble (TROLL),TRL_308,High Priest Thekal,高阶祭司塞卡尔,Battlecry,GREEN,implemented,yes,"本轮逐卡行为用例全部通过：health_to_armor_with_one_health_floor=before=(23, 0);after=(1, 22)",card_mechanism.csv#TRL_308; generic-play-smoke:played; effect-evidence: reports/card_quality_full_2026-09-27/set_probe_TROLL.csv#TRL_308::health_to_armor_with_one_health_floor; per-card: reports/card_quality_full_2026-09-27/set_probe_TROLL.csv#TRL_308::health_to_armor_with_one_health_floor,聚合状态取该卡最差机制；普通烟测只证明可执行，不能单独构成 GREEN。 EN=Battlecry: Convert all but 1 of your Hero's Health into Armor.; ZH=战吼：保留英雄的1点生命值，将其余部分转化为护甲值。; source=fireplace/cards/troll/paladin.py:24; existing_tests=tests/test_troll.py:110:test_high_priest_thekal; previous=YELLOW:1 个机制缺少充分的核心效果验证；逐机制依据见 card_mechanism.csv。,Battlecry: Convert all but 1 of your Hero's Health into Armor.,战吼：保留英雄的1点生命值，将其余部分转化为护甲值。,fireplace/cards/troll/paladin.py:24
17.6.0.53261,Rastakhan's Rumble (TROLL),TRL_309,Spirit of the Tiger,猛虎之灵,Stealth|Summon|Trigger,GREEN,implemented,yes,"本轮逐卡行为用例全部通过：spell_cost_copies_to_tiger_stats=spirit=PLAY;stealth=1;spell_cost=4;tigers=[('TRL_309t', 4, 'PLAY', 4, (4, 4))]; one_cost_spell_branch=mirror_image_cost=1;field_tigers=[('TRL_309t', 4, 'PLAY', 1, (1, 1))];other_tokens=['CS2_mirror', 'CS2_mirror']",card_mechanism.csv#TRL_309; generic-play-smoke:played; effect-evidence: reports/card_quality_full_2026-09-27/set_probe_TROLL.csv#TRL_309::spell_cost_copies_to_tiger_stats; reports/card_quality_full_2026-09-27/set_probe_TROLL.csv#TRL_309::one_cost_spell_branch; per-card: reports/card_quality_full_2026-09-27/set_probe_TROLL.csv#TRL_309::spell_cost_copies_to_tiger_stats; reports/card_quality_full_2026-09-27/set_probe_TROLL.csv#TRL_309::one_cost_spell_branch,"聚合状态取该卡最差机制；普通烟测只证明可执行，不能单独构成 GREEN。 EN=[x]Stealth for 1 turn. After you cast a spell, summon a Tiger with stats equal to its Cost.; ZH=潜行一回合。在你施放一个法术后，召唤一只属性值 等于其法力值消耗的老虎。; source=fireplace/cards/troll/paladin.py:34; existing_tests=tests/test_troll.py:224:test_summon_tiger; previous=YELLOW:3 个机制缺少充分的核心效果验证；逐机制依据见 card_mechanism.csv。","[x]Stealth for 1 turn. After you cast a spell, summon a Tiger with stats equal to its Cost.",潜行一回合。在你施放一个法术后，召唤一只属性值 等于其法力值消耗的老虎。,fireplace/cards/troll/paladin.py:34
17.6.0.53261,Rastakhan's Rumble (TROLL),TRL_310,Elemental Evocation,元素唤醒,Cost modification|Spell resolution,GREEN,implemented,yes,"本轮逐卡行为用例全部通过：discount_only_next_elemental_this_turn=base=(6, 6);after_evocation=(4, 4);after_elemental=(6, 0);first_zone=PLAY",card_mechanism.csv#TRL_310; generic-play-smoke:played; effect-evidence: reports/card_quality_full_2026-09-27/set_probe_TROLL.csv#TRL_310::discount_only_next_elemental_this_turn; per-card: reports/card_quality_full_2026-09-27/set_probe_TROLL.csv#TRL_310::discount_only_next_elemental_this_turn,聚合状态取该卡最差机制；普通烟测只证明可执行，不能单独构成 GREEN。 EN=The next Elemental you play this turn costs (2) less.; ZH=在本回合中，你使用的下一张元素牌的法力值消耗减少（2）点。; source=fireplace/cards/troll/mage.py:79; existing_tests=none; previous=YELLOW:2 个机制缺少充分的核心效果验证；逐机制依据见 card_mechanism.csv。,The next Elemental you play this turn costs (2) less.,在本回合中，你使用的下一张元素牌的法力值消耗减少（2）点。,fireplace/cards/troll/mage.py:79
17.6.0.53261,Rastakhan's Rumble (TROLL),TRL_311,Arcanosaur,奥术暴龙,Battlecry,GREEN,implemented,yes,本轮逐卡行为用例全部通过：elemental_last_turn_condition_and_self_exclusion=prior_elemental=True;arcanosaur=PLAY;ally_health=2;ally_damage=3;enemy_health=2;enemy_damage=3;enemy_zone=PLAY; prior_elemental=False;arcanosaur=PLAY;ally_health=5;ally_damage=0;enemy_health=5;enemy_damage=0;enemy_zone=PLAY,card_mechanism.csv#TRL_311; generic-play-smoke:played; effect-evidence: reports/card_quality_full_2026-09-27/set_probe_TROLL.csv#TRL_311::elemental_last_turn_condition_and_self_exclusion; per-card: reports/card_quality_full_2026-09-27/set_probe_TROLL.csv#TRL_311::elemental_last_turn_condition_and_self_exclusion,"聚合状态取该卡最差机制；普通烟测只证明可执行，不能单独构成 GREEN。 EN=Battlecry: If you played an Elemental last turn, deal 3 damage to all other minions.; ZH=战吼：如果你在上个回合使用过元素牌，则对所有其他随从造成3点伤害。; source=fireplace/cards/troll/mage.py:8; existing_tests=none; previous=YELLOW:1 个机制缺少充分的核心效果验证；逐机制依据见 card_mechanism.csv。","Battlecry: If you played an Elemental last turn, deal 3 damage to all other minions.",战吼：如果你在上个回合使用过元素牌，则对所有其他随从造成3点伤害。,fireplace/cards/troll/mage.py:8
17.6.0.53261,Rastakhan's Rumble (TROLL),TRL_312,Spellzerker,狂暴咒术师,Spell Damage,RED,partial,yes,"实测与卡牌文本不符：spell_damage_enrage_toggles expected=[Spellzerker gains +2 spell damage while damaged and loses the bonus when restored to full health.] actual=[base=(2, 3, 0);damaged=(2, 1, 0);target_after_spell_while_damaged=(4, 1);healed=(3, 0, 0);target_after_spell_when_healed=(3, 2);zone=PLAY]",card_mechanism.csv#TRL_312; generic-play-smoke:played; effect-evidence: reports/card_quality_full_2026-09-27/set_probe_TROLL.csv#TRL_312::spell_damage_enrage_toggles; per-card: reports/card_quality_full_2026-09-27/set_probe_TROLL.csv#TRL_312::spell_damage_enrage_toggles,聚合状态取该卡最差机制；普通烟测只证明可执行，不能单独构成 GREEN。 EN=Has Spell Damage +2 while damaged.; ZH=受伤时具有 法术伤害+2。; source=fireplace/cards/troll/neutral_common.py:36; existing_tests=none; previous=YELLOW:1 个机制缺少充分的核心效果验证；逐机制依据见 card_mechanism.csv。,Has Spell Damage +2 while damaged.,受伤时具有 法术伤害+2。,fireplace/cards/troll/neutral_common.py:36
17.6.0.53261,Rastakhan's Rumble (TROLL),TRL_313,Scorch,灼烧,Cost modification|Spell resolution|Targeting,RED,partial,yes,实测与卡牌文本不符：conditional_cost_and_damage expected=[Scorch costs 1 after an Elemental last turn (otherwise 4) and deals 4 damage to a minion.] actual=[prior_elemental=True;cost=3;target_health=1;target_damage=4;target_zone=PLAY],card_mechanism.csv#TRL_313; generic-play-smoke:played; effect-evidence: reports/card_quality_full_2026-09-27/set_probe_TROLL.csv#TRL_313::conditional_cost_and_damage; per-card: reports/card_quality_full_2026-09-27/set_probe_TROLL.csv#TRL_313::conditional_cost_and_damage,聚合状态取该卡最差机制；普通烟测只证明可执行，不能单独构成 GREEN。 EN=[x]Deal $4 damage to a minion. Costs (1) if you played an Elemental last turn.; ZH=对一个随从造成$4点伤害。如果你在上个回合使用过元素牌，则法力值消耗变为（1）点。; source=fireplace/cards/troll/mage.py:91; existing_tests=none; previous=YELLOW:3 个机制缺少充分的核心效果验证；逐机制依据见 card_mechanism.csv。,[x]Deal $4 damage to a minion. Costs (1) if you played an Elemental last turn.,对一个随从造成$4点伤害。如果你在上个回合使用过元素牌，则法力值消耗变为（1）点。,fireplace/cards/troll/mage.py:91
17.6.0.53261,Rastakhan's Rumble (TROLL),TRL_315,Pyromaniac,火焰狂人,Draw / Discard|Targeting|Trigger,GREEN,implemented,yes,本轮逐卡行为用例全部通过：hero_power_kill_trigger_only=kill=True;pyromaniac=PLAY;target_zone=GRAVEYARD;target_health=1;target_damage=0;hand_wisp=True;deck=0; kill=False;pyromaniac=PLAY;target_zone=PLAY;target_health=4;target_damage=1;hand_wisp=False;deck=1,card_mechanism.csv#TRL_315; generic-play-smoke:played; effect-evidence: reports/card_quality_full_2026-09-27/set_probe_TROLL.csv#TRL_315::hero_power_kill_trigger_only; per-card: reports/card_quality_full_2026-09-27/set_probe_TROLL.csv#TRL_315::hero_power_kill_trigger_only,"聚合状态取该卡最差机制；普通烟测只证明可执行，不能单独构成 GREEN。 EN=Whenever your Hero Power kills a minion, draw a card.; ZH=每当你的英雄技能消灭一个随从，抽 一张牌。; source=fireplace/cards/troll/mage.py:17; existing_tests=tests/test_troll.py:154:test_pyromaniac; previous=YELLOW:3 个机制缺少充分的核心效果验证；逐机制依据见 card_mechanism.csv。","Whenever your Hero Power kills a minion, draw a card.",每当你的英雄技能消灭一个随从，抽 一张牌。,fireplace/cards/troll/mage.py:17
17.6.0.53261,Rastakhan's Rumble (TROLL),TRL_316,"Jan'alai, the Dragonhawk",加亚莱，龙鹰之神,Battlecry|Summon,GREEN,implemented,yes,"本轮逐卡行为用例全部通过：eight_hero_power_damage_threshold=hero_power_uses=4;hero_health=30;ready=True;ragnaros=[('TRL_316t', 4, 'PLAY', 8, (8, 8))];field=['TRL_316', 'TRL_316t']; hero_power_uses=3;hero_health=30;ready=False;ragnaros=[];field=['TRL_316']",card_mechanism.csv#TRL_316; generic-play-smoke:played; effect-evidence: reports/card_quality_full_2026-09-27/set_probe_TROLL.csv#TRL_316::eight_hero_power_damage_threshold; per-card: reports/card_quality_full_2026-09-27/set_probe_TROLL.csv#TRL_316::eight_hero_power_damage_threshold,"聚合状态取该卡最差机制；普通烟测只证明可执行，不能单独构成 GREEN。 EN=[x]Battlecry: If your Hero Power dealt 8 damage this game, summon Ragnaros the Firelord.@ ({0} left!)@ (Ready!); ZH=战吼： 在本局对战中，如果你的英雄技能累计造成了8点伤害，则召唤炎魔之王拉格纳罗斯。@（还剩下{0}点！）@（已经就绪！）; source=fireplace/cards/troll/mage.py:26; existing_tests=tests/test_troll.py:163:test_janalai_the_dragonhawk; previous=YELLOW:2 个机制缺少充分的核心效果验证；逐机制依据见 card_mechanism.csv。","[x]Battlecry: If your Hero Power dealt 8 damage this game, summon Ragnaros the Firelord.@ ({0} left!)@ (Ready!)",战吼： 在本局对战中，如果你的英雄技能累计造成了8点伤害，则召唤炎魔之王拉格纳罗斯。@（还剩下{0}点！）@（已经就绪！）,fireplace/cards/troll/mage.py:26
17.6.0.53261,Rastakhan's Rumble (TROLL),TRL_317,Blast Wave,冲击波,Random effects|Spell resolution,GREEN,implemented,yes,"本轮逐卡行为用例全部通过：all_minion_damage_and_overkill_reward=overkill=True;ally_zone=GRAVEYARD;ally_damage=0;enemy_zone=PLAY;enemy_health=3;enemy_damage=2;hand_delta=1;generated=[('EX1_275', 5, 'HAND', 4, None)]; overkill=False;ally_zone=PLAY;ally_damage=2;enemy_zone=PLAY;enemy_health=3;enemy_damage=2;hand_delta=0;generated=[]",card_mechanism.csv#TRL_317; generic-play-smoke:played; effect-evidence: reports/card_quality_full_2026-09-27/set_probe_TROLL.csv#TRL_317::all_minion_damage_and_overkill_reward; per-card: reports/card_quality_full_2026-09-27/set_probe_TROLL.csv#TRL_317::all_minion_damage_and_overkill_reward,聚合状态取该卡最差机制；普通烟测只证明可执行，不能单独构成 GREEN。 EN=Deal $2 damage to all minions. Overkill: Add a random Mage spell to your hand.; ZH=对所有随从造成$2点伤害。超杀：随机将一张法师法术牌置入你的手牌。; source=fireplace/cards/troll/mage.py:103; existing_tests=none; previous=YELLOW:2 个机制缺少充分的核心效果验证；逐机制依据见 card_mechanism.csv。,Deal $2 damage to all minions. Overkill: Add a random Mage spell to your hand.,对所有随从造成$2点伤害。超杀：随机将一张法师法术牌置入你的手牌。,fireplace/cards/troll/mage.py:103
17.6.0.53261,Rastakhan's Rumble (TROLL),TRL_318,Hex Lord Malacrass,妖术领主玛拉卡斯,Battlecry,GREEN,implemented,yes,"本轮逐卡行为用例全部通过：copy_opening_hand_except_self=malacrass_zone=PLAY;opening_hand=['CS2_182'];hand_yetis=[('CS2_182', 4, 'HAND', 4, (4, 5)), ('CS2_182', 4, 'HAND', 4, (4, 5))];hand=['CS2_182', 'CS2_182']",card_mechanism.csv#TRL_318; generic-play-smoke:played; effect-evidence: reports/card_quality_full_2026-09-27/set_probe_TROLL.csv#TRL_318::copy_opening_hand_except_self; per-card: reports/card_quality_full_2026-09-27/set_probe_TROLL.csv#TRL_318::copy_opening_hand_except_self,聚合状态取该卡最差机制；普通烟测只证明可执行，不能单独构成 GREEN。 EN=Battlecry: Add a copy of your opening hand to your hand (except this card).; ZH=战吼：将你的起始手牌的复制置入手牌（不包括这张牌）。; source=fireplace/cards/troll/mage.py:41; existing_tests=none; previous=YELLOW:1 个机制缺少充分的核心效果验证；逐机制依据见 card_mechanism.csv。,Battlecry: Add a copy of your opening hand to your hand (except this card).,战吼：将你的起始手牌的复制置入手牌（不包括这张牌）。,fireplace/cards/troll/mage.py:41
17.6.0.53261,Rastakhan's Rumble (TROLL),TRL_319,Spirit of the Dragonhawk,龙鹰之灵,Aura|Continuous effect / Update|Stealth|Trigger,GREEN,implemented,yes,"本轮逐卡行为用例全部通过：hero_power_adjacent_targets=spirit_stealthed=1;minions=[('CS2_182', 4, 1, 'PLAY'), ('CS2_182', 4, 1, 'PLAY'), ('CS2_182', 4, 1, 'PLAY')]; stealth_one_turn=initial_stealth=1;after_next_own_turn=False;zone=PLAY",card_mechanism.csv#TRL_319; generic-play-smoke:played; effect-evidence: reports/card_quality_full_2026-09-27/set_probe_TROLL.csv#TRL_319::hero_power_adjacent_targets; reports/card_quality_full_2026-09-27/set_probe_TROLL.csv#TRL_319::stealth_one_turn; per-card: reports/card_quality_full_2026-09-27/set_probe_TROLL.csv#TRL_319::hero_power_adjacent_targets; reports/card_quality_full_2026-09-27/set_probe_TROLL.csv#TRL_319::stealth_one_turn,聚合状态取该卡最差机制；普通烟测只证明可执行，不能单独构成 GREEN。 EN=[x]Stealth for 1 turn. Your Hero Power also targets  adjacent minions.; ZH=潜行一回合。你的英雄技能会以选中的随从及其相邻随从作为 目标。; source=fireplace/cards/troll/mage.py:49; existing_tests=tests/test_troll.py:175:test_spirit_of_the_dragonhawk | tests/test_troll.py:187:test_daring_fire_eater; previous=YELLOW:4 个机制缺少充分的核心效果验证；逐机制依据见 card_mechanism.csv。,[x]Stealth for 1 turn. Your Hero Power also targets  adjacent minions.,潜行一回合。你的英雄技能会以选中的随从及其相邻随从作为 目标。,fireplace/cards/troll/mage.py:49
17.6.0.53261,Rastakhan's Rumble (TROLL),TRL_321,Devastate,毁灭打击,Spell resolution|Targeting,GREEN,implemented,yes,"本轮逐卡行为用例全部通过：damaged_minion_takes_four=before=(4, 1);after=(5, 0);zone=GRAVEYARD;graveyard=['CS2_182']",card_mechanism.csv#TRL_321; generic-play-smoke:unplayable_in_generic_setup; effect-evidence: reports/card_quality_full_2026-09-27/set_probe_TROLL.csv#TRL_321::damaged_minion_takes_four; per-card: reports/card_quality_full_2026-09-27/set_probe_TROLL.csv#TRL_321::damaged_minion_takes_four,聚合状态取该卡最差机制；普通烟测只证明可执行，不能单独构成 GREEN。 EN=Deal $4 damage to a damaged minion.; ZH=对一个受伤的随从造成$4点 伤害。; source=fireplace/cards/troll/warrior.py:64; existing_tests=none; previous=YELLOW:2 个机制缺少充分的核心效果验证；逐机制依据见 card_mechanism.csv。,Deal $4 damage to a damaged minion.,对一个受伤的随从造成$4点 伤害。,fireplace/cards/troll/warrior.py:64
17.6.0.53261,Rastakhan's Rumble (TROLL),TRL_323,Emberscale Drake,烬鳞幼龙,Battlecry,GREEN,implemented,yes,"本轮逐卡行为用例全部通过：dragon_condition_for_five_armor=dragon_in_hand=True;dragon_card=EX1_561;armor=5;drake=('TRL_323', 5, 5, 'PLAY'); dragon_in_hand=False;dragon_card=None;armor=0;drake=('TRL_323', 5, 5, 'PLAY')",card_mechanism.csv#TRL_323; generic-play-smoke:played; effect-evidence: reports/card_quality_full_2026-09-27/set_probe_TROLL.csv#TRL_323::dragon_condition_for_five_armor; per-card: reports/card_quality_full_2026-09-27/set_probe_TROLL.csv#TRL_323::dragon_condition_for_five_armor,"聚合状态取该卡最差机制；普通烟测只证明可执行，不能单独构成 GREEN。 EN=Battlecry: If you're holding a Dragon, gain 5 Armor.; ZH=战吼：如果你的手牌中有龙牌，便获得5点护甲值。; source=fireplace/cards/troll/warrior.py:8; existing_tests=none; previous=YELLOW:1 个机制缺少充分的核心效果验证；逐机制依据见 card_mechanism.csv。","Battlecry: If you're holding a Dragon, gain 5 Armor.",战吼：如果你的手牌中有龙牌，便获得5点护甲值。,fireplace/cards/troll/warrior.py:8
17.6.0.53261,Rastakhan's Rumble (TROLL),TRL_324,Heavy Metal!,重金属狂潮,Random effects|Spell resolution|Summon,GREEN,implemented,yes,"本轮逐卡行为用例全部通过：random_minion_cost_equals_armor_capped_at_ten=cap_case=False;armor=5;mana_after_coins=0;temp_mana=0;summoned=[('LOE_086', 4, 'PLAY', 5, (0, 6))];field=['LOE_086']; cap_case=True;armor=15;mana_after_coins=0;temp_mana=0;summoned=[('TRL_541', 4, 'PLAY', 10, (9, 6))];field=['TRL_541']",card_mechanism.csv#TRL_324; generic-play-smoke:played; effect-evidence: reports/card_quality_full_2026-09-27/set_probe_TROLL.csv#TRL_324::random_minion_cost_equals_armor_capped_at_ten; per-card: reports/card_quality_full_2026-09-27/set_probe_TROLL.csv#TRL_324::random_minion_cost_equals_armor_capped_at_ten,聚合状态取该卡最差机制；普通烟测只证明可执行，不能单独构成 GREEN。 EN=[x]Summon a random minion with Cost equal to your Armor (up to 10).; ZH=随机召唤一个法力值消耗等同于你的护甲值（最高不超过10点）的随从。; source=fireplace/cards/troll/warrior.py:76; existing_tests=tests/test_troll.py:272:test_heavy_metal | tests/test_troll.py:278:test_heavy_metal; previous=YELLOW:3 个机制缺少充分的核心效果验证；逐机制依据见 card_mechanism.csv。,[x]Summon a random minion with Cost equal to your Armor (up to 10).,随机召唤一个法力值消耗等同于你的护甲值（最高不超过10点）的随从。,fireplace/cards/troll/warrior.py:76
17.6.0.53261,Rastakhan's Rumble (TROLL),TRL_325,Sul'thraze,鞭笞者苏萨斯,Weapon,GREEN,implemented,yes,本轮逐卡行为用例全部通过：weapon_overkill_extra_attack=weapon=TRL_325:4/2;first_target_zone=GRAVEYARD;can_reattack_after_overkill=True;enemy_health_before_second=30;after=26;hero_attack=4,card_mechanism.csv#TRL_325; generic-play-smoke:played; effect-evidence: reports/card_quality_full_2026-09-27/set_probe_TROLL.csv#TRL_325::weapon_overkill_extra_attack; per-card: reports/card_quality_full_2026-09-27/set_probe_TROLL.csv#TRL_325::weapon_overkill_extra_attack,聚合状态取该卡最差机制；普通烟测只证明可执行，不能单独构成 GREEN。 EN=Overkill: You may attack again.; ZH=超杀：你可以再次攻击。; source=fireplace/cards/troll/warrior.py:98; existing_tests=tests/test_troll.py:215:test_sulthraze; previous=YELLOW:1 个机制缺少充分的核心效果验证；逐机制依据见 card_mechanism.csv。,Overkill: You may attack again.,超杀：你可以再次攻击。,fireplace/cards/troll/warrior.py:98
17.6.0.53261,Rastakhan's Rumble (TROLL),TRL_326,Smolderthorn Lancer,燃棘枪兵,Battlecry|Targeting,GREEN,implemented,yes,"本轮逐卡行为用例全部通过：dragon_condition_destroys_damaged_target=dragon=True;target_before=(4, 1);target_after=(5, 0);target_zone=GRAVEYARD;lancer=PLAY; dragon=False;target_before=(4, 1);target_after=(4, 1);target_zone=PLAY;lancer=PLAY",card_mechanism.csv#TRL_326; generic-play-smoke:played; effect-evidence: reports/card_quality_full_2026-09-27/set_probe_TROLL.csv#TRL_326::dragon_condition_destroys_damaged_target; per-card: reports/card_quality_full_2026-09-27/set_probe_TROLL.csv#TRL_326::dragon_condition_destroys_damaged_target,"聚合状态取该卡最差机制；普通烟测只证明可执行，不能单独构成 GREEN。 EN=Battlecry: If you're holding a Dragon, destroy a damaged enemy minion.; ZH=战吼：如果你的手牌中有龙牌，则消灭一个受伤的敌方随从。; source=fireplace/cards/troll/warrior.py:16; existing_tests=none; previous=YELLOW:2 个机制缺少充分的核心效果验证；逐机制依据见 card_mechanism.csv。","Battlecry: If you're holding a Dragon, destroy a damaged enemy minion.",战吼：如果你的手牌中有龙牌，则消灭一个受伤的敌方随从。,fireplace/cards/troll/warrior.py:16
17.6.0.53261,Rastakhan's Rumble (TROLL),TRL_327,Spirit of the Rhino,犀牛之灵,Aura|Continuous effect / Update|Stealth|Trigger,GREEN,implemented,yes,"本轮逐卡行为用例全部通过：same_turn_rush_minion_immunity=spirit_stealth_at_play=1;same_turn_rush=('PLAY', True, 4, 1);next_turn_rush=('PLAY', False)",card_mechanism.csv#TRL_327; generic-play-smoke:played; effect-evidence: reports/card_quality_full_2026-09-27/set_probe_TROLL.csv#TRL_327::same_turn_rush_minion_immunity; per-card: reports/card_quality_full_2026-09-27/set_probe_TROLL.csv#TRL_327::same_turn_rush_minion_immunity,聚合状态取该卡最差机制；普通烟测只证明可执行，不能单独构成 GREEN。 EN=Stealth for 1 turn. Your Rush minions are Immune the turn they're summoned.; ZH=潜行一回合。你的具有突袭的随从在它被召唤的回合获得免疫。; source=fireplace/cards/troll/warrior.py:30; existing_tests=none; previous=YELLOW:4 个机制缺少充分的核心效果验证；逐机制依据见 card_mechanism.csv。,Stealth for 1 turn. Your Rush minions are Immune the turn they're summoned.,潜行一回合。你的具有突袭的随从在它被召唤的回合获得免疫。,fireplace/cards/troll/warrior.py:30
17.6.0.53261,Rastakhan's Rumble (TROLL),TRL_328,War Master Voone,指挥官沃恩,Battlecry,GREEN,implemented,yes,"本轮逐卡行为用例全部通过：copy_all_hand_dragons=voone=PLAY;dragon_cards=[('EX1_561', 4, 'HAND', 9, (8, 8)), ('EX1_561', 4, 'HAND', 9, (8, 8))];dragon_count=2;yetis=[('CS2_182', 4, 'HAND', 4, (4, 5))];original_dragon=HAND;original_yeti=HAND",card_mechanism.csv#TRL_328; generic-play-smoke:played; effect-evidence: reports/card_quality_full_2026-09-27/set_probe_TROLL.csv#TRL_328::copy_all_hand_dragons; per-card: reports/card_quality_full_2026-09-27/set_probe_TROLL.csv#TRL_328::copy_all_hand_dragons,聚合状态取该卡最差机制；普通烟测只证明可执行，不能单独构成 GREEN。 EN=Battlecry: Copy all Dragons in your hand.; ZH=战吼：复制你手牌中的所有龙牌。; source=fireplace/cards/troll/warrior.py:41; existing_tests=none; previous=YELLOW:1 个机制缺少充分的核心效果验证；逐机制依据见 card_mechanism.csv。,Battlecry: Copy all Dragons in your hand.,战吼：复制你手牌中的所有龙牌。,fireplace/cards/troll/warrior.py:41
17.6.0.53261,Rastakhan's Rumble (TROLL),TRL_329,"Akali, the Rhino",阿卡里，犀牛之神,Draw / Discard|Rush|Targeting,GREEN,implemented,yes,"本轮逐卡行为用例全部通过：overkill_draws_rush_and_buffs_five_five=akali=(5, 4, 'PLAY');target=GRAVEYARD;drawn=[('GIL_143', 4, 'HAND', 2, (6, 8))];deck=['CS2_182']",card_mechanism.csv#TRL_329; generic-play-smoke:played; effect-evidence: reports/card_quality_full_2026-09-27/set_probe_TROLL.csv#TRL_329::overkill_draws_rush_and_buffs_five_five; per-card: reports/card_quality_full_2026-09-27/set_probe_TROLL.csv#TRL_329::overkill_draws_rush_and_buffs_five_five,聚合状态取该卡最差机制；普通烟测只证明可执行，不能单独构成 GREEN。 EN=Rush Overkill: Draw a Rush minion from your deck. Give it +5/+5.; ZH=突袭，超杀：从你的牌库中抽一张具有突袭的随从牌，并使其获得+5/+5。; source=fireplace/cards/troll/warrior.py:48; existing_tests=none; previous=YELLOW:3 个机制缺少充分的核心效果验证；逐机制依据见 card_mechanism.csv。,Rush Overkill: Draw a Rush minion from your deck. Give it +5/+5.,突袭，超杀：从你的牌库中抽一张具有突袭的随从牌，并使其获得+5/+5。,fireplace/cards/troll/warrior.py:48
17.6.0.53261,Rastakhan's Rumble (TROLL),TRL_339,Master's Call,主人的召唤,Discover / Choice|Draw / Discard|Spell resolution,GREEN,implemented,yes,"本轮逐卡行为用例全部通过：beast_all_draw_vs_mixed_discover=choice_open=False;hand=[('NEW1_034', 4, 'HAND', 3, (4, 2)), ('NEW1_033', 4, 'HAND', 3, (2, 4)), ('NEW1_032', 4, 'HAND', 3, (4, 4))];deck=[]; options=['CS2_231', 'NEW1_033', 'NEW1_034'];selected=CS2_231;hand=['CS2_231'];deck=[]",card_mechanism.csv#TRL_339; generic-play-smoke:played; effect-evidence: reports/card_quality_full_2026-09-27/set_probe_TROLL.csv#TRL_339::beast_all_draw_vs_mixed_discover; per-card: reports/card_quality_full_2026-09-27/set_probe_TROLL.csv#TRL_339::beast_all_draw_vs_mixed_discover,"聚合状态取该卡最差机制；普通烟测只证明可执行，不能单独构成 GREEN。 EN=Discover a minion in your deck. If all 3 are Beasts, draw them all.; ZH=从你的牌库中发现一张随从牌。如果三张牌都是野兽，则抽取全部三张牌。; source=fireplace/cards/troll/hunter.py:64; existing_tests=tests/test_troll.py:138:test_masters_call | tests/test_troll.py:146:test_masters_call; previous=YELLOW:3 个机制缺少充分的核心效果验证；逐机制依据见 card_mechanism.csv。","Discover a minion in your deck. If all 3 are Beasts, draw them all.",从你的牌库中发现一张随从牌。如果三张牌都是野兽，则抽取全部三张牌。,fireplace/cards/troll/hunter.py:64
17.6.0.53261,Rastakhan's Rumble (TROLL),TRL_341,Treespeaker,树语者,Battlecry|Transform,GREEN,implemented,yes,"本轮逐卡行为用例全部通过：transform_treants_only=with_treants=True;ancients=[('TRL_341t', 4, 'PLAY', 5, (5, 5)), ('TRL_341t', 4, 'PLAY', 5, (5, 5)), ('TRL_341t', 4, 'PLAY', 5, (5, 5))];other=('CS2_182', 4, 5, 'PLAY');speaker=PLAY;field=['TRL_341t', 'TRL_341t', 'TRL_341t', 'CS2_182', 'TRL_341']; with_treants=False;ancients=[];other=('CS2_182', 4, 5, 'PLAY');speaker=PLAY;field=['CS2_182', 'TRL_341']",card_mechanism.csv#TRL_341; generic-play-smoke:played; effect-evidence: reports/card_quality_full_2026-09-27/set_probe_TROLL.csv#TRL_341::transform_treants_only; per-card: reports/card_quality_full_2026-09-27/set_probe_TROLL.csv#TRL_341::transform_treants_only,聚合状态取该卡最差机制；普通烟测只证明可执行，不能单独构成 GREEN。 EN=Battlecry: Transform your Treants into 5/5 Ancients.; ZH=战吼： 将你的所有树人变形成为5/5的古树。; source=fireplace/cards/troll/druid.py:49; existing_tests=tests/test_troll.py:97:test_treespeaker | tests/test_troll.py:92:test_treespeaker; previous=YELLOW:2 个机制缺少充分的核心效果验证；逐机制依据见 card_mechanism.csv。,Battlecry: Transform your Treants into 5/5 Ancients.,战吼： 将你的所有树人变形成为5/5的古树。,fireplace/cards/troll/druid.py:49
17.6.0.53261,Rastakhan's Rumble (TROLL),TRL_343,Wardruid Loti,战争德鲁伊罗缇,Choose One|Transform,GREEN,implemented,yes,"本轮逐卡行为用例全部通过：all_four_choose_one_forms=choices=[('TRL_343at2', 'SETASIDE', 'TRL_343at1', (1, 6), 1, None), ('TRL_343bt2', 'SETASIDE', 'TRL_343bt1', (4, 2), False, None), ('TRL_343ct2', 'SETASIDE', 'TRL_343ct1', (1, 4), False, None), ('TRL_343dt2', 'SETASIDE', 'TRL_343dt1', (1, 2), False, None)]",card_mechanism.csv#TRL_343; generic-play-smoke:played; effect-evidence: reports/card_quality_full_2026-09-27/set_probe_TROLL.csv#TRL_343::all_four_choose_one_forms; per-card: reports/card_quality_full_2026-09-27/set_probe_TROLL.csv#TRL_343::all_four_choose_one_forms,聚合状态取该卡最差机制；普通烟测只证明可执行，不能单独构成 GREEN。 EN=Choose One - Transform into one of Loti's four dinosaur forms.; ZH=抉择：将该随从变形成为罗缇的四种恐龙形态之一。; source=fireplace/cards/troll/druid.py:56; existing_tests=none; previous=YELLOW:2 个机制缺少充分的核心效果验证；逐机制依据见 card_mechanism.csv。,Choose One - Transform into one of Loti's four dinosaur forms.,抉择：将该随从变形成为罗缇的四种恐龙形态之一。,fireplace/cards/troll/druid.py:56
17.6.0.53261,Rastakhan's Rumble (TROLL),TRL_345,"Krag'wa, the Frog",卡格瓦，青蛙之神,Battlecry,GREEN,implemented,yes,本轮逐卡行为用例全部通过：return_last_turn_spells_only=frog=PLAY;hand=['CS2_008'];recent_spell_original=GRAVEYARD;older_coin_original=GRAVEYARD,card_mechanism.csv#TRL_345; generic-play-smoke:played; effect-evidence: reports/card_quality_full_2026-09-27/set_probe_TROLL.csv#TRL_345::return_last_turn_spells_only; per-card: reports/card_quality_full_2026-09-27/set_probe_TROLL.csv#TRL_345::return_last_turn_spells_only,聚合状态取该卡最差机制；普通烟测只证明可执行，不能单独构成 GREEN。 EN=Battlecry: Return all spells you played last turn to your hand.; ZH=战吼：将你上回合使用的所有法术牌移回你的手牌。; source=fireplace/cards/troll/shaman.py:45; existing_tests=tests/test_troll.py:297:test_kragwa_the_frog; previous=YELLOW:1 个机制缺少充分的核心效果验证；逐机制依据见 card_mechanism.csv。,Battlecry: Return all spells you played last turn to your hand.,战吼：将你上回合使用的所有法术牌移回你的手牌。,fireplace/cards/troll/shaman.py:45
17.6.0.53261,Rastakhan's Rumble (TROLL),TRL_347,Baited Arrow,诱饵射击,Spell resolution|Summon|Targeting,GREEN,implemented,yes,"本轮逐卡行为用例全部通过：three_damage_and_overkill_devilsaurs=overkill=True;target=('CS2_231', 1, 0, 'GRAVEYARD');devilsaurs=[('TRL_347t', 4, 'PLAY', 5, (5, 5))]; overkill=False;target=('CS2_182', 2, 3, 'PLAY');devilsaurs=[]",card_mechanism.csv#TRL_347; generic-play-smoke:played; effect-evidence: reports/card_quality_full_2026-09-27/set_probe_TROLL.csv#TRL_347::three_damage_and_overkill_devilsaurs; per-card: reports/card_quality_full_2026-09-27/set_probe_TROLL.csv#TRL_347::three_damage_and_overkill_devilsaurs,聚合状态取该卡最差机制；普通烟测只证明可执行，不能单独构成 GREEN。 EN=Deal $3 damage. Overkill: Summon a 5/5 Devilsaur.; ZH=造成$3点伤害。超杀：召唤一个5/5的魔暴龙。; source=fireplace/cards/troll/hunter.py:78; existing_tests=tests/test_troll.py:65:test_overkill_spell; previous=YELLOW:3 个机制缺少充分的核心效果验证；逐机制依据见 card_mechanism.csv。,Deal $3 damage. Overkill: Summon a 5/5 Devilsaur.,造成$3点伤害。超杀：召唤一个5/5的魔暴龙。,fireplace/cards/troll/hunter.py:78
17.6.0.53261,Rastakhan's Rumble (TROLL),TRL_348,Springpaw,魔泉山猫,Battlecry|Rush,GREEN,implemented,yes,"本轮逐卡行为用例全部通过：rush_battlecry_linx=springpaw=(1, 1, 1, 'GRAVEYARD');target=(4, 1, 'PLAY');lynx=(1, 1, 1, 'HAND');hand=['TRL_348t']",card_mechanism.csv#TRL_348; generic-play-smoke:played; effect-evidence: reports/card_quality_full_2026-09-27/set_probe_TROLL.csv#TRL_348::rush_battlecry_linx; per-card: reports/card_quality_full_2026-09-27/set_probe_TROLL.csv#TRL_348::rush_battlecry_linx,聚合状态取该卡最差机制；普通烟测只证明可执行，不能单独构成 GREEN。 EN=[x]Rush Battlecry: Add a 1/1 Lynx with Rush to your hand.; ZH=突袭，战吼：将一张1/1并具有突袭的山猫置入你的手牌。; source=fireplace/cards/troll/hunter.py:8; existing_tests=none; previous=YELLOW:2 个机制缺少充分的核心效果验证；逐机制依据见 card_mechanism.csv。,[x]Rush Battlecry: Add a 1/1 Lynx with Rush to your hand.,突袭，战吼：将一张1/1并具有突袭的山猫置入你的手牌。,fireplace/cards/troll/hunter.py:8
17.6.0.53261,Rastakhan's Rumble (TROLL),TRL_349,Bloodscalp Strategist,血顶战略家,Battlecry|Discover / Choice|Random effects,GREEN,implemented,yes,"本轮逐卡行为用例全部通过：weapon_conditional_discover_spell=weapon=True;strategist=PLAY;options=[('BOT_437', 5), ('BOT_429', 5), ('BOT_402', 5)];selected=BOT_437;hand=['BOT_437']; weapon=False;strategist=PLAY;choice=False;hand=[]",card_mechanism.csv#TRL_349; generic-play-smoke:played; effect-evidence: reports/card_quality_full_2026-09-27/set_probe_TROLL.csv#TRL_349::weapon_conditional_discover_spell; per-card: reports/card_quality_full_2026-09-27/set_probe_TROLL.csv#TRL_349::weapon_conditional_discover_spell,"聚合状态取该卡最差机制；普通烟测只证明可执行，不能单独构成 GREEN。 EN=Battlecry: If you have a weapon equipped, Discover a spell.; ZH=战吼：如果你装备着武器，发现一张 法术牌。; source=fireplace/cards/troll/hunter.py:15; existing_tests=none; previous=YELLOW:3 个机制缺少充分的核心效果验证；逐机制依据见 card_mechanism.csv。","Battlecry: If you have a weapon equipped, Discover a spell.",战吼：如果你装备着武器，发现一张 法术牌。,fireplace/cards/troll/hunter.py:15
17.6.0.53261,Rastakhan's Rumble (TROLL),TRL_351,Rain of Toads,蟾蜍雨,Overload|Spell resolution|Summon,GREEN,implemented,yes,"本轮逐卡行为用例全部通过：three_taunt_toads_overload_three=toads=[('TRL_351t', 4, 'PLAY', 3, (2, 4)), ('TRL_351t', 4, 'PLAY', 3, (2, 4)), ('TRL_351t', 4, 'PLAY', 3, (2, 4))];taunts=[1, 1, 1];overload_locked_next_turn=3;next_turn_mana=7;used_mana=0",card_mechanism.csv#TRL_351; generic-play-smoke:played; effect-evidence: reports/card_quality_full_2026-09-27/set_probe_TROLL.csv#TRL_351::three_taunt_toads_overload_three; per-card: reports/card_quality_full_2026-09-27/set_probe_TROLL.csv#TRL_351::three_taunt_toads_overload_three,聚合状态取该卡最差机制；普通烟测只证明可执行，不能单独构成 GREEN。 EN=Summon three 2/4 Toads with Taunt. Overload: (3); ZH=召唤三个2/4并具有嘲讽的蟾蜍。 过载：（3）; source=fireplace/cards/troll/shaman.py:108; existing_tests=none; previous=YELLOW:2 个机制缺少充分的核心效果验证；逐机制依据见 card_mechanism.csv。,Summon three 2/4 Toads with Taunt. Overload: (3),召唤三个2/4并具有嘲讽的蟾蜍。 过载：（3）,fireplace/cards/troll/shaman.py:108
17.6.0.53261,Rastakhan's Rumble (TROLL),TRL_352,Likkim,舔舔魔杖,Aura|Continuous effect / Update|Weapon,GREEN,implemented,yes,"本轮逐卡行为用例全部通过：attack_aura_tracks_overloaded_crystals=same_turn=(1, 3, 0);overloaded_turn=(3, 3, 3);normal_turn=(1, 3, 0)",card_mechanism.csv#TRL_352; generic-play-smoke:played; effect-evidence: reports/card_quality_full_2026-09-27/set_probe_TROLL.csv#TRL_352::attack_aura_tracks_overloaded_crystals; per-card: reports/card_quality_full_2026-09-27/set_probe_TROLL.csv#TRL_352::attack_aura_tracks_overloaded_crystals,聚合状态取该卡最差机制；普通烟测只证明可执行，不能单独构成 GREEN。 EN=Has +2 Attack while you have Overloaded Mana Crystals.; ZH=当你有过载的法力水晶时，获得+2攻击力。; source=fireplace/cards/troll/shaman.py:122; existing_tests=none; previous=YELLOW:3 个机制缺少充分的核心效果验证；逐机制依据见 card_mechanism.csv。,Has +2 Attack while you have Overloaded Mana Crystals.,当你有过载的法力水晶时，获得+2攻击力。,fireplace/cards/troll/shaman.py:122
17.6.0.53261,Rastakhan's Rumble (TROLL),TRL_360,Overlord's Whip,领主之鞭,Trigger|Weapon,GREEN,implemented,yes,"本轮逐卡行为用例全部通过：after_play_minion_deals_one_to_that_minion=weapon=TRL_360:2/4;old=(5, 0, 'PLAY');new=(4, 1, 'PLAY')",card_mechanism.csv#TRL_360; generic-play-smoke:played; effect-evidence: reports/card_quality_full_2026-09-27/set_probe_TROLL.csv#TRL_360::after_play_minion_deals_one_to_that_minion; per-card: reports/card_quality_full_2026-09-27/set_probe_TROLL.csv#TRL_360::after_play_minion_deals_one_to_that_minion,"聚合状态取该卡最差机制；普通烟测只证明可执行，不能单独构成 GREEN。 EN=After you play a minion, deal 1 damage to it.; ZH=在你使用一张随从牌后，对被召唤的随从造成1点伤害。; source=fireplace/cards/troll/warrior.py:105; existing_tests=none; previous=YELLOW:2 个机制缺少充分的核心效果验证；逐机制依据见 card_mechanism.csv。","After you play a minion, deal 1 damage to it.",在你使用一张随从牌后，对被召唤的随从造成1点伤害。,fireplace/cards/troll/warrior.py:105
17.6.0.53261,Rastakhan's Rumble (TROLL),TRL_362,Dragon Roar,巨龙怒吼,Random effects|Spell resolution,GREEN,implemented,yes,"本轮逐卡行为用例全部通过：add_two_random_dragons=hand=[('CS2_231', 4, 'HAND', 0, (1, 1)), ('CFM_605', 4, 'HAND', 5, (5, 6)), ('DRG_209', 4, 'HAND', 8, (4, 12))];dragons=[('CFM_605', 4, 'HAND', 5, (5, 6)), ('DRG_209', 4, 'HAND', 8, (4, 12))];filler_zone=HAND;deck=0",card_mechanism.csv#TRL_362; generic-play-smoke:played; effect-evidence: reports/card_quality_full_2026-09-27/set_probe_TROLL.csv#TRL_362::add_two_random_dragons; per-card: reports/card_quality_full_2026-09-27/set_probe_TROLL.csv#TRL_362::add_two_random_dragons,聚合状态取该卡最差机制；普通烟测只证明可执行，不能单独构成 GREEN。 EN=Add 2 random Dragons to your hand.; ZH=随机将两张龙牌置入你的手牌。; source=fireplace/cards/troll/warrior.py:87; existing_tests=none; previous=YELLOW:2 个机制缺少充分的核心效果验证；逐机制依据见 card_mechanism.csv。,Add 2 random Dragons to your hand.,随机将两张龙牌置入你的手牌。,fireplace/cards/troll/warrior.py:87
17.6.0.53261,Rastakhan's Rumble (TROLL),TRL_363,Saronite Taskmaster,萨隆铁矿监工,Deathrattle|Summon,GREEN,implemented,yes,"本轮逐卡行为用例全部通过：deathrattle_gives_opponent_free_agent=taskmaster=GRAVEYARD;friendly_tokens=[];enemy_tokens=[('TRL_363t', 4, 'PLAY', 1, (0, 3))];enemy_taunt=[1]",card_mechanism.csv#TRL_363; generic-play-smoke:played; effect-evidence: reports/card_quality_full_2026-09-27/set_probe_TROLL.csv#TRL_363::deathrattle_gives_opponent_free_agent; per-card: reports/card_quality_full_2026-09-27/set_probe_TROLL.csv#TRL_363::deathrattle_gives_opponent_free_agent,聚合状态取该卡最差机制；普通烟测只证明可执行，不能单独构成 GREEN。 EN=Deathrattle: Summon a 0/3 Free Agent with Taunt for your opponent.; ZH=亡语：为你的对手召唤一个0/3并具有嘲讽的自由的矿工。; source=fireplace/cards/troll/neutral_common.py:46; existing_tests=none; previous=YELLOW:2 个机制缺少充分的核心效果验证；逐机制依据见 card_mechanism.csv。,Deathrattle: Summon a 0/3 Free Agent with Taunt for your opponent.,亡语：为你的对手召唤一个0/3并具有嘲讽的自由的矿工。,fireplace/cards/troll/neutral_common.py:46
17.6.0.53261,Rastakhan's Rumble (TROLL),TRL_390,Daring Fire-Eater,大胆的吞火者,Battlecry,GREEN,implemented,yes,"本轮逐卡行为用例全部通过：next_hero_power_plus_two_once=first_after_buffed_power=(2, 3, 'PLAY');second_after_next_turn=(4, 1);eater_after=PLAY;hero_power_cost=2",card_mechanism.csv#TRL_390; generic-play-smoke:played; effect-evidence: reports/card_quality_full_2026-09-27/set_probe_TROLL.csv#TRL_390::next_hero_power_plus_two_once; per-card: reports/card_quality_full_2026-09-27/set_probe_TROLL.csv#TRL_390::next_hero_power_plus_two_once,聚合状态取该卡最差机制；普通烟测只证明可执行，不能单独构成 GREEN。 EN=Battlecry: Your next Hero Power this turn deals 2 more damage.; ZH=战吼：在本回合中，你的下一个英雄技能会额外造成2点伤害。; source=fireplace/cards/troll/mage.py:63; existing_tests=tests/test_troll.py:192:test_daring_fire_eater; previous=YELLOW:1 个机制缺少充分的核心效果验证；逐机制依据见 card_mechanism.csv。,Battlecry: Your next Hero Power this turn deals 2 more damage.,战吼：在本回合中，你的下一个英雄技能会额外造成2点伤害。,fireplace/cards/troll/mage.py:63
17.6.0.53261,Rastakhan's Rumble (TROLL),TRL_400,Splitting Image,裂魂残像,Secret|Spell resolution|Summon|Trigger,GREEN,implemented,yes,"本轮逐卡行为用例全部通过：secret_triggers_only_when_friendly_minion_attacked=attack_minion=True;secret_zone=GRAVEYARD;secret_live=False;defender=(4, 1, 'PLAY');yeti_copies=[('CS2_182', 4, 'PLAY', 4, (4, 4)), ('CS2_182', 4, 'PLAY', 4, (4, 5))];hero_health=30; attack_minion=False;secret_zone=SECRET;secret_live=True;defender=(5, 0, 'PLAY');yeti_copies=[('CS2_182', 4, 'PLAY', 4, (4, 5))];hero_health=29",card_mechanism.csv#TRL_400; generic-play-smoke:played; effect-evidence: reports/card_quality_full_2026-09-27/set_probe_TROLL.csv#TRL_400::secret_triggers_only_when_friendly_minion_attacked; per-card: reports/card_quality_full_2026-09-27/set_probe_TROLL.csv#TRL_400::secret_triggers_only_when_friendly_minion_attacked,"聚合状态取该卡最差机制；普通烟测只证明可执行，不能单独构成 GREEN。 EN=Secret: When one of your minions is attacked, summon a copy of it.; ZH=奥秘：当你的随从受到攻击时，召唤一个该随从的复制。; source=fireplace/cards/troll/mage.py:111; existing_tests=none; previous=YELLOW:4 个机制缺少充分的核心效果验证；逐机制依据见 card_mechanism.csv。","Secret: When one of your minions is attacked, summon a copy of it.",奥秘：当你的随从受到攻击时，召唤一个该随从的复制。,fireplace/cards/troll/mage.py:111
17.6.0.53261,Rastakhan's Rumble (TROLL),TRL_405,Untamed Beastmaster,狂野兽王,Draw / Discard|Targeting|Trigger,RED,partial,yes,"实测与卡牌文本不符：draw_beast_enchants_only_beast expected=[Drawing a Beast gives it +2/+2; the simultaneously drawn non-Beast is unchanged.] actual=[beastmaster=PLAY;beast=('NEW1_032', 4, 'HAND', 3, (4, 4));beast_races=[20];nonbeast=('CS2_182', 4, 'HAND', 4, (4, 5));nonbeast_races=[<Race.INVALID: 0>];deck=[]]",card_mechanism.csv#TRL_405; generic-play-smoke:played; effect-evidence: reports/card_quality_full_2026-09-27/set_probe_TROLL.csv#TRL_405::draw_beast_enchants_only_beast; per-card: reports/card_quality_full_2026-09-27/set_probe_TROLL.csv#TRL_405::draw_beast_enchants_only_beast,"聚合状态取该卡最差机制；普通烟测只证明可执行，不能单独构成 GREEN。 EN=Whenever you draw a Beast, give it +2/+2.; ZH=每当你抽到一张野兽牌时，使其获得+2/+2。; source=fireplace/cards/troll/neutral_epic.py:8; existing_tests=none; previous=YELLOW:3 个机制缺少充分的核心效果验证；逐机制依据见 card_mechanism.csv。","Whenever you draw a Beast, give it +2/+2.",每当你抽到一张野兽牌时，使其获得+2/+2。,fireplace/cards/troll/neutral_epic.py:8
17.6.0.53261,Rastakhan's Rumble (TROLL),TRL_406,Dozing Marksman,嗜睡的神枪手,Unclassified effect,GREEN,implemented,yes,"本轮逐卡行为用例全部通过：attack_bonus_toggles_with_damage=base=(0, 4);damaged=(4, 3, 1);healed=(0, 4, 0);zone=PLAY",card_mechanism.csv#TRL_406; generic-play-smoke:played; effect-evidence: reports/card_quality_full_2026-09-27/set_probe_TROLL.csv#TRL_406::attack_bonus_toggles_with_damage; per-card: reports/card_quality_full_2026-09-27/set_probe_TROLL.csv#TRL_406::attack_bonus_toggles_with_damage,聚合状态取该卡最差机制；普通烟测只证明可执行，不能单独构成 GREEN。 EN=Has +4 Attack while damaged.; ZH=受伤时具有 +4攻击力。; source=fireplace/cards/troll/neutral_common.py:53; existing_tests=none; previous=YELLOW:1 个机制缺少充分的核心效果验证；逐机制依据见 card_mechanism.csv。,Has +4 Attack while damaged.,受伤时具有 +4攻击力。,fireplace/cards/troll/neutral_common.py:53
17.6.0.53261,Rastakhan's Rumble (TROLL),TRL_407,Waterboy,茶水小弟,Battlecry,GREEN,implemented,yes,"本轮逐卡行为用例全部通过：next_hero_power_cost_zero_once=baseline=2;after_waterboy=0;target=(4, 1);after_power=2;next_turn=2;waterboy=PLAY",card_mechanism.csv#TRL_407; generic-play-smoke:played; effect-evidence: reports/card_quality_full_2026-09-27/set_probe_TROLL.csv#TRL_407::next_hero_power_cost_zero_once; per-card: reports/card_quality_full_2026-09-27/set_probe_TROLL.csv#TRL_407::next_hero_power_cost_zero_once,聚合状态取该卡最差机制；普通烟测只证明可执行，不能单独构成 GREEN。 EN=Battlecry: Your next Hero Power this turn costs (0).; ZH=战吼： 在本回合中，你的下一个英雄技能的法力值消耗为（0）点。; source=fireplace/cards/troll/neutral_rare.py:15; existing_tests=none; previous=YELLOW:1 个机制缺少充分的核心效果验证；逐机制依据见 card_mechanism.csv。,Battlecry: Your next Hero Power this turn costs (0).,战吼： 在本回合中，你的下一个英雄技能的法力值消耗为（0）点。,fireplace/cards/troll/neutral_rare.py:15
17.6.0.53261,Rastakhan's Rumble (TROLL),TRL_408,Grave Horror,墓园恐魔,Cost modification|Taunt,GREEN,implemented,yes,"本轮逐卡行为用例全部通过：one_cost_discount_per_spell_and_taunt=base=12;after_one_spell=11;after_two_spells=10;played=('PLAY', 7, 8, 1);mana=0",card_mechanism.csv#TRL_408; generic-play-smoke:unplayable_in_generic_setup; effect-evidence: reports/card_quality_full_2026-09-27/set_probe_TROLL.csv#TRL_408::one_cost_discount_per_spell_and_taunt; per-card: reports/card_quality_full_2026-09-27/set_probe_TROLL.csv#TRL_408::one_cost_discount_per_spell_and_taunt,聚合状态取该卡最差机制；普通烟测只证明可执行，不能单独构成 GREEN。 EN=[x]Taunt Costs (1) less for each spell you've cast this game.; ZH=嘲讽 在本局对战中，你每施放一个法术就会使法力值消耗减少（1）点。; source=fireplace/cards/troll/priest.py:31; existing_tests=none; previous=YELLOW:2 个机制缺少充分的核心效果验证；逐机制依据见 card_mechanism.csv。,[x]Taunt Costs (1) less for each spell you've cast this game.,嘲讽 在本局对战中，你每施放一个法术就会使法力值消耗减少（1）点。,fireplace/cards/troll/priest.py:31
17.6.0.53261,Rastakhan's Rumble (TROLL),TRL_409,"Gral, the Shark",格罗尔，鲨鱼之神,Battlecry|Deathrattle|Targeting,GREEN,implemented,yes,"本轮逐卡行为用例全部通过：eat_deck_minion_gain_stats_and_return_it=after_battlecry=(6, 7, 0);eaten=[('CS2_182', 4, 'GRAVEYARD', 4, (4, 5))];gral_zone=GRAVEYARD;returned=[('CS2_182', 4, 'HAND', 4, (4, 5))];deck=[]",card_mechanism.csv#TRL_409; generic-play-smoke:played; effect-evidence: reports/card_quality_full_2026-09-27/set_probe_TROLL.csv#TRL_409::eat_deck_minion_gain_stats_and_return_it; per-card: reports/card_quality_full_2026-09-27/set_probe_TROLL.csv#TRL_409::eat_deck_minion_gain_stats_and_return_it,聚合状态取该卡最差机制；普通烟测只证明可执行，不能单独构成 GREEN。 EN=[x]Battlecry: Eat a minion in your deck and gain its stats. Deathrattle: Add it to your hand.; ZH=战吼：吞食一个你的牌库中的随从，并获得其属性值。亡语：将被吞食的随从置入手牌。; source=fireplace/cards/troll/rogue.py:57; existing_tests=none; previous=YELLOW:3 个机制缺少充分的核心效果验证；逐机制依据见 card_mechanism.csv。,[x]Battlecry: Eat a minion in your deck and gain its stats. Deathrattle: Add it to your hand.,战吼：吞食一个你的牌库中的随从，并获得其属性值。亡语：将被吞食的随从置入手牌。,fireplace/cards/troll/rogue.py:57
17.6.0.53261,Rastakhan's Rumble (TROLL),TRL_500,Surrender to Madness,疯入膏肓,Spell resolution,GREEN,implemented,yes,"All live cases passed: destroys_three_crystals_and_buffs_deck_minions observed mana=10->7;spell=GRAVEYARD;yeti=('CS2_182', 4, 'DECK', 4, (6, 7));wisp=('CS2_231', 4, 'DECK', 0, (3, 3));fireball=('CS2_029', 5, 'DECK', 4, None);deck=['CS2_182', 'CS2_231', 'CS2_029'];current_mana=7",card_mechanism.csv#TRL_500; generic-play-smoke:played; effect-evidence: reports/card_quality_full_2026-09-27/set_probe_TROLL.csv#TRL_500::destroys_three_crystals_and_buffs_deck_minions; per-card: reports/card_quality_full_2026-09-27/set_probe_TROLL.csv#TRL_500::destroys_three_crystals_and_buffs_deck_minions,"聚合状态取该卡最差机制；普通烟测只证明可执行，不能单独构成 GREEN。 Cases=1; probe rows include EN/ZH, source, test, and prior audit evidence.",[x]Destroy 3 of your Mana Crystals. Give all minions in your deck +2/+2.,摧毁你的三个法力水晶。使你牌库中的所有随从牌获得+2/+2。,fireplace/cards/troll/priest.py:112
17.6.0.53261,Rastakhan's Rumble (TROLL),TRL_501,Auchenai Phantasm,奥金尼幻象,Battlecry,RED,partial,yes,"Confirmed live mismatch: healing_becomes_damage_until_turn_end expected=[Regenerate deals 3 damage to the Priest hero during Auchenai's turn; after that turn, Regenerate heals 3.] observed=[phantasm=PLAY;during=28;after_next_turn_heal=30;spells=GRAVEYARD/GRAVEYARD;damage=0;armor=0]",card_mechanism.csv#TRL_501; generic-play-smoke:played; effect-evidence: reports/card_quality_full_2026-09-27/set_probe_TROLL.csv#TRL_501::healing_becomes_damage_until_turn_end; per-card: reports/card_quality_full_2026-09-27/set_probe_TROLL.csv#TRL_501::healing_becomes_damage_until_turn_end,"聚合状态取该卡最差机制；普通烟测只证明可执行，不能单独构成 GREEN。 Cases=1; probe rows include EN/ZH, source, test, and prior audit evidence.","Battlecry: This turn, your healing effects deal damage instead.",战吼：在本回合中，你的治疗效果转而造成等量的伤害。,fireplace/cards/troll/priest.py:38
17.6.0.53261,Rastakhan's Rumble (TROLL),TRL_502,Spirit of the Dead,亡者之灵,Stealth|Trigger,GREEN,implemented,yes,友军死亡洗入一张费用为1的复制随从；敌军死亡不触发，潜行到期消失。,tests/test_retest_death_selector.py::test_TRL_502_shuffles_one_cost_copy_of_friendly_death_not_enemy_death,本次代码重测；修复前颜色和原始失败证据见 known_issues_archive_2026-09-29/card_quality_full_2026-09-27/。 当前代码逐卡行为重测通过。,"[x]Stealth for 1 turn. After a friendly minion dies, shuffle a 1-Cost copy of it into your deck.",潜行一回合。在一个友方随从死亡后，将它的一张复制洗入你的牌库，其法力值消耗为（1）。,fireplace/cards/troll/priest.py:48
17.6.0.53261,Rastakhan's Rumble (TROLL),TRL_503,Scarab Egg,甲虫卵,Deathrattle|Summon,GREEN,implemented,yes,"All live cases passed: deathrattle_summons_three_scarabs observed egg=GRAVEYARD;fireball=GRAVEYARD;scarabs=[(1, 1, 'PLAY'), (1, 1, 'PLAY'), (1, 1, 'PLAY')];field=['TRL_503t', 'TRL_503t', 'TRL_503t']",card_mechanism.csv#TRL_503; generic-play-smoke:played; effect-evidence: reports/card_quality_full_2026-09-27/set_probe_TROLL.csv#TRL_503::deathrattle_summons_three_scarabs; per-card: reports/card_quality_full_2026-09-27/set_probe_TROLL.csv#TRL_503::deathrattle_summons_three_scarabs,"聚合状态取该卡最差机制；普通烟测只证明可执行，不能单独构成 GREEN。 Cases=1; probe rows include EN/ZH, source, test, and prior audit evidence.",Deathrattle: Summon three 1/1 Scarabs.,亡语：召唤三只1/1的甲虫。,fireplace/cards/troll/neutral_common.py:63
17.6.0.53261,Rastakhan's Rumble (TROLL),TRL_504,Booty Bay Bookie,藏宝海湾荷官,Battlecry,GREEN,implemented,yes,"All live cases passed: battlecry_gives_opponent_coin observed bookie=PLAY/3/3;opponent_hand=[('GAME_005', 5, 'HAND', 0, None)];own_hand=[]",card_mechanism.csv#TRL_504; generic-play-smoke:played; effect-evidence: reports/card_quality_full_2026-09-27/set_probe_TROLL.csv#TRL_504::battlecry_gives_opponent_coin; per-card: reports/card_quality_full_2026-09-27/set_probe_TROLL.csv#TRL_504::battlecry_gives_opponent_coin,"聚合状态取该卡最差机制；普通烟测只证明可执行，不能单独构成 GREEN。 Cases=1; probe rows include EN/ZH, source, test, and prior audit evidence.",Battlecry: Give your opponent a Coin.,战吼：使你的对手获得一个幸运币。,fireplace/cards/troll/neutral_rare.py:30
17.6.0.53261,Rastakhan's Rumble (TROLL),TRL_505,Helpless Hatchling,无助的幼雏,Cost modification|Deathrattle,GREEN,implemented,yes,All live cases passed: deathrattle_reduces_beast_cost_one observed hatchling=GRAVEYARD;fireball=GRAVEYARD;beast=GIL_558/20/HAND/1->0;other=CS2_182/HAND/4->4,card_mechanism.csv#TRL_505; generic-play-smoke:played; effect-evidence: reports/card_quality_full_2026-09-27/set_probe_TROLL.csv#TRL_505::deathrattle_reduces_beast_cost_one; per-card: reports/card_quality_full_2026-09-27/set_probe_TROLL.csv#TRL_505::deathrattle_reduces_beast_cost_one,"聚合状态取该卡最差机制；普通烟测只证明可执行，不能单独构成 GREEN。 Cases=1; probe rows include EN/ZH, source, test, and prior audit evidence.",Deathrattle: Reduce the Cost of a Beast in your hand by (1).,亡语：使你手牌中的一张野兽牌法力值消耗减少（1）点。,fireplace/cards/troll/neutral_common.py:70
17.6.0.53261,Rastakhan's Rumble (TROLL),TRL_506,Gurubashi Chicken,古拉巴什小鸡,Unclassified effect,GREEN,implemented,yes,All live cases passed: overkill_adds_five_attack observed overkill=True;blessing=GRAVEYARD;shield=GRAVEYARD;before=9/2;attack_error=None;chicken=PLAY/9/2;target=GRAVEYARD/1/0; exact_lethal_does_not_add_attack observed overkill=False;blessing=None;shield=None;before=1/1;attack_error=None;chicken=GRAVEYARD/1/1;target=GRAVEYARD/1/0,card_mechanism.csv#TRL_506; generic-play-smoke:played; effect-evidence: reports/card_quality_full_2026-09-27/set_probe_TROLL.csv#TRL_506::overkill_adds_five_attack; reports/card_quality_full_2026-09-27/set_probe_TROLL.csv#TRL_506::exact_lethal_does_not_add_attack; per-card: reports/card_quality_full_2026-09-27/set_probe_TROLL.csv#TRL_506::overkill_adds_five_attack; reports/card_quality_full_2026-09-27/set_probe_TROLL.csv#TRL_506::exact_lethal_does_not_add_attack,"聚合状态取该卡最差机制；普通烟测只证明可执行，不能单独构成 GREEN。 Cases=2; probe rows include EN/ZH, source, test, and prior audit evidence.",Overkill: Gain +5 Attack.,超杀： 获得+5攻击力。,fireplace/cards/troll/neutral_common.py:82
17.6.0.53261,Rastakhan's Rumble (TROLL),TRL_507,Sharkfin Fan,鲨鳍后援,Summon|Trigger,GREEN,implemented,yes,"All live cases passed: only_hero_attack_summons_pirate observed fan=PLAY;weapon=PLAY/3;minion_attack=1/GRAVEYARD;after_minion=0;hero_attack=1;enemy_hero=29;pirates=[(1, 1, 'PLAY')]",card_mechanism.csv#TRL_507; generic-play-smoke:played; effect-evidence: reports/card_quality_full_2026-09-27/set_probe_TROLL.csv#TRL_507::only_hero_attack_summons_pirate; per-card: reports/card_quality_full_2026-09-27/set_probe_TROLL.csv#TRL_507::only_hero_attack_summons_pirate,"聚合状态取该卡最差机制；普通烟测只证明可执行，不能单独构成 GREEN。 Cases=1; probe rows include EN/ZH, source, test, and prior audit evidence.","After your hero attacks, summon a 1/1 Pirate.",在你的英雄攻击后，召唤一个1/1的海盗。,fireplace/cards/troll/neutral_common.py:92
17.6.0.53261,Rastakhan's Rumble (TROLL),TRL_508,Regeneratin' Thug,再生暴徒,Trigger,GREEN,implemented,yes,"All live cases passed: heals_two_at_start_of_owner_turn observed spells=GRAVEYARD/GRAVEYARD;before=(3, 2);after=5/0;turn=True;zone=PLAY",card_mechanism.csv#TRL_508; generic-play-smoke:played; effect-evidence: reports/card_quality_full_2026-09-27/set_probe_TROLL.csv#TRL_508::heals_two_at_start_of_owner_turn; per-card: reports/card_quality_full_2026-09-27/set_probe_TROLL.csv#TRL_508::heals_two_at_start_of_owner_turn,"聚合状态取该卡最差机制；普通烟测只证明可执行，不能单独构成 GREEN。 Cases=1; probe rows include EN/ZH, source, test, and prior audit evidence.","At the start of your turn, restore #2 Health to this minion.",在你的回合开始时，为该随从恢复 #2点生命值。,fireplace/cards/troll/neutral_common.py:99
17.6.0.53261,Rastakhan's Rumble (TROLL),TRL_509,Banana Buffoon,香蕉小丑,Battlecry,GREEN,implemented,yes,"All live cases passed: adds_two_bananas_that_each_give_plus_one_plus_one observed buffoon=PLAY;before=(1, 1);after=3/3;bananas=['GRAVEYARD', 'GRAVEYARD'];hand=[]",card_mechanism.csv#TRL_509; generic-play-smoke:played; effect-evidence: reports/card_quality_full_2026-09-27/set_probe_TROLL.csv#TRL_509::adds_two_bananas_that_each_give_plus_one_plus_one; per-card: reports/card_quality_full_2026-09-27/set_probe_TROLL.csv#TRL_509::adds_two_bananas_that_each_give_plus_one_plus_one,"聚合状态取该卡最差机制；普通烟测只证明可执行，不能单独构成 GREEN。 Cases=1; probe rows include EN/ZH, source, test, and prior audit evidence.",Battlecry: Add 2 Bananas to your hand.,战吼：将两根香蕉 置入你的手牌。,fireplace/cards/troll/neutral_common.py:106
17.6.0.53261,Rastakhan's Rumble (TROLL),TRL_512,Cheaty Anklebiter,调皮的噬踝者,Battlecry|Lifesteal|Targeting,GREEN,implemented,yes,All live cases passed: battlecry_damage_heals_through_lifesteal observed hero=25->26;enemy=29;minion=PLAY/2/1/lifesteal:1;spell_target=HERO_08,card_mechanism.csv#TRL_512; generic-play-smoke:played; effect-evidence: reports/card_quality_full_2026-09-27/set_probe_TROLL.csv#TRL_512::battlecry_damage_heals_through_lifesteal; per-card: reports/card_quality_full_2026-09-27/set_probe_TROLL.csv#TRL_512::battlecry_damage_heals_through_lifesteal,"聚合状态取该卡最差机制；普通烟测只证明可执行，不能单独构成 GREEN。 Cases=1; probe rows include EN/ZH, source, test, and prior audit evidence.",Lifesteal Battlecry: Deal 1 damage.,吸血 战吼：造成1点伤害。,fireplace/cards/troll/neutral_common.py:124
17.6.0.53261,Rastakhan's Rumble (TROLL),TRL_513,Mosh'Ogg Enforcer,莫什奥格执行者,Divine Shield|Taunt,GREEN,implemented,yes,"All live cases passed: taunt_divine_shield_survive_combat observed before=(2, 14, 1, 1);error=None;enforcer=PLAY/2/14/damage:0/taunt:1/shield:False;attacker=GRAVEYARD/0",card_mechanism.csv#TRL_513; generic-play-smoke:played; effect-evidence: reports/card_quality_full_2026-09-27/set_probe_TROLL.csv#TRL_513::taunt_divine_shield_survive_combat; per-card: reports/card_quality_full_2026-09-27/set_probe_TROLL.csv#TRL_513::taunt_divine_shield_survive_combat,"聚合状态取该卡最差机制；普通烟测只证明可执行，不能单独构成 GREEN。 Cases=1; probe rows include EN/ZH, source, test, and prior audit evidence.",Taunt Divine Shield,嘲讽 圣盾,
17.6.0.53261,Rastakhan's Rumble (TROLL),TRL_514,Belligerent Gnome,好斗的侏儒,Battlecry|Taunt,GREEN,implemented,yes,"All live cases passed: two_enemy_minions_grant_one_attack observed enemy_count=2;enemies=['PLAY', 'PLAY'];gnome=PLAY/2/4/taunt:1; one_enemy_minion_does_not_grant_attack observed enemy_count=1;enemies=['PLAY'];gnome=PLAY/1/4/taunt:1",card_mechanism.csv#TRL_514; generic-play-smoke:played; effect-evidence: reports/card_quality_full_2026-09-27/set_probe_TROLL.csv#TRL_514::two_enemy_minions_grant_one_attack; reports/card_quality_full_2026-09-27/set_probe_TROLL.csv#TRL_514::one_enemy_minion_does_not_grant_attack; per-card: reports/card_quality_full_2026-09-27/set_probe_TROLL.csv#TRL_514::two_enemy_minions_grant_one_attack; reports/card_quality_full_2026-09-27/set_probe_TROLL.csv#TRL_514::one_enemy_minion_does_not_grant_attack,"聚合状态取该卡最差机制；普通烟测只证明可执行，不能单独构成 GREEN。 Cases=2; probe rows include EN/ZH, source, test, and prior audit evidence.","[x]Taunt Battlecry: If your opponent has 2 or more minions, gain +1 Attack.",嘲讽 战吼：如果你的对手拥有2个或者更多随从，便获得+1攻击力。,fireplace/cards/troll/neutral_rare.py:37
17.6.0.53261,Rastakhan's Rumble (TROLL),TRL_515,Rabble Bouncer,场馆保镖,Cost modification|Taunt,GREEN,implemented,yes,"All live cases passed: three_enemy_minions_reduce_cost_by_three observed enemy_count=3;enemy_ids=['CS2_231', 'CS2_231', 'CS2_231'];cost=4;taunt:1;mana=10; empty_enemy_board_keeps_base_cost observed enemy_count=0;enemy_ids=[];cost=7;taunt:1;mana=10",card_mechanism.csv#TRL_515; generic-play-smoke:played; effect-evidence: reports/card_quality_full_2026-09-27/set_probe_TROLL.csv#TRL_515::three_enemy_minions_reduce_cost_by_three; reports/card_quality_full_2026-09-27/set_probe_TROLL.csv#TRL_515::empty_enemy_board_keeps_base_cost; per-card: reports/card_quality_full_2026-09-27/set_probe_TROLL.csv#TRL_515::three_enemy_minions_reduce_cost_by_three; reports/card_quality_full_2026-09-27/set_probe_TROLL.csv#TRL_515::empty_enemy_board_keeps_base_cost,"聚合状态取该卡最差机制；普通烟测只证明可执行，不能单独构成 GREEN。 Cases=2; probe rows include EN/ZH, source, test, and prior audit evidence.",Taunt Costs (1) less for each enemy minion.,嘲讽 每有一个敌方随从，该牌的法力值消耗减少（1）点。,fireplace/cards/troll/neutral_common.py:134
17.6.0.53261,Rastakhan's Rumble (TROLL),TRL_516,Gurubashi Offering,古拉巴什供品,Trigger,GREEN,implemented,yes,All live cases passed: own_turn_start_destroys_offering_and_gains_eight_armor observed offering=GRAVEYARD;armor=0->8;current=True,card_mechanism.csv#TRL_516; generic-play-smoke:played; effect-evidence: reports/card_quality_full_2026-09-27/set_probe_TROLL.csv#TRL_516::own_turn_start_destroys_offering_and_gains_eight_armor; per-card: reports/card_quality_full_2026-09-27/set_probe_TROLL.csv#TRL_516::own_turn_start_destroys_offering_and_gains_eight_armor,"聚合状态取该卡最差机制；普通烟测只证明可执行，不能单独构成 GREEN。 Cases=1; probe rows include EN/ZH, source, test, and prior audit evidence.","At the start of your turn, destroy this and gain 8 Armor.",在你的回合开始时，消灭该随从，并获得 8点护甲值。,fireplace/cards/troll/neutral_epic.py:18
17.6.0.53261,Rastakhan's Rumble (TROLL),TRL_517,Arena Fanatic,赛场狂热者,Battlecry,GREEN,implemented,yes,"All live cases passed: battlecry_buffs_every_hand_minion_only observed before=(1, 1, 4, 5, 4);wisp=2/2/HAND;yeti=5/6/HAND;spell=4/HAND;fanatic=PLAY",card_mechanism.csv#TRL_517; generic-play-smoke:played; effect-evidence: reports/card_quality_full_2026-09-27/set_probe_TROLL.csv#TRL_517::battlecry_buffs_every_hand_minion_only; per-card: reports/card_quality_full_2026-09-27/set_probe_TROLL.csv#TRL_517::battlecry_buffs_every_hand_minion_only,"聚合状态取该卡最差机制；普通烟测只证明可执行，不能单独构成 GREEN。 Cases=1; probe rows include EN/ZH, source, test, and prior audit evidence.",Battlecry: Give all minions in your hand +1/+1.,战吼：使你手牌中的所有随从牌获得+1/+1。,fireplace/cards/troll/neutral_common.py:141
17.6.0.53261,Rastakhan's Rumble (TROLL),TRL_520,Murloc Tastyfin,鱼人大厨,Deathrattle|Draw / Discard,GREEN,implemented,yes,"All live cases passed: deathrattle_draws_both_deck_murlocs_and_skips_nonmurloc observed tastyfin=GRAVEYARD;fireball=GRAVEYARD;drawn=[('EX1_506', 'HAND'), ('CS2_168', 'HAND')];nonmurloc=DECK;deck=['CS2_231']",card_mechanism.csv#TRL_520; generic-play-smoke:played; effect-evidence: reports/card_quality_full_2026-09-27/set_probe_TROLL.csv#TRL_520::deathrattle_draws_both_deck_murlocs_and_skips_nonmurloc; per-card: reports/card_quality_full_2026-09-27/set_probe_TROLL.csv#TRL_520::deathrattle_draws_both_deck_murlocs_and_skips_nonmurloc,"聚合状态取该卡最差机制；普通烟测只证明可执行，不能单独构成 GREEN。 Cases=1; probe rows include EN/ZH, source, test, and prior audit evidence.",[x]Deathrattle: Draw 2 Murlocs from your deck.,亡语：从你的牌库中抽两张鱼人牌。,fireplace/cards/troll/neutral_rare.py:48
17.6.0.53261,Rastakhan's Rumble (TROLL),TRL_521,Arena Patron,竞技场奴隶主,Summon,GREEN,implemented,yes,"All live cases passed: one_damage_overkill_summons_another_patron observed overkill=True;error=None;target=GRAVEYARD/damage:-;patron=PLAY/3/2;patrons=[('PLAY', 3, 2), ('PLAY', 3, 3)]; exact_lethal_does_not_summon_patron observed overkill=False;error=None;target=GRAVEYARD/damage:-;patron=PLAY/3/2;patrons=[('PLAY', 3, 2)]",card_mechanism.csv#TRL_521; generic-play-smoke:played; effect-evidence: reports/card_quality_full_2026-09-27/set_probe_TROLL.csv#TRL_521::one_damage_overkill_summons_another_patron; reports/card_quality_full_2026-09-27/set_probe_TROLL.csv#TRL_521::exact_lethal_does_not_summon_patron; per-card: reports/card_quality_full_2026-09-27/set_probe_TROLL.csv#TRL_521::one_damage_overkill_summons_another_patron; reports/card_quality_full_2026-09-27/set_probe_TROLL.csv#TRL_521::exact_lethal_does_not_summon_patron,"聚合状态取该卡最差机制；普通烟测只证明可执行，不能单独构成 GREEN。 Cases=2; probe rows include EN/ZH, source, test, and prior audit evidence.",Overkill: Summon another Arena Patron.,超杀：召唤另一个竞技场奴隶主。,fireplace/cards/troll/neutral_rare.py:55
17.6.0.53261,Rastakhan's Rumble (TROLL),TRL_522,Wartbringer,疾疫使者,Battlecry|Targeting,GREEN,implemented,yes,All live cases passed: two_prior_spells_enable_targeted_two_damage observed powered=True;target=PLAY/3/damage:2;wart=PLAY;played_spells=3; no_prior_spells_allows_no_target_and_deals_none observed powered=False;target=PLAY/5/damage:0;wart=PLAY;played_spells=1,card_mechanism.csv#TRL_522; generic-play-smoke:played; effect-evidence: reports/card_quality_full_2026-09-27/set_probe_TROLL.csv#TRL_522::two_prior_spells_enable_targeted_two_damage; reports/card_quality_full_2026-09-27/set_probe_TROLL.csv#TRL_522::no_prior_spells_allows_no_target_and_deals_none; per-card: reports/card_quality_full_2026-09-27/set_probe_TROLL.csv#TRL_522::two_prior_spells_enable_targeted_two_damage; reports/card_quality_full_2026-09-27/set_probe_TROLL.csv#TRL_522::no_prior_spells_allows_no_target_and_deals_none,"聚合状态取该卡最差机制；普通烟测只证明可执行，不能单独构成 GREEN。 Cases=2; probe rows include EN/ZH, source, test, and prior audit evidence.","Battlecry: If you played 2 spells this turn, deal 2 damage.",战吼：如果你在本回合施放了两个法术，则造成2点伤害。,fireplace/cards/troll/shaman.py:52
17.6.0.53261,Rastakhan's Rumble (TROLL),TRL_523,Firetree Witchdoctor,火树巫医,Battlecry|Discover / Choice|Random effects,GREEN,implemented,yes,"All live cases passed: holding_dragon_opens_three_spell_discover observed dragon=HAND;options=[('EX1_180', '5'), ('EX1_295', '5'), ('CS2_022', '5')];all_spells=True;chosen=EX1_180;choice_after=False;hand=[('EX1_572', 'HAND'), ('EX1_180', 'HAND')]; no_dragon_skips_discover observed dragon=None;choice=None;witchdoctor=PLAY;hand=[]",card_mechanism.csv#TRL_523; generic-play-smoke:played; effect-evidence: reports/card_quality_full_2026-09-27/set_probe_TROLL.csv#TRL_523::holding_dragon_opens_three_spell_discover; reports/card_quality_full_2026-09-27/set_probe_TROLL.csv#TRL_523::no_dragon_skips_discover; per-card: reports/card_quality_full_2026-09-27/set_probe_TROLL.csv#TRL_523::holding_dragon_opens_three_spell_discover; reports/card_quality_full_2026-09-27/set_probe_TROLL.csv#TRL_523::no_dragon_skips_discover,"聚合状态取该卡最差机制；普通烟测只证明可执行，不能单独构成 GREEN。 Cases=2; probe rows include EN/ZH, source, test, and prior audit evidence.","[x]Battlecry: If you're holding a Dragon, Discover a spell.",战吼：如果你的手牌中有龙牌，便发现 一张法术牌。,fireplace/cards/troll/neutral_rare.py:62
17.6.0.53261,Rastakhan's Rumble (TROLL),TRL_524,Shieldbreaker,破盾者,Battlecry|Silence|Targeting,RED,partial,yes,Confirmed live mismatch: non_taunt_enemy_target_is_rejected_without_cost expected=[An enemy minion without Taunt is rejected before Shieldbreaker leaves hand or spends mana.] observed=[error=None;target=PLAY/silenced:False;card=PLAY;mana=10->8],card_mechanism.csv#TRL_524; generic-play-smoke:played; effect-evidence: reports/card_quality_full_2026-09-27/set_probe_TROLL.csv#TRL_524::valid_enemy_taunt_target_is_silenced; reports/card_quality_full_2026-09-27/set_probe_TROLL.csv#TRL_524::non_taunt_enemy_target_is_rejected_without_cost; per-card: reports/card_quality_full_2026-09-27/set_probe_TROLL.csv#TRL_524::valid_enemy_taunt_target_is_silenced; reports/card_quality_full_2026-09-27/set_probe_TROLL.csv#TRL_524::non_taunt_enemy_target_is_rejected_without_cost,"聚合状态取该卡最差机制；普通烟测只证明可执行，不能单独构成 GREEN。 Cases=2; probe rows include EN/ZH, source, test, and prior audit evidence.",Battlecry: Silence an enemy minion with Taunt.,战吼：沉默一个具有嘲讽的敌方随从。,fireplace/cards/troll/neutral_rare.py:70
17.6.0.53261,Rastakhan's Rumble (TROLL),TRL_525,Arena Treasure Chest,竞技场财宝箱,Deathrattle|Draw / Discard,GREEN,implemented,yes,"All live cases passed: deathrattle_draws_exactly_two_cards observed chest=GRAVEYARD;removal=GRAVEYARD;drawn=[('CS2_231', 'HAND'), ('CS2_182', 'HAND')];remaining=['CS2_029'];deck=['CS2_029']",card_mechanism.csv#TRL_525; generic-play-smoke:played; effect-evidence: reports/card_quality_full_2026-09-27/set_probe_TROLL.csv#TRL_525::deathrattle_draws_exactly_two_cards; per-card: reports/card_quality_full_2026-09-27/set_probe_TROLL.csv#TRL_525::deathrattle_draws_exactly_two_cards,"聚合状态取该卡最差机制；普通烟测只证明可执行，不能单独构成 GREEN。 Cases=1; probe rows include EN/ZH, source, test, and prior audit evidence.",Deathrattle: Draw 2 cards.,亡语：抽两张牌。,fireplace/cards/troll/neutral_common.py:151
17.6.0.53261,Rastakhan's Rumble (TROLL),TRL_526,Dragonmaw Scorcher,龙喉喷火者,Battlecry,GREEN,implemented,yes,"All live cases passed: battlecry_hits_friendly_and_enemy_other_minions_only observed before=(5, 5);friendly=PLAY/4/damage:1;enemy=PLAY/4/damage:1;scorcher=PLAY/6/damage:0",card_mechanism.csv#TRL_526; generic-play-smoke:played; effect-evidence: reports/card_quality_full_2026-09-27/set_probe_TROLL.csv#TRL_526::battlecry_hits_friendly_and_enemy_other_minions_only; per-card: reports/card_quality_full_2026-09-27/set_probe_TROLL.csv#TRL_526::battlecry_hits_friendly_and_enemy_other_minions_only,"聚合状态取该卡最差机制；普通烟测只证明可执行，不能单独构成 GREEN。 Cases=1; probe rows include EN/ZH, source, test, and prior audit evidence.",Battlecry: Deal 1 damage to all other minions.,战吼：对所有其他随从造成1点伤害。,fireplace/cards/troll/neutral_common.py:158
17.6.0.53261,Rastakhan's Rumble (TROLL),TRL_527,Drakkari Trickster,达卡莱幻术师,Battlecry|Random effects,RED,partial,yes,"Confirmed live mismatch: both_players_receive_copy_from_opponents_deck expected=[Each player receives the distinct card from the opponent's deck, not from their own deck.] observed=[own_deck=DECK;enemy_deck=DECK;own_hand=[('CS2_029', 'HAND')];enemy_hand=[('CS2_231', 'HAND')];trickster=PLAY]",card_mechanism.csv#TRL_527; generic-play-smoke:played; effect-evidence: reports/card_quality_full_2026-09-27/set_probe_TROLL.csv#TRL_527::both_players_receive_copy_from_opponents_deck; per-card: reports/card_quality_full_2026-09-27/set_probe_TROLL.csv#TRL_527::both_players_receive_copy_from_opponents_deck,"聚合状态取该卡最差机制；普通烟测只证明可执行，不能单独构成 GREEN。 Cases=1; probe rows include EN/ZH, source, test, and prior audit evidence.",[x]Battlecry: Give each player a copy of a random card from their opponent's deck.,战吼：使双方玩家各随机获得一张对方牌库中的卡牌的复制。,fireplace/cards/troll/neutral_epic.py:25
17.6.0.53261,Rastakhan's Rumble (TROLL),TRL_528,Linecracker,阵线破坏者,Unclassified effect,GREEN,implemented,yes,All live cases passed: overkill_doubles_current_attack observed overkill=True;error=None;before_atk=5;linecracker=PLAY/10/9;target=GRAVEYARD; exact_lethal_keeps_attack_unchanged observed overkill=False;error=None;before_atk=5;linecracker=PLAY/5/6;target=GRAVEYARD,card_mechanism.csv#TRL_528; generic-play-smoke:played; effect-evidence: reports/card_quality_full_2026-09-27/set_probe_TROLL.csv#TRL_528::overkill_doubles_current_attack; reports/card_quality_full_2026-09-27/set_probe_TROLL.csv#TRL_528::exact_lethal_keeps_attack_unchanged; per-card: reports/card_quality_full_2026-09-27/set_probe_TROLL.csv#TRL_528::overkill_doubles_current_attack; reports/card_quality_full_2026-09-27/set_probe_TROLL.csv#TRL_528::exact_lethal_keeps_attack_unchanged,"聚合状态取该卡最差机制；普通烟测只证明可执行，不能单独构成 GREEN。 Cases=2; probe rows include EN/ZH, source, test, and prior audit evidence.",Overkill: Double this minion's Attack.,超杀：使该随从的攻击力翻倍。,fireplace/cards/troll/neutral_epic.py:36
17.6.0.53261,Rastakhan's Rumble (TROLL),TRL_530,Masked Contender,蒙面选手,Battlecry|Summon,GREEN,implemented,yes,"All live cases passed: controlled_secret_plays_one_deck_secret observed active=SECRET;secrets=[('EX1_289', 'SECRET'), ('EX1_294', 'SECRET')];deck_secret=SECRET;contender=PLAY;mana=4; no_controlled_secret_keeps_deck_secret observed active=None;secrets=[];deck_secret=DECK;contender=PLAY;mana=7",card_mechanism.csv#TRL_530; generic-play-smoke:played; effect-evidence: reports/card_quality_full_2026-09-27/set_probe_TROLL.csv#TRL_530::controlled_secret_plays_one_deck_secret; reports/card_quality_full_2026-09-27/set_probe_TROLL.csv#TRL_530::no_controlled_secret_keeps_deck_secret; per-card: reports/card_quality_full_2026-09-27/set_probe_TROLL.csv#TRL_530::controlled_secret_plays_one_deck_secret; reports/card_quality_full_2026-09-27/set_probe_TROLL.csv#TRL_530::no_controlled_secret_keeps_deck_secret,"聚合状态取该卡最差机制；普通烟测只证明可执行，不能单独构成 GREEN。 Cases=2; probe rows include EN/ZH, source, test, and prior audit evidence.","Battlecry: If you control a Secret, cast a Secret from your deck.",战吼： 如果你控制一个奥秘，则从你的牌库中施放一个奥秘。,fireplace/cards/troll/neutral_epic.py:47
17.6.0.53261,Rastakhan's Rumble (TROLL),TRL_531,Rumbletusk Shaker,暴牙震颤者,Deathrattle|Summon,GREEN,implemented,yes,"All live cases passed: deathrattle_summons_one_three_two_breaker observed shaker=GRAVEYARD;removal=GRAVEYARD;tokens=[('TRL_531t', 3, 2, 'PLAY')];field=['TRL_531t']",card_mechanism.csv#TRL_531; generic-play-smoke:played; effect-evidence: reports/card_quality_full_2026-09-27/set_probe_TROLL.csv#TRL_531::deathrattle_summons_one_three_two_breaker; per-card: reports/card_quality_full_2026-09-27/set_probe_TROLL.csv#TRL_531::deathrattle_summons_one_three_two_breaker,"聚合状态取该卡最差机制；普通烟测只证明可执行，不能单独构成 GREEN。 Cases=1; probe rows include EN/ZH, source, test, and prior audit evidence.",Deathrattle: Summon a 3/2 Rumbletusk Breaker.,亡语：召唤一个3/2的暴牙破坏者。,fireplace/cards/troll/neutral_common.py:165
17.6.0.53261,Rastakhan's Rumble (TROLL),TRL_532,Mosh'Ogg Announcer,莫什奥格播报员,Trigger,GREEN,implemented,yes,"All live cases passed: seeded_attacks_include_redirect_and_normal_outcomes observed games=[(5320, 'announcer', None, 0, 'PLAY', 4), (5321, 'redirect', None, 0, 'GRAVEYARD', 0), (5322, 'announcer', None, 0, 'PLAY', 4), (5323, 'announcer', None, 0, 'PLAY', 4), (5324, 'redirect', None, 0, 'GRAVEYARD', 0), (5325, 'redirect', None, -4, 'PLAY', 0), (5326, 'redirect', None, 0, 'GRAVEYARD', 0), (5327, 'redirect', None, 0, 'GRAVEYARD', 0), (5328, 'announcer', None, 0, 'PLAY', 4), (5329, 'redirect', None, 0, 'GRAVEYARD', 0), (5330, 'announcer', None, 0, 'PLAY', 4), (5331, 'redirect', None, 0, 'GRAVEYARD', 0), (5332, 'announcer', None, 0, 'PLAY', 4), (5333, 'announcer', None, 0, 'PLAY', 4), (5334, 'announcer', None, 0, 'PLAY', 4), (5335, 'redirect', None, -4, 'PLAY', 0), (5336, 'redirect', None, 0, 'GRAVEYARD', 0), (5337, 'announcer', None, 0, 'PLAY', 4), (5338, 'redirect', None, -4, 'PLAY', 0), (5339, 'redirect', None, -4, 'PLAY', 0)];redirected=11;announcer_hit=9",card_mechanism.csv#TRL_532; generic-play-smoke:played; effect-evidence: reports/card_quality_full_2026-09-27/set_probe_TROLL.csv#TRL_532::seeded_attacks_include_redirect_and_normal_outcomes; per-card: reports/card_quality_full_2026-09-27/set_probe_TROLL.csv#TRL_532::seeded_attacks_include_redirect_and_normal_outcomes,"聚合状态取该卡最差机制；普通烟测只证明可执行，不能单独构成 GREEN。 Cases=1; probe rows include EN/ZH, source, test, and prior audit evidence.",[x]Enemies attacking this have a 50% chance to attack someone else.,攻击该随从的敌人有50%几率攻击其他角色。,fireplace/cards/troll/neutral_epic.py:55
17.6.0.53261,Rastakhan's Rumble (TROLL),TRL_533,Ice Cream Peddler,冰淇淋小贩,Battlecry,GREEN,implemented,yes,All live cases passed: frozen_friendly_minion_grants_eight_armor observed frozen_case=True;target=PLAY/frozen:True;armor=0->8;peddler=PLAY; no_frozen_friendly_minion_grants_no_armor observed frozen_case=False;target=PLAY/frozen:False;armor=0->0;peddler=PLAY,card_mechanism.csv#TRL_533; generic-play-smoke:played; effect-evidence: reports/card_quality_full_2026-09-27/set_probe_TROLL.csv#TRL_533::frozen_friendly_minion_grants_eight_armor; reports/card_quality_full_2026-09-27/set_probe_TROLL.csv#TRL_533::no_frozen_friendly_minion_grants_no_armor; per-card: reports/card_quality_full_2026-09-27/set_probe_TROLL.csv#TRL_533::frozen_friendly_minion_grants_eight_armor; reports/card_quality_full_2026-09-27/set_probe_TROLL.csv#TRL_533::no_frozen_friendly_minion_grants_no_armor,"聚合状态取该卡最差机制；普通烟测只证明可执行，不能单独构成 GREEN。 Cases=2; probe rows include EN/ZH, source, test, and prior audit evidence.","Battlecry: If you control a Frozen minion, gain 8 Armor.",战吼：如果你控制一个被冻结的随从，便获得8点护甲值。,fireplace/cards/troll/neutral_epic.py:64
17.6.0.53261,Rastakhan's Rumble (TROLL),TRL_535,Snapjaw Shellfighter,钳嘴龟盾卫,Targeting|Trigger,GREEN,implemented,yes,"All live cases passed: adjacent_damage_is_redirected_but_far_damage_is_not observed left=PLAY/damage:0;shell=PLAY/damage:2/health:6;right=PLAY/damage:0;far=PLAY/damage:1;spells=['GRAVEYARD', 'GRAVEYARD', 'GRAVEYARD']",card_mechanism.csv#TRL_535; generic-play-smoke:played; effect-evidence: reports/card_quality_full_2026-09-27/set_probe_TROLL.csv#TRL_535::adjacent_damage_is_redirected_but_far_damage_is_not; per-card: reports/card_quality_full_2026-09-27/set_probe_TROLL.csv#TRL_535::adjacent_damage_is_redirected_but_far_damage_is_not,"聚合状态取该卡最差机制；普通烟测只证明可执行，不能单独构成 GREEN。 Cases=1; probe rows include EN/ZH, source, test, and prior audit evidence.","[x]Whenever an adjacent minion takes damage, this  minion takes it instead.",每当相邻的随从受到伤害，便会由该随从来承担。,fireplace/cards/troll/neutral_epic.py:71
17.6.0.53261,Rastakhan's Rumble (TROLL),TRL_537,Da Undatakah,送葬者安德提卡,Battlecry,GREEN,implemented,yes,"All live cases passed: battlecry_copies_three_deathrattles_and_all_trigger_on_death observed hatchlings=['GRAVEYARD', 'GRAVEYARD', 'GRAVEYARD'];removals=['GRAVEYARD', 'GRAVEYARD', 'GRAVEYARD'];beast_cost=9->6->3;undatakah=GRAVEYARD;has_deathrattle=True;kill=GRAVEYARD",card_mechanism.csv#TRL_537; generic-play-smoke:played; effect-evidence: reports/card_quality_full_2026-09-27/set_probe_TROLL.csv#TRL_537::battlecry_copies_three_deathrattles_and_all_trigger_on_death; per-card: reports/card_quality_full_2026-09-27/set_probe_TROLL.csv#TRL_537::battlecry_copies_three_deathrattles_and_all_trigger_on_death,"聚合状态取该卡最差机制；普通烟测只证明可执行，不能单独构成 GREEN。 Cases=1; probe rows include EN/ZH, source, test, and prior audit evidence.",[x]Battlecry: Gain the Deathrattle effects of 3 friendly minions that died this game.,战吼：获得在本局对战中三个死亡的友方随从的亡语。,fireplace/cards/troll/neutral_legendary.py:36
17.6.0.53261,Rastakhan's Rumble (TROLL),TRL_541,"Hakkar, the Soulflayer",夺灵者哈卡,Deathrattle,GREEN,implemented,yes,当前列出的机制均有对应场景的效果断言；结论限于已识别标签与复现范围。,"card_mechanism.csv#TRL_541; generic-play-smoke:played; effect-evidence: fireplace/cards/CardDefs.xml#TRL_541; fireplace/cards/troll/neutral_legendary.py:46; tests/test_troll.py:23:test_hakkar; smoke:death_processed:pass; delta={""friendly_field"":{""before"":[""TRL_541""],""after"":[]},""friendly_deck"":{""before"":0,""after"":1},""enemy_deck"":{""before"":0,""after"":1},""friendly_graveyard"":{""before"":[],""after"":[""TRL_541""]}}",聚合状态取该卡最差机制；普通烟测只证明可执行，不能单独构成 GREEN。,Deathrattle: Shuffle a Corrupted Blood into each player's deck.,亡语：将一张“堕落之血”分别洗入双方玩家的牌库。,fireplace/cards/troll/neutral_legendary.py:46
17.6.0.53261,Rastakhan's Rumble (TROLL),TRL_542,Oondasta,乌达斯塔,Rush|Summon,GREEN,implemented,yes,"All live cases passed: rush_overkill_summons_only_beast_from_hand observed overkill=True;target_before=1;error=None;target=GRAVEYARD;ondasta=PLAY/7/6;beast=PLAY/2/1;field=[('TRL_542', 'PLAY', 7, 6), ('GIL_558', 'PLAY', 2, 1)]; exact_lethal_does_not_summon_beast observed overkill=False;target_before=7;error=None;target=GRAVEYARD;ondasta=PLAY/7/6;beast=HAND/2/1;field=[('TRL_542', 'PLAY', 7, 6)]",card_mechanism.csv#TRL_542; generic-play-smoke:played; effect-evidence: reports/card_quality_full_2026-09-27/set_probe_TROLL.csv#TRL_542::rush_overkill_summons_only_beast_from_hand; reports/card_quality_full_2026-09-27/set_probe_TROLL.csv#TRL_542::exact_lethal_does_not_summon_beast; per-card: reports/card_quality_full_2026-09-27/set_probe_TROLL.csv#TRL_542::rush_overkill_summons_only_beast_from_hand; reports/card_quality_full_2026-09-27/set_probe_TROLL.csv#TRL_542::exact_lethal_does_not_summon_beast,"聚合状态取该卡最差机制；普通烟测只证明可执行，不能单独构成 GREEN。 Cases=2; probe rows include EN/ZH, source, test, and prior audit evidence.",Rush Overkill: Summon a Beast from your hand.,突袭 超杀：从你的手牌中召唤一个野兽。,fireplace/cards/troll/neutral_legendary.py:62
17.6.0.53261,Rastakhan's Rumble (TROLL),TRL_543,Bloodclaw,血爪,Battlecry|Weapon,GREEN,implemented,yes,All live cases passed: battlecry_damages_hero_and_equips_two_two_weapon observed hero=30->25/damage:5;card=PLAY;weapon=TRL_543/2/2/PLAY;mana=9,card_mechanism.csv#TRL_543; generic-play-smoke:played; effect-evidence: reports/card_quality_full_2026-09-27/set_probe_TROLL.csv#TRL_543::battlecry_damages_hero_and_equips_two_two_weapon; per-card: reports/card_quality_full_2026-09-27/set_probe_TROLL.csv#TRL_543::battlecry_damages_hero_and_equips_two_two_weapon,"聚合状态取该卡最差机制；普通烟测只证明可执行，不能单独构成 GREEN。 Cases=1; probe rows include EN/ZH, source, test, and prior audit evidence.",Battlecry: Deal 5 damage to your hero.,战吼：对你的英雄造成5点伤害。,fireplace/cards/troll/paladin.py:127
17.6.0.53261,Rastakhan's Rumble (TROLL),TRL_545,Zandalari Templar,赞达拉武士,Battlecry,RED,partial,yes,"Confirmed live mismatch: restoring_ten_health_grants_four_four_and_taunt expected=[After actually restoring 10 Health this game, Templar becomes 8/8 and its threshold is powered.] observed=[restore_casts=4;hero_health=30;hero_damage=0;spells=['GRAVEYARD', 'GRAVEYARD', 'GRAVEYARD', 'GRAVEYARD'];templar=PLAY/8/8/taunt:False;powered=True]",card_mechanism.csv#TRL_545; generic-play-smoke:played; effect-evidence: reports/card_quality_full_2026-09-27/set_probe_TROLL.csv#TRL_545::restoring_ten_health_grants_four_four_and_taunt; reports/card_quality_full_2026-09-27/set_probe_TROLL.csv#TRL_545::restoring_nine_health_stays_base_body; per-card: reports/card_quality_full_2026-09-27/set_probe_TROLL.csv#TRL_545::restoring_ten_health_grants_four_four_and_taunt; reports/card_quality_full_2026-09-27/set_probe_TROLL.csv#TRL_545::restoring_nine_health_stays_base_body,"聚合状态取该卡最差机制；普通烟测只证明可执行，不能单独构成 GREEN。 Cases=2; probe rows include EN/ZH, source, test, and prior audit evidence.","[x]Battlecry: If you've restored 10 Health this game, gain +4/+4 and Taunt.@ ({0} left!)@ (Ready!)",战吼：在本局对战中，如果你累计恢复了10点生命值，则获得+4/+4和嘲讽。@（还需恢复{0}点！）@（已经就绪！）,fireplace/cards/troll/paladin.py:53
17.6.0.53261,Rastakhan's Rumble (TROLL),TRL_546,Ornery Tortoise,暴躁的巨龟,Battlecry,GREEN,implemented,yes,All live cases passed: battlecry_damages_hero_five_and_leaves_three_five observed hero=30->25/damage:5;tortoise=PLAY/3/5;taunt=False,card_mechanism.csv#TRL_546; generic-play-smoke:played; effect-evidence: reports/card_quality_full_2026-09-27/set_probe_TROLL.csv#TRL_546::battlecry_damages_hero_five_and_leaves_three_five; per-card: reports/card_quality_full_2026-09-27/set_probe_TROLL.csv#TRL_546::battlecry_damages_hero_five_and_leaves_three_five,"聚合状态取该卡最差机制；普通烟测只证明可执行，不能单独构成 GREEN。 Cases=1; probe rows include EN/ZH, source, test, and prior audit evidence.",Battlecry: Deal 5 damage to your hero.,战吼：对你的英雄造成5点伤害。,fireplace/cards/troll/neutral_common.py:172
17.6.0.53261,Rastakhan's Rumble (TROLL),TRL_550,Amani War Bear,阿曼尼战熊,Rush|Taunt,GREEN,implemented,yes,All live cases passed: rush_allows_immediate_minion_attack_with_taunt observed error=None;target=GRAVEYARD;bear=PLAY/5/6/taunt:1/rush:1;enemy_hero=30; rush_cannot_attack_enemy_hero_on_entry_turn observed error=InvalidAction;bear=PLAY/5/7/rush:1;enemy_hero=30->30,card_mechanism.csv#TRL_550; generic-play-smoke:played; effect-evidence: reports/card_quality_full_2026-09-27/set_probe_TROLL.csv#TRL_550::rush_allows_immediate_minion_attack_with_taunt; reports/card_quality_full_2026-09-27/set_probe_TROLL.csv#TRL_550::rush_cannot_attack_enemy_hero_on_entry_turn; per-card: reports/card_quality_full_2026-09-27/set_probe_TROLL.csv#TRL_550::rush_allows_immediate_minion_attack_with_taunt; reports/card_quality_full_2026-09-27/set_probe_TROLL.csv#TRL_550::rush_cannot_attack_enemy_hero_on_entry_turn,"聚合状态取该卡最差机制；普通烟测只证明可执行，不能单独构成 GREEN。 Cases=2; probe rows include EN/ZH, source, test, and prior audit evidence.",Rush Taunt,突袭 嘲讽,
17.6.0.53261,Rastakhan's Rumble (TROLL),TRL_551,Reckless Diretroll,粗暴的恐怖巨魔,Battlecry|Draw / Discard|Taunt,GREEN,implemented,yes,"All live cases passed: battlecry_discards_only_the_lowest_cost_card observed discarded=REMOVEDFROMGAME;hand=[('CS2_182', 4, 'HAND'), ('CS2_029', 4, 'HAND')];troll=PLAY/1/2/6",card_mechanism.csv#TRL_551; generic-play-smoke:played; effect-evidence: reports/card_quality_full_2026-09-27/set_probe_TROLL.csv#TRL_551::battlecry_discards_only_the_lowest_cost_card; per-card: reports/card_quality_full_2026-09-27/set_probe_TROLL.csv#TRL_551::battlecry_discards_only_the_lowest_cost_card,"聚合状态取该卡最差机制；普通烟测只证明可执行，不能单独构成 GREEN。 Cases=1; probe rows include EN/ZH, source, test, and prior audit evidence.",Taunt Battlecry: Discard your lowest Cost card.,嘲讽，战吼：弃掉你手牌中法力值消耗最低的牌。,fireplace/cards/troll/warlock.py:51
17.6.0.53261,Rastakhan's Rumble (TROLL),TRL_555,Demonbolt,恶魔之箭,Cost modification|Spell resolution|Targeting,GREEN,implemented,yes,"All live cases passed: two_friendly_minions_reduce_cost_to_six_and_destroy observed friend_count=2;friends=['PLAY', 'PLAY'];cost=6;target=GRAVEYARD;spell=GRAVEYARD;mana=4; empty_board_keeps_eight_cost_and_destroys observed friend_count=0;friends=[];cost=8;target=GRAVEYARD;spell=GRAVEYARD;mana=2",card_mechanism.csv#TRL_555; generic-play-smoke:played; effect-evidence: reports/card_quality_full_2026-09-27/set_probe_TROLL.csv#TRL_555::two_friendly_minions_reduce_cost_to_six_and_destroy; reports/card_quality_full_2026-09-27/set_probe_TROLL.csv#TRL_555::empty_board_keeps_eight_cost_and_destroys; per-card: reports/card_quality_full_2026-09-27/set_probe_TROLL.csv#TRL_555::two_friendly_minions_reduce_cost_to_six_and_destroy; reports/card_quality_full_2026-09-27/set_probe_TROLL.csv#TRL_555::empty_board_keeps_eight_cost_and_destroys,"聚合状态取该卡最差机制；普通烟测只证明可执行，不能单独构成 GREEN。 Cases=2; probe rows include EN/ZH, source, test, and prior audit evidence.",Destroy a minion. Costs (1) less for each minion you control.,消灭一个随从。你每有一个随从，该牌的法力值消耗便减少（1）点。,fireplace/cards/troll/warlock.py:94
17.6.0.53261,Rastakhan's Rumble (TROLL),TRL_564,Mojomaster Zihi,魔精大师兹伊希,Battlecry,GREEN,implemented,yes,"All live cases passed: battlecry_sets_each_player_to_five_crystals observed before=(10, 10);after=(5,5);p_mana=4;e_mana=5;zihi=PLAY/6",card_mechanism.csv#TRL_564; generic-play-smoke:played; effect-evidence: reports/card_quality_full_2026-09-27/set_probe_TROLL.csv#TRL_564::battlecry_sets_each_player_to_five_crystals; per-card: reports/card_quality_full_2026-09-27/set_probe_TROLL.csv#TRL_564::battlecry_sets_each_player_to_five_crystals,"聚合状态取该卡最差机制；普通烟测只证明可执行，不能单独构成 GREEN。 Cases=1; probe rows include EN/ZH, source, test, and prior audit evidence.",Battlecry: Set each player to 5 Mana Crystals.,战吼： 将双方玩家的法力水晶重置为五个。,fireplace/cards/troll/neutral_legendary.py:69
17.6.0.53261,Rastakhan's Rumble (TROLL),TRL_566,Revenge of the Wild,荒野的复仇,Spell resolution|Summon,GREEN,implemented,yes,"All live cases passed: summons_beast_killed_during_current_turn observed original=GRAVEYARD;moonfire=GRAVEYARD;revenge=GRAVEYARD;copies=[('GIL_558', 2, 1, 'PLAY')];hand=[]; no_beast_death_rejects_spell_without_cost observed error=InvalidAction;spell=HAND;field=[];mana=10->10",card_mechanism.csv#TRL_566; generic-play-smoke:unplayable_in_generic_setup; effect-evidence: reports/card_quality_full_2026-09-27/set_probe_TROLL.csv#TRL_566::summons_beast_killed_during_current_turn; reports/card_quality_full_2026-09-27/set_probe_TROLL.csv#TRL_566::no_beast_death_rejects_spell_without_cost; per-card: reports/card_quality_full_2026-09-27/set_probe_TROLL.csv#TRL_566::summons_beast_killed_during_current_turn; reports/card_quality_full_2026-09-27/set_probe_TROLL.csv#TRL_566::no_beast_death_rejects_spell_without_cost,"聚合状态取该卡最差机制；普通烟测只证明可执行，不能单独构成 GREEN。 Cases=2; probe rows include EN/ZH, source, test, and prior audit evidence.",Summon your Beasts that died this turn.,召唤在 本回合中死亡的友方野兽。,fireplace/cards/troll/hunter.py:89
17.6.0.53261,Rastakhan's Rumble (TROLL),TRL_569,Crowd Roaster,看台喷火龙,Battlecry|Targeting,GREEN,implemented,yes,All live cases passed: dragon_in_hand_enables_seven_damage observed dragon=HAND;target=GRAVEYARD/damage:-;roaster=PLAY;hand=['EX1_572']; no_dragon_means_no_battlecry_damage observed dragon=None;target=PLAY/damage:0;roaster=PLAY;hand=[],card_mechanism.csv#TRL_569; generic-play-smoke:played; effect-evidence: reports/card_quality_full_2026-09-27/set_probe_TROLL.csv#TRL_569::dragon_in_hand_enables_seven_damage; reports/card_quality_full_2026-09-27/set_probe_TROLL.csv#TRL_569::no_dragon_means_no_battlecry_damage; per-card: reports/card_quality_full_2026-09-27/set_probe_TROLL.csv#TRL_569::dragon_in_hand_enables_seven_damage; reports/card_quality_full_2026-09-27/set_probe_TROLL.csv#TRL_569::no_dragon_means_no_battlecry_damage,"聚合状态取该卡最差机制；普通烟测只证明可执行，不能单独构成 GREEN。 Cases=2; probe rows include EN/ZH, source, test, and prior audit evidence.","[x]Battlecry: If you're holding a Dragon, deal 7 damage to an enemy minion.",战吼： 如果你的手牌中有龙牌，则对一个敌方随从造成7点伤害。,fireplace/cards/troll/neutral_epic.py:80
17.6.0.53261,Rastakhan's Rumble (TROLL),TRL_570,Soup Vendor,汤水商贩,Draw / Discard|Trigger,GREEN,implemented,yes,All live cases passed: healing_hero_three_draws_one_card observed heal=3;hero=28/damage:2;vendor=PLAY;hand=['CS2_231'];deck=[];heal_card=TRL_128/4; healing_hero_two_does_not_draw observed heal=2;hero=27/damage:3;vendor=PLAY;hand=[];deck=['CS2_231'];heal_card=HERO_09bp/1,card_mechanism.csv#TRL_570; generic-play-smoke:played; effect-evidence: reports/card_quality_full_2026-09-27/set_probe_TROLL.csv#TRL_570::healing_hero_three_draws_one_card; reports/card_quality_full_2026-09-27/set_probe_TROLL.csv#TRL_570::healing_hero_two_does_not_draw; per-card: reports/card_quality_full_2026-09-27/set_probe_TROLL.csv#TRL_570::healing_hero_three_draws_one_card; reports/card_quality_full_2026-09-27/set_probe_TROLL.csv#TRL_570::healing_hero_two_does_not_draw,"聚合状态取该卡最差机制；普通烟测只证明可执行，不能单独构成 GREEN。 Cases=2; probe rows include EN/ZH, source, test, and prior audit evidence.","Whenever you restore 3 or more Health to your hero, draw a card.",每当你为你的英雄恢复3点及以上生命值时，抽一张牌。,fireplace/cards/troll/neutral_rare.py:83
17.6.0.53261,Rastakhan's Rumble (TROLL),TRL_900,"Halazzi, the Lynx",哈尔拉兹，山猫之神,Battlecry,GREEN,implemented,yes,"All live cases passed: fills_hand_to_ten_with_one_one_rush_lynxes observed initial_hand=7;starting=['HAND', 'HAND', 'HAND', 'HAND', 'HAND', 'HAND'];halazzi=PLAY;hand_count=10;tokens=[('TRL_348t', 1, 1, 1, 'HAND'), ('TRL_348t', 1, 1, 1, 'HAND'), ('TRL_348t', 1, 1, 1, 'HAND'), ('TRL_348t', 1, 1, 1, 'HAND')]; near_full_hand_adds_only_available_slots observed initial_hand=9;starting=['HAND', 'HAND', 'HAND', 'HAND', 'HAND', 'HAND', 'HAND', 'HAND'];halazzi=PLAY;hand_count=10;tokens=[('TRL_348t', 1, 1, 1, 'HAND'), ('TRL_348t', 1, 1, 1, 'HAND')]",card_mechanism.csv#TRL_900; generic-play-smoke:played; effect-evidence: reports/card_quality_full_2026-09-27/set_probe_TROLL.csv#TRL_900::fills_hand_to_ten_with_one_one_rush_lynxes; reports/card_quality_full_2026-09-27/set_probe_TROLL.csv#TRL_900::near_full_hand_adds_only_available_slots; per-card: reports/card_quality_full_2026-09-27/set_probe_TROLL.csv#TRL_900::fills_hand_to_ten_with_one_one_rush_lynxes; reports/card_quality_full_2026-09-27/set_probe_TROLL.csv#TRL_900::near_full_hand_adds_only_available_slots,"聚合状态取该卡最差机制；普通烟测只证明可执行，不能单独构成 GREEN。 Cases=2; probe rows include EN/ZH, source, test, and prior audit evidence.",Battlecry: Fill your hand with 1/1 Lynxes that have Rush.,战吼：将1/1并具有突袭的山猫置入你的手牌，直到你的手牌数量达到上限。,fireplace/cards/troll/hunter.py:22
17.6.0.53261,Rastakhan's Rumble (TROLL),TRL_901,Spirit of the Lynx,山猫之灵,Stealth|Summon|Trigger,GREEN,implemented,yes,"All live cases passed: stealth_expires_after_own_turn_and_summoned_beast_gets_plus_one_plus_one observed spirit=PLAY;stealth=1->False;beast=GIL_558/(2, 1)->3/2/PLAY;nonbeast=CS2_231/1/1/PLAY",card_mechanism.csv#TRL_901; generic-play-smoke:played; effect-evidence: reports/card_quality_full_2026-09-27/set_probe_TROLL.csv#TRL_901::stealth_expires_after_own_turn_and_summoned_beast_gets_plus_one_plus_one; per-card: reports/card_quality_full_2026-09-27/set_probe_TROLL.csv#TRL_901::stealth_expires_after_own_turn_and_summoned_beast_gets_plus_one_plus_one,"聚合状态取该卡最差机制；普通烟测只证明可执行，不能单独构成 GREEN。 Cases=1; probe rows include EN/ZH, source, test, and prior audit evidence.","[x]Stealth for 1 turn. Whenever you summon a  Beast, give it +1/+1.",潜行一回合。每当你召唤一个野兽时，使其获得+1/+1。,fireplace/cards/troll/hunter.py:31
