version,set,card_id,name_en,name_zh,mechanic,status,implementation,tested,reason,evidence,notes,card_text_en,card_text_zh,python_source
17.6.0.53261,Descent of Dragons (DRAGONS),DRG_006,Corrosive Breath,腐蚀吐息,Spell resolution|Targeting,GREEN,implemented,yes,逐卡关键行为断言通过：held_dragon_hits_minion_and_hero: dragon=True;target=2;enemy_hero=27;spell=GRAVEYARD; no_dragon_only_minion: dragon=False;target=2;enemy_hero=30;spell=GRAVEYARD,card_mechanism.csv#DRG_006; generic-play-smoke:played; effect-evidence: reports/card_quality_full_2026-09-27/set_probe_DRAGONS.csv#DRG_006::held_dragon_hits_minion_and_hero; reports/card_quality_full_2026-09-27/set_probe_DRAGONS.csv#DRG_006::no_dragon_only_minion; per-card: reports/card_quality_full_2026-09-27/set_probe_DRAGONS.csv#DRG_006::held_dragon_hits_minion_and_hero; reports/card_quality_full_2026-09-27/set_probe_DRAGONS.csv#DRG_006::no_dragon_only_minion,"聚合状态取该卡最差机制；普通烟测只证明可执行，不能单独构成 GREEN。 EN=[x]Deal $3 damage to a minion. If you're holding a Dragon, it also hits the enemy hero.; ZH=对一个随从造成$3点伤害。如果你的手牌中有龙牌，还会命中敌方英雄。; source=fireplace/cards/dragons/hunter.py:60; existing_tests=none; prior=YELLOW:2 个机制缺少充分的核心效果验证；逐机制依据见 card_mechanism.csv。; prior_evidence=card_mechanism.csv#DRG_006; generic-play-smoke:played","[x]Deal $3 damage to a minion. If you're holding a Dragon, it also hits the enemy hero.",对一个随从造成$3点伤害。如果你的手牌中有龙牌，还会命中敌方英雄。,fireplace/cards/dragons/hunter.py:60
17.6.0.53261,Descent of Dragons (DRAGONS),DRG_007,Stormhammer,风暴之锤,Continuous effect / Update|Weapon,GREEN,implemented,yes,逐卡关键行为断言通过：dragon_prevents_durability_loss: dragon=True;before=2;after=2;ready=True;enemy_health=27;weapon=PLAY; without_dragon_loses_one: dragon=False;before=2;after=1;ready=True;enemy_health=27;weapon=PLAY,card_mechanism.csv#DRG_007; generic-play-smoke:played; effect-evidence: reports/card_quality_full_2026-09-27/set_probe_DRAGONS.csv#DRG_007::dragon_prevents_durability_loss; reports/card_quality_full_2026-09-27/set_probe_DRAGONS.csv#DRG_007::without_dragon_loses_one; per-card: reports/card_quality_full_2026-09-27/set_probe_DRAGONS.csv#DRG_007::dragon_prevents_durability_loss; reports/card_quality_full_2026-09-27/set_probe_DRAGONS.csv#DRG_007::without_dragon_loses_one,聚合状态取该卡最差机制；普通烟测只证明可执行，不能单独构成 GREEN。 EN=Doesn't lose Durability while you control a Dragon.; ZH=当你控制着一条龙时，不会失去 耐久度。; source=fireplace/cards/dragons/hunter.py:96; existing_tests=none; prior=YELLOW:2 个机制缺少充分的核心效果验证；逐机制依据见 card_mechanism.csv。; prior_evidence=card_mechanism.csv#DRG_007; generic-play-smoke:played,Doesn't lose Durability while you control a Dragon.,当你控制着一条龙时，不会失去 耐久度。,fireplace/cards/dragons/hunter.py:96
17.6.0.53261,Descent of Dragons (DRAGONS),DRG_008,Righteous Cause,正义感召,Spell resolution|Summon,GREEN,implemented,yes,"逐卡关键行为断言通过：five_actual_summons_buff_all_friends: after_four=4;after_five=5;quest=GRAVEYARD;stats=[(2, 2, 'PLAY'), (2, 2, 'PLAY'), (2, 2, 'PLAY'), (2, 2, 'PLAY'), (2, 2, 'PLAY')]",card_mechanism.csv#DRG_008; generic-play-smoke:played; effect-evidence: reports/card_quality_full_2026-09-27/set_probe_DRAGONS.csv#DRG_008::five_actual_summons_buff_all_friends; per-card: reports/card_quality_full_2026-09-27/set_probe_DRAGONS.csv#DRG_008::five_actual_summons_buff_all_friends,聚合状态取该卡最差机制；普通烟测只证明可执行，不能单独构成 GREEN。 EN=Sidequest: Summon 5 minions. Reward: Give your minions +1/+1.; ZH=支线任务： 召唤五个随从。奖励：使你的所有随从获得+1/+1。; source=fireplace/cards/dragons/paladin.py:81; existing_tests=none; prior=YELLOW:2 个机制缺少充分的核心效果验证；逐机制依据见 card_mechanism.csv。; prior_evidence=card_mechanism.csv#DRG_008; generic-play-smoke:played,Sidequest: Summon 5 minions. Reward: Give your minions +1/+1.,支线任务： 召唤五个随从。奖励：使你的所有随从获得+1/+1。,fireplace/cards/dragons/paladin.py:81
17.6.0.53261,Descent of Dragons (DRAGONS),DRG_010,Diving Gryphon,俯冲狮鹫,Battlecry|Draw / Discard|Rush,GREEN,implemented,yes,逐卡关键行为断言通过：battlecry_draws_only_rush_minion: rush=1;drawn=ULD_206:HAND;plain=DECK;body=PLAY,card_mechanism.csv#DRG_010; generic-play-smoke:played; effect-evidence: reports/card_quality_full_2026-09-27/set_probe_DRAGONS.csv#DRG_010::battlecry_draws_only_rush_minion; per-card: reports/card_quality_full_2026-09-27/set_probe_DRAGONS.csv#DRG_010::battlecry_draws_only_rush_minion,聚合状态取该卡最差机制；普通烟测只证明可执行，不能单独构成 GREEN。 EN=Rush Battlecry: Draw a Rush minion from your deck.; ZH=突袭，战吼：从你的牌库中抽一张具有突袭的随从牌。; source=fireplace/cards/dragons/hunter.py:8; existing_tests=none; prior=YELLOW:3 个机制缺少充分的核心效果验证；逐机制依据见 card_mechanism.csv。; prior_evidence=card_mechanism.csv#DRG_010; generic-play-smoke:played,Rush Battlecry: Draw a Rush minion from your deck.,突袭，战吼：从你的牌库中抽一张具有突袭的随从牌。,fireplace/cards/dragons/hunter.py:8
17.6.0.53261,Descent of Dragons (DRAGONS),DRG_019,Scion of Ruin,废墟之子,Battlecry|Rush|Summon,GREEN,implemented,yes,逐卡实测：两次祈求后在己方场上形成三只突袭本体及复制体；没有祈求时只出现本体。,tests/test_dragons_red_fixes.py::test_scion_of_ruin_summons_two_friendly_copies_after_two_invokes,原始结论保留于known_issues_archive_2026-09-29/。 复制体召唤目标改为己方。,"Rush. Battlecry: If you've Invoked twice, summon 2 copies of this.",突袭 战吼：如果你已经祈求过两次，召唤该随从的两个复制。,fireplace/cards/dragons/warrior.py:8
17.6.0.53261,Descent of Dragons (DRAGONS),DRG_020,EVIL Quartermaster,怪盗军需官,Battlecry|Random effects,GREEN,implemented,yes,"逐卡关键行为断言通过：add_one_lackey_gain_three_armor: armor=3;hand=[('DAL_613', 1, 'HAND')];body=PLAY",card_mechanism.csv#DRG_020; generic-play-smoke:played; effect-evidence: reports/card_quality_full_2026-09-27/set_probe_DRAGONS.csv#DRG_020::add_one_lackey_gain_three_armor; per-card: reports/card_quality_full_2026-09-27/set_probe_DRAGONS.csv#DRG_020::add_one_lackey_gain_three_armor,聚合状态取该卡最差机制；普通烟测只证明可执行，不能单独构成 GREEN。 EN=Battlecry: Add a Lackey to your hand. Gain 3 Armor.; ZH=战吼：将一张跟班牌置入你的手牌。获得3点护甲值。; source=fireplace/cards/dragons/warrior.py:16; existing_tests=none; prior=YELLOW:2 个机制缺少充分的核心效果验证；逐机制依据见 card_mechanism.csv。; prior_evidence=card_mechanism.csv#DRG_020; generic-play-smoke:played,Battlecry: Add a Lackey to your hand. Gain 3 Armor.,战吼：将一张跟班牌置入你的手牌。获得3点护甲值。,fireplace/cards/dragons/warrior.py:16
17.6.0.53261,Descent of Dragons (DRAGONS),DRG_021,Ritual Chopper,仪式斩斧,Battlecry|Weapon,GREEN,implemented,yes,逐卡关键行为断言通过：weapon_equips_and_invokes_warrior_galakrond: invoke_count=1;hero_attack=4;weapon=DRG_021:PLAY:2;galakrond=DECK,card_mechanism.csv#DRG_021; generic-play-smoke:played; effect-evidence: reports/card_quality_full_2026-09-27/set_probe_DRAGONS.csv#DRG_021::weapon_equips_and_invokes_warrior_galakrond; per-card: reports/card_quality_full_2026-09-27/set_probe_DRAGONS.csv#DRG_021::weapon_equips_and_invokes_warrior_galakrond,聚合状态取该卡最差机制；普通烟测只证明可执行，不能单独构成 GREEN。 EN=Battlecry: Invoke Galakrond.; ZH=战吼： 祈求迦拉克隆。; source=fireplace/cards/dragons/warrior.py:82; existing_tests=none; prior=YELLOW:2 个机制缺少充分的核心效果验证；逐机制依据见 card_mechanism.csv。; prior_evidence=card_mechanism.csv#DRG_021; generic-play-smoke:played,Battlecry: Invoke Galakrond.,战吼： 祈求迦拉克隆。,fireplace/cards/dragons/warrior.py:82
17.6.0.53261,Descent of Dragons (DRAGONS),DRG_022,Ramming Speed,横冲直撞,Spell resolution|Targeting,GREEN,implemented,yes,逐卡关键行为断言通过：selected_minion_attacks_one_neighbor: center=4:PLAY;sides=GRAVEYARD/PLAY;spell=GRAVEYARD,card_mechanism.csv#DRG_022; generic-play-smoke:played; effect-evidence: reports/card_quality_full_2026-09-27/set_probe_DRAGONS.csv#DRG_022::selected_minion_attacks_one_neighbor; per-card: reports/card_quality_full_2026-09-27/set_probe_DRAGONS.csv#DRG_022::selected_minion_attacks_one_neighbor,聚合状态取该卡最差机制；普通烟测只证明可执行，不能单独构成 GREEN。 EN=Force a minion to attack one of its neighbors.; ZH=迫使一个随从攻击相邻的一个 随从。; source=fireplace/cards/dragons/warrior.py:54; existing_tests=none; prior=YELLOW:2 个机制缺少充分的核心效果验证；逐机制依据见 card_mechanism.csv。; prior_evidence=card_mechanism.csv#DRG_022; generic-play-smoke:played,Force a minion to attack one of its neighbors.,迫使一个随从攻击相邻的一个 随从。,fireplace/cards/dragons/warrior.py:54
17.6.0.53261,Descent of Dragons (DRAGONS),DRG_023,Skybarge,空中炮艇,Random effects|Summon|Trigger,GREEN,implemented,yes,逐卡关键行为断言通过：later_pirate_summon_hits_enemy_two: before_pirate=30;after=28;pirate=PLAY;barge=PLAY,card_mechanism.csv#DRG_023; generic-play-smoke:played; effect-evidence: reports/card_quality_full_2026-09-27/set_probe_DRAGONS.csv#DRG_023::later_pirate_summon_hits_enemy_two; per-card: reports/card_quality_full_2026-09-27/set_probe_DRAGONS.csv#DRG_023::later_pirate_summon_hits_enemy_two,"聚合状态取该卡最差机制；普通烟测只证明可执行，不能单独构成 GREEN。 EN=[x]After you summon a Pirate, deal 2 damage to a random enemy.; ZH=在你召唤一个海盗后，随机对一个敌人造成2点伤害。; source=fireplace/cards/dragons/warrior.py:23; existing_tests=none; prior=YELLOW:3 个机制缺少充分的核心效果验证；逐机制依据见 card_mechanism.csv。; prior_evidence=card_mechanism.csv#DRG_023; generic-play-smoke:played","[x]After you summon a Pirate, deal 2 damage to a random enemy.",在你召唤一个海盗后，随机对一个敌人造成2点伤害。,fireplace/cards/dragons/warrior.py:23
17.6.0.53261,Descent of Dragons (DRAGONS),DRG_024,Sky Raider,空中悍匪,Battlecry|Random effects,GREEN,implemented,yes,"逐卡关键行为断言通过：battlecry_adds_one_pirate: body=PLAY;hand=[('CS2_146', True, 'HAND')]",card_mechanism.csv#DRG_024; generic-play-smoke:played; effect-evidence: reports/card_quality_full_2026-09-27/set_probe_DRAGONS.csv#DRG_024::battlecry_adds_one_pirate; per-card: reports/card_quality_full_2026-09-27/set_probe_DRAGONS.csv#DRG_024::battlecry_adds_one_pirate,聚合状态取该卡最差机制；普通烟测只证明可执行，不能单独构成 GREEN。 EN=Battlecry: Add a random Pirate to your hand.; ZH=战吼：随机将一张海盗牌置入你的手牌。; source=fireplace/cards/dragons/warrior.py:30; existing_tests=none; prior=YELLOW:2 个机制缺少充分的核心效果验证；逐机制依据见 card_mechanism.csv。; prior_evidence=card_mechanism.csv#DRG_024; generic-play-smoke:played,Battlecry: Add a random Pirate to your hand.,战吼：随机将一张海盗牌置入你的手牌。,fireplace/cards/dragons/warrior.py:30
17.6.0.53261,Descent of Dragons (DRAGONS),DRG_025,Ancharrr,海盗之锚,Draw / Discard|Trigger|Weapon,GREEN,implemented,yes,逐卡关键行为断言通过：hero_attack_draws_pirate_only: ready=True;pirate=HAND;plain=DECK;weapon=PLAY:1;enemy_health=28,card_mechanism.csv#DRG_025; generic-play-smoke:played; effect-evidence: reports/card_quality_full_2026-09-27/set_probe_DRAGONS.csv#DRG_025::hero_attack_draws_pirate_only; per-card: reports/card_quality_full_2026-09-27/set_probe_DRAGONS.csv#DRG_025::hero_attack_draws_pirate_only,"聚合状态取该卡最差机制；普通烟测只证明可执行，不能单独构成 GREEN。 EN=After your hero attacks, draw a Pirate from your deck.; ZH=在你的英雄攻击后，从你的牌库中抽一张海盗牌。; source=fireplace/cards/dragons/warrior.py:89; existing_tests=none; prior=YELLOW:3 个机制缺少充分的核心效果验证；逐机制依据见 card_mechanism.csv。; prior_evidence=card_mechanism.csv#DRG_025; generic-play-smoke:played","After your hero attacks, draw a Pirate from your deck.",在你的英雄攻击后，从你的牌库中抽一张海盗牌。,fireplace/cards/dragons/warrior.py:89
17.6.0.53261,Descent of Dragons (DRAGONS),DRG_026,"Deathwing, Mad Aspect",疯狂巨龙死亡之翼,Battlecry,GREEN,implemented,yes,"逐卡关键行为断言通过：attacks_each_friendly_and_enemy_minion: friendly=GRAVEYARD;foes=['GRAVEYARD', 'GRAVEYARD'];deathwing=9:PLAY;enemy_hero=30",card_mechanism.csv#DRG_026; generic-play-smoke:played; effect-evidence: reports/card_quality_full_2026-09-27/set_probe_DRAGONS.csv#DRG_026::attacks_each_friendly_and_enemy_minion; per-card: reports/card_quality_full_2026-09-27/set_probe_DRAGONS.csv#DRG_026::attacks_each_friendly_and_enemy_minion,聚合状态取该卡最差机制；普通烟测只证明可执行，不能单独构成 GREEN。 EN=Battlecry: Attack ALL other minions.; ZH=战吼：攻击所有其他随从。; source=fireplace/cards/dragons/warrior.py:37; existing_tests=none; prior=YELLOW:1 个机制缺少充分的核心效果验证；逐机制依据见 card_mechanism.csv。; prior_evidence=card_mechanism.csv#DRG_026; generic-play-smoke:played,Battlecry: Attack ALL other minions.,战吼：攻击所有其他随从。,fireplace/cards/dragons/warrior.py:37
17.6.0.53261,Descent of Dragons (DRAGONS),DRG_027,Umbral Skulker,幽影潜藏者,Battlecry,GREEN,implemented,yes,"逐卡关键行为断言通过：invoked_twice_adds_three_coins: invoke_count=2;coins=[('GAME_005', 'HAND'), ('GAME_005', 'HAND'), ('GAME_005', 'HAND')];body=PLAY; one_invoke_no_coins: invoke_count=1;coins=[];body=PLAY",card_mechanism.csv#DRG_027; generic-play-smoke:played; effect-evidence: reports/card_quality_full_2026-09-27/set_probe_DRAGONS.csv#DRG_027::invoked_twice_adds_three_coins; reports/card_quality_full_2026-09-27/set_probe_DRAGONS.csv#DRG_027::one_invoke_no_coins; per-card: reports/card_quality_full_2026-09-27/set_probe_DRAGONS.csv#DRG_027::invoked_twice_adds_three_coins; reports/card_quality_full_2026-09-27/set_probe_DRAGONS.csv#DRG_027::one_invoke_no_coins,"聚合状态取该卡最差机制；普通烟测只证明可执行，不能单独构成 GREEN。 EN=[x]Battlecry: If you've Invoked twice, add 3 Coins to your hand.; ZH=战吼：如果你已经祈求过两次，则将三个幸运币置入你的手牌。; source=fireplace/cards/dragons/rogue.py:8; existing_tests=none; prior=YELLOW:1 个机制缺少充分的核心效果验证；逐机制依据见 card_mechanism.csv。; prior_evidence=card_mechanism.csv#DRG_027; generic-play-smoke:played","[x]Battlecry: If you've Invoked twice, add 3 Coins to your hand.",战吼：如果你已经祈求过两次，则将三个幸运币置入你的手牌。,fireplace/cards/dragons/rogue.py:8
17.6.0.53261,Descent of Dragons (DRAGONS),DRG_028,Dragon's Hoard,巨龙宝藏,Discover / Choice|Random effects|Spell resolution,GREEN,implemented,yes,"逐卡关键行为断言通过：discover_other_class_legendary_minion: options=[('BT_481', 5, [14]), ('GIL_840', 5, [6]), ('GIL_549', 5, [4])];selected=('BT_481', 'HAND');choice_closed=True",card_mechanism.csv#DRG_028; generic-play-smoke:played; effect-evidence: reports/card_quality_full_2026-09-27/set_probe_DRAGONS.csv#DRG_028::discover_other_class_legendary_minion; per-card: reports/card_quality_full_2026-09-27/set_probe_DRAGONS.csv#DRG_028::discover_other_class_legendary_minion,聚合状态取该卡最差机制；普通烟测只证明可执行，不能单独构成 GREEN。 EN=Discover a Legendary minion from another class.; ZH=发现一张其他职业的传说 随从牌。; source=fireplace/cards/dragons/rogue.py:71; existing_tests=none; prior=YELLOW:3 个机制缺少充分的核心效果验证；逐机制依据见 card_mechanism.csv。; prior_evidence=card_mechanism.csv#DRG_028; generic-play-smoke:played,Discover a Legendary minion from another class.,发现一张其他职业的传说 随从牌。,fireplace/cards/dragons/rogue.py:71
17.6.0.53261,Descent of Dragons (DRAGONS),DRG_030,Praise Galakrond!,赞美迦拉克隆,Spell resolution|Targeting,GREEN,implemented,yes,逐卡关键行为断言通过：selected_minion_plus_one_attack_and_invoke: target=2/1;enemy=1/1;invoke_count=1;spell=GRAVEYARD;galakrond=DECK,card_mechanism.csv#DRG_030; generic-play-smoke:played; effect-evidence: reports/card_quality_full_2026-09-27/set_probe_DRAGONS.csv#DRG_030::selected_minion_plus_one_attack_and_invoke; per-card: reports/card_quality_full_2026-09-27/set_probe_DRAGONS.csv#DRG_030::selected_minion_plus_one_attack_and_invoke,聚合状态取该卡最差机制；普通烟测只证明可执行，不能单独构成 GREEN。 EN=[x]Give a minion +1 Attack. Invoke Galakrond.; ZH=使一个随从获得+1攻击力。祈求迦拉克隆。; source=fireplace/cards/dragons/rogue.py:78; existing_tests=none; prior=YELLOW:2 个机制缺少充分的核心效果验证；逐机制依据见 card_mechanism.csv。; prior_evidence=card_mechanism.csv#DRG_030; generic-play-smoke:played,[x]Give a minion +1 Attack. Invoke Galakrond.,使一个随从获得+1攻击力。祈求迦拉克隆。,fireplace/cards/dragons/rogue.py:78
17.6.0.53261,Descent of Dragons (DRAGONS),DRG_031,Necrium Apothecary,死金药剂师,Combo|Draw / Discard|Targeting,GREEN,implemented,yes,"逐卡关键行为断言通过：combo_draws_deathrattle_and_repeats_it_on_death: drawn_source=HAND;plain=DECK;apothecary_dr=True;body=GRAVEYARD;dragons=[('DAL_146t', 'HAND'), ('DAL_146t', 'HAND')]",card_mechanism.csv#DRG_031; generic-play-smoke:played; effect-evidence: reports/card_quality_full_2026-09-27/set_probe_DRAGONS.csv#DRG_031::combo_draws_deathrattle_and_repeats_it_on_death; per-card: reports/card_quality_full_2026-09-27/set_probe_DRAGONS.csv#DRG_031::combo_draws_deathrattle_and_repeats_it_on_death,聚合状态取该卡最差机制；普通烟测只证明可执行，不能单独构成 GREEN。 EN=Combo: Draw a Deathrattle minion from your deck and gain its Deathrattle.; ZH=连击：从你的牌库中抽一张亡语随从牌并获得其亡语。; source=fireplace/cards/dragons/rogue.py:16; existing_tests=none; prior=YELLOW:3 个机制缺少充分的核心效果验证；逐机制依据见 card_mechanism.csv。; prior_evidence=card_mechanism.csv#DRG_031; generic-play-smoke:played,Combo: Draw a Deathrattle minion from your deck and gain its Deathrattle.,连击：从你的牌库中抽一张亡语随从牌并获得其亡语。,fireplace/cards/dragons/rogue.py:16
17.6.0.53261,Descent of Dragons (DRAGONS),DRG_033,Candle Breath,烛火吐息,Cost modification|Draw / Discard|Spell resolution,GREEN,implemented,yes,"逐卡关键行为断言通过：dragon_reduces_cost_and_draws_three: dragon=True;cost=3;drawn=['HAND', 'HAND', 'HAND'];spell=GRAVEYARD; without_dragon_full_cost_and_draws_three: dragon=False;cost=6;drawn=['HAND', 'HAND', 'HAND'];spell=GRAVEYARD",card_mechanism.csv#DRG_033; generic-play-smoke:played; effect-evidence: reports/card_quality_full_2026-09-27/set_probe_DRAGONS.csv#DRG_033::dragon_reduces_cost_and_draws_three; reports/card_quality_full_2026-09-27/set_probe_DRAGONS.csv#DRG_033::without_dragon_full_cost_and_draws_three; per-card: reports/card_quality_full_2026-09-27/set_probe_DRAGONS.csv#DRG_033::dragon_reduces_cost_and_draws_three; reports/card_quality_full_2026-09-27/set_probe_DRAGONS.csv#DRG_033::without_dragon_full_cost_and_draws_three,聚合状态取该卡最差机制；普通烟测只证明可执行，不能单独构成 GREEN。 EN=Draw 3 cards. Costs (3) less while you're holding a Dragon.; ZH=抽三张牌。如果你的手牌中有龙牌，这张牌的法力值消耗减少（3）点。; source=fireplace/cards/dragons/rogue.py:89; existing_tests=none; prior=YELLOW:3 个机制缺少充分的核心效果验证；逐机制依据见 card_mechanism.csv。; prior_evidence=card_mechanism.csv#DRG_033; generic-play-smoke:played,Draw 3 cards. Costs (3) less while you're holding a Dragon.,抽三张牌。如果你的手牌中有龙牌，这张牌的法力值消耗减少（3）点。,fireplace/cards/dragons/rogue.py:89
17.6.0.53261,Descent of Dragons (DRAGONS),DRG_034,Stowaway,偷渡者,Battlecry|Draw / Discard,GREEN,implemented,yes,"逐卡关键行为断言通过：draws_only_two_nonstarting_deck_cards: generated=True;extras=['HAND', 'HAND'];original=DECK;body=PLAY; no_generated_cards_draws_nothing: generated=False;extras=[];original=DECK;body=PLAY",card_mechanism.csv#DRG_034; generic-play-smoke:played; effect-evidence: reports/card_quality_full_2026-09-27/set_probe_DRAGONS.csv#DRG_034::draws_only_two_nonstarting_deck_cards; reports/card_quality_full_2026-09-27/set_probe_DRAGONS.csv#DRG_034::no_generated_cards_draws_nothing; per-card: reports/card_quality_full_2026-09-27/set_probe_DRAGONS.csv#DRG_034::draws_only_two_nonstarting_deck_cards; reports/card_quality_full_2026-09-27/set_probe_DRAGONS.csv#DRG_034::no_generated_cards_draws_nothing,"聚合状态取该卡最差机制；普通烟测只证明可执行，不能单独构成 GREEN。 EN=[x]Battlecry: If there are cards in your deck that didn't start there, draw 2 of them.; ZH=战吼：如果你的牌库中有对战开始时不在牌库中的牌，则抽取其中的两张。; source=fireplace/cards/dragons/rogue.py:26; existing_tests=none; prior=YELLOW:2 个机制缺少充分的核心效果验证；逐机制依据见 card_mechanism.csv。; prior_evidence=card_mechanism.csv#DRG_034; generic-play-smoke:played","[x]Battlecry: If there are cards in your deck that didn't start there, draw 2 of them.",战吼：如果你的牌库中有对战开始时不在牌库中的牌，则抽取其中的两张。,fireplace/cards/dragons/rogue.py:26
17.6.0.53261,Descent of Dragons (DRAGONS),DRG_035,Bloodsail Flybooter,血帆飞贼,Battlecry,GREEN,implemented,yes,"逐卡关键行为断言通过：adds_exactly_two_one_one_pirates: hand=[('DRG_035t', 1, 1, 'HAND'), ('DRG_035t', 1, 1, 'HAND')];body=PLAY",card_mechanism.csv#DRG_035; generic-play-smoke:played; effect-evidence: reports/card_quality_full_2026-09-27/set_probe_DRAGONS.csv#DRG_035::adds_exactly_two_one_one_pirates; per-card: reports/card_quality_full_2026-09-27/set_probe_DRAGONS.csv#DRG_035::adds_exactly_two_one_one_pirates,聚合状态取该卡最差机制；普通烟测只证明可执行，不能单独构成 GREEN。 EN=Battlecry: Add two 1/1 Pirates to your hand.; ZH=战吼：将两张1/1的海盗牌置入你的手牌。; source=fireplace/cards/dragons/rogue.py:34; existing_tests=none; prior=YELLOW:1 个机制缺少充分的核心效果验证；逐机制依据见 card_mechanism.csv。; prior_evidence=card_mechanism.csv#DRG_035; generic-play-smoke:played,Battlecry: Add two 1/1 Pirates to your hand.,战吼：将两张1/1的海盗牌置入你的手牌。,fireplace/cards/dragons/rogue.py:34
17.6.0.53261,Descent of Dragons (DRAGONS),DRG_036,Waxadred,蜡烛巨龙,Deathrattle|Trigger,GREEN,implemented,yes,"逐卡关键行为断言通过：deathrattle_candle_cast_when_drawn_resummons: dead=GRAVEYARD;candle_deck_before=1;candle_after=GRAVEYARD;summoned=[('DRG_036', 'PLAY')]",card_mechanism.csv#DRG_036; generic-play-smoke:played; effect-evidence: reports/card_quality_full_2026-09-27/set_probe_DRAGONS.csv#DRG_036::deathrattle_candle_cast_when_drawn_resummons; per-card: reports/card_quality_full_2026-09-27/set_probe_DRAGONS.csv#DRG_036::deathrattle_candle_cast_when_drawn_resummons,聚合状态取该卡最差机制；普通烟测只证明可执行，不能单独构成 GREEN。 EN=[x]Deathrattle: Shuffle a Candle into your deck that resummons Waxadred when drawn.; ZH=亡语：将一支蜡烛洗入你的牌库。抽到蜡烛时，重新召唤蜡烛巨龙。; source=fireplace/cards/dragons/rogue.py:41; existing_tests=none; prior=YELLOW:2 个机制缺少充分的核心效果验证；逐机制依据见 card_mechanism.csv。; prior_evidence=card_mechanism.csv#DRG_036; generic-play-smoke:played,[x]Deathrattle: Shuffle a Candle into your deck that resummons Waxadred when drawn.,亡语：将一支蜡烛洗入你的牌库。抽到蜡烛时，重新召唤蜡烛巨龙。,fireplace/cards/dragons/rogue.py:41
17.6.0.53261,Descent of Dragons (DRAGONS),DRG_037,Flik Skyshiv,菲里克·飞刺,Battlecry|Targeting,GREEN,implemented,yes,"逐卡关键行为断言通过：destroys_all_id_copies_both_sides_and_zones: copies=['GRAVEYARD', 'GRAVEYARD', 'GRAVEYARD', 'GRAVEYARD', 'GRAVEYARD', 'GRAVEYARD', 'GRAVEYARD'];unrelated=PLAY;flik=PLAY",card_mechanism.csv#DRG_037; generic-play-smoke:played; effect-evidence: reports/card_quality_full_2026-09-27/set_probe_DRAGONS.csv#DRG_037::destroys_all_id_copies_both_sides_and_zones; per-card: reports/card_quality_full_2026-09-27/set_probe_DRAGONS.csv#DRG_037::destroys_all_id_copies_both_sides_and_zones,聚合状态取该卡最差机制；普通烟测只证明可执行，不能单独构成 GREEN。 EN=[x]Battlecry: Destroy a minion and all copies of it (wherever they are).; ZH=战吼：消灭一个随从及其所有的复制（无论它们在哪）。; source=fireplace/cards/dragons/rogue.py:54; existing_tests=none; prior=YELLOW:2 个机制缺少充分的核心效果验证；逐机制依据见 card_mechanism.csv。; prior_evidence=card_mechanism.csv#DRG_037; generic-play-smoke:played,[x]Battlecry: Destroy a minion and all copies of it (wherever they are).,战吼：消灭一个随从及其所有的复制（无论它们在哪）。,fireplace/cards/dragons/rogue.py:54
17.6.0.53261,Descent of Dragons (DRAGONS),DRG_049,Tasty Flyfish,美味飞鱼,Deathrattle,GREEN,implemented,yes,逐卡关键行为断言通过：deathrattle_buffs_only_hand_dragon: dragon=5/4:HAND;plain=1/1;body=GRAVEYARD,card_mechanism.csv#DRG_049; generic-play-smoke:played; effect-evidence: reports/card_quality_full_2026-09-27/set_probe_DRAGONS.csv#DRG_049::deathrattle_buffs_only_hand_dragon; per-card: reports/card_quality_full_2026-09-27/set_probe_DRAGONS.csv#DRG_049::deathrattle_buffs_only_hand_dragon,聚合状态取该卡最差机制；普通烟测只证明可执行，不能单独构成 GREEN。 EN=Deathrattle: Give a Dragon in your hand +2/+2.; ZH=亡语：使你手牌中的一张龙牌获得+2/+2。; source=fireplace/cards/dragons/neutral_common.py:8; existing_tests=none; prior=YELLOW:1 个机制缺少充分的核心效果验证；逐机制依据见 card_mechanism.csv。; prior_evidence=card_mechanism.csv#DRG_049; generic-play-smoke:played,Deathrattle: Give a Dragon in your hand +2/+2.,亡语：使你手牌中的一张龙牌获得+2/+2。,fireplace/cards/dragons/neutral_common.py:8
17.6.0.53261,Descent of Dragons (DRAGONS),DRG_050,Devoted Maniac,虔信狂徒,Battlecry|Rush,GREEN,implemented,yes,逐卡关键行为断言通过：rush_body_and_real_warrior_invoke: rush=1;invoke=1;hero_attack=3;body=PLAY,card_mechanism.csv#DRG_050; generic-play-smoke:played; effect-evidence: reports/card_quality_full_2026-09-27/set_probe_DRAGONS.csv#DRG_050::rush_body_and_real_warrior_invoke; per-card: reports/card_quality_full_2026-09-27/set_probe_DRAGONS.csv#DRG_050::rush_body_and_real_warrior_invoke,聚合状态取该卡最差机制；普通烟测只证明可执行，不能单独构成 GREEN。 EN=Rush Battlecry: Invoke Galakrond.; ZH=突袭，战吼： 祈求迦拉克隆。; source=fireplace/cards/dragons/neutral_common.py:18; existing_tests=none; prior=YELLOW:2 个机制缺少充分的核心效果验证；逐机制依据见 card_mechanism.csv。; prior_evidence=card_mechanism.csv#DRG_050; generic-play-smoke:played,Rush Battlecry: Invoke Galakrond.,突袭，战吼： 祈求迦拉克隆。,fireplace/cards/dragons/neutral_common.py:18
17.6.0.53261,Descent of Dragons (DRAGONS),DRG_051,Strength in Numbers,人多势众,Spell resolution|Summon,GREEN,implemented,yes,逐卡关键行为断言通过：spend_ten_on_minions_summons_deck_minion: first=PLAY;progress_after_first=7;second=PLAY;final=14:GRAVEYARD;reward=PLAY,card_mechanism.csv#DRG_051; generic-play-smoke:played; effect-evidence: reports/card_quality_full_2026-09-27/set_probe_DRAGONS.csv#DRG_051::spend_ten_on_minions_summons_deck_minion; per-card: reports/card_quality_full_2026-09-27/set_probe_DRAGONS.csv#DRG_051::spend_ten_on_minions_summons_deck_minion,聚合状态取该卡最差机制；普通烟测只证明可执行，不能单独构成 GREEN。 EN=Sidequest: Spend 10 Mana on minions. Reward: Summon a minion from your deck.; ZH=支线任务： 消耗10点法力值用于随从牌上。奖励：从你的牌库中召唤一个随从。; source=fireplace/cards/dragons/druid.py:53; existing_tests=tests/test_controller.py:484:test_active_quests_are_public_but_opponent_secrets_stay_concealed | tests/test_controller.py:502:test_active_quests_are_public_but_opponent_secrets_stay_concealed | tests/test_dragons.py:22:test_strength_in_numbers | tests/test_web_gui.py:293:test_opponent_quests_become_visible_above_hero_without_revealing_secret | tests/test_web_gui.py:309:test_opponent_quests_become_visible_above_hero_without_revealing_secret; prior=YELLOW:2 个机制缺少充分的核心效果验证；逐机制依据见 card_mechanism.csv。; prior_evidence=card_mechanism.csv#DRG_051; generic-play-smoke:played,Sidequest: Spend 10 Mana on minions. Reward: Summon a minion from your deck.,支线任务： 消耗10点法力值用于随从牌上。奖励：从你的牌库中召唤一个随从。,fireplace/cards/dragons/druid.py:53
17.6.0.53261,Descent of Dragons (DRAGONS),DRG_054,Big Ol' Whelp,雏龙巨婴,Battlecry|Draw / Discard,GREEN,implemented,yes,逐卡关键行为断言通过：battlecry_draws_one_deck_card: drawn=HAND;body=PLAY;hand=1,card_mechanism.csv#DRG_054; generic-play-smoke:played; effect-evidence: reports/card_quality_full_2026-09-27/set_probe_DRAGONS.csv#DRG_054::battlecry_draws_one_deck_card; per-card: reports/card_quality_full_2026-09-27/set_probe_DRAGONS.csv#DRG_054::battlecry_draws_one_deck_card,聚合状态取该卡最差机制；普通烟测只证明可执行，不能单独构成 GREEN。 EN=Battlecry: Draw a card.; ZH=战吼：抽一张牌。; source=fireplace/cards/dragons/neutral_common.py:25; existing_tests=none; prior=YELLOW:2 个机制缺少充分的核心效果验证；逐机制依据见 card_mechanism.csv。; prior_evidence=card_mechanism.csv#DRG_054; generic-play-smoke:played,Battlecry: Draw a card.,战吼：抽一张牌。,fireplace/cards/dragons/neutral_common.py:25
17.6.0.53261,Descent of Dragons (DRAGONS),DRG_055,Hoard Pillager,藏宝匪贼,Battlecry|Summon,GREEN,implemented,yes,"逐卡关键行为断言通过：equips_copy_of_destroyed_weapon: old=GRAVEYARD;new=('CS2_106', 'PLAY', 2);body=PLAY",card_mechanism.csv#DRG_055; generic-play-smoke:played; effect-evidence: reports/card_quality_full_2026-09-27/set_probe_DRAGONS.csv#DRG_055::equips_copy_of_destroyed_weapon; per-card: reports/card_quality_full_2026-09-27/set_probe_DRAGONS.csv#DRG_055::equips_copy_of_destroyed_weapon,聚合状态取该卡最差机制；普通烟测只证明可执行，不能单独构成 GREEN。 EN=Battlecry: Equip one of your destroyed weapons.; ZH=战吼：装备一把你的被摧毁的武器。; source=fireplace/cards/dragons/neutral_rare.py:8; existing_tests=none; prior=YELLOW:2 个机制缺少充分的核心效果验证；逐机制依据见 card_mechanism.csv。; prior_evidence=card_mechanism.csv#DRG_055; generic-play-smoke:played,Battlecry: Equip one of your destroyed weapons.,战吼：装备一把你的被摧毁的武器。,fireplace/cards/dragons/neutral_rare.py:8
17.6.0.53261,Descent of Dragons (DRAGONS),DRG_056,Parachute Brigand,空降歹徒,Summon|Trigger,GREEN,implemented,yes,逐卡关键行为断言通过：hand_trigger_only_after_played_pirate: after_wisp=HAND;after_pirate=PLAY;pirate=PLAY;ordinary=PLAY,card_mechanism.csv#DRG_056; generic-play-smoke:played; effect-evidence: reports/card_quality_full_2026-09-27/set_probe_DRAGONS.csv#DRG_056::hand_trigger_only_after_played_pirate; per-card: reports/card_quality_full_2026-09-27/set_probe_DRAGONS.csv#DRG_056::hand_trigger_only_after_played_pirate,"聚合状态取该卡最差机制；普通烟测只证明可执行，不能单独构成 GREEN。 EN=[x]After you play a Pirate, summon this minion from your hand.; ZH=在你使用一张海盗牌后，从你的手牌中召唤该随从。; source=fireplace/cards/dragons/neutral_common.py:32; existing_tests=none; prior=YELLOW:2 个机制缺少充分的核心效果验证；逐机制依据见 card_mechanism.csv。; prior_evidence=card_mechanism.csv#DRG_056; generic-play-smoke:played","[x]After you play a Pirate, summon this minion from your hand.",在你使用一张海盗牌后，从你的手牌中召唤该随从。,fireplace/cards/dragons/neutral_common.py:32
17.6.0.53261,Descent of Dragons (DRAGONS),DRG_057,Hot Air Balloon,热气球,Trigger,GREEN,implemented,yes,逐卡关键行为断言通过：only_start_of_own_turn_adds_one_health: initial=2;opponent_turn=2;own_turn=3;zone=PLAY,card_mechanism.csv#DRG_057; generic-play-smoke:played; effect-evidence: reports/card_quality_full_2026-09-27/set_probe_DRAGONS.csv#DRG_057::only_start_of_own_turn_adds_one_health; per-card: reports/card_quality_full_2026-09-27/set_probe_DRAGONS.csv#DRG_057::only_start_of_own_turn_adds_one_health,"聚合状态取该卡最差机制；普通烟测只证明可执行，不能单独构成 GREEN。 EN=At the start of your turn, gain +1 Health.; ZH=在你的回合开始时，获得+1生命值。; source=fireplace/cards/dragons/neutral_common.py:40; existing_tests=none; prior=YELLOW:1 个机制缺少充分的核心效果验证；逐机制依据见 card_mechanism.csv。; prior_evidence=card_mechanism.csv#DRG_057; generic-play-smoke:played","At the start of your turn, gain +1 Health.",在你的回合开始时，获得+1生命值。,fireplace/cards/dragons/neutral_common.py:40
17.6.0.53261,Descent of Dragons (DRAGONS),DRG_058,Wing Commander,空军指挥官,Conditional stats,GREEN,implemented,yes,逐卡实测：手牌中两张龙使攻击力增加四点，逐张移除后动态回落。,tests/test_dragons_red_fixes.py::test_wing_commander_attack_tracks_dragons_in_hand,原始结论保留于known_issues_archive_2026-09-29/。 改为持续统计手牌龙数。,Has +2 Attack for each Dragon in your hand.,你手牌中每有一张龙牌，便获得+2 攻击力。,fireplace/cards/dragons/neutral_common.py:50
17.6.0.53261,Descent of Dragons (DRAGONS),DRG_059,Goboglide Tech,地精滑翔技师,Battlecry,GREEN,implemented,yes,逐卡关键行为断言通过：friendly_mech_adds_stats_and_rush: mech=True;stats=4/4;rush=True;zone=PLAY; without_mech_no_buff: mech=False;stats=3/3;rush=False;zone=PLAY,card_mechanism.csv#DRG_059; generic-play-smoke:played; effect-evidence: reports/card_quality_full_2026-09-27/set_probe_DRAGONS.csv#DRG_059::friendly_mech_adds_stats_and_rush; reports/card_quality_full_2026-09-27/set_probe_DRAGONS.csv#DRG_059::without_mech_no_buff; per-card: reports/card_quality_full_2026-09-27/set_probe_DRAGONS.csv#DRG_059::friendly_mech_adds_stats_and_rush; reports/card_quality_full_2026-09-27/set_probe_DRAGONS.csv#DRG_059::without_mech_no_buff,"聚合状态取该卡最差机制；普通烟测只证明可执行，不能单独构成 GREEN。 EN=Battlecry: If you control a Mech, gain +1/+1 and Rush.; ZH=战吼：如果你控制一个机械，便获得+1/+1和突袭。; source=fireplace/cards/dragons/neutral_common.py:60; existing_tests=none; prior=YELLOW:1 个机制缺少充分的核心效果验证；逐机制依据见 card_mechanism.csv。; prior_evidence=card_mechanism.csv#DRG_059; generic-play-smoke:played","Battlecry: If you control a Mech, gain +1/+1 and Rush.",战吼：如果你控制一个机械，便获得+1/+1和突袭。,fireplace/cards/dragons/neutral_common.py:60
17.6.0.53261,Descent of Dragons (DRAGONS),DRG_060,Fire Hawk,火鹰,Battlecry,GREEN,implemented,yes,逐卡关键行为断言通过：one_attack_per_opponent_hand_card: base=1;enemy_hand=3;attack=4;health=3,card_mechanism.csv#DRG_060; generic-play-smoke:played; effect-evidence: reports/card_quality_full_2026-09-27/set_probe_DRAGONS.csv#DRG_060::one_attack_per_opponent_hand_card; per-card: reports/card_quality_full_2026-09-27/set_probe_DRAGONS.csv#DRG_060::one_attack_per_opponent_hand_card,聚合状态取该卡最差机制；普通烟测只证明可执行，不能单独构成 GREEN。 EN=Battlecry: Gain +1 Attack for each card in your opponent's hand.; ZH=战吼：你的对手每有一张手牌，该随从便获得+1攻击力。; source=fireplace/cards/dragons/neutral_common.py:71; existing_tests=none; prior=YELLOW:1 个机制缺少充分的核心效果验证；逐机制依据见 card_mechanism.csv。; prior_evidence=card_mechanism.csv#DRG_060; generic-play-smoke:played,Battlecry: Gain +1 Attack for each card in your opponent's hand.,战吼：你的对手每有一张手牌，该随从便获得+1攻击力。,fireplace/cards/dragons/neutral_common.py:71
17.6.0.53261,Descent of Dragons (DRAGONS),DRG_061,Gyrocopter,旋翼机,Rush|Windfury,GREEN,implemented,yes,逐卡关键行为断言通过：rush_and_windfury_allow_two_immediate_minion_attacks: rush=1;windfury=1;ready=True/True;victims=GRAVEYARD/GRAVEYARD;attacks=2,card_mechanism.csv#DRG_061; generic-play-smoke:played; effect-evidence: reports/card_quality_full_2026-09-27/set_probe_DRAGONS.csv#DRG_061::rush_and_windfury_allow_two_immediate_minion_attacks; per-card: reports/card_quality_full_2026-09-27/set_probe_DRAGONS.csv#DRG_061::rush_and_windfury_allow_two_immediate_minion_attacks,聚合状态取该卡最差机制；普通烟测只证明可执行，不能单独构成 GREEN。 EN=Rush Windfury; ZH=突袭，风怒; source=; existing_tests=none; prior=YELLOW:2 个机制缺少充分的核心效果验证；逐机制依据见 card_mechanism.csv。; prior_evidence=card_mechanism.csv#DRG_061; generic-play-smoke:played,Rush Windfury,突袭，风怒,
17.6.0.53261,Descent of Dragons (DRAGONS),DRG_062,Wyrmrest Purifier,龙眠净化者,Battlecry|Random effects|Transform,GREEN,implemented,yes,"逐卡关键行为断言通过：only_neutral_deck_cards_become_class_cards: original_neutral=['SETASIDE', 'SETASIDE', 'SETASIDE'];after=[('BT_021', [4], 'DECK'), ('GIL_116', [4], 'DECK'), ('EX1_294', [4], 'DECK'), ('CS2_029', [4], 'DECK')];class_card=DECK",card_mechanism.csv#DRG_062; generic-play-smoke:played; effect-evidence: reports/card_quality_full_2026-09-27/set_probe_DRAGONS.csv#DRG_062::only_neutral_deck_cards_become_class_cards; per-card: reports/card_quality_full_2026-09-27/set_probe_DRAGONS.csv#DRG_062::only_neutral_deck_cards_become_class_cards,聚合状态取该卡最差机制；普通烟测只证明可执行，不能单独构成 GREEN。 EN=[x]Battlecry: Transform all Neutral cards in your deck into random cards from your class.; ZH=战吼： 将你牌库中的所有中立卡牌随机变形成为你的职业的卡牌。; source=fireplace/cards/dragons/neutral_epic.py:8; existing_tests=none; prior=YELLOW:3 个机制缺少充分的核心效果验证；逐机制依据见 card_mechanism.csv。; prior_evidence=card_mechanism.csv#DRG_062; generic-play-smoke:played,[x]Battlecry: Transform all Neutral cards in your deck into random cards from your class.,战吼： 将你牌库中的所有中立卡牌随机变形成为你的职业的卡牌。,fireplace/cards/dragons/neutral_epic.py:8
17.6.0.53261,Descent of Dragons (DRAGONS),DRG_063,Dragonmaw Poacher,龙喉偷猎者,Battlecry,GREEN,implemented,yes,逐卡关键行为断言通过：enemy_dragon_gives_four_four_and_rush: enemy_dragon=True;stats=8/8;rush=True; no_enemy_dragon_no_buff: enemy_dragon=False;stats=4/4;rush=False,card_mechanism.csv#DRG_063; generic-play-smoke:played; effect-evidence: reports/card_quality_full_2026-09-27/set_probe_DRAGONS.csv#DRG_063::enemy_dragon_gives_four_four_and_rush; reports/card_quality_full_2026-09-27/set_probe_DRAGONS.csv#DRG_063::no_enemy_dragon_no_buff; per-card: reports/card_quality_full_2026-09-27/set_probe_DRAGONS.csv#DRG_063::enemy_dragon_gives_four_four_and_rush; reports/card_quality_full_2026-09-27/set_probe_DRAGONS.csv#DRG_063::no_enemy_dragon_no_buff,"聚合状态取该卡最差机制；普通烟测只证明可执行，不能单独构成 GREEN。 EN=Battlecry: If your opponent controls a Dragon, gain +4/+4 and Rush.; ZH=战吼：如果你的对手控制着一条龙，便获得+4/+4和突袭。; source=fireplace/cards/dragons/neutral_rare.py:15; existing_tests=none; prior=YELLOW:1 个机制缺少充分的核心效果验证；逐机制依据见 card_mechanism.csv。; prior_evidence=card_mechanism.csv#DRG_063; generic-play-smoke:played","Battlecry: If your opponent controls a Dragon, gain +4/+4 and Rush.",战吼：如果你的对手控制着一条龙，便获得+4/+4和突袭。,fireplace/cards/dragons/neutral_rare.py:15
17.6.0.53261,Descent of Dragons (DRAGONS),DRG_064,Zul'Drak Ritualist,祖达克仪祭师,Battlecry|Random effects|Summon|Taunt,GREEN,implemented,yes,"逐卡关键行为断言通过：taunt_and_three_one_cost_enemy_minions: taunt=1;enemy_bodies=[('BT_480', 1, 'PLAY'), ('EX1_508', 1, 'PLAY'), ('GIL_558', 1, 'PLAY')];friendly=[('DRG_064', 'PLAY')]",card_mechanism.csv#DRG_064; generic-play-smoke:played; effect-evidence: reports/card_quality_full_2026-09-27/set_probe_DRAGONS.csv#DRG_064::taunt_and_three_one_cost_enemy_minions; per-card: reports/card_quality_full_2026-09-27/set_probe_DRAGONS.csv#DRG_064::taunt_and_three_one_cost_enemy_minions,聚合状态取该卡最差机制；普通烟测只证明可执行，不能单独构成 GREEN。 EN=[x]Taunt  Battlecry: Summon three random 1-Cost minions for your opponent.; ZH=嘲讽，战吼： 随机为你的对手召唤三个法力值消耗为（1）的随从。; source=fireplace/cards/dragons/neutral_rare.py:26; existing_tests=none; prior=YELLOW:4 个机制缺少充分的核心效果验证；逐机制依据见 card_mechanism.csv。; prior_evidence=card_mechanism.csv#DRG_064; generic-play-smoke:played,[x]Taunt  Battlecry: Summon three random 1-Cost minions for your opponent.,嘲讽，战吼： 随机为你的对手召唤三个法力值消耗为（1）的随从。,fireplace/cards/dragons/neutral_rare.py:26
17.6.0.53261,Descent of Dragons (DRAGONS),DRG_065,Hippogryph,角鹰兽,Rush|Taunt,GREEN,implemented,yes,逐卡关键行为断言通过：rush_taunt_immediate_attack: rush=1;taunt=1;ready=True;enemy=GRAVEYARD;body=PLAY,card_mechanism.csv#DRG_065; generic-play-smoke:played; effect-evidence: reports/card_quality_full_2026-09-27/set_probe_DRAGONS.csv#DRG_065::rush_taunt_immediate_attack; per-card: reports/card_quality_full_2026-09-27/set_probe_DRAGONS.csv#DRG_065::rush_taunt_immediate_attack,聚合状态取该卡最差机制；普通烟测只证明可执行，不能单独构成 GREEN。 EN=Rush Taunt; ZH=突袭 嘲讽; source=; existing_tests=none; prior=YELLOW:2 个机制缺少充分的核心效果验证；逐机制依据见 card_mechanism.csv。; prior_evidence=card_mechanism.csv#DRG_065; generic-play-smoke:played,Rush Taunt,突袭 嘲讽,
17.6.0.53261,Descent of Dragons (DRAGONS),DRG_066,Evasive Chimaera,辟法奇美拉,Poisonous|Untargetable,GREEN,implemented,yes,逐卡关键行为断言通过：poisonous_kills_big_minion_and_enemy_spell_cannot_target: poisonous=1;spell_targetable=False;ready=True;large=GRAVEYARD;body=GRAVEYARD,card_mechanism.csv#DRG_066; generic-play-smoke:played; effect-evidence: reports/card_quality_full_2026-09-27/set_probe_DRAGONS.csv#DRG_066::poisonous_kills_big_minion_and_enemy_spell_cannot_target; per-card: reports/card_quality_full_2026-09-27/set_probe_DRAGONS.csv#DRG_066::poisonous_kills_big_minion_and_enemy_spell_cannot_target,聚合状态取该卡最差机制；普通烟测只证明可执行，不能单独构成 GREEN。 EN=Poisonous Can't be targeted by spells or Hero Powers.; ZH=剧毒 无法成为法术或英雄技能的目标。; source=; existing_tests=none; prior=YELLOW:2 个机制缺少充分的核心效果验证；逐机制依据见 card_mechanism.csv。; prior_evidence=card_mechanism.csv#DRG_066; generic-play-smoke:played,Poisonous Can't be targeted by spells or Hero Powers.,剧毒 无法成为法术或英雄技能的目标。,
17.6.0.53261,Descent of Dragons (DRAGONS),DRG_067,Troll Batrider,巨魔蝙蝠骑士,Battlecry|Random effects,GREEN,implemented,yes,逐卡实测：仅敌方随从承受三点；无敌方随从时英雄不会被误伤。,tests/test_dragons_red_fixes.py::test_troll_batrider_only_hits_an_enemy_minion,原始结论保留于known_issues_archive_2026-09-29/。 随机池限定敌方随从。,Battlecry: Deal 3 damage to a random enemy minion.,战吼：随机对一个敌方随从造成3点伤害。,fireplace/cards/dragons/neutral_common.py:81
17.6.0.53261,Descent of Dragons (DRAGONS),DRG_068,Living Dragonbreath,活化龙息,Aura|Continuous effect / Update,GREEN,implemented,yes,逐卡关键行为断言通过：friendly_minions_resist_actual_freeze: ally_frozen=False;ally_health=2;body_frozen=False;ally_cant=True;spell=GRAVEYARD,card_mechanism.csv#DRG_068; generic-play-smoke:played; effect-evidence: reports/card_quality_full_2026-09-27/set_probe_DRAGONS.csv#DRG_068::friendly_minions_resist_actual_freeze; per-card: reports/card_quality_full_2026-09-27/set_probe_DRAGONS.csv#DRG_068::friendly_minions_resist_actual_freeze,聚合状态取该卡最差机制；普通烟测只证明可执行，不能单独构成 GREEN。 EN=Your minions can't be Frozen.; ZH=你的随从无法被 冻结。; source=fireplace/cards/dragons/neutral_common.py:88; existing_tests=tests/test_dragons.py:165:test_living_dragonbreath | tests/test_dragons.py:152:test_living_dragonbreath; prior=YELLOW:2 个机制缺少充分的核心效果验证；逐机制依据见 card_mechanism.csv。; prior_evidence=card_mechanism.csv#DRG_068; generic-play-smoke:played,Your minions can't be Frozen.,你的随从无法被 冻结。,fireplace/cards/dragons/neutral_common.py:88
17.6.0.53261,Descent of Dragons (DRAGONS),DRG_069,Platebreaker,破甲骑士,Battlecry,GREEN,implemented,yes,逐卡关键行为断言通过：enemy_armor_destroyed_friendly_armor_retained: enemy_armor=0;own_armor=5;body=PLAY,card_mechanism.csv#DRG_069; generic-play-smoke:played; effect-evidence: reports/card_quality_full_2026-09-27/set_probe_DRAGONS.csv#DRG_069::enemy_armor_destroyed_friendly_armor_retained; per-card: reports/card_quality_full_2026-09-27/set_probe_DRAGONS.csv#DRG_069::enemy_armor_destroyed_friendly_armor_retained,聚合状态取该卡最差机制；普通烟测只证明可执行，不能单独构成 GREEN。 EN=Battlecry: Destroy your opponent's Armor.; ZH=战吼： 摧毁你对手的护甲。; source=fireplace/cards/dragons/neutral_common.py:95; existing_tests=none; prior=YELLOW:1 个机制缺少充分的核心效果验证；逐机制依据见 card_mechanism.csv。; prior_evidence=card_mechanism.csv#DRG_069; generic-play-smoke:played,Battlecry: Destroy your opponent's Armor.,战吼： 摧毁你对手的护甲。,fireplace/cards/dragons/neutral_common.py:95
17.6.0.53261,Descent of Dragons (DRAGONS),DRG_070,Dragon Breeder,幼龙饲养员,Battlecry|Targeting,GREEN,implemented,yes,"逐卡关键行为断言通过：selected_friendly_dragon_copy_enters_hand: target=PLAY;copies=[('NEW1_023', 'HAND')];body=PLAY;other=PLAY",card_mechanism.csv#DRG_070; generic-play-smoke:played; effect-evidence: reports/card_quality_full_2026-09-27/set_probe_DRAGONS.csv#DRG_070::selected_friendly_dragon_copy_enters_hand; per-card: reports/card_quality_full_2026-09-27/set_probe_DRAGONS.csv#DRG_070::selected_friendly_dragon_copy_enters_hand,聚合状态取该卡最差机制；普通烟测只证明可执行，不能单独构成 GREEN。 EN=Battlecry: Choose a friendly Dragon. Add a copy of it to your hand.; ZH=战吼：选择一条友方的龙。将它的一张复制置入你的手牌。; source=fireplace/cards/dragons/neutral_rare.py:34; existing_tests=none; prior=YELLOW:2 个机制缺少充分的核心效果验证；逐机制依据见 card_mechanism.csv。; prior_evidence=card_mechanism.csv#DRG_070; generic-play-smoke:played,Battlecry: Choose a friendly Dragon. Add a copy of it to your hand.,战吼：选择一条友方的龙。将它的一张复制置入你的手牌。,fireplace/cards/dragons/neutral_rare.py:34
17.6.0.53261,Descent of Dragons (DRAGONS),DRG_071,Bad Luck Albatross,厄运信天翁,Deathrattle,GREEN,implemented,yes,"逐卡关键行为断言通过：death_shuffles_two_one_one_into_opponent_deck: dead=GRAVEYARD;enemy=[('DRG_071t', 1, 1, 'DECK'), ('DRG_071t', 1, 1, 'DECK')];own=0",card_mechanism.csv#DRG_071; generic-play-smoke:played; effect-evidence: reports/card_quality_full_2026-09-27/set_probe_DRAGONS.csv#DRG_071::death_shuffles_two_one_one_into_opponent_deck; per-card: reports/card_quality_full_2026-09-27/set_probe_DRAGONS.csv#DRG_071::death_shuffles_two_one_one_into_opponent_deck,聚合状态取该卡最差机制；普通烟测只证明可执行，不能单独构成 GREEN。 EN=Deathrattle: Shuffle two 1/1 Albatross into your opponent's deck.; ZH=亡语：将两张1/1的信天翁洗入你对手的 牌库。; source=fireplace/cards/dragons/neutral_rare.py:47; existing_tests=none; prior=YELLOW:1 个机制缺少充分的核心效果验证；逐机制依据见 card_mechanism.csv。; prior_evidence=card_mechanism.csv#DRG_071; generic-play-smoke:played,Deathrattle: Shuffle two 1/1 Albatross into your opponent's deck.,亡语：将两张1/1的信天翁洗入你对手的 牌库。,fireplace/cards/dragons/neutral_rare.py:47
17.6.0.53261,Descent of Dragons (DRAGONS),DRG_072,Skyfin,飞天鱼人,Battlecry|Random effects|Summon,GREEN,implemented,yes,"逐卡关键行为断言通过：held_dragon_summons_two_murlocs: holding=True;other=[('EX1_507', [14], 'PLAY'), ('CFM_647', [14], 'PLAY')];body=PLAY; no_dragon_summons_none: holding=False;other=[];body=PLAY",card_mechanism.csv#DRG_072; generic-play-smoke:played; effect-evidence: reports/card_quality_full_2026-09-27/set_probe_DRAGONS.csv#DRG_072::held_dragon_summons_two_murlocs; reports/card_quality_full_2026-09-27/set_probe_DRAGONS.csv#DRG_072::no_dragon_summons_none; per-card: reports/card_quality_full_2026-09-27/set_probe_DRAGONS.csv#DRG_072::held_dragon_summons_two_murlocs; reports/card_quality_full_2026-09-27/set_probe_DRAGONS.csv#DRG_072::no_dragon_summons_none,"聚合状态取该卡最差机制；普通烟测只证明可执行，不能单独构成 GREEN。 EN=Battlecry: If you're holding a Dragon, summon 2 random Murlocs.; ZH=战吼：如果你的手牌中有龙牌，随机召唤两个鱼人。; source=fireplace/cards/dragons/neutral_epic.py:16; existing_tests=none; prior=YELLOW:3 个机制缺少充分的核心效果验证；逐机制依据见 card_mechanism.csv。; prior_evidence=card_mechanism.csv#DRG_072; generic-play-smoke:played","Battlecry: If you're holding a Dragon, summon 2 random Murlocs.",战吼：如果你的手牌中有龙牌，随机召唤两个鱼人。,fireplace/cards/dragons/neutral_epic.py:16
17.6.0.53261,Descent of Dragons (DRAGONS),DRG_073,Evasive Feywing,辟法灵龙,Untargetable,GREEN,implemented,yes,逐卡关键行为断言通过：excluded_from_enemy_spell_and_hero_power_target_lists: spell_targetable=False;hero_power_targetable=False;body=PLAY,card_mechanism.csv#DRG_073; generic-play-smoke:played; effect-evidence: reports/card_quality_full_2026-09-27/set_probe_DRAGONS.csv#DRG_073::excluded_from_enemy_spell_and_hero_power_target_lists; per-card: reports/card_quality_full_2026-09-27/set_probe_DRAGONS.csv#DRG_073::excluded_from_enemy_spell_and_hero_power_target_lists,聚合状态取该卡最差机制；普通烟测只证明可执行，不能单独构成 GREEN。 EN=Can't be targeted by spells or Hero Powers.; ZH=无法成为法术或英雄技能的目标。; source=; existing_tests=none; prior=YELLOW:1 个机制缺少充分的核心效果验证；逐机制依据见 card_mechanism.csv。; prior_evidence=card_mechanism.csv#DRG_073; generic-play-smoke:played,Can't be targeted by spells or Hero Powers.,无法成为法术或英雄技能的目标。,
17.6.0.53261,Descent of Dragons (DRAGONS),DRG_074,Camouflaged Dirigible,迷彩飞艇,Battlecry,GREEN,implemented,yes,"逐卡关键行为断言通过：other_mech_stealth_expires_next_own_turn: now=(True, False, False);enemy_turn=True;next_own=False;mech=PLAY;body=PLAY",card_mechanism.csv#DRG_074; generic-play-smoke:played; effect-evidence: reports/card_quality_full_2026-09-27/set_probe_DRAGONS.csv#DRG_074::other_mech_stealth_expires_next_own_turn; per-card: reports/card_quality_full_2026-09-27/set_probe_DRAGONS.csv#DRG_074::other_mech_stealth_expires_next_own_turn,聚合状态取该卡最差机制；普通烟测只证明可执行，不能单独构成 GREEN。 EN=Battlecry: Give your other Mechs Stealth until your next turn.; ZH=战吼：直到你的下个回合，使你的其他机械获得潜行。; source=fireplace/cards/dragons/neutral_common.py:103; existing_tests=none; prior=YELLOW:1 个机制缺少充分的核心效果验证；逐机制依据见 card_mechanism.csv。; prior_evidence=card_mechanism.csv#DRG_074; generic-play-smoke:played,Battlecry: Give your other Mechs Stealth until your next turn.,战吼：直到你的下个回合，使你的其他机械获得潜行。,fireplace/cards/dragons/neutral_common.py:103
17.6.0.53261,Descent of Dragons (DRAGONS),DRG_075,Cobalt Spellkin,深蓝系咒师,Battlecry|Random effects,GREEN,implemented,yes,"逐卡关键行为断言通过：adds_two_one_cost_mage_spells: hand=[('BOT_453', 1, 5, [4], 'HAND'), ('CS2_031', 1, 5, [4], 'HAND')];body=PLAY",card_mechanism.csv#DRG_075; generic-play-smoke:played; effect-evidence: reports/card_quality_full_2026-09-27/set_probe_DRAGONS.csv#DRG_075::adds_two_one_cost_mage_spells; per-card: reports/card_quality_full_2026-09-27/set_probe_DRAGONS.csv#DRG_075::adds_two_one_cost_mage_spells,聚合状态取该卡最差机制；普通烟测只证明可执行，不能单独构成 GREEN。 EN=Battlecry: Add two 1-Cost spells from your class to your hand.; ZH=战吼：随机将两张你职业的法力值消耗为（1）的法术牌置入你的手牌。; source=fireplace/cards/dragons/neutral_rare.py:54; existing_tests=none; prior=YELLOW:2 个机制缺少充分的核心效果验证；逐机制依据见 card_mechanism.csv。; prior_evidence=card_mechanism.csv#DRG_075; generic-play-smoke:played,Battlecry: Add two 1-Cost spells from your class to your hand.,战吼：随机将两张你职业的法力值消耗为（1）的法术牌置入你的手牌。,fireplace/cards/dragons/neutral_rare.py:54
17.6.0.53261,Descent of Dragons (DRAGONS),DRG_076,Faceless Corruptor,无面腐蚀者,Battlecry|Rush|Targeting|Transform,GREEN,implemented,yes,"逐卡关键行为断言通过：battlecry_transforms_friendly_minion_into_faceless_copy: old_target=SETASIDE;source=(4, 4, 1, 'PLAY');live=[('DRG_076', 4, 4, 1, 'PLAY'), ('DRG_076', 4, 4, 1, 'PLAY')]",card_mechanism.csv#DRG_076; generic-play-smoke:played; effect-evidence: reports/card_quality_full_2026-09-27/set_probe_DRAGONS.csv#DRG_076::battlecry_transforms_friendly_minion_into_faceless_copy; per-card: reports/card_quality_full_2026-09-27/set_probe_DRAGONS.csv#DRG_076::battlecry_transforms_friendly_minion_into_faceless_copy,聚合状态取该卡最差机制；普通烟测只证明可执行，不能单独构成 GREEN。 EN=[x]Rush. Battlecry: Transform one of your minions into a copy of this.; ZH=突袭，战吼：将你的一个随从变形成为该随从的复制。; source=fireplace/cards/dragons/neutral_rare.py:61; existing_tests=none; prior=YELLOW:4 个机制缺少充分的核心效果验证；逐机制依据见 card_mechanism.csv。; prior_evidence=card_mechanism.csv#DRG_076; generic-play-smoke:played,[x]Rush. Battlecry: Transform one of your minions into a copy of this.,突袭，战吼：将你的一个随从变形成为该随从的复制。,fireplace/cards/dragons/neutral_rare.py:61
17.6.0.53261,Descent of Dragons (DRAGONS),DRG_077,Utgarde Grapplesniper,乌特加德鱼叉射手,Battlecry|Draw / Discard|Summon,GREEN,implemented,yes,逐卡关键行为断言通过：both_players_draw_and_summon_dragons: own=PLAY;enemy=PLAY;own_field=['DRG_079'];enemy_field=['NEW1_023'];body=PLAY; both_players_keep_non_dragons_in_hand: own=HAND;enemy=HAND;hand=['CS2_231']/['CS2_182'],card_mechanism.csv#DRG_077; generic-play-smoke:played; effect-evidence: reports/card_quality_full_2026-09-27/set_probe_DRAGONS.csv#DRG_077::both_players_draw_and_summon_dragons; reports/card_quality_full_2026-09-27/set_probe_DRAGONS.csv#DRG_077::both_players_keep_non_dragons_in_hand; per-card: reports/card_quality_full_2026-09-27/set_probe_DRAGONS.csv#DRG_077::both_players_draw_and_summon_dragons; reports/card_quality_full_2026-09-27/set_probe_DRAGONS.csv#DRG_077::both_players_keep_non_dragons_in_hand,"聚合状态取该卡最差机制；普通烟测只证明可执行，不能单独构成 GREEN。 EN=Battlecry: Both players draw a card. If it's a Dragon, summon it.; ZH=战吼：每个玩家抽一张牌。如果是龙牌，则将其召唤。; source=fireplace/cards/dragons/neutral_rare.py:73; existing_tests=none; prior=YELLOW:3 个机制缺少充分的核心效果验证；逐机制依据见 card_mechanism.csv。; prior_evidence=card_mechanism.csv#DRG_077; generic-play-smoke:played","Battlecry: Both players draw a card. If it's a Dragon, summon it.",战吼：每个玩家抽一张牌。如果是龙牌，则将其召唤。,fireplace/cards/dragons/neutral_rare.py:73
17.6.0.53261,Descent of Dragons (DRAGONS),DRG_078,Depth Charge,深潜炸弹,Trigger,GREEN,implemented,yes,"逐卡关键行为断言通过：next_own_turn_deals_five_to_all_minions: own=5/GRAVEYARD;enemy=5/GRAVEYARD;depth=5/GRAVEYARD;heroes=30,30",card_mechanism.csv#DRG_078; generic-play-smoke:played; effect-evidence: reports/card_quality_full_2026-09-27/set_probe_DRAGONS.csv#DRG_078::next_own_turn_deals_five_to_all_minions; per-card: reports/card_quality_full_2026-09-27/set_probe_DRAGONS.csv#DRG_078::next_own_turn_deals_five_to_all_minions,"聚合状态取该卡最差机制；普通烟测只证明可执行，不能单独构成 GREEN。 EN=At the start of your turn, deal 5 damage to ALL minions.; ZH=在你的回合开始时，对所有随从造成 5点伤害。; source=fireplace/cards/dragons/neutral_rare.py:83; existing_tests=none; prior=YELLOW:1 个机制缺少充分的核心效果验证；逐机制依据见 card_mechanism.csv。; prior_evidence=card_mechanism.csv#DRG_078; generic-play-smoke:played","At the start of your turn, deal 5 damage to ALL minions.",在你的回合开始时，对所有随从造成 5点伤害。,fireplace/cards/dragons/neutral_rare.py:83
17.6.0.53261,Descent of Dragons (DRAGONS),DRG_079,Evasive Wyrm,辟法巨龙,Divine Shield|Rush|Untargetable,GREEN,implemented,yes,逐卡关键行为断言通过：rush_divine_shield_and_target_protection: atk=5;rush=1;shield_before=1;shield_after=1;spell_rejected=True;power_rejected=True;wyrm_health=3;victim=5/GRAVEYARD;mana=4,card_mechanism.csv#DRG_079; generic-play-smoke:played; effect-evidence: reports/card_quality_full_2026-09-27/set_probe_DRAGONS.csv#DRG_079::rush_divine_shield_and_target_protection; per-card: reports/card_quality_full_2026-09-27/set_probe_DRAGONS.csv#DRG_079::rush_divine_shield_and_target_protection,聚合状态取该卡最差机制；普通烟测只证明可执行，不能单独构成 GREEN。 EN=Divine Shield. Rush. Can't be targeted by spells or Hero Powers.; ZH=圣盾，突袭 无法成为法术或英雄技能的目标。; source=; existing_tests=none; prior=YELLOW:3 个机制缺少充分的核心效果验证；逐机制依据见 card_mechanism.csv。; prior_evidence=card_mechanism.csv#DRG_079; generic-play-smoke:played,Divine Shield. Rush. Can't be targeted by spells or Hero Powers.,圣盾，突袭 无法成为法术或英雄技能的目标。,
17.6.0.53261,Descent of Dragons (DRAGONS),DRG_081,Scalerider,锐鳞骑士,Battlecry|Targeting,GREEN,implemented,yes,逐卡关键行为断言通过：holding_dragon_deals_two_to_target: held=HAND;target=3/PLAY;body=3/3/PLAY; without_dragon_battlecry_does_not_damage: hand=[];target=5;body=PLAY,card_mechanism.csv#DRG_081; generic-play-smoke:played; effect-evidence: reports/card_quality_full_2026-09-27/set_probe_DRAGONS.csv#DRG_081::holding_dragon_deals_two_to_target; reports/card_quality_full_2026-09-27/set_probe_DRAGONS.csv#DRG_081::without_dragon_battlecry_does_not_damage; per-card: reports/card_quality_full_2026-09-27/set_probe_DRAGONS.csv#DRG_081::holding_dragon_deals_two_to_target; reports/card_quality_full_2026-09-27/set_probe_DRAGONS.csv#DRG_081::without_dragon_battlecry_does_not_damage,"聚合状态取该卡最差机制；普通烟测只证明可执行，不能单独构成 GREEN。 EN=Battlecry: If you're holding a Dragon, deal 2 damage.; ZH=战吼：如果你的手牌中有龙牌，则造成2点伤害。; source=fireplace/cards/dragons/neutral_common.py:117; existing_tests=none; prior=YELLOW:2 个机制缺少充分的核心效果验证；逐机制依据见 card_mechanism.csv。; prior_evidence=card_mechanism.csv#DRG_081; generic-play-smoke:played","Battlecry: If you're holding a Dragon, deal 2 damage.",战吼：如果你的手牌中有龙牌，则造成2点伤害。,fireplace/cards/dragons/neutral_common.py:117
17.6.0.53261,Descent of Dragons (DRAGONS),DRG_082,Kobold Stickyfinger,黏指狗头人,Battlecry,GREEN,implemented,yes,逐卡关键行为断言通过：steals_equipped_opponent_weapon: original=CS2_091/PLAY/controller=True;p_weapon=CS2_091;e_weapon=None;body=PLAY; no_weapon_battlecry_does_not_create_weapon: p_weapon=None;e_weapon=None;body=PLAY,card_mechanism.csv#DRG_082; generic-play-smoke:played; effect-evidence: reports/card_quality_full_2026-09-27/set_probe_DRAGONS.csv#DRG_082::steals_equipped_opponent_weapon; reports/card_quality_full_2026-09-27/set_probe_DRAGONS.csv#DRG_082::no_weapon_battlecry_does_not_create_weapon; per-card: reports/card_quality_full_2026-09-27/set_probe_DRAGONS.csv#DRG_082::steals_equipped_opponent_weapon; reports/card_quality_full_2026-09-27/set_probe_DRAGONS.csv#DRG_082::no_weapon_battlecry_does_not_create_weapon,聚合状态取该卡最差机制；普通烟测只证明可执行，不能单独构成 GREEN。 EN=Battlecry: Steal your opponent's weapon.; ZH=战吼： 偷取对手的武器。; source=fireplace/cards/dragons/neutral_epic.py:24; existing_tests=none; prior=YELLOW:1 个机制缺少充分的核心效果验证；逐机制依据见 card_mechanism.csv。; prior_evidence=card_mechanism.csv#DRG_082; generic-play-smoke:played,Battlecry: Steal your opponent's weapon.,战吼： 偷取对手的武器。,fireplace/cards/dragons/neutral_epic.py:24
17.6.0.53261,Descent of Dragons (DRAGONS),DRG_084,Tentacled Menace,触手恐吓者,Battlecry|Draw / Discard,GREEN,implemented,yes,逐卡关键行为断言通过：each_player_draws_and_swaps_drawn_cost: own=CS2_182:HAND:cost0;enemy=CS2_231:HAND:cost4;body=PLAY,card_mechanism.csv#DRG_084; generic-play-smoke:played; effect-evidence: reports/card_quality_full_2026-09-27/set_probe_DRAGONS.csv#DRG_084::each_player_draws_and_swaps_drawn_cost; per-card: reports/card_quality_full_2026-09-27/set_probe_DRAGONS.csv#DRG_084::each_player_draws_and_swaps_drawn_cost,聚合状态取该卡最差机制；普通烟测只证明可执行，不能单独构成 GREEN。 EN=Battlecry: Each player draws a card. Swap their Costs.; ZH=战吼：每个玩家抽一张牌，交换其法力值消耗。; source=fireplace/cards/dragons/neutral_epic.py:31; existing_tests=tests/test_dragons.py:172:test_tentacled_manace | tests/test_dragons.py:177:test_tentacled_manace; prior=YELLOW:2 个机制缺少充分的核心效果验证；逐机制依据见 card_mechanism.csv。; prior_evidence=card_mechanism.csv#DRG_084; generic-play-smoke:played,Battlecry: Each player draws a card. Swap their Costs.,战吼：每个玩家抽一张牌，交换其法力值消耗。,fireplace/cards/dragons/neutral_epic.py:31
17.6.0.53261,Descent of Dragons (DRAGONS),DRG_086,Chromatic Egg,多彩龙卵,Battlecry|Deathrattle|Discover / Choice|Random effects,GREEN,implemented,yes,"逐卡关键行为断言通过：discover_secret_dragon_then_hatch_on_death: options=['BRM_030', 'EX1_563', 'EX1_561'];chosen=BRM_030;no_reveal=True;egg=GRAVEYARD;hatched=[('BRM_030', 8, 8, 'PLAY')]",card_mechanism.csv#DRG_086; generic-play-smoke:played; effect-evidence: reports/card_quality_full_2026-09-27/set_probe_DRAGONS.csv#DRG_086::discover_secret_dragon_then_hatch_on_death; per-card: reports/card_quality_full_2026-09-27/set_probe_DRAGONS.csv#DRG_086::discover_secret_dragon_then_hatch_on_death,"聚合状态取该卡最差机制；普通烟测只证明可执行，不能单独构成 GREEN。 EN=[x]Battlecry: Secretly Discover a Dragon to hatch into. Deathrattle: Hatch!; ZH=战吼：秘密发现一条龙作为孵化对象。 亡语：破壳而出！; source=fireplace/cards/dragons/neutral_epic.py:43; existing_tests=tests/test_carddb.py:52:test_deathrattle_scripts; prior=YELLOW:3 个机制缺少充分的核心效果验证；逐机制依据见 card_mechanism.csv。; prior_evidence=card_mechanism.csv#DRG_086; generic-play-smoke:played; effect-evidence: fireplace/cards/CardDefs.xml#DRG_086; fireplace/cards/dragons/neutral_epic.py:43; tests/test_carddb.py:49:test_deathrattle_scripts; smoke:death_processed_no_active_actions:pass_no_active_actions; delta={""friendly_field"":{""before"":[""DRG_086""],""after"":[]},""friendly_graveyard"":{""before"":[],""after"":[""DRG_086""]}}; prereq:pass;assertions={""discover_choice_resolved"":true,""egg_received_dynamic_deathrattle"":true,""egg_processed_death"":true,""chosen_dragon_hatched"":true};observations={""discover_options"":[""DRG_079"",""EX1_562"",""DAL_609""],""chosen_dragon_id"":""DRG_079"",""egg_zone_before_death"":""Zone.PLAY"",""egg_buffs"":[""DRG_086e""],""deathrattle_action_count"":1,""egg_zone_after_death"":""Zone.GRAVEYARD"",""matching",[x]Battlecry: Secretly Discover a Dragon to hatch into. Deathrattle: Hatch!,战吼：秘密发现一条龙作为孵化对象。 亡语：破壳而出！,fireplace/cards/dragons/neutral_epic.py:43
17.6.0.53261,Descent of Dragons (DRAGONS),DRG_088,Dread Raven,恐惧渡鸦,Aura|Conditional stats|Continuous effect / Update,GREEN,implemented,yes,逐卡实测：每只鸦按其他同名鸦增加攻击力，另一只死亡时动态减少。,tests/test_dragons_red_fixes.py::test_dread_raven_scales_by_each_other_raven_and_updates_on_death,原始结论保留于known_issues_archive_2026-09-29/。 排除自身并按数量动态计算。,Has +3 Attack for each other Dread Raven you control.,你每控制一只其他恐惧渡鸦，便获得+3攻击力。,fireplace/cards/dragons/neutral_epic.py:58
17.6.0.53261,Descent of Dragons (DRAGONS),DRG_089,Dragonqueen Alexstrasza,红龙女王阿莱克丝塔萨,Battlecry|Random effects,GREEN,implemented,yes,"逐卡关键行为断言通过：singleton_deck_adds_two_other_dragons_at_one_cost: body=PLAY;hand=[('BT_726', 1, 24, 'HAND'), ('EX1_284', 1, 24, 'HAND')]; duplicate_deck_prevents_added_dragons: body=PLAY;deck=['CS2_231', 'CS2_231'];hand=[]",card_mechanism.csv#DRG_089; generic-play-smoke:played; effect-evidence: reports/card_quality_full_2026-09-27/set_probe_DRAGONS.csv#DRG_089::singleton_deck_adds_two_other_dragons_at_one_cost; reports/card_quality_full_2026-09-27/set_probe_DRAGONS.csv#DRG_089::duplicate_deck_prevents_added_dragons; per-card: reports/card_quality_full_2026-09-27/set_probe_DRAGONS.csv#DRG_089::singleton_deck_adds_two_other_dragons_at_one_cost; reports/card_quality_full_2026-09-27/set_probe_DRAGONS.csv#DRG_089::duplicate_deck_prevents_added_dragons,"聚合状态取该卡最差机制；普通烟测只证明可执行，不能单独构成 GREEN。 EN=[x]Battlecry: If your deck has no duplicates, add 2 other random Dragons to your hand. They cost (1).; ZH=战吼：如果你的牌库里没有相同的牌，则随机将两张其他龙牌置入你的手牌，其法力值消耗为（1）点。; source=fireplace/cards/dragons/neutral_legendary.py:8; existing_tests=none; prior=YELLOW:2 个机制缺少充分的核心效果验证；逐机制依据见 card_mechanism.csv。; prior_evidence=card_mechanism.csv#DRG_089; generic-play-smoke:played","[x]Battlecry: If your deck has no duplicates, add 2 other random Dragons to your hand. They cost (1).",战吼：如果你的牌库里没有相同的牌，则随机将两张其他龙牌置入你的手牌，其法力值消耗为（1）点。,fireplace/cards/dragons/neutral_legendary.py:8
17.6.0.53261,Descent of Dragons (DRAGONS),DRG_090,Murozond the Infinite,永恒巨龙姆诺兹多,Battlecry,GREEN,implemented,yes,"逐卡关键行为断言通过：battlecry_replays_opponent_previous_turn_cards: enemy_field=['DRG_090', 'CS2_231'];p_damaged=5;e_hero=ICC_481;body=PLAY",card_mechanism.csv#DRG_090; generic-play-smoke:played; effect-evidence: reports/card_quality_full_2026-09-27/set_probe_DRAGONS.csv#DRG_090::battlecry_replays_opponent_previous_turn_cards; per-card: reports/card_quality_full_2026-09-27/set_probe_DRAGONS.csv#DRG_090::battlecry_replays_opponent_previous_turn_cards,聚合状态取该卡最差机制；普通烟测只证明可执行，不能单独构成 GREEN。 EN=Battlecry: Play all cards your opponent played last turn.; ZH=战吼：使用你的对手上个回合使用的所有卡牌。; source=fireplace/cards/dragons/priest.py:8; existing_tests=tests/test_dragons.py:129:test_murozond_the_infinite; prior=YELLOW:1 个机制缺少充分的核心效果验证；逐机制依据见 card_mechanism.csv。; prior_evidence=card_mechanism.csv#DRG_090; generic-play-smoke:played,Battlecry: Play all cards your opponent played last turn.,战吼：使用你的对手上个回合使用的所有卡牌。,fireplace/cards/dragons/priest.py:8
17.6.0.53261,Descent of Dragons (DRAGONS),DRG_091,Shu'ma,舒玛,Trigger,GREEN,implemented,yes,"逐卡关键行为断言通过：end_of_turn_summons_tentacles_to_board_limit: field=[('DRG_091t', 1, 1, 'PLAY'), ('DRG_091t', 1, 1, 'PLAY'), ('DRG_091', 1, 7, 'PLAY'), ('DRG_091t', 1, 1, 'PLAY'), ('DRG_091t', 1, 1, 'PLAY'), ('CS2_231', 1, 1, 'PLAY'), ('CS2_182', 4, 5, 'PLAY')];tentacles=4",card_mechanism.csv#DRG_091; generic-play-smoke:played; effect-evidence: reports/card_quality_full_2026-09-27/set_probe_DRAGONS.csv#DRG_091::end_of_turn_summons_tentacles_to_board_limit; per-card: reports/card_quality_full_2026-09-27/set_probe_DRAGONS.csv#DRG_091::end_of_turn_summons_tentacles_to_board_limit,"聚合状态取该卡最差机制；普通烟测只证明可执行，不能单独构成 GREEN。 EN=At the end of your turn, fill your board with 1/1 Tentacles.; ZH=在你的回合结束时，召唤数条1/1的触手，直到你的随从数量达到上限。; source=fireplace/cards/dragons/neutral_legendary.py:26; existing_tests=none; prior=YELLOW:1 个机制缺少充分的核心效果验证；逐机制依据见 card_mechanism.csv。; prior_evidence=card_mechanism.csv#DRG_091; generic-play-smoke:played","At the end of your turn, fill your board with 1/1 Tentacles.",在你的回合结束时，召唤数条1/1的触手，直到你的随从数量达到上限。,fireplace/cards/dragons/neutral_legendary.py:26
17.6.0.53261,Descent of Dragons (DRAGONS),DRG_092,Transmogrifier,幻化师,Draw / Discard|Random effects|Transform|Trigger,GREEN,implemented,yes,"逐卡关键行为断言通过：draw_transforms_card_into_random_legendary_minion: source=CS2_231/SETASIDE;draw_return=CS2_231/SETASIDE;hand=[('BT_255', 'MINION', 'LEGENDARY', 4, 7, 'HAND')];body=PLAY",card_mechanism.csv#DRG_092; generic-play-smoke:played; effect-evidence: reports/card_quality_full_2026-09-27/set_probe_DRAGONS.csv#DRG_092::draw_transforms_card_into_random_legendary_minion; per-card: reports/card_quality_full_2026-09-27/set_probe_DRAGONS.csv#DRG_092::draw_transforms_card_into_random_legendary_minion,"聚合状态取该卡最差机制；普通烟测只证明可执行，不能单独构成 GREEN。 EN=Whenever you draw a card, transform it into a random Legendary minion.; ZH=每当你抽到一张牌时，随机将其变形成为一张传说随从牌。; source=fireplace/cards/dragons/neutral_epic.py:65; existing_tests=none; prior=YELLOW:4 个机制缺少充分的核心效果验证；逐机制依据见 card_mechanism.csv。; prior_evidence=card_mechanism.csv#DRG_092; generic-play-smoke:played","Whenever you draw a card, transform it into a random Legendary minion.",每当你抽到一张牌时，随机将其变形成为一张传说随从牌。,fireplace/cards/dragons/neutral_epic.py:65
17.6.0.53261,Descent of Dragons (DRAGONS),DRG_095,Veranus,维拉努斯,Battlecry,GREEN,implemented,yes,"逐卡关键行为断言通过：battlecry_sets_enemy_minion_health_to_one: friendly=5/5;enemy=[('CS2_182', 1, 1, 'PLAY'), ('CFM_900', 1, 1, 'PLAY')];body=PLAY",card_mechanism.csv#DRG_095; generic-play-smoke:played; effect-evidence: reports/card_quality_full_2026-09-27/set_probe_DRAGONS.csv#DRG_095::battlecry_sets_enemy_minion_health_to_one; per-card: reports/card_quality_full_2026-09-27/set_probe_DRAGONS.csv#DRG_095::battlecry_sets_enemy_minion_health_to_one,聚合状态取该卡最差机制；普通烟测只证明可执行，不能单独构成 GREEN。 EN=Battlecry: Change the Health of all enemy minions to 1.; ZH=战吼：将所有敌方随从的生命值变为1。; source=fireplace/cards/dragons/hunter.py:15; existing_tests=none; prior=YELLOW:1 个机制缺少充分的核心效果验证；逐机制依据见 card_mechanism.csv。; prior_evidence=card_mechanism.csv#DRG_095; generic-play-smoke:played,Battlecry: Change the Health of all enemy minions to 1.,战吼：将所有敌方随从的生命值变为1。,fireplace/cards/dragons/hunter.py:15
17.6.0.53261,Descent of Dragons (DRAGONS),DRG_096,Bandersmosh,班德斯莫什,Random effects|Transform|Trigger,GREEN,implemented,yes,逐卡实测：手牌中每回合变成随机传说随从的 5/5 复制体，连续两个回合保持变形规则。,tests/test_dragons_red_fixes.py::test_bandersmosh_in_hand_becomes_a_five_five_legendary,原始结论保留于known_issues_archive_2026-09-29/。 变形后的附魔设置固定 5/5 并继续保留手牌触发。,"[x]Each turn this is in your hand, transform it into a 5/5 copy of a random Legendary minion.",如果这张牌在你的手牌中，每个回合都会随机变成一张传说随从牌的5/5的复制。,fireplace/cards/dragons/shaman.py:8
17.6.0.53261,Descent of Dragons (DRAGONS),DRG_099,Kronx Dragonhoof,克罗斯·龙蹄,Battlecry|Draw / Discard,GREEN,implemented,yes,逐卡关键行为断言通过：finds_galakrond_in_deck: galakrond=HAND;body=PLAY;hand=['DRG_650']; galakrond_mode_selects_devastation: hero=DRG_650;choice_open=False;wisp=3/3/PLAY;kronx=6/6/PLAY,card_mechanism.csv#DRG_099; generic-play-smoke:played; effect-evidence: reports/card_quality_full_2026-09-27/set_probe_DRAGONS.csv#DRG_099::finds_galakrond_in_deck; reports/card_quality_full_2026-09-27/set_probe_DRAGONS.csv#DRG_099::galakrond_mode_selects_devastation; per-card: reports/card_quality_full_2026-09-27/set_probe_DRAGONS.csv#DRG_099::finds_galakrond_in_deck; reports/card_quality_full_2026-09-27/set_probe_DRAGONS.csv#DRG_099::galakrond_mode_selects_devastation,"聚合状态取该卡最差机制；普通烟测只证明可执行，不能单独构成 GREEN。 EN=[x]Battlecry: Draw Galakrond. If you're already Galakrond, unleash a Devastation.; ZH=战吼：抽取迦拉克隆。如果你已经变为迦拉克隆，则释放一场 灾难。; source=fireplace/cards/dragons/neutral_legendary.py:33; existing_tests=tests/test_dragons.py:186:test_kronx_dragonhoof_draw_galakrond | tests/test_dragons.py:194:test_kronx_dragonhoof_draw_unleash_devastation; prior=YELLOW:2 个机制缺少充分的核心效果验证；逐机制依据见 card_mechanism.csv。; prior_evidence=card_mechanism.csv#DRG_099; generic-play-smoke:played","[x]Battlecry: Draw Galakrond. If you're already Galakrond, unleash a Devastation.",战吼：抽取迦拉克隆。如果你已经变为迦拉克隆，则释放一场 灾难。,fireplace/cards/dragons/neutral_legendary.py:33
17.6.0.53261,Descent of Dragons (DRAGONS),DRG_102,Azure Explorer,碧蓝龙探险者,Battlecry|Discover / Choice|Random effects|Spell Damage,GREEN,implemented,yes,"逐卡关键行为断言通过：discover_dragon_and_spell_damage_two: options=[('BRM_030', 24, 4), ('EX1_563', 24, 4), ('EX1_561', 24, 4)];selected=BRM_030;spell_damage_1=3;body=PLAY",card_mechanism.csv#DRG_102; generic-play-smoke:played; effect-evidence: reports/card_quality_full_2026-09-27/set_probe_DRAGONS.csv#DRG_102::discover_dragon_and_spell_damage_two; per-card: reports/card_quality_full_2026-09-27/set_probe_DRAGONS.csv#DRG_102::discover_dragon_and_spell_damage_two,聚合状态取该卡最差机制；普通烟测只证明可执行，不能单独构成 GREEN。 EN=Spell Damage +2 Battlecry: Discover a Dragon.; ZH=法术伤害+2 战吼：发现一张 龙牌。; source=fireplace/cards/dragons/mage.py:8; existing_tests=none; prior=YELLOW:4 个机制缺少充分的核心效果验证；逐机制依据见 card_mechanism.csv。; prior_evidence=card_mechanism.csv#DRG_102; generic-play-smoke:played,Spell Damage +2 Battlecry: Discover a Dragon.,法术伤害+2 战吼：发现一张 龙牌。,fireplace/cards/dragons/mage.py:8
17.6.0.53261,Descent of Dragons (DRAGONS),DRG_104,Chenvaala,齐恩瓦拉,Summon|Trigger,GREEN,implemented,yes,"逐卡关键行为断言通过：after_three_spells_summons_five_five_elemental: after_two=0;after_three=[(5, 5, 'PLAY')];enemy_hero=21;body=PLAY;spells=['GRAVEYARD', 'GRAVEYARD', 'GRAVEYARD'];mana=6",card_mechanism.csv#DRG_104; generic-play-smoke:played; effect-evidence: reports/card_quality_full_2026-09-27/set_probe_DRAGONS.csv#DRG_104::after_three_spells_summons_five_five_elemental; per-card: reports/card_quality_full_2026-09-27/set_probe_DRAGONS.csv#DRG_104::after_three_spells_summons_five_five_elemental,"聚合状态取该卡最差机制；普通烟测只证明可执行，不能单独构成 GREEN。 EN=After you cast three spells in a turn, summon a 5/5 Elemental.; ZH=你在一回合中施放三个法术后，召唤一个5/5的元素。; source=fireplace/cards/dragons/mage.py:15; existing_tests=none; prior=YELLOW:2 个机制缺少充分的核心效果验证；逐机制依据见 card_mechanism.csv。; prior_evidence=card_mechanism.csv#DRG_104; generic-play-smoke:played","After you cast three spells in a turn, summon a 5/5 Elemental.",你在一回合中施放三个法术后，召唤一个5/5的元素。,fireplace/cards/dragons/mage.py:15
17.6.0.53261,Descent of Dragons (DRAGONS),DRG_106,Arcane Breath,奥术吐息,Discover / Choice|Random effects|Spell resolution|Targeting,GREEN,implemented,yes,逐卡实测：有龙时伤害目标后发现三张法术并可选入手牌；无龙时只造成伤害。,tests/test_dragons_red_fixes.py::test_arcane_breath_discovers_spells_only_while_holding_a_dragon,原始结论保留于known_issues_archive_2026-09-29/。 发现候选由龙改为法术。,"Deal $2 damage to a minion. If you're holding a Dragon, Discover a spell.",对一个随从造成$2点伤害。如果你的手牌中有龙牌，便发现一张法术牌。,fireplace/cards/dragons/mage.py:145
17.6.0.53261,Descent of Dragons (DRAGONS),DRG_107,Violet Spellwing,紫罗兰魔翼鸦,Deathrattle,GREEN,implemented,yes,"逐卡关键行为断言通过：deathrattle_adds_arcane_missiles_to_hand: body=GRAVEYARD;hand=[('EX1_277', 'SPELL', 'HAND')];missiles=1",card_mechanism.csv#DRG_107; generic-play-smoke:played; effect-evidence: reports/card_quality_full_2026-09-27/set_probe_DRAGONS.csv#DRG_107::deathrattle_adds_arcane_missiles_to_hand; per-card: reports/card_quality_full_2026-09-27/set_probe_DRAGONS.csv#DRG_107::deathrattle_adds_arcane_missiles_to_hand,聚合状态取该卡最差机制；普通烟测只证明可执行，不能单独构成 GREEN。 EN=Deathrattle: Add an 'Arcane Missiles' spell to your hand.; ZH=亡语：将一张“奥术飞弹”置入你的手牌。; source=fireplace/cards/dragons/mage.py:27; existing_tests=none; prior=YELLOW:1 个机制缺少充分的核心效果验证；逐机制依据见 card_mechanism.csv。; prior_evidence=card_mechanism.csv#DRG_107; generic-play-smoke:played,Deathrattle: Add an 'Arcane Missiles' spell to your hand.,亡语：将一张“奥术飞弹”置入你的手牌。,fireplace/cards/dragons/mage.py:27
17.6.0.53261,Descent of Dragons (DRAGONS),DRG_109,Mana Giant,法力巨人,Cost modification,GREEN,implemented,yes,逐卡关键行为断言通过：each_played_outside_deck_card_reduces_cost: base=8;played=CS2_231/PLAY;cost_after_one_outside_card=7;giant_zone=HAND,card_mechanism.csv#DRG_109; generic-play-smoke:played; effect-evidence: reports/card_quality_full_2026-09-27/set_probe_DRAGONS.csv#DRG_109::each_played_outside_deck_card_reduces_cost; per-card: reports/card_quality_full_2026-09-27/set_probe_DRAGONS.csv#DRG_109::each_played_outside_deck_card_reduces_cost,聚合状态取该卡最差机制；普通烟测只证明可执行，不能单独构成 GREEN。 EN=[x]Costs (1) less for each card you've played this game that didn't start in your deck.; ZH=在本局对战中，你每使用一张你的套牌之外的卡牌，该牌的法力值消耗便 减少（1）点。; source=fireplace/cards/dragons/mage.py:34; existing_tests=none; prior=YELLOW:1 个机制缺少充分的核心效果验证；逐机制依据见 card_mechanism.csv。; prior_evidence=card_mechanism.csv#DRG_109; generic-play-smoke:played,[x]Costs (1) less for each card you've played this game that didn't start in your deck.,在本局对战中，你每使用一张你的套牌之外的卡牌，该牌的法力值消耗便 减少（1）点。,fireplace/cards/dragons/mage.py:34
17.6.0.53261,Descent of Dragons (DRAGONS),DRG_201,Crazed Netherwing,疯狂的灵翼龙,Battlecry,GREEN,implemented,yes,"逐卡关键行为断言通过：holding_dragon_deals_three_to_all_other_characters: dragon=HAND;heroes=27,27;friendly=2;hostile=2;body=5/PLAY; without_dragon_no_splash_damage: heroes=30,30;friendly=5;hostile=5;body=5",card_mechanism.csv#DRG_201; generic-play-smoke:played; effect-evidence: reports/card_quality_full_2026-09-27/set_probe_DRAGONS.csv#DRG_201::holding_dragon_deals_three_to_all_other_characters; reports/card_quality_full_2026-09-27/set_probe_DRAGONS.csv#DRG_201::without_dragon_no_splash_damage; per-card: reports/card_quality_full_2026-09-27/set_probe_DRAGONS.csv#DRG_201::holding_dragon_deals_three_to_all_other_characters; reports/card_quality_full_2026-09-27/set_probe_DRAGONS.csv#DRG_201::without_dragon_no_splash_damage,"聚合状态取该卡最差机制；普通烟测只证明可执行，不能单独构成 GREEN。 EN=Battlecry: If you're holding a Dragon, deal 3 damage to all other characters.; ZH=战吼： 如果你的手牌中有龙牌，则对所有其他角色造成3点伤害。; source=fireplace/cards/dragons/warlock.py:8; existing_tests=none; prior=YELLOW:1 个机制缺少充分的核心效果验证；逐机制依据见 card_mechanism.csv。; prior_evidence=card_mechanism.csv#DRG_201; generic-play-smoke:played","Battlecry: If you're holding a Dragon, deal 3 damage to all other characters.",战吼： 如果你的手牌中有龙牌，则对所有其他角色造成3点伤害。,fireplace/cards/dragons/warlock.py:8
17.6.0.53261,Descent of Dragons (DRAGONS),DRG_202,Dragonblight Cultist,龙骨荒野邪教徒,Battlecry,GREEN,implemented,yes,"逐卡关键行为断言通过：invoke_once_and_gain_attack_per_other_friendly_minion: invoke=1;base=1;atk_after=5;other_friends=[('CS2_231', 1, 1), ('CS2_182', 4, 5), ('DRG_238t12t2', 1, 1), ('DRG_238t12t2', 1, 1)];body=PLAY",card_mechanism.csv#DRG_202; generic-play-smoke:played; effect-evidence: reports/card_quality_full_2026-09-27/set_probe_DRAGONS.csv#DRG_202::invoke_once_and_gain_attack_per_other_friendly_minion; per-card: reports/card_quality_full_2026-09-27/set_probe_DRAGONS.csv#DRG_202::invoke_once_and_gain_attack_per_other_friendly_minion,聚合状态取该卡最差机制；普通烟测只证明可执行，不能单独构成 GREEN。 EN=[x]Battlecry: Invoke Galakrond. Gain +1 Attack for each other friendly minion.; ZH=战吼：祈求迦拉克隆。每有一个其他友方随从，便获得+1攻击力。; source=fireplace/cards/dragons/warlock.py:16; existing_tests=none; prior=YELLOW:1 个机制缺少充分的核心效果验证；逐机制依据见 card_mechanism.csv。; prior_evidence=card_mechanism.csv#DRG_202; generic-play-smoke:played,[x]Battlecry: Invoke Galakrond. Gain +1 Attack for each other friendly minion.,战吼：祈求迦拉克隆。每有一个其他友方随从，便获得+1攻击力。,fireplace/cards/dragons/warlock.py:16
17.6.0.53261,Descent of Dragons (DRAGONS),DRG_203,Veiled Worshipper,暗藏的信徒,Battlecry|Draw / Discard,GREEN,implemented,yes,"逐卡关键行为断言通过：twice_invoked_battlecry_draws_three: invoke=2;drawn=[('CS2_231', 'HAND'), ('CS2_182', 'HAND'), ('DRG_079', 'HAND')];hand=['DRG_079', 'CS2_182', 'CS2_231'];body=PLAY; single_invoke_does_not_draw: invoke=1;card=DECK;hand=[];body=PLAY",card_mechanism.csv#DRG_203; generic-play-smoke:played; effect-evidence: reports/card_quality_full_2026-09-27/set_probe_DRAGONS.csv#DRG_203::twice_invoked_battlecry_draws_three; reports/card_quality_full_2026-09-27/set_probe_DRAGONS.csv#DRG_203::single_invoke_does_not_draw; per-card: reports/card_quality_full_2026-09-27/set_probe_DRAGONS.csv#DRG_203::twice_invoked_battlecry_draws_three; reports/card_quality_full_2026-09-27/set_probe_DRAGONS.csv#DRG_203::single_invoke_does_not_draw,"聚合状态取该卡最差机制；普通烟测只证明可执行，不能单独构成 GREEN。 EN=[x]Battlecry: If you've Invoked twice, draw 3 cards.; ZH=战吼： 如果你已经祈求过两次，则抽三张牌。; source=fireplace/cards/dragons/warlock.py:27; existing_tests=none; prior=YELLOW:2 个机制缺少充分的核心效果验证；逐机制依据见 card_mechanism.csv。; prior_evidence=card_mechanism.csv#DRG_203; generic-play-smoke:played","[x]Battlecry: If you've Invoked twice, draw 3 cards.",战吼： 如果你已经祈求过两次，则抽三张牌。,fireplace/cards/dragons/warlock.py:27
17.6.0.53261,Descent of Dragons (DRAGONS),DRG_204,Dark Skies,黑暗天际,Random effects|Spell resolution,GREEN,implemented,yes,"逐卡关键行为断言通过：one_base_random_minion_damage_without_other_hand_cards: before=5;after=4;damage=1;target_zone=PLAY;hand=0;spell=GRAVEYARD; extra_hand_cards_repeat_damage: before=5;after=2;damage=3;target_zone=PLAY;remaining_hand=['CS2_231', 'CS2_182'];spell=GRAVEYARD",card_mechanism.csv#DRG_204; generic-play-smoke:played; effect-evidence: reports/card_quality_full_2026-09-27/set_probe_DRAGONS.csv#DRG_204::one_base_random_minion_damage_without_other_hand_cards; reports/card_quality_full_2026-09-27/set_probe_DRAGONS.csv#DRG_204::extra_hand_cards_repeat_damage; per-card: reports/card_quality_full_2026-09-27/set_probe_DRAGONS.csv#DRG_204::one_base_random_minion_damage_without_other_hand_cards; reports/card_quality_full_2026-09-27/set_probe_DRAGONS.csv#DRG_204::extra_hand_cards_repeat_damage,聚合状态取该卡最差机制；普通烟测只证明可执行，不能单独构成 GREEN。 EN=[x]Deal $1 damage to a random minion. Repeat for each card in your hand.; ZH=随机对一个随从造成$1点伤害。你每有一张手牌，重复 一次。; source=fireplace/cards/dragons/warlock.py:76; existing_tests=none; prior=YELLOW:2 个机制缺少充分的核心效果验证；逐机制依据见 card_mechanism.csv。; prior_evidence=card_mechanism.csv#DRG_204; generic-play-smoke:played,[x]Deal $1 damage to a random minion. Repeat for each card in your hand.,随机对一个随从造成$1点伤害。你每有一张手牌，重复 一次。,fireplace/cards/dragons/warlock.py:76
17.6.0.53261,Descent of Dragons (DRAGONS),DRG_205,Nether Breath,虚空吐息,Spell resolution|Targeting,GREEN,implemented,yes,"逐卡关键行为断言通过：holding_dragon_deals_four_with_lifesteal: dragon=HAND;heroes=28,26;lifesteal=True;spell=GRAVEYARD; without_dragon_deals_two_without_heal: heroes=24,28;lifesteal=False;spell=GRAVEYARD",card_mechanism.csv#DRG_205; generic-play-smoke:played; effect-evidence: reports/card_quality_full_2026-09-27/set_probe_DRAGONS.csv#DRG_205::holding_dragon_deals_four_with_lifesteal; reports/card_quality_full_2026-09-27/set_probe_DRAGONS.csv#DRG_205::without_dragon_deals_two_without_heal; per-card: reports/card_quality_full_2026-09-27/set_probe_DRAGONS.csv#DRG_205::holding_dragon_deals_four_with_lifesteal; reports/card_quality_full_2026-09-27/set_probe_DRAGONS.csv#DRG_205::without_dragon_deals_two_without_heal,"聚合状态取该卡最差机制；普通烟测只证明可执行，不能单独构成 GREEN。 EN=Deal $2 damage. If you're holding a Dragon, deal $4 damage with Lifesteal instead.; ZH=造成$2点伤害。如果你的手牌中有龙牌，则改为造成$4点伤害并具有吸血。; source=fireplace/cards/dragons/warlock.py:83; existing_tests=none; prior=YELLOW:2 个机制缺少充分的核心效果验证；逐机制依据见 card_mechanism.csv。; prior_evidence=card_mechanism.csv#DRG_205; generic-play-smoke:played","Deal $2 damage. If you're holding a Dragon, deal $4 damage with Lifesteal instead.",造成$2点伤害。如果你的手牌中有龙牌，则改为造成$4点伤害并具有吸血。,fireplace/cards/dragons/warlock.py:83
17.6.0.53261,Descent of Dragons (DRAGONS),DRG_206,Rain of Fire,火焰之雨,Spell resolution,GREEN,implemented,yes,"逐卡关键行为断言通过：one_damage_to_all_characters: heroes=29,29;own=GRAVEYARD;hostile=GRAVEYARD;spell=GRAVEYARD",card_mechanism.csv#DRG_206; generic-play-smoke:played; effect-evidence: reports/card_quality_full_2026-09-27/set_probe_DRAGONS.csv#DRG_206::one_damage_to_all_characters; per-card: reports/card_quality_full_2026-09-27/set_probe_DRAGONS.csv#DRG_206::one_damage_to_all_characters,聚合状态取该卡最差机制；普通烟测只证明可执行，不能单独构成 GREEN。 EN=Deal $1 damage to all characters.; ZH=对所有角色造成$1点伤害。; source=fireplace/cards/dragons/warlock.py:93; existing_tests=none; prior=YELLOW:1 个机制缺少充分的核心效果验证；逐机制依据见 card_mechanism.csv。; prior_evidence=card_mechanism.csv#DRG_206; generic-play-smoke:played,Deal $1 damage to all characters.,对所有角色造成$1点伤害。,fireplace/cards/dragons/warlock.py:93
17.6.0.53261,Descent of Dragons (DRAGONS),DRG_207,Abyssal Summoner,深渊召唤者,Battlecry|Summon,GREEN,implemented,yes,"逐卡关键行为断言通过：summons_taunt_demon_with_stats_equal_to_hand: remaining_hand=3:['CS2_231', 'CS2_182', 'DRG_079'];demons=[(3, 3, 1, 15, 'PLAY')];body=PLAY",card_mechanism.csv#DRG_207; generic-play-smoke:played; effect-evidence: reports/card_quality_full_2026-09-27/set_probe_DRAGONS.csv#DRG_207::summons_taunt_demon_with_stats_equal_to_hand; per-card: reports/card_quality_full_2026-09-27/set_probe_DRAGONS.csv#DRG_207::summons_taunt_demon_with_stats_equal_to_hand,聚合状态取该卡最差机制；普通烟测只证明可执行，不能单独构成 GREEN。 EN=[x]Battlecry: Summon a Demon with Taunt and stats equal to your hand size.; ZH=战吼：召唤一个属性值等同于你的手牌数量并具有嘲讽的恶魔。; source=fireplace/cards/dragons/warlock.py:34; existing_tests=none; prior=YELLOW:2 个机制缺少充分的核心效果验证；逐机制依据见 card_mechanism.csv。; prior_evidence=card_mechanism.csv#DRG_207; generic-play-smoke:played,[x]Battlecry: Summon a Demon with Taunt and stats equal to your hand size.,战吼：召唤一个属性值等同于你的手牌数量并具有嘲讽的恶魔。,fireplace/cards/dragons/warlock.py:34
17.6.0.53261,Descent of Dragons (DRAGONS),DRG_208,Valdris Felgorge,瓦迪瑞斯·邪噬,Battlecry|Draw / Discard,GREEN,implemented,yes,"逐卡关键行为断言通过：increase_hand_limit_to_twelve_and_draw_four: max_hand=12;drawn=[('CS2_231', 'HAND'), ('CS2_182', 'HAND'), ('DRG_079', 'HAND'), ('NEW1_023', 'HAND')];hand=4;body=PLAY",card_mechanism.csv#DRG_208; generic-play-smoke:played; effect-evidence: reports/card_quality_full_2026-09-27/set_probe_DRAGONS.csv#DRG_208::increase_hand_limit_to_twelve_and_draw_four; per-card: reports/card_quality_full_2026-09-27/set_probe_DRAGONS.csv#DRG_208::increase_hand_limit_to_twelve_and_draw_four,聚合状态取该卡最差机制；普通烟测只证明可执行，不能单独构成 GREEN。 EN=Battlecry: Increase your maximum hand size to 12. Draw 4 cards.; ZH=战吼：将你的手牌上限提高至12张。抽四张牌。; source=fireplace/cards/dragons/warlock.py:58; existing_tests=none; prior=YELLOW:2 个机制缺少充分的核心效果验证；逐机制依据见 card_mechanism.csv。; prior_evidence=card_mechanism.csv#DRG_208; generic-play-smoke:played,Battlecry: Increase your maximum hand size to 12. Draw 4 cards.,战吼：将你的手牌上限提高至12张。抽四张牌。,fireplace/cards/dragons/warlock.py:58
17.6.0.53261,Descent of Dragons (DRAGONS),DRG_209,Zzeraku the Warped,扭曲巨龙泽拉库,Summon|Trigger,GREEN,implemented,yes,"逐卡关键行为断言通过：whenever_hero_takes_damage_summon_six_six_drake: own_hero=24;drakes=[(6, 6, 'PLAY')];body=PLAY;spell=GRAVEYARD",card_mechanism.csv#DRG_209; generic-play-smoke:played; effect-evidence: reports/card_quality_full_2026-09-27/set_probe_DRAGONS.csv#DRG_209::whenever_hero_takes_damage_summon_six_six_drake; per-card: reports/card_quality_full_2026-09-27/set_probe_DRAGONS.csv#DRG_209::whenever_hero_takes_damage_summon_six_six_drake,"聚合状态取该卡最差机制；普通烟测只证明可执行，不能单独构成 GREEN。 EN=[x]Whenever your hero takes damage, summon a 6/6 Nether Drake.; ZH=每当你的英雄受到伤害，召唤一条6/6的虚空幼龙。; source=fireplace/cards/dragons/warlock.py:65; existing_tests=tests/test_dragons.py:262:test_zzeraku_the_warpe | tests/test_dragons.py:264:test_zzeraku_the_warpe; prior=YELLOW:2 个机制缺少充分的核心效果验证；逐机制依据见 card_mechanism.csv。; prior_evidence=card_mechanism.csv#DRG_209; generic-play-smoke:played","[x]Whenever your hero takes damage, summon a 6/6 Nether Drake.",每当你的英雄受到伤害，召唤一条6/6的虚空幼龙。,fireplace/cards/dragons/warlock.py:65
17.6.0.53261,Descent of Dragons (DRAGONS),DRG_211,Squallhunter,猎风巨龙,Overload|Spell Damage,GREEN,implemented,yes,当前列出的机制均有对应场景的效果断言；结论限于已识别标签与复现范围。,card_mechanism.csv#DRG_211; generic-play-smoke:played; effect-evidence: reports/card_quality_full_2026-09-27/overload_reproductions.csv#DRG_211 | reports/card_quality_full_2026-09-27/later_stage_probes.csv#SPELLPOWER-01,聚合状态取该卡最差机制；普通烟测只证明可执行，不能单独构成 GREEN。,Spell Damage +2 Overload: (2),法术伤害+2 过载：（2）,
17.6.0.53261,Descent of Dragons (DRAGONS),DRG_213,Twin Tyrant,双头暴虐龙,Battlecry|Random effects,GREEN,implemented,yes,"逐卡关键行为断言通过：battlecry_deals_two_four_damage_enemy_minion_hits: before=[8, 8, 8];after=[(4, 'PLAY'), (8, 'PLAY'), (4, 'PLAY')];losses=[4, 0, 4];body=PLAY",card_mechanism.csv#DRG_213; generic-play-smoke:played; effect-evidence: reports/card_quality_full_2026-09-27/set_probe_DRAGONS.csv#DRG_213::battlecry_deals_two_four_damage_enemy_minion_hits; per-card: reports/card_quality_full_2026-09-27/set_probe_DRAGONS.csv#DRG_213::battlecry_deals_two_four_damage_enemy_minion_hits,聚合状态取该卡最差机制；普通烟测只证明可执行，不能单独构成 GREEN。 EN=Battlecry: Deal 4 damage to two random enemy minions.; ZH=战吼：随机对两个敌方随从造成4点伤害。; source=fireplace/cards/dragons/neutral_common.py:126; existing_tests=none; prior=YELLOW:2 个机制缺少充分的核心效果验证；逐机制依据见 card_mechanism.csv。; prior_evidence=card_mechanism.csv#DRG_213; generic-play-smoke:played,Battlecry: Deal 4 damage to two random enemy minions.,战吼：随机对两个敌方随从造成4点伤害。,fireplace/cards/dragons/neutral_common.py:126
17.6.0.53261,Descent of Dragons (DRAGONS),DRG_215,Storm's Wrath,风暴之怒,Overload|Spell resolution,GREEN,implemented,yes,"逐卡关键行为断言通过：friendly_minions_gain_one_one_and_overload_locks_next_turn: before=[(1, 1), (4, 5), (1, 1)];after=[(2, 2), (5, 6), (1, 1)];overload_locked=1;overloaded_owed=0;spell=GRAVEYARD",card_mechanism.csv#DRG_215; generic-play-smoke:played; effect-evidence: reports/card_quality_full_2026-09-27/set_probe_DRAGONS.csv#DRG_215::friendly_minions_gain_one_one_and_overload_locks_next_turn; per-card: reports/card_quality_full_2026-09-27/set_probe_DRAGONS.csv#DRG_215::friendly_minions_gain_one_one_and_overload_locks_next_turn,聚合状态取该卡最差机制；普通烟测只证明可执行，不能单独构成 GREEN。 EN=Give your minions +1/+1. Overload: (1); ZH=使你的所有随从获得+1/+1。 过载：（1）; source=fireplace/cards/dragons/shaman.py:72; existing_tests=none; prior=YELLOW:1 个机制缺少充分的核心效果验证；逐机制依据见 card_mechanism.csv。; prior_evidence=card_mechanism.csv#DRG_215; generic-play-smoke:played; effect-evidence: reports/card_quality_full_2026-09-27/overload_reproductions.csv#DRG_215,Give your minions +1/+1. Overload: (1),使你的所有随从获得+1/+1。 过载：（1）,fireplace/cards/dragons/shaman.py:72
17.6.0.53261,Descent of Dragons (DRAGONS),DRG_216,Surging Tempest,电涌风暴,Continuous effect / Update,GREEN,implemented,yes,逐卡关键行为断言通过：plus_one_attack_with_real_locked_crystal: plain_attack=1/1;source_spell=GRAVEYARD;locked=1;owed=0;overloaded_attack=2/1;body=PLAY,card_mechanism.csv#DRG_216; generic-play-smoke:played; effect-evidence: reports/card_quality_full_2026-09-27/set_probe_DRAGONS.csv#DRG_216::plus_one_attack_with_real_locked_crystal; per-card: reports/card_quality_full_2026-09-27/set_probe_DRAGONS.csv#DRG_216::plus_one_attack_with_real_locked_crystal,聚合状态取该卡最差机制；普通烟测只证明可执行，不能单独构成 GREEN。 EN=Has +1 Attack while you have Overloaded Mana Crystals.; ZH=当你有过载的法力水晶时，获得+1 攻击力。; source=fireplace/cards/dragons/shaman.py:33; existing_tests=none; prior=YELLOW:1 个机制缺少充分的核心效果验证；逐机制依据见 card_mechanism.csv。; prior_evidence=card_mechanism.csv#DRG_216; generic-play-smoke:played,Has +1 Attack while you have Overloaded Mana Crystals.,当你有过载的法力水晶时，获得+1 攻击力。,fireplace/cards/dragons/shaman.py:33
17.6.0.53261,Descent of Dragons (DRAGONS),DRG_217,Dragon's Pack,巨龙的兽群,Spell resolution|Summon,GREEN,implemented,yes,"逐卡关键行为断言通过：base_pack_summons_two_two_three_taunts: wolves=[(2, 3, 1, 'PLAY'), (2, 3, 1, 'PLAY')];spell=GRAVEYARD; twice_invoked_pack_gives_two_two: invoke=2;wolves=[(4, 5, 1, 'PLAY'), (4, 5, 1, 'PLAY')];spell=GRAVEYARD",card_mechanism.csv#DRG_217; generic-play-smoke:played; effect-evidence: reports/card_quality_full_2026-09-27/set_probe_DRAGONS.csv#DRG_217::base_pack_summons_two_two_three_taunts; reports/card_quality_full_2026-09-27/set_probe_DRAGONS.csv#DRG_217::twice_invoked_pack_gives_two_two; per-card: reports/card_quality_full_2026-09-27/set_probe_DRAGONS.csv#DRG_217::base_pack_summons_two_two_three_taunts; reports/card_quality_full_2026-09-27/set_probe_DRAGONS.csv#DRG_217::twice_invoked_pack_gives_two_two,"聚合状态取该卡最差机制；普通烟测只证明可执行，不能单独构成 GREEN。 EN=Summon two 2/3 Spirit Wolves with Taunt. If you've Invoked twice, give them +2/+2.; ZH=召唤两只2/3并具有嘲讽的幽灵狼。如果你已经祈求过两次，则使它们获得+2/+2。; source=fireplace/cards/dragons/shaman.py:82; existing_tests=none; prior=YELLOW:2 个机制缺少充分的核心效果验证；逐机制依据见 card_mechanism.csv。; prior_evidence=card_mechanism.csv#DRG_217; generic-play-smoke:played","Summon two 2/3 Spirit Wolves with Taunt. If you've Invoked twice, give them +2/+2.",召唤两只2/3并具有嘲讽的幽灵狼。如果你已经祈求过两次，则使它们获得+2/+2。,fireplace/cards/dragons/shaman.py:82
17.6.0.53261,Descent of Dragons (DRAGONS),DRG_218,Corrupt Elementalist,堕落的元素师,Battlecry,GREEN,implemented,yes,"逐卡关键行为断言通过：battlecry_invokes_galakrond_twice: invoke_counter=2;original_galakrond=SETASIDE;evolved_in_deck=['DRG_620t2'];field=[('DRG_218', 3, 3), ('DRG_238t14t3', 2, 1), ('DRG_238t14t3', 2, 1)];body=PLAY",card_mechanism.csv#DRG_218; generic-play-smoke:played; effect-evidence: reports/card_quality_full_2026-09-27/set_probe_DRAGONS.csv#DRG_218::battlecry_invokes_galakrond_twice; per-card: reports/card_quality_full_2026-09-27/set_probe_DRAGONS.csv#DRG_218::battlecry_invokes_galakrond_twice,聚合状态取该卡最差机制；普通烟测只证明可执行，不能单独构成 GREEN。 EN=Battlecry: Invoke Galakrond twice.; ZH=战吼：祈求迦拉克隆两次。; source=fireplace/cards/dragons/shaman.py:40; existing_tests=none; prior=YELLOW:1 个机制缺少充分的核心效果验证；逐机制依据见 card_mechanism.csv。; prior_evidence=card_mechanism.csv#DRG_218; generic-play-smoke:played,Battlecry: Invoke Galakrond twice.,战吼：祈求迦拉克隆两次。,fireplace/cards/dragons/shaman.py:40
17.6.0.53261,Descent of Dragons (DRAGONS),DRG_219,Lightning Breath,闪电吐息,Spell resolution|Targeting,GREEN,implemented,yes,逐卡实测：有龙时目标及相邻随从各受四点；无龙时只有目标受四点。,tests/test_dragons_red_fixes.py::test_lightning_breath_hits_target_and_neighbors_only_with_dragon,原始结论保留于known_issues_archive_2026-09-29/。 指定随从始终要求目标，条件仅控制相邻伤害。,"[x]Deal $4 damage to a minion. If you're holding a Dragon, also damage its neighbors.",对一个随从造成$4点伤害。如果你的手牌中有龙牌，则同样对其相邻随从造成伤害。,fireplace/cards/dragons/shaman.py:97
17.6.0.53261,Descent of Dragons (DRAGONS),DRG_223,Cumulo-Maximus,遮天雨云,Battlecry|Targeting,GREEN,implemented,yes,逐卡关键行为断言通过：overloaded_mana_deals_five_to_selected_target: overload=1;enemy_hero=25;body=PLAY; without_overload_no_damage: overload=0;enemy_hero=30;body=PLAY,card_mechanism.csv#DRG_223; generic-play-smoke:played; effect-evidence: reports/card_quality_full_2026-09-27/set_probe_DRAGONS.csv#DRG_223::overloaded_mana_deals_five_to_selected_target; reports/card_quality_full_2026-09-27/set_probe_DRAGONS.csv#DRG_223::without_overload_no_damage; per-card: reports/card_quality_full_2026-09-27/set_probe_DRAGONS.csv#DRG_223::overloaded_mana_deals_five_to_selected_target; reports/card_quality_full_2026-09-27/set_probe_DRAGONS.csv#DRG_223::without_overload_no_damage,"聚合状态取该卡最差机制；普通烟测只证明可执行，不能单独构成 GREEN。 EN=Battlecry: If you have Overloaded Mana Crystals, deal 5 damage.; ZH=战吼：如果你有过载的法力水晶，造成5点伤害。; source=fireplace/cards/dragons/shaman.py:47; existing_tests=none; prior=YELLOW:2 个机制缺少充分的核心效果验证；逐机制依据见 card_mechanism.csv。; prior_evidence=card_mechanism.csv#DRG_223; generic-play-smoke:played","Battlecry: If you have Overloaded Mana Crystals, deal 5 damage.",战吼：如果你有过载的法力水晶，造成5点伤害。,fireplace/cards/dragons/shaman.py:47
17.6.0.53261,Descent of Dragons (DRAGONS),DRG_224,Nithogg,尼索格,Battlecry|Summon,GREEN,implemented,yes,"逐卡关键行为断言通过：summons_two_eggs_that_hatch_next_turn: body=PLAY;eggs_before=[(0, 3, 'PLAY'), (0, 3, 'PLAY')];live=[('DRG_224t2', 4, 4, 1, 'PLAY'), ('DRG_224', 5, 5, False, 'PLAY'), ('DRG_224t2', 4, 4, 1, 'PLAY')];drakes=2",card_mechanism.csv#DRG_224; generic-play-smoke:played; effect-evidence: reports/card_quality_full_2026-09-27/set_probe_DRAGONS.csv#DRG_224::summons_two_eggs_that_hatch_next_turn; per-card: reports/card_quality_full_2026-09-27/set_probe_DRAGONS.csv#DRG_224::summons_two_eggs_that_hatch_next_turn,聚合状态取该卡最差机制；普通烟测只证明可执行，不能单独构成 GREEN。 EN=[x]Battlecry: Summon two 0/3 Eggs. Next turn they hatch into 4/4 Drakes with Rush.; ZH=战吼：召唤两个0/3的龙卵。下个回合它们将孵化为4/4并具有突袭的幼龙。; source=fireplace/cards/dragons/shaman.py:56; existing_tests=none; prior=YELLOW:2 个机制缺少充分的核心效果验证；逐机制依据见 card_mechanism.csv。; prior_evidence=card_mechanism.csv#DRG_224; generic-play-smoke:played,[x]Battlecry: Summon two 0/3 Eggs. Next turn they hatch into 4/4 Drakes with Rush.,战吼：召唤两个0/3的龙卵。下个回合它们将孵化为4/4并具有突袭的幼龙。,fireplace/cards/dragons/shaman.py:56
17.6.0.53261,Descent of Dragons (DRAGONS),DRG_225,Sky Claw,空中飞爪,Aura|Battlecry|Continuous effect / Update|Summon,GREEN,implemented,yes,"逐卡关键行为断言通过：other_mechs_gain_attack_and_two_microcopters_spawn: before=(2, 3, 4);mech=(3, 3);nonmech=4;tokens=[(2, 1, 17, 'PLAY'), (2, 1, 17, 'PLAY')];body=PLAY",card_mechanism.csv#DRG_225; generic-play-smoke:played; effect-evidence: reports/card_quality_full_2026-09-27/set_probe_DRAGONS.csv#DRG_225::other_mechs_gain_attack_and_two_microcopters_spawn; per-card: reports/card_quality_full_2026-09-27/set_probe_DRAGONS.csv#DRG_225::other_mechs_gain_attack_and_two_microcopters_spawn,聚合状态取该卡最差机制；普通烟测只证明可执行，不能单独构成 GREEN。 EN=Your other Mechs have +1 Attack. Battlecry: Summon two 1/1 Microcopters.; ZH=你的其他机械获得+1攻击力。战吼：召唤两个1/1的微型 旋翼机。; source=fireplace/cards/dragons/paladin.py:8; existing_tests=none; prior=YELLOW:4 个机制缺少充分的核心效果验证；逐机制依据见 card_mechanism.csv。; prior_evidence=card_mechanism.csv#DRG_225; generic-play-smoke:played,Your other Mechs have +1 Attack. Battlecry: Summon two 1/1 Microcopters.,你的其他机械获得+1攻击力。战吼：召唤两个1/1的微型 旋翼机。,fireplace/cards/dragons/paladin.py:8
17.6.0.53261,Descent of Dragons (DRAGONS),DRG_226,Amber Watcher,琥珀看守者,Battlecry|Targeting,GREEN,implemented,yes,逐卡关键行为断言通过：battlecry_restores_eight_to_chosen_friendly_hero: before=18;after=26;body=PLAY;mana=5,card_mechanism.csv#DRG_226; generic-play-smoke:played; effect-evidence: reports/card_quality_full_2026-09-27/set_probe_DRAGONS.csv#DRG_226::battlecry_restores_eight_to_chosen_friendly_hero; per-card: reports/card_quality_full_2026-09-27/set_probe_DRAGONS.csv#DRG_226::battlecry_restores_eight_to_chosen_friendly_hero,聚合状态取该卡最差机制；普通烟测只证明可执行，不能单独构成 GREEN。 EN=Battlecry: Restore #8 Health.; ZH=战吼： 恢复#8点生命值。; source=fireplace/cards/dragons/paladin.py:19; existing_tests=none; prior=YELLOW:2 个机制缺少充分的核心效果验证；逐机制依据见 card_mechanism.csv。; prior_evidence=card_mechanism.csv#DRG_226; generic-play-smoke:played,Battlecry: Restore #8 Health.,战吼： 恢复#8点生命值。,fireplace/cards/dragons/paladin.py:19
17.6.0.53261,Descent of Dragons (DRAGONS),DRG_229,Bronze Explorer,青铜龙探险者,Battlecry|Discover / Choice|Lifesteal|Random effects,GREEN,implemented,yes,"逐卡关键行为断言通过：discover_dragon_and_lifesteal_combat_heals: damage_spell=GRAVEYARD;options=[('BRM_030', 24), ('EX1_563', 24), ('EX1_561', 24)];dragon_in_hand=BRM_030;lifesteal=1;ready=True;hero=24->26;body=2/PLAY;target=1/GRAVEYARD",card_mechanism.csv#DRG_229; generic-play-smoke:played; effect-evidence: reports/card_quality_full_2026-09-27/set_probe_DRAGONS.csv#DRG_229::discover_dragon_and_lifesteal_combat_heals; per-card: reports/card_quality_full_2026-09-27/set_probe_DRAGONS.csv#DRG_229::discover_dragon_and_lifesteal_combat_heals,聚合状态取该卡最差机制；普通烟测只证明可执行，不能单独构成 GREEN。 EN=Lifesteal Battlecry: Discover a Dragon.; ZH=吸血 战吼：发现一张 龙牌。; source=fireplace/cards/dragons/paladin.py:27; existing_tests=none; prior=YELLOW:4 个机制缺少充分的核心效果验证；逐机制依据见 card_mechanism.csv。; prior_evidence=card_mechanism.csv#DRG_229; generic-play-smoke:played,Lifesteal Battlecry: Discover a Dragon.,吸血 战吼：发现一张 龙牌。,fireplace/cards/dragons/paladin.py:27
17.6.0.53261,Descent of Dragons (DRAGONS),DRG_231,Lightforged Crusader,光铸远征军,Battlecry|Random effects,GREEN,implemented,yes,逐卡实测：牌库无中立牌时入手五张圣骑士牌；含中立牌时不生成。,tests/test_dragons_red_fixes.py::test_lightforged_crusader_adds_five_paladin_cards_only_for_neutral_free_deck,原始结论保留于known_issues_archive_2026-09-29/。 生成数量改为五。,"[x]Battlecry: If your deck has no Neutral cards, add 5 random Paladin cards to your hand.",战吼：如果你的牌库中没有中立卡牌，随机将五张圣骑士卡牌置入你的手牌。,fireplace/cards/dragons/paladin.py:34
17.6.0.53261,Descent of Dragons (DRAGONS),DRG_232,Lightforged Zealot,光铸狂热者,Battlecry|Summon,GREEN,implemented,yes,"逐卡关键行为断言通过：neutral_free_deck_equips_four_attack_two_durability_weapon: weapon=('DRG_232t', 4, 2, 'PLAY');body=PLAY; neutral_deck_prevents_weapon_equip: neutral=DECK;weapon=None;body=PLAY",card_mechanism.csv#DRG_232; generic-play-smoke:played; effect-evidence: reports/card_quality_full_2026-09-27/set_probe_DRAGONS.csv#DRG_232::neutral_free_deck_equips_four_attack_two_durability_weapon; reports/card_quality_full_2026-09-27/set_probe_DRAGONS.csv#DRG_232::neutral_deck_prevents_weapon_equip; per-card: reports/card_quality_full_2026-09-27/set_probe_DRAGONS.csv#DRG_232::neutral_free_deck_equips_four_attack_two_durability_weapon; reports/card_quality_full_2026-09-27/set_probe_DRAGONS.csv#DRG_232::neutral_deck_prevents_weapon_equip,"聚合状态取该卡最差机制；普通烟测只证明可执行，不能单独构成 GREEN。 EN=Battlecry: If your deck has no Neutral cards, equip a   4/2 Truesilver Champion.; ZH=战吼： 如果你的牌库中没有中立卡牌，便装备一把4/2的真银圣剑。; source=fireplace/cards/dragons/paladin.py:45; existing_tests=none; prior=YELLOW:2 个机制缺少充分的核心效果验证；逐机制依据见 card_mechanism.csv。; prior_evidence=card_mechanism.csv#DRG_232; generic-play-smoke:played","Battlecry: If your deck has no Neutral cards, equip a   4/2 Truesilver Champion.",战吼： 如果你的牌库中没有中立卡牌，便装备一把4/2的真银圣剑。,fireplace/cards/dragons/paladin.py:45
17.6.0.53261,Descent of Dragons (DRAGONS),DRG_233,Sand Breath,沙尘吐息,Spell resolution|Targeting,GREEN,implemented,yes,逐卡关键行为断言通过：holding_dragon_adds_divine_shield_to_buffed_minion: dragon=HAND;target=2/3/True;spell=GRAVEYARD; without_dragon_only_stats_buff: target=2/3/False;spell=GRAVEYARD,card_mechanism.csv#DRG_233; generic-play-smoke:played; effect-evidence: reports/card_quality_full_2026-09-27/set_probe_DRAGONS.csv#DRG_233::holding_dragon_adds_divine_shield_to_buffed_minion; reports/card_quality_full_2026-09-27/set_probe_DRAGONS.csv#DRG_233::without_dragon_only_stats_buff; per-card: reports/card_quality_full_2026-09-27/set_probe_DRAGONS.csv#DRG_233::holding_dragon_adds_divine_shield_to_buffed_minion; reports/card_quality_full_2026-09-27/set_probe_DRAGONS.csv#DRG_233::without_dragon_only_stats_buff,聚合状态取该卡最差机制；普通烟测只证明可执行，不能单独构成 GREEN。 EN=[x]Give a minion +1/+2. Give it Divine Shield if you're holding a Dragon.; ZH=使一个随从获得+1/+2。如果你的手牌中有龙牌，使其获得圣盾。; source=fireplace/cards/dragons/paladin.py:93; existing_tests=none; prior=YELLOW:2 个机制缺少充分的核心效果验证；逐机制依据见 card_mechanism.csv。; prior_evidence=card_mechanism.csv#DRG_233; generic-play-smoke:played,[x]Give a minion +1/+2. Give it Divine Shield if you're holding a Dragon.,使一个随从获得+1/+2。如果你的手牌中有龙牌，使其获得圣盾。,fireplace/cards/dragons/paladin.py:93
17.6.0.53261,Descent of Dragons (DRAGONS),DRG_235,Dragonrider Talritha,龙骑士塔瑞萨,Deathrattle,GREEN,implemented,yes,"逐卡关键行为断言通过：deathrattle_buffs_hand_dragon_and_grants_inherited_deathrattle: talritha=GRAVEYARD;base={'DRG_079': (5, 3), 'NEW1_023': (3, 2)};hand=[('DRG_079', 8, 6, 'GRAVEYARD'), ('NEW1_023', 6, 5, 'HAND')];buffed=['DRG_079'];played=['DRG_079'];other=[('NEW1_023', 6, 5)]",card_mechanism.csv#DRG_235; generic-play-smoke:played; effect-evidence: reports/card_quality_full_2026-09-27/set_probe_DRAGONS.csv#DRG_235::deathrattle_buffs_hand_dragon_and_grants_inherited_deathrattle; per-card: reports/card_quality_full_2026-09-27/set_probe_DRAGONS.csv#DRG_235::deathrattle_buffs_hand_dragon_and_grants_inherited_deathrattle,聚合状态取该卡最差机制；普通烟测只证明可执行，不能单独构成 GREEN。 EN=Deathrattle: Give a Dragon in your hand +3/+3 and this Deathrattle.; ZH=亡语：使你手牌中的一张龙牌获得+3/+3以及此亡语。; source=fireplace/cards/dragons/paladin.py:54; existing_tests=none; prior=YELLOW:1 个机制缺少充分的核心效果验证；逐机制依据见 card_mechanism.csv。; prior_evidence=card_mechanism.csv#DRG_235; generic-play-smoke:played,Deathrattle: Give a Dragon in your hand +3/+3 and this Deathrattle.,亡语：使你手牌中的一张龙牌获得+3/+3以及此亡语。,fireplace/cards/dragons/paladin.py:54
17.6.0.53261,Descent of Dragons (DRAGONS),DRG_239,Blazing Battlemage,灼光战斗法师,Vanilla,GREEN,implemented,yes,当前列出的机制均有对应场景的效果断言；结论限于已识别标签与复现范围。,card_mechanism.csv#DRG_239; generic-play-smoke:played; effect-evidence: reports/card_quality_full_2026-09-27/vanilla_runtime_probe.csv#entry_DRG_239,聚合状态取该卡最差机制；普通烟测只证明可执行，不能单独构成 GREEN。,,,
17.6.0.53261,Descent of Dragons (DRAGONS),DRG_242,Shield of Galakrond,迦拉克隆之盾,Battlecry|Taunt,GREEN,implemented,yes,"逐卡关键行为断言通过：taunt_battlecry_invokes_galakrond_once: invoke=1;body=4/5/1/PLAY;gal=DECK;field=[('DRG_242', 4, 5), ('DRG_238t12t2', 1, 1), ('DRG_238t12t2', 1, 1)]",card_mechanism.csv#DRG_242; generic-play-smoke:played; effect-evidence: reports/card_quality_full_2026-09-27/set_probe_DRAGONS.csv#DRG_242::taunt_battlecry_invokes_galakrond_once; per-card: reports/card_quality_full_2026-09-27/set_probe_DRAGONS.csv#DRG_242::taunt_battlecry_invokes_galakrond_once,聚合状态取该卡最差机制；普通烟测只证明可执行，不能单独构成 GREEN。 EN=Taunt Battlecry: Invoke Galakrond.; ZH=嘲讽，战吼： 祈求迦拉克隆。; source=fireplace/cards/dragons/neutral_common.py:133; existing_tests=none; prior=YELLOW:2 个机制缺少充分的核心效果验证；逐机制依据见 card_mechanism.csv。; prior_evidence=card_mechanism.csv#DRG_242; generic-play-smoke:played,Taunt Battlecry: Invoke Galakrond.,嘲讽，战吼： 祈求迦拉克隆。,fireplace/cards/dragons/neutral_common.py:133
17.6.0.53261,Descent of Dragons (DRAGONS),DRG_246,Time Rip,时空裂痕,Spell resolution|Targeting,GREEN,implemented,yes,逐卡关键行为断言通过：destroy_selected_minion_and_invoke: target=GRAVEYARD;other=PLAY;invoke=1;spell=GRAVEYARD,card_mechanism.csv#DRG_246; generic-play-smoke:played; effect-evidence: reports/card_quality_full_2026-09-27/set_probe_DRAGONS.csv#DRG_246::destroy_selected_minion_and_invoke; per-card: reports/card_quality_full_2026-09-27/set_probe_DRAGONS.csv#DRG_246::destroy_selected_minion_and_invoke,聚合状态取该卡最差机制；普通烟测只证明可执行，不能单独构成 GREEN。 EN=Destroy a minion. Invoke Galakrond.; ZH=消灭一个随从。祈求迦拉克隆。; source=fireplace/cards/dragons/priest.py:122; existing_tests=none; prior=YELLOW:2 个机制缺少充分的核心效果验证；逐机制依据见 card_mechanism.csv。; prior_evidence=card_mechanism.csv#DRG_246; generic-play-smoke:played,Destroy a minion. Invoke Galakrond.,消灭一个随从。祈求迦拉克隆。,fireplace/cards/dragons/priest.py:122
17.6.0.53261,Descent of Dragons (DRAGONS),DRG_247,Seal Fate,封印命运,Spell resolution|Targeting,GREEN,implemented,yes,逐卡关键行为断言通过：three_damage_to_undamaged_character_and_invoke: target_health=2;other_health=5;invoke=1;spell=GRAVEYARD,card_mechanism.csv#DRG_247; generic-play-smoke:played; effect-evidence: reports/card_quality_full_2026-09-27/set_probe_DRAGONS.csv#DRG_247::three_damage_to_undamaged_character_and_invoke; per-card: reports/card_quality_full_2026-09-27/set_probe_DRAGONS.csv#DRG_247::three_damage_to_undamaged_character_and_invoke,聚合状态取该卡最差机制；普通烟测只证明可执行，不能单独构成 GREEN。 EN=Deal $3 damage to an undamaged character. Invoke Galakrond.; ZH=对一个未受伤的角色造成$3点伤害。祈求迦拉克隆。; source=fireplace/cards/dragons/rogue.py:97; existing_tests=none; prior=YELLOW:2 个机制缺少充分的核心效果验证；逐机制依据见 card_mechanism.csv。; prior_evidence=card_mechanism.csv#DRG_247; generic-play-smoke:played,Deal $3 damage to an undamaged character. Invoke Galakrond.,对一个未受伤的角色造成$3点伤害。祈求迦拉克隆。,fireplace/cards/dragons/rogue.py:97
17.6.0.53261,Descent of Dragons (DRAGONS),DRG_248,Invocation of Frost,霜之祈咒,Spell resolution|Targeting,GREEN,implemented,yes,逐卡关键行为断言通过：freeze_selected_enemy_and_invoke: target_frozen=True;own_frozen=False;invoke=1;spell=GRAVEYARD,card_mechanism.csv#DRG_248; generic-play-smoke:played; effect-evidence: reports/card_quality_full_2026-09-27/set_probe_DRAGONS.csv#DRG_248::freeze_selected_enemy_and_invoke; per-card: reports/card_quality_full_2026-09-27/set_probe_DRAGONS.csv#DRG_248::freeze_selected_enemy_and_invoke,聚合状态取该卡最差机制；普通烟测只证明可执行，不能单独构成 GREEN。 EN=Freeze an enemy.  Invoke Galakrond.; ZH=冻结一个敌人。祈求迦拉克隆。; source=fireplace/cards/dragons/shaman.py:109; existing_tests=none; prior=YELLOW:2 个机制缺少充分的核心效果验证；逐机制依据见 card_mechanism.csv。; prior_evidence=card_mechanism.csv#DRG_248; generic-play-smoke:played,Freeze an enemy.  Invoke Galakrond.,冻结一个敌人。祈求迦拉克隆。,fireplace/cards/dragons/shaman.py:109
17.6.0.53261,Descent of Dragons (DRAGONS),DRG_249,Awaken!,祈求觉醒,Spell resolution,GREEN,implemented,yes,逐卡关键行为断言通过：invoke_then_one_damage_to_all_minions: own=4;enemy=4;heroes=30/30;invoke=1;spell=GRAVEYARD,card_mechanism.csv#DRG_249; generic-play-smoke:played; effect-evidence: reports/card_quality_full_2026-09-27/set_probe_DRAGONS.csv#DRG_249::invoke_then_one_damage_to_all_minions; per-card: reports/card_quality_full_2026-09-27/set_probe_DRAGONS.csv#DRG_249::invoke_then_one_damage_to_all_minions,聚合状态取该卡最差机制；普通烟测只证明可执行，不能单独构成 GREEN。 EN=Invoke Galakrond. Deal $1 damage to all minions.; ZH=祈求迦拉克隆。对所有随从造成$1点伤害。; source=fireplace/cards/dragons/warrior.py:62; existing_tests=none; prior=YELLOW:1 个机制缺少充分的核心效果验证；逐机制依据见 card_mechanism.csv。; prior_evidence=card_mechanism.csv#DRG_249; generic-play-smoke:played,Invoke Galakrond. Deal $1 damage to all minions.,祈求迦拉克隆。对所有随从造成$1点伤害。,fireplace/cards/dragons/warrior.py:62
17.6.0.53261,Descent of Dragons (DRAGONS),DRG_250,Fiendish Rites,邪鬼仪式,Spell resolution,GREEN,implemented,yes,逐卡关键行为断言通过：invoke_and_friendly_attack_buff: own_atk=2;enemy_atk=1;invoke=1;spell=GRAVEYARD,card_mechanism.csv#DRG_250; generic-play-smoke:played; effect-evidence: reports/card_quality_full_2026-09-27/set_probe_DRAGONS.csv#DRG_250::invoke_and_friendly_attack_buff; per-card: reports/card_quality_full_2026-09-27/set_probe_DRAGONS.csv#DRG_250::invoke_and_friendly_attack_buff,聚合状态取该卡最差机制；普通烟测只证明可执行，不能单独构成 GREEN。 EN=Invoke Galakrond. Give your minions +1 Attack.; ZH=祈求迦拉克隆。使你的所有随从获得+1攻击力。; source=fireplace/cards/dragons/warlock.py:100; existing_tests=none; prior=YELLOW:1 个机制缺少充分的核心效果验证；逐机制依据见 card_mechanism.csv。; prior_evidence=card_mechanism.csv#DRG_250; generic-play-smoke:played,Invoke Galakrond. Give your minions +1 Attack.,祈求迦拉克隆。使你的所有随从获得+1攻击力。,fireplace/cards/dragons/warlock.py:100
17.6.0.53261,Descent of Dragons (DRAGONS),DRG_251,Clear the Way,扫清道路,Spell resolution|Summon,GREEN,implemented,yes,逐卡实测：三次突袭随从召唤后奖励一只 4/4 突袭狮鹫，普通随从及奖励自身不额外推进任务。,tests/test_dragons_red_fixes.py::test_clear_the_way_rewards_once_after_three_rush_summons,原始结论保留于known_issues_archive_2026-09-29/。 奖励不计入自身任务进度。,[x]Sidequest: Summon 3 Rush minions. Reward: Summon a 4/4 Gryphon with Rush.,支线任务： 召唤三个突袭随从。奖励：召唤一头4/4并具有突袭的狮鹫。,fireplace/cards/dragons/hunter.py:70
17.6.0.53261,Descent of Dragons (DRAGONS),DRG_252,Phase Stalker,相位追猎者,Summon|Trigger,GREEN,implemented,yes,逐卡关键行为断言通过：hero_power_casts_secret_from_deck: secret=SECRET;ordinary=DECK;stalker=PLAY; no_secret_available: stalker=PLAY;field=['DRG_252'];deck=0,card_mechanism.csv#DRG_252; generic-play-smoke:played; effect-evidence: reports/card_quality_full_2026-09-27/set_probe_DRAGONS.csv#DRG_252::hero_power_casts_secret_from_deck; reports/card_quality_full_2026-09-27/set_probe_DRAGONS.csv#DRG_252::no_secret_available; per-card: reports/card_quality_full_2026-09-27/set_probe_DRAGONS.csv#DRG_252::hero_power_casts_secret_from_deck; reports/card_quality_full_2026-09-27/set_probe_DRAGONS.csv#DRG_252::no_secret_available,"聚合状态取该卡最差机制；普通烟测只证明可执行，不能单独构成 GREEN。 EN=[x]After you use your Hero Power, cast a Secret from your deck.; ZH=在你使用你的英雄技能后，从你的牌库中施放一个奥秘。; source=fireplace/cards/dragons/hunter.py:26; existing_tests=none; prior=YELLOW:2 个机制缺少充分的核心效果验证；逐机制依据见 card_mechanism.csv。; prior_evidence=card_mechanism.csv#DRG_252; generic-play-smoke:played","[x]After you use your Hero Power, cast a Secret from your deck.",在你使用你的英雄技能后，从你的牌库中施放一个奥秘。,fireplace/cards/dragons/hunter.py:26
17.6.0.53261,Descent of Dragons (DRAGONS),DRG_253,Dwarven Sharpshooter,矮人神射手,Continuous effect / Update|Targeting,GREEN,implemented,yes,逐卡关键行为断言通过：hero_power_can_target_minion: target=3/PLAY;enemy_hero=30;power_targeting=True; without_sharpshooter_hits_hero: target=5;enemy_hero=28,card_mechanism.csv#DRG_253; generic-play-smoke:played; effect-evidence: reports/card_quality_full_2026-09-27/set_probe_DRAGONS.csv#DRG_253::hero_power_can_target_minion; reports/card_quality_full_2026-09-27/set_probe_DRAGONS.csv#DRG_253::without_sharpshooter_hits_hero; per-card: reports/card_quality_full_2026-09-27/set_probe_DRAGONS.csv#DRG_253::hero_power_can_target_minion; reports/card_quality_full_2026-09-27/set_probe_DRAGONS.csv#DRG_253::without_sharpshooter_hits_hero,聚合状态取该卡最差机制；普通烟测只证明可执行，不能单独构成 GREEN。 EN=Your Hero Power can target minions.; ZH=你的英雄技能能够以随从为目标。; source=fireplace/cards/dragons/hunter.py:35; existing_tests=tests/test_dragons.py:37:test_dwarven_sharpshooter; prior=YELLOW:2 个机制缺少充分的核心效果验证；逐机制依据见 card_mechanism.csv。; prior_evidence=card_mechanism.csv#DRG_253; generic-play-smoke:played,Your Hero Power can target minions.,你的英雄技能能够以随从为目标。,fireplace/cards/dragons/hunter.py:35
17.6.0.53261,Descent of Dragons (DRAGONS),DRG_254,Primordial Explorer,始生龙探险者,Battlecry|Discover / Choice|Poisonous|Random effects,GREEN,implemented,yes,"逐卡关键行为断言通过：poisonous_and_discover_dragon: poisonous=1;choice=['BRM_030', 'EX1_563', 'EX1_561'];selected=BRM_030;hand=BRM_030; poisonous_combat_kills_high_health_minion: explorer=1/PLAY;target=3/GRAVEYARD;atk=2/2",card_mechanism.csv#DRG_254; generic-play-smoke:played; effect-evidence: reports/card_quality_full_2026-09-27/set_probe_DRAGONS.csv#DRG_254::poisonous_and_discover_dragon; reports/card_quality_full_2026-09-27/set_probe_DRAGONS.csv#DRG_254::poisonous_combat_kills_high_health_minion; per-card: reports/card_quality_full_2026-09-27/set_probe_DRAGONS.csv#DRG_254::poisonous_and_discover_dragon; reports/card_quality_full_2026-09-27/set_probe_DRAGONS.csv#DRG_254::poisonous_combat_kills_high_health_minion,聚合状态取该卡最差机制；普通烟测只证明可执行，不能单独构成 GREEN。 EN=Poisonous Battlecry: Discover a Dragon.; ZH=剧毒 战吼：发现一张 龙牌。; source=fireplace/cards/dragons/hunter.py:42; existing_tests=none; prior=YELLOW:4 个机制缺少充分的核心效果验证；逐机制依据见 card_mechanism.csv。; prior_evidence=card_mechanism.csv#DRG_254; generic-play-smoke:played,Poisonous Battlecry: Discover a Dragon.,剧毒 战吼：发现一张 龙牌。,fireplace/cards/dragons/hunter.py:42
17.6.0.53261,Descent of Dragons (DRAGONS),DRG_255,Toxic Reinforcements,病毒增援,Spell resolution|Summon,GREEN,implemented,yes,逐卡实测：己方三次英雄技能后奖励三只麻风侏儒，对手技能不计入。,tests/test_dragons_red_fixes.py::test_toxic_reinforcements_rewards_three_leper_gnomes_after_hero_powers,原始结论保留于known_issues_archive_2026-09-29/。 奖励实体改为麻风侏儒。,[x]Sidequest: Use your Hero Power three times. Reward: Summon three 1/1 Leper Gnomes.,支线任务： 使用你的英雄技能三次。奖励：召唤三个1/1的麻风侏儒。,fireplace/cards/dragons/hunter.py:80
17.6.0.53261,Descent of Dragons (DRAGONS),DRG_256,Dragonbane,灭龙弩炮,Random effects|Trigger,GREEN,implemented,yes,逐卡实测：英雄技能使用后五点伤害在敌方英雄或随从间随机分配，两种结果均实测。,tests/test_dragons_red_fixes.py::test_dragonbane_hits_a_random_enemy_character_after_hero_power,原始结论保留于known_issues_archive_2026-09-29/。 随机目标改为敌方角色。,"After you use your Hero Power, deal 5 damage to a random enemy.",在你使用你的英雄技能后，随机对一个敌人造成5点伤害。,fireplace/cards/dragons/hunter.py:49
17.6.0.53261,Descent of Dragons (DRAGONS),DRG_257,Frizz Kindleroost,弗瑞兹·光巢,Battlecry|Cost modification,GREEN,implemented,yes,逐卡关键行为断言通过：battlecry_reduces_deck_dragons_by_two: deck_dragon_cost=3;non_dragon_cost=4;hand_dragon_cost=5;zones=DECK/DECK/HAND,card_mechanism.csv#DRG_257; generic-play-smoke:played; effect-evidence: reports/card_quality_full_2026-09-27/set_probe_DRAGONS.csv#DRG_257::battlecry_reduces_deck_dragons_by_two; per-card: reports/card_quality_full_2026-09-27/set_probe_DRAGONS.csv#DRG_257::battlecry_reduces_deck_dragons_by_two,聚合状态取该卡最差机制；普通烟测只证明可执行，不能单独构成 GREEN。 EN=Battlecry: Reduce the Cost of Dragons in your deck by (2).; ZH=战吼：使你牌库中龙牌的法力值消耗减少（2）点。; source=fireplace/cards/dragons/neutral_legendary.py:76; existing_tests=none; prior=YELLOW:2 个机制缺少充分的核心效果验证；逐机制依据见 card_mechanism.csv。; prior_evidence=card_mechanism.csv#DRG_257; generic-play-smoke:played,Battlecry: Reduce the Cost of Dragons in your deck by (2).,战吼：使你牌库中龙牌的法力值消耗减少（2）点。,fireplace/cards/dragons/neutral_legendary.py:76
17.6.0.53261,Descent of Dragons (DRAGONS),DRG_258,Sanctuary,庇护,Spell resolution|Summon,GREEN,implemented,yes,"逐卡关键行为断言通过：undamaged_turn_summons_taunt: quest=GRAVEYARD;reward=[(3, 6, 1)]; damage_prevents_progress: quest=SECRET;progress=0;hero=29;field=[]",card_mechanism.csv#DRG_258; generic-play-smoke:played; effect-evidence: reports/card_quality_full_2026-09-27/set_probe_DRAGONS.csv#DRG_258::undamaged_turn_summons_taunt; reports/card_quality_full_2026-09-27/set_probe_DRAGONS.csv#DRG_258::damage_prevents_progress; per-card: reports/card_quality_full_2026-09-27/set_probe_DRAGONS.csv#DRG_258::undamaged_turn_summons_taunt; reports/card_quality_full_2026-09-27/set_probe_DRAGONS.csv#DRG_258::damage_prevents_progress,聚合状态取该卡最差机制；普通烟测只证明可执行，不能单独构成 GREEN。 EN=[x]Sidequest: Take no damage for a turn. Reward: Summon a 3/6 minion with Taunt.; ZH=支线任务： 在一回合内不受伤害。奖励：召唤一个3/6并具有嘲讽的随从。; source=fireplace/cards/dragons/paladin.py:108; existing_tests=tests/test_dragons.py:94:test_sanctuary; prior=YELLOW:2 个机制缺少充分的核心效果验证；逐机制依据见 card_mechanism.csv。; prior_evidence=card_mechanism.csv#DRG_258; generic-play-smoke:played,[x]Sidequest: Take no damage for a turn. Reward: Summon a 3/6 minion with Taunt.,支线任务： 在一回合内不受伤害。奖励：召唤一个3/6并具有嘲讽的随从。,fireplace/cards/dragons/paladin.py:108
17.6.0.53261,Descent of Dragons (DRAGONS),DRG_270,"Malygos, Aspect of Magic",织法巨龙玛里苟斯,Battlecry|Discover / Choice|Random effects,GREEN,implemented,yes,"逐卡关键行为断言通过：dragon_enables_upgraded_spell_discover: maly=PLAY;dragon=HAND;offered=['DRG_270t2', 'DRG_270t8', 'DRG_270t11'];picked=DRG_270t2;in_hand=True; no_dragon_no_discover: choice=None;field=['DRG_270']",card_mechanism.csv#DRG_270; generic-play-smoke:played; effect-evidence: reports/card_quality_full_2026-09-27/set_probe_DRAGONS.csv#DRG_270::dragon_enables_upgraded_spell_discover; reports/card_quality_full_2026-09-27/set_probe_DRAGONS.csv#DRG_270::no_dragon_no_discover; per-card: reports/card_quality_full_2026-09-27/set_probe_DRAGONS.csv#DRG_270::dragon_enables_upgraded_spell_discover; reports/card_quality_full_2026-09-27/set_probe_DRAGONS.csv#DRG_270::no_dragon_no_discover,"聚合状态取该卡最差机制；普通烟测只证明可执行，不能单独构成 GREEN。 EN=[x]Battlecry: If you're holding a Dragon, Discover an  upgraded Mage spell.; ZH=战吼： 如果你的手牌中有龙牌，便发现一张升级过的法师法术牌。; source=fireplace/cards/dragons/mage.py:42; existing_tests=none; prior=YELLOW:3 个机制缺少充分的核心效果验证；逐机制依据见 card_mechanism.csv。; prior_evidence=card_mechanism.csv#DRG_270; generic-play-smoke:played","[x]Battlecry: If you're holding a Dragon, Discover an  upgraded Mage spell.",战吼： 如果你的手牌中有龙牌，便发现一张升级过的法师法术牌。,fireplace/cards/dragons/mage.py:42
17.6.0.53261,Descent of Dragons (DRAGONS),DRG_300,Fate Weaver,命运编织者,Battlecry|Cost modification,GREEN,implemented,yes,逐卡关键行为断言通过：two_invokes_discount_current_hand: invoke=2;fireball_cost=3;weaver=PLAY;target=GRAVEYARD; one_invoke_no_discount: invoke=1;fireball_cost=4;weaver=PLAY,card_mechanism.csv#DRG_300; generic-play-smoke:played; effect-evidence: reports/card_quality_full_2026-09-27/set_probe_DRAGONS.csv#DRG_300::two_invokes_discount_current_hand; reports/card_quality_full_2026-09-27/set_probe_DRAGONS.csv#DRG_300::one_invoke_no_discount; per-card: reports/card_quality_full_2026-09-27/set_probe_DRAGONS.csv#DRG_300::two_invokes_discount_current_hand; reports/card_quality_full_2026-09-27/set_probe_DRAGONS.csv#DRG_300::one_invoke_no_discount,"聚合状态取该卡最差机制；普通烟测只证明可执行，不能单独构成 GREEN。 EN=[x]Battlecry: If you've Invoked twice, reduce the Cost of cards in your hand by (1).; ZH=战吼：如果你已经祈求过两次，则使你的手牌法力值消耗减少（1）点。; source=fireplace/cards/dragons/priest.py:15; existing_tests=none; prior=YELLOW:2 个机制缺少充分的核心效果验证；逐机制依据见 card_mechanism.csv。; prior_evidence=card_mechanism.csv#DRG_300; generic-play-smoke:played","[x]Battlecry: If you've Invoked twice, reduce the Cost of cards in your hand by (1).",战吼：如果你已经祈求过两次，则使你的手牌法力值消耗减少（1）点。,fireplace/cards/dragons/priest.py:15
17.6.0.53261,Descent of Dragons (DRAGONS),DRG_301,Whispers of EVIL,怪盗低语,Random effects|Spell resolution,GREEN,implemented,yes,逐卡关键行为断言通过：add_one_lackey_to_hand: spell=GRAVEYARD;hand=['DAL_613'];count_delta=1,card_mechanism.csv#DRG_301; generic-play-smoke:played; effect-evidence: reports/card_quality_full_2026-09-27/set_probe_DRAGONS.csv#DRG_301::add_one_lackey_to_hand; per-card: reports/card_quality_full_2026-09-27/set_probe_DRAGONS.csv#DRG_301::add_one_lackey_to_hand,聚合状态取该卡最差机制；普通烟测只证明可执行，不能单独构成 GREEN。 EN=Add a Lackey to your hand.; ZH=将一张跟班牌置入你的手牌。; source=fireplace/cards/dragons/priest.py:130; existing_tests=none; prior=YELLOW:2 个机制缺少充分的核心效果验证；逐机制依据见 card_mechanism.csv。; prior_evidence=card_mechanism.csv#DRG_301; generic-play-smoke:played,Add a Lackey to your hand.,将一张跟班牌置入你的手牌。,fireplace/cards/dragons/priest.py:130
17.6.0.53261,Descent of Dragons (DRAGONS),DRG_302,Grave Rune,墓地符文,Spell resolution|Summon|Targeting,GREEN,implemented,yes,"逐卡关键行为断言通过：grave_rune_death_summons_two_copies: spell=GRAVEYARD;original=GRAVEYARD;copies=2;copy_stats=[(1, 1), (1, 1)]",card_mechanism.csv#DRG_302; generic-play-smoke:played; effect-evidence: reports/card_quality_full_2026-09-27/set_probe_DRAGONS.csv#DRG_302::grave_rune_death_summons_two_copies; per-card: reports/card_quality_full_2026-09-27/set_probe_DRAGONS.csv#DRG_302::grave_rune_death_summons_two_copies,"聚合状态取该卡最差机制；普通烟测只证明可执行，不能单独构成 GREEN。 EN=Give a minion ""Deathrattle: Summon 2 copies of this.""; ZH=使一个随从获得“亡语：召唤该随从的两个复制。”; source=fireplace/cards/dragons/priest.py:137; existing_tests=none; prior=YELLOW:3 个机制缺少充分的核心效果验证；逐机制依据见 card_mechanism.csv。; prior_evidence=card_mechanism.csv#DRG_302; generic-play-smoke:played","Give a minion ""Deathrattle: Summon 2 copies of this.""",使一个随从获得“亡语：召唤该随从的两个复制。”,fireplace/cards/dragons/priest.py:137
17.6.0.53261,Descent of Dragons (DRAGONS),DRG_303,Disciple of Galakrond,迦拉克隆的信徒,Battlecry,GREEN,implemented,yes,逐卡关键行为断言通过：battlecry_invokes_once: invoke=1;galakrond=DECK;minion=PLAY;stats=1/2,card_mechanism.csv#DRG_303; generic-play-smoke:played; effect-evidence: reports/card_quality_full_2026-09-27/set_probe_DRAGONS.csv#DRG_303::battlecry_invokes_once; per-card: reports/card_quality_full_2026-09-27/set_probe_DRAGONS.csv#DRG_303::battlecry_invokes_once,聚合状态取该卡最差机制；普通烟测只证明可执行，不能单独构成 GREEN。 EN=Battlecry: Invoke Galakrond.; ZH=战吼： 祈求迦拉克隆。; source=fireplace/cards/dragons/priest.py:29; existing_tests=tests/test_dragons.py:209:test_invoke | tests/test_dragons.py:214:test_invoke | tests/test_dragons.py:220:test_invoke | tests/test_dragons.py:221:test_invoke; prior=YELLOW:1 个机制缺少充分的核心效果验证；逐机制依据见 card_mechanism.csv。; prior_evidence=card_mechanism.csv#DRG_303; generic-play-smoke:played,Battlecry: Invoke Galakrond.,战吼： 祈求迦拉克隆。,fireplace/cards/dragons/priest.py:29
17.6.0.53261,Descent of Dragons (DRAGONS),DRG_304,Chronobreaker,时空破坏者,Deathrattle,GREEN,implemented,yes,逐卡关键行为断言通过：dragon_held_deathrattle_damages_enemy_board: dragon=HAND;chrono=GRAVEYARD;enemy=2/PLAY;own=5/PLAY;heroes=30/30; no_dragon_deathrattle_no_damage: chrono=GRAVEYARD;enemy=5/PLAY,card_mechanism.csv#DRG_304; generic-play-smoke:played; effect-evidence: reports/card_quality_full_2026-09-27/set_probe_DRAGONS.csv#DRG_304::dragon_held_deathrattle_damages_enemy_board; reports/card_quality_full_2026-09-27/set_probe_DRAGONS.csv#DRG_304::no_dragon_deathrattle_no_damage; per-card: reports/card_quality_full_2026-09-27/set_probe_DRAGONS.csv#DRG_304::dragon_held_deathrattle_damages_enemy_board; reports/card_quality_full_2026-09-27/set_probe_DRAGONS.csv#DRG_304::no_dragon_deathrattle_no_damage,"聚合状态取该卡最差机制；普通烟测只证明可执行，不能单独构成 GREEN。 EN=[x]Deathrattle: If you're holding a Dragon, deal 3 damage to all enemy minions.; ZH=亡语：如果你的手牌中有龙牌，则对所有敌方随从造成3点 伤害。; source=fireplace/cards/dragons/priest.py:36; existing_tests=none; prior=YELLOW:1 个机制缺少充分的核心效果验证；逐机制依据见 card_mechanism.csv。; prior_evidence=card_mechanism.csv#DRG_304; generic-play-smoke:played","[x]Deathrattle: If you're holding a Dragon, deal 3 damage to all enemy minions.",亡语：如果你的手牌中有龙牌，则对所有敌方随从造成3点 伤害。,fireplace/cards/dragons/priest.py:36
17.6.0.53261,Descent of Dragons (DRAGONS),DRG_306,Envoy of Lazul,拉祖尔的信使,Battlecry,GREEN,implemented,yes,"逐卡关键行为断言通过：guess_opponent_hand_card_to_get_copy: opponent_card=CS2_008;shown=['EX1_610', 'CS2_008', 'CS2_182'];correct=CS2_008;copied=True;envoy=PLAY; no_opponent_hand_no_choice: choice=None;envoy=PLAY;field=['DRG_306']",card_mechanism.csv#DRG_306; generic-play-smoke:played; effect-evidence: reports/card_quality_full_2026-09-27/set_probe_DRAGONS.csv#DRG_306::guess_opponent_hand_card_to_get_copy; reports/card_quality_full_2026-09-27/set_probe_DRAGONS.csv#DRG_306::no_opponent_hand_no_choice; per-card: reports/card_quality_full_2026-09-27/set_probe_DRAGONS.csv#DRG_306::guess_opponent_hand_card_to_get_copy; reports/card_quality_full_2026-09-27/set_probe_DRAGONS.csv#DRG_306::no_opponent_hand_no_choice,聚合状态取该卡最差机制；普通烟测只证明可执行，不能单独构成 GREEN。 EN=[x]Battlecry: Look at 3 cards. Guess which one is in your opponent's hand to get a copy of it.; ZH=战吼：检视三张卡牌。猜中来自你对手手牌中的卡牌，则获得该牌的一张复制。; source=fireplace/cards/dragons/priest.py:44; existing_tests=tests/test_dragons.py:108:test_envoy_of_lazul | tests/test_dragons.py:118:test_envoy_of_lazul; prior=YELLOW:1 个机制缺少充分的核心效果验证；逐机制依据见 card_mechanism.csv。; prior_evidence=card_mechanism.csv#DRG_306; generic-play-smoke:played,[x]Battlecry: Look at 3 cards. Guess which one is in your opponent's hand to get a copy of it.,战吼：检视三张卡牌。猜中来自你对手手牌中的卡牌，则获得该牌的一张复制。,fireplace/cards/dragons/priest.py:44
17.6.0.53261,Descent of Dragons (DRAGONS),DRG_307,Breath of the Infinite,永恒吐息,Spell resolution,GREEN,implemented,yes,逐卡关键行为断言通过：no_dragon_damages_all_minions: spell=GRAVEYARD;own=3;enemy=3;heroes=30/30; dragon_held_damages_enemy_minions_only: dragon=HAND;own=5;enemy=3;heroes=30/30,card_mechanism.csv#DRG_307; generic-play-smoke:played; effect-evidence: reports/card_quality_full_2026-09-27/set_probe_DRAGONS.csv#DRG_307::no_dragon_damages_all_minions; reports/card_quality_full_2026-09-27/set_probe_DRAGONS.csv#DRG_307::dragon_held_damages_enemy_minions_only; per-card: reports/card_quality_full_2026-09-27/set_probe_DRAGONS.csv#DRG_307::no_dragon_damages_all_minions; reports/card_quality_full_2026-09-27/set_probe_DRAGONS.csv#DRG_307::dragon_held_damages_enemy_minions_only,"聚合状态取该卡最差机制；普通烟测只证明可执行，不能单独构成 GREEN。 EN=Deal $2 damage to all minions. If you're holding a Dragon, only damage enemies.; ZH=对所有随从造成$2点伤害。如果你的手牌中有龙牌，则只对敌方随从造成伤害。; source=fireplace/cards/dragons/priest.py:150; existing_tests=none; prior=YELLOW:1 个机制缺少充分的核心效果验证；逐机制依据见 card_mechanism.csv。; prior_evidence=card_mechanism.csv#DRG_307; generic-play-smoke:played","Deal $2 damage to all minions. If you're holding a Dragon, only damage enemies.",对所有随从造成$2点伤害。如果你的手牌中有龙牌，则只对敌方随从造成伤害。,fireplace/cards/dragons/priest.py:150
17.6.0.53261,Descent of Dragons (DRAGONS),DRG_308,Mindflayer Kaahrj,夺心者卡什,Battlecry|Deathrattle|Summon|Targeting,GREEN,implemented,yes,"逐卡关键行为断言通过：chosen_enemy_copy_summoned_on_death: target=CS2_182/5/PLAY;kaahrj=GRAVEYARD;copies=[(4, 5, 'PLAY')]",card_mechanism.csv#DRG_308; generic-play-smoke:played; effect-evidence: reports/card_quality_full_2026-09-27/set_probe_DRAGONS.csv#DRG_308::chosen_enemy_copy_summoned_on_death; per-card: reports/card_quality_full_2026-09-27/set_probe_DRAGONS.csv#DRG_308::chosen_enemy_copy_summoned_on_death,聚合状态取该卡最差机制；普通烟测只证明可执行，不能单独构成 GREEN。 EN=Battlecry: Choose an enemy minion. Deathrattle: Summon a new copy of it.; ZH=战吼：选择一个敌方随从。亡语：召唤一个所选随从的全新 复制。; source=fireplace/cards/dragons/priest.py:106; existing_tests=tests/test_carddb.py:44:test_battlecry_scripts; prior=YELLOW:4 个机制缺少充分的核心效果验证；逐机制依据见 card_mechanism.csv。; prior_evidence=card_mechanism.csv#DRG_308; generic-play-smoke:played,Battlecry: Choose an enemy minion. Deathrattle: Summon a new copy of it.,战吼：选择一个敌方随从。亡语：召唤一个所选随从的全新 复制。,fireplace/cards/dragons/priest.py:106
17.6.0.53261,Descent of Dragons (DRAGONS),DRG_309,Nozdormu the Timeless,时光巨龙诺兹多姆,Battlecry,GREEN,implemented,yes,逐卡关键行为断言通过：battlecry_sets_both_to_ten_crystals: nozdormu=PLAY;max=10/10;mana=4/8;used=6/2,card_mechanism.csv#DRG_309; generic-play-smoke:played; effect-evidence: reports/card_quality_full_2026-09-27/set_probe_DRAGONS.csv#DRG_309::battlecry_sets_both_to_ten_crystals; per-card: reports/card_quality_full_2026-09-27/set_probe_DRAGONS.csv#DRG_309::battlecry_sets_both_to_ten_crystals,聚合状态取该卡最差机制；普通烟测只证明可执行，不能单独构成 GREEN。 EN=Battlecry: Set each player to 10 Mana Crystals.; ZH=战吼： 将双方玩家的法力水晶重置为十个。; source=fireplace/cards/dragons/paladin.py:70; existing_tests=none; prior=YELLOW:1 个机制缺少充分的核心效果验证；逐机制依据见 card_mechanism.csv。; prior_evidence=card_mechanism.csv#DRG_309; generic-play-smoke:played,Battlecry: Set each player to 10 Mana Crystals.,战吼： 将双方玩家的法力水晶重置为十个。,fireplace/cards/dragons/paladin.py:70
17.6.0.53261,Descent of Dragons (DRAGONS),DRG_310,Evasive Drakonid,辟法龙人,Taunt|Untargetable,GREEN,implemented,yes,逐卡关键行为断言通过：taunt_minion_untargetable_by_spells_and_hero_power: taunt=1;spell_blocked=True;power_blocked=True;health=7;enemy_hand=['CS2_008'],card_mechanism.csv#DRG_310; generic-play-smoke:played; effect-evidence: reports/card_quality_full_2026-09-27/set_probe_DRAGONS.csv#DRG_310::taunt_minion_untargetable_by_spells_and_hero_power; per-card: reports/card_quality_full_2026-09-27/set_probe_DRAGONS.csv#DRG_310::taunt_minion_untargetable_by_spells_and_hero_power,聚合状态取该卡最差机制；普通烟测只证明可执行，不能单独构成 GREEN。 EN=Taunt Can't be targeted by spells or Hero Powers.; ZH=嘲讽 无法成为法术或英雄技能的目标。; source=; existing_tests=none; prior=YELLOW:2 个机制缺少充分的核心效果验证；逐机制依据见 card_mechanism.csv。; prior_evidence=card_mechanism.csv#DRG_310; generic-play-smoke:played,Taunt Can't be targeted by spells or Hero Powers.,嘲讽 无法成为法术或英雄技能的目标。,
17.6.0.53261,Descent of Dragons (DRAGONS),DRG_311,Treenforcements,树木援军,Choose One|Spell resolution|Summon|Targeting,GREEN,implemented,yes,逐卡实测：两个抉择分支分别给予随从 +2 生命与嘲讽，或召唤一只 2/2 树人；指定敌方英雄作为随从目标时被拒且卡牌仍在手中。,tests/test_dragons_red_fixes.py::test_treenforcements_choice_subcards_have_their_own_effects,原始结论保留于known_issues_archive_2026-09-29/。 父卡保留可选目标规则并限定随从，补齐第一分支附魔。,[x]Choose One - Give a minion +2 Health and Taunt; or Summon a 2/2 Treant.,抉择：使一个随从获得+2生命值和嘲讽；或者召唤一个2/2的树人。,fireplace/cards/dragons/druid.py:65
17.6.0.53261,Descent of Dragons (DRAGONS),DRG_312,Shrubadier,盆栽投手,Battlecry|Summon,GREEN,implemented,yes,"逐卡关键行为断言通过：battlecry_summons_one_two_two_treant: body=PLAY;treants=[(2, 2, 'PLAY')];enemy_count=0",card_mechanism.csv#DRG_312; generic-play-smoke:played; effect-evidence: reports/card_quality_full_2026-09-27/set_probe_DRAGONS.csv#DRG_312::battlecry_summons_one_two_two_treant; per-card: reports/card_quality_full_2026-09-27/set_probe_DRAGONS.csv#DRG_312::battlecry_summons_one_two_two_treant,聚合状态取该卡最差机制；普通烟测只证明可执行，不能单独构成 GREEN。 EN=Battlecry: Summon a 2/2 Treant.; ZH=战吼：召唤一个2/2的树人。; source=fireplace/cards/dragons/druid.py:8; existing_tests=none; prior=YELLOW:2 个机制缺少充分的核心效果验证；逐机制依据见 card_mechanism.csv。; prior_evidence=card_mechanism.csv#DRG_312; generic-play-smoke:played,Battlecry: Summon a 2/2 Treant.,战吼：召唤一个2/2的树人。,fireplace/cards/dragons/druid.py:8
17.6.0.53261,Descent of Dragons (DRAGONS),DRG_313,Emerald Explorer,翡翠龙探险者,Battlecry|Discover / Choice|Random effects|Taunt,GREEN,implemented,yes,"逐卡关键行为断言通过：taunt_and_discover_dragon_to_hand: taunt=1;options=[('BRM_030', [24]), ('EX1_563', [24]), ('EX1_561', [24])];selected=('BRM_030', 'HAND');choice_closed=True",card_mechanism.csv#DRG_313; generic-play-smoke:played; effect-evidence: reports/card_quality_full_2026-09-27/set_probe_DRAGONS.csv#DRG_313::taunt_and_discover_dragon_to_hand; per-card: reports/card_quality_full_2026-09-27/set_probe_DRAGONS.csv#DRG_313::taunt_and_discover_dragon_to_hand,聚合状态取该卡最差机制；普通烟测只证明可执行，不能单独构成 GREEN。 EN=Taunt Battlecry: Discover a Dragon.; ZH=嘲讽 战吼：发现一张 龙牌。; source=fireplace/cards/dragons/druid.py:15; existing_tests=none; prior=YELLOW:4 个机制缺少充分的核心效果验证；逐机制依据见 card_mechanism.csv。; prior_evidence=card_mechanism.csv#DRG_313; generic-play-smoke:played,Taunt Battlecry: Discover a Dragon.,嘲讽 战吼：发现一张 龙牌。,fireplace/cards/dragons/druid.py:15
17.6.0.53261,Descent of Dragons (DRAGONS),DRG_314,Aeroponics,空气栽培,Cost modification|Draw / Discard|Spell resolution,GREEN,implemented,yes,"逐卡关键行为断言通过：two_treants_reduce_cost_and_two_known_cards_drawn: costs=5,3,1;drawn=HAND,HAND;spell=GRAVEYARD",card_mechanism.csv#DRG_314; generic-play-smoke:played; effect-evidence: reports/card_quality_full_2026-09-27/set_probe_DRAGONS.csv#DRG_314::two_treants_reduce_cost_and_two_known_cards_drawn; per-card: reports/card_quality_full_2026-09-27/set_probe_DRAGONS.csv#DRG_314::two_treants_reduce_cost_and_two_known_cards_drawn,聚合状态取该卡最差机制；普通烟测只证明可执行，不能单独构成 GREEN。 EN=Draw 2 cards. Costs (2) less for each Treant you control.; ZH=抽两张牌。你每控制一个树人，该牌的法力值消耗便减少（2）点。; source=fireplace/cards/dragons/druid.py:88; existing_tests=none; prior=YELLOW:3 个机制缺少充分的核心效果验证；逐机制依据见 card_mechanism.csv。; prior_evidence=card_mechanism.csv#DRG_314; generic-play-smoke:played,Draw 2 cards. Costs (2) less for each Treant you control.,抽两张牌。你每控制一个树人，该牌的法力值消耗便减少（2）点。,fireplace/cards/dragons/druid.py:88
17.6.0.53261,Descent of Dragons (DRAGONS),DRG_315,Embiggen,森然巨化,Cost modification|Spell resolution,GREEN,implemented,yes,"逐卡关键行为断言通过：deck_minions_gain_two_two_and_one_cost_up_to_ten: low=3/3/cost1/DECK;high=6/14/cost10/before(4, 12, 9);hand=1/1/cost0;spell=GRAVEYARD",card_mechanism.csv#DRG_315; generic-play-smoke:played; effect-evidence: reports/card_quality_full_2026-09-27/set_probe_DRAGONS.csv#DRG_315::deck_minions_gain_two_two_and_one_cost_up_to_ten; per-card: reports/card_quality_full_2026-09-27/set_probe_DRAGONS.csv#DRG_315::deck_minions_gain_two_two_and_one_cost_up_to_ten,聚合状态取该卡最差机制；普通烟测只证明可执行，不能单独构成 GREEN。 EN=Give all minions in your deck +2/+2. They cost (1) more (up to 10).; ZH=使你牌库中的所有随从牌获得+2/+2，且法力值消耗增加（1）点（最高不超过10点）。; source=fireplace/cards/dragons/druid.py:96; existing_tests=tests/test_dragons.py:12:test_embiggen; prior=YELLOW:2 个机制缺少充分的核心效果验证；逐机制依据见 card_mechanism.csv。; prior_evidence=card_mechanism.csv#DRG_315; generic-play-smoke:played,Give all minions in your deck +2/+2. They cost (1) more (up to 10).,使你牌库中的所有随从牌获得+2/+2，且法力值消耗增加（1）点（最高不超过10点）。,fireplace/cards/dragons/druid.py:96
17.6.0.53261,Descent of Dragons (DRAGONS),DRG_317,Secure the Deck,保护甲板,Spell resolution,GREEN,implemented,yes,"逐卡关键行为断言通过：two_hero_attacks_add_exactly_three_claws: after_first=1:SECRET:claws0;after_second=2:GRAVEYARD;claws=[('CS2_005', 'HAND'), ('CS2_005', 'HAND'), ('CS2_005', 'HAND')];weapon=GRAVEYARD:0;enemy_hero=24",card_mechanism.csv#DRG_317; generic-play-smoke:played; effect-evidence: reports/card_quality_full_2026-09-27/set_probe_DRAGONS.csv#DRG_317::two_hero_attacks_add_exactly_three_claws; per-card: reports/card_quality_full_2026-09-27/set_probe_DRAGONS.csv#DRG_317::two_hero_attacks_add_exactly_three_claws,聚合状态取该卡最差机制；普通烟测只证明可执行，不能单独构成 GREEN。 EN=Sidequest: Attack twice with your hero. Reward: Add 3 'Claw' spells to your hand.; ZH=支线任务： 用你的英雄攻击两次。奖励：将三张“爪击”法术牌置入你的手牌。; source=fireplace/cards/dragons/druid.py:111; existing_tests=none; prior=YELLOW:1 个机制缺少充分的核心效果验证；逐机制依据见 card_mechanism.csv。; prior_evidence=card_mechanism.csv#DRG_317; generic-play-smoke:played,Sidequest: Attack twice with your hero. Reward: Add 3 'Claw' spells to your hand.,支线任务： 用你的英雄攻击两次。奖励：将三张“爪击”法术牌置入你的手牌。,fireplace/cards/dragons/druid.py:111
17.6.0.53261,Descent of Dragons (DRAGONS),DRG_318,Breath of Dreams,梦境吐息,Draw / Discard|Spell resolution,GREEN,implemented,yes,逐卡关键行为断言通过：held_dragon_draws_and_gains_empty_crystal: dragon=True;drawn=HAND;max_mana=5;available=2;used=3;spell=GRAVEYARD; without_dragon_draws_without_mana_gain: dragon=False;drawn=HAND;max_mana=4;available=2;used=2;spell=GRAVEYARD,card_mechanism.csv#DRG_318; generic-play-smoke:played; effect-evidence: reports/card_quality_full_2026-09-27/set_probe_DRAGONS.csv#DRG_318::held_dragon_draws_and_gains_empty_crystal; reports/card_quality_full_2026-09-27/set_probe_DRAGONS.csv#DRG_318::without_dragon_draws_without_mana_gain; per-card: reports/card_quality_full_2026-09-27/set_probe_DRAGONS.csv#DRG_318::held_dragon_draws_and_gains_empty_crystal; reports/card_quality_full_2026-09-27/set_probe_DRAGONS.csv#DRG_318::without_dragon_draws_without_mana_gain,"聚合状态取该卡最差机制；普通烟测只证明可执行，不能单独构成 GREEN。 EN=Draw a card. If you're holding a Dragon, gain an empty Mana Crystal.; ZH=抽一张牌。如果你的手牌中有龙牌，便获得一个空的法力水晶。; source=fireplace/cards/dragons/druid.py:121; existing_tests=none; prior=YELLOW:2 个机制缺少充分的核心效果验证；逐机制依据见 card_mechanism.csv。; prior_evidence=card_mechanism.csv#DRG_318; generic-play-smoke:played","Draw a card. If you're holding a Dragon, gain an empty Mana Crystal.",抽一张牌。如果你的手牌中有龙牌，便获得一个空的法力水晶。,fireplace/cards/dragons/druid.py:121
17.6.0.53261,Descent of Dragons (DRAGONS),DRG_319,Goru the Mightree,强力巨树格鲁,Battlecry|Taunt,GREEN,implemented,yes,"逐卡关键行为断言通过：existing_and_future_friendly_treants_buff_after_goru_dies: earlier=(3, 3);later=3/3;enemy=2/2;goru=GRAVEYARD",card_mechanism.csv#DRG_319; generic-play-smoke:played; effect-evidence: reports/card_quality_full_2026-09-27/set_probe_DRAGONS.csv#DRG_319::existing_and_future_friendly_treants_buff_after_goru_dies; per-card: reports/card_quality_full_2026-09-27/set_probe_DRAGONS.csv#DRG_319::existing_and_future_friendly_treants_buff_after_goru_dies,"聚合状态取该卡最差机制；普通烟测只证明可执行，不能单独构成 GREEN。 EN=[x]Taunt Battlecry: For the rest of the game, your Treants have +1/+1.; ZH=嘲讽，战吼：在本局对战的剩余时间内，你的树人获得+1/+1。; source=fireplace/cards/dragons/druid.py:22; existing_tests=none; prior=YELLOW:2 个机制缺少充分的核心效果验证；逐机制依据见 card_mechanism.csv。; prior_evidence=card_mechanism.csv#DRG_319; generic-play-smoke:played","[x]Taunt Battlecry: For the rest of the game, your Treants have +1/+1.",嘲讽，战吼：在本局对战的剩余时间内，你的树人获得+1/+1。,fireplace/cards/dragons/druid.py:22
17.6.0.53261,Descent of Dragons (DRAGONS),DRG_320,"Ysera, Unleashed",觉醒巨龙伊瑟拉,Battlecry|Random effects|Summon|Trigger,GREEN,implemented,yes,"逐卡关键行为断言通过：seven_portals_shuffled_and_drawn_portal_summons_dragon: portals_before=7;remaining=6;replacement=HAND;drawn_portal=GRAVEYARD;summoned=[('EX1_572', 'PLAY', [24])];body=PLAY",card_mechanism.csv#DRG_320; generic-play-smoke:played; effect-evidence: reports/card_quality_full_2026-09-27/set_probe_DRAGONS.csv#DRG_320::seven_portals_shuffled_and_drawn_portal_summons_dragon; per-card: reports/card_quality_full_2026-09-27/set_probe_DRAGONS.csv#DRG_320::seven_portals_shuffled_and_drawn_portal_summons_dragon,"聚合状态取该卡最差机制；普通烟测只证明可执行，不能单独构成 GREEN。 EN=[x]Battlecry: Shuffle 7 Dream Portals into your deck. When drawn, summon a random Dragon.; ZH=战吼：将七张“梦境之门”洗入你的牌库。当抽到梦境之门时，随机召唤一条龙。; source=fireplace/cards/dragons/druid.py:36; existing_tests=none; prior=YELLOW:4 个机制缺少充分的核心效果验证；逐机制依据见 card_mechanism.csv。; prior_evidence=card_mechanism.csv#DRG_320; generic-play-smoke:played","[x]Battlecry: Shuffle 7 Dream Portals into your deck. When drawn, summon a random Dragon.",战吼：将七张“梦境之门”洗入你的牌库。当抽到梦境之门时，随机召唤一条龙。,fireplace/cards/dragons/druid.py:36
17.6.0.53261,Descent of Dragons (DRAGONS),DRG_321,Rolling Fireball,火球滚滚,Spell resolution|Targeting,GREEN,implemented,yes,"逐卡关键行为断言通过：one_neighbor_takes_seven_excess_damage: center=GRAVEYARD;right=5;enemy_hero=30;spell=GRAVEYARD; two_neighbors_only_one_receives_excess: center=GRAVEYARD;left=5;right=12;losses=(7, 0);hero=30;spell=GRAVEYARD",card_mechanism.csv#DRG_321; generic-play-smoke:played; effect-evidence: reports/card_quality_full_2026-09-27/set_probe_DRAGONS.csv#DRG_321::one_neighbor_takes_seven_excess_damage; reports/card_quality_full_2026-09-27/set_probe_DRAGONS.csv#DRG_321::two_neighbors_only_one_receives_excess; per-card: reports/card_quality_full_2026-09-27/set_probe_DRAGONS.csv#DRG_321::one_neighbor_takes_seven_excess_damage; reports/card_quality_full_2026-09-27/set_probe_DRAGONS.csv#DRG_321::two_neighbors_only_one_receives_excess,聚合状态取该卡最差机制；普通烟测只证明可执行，不能单独构成 GREEN。 EN=Deal $8 damage to a minion. Any excess damage continues to the left or right.; ZH=对一个随从造成$8点伤害，超过其生命值的伤害将由左侧或右侧的随从承担。; source=fireplace/cards/dragons/mage.py:154; existing_tests=tests/test_dragons.py:54:test_rolling_fireball | tests/test_dragons.py:60:test_rolling_fireball | tests/test_dragons.py:68:test_rolling_fireball; prior=YELLOW:2 个机制缺少充分的核心效果验证；逐机制依据见 card_mechanism.csv。; prior_evidence=card_mechanism.csv#DRG_321; generic-play-smoke:played,Deal $8 damage to a minion. Any excess damage continues to the left or right.,对一个随从造成$8点伤害，超过其生命值的伤害将由左侧或右侧的随从承担。,fireplace/cards/dragons/mage.py:154
17.6.0.53261,Descent of Dragons (DRAGONS),DRG_322,Dragoncaster,乘龙法师,Battlecry,GREEN,implemented,yes,逐卡关键行为断言通过：held_dragon_makes_only_next_spell_free_this_turn: dragon=True;base=4;first_cost=0;second_cost=4;target=6;first_zone=GRAVEYARD;body=PLAY; no_dragon_leaves_spell_cost_unchanged: dragon=False;base=4;first_cost=4;second_cost=4;target=12;first_zone=HAND;body=PLAY,card_mechanism.csv#DRG_322; generic-play-smoke:played; effect-evidence: reports/card_quality_full_2026-09-27/set_probe_DRAGONS.csv#DRG_322::held_dragon_makes_only_next_spell_free_this_turn; reports/card_quality_full_2026-09-27/set_probe_DRAGONS.csv#DRG_322::no_dragon_leaves_spell_cost_unchanged; per-card: reports/card_quality_full_2026-09-27/set_probe_DRAGONS.csv#DRG_322::held_dragon_makes_only_next_spell_free_this_turn; reports/card_quality_full_2026-09-27/set_probe_DRAGONS.csv#DRG_322::no_dragon_leaves_spell_cost_unchanged,"聚合状态取该卡最差机制；普通烟测只证明可执行，不能单独构成 GREEN。 EN=Battlecry: If you're holding a Dragon, your next spell this turn costs (0).; ZH=战吼：如果你的手牌中有龙牌，在本回合中你所施放的下一个法术的法力值消耗为（0）点。; source=fireplace/cards/dragons/mage.py:128; existing_tests=none; prior=YELLOW:1 个机制缺少充分的核心效果验证；逐机制依据见 card_mechanism.csv。; prior_evidence=card_mechanism.csv#DRG_322; generic-play-smoke:played","Battlecry: If you're holding a Dragon, your next spell this turn costs (0).",战吼：如果你的手牌中有龙牌，在本回合中你所施放的下一个法术的法力值消耗为（0）点。,fireplace/cards/dragons/mage.py:128
17.6.0.53261,Descent of Dragons (DRAGONS),DRG_323,Learn Draconic,学习龙语,Spell resolution|Summon,GREEN,implemented,yes,"逐卡关键行为断言通过：eight_paid_spell_mana_summons_one_six_six_dragon: zero=0:SECRET;half=4;final=8:GRAVEYARD;reward=[(6, 6, 'PLAY')];enemy_hero=18",card_mechanism.csv#DRG_323; generic-play-smoke:played; effect-evidence: reports/card_quality_full_2026-09-27/set_probe_DRAGONS.csv#DRG_323::eight_paid_spell_mana_summons_one_six_six_dragon; per-card: reports/card_quality_full_2026-09-27/set_probe_DRAGONS.csv#DRG_323::eight_paid_spell_mana_summons_one_six_six_dragon,聚合状态取该卡最差机制；普通烟测只证明可执行，不能单独构成 GREEN。 EN=[x]Sidequest: Spend 8 Mana on spells. Reward: Summon a 6/6 Dragon.; ZH=支线任务： 消耗8点法力值用于法术牌上。奖励：召唤一条6/6的龙。; source=fireplace/cards/dragons/mage.py:189; existing_tests=none; prior=YELLOW:2 个机制缺少充分的核心效果验证；逐机制依据见 card_mechanism.csv。; prior_evidence=card_mechanism.csv#DRG_323; generic-play-smoke:played,[x]Sidequest: Spend 8 Mana on spells. Reward: Summon a 6/6 Dragon.,支线任务： 消耗8点法力值用于法术牌上。奖励：召唤一条6/6的龙。,fireplace/cards/dragons/mage.py:189
17.6.0.53261,Descent of Dragons (DRAGONS),DRG_324,Elemental Allies,元素盟军,Draw / Discard|Spell resolution,GREEN,implemented,yes,"逐卡关键行为断言通过：elemental_two_turn_streak_draws_three_known_spells: first=1;final=2:GRAVEYARD;drawn=[('CS2_008', 'HAND'), ('CS2_029', 'HAND'), ('EX1_277', 'HAND')]; missing_elemental_turn_resets_streak: first=1;after_skipped_turn=0;after_next_elemental=1;quest=SECRET",card_mechanism.csv#DRG_324; generic-play-smoke:played; effect-evidence: reports/card_quality_full_2026-09-27/set_probe_DRAGONS.csv#DRG_324::elemental_two_turn_streak_draws_three_known_spells; reports/card_quality_full_2026-09-27/set_probe_DRAGONS.csv#DRG_324::missing_elemental_turn_resets_streak; per-card: reports/card_quality_full_2026-09-27/set_probe_DRAGONS.csv#DRG_324::elemental_two_turn_streak_draws_three_known_spells; reports/card_quality_full_2026-09-27/set_probe_DRAGONS.csv#DRG_324::missing_elemental_turn_resets_streak,聚合状态取该卡最差机制；普通烟测只证明可执行，不能单独构成 GREEN。 EN=[x]Sidequest: Play an Elemental 2 turns in a row. Reward: Draw 3 spells from your deck.; ZH=支线任务： 连续两个回合使用元素牌。奖励：从你的牌库中抽三张法术牌。; source=fireplace/cards/dragons/mage.py:200; existing_tests=tests/test_dragons.py:74:test_elemental_allies; prior=YELLOW:2 个机制缺少充分的核心效果验证；逐机制依据见 card_mechanism.csv。; prior_evidence=card_mechanism.csv#DRG_324; generic-play-smoke:played,[x]Sidequest: Play an Elemental 2 turns in a row. Reward: Draw 3 spells from your deck.,支线任务： 连续两个回合使用元素牌。奖励：从你的牌库中抽三张法术牌。,fireplace/cards/dragons/mage.py:200
17.6.0.53261,Descent of Dragons (DRAGONS),DRG_401,Grizzled Wizard,灰发巫师,Battlecry,GREEN,implemented,yes,"逐卡关键行为断言通过：swap_hero_powers_until_next_own_turn: original=HERO_08bp/HERO_05bp;immediate=('HERO_05bp', 'HERO_08bp');opponent_turn=('HERO_05bp', 'HERO_08bp');restored=('HERO_08bp', 'HERO_05bp');body=PLAY",card_mechanism.csv#DRG_401; generic-play-smoke:played; effect-evidence: reports/card_quality_full_2026-09-27/set_probe_DRAGONS.csv#DRG_401::swap_hero_powers_until_next_own_turn; per-card: reports/card_quality_full_2026-09-27/set_probe_DRAGONS.csv#DRG_401::swap_hero_powers_until_next_own_turn,聚合状态取该卡最差机制；普通烟测只证明可执行，不能单独构成 GREEN。 EN=Battlecry: Swap Hero Powers with your opponent until your next turn.; ZH=战吼：直到你的下个回合，和你的对手交换英雄技能。; source=fireplace/cards/dragons/neutral_epic.py:72; existing_tests=tests/test_dragons.py:139:test_grizzled_wizard; prior=YELLOW:1 个机制缺少充分的核心效果验证；逐机制依据见 card_mechanism.csv。; prior_evidence=card_mechanism.csv#DRG_401; generic-play-smoke:played,Battlecry: Swap Hero Powers with your opponent until your next turn.,战吼：直到你的下个回合，和你的对手交换英雄技能。,fireplace/cards/dragons/neutral_epic.py:72
17.6.0.53261,Descent of Dragons (DRAGONS),DRG_402,Sathrovarr,萨索瓦尔,Battlecry|Summon|Targeting,GREEN,implemented,yes,"逐卡关键行为断言通过：selected_friendly_minion_copied_to_hand_deck_and_board: body=PLAY;target=PLAY;hand=[('CS2_231', 'HAND')];deck=[('CS2_231', 'DECK')];field=[('CS2_231', 'PLAY', True), ('CS2_231', 'PLAY', False)];enemy_field=0",card_mechanism.csv#DRG_402; generic-play-smoke:played; effect-evidence: reports/card_quality_full_2026-09-27/set_probe_DRAGONS.csv#DRG_402::selected_friendly_minion_copied_to_hand_deck_and_board; per-card: reports/card_quality_full_2026-09-27/set_probe_DRAGONS.csv#DRG_402::selected_friendly_minion_copied_to_hand_deck_and_board,"聚合状态取该卡最差机制；普通烟测只证明可执行，不能单独构成 GREEN。 EN=Battlecry: Choose a friendly minion. Add a copy of it to your hand, deck, and battlefield.; ZH=战吼：选择一个友方随从。将一个它的复制置入你的手牌，牌库以及战场。; source=fireplace/cards/dragons/neutral_legendary.py:88; existing_tests=none; prior=YELLOW:3 个机制缺少充分的核心效果验证；逐机制依据见 card_mechanism.csv。; prior_evidence=card_mechanism.csv#DRG_402; generic-play-smoke:played","Battlecry: Choose a friendly minion. Add a copy of it to your hand, deck, and battlefield.",战吼：选择一个友方随从。将一个它的复制置入你的手牌，牌库以及战场。,fireplace/cards/dragons/neutral_legendary.py:88
17.6.0.53261,Descent of Dragons (DRAGONS),DRG_403,Blowtorch Saboteur,喷灯破坏者,Battlecry,GREEN,implemented,yes,逐卡实测：对手下一次英雄技能费用设为三，自身被消灭后效果仍在；使用一次后费用恢复。,tests/test_dragons_red_fixes.py::test_blowtorch_saboteur_sets_only_the_opponents_next_power_to_three,原始结论保留于known_issues_archive_2026-09-29/。 短时效果挂在己方玩家并监听对手技能。,Battlecry: Your opponent's next Hero Power costs (3).,战吼：你对手的下一个英雄技能的法力值消耗为（3）点。,fireplace/cards/dragons/neutral_epic.py:89
17.6.0.53261,Descent of Dragons (DRAGONS),DRG_500,Molten Breath,熔火吐息,Spell resolution|Targeting,GREEN,implemented,yes,逐卡关键行为断言通过：held_dragon_five_damage_and_five_armor: dragon=True;target=7:PLAY;armor=5;enemy_hero=30;spell=GRAVEYARD; without_dragon_five_damage_no_armor: dragon=False;target=7:PLAY;armor=0;enemy_hero=30;spell=GRAVEYARD,card_mechanism.csv#DRG_500; generic-play-smoke:played; effect-evidence: reports/card_quality_full_2026-09-27/set_probe_DRAGONS.csv#DRG_500::held_dragon_five_damage_and_five_armor; reports/card_quality_full_2026-09-27/set_probe_DRAGONS.csv#DRG_500::without_dragon_five_damage_no_armor; per-card: reports/card_quality_full_2026-09-27/set_probe_DRAGONS.csv#DRG_500::held_dragon_five_damage_and_five_armor; reports/card_quality_full_2026-09-27/set_probe_DRAGONS.csv#DRG_500::without_dragon_five_damage_no_armor,"聚合状态取该卡最差机制；普通烟测只证明可执行，不能单独构成 GREEN。 EN=[x]Deal $5 damage to a minion. If you're holding a Dragon, gain 5 Armor.; ZH=对一个随从造成$5点伤害。如果你的手牌中有龙牌，便获得5点护甲值。; source=fireplace/cards/dragons/warrior.py:69; existing_tests=none; prior=YELLOW:2 个机制缺少充分的核心效果验证；逐机制依据见 card_mechanism.csv。; prior_evidence=card_mechanism.csv#DRG_500; generic-play-smoke:played","[x]Deal $5 damage to a minion. If you're holding a Dragon, gain 5 Armor.",对一个随从造成$5点伤害。如果你的手牌中有龙牌，便获得5点护甲值。,fireplace/cards/dragons/warrior.py:69
17.6.0.53261,Descent of Dragons (DRAGONS),DRG_600,"Galakrond, the Wretched",邪火巨龙迦拉克隆,Battlecry|Random effects|Summon,GREEN,implemented,yes,"逐卡关键行为断言通过：uninvoked_hero_summons_one_random_demon: hero=DRG_600;power=DRG_238p3;armor=5;demons=[('BT_156', 'PLAY')];card=PLAY; two_real_invokes_summon_two_demons: invokes=2;before_id=DRG_600t2;hero=DRG_600t2;armor=5;demons=[('BT_156', 'PLAY'), ('DAL_561', 'PLAY')];weapon=None; four_real_invokes_summon_four_demons_and_claw: invokes=4;before_id=DRG_600t3;hero=DRG_600t3;armor=5;demons=[('BT_156', 'PLAY'), ('DAL_561', 'PLAY'), ('CS2_059', 'PLAY'), ('BT_728', 'PLAY')];weapon=('DRG_238ht', 5, 2)",card_mechanism.csv#DRG_600; generic-play-smoke:played; effect-evidence: reports/card_quality_full_2026-09-27/set_probe_DRAGONS.csv#DRG_600::uninvoked_hero_summons_one_random_demon; reports/card_quality_full_2026-09-27/set_probe_DRAGONS.csv#DRG_600::two_real_invokes_summon_two_demons; reports/card_quality_full_2026-09-27/set_probe_DRAGONS.csv#DRG_600::four_real_invokes_summon_four_demons_and_claw; per-card: reports/card_quality_full_2026-09-27/set_probe_DRAGONS.csv#DRG_600::uninvoked_hero_summons_one_random_demon; reports/card_quality_full_2026-09-27/set_probe_DRAGONS.csv#DRG_600::two_real_invokes_summon_two_demons; reports/card_quality_full_2026-09-27/set_probe_DRAGONS.csv#DRG_600::four_real_invokes_summon_four_demons_and_claw,聚合状态取该卡最差机制；普通烟测只证明可执行，不能单独构成 GREEN。 EN=[x]Battlecry: Summon 1 random Demon. (@); ZH=战吼：随机召唤一个恶魔。（@）; source=fireplace/cards/dragons/warlock.py:114; existing_tests=none; prior=YELLOW:3 个机制缺少充分的核心效果验证；逐机制依据见 card_mechanism.csv。; prior_evidence=card_mechanism.csv#DRG_600; generic-play-smoke:played,[x]Battlecry: Summon 1 random Demon. (@),战吼：随机召唤一个恶魔。（@）,fireplace/cards/dragons/warlock.py:114
17.6.0.53261,Descent of Dragons (DRAGONS),DRG_610,"Galakrond, the Nightmare",梦魇巨龙迦拉克隆,Battlecry|Draw / Discard,GREEN,implemented,yes,逐卡实测：三个升级等级分别抽一、二、四张牌，并按当前 CardDefs 卡面将抽到牌费用设为 1。,tests/test_dragons_red_fixes.py::test_galakrond_the_nightmare_draws_one_cost_cards_at_each_rank,原始结论保留于known_issues_archive_2026-09-29/。 CardDefs 17.6.0.53261 卡面写费用 (1)；使用 SET(1) 而非旧实现的加一。,[x]Battlecry: Draw 1 card. It costs (1). (@),战吼：抽一张牌，其法力值消耗为（1）点。（@）,fireplace/cards/dragons/rogue.py:112
17.6.0.53261,Descent of Dragons (DRAGONS),DRG_620,"Galakrond, the Tempest",风暴巨龙迦拉克隆,Battlecry|Summon,GREEN,implemented,yes,"逐卡关键行为断言通过：uninvoked_hero_summons_two_two_two_rush_storms: hero=DRG_620;power=DRG_238p4;armor=5;storms=[(2, 2, 1, 'PLAY'), (2, 2, 1, 'PLAY')];card=PLAY; two_real_invokes_summon_two_four_four_rush_storms: invokes=2;before_id=DRG_620t2;hero=DRG_620t2;storms=[('DRG_620t5', 4, 4, 1), ('DRG_620t5', 4, 4, 1)];weapon=None; four_real_invokes_summon_two_eight_eight_storms_and_claw: invokes=4;before_id=DRG_620t3;hero=DRG_620t3;storms=[('DRG_620t6', 8, 8, 1), ('DRG_620t6', 8, 8, 1)];weapon=('DRG_238ht', 5, 2)",card_mechanism.csv#DRG_620; generic-play-smoke:played; effect-evidence: reports/card_quality_full_2026-09-27/set_probe_DRAGONS.csv#DRG_620::uninvoked_hero_summons_two_two_two_rush_storms; reports/card_quality_full_2026-09-27/set_probe_DRAGONS.csv#DRG_620::two_real_invokes_summon_two_four_four_rush_storms; reports/card_quality_full_2026-09-27/set_probe_DRAGONS.csv#DRG_620::four_real_invokes_summon_two_eight_eight_storms_and_claw; per-card: reports/card_quality_full_2026-09-27/set_probe_DRAGONS.csv#DRG_620::uninvoked_hero_summons_two_two_two_rush_storms; reports/card_quality_full_2026-09-27/set_probe_DRAGONS.csv#DRG_620::two_real_invokes_summon_two_four_four_rush_storms; reports/card_quality_full_2026-09-27/set_probe_DRAGONS.csv#DRG_620::four_real_invokes_summon_two_eight_eight_storms_and_claw,聚合状态取该卡最差机制；普通烟测只证明可执行，不能单独构成 GREEN。 EN=[x]Battlecry: Summon two 2/2 Storms with Rush. (@); ZH=战吼：召唤两个2/2并具有突袭的风暴。（@）; source=fireplace/cards/dragons/shaman.py:121; existing_tests=none; prior=YELLOW:2 个机制缺少充分的核心效果验证；逐机制依据见 card_mechanism.csv。; prior_evidence=card_mechanism.csv#DRG_620; generic-play-smoke:played,[x]Battlecry: Summon two 2/2 Storms with Rush. (@),战吼：召唤两个2/2并具有突袭的风暴。（@）,fireplace/cards/dragons/shaman.py:121
17.6.0.53261,Descent of Dragons (DRAGONS),DRG_650,"Galakrond, the Unbreakable",无敌巨龙迦拉克隆,Battlecry|Draw / Discard|Targeting,GREEN,implemented,yes,"逐卡关键行为断言通过：uninvoked_hero_draws_only_minion_and_buffs_four_four: hero=DRG_650;power=DRG_238p;armor=5;target=5/5/HAND;other=DECK;card=PLAY; two_real_invokes_draw_two_minions_plus_four_four: invokes=2;hero=DRG_650t2;before_id=DRG_650t2;drawn=[(5, 5, 'HAND'), (5, 5, 'HAND')];waiting=6;weapon=None; four_real_invokes_draw_four_buffed_minions_and_claw: invokes=4;hero=DRG_650t3;before_id=DRG_650t3;drawn=[(5, 5, 'HAND'), (5, 5, 'HAND'), (5, 5, 'HAND'), (5, 5, 'HAND')];waiting=4;weapon=('DRG_238ht', 5, 2)",card_mechanism.csv#DRG_650; generic-play-smoke:played; effect-evidence: reports/card_quality_full_2026-09-27/set_probe_DRAGONS.csv#DRG_650::uninvoked_hero_draws_only_minion_and_buffs_four_four; reports/card_quality_full_2026-09-27/set_probe_DRAGONS.csv#DRG_650::two_real_invokes_draw_two_minions_plus_four_four; reports/card_quality_full_2026-09-27/set_probe_DRAGONS.csv#DRG_650::four_real_invokes_draw_four_buffed_minions_and_claw; per-card: reports/card_quality_full_2026-09-27/set_probe_DRAGONS.csv#DRG_650::uninvoked_hero_draws_only_minion_and_buffs_four_four; reports/card_quality_full_2026-09-27/set_probe_DRAGONS.csv#DRG_650::two_real_invokes_draw_two_minions_plus_four_four; reports/card_quality_full_2026-09-27/set_probe_DRAGONS.csv#DRG_650::four_real_invokes_draw_four_buffed_minions_and_claw,聚合状态取该卡最差机制；普通烟测只证明可执行，不能单独构成 GREEN。 EN=[x]Battlecry: Draw 1 minion. Give it +4/+4. (@); ZH=战吼：抽一张随从牌，使其获得+4/+4。（@）; source=fireplace/cards/dragons/warrior.py:100; existing_tests=tests/test_arena_core.py:79:test_pool_includes_basic_and_class_neutral_cards_and_playable_heroes | tests/test_dragons.py:184:test_kronx_dragonhoof_draw_galakrond | tests/test_dragons.py:192:test_kronx_dragonhoof_draw_unleash_devastation | tests/test_dragons.py:206:test_invoke; prior=YELLOW:3 个机制缺少充分的核心效果验证；逐机制依据见 card_mechanism.csv。; prior_evidence=card_mechanism.csv#DRG_650; generic-play-smoke:played,[x]Battlecry: Draw 1 minion. Give it +4/+4. (@),战吼：抽一张随从牌，使其获得+4/+4。（@）,fireplace/cards/dragons/warrior.py:100
17.6.0.53261,Descent of Dragons (DRAGONS),DRG_660,"Galakrond, the Unspeakable",讳言巨龙迦拉克隆,Battlecry|Random effects,GREEN,implemented,yes,"逐卡关键行为断言通过：uninvoked_hero_destroys_one_random_enemy_minion: hero=DRG_660;power=DRG_238p5;armor=5;enemy_zones=['GRAVEYARD', 'PLAY'];own=PLAY;card=PLAY; two_real_invokes_destroy_two_enemy_minions: invokes=2;hero=DRG_660t2;before_id=DRG_660t2;enemy_zones=['PLAY', 'GRAVEYARD', 'PLAY', 'GRAVEYARD'];dead=2;weapon=None; four_real_invokes_destroy_four_enemy_minions_and_claw: invokes=4;hero=DRG_660t3;before_id=DRG_660t3;enemy_zones=['GRAVEYARD', 'GRAVEYARD', 'GRAVEYARD', 'GRAVEYARD'];dead=4;weapon=('DRG_238ht', 5, 2)",card_mechanism.csv#DRG_660; generic-play-smoke:played; effect-evidence: reports/card_quality_full_2026-09-27/set_probe_DRAGONS.csv#DRG_660::uninvoked_hero_destroys_one_random_enemy_minion; reports/card_quality_full_2026-09-27/set_probe_DRAGONS.csv#DRG_660::two_real_invokes_destroy_two_enemy_minions; reports/card_quality_full_2026-09-27/set_probe_DRAGONS.csv#DRG_660::four_real_invokes_destroy_four_enemy_minions_and_claw; per-card: reports/card_quality_full_2026-09-27/set_probe_DRAGONS.csv#DRG_660::uninvoked_hero_destroys_one_random_enemy_minion; reports/card_quality_full_2026-09-27/set_probe_DRAGONS.csv#DRG_660::two_real_invokes_destroy_two_enemy_minions; reports/card_quality_full_2026-09-27/set_probe_DRAGONS.csv#DRG_660::four_real_invokes_destroy_four_enemy_minions_and_claw,聚合状态取该卡最差机制；普通烟测只证明可执行，不能单独构成 GREEN。 EN=[x]Battlecry: Destroy 1 random enemy minion. (@); ZH=战吼：随机消灭一个敌方随从。（@）; source=fireplace/cards/dragons/priest.py:162; existing_tests=none; prior=YELLOW:2 个机制缺少充分的核心效果验证；逐机制依据见 card_mechanism.csv。; prior_evidence=card_mechanism.csv#DRG_660; generic-play-smoke:played,[x]Battlecry: Destroy 1 random enemy minion. (@),战吼：随机消灭一个敌方随从。（@）,fireplace/cards/dragons/priest.py:162
