version,set,card_id,name_en,name_zh,mechanic,status,implementation,tested,reason,evidence,notes,scope,card_type,collectible,python_source,card_text_en
17.6.0.53261,Ashes of Outland (BLACK_TEMPLE),BT_124,Corsair Cache,海盗藏品,Draw / Discard|Spell resolution|Targeting,RED,partial,yes,实测与卡牌文本不符：draws_weapon_with_one_extra_durability: weapon=CS2_091:4->4:DECK;other=DECK;spell=GRAVEYARD,card_mechanism.csv#BT_124; generic-play-smoke:played; effect-evidence: reports/card_quality_full_2026-09-27/set_probe_BLACK_TEMPLE.csv#BT_124::draws_weapon_with_one_extra_durability; per-card: reports/card_quality_full_2026-09-27/set_probe_BLACK_TEMPLE.csv#BT_124::draws_weapon_with_one_extra_durability,聚合状态取该卡最差机制；普通烟测只证明可执行，不能单独构成 GREEN。 EN=Draw a weapon. Give it +1 Durability.; ZH=抽一张武器牌。使其获得+1耐久度。; source=fireplace/cards/outlands/warrior.py:97; existing_tests=none; prior=YELLOW:3 个机制缺少充分的核心效果验证；逐机制依据见 card_mechanism.csv。; prior_evidence=card_mechanism.csv#BT_124; generic-play-smoke:played,ordinary_collectible,SPELL,yes,fireplace/cards/outlands/warrior.py:97,Draw a weapon. Give it +1 Durability.
17.6.0.53261,Ashes of Outland (BLACK_TEMPLE),BT_159,Terrorguard Escapee,逃脱的恐惧卫士,Battlecry|Summon,RED,partial,yes,"实测与卡牌文本不符：battlecry_summons_three_one_one_tokens_for_opponent: body=PLAY;own=['BT_159'];enemy=[('BT_159t', 1, 1, 'PLAY')];tokens=1",card_mechanism.csv#BT_159; generic-play-smoke:played; effect-evidence: reports/card_quality_full_2026-09-27/set_probe_BLACK_TEMPLE.csv#BT_159::battlecry_summons_three_one_one_tokens_for_opponent; per-card: reports/card_quality_full_2026-09-27/set_probe_BLACK_TEMPLE.csv#BT_159::battlecry_summons_three_one_one_tokens_for_opponent,聚合状态取该卡最差机制；普通烟测只证明可执行，不能单独构成 GREEN。 EN=Battlecry: Summon three 1/1 Huntresses for your opponent.; ZH=战吼：为你的对手召唤三个1/1的女猎手。; source=fireplace/cards/outlands/neutral_common.py:33; existing_tests=none; prior=YELLOW:2 个机制缺少充分的核心效果验证；逐机制依据见 card_mechanism.csv。; prior_evidence=card_mechanism.csv#BT_159; generic-play-smoke:played,ordinary_collectible,MINION,yes,fireplace/cards/outlands/neutral_common.py:33,Battlecry: Summon three 1/1 Huntresses for your opponent.
17.6.0.53261,Ashes of Outland (BLACK_TEMPLE),BT_196,Keli'dan the Breaker,击碎者克里丹,Battlecry|Targeting,RED,partial,yes,"实测与卡牌文本不符：drawn_this_turn_battlecry_destroys_all_other_minions: drawn=BT_196/HAND/same_deck_entity=True;drawn_this_turn=True/powered_up=True;kelidan=PLAY;ally=PLAY;enemies=['PLAY', 'PLAY'];pfield=['CS2_182', 'BT_196'];efield=['CS2_231', 'CS2_182'];deck=PLAY",card_mechanism.csv#BT_196; generic-play-smoke:played; effect-evidence: reports/card_quality_full_2026-09-27/set_probe_BLACK_TEMPLE.csv#BT_196::not_drawn_this_turn_destroys_selected_minion_only; reports/card_quality_full_2026-09-27/set_probe_BLACK_TEMPLE.csv#BT_196::drawn_this_turn_battlecry_destroys_all_other_minions; per-card: reports/card_quality_full_2026-09-27/set_probe_BLACK_TEMPLE.csv#BT_196::not_drawn_this_turn_destroys_selected_minion_only; reports/card_quality_full_2026-09-27/set_probe_BLACK_TEMPLE.csv#BT_196::drawn_this_turn_battlecry_destroys_all_other_minions,"聚合状态取该卡最差机制；普通烟测只证明可执行，不能单独构成 GREEN。 EN=[x]Battlecry: Destroy a minion. If drawn this turn, instead destroy all minions except this one.; ZH=战吼：消灭一个随从。如果该牌在本回合被抽到，则改为消灭除此随从外的所有随从。; source=fireplace/cards/outlands/warlock.py:8; existing_tests=none; prior=YELLOW:2 个机制缺少充分的核心效果验证；逐机制依据见 card_mechanism.csv。; prior_evidence=card_mechanism.csv#BT_196; generic-play-smoke:played",ordinary_collectible,MINION,yes,fireplace/cards/outlands/warlock.py:8,"[x]Battlecry: Destroy a minion. If drawn this turn, instead destroy all minions except this one."
17.6.0.53261,Ashes of Outland (BLACK_TEMPLE),BT_253,Psyche Split,心灵分裂,Spell resolution|Summon|Targeting,RED,partial,yes,"实测与卡牌文本不符：buffs_target_one_two_and_summons_buffed_copy: spell=GRAVEYARD;before=(1, 1, 1);target=PLAY/1/1/1/damage=0;wisps=[('CS2_231', 1, 1, 'PLAY'), ('CS2_231', 1, 1, 'PLAY')];field=['CS2_231', 'CS2_231']",card_mechanism.csv#BT_253; generic-play-smoke:played; effect-evidence: reports/card_quality_full_2026-09-27/set_probe_BLACK_TEMPLE.csv#BT_253::buffs_target_one_two_and_summons_buffed_copy; per-card: reports/card_quality_full_2026-09-27/set_probe_BLACK_TEMPLE.csv#BT_253::buffs_target_one_two_and_summons_buffed_copy,聚合状态取该卡最差机制；普通烟测只证明可执行，不能单独构成 GREEN。 EN=Give a minion +1/+2. Summon a copy of it.; ZH=使一个随从获得+1/+2，并召唤一个它的复制。; source=fireplace/cards/outlands/priest.py:99; existing_tests=none; prior=YELLOW:3 个机制缺少充分的核心效果验证；逐机制依据见 card_mechanism.csv。; prior_evidence=card_mechanism.csv#BT_253; generic-play-smoke:played,ordinary_collectible,SPELL,yes,fireplace/cards/outlands/priest.py:99,Give a minion +1/+2. Summon a copy of it.
17.6.0.53261,Ashes of Outland (BLACK_TEMPLE),BT_702,Ashtongue Slayer,灰舌杀手,Battlecry|Targeting,RED,partial,yes,"实测与卡牌文本不符：stealthed_target_gains_three_attack_and_temporary_immune: base=3;now=(6, True);after_turn=(6, True);body=PLAY;target=PLAY",card_mechanism.csv#BT_702; generic-play-smoke:played; effect-evidence: reports/card_quality_full_2026-09-27/set_probe_BLACK_TEMPLE.csv#BT_702::stealthed_target_gains_three_attack_and_temporary_immune; per-card: reports/card_quality_full_2026-09-27/set_probe_BLACK_TEMPLE.csv#BT_702::stealthed_target_gains_three_attack_and_temporary_immune,聚合状态取该卡最差机制；普通烟测只证明可执行，不能单独构成 GREEN。 EN=Battlecry: Give a Stealthed minion +3 Attack and Immune this turn.; ZH=战吼：在本回合中，使一个潜行的随从获得+3攻击力和免疫。; source=fireplace/cards/outlands/rogue.py:18; existing_tests=none; prior=YELLOW:2 个机制缺少充分的核心效果验证；逐机制依据见 card_mechanism.csv。; prior_evidence=card_mechanism.csv#BT_702; generic-play-smoke:played,ordinary_collectible,MINION,yes,fireplace/cards/outlands/rogue.py:18,Battlecry: Give a Stealthed minion +3 Attack and Immune this turn.
17.6.0.53261,Ashes of Outland (BLACK_TEMPLE),BT_716,Bonechewer Vanguard,噬骨先锋,Taunt|Trigger,RED,partial,yes,实测与卡牌文本不符：two_damage_events_each_add_two_attack: base=4;after1=4;after2=4;health=8;taunt=1;zone=PLAY,card_mechanism.csv#BT_716; generic-play-smoke:played; effect-evidence: reports/card_quality_full_2026-09-27/set_probe_BLACK_TEMPLE.csv#BT_716::two_damage_events_each_add_two_attack; per-card: reports/card_quality_full_2026-09-27/set_probe_BLACK_TEMPLE.csv#BT_716::two_damage_events_each_add_two_attack,"聚合状态取该卡最差机制；普通烟测只证明可执行，不能单独构成 GREEN。 EN=[x]Taunt Whenever this minion takes damage, gain +2 Attack.; ZH=嘲讽 每当该随从受到伤害，便获得+2攻击力。; source=fireplace/cards/outlands/neutral_common.py:74; existing_tests=none; prior=YELLOW:2 个机制缺少充分的核心效果验证；逐机制依据见 card_mechanism.csv。; prior_evidence=card_mechanism.csv#BT_716; generic-play-smoke:played",ordinary_collectible,MINION,yes,fireplace/cards/outlands/neutral_common.py:74,"[x]Taunt Whenever this minion takes damage, gain +2 Attack."
17.6.0.53261,Ashes of Outland (BLACK_TEMPLE),BT_731,Infectious Sporeling,传染孢子,Targeting|Transform|Trigger,RED,partial,yes,攻击敌方英雄造成伤害后，错误地将英雄变形为传染孢子：原英雄移至 SETASIDE，敌方场上出现 BT_731,card_mechanism.csv#BT_731; generic-play-smoke:played; effect-evidence: fireplace/cards/outlands/neutral_rare.py:30; reports/card_quality_full_2026-09-27/infectious_sporeling_probe.csv#SPORE-02,聚合状态取该卡最差机制；普通烟测只证明可执行，不能单独构成 GREEN。,ordinary_collectible,MINION,yes,fireplace/cards/outlands/neutral_rare.py:26,"After this damages a minion, turn it into an Infectious Sporeling."
17.6.0.53261,The Boomsday Project (BOOMSDAY),BOT_236,Crystalsmith Kangor,水晶工匠坎格尔,Continuous effect / Update|Divine Shield|Lifesteal,RED,partial,yes,实测与卡牌文本不符：lifesteal_healing_doubles: hero_after_one_lifesteal_damage=26;shield_after_attack=False;lifesteal=1;body=PLAY;enemy=4,card_mechanism.csv#BOT_236; generic-play-smoke:played; effect-evidence: reports/card_quality_full_2026-09-27/set_probe_BOOMSDAY.csv#BOT_236::spell_healing_doubles; reports/card_quality_full_2026-09-27/set_probe_BOOMSDAY.csv#BOT_236::lifesteal_healing_doubles; per-card: reports/card_quality_full_2026-09-27/set_probe_BOOMSDAY.csv#BOT_236::spell_healing_doubles; reports/card_quality_full_2026-09-27/set_probe_BOOMSDAY.csv#BOT_236::lifesteal_healing_doubles,"聚合状态取该卡最差机制；普通烟测只证明可执行，不能单独构成 GREEN。 EN=Divine Shield, Lifesteal Your healing is doubled.; ZH=圣盾，吸血 你的治疗效果翻倍。; source=fireplace/cards/boomsday/paladin.py:8; existing_tests=none; prior=YELLOW:3 个机制缺少充分的核心效果验证；逐机制依据见 card_mechanism.csv。; prior_evidence=card_mechanism.csv#BOT_236; generic-play-smoke:played",ordinary_collectible,MINION,yes,fireplace/cards/boomsday/paladin.py:8,"Divine Shield, Lifesteal Your healing is doubled."
17.6.0.53261,The Boomsday Project (BOOMSDAY),BOT_299,Omega Assembly,欧米茄装配,Discover / Choice|Random effects|Spell resolution,RED,partial,yes,"实测与卡牌文本不符：ten_mana_keeps_all_discover_options: full=GRAVEYARD;full_choice=True;all_mechs=['BOT_218', 'CFM_025', 'GVG_105'];low=GRAVEYARD;low_options=[];selected=None:None;low_choice_closed=True",card_mechanism.csv#BOT_299; generic-play-smoke:played; effect-evidence: reports/card_quality_full_2026-09-27/set_probe_BOOMSDAY.csv#BOT_299::ten_mana_keeps_all_discover_options; per-card: reports/card_quality_full_2026-09-27/set_probe_BOOMSDAY.csv#BOT_299::ten_mana_keeps_all_discover_options,"聚合状态取该卡最差机制；普通烟测只证明可执行，不能单独构成 GREEN。 EN=[x]Discover a Mech. If you have 10 Mana Crystals, keep all 3 cards.; ZH=发现一张机械牌。如果你有十个法力水晶，保留全部三张牌。; source=fireplace/cards/boomsday/warrior.py:80; existing_tests=none; previous=YELLOW:3 个机制缺少充分的核心效果验证；逐机制依据见 card_mechanism.csv。; prior_evidence=card_mechanism.csv#BOT_299; generic-play-smoke:played",ordinary_collectible,SPELL,yes,fireplace/cards/boomsday/warrior.py:80,"[x]Discover a Mech. If you have 10 Mana Crystals, keep all 3 cards."
17.6.0.53261,The Boomsday Project (BOOMSDAY),BOT_411,Electra Stormsurge,伊莱克特拉·风潮,Battlecry,RED,partial,yes,实测与卡牌文本不符：next_spell_casts_twice_once: electra=PLAY;lightning=GRAVEYARD;hero_after_double=24;overload=0;moonfire=GRAVEYARD;hero_after_next=23,card_mechanism.csv#BOT_411; generic-play-smoke:played; effect-evidence: reports/card_quality_full_2026-09-27/set_probe_BOOMSDAY.csv#BOT_411::next_spell_casts_twice_once; per-card: reports/card_quality_full_2026-09-27/set_probe_BOOMSDAY.csv#BOT_411::next_spell_casts_twice_once,聚合状态取该卡最差机制；普通烟测只证明可执行，不能单独构成 GREEN。 EN=Battlecry: Your next spell this turn casts twice.; ZH=战吼：在本回合中，你的下一个法术将施放两次。; source=fireplace/cards/boomsday/shaman.py:25; existing_tests=tests/test_boomsday.py:84:test_electra_stormsurge; previous=YELLOW:1 个机制缺少充分的核心效果验证；逐机制依据见 card_mechanism.csv。; prior_evidence=card_mechanism.csv#BOT_411; generic-play-smoke:played,ordinary_collectible,MINION,yes,fireplace/cards/boomsday/shaman.py:25,Battlecry: Your next spell this turn casts twice.
17.6.0.53261,The Boomsday Project (BOOMSDAY),BOT_414,Cloakscale Chemist,隐鳞药剂师,Divine Shield|Stealth,RED,none,yes,"实测与卡牌文本不符：stealth_removes_on_attack_shield_blocks_next_damage: before=(1, 1, 2);untargetable_by_spell=True;after_attack=(False, False, 2, 4);after_moonfire=(False, 1);spell=GRAVEYARD",card_mechanism.csv#BOT_414; generic-play-smoke:played; effect-evidence: reports/card_quality_full_2026-09-27/set_probe_BOOMSDAY.csv#BOT_414::stealth_removes_on_attack_shield_blocks_next_damage; per-card: reports/card_quality_full_2026-09-27/set_probe_BOOMSDAY.csv#BOT_414::stealth_removes_on_attack_shield_blocks_next_damage,聚合状态取该卡最差机制；普通烟测只证明可执行，不能单独构成 GREEN。 EN=Stealth Divine Shield; ZH=潜行 圣盾; source=fireplace/cards/CardDefs.xml#BOT_414; existing_tests=none; previous=YELLOW:2 个机制缺少充分的核心效果验证；逐机制依据见 card_mechanism.csv。; prior_evidence=card_mechanism.csv#BOT_414; generic-play-smoke:played,ordinary_collectible,MINION,yes,,Stealth Divine Shield
17.6.0.53261,The Boomsday Project (BOOMSDAY),BOT_420,Landscaping,植树造林,Spell resolution|Summon,RED,partial,yes,"实测与卡牌文本不符：spell_summons_two_two_two_treants: spell=GRAVEYARD;treants=[(2, 2, [<Race.INVALID: 0>], 'PLAY'), (2, 2, [<Race.INVALID: 0>], 'PLAY')];board=2",card_mechanism.csv#BOT_420; generic-play-smoke:played; effect-evidence: reports/card_quality_full_2026-09-27/set_probe_BOOMSDAY.csv#BOT_420::spell_summons_two_two_two_treants; per-card: reports/card_quality_full_2026-09-27/set_probe_BOOMSDAY.csv#BOT_420::spell_summons_two_two_two_treants,聚合状态取该卡最差机制；普通烟测只证明可执行，不能单独构成 GREEN。 EN=Summon two 2/2 Treants.; ZH=召唤两个2/2的树人。; source=fireplace/cards/boomsday/druid.py:110; existing_tests=none; previous=YELLOW:2 个机制缺少充分的核心效果验证；逐机制依据见 card_mechanism.csv。; prior_evidence=card_mechanism.csv#BOT_420; generic-play-smoke:played,ordinary_collectible,SPELL,yes,fireplace/cards/boomsday/druid.py:110,Summon two 2/2 Treants.
17.6.0.53261,The Boomsday Project (BOOMSDAY),BOT_433,Dr. Morrigan,莫瑞甘博士,Deathrattle,RED,partial,yes,"实测与卡牌文本不符：death_swaps_with_one_minion_from_deck: morrigan=DECK;replacement=[];chosen=CS2_182:GRAVEYARD;spell=CS2_008:DECK;deck=['CS2_008', 'BOT_433']",card_mechanism.csv#BOT_433; generic-play-smoke:played; effect-evidence: reports/card_quality_full_2026-09-27/set_probe_BOOMSDAY.csv#BOT_433::death_swaps_with_one_minion_from_deck; per-card: reports/card_quality_full_2026-09-27/set_probe_BOOMSDAY.csv#BOT_433::death_swaps_with_one_minion_from_deck,聚合状态取该卡最差机制；普通烟测只证明可执行，不能单独构成 GREEN。 EN=Deathrattle: Swap this with a minion from your deck.; ZH=亡语： 将该随从与你牌库中的一个随从互换。; source=fireplace/cards/boomsday/warlock.py:25; existing_tests=none; previous=YELLOW:1 个机制缺少充分的核心效果验证；逐机制依据见 card_mechanism.csv。; prior_evidence=card_mechanism.csv#BOT_433; generic-play-smoke:played,ordinary_collectible,MINION,yes,fireplace/cards/boomsday/warlock.py:25,Deathrattle: Swap this with a minion from your deck.
17.6.0.53261,The Boomsday Project (BOOMSDAY),BOT_434,Flobbidinous Floop,软泥教授弗洛普,Trigger,RED,partial,yes,"实测与卡牌文本不符：hand_card_copies_last_minion_as_three_four: original=('BOT_434', 'BOT_434', 4, 3, 4);first=CS2_182/('BOT_434', 'BOT_434', 4, 3, 4);second=EX1_016/('BOT_434', 'BOT_434', 4, 3, 4);after_spell=('BOT_434', 'BOT_434', 4, 3, 4)",card_mechanism.csv#BOT_434; generic-play-smoke:played; effect-evidence: reports/card_quality_full_2026-09-27/set_probe_BOOMSDAY.csv#BOT_434::hand_card_copies_last_minion_as_three_four; per-card: reports/card_quality_full_2026-09-27/set_probe_BOOMSDAY.csv#BOT_434::hand_card_copies_last_minion_as_three_four,"聚合状态取该卡最差机制；普通烟测只证明可执行，不能单独构成 GREEN。 EN=While in your hand, this is a 3/4 copy of the last minion you played.; ZH=如果这张牌在你的手牌中，变成你使用的最后一张随从牌的3/4复制。; source=fireplace/cards/boomsday/druid.py:52; existing_tests=none; previous=YELLOW:1 个机制缺少充分的核心效果验证；逐机制依据见 card_mechanism.csv。; prior_evidence=card_mechanism.csv#BOT_434; generic-play-smoke:played",ordinary_collectible,MINION,yes,fireplace/cards/boomsday/druid.py:52,"While in your hand, this is a 3/4 copy of the last minion you played."
17.6.0.53261,The Boomsday Project (BOOMSDAY),BOT_451,Voltaic Burst,流电爆裂,Overload|Spell resolution|Summon,RED,partial,yes,"实测与卡牌文本不符：summons_two_rush_sparks_and_overloads_one: spell=GRAVEYARD;sparks=[(1, 1, 1, 'PLAY'), (1, 1, 1, 'PLAY')];minion_ready=True;hero_ready=False;overload_locked=0",card_mechanism.csv#BOT_451; generic-play-smoke:played; effect-evidence: reports/card_quality_full_2026-09-27/set_probe_BOOMSDAY.csv#BOT_451::summons_two_rush_sparks_and_overloads_one; per-card: reports/card_quality_full_2026-09-27/set_probe_BOOMSDAY.csv#BOT_451::summons_two_rush_sparks_and_overloads_one,聚合状态取该卡最差机制；普通烟测只证明可执行，不能单独构成 GREEN。 EN=Summon two 1/1 Sparks with Rush. Overload: (1); ZH=召唤两个1/1并具有突袭的“火花”。过载：（1）; source=fireplace/cards/boomsday/shaman.py:95; existing_tests=none; previous=YELLOW:2 个机制缺少充分的核心效果验证；逐机制依据见 card_mechanism.csv。; prior_evidence=card_mechanism.csv#BOT_451; generic-play-smoke:played; effect-evidence: reports/card_quality_full_2026-09-27/overload_reproductions.csv#BOT_451,ordinary_collectible,SPELL,yes,fireplace/cards/boomsday/shaman.py:95,Summon two 1/1 Sparks with Rush. Overload: (1)
17.6.0.53261,The Boomsday Project (BOOMSDAY),BOT_531,Celestial Emissary,星界密使,Battlecry|Spell Damage,RED,partial,yes,实测与卡牌文本不符：spell_damage_two_applies_only_to_next_spell: emissary=PLAY;spellpower_before_first=2;first=GRAVEYARD/29;second=GRAVEYARD/23;spellpower_after=0,card_mechanism.csv#BOT_531; generic-play-smoke:played; effect-evidence: reports/card_quality_full_2026-09-27/set_probe_BOOMSDAY.csv#BOT_531::spell_damage_two_applies_only_to_next_spell; per-card: reports/card_quality_full_2026-09-27/set_probe_BOOMSDAY.csv#BOT_531::spell_damage_two_applies_only_to_next_spell,聚合状态取该卡最差机制；普通烟测只证明可执行，不能单独构成 GREEN。 EN=Battlecry: Your next spell this turn has Spell Damage +2.; ZH=战吼：在本回合中，你的下一个法术将获得法术伤害+2。; source=fireplace/cards/boomsday/mage.py:22; existing_tests=none; previous=YELLOW:2 个机制缺少充分的核心效果验证；逐机制依据见 card_mechanism.csv。; prior_evidence=card_mechanism.csv#BOT_531; generic-play-smoke:played,ordinary_collectible,MINION,yes,fireplace/cards/boomsday/mage.py:22,Battlecry: Your next spell this turn has Spell Damage +2.
17.6.0.53261,The Boomsday Project (BOOMSDAY),BOT_544,Loose Specimen,脱逃的样本,Battlecry|Random effects,RED,partial,yes,"实测与卡牌文本不符：six_damage_randomly_split_among_other_friendly_minions: before=(8, 30, 30);specimen=(6, 2, 4, 'PLAY');target=(2, 6, 'PLAY');heroes=30/30",card_mechanism.csv#BOT_544; generic-play-smoke:played; effect-evidence: reports/card_quality_full_2026-09-27/set_probe_BOOMSDAY.csv#BOT_544::six_damage_randomly_split_among_other_friendly_minions; per-card: reports/card_quality_full_2026-09-27/set_probe_BOOMSDAY.csv#BOT_544::six_damage_randomly_split_among_other_friendly_minions,聚合状态取该卡最差机制；普通烟测只证明可执行，不能单独构成 GREEN。 EN=Battlecry: Deal 6 damage randomly split among other friendly minions.; ZH=战吼：造成6点伤害，随机分配到所有其他友方随从身上。; source=fireplace/cards/boomsday/neutral_epic.py:71; existing_tests=none; previous=YELLOW:2 个机制缺少充分的核心效果验证；逐机制依据见 card_mechanism.csv。; prior_evidence=card_mechanism.csv#BOT_544; generic-play-smoke:played,ordinary_collectible,MINION,yes,fireplace/cards/boomsday/neutral_epic.py:71,Battlecry: Deal 6 damage randomly split among other friendly minions.
17.6.0.53261,Blackrock Mountain (BRM),BRM_002,Flamewaker,火妖,Trigger,RED,partial,yes,"确认错误：random_split_enemy_only预期[The post-spell 2 damage is split only among enemy characters; with a minion and hero, total enemy loss is 3 including Frost Shock's 1.]，实际[AssertionError: {'enemy_hero_health': 27, '4/4_minion_health': 2, 'minion_zone': 'PLAY', 'total_enemy_loss_including_spell': 5}]",card_mechanism.csv#BRM_002; generic-play-smoke:played; effect-evidence: reports/card_quality_full_2026-09-27/brm_probe.csv#spell_trigger_damage; reports/card_quality_full_2026-09-27/brm_probe.csv#random_split_enemy_only; per-card: reports/card_quality_full_2026-09-27/brm_probe.csv#spell_trigger_damage; reports/card_quality_full_2026-09-27/brm_probe.csv#random_split_enemy_only,"聚合状态取该卡最差机制；普通烟测只证明可执行，不能单独构成 GREEN。 EN=After you cast a spell, deal 2 damage randomly split among all enemies.; ZH=在你施放一个法术后，造成2点伤害，随机分配到所有敌人身上。; source=fireplace/cards/blackrock/collectible.py:8; existing_tests=无候选测试引用; old_YELLOW_reason=存在定义或元数据候选；当前没有可复查的该机制核心效果断言。; prior_cross_card_audit=CAST-001[semantics_pending]:效果代施放法术会结算，但不广播玩家 Play ON/AFTER；与手牌施放触发不同，规则语义待核实，暂不判定为错误。; key_unverified=未覆盖：满场随机分配；由其他卡牌代施放法术后的触发归属（既有跨卡审计 CAST-001 标记为 semantics_pending）。; audit_scope=只覆盖本CSV所列实际对局断言。",ordinary_collectible,MINION,yes,fireplace/cards/blackrock/collectible.py:8,"After you cast a spell, deal 2 damage randomly split among all enemies."
17.6.0.53261,Blackrock Mountain (BRM),BRM_029,Rend Blackhand,雷德·黑手,Battlecry|Targeting,RED,partial,yes,"确认错误：friendly_legend_only_readiness预期[With Dragon in hand and only a friendly Legendary available, Rend must report Battlecry ready, accept that target and destroy it.]，实际[AssertionError: holding_dragon=True;only_friendly_legendary=True;powered_up=False;target_legal=True;target_zone=GRAVEYARD]",card_mechanism.csv#BRM_029; generic-play-smoke:played; effect-evidence: reports/card_quality_full_2026-09-27/brm_probe.csv#no_dragon_no_destroy_effect; reports/card_quality_full_2026-09-27/brm_probe.csv#dragon_enables_legendary_destroy; reports/card_quality_full_2026-09-27/brm_probe.csv#friendly_legend_only_readiness; per-card: reports/card_quality_full_2026-09-27/brm_probe.csv#no_dragon_no_destroy_effect; reports/card_quality_full_2026-09-27/brm_probe.csv#dragon_enables_legendary_destroy; reports/card_quality_full_2026-09-27/brm_probe.csv#friendly_legend_only_readiness,"聚合状态取该卡最差机制；普通烟测只证明可执行，不能单独构成 GREEN。 EN=Battlecry: If you're holding a Dragon, destroy a Legendary minion.; ZH=战吼：如果你的手牌中有龙牌，则消灭一个传说随从。; source=fireplace/cards/blackrock/collectible.py:165; existing_tests=tests/test_blackrock.py:389:test_rend_blackhand | tests/test_blackrock.py:404:test_rend_blackhand; old_YELLOW_reason=存在定义或元数据候选；当前没有可复查的该机制核心效果断言。; prior_cross_card_audit=无; key_unverified=未覆盖：无龙但有传说目标时的候选域，以及满场以外的战吼边界。; audit_scope=只覆盖本CSV所列实际对局断言。",ordinary_collectible,MINION,yes,fireplace/cards/blackrock/collectible.py:165,"Battlecry: If you're holding a Dragon, destroy a Legendary minion."
17.6.0.53261,Rise of Shadows (DALARAN),DAL_064,Blastmaster Boom,爆破之王砰砰,Battlecry|Summon,RED,partial,yes,"实测与卡牌文本不符：two_enemy_bombs_summon_four_bots: enemy_bombs=[('BOT_511t', 'DECK'), ('BOT_511t', 'DECK')];own_deck=0;bots=[];body=PLAY",card_mechanism.csv#DAL_064; generic-play-smoke:played; effect-evidence: reports/card_quality_full_2026-09-27/set_probe_DALARAN.csv#DAL_064::two_enemy_bombs_summon_four_bots; per-card: reports/card_quality_full_2026-09-27/set_probe_DALARAN.csv#DAL_064::two_enemy_bombs_summon_four_bots,聚合状态取该卡最差机制；普通烟测只证明可执行，不能单独构成 GREEN。 EN=[x]Battlecry: Summon two 1/1 Boom Bots for each Bomb in your opponent's deck.; ZH=战吼：你对手的牌库中每有一张“炸弹”牌，便召唤两个1/1的砰砰机器人。; source=fireplace/cards/dalaran/warrior.py:16; existing_tests=none; prior=YELLOW:2 个机制缺少充分的核心效果验证；逐机制依据见 card_mechanism.csv。; prior_evidence=card_mechanism.csv#DAL_064; generic-play-smoke:played,ordinary_collectible,MINION,yes,fireplace/cards/dalaran/warrior.py:16,[x]Battlecry: Summon two 1/1 Boom Bots for each Bomb in your opponent's deck.
17.6.0.53261,Rise of Shadows (DALARAN),DAL_081,Spellward Jeweler,破咒珠宝师,Battlecry|Untargetable,RED,partial,yes,"实测与卡牌文本不符：spells_and_powers_cannot_target_until_next_turn: protected=(False, False);expired_spell_target=True;body=PLAY",card_mechanism.csv#DAL_081; generic-play-smoke:played; effect-evidence: reports/card_quality_full_2026-09-27/set_probe_DALARAN.csv#DAL_081::spells_and_powers_cannot_target_until_next_turn; per-card: reports/card_quality_full_2026-09-27/set_probe_DALARAN.csv#DAL_081::spells_and_powers_cannot_target_until_next_turn,聚合状态取该卡最差机制；普通烟测只证明可执行，不能单独构成 GREEN。 EN=[x]Battlecry: Your hero can't be targeted by spells or Hero Powers until your next turn.; ZH=战吼：直到你的下个回合，你的英雄无法成为法术或英雄技能的目标。; source=fireplace/cards/dalaran/neutral_rare.py:15; existing_tests=none; prior=YELLOW:2 个机制缺少充分的核心效果验证；逐机制依据见 card_mechanism.csv。; prior_evidence=card_mechanism.csv#DAL_081; generic-play-smoke:played,ordinary_collectible,MINION,yes,fireplace/cards/dalaran/neutral_rare.py:15,[x]Battlecry: Your hero can't be targeted by spells or Hero Powers until your next turn.
17.6.0.53261,Rise of Shadows (DALARAN),DAL_379,Vereesa Windrunner,温蕾萨·风行者,Battlecry|Summon,RED,partial,yes,"实测与卡牌文本不符：battlecry_equips_thoridal_and_attack_buffs_spell_damage: body=PLAY;weapon=('DAL_379t', 2, 2, 'PLAY');weapon_after_attack=2;enemy_hero_after_attack=28;hero_atk=2;target=(4, 1, 'PLAY');spell=GRAVEYARD;spellpower=0",card_mechanism.csv#DAL_379; generic-play-smoke:played; effect-evidence: reports/card_quality_full_2026-09-27/set_probe_DALARAN.csv#DAL_379::battlecry_equips_thoridal_and_attack_buffs_spell_damage; per-card: reports/card_quality_full_2026-09-27/set_probe_DALARAN.csv#DAL_379::battlecry_equips_thoridal_and_attack_buffs_spell_damage,"聚合状态取该卡最差机制；普通烟测只证明可执行，不能单独构成 GREEN。 EN=Battlecry: Equip Thori'dal, the Stars' Fury.; ZH=战吼：装备索利达尔，群星之怒。; source=fireplace/cards/dalaran/hunter.py:27; existing_tests=none; prior=YELLOW:2 个机制缺少充分的核心效果验证；逐机制依据见 card_mechanism.csv。; prior_evidence=card_mechanism.csv#DAL_379; generic-play-smoke:played",ordinary_collectible,MINION,yes,fireplace/cards/dalaran/hunter.py:27,"Battlecry: Equip Thori'dal, the Stars' Fury."
17.6.0.53261,Rise of Shadows (DALARAN),DAL_422,Arch-Villain Rafaam,至尊盗王拉法姆,Battlecry|Random effects|Taunt,RED,partial,yes,"实测与卡牌文本不符：battlecry_replaces_hand_and_deck: body=PLAY;before_deck=2;hand=[('CS2_231', 4, False), ('CS2_029', 5, False)];deck=[('CS2_182', 4, False), ('EX1_015', 4, False)];hand_n=2;deck_n=2",card_mechanism.csv#DAL_422; generic-play-smoke:played; effect-evidence: reports/card_quality_full_2026-09-27/set_probe_DALARAN.csv#DAL_422::battlecry_replaces_hand_and_deck; per-card: reports/card_quality_full_2026-09-27/set_probe_DALARAN.csv#DAL_422::battlecry_replaces_hand_and_deck,聚合状态取该卡最差机制；普通烟测只证明可执行，不能单独构成 GREEN。 EN=Taunt Battlecry: Replace your hand and deck with Legendary minions.; ZH=嘲讽 战吼：将你的手牌和牌库里的卡牌替换为传说随从。; source=fireplace/cards/dalaran/warlock.py:15; existing_tests=none; prior=YELLOW:3 个机制缺少充分的核心效果验证；逐机制依据见 card_mechanism.csv。; prior_evidence=card_mechanism.csv#DAL_422; generic-play-smoke:played,ordinary_collectible,MINION,yes,fireplace/cards/dalaran/warlock.py:15,Taunt Battlecry: Replace your hand and deck with Legendary minions.
17.6.0.53261,Rise of Shadows (DALARAN),DAL_539,Sunreaver Warmage,夺日者战斗法师,Battlecry|Targeting,RED,partial,yes,"实测与卡牌文本不符：holding_six_cost_spell_enables_four_damage: qualifying=True;held=('CS2_028', 6, 'HAND');body=PLAY;target=(5, 0, 'PLAY');hand=['CS2_028']",card_mechanism.csv#DAL_539; generic-play-smoke:played; effect-evidence: reports/card_quality_full_2026-09-27/set_probe_DALARAN.csv#DAL_539::holding_six_cost_spell_enables_four_damage; reports/card_quality_full_2026-09-27/set_probe_DALARAN.csv#DAL_539::holding_four_cost_spell_does_not_enable_damage; per-card: reports/card_quality_full_2026-09-27/set_probe_DALARAN.csv#DAL_539::holding_six_cost_spell_enables_four_damage; reports/card_quality_full_2026-09-27/set_probe_DALARAN.csv#DAL_539::holding_four_cost_spell_does_not_enable_damage,"聚合状态取该卡最差机制；普通烟测只证明可执行，不能单独构成 GREEN。 EN=Battlecry: If you're holding a spell that costs (5) or more, deal 4 damage.; ZH=战吼：如果你的手牌中有法力值消耗大于或等于（5）点的法术牌，则造成4点伤害。; source=fireplace/cards/dalaran/neutral_rare.py:38; existing_tests=none; prior=YELLOW:2 个机制缺少充分的核心效果验证；逐机制依据见 card_mechanism.csv。; prior_evidence=card_mechanism.csv#DAL_539; generic-play-smoke:played",ordinary_collectible,MINION,yes,fireplace/cards/dalaran/neutral_rare.py:38,"Battlecry: If you're holding a spell that costs (5) or more, deal 4 damage."
17.6.0.53261,Rise of Shadows (DALARAN),DAL_714,Underbelly Fence,下水道销赃人,Battlecry,RED,partial,yes,"实测与卡牌文本不符：foreign_class_card_grants_plus_one_plus_one_and_rush: foreign=CS2_029/HAND;classes=(7, 4);fence=PLAY/2/3/rush:False;powered=False",card_mechanism.csv#DAL_714; generic-play-smoke:played; effect-evidence: reports/card_quality_full_2026-09-27/set_probe_DALARAN.csv#DAL_714::foreign_class_card_grants_plus_one_plus_one_and_rush; reports/card_quality_full_2026-09-27/set_probe_DALARAN.csv#DAL_714::no_foreign_class_card_leaves_base_body; per-card: reports/card_quality_full_2026-09-27/set_probe_DALARAN.csv#DAL_714::foreign_class_card_grants_plus_one_plus_one_and_rush; reports/card_quality_full_2026-09-27/set_probe_DALARAN.csv#DAL_714::no_foreign_class_card_leaves_base_body,"聚合状态取该卡最差机制；普通烟测只证明可执行，不能单独构成 GREEN。 EN=[x]Battlecry: If you're holding a card from another class,  gain +1/+1 and Rush.; ZH=战吼：如果你手牌中有其他职业的卡牌，则获得+1/+1和突袭。; source=fireplace/cards/dalaran/rogue.py:32; existing_tests=none; prior=YELLOW:1 个机制缺少充分的核心效果验证；逐机制依据见 card_mechanism.csv。; prior_evidence=card_mechanism.csv#DAL_714; generic-play-smoke:played",ordinary_collectible,MINION,yes,fireplace/cards/dalaran/rogue.py:32,"[x]Battlecry: If you're holding a card from another class,  gain +1/+1 and Rush."
17.6.0.53261,Rise of Shadows (DALARAN),DAL_716,Vendetta,宿敌,Continuous effect / Update|Spell resolution|Targeting|Trigger,RED,partial,yes,"实测与卡牌文本不符：foreign_class_card_sets_vendetta_cost_to_zero: foreign=CS2_029;cost=4;spell=GRAVEYARD;classes=(7, 4);target=PLAY/damage:4;mana=6",card_mechanism.csv#DAL_716; generic-play-smoke:played; effect-evidence: reports/card_quality_full_2026-09-27/set_probe_DALARAN.csv#DAL_716::foreign_class_card_sets_vendetta_cost_to_zero; reports/card_quality_full_2026-09-27/set_probe_DALARAN.csv#DAL_716::no_foreign_class_card_keeps_base_cost_four; per-card: reports/card_quality_full_2026-09-27/set_probe_DALARAN.csv#DAL_716::foreign_class_card_sets_vendetta_cost_to_zero; reports/card_quality_full_2026-09-27/set_probe_DALARAN.csv#DAL_716::no_foreign_class_card_keeps_base_cost_four,聚合状态取该卡最差机制；普通烟测只证明可执行，不能单独构成 GREEN。 EN=Deal $4 damage to a minion. Costs (0) if you're holding a card from another class.; ZH=对一个随从造成$4点伤害。如果你的手牌中有其他职业的卡牌，则法力值消耗为（0）点。; source=fireplace/cards/dalaran/rogue.py:126; existing_tests=none; prior=YELLOW:4 个机制缺少充分的核心效果验证；逐机制依据见 card_mechanism.csv。; prior_evidence=card_mechanism.csv#DAL_716; generic-play-smoke:played,ordinary_collectible,SPELL,yes,fireplace/cards/dalaran/rogue.py:126,Deal $4 damage to a minion. Costs (0) if you're holding a card from another class.
17.6.0.53261,Rise of Shadows (DALARAN),DAL_727,Call to Adventure,冒险号角,Draw / Discard|Spell resolution|Targeting,RED,partial,yes,"实测与卡牌文本不符：draws_two_cost_watcher_instead_of_lower_attack_four_cost_warden: spell=GRAVEYARD;cheap=EX1_045/2/4/5/DECK;expensive=EX1_396/4/3/9/HAND;hand=[('EX1_396', 4, 3, 9, 'HAND')];deck=['EX1_045']",card_mechanism.csv#DAL_727; generic-play-smoke:played; effect-evidence: reports/card_quality_full_2026-09-27/set_probe_DALARAN.csv#DAL_727::draws_two_cost_watcher_instead_of_lower_attack_four_cost_warden; per-card: reports/card_quality_full_2026-09-27/set_probe_DALARAN.csv#DAL_727::draws_two_cost_watcher_instead_of_lower_attack_four_cost_warden,聚合状态取该卡最差机制；普通烟测只证明可执行，不能单独构成 GREEN。 EN=Draw the lowest Cost minion from your deck. Give it +2/+2.; ZH=从你的牌库中抽取法力值消耗最低的随从牌，使其获得+2/+2。; source=fireplace/cards/dalaran/paladin.py:83; existing_tests=none; prior=YELLOW:3 个机制缺少充分的核心效果验证；逐机制依据见 card_mechanism.csv。; prior_evidence=card_mechanism.csv#DAL_727; generic-play-smoke:played,ordinary_collectible,SPELL,yes,fireplace/cards/dalaran/paladin.py:83,Draw the lowest Cost minion from your deck. Give it +2/+2.
17.6.0.53261,Rise of Shadows (DALARAN),DAL_751,Mad Summoner,疯狂召唤师,Battlecry|Summon,RED,partial,yes,"实测与卡牌文本不符：battlecry_fills_each_board_to_seven_with_one_one_imps: summoner=PLAY;own_board=[('CS2_231', 1, 1), ('DAL_751t', 1, 1), ('DAL_751t', 1, 1), ('DAL_751', 4, 4), ('DAL_751t', 1, 1), ('DAL_751t', 1, 1), ('DAL_751t', 1, 1)];enemy_board=[('CS2_231', 1, 1), ('CS2_231', 1, 1), ('CS2_231', 1, 1), ('CS2_231', 1, 1), ('CS2_231', 1, 1), ('CS2_231', 1, 1)];imps=5/0;seeds=PLAY/['PLAY', 'PLAY', 'PLAY', 'PLAY', 'PLAY', 'PLAY']; empty_board_branch_fills_both_sides_to_seven: summoner=PLAY;own=['DAL_751t', 'DAL_751t', 'DAL_751t', 'DAL_751', 'DAL_751t', 'DAL_751t', 'DAL_751t'];enemy=[];imps=6/0",card_mechanism.csv#DAL_751; generic-play-smoke:played; effect-evidence: reports/card_quality_full_2026-09-27/set_probe_DALARAN.csv#DAL_751::battlecry_fills_each_board_to_seven_with_one_one_imps; reports/card_quality_full_2026-09-27/set_probe_DALARAN.csv#DAL_751::empty_board_branch_fills_both_sides_to_seven; per-card: reports/card_quality_full_2026-09-27/set_probe_DALARAN.csv#DAL_751::battlecry_fills_each_board_to_seven_with_one_one_imps; reports/card_quality_full_2026-09-27/set_probe_DALARAN.csv#DAL_751::empty_board_branch_fills_both_sides_to_seven,聚合状态取该卡最差机制；普通烟测只证明可执行，不能单独构成 GREEN。 EN=[x]Battlecry: Fill each player's board with 1/1 Imps.; ZH=战吼：为双方玩家召唤数个1/1的小鬼，直到随从数量达到上限。; source=fireplace/cards/dalaran/neutral_rare.py:76; existing_tests=none; prior=YELLOW:2 个机制缺少充分的核心效果验证；逐机制依据见 card_mechanism.csv。; prior_evidence=card_mechanism.csv#DAL_751; generic-play-smoke:played,ordinary_collectible,MINION,yes,fireplace/cards/dalaran/neutral_rare.py:76,[x]Battlecry: Fill each player's board with 1/1 Imps.
17.6.0.53261,Demon Hunter Initiate (DEMON_HUNTER_INITIATE),BT_351,Battlefiend,战斗邪犬,Trigger,RED,partial,yes,实测与卡牌文本不符：own_vs_enemy_hero_attack: battlefiend_attack=1->1->1;enemy_hero_health=28;zone=PLAY,card_mechanism.csv#BT_351; generic-play-smoke:played; effect-evidence: reports/card_quality_full_2026-09-27/set_probe_DEMON_HUNTER_INITIATE.csv#BT_351::own_vs_enemy_hero_attack; per-card: reports/card_quality_full_2026-09-27/set_probe_DEMON_HUNTER_INITIATE.csv#BT_351::own_vs_enemy_hero_attack,"聚合状态取该卡最差机制；普通烟测只证明可执行，不能单独构成 GREEN。 EN=After your hero attacks, gain +1 Attack.; ZH=在你的英雄攻击后，获得+1攻击力。; source=fireplace/cards/initiate/demonhunter.py:8; existing_tests=none; prior=YELLOW:1 个机制缺少充分的核心效果验证；逐机制依据见 card_mechanism.csv。; prior_evidence=card_mechanism.csv#BT_351; generic-play-smoke:played",ordinary_collectible,MINION,yes,fireplace/cards/initiate/demonhunter.py:8,"After your hero attacks, gain +1 Attack."
17.6.0.53261,Demon Hunter Initiate (DEMON_HUNTER_INITIATE),BT_427,Feast of Souls,灵魂盛宴,Draw / Discard|Spell resolution,RED,partial,yes,play 抛 KeyError，正常牌局中本回合已有友方随从死亡仍复现,card_mechanism.csv#BT_427; generic-play-smoke:exception; effect-evidence: fireplace/cards/initiate/demonhunter.py:125; reports/card_quality_full_2026-09-27/targeted_reproductions.csv#BT_427,聚合状态取该卡最差机制；普通烟测只证明可执行，不能单独构成 GREEN。,ordinary_collectible,SPELL,yes,fireplace/cards/initiate/demonhunter.py:125,Draw a card for each friendly minion that died this turn.
17.6.0.53261,Demon Hunter Initiate (DEMON_HUNTER_INITIATE),BT_481,Nethrandamus,奈瑟兰达姆斯,Battlecry|Random effects|Summon|Trigger,RED,partial,yes,"实测与卡牌文本不符：one_friendly_death_upgrades_both_summons: progress=1;owner_field=[('BT_481', 9, 'PLAY'), ('BT_480', 1, 'PLAY')];enemy_field=[]",card_mechanism.csv#BT_481; generic-play-smoke:played; effect-evidence: reports/card_quality_full_2026-09-27/set_probe_DEMON_HUNTER_INITIATE.csv#BT_481::one_friendly_death_upgrades_both_summons; per-card: reports/card_quality_full_2026-09-27/set_probe_DEMON_HUNTER_INITIATE.csv#BT_481::one_friendly_death_upgrades_both_summons,聚合状态取该卡最差机制；普通烟测只证明可执行，不能单独构成 GREEN。 EN=[x]Battlecry: Summon two random @-Cost minions. (Upgrades each time a friendly minion dies!); ZH=战吼：随机召唤两个法力值消耗为（@）的随从。 （每有一个友方随从死亡都会升级！）; source=fireplace/cards/initiate/demonhunter.py:44; existing_tests=none; prior=YELLOW:4 个机制缺少充分的核心效果验证；逐机制依据见 card_mechanism.csv。; prior_evidence=card_mechanism.csv#BT_481; generic-play-smoke:played,ordinary_collectible,MINION,yes,fireplace/cards/initiate/demonhunter.py:44,[x]Battlecry: Summon two random @-Cost minions. (Upgrades each time a friendly minion dies!)
17.6.0.53261,Demon Hunter Initiate (DEMON_HUNTER_INITIATE),BT_510,Wrathspike Brute,怒刺蛮兵,Taunt|Trigger,RED,partial,yes,实测与卡牌文本不符：after_enemy_attack_hits_enemy_side: brute=PLAY:2;attacker=PLAY:3;other=PLAY:5;enemy_hero=30;owner_hero=30; own_attack_is_not_attacked: body=PLAY;enemy_hero=29;enemy=PLAY:2,card_mechanism.csv#BT_510; generic-play-smoke:played; effect-evidence: reports/card_quality_full_2026-09-27/set_probe_DEMON_HUNTER_INITIATE.csv#BT_510::after_enemy_attack_hits_enemy_side; reports/card_quality_full_2026-09-27/set_probe_DEMON_HUNTER_INITIATE.csv#BT_510::own_attack_is_not_attacked; per-card: reports/card_quality_full_2026-09-27/set_probe_DEMON_HUNTER_INITIATE.csv#BT_510::after_enemy_attack_hits_enemy_side; reports/card_quality_full_2026-09-27/set_probe_DEMON_HUNTER_INITIATE.csv#BT_510::own_attack_is_not_attacked,"聚合状态取该卡最差机制；普通烟测只证明可执行，不能单独构成 GREEN。 EN=[x]Taunt After this is attacked, deal 1 damage to all enemies.; ZH=嘲讽 在该随从被攻击后，对所有敌人造成1点伤害。; source=fireplace/cards/initiate/demonhunter.py:64; existing_tests=none; prior=YELLOW:2 个机制缺少充分的核心效果验证；逐机制依据见 card_mechanism.csv。; prior_evidence=card_mechanism.csv#BT_510; generic-play-smoke:played",ordinary_collectible,MINION,yes,fireplace/cards/initiate/demonhunter.py:64,"[x]Taunt After this is attacked, deal 1 damage to all enemies."
17.6.0.53261,Demon Hunter Initiate (DEMON_HUNTER_INITIATE),BT_753,Mana Burn,法力燃烧,Spell resolution,RED,partial,yes,play 抛 AttributeError: Destroy 对象没有 at 属性,card_mechanism.csv#BT_753; generic-play-smoke:exception; effect-evidence: fireplace/cards/initiate/demonhunter.py:166; reports/card_quality_full_2026-09-27/targeted_reproductions.csv#BT_753,聚合状态取该卡最差机制；普通烟测只证明可执行，不能单独构成 GREEN。,ordinary_collectible,SPELL,yes,fireplace/cards/initiate/demonhunter.py:166,Your opponent has 2 fewer Mana Crystals next turn.
17.6.0.53261,Demon Hunter Initiate (DEMON_HUNTER_INITIATE),BT_801,Eye Beam,眼棱,Continuous effect / Update|Cost modification|Lifesteal|Outcast|Spell resolution|Targeting|Trigger,RED,partial,partial,目标法术没有目标需求，正常 play 以空 TARGET 抛 AttributeError,card_mechanism.csv#BT_801; generic-play-smoke:exception; effect-evidence: fireplace/cards/initiate/demonhunter.py:177; reports/card_quality_full_2026-09-27/targeted_reproductions.csv#BT_801,聚合状态取该卡最差机制；普通烟测只证明可执行，不能单独构成 GREEN。,ordinary_collectible,SPELL,yes,fireplace/cards/initiate/demonhunter.py:177,Lifesteal. Deal $3 damage to a minion. Outcast: This costs (1).
17.6.0.53261,Descent of Dragons (DRAGONS),DRG_019,Scion of Ruin,废墟之子,Battlecry|Rush|Summon,RED,partial,yes,"实测与卡牌文本不符：two_real_invokes_summon_two_copies: invoked=2;play_error=AttributeError:'Minion' object has no attribute 'weapon';source=warrior.py:DRG_019 uses SummonBothSides(SELF,...)",card_mechanism.csv#DRG_019; generic-play-smoke:played; effect-evidence: reports/card_quality_full_2026-09-27/set_probe_DRAGONS.csv#DRG_019::two_real_invokes_summon_two_copies; reports/card_quality_full_2026-09-27/set_probe_DRAGONS.csv#DRG_019::no_invokes_no_extra_copies; per-card: reports/card_quality_full_2026-09-27/set_probe_DRAGONS.csv#DRG_019::two_real_invokes_summon_two_copies; reports/card_quality_full_2026-09-27/set_probe_DRAGONS.csv#DRG_019::no_invokes_no_extra_copies,"聚合状态取该卡最差机制；普通烟测只证明可执行，不能单独构成 GREEN。 EN=Rush. Battlecry: If you've Invoked twice, summon 2 copies of this.; ZH=突袭 战吼：如果你已经祈求过两次，召唤该随从的两个复制。; source=fireplace/cards/dragons/warrior.py:8; existing_tests=none; prior=YELLOW:3 个机制缺少充分的核心效果验证；逐机制依据见 card_mechanism.csv。; prior_evidence=card_mechanism.csv#DRG_019; generic-play-smoke:played",ordinary_collectible,MINION,yes,fireplace/cards/dragons/warrior.py:8,"Rush. Battlecry: If you've Invoked twice, summon 2 copies of this."
17.6.0.53261,Descent of Dragons (DRAGONS),DRG_058,Wing Commander,空军指挥官,Conditional stats,RED,partial,yes,攻击力只按入场时手牌龙数结算一次，手牌龙数改变后仍保持原值,card_mechanism.csv#DRG_058; generic-play-smoke:played; effect-evidence: fireplace/cards/dragons/neutral_common.py:50; reports/card_quality_full_2026-09-27/conditional_stats_probe.csv#STATS-01,聚合状态取该卡最差机制；普通烟测只证明可执行，不能单独构成 GREEN。,ordinary_collectible,MINION,yes,fireplace/cards/dragons/neutral_common.py:50,Has +2 Attack for each Dragon in your hand.
17.6.0.53261,Descent of Dragons (DRAGONS),DRG_067,Troll Batrider,巨魔蝙蝠骑士,Battlecry|Random effects,RED,partial,yes,实测与卡牌文本不符：only_enemy_minion_takes_three: enemy=5:PLAY;enemy_hero=27;body=PLAY,card_mechanism.csv#DRG_067; generic-play-smoke:played; effect-evidence: reports/card_quality_full_2026-09-27/set_probe_DRAGONS.csv#DRG_067::only_enemy_minion_takes_three; per-card: reports/card_quality_full_2026-09-27/set_probe_DRAGONS.csv#DRG_067::only_enemy_minion_takes_three,聚合状态取该卡最差机制；普通烟测只证明可执行，不能单独构成 GREEN。 EN=Battlecry: Deal 3 damage to a random enemy minion.; ZH=战吼：随机对一个敌方随从造成3点伤害。; source=fireplace/cards/dragons/neutral_common.py:81; existing_tests=none; prior=YELLOW:2 个机制缺少充分的核心效果验证；逐机制依据见 card_mechanism.csv。; prior_evidence=card_mechanism.csv#DRG_067; generic-play-smoke:played,ordinary_collectible,MINION,yes,fireplace/cards/dragons/neutral_common.py:81,Battlecry: Deal 3 damage to a random enemy minion.
17.6.0.53261,Descent of Dragons (DRAGONS),DRG_088,Dread Raven,恐惧渡鸦,Aura|Conditional stats|Continuous effect / Update,RED,partial,partial,只有自身时已经额外 +3 攻击；拥有 2 个其他 Dread Raven 时仍仅额外 +3,card_mechanism.csv#DRG_088; generic-play-smoke:played; effect-evidence: fireplace/cards/dragons/neutral_epic.py:58; reports/card_quality_full_2026-09-27/conditional_stats_probe.csv#STATS-02,聚合状态取该卡最差机制；普通烟测只证明可执行，不能单独构成 GREEN。,ordinary_collectible,MINION,yes,fireplace/cards/dragons/neutral_epic.py:58,Has +3 Attack for each other Dread Raven you control.
17.6.0.53261,Descent of Dragons (DRAGONS),DRG_096,Bandersmosh,班德斯莫什,Random effects|Transform|Trigger,RED,partial,yes,"实测与卡牌文本不符：in_hand_bandersmosh_morphs_into_5_5_legendary: old=DRG_096/SETASIDE;hand=[('BT_255', 4, 7, 'LEGENDARY', 'HAND')]",card_mechanism.csv#DRG_096; generic-play-smoke:played; effect-evidence: reports/card_quality_full_2026-09-27/set_probe_DRAGONS.csv#DRG_096::in_hand_bandersmosh_morphs_into_5_5_legendary; per-card: reports/card_quality_full_2026-09-27/set_probe_DRAGONS.csv#DRG_096::in_hand_bandersmosh_morphs_into_5_5_legendary,"聚合状态取该卡最差机制；普通烟测只证明可执行，不能单独构成 GREEN。 EN=[x]Each turn this is in your hand, transform it into a 5/5 copy of a random Legendary minion.; ZH=如果这张牌在你的手牌中，每个回合都会随机变成一张传说随从牌的5/5的复制。; source=fireplace/cards/dragons/shaman.py:8; existing_tests=none; prior=YELLOW:3 个机制缺少充分的核心效果验证；逐机制依据见 card_mechanism.csv。; prior_evidence=card_mechanism.csv#DRG_096; generic-play-smoke:played",ordinary_collectible,MINION,yes,fireplace/cards/dragons/shaman.py:8,"[x]Each turn this is in your hand, transform it into a 5/5 copy of a random Legendary minion."
17.6.0.53261,Descent of Dragons (DRAGONS),DRG_106,Arcane Breath,奥术吐息,Discover / Choice|Random effects|Spell resolution|Targeting,RED,partial,yes,"实测与卡牌文本不符：holding_dragon_adds_spell_discover_after_two_damage: dragon=HAND;target=3/PLAY;options=[('BRM_030', 'MINION', 24), ('EX1_563', 'MINION', 24), ('EX1_561', 'MINION', 24)];spell=GRAVEYARD;choice=False",card_mechanism.csv#DRG_106; generic-play-smoke:played; effect-evidence: reports/card_quality_full_2026-09-27/set_probe_DRAGONS.csv#DRG_106::holding_dragon_adds_spell_discover_after_two_damage; reports/card_quality_full_2026-09-27/set_probe_DRAGONS.csv#DRG_106::without_dragon_only_two_damage; per-card: reports/card_quality_full_2026-09-27/set_probe_DRAGONS.csv#DRG_106::holding_dragon_adds_spell_discover_after_two_damage; reports/card_quality_full_2026-09-27/set_probe_DRAGONS.csv#DRG_106::without_dragon_only_two_damage,"聚合状态取该卡最差机制；普通烟测只证明可执行，不能单独构成 GREEN。 EN=Deal $2 damage to a minion. If you're holding a Dragon, Discover a spell.; ZH=对一个随从造成$2点伤害。如果你的手牌中有龙牌，便发现一张法术牌。; source=fireplace/cards/dragons/mage.py:145; existing_tests=none; prior=YELLOW:4 个机制缺少充分的核心效果验证；逐机制依据见 card_mechanism.csv。; prior_evidence=card_mechanism.csv#DRG_106; generic-play-smoke:played",ordinary_collectible,SPELL,yes,fireplace/cards/dragons/mage.py:145,"Deal $2 damage to a minion. If you're holding a Dragon, Discover a spell."
17.6.0.53261,Descent of Dragons (DRAGONS),DRG_219,Lightning Breath,闪电吐息,Spell resolution|Targeting,RED,partial,yes,"实测与卡牌文本不符：without_dragon_only_target_takes_damage: health=[5, 5, 5];zones=['PLAY', 'PLAY', 'PLAY'];spell=GRAVEYARD",card_mechanism.csv#DRG_219; generic-play-smoke:played; effect-evidence: reports/card_quality_full_2026-09-27/set_probe_DRAGONS.csv#DRG_219::holding_dragon_damages_target_and_adjacent_minions; reports/card_quality_full_2026-09-27/set_probe_DRAGONS.csv#DRG_219::without_dragon_only_target_takes_damage; per-card: reports/card_quality_full_2026-09-27/set_probe_DRAGONS.csv#DRG_219::holding_dragon_damages_target_and_adjacent_minions; reports/card_quality_full_2026-09-27/set_probe_DRAGONS.csv#DRG_219::without_dragon_only_target_takes_damage,"聚合状态取该卡最差机制；普通烟测只证明可执行，不能单独构成 GREEN。 EN=[x]Deal $4 damage to a minion. If you're holding a Dragon, also damage its neighbors.; ZH=对一个随从造成$4点伤害。如果你的手牌中有龙牌，则同样对其相邻随从造成伤害。; source=fireplace/cards/dragons/shaman.py:97; existing_tests=none; prior=YELLOW:2 个机制缺少充分的核心效果验证；逐机制依据见 card_mechanism.csv。; prior_evidence=card_mechanism.csv#DRG_219; generic-play-smoke:played",ordinary_collectible,SPELL,yes,fireplace/cards/dragons/shaman.py:97,"[x]Deal $4 damage to a minion. If you're holding a Dragon, also damage its neighbors."
17.6.0.53261,Descent of Dragons (DRAGONS),DRG_231,Lightforged Crusader,光铸远征军,Battlecry|Random effects,RED,partial,yes,"实测与卡牌文本不符：neutral_free_deck_generates_five_paladin_cards: hand=[('BT_024', 5, 'HAND')];body=PLAY",card_mechanism.csv#DRG_231; generic-play-smoke:played; effect-evidence: reports/card_quality_full_2026-09-27/set_probe_DRAGONS.csv#DRG_231::neutral_free_deck_generates_five_paladin_cards; reports/card_quality_full_2026-09-27/set_probe_DRAGONS.csv#DRG_231::neutral_deck_prevents_generated_cards; per-card: reports/card_quality_full_2026-09-27/set_probe_DRAGONS.csv#DRG_231::neutral_free_deck_generates_five_paladin_cards; reports/card_quality_full_2026-09-27/set_probe_DRAGONS.csv#DRG_231::neutral_deck_prevents_generated_cards,"聚合状态取该卡最差机制；普通烟测只证明可执行，不能单独构成 GREEN。 EN=[x]Battlecry: If your deck has no Neutral cards, add 5 random Paladin cards to your hand.; ZH=战吼：如果你的牌库中没有中立卡牌，随机将五张圣骑士卡牌置入你的手牌。; source=fireplace/cards/dragons/paladin.py:34; existing_tests=none; prior=YELLOW:2 个机制缺少充分的核心效果验证；逐机制依据见 card_mechanism.csv。; prior_evidence=card_mechanism.csv#DRG_231; generic-play-smoke:played",ordinary_collectible,MINION,yes,fireplace/cards/dragons/paladin.py:34,"[x]Battlecry: If your deck has no Neutral cards, add 5 random Paladin cards to your hand."
17.6.0.53261,Descent of Dragons (DRAGONS),DRG_251,Clear the Way,扫清道路,Spell resolution|Summon,RED,partial,yes,"实测与卡牌文本不符：three_rush_summons_reward_gryphon: nonrush_progress=0;quest=GRAVEYARD;rush_progress=[1, 2, 6];field=[('CS2_231', 1, 1, False), ('DRG_010', 4, 1, 1), ('DRG_010', 4, 1, 1), ('DRG_010', 4, 1, 1), ('DRG_251t', 4, 4, 1), ('DRG_251t', 4, 4, 1), ('DRG_251t', 4, 4, 1)];reward_count=3",card_mechanism.csv#DRG_251; generic-play-smoke:played; effect-evidence: reports/card_quality_full_2026-09-27/set_probe_DRAGONS.csv#DRG_251::three_rush_summons_reward_gryphon; per-card: reports/card_quality_full_2026-09-27/set_probe_DRAGONS.csv#DRG_251::three_rush_summons_reward_gryphon,聚合状态取该卡最差机制；普通烟测只证明可执行，不能单独构成 GREEN。 EN=[x]Sidequest: Summon 3 Rush minions. Reward: Summon a 4/4 Gryphon with Rush.; ZH=支线任务： 召唤三个突袭随从。奖励：召唤一头4/4并具有突袭的狮鹫。; source=fireplace/cards/dragons/hunter.py:70; existing_tests=none; prior=YELLOW:2 个机制缺少充分的核心效果验证；逐机制依据见 card_mechanism.csv。; prior_evidence=card_mechanism.csv#DRG_251; generic-play-smoke:played,ordinary_collectible,SPELL,yes,fireplace/cards/dragons/hunter.py:70,[x]Sidequest: Summon 3 Rush minions. Reward: Summon a 4/4 Gryphon with Rush.
17.6.0.53261,Descent of Dragons (DRAGONS),DRG_255,Toxic Reinforcements,病毒增援,Spell resolution|Summon,RED,partial,yes,"实测与卡牌文本不符：three_hero_powers_summon_three_leper_gnomes: quest=GRAVEYARD;lepers=[];gryphons=[(4, 4, 1), (4, 4, 1), (4, 4, 1)];enemy_hero=24",card_mechanism.csv#DRG_255; generic-play-smoke:played; effect-evidence: reports/card_quality_full_2026-09-27/set_probe_DRAGONS.csv#DRG_255::three_hero_powers_summon_three_leper_gnomes; per-card: reports/card_quality_full_2026-09-27/set_probe_DRAGONS.csv#DRG_255::three_hero_powers_summon_three_leper_gnomes,聚合状态取该卡最差机制；普通烟测只证明可执行，不能单独构成 GREEN。 EN=[x]Sidequest: Use your Hero Power three times. Reward: Summon three 1/1 Leper Gnomes.; ZH=支线任务： 使用你的英雄技能三次。奖励：召唤三个1/1的麻风侏儒。; source=fireplace/cards/dragons/hunter.py:80; existing_tests=none; prior=YELLOW:2 个机制缺少充分的核心效果验证；逐机制依据见 card_mechanism.csv。; prior_evidence=card_mechanism.csv#DRG_255; generic-play-smoke:played,ordinary_collectible,SPELL,yes,fireplace/cards/dragons/hunter.py:80,[x]Sidequest: Use your Hero Power three times. Reward: Summon three 1/1 Leper Gnomes.
17.6.0.53261,Descent of Dragons (DRAGONS),DRG_256,Dragonbane,灭龙弩炮,Random effects|Trigger,RED,partial,yes,"实测与卡牌文本不符：trigger_random_enemy_after_hero_power: minion_hits=0;hero_only=24;samples=['0:PLAY/5,H23', '1:PLAY/5,H23', '2:PLAY/5,H23', '3:PLAY/5,H23', '4:PLAY/5,H23', '5:PLAY/5,H23', '6:PLAY/5,H23', '7:PLAY/5,H23', '8:PLAY/5,H23', '9:PLAY/5,H23', '10:PLAY/5,H23', '11:PLAY/5,H23', '12:PLAY/5,H23', '13:PLAY/5,H23', '14:PLAY/5,H23', '15:PLAY/5,H23', '16:PLAY/5,H23', '17:PLAY/5,H23', '18:PLAY/5,H23', '19:PLAY/5,H23', '20:PLAY/5,H23', '21:PLAY/5,H23', '22:PLAY/5,H23', '23:PLAY/5,H23']",card_mechanism.csv#DRG_256; generic-play-smoke:played; effect-evidence: reports/card_quality_full_2026-09-27/set_probe_DRAGONS.csv#DRG_256::trigger_random_enemy_after_hero_power; per-card: reports/card_quality_full_2026-09-27/set_probe_DRAGONS.csv#DRG_256::trigger_random_enemy_after_hero_power,"聚合状态取该卡最差机制；普通烟测只证明可执行，不能单独构成 GREEN。 EN=After you use your Hero Power, deal 5 damage to a random enemy.; ZH=在你使用你的英雄技能后，随机对一个敌人造成5点伤害。; source=fireplace/cards/dragons/hunter.py:49; existing_tests=none; prior=YELLOW:2 个机制缺少充分的核心效果验证；逐机制依据见 card_mechanism.csv。; prior_evidence=card_mechanism.csv#DRG_256; generic-play-smoke:played",ordinary_collectible,MINION,yes,fireplace/cards/dragons/hunter.py:49,"After you use your Hero Power, deal 5 damage to a random enemy."
17.6.0.53261,Descent of Dragons (DRAGONS),DRG_311,Treenforcements,树木援军,Choose One|Spell resolution|Summon|Targeting,RED,partial,yes,实测与卡牌文本不符：choose_target_buff: spell=GRAVEYARD;target=1/1/1;taunt=False;field=['CS2_231'],card_mechanism.csv#DRG_311; generic-play-smoke:played; effect-evidence: reports/card_quality_full_2026-09-27/set_probe_DRAGONS.csv#DRG_311::choose_summon_treant; reports/card_quality_full_2026-09-27/set_probe_DRAGONS.csv#DRG_311::choose_target_buff; per-card: reports/card_quality_full_2026-09-27/set_probe_DRAGONS.csv#DRG_311::choose_summon_treant; reports/card_quality_full_2026-09-27/set_probe_DRAGONS.csv#DRG_311::choose_target_buff,聚合状态取该卡最差机制；普通烟测只证明可执行，不能单独构成 GREEN。 EN=[x]Choose One - Give a minion +2 Health and Taunt; or Summon a 2/2 Treant.; ZH=抉择：使一个随从获得+2生命值和嘲讽；或者召唤一个2/2的树人。; source=fireplace/cards/dragons/druid.py:65; existing_tests=none; prior=YELLOW:4 个机制缺少充分的核心效果验证；逐机制依据见 card_mechanism.csv。; prior_evidence=card_mechanism.csv#DRG_311; generic-play-smoke:played,ordinary_collectible,SPELL,yes,fireplace/cards/dragons/druid.py:65,[x]Choose One - Give a minion +2 Health and Taunt; or Summon a 2/2 Treant.
17.6.0.53261,Descent of Dragons (DRAGONS),DRG_403,Blowtorch Saboteur,喷灯破坏者,Battlecry,RED,partial,yes,实测与卡牌文本不符：opponent_next_hero_power_costs_three_then_reverts: baseline=2;raised=2;own_power_cost=2;after_use=2;own_hero=28;body=PLAY,card_mechanism.csv#DRG_403; generic-play-smoke:played; effect-evidence: reports/card_quality_full_2026-09-27/set_probe_DRAGONS.csv#DRG_403::opponent_next_hero_power_costs_three_then_reverts; per-card: reports/card_quality_full_2026-09-27/set_probe_DRAGONS.csv#DRG_403::opponent_next_hero_power_costs_three_then_reverts,聚合状态取该卡最差机制；普通烟测只证明可执行，不能单独构成 GREEN。 EN=Battlecry: Your opponent's next Hero Power costs (3).; ZH=战吼：你对手的下一个英雄技能的法力值消耗为（3）点。; source=fireplace/cards/dragons/neutral_epic.py:89; existing_tests=none; prior=YELLOW:1 个机制缺少充分的核心效果验证；逐机制依据见 card_mechanism.csv。; prior_evidence=card_mechanism.csv#DRG_403; generic-play-smoke:played,ordinary_collectible,MINION,yes,fireplace/cards/dragons/neutral_epic.py:89,Battlecry: Your opponent's next Hero Power costs (3).
17.6.0.53261,Descent of Dragons (DRAGONS),DRG_610,"Galakrond, the Nightmare",梦魇巨龙迦拉克隆,Battlecry|Draw / Discard,RED,partial,yes,"实测与卡牌文本不符：uninvoked_hero_draws_one_card_set_to_one_cost: hero=DRG_610;power=DRG_238p2;armor=5;drawn=CS2_182:HAND:cost5;card=PLAY; two_real_invokes_draw_two_at_one_cost: invokes=2;hero=DRG_610t2;before_id=DRG_610t2;all_deck_cards=[('CS2_182', 4, 'DECK'), ('CS2_182', 4, 'DECK'), ('CS2_182', 4, 'DECK'), ('CS2_182', 4, 'DECK'), ('CS2_182', 4, 'DECK'), ('CS2_182', 4, 'DECK'), ('CS2_182', 5, 'HAND'), ('CS2_182', 5, 'HAND')];drawn=[('CS2_182', 5, 'HAND'), ('CS2_182', 5, 'HAND')];waiting=6;weapon=None; four_real_invokes_draw_four_at_one_cost_and_claw: invokes=4;hero=DRG_610t3;before_id=DRG_610t3;all_deck_cards=[('CS2_182', 4, 'DECK'), ('CS2_182', 4, 'DECK'), ('CS2_182', 4, 'DECK'), ('CS2_182', 4, 'DECK'), ('CS2_182', 5, 'HAND'), ('CS2_182', 5, 'HAND'), ('CS2_182', 5, 'HAND'), ('CS2_182', 5, 'HAND')];drawn=[('CS2_182', 5, 'HAND'), ('CS2_182', 5, 'HAND'), ('CS2_182', 5, 'HAND'), ('CS2_182', 5, 'HAND')];waiting=4;weapon=('DRG_238ht', 5, 2)",card_mechanism.csv#DRG_610; generic-play-smoke:played; effect-evidence: reports/card_quality_full_2026-09-27/set_probe_DRAGONS.csv#DRG_610::uninvoked_hero_draws_one_card_set_to_one_cost; reports/card_quality_full_2026-09-27/set_probe_DRAGONS.csv#DRG_610::two_real_invokes_draw_two_at_one_cost; reports/card_quality_full_2026-09-27/set_probe_DRAGONS.csv#DRG_610::four_real_invokes_draw_four_at_one_cost_and_claw; per-card: reports/card_quality_full_2026-09-27/set_probe_DRAGONS.csv#DRG_610::uninvoked_hero_draws_one_card_set_to_one_cost; reports/card_quality_full_2026-09-27/set_probe_DRAGONS.csv#DRG_610::two_real_invokes_draw_two_at_one_cost; reports/card_quality_full_2026-09-27/set_probe_DRAGONS.csv#DRG_610::four_real_invokes_draw_four_at_one_cost_and_claw,聚合状态取该卡最差机制；普通烟测只证明可执行，不能单独构成 GREEN。 EN=[x]Battlecry: Draw 1 card. It costs (1). (@); ZH=战吼：抽一张牌，其法力值消耗为（1）点。（@）; source=fireplace/cards/dragons/rogue.py:112; existing_tests=none; prior=YELLOW:2 个机制缺少充分的核心效果验证；逐机制依据见 card_mechanism.csv。; prior_evidence=card_mechanism.csv#DRG_610; generic-play-smoke:played,ordinary_collectible,HERO,yes,fireplace/cards/dragons/rogue.py:112,[x]Battlecry: Draw 1 card. It costs (1). (@)
17.6.0.53261,Classic (EXPERT1),EX1_080,Secretkeeper,奥秘守护者,Trigger,RED,partial,yes,"RED: secretkeeper_gains_stats_when_either_player_plays_secret confirmed_error: Secretkeeper gains +1/+1 when its controller and when the opponent each play a Secret. Observed base=(1, 2, 2);after_friendly_secret=(2, 3, 3);after_enemy_secret=(2, 3, 3);secret_zones=SECRET/SECRET;keeper=PLAY",card_mechanism.csv#EX1_080; generic-play-smoke:played; effect-evidence: reports/card_quality_full_2026-09-27/classic_probe_first.csv#secretkeeper_gains_stats_when_either_player_plays_secret; per-card: reports/card_quality_full_2026-09-27/classic_probe_first.csv#secretkeeper_gains_stats_when_either_player_plays_secret,聚合状态取该卡最差机制；普通烟测只证明可执行，不能单独构成 GREEN。 Case evidence saved immediately. EN/ZH/source/test refs are recorded in probe CSV; prior test refs: tests/test_secrets.py:627:test_secretkeeper.,ordinary_collectible,MINION,yes,fireplace/cards/classic/neutral_rare.py:100,"Whenever a Secret is played, gain +1/+1."
17.6.0.53261,Classic (EXPERT1),EX1_182,Pilfer,窃取,Random effects|Spell resolution,RED,partial,yes,"RED: pilfer_adds_only_collectible_cards_from_other_hero_classes confirmed_error: Across 16 seeded plays, each should add exactly one collectible card from a hero class other than Rogue; Neutral cards are not from another class. Observed all_generated_cards_are_other_hero_class=False;generated_classes=['DEMONHUNTER', 'DRUID', 'HUNTER', 'NEUTRAL', 'PALADIN', 'PRIEST', 'WARLOCK', 'WARRIOR'];generated_ids=['BT_020', 'BT_427', 'BT_937', 'DRG_006', 'DRG_008',…",card_mechanism.csv#EX1_182; generic-play-smoke:played; effect-evidence: reports/card_quality_full_2026-09-27/classic_probe_first.csv#pilfer_adds_only_collectible_cards_from_other_hero_classes; per-card: reports/card_quality_full_2026-09-27/classic_probe_first.csv#pilfer_adds_only_collectible_cards_from_other_hero_classes,聚合状态取该卡最差机制；普通烟测只证明可执行，不能单独构成 GREEN。 Case evidence saved immediately. EN/ZH/source/test refs are recorded in probe CSV; prior test refs: none.,ordinary_collectible,SPELL,yes,fireplace/cards/classic/rogue.py:236,Add a random card from another class to your hand.
17.6.0.53261,Classic (EXPERT1),EX1_509,Murloc Tidecaller,鱼人招潮者,Summon|Trigger,RED,partial,yes,对手在自己的回合合法打出鱼人后，鱼人招潮者仍额外获得+1攻击，触发范围超出文本的‘你召唤’。 实测：base=1;after_self_summon=1;after_friendly_murloc=2;after_enemy_murloc=3;ally=PLAY,card_mechanism.csv#EX1_509; generic-play-smoke:played; effect-evidence: reports/card_quality_full_2026-09-27/classic_probe_second.csv#EX1_509_friendly_murloc_summons_only; per-card: reports/card_quality_full_2026-09-27/classic_probe_second.csv#EX1_509_friendly_murloc_summons_only,聚合状态取该卡最差机制；普通烟测只证明可执行，不能单独构成 GREEN。 逐卡实际出牌与状态断言；状态仅依据本卡已列核心分支。,ordinary_collectible,MINION,yes,fireplace/cards/classic/neutral_rare.py:157,"Whenever you summon a Murloc, gain +1 Attack."
17.6.0.53261,Classic (EXPERT1),EX1_560,Nozdormu,诺兹多姆,Continuous effect / Update,RED,partial,yes,"打出并保留诺兹多姆时双方序列化 timeout 都仍为75，源码声明的TIMEOUT aura没有生效。 实测：before_serialized=(75, 75);aura_timeout_tags=(None, None);while_nozdormu_serialized=(75, 75);after_silence_serialized=(75, 75);silenced=True",card_mechanism.csv#EX1_560; generic-play-smoke:played; effect-evidence: reports/card_quality_full_2026-09-27/classic_probe_second.csv#EX1_560_timeout_state_for_both_players; per-card: reports/card_quality_full_2026-09-27/classic_probe_second.csv#EX1_560_timeout_state_for_both_players,聚合状态取该卡最差机制；普通烟测只证明可执行，不能单独构成 GREEN。 逐卡实际出牌与状态断言；状态仅依据本卡已列核心分支。,ordinary_collectible,MINION,yes,fireplace/cards/classic/neutral_legendary.py:135,Players only have 15 seconds to take their turns.
17.6.0.53261,Classic (EXPERT1),EX1_584,Ancient Mage,年迈的法师,Battlecry|Spell Damage,RED,partial,yes,左右相邻随从确实获得 EX1_584e 附魔，但法术伤害都仍为0；月火术只造成1点，而非应有的3点。,card_mechanism.csv#EX1_584; generic-play-smoke:played; effect-evidence: reports/card_quality_full_2026-09-27/classic_probe_middle_b.csv#battlecry_only_buffs_adjacent_minions_spell_damage; per-card: reports/card_quality_full_2026-09-27/classic_probe_middle_b.csv#battlecry_only_buffs_adjacent_minions_spell_damage,聚合状态取该卡最差机制；普通烟测只证明可执行，不能单独构成 GREEN。 已确认的行为不匹配，具体断言与现场状态见 probe CSV。,ordinary_collectible,MINION,yes,fireplace/cards/classic/neutral_rare.py:166,Battlecry: Give adjacent minions Spell Damage +1.
17.6.0.53261,Classic (EXPERT1),NEW1_005,Kidnapper,劫持者,Combo|Targeting,RED,partial,yes,连击时偷来的随从错误返回当前控制者而不是原拥有者的手牌；普通友敌回手和无连击分支通过。,card_mechanism.csv#NEW1_005; generic-play-smoke:played; effect-evidence: reports/card_quality_full_2026-09-27/classic_probe_final10.csv#combo_enemy_minion_bounce; reports/card_quality_full_2026-09-27/classic_probe_final10.csv#combo_friendly_minion_bounce; reports/card_quality_full_2026-09-27/classic_probe_final10.csv#combo_stolen_minion_returns_original_owner; reports/card_quality_full_2026-09-27/classic_probe_final10.csv#no_combo_no_bounce; per-card: reports/card_quality_full_2026-09-27/classic_probe_final10.csv#combo_enemy_minion_bounce; reports/card_quality_full_2026-09-27/classic_probe_final10.csv#combo_friendly_minion_bounce; reports/card_quality_full_2026-09-27/classic_probe_final10.csv#combo_stolen_minion_returns_original_owner; reports/card_quality_full_2026-09-27/classic_probe_final10.csv#no_combo_no_bounce,"聚合状态取该卡最差机制；普通烟测只证明可执行，不能单独构成 GREEN。 逐卡真实对局：4 个独立 case；pass,pass,pass,confirmed_error。",ordinary_collectible,MINION,yes,fireplace/cards/classic/rogue.py:30,Combo: Return a minion to its owner's hand.
17.6.0.53261,Classic (EXPERT1),NEW1_036,Commanding Shout,命令怒吼,Draw / Discard|Spell resolution,RED,partial,yes,随从最低1血分支通过；命令怒吼未执行文本的‘抽一张牌’，已知牌仍在牌库中。,card_mechanism.csv#NEW1_036; generic-play-smoke:played; effect-evidence: reports/card_quality_full_2026-09-27/classic_probe_tail.csv#NEW1_036_floor_and_draw; per-card: reports/card_quality_full_2026-09-27/classic_probe_tail.csv#NEW1_036_floor_and_draw,聚合状态取该卡最差机制；普通烟测只证明可执行，不能单独构成 GREEN。 逐卡真实对局：1 个独立 case；confirmed_error。,ordinary_collectible,SPELL,yes,fireplace/cards/classic/warrior.py:193,Your minions can't be reduced below 1 Health this turn. Draw a card.
17.6.0.53261,Mean Streets of Gadgetzan (GANGS),CFM_020,Raza the Chained,缚链者拉兹,Battlecry,RED,partial,yes,"实测与卡牌文本不符：duplicate_deck_does_not_set_zero预期[A repeated card in deck leaves Hero Power at its ordinary cost.]，实际[AssertionError: deck=['CS2_231', 'CS2_231'];hero_power_cost=0;raza=PLAY]",card_mechanism.csv#CFM_020; generic-play-smoke:played; effect-evidence: reports/card_quality_full_2026-09-27/three_set_probe.csv#CFM_020::unique_deck_sets_zero_this_game; reports/card_quality_full_2026-09-27/three_set_probe.csv#CFM_020::duplicate_deck_does_not_set_zero; per-card: reports/card_quality_full_2026-09-27/three_set_probe.csv#CFM_020::unique_deck_sets_zero_this_game; reports/card_quality_full_2026-09-27/three_set_probe.csv#CFM_020::duplicate_deck_does_not_set_zero,"聚合状态取该卡最差机制；普通烟测只证明可执行，不能单独构成 GREEN。 EN=[x]  Battlecry: If your deck has   no duplicates, your Hero  Power costs (0) this game.; ZH=战吼：在本局对战中，如果你的牌库里没有相同的牌，则你的英雄技能的法力值消耗为（0）点。; source=fireplace/cards/gangs/priest.py:8; existing_tests=无候选既有测试引用; previous_card_audit=1 个机制缺少充分的核心效果验证；逐机制依据见 card_mechanism.csv。; previous_mechanism_audit=存在定义或元数据候选；当前没有可复查的该机制核心效果断言。; prior_cross_card_issues=无; audit_scope=本轮实际运行断言。",ordinary_collectible,MINION,yes,fireplace/cards/gangs/priest.py:8,"[x]  Battlecry: If your deck has   no duplicates, your Hero  Power costs (0) this game."
17.6.0.53261,Mean Streets of Gadgetzan (GANGS),CFM_316,Rat Pack,瘟疫鼠群,Deathrattle|Summon,RED,partial,yes,"实测与卡牌文本不符：deathrattle_uses_current_attack预期[After +3 Attack, Rat Pack death summons five 1/1 Rats, matching its current Attack.]，实际[AssertionError: attack=2->5;rat_pack=GRAVEYARD;summoned=[('CFM_316', 2, 2), ('CFM_316', 2, 2), ('CFM_316', 2, 2), ('CFM_316', 2, 2), ('CFM_316', 2, 2)];buff=GRAVEYARD]",card_mechanism.csv#CFM_316; generic-play-smoke:played; effect-evidence: reports/card_quality_full_2026-09-27/three_set_probe.csv#CFM_316::deathrattle_uses_current_attack; per-card: reports/card_quality_full_2026-09-27/three_set_probe.csv#CFM_316::deathrattle_uses_current_attack,聚合状态取该卡最差机制；普通烟测只证明可执行，不能单独构成 GREEN。 EN=[x]Deathrattle: Summon a number of 1/1 Rats equal  to this minion's Attack.; ZH=亡语：召唤若干个1/1的老鼠，数量等同于该随从的攻击力。; source=fireplace/cards/gangs/hunter.py:14; existing_tests=无候选既有测试引用; previous_card_audit=2 个机制缺少充分的核心效果验证；逐机制依据见 card_mechanism.csv。; previous_mechanism_audit=存在定义或元数据候选；当前没有可复查的该机制核心效果断言。 / 存在效果脚本；烟测仅验证执行和基础状态，缺少充分逐卡效果断言。; prior_cross_card_issues=无; audit_scope=本轮实际运行断言。,ordinary_collectible,MINION,yes,fireplace/cards/gangs/hunter.py:14,[x]Deathrattle: Summon a number of 1/1 Rats equal  to this minion's Attack.
17.6.0.53261,Mean Streets of Gadgetzan (GANGS),CFM_337,Piranha Launcher,食人鱼喷枪,Summon|Trigger|Weapon,RED,partial,yes,"实测与卡牌文本不符：hero_attack_face_summons_piranha预期[After a hero attack on the enemy hero, Piranha Launcher also summons one 1/1 Piranha.]，实际[AssertionError: launcher=PLAY;enemy_hero=28;piranhas=[];weapon=CFM_337]",card_mechanism.csv#CFM_337; generic-play-smoke:played; effect-evidence: reports/card_quality_full_2026-09-27/three_set_probe.csv#CFM_337::hero_attack_minion_summons_piranha; reports/card_quality_full_2026-09-27/three_set_probe.csv#CFM_337::hero_attack_face_summons_piranha; per-card: reports/card_quality_full_2026-09-27/three_set_probe.csv#CFM_337::hero_attack_minion_summons_piranha; reports/card_quality_full_2026-09-27/three_set_probe.csv#CFM_337::hero_attack_face_summons_piranha,"聚合状态取该卡最差机制；普通烟测只证明可执行，不能单独构成 GREEN。 EN=[x]After your hero attacks, summon a 1/1 Piranha.; ZH=在你的英雄攻击后，召唤一个1/1的食人鱼。; source=fireplace/cards/gangs/hunter.py:79; existing_tests=无候选既有测试引用; previous_card_audit=3 个机制缺少充分的核心效果验证；逐机制依据见 card_mechanism.csv。; previous_mechanism_audit=存在定义或元数据候选；当前没有可复查的该机制核心效果断言。; prior_cross_card_issues=无; audit_scope=本轮实际运行断言。",ordinary_collectible,WEAPON,yes,fireplace/cards/gangs/hunter.py:79,"[x]After your hero attacks, summon a 1/1 Piranha."
17.6.0.53261,Mean Streets of Gadgetzan (GANGS),CFM_341,Sergeant Sally,女警萨莉,Deathrattle,RED,partial,yes,实测与卡牌文本不符：deathrattle_enemy_minions_only预期[Sergeant Sally deals Attack-based damage to all enemy minions while friendly minions remain undamaged.]，实际[AssertionError: attack=4;sally=GRAVEYARD;friendly=GRAVEYARD;enemy_small=GRAVEYARD;enemy_large=1/5;buff=GRAVEYARD],card_mechanism.csv#CFM_341; generic-play-smoke:played; effect-evidence: reports/card_quality_full_2026-09-27/three_set_probe.csv#CFM_341::deathrattle_enemy_minions_only; per-card: reports/card_quality_full_2026-09-27/three_set_probe.csv#CFM_341::deathrattle_enemy_minions_only,聚合状态取该卡最差机制；普通烟测只证明可执行，不能单独构成 GREEN。 EN=Deathrattle: Deal damage equal to this minion's Attack to all enemy minions.; ZH=亡语：对所有敌方随从造成等同于该随从攻击力的伤害。; source=fireplace/cards/gangs/neutral_legendary.py:8; existing_tests=无候选既有测试引用; previous_card_audit=1 个机制缺少充分的核心效果验证；逐机制依据见 card_mechanism.csv。; previous_mechanism_audit=存在效果脚本；烟测仅验证执行和基础状态，缺少充分逐卡效果断言。; prior_cross_card_issues=无; audit_scope=本轮实际运行断言。,ordinary_collectible,MINION,yes,fireplace/cards/gangs/neutral_legendary.py:8,Deathrattle: Deal damage equal to this minion's Attack to all enemy minions.
17.6.0.53261,Mean Streets of Gadgetzan (GANGS),CFM_650,Grimscale Chum,暗鳞劫掠者,Battlecry|Random effects,RED,partial,yes,"已确认与卡牌文本不符：random_hand_murloc_only=AssertionError: {'before': [(1, 1), (2, 1), (1, 1)], 'after': [(2, 2), (3, 2), (1, 1)]}; no_murloc_in_hand=before=(1, 1);after=(1, 1)",card_mechanism.csv#CFM_650; generic-play-smoke:played; effect-evidence: reports/card_quality_full_2026-09-27/three_set_probe.csv#CFM_650::random_hand_murloc_only; reports/card_quality_full_2026-09-27/three_set_probe.csv#CFM_650::no_murloc_in_hand; per-card: reports/card_quality_full_2026-09-27/three_set_probe.csv#CFM_650::random_hand_murloc_only; reports/card_quality_full_2026-09-27/three_set_probe.csv#CFM_650::no_murloc_in_hand,聚合状态取该卡最差机制；普通烟测只证明可执行，不能单独构成 GREEN。 EN: [x]Battlecry: Give a random Murloc in your hand +1/+1.; ZH: 战吼：随机使你手牌中的一张鱼人牌获得+1/+1。; source=fireplace/cards/gangs/paladin.py:23; existing_test_refs=; prior_audit=YELLOW:2 个机制缺少充分的核心效果验证；逐机制依据见 card_mechanism.csv。,ordinary_collectible,MINION,yes,fireplace/cards/gangs/paladin.py:23,[x]Battlecry: Give a random Murloc in your hand +1/+1.
17.6.0.53261,Mean Streets of Gadgetzan (GANGS),CFM_670,Mayor Noggenfogger,诺格弗格市长,Continuous effect / Update|Trigger,RED,partial,yes,"已确认与卡牌文本不符：all_targets_random_active=during=(True, True);after=(False, False);card=GRAVEYARD; spell_target_retargeted=seeds_and_loss=[(670, (0, 0, 0, 1, 0)), (671, (0, 0, 0, 1, 0)), (672, (1, 0, 0, 0, 0)), (673, (0, 0, 0, 1, 0)), (674, (0, 0, 1, 0, 0)), (675, (0, 1, 0, 0, 0)), (676, (0, 1, 0, 0, 0)), (677, (1, 0, 0, 0, 0)), (678, (0, 1, 0, 0, 0)), (679, (0, 0, 0, 1, 0)), (680, (0, 0, 0, 1, 0)), (681, (0, 0, 1, 0, 0))]; hero_power_target_retargeted=seeds_and_loss=[(700, (1, 0, 0, 0, 0)), (701, (0, 0, 0, 0, 1)), (702, (1, 0, 0, 0, 0)), (703, (1, 0, 0, 0, 0)), (704, (0, 0, 0, 1, 0)), (705, (0, 0, 0, 0, 1)), (706, (0, 0, 0, 1, 0)), (707, (0, 1, 0, 0, 0)), (708, (0, 1, 0, 0, 0)), (709, (0, 0, 0, 1, 0)), (710, (0, 0, 1, 0, 0)), (711, (0, 0, 0, 1, 0))]; minion_attack_can_redirect=redirected=[(724, (30, [3, 7])), (726, (30, [7, 3])), (729, (30, [7, 3])), (730, (30, [3, 7])), (733, (30, [7, 3])), (734, (30, [7, 3])), (735, (30, [3, 7])), (736, (30, [3, 7])), (742, (30, [7, 3])), (743, (30, [3, 7])), (744, (30, [7, 3])), (746, (30, [3, 7])), (747, (30, [3, 7])), (749, (30, [7, 3])), (750, (30, [7, 3]))];normal=17; hero_attack_can_redirect=AssertionError: {'redirected': [], 'always_hit_requested_hero': 32, 'trials': 32}",card_mechanism.csv#CFM_670; generic-play-smoke:played; effect-evidence: reports/card_quality_full_2026-09-27/three_set_probe.csv#CFM_670::all_targets_random_active; reports/card_quality_full_2026-09-27/three_set_probe.csv#CFM_670::spell_target_retargeted; reports/card_quality_full_2026-09-27/three_set_probe.csv#CFM_670::hero_power_target_retargeted; reports/card_quality_full_2026-09-27/three_set_probe.csv#CFM_670::minion_attack_can_redirect; reports/card_quality_full_2026-09-27/three_set_probe.csv#CFM_670::hero_attack_can_redirect; per-card: reports/card_quality_full_2026-09-27/three_set_probe.csv#CFM_670::all_targets_random_active; reports/card_quality_full_2026-09-27/three_set_probe.csv#CFM_670::spell_target_retargeted; reports/card_quality_full_2026-09-27/three_set_probe.csv#CFM_670::hero_power_target_retargeted; reports/card_quality_full_2026-09-27/three_set_probe.csv#CFM_670::minion_attack_can_redirect; reports/card_quality_full_2026-09-27/three_set_probe.csv#CFM_670::hero_attack_can_redirect,聚合状态取该卡最差机制；普通烟测只证明可执行，不能单独构成 GREEN。 EN: All targets are chosen randomly.; ZH: 所有角色都会随机选择目标。; source=fireplace/cards/gangs/neutral_legendary.py:125; existing_test_refs=; prior_audit=YELLOW:2 个机制缺少充分的核心效果验证；逐机制依据见 card_mechanism.csv。; Blizzard 2017-10-17 patch notes explicitly include Hero attacks redirected by Mayor Noggenfogger: https://hearthstone.blizzard.com/en-us/blog/21098848/,ordinary_collectible,MINION,yes,fireplace/cards/gangs/neutral_legendary.py:125,All targets are chosen randomly.
17.6.0.53261,Mean Streets of Gadgetzan (GANGS),CFM_671,Cryomancer,凛风巫师,Battlecry,RED,partial,yes,"已确认与卡牌文本不符：frozen_enemy_grants_stats=AssertionError: {'branches': [(False, 5, 5), (True, 5, 5)]}",card_mechanism.csv#CFM_671; generic-play-smoke:played; effect-evidence: reports/card_quality_full_2026-09-27/three_set_probe.csv#CFM_671::frozen_enemy_grants_stats; per-card: reports/card_quality_full_2026-09-27/three_set_probe.csv#CFM_671::frozen_enemy_grants_stats,"聚合状态取该卡最差机制；普通烟测只证明可执行，不能单独构成 GREEN。 EN: Battlecry: If an enemy is Frozen, gain +2/+2.; ZH: 战吼：如果有敌人被冻结，便获得+2/+2。; source=fireplace/cards/gangs/mage.py:25; existing_test_refs=; prior_audit=YELLOW:1 个机制缺少充分的核心效果验证；逐机制依据见 card_mechanism.csv。",ordinary_collectible,MINION,yes,fireplace/cards/gangs/mage.py:25,"Battlecry: If an enemy is Frozen, gain +2/+2."
17.6.0.53261,Mean Streets of Gadgetzan (GANGS),CFM_693,Gadgetzan Ferryman,加基森摆渡人,Combo|Targeting,RED,partial,yes,"实测断言失败：CFM_693_live_01=AssertionError: without_combo_before=(False, 0);without_combo_after=('PLAY', True, False);combo_before=(True, 1, True);combo_after=('PLAY', False, True, True)；源码因果：fireplace/cards/gangs/rogue.py:40 将 Bounce(TARGET) 放在 play 槽；fireplace/actions.py:1060-1062 在 Combo 有效时只取 card.get_actions('combo')，所以合法友方目标仍留场。",card_mechanism.csv#CFM_693; generic-play-smoke:played; effect-evidence: reports/card_quality_full_2026-09-27/three_set_probe.csv#CFM_693::CFM_693_live_01; per-card: reports/card_quality_full_2026-09-27/three_set_probe.csv#CFM_693::CFM_693_live_01,聚合状态取该卡最差机制；普通烟测只证明可执行，不能单独构成 GREEN。 EN=Combo: Return a friendly minion to your hand.; ZH=连击：将一个友方随从移回你的手牌。; source=fireplace/cards/gangs/rogue.py:32; existing_tests=无候选既有测试引用; prior_card_audit=2 个机制缺少充分的核心效果验证；逐机制依据见 card_mechanism.csv。; prior_mechanism_audit=存在定义或元数据候选；当前没有可复查的该机制核心效果断言。; prior_cross_card_issues=无; live_cases=CFM_693_live_01; 源码因果：fireplace/cards/gangs/rogue.py:40 将 Bounce(TARGET) 放在 play 槽；fireplace/actions.py:1060-1062 在 Combo 有效时只取 card.get_actions('combo')，所以合法友方目标仍留场。,ordinary_collectible,MINION,yes,fireplace/cards/gangs/rogue.py:32,Combo: Return a friendly minion to your hand.
17.6.0.53261,The Witchwood (GILNEAS),GIL_508,Duskbat,夜行蝙蝠,Battlecry|Summon,RED,partial,yes,"实测与卡牌文本不符：no_damage_no_bats expected=[Without hero damage during this turn, Duskbat summons no Bats.] actual=[hero=30->30;body=2/4;bats=[(1, 1), (1, 1)];field=['GIL_508t', 'GIL_508', 'GIL_508t']]",card_mechanism.csv#GIL_508; generic-play-smoke:played; effect-evidence: reports/card_quality_full_2026-09-27/set_probe_GILNEAS.csv#GIL_508::no_damage_no_bats; reports/card_quality_full_2026-09-27/set_probe_GILNEAS.csv#GIL_508::hero_damage_summons_two_bats; per-card: reports/card_quality_full_2026-09-27/set_probe_GILNEAS.csv#GIL_508::no_damage_no_bats; reports/card_quality_full_2026-09-27/set_probe_GILNEAS.csv#GIL_508::hero_damage_summons_two_bats,"聚合状态取该卡最差机制；普通烟测只证明可执行，不能单独构成 GREEN。 EN=Battlecry: If your hero took damage this turn, summon two 1/1 Bats.; ZH=战吼：如果你的英雄在本回合受到过伤害，召唤两只1/1的 蝙蝠。; source=fireplace/cards/witchwood/warlock.py:8; existing_tests=none; previous=YELLOW:2 个机制缺少充分的核心效果验证；逐机制依据见 card_mechanism.csv。",ordinary_collectible,MINION,yes,fireplace/cards/witchwood/warlock.py:8,"Battlecry: If your hero took damage this turn, summon two 1/1 Bats."
17.6.0.53261,The Witchwood (GILNEAS),GIL_565,Deathweb Spider,逝网蜘蛛,Battlecry,RED,partial,yes,"Confirmed live mismatch: undamaged_hero_does_not_grant_lifesteal expected=[Without hero damage this turn, Deathweb Spider does not gain Lifesteal.] observed=[hero_health=30;spider=PLAY/True]",card_mechanism.csv#GIL_565; generic-play-smoke:played; effect-evidence: reports/card_quality_full_2026-09-27/set_probe_GILNEAS.csv#GIL_565::undamaged_hero_does_not_grant_lifesteal; reports/card_quality_full_2026-09-27/set_probe_GILNEAS.csv#GIL_565::damaged_hero_grants_lifesteal; per-card: reports/card_quality_full_2026-09-27/set_probe_GILNEAS.csv#GIL_565::undamaged_hero_does_not_grant_lifesteal; reports/card_quality_full_2026-09-27/set_probe_GILNEAS.csv#GIL_565::damaged_hero_grants_lifesteal,"聚合状态取该卡最差机制；普通烟测只证明可执行，不能单独构成 GREEN。 Cases=2; probe rows contain EN/ZH text, source, existing tests, and prior audit details.",ordinary_collectible,MINION,yes,fireplace/cards/witchwood/warlock.py:32,"Battlecry: If your hero took damage this turn, gain Lifesteal."
17.6.0.53261,The Witchwood (GILNEAS),GIL_577,Rat Trap,捕鼠陷阱,Secret|Spell resolution|Summon|Trigger,RED,partial,yes,"Confirmed live mismatch: rat_trap_triggers_after_third_opponent_card expected=[Rat Trap remains armed after two opponent cards, then is consumed and summons one 6/6 Rat after the third.] observed=[after_two=('SECRET', 0);opponent_cards=3;secret=SECRET/True;rats=[];controller_field=[];enemy_turn=True]",card_mechanism.csv#GIL_577; generic-play-smoke:played; effect-evidence: reports/card_quality_full_2026-09-27/set_probe_GILNEAS.csv#GIL_577::rat_trap_triggers_after_third_opponent_card; reports/card_quality_full_2026-09-27/set_probe_GILNEAS.csv#GIL_577::dormant_full_board_keeps_secret_armed; per-card: reports/card_quality_full_2026-09-27/set_probe_GILNEAS.csv#GIL_577::rat_trap_triggers_after_third_opponent_card; reports/card_quality_full_2026-09-27/set_probe_GILNEAS.csv#GIL_577::dormant_full_board_keeps_secret_armed,"聚合状态取该卡最差机制；普通烟测只证明可执行，不能单独构成 GREEN。 Cases=2; probe rows contain EN/ZH text, source, existing tests, and prior audit details.",ordinary_collectible,SPELL,yes,fireplace/cards/witchwood/hunter.py:88,"[x]Secret: After your opponent plays three cards in a turn, summon a 6/6 Rat."
17.6.0.53261,The Witchwood (GILNEAS),GIL_618,Glinda Crowskin,格林达·鸦羽,Aura|Continuous effect / Update,RED,partial,yes,"Confirmed live mismatch: hand_minions_gain_echo_while_glinda_lives expected=[Glinda grants Echo to a held minion, the minion creates an Echo copy when played, and removing Glinda clears the hand aura.] observed=[glinda=GRAVEYARD;original=PLAY/True;echo_copy=None;spare_echo=True->False;hand=[('CS2_231', 'HAND', False)]]",card_mechanism.csv#GIL_618; generic-play-smoke:played; effect-evidence: reports/card_quality_full_2026-09-27/set_probe_GILNEAS.csv#GIL_618::hand_minions_gain_echo_while_glinda_lives; per-card: reports/card_quality_full_2026-09-27/set_probe_GILNEAS.csv#GIL_618::hand_minions_gain_echo_while_glinda_lives,"聚合状态取该卡最差机制；普通烟测只证明可执行，不能单独构成 GREEN。 Cases=1; probe rows contain EN/ZH text, source, existing tests, and prior audit details.",ordinary_collectible,MINION,yes,fireplace/cards/witchwood/warlock.py:50,Minions in your hand have Echo.
17.6.0.53261,The Witchwood (GILNEAS),GIL_620,Dollmaster Dorian,人偶大师多里安,Draw / Discard|Summon|Trigger,RED,partial,yes,Confirmed live mismatch: drawn_minion_summons_one_one_copy expected=[Dollmaster Dorian summons a 1/1 copy when its controller draws a minion while keeping the drawn original in hand.] observed=[dorian=PLAY/2/6;original=HAND;book=GRAVEYARD;copies=[];hand=['EX1_399']],card_mechanism.csv#GIL_620; generic-play-smoke:played; effect-evidence: reports/card_quality_full_2026-09-27/set_probe_GILNEAS.csv#GIL_620::drawn_minion_summons_one_one_copy; reports/card_quality_full_2026-09-27/set_probe_GILNEAS.csv#GIL_620::drawn_spell_does_not_summon_copy; per-card: reports/card_quality_full_2026-09-27/set_probe_GILNEAS.csv#GIL_620::drawn_minion_summons_one_one_copy; reports/card_quality_full_2026-09-27/set_probe_GILNEAS.csv#GIL_620::drawn_spell_does_not_summon_copy,"聚合状态取该卡最差机制；普通烟测只证明可执行，不能单独构成 GREEN。 Cases=2; probe rows contain EN/ZH text, source, existing tests, and prior audit details.",ordinary_collectible,MINION,yes,fireplace/cards/witchwood/neutral_legendary.py:27,"Whenever you draw a minion, summon a 1/1 copy of it."
17.6.0.53261,The Witchwood (GILNEAS),GIL_623,Witchwood Grizzly,女巫森林灰熊,Battlecry|Taunt,RED,partial,yes,"Confirmed live mismatch: health_loss_matches_opponent_hand_size expected=[Witchwood Grizzly loses exactly one current Health per opponent hand card and retains Taunt.] observed=[opponent_hand=[('CS2_231', 'HAND'), ('CS2_029', 'HAND'), ('EX1_399', 'HAND')];grizzly=PLAY/3/11/max:11/taunt:1]; empty_opponent_hand_causes_no_health_loss expected=[With an empty opponent hand, Witchwood Grizzly remains at its full 3/12 stats and has Taunt.] observed=[grizzly=PLAY/3/11/max:11/taunt:1;opponent_hand=[]]",card_mechanism.csv#GIL_623; generic-play-smoke:played; effect-evidence: reports/card_quality_full_2026-09-27/set_probe_GILNEAS.csv#GIL_623::health_loss_matches_opponent_hand_size; reports/card_quality_full_2026-09-27/set_probe_GILNEAS.csv#GIL_623::empty_opponent_hand_causes_no_health_loss; per-card: reports/card_quality_full_2026-09-27/set_probe_GILNEAS.csv#GIL_623::health_loss_matches_opponent_hand_size; reports/card_quality_full_2026-09-27/set_probe_GILNEAS.csv#GIL_623::empty_opponent_hand_causes_no_health_loss,"聚合状态取该卡最差机制；普通烟测只证明可执行，不能单独构成 GREEN。 Cases=2; probe rows contain EN/ZH text, source, existing tests, and prior audit details.",ordinary_collectible,MINION,yes,fireplace/cards/witchwood/neutral_rare.py:64,[x]Taunt Battlecry: Lose 1 Health for each card in your opponent's hand.
17.6.0.53261,The Witchwood (GILNEAS),GIL_640,Curio Collector,古董收藏家,Draw / Discard|Trigger,RED,partial,yes,"Confirmed live mismatch: draw_buffs_collector_not_drawn_card expected=[When a card is drawn, Curio Collector itself gains +1/+1 while the drawn card keeps its original stats.] observed=[collector=PLAY/4/4;book=GRAVEYARD;drawn=CS2_231/HAND/1/1;hand=['CS2_231']]",card_mechanism.csv#GIL_640; generic-play-smoke:played; effect-evidence: reports/card_quality_full_2026-09-27/set_probe_GILNEAS.csv#GIL_640::draw_buffs_collector_not_drawn_card; per-card: reports/card_quality_full_2026-09-27/set_probe_GILNEAS.csv#GIL_640::draw_buffs_collector_not_drawn_card,"聚合状态取该卡最差机制；普通烟测只证明可执行，不能单独构成 GREEN。 Cases=1; probe rows contain EN/ZH text, source, existing tests, and prior audit details.",ordinary_collectible,MINION,yes,fireplace/cards/witchwood/mage.py:30,"Whenever you draw a card, gain +1/+1."
17.6.0.53261,The Witchwood (GILNEAS),GIL_653,Woodcutter's Axe,樵夫之斧,Deathrattle|Random effects|Weapon,RED,partial,yes,"Confirmed live mismatch: no_rush_minion_remains_unbuffed expected=[With no friendly Rush minion, Woodcutter's Axe does not buff a non-Rush minion.] observed=[axe=GRAVEYARD/first_durability=1;minion=PLAY/3/2/rush:True;enemy_hero=26]",card_mechanism.csv#GIL_653; generic-play-smoke:played; effect-evidence: reports/card_quality_full_2026-09-27/set_probe_GILNEAS.csv#GIL_653::deathrattle_buffs_rush_minion; reports/card_quality_full_2026-09-27/set_probe_GILNEAS.csv#GIL_653::no_rush_minion_remains_unbuffed; per-card: reports/card_quality_full_2026-09-27/set_probe_GILNEAS.csv#GIL_653::deathrattle_buffs_rush_minion; reports/card_quality_full_2026-09-27/set_probe_GILNEAS.csv#GIL_653::no_rush_minion_remains_unbuffed,"聚合状态取该卡最差机制；普通烟测只证明可执行，不能单独构成 GREEN。 Cases=2; probe rows contain EN/ZH text, source, existing tests, and prior audit details.",ordinary_collectible,WEAPON,yes,fireplace/cards/witchwood/warrior.py:91,Deathrattle: Give +2/+1 to a random friendly Rush minion.
17.6.0.53261,The Witchwood (GILNEAS),GIL_663,Witchwood Apple,女巫森林苹果,Spell resolution,RED,partial,yes,"Confirmed live mismatch: adds_three_two_two_treants_to_hand expected=[Witchwood Apple adds exactly three 2/2 Treants to hand.] observed=[spell=GRAVEYARD;treants=[('GIL_663t', 2, 2, 'HAND'), ('GIL_663t', 2, 2, 'HAND')]]",card_mechanism.csv#GIL_663; generic-play-smoke:played; effect-evidence: reports/card_quality_full_2026-09-27/set_probe_GILNEAS.csv#GIL_663::adds_three_two_two_treants_to_hand; per-card: reports/card_quality_full_2026-09-27/set_probe_GILNEAS.csv#GIL_663::adds_three_two_two_treants_to_hand,"聚合状态取该卡最差机制；普通烟测只证明可执行，不能单独构成 GREEN。 Cases=1; probe rows contain EN/ZH text, source, existing tests, and prior audit details.",ordinary_collectible,SPELL,yes,fireplace/cards/witchwood/druid.py:115,Add three 2/2 Treants to your hand.
17.6.0.53261,The Witchwood (GILNEAS),GIL_682,Muck Hunter,泥沼狩猎者,Battlecry|Rush|Summon,RED,partial,yes,"Confirmed live mismatch: full_enemy_board_blocks_token_overflow expected=[The two opponent summons respect the seven-minion board limit.] observed=[enemy_count=9;enemy_ids=['CS2_231', 'GIL_682t', 'GIL_682t', 'CS2_231', 'CS2_231', 'CS2_231', 'CS2_231', 'CS2_231', 'CS2_231'];hunter=PLAY]",card_mechanism.csv#GIL_682; generic-play-smoke:played; effect-evidence: reports/card_quality_full_2026-09-27/set_probe_GILNEAS.csv#GIL_682::battlecry_summons_two_enemy_mucklings_and_rush_works; reports/card_quality_full_2026-09-27/set_probe_GILNEAS.csv#GIL_682::full_enemy_board_blocks_token_overflow; per-card: reports/card_quality_full_2026-09-27/set_probe_GILNEAS.csv#GIL_682::battlecry_summons_two_enemy_mucklings_and_rush_works; reports/card_quality_full_2026-09-27/set_probe_GILNEAS.csv#GIL_682::full_enemy_board_blocks_token_overflow,"聚合状态取该卡最差机制；普通烟测只证明可执行，不能单独构成 GREEN。 Cases=2; probe rows contain EN/ZH text, source, existing tests, and prior audit details.",ordinary_collectible,MINION,yes,fireplace/cards/witchwood/neutral_epic.py:54,Rush Battlecry: Summon two 2/1 Mucklings for your opponent.
17.6.0.53261,The Witchwood (GILNEAS),GIL_683,Marsh Drake,沼泽飞龙,Battlecry|Summon,RED,partial,yes,"Confirmed live mismatch: full_enemy_board_blocks_token_overflow expected=[The opponent's board limit prevents an eighth Drakeslayer from being summoned.] observed=[enemy_count=8;enemy_ids=['CS2_231', 'GIL_683t', 'CS2_231', 'CS2_231', 'CS2_231', 'CS2_231', 'CS2_231', 'CS2_231'];drake=PLAY]",card_mechanism.csv#GIL_683; generic-play-smoke:played; effect-evidence: reports/card_quality_full_2026-09-27/set_probe_GILNEAS.csv#GIL_683::battlecry_summons_enemy_poisonous_drakeslayer; reports/card_quality_full_2026-09-27/set_probe_GILNEAS.csv#GIL_683::full_enemy_board_blocks_token_overflow; per-card: reports/card_quality_full_2026-09-27/set_probe_GILNEAS.csv#GIL_683::battlecry_summons_enemy_poisonous_drakeslayer; reports/card_quality_full_2026-09-27/set_probe_GILNEAS.csv#GIL_683::full_enemy_board_blocks_token_overflow,"聚合状态取该卡最差机制；普通烟测只证明可执行，不能单独构成 GREEN。 Cases=2; probe rows contain EN/ZH text, source, existing tests, and prior audit details.",ordinary_collectible,MINION,yes,fireplace/cards/witchwood/neutral_common.py:144,Battlecry: Summon a 2/1 Poisonous Drakeslayer for your opponent.
17.6.0.53261,The Witchwood (GILNEAS),GIL_691,Archmage Arugal,大法师阿鲁高,Draw / Discard|Trigger,RED,partial,yes,"Confirmed live mismatch: drawn_minion_gets_hand_copy_but_spell_does_not expected=[Archmage Arugal adds a copy only after a minion draw; a spell draw is not copied.] observed=[arugal=PLAY;minion_draw=HAND;minion_copies=1;hand=[('CS2_182', 'HAND'), ('CS2_029', 'HAND')];spell_draw=CS2_029;deck=[]]; normal_turn_draw_adds_minion_copy expected=[A minion drawn at the start of the owner's turn is copied into hand by Archmage Arugal.] observed=[arugal=PLAY;turn_draw=HAND;minion_copies=1;hand=['CS2_182'];turn=4;current_is_owner=True]",card_mechanism.csv#GIL_691; generic-play-smoke:played; effect-evidence: reports/card_quality_full_2026-09-27/set_probe_GILNEAS.csv#GIL_691::drawn_minion_gets_hand_copy_but_spell_does_not; reports/card_quality_full_2026-09-27/set_probe_GILNEAS.csv#GIL_691::normal_turn_draw_adds_minion_copy; per-card: reports/card_quality_full_2026-09-27/set_probe_GILNEAS.csv#GIL_691::drawn_minion_gets_hand_copy_but_spell_does_not; reports/card_quality_full_2026-09-27/set_probe_GILNEAS.csv#GIL_691::normal_turn_draw_adds_minion_copy,"聚合状态取该卡最差机制；普通烟测只证明可执行，不能单独构成 GREEN。 Cases=2; probe rows contain EN/ZH text, source, existing tests, and prior audit details.",ordinary_collectible,MINION,yes,fireplace/cards/witchwood/mage.py:55,"Whenever you draw a minion, add a copy of it to your hand."
17.6.0.53261,The Witchwood (GILNEAS),GIL_800,Duskfallen Aviana,暮陨者艾维娜,Aura|Trigger,RED,partial,yes,"Confirmed live mismatch: first_card_on_each_players_turn_costs_zero_once expected=[Duskfallen Aviana makes each player's first card cost zero, then the next card costs its normal amount, and remains in play.] observed=[e_costs=(4, 4);e_second_cost_after_first=4;e_mana=0->4->8;aviana_after_e=PLAY;p_costs=(0, 0);p_second_cost_after_first=4;p_mana=0->0->4;aviana=PLAY]",card_mechanism.csv#GIL_800; generic-play-smoke:played; effect-evidence: reports/card_quality_full_2026-09-27/set_probe_GILNEAS.csv#GIL_800::first_card_on_each_players_turn_costs_zero_once; per-card: reports/card_quality_full_2026-09-27/set_probe_GILNEAS.csv#GIL_800::first_card_on_each_players_turn_costs_zero_once,"聚合状态取该卡最差机制；普通烟测只证明可执行，不能单独构成 GREEN。 Cases=1; probe rows contain EN/ZH text, source, existing tests, and prior audit details.",ordinary_collectible,MINION,yes,fireplace/cards/witchwood/druid.py:64,"On each player's turn, the first card played costs (0)."
17.6.0.53261,The Witchwood (GILNEAS),GIL_828,Dire Frenzy,凶猛狂暴,Spell resolution|Targeting,RED,partial,yes,"Confirmed live mismatch: buffs_beast_and_shuffles_three_buffed_copies expected=[Dire Frenzy gives a Beast +3/+3 and shuffles three matching +3/+3 copies into the deck.] observed=[before=(3, 2, 20);spell=GRAVEYARD;beast=(3, 2, 'PLAY');copies=[('CS2_237', 3, 2, 20, 'DECK'), ('CS2_237', 3, 2, 20, 'DECK'), ('CS2_237', 3, 2, 20, 'DECK')]]",card_mechanism.csv#GIL_828; generic-play-smoke:unplayable_in_generic_setup; effect-evidence: reports/card_quality_full_2026-09-27/set_probe_GILNEAS.csv#GIL_828::buffs_beast_and_shuffles_three_buffed_copies; reports/card_quality_full_2026-09-27/set_probe_GILNEAS.csv#GIL_828::non_beast_target_rejected_without_payment; per-card: reports/card_quality_full_2026-09-27/set_probe_GILNEAS.csv#GIL_828::buffs_beast_and_shuffles_three_buffed_copies; reports/card_quality_full_2026-09-27/set_probe_GILNEAS.csv#GIL_828::non_beast_target_rejected_without_payment,"聚合状态取该卡最差机制；普通烟测只证明可执行，不能单独构成 GREEN。 Cases=2; probe rows contain EN/ZH text, source, existing tests, and prior audit details.",ordinary_collectible,SPELL,yes,fireplace/cards/witchwood/hunter.py:98,Give a Beast +3/+3. Shuffle 3 copies into your deck with +3/+3.
17.6.0.53261,The Witchwood (GILNEAS),GIL_903,Hidden Wisdom,隐秘的智慧,Draw / Discard|Secret|Spell resolution|Trigger,RED,partial,yes,"Confirmed live mismatch: secret_triggers_on_third_opponent_card_and_draws_two expected=[Hidden Wisdom stays armed through two opponent card plays, then triggers after the third and draws two cards.] observed=[after_two=('SECRET', [], 2);third=PLAY;after_three_count=3;secret=SECRET;drawn=[];deck=['CS2_182', 'CS2_231']]",card_mechanism.csv#GIL_903; generic-play-smoke:played; effect-evidence: reports/card_quality_full_2026-09-27/set_probe_GILNEAS.csv#GIL_903::secret_triggers_on_third_opponent_card_and_draws_two; per-card: reports/card_quality_full_2026-09-27/set_probe_GILNEAS.csv#GIL_903::secret_triggers_on_third_opponent_card_and_draws_two,"聚合状态取该卡最差机制；普通烟测只证明可执行，不能单独构成 GREEN。 Cases=1; probe rows contain EN/ZH text, source, existing tests, and prior audit details.",ordinary_collectible,SPELL,yes,fireplace/cards/witchwood/paladin.py:83,"[x]Secret: After your opponent plays three cards in a turn, draw 2 cards."
17.6.0.53261,Goblins vs Gnomes (GVG),GVG_022,Tinker's Sharpsword Oil,修补匠的磨刀油,Combo|Random effects|Spell resolution,RED,partial,yes,"实测与卡牌文本不符：预期“Combo buffs weapon +3 and exactly one friendly minion +3; the hero receives no bonus”；实得“seeded_weapon_hero_minion_deltas=[(3, 0, [3, 0]), (3, 3, [0, 0]), (3, 3, [0, 0]), (3, 3, [0, 0]), (3, 3, [0, 0]), (3, 0, [0, 3]), (3, 0, [0, 3]), (3, 0, [3, 0]), (3, 3, [0, 0]), (3, 0, [3, 0]), (3, 0, [0, 3]), (3, 0, [3, 0]), (3, 0, [3, 0]), (3, 0, [3, 0]), (3, 3, [0, 0]), (3, 3, [0, 0])]”。",card_mechanism.csv#GVG_022; generic-play-smoke:played; effect-evidence: reports/card_quality_full_2026-09-27/gvg_probe.csv#GVG_022_seeded_combo_recipient_is_minion; per-card: reports/card_quality_full_2026-09-27/gvg_probe.csv#GVG_022_seeded_combo_recipient_is_minion,聚合状态取该卡最差机制；普通烟测只证明可执行，不能单独构成 GREEN。 Tinker's Sharpsword Oil; direct evidence=GVG_022_seeded_combo_recipient_is_minion; source=fireplace/cards/gvg/rogue.py:54,ordinary_collectible,SPELL,yes,fireplace/cards/gvg/rogue.py:54,Give your weapon +3 Attack. Combo: Give a random friendly minion +3 Attack.
17.6.0.53261,Goblins vs Gnomes (GVG),GVG_046,King of Beasts,百兽之王,Battlecry|Taunt,RED,partial,yes,"实测与卡牌文本不符：预期“King of Beasts gains +1 Attack for each other friendly Beast, excluding itself”；实得“with_without_beast=[(False, None, 3, 6, 2), (True, 'CS2_172', 4, 6, 3)]”。",card_mechanism.csv#GVG_046; generic-play-smoke:played; effect-evidence: reports/card_quality_full_2026-09-27/gvg_probe.csv#GVG_046_other_beast_attack_count; per-card: reports/card_quality_full_2026-09-27/gvg_probe.csv#GVG_046_other_beast_attack_count,聚合状态取该卡最差机制；普通烟测只证明可执行，不能单独构成 GREEN。 King of Beasts; direct evidence=GVG_046_other_beast_attack_count; source=fireplace/cards/gvg/hunter.py:8,ordinary_collectible,MINION,yes,fireplace/cards/gvg/hunter.py:8,Taunt. Battlecry: Gain +1 Attack for each other Beast you have.
17.6.0.53261,Goblins vs Gnomes (GVG),GVG_048,Metaltooth Leaper,金刚刃牙兽,Battlecry,RED,partial,yes,"实测与卡牌文本不符：预期“Battlecry gives every other friendly Mech +2 Attack and leaves non-Mechs unchanged”；实得“seeded_mech_wisp_leaper_deltas=[([0, 2], 0, 3), ([2, 0], 0, 3), ([2, 0], 0, 3), ([2, 0], 0, 3), ([2, 0], 0, 3), ([0, 2], 0, 3), ([2, 0], 0, 3), ([0, 2], 0, 3), ([2, 0], 0, 3), ([0, 2], 0, 3), ([2, 0], 0, 3), ([0, 2], 0, 3)]”。",card_mechanism.csv#GVG_048; generic-play-smoke:played; effect-evidence: reports/card_quality_full_2026-09-27/gvg_probe.csv#GVG_048_battlecry_all_other_friendly_mechs; reports/card_quality_full_2026-09-27/gvg_probe.csv#existing_test_gvg_test_metaltooth_leaper; per-card: reports/card_quality_full_2026-09-27/gvg_probe.csv#GVG_048_battlecry_all_other_friendly_mechs; reports/card_quality_full_2026-09-27/gvg_probe.csv#existing_test_gvg_test_metaltooth_leaper,聚合状态取该卡最差机制；普通烟测只证明可执行，不能单独构成 GREEN。 Metaltooth Leaper; direct evidence=GVG_048_battlecry_all_other_friendly_mechs; source=fireplace/cards/gvg/hunter.py:17,ordinary_collectible,MINION,yes,fireplace/cards/gvg/hunter.py:17,Battlecry: Give your other Mechs +2 Attack.
17.6.0.53261,Goblins vs Gnomes (GVG),GVG_054,Ogre Warmaul,食人魔战槌,Trigger|Weapon,RED,partial,yes,"实测与卡牌文本不符：预期“equips 4/2 weapon; seeded hero attacks show both the declared hero target and a redirected enemy minion”；实得“weapon=GVG_054; atk=4; durability=2; direct=128; redirected=0; trials=128; sample=[(True, False), (True, False), (True, False), (True, False), (True, False), (True, False), (True, False), (True, False), (True, False), (True, False), (True, False), (True, False), (True, False), (True, False), (True, False), (True, False)]”。",card_mechanism.csv#GVG_054; generic-play-smoke:played; effect-evidence: reports/card_quality_full_2026-09-27/gvg_probe.csv#GVG_054_weapon_forgetful_combat; per-card: reports/card_quality_full_2026-09-27/gvg_probe.csv#GVG_054_weapon_forgetful_combat,聚合状态取该卡最差机制；普通烟测只证明可执行，不能单独构成 GREEN。 Ogre Warmaul; direct evidence=GVG_054_weapon_forgetful_combat; source=fireplace/cards/gvg/warrior.py:85,ordinary_collectible,WEAPON,yes,fireplace/cards/gvg/warrior.py:85,50% chance to attack the wrong enemy.
17.6.0.53261,Goblins vs Gnomes (GVG),GVG_087,Steamwheedle Sniper,热砂港狙击手,Continuous effect / Update|Targeting,RED,partial,yes,"实测与卡牌文本不符：预期“Hunter Steady Shot cannot target a minion before Sniper, but can target an enemy minion while Sniper remains”；实得“hunter=HERO_05; hero_power=HERO_05bp; legal_before=False; legal_after=False; sniper_zone=1”。",card_mechanism.csv#GVG_087; generic-play-smoke:played; effect-evidence: reports/card_quality_full_2026-09-27/gvg_probe.csv#GVG_087_hero_power_target_gate; per-card: reports/card_quality_full_2026-09-27/gvg_probe.csv#GVG_087_hero_power_target_gate,聚合状态取该卡最差机制；普通烟测只证明可执行，不能单独构成 GREEN。 Steamwheedle Sniper; direct evidence=GVG_087_hero_power_target_gate; source=fireplace/cards/gvg/hunter.py:36,ordinary_collectible,MINION,yes,fireplace/cards/gvg/hunter.py:36,Your Hero Power can target minions.
17.6.0.53261,Goblins vs Gnomes (GVG),GVG_113,Foe Reaper 4000,死神4000型,Trigger,RED,partial,yes,"实测与卡牌文本不符：预期“attack deals 6 to target and adjacent enemy minions”；实得“damage_deltas=[0, 6, 0]; healths=[7, 1, 7]; zones=[<Zone.PLAY: 1>, <Zone.PLAY: 1>, <Zone.PLAY: 1>]”。",card_mechanism.csv#GVG_113; generic-play-smoke:played; effect-evidence: reports/card_quality_full_2026-09-27/gvg_probe.csv#GVG_113_attack_cleave_adjacent; per-card: reports/card_quality_full_2026-09-27/gvg_probe.csv#GVG_113_attack_cleave_adjacent,聚合状态取该卡最差机制；普通烟测只证明可执行，不能单独构成 GREEN。 Foe Reaper 4000; direct evidence=GVG_113_attack_cleave_adjacent; source=fireplace/cards/gvg/neutral_legendary.py:45,ordinary_collectible,MINION,yes,fireplace/cards/gvg/neutral_legendary.py:45,Also damages the minions next to whomever it attacks.
17.6.0.53261,Hall of Fame (HOF),EX1_050,Coldlight Oracle,寒光智者,Battlecry|Draw / Discard,RED,partial,yes,战吼双方各抽 2 张，但 cards_drawn_this_turn 全计在出牌者名下（+4/+0），造成错误玩家状态,card_mechanism.csv#EX1_050; generic-play-smoke:played; effect-evidence: fireplace/actions.py:1240; reports/card_quality_full_2026-09-27/cross_player_draw_probe.csv#DRAW-01,聚合状态取该卡最差机制；普通烟测只证明可执行，不能单独构成 GREEN。,ordinary_collectible,MINION,yes,fireplace/cards/classic/neutral_rare.py:61,Battlecry: Each player draws 2 cards.
17.6.0.53261,Hall of Fame (HOF),EX1_085,Mind Control Tech,精神控制技师,Battlecry|Random effects,RED,partial,yes,己方已有6个随从时，精神控制技师入场占满第7格，战吼仍夺取敌方随从，使己方场面达到8个。,card_mechanism.csv#EX1_085; generic-play-smoke:played; effect-evidence: reports/card_quality_full_2026-09-27/hof_probe.csv#no_steal_below_four_enemy_minions; reports/card_quality_full_2026-09-27/hof_probe.csv#steal_exactly_one_at_four_enemy_minions; reports/card_quality_full_2026-09-27/hof_probe.csv#seeded_random_pool_reaches_each_candidate; reports/card_quality_full_2026-09-27/hof_probe.csv#steal_when_battlecry_fills_own_board; per-card: reports/card_quality_full_2026-09-27/hof_probe.csv#no_steal_below_four_enemy_minions; reports/card_quality_full_2026-09-27/hof_probe.csv#steal_exactly_one_at_four_enemy_minions; reports/card_quality_full_2026-09-27/hof_probe.csv#seeded_random_pool_reaches_each_candidate; reports/card_quality_full_2026-09-27/hof_probe.csv#steal_when_battlecry_fills_own_board,聚合状态取该卡最差机制；普通烟测只证明可执行，不能单独构成 GREEN。 三敌方不触发、四敌方随机候选均已通过；额外实测己方满场后的夺取。,ordinary_collectible,MINION,yes,fireplace/cards/classic/neutral_rare.py:109,"[x]Battlecry: If your opponent has 4 or more minions, take  control of one at random."
17.6.0.53261,Hall of Fame (HOF),EX1_161,Naturalize,自然平衡,Draw / Discard|Spell resolution|Targeting,RED,partial,yes,自然平衡摧毁目标且对手实际抽了两张牌，但本回合抽牌计数错误记为施法者+2、对手+0。,card_mechanism.csv#EX1_161; generic-play-smoke:played; effect-evidence: reports/card_quality_full_2026-09-27/hof_probe.csv#destroy_target_and_opponent_draws_two; per-card: reports/card_quality_full_2026-09-27/hof_probe.csv#destroy_target_and_opponent_draws_two,聚合状态取该卡最差机制；普通烟测只证明可执行，不能单独构成 GREEN。 1 条独立实战行为 case；EN/ZH 文案、脚本与已有测试引用见 hof_probe.csv 对应 notes；源码=fireplace/cards/classic/druid.py:250；既有测试=tests/test_blackrock.py:66:test_chromaggus_naturalize | tests/test_league.py:178:test_djinni_of_zephyrs；前次 audit 状态为 YELLOW。,ordinary_collectible,SPELL,yes,fireplace/cards/classic/druid.py:250,Destroy a minion. Your opponent draws 2 cards.
17.6.0.53261,Hall of Fame (HOF),NEW1_004,Vanish,消失,Spell resolution,RED,partial,yes,消失作用于被偷取的随从时，实际回到当前控制者手牌，违反回到原拥有者手牌的文案。,card_mechanism.csv#NEW1_004; generic-play-smoke:played; effect-evidence: reports/card_quality_full_2026-09-27/hof_probe.csv#return_every_minion_to_its_owner_hand; reports/card_quality_full_2026-09-27/hof_probe.csv#stolen_minion_returns_original_owner; per-card: reports/card_quality_full_2026-09-27/hof_probe.csv#return_every_minion_to_its_owner_hand; reports/card_quality_full_2026-09-27/hof_probe.csv#stolen_minion_returns_original_owner,聚合状态取该卡最差机制；普通烟测只证明可执行，不能单独构成 GREEN。 原双方普通随从回手分支已通过；额外执行拥有者与当前控制者不同的对照。,ordinary_collectible,SPELL,yes,fireplace/cards/classic/rogue.py:218,Return all minions to their owner's hand.
17.6.0.53261,Knights of the Frozen Throne (ICECROWN),ICC_078,Avalanche,雪崩,Spell resolution|Targeting,RED,partial,yes,实测与卡牌文本不符：center_freeze_adjacent_damage expected=[Freezes the chosen minion and deals 3 damage to each adjacent minion.] actual=[left=5;center=2/False;right=5;spell=GRAVEYARD],card_mechanism.csv#ICC_078; generic-play-smoke:played; effect-evidence: reports/card_quality_full_2026-09-27/icc_probe.csv#ICC_078::center_freeze_adjacent_damage; per-card: reports/card_quality_full_2026-09-27/icc_probe.csv#ICC_078::center_freeze_adjacent_damage,聚合状态取该卡最差机制；普通烟测只证明可执行，不能单独构成 GREEN。 EN=Freeze a minion and deal $3 damage to adjacent ones.; ZH=冻结一个随从，并对其相邻的随从造成$3点伤害。; source=fireplace/cards/icecrown/shaman.py:55; existing_tests=none; previous=YELLOW:2 个机制缺少充分的核心效果验证；逐机制依据见 card_mechanism.csv。,ordinary_collectible,SPELL,yes,fireplace/cards/icecrown/shaman.py:55,Freeze a minion and deal $3 damage to adjacent ones.
17.6.0.53261,Knights of the Frozen Throne (ICECROWN),ICC_221,Leeching Poison,吸血药膏,Spell resolution,RED,partial,yes,确认行为与文本不符：weapon_lifesteal_one_turn expected[Leeching Poison grants weapon Lifesteal for this turn only.] observed[weapon=CS2_091;durability=4;lifesteal=True->True;source=GRAVEYARD],card_mechanism.csv#ICC_221; generic-play-smoke:unplayable_in_generic_setup; effect-evidence: reports/card_quality_full_2026-09-27/icc_probe.csv#ICC_221::weapon_lifesteal_one_turn; per-card: reports/card_quality_full_2026-09-27/icc_probe.csv#ICC_221::weapon_lifesteal_one_turn,"聚合状态取该卡最差机制；普通烟测只证明可执行，不能单独构成 GREEN。 1 live cases; card EN/ZH text, source, existing tests and prior audit recorded in probe notes.",ordinary_collectible,SPELL,yes,fireplace/cards/icecrown/rogue.py:60,Give your weapon Lifesteal this turn.
17.6.0.53261,Knights of the Frozen Throne (ICECROWN),ICC_235,Shadow Essence,暗影精华,Random effects|Spell resolution|Summon,RED,partial,yes,"确认行为与文本不符：random_deck_minion_five_five_copy expected[Summons a 5/5 copy of a random minion from deck.] observed[seed=917;spawned=[('CS2_231', 5, 5, 'PLAY')];deck=['EX1_399']]",card_mechanism.csv#ICC_235; generic-play-smoke:played; effect-evidence: reports/card_quality_full_2026-09-27/icc_probe.csv#ICC_235::random_deck_minion_five_five_copy; per-card: reports/card_quality_full_2026-09-27/icc_probe.csv#ICC_235::random_deck_minion_five_five_copy,"聚合状态取该卡最差机制；普通烟测只证明可执行，不能单独构成 GREEN。 1 live cases; card EN/ZH text, source, existing tests and prior audit recorded in probe notes.",ordinary_collectible,SPELL,yes,fireplace/cards/icecrown/priest.py:51,Summon a 5/5 copy of a random minion in your deck.
17.6.0.53261,Knights of the Frozen Throne (ICECROWN),ICC_405,Rotface,腐面,Random effects|Summon|Trigger,RED,partial,yes,"确认行为与文本不符：lethal_damage_no_legendary expected[Lethal damage does not summon a Legendary.] observed[rot=GRAVEYARD;damage=0;legendary_summons=[('OG_316', 'PLAY')]]",card_mechanism.csv#ICC_405; generic-play-smoke:played; effect-evidence: reports/card_quality_full_2026-09-27/icc_probe.csv#ICC_405::survive_damage_random_legendary; reports/card_quality_full_2026-09-27/icc_probe.csv#ICC_405::lethal_damage_no_legendary; per-card: reports/card_quality_full_2026-09-27/icc_probe.csv#ICC_405::survive_damage_random_legendary; reports/card_quality_full_2026-09-27/icc_probe.csv#ICC_405::lethal_damage_no_legendary,"聚合状态取该卡最差机制；普通烟测只证明可执行，不能单独构成 GREEN。 2 live cases; card EN/ZH text, source, existing tests and prior audit recorded in probe notes.",ordinary_collectible,MINION,yes,fireplace/cards/icecrown/warrior.py:20,"[x]After this minion survives damage, summon a random Legendary minion."
17.6.0.53261,Knights of the Frozen Throne (ICECROWN),ICC_408,Val'kyr Soulclaimer,瓦格里摄魂者,Summon|Trigger,RED,partial,yes,确认行为与文本不符：lethal_damage_no_ghoul expected[Lethal damage does not summon a Ghoul.] observed[val=GRAVEYARD;damage=0;ghouls=1],card_mechanism.csv#ICC_408; generic-play-smoke:played; effect-evidence: reports/card_quality_full_2026-09-27/icc_probe.csv#ICC_408::survive_damage_ghoul; reports/card_quality_full_2026-09-27/icc_probe.csv#ICC_408::lethal_damage_no_ghoul; per-card: reports/card_quality_full_2026-09-27/icc_probe.csv#ICC_408::survive_damage_ghoul; reports/card_quality_full_2026-09-27/icc_probe.csv#ICC_408::lethal_damage_no_ghoul,"聚合状态取该卡最差机制；普通烟测只证明可执行，不能单独构成 GREEN。 2 live cases; card EN/ZH text, source, existing tests and prior audit recorded in probe notes.",ordinary_collectible,MINION,yes,fireplace/cards/icecrown/warrior.py:26,"[x]After this minion survives damage, summon a 2/2 Ghoul."
17.6.0.53261,Knights of the Frozen Throne (ICECROWN),ICC_808,Crypt Lord,地穴领主,Summon|Taunt|Trigger,RED,partial,yes,"实测与卡牌文本不符：all_summons_plus_health预期[Each subsequently summoned minion gives Crypt Lord +1 Health.]，实际[AssertionError: before=(6, 6);after_plain=(6, 6);after_taunt=(7, 7)]",card_mechanism.csv#ICC_808; generic-play-smoke:played; effect-evidence: reports/card_quality_full_2026-09-27/icc_probe.csv#ICC_808::all_summons_plus_health; per-card: reports/card_quality_full_2026-09-27/icc_probe.csv#ICC_808::all_summons_plus_health,"聚合状态取该卡最差机制；普通烟测只证明可执行，不能单独构成 GREEN。 EN=[x]Taunt After you summon a minion,  gain +1 Health.; ZH=嘲讽 在你召唤一个随从后，获得+1生命值。; source=fireplace/cards/icecrown/druid.py:62; existing_tests=无候选既有测试引用; previous_card_audit=3 个机制缺少充分的核心效果验证；逐机制依据见 card_mechanism.csv。; previous_mechanism_audit=存在定义或元数据候选；当前没有可复查的该机制核心效果断言。; prior_cross_card_issues=无; audit_scope=本轮实际运行逐卡断言。 confirmed_RED_scope=英文效果要求召唤任意随从后获得+1生命；源码fireplace/cards/icecrown/druid.py:62使用Summon(CONTROLLER, TAUNT)，普通Wisp召唤未触发，只有Taunt召唤触发。",ordinary_collectible,MINION,yes,fireplace/cards/icecrown/druid.py:62,"[x]Taunt After you summon a minion,  gain +1 Health."
17.6.0.53261,Knights of the Frozen Throne (ICECROWN),ICC_812,Meat Wagon,绞肉车,Deathrattle|Summon,RED,partial,yes,实测与卡牌文本不符：less_than_attack_not_equal预期[Deathrattle does not summon a deck minion whose Attack equals Meat Wagon's Attack.]，实际[AssertionError: wagon_attack=1;summoned=['CS2_231'];deck=[]],card_mechanism.csv#ICC_812; generic-play-smoke:played; effect-evidence: reports/card_quality_full_2026-09-27/icc_probe.csv#ICC_812::less_than_attack_not_equal; reports/card_quality_full_2026-09-27/icc_probe.csv#ICC_812::strictly_lower_control; per-card: reports/card_quality_full_2026-09-27/icc_probe.csv#ICC_812::less_than_attack_not_equal; reports/card_quality_full_2026-09-27/icc_probe.csv#ICC_812::strictly_lower_control,聚合状态取该卡最差机制；普通烟测只证明可执行，不能单独构成 GREEN。 EN=[x]Deathrattle: Summon a minion from your deck with less Attack than this minion.; ZH=亡语：从你的牌库中召唤一个攻击力小于该随从攻击力的随从。; source=fireplace/cards/icecrown/neutral_epic.py:55; existing_tests=无候选既有测试引用; previous_card_audit=2 个机制缺少充分的核心效果验证；逐机制依据见 card_mechanism.csv。; previous_mechanism_audit=存在定义或元数据候选；当前没有可复查的该机制核心效果断言。 / 存在效果脚本；烟测仅验证执行和基础状态，缺少充分逐卡效果断言。; prior_cross_card_issues=无; audit_scope=本轮实际运行逐卡断言。 confirmed_RED_scope=英文要求Attack严格小于本体；源码fireplace/cards/icecrown/neutral_epic.py:57使用(ATK <= ATK(SELF))，实测同为1攻Wisp被错误召唤，0攻Frozen Champion正向分支通过。,ordinary_collectible,MINION,yes,fireplace/cards/icecrown/neutral_epic.py:55,[x]Deathrattle: Summon a minion from your deck with less Attack than this minion.
17.6.0.53261,Knights of the Frozen Throne (ICECROWN),ICC_827,Valeera the Hollow,虚空之影瓦莉拉,Battlecry,RED,partial,yes,"实测与卡牌文本不符：stealth_and_shadow_reflection预期[Battlecry grants Stealth through the current turn and replaces the Hero Power with Shadow Reflection until the next turn.]，实际[AssertionError: hero=ICC_827;stealthed=False;power=ICC_827p;power_exhausted=False;reflected_hand=['CS2_231'];hand_at_own_turn_end=['CS2_231'];hand_after_turn=['CS2_231', 'ICC_827t'];reflection_expired=False]",card_mechanism.csv#ICC_827; generic-play-smoke:played; effect-evidence: reports/card_quality_full_2026-09-27/icc_probe.csv#ICC_827::stealth_and_shadow_reflection; per-card: reports/card_quality_full_2026-09-27/icc_probe.csv#ICC_827::stealth_and_shadow_reflection,聚合状态取该卡最差机制；普通烟测只证明可执行，不能单独构成 GREEN。 EN=Battlecry: Gain Stealth until your next turn.; ZH=战吼：获得潜行直到你的下个回合。; source=fireplace/cards/icecrown/rogue.py:97; existing_tests=tests/test_icecrown.py:145:test_valeera_the_hollow; previous_card_audit=1 个机制缺少充分的核心效果验证；逐机制依据见 card_mechanism.csv。; previous_mechanism_audit=存在定义或元数据候选；当前没有可复查的该机制核心效果断言。; prior_cross_card_issues=无; audit_scope=本轮实际运行逐卡断言。 confirmed_RED_scope=Shadow Reflection 复制卡应在当前己方回合结束时离开手牌；实测复制后的Wisp仍在手牌跨过OWN_TURN_END，且下一回合又新增ICC_827t；源码fireplace/cards/icecrown/rogue.py:131-137仅销毁增益实体。参考规则说明：https://hearthstone.wiki.gg/wiki/Valeera_the_Hollow。,ordinary_collectible,HERO,yes,fireplace/cards/icecrown/rogue.py:97,Battlecry: Gain Stealth until your next turn.
17.6.0.53261,Knights of the Frozen Throne (ICECROWN),ICC_841,Blood-Queen Lana'thel,鲜血女王兰娜瑟尔,Conditional stats|Continuous effect / Update|Lifesteal,RED,partial,partial,弃掉 2 张牌后攻击力仍为 1；弃牌历史没有转成文案要求的持续攻击力,card_mechanism.csv#ICC_841; generic-play-smoke:played; effect-evidence: fireplace/cards/icecrown/warlock.py:26; reports/card_quality_full_2026-09-27/conditional_stats_probe.csv#STATS-07,聚合状态取该卡最差机制；普通烟测只证明可执行，不能单独构成 GREEN。,ordinary_collectible,MINION,yes,fireplace/cards/icecrown/warlock.py:26,[x]Lifesteal Has +1 Attack for each card you've discarded this game.
17.6.0.53261,Knights of the Frozen Throne (ICECROWN),ICC_853,Prince Valanar,瓦拉纳王子,Battlecry,RED,partial,yes,"实测与卡牌文本不符：two_cost_only_should_gain预期[With only a 2-Cost card in deck and no 4-Cost card, Prince Valanar should gain Taunt and Lifesteal.]，实际[AssertionError: blocker_cost=2;taunt=False;lifesteal=False]；four_cost_only_should_not_gain预期[With a 4-Cost card in deck, Prince Valanar should not gain either keyword.]，实际[AssertionError: blocker_cost=4;taunt=True;lifesteal=True]",card_mechanism.csv#ICC_853; generic-play-smoke:played; effect-evidence: reports/card_quality_full_2026-09-27/icc_probe.csv#ICC_853::two_cost_only_should_gain; reports/card_quality_full_2026-09-27/icc_probe.csv#ICC_853::four_cost_only_should_not_gain; per-card: reports/card_quality_full_2026-09-27/icc_probe.csv#ICC_853::two_cost_only_should_gain; reports/card_quality_full_2026-09-27/icc_probe.csv#ICC_853::four_cost_only_should_not_gain,"聚合状态取该卡最差机制；普通烟测只证明可执行，不能单独构成 GREEN。 EN=Battlecry: If your deck has no 4-Cost cards, gain Lifesteal and Taunt.; ZH=战吼：如果你的牌库里没有法力值消耗为（4）的牌，则获得吸血和 嘲讽。; source=fireplace/cards/icecrown/neutral_legendary.py:114; existing_tests=无候选既有测试引用; previous_card_audit=1 个机制缺少充分的核心效果验证；逐机制依据见 card_mechanism.csv。; previous_mechanism_audit=存在定义或元数据候选；当前没有可复查的该机制核心效果断言。; prior_cross_card_issues=无; audit_scope=本轮实际运行逐卡断言。 confirmed_RED_scope=英文条件为牌库没有4费牌；源码fireplace/cards/icecrown/neutral_legendary.py:116使用(FRIENDLY_DECK + (COST == 2))，2费牌库时错误不赋予关键词，4费牌库时错误赋予Taunt/Lifesteal。",ordinary_collectible,MINION,yes,fireplace/cards/icecrown/neutral_legendary.py:114,"Battlecry: If your deck has no 4-Cost cards, gain Lifesteal and Taunt."
17.6.0.53261,One Night in Karazhan (KARA),KAR_004,Cat Trick,豹子戏法,Secret|Spell resolution|Summon|Trigger,RED,partial,yes,"实测断言失败：KAR_004_live_01=AssertionError: secret_live=True;secret_zone=SECRET;after_enemy_minion_field_count=0;spell=GRAVEYARD;panthers=[(4, 2, 1, 'PLAY')];enemy_minion=PLAY",card_mechanism.csv#KAR_004; generic-play-smoke:played; effect-evidence: reports/card_quality_full_2026-09-27/three_set_probe.csv#KAR_004::KAR_004_live_01; per-card: reports/card_quality_full_2026-09-27/three_set_probe.csv#KAR_004::KAR_004_live_01,"聚合状态取该卡最差机制；普通烟测只证明可执行，不能单独构成 GREEN。 EN=Secret: After your opponent casts a spell, summon a 4/2 Panther with Stealth.; ZH=奥秘：在你的对手施放一个法术后，召唤一个4/2并具有潜行的猎豹。; source=fireplace/cards/karazhan/collectible.py:305; existing_tests=tests/test_karazhan.py:433:test_cat_trick; prior_card_audit=4 个机制缺少充分的核心效果验证；逐机制依据见 card_mechanism.csv。; prior_mechanism_audit=存在定义或元数据候选；当前没有可复查的该机制核心效果断言。; cross_card_issues=无; probe_cases=KAR_004_live_01",ordinary_collectible,SPELL,yes,fireplace/cards/karazhan/collectible.py:305,"Secret: After your opponent casts a spell, summon a 4/2 Panther with Stealth."
17.6.0.53261,One Night in Karazhan (KARA),KAR_009,Babbling Book,呓语魔典,Battlecry|Random effects,RED,partial,yes,"实测断言失败：KAR_009_live_01=AssertionError: (0, 'DAL_352', [<CardClass.DRUID: 2>])",card_mechanism.csv#KAR_009; generic-play-smoke:played; effect-evidence: reports/card_quality_full_2026-09-27/three_set_probe.csv#KAR_009::KAR_009_live_01; per-card: reports/card_quality_full_2026-09-27/three_set_probe.csv#KAR_009::KAR_009_live_01,聚合状态取该卡最差机制；普通烟测只证明可执行，不能单独构成 GREEN。 EN=Battlecry: Add a random Mage spell to your hand.; ZH=战吼：随机将一张法师法术牌置入你的 手牌。; source=fireplace/cards/karazhan/collectible.py:20; existing_tests=tests/test_karazhan.py:35:test_babbling_book; prior_card_audit=2 个机制缺少充分的核心效果验证；逐机制依据见 card_mechanism.csv。; prior_mechanism_audit=存在定义或元数据候选；当前没有可复查的该机制核心效果断言。; cross_card_issues=无; probe_cases=KAR_009_live_01,ordinary_collectible,MINION,yes,fireplace/cards/karazhan/collectible.py:20,Battlecry: Add a random Mage spell to your hand.
17.6.0.53261,Kobolds & Catacombs (LOOTAPALOOZA),LOOT_048,Ironwood Golem,铁木魔像,Continuous effect / Update|Taunt,RED,partial,yes,实测与卡牌文本不符：armor_attack_threshold expected=[Taunt is present; the minion cannot attack below 3 Armor and can attack at 3 Armor.] actual=[turn=Player1;armor=3;control_ready=True;before_armor_attack=False;after_armor_attack=False;taunt=1;hero=30->30;golem=PLAY;barkskin=GRAVEYARD],card_mechanism.csv#LOOT_048; generic-play-smoke:played; effect-evidence: reports/card_quality_full_2026-09-27/set_probe_LOOTAPALOOZA.csv#LOOT_048::armor_attack_threshold; per-card: reports/card_quality_full_2026-09-27/set_probe_LOOTAPALOOZA.csv#LOOT_048::armor_attack_threshold,聚合状态取该卡最差机制；普通烟测只证明可执行，不能单独构成 GREEN。 EN=Taunt Can only attack if you have 3 or more Armor.; ZH=嘲讽 除非你的护甲值大于或等于3点，否则无法进行攻击。; source=fireplace/cards/kobolds/druid.py:8; existing_tests=none; previous=YELLOW:2 个机制缺少充分的核心效果验证；逐机制依据见 card_mechanism.csv。,ordinary_collectible,MINION,yes,fireplace/cards/kobolds/druid.py:8,Taunt Can only attack if you have 3 or more Armor.
17.6.0.53261,Kobolds & Catacombs (LOOTAPALOOZA),LOOT_064,Lesser Sapphire Spellstone,小型法术蓝宝石,Spell resolution|Summon|Targeting|Trigger,RED,partial,yes,实测与卡牌文本不符：overload_upgrade_condition expected=[Overload 3 upgrades the Spellstone to the second version.] actual=[after_overload3=missing;base_still_held=True;target=4/12;overloaded=3]; deathrattle_not_upgrade_condition expected=[Playing three Deathrattle minions without Overload leaves this Spellstone at its base version.] actual=[after_three_deathrattle_cards=LOOT_064t1;overloaded=0;hand=['LOOT_064t1']],card_mechanism.csv#LOOT_064; generic-play-smoke:played; effect-evidence: reports/card_quality_full_2026-09-27/set_probe_LOOTAPALOOZA.csv#LOOT_064::base_exact_copy; reports/card_quality_full_2026-09-27/set_probe_LOOTAPALOOZA.csv#LOOT_064::overload_upgrade_condition; reports/card_quality_full_2026-09-27/set_probe_LOOTAPALOOZA.csv#LOOT_064::deathrattle_not_upgrade_condition; per-card: reports/card_quality_full_2026-09-27/set_probe_LOOTAPALOOZA.csv#LOOT_064::base_exact_copy; reports/card_quality_full_2026-09-27/set_probe_LOOTAPALOOZA.csv#LOOT_064::overload_upgrade_condition; reports/card_quality_full_2026-09-27/set_probe_LOOTAPALOOZA.csv#LOOT_064::deathrattle_not_upgrade_condition,聚合状态取该卡最差机制；普通烟测只证明可执行，不能单独构成 GREEN。 EN=Summon 1 copy of a friendly minion. @(Overload 3 Mana Crystals to upgrade.); ZH=选择一个友方随从，召唤一个它的复制。@（过载三个法力水晶后升级。）; source=fireplace/cards/kobolds/shaman.py:64; existing_tests=none; previous=YELLOW:4 个机制缺少充分的核心效果验证；逐机制依据见 card_mechanism.csv。,ordinary_collectible,SPELL,yes,fireplace/cards/kobolds/shaman.py:64,Summon 1 copy of a friendly minion. @(Overload 3 Mana Crystals to upgrade.)
17.6.0.53261,Kobolds & Catacombs (LOOTAPALOOZA),LOOT_078,Cave Hydra,洞穴多头蛇,Trigger,RED,partial,yes,"实测与卡牌文本不符：cleave_adjacent_minions expected=[Attacking a minion also deals the Hydra's Attack damage to both adjacent minions.] actual=[ready=True;attack=2;enemy=['7/7/PLAY', '5/7/PLAY', '7/7/PLAY'];hydra=PLAY/4]",card_mechanism.csv#LOOT_078; generic-play-smoke:played; effect-evidence: reports/card_quality_full_2026-09-27/set_probe_LOOTAPALOOZA.csv#LOOT_078::cleave_adjacent_minions; per-card: reports/card_quality_full_2026-09-27/set_probe_LOOTAPALOOZA.csv#LOOT_078::cleave_adjacent_minions,聚合状态取该卡最差机制；普通烟测只证明可执行，不能单独构成 GREEN。 EN=Also damages the minions next to whomever this attacks.; ZH=同时对其攻击目标相邻的随从造成伤害。; source=fireplace/cards/kobolds/hunter.py:8; existing_tests=none; previous=YELLOW:1 个机制缺少充分的核心效果验证；逐机制依据见 card_mechanism.csv。,ordinary_collectible,MINION,yes,fireplace/cards/kobolds/hunter.py:8,Also damages the minions next to whomever this attacks.
17.6.0.53261,Kobolds & Catacombs (LOOTAPALOOZA),LOOT_118,Ebon Dragonsmith,黑色龙人铁匠,Battlecry|Cost modification|Random effects,RED,partial,yes,"实测与卡牌文本不符：random_weapon_cost_reduction expected=[With one Weapon in hand, it alone costs 2 less after the Battlecry.] actual=[before_weapon_minion=(6, 4);after_weapon_minion=(6, 2);smith=PLAY]; no_weapon_no_effect expected=[With no Weapon in hand, the Battlecry does not alter a minion's Cost.] actual=[minion_cost=4->2;hand=['CS2_182'];smith=PLAY]",card_mechanism.csv#LOOT_118; generic-play-smoke:played; effect-evidence: reports/card_quality_full_2026-09-27/set_probe_LOOTAPALOOZA.csv#LOOT_118::random_weapon_cost_reduction; reports/card_quality_full_2026-09-27/set_probe_LOOTAPALOOZA.csv#LOOT_118::no_weapon_no_effect; per-card: reports/card_quality_full_2026-09-27/set_probe_LOOTAPALOOZA.csv#LOOT_118::random_weapon_cost_reduction; reports/card_quality_full_2026-09-27/set_probe_LOOTAPALOOZA.csv#LOOT_118::no_weapon_no_effect,聚合状态取该卡最差机制；普通烟测只证明可执行，不能单独构成 GREEN。 EN=Battlecry: Reduce the Cost of a random weapon in your hand by (2).; ZH=战吼：随机使你手牌中的一张武器牌的 法力值消耗减少（2）点。; source=fireplace/cards/kobolds/neutral_rare.py:20; existing_tests=none; previous=YELLOW:3 个机制缺少充分的核心效果验证；逐机制依据见 card_mechanism.csv。,ordinary_collectible,MINION,yes,fireplace/cards/kobolds/neutral_rare.py:20,Battlecry: Reduce the Cost of a random weapon in your hand by (2).
17.6.0.53261,Kobolds & Catacombs (LOOTAPALOOZA),LOOT_124,Lone Champion,孤胆英雄,Battlecry,RED,partial,yes,"实测与卡牌文本不符：other_minion_prevents_keywords expected=[When another friendly minion is present, gains neither Taunt nor Divine Shield.] actual=[other=CS2_231/PLAY;champion=False/True;field=['CS2_231', 'LOOT_124']]",card_mechanism.csv#LOOT_124; generic-play-smoke:played; effect-evidence: reports/card_quality_full_2026-09-27/set_probe_LOOTAPALOOZA.csv#LOOT_124::empty_board_taunt_and_shield; reports/card_quality_full_2026-09-27/set_probe_LOOTAPALOOZA.csv#LOOT_124::other_minion_prevents_keywords; per-card: reports/card_quality_full_2026-09-27/set_probe_LOOTAPALOOZA.csv#LOOT_124::empty_board_taunt_and_shield; reports/card_quality_full_2026-09-27/set_probe_LOOTAPALOOZA.csv#LOOT_124::other_minion_prevents_keywords,"聚合状态取该卡最差机制；普通烟测只证明可执行，不能单独构成 GREEN。 EN=Battlecry: If you control no other minions, gain Taunt and Divine Shield.; ZH=战吼：如果你没有控制其他随从，则获得嘲讽和圣盾。; source=fireplace/cards/kobolds/neutral_rare.py:32; existing_tests=none; previous=YELLOW:1 个机制缺少充分的核心效果验证；逐机制依据见 card_mechanism.csv。",ordinary_collectible,MINION,yes,fireplace/cards/kobolds/neutral_rare.py:32,"Battlecry: If you control no other minions, gain Taunt and Divine Shield."
17.6.0.53261,Kobolds & Catacombs (LOOTAPALOOZA),LOOT_211,Elven Minstrel,精灵咏唱者,Combo|Draw / Discard,RED,partial,yes,"Confirmed live mismatch: combo_draws_two_minions observed minstrel=PLAY;drawn=[('EX1_399', 4, 'HAND')];deck=['CS2_231'];enemy_hero=29",card_mechanism.csv#LOOT_211; generic-play-smoke:played; effect-evidence: reports/card_quality_full_2026-09-27/set_probe_LOOTAPALOOZA.csv#LOOT_211::combo_draws_two_minions; per-card: reports/card_quality_full_2026-09-27/set_probe_LOOTAPALOOZA.csv#LOOT_211::combo_draws_two_minions,"聚合状态取该卡最差机制；普通烟测只证明可执行，不能单独构成 GREEN。 Cases=1; per-case rows include EN/ZH text, source, existing tests, prior card and mechanism audit.",ordinary_collectible,MINION,yes,fireplace/cards/kobolds/rogue.py:45,Combo: Draw 2 minions from your deck.
17.6.0.53261,Kobolds & Catacombs (LOOTAPALOOZA),LOOT_214,Evasion,闪避,Secret|Spell resolution|Trigger,RED,partial,yes,"Confirmed live mismatch: hero_damage_triggers_immunity_until_turn_end observed secret=SECRET/True;after_first=(28, True);second_attack_error=InvalidAction;after_second=(28, True);after_turn_end_immune=False;after_next_turn_hit=(26, True);secret_after_repeat=SECRET/True",card_mechanism.csv#LOOT_214; generic-play-smoke:played; effect-evidence: reports/card_quality_full_2026-09-27/set_probe_LOOTAPALOOZA.csv#LOOT_214::hero_damage_triggers_immunity_until_turn_end; per-card: reports/card_quality_full_2026-09-27/set_probe_LOOTAPALOOZA.csv#LOOT_214::hero_damage_triggers_immunity_until_turn_end,"聚合状态取该卡最差机制；普通烟测只证明可执行，不能单独构成 GREEN。 Cases=1; per-case rows include EN/ZH text, source, existing tests, prior card and mechanism audit.",ordinary_collectible,SPELL,yes,fireplace/cards/kobolds/rogue.py:100,"Secret: After your hero takes damage, become Immune this turn."
17.6.0.53261,Kobolds & Catacombs (LOOTAPALOOZA),LOOT_278,Unidentified Elixir,未鉴定的药剂,Random effects|Spell resolution|Targeting,RED,partial,yes,"Confirmed live mismatch: drawn_variant_plus_two_two_and_bonus observed variant=LOOT_278t4;seed=3001;result={'target': (3, 3, False, False, True), 'copies': []};t4=[""field=['CS2_231'];hand=[];dead=GRAVEYARD""]",card_mechanism.csv#LOOT_278; generic-play-smoke:played; effect-evidence: reports/card_quality_full_2026-09-27/set_probe_LOOTAPALOOZA.csv#LOOT_278::drawn_variant_plus_two_two_and_bonus; per-card: reports/card_quality_full_2026-09-27/set_probe_LOOTAPALOOZA.csv#LOOT_278::drawn_variant_plus_two_two_and_bonus,"聚合状态取该卡最差机制；普通烟测只证明可执行，不能单独构成 GREEN。 Cases=1; per-case rows include EN/ZH text, source, existing tests, prior card and mechanism audit.",ordinary_collectible,SPELL,yes,fireplace/cards/kobolds/priest.py:88,Give a minion +2/+2. Gains a bonus effect in your hand.
17.6.0.53261,Kobolds & Catacombs (LOOTAPALOOZA),LOOT_347,Kobold Apprentice,狗头人学徒,Battlecry|Random effects,RED,partial,yes,"Confirmed live mismatch: three_damage_split_among_all_enemies observed seeded_minion_and_hero_damage=[([2, 1], 0), ([3, 0], 0), ([3, 0], 0), ([2, 1], 0), ([2, 1], 0), ([2, 1], 0), ([1, 2], 0), ([0, 3], 0), ([1, 2], 0), ([1, 2], 0), ([1, 2], 0), ([3, 0], 0), ([1, 2], 0), ([3, 0], 0), ([3, 0], 0), ([1, 2], 0)];hero_damaged_games=0; enemy_hero_only_damage observed apprentice=PLAY;enemy_hero=30/30;enemy_field=[]",card_mechanism.csv#LOOT_347; generic-play-smoke:played; effect-evidence: reports/card_quality_full_2026-09-27/set_probe_LOOTAPALOOZA.csv#LOOT_347::three_damage_split_among_all_enemies; reports/card_quality_full_2026-09-27/set_probe_LOOTAPALOOZA.csv#LOOT_347::enemy_hero_only_damage; per-card: reports/card_quality_full_2026-09-27/set_probe_LOOTAPALOOZA.csv#LOOT_347::three_damage_split_among_all_enemies; reports/card_quality_full_2026-09-27/set_probe_LOOTAPALOOZA.csv#LOOT_347::enemy_hero_only_damage,"聚合状态取该卡最差机制；普通烟测只证明可执行，不能单独构成 GREEN。 Cases=2; per-case rows include EN/ZH text, source, existing tests, prior card and mechanism audit.",ordinary_collectible,MINION,yes,fireplace/cards/kobolds/neutral_common.py:122,Battlecry: Deal 3 damage randomly split among all enemies.
17.6.0.53261,Kobolds & Catacombs (LOOTAPALOOZA),LOOT_365,Gemstudded Golem,宝石魔像,Continuous effect / Update|Taunt,RED,partial,yes,Confirmed live mismatch: armor_threshold_and_regular_minion_control observed below_threshold=armor=0;control_error=None;control=PLAY;golem_error=InvalidAction;golem=PLAY;target_damage=4;at_threshold=5;control_error=None;control=PLAY/4;golem_error=InvalidAction;golem=PLAY/5/0;target=PLAY/3/4;active=True,card_mechanism.csv#LOOT_365; generic-play-smoke:played; effect-evidence: reports/card_quality_full_2026-09-27/set_probe_LOOTAPALOOZA.csv#LOOT_365::armor_threshold_and_regular_minion_control; per-card: reports/card_quality_full_2026-09-27/set_probe_LOOTAPALOOZA.csv#LOOT_365::armor_threshold_and_regular_minion_control,"聚合状态取该卡最差机制；普通烟测只证明可执行，不能单独构成 GREEN。 Cases=1; per-case rows include EN/ZH text, source, existing tests, prior card and mechanism audit.",ordinary_collectible,MINION,yes,fireplace/cards/kobolds/warrior.py:15,Taunt Can only attack if you have 5 or more Armor.
17.6.0.53261,Kobolds & Catacombs (LOOTAPALOOZA),LOOT_382,Kobold Monk,狗头人武僧,Continuous effect / Update|Untargetable,RED,partial,yes,"实测与卡牌文本不符：protects_hero_from_spell_and_hero_power_targets预期[Friendly hero is excluded from spell and Hero Power targets while Monk lives; protection ends after it leaves.]，实际[AssertionError: ((True, True, True, True, (False, False), 23, 4), (False, False))]",card_mechanism.csv#LOOT_382; generic-play-smoke:played; effect-evidence: reports/card_quality_full_2026-09-27/set_probe_LOOTAPALOOZA.csv#LOOT_382::protects_hero_from_spell_and_hero_power_targets; per-card: reports/card_quality_full_2026-09-27/set_probe_LOOTAPALOOZA.csv#LOOT_382::protects_hero_from_spell_and_hero_power_targets,聚合状态取该卡最差机制；普通烟测只证明可执行，不能单独构成 GREEN。 EN=Your hero can't be targeted by spells or Hero Powers.; ZH=你的英雄无法成为法术或英雄技能的 目标。; source=fireplace/cards/kobolds/neutral_rare.py:71; existing_tests=无候选既有测试引用; previous_card_audit=YELLOW:2 个机制缺少充分的核心效果验证；逐机制依据见 card_mechanism.csv。; previous_mechanism_audit=存在定义或元数据候选；当前没有可复查的该机制核心效果断言。; prior_cross_card_issues=TARGET-HERO-001[confirmed]:is_valid_target 仅在目标为随从时检查 cant_be_targeted_by_abilities 和 cant_be_targeted_by_hero_powers；带有相同保护标记的英雄仍能出现在法术及英雄技能的合法目标中。; audit_scope=本轮实际运行逐卡断言。,ordinary_collectible,MINION,yes,fireplace/cards/kobolds/neutral_rare.py:71,Your hero can't be targeted by spells or Hero Powers.
17.6.0.53261,Kobolds & Catacombs (LOOTAPALOOZA),LOOT_412,Kobold Illusionist,狗头人幻术师,Deathrattle|Summon,RED,partial,yes,"实测与卡牌文本不符：deathrattle_summons_one_one_hand_copy预期[Deathrattle summons a 1/1 copy of a minion from hand and leaves the original in hand.]，实际[AssertionError: (<Zone.PLAY: 1>, <Zone.GRAVEYARD: 4>)]",card_mechanism.csv#LOOT_412; generic-play-smoke:played; effect-evidence: reports/card_quality_full_2026-09-27/set_probe_LOOTAPALOOZA.csv#LOOT_412::deathrattle_summons_one_one_hand_copy; per-card: reports/card_quality_full_2026-09-27/set_probe_LOOTAPALOOZA.csv#LOOT_412::deathrattle_summons_one_one_hand_copy,聚合状态取该卡最差机制；普通烟测只证明可执行，不能单独构成 GREEN。 EN=Deathrattle: Summon a 1/1 copy of a minion from your hand.; ZH=亡语：从你的手牌中召唤一个随从的 1/1复制。; source=fireplace/cards/kobolds/rogue.py:56; existing_tests=无候选既有测试引用; previous_card_audit=YELLOW:2 个机制缺少充分的核心效果验证；逐机制依据见 card_mechanism.csv。; previous_mechanism_audit=存在定义或元数据候选；当前没有可复查的该机制核心效果断言。 / 存在效果脚本；烟测仅验证执行和基础状态，缺少充分逐卡效果断言。; prior_cross_card_issues=无; audit_scope=本轮实际运行逐卡断言。,ordinary_collectible,MINION,yes,fireplace/cards/kobolds/rogue.py:56,Deathrattle: Summon a 1/1 copy of a minion from your hand.
17.6.0.53261,Kobolds & Catacombs (LOOTAPALOOZA),LOOT_420,Skull of the Man'ari,堕落者之颅,Random effects|Summon|Trigger|Weapon,RED,partial,yes,"实测与卡牌文本不符：own_turn_begin_summons_demon_from_hand预期[At the start of its controller's turn, Skull summons a Demon from hand without summoning non-Demons.]，实际[AssertionError: weapon=LOOT_420:3;original_demon=EX1_310:HAND;summoned=[];added_demons_in_hand=['BT_121'];non_demon_remains=True]",card_mechanism.csv#LOOT_420; generic-play-smoke:played; effect-evidence: reports/card_quality_full_2026-09-27/set_probe_LOOTAPALOOZA.csv#LOOT_420::own_turn_begin_summons_demon_from_hand; per-card: reports/card_quality_full_2026-09-27/set_probe_LOOTAPALOOZA.csv#LOOT_420::own_turn_begin_summons_demon_from_hand,"聚合状态取该卡最差机制；普通烟测只证明可执行，不能单独构成 GREEN。 EN=At the start of your turn, summon a Demon from your hand.; ZH=在你的回合开始时，从你的手牌中召唤一个 恶魔。; source=fireplace/cards/kobolds/warlock.py:178; existing_tests=无候选既有测试引用; previous_card_audit=YELLOW:4 个机制缺少充分的核心效果验证；逐机制依据见 card_mechanism.csv。; previous_mechanism_audit=存在定义或元数据候选；当前没有可复查的该机制核心效果断言。; prior_cross_card_issues=无; audit_scope=本轮实际运行逐卡断言。",ordinary_collectible,WEAPON,yes,fireplace/cards/kobolds/warlock.py:178,"At the start of your turn, summon a Demon from your hand."
17.6.0.53261,Kobolds & Catacombs (LOOTAPALOOZA),LOOT_500,Val'anyr,瓦兰奈尔,Deathrattle|Trigger|Weapon,RED,partial,yes,"实测与卡牌文本不符：deathrattle_buffs_minion_in_hand预期[Val'anyr Deathrattle gives one hand minion exactly +4/+2.]，实际[AssertionError: (1, 1, 'HAND', 8, 7, 'PLAY')]",card_mechanism.csv#LOOT_500; generic-play-smoke:played; effect-evidence: reports/card_quality_full_2026-09-27/set_probe_LOOTAPALOOZA.csv#LOOT_500::deathrattle_buffs_minion_in_hand; reports/card_quality_full_2026-09-27/set_probe_LOOTAPALOOZA.csv#LOOT_500::buffed_minion_death_reequips_weapon; per-card: reports/card_quality_full_2026-09-27/set_probe_LOOTAPALOOZA.csv#LOOT_500::deathrattle_buffs_minion_in_hand; reports/card_quality_full_2026-09-27/set_probe_LOOTAPALOOZA.csv#LOOT_500::buffed_minion_death_reequips_weapon,"聚合状态取该卡最差机制；普通烟测只证明可执行，不能单独构成 GREEN。 EN=Deathrattle: Give a minion in your hand +4/+2. When it dies, reequip this.; ZH=亡语：使你手牌中的一个随从获得+4/+2。当此随从死亡时，重新装备这把武器。; source=fireplace/cards/kobolds/paladin.py:154; existing_tests=无候选既有测试引用; previous_card_audit=YELLOW:3 个机制缺少充分的核心效果验证；逐机制依据见 card_mechanism.csv。; previous_mechanism_audit=存在定义或元数据候选；当前没有可复查的该机制核心效果断言。 / 存在效果脚本；烟测仅验证执行和基础状态，缺少充分逐卡效果断言。; prior_cross_card_issues=无; audit_scope=本轮实际运行逐卡断言。",ordinary_collectible,WEAPON,yes,fireplace/cards/kobolds/paladin.py:154,"Deathrattle: Give a minion in your hand +4/+2. When it dies, reequip this."
17.6.0.53261,Kobolds & Catacombs (LOOTAPALOOZA),LOOT_503,Lesser Onyx Spellstone,小型法术黑曜石,Random effects|Spell resolution|Trigger,RED,partial,yes,"实测与卡牌文本不符：six_deathrattle_cards_upgrade_to_three_destroy预期[After six Deathrattle card plays, Onyx Spellstone reaches its Greater form.]，实际[AssertionError: (['LOOT_503t', 'LOOT_503t'], 'LOOT_503t')]",card_mechanism.csv#LOOT_503; generic-play-smoke:played; effect-evidence: reports/card_quality_full_2026-09-27/set_probe_LOOTAPALOOZA.csv#LOOT_503::base_spellstone_destroys_one_random_enemy; reports/card_quality_full_2026-09-27/set_probe_LOOTAPALOOZA.csv#LOOT_503::three_deathrattle_cards_upgrade_to_two_destroy; reports/card_quality_full_2026-09-27/set_probe_LOOTAPALOOZA.csv#LOOT_503::six_deathrattle_cards_upgrade_to_three_destroy; per-card: reports/card_quality_full_2026-09-27/set_probe_LOOTAPALOOZA.csv#LOOT_503::base_spellstone_destroys_one_random_enemy; reports/card_quality_full_2026-09-27/set_probe_LOOTAPALOOZA.csv#LOOT_503::three_deathrattle_cards_upgrade_to_two_destroy; reports/card_quality_full_2026-09-27/set_probe_LOOTAPALOOZA.csv#LOOT_503::six_deathrattle_cards_upgrade_to_three_destroy,聚合状态取该卡最差机制；普通烟测只证明可执行，不能单独构成 GREEN。 EN=Destroy 1 random enemy minion. @(Play 3 Deathrattle cards to upgrade.); ZH=随机消灭一个敌方随从。@（使用三张亡语牌后升级。）; source=fireplace/cards/kobolds/rogue.py:110; existing_tests=无候选既有测试引用; previous_card_audit=YELLOW:3 个机制缺少充分的核心效果验证；逐机制依据见 card_mechanism.csv。; previous_mechanism_audit=存在定义或元数据候选；当前没有可复查的该机制核心效果断言。; prior_cross_card_issues=无; audit_scope=本轮实际运行逐卡断言。,ordinary_collectible,SPELL,yes,fireplace/cards/kobolds/rogue.py:110,Destroy 1 random enemy minion. @(Play 3 Deathrattle cards to upgrade.)
17.6.0.53261,Kobolds & Catacombs (LOOTAPALOOZA),LOOT_504,Unstable Evolution,不稳定的异变,Cost modification|Spell resolution|Targeting|Transform,RED,partial,yes,实测与卡牌文本不符：repeatable_same_turn_evolve_and_expires预期[Each Unstable Evolution transforms its target into a minion costing one more; its generated repeat card works again this turn and expires at turn end.]，实际[AssertionError: ['LOOT_504t']],card_mechanism.csv#LOOT_504; generic-play-smoke:played; effect-evidence: reports/card_quality_full_2026-09-27/set_probe_LOOTAPALOOZA.csv#LOOT_504::repeatable_same_turn_evolve_and_expires; per-card: reports/card_quality_full_2026-09-27/set_probe_LOOTAPALOOZA.csv#LOOT_504::repeatable_same_turn_evolve_and_expires,聚合状态取该卡最差机制；普通烟测只证明可执行，不能单独构成 GREEN。 EN=Transform a friendly minion into one that costs (1) more. Repeatable this turn.; ZH=将一个友方随从随机变形成为一个法力值消耗增加（1）点的随从。在本回合可以重复使用。; source=fireplace/cards/kobolds/shaman.py:130; existing_tests=tests/test_kobolds.py:165:test_unstable_evolution; previous_card_audit=YELLOW:4 个机制缺少充分的核心效果验证；逐机制依据见 card_mechanism.csv。; previous_mechanism_audit=存在定义或元数据候选；当前没有可复查的该机制核心效果断言。 / 缺目标与非法自身目标均在付费/移区前被拒绝；合法目标效果仍需逐卡验证。; prior_cross_card_issues=无; audit_scope=本轮实际运行逐卡断言。,ordinary_collectible,SPELL,yes,fireplace/cards/kobolds/shaman.py:130,Transform a friendly minion into one that costs (1) more. Repeatable this turn.
17.6.0.53261,Kobolds & Catacombs (LOOTAPALOOZA),LOOT_506,The Runespear,符文之矛,Discover / Choice|Random effects|Trigger|Weapon,RED,partial,yes,"实测与卡牌文本不符：hero_attack_casts_target_spell_with_available_target预期[After attacking, Runespear discovers and casts a chosen target spell when a legal friendly target exists; The Lesser Sapphire Spellstone copies it.]，实际[AssertionError: ([('OG_027', 'SPELL', False), ('GVG_038', 'SPELL', True), ('LOOT_064', 'SPELL', True)], 'LOOT_064', 'SETASIDE', [], [('CS2_182', 'PLAY'), ('CS2_182', 'PLAY')], True, (4, 5, 1, 0), (4, 5, 1, 0), ('LOOT_064', 'GRAVEYARD', [('CS2_182', 'PLAY'), ('CS2_182', 'PLAY')]))]；hero_attack_casts_nontarget_spell预期[After attacking, Runespear discovers and casts a chosen spell that needs no target; Vivid Spores grants a Deathrattle that resummons the friendly minion.]，实际[AssertionError: (([('BT_110', 'SPELL', True), ('GVG_029', 'SPELL', False), ('BT_101', 'SPELL', False)], 'SETASIDE', [], False), 'direct_hand_cast_effect=True')]",card_mechanism.csv#LOOT_506; generic-play-smoke:played; effect-evidence: reports/card_quality_full_2026-09-27/set_probe_LOOTAPALOOZA.csv#LOOT_506::hero_attack_casts_target_spell_with_available_target; reports/card_quality_full_2026-09-27/set_probe_LOOTAPALOOZA.csv#LOOT_506::hero_attack_casts_nontarget_spell; per-card: reports/card_quality_full_2026-09-27/set_probe_LOOTAPALOOZA.csv#LOOT_506::hero_attack_casts_target_spell_with_available_target; reports/card_quality_full_2026-09-27/set_probe_LOOTAPALOOZA.csv#LOOT_506::hero_attack_casts_nontarget_spell,"聚合状态取该卡最差机制；普通烟测只证明可执行，不能单独构成 GREEN。 EN=After your hero attacks, Discover a spell and cast it with random targets.; ZH=在你的英雄攻击后，发现一张法术牌，并向随机目标施放。; source=fireplace/cards/kobolds/shaman.py:156; existing_tests=tests/test_kobolds.py:145:test_the_runespear; previous_card_audit=YELLOW:4 个机制缺少充分的核心效果验证；逐机制依据见 card_mechanism.csv。; previous_mechanism_audit=存在定义或元数据候选；当前没有可复查的该机制核心效果断言。; prior_cross_card_issues=无; audit_scope=本轮实际运行逐卡断言。",ordinary_collectible,WEAPON,yes,fireplace/cards/kobolds/shaman.py:156,"After your hero attacks, Discover a spell and cast it with random targets."
17.6.0.53261,Kobolds & Catacombs (LOOTAPALOOZA),LOOT_517,Murmuring Elemental,低语元素,Battlecry,RED,partial,yes,"实测与卡牌文本不符：next_battlecry_triggers_twice_once预期[Murmuring Elemental doubles the next Battlecry this turn, then a later Battlecry resolves once.]，实际[AssertionError: (False, 2, 4, <Zone.PLAY: 1>, <Zone.PLAY: 1>)]",card_mechanism.csv#LOOT_517; generic-play-smoke:played; effect-evidence: reports/card_quality_full_2026-09-27/set_probe_LOOTAPALOOZA.csv#LOOT_517::next_battlecry_triggers_twice_once; per-card: reports/card_quality_full_2026-09-27/set_probe_LOOTAPALOOZA.csv#LOOT_517::next_battlecry_triggers_twice_once,聚合状态取该卡最差机制；普通烟测只证明可执行，不能单独构成 GREEN。 EN=Battlecry: Your next Battlecry this turn triggers twice.; ZH=战吼：你在本回合使用的下一张战吼牌将触发两次。; source=fireplace/cards/kobolds/shaman.py:27; existing_tests=无候选既有测试引用; previous_card_audit=YELLOW:1 个机制缺少充分的核心效果验证；逐机制依据见 card_mechanism.csv。; previous_mechanism_audit=存在定义或元数据候选；当前没有可复查的该机制核心效果断言。; prior_cross_card_issues=无; audit_scope=本轮实际运行逐卡断言。,ordinary_collectible,MINION,yes,fireplace/cards/kobolds/shaman.py:27,Battlecry: Your next Battlecry this turn triggers twice.
17.6.0.53261,Kobolds & Catacombs (LOOTAPALOOZA),LOOT_521,Master Oakheart,欧克哈特大师,Battlecry,RED,partial,yes,"实测与卡牌文本不符：recruits_one_two_three_attack_minions预期[Oakheart Recruits one minion at each of 1, 2, and 3 Attack, leaving a higher-Attack deck minion behind.]，实际[AssertionError: ([('CS2_059', 0, 'PLAY'), ('DRG_010', 4, 'PLAY'), ('FP1_007', 0, 'PLAY')], ['CS2_119', 'CS2_231', 'AT_006'], 'PLAY')]",card_mechanism.csv#LOOT_521; generic-play-smoke:played; effect-evidence: reports/card_quality_full_2026-09-27/set_probe_LOOTAPALOOZA.csv#LOOT_521::recruits_one_two_three_attack_minions; per-card: reports/card_quality_full_2026-09-27/set_probe_LOOTAPALOOZA.csv#LOOT_521::recruits_one_two_three_attack_minions,"聚合状态取该卡最差机制；普通烟测只证明可执行，不能单独构成 GREEN。 EN=Battlecry: Recruit a 1, 2, and 3-Attack minion.; ZH=战吼： 招募攻击力为1，2，3的随从各一个。; source=fireplace/cards/kobolds/neutral_legendary.py:65; existing_tests=无候选既有测试引用; previous_card_audit=YELLOW:1 个机制缺少充分的核心效果验证；逐机制依据见 card_mechanism.csv。; previous_mechanism_audit=存在定义或元数据候选；当前没有可复查的该机制核心效果断言。; prior_cross_card_issues=无; audit_scope=本轮实际运行逐卡断言。",ordinary_collectible,MINION,yes,fireplace/cards/kobolds/neutral_legendary.py:65,"Battlecry: Recruit a 1, 2, and 3-Attack minion."
17.6.0.53261,Kobolds & Catacombs (LOOTAPALOOZA),LOOT_526,The Darkness,黑暗之主,Battlecry|Trigger,RED,partial,yes,"实测与卡牌文本不符：battlecry_shuffles_three_candles_into_enemy_deck预期[The Darkness starts Dormant and shuffles exactly three Candles into the opponent's deck.]，实际[AssertionError: (True, 0, 0, 3, 'PLAY')]",card_mechanism.csv#LOOT_526; generic-play-smoke:played; effect-evidence: reports/card_quality_full_2026-09-27/set_probe_LOOTAPALOOZA.csv#LOOT_526::battlecry_shuffles_three_candles_into_enemy_deck; reports/card_quality_full_2026-09-27/set_probe_LOOTAPALOOZA.csv#LOOT_526::three_opponent_candle_draws_awaken_darkness; per-card: reports/card_quality_full_2026-09-27/set_probe_LOOTAPALOOZA.csv#LOOT_526::battlecry_shuffles_three_candles_into_enemy_deck; reports/card_quality_full_2026-09-27/set_probe_LOOTAPALOOZA.csv#LOOT_526::three_opponent_candle_draws_awaken_darkness,"聚合状态取该卡最差机制；普通烟测只证明可执行，不能单独构成 GREEN。 EN=[x]Starts Dormant. Battlecry: Shuffle 3 Candles into the enemy deck. When drawn, this awakens.; ZH=起始休眠状态。 战吼：将三张蜡烛牌洗入对手的牌库。抽到三张蜡烛牌后唤醒该随从。; source=fireplace/cards/kobolds/neutral_legendary.py:72; existing_tests=tests/test_kobolds.py:56:test_the_darkness; previous_card_audit=YELLOW:2 个机制缺少充分的核心效果验证；逐机制依据见 card_mechanism.csv。; previous_mechanism_audit=存在定义或元数据候选；当前没有可复查的该机制核心效果断言。; prior_cross_card_issues=无; audit_scope=本轮实际运行逐卡断言。",ordinary_collectible,MINION,yes,fireplace/cards/kobolds/neutral_legendary.py:72,"[x]Starts Dormant. Battlecry: Shuffle 3 Candles into the enemy deck. When drawn, this awakens."
17.6.0.53261,Kobolds & Catacombs (LOOTAPALOOZA),LOOT_537,Leyline Manipulator,魔网操控者,Battlecry,RED,partial,yes,"实测与卡牌文本不符：reduces_only_hand_card_not_from_starting_deck预期[Leyline Manipulator reduces the Cost of cards in hand that did not start in the deck by 2; starting-deck cards keep their Cost.]，实际[AssertionError: ((6, 4), (4, 4), True, True, 'PLAY')]；starting_deck_only_hand_is_unchanged预期[If the hand contains only starting-deck cards, Leyline Manipulator does not reduce their Cost.]，实际[AssertionError: (6, 4, True)]",card_mechanism.csv#LOOT_537; generic-play-smoke:played; effect-evidence: reports/card_quality_full_2026-09-27/set_probe_LOOTAPALOOZA.csv#LOOT_537::reduces_only_hand_card_not_from_starting_deck; reports/card_quality_full_2026-09-27/set_probe_LOOTAPALOOZA.csv#LOOT_537::starting_deck_only_hand_is_unchanged; per-card: reports/card_quality_full_2026-09-27/set_probe_LOOTAPALOOZA.csv#LOOT_537::reduces_only_hand_card_not_from_starting_deck; reports/card_quality_full_2026-09-27/set_probe_LOOTAPALOOZA.csv#LOOT_537::starting_deck_only_hand_is_unchanged,"聚合状态取该卡最差机制；普通烟测只证明可执行，不能单独构成 GREEN。 EN=Battlecry: If you're holding any cards that didn't start in your deck, reduce their Cost by (2).; ZH=战吼：如果你的手牌中有你的套牌之外的牌，则这些牌的法力值消耗减少（2）点。; source=fireplace/cards/kobolds/mage.py:32; existing_tests=无候选既有测试引用; previous_card_audit=YELLOW:1 个机制缺少充分的核心效果验证；逐机制依据见 card_mechanism.csv。; previous_mechanism_audit=存在定义或元数据候选；当前没有可复查的该机制核心效果断言。; prior_cross_card_issues=无; audit_scope=本轮实际运行逐卡断言。",ordinary_collectible,MINION,yes,fireplace/cards/kobolds/mage.py:32,"Battlecry: If you're holding any cards that didn't start in your deck, reduce their Cost by (2)."
17.6.0.53261,Curse of Naxxramas (NAXX),FP1_016,Wailing Soul,哀嚎的灵魂,Battlecry|Silence,RED,partial,yes,哀嚎的灵魂战吼把自身也沉默；文案要求只沉默其他友方随从。,card_mechanism.csv#FP1_016; generic-play-smoke:played; effect-evidence: reports/card_quality_full_2026-09-27/naxx_probe.csv#silence_friendly_minions_only; per-card: reports/card_quality_full_2026-09-27/naxx_probe.csv#silence_friendly_minions_only,聚合状态取该卡最差机制；普通烟测只证明可执行，不能单独构成 GREEN。 1 条独立实战行为 case；EN/ZH 文案、脚本与已有测试引用见 naxx_probe.csv 对应 notes；源码=fireplace/cards/naxxramas/collectible.py:83；既有测试=tests/test_naxxramas.py:581:test_wailing_soul；前次 audit 状态为 YELLOW。,ordinary_collectible,MINION,yes,fireplace/cards/naxxramas/collectible.py:83,Battlecry: Silence your other minions.
17.6.0.53261,Curse of Naxxramas (NAXX),FP1_025,Reincarnate,转生,Spell resolution|Summon|Targeting,RED,partial,yes,转生指定敌方随从后，原体死亡，但满血复生体出现在施法者场上而非原控制者场上。,card_mechanism.csv#FP1_025; generic-play-smoke:played; effect-evidence: reports/card_quality_full_2026-09-27/naxx_probe.csv#targeting_destroy_and_full_health_return; reports/card_quality_full_2026-09-27/naxx_probe.csv#enemy_target_returns_to_original_owner; per-card: reports/card_quality_full_2026-09-27/naxx_probe.csv#targeting_destroy_and_full_health_return; reports/card_quality_full_2026-09-27/naxx_probe.csv#enemy_target_returns_to_original_owner,聚合状态取该卡最差机制；普通烟测只证明可执行，不能单独构成 GREEN。 2 条独立实战行为 case；EN/ZH 文案、脚本与已有测试引用见 naxx_probe.csv 对应 notes；源码=fireplace/cards/naxxramas/collectible.py:176；既有测试=tests/test_naxxramas.py:362:test_reincarnate | tests/test_naxxramas.py:373:test_reincarnate | tests/test_naxxramas.py:387:test_reincarnate_explosive_sheep | tests/test_naxxramas.py:398:test_reincarnate_kel_thuzad；前次 audit 状态为 YELLOW。,ordinary_collectible,SPELL,yes,fireplace/cards/naxxramas/collectible.py:176,"Destroy a minion, then return it to life with full Health."
17.6.0.53261,Curse of Naxxramas (NAXX),FP1_029,Dancing Swords,舞动之剑,Deathrattle|Draw / Discard,RED,partial,yes,舞动之剑死亡使对手实际抽牌，但本回合抽牌计数错误记到亡语拥有者名下。,card_mechanism.csv#FP1_029; generic-play-smoke:played; effect-evidence: reports/card_quality_full_2026-09-27/naxx_probe.csv#opponent_draw_and_counter; per-card: reports/card_quality_full_2026-09-27/naxx_probe.csv#opponent_draw_and_counter,聚合状态取该卡最差机制；普通烟测只证明可执行，不能单独构成 GREEN。 1 条独立实战行为 case；EN/ZH 文案、脚本与已有测试引用见 naxx_probe.csv 对应 notes；源码=fireplace/cards/naxxramas/collectible.py:137；既有测试=无；前次 audit 状态为 YELLOW。,ordinary_collectible,MINION,yes,fireplace/cards/naxxramas/collectible.py:137,Deathrattle: Your opponent draws a card.
17.6.0.53261,Whispers of the Old Gods (OG),OG_087,Servant of Yogg-Saron,尤格-萨隆的仆从,Battlecry|Random effects,RED,partial,yes,"实测偏差：servant_repeatedly_casts_only_tracking 预期[Random <=5-cost spell should vary; 12 independent seeds must not all resolve into Tracking's exact known-deck choice.]，实际[AssertionError: 12 actual CastSpell observer IDs=['DS1_184', 'DS1_184', 'DS1_184', 'DS1_184', 'DS1_184', 'DS1_184', 'DS1_184', 'DS1_184', 'DS1_184', 'DS1_184', 'DS1_184', 'DS1_184'];independent_Wild_eligible_spell_pool_size=300;Tracking_draw/discard=[{'seed': 0, 'actual_cast_spell_id': 'DS1_184', 'drawn_from_tracking': 'CS2_231', 'discarded_by_tracking': ['CS2_182', 'EX1_016']}, {'seed': 1, 'actual_cast_spell_id': 'DS1_184', 'drawn_from_tracking': 'CS2_231', 'discarded_by_tracking': ['CS2_182', 'EX1_016']}, {'seed': 2, 'actual_cast_spell_id': 'DS1_184', 'drawn_from_tracking': 'EX1_016', 'discarded_by_tracking': ['CS2_182', 'CS2_231']}, {'seed': 3, 'actual_cast_spell_id': 'DS1_184', 'drawn_from_tracking': 'CS2_231', 'discarded_by_tracking': ['CS2_182', 'EX1_016']}, {'seed': 4, 'actual_cast_spell_id': 'DS1_184', 'drawn_from_tracking': 'EX1_016', 'discarded_by_tracking': ['CS2_182', 'CS2_231']}, {'seed': 5, 'actual_cast_spell_id': 'DS1_184', 'drawn_from_tracking': 'EX1_016', 'discarded_by_tracking': ['CS2_231', 'CS2_182']}, {'seed': 6, 'actual_cast_spell_id': 'DS1_184', 'drawn_from_tracking': 'CS2_182', 'discarded_by_tracking': ['CS2_231', 'EX1_016']}, {'seed': 7, 'actual_cast_spell_id': 'DS1_184', 'drawn_from_tracking': 'CS2_182', 'discarded_by_tracking': ['EX1_016', 'CS2_231']}, {'seed': 8, 'actual_cast_spell_id': 'DS1_184', 'drawn_from_tracking': 'CS2_182', 'discarded_by_tracking': ['CS2_231', 'EX1_016']}, {'seed': 9, 'actual_cast_spell_id': 'DS1_184', 'drawn_from_tracking': 'CS2_182', 'discarded_by_tracking': ['CS2_231', 'EX1_016']}, {'seed': 10, 'actual_cast_spell_id': 'DS1_184', 'drawn_from_tracking': 'CS2_182', 'discarded_by_tracking': ['EX1_016', 'CS2_231']}, {'seed': 11, 'actual_cast_spell_id': 'DS1_184', 'drawn_from_tracking': 'CS2_231', 'discarded_by_tracking': ['EX1_016', 'CS2_182']}];source=fireplace/cards/wog/mage.py:41]",card_mechanism.csv#OG_087; generic-play-smoke:played; effect-evidence: reports/card_quality_full_2026-09-27/og_probe.csv#servant_repeatedly_casts_only_tracking; per-card: reports/card_quality_full_2026-09-27/og_probe.csv#servant_repeatedly_casts_only_tracking,聚合状态取该卡最差机制；普通烟测只证明可执行，不能单独构成 GREEN。 EN=Battlecry: Cast a random spell that costs (5) or less (targets chosen randomly).; ZH=战吼：随机施放一个法力值消耗小于或等于（5）点的法术（目标随机而定）。; source=fireplace/cards/wog/mage.py:38; existing_tests=无候选既有测试引用; previous_card_audit=2 个机制缺少充分的核心效果验证；逐机制依据见 card_mechanism.csv。; previous_mechanism_audit=存在定义或元数据候选；当前没有可复查的该机制核心效果断言。; prior_cross_card_issues=无; audit_scope=本轮所列实际运行断言。,ordinary_collectible,MINION,yes,fireplace/cards/wog/mage.py:38,Battlecry: Cast a random spell that costs (5) or less (targets chosen randomly).
17.6.0.53261,Whispers of the Old Gods (OG),OG_121,Cho'gall,古加尔,Battlecry,RED,partial,yes,"实测偏差：chogall_unused_effect_expires_at_end_of_turn 预期[If no spell is cast this turn, next turn's spell uses Mana, not Health.]，实际[AssertionError: flag_next_turn=True;mana_after_chogall=3;mana_before_spell=10;mana_after_spell=10;own_hero=18;enemy_hero=27;spell=GRAVEYARD]",card_mechanism.csv#OG_121; generic-play-smoke:played; effect-evidence: reports/card_quality_full_2026-09-27/og_probe.csv#chogall_next_spell_costs_health_not_mana; reports/card_quality_full_2026-09-27/og_probe.csv#chogall_zero_cost_next_spell_consumes_effect_without_health; reports/card_quality_full_2026-09-27/og_probe.csv#chogall_unused_effect_expires_at_end_of_turn; per-card: reports/card_quality_full_2026-09-27/og_probe.csv#chogall_next_spell_costs_health_not_mana; reports/card_quality_full_2026-09-27/og_probe.csv#chogall_zero_cost_next_spell_consumes_effect_without_health; reports/card_quality_full_2026-09-27/og_probe.csv#chogall_unused_effect_expires_at_end_of_turn,聚合状态取该卡最差机制；普通烟测只证明可执行，不能单独构成 GREEN。 EN=Battlecry: The next spell you cast this turn costs Health instead of Mana.; ZH=战吼：在本回合中，你施放的下一个法术不再消耗法力值，转而消耗生命值。; source=fireplace/cards/wog/warlock.py:24; existing_tests=tests/test_wog.py:135:test_chogall | tests/test_wog.py:156:test_chogall_free_spell | tests/test_wog.py:166:test_chogall_cannot_pay_health; previous_card_audit=1 个机制缺少充分的核心效果验证；逐机制依据见 card_mechanism.csv。; previous_mechanism_audit=存在定义或元数据候选；当前没有可复查的该机制核心效果断言。; prior_cross_card_issues=无; audit_scope=本轮所列实际运行断言。,ordinary_collectible,MINION,yes,fireplace/cards/wog/warlock.py:24,Battlecry: The next spell you cast this turn costs Health instead of Mana.
17.6.0.53261,Whispers of the Old Gods (OG),OG_134,"Yogg-Saron, Hope's End",尤格-萨隆,Battlecry|Random effects,RED,partial,yes,"two_prior_spells: live Yogg Battlecry crashes with two prior spells at game.random seed 1341: AttributeError: 'Destroy' object has no attribute 'at'; prior_spell_plays=2; yogg_zone=PLAY; enemy_hp=29; traceback=Traceback (most recent call last):
  File ""/home/hanqi/Desktop/卡牌大对战/TavernLab-HSsim/reports/card_quality_full_2026-09-27/og_probe_b.py"", line 204, in two_previous_spells
    yogg.play()
  File ""/home/hanqi/Desktop/卡牌大对战/TavernLab-HSsim/fireplace/card.py"", line 584, in play
    self.game.play_card(self, target, index, choose)
  File ""/home/hanqi/Desktop/卡牌大对战/TavernLab-HSsim/fireplace/game.py"", line 186, in play_card
    return self.action_block(player, actions, type, index, target)
  File ""/home/hanqi/Desktop/卡牌大对战/TavernLab-HSsim/fireplace/game.py"", line 152, in action_block
    ret = self.queue_actions(source, actions, event_args)
  File ""/home/hanqi/Desktop/卡牌大对战/TavernLab-HSsim/fireplace/game.py"", line 243, in queue_actions
    ret = self.trigger_actions(source, actions)
  File ""/home/hanqi/Desktop/卡牌大对战/TavernLab-HSsim/fireplace/game.py"", line 266, in trigger_actions
    ret.append(action.trigger(source))
  File ""/home/hanqi/Desktop/卡牌大对战/TavernLab-HSsim/fireplace/actions.py"", line 222, in trigger
    self.do(source, *args)
  File ""/home/hanqi/Desktop/卡牌大对战/TavernLab-HSsim/fireplace/actions.py"", line 538, in do
    summon_action.broadcast(
  File ""/home/hanqi/Desktop/卡牌大对战/TavernLab-HSsim/fireplace/actions.py"", line 168, in broadcast
    self._broadcast(entity, source, at, *args)
  File ""/home/hanqi/Desktop/卡牌大对战/TavernLab-HSsim/fireplace/actions.py"", line 1668, in _broadcast
    return super()._broadcast(entity, source, at, *args)
  File ""/home/hanqi/Desktop/卡牌大对战/TavernLab-HSsim/fireplace/actions.py"", line 150, in _broadcast
    if event.at != at:
AttributeError: 'Destroy' object has no attribute 'at'
",card_mechanism.csv#OG_134; generic-play-smoke:played; effect-evidence: reports/card_quality_full_2026-09-27/og_probe.csv#zero_prior_spells; reports/card_quality_full_2026-09-27/og_probe.csv#two_prior_spells; per-card: reports/card_quality_full_2026-09-27/og_probe.csv#zero_prior_spells; reports/card_quality_full_2026-09-27/og_probe.csv#two_prior_spells,聚合状态取该卡最差机制；普通烟测只证明可执行，不能单独构成 GREEN。 EN: Battlecry: Cast a random spell for each spell you've cast this game (targets chosen randomly).; CN: 战吼： 在本局对战中，你每施放过一个法术，便随机施放一个法术（目标随机而定）。; source: fireplace/cards/wog/neutral_legendary.py:73; prior test: tests/test_wog.py::none; prior audit: card_mechanism.csv#OG_134; generic-play-smoke:played,ordinary_collectible,MINION,yes,fireplace/cards/wog/neutral_legendary.py:73,Battlecry: Cast a random spell for each spell you've cast this game (targets chosen randomly).
17.6.0.53261,Whispers of the Old Gods (OG),OG_149,Ravaging Ghoul,暴虐食尸鬼,Battlecry,RED,partial,yes,"battlecry_other_minions_excludes_self: Ravaging Ghoul Battlecry scope: expected 'deal 1 to all other minions; preserve Ghoul itself and both heroes', observed (1, 2, 2, 30, 30)",card_mechanism.csv#OG_149; generic-play-smoke:played; effect-evidence: reports/card_quality_full_2026-09-27/og_probe.csv#battlecry_other_minions_excludes_self; per-card: reports/card_quality_full_2026-09-27/og_probe.csv#battlecry_other_minions_excludes_self,聚合状态取该卡最差机制；普通烟测只证明可执行，不能单独构成 GREEN。 EN: Battlecry: Deal 1 damage to all other minions.; CN: 战吼：对所有其他随从造成1点伤害。; source: fireplace/cards/wog/warrior.py:8; prior test: tests/test_wog.py::none; prior audit: card_mechanism.csv#OG_149; generic-play-smoke:played,ordinary_collectible,MINION,yes,fireplace/cards/wog/warrior.py:8,Battlecry: Deal 1 damage to all other minions.
17.6.0.53261,Whispers of the Old Gods (OG),OG_188,Klaxxi Amber-Weaver,卡拉克西织珀者,Battlecry,RED,partial,yes,"cthun_at_least_10_grants_five_health: Klaxxi Amber-Weaver threshold: expected ""at 10+ C'Thun Attack, Klaxxi gains +5 Health (base 4/5 to 4/10)"", observed (4, 9, 9)",card_mechanism.csv#OG_188; generic-play-smoke:played; effect-evidence: reports/card_quality_full_2026-09-27/og_probe.csv#cthun_at_least_10_grants_five_health; reports/card_quality_full_2026-09-27/og_probe.csv#cthun_below_10_no_health_buff; per-card: reports/card_quality_full_2026-09-27/og_probe.csv#cthun_at_least_10_grants_five_health; reports/card_quality_full_2026-09-27/og_probe.csv#cthun_below_10_no_health_buff,"聚合状态取该卡最差机制；普通烟测只证明可执行，不能单独构成 GREEN。 EN: Battlecry: If your C'Thun has at least 10 Attack, gain +5 Health.; CN: 战吼： 如果你的克苏恩至少具有10点攻击力，便获得+5生命值。; source: fireplace/cards/wog/druid.py:60; prior test: tests/test_wog.py::none; prior audit: card_mechanism.csv#OG_188; generic-play-smoke:played",ordinary_collectible,MINION,yes,fireplace/cards/wog/druid.py:60,"Battlecry: If your C'Thun has at least 10 Attack, gain +5 Health."
17.6.0.53261,Whispers of the Old Gods (OG),OG_291,Shadowcaster,暗影施法者,Battlecry|Targeting,RED,partial,yes,"实战断言确认偏差：battlecry_adds_one_one_cost_one_copy expected=Chosen friendly minion yields a 1/1 copy costing 1 in hand; source and enemy minions remain unchanged. actual=(1, 1, 4)",card_mechanism.csv#OG_291; generic-play-smoke:played; effect-evidence: reports/card_quality_full_2026-09-27/og_probe.csv#battlecry_adds_one_one_cost_one_copy; reports/card_quality_full_2026-09-27/og_probe.csv#targeting_rejects_enemy_minion; per-card: reports/card_quality_full_2026-09-27/og_probe.csv#battlecry_adds_one_one_cost_one_copy; reports/card_quality_full_2026-09-27/og_probe.csv#targeting_rejects_enemy_minion,"聚合状态取该卡最差机制；普通烟测只证明可执行，不能单独构成 GREEN。 ; EN=Battlecry: Choose a friendly minion. Add a 1/1 copy to your hand that costs (1).; ZH=战吼：选择一个友方随从，将它的一张1/1的复制置入你的手牌，其法力值消耗为（1）点。; source=fireplace/cards/wog/rogue.py:39; existing_tests=none; prior=RED:实战断言确认偏差：battlecry_adds_one_one_cost_one_copy expected=Chosen friendly minion yields a 1/1 copy costing 1 in hand; source and enemy minions remain unchanged. actual=(1, 1, 4)",ordinary_collectible,MINION,yes,fireplace/cards/wog/rogue.py:39,Battlecry: Choose a friendly minion. Add a 1/1 copy to your hand that costs (1).
17.6.0.53261,Whispers of the Old Gods (OG),OG_338,"Nat, the Darkfisher",阴暗渔夫纳特,Draw / Discard|Trigger,RED,partial,yes,"实战断言确认偏差：opponent_turn_start_fifty_percent_extra_draw expected=At opponent turn start, they draw the normal turn card plus one extra on proc; expected opponent draw counter is 2 on proc and 1 otherwise, with no draw credited to owner. actual={'expected': {1: {((0, 0), (0, 1))}, 2: {((0, 1), (0, 2))}}, 'actual': {1: {((0, 0), (0, 1))}, 2: {((1, 0), (0, 1))}}}",card_mechanism.csv#OG_338; generic-play-smoke:played; effect-evidence: reports/card_quality_full_2026-09-27/og_probe.csv#opponent_turn_start_fifty_percent_extra_draw; per-card: reports/card_quality_full_2026-09-27/og_probe.csv#opponent_turn_start_fifty_percent_extra_draw,"聚合状态取该卡最差机制；普通烟测只证明可执行，不能单独构成 GREEN。 DRAW-001 mechanism-level failure confirmed: on proc the physical extra card enters opponent hand before _begin_turn resets both counters, but Draw increments source.controller (Nat's owner) to 1; reset erases that count and the opponent ends with count 1 despite two actual draws. No-proc ends owner=0/opponent=1.; EN=At the start of your opponent's turn, they have a 50% chance to draw an extra card.; ZH=你的对手在回合开始时，有50%的几率额外抽一张牌。; source=fireplace/cards/wog/neutral_legendary.py:32; existing_tests=none; prior=RED:实战断言确认偏差：opponent_turn_start_fifty_percent_extra_draw expected=At opponent turn start, they draw the normal turn card plus one extra on proc; expected opponent draw counter is 2 on proc and 1 otherwise, with no draw credited to owner. actual={'expected': {1: {((0, 0), (0, 1))}, 2: {((0, 1), (0, 2))}}, 'actual': {1: {((0, 0), (0, 1))}, 2: {((1, 0), (0, 1))}}}",ordinary_collectible,MINION,yes,fireplace/cards/wog/neutral_legendary.py:32,"At the start of your opponent's turn, they have a 50% chance to draw an extra card."
17.6.0.53261,Scholomance Academy (SCHOLOMANCE),SCH_199,Transfer Student,转校生,Trigger,RED,partial,yes,Orgrimmar and Naxxramas game-start reproductions leave Transfer Student as SCH_199 in both opening hand and deck; the board-specific variant never appears. GameStart listener is bound to Switch instead of GameStart.,card_mechanism.csv#SCH_199; generic-play-smoke:played; effect-evidence: reports/card_quality_full_2026-09-27/set_probe_SCHOLOMANCE.csv#SCH_199::board_orgrimmar_opening_hand_and_deck; reports/card_quality_full_2026-09-27/set_probe_SCHOLOMANCE.csv#SCH_199::board_naxxramas_opening_hand_and_deck; per-card: reports/card_quality_full_2026-09-27/set_probe_SCHOLOMANCE.csv#SCH_199::board_orgrimmar_opening_hand_and_deck; reports/card_quality_full_2026-09-27/set_probe_SCHOLOMANCE.csv#SCH_199::board_naxxramas_opening_hand_and_deck,"聚合状态取该卡最差机制；普通烟测只证明可执行，不能单独构成 GREEN。 EN=This has different effects based on which game board you're on.; ZH=该随从会根据你当前的对战面板获得不同的效果。; source=fireplace/cards/scholomance/transfer_student.py:41; existing_tests=none; prior=YELLOW:1 个机制缺少充分的核心效果验证；逐机制依据见 card_mechanism.csv。; prior_evidence=card_mechanism.csv#SCH_199; generic-play-smoke:played; source_analysis=SCH_199.Hand/Deck.events use GameStart.on(effect) where the unbound on method receives effect as self; the listener trigger becomes Switch, so GameStart broadcasts cannot match.",ordinary_collectible,MINION,yes,fireplace/cards/scholomance/transfer_student.py:41,This has different effects based on which game board you're on.
17.6.0.53261,The Grand Tournament (TGT),AT_008,Coldarra Drake,考达拉幼龙,Continuous effect / Update,RED,partial,yes,Confirmed runtime mismatch in tgt_at_008_core_behavior: expected You can use your Hero Power any number of times.; observed drake=PLAY;activation_count=1;additional=0;enemy_health=29;failures=['not_usable_before_activation_2'],card_mechanism.csv#AT_008; generic-play-smoke:played; effect-evidence: reports/card_quality_full_2026-09-27/tgt_probe.csv#tgt_at_008_core_behavior; per-card: reports/card_quality_full_2026-09-27/tgt_probe.csv#tgt_at_008_core_behavior,聚合状态取该卡最差机制；普通烟测只证明可执行，不能单独构成 GREEN。 EN: You can use your Hero Power any number of times. || ZH: 你可以使用任意次数的英雄技能。 || Implementation source: fireplace/cards/tgt/mage.py:23 || Existing test refs: none referenced || baseline conclusion=YELLOW; current prior status=YELLOW; prior reason=1 个机制缺少充分的核心效果验证；逐机制依据见 card_mechanism.csv。,ordinary_collectible,MINION,yes,fireplace/cards/tgt/mage.py:23,You can use your Hero Power any number of times.
17.6.0.53261,The Grand Tournament (TGT),AT_049,Thunder Bluff Valiant,雷霆崖勇士,Unclassified effect,RED,partial,yes,"Confirmed runtime mismatch in tgt_at_049_core_behavior: expected Inspire: Give your Totems +2 Attack.; observed totem=CS2_050/2,before=1;all_totems=[('CS2_050', 2, 'PLAY'), ('NEW1_009', 1, 'PLAY')];valiant=PLAY",card_mechanism.csv#AT_049; generic-play-smoke:played; effect-evidence: reports/card_quality_full_2026-09-27/tgt_probe.csv#tgt_at_049_core_behavior; per-card: reports/card_quality_full_2026-09-27/tgt_probe.csv#tgt_at_049_core_behavior,聚合状态取该卡最差机制；普通烟测只证明可执行，不能单独构成 GREEN。 EN: Inspire: Give your Totems +2 Attack. || ZH: 激励：使你的图腾获得+2攻击力。 || Implementation source: fireplace/cards/tgt/shaman.py:23 || Existing test refs: none referenced || baseline conclusion=YELLOW; current prior status=YELLOW; prior reason=1 个机制缺少充分的核心效果验证；逐机制依据见 card_mechanism.csv。,ordinary_collectible,MINION,yes,fireplace/cards/tgt/shaman.py:23,Inspire: Give your Totems +2 Attack.
17.6.0.53261,The Grand Tournament (TGT),AT_067,Magnataur Alpha,猛犸人头领,Trigger,RED,partial,yes,"Confirmed runtime mismatch in tgt_at_067_core_behavior: expected Also damages the minions next to whomever he attacks.; observed alpha=5/0;left=PLAY/damage=0;target=PLAY/damage=5;right=PLAY/damage=0;enemy_field=['CS2_231', 'EX1_572', 'CS2_231']",card_mechanism.csv#AT_067; generic-play-smoke:played; effect-evidence: reports/card_quality_full_2026-09-27/tgt_probe.csv#tgt_at_067_core_behavior; per-card: reports/card_quality_full_2026-09-27/tgt_probe.csv#tgt_at_067_core_behavior,聚合状态取该卡最差机制；普通烟测只证明可执行，不能单独构成 GREEN。 EN: Also damages the minions next to whomever he attacks. || ZH: 同时对其攻击目标相邻的随从造成伤害。 || Implementation source: fireplace/cards/tgt/warrior.py:17 || Existing test refs: none referenced || baseline conclusion=YELLOW; current prior status=YELLOW; prior reason=1 个机制缺少充分的核心效果验证；逐机制依据见 card_mechanism.csv。,ordinary_collectible,MINION,yes,fireplace/cards/tgt/warrior.py:17,Also damages the minions next to whomever he attacks.
17.6.0.53261,The Grand Tournament (TGT),AT_069,Sparring Partner,格斗陪练师,Battlecry|Targeting,RED,partial,yes,Confirmed runtime mismatch in tgt_at_069_core_behavior: expected Taunt Battlecry: Give a minion Taunt.; observed partner=3/2/taunt=False/zone=PLAY;target=1/1/taunt=True/zone=PLAY,card_mechanism.csv#AT_069; generic-play-smoke:played; effect-evidence: reports/card_quality_full_2026-09-27/tgt_probe.csv#tgt_at_069_core_behavior; per-card: reports/card_quality_full_2026-09-27/tgt_probe.csv#tgt_at_069_core_behavior,聚合状态取该卡最差机制；普通烟测只证明可执行，不能单独构成 GREEN。 EN: Taunt Battlecry: Give a minion Taunt. || ZH: 嘲讽 战吼：使一个随从获得嘲讽。 || Implementation source: fireplace/cards/tgt/warrior.py:23 || Existing test refs: none referenced || baseline conclusion=YELLOW; current prior status=YELLOW; prior reason=2 个机制缺少充分的核心效果验证；逐机制依据见 card_mechanism.csv。,ordinary_collectible,MINION,yes,fireplace/cards/tgt/warrior.py:23,Taunt Battlecry: Give a minion Taunt.
17.6.0.53261,The Grand Tournament (TGT),AT_090,Mukla's Champion,穆克拉的勇士,Unclassified effect,RED,partial,yes,"Confirmed runtime mismatch in tgt_at_090_core_behavior: expected Inspire: Give your other minions +1/+1.; observed mukla=5/4,before=(4, 3);other=2/2,before=(1, 1);field=[('CS2_231', 2, 2), ('AT_090', 5, 4)]",card_mechanism.csv#AT_090; generic-play-smoke:played; effect-evidence: reports/card_quality_full_2026-09-27/tgt_probe.csv#tgt_at_090_core_behavior; per-card: reports/card_quality_full_2026-09-27/tgt_probe.csv#tgt_at_090_core_behavior,聚合状态取该卡最差机制；普通烟测只证明可执行，不能单独构成 GREEN。 EN: Inspire: Give your other minions +1/+1. || ZH: 激励：使你的其他随从获得+1/+1。 || Implementation source: fireplace/cards/tgt/neutral_common.py:59 || Existing test refs: none referenced || baseline conclusion=YELLOW; current prior status=YELLOW; prior reason=1 个机制缺少充分的核心效果验证；逐机制依据见 card_mechanism.csv。,ordinary_collectible,MINION,yes,fireplace/cards/tgt/neutral_common.py:59,Inspire: Give your other minions +1/+1.
17.6.0.53261,The Grand Tournament (TGT),AT_109,Argent Watchman,银色警卫,Unclassified effect,RED,partial,yes,"确认与卡面不符：inspire_attack_permission expected[After summoning sickness ends, cannot attack before Inspire; can attack after Hero Power.] observed[can_attack_before=False;after_inspire=False;actual_attack=rejected:InvalidAction:<Minion ('Argent Watchman')> can't attack <Hero ('Jaina Proudmoore')>.;cant_attack_tag=1;buffs=['AT_109e'];zone=PLAY]",card_mechanism.csv#AT_109; generic-play-smoke:played; effect-evidence: reports/card_quality_full_2026-09-27/tgt_probe.csv#inspire_attack_permission; per-card: reports/card_quality_full_2026-09-27/tgt_probe.csv#inspire_attack_permission,"聚合状态取该卡最差机制；普通烟测只证明可执行，不能单独构成 GREEN。 EN/ZH text, source, previous audit and existing tests are recorded in tgt_probe_tail.csv; 1 independent live case(s).",ordinary_collectible,MINION,yes,fireplace/cards/tgt/neutral_rare.py:48,Can't attack. Inspire: Can attack as normal this turn.
17.6.0.53261,Rastakhan's Rumble (TROLL),TRL_071,Bloodsail Howler,血帆啸猴,Battlecry|Rush,RED,partial,yes,"实测与卡牌文本不符：two_other_pirates_each_plus_one: before=(1, 1);howler=4/4:PLAY;pirates=[('CS2_146', 23), ('CS2_146', 23)];nonpirate=CS2_231; no_other_pirates_no_buff: before=(1, 1);after=(2, 2);rush=1",card_mechanism.csv#TRL_071; generic-play-smoke:played; effect-evidence: reports/card_quality_full_2026-09-27/set_probe_TROLL.csv#TRL_071::two_other_pirates_each_plus_one; reports/card_quality_full_2026-09-27/set_probe_TROLL.csv#TRL_071::no_other_pirates_no_buff; per-card: reports/card_quality_full_2026-09-27/set_probe_TROLL.csv#TRL_071::two_other_pirates_each_plus_one; reports/card_quality_full_2026-09-27/set_probe_TROLL.csv#TRL_071::no_other_pirates_no_buff,聚合状态取该卡最差机制；普通烟测只证明可执行，不能单独构成 GREEN。 EN=[x]Rush Battlecry: Gain +1/+1 for each other Pirate you control.; ZH=突袭，战吼：你每控制一个其他海盗，便获得+1/+1。; source=fireplace/cards/troll/rogue.py:8; existing_tests=none; prior=YELLOW:2 个机制缺少充分的核心效果验证；逐机制依据见 card_mechanism.csv。; prior_evidence=card_mechanism.csv#TRL_071; generic-play-smoke:played,ordinary_collectible,MINION,yes,fireplace/cards/troll/rogue.py:8,[x]Rush Battlecry: Gain +1/+1 for each other Pirate you control.
17.6.0.53261,Rastakhan's Rumble (TROLL),TRL_085,Zentimo,泽蒂摩,Targeting|Trigger,RED,partial,yes,"实测与卡牌文本不符：middle_target_and_two_neighbors: enemy_health=[4, 5, 3, 5];spell=GRAVEYARD;zentimo=PLAY",card_mechanism.csv#TRL_085; generic-play-smoke:played; effect-evidence: reports/card_quality_full_2026-09-27/set_probe_TROLL.csv#TRL_085::middle_target_and_two_neighbors; reports/card_quality_full_2026-09-27/set_probe_TROLL.csv#TRL_085::single_minion_only_once; per-card: reports/card_quality_full_2026-09-27/set_probe_TROLL.csv#TRL_085::middle_target_and_two_neighbors; reports/card_quality_full_2026-09-27/set_probe_TROLL.csv#TRL_085::single_minion_only_once,"聚合状态取该卡最差机制；普通烟测只证明可执行，不能单独构成 GREEN。 EN=[x]Whenever you target a minion with a spell, cast it again on its neighbors.; ZH=每当你以一个随从为目标施放法术时，对该随从相邻的随从再次施放。; source=fireplace/cards/troll/shaman.py:36; existing_tests=none; prior=YELLOW:2 个机制缺少充分的核心效果验证；逐机制依据见 card_mechanism.csv。; prior_evidence=card_mechanism.csv#TRL_085; generic-play-smoke:played",ordinary_collectible,MINION,yes,fireplace/cards/troll/shaman.py:36,"[x]Whenever you target a minion with a spell, cast it again on its neighbors."
17.6.0.53261,Rastakhan's Rumble (TROLL),TRL_092,Spirit of the Shark,鲨鱼之灵,Aura|Continuous effect / Update|Stealth|Trigger,RED,partial,yes,"实测与卡牌文本不符：battlecry_and_combo_both_double: shark_stealth=1;mech_after_battlecry=(1, 3);enemy_after_combo=3:PLAY;si7=PLAY",card_mechanism.csv#TRL_092; generic-play-smoke:played; effect-evidence: reports/card_quality_full_2026-09-27/set_probe_TROLL.csv#TRL_092::battlecry_and_combo_both_double; reports/card_quality_full_2026-09-27/set_probe_TROLL.csv#TRL_092::one_turn_stealth_expires; per-card: reports/card_quality_full_2026-09-27/set_probe_TROLL.csv#TRL_092::battlecry_and_combo_both_double; reports/card_quality_full_2026-09-27/set_probe_TROLL.csv#TRL_092::one_turn_stealth_expires,聚合状态取该卡最差机制；普通烟测只证明可执行，不能单独构成 GREEN。 EN=[x]Stealth for 1 turn. Your minions' Battlecries   and Combos trigger twice.; ZH=潜行一回合。你的随从的战吼和连击触发两次。; source=fireplace/cards/troll/rogue.py:36; existing_tests=none; prior=YELLOW:4 个机制缺少充分的核心效果验证；逐机制依据见 card_mechanism.csv。; prior_evidence=card_mechanism.csv#TRL_092; generic-play-smoke:played,ordinary_collectible,MINION,yes,fireplace/cards/troll/rogue.py:36,[x]Stealth for 1 turn. Your minions' Battlecries   and Combos trigger twice.
17.6.0.53261,Rastakhan's Rumble (TROLL),TRL_240,Savage Striker,野蛮先锋,Battlecry|Targeting,RED,partial,yes,实测与卡牌文本不符：zero_attack_no_damage_no_target: hero_attack=0;no_target_play_rejected=<Minion ('Savage Striker')> requires a target to play.;source=card.py:659 uses >=0,card_mechanism.csv#TRL_240; generic-play-smoke:played; effect-evidence: reports/card_quality_full_2026-09-27/set_probe_TROLL.csv#TRL_240::battlecry_uses_three_hero_attack; reports/card_quality_full_2026-09-27/set_probe_TROLL.csv#TRL_240::zero_attack_no_damage_no_target; per-card: reports/card_quality_full_2026-09-27/set_probe_TROLL.csv#TRL_240::battlecry_uses_three_hero_attack; reports/card_quality_full_2026-09-27/set_probe_TROLL.csv#TRL_240::zero_attack_no_damage_no_target,聚合状态取该卡最差机制；普通烟测只证明可执行，不能单独构成 GREEN。 EN=Battlecry: Deal damage to an enemy minion equal to your hero's Attack.; ZH=战吼：对一个敌方随从造成等同于你的英雄攻击力的伤害。; source=fireplace/cards/troll/druid.py:28; existing_tests=none; prior=YELLOW:2 个机制缺少充分的核心效果验证；逐机制依据见 card_mechanism.csv。; prior_evidence=card_mechanism.csv#TRL_240; generic-play-smoke:played,ordinary_collectible,MINION,yes,fireplace/cards/troll/druid.py:28,Battlecry: Deal damage to an enemy minion equal to your hero's Attack.
17.6.0.53261,Rastakhan's Rumble (TROLL),TRL_241,"Gonk, the Raptor",贡克，迅猛龙之神,Trigger,RED,partial,yes,实测与卡牌文本不符：hero_kills_minion_can_attack_again: first_ready=True;victim=GRAVEYARD;second_ready=False;hero_num_attacks=1;gonk_num_attacks=-1;gonk=PLAY,card_mechanism.csv#TRL_241; generic-play-smoke:played; effect-evidence: reports/card_quality_full_2026-09-27/set_probe_TROLL.csv#TRL_241::hero_kills_minion_can_attack_again; per-card: reports/card_quality_full_2026-09-27/set_probe_TROLL.csv#TRL_241::hero_kills_minion_can_attack_again,"聚合状态取该卡最差机制；普通烟测只证明可执行，不能单独构成 GREEN。 EN=After your hero attacks and kills a minion, it may attack again.; ZH=在你的英雄攻击并消灭一个随从后，便可再次攻击。; source=fireplace/cards/troll/druid.py:40; existing_tests=none; prior=YELLOW:1 个机制缺少充分的核心效果验证；逐机制依据见 card_mechanism.csv。; prior_evidence=card_mechanism.csv#TRL_241; generic-play-smoke:played",ordinary_collectible,MINION,yes,fireplace/cards/troll/druid.py:40,"After your hero attacks and kills a minion, it may attack again."
17.6.0.53261,Rastakhan's Rumble (TROLL),TRL_247,Soulwarden,护魂者,Battlecry|Random effects,RED,partial,yes,"实测与卡牌文本不符：returns_three_from_discard_history: discarded=[('CS2_231', 'REMOVEDFROMGAME'), ('CS2_182', 'REMOVEDFROMGAME'), ('EX1_011', 'REMOVEDFROMGAME')];returned=[];body=PLAY",card_mechanism.csv#TRL_247; generic-play-smoke:played; effect-evidence: reports/card_quality_full_2026-09-27/set_probe_TROLL.csv#TRL_247::returns_three_from_discard_history; reports/card_quality_full_2026-09-27/set_probe_TROLL.csv#TRL_247::empty_discard_history; per-card: reports/card_quality_full_2026-09-27/set_probe_TROLL.csv#TRL_247::returns_three_from_discard_history; reports/card_quality_full_2026-09-27/set_probe_TROLL.csv#TRL_247::empty_discard_history,聚合状态取该卡最差机制；普通烟测只证明可执行，不能单独构成 GREEN。 EN=Battlecry: Add 3 random cards you discarded this game to your hand.; ZH=战吼：随机将三张你在本局对战中弃掉的牌置入你的手牌。; source=fireplace/cards/troll/warlock.py:8; existing_tests=none; prior=YELLOW:2 个机制缺少充分的核心效果验证；逐机制依据见 card_mechanism.csv。; prior_evidence=card_mechanism.csv#TRL_247; generic-play-smoke:played,ordinary_collectible,MINION,yes,fireplace/cards/troll/warlock.py:8,Battlecry: Add 3 random cards you discarded this game to your hand.
17.6.0.53261,Rastakhan's Rumble (TROLL),TRL_302,Time Out!,暂避锋芒,Spell resolution,RED,partial,yes,"实测与卡牌文本不符：immune_to_spell_until_expiry expected=[Time Out prevents spell damage until the Paladin's next turn, then expires.] actual=[during=(30, 0, False, 0, [('TRL_302e', 'PLAY')]);after_own_turn_begins=(30, 0, False)]; immune_to_combat_damage expected=[The immune hero takes no weapon combat damage during the window.] actual=[weapon=CS2_091:1/3;hero_health_before=30;after=29;immune=False]",card_mechanism.csv#TRL_302; generic-play-smoke:played; effect-evidence: reports/card_quality_full_2026-09-27/set_probe_TROLL.csv#TRL_302::immune_to_spell_until_expiry; reports/card_quality_full_2026-09-27/set_probe_TROLL.csv#TRL_302::immune_to_combat_damage; per-card: reports/card_quality_full_2026-09-27/set_probe_TROLL.csv#TRL_302::immune_to_spell_until_expiry; reports/card_quality_full_2026-09-27/set_probe_TROLL.csv#TRL_302::immune_to_combat_damage,聚合状态取该卡最差机制；普通烟测只证明可执行，不能单独构成 GREEN。 EN=Your hero is Immune until your next turn.; ZH=直到你的下个回合，你的英雄获得免疫。; source=fireplace/cards/troll/paladin.py:68; existing_tests=none; previous=YELLOW:1 个机制缺少充分的核心效果验证；逐机制依据见 card_mechanism.csv。,ordinary_collectible,SPELL,yes,fireplace/cards/troll/paladin.py:68,Your hero is Immune until your next turn.
17.6.0.53261,Rastakhan's Rumble (TROLL),TRL_312,Spellzerker,狂暴咒术师,Spell Damage,RED,partial,yes,"实测与卡牌文本不符：spell_damage_enrage_toggles expected=[Spellzerker gains +2 spell damage while damaged and loses the bonus when restored to full health.] actual=[base=(2, 3, 0);damaged=(2, 1, 0);target_after_spell_while_damaged=(4, 1);healed=(3, 0, 0);target_after_spell_when_healed=(3, 2);zone=PLAY]",card_mechanism.csv#TRL_312; generic-play-smoke:played; effect-evidence: reports/card_quality_full_2026-09-27/set_probe_TROLL.csv#TRL_312::spell_damage_enrage_toggles; per-card: reports/card_quality_full_2026-09-27/set_probe_TROLL.csv#TRL_312::spell_damage_enrage_toggles,聚合状态取该卡最差机制；普通烟测只证明可执行，不能单独构成 GREEN。 EN=Has Spell Damage +2 while damaged.; ZH=受伤时具有 法术伤害+2。; source=fireplace/cards/troll/neutral_common.py:36; existing_tests=none; previous=YELLOW:1 个机制缺少充分的核心效果验证；逐机制依据见 card_mechanism.csv。,ordinary_collectible,MINION,yes,fireplace/cards/troll/neutral_common.py:36,Has Spell Damage +2 while damaged.
17.6.0.53261,Rastakhan's Rumble (TROLL),TRL_313,Scorch,灼烧,Cost modification|Spell resolution|Targeting,RED,partial,yes,实测与卡牌文本不符：conditional_cost_and_damage expected=[Scorch costs 1 after an Elemental last turn (otherwise 4) and deals 4 damage to a minion.] actual=[prior_elemental=True;cost=3;target_health=1;target_damage=4;target_zone=PLAY],card_mechanism.csv#TRL_313; generic-play-smoke:played; effect-evidence: reports/card_quality_full_2026-09-27/set_probe_TROLL.csv#TRL_313::conditional_cost_and_damage; per-card: reports/card_quality_full_2026-09-27/set_probe_TROLL.csv#TRL_313::conditional_cost_and_damage,聚合状态取该卡最差机制；普通烟测只证明可执行，不能单独构成 GREEN。 EN=[x]Deal $4 damage to a minion. Costs (1) if you played an Elemental last turn.; ZH=对一个随从造成$4点伤害。如果你在上个回合使用过元素牌，则法力值消耗变为（1）点。; source=fireplace/cards/troll/mage.py:91; existing_tests=none; previous=YELLOW:3 个机制缺少充分的核心效果验证；逐机制依据见 card_mechanism.csv。,ordinary_collectible,SPELL,yes,fireplace/cards/troll/mage.py:91,[x]Deal $4 damage to a minion. Costs (1) if you played an Elemental last turn.
17.6.0.53261,Rastakhan's Rumble (TROLL),TRL_405,Untamed Beastmaster,狂野兽王,Draw / Discard|Targeting|Trigger,RED,partial,yes,"实测与卡牌文本不符：draw_beast_enchants_only_beast expected=[Drawing a Beast gives it +2/+2; the simultaneously drawn non-Beast is unchanged.] actual=[beastmaster=PLAY;beast=('NEW1_032', 4, 'HAND', 3, (4, 4));beast_races=[20];nonbeast=('CS2_182', 4, 'HAND', 4, (4, 5));nonbeast_races=[<Race.INVALID: 0>];deck=[]]",card_mechanism.csv#TRL_405; generic-play-smoke:played; effect-evidence: reports/card_quality_full_2026-09-27/set_probe_TROLL.csv#TRL_405::draw_beast_enchants_only_beast; per-card: reports/card_quality_full_2026-09-27/set_probe_TROLL.csv#TRL_405::draw_beast_enchants_only_beast,"聚合状态取该卡最差机制；普通烟测只证明可执行，不能单独构成 GREEN。 EN=Whenever you draw a Beast, give it +2/+2.; ZH=每当你抽到一张野兽牌时，使其获得+2/+2。; source=fireplace/cards/troll/neutral_epic.py:8; existing_tests=none; previous=YELLOW:3 个机制缺少充分的核心效果验证；逐机制依据见 card_mechanism.csv。",ordinary_collectible,MINION,yes,fireplace/cards/troll/neutral_epic.py:8,"Whenever you draw a Beast, give it +2/+2."
17.6.0.53261,Rastakhan's Rumble (TROLL),TRL_501,Auchenai Phantasm,奥金尼幻象,Battlecry,RED,partial,yes,"Confirmed live mismatch: healing_becomes_damage_until_turn_end expected=[Regenerate deals 3 damage to the Priest hero during Auchenai's turn; after that turn, Regenerate heals 3.] observed=[phantasm=PLAY;during=28;after_next_turn_heal=30;spells=GRAVEYARD/GRAVEYARD;damage=0;armor=0]",card_mechanism.csv#TRL_501; generic-play-smoke:played; effect-evidence: reports/card_quality_full_2026-09-27/set_probe_TROLL.csv#TRL_501::healing_becomes_damage_until_turn_end; per-card: reports/card_quality_full_2026-09-27/set_probe_TROLL.csv#TRL_501::healing_becomes_damage_until_turn_end,"聚合状态取该卡最差机制；普通烟测只证明可执行，不能单独构成 GREEN。 Cases=1; probe rows include EN/ZH, source, test, and prior audit evidence.",ordinary_collectible,MINION,yes,fireplace/cards/troll/priest.py:38,"Battlecry: This turn, your healing effects deal damage instead."
17.6.0.53261,Rastakhan's Rumble (TROLL),TRL_524,Shieldbreaker,破盾者,Battlecry|Silence|Targeting,RED,partial,yes,Confirmed live mismatch: non_taunt_enemy_target_is_rejected_without_cost expected=[An enemy minion without Taunt is rejected before Shieldbreaker leaves hand or spends mana.] observed=[error=None;target=PLAY/silenced:False;card=PLAY;mana=10->8],card_mechanism.csv#TRL_524; generic-play-smoke:played; effect-evidence: reports/card_quality_full_2026-09-27/set_probe_TROLL.csv#TRL_524::valid_enemy_taunt_target_is_silenced; reports/card_quality_full_2026-09-27/set_probe_TROLL.csv#TRL_524::non_taunt_enemy_target_is_rejected_without_cost; per-card: reports/card_quality_full_2026-09-27/set_probe_TROLL.csv#TRL_524::valid_enemy_taunt_target_is_silenced; reports/card_quality_full_2026-09-27/set_probe_TROLL.csv#TRL_524::non_taunt_enemy_target_is_rejected_without_cost,"聚合状态取该卡最差机制；普通烟测只证明可执行，不能单独构成 GREEN。 Cases=2; probe rows include EN/ZH, source, test, and prior audit evidence.",ordinary_collectible,MINION,yes,fireplace/cards/troll/neutral_rare.py:70,Battlecry: Silence an enemy minion with Taunt.
17.6.0.53261,Rastakhan's Rumble (TROLL),TRL_527,Drakkari Trickster,达卡莱幻术师,Battlecry|Random effects,RED,partial,yes,"Confirmed live mismatch: both_players_receive_copy_from_opponents_deck expected=[Each player receives the distinct card from the opponent's deck, not from their own deck.] observed=[own_deck=DECK;enemy_deck=DECK;own_hand=[('CS2_029', 'HAND')];enemy_hand=[('CS2_231', 'HAND')];trickster=PLAY]",card_mechanism.csv#TRL_527; generic-play-smoke:played; effect-evidence: reports/card_quality_full_2026-09-27/set_probe_TROLL.csv#TRL_527::both_players_receive_copy_from_opponents_deck; per-card: reports/card_quality_full_2026-09-27/set_probe_TROLL.csv#TRL_527::both_players_receive_copy_from_opponents_deck,"聚合状态取该卡最差机制；普通烟测只证明可执行，不能单独构成 GREEN。 Cases=1; probe rows include EN/ZH, source, test, and prior audit evidence.",ordinary_collectible,MINION,yes,fireplace/cards/troll/neutral_epic.py:25,[x]Battlecry: Give each player a copy of a random card from their opponent's deck.
17.6.0.53261,Rastakhan's Rumble (TROLL),TRL_545,Zandalari Templar,赞达拉武士,Battlecry,RED,partial,yes,"Confirmed live mismatch: restoring_ten_health_grants_four_four_and_taunt expected=[After actually restoring 10 Health this game, Templar becomes 8/8 and its threshold is powered.] observed=[restore_casts=4;hero_health=30;hero_damage=0;spells=['GRAVEYARD', 'GRAVEYARD', 'GRAVEYARD', 'GRAVEYARD'];templar=PLAY/8/8/taunt:False;powered=True]",card_mechanism.csv#TRL_545; generic-play-smoke:played; effect-evidence: reports/card_quality_full_2026-09-27/set_probe_TROLL.csv#TRL_545::restoring_ten_health_grants_four_four_and_taunt; reports/card_quality_full_2026-09-27/set_probe_TROLL.csv#TRL_545::restoring_nine_health_stays_base_body; per-card: reports/card_quality_full_2026-09-27/set_probe_TROLL.csv#TRL_545::restoring_ten_health_grants_four_four_and_taunt; reports/card_quality_full_2026-09-27/set_probe_TROLL.csv#TRL_545::restoring_nine_health_stays_base_body,"聚合状态取该卡最差机制；普通烟测只证明可执行，不能单独构成 GREEN。 Cases=2; probe rows include EN/ZH, source, test, and prior audit evidence.",ordinary_collectible,MINION,yes,fireplace/cards/troll/paladin.py:53,"[x]Battlecry: If you've restored 10 Health this game, gain +4/+4 and Taunt.@ ({0} left!)@ (Ready!)"
17.6.0.53261,Saviors of Uldum (ULDUM),ULD_131,Untapped Potential,发掘潜力,Quest|Spell resolution|Summon,RED,partial,yes,"实测与卡牌文本不符：four_unspent_turns_reward: spent=1;turns=[(2, 'SECRET', 'HERO_06bp'), (3, 'SECRET', 'HERO_06bp'), (4, 'GRAVEYARD', 'ULD_131p'), (4, 'GRAVEYARD', 'ULD_131p')];power=ULD_131p",card_mechanism.csv#ULD_131; generic-play-smoke:played; effect-evidence: reports/card_quality_full_2026-09-27/set_probe_ULDUM.csv#ULD_131::four_unspent_turns_reward; per-card: reports/card_quality_full_2026-09-27/set_probe_ULDUM.csv#ULD_131::four_unspent_turns_reward,聚合状态取该卡最差机制；普通烟测只证明可执行，不能单独构成 GREEN。 EN=[x]Quest: End 4 turns with any unspent Mana. Reward: Ossirian Tear.; ZH=任务：在有未使用的法力水晶的情况下结束4个回合。 奖励：奥斯里安之泪。; source=fireplace/cards/uldum/druid.py:66; existing_tests=none; prior=YELLOW:3 个机制缺少充分的核心效果验证；逐机制依据见 card_mechanism.csv。; prior_evidence=card_mechanism.csv#ULD_131; generic-play-smoke:played,ordinary_collectible,SPELL,yes,fireplace/cards/uldum/druid.py:66,[x]Quest: End 4 turns with any unspent Mana. Reward: Ossirian Tear.
17.6.0.53261,Saviors of Uldum (ULDUM),ULD_133,Crystal Merchant,水晶商人,Draw / Discard|Trigger,RED,partial,yes,实测与卡牌文本不符：spent_does_not_draw: unspent=False;drawn=HAND;hand=1;body=PLAY,card_mechanism.csv#ULD_133; generic-play-smoke:played; effect-evidence: reports/card_quality_full_2026-09-27/set_probe_ULDUM.csv#ULD_133::unspent_draws; reports/card_quality_full_2026-09-27/set_probe_ULDUM.csv#ULD_133::spent_does_not_draw; per-card: reports/card_quality_full_2026-09-27/set_probe_ULDUM.csv#ULD_133::unspent_draws; reports/card_quality_full_2026-09-27/set_probe_ULDUM.csv#ULD_133::spent_does_not_draw,"聚合状态取该卡最差机制；普通烟测只证明可执行，不能单独构成 GREEN。 EN=If you have any unspent Mana at the end of your turn, draw a card.; ZH=在你的回合结束时，如果你有未使用的法力水晶，抽一张牌。; source=fireplace/cards/uldum/druid.py:8; existing_tests=none; prior=YELLOW:2 个机制缺少充分的核心效果验证；逐机制依据见 card_mechanism.csv。; prior_evidence=card_mechanism.csv#ULD_133; generic-play-smoke:played",ordinary_collectible,MINION,yes,fireplace/cards/uldum/druid.py:8,"If you have any unspent Mana at the end of your turn, draw a card."
17.6.0.53261,Saviors of Uldum (ULDUM),ULD_140,Supreme Archaeology,最最伟大的考古学,Draw / Discard|Quest|Spell resolution|Summon,RED,partial,yes,"实测与卡牌文本不符：twenty_draws_unlock_zero_cost_power: progress=0;quest=SECRET;power=HERO_07bp;power_draw=[('CS2_231', 0, 'HAND')];deck=0",card_mechanism.csv#ULD_140; generic-play-smoke:played; effect-evidence: reports/card_quality_full_2026-09-27/set_probe_ULDUM.csv#ULD_140::twenty_draws_unlock_zero_cost_power; per-card: reports/card_quality_full_2026-09-27/set_probe_ULDUM.csv#ULD_140::twenty_draws_unlock_zero_cost_power,聚合状态取该卡最差机制；普通烟测只证明可执行，不能单独构成 GREEN。 EN=Quest: Draw 20 cards. Reward: Tome of Origination.; ZH=任务：抽20张牌。 奖励：源生魔典。; source=fireplace/cards/uldum/warlock.py:85; existing_tests=none; prior=YELLOW:4 个机制缺少充分的核心效果验证；逐机制依据见 card_mechanism.csv。; prior_evidence=card_mechanism.csv#ULD_140; generic-play-smoke:played,ordinary_collectible,SPELL,yes,fireplace/cards/uldum/warlock.py:85,Quest: Draw 20 cards. Reward: Tome of Origination.
17.6.0.53261,Saviors of Uldum (ULDUM),ULD_167,Diseased Vulture,染病的兀鹫,Random effects|Summon|Trigger,RED,partial,yes,实测与卡牌文本不符：own_turn_hero_damage_summons_three_cost: hero=30->29;summoned=[],card_mechanism.csv#ULD_167; generic-play-smoke:played; effect-evidence: reports/card_quality_full_2026-09-27/set_probe_ULDUM.csv#ULD_167::own_turn_hero_damage_summons_three_cost; reports/card_quality_full_2026-09-27/set_probe_ULDUM.csv#ULD_167::opponents_turn_damage_no_trigger; per-card: reports/card_quality_full_2026-09-27/set_probe_ULDUM.csv#ULD_167::own_turn_hero_damage_summons_three_cost; reports/card_quality_full_2026-09-27/set_probe_ULDUM.csv#ULD_167::opponents_turn_damage_no_trigger,"聚合状态取该卡最差机制；普通烟测只证明可执行，不能单独构成 GREEN。 EN=After your hero takes damage on your turn, summon a random 3-Cost minion.; ZH=你的英雄在自己的回合受到伤害后，随机召唤一个法力值消耗为（3）的随从。; source=fireplace/cards/uldum/warlock.py:54; existing_tests=none; prior=YELLOW:3 个机制缺少充分的核心效果验证；逐机制依据见 card_mechanism.csv。; prior_evidence=card_mechanism.csv#ULD_167; generic-play-smoke:played",ordinary_collectible,MINION,yes,fireplace/cards/uldum/warlock.py:54,"After your hero takes damage on your turn, summon a random 3-Cost minion."
17.6.0.53261,Saviors of Uldum (ULDUM),ULD_238,Reno the Relicologist,考古专家雷诺,Battlecry|Random effects,RED,partial,yes,实测与卡牌文本不符：empty_enemy_board_no_hero_damage: enemy_hero_health=20;body=PLAY;enemy_field=0; one_enemy_minion_takes_damage: target=4:PLAY;enemy_hero=26;body=PLAY,card_mechanism.csv#ULD_238; generic-play-smoke:played; effect-evidence: reports/card_quality_full_2026-09-27/set_probe_ULDUM.csv#ULD_238::empty_enemy_board_no_hero_damage; reports/card_quality_full_2026-09-27/set_probe_ULDUM.csv#ULD_238::one_enemy_minion_takes_damage; per-card: reports/card_quality_full_2026-09-27/set_probe_ULDUM.csv#ULD_238::empty_enemy_board_no_hero_damage; reports/card_quality_full_2026-09-27/set_probe_ULDUM.csv#ULD_238::one_enemy_minion_takes_damage,"聚合状态取该卡最差机制；普通烟测只证明可执行，不能单独构成 GREEN。 EN=Battlecry: If your deck has no duplicates, deal 10 damage randomly split among all enemy minions.; ZH=战吼：如果你的牌库里没有相同的牌，则造成10点伤害，随机分配到所有敌方随从身上。; source=fireplace/cards/uldum/mage.py:18; existing_tests=none; prior=YELLOW:2 个机制缺少充分的核心效果验证；逐机制依据见 card_mechanism.csv。; prior_evidence=card_mechanism.csv#ULD_238; generic-play-smoke:played",ordinary_collectible,MINION,yes,fireplace/cards/uldum/mage.py:18,"Battlecry: If your deck has no duplicates, deal 10 damage randomly split among all enemy minions."
17.6.0.53261,Saviors of Uldum (ULDUM),ULD_239,Flame Ward,火焰结界,Secret|Spell resolution|Trigger,RED,partial,yes,实测与卡牌文本不符：after_enemy_minion_attacks_hero_secret_reveals_aoe: secret=SECRET;attacker=2:PLAY;other=2:PLAY;hero=26,card_mechanism.csv#ULD_239; generic-play-smoke:played; effect-evidence: reports/card_quality_full_2026-09-27/set_probe_ULDUM.csv#ULD_239::after_enemy_minion_attacks_hero_secret_reveals_aoe; per-card: reports/card_quality_full_2026-09-27/set_probe_ULDUM.csv#ULD_239::after_enemy_minion_attacks_hero_secret_reveals_aoe,"聚合状态取该卡最差机制；普通烟测只证明可执行，不能单独构成 GREEN。 EN=Secret: After a minion attacks your hero, deal $3 damage to all enemy minions.; ZH=奥秘：在一个随从攻击你的英雄后，对所有敌方随从造成$3点伤害。; source=fireplace/cards/uldum/mage.py:76; existing_tests=none; prior=YELLOW:3 个机制缺少充分的核心效果验证；逐机制依据见 card_mechanism.csv。; prior_evidence=card_mechanism.csv#ULD_239; generic-play-smoke:played",ordinary_collectible,SPELL,yes,fireplace/cards/uldum/mage.py:76,"Secret: After a minion attacks your hero, deal $3 damage to all enemy minions."
17.6.0.53261,Saviors of Uldum (ULDUM),ULD_286,Shadow of Death,死亡之影,Spell resolution|Summon|Targeting|Trigger,RED,partial,yes,"实测与卡牌文本不符：shuffle_three_shadows_and_draw_summons_copy: shadows_before_draw=1;shadow_zones=[('ULD_286t', 'GRAVEYARD')];copies=[('CS2_182', 4, 5, 'PLAY')];original=PLAY;spell=GRAVEYARD",card_mechanism.csv#ULD_286; generic-play-smoke:played; effect-evidence: reports/card_quality_full_2026-09-27/set_probe_ULDUM.csv#ULD_286::shuffle_three_shadows_and_draw_summons_copy; per-card: reports/card_quality_full_2026-09-27/set_probe_ULDUM.csv#ULD_286::shuffle_three_shadows_and_draw_summons_copy,聚合状态取该卡最差机制；普通烟测只证明可执行，不能单独构成 GREEN。 EN=Choose a minion. Shuffle 3 'Shadows' into your deck that summon a copy when drawn.; ZH=选择一个随从。将三张“阴影”牌洗入你的牌库，当抽到“阴影”时，召唤该随从的一个复制。; source=fireplace/cards/uldum/rogue.py:53; existing_tests=none; prior=YELLOW:4 个机制缺少充分的核心效果验证；逐机制依据见 card_mechanism.csv。; prior_evidence=card_mechanism.csv#ULD_286; generic-play-smoke:played,ordinary_collectible,SPELL,yes,fireplace/cards/uldum/rogue.py:53,Choose a minion. Shuffle 3 'Shadows' into your deck that summon a copy when drawn.
17.6.0.53261,Saviors of Uldum (ULDUM),ULD_291,Corrupt the Waters,腐化水源,Battlecry|Quest|Spell resolution|Summon,RED,partial,yes,实测与卡牌文本不符：six_battlecries_reward_doubles_next_battlecry: after_five=5;after_six=6;quest=GRAVEYARD;power=ULD_291p;target=3/3;sidekick=PLAY,card_mechanism.csv#ULD_291; generic-play-smoke:played; effect-evidence: reports/card_quality_full_2026-09-27/set_probe_ULDUM.csv#ULD_291::six_battlecries_reward_doubles_next_battlecry; per-card: reports/card_quality_full_2026-09-27/set_probe_ULDUM.csv#ULD_291::six_battlecries_reward_doubles_next_battlecry,聚合状态取该卡最差机制；普通烟测只证明可执行，不能单独构成 GREEN。 EN=[x]Quest: Play 6 Battlecry cards. Reward: Heart of Vir'naal.; ZH=任务：使用6张战吼牌。奖励：维尔纳尔之心。; source=fireplace/cards/uldum/shaman.py:74; existing_tests=none; prior=YELLOW:4 个机制缺少充分的核心效果验证；逐机制依据见 card_mechanism.csv。; prior_evidence=card_mechanism.csv#ULD_291; generic-play-smoke:played,ordinary_collectible,SPELL,yes,fireplace/cards/uldum/shaman.py:74,[x]Quest: Play 6 Battlecry cards. Reward: Heart of Vir'naal.
17.6.0.53261,Saviors of Uldum (ULDUM),ULD_292,Oasis Surger,绿洲涌动者,Choose One|Rush|Summon,RED,partial,yes,实测与卡牌文本不符：choose_one_buff_branch: stats=3/3;rush=1;zone=PLAY,card_mechanism.csv#ULD_292; generic-play-smoke:played; effect-evidence: reports/card_quality_full_2026-09-27/set_probe_ULDUM.csv#ULD_292::choose_one_buff_branch; reports/card_quality_full_2026-09-27/set_probe_ULDUM.csv#ULD_292::choose_one_copy_branch; per-card: reports/card_quality_full_2026-09-27/set_probe_ULDUM.csv#ULD_292::choose_one_buff_branch; reports/card_quality_full_2026-09-27/set_probe_ULDUM.csv#ULD_292::choose_one_copy_branch,聚合状态取该卡最差机制；普通烟测只证明可执行，不能单独构成 GREEN。 EN=Rush Choose One - Gain +2/+2; or Summon a copy of this minion.; ZH=突袭 抉择：获得+2/+2；或召唤一个该随从的 复制。; source=fireplace/cards/uldum/druid.py:40; existing_tests=none; prior=YELLOW:3 个机制缺少充分的核心效果验证；逐机制依据见 card_mechanism.csv。; prior_evidence=card_mechanism.csv#ULD_292; generic-play-smoke:played,ordinary_collectible,MINION,yes,fireplace/cards/uldum/druid.py:40,Rush Choose One - Gain +2/+2; or Summon a copy of this minion.
17.6.0.53261,Saviors of Uldum (ULDUM),ULD_326,Bazaar Burglary,劫掠集市,Quest|Spell resolution|Summon,RED,partial,yes,"实测与卡牌文本不符：four_other_class_cards_complete_quest_and_equip_blade: progress=0->0;gifts=[('BT_292', 5, 'HAND'), ('EX1_624', 6, 'HAND'), ('EX1_384', 5, 'HAND'), ('DRG_051', 2, 'HAND')];quest=SECRET;power=HERO_03bp;weapon=('CS2_082', 1, 2)",card_mechanism.csv#ULD_326; generic-play-smoke:played; effect-evidence: reports/card_quality_full_2026-09-27/set_probe_ULDUM.csv#ULD_326::four_other_class_cards_complete_quest_and_equip_blade; per-card: reports/card_quality_full_2026-09-27/set_probe_ULDUM.csv#ULD_326::four_other_class_cards_complete_quest_and_equip_blade,聚合状态取该卡最差机制；普通烟测只证明可执行，不能单独构成 GREEN。 EN=[x]Quest: Add 4 cards from other classes to your hand. Reward: Ancient Blades.; ZH=任务：将4张其他职业的卡牌置入你的手牌。 奖励：远古刀锋。; source=fireplace/cards/uldum/rogue.py:69; existing_tests=none; prior=YELLOW:3 个机制缺少充分的核心效果验证；逐机制依据见 card_mechanism.csv。; prior_evidence=card_mechanism.csv#ULD_326; generic-play-smoke:played,ordinary_collectible,SPELL,yes,fireplace/cards/uldum/rogue.py:69,[x]Quest: Add 4 cards from other classes to your hand. Reward: Ancient Blades.
17.6.0.53261,Saviors of Uldum (ULDUM),ULD_328,Clever Disguise,聪明的伪装,Random effects|Spell resolution,RED,partial,yes,"实测与卡牌文本不符：adds_two_random_spells_from_other_class: generated=[('BT_292', 5, 5, 'HAND')];hand=1->2;body=GRAVEYARD",card_mechanism.csv#ULD_328; generic-play-smoke:played; effect-evidence: reports/card_quality_full_2026-09-27/set_probe_ULDUM.csv#ULD_328::adds_two_random_spells_from_other_class; per-card: reports/card_quality_full_2026-09-27/set_probe_ULDUM.csv#ULD_328::adds_two_random_spells_from_other_class,聚合状态取该卡最差机制；普通烟测只证明可执行，不能单独构成 GREEN。 EN=Add 2 random spells from another class to your hand.; ZH=随机将另一职业的两张法术牌置入你的手牌。; source=fireplace/cards/uldum/rogue.py:90; existing_tests=none; prior=YELLOW:2 个机制缺少充分的核心效果验证；逐机制依据见 card_mechanism.csv。; prior_evidence=card_mechanism.csv#ULD_328; generic-play-smoke:played,ordinary_collectible,SPELL,yes,fireplace/cards/uldum/rogue.py:90,Add 2 random spells from another class to your hand.
17.6.0.53261,Saviors of Uldum (ULDUM),ULD_705,Mogu Cultist,魔古信徒,Battlecry|Summon,RED,partial,yes,"实测与卡牌文本不符：full_board_of_seven_cultists_sacrifices_and_summons_ra: cultists=['GRAVEYARD', 'GRAVEYARD', 'GRAVEYARD', 'GRAVEYARD', 'GRAVEYARD', 'GRAVEYARD', 'GRAVEYARD'];ra=[]",card_mechanism.csv#ULD_705; generic-play-smoke:played; effect-evidence: reports/card_quality_full_2026-09-27/set_probe_ULDUM.csv#ULD_705::full_board_of_seven_cultists_sacrifices_and_summons_ra; reports/card_quality_full_2026-09-27/set_probe_ULDUM.csv#ULD_705::six_cultists_do_not_trigger; per-card: reports/card_quality_full_2026-09-27/set_probe_ULDUM.csv#ULD_705::full_board_of_seven_cultists_sacrifices_and_summons_ra; reports/card_quality_full_2026-09-27/set_probe_ULDUM.csv#ULD_705::six_cultists_do_not_trigger,"聚合状态取该卡最差机制；普通烟测只证明可执行，不能单独构成 GREEN。 EN=Battlecry: If your board is full of Mogu Cultists, sacrifice them all and summon Highkeeper Ra.; ZH=战吼：如果你的场上满是魔古信徒，则将其全部献祭，并召唤“莱，至高守护者”。; source=fireplace/cards/uldum/neutral_epic.py:79; existing_tests=none; prior=YELLOW:2 个机制缺少充分的核心效果验证；逐机制依据见 card_mechanism.csv。; prior_evidence=card_mechanism.csv#ULD_705; generic-play-smoke:played",ordinary_collectible,MINION,yes,fireplace/cards/uldum/neutral_epic.py:79,"Battlecry: If your board is full of Mogu Cultists, sacrifice them all and summon Highkeeper Ra."
17.6.0.53261,Saviors of Uldum (ULDUM),ULD_706,Blatant Decoy,显眼的诱饵,Deathrattle|Summon,RED,partial,yes,实测与卡牌文本不符：death_summons_lowest_cost_not_lowest_attack_from_each_hand: own_lower_cost=EX1_116:5/6:HAND;own_lower_attack=EX1_414:8/4:PLAY;enemy_lower_cost=HAND;enemy_lower_attack=PLAY,card_mechanism.csv#ULD_706; generic-play-smoke:played; effect-evidence: reports/card_quality_full_2026-09-27/set_probe_ULDUM.csv#ULD_706::death_summons_lowest_cost_not_lowest_attack_from_each_hand; per-card: reports/card_quality_full_2026-09-27/set_probe_ULDUM.csv#ULD_706::death_summons_lowest_cost_not_lowest_attack_from_each_hand,聚合状态取该卡最差机制；普通烟测只证明可执行，不能单独构成 GREEN。 EN=[x]Deathrattle: Each player summons the lowest Cost minion from their hand.; ZH=亡语：每个玩家从手牌中召唤法力值消耗最低的随从。; source=fireplace/cards/uldum/neutral_epic.py:94; existing_tests=none; prior=YELLOW:2 个机制缺少充分的核心效果验证；逐机制依据见 card_mechanism.csv。; prior_evidence=card_mechanism.csv#ULD_706; generic-play-smoke:played,ordinary_collectible,MINION,yes,fireplace/cards/uldum/neutral_epic.py:94,[x]Deathrattle: Each player summons the lowest Cost minion from their hand.
17.6.0.53261,Saviors of Uldum (ULDUM),ULD_724,Activate the Obelisk,激活方尖碑,Quest|Spell resolution|Summon|Targeting,RED,partial,yes,"实测与卡牌文本不符：restore_fifteen_actual_health_unlocks_obelisk_eye: progress=[0, 0, 0];quest=SECRET;hero=30;power=HERO_09bp",card_mechanism.csv#ULD_724; generic-play-smoke:played; effect-evidence: reports/card_quality_full_2026-09-27/set_probe_ULDUM.csv#ULD_724::restore_fifteen_actual_health_unlocks_obelisk_eye; per-card: reports/card_quality_full_2026-09-27/set_probe_ULDUM.csv#ULD_724::restore_fifteen_actual_health_unlocks_obelisk_eye,聚合状态取该卡最差机制；普通烟测只证明可执行，不能单独构成 GREEN。 EN=Quest: Restore 15 Health. Reward: Obelisk's Eye.; ZH=任务：恢复15点生命值。奖励：方尖碑之眼。; source=fireplace/cards/uldum/priest.py:99; existing_tests=none; prior=YELLOW:4 个机制缺少充分的核心效果验证；逐机制依据见 card_mechanism.csv。; prior_evidence=card_mechanism.csv#ULD_724; generic-play-smoke:played,ordinary_collectible,SPELL,yes,fireplace/cards/uldum/priest.py:99,Quest: Restore 15 Health. Reward: Obelisk's Eye.
17.6.0.53261,Journey to Un'Goro (UNGORO),UNG_089,Gentle Megasaur,温顺的巨壳龙,Battlecry,RED,partial,yes,实战断言确认偏差：one_adapt_choice_applies_to_all_friendly_murlocs_only expected=One shared Adapt choice is applied to both friendly Murlocs; friendly non-Murlocs and enemy Murlocs are unaffected. actual=one shared Adapt choice UNG_999t7 should affect both friendly Murlocs; m1=[];m2=['UNG_999t7e'],card_mechanism.csv#UNG_089; generic-play-smoke:played; effect-evidence: reports/card_quality_full_2026-09-27/three_set_probe.csv#UNG_089::one_adapt_choice_applies_to_all_friendly_murlocs_only; per-card: reports/card_quality_full_2026-09-27/three_set_probe.csv#UNG_089::one_adapt_choice_applies_to_all_friendly_murlocs_only,聚合状态取该卡最差机制；普通烟测只证明可执行，不能单独构成 GREEN。 EN=Battlecry: Adapt your Murlocs.; ZH=战吼：进化你所有的鱼人。; source=fireplace/cards/ungoro/neutral_epic.py:26; existing_tests=none; prior=YELLOW:1 个机制缺少充分的核心效果验证；逐机制依据见 card_mechanism.csv。,ordinary_collectible,MINION,yes,fireplace/cards/ungoro/neutral_epic.py:26,Battlecry: Adapt your Murlocs.
17.6.0.53261,Journey to Un'Goro (UNGORO),UNG_103,Evolving Spores,生长孢子,Spell resolution,RED,partial,yes,实战断言确认偏差：one_adapt_choice_applies_to_all_friendly_minions_only expected=One shared Adapt choice is applied to every friendly minion; enemy minions are unaffected and the spell resolves. actual=one shared Adapt choice UNG_999t10 should affect both friendly minions; first=[];second=['UNG_999t10e'],card_mechanism.csv#UNG_103; generic-play-smoke:played; effect-evidence: reports/card_quality_full_2026-09-27/three_set_probe.csv#UNG_103::one_adapt_choice_applies_to_all_friendly_minions_only; per-card: reports/card_quality_full_2026-09-27/three_set_probe.csv#UNG_103::one_adapt_choice_applies_to_all_friendly_minions_only,聚合状态取该卡最差机制；普通烟测只证明可执行，不能单独构成 GREEN。 EN=Adapt your minions.; ZH=进化你所有的随从。; source=fireplace/cards/ungoro/druid.py:51; existing_tests=none; prior=YELLOW:1 个机制缺少充分的核心效果验证；逐机制依据见 card_mechanism.csv。,ordinary_collectible,SPELL,yes,fireplace/cards/ungoro/druid.py:51,Adapt your minions.
17.6.0.53261,Journey to Un'Goro (UNGORO),UNG_109,Elder Longneck,年迈的长颈龙,Battlecry,RED,partial,yes,"实战断言确认偏差：battlecry_does_not_adapt_without_five_attack_in_hand expected=With only a 1-Attack hand minion, Longneck should not offer Adapt. actual=no hand minion has 5 Attack (only CS2_231/1);unexpected_adapt_target=UNG_109",card_mechanism.csv#UNG_109; generic-play-smoke:played; effect-evidence: reports/card_quality_full_2026-09-27/three_set_probe.csv#UNG_109::battlecry_adapts_with_hand_minion_at_five_attack; reports/card_quality_full_2026-09-27/three_set_probe.csv#UNG_109::battlecry_does_not_adapt_without_five_attack_in_hand; per-card: reports/card_quality_full_2026-09-27/three_set_probe.csv#UNG_109::battlecry_adapts_with_hand_minion_at_five_attack; reports/card_quality_full_2026-09-27/three_set_probe.csv#UNG_109::battlecry_does_not_adapt_without_five_attack_in_hand,"聚合状态取该卡最差机制；普通烟测只证明可执行，不能单独构成 GREEN。 EN=Battlecry: If you're holding a minion with 5 or more Attack, Adapt.; ZH=战吼： 如果你的手牌中有攻击力大于或等于5的随从牌，便获得进化。; source=fireplace/cards/ungoro/druid.py:41; existing_tests=none; prior=YELLOW:1 个机制缺少充分的核心效果验证；逐机制依据见 card_mechanism.csv。",ordinary_collectible,MINION,yes,fireplace/cards/ungoro/druid.py:41,"Battlecry: If you're holding a minion with 5 or more Attack, Adapt."
17.6.0.53261,Journey to Un'Goro (UNGORO),UNG_807,Golakka Crawler,葛拉卡爬行蟹,Battlecry|Targeting,RED,partial,yes,"实战断言确认偏差：battlecry_destroys_pirate_and_gains_exactly_one_one expected=Destroy the chosen Pirate and grant Crawler exactly +1/+1. actual=card_text=+1/+1;printed=2/3;expected=(3, 4);actual=(4, 5, 5)",card_mechanism.csv#UNG_807; generic-play-smoke:played; effect-evidence: reports/card_quality_full_2026-09-27/three_set_probe.csv#UNG_807::battlecry_destroys_pirate_and_gains_exactly_one_one; per-card: reports/card_quality_full_2026-09-27/three_set_probe.csv#UNG_807::battlecry_destroys_pirate_and_gains_exactly_one_one,聚合状态取该卡最差机制；普通烟测只证明可执行，不能单独构成 GREEN。 EN=Battlecry: Destroy a Pirate and gain +1/+1.; ZH=战吼：消灭一个海盗，并获得+1/+1。; source=fireplace/cards/ungoro/neutral_rare.py:47; existing_tests=none; prior=YELLOW:2 个机制缺少充分的核心效果验证；逐机制依据见 card_mechanism.csv。,ordinary_collectible,MINION,yes,fireplace/cards/ungoro/neutral_rare.py:47,Battlecry: Destroy a Pirate and gain +1/+1.
17.6.0.53261,Journey to Un'Goro (UNGORO),UNG_829,Lakkari Sacrifice,拉卡利献祭,Draw / Discard|Quest|Spell resolution|Targeting,RED,partial,yes,"实战断言确认偏差：quest_progresses_on_six_discards_and_reward_creates_portal expected=Three real two-card discard Battlecries progress the quest by 2 each; completion adds Nether Portal, which is Dormant and summons two Imps at owner turn end. actual=actual discard batches=[[('CS2_231', 'REMOVEDFROMGAME', True), ('CS2_029', 'REMOVEDFROMGAME', True)], [('CS2_231', 'REMOVEDFROMGAME', True), ('CS2_029', 'REMOVEDFROMGAME', True)], [('CS2_231', 'REMOVEDFROMGAME', True), ('CS2_029', 'REMOVEDFROMGAME', True)]]; quest.progress after each 2-card batch=[0, 0, 0]; final=0; quest_zone=SECRET",card_mechanism.csv#UNG_829; generic-play-smoke:played; effect-evidence: reports/card_quality_full_2026-09-27/three_set_probe.csv#UNG_829::quest_progresses_on_six_discards_and_reward_creates_portal; per-card: reports/card_quality_full_2026-09-27/three_set_probe.csv#UNG_829::quest_progresses_on_six_discards_and_reward_creates_portal,聚合状态取该卡最差机制；普通烟测只证明可执行，不能单独构成 GREEN。 EN=[x]Quest: Discard 6 cards. Reward: Nether Portal.; ZH=任务：弃掉六张牌。 奖励：虚空传送门。; source=fireplace/cards/ungoro/warlock.py:58; existing_tests=none; prior=YELLOW:4 个机制缺少充分的核心效果验证；逐机制依据见 card_mechanism.csv。,ordinary_collectible,SPELL,yes,fireplace/cards/ungoro/warlock.py:58,[x]Quest: Discard 6 cards. Reward: Nether Portal.
17.6.0.53261,Journey to Un'Goro (UNGORO),UNG_830,Cruel Dinomancer,残暴的恐龙术士,Deathrattle|Random effects|Summon,RED,partial,yes,"实战断言确认偏差：deathrattle_summons_only_discarded_minion_from_current_game expected=After a Wisp is truly discarded this game, Cruel Dinomancer's death summons one 1/1 Wisp. actual=dinomancer=GRAVEYARD;summoned=[];discarded_original=REMOVEDFROMGAME/True;hand=[];field=[]",card_mechanism.csv#UNG_830; generic-play-smoke:played; effect-evidence: reports/card_quality_full_2026-09-27/three_set_probe.csv#UNG_830::deathrattle_summons_only_discarded_minion_from_current_game; per-card: reports/card_quality_full_2026-09-27/three_set_probe.csv#UNG_830::deathrattle_summons_only_discarded_minion_from_current_game,聚合状态取该卡最差机制；普通烟测只证明可执行，不能单独构成 GREEN。 EN=[x]Deathrattle: Summon a random minion you discarded this game.; ZH=亡语：随机召唤一个你在本局对战中弃掉的友方随从。; source=fireplace/cards/ungoro/warlock.py:25; existing_tests=none; prior=YELLOW:3 个机制缺少充分的核心效果验证；逐机制依据见 card_mechanism.csv。,ordinary_collectible,MINION,yes,fireplace/cards/ungoro/warlock.py:25,[x]Deathrattle: Summon a random minion you discarded this game.
17.6.0.53261,Journey to Un'Goro (UNGORO),UNG_848,Primordial Drake,始生幼龙,Battlecry|Taunt,RED,partial,yes,实测与卡牌文本不符：aoe_excludes_self预期[Primordial Drake deals 2 to every other minion while its own health stays full.]，实际[AssertionError: friendly=GRAVEYARD;enemy=3/5;drake=6/8;taunt=1],card_mechanism.csv#UNG_848; generic-play-smoke:played; effect-evidence: reports/card_quality_full_2026-09-27/three_set_probe.csv#UNG_848::aoe_excludes_self; per-card: reports/card_quality_full_2026-09-27/three_set_probe.csv#UNG_848::aoe_excludes_self,聚合状态取该卡最差机制；普通烟测只证明可执行，不能单独构成 GREEN。 EN=[x]Taunt Battlecry: Deal 2 damage to all other minions.; ZH=嘲讽，战吼： 对所有其他随从造成2点伤害。; source=fireplace/cards/ungoro/neutral_epic.py:69; existing_tests=无候选既有测试引用; previous_card_audit=2 个机制缺少充分的核心效果验证；逐机制依据见 card_mechanism.csv。; previous_mechanism_audit=存在定义或元数据候选；当前没有可复查的该机制核心效果断言。; prior_cross_card_issues=无; audit_scope=本轮实际运行断言。,ordinary_collectible,MINION,yes,fireplace/cards/ungoro/neutral_epic.py:69,[x]Taunt Battlecry: Deal 2 damage to all other minions.
17.6.0.53261,Journey to Un'Goro (UNGORO),UNG_856,Hallucination,幻觉,Discover / Choice|Random effects|Spell resolution,RED,partial,yes,"实测与卡牌文本不符：discover_pool_includes_all_card_types预期[The Discover pool must allow cards of any type from the opponent's class, not spells only.]，实际[AssertionError: seeds=417..436;observed_type_counts={'SPELL': 60};nonspell_seen=False;collectible_nonspell_comparisons={'WARLOCK': ('AT_019', 'Dreadsteed', 'MINION', True), 'ROGUE': ('AT_028', 'Shado-Pan Rider', 'MINION', True)};wrong_classes=[]]",card_mechanism.csv#UNG_856; generic-play-smoke:played; effect-evidence: reports/card_quality_full_2026-09-27/three_set_probe.csv#UNG_856::rogue_warlock_opponent_class; reports/card_quality_full_2026-09-27/three_set_probe.csv#UNG_856::mage_rogue_opponent_class; reports/card_quality_full_2026-09-27/three_set_probe.csv#UNG_856::discover_pool_includes_all_card_types; per-card: reports/card_quality_full_2026-09-27/three_set_probe.csv#UNG_856::rogue_warlock_opponent_class; reports/card_quality_full_2026-09-27/three_set_probe.csv#UNG_856::mage_rogue_opponent_class; reports/card_quality_full_2026-09-27/three_set_probe.csv#UNG_856::discover_pool_includes_all_card_types,聚合状态取该卡最差机制；普通烟测只证明可执行，不能单独构成 GREEN。 EN=Discover a card from your opponent's class.; ZH=发现一张你对手职业的卡牌。; source=fireplace/cards/ungoro/rogue.py:122; existing_tests=无候选既有测试引用; previous_card_audit=3 个机制缺少充分的核心效果验证；逐机制依据见 card_mechanism.csv。; previous_mechanism_audit=存在定义或元数据候选；当前没有可复查的该机制核心效果断言。; prior_cross_card_issues=无; audit_scope=本轮实际运行断言。 confirmed_RED_scope=英文卡文为'Discover a card from your opponent's class';源码fireplace/cards/ungoro/rogue.py:126-127使用RandomSpell(card_class=ENEMY_CLASS)（中立对手分支同样RandomSpell），将候选池硬限制为法术。20个live seeds共60个候选全为SPELL；当前数据库对手职业仍有可收藏非SPELL随从候选，详见探针candidate对照。,ordinary_collectible,SPELL,yes,fireplace/cards/ungoro/rogue.py:122,Discover a card from your opponent's class.
17.6.0.53261,Journey to Un'Goro (UNGORO),UNG_962,Lightfused Stegodon,光注剑龙,Battlecry,RED,partial,yes,"实测与卡牌文本不符：one_adapt_choice_applies_to_all_recruits预期[With two friendly Silver Hand Recruits, one Adapt choice must apply the same selected option to both.]，实际[AssertionError: lost=GRAVEYARD;recruits=[('CS2_101t', 12), ('CS2_101t', 13)];before=[(1, 1, 1), (1, 1, 1)];after=[(1, 1, 1), (1, 1, 1)];buff_ids=[[], ['UNG_999t7e']];shared_choice_applied=False;choice_count=1;choices=['UNG_999t7'];stegodon=PLAY;choice=None]",card_mechanism.csv#UNG_962; generic-play-smoke:played; effect-evidence: reports/card_quality_full_2026-09-27/three_set_probe.csv#UNG_962::one_adapt_choice_applies_to_all_recruits; reports/card_quality_full_2026-09-27/three_set_probe.csv#UNG_962::no_recruits_no_choice; per-card: reports/card_quality_full_2026-09-27/three_set_probe.csv#UNG_962::one_adapt_choice_applies_to_all_recruits; reports/card_quality_full_2026-09-27/three_set_probe.csv#UNG_962::no_recruits_no_choice,聚合状态取该卡最差机制；普通烟测只证明可执行，不能单独构成 GREEN。 EN=Battlecry: Adapt your Silver Hand Recruits.; ZH=战吼：进化你的白银之手新兵。; source=fireplace/cards/ungoro/paladin.py:38; existing_tests=无候选既有测试引用; previous_card_audit=1 个机制缺少充分的核心效果验证；逐机制依据见 card_mechanism.csv。; previous_mechanism_audit=存在定义或元数据候选；当前没有可复查的该机制核心效果断言。; prior_cross_card_issues=无; audit_scope=本轮实际运行断言。 shared_mechanism_issue=ADAPT-001：两只Silver Hand Recruit存在时只出现一次Adapt Choice，实测仅最后一只获得增益，另一只保持原状态；与UNG_089/UNG_103多目标Adapt问题同类。,ordinary_collectible,MINION,yes,fireplace/cards/ungoro/paladin.py:38,Battlecry: Adapt your Silver Hand Recruits.
17.6.0.53261,Year of the Dragon (YEAR_OF_THE_DRAGON),YOD_008,Arcane Amplifier,奥术增幅体,Hero Power modification,RED,partial,yes,1 个机制确认有错误或缺失；逐机制依据见 card_mechanism.csv。,card_mechanism.csv#YOD_008; generic-play-smoke:played; effect-evidence: reports/card_quality_full_2026-09-27/hero_power_reproductions.csv#YOD_008; fireplace/cards/CardDefs.xml#YOD_008,聚合状态取该卡最差机制；普通烟测只证明可执行，不能单独构成 GREEN。,ordinary_collectible,MINION,yes,,Your Hero Power deals 2 extra damage.
17.6.0.53261,Year of the Dragon (YEAR_OF_THE_DRAGON),YOD_014,Aeon Reaver,永恒掠夺者,Battlecry|Targeting,RED,partial,yes,"实测与卡牌文本不符：YOD_014::battlecry_damage_equals_target_attack expected=[Aeon Reaver damages the chosen minion by exactly that minion's Attack, not the Reaver's Attack.] actual=[target_attack=10;target_health=10->6;damage=4;reaver_attack=4;target=PLAY;reaver=PLAY]",card_mechanism.csv#YOD_014; generic-play-smoke:played; effect-evidence: reports/card_quality_full_2026-09-27/set_probe_YEAR_OF_THE_DRAGON.csv#YOD_014::YOD_014::battlecry_damage_equals_target_attack; per-card: reports/card_quality_full_2026-09-27/set_probe_YEAR_OF_THE_DRAGON.csv#YOD_014::YOD_014::battlecry_damage_equals_target_attack,聚合状态取该卡最差机制；普通烟测只证明可执行，不能单独构成 GREEN。 new_case=YOD_014::battlecry_damage_equals_target_attack; outcome=confirmed_error; EN=Battlecry: Deal damage to a minion equal to its Attack.; ZH=战吼：对一个随从造成等同于其攻击力的伤害。; source=fireplace/cards/dragons/adventure.py:138; existing_tests=none; previous=YELLOW:2 个机制缺少充分的核心效果验证；逐机制依据见 card_mechanism.csv。,ordinary_collectible,MINION,yes,fireplace/cards/dragons/adventure.py:138,Battlecry: Deal damage to a minion equal to its Attack.
17.6.0.53261,Year of the Dragon (YEAR_OF_THE_DRAGON),YOD_016,Skyvateer,空中私掠者,Deathrattle|Draw / Discard|Stealth,RED,partial,partial,1 个机制确认有错误或缺失；逐机制依据见 card_mechanism.csv。,card_mechanism.csv#YOD_016; generic-play-smoke:played; effect-evidence: reports/card_quality_full_2026-09-27/foundation_probes.csv#DEATH-03,聚合状态取该卡最差机制；普通烟测只证明可执行，不能单独构成 GREEN。,ordinary_collectible,MINION,yes,fireplace/cards/dragons/adventure.py:165,Stealth Deathrattle: Draw a card.
