version,set,card_id,name_en,name_zh,mechanic,status,implementation,tested,reason,evidence,notes,scope,card_type,collectible,python_source,card_text_en
17.6.0.53261,Ashes of Outland (BLACK_TEMPLE),BT_002,Incanter's Flow,咒术洪流,Cost modification|Spell resolution,YELLOW,implemented,partial,2 个机制缺少充分的核心效果验证；逐机制依据见 card_mechanism.csv。,card_mechanism.csv#BT_002; generic-play-smoke:played,聚合状态取该卡最差机制；普通烟测只证明可执行，不能单独构成 GREEN。,ordinary_collectible,SPELL,yes,fireplace/cards/outlands/mage.py:52,Reduce the Cost of spells in your deck by (1).
17.6.0.53261,Ashes of Outland (BLACK_TEMPLE),BT_003,Netherwind Portal,虚空之风传送门,Random effects|Secret|Spell resolution|Summon|Trigger,YELLOW,implemented,partial,5 个机制缺少充分的核心效果验证；逐机制依据见 card_mechanism.csv。,card_mechanism.csv#BT_003; generic-play-smoke:played,聚合状态取该卡最差机制；普通烟测只证明可执行，不能单独构成 GREEN。,ordinary_collectible,SPELL,yes,fireplace/cards/outlands/mage.py:64,"Secret: After your opponent casts a spell, summon a random 4-Cost minion."
17.6.0.53261,Ashes of Outland (BLACK_TEMPLE),BT_004,Imprisoned Observer,被禁锢的眼魔,Trigger,YELLOW,implemented,partial,1 个机制缺少充分的核心效果验证；逐机制依据见 card_mechanism.csv。,card_mechanism.csv#BT_004; generic-play-smoke:played,聚合状态取该卡最差机制；普通烟测只证明可执行，不能单独构成 GREEN。,ordinary_collectible,MINION,yes,fireplace/cards/outlands/mage.py:8,"Dormant for 2 turns. When this awakens, deal 2 damage to all enemy minions."
17.6.0.53261,Ashes of Outland (BLACK_TEMPLE),BT_006,Evocation,唤醒,Draw / Discard|Random effects|Spell resolution|Trigger,YELLOW,implemented,partial,4 个机制缺少充分的核心效果验证；逐机制依据见 card_mechanism.csv。,card_mechanism.csv#BT_006; generic-play-smoke:played,聚合状态取该卡最差机制；普通烟测只证明可执行，不能单独构成 GREEN。,ordinary_collectible,SPELL,yes,fireplace/cards/outlands/mage.py:74,"Fill your hand with random Mage spells. At the end of your turn, discard them."
17.6.0.53261,Ashes of Outland (BLACK_TEMPLE),BT_008,Rustsworn Initiate,锈誓新兵,Deathrattle|Spell Damage|Summon,YELLOW,implemented,partial,3 个机制缺少充分的核心效果验证；逐机制依据见 card_mechanism.csv。,card_mechanism.csv#BT_008; generic-play-smoke:played,聚合状态取该卡最差机制；普通烟测只证明可执行，不能单独构成 GREEN。,ordinary_collectible,MINION,yes,fireplace/cards/outlands/neutral_common.py:8,Deathrattle: Summon a 1/1 Impcaster with Spell Damage +1.
17.6.0.53261,Ashes of Outland (BLACK_TEMPLE),BT_009,Imprisoned Sungill,被禁锢的阳鳃鱼人,Summon|Trigger,YELLOW,implemented,partial,2 个机制缺少充分的核心效果验证；逐机制依据见 card_mechanism.csv。,card_mechanism.csv#BT_009; generic-play-smoke:played,聚合状态取该卡最差机制；普通烟测只证明可执行，不能单独构成 GREEN。,ordinary_collectible,MINION,yes,fireplace/cards/outlands/paladin.py:8,"Dormant for 2 turns. When this awakens, summon two 1/1 Murlocs."
17.6.0.53261,Ashes of Outland (BLACK_TEMPLE),BT_010,Felfin Navigator,邪鳍导航员,Battlecry,YELLOW,implemented,partial,1 个机制缺少充分的核心效果验证；逐机制依据见 card_mechanism.csv。,card_mechanism.csv#BT_010; generic-play-smoke:played,聚合状态取该卡最差机制；普通烟测只证明可执行，不能单独构成 GREEN。,ordinary_collectible,MINION,yes,fireplace/cards/outlands/neutral_common.py:15,Battlecry: Give your other Murlocs +1/+1.
17.6.0.53261,Ashes of Outland (BLACK_TEMPLE),BT_011,Libram of Justice,正义圣契,Spell resolution|Summon,YELLOW,implemented,partial,2 个机制缺少充分的核心效果验证；逐机制依据见 card_mechanism.csv。,card_mechanism.csv#BT_011; generic-play-smoke:played,聚合状态取该卡最差机制；普通烟测只证明可执行，不能单独构成 GREEN。,ordinary_collectible,SPELL,yes,fireplace/cards/outlands/paladin.py:70,Equip a 1/4 weapon. Change the Health of all enemy minions to 1.
17.6.0.53261,Ashes of Outland (BLACK_TEMPLE),BT_014,Starscryer,星占师,Deathrattle|Draw / Discard,YELLOW,implemented,partial,2 个机制缺少充分的核心效果验证；逐机制依据见 card_mechanism.csv。,card_mechanism.csv#BT_014; generic-play-smoke:played,聚合状态取该卡最差机制；普通烟测只证明可执行，不能单独构成 GREEN。,ordinary_collectible,MINION,yes,fireplace/cards/outlands/mage.py:18,Deathrattle: Draw a spell.
17.6.0.53261,Ashes of Outland (BLACK_TEMPLE),BT_018,Underlight Angling Rod,幽光鱼竿,Random effects|Trigger|Weapon,YELLOW,implemented,partial,3 个机制缺少充分的核心效果验证；逐机制依据见 card_mechanism.csv。,card_mechanism.csv#BT_018; generic-play-smoke:played,聚合状态取该卡最差机制；普通烟测只证明可执行，不能单独构成 GREEN。,ordinary_collectible,WEAPON,yes,fireplace/cards/outlands/paladin.py:122,"After your Hero attacks, add a random Murloc to your hand."
17.6.0.53261,Ashes of Outland (BLACK_TEMPLE),BT_019,Murgur Murgurgle,莫戈尔·莫戈尔格,Deathrattle|Divine Shield,YELLOW,implemented,partial,2 个机制缺少充分的核心效果验证；逐机制依据见 card_mechanism.csv。,card_mechanism.csv#BT_019; generic-play-smoke:played,聚合状态取该卡最差机制；普通烟测只证明可执行，不能单独构成 GREEN。,ordinary_collectible,MINION,yes,fireplace/cards/outlands/paladin.py:17,[x]Divine Shield Deathrattle: Shuffle 'Murgurgle Prime' into your deck.
17.6.0.53261,Ashes of Outland (BLACK_TEMPLE),BT_020,Aldor Attendant,奥尔多侍从,Battlecry|Cost modification,YELLOW,implemented,partial,2 个机制缺少充分的核心效果验证；逐机制依据见 card_mechanism.csv。,card_mechanism.csv#BT_020; generic-play-smoke:played,聚合状态取该卡最差机制；普通烟测只证明可执行，不能单独构成 GREEN。,ordinary_collectible,MINION,yes,fireplace/cards/outlands/paladin.py:33,Battlecry: Reduce the Cost of your Librams by (1) this game.
17.6.0.53261,Ashes of Outland (BLACK_TEMPLE),BT_021,Font of Power,能量之泉,Discover / Choice|Random effects|Spell resolution,YELLOW,implemented,partial,3 个机制缺少充分的核心效果验证；逐机制依据见 card_mechanism.csv。,card_mechanism.csv#BT_021; generic-play-smoke:played,聚合状态取该卡最差机制；普通烟测只证明可执行，不能单独构成 GREEN。,ordinary_collectible,SPELL,yes,fireplace/cards/outlands/mage.py:91,"Discover a Mage minion. If your deck has no minions, keep all 3."
17.6.0.53261,Ashes of Outland (BLACK_TEMPLE),BT_022,Apexis Smuggler,埃匹希斯走私犯,Discover / Choice|Random effects|Trigger,YELLOW,implemented,partial,3 个机制缺少充分的核心效果验证；逐机制依据见 card_mechanism.csv。,card_mechanism.csv#BT_022; generic-play-smoke:played,聚合状态取该卡最差机制；普通烟测只证明可执行，不能单独构成 GREEN。,ordinary_collectible,MINION,yes,fireplace/cards/outlands/mage.py:25,"After you play a Secret, Discover a spell."
17.6.0.53261,Ashes of Outland (BLACK_TEMPLE),BT_024,Libram of Hope,希望圣契,Spell resolution|Summon|Targeting,YELLOW,implemented,partial,3 个机制缺少充分的核心效果验证；逐机制依据见 card_mechanism.csv。,card_mechanism.csv#BT_024; generic-play-smoke:played,聚合状态取该卡最差机制；普通烟测只证明可执行，不能单独构成 GREEN。,ordinary_collectible,SPELL,yes,fireplace/cards/outlands/paladin.py:81,Restore 8 Health. Summon an 8/8 Guardian with Taunt and Divine Shield.
17.6.0.53261,Ashes of Outland (BLACK_TEMPLE),BT_025,Libram of Wisdom,智慧圣契,Spell resolution|Targeting,YELLOW,implemented,partial,2 个机制缺少充分的核心效果验证；逐机制依据见 card_mechanism.csv。,card_mechanism.csv#BT_025; generic-play-smoke:played,聚合状态取该卡最差机制；普通烟测只证明可执行，不能单独构成 GREEN。,ordinary_collectible,SPELL,yes,fireplace/cards/outlands/paladin.py:90,"[x]Give a minion +1/+1 and ""Deathrattle: Add a 'Libram of Wisdom' spell to your hand."""
17.6.0.53261,Ashes of Outland (BLACK_TEMPLE),BT_026,Aldor Truthseeker,奥尔多真理追寻者,Battlecry|Cost modification|Taunt,YELLOW,implemented,partial,3 个机制缺少充分的核心效果验证；逐机制依据见 card_mechanism.csv。,card_mechanism.csv#BT_026; generic-play-smoke:played,聚合状态取该卡最差机制；普通烟测只证明可执行，不能单独构成 GREEN。,ordinary_collectible,MINION,yes,fireplace/cards/outlands/paladin.py:44,Taunt. Battlecry: Reduce the Cost of your Librams by (2) this game.
17.6.0.53261,Ashes of Outland (BLACK_TEMPLE),BT_028,Astromancer Solarian,星术师索兰莉安,Deathrattle|Spell Damage,YELLOW,implemented,partial,2 个机制缺少充分的核心效果验证；逐机制依据见 card_mechanism.csv。,card_mechanism.csv#BT_028; generic-play-smoke:played,聚合状态取该卡最差机制；普通烟测只证明可执行，不能单独构成 GREEN。,ordinary_collectible,MINION,yes,fireplace/cards/outlands/mage.py:32,[x]Spell Damage +1 Deathrattle: Shuffle 'Solarian Prime' into your deck.
17.6.0.53261,Ashes of Outland (BLACK_TEMPLE),BT_042,Bamboozle,偷天换日,Cost modification|Random effects|Secret|Spell resolution|Transform|Trigger,YELLOW,implemented,partial,6 个机制缺少充分的核心效果验证；逐机制依据见 card_mechanism.csv。,card_mechanism.csv#BT_042; generic-play-smoke:played,聚合状态取该卡最差机制；普通烟测只证明可执行，不能单独构成 GREEN。,ordinary_collectible,SPELL,yes,fireplace/cards/outlands/rogue.py:87,"[x]Secret: When one of your minions is attacked, transform it into a random one that costs (3) more."
17.6.0.53261,Ashes of Outland (BLACK_TEMPLE),BT_072,Deep Freeze,深度冻结,Spell resolution|Summon|Targeting,YELLOW,implemented,partial,3 个机制缺少充分的核心效果验证；逐机制依据见 card_mechanism.csv。,card_mechanism.csv#BT_072; generic-play-smoke:played,聚合状态取该卡最差机制；普通烟测只证明可执行，不能单独构成 GREEN。,ordinary_collectible,SPELL,yes,fireplace/cards/outlands/mage.py:101,Freeze an enemy. Summon two 3/6 Water Elementals.
17.6.0.53261,Ashes of Outland (BLACK_TEMPLE),BT_100,Serpentshrine Portal,毒蛇神殿传送门,Overload|Random effects|Spell resolution|Summon|Targeting,YELLOW,implemented,partial,4 个机制缺少充分的核心效果验证；逐机制依据见 card_mechanism.csv。,card_mechanism.csv#BT_100; generic-play-smoke:played; effect-evidence: reports/card_quality_full_2026-09-27/overload_reproductions.csv#BT_100,聚合状态取该卡最差机制；普通烟测只证明可执行，不能单独构成 GREEN。,ordinary_collectible,SPELL,yes,fireplace/cards/outlands/shaman.py:78,Deal $3 damage. Summon a random 3-Cost minion. Overload: (1)
17.6.0.53261,Ashes of Outland (BLACK_TEMPLE),BT_101,Vivid Spores,鲜活孢子,Spell resolution,YELLOW,implemented,partial,1 个机制缺少充分的核心效果验证；逐机制依据见 card_mechanism.csv。,card_mechanism.csv#BT_101; generic-play-smoke:played,聚合状态取该卡最差机制；普通烟测只证明可执行，不能单独构成 GREEN。,ordinary_collectible,SPELL,yes,fireplace/cards/outlands/shaman.py:86,"Give your minions ""Deathrattle: Resummon this minion."""
17.6.0.53261,Ashes of Outland (BLACK_TEMPLE),BT_102,Boggspine Knuckles,沼泽拳刺,Cost modification|Random effects|Transform|Trigger|Weapon,YELLOW,implemented,partial,5 个机制缺少充分的核心效果验证；逐机制依据见 card_mechanism.csv。,card_mechanism.csv#BT_102; generic-play-smoke:played,聚合状态取该卡最差机制；普通烟测只证明可执行，不能单独构成 GREEN。,ordinary_collectible,WEAPON,yes,fireplace/cards/outlands/shaman.py:132,"After your hero attacks, transform your minions into random ones that cost (1) more."
17.6.0.53261,Ashes of Outland (BLACK_TEMPLE),BT_106,Bogstrok Clacker,泥沼巨钳龙虾人,Battlecry|Cost modification|Random effects|Transform,YELLOW,implemented,partial,4 个机制缺少充分的核心效果验证；逐机制依据见 card_mechanism.csv。,card_mechanism.csv#BT_106; generic-play-smoke:played,聚合状态取该卡最差机制；普通烟测只证明可执行，不能单独构成 GREEN。,ordinary_collectible,MINION,yes,fireplace/cards/outlands/shaman.py:8,Battlecry: Transform adjacent minions into random minions that cost (1) more.
17.6.0.53261,Ashes of Outland (BLACK_TEMPLE),BT_109,Lady Vashj,瓦丝琪女士,Deathrattle|Spell Damage,YELLOW,implemented,partial,2 个机制缺少充分的核心效果验证；逐机制依据见 card_mechanism.csv。,card_mechanism.csv#BT_109; generic-play-smoke:played,聚合状态取该卡最差机制；普通烟测只证明可执行，不能单独构成 GREEN。,ordinary_collectible,MINION,yes,fireplace/cards/outlands/shaman.py:16,[x]Spell Damage +1 Deathrattle: Shuffle 'Vashj Prime' into your deck.
17.6.0.53261,Ashes of Outland (BLACK_TEMPLE),BT_110,Torrent,洪流,Cost modification|Spell resolution|Targeting,YELLOW,implemented,partial,3 个机制缺少充分的核心效果验证；逐机制依据见 card_mechanism.csv。,card_mechanism.csv#BT_110; generic-play-smoke:played,聚合状态取该卡最差机制；普通烟测只证明可执行，不能单独构成 GREEN。,ordinary_collectible,SPELL,yes,fireplace/cards/outlands/shaman.py:98,[x]Deal $8 damage to a minion. Costs (3) less if you cast a spell last turn.
17.6.0.53261,Ashes of Outland (BLACK_TEMPLE),BT_113,Totemic Reflection,图腾映像,Spell resolution|Summon|Targeting,YELLOW,implemented,partial,3 个机制缺少充分的核心效果验证；逐机制依据见 card_mechanism.csv。,card_mechanism.csv#BT_113; generic-play-smoke:played,聚合状态取该卡最差机制；普通烟测只证明可执行，不能单独构成 GREEN。,ordinary_collectible,SPELL,yes,fireplace/cards/outlands/shaman.py:111,"Give a minion +2/+2. If it's a Totem, summon a copy of it."
17.6.0.53261,Ashes of Outland (BLACK_TEMPLE),BT_114,Shattered Rumbler,破碎奔行者,Battlecry,YELLOW,implemented,partial,1 个机制缺少充分的核心效果验证；逐机制依据见 card_mechanism.csv。,card_mechanism.csv#BT_114; generic-play-smoke:played,聚合状态取该卡最差机制；普通烟测只证明可执行，不能单独构成 GREEN。,ordinary_collectible,MINION,yes,fireplace/cards/outlands/shaman.py:37,"Battlecry: If you cast a spell last turn, deal 2 damage to all other minions."
17.6.0.53261,Ashes of Outland (BLACK_TEMPLE),BT_115,Marshspawn,沼泽之子,Battlecry|Discover / Choice|Random effects,YELLOW,implemented,partial,3 个机制缺少充分的核心效果验证；逐机制依据见 card_mechanism.csv。,card_mechanism.csv#BT_115; generic-play-smoke:played,聚合状态取该卡最差机制；普通烟测只证明可执行，不能单独构成 GREEN。,ordinary_collectible,MINION,yes,fireplace/cards/outlands/shaman.py:46,"Battlecry: If you cast a spell last turn, Discover a spell."
17.6.0.53261,Ashes of Outland (BLACK_TEMPLE),BT_117,Bladestorm,剑刃风暴,Spell resolution,YELLOW,implemented,partial,1 个机制缺少充分的核心效果验证；逐机制依据见 card_mechanism.csv。,card_mechanism.csv#BT_117; generic-play-smoke:played,聚合状态取该卡最差机制；普通烟测只证明可执行，不能单独构成 GREEN。,ordinary_collectible,SPELL,yes,fireplace/cards/outlands/warrior.py:84,Deal $1 damage to all minions. Repeat until one dies.
17.6.0.53261,Ashes of Outland (BLACK_TEMPLE),BT_120,Warmaul Challenger,战槌挑战者,Battlecry|Targeting,YELLOW,implemented,partial,2 个机制缺少充分的核心效果验证；逐机制依据见 card_mechanism.csv。,card_mechanism.csv#BT_120; generic-play-smoke:played,聚合状态取该卡最差机制；普通烟测只证明可执行，不能单独构成 GREEN。,ordinary_collectible,MINION,yes,fireplace/cards/outlands/warrior.py:8,Battlecry: Choose an enemy minion. Battle it to the death!
17.6.0.53261,Ashes of Outland (BLACK_TEMPLE),BT_121,Imprisoned Gan'arg,被禁锢的甘尔葛,Summon|Trigger,YELLOW,implemented,partial,2 个机制缺少充分的核心效果验证；逐机制依据见 card_mechanism.csv。,card_mechanism.csv#BT_121; generic-play-smoke:played,聚合状态取该卡最差机制；普通烟测只证明可执行，不能单独构成 GREEN。,ordinary_collectible,MINION,yes,fireplace/cards/outlands/warrior.py:27,"Dormant for 2 turns. When this awakens, equip a 3/2 Axe."
17.6.0.53261,Ashes of Outland (BLACK_TEMPLE),BT_123,Kargath Bladefist,卡加斯·刃拳,Deathrattle|Rush,YELLOW,implemented,partial,2 个机制缺少充分的核心效果验证；逐机制依据见 card_mechanism.csv。,card_mechanism.csv#BT_123; generic-play-smoke:played,聚合状态取该卡最差机制；普通烟测只证明可执行，不能单独构成 GREEN。,ordinary_collectible,MINION,yes,fireplace/cards/outlands/warrior.py:36,[x]Rush Deathrattle: Shuffle 'Kargath Prime' into your deck.
17.6.0.53261,Ashes of Outland (BLACK_TEMPLE),BT_124,Corsair Cache,海盗藏品,Draw / Discard|Spell resolution|Targeting,YELLOW,implemented,partial,3 个机制缺少充分的核心效果验证；逐机制依据见 card_mechanism.csv。,card_mechanism.csv#BT_124; generic-play-smoke:played,聚合状态取该卡最差机制；普通烟测只证明可执行，不能单独构成 GREEN。,ordinary_collectible,SPELL,yes,fireplace/cards/outlands/warrior.py:97,Draw a weapon. Give it +1 Durability.
17.6.0.53261,Ashes of Outland (BLACK_TEMPLE),BT_126,Teron Gorefiend,塔隆·血魔,Battlecry|Deathrattle|Targeting,YELLOW,implemented,partial,2 个机制缺少充分的核心效果验证；逐机制依据见 card_mechanism.csv。,"card_mechanism.csv#BT_126; generic-play-smoke:played; effect-evidence: fireplace/cards/CardDefs.xml#BT_126; fireplace/cards/outlands/neutral_legendary.py:8; tests/test_carddb.py:49:test_deathrattle_scripts; smoke:death_processed_no_active_actions:pass_no_active_actions; delta={""friendly_field"":{""before"":[""BT_126""],""after"":[]},""friendly_graveyard"":{""before"":[],""after"":[""BT_126""]}}; prereq:pass;assertions={""battlecry_destroyed_victim"":true,""battlecry_attached_deathrattle"":true,""teron_processed_death"":true,""victim_resummoned_buffed"":true};observations={""victim_zone_after_battlecry"":""Zone.GRAVEYARD"",""teron_zone_before_death"":""Zone.PLAY"",""teron_buffs"":[""BT_126e""],""deathrattle_action_count"":1,""teron_zone_after_death"":""Zone.GRAVEYARD"",""revived"":[{""id"":""CS2_231"",""atk"":2,""m",聚合状态取该卡最差机制；普通烟测只证明可执行，不能单独构成 GREEN。,ordinary_collectible,MINION,yes,fireplace/cards/outlands/neutral_legendary.py:8,[x]Battlecry: Destroy all other friendly minions. Deathrattle: Resummon them with +1/+1.
17.6.0.53261,Ashes of Outland (BLACK_TEMPLE),BT_127,Imprisoned Satyr,被禁锢的萨特,Cost modification|Random effects|Trigger,YELLOW,implemented,partial,3 个机制缺少充分的核心效果验证；逐机制依据见 card_mechanism.csv。,card_mechanism.csv#BT_127; generic-play-smoke:played,聚合状态取该卡最差机制；普通烟测只证明可执行，不能单独构成 GREEN。,ordinary_collectible,MINION,yes,fireplace/cards/outlands/druid.py:8,"[x]Dormant for 2 turns. When this awakens, reduce the Cost of a random minion in your hand by (5)."
17.6.0.53261,Ashes of Outland (BLACK_TEMPLE),BT_128,Fungal Fortunes,真菌宝藏,Draw / Discard|Spell resolution,YELLOW,implemented,partial,2 个机制缺少充分的核心效果验证；逐机制依据见 card_mechanism.csv。,card_mechanism.csv#BT_128; generic-play-smoke:played,聚合状态取该卡最差机制；普通烟测只证明可执行，不能单独构成 GREEN。,ordinary_collectible,SPELL,yes,fireplace/cards/outlands/druid.py:67,Draw 3 cards. Discard any minions drawn.
17.6.0.53261,Ashes of Outland (BLACK_TEMPLE),BT_129,Germination,萌芽分裂,Spell resolution|Summon|Targeting,YELLOW,implemented,partial,3 个机制缺少充分的核心效果验证；逐机制依据见 card_mechanism.csv。,card_mechanism.csv#BT_129; generic-play-smoke:played,聚合状态取该卡最差机制；普通烟测只证明可执行，不能单独构成 GREEN。,ordinary_collectible,SPELL,yes,fireplace/cards/outlands/druid.py:74,Summon a copy of a friendly minion. Give the copy Taunt.
17.6.0.53261,Ashes of Outland (BLACK_TEMPLE),BT_130,Overgrowth,过度生长,Spell resolution,YELLOW,implemented,partial,1 个机制缺少充分的核心效果验证；逐机制依据见 card_mechanism.csv。,card_mechanism.csv#BT_130; generic-play-smoke:played,聚合状态取该卡最差机制；普通烟测只证明可执行，不能单独构成 GREEN。,ordinary_collectible,SPELL,yes,fireplace/cards/outlands/druid.py:86,Gain two empty Mana Crystals.
17.6.0.53261,Ashes of Outland (BLACK_TEMPLE),BT_131,Ysiel Windsinger,伊谢尔·风歌,Aura|Continuous effect / Update|Cost modification,YELLOW,implemented,partial,3 个机制缺少充分的核心效果验证；逐机制依据见 card_mechanism.csv。,card_mechanism.csv#BT_131; generic-play-smoke:played,聚合状态取该卡最差机制；普通烟测只证明可执行，不能单独构成 GREEN。,ordinary_collectible,MINION,yes,fireplace/cards/outlands/druid.py:23,Your spells cost (1).
17.6.0.53261,Ashes of Outland (BLACK_TEMPLE),BT_132,Ironbark,铁木树皮,Continuous effect / Update|Cost modification|Spell resolution|Targeting|Trigger,YELLOW,implemented,partial,5 个机制缺少充分的核心效果验证；逐机制依据见 card_mechanism.csv。,card_mechanism.csv#BT_132; generic-play-smoke:played,聚合状态取该卡最差机制；普通烟测只证明可执行，不能单独构成 GREEN。,ordinary_collectible,SPELL,yes,fireplace/cards/outlands/druid.py:95,Give a minion +1/+3 and Taunt. Costs (0) if you have at least 7 Mana Crystals.
17.6.0.53261,Ashes of Outland (BLACK_TEMPLE),BT_133,Marsh Hydra,沼泽多头蛇,Random effects|Rush|Trigger,YELLOW,implemented,partial,3 个机制缺少充分的核心效果验证；逐机制依据见 card_mechanism.csv。,card_mechanism.csv#BT_133; generic-play-smoke:played,聚合状态取该卡最差机制；普通烟测只证明可执行，不能单独构成 GREEN。,ordinary_collectible,MINION,yes,fireplace/cards/outlands/druid.py:30,"[x]Rush After this attacks, add a random 8-Cost minion to your hand."
17.6.0.53261,Ashes of Outland (BLACK_TEMPLE),BT_134,Bogbeam,沼泽射线,Continuous effect / Update|Cost modification|Spell resolution|Targeting|Trigger,YELLOW,implemented,partial,5 个机制缺少充分的核心效果验证；逐机制依据见 card_mechanism.csv。,card_mechanism.csv#BT_134; generic-play-smoke:played,聚合状态取该卡最差机制；普通烟测只证明可执行，不能单独构成 GREEN。,ordinary_collectible,SPELL,yes,fireplace/cards/outlands/druid.py:113,Deal $3 damage to a minion. Costs (0) if you have at least 7 Mana Crystals.
17.6.0.53261,Ashes of Outland (BLACK_TEMPLE),BT_135,Glowfly Swarm,萤火成群,Spell resolution|Summon,YELLOW,implemented,partial,2 个机制缺少充分的核心效果验证；逐机制依据见 card_mechanism.csv。,card_mechanism.csv#BT_135; generic-play-smoke:played,聚合状态取该卡最差机制；普通烟测只证明可执行，不能单独构成 GREEN。,ordinary_collectible,SPELL,yes,fireplace/cards/outlands/druid.py:128,Summon a 2/2 Glowfly for each spell in your hand.
17.6.0.53261,Ashes of Outland (BLACK_TEMPLE),BT_136,Archspore Msshi'fn,孢子首领姆希菲,Deathrattle|Taunt,YELLOW,implemented,partial,2 个机制缺少充分的核心效果验证；逐机制依据见 card_mechanism.csv。,card_mechanism.csv#BT_136; generic-play-smoke:played,聚合状态取该卡最差机制；普通烟测只证明可执行，不能单独构成 GREEN。,ordinary_collectible,MINION,yes,fireplace/cards/outlands/druid.py:38,[x]Taunt Deathrattle: Shuffle 'Msshi'fn Prime' into your deck.
17.6.0.53261,Ashes of Outland (BLACK_TEMPLE),BT_138,Bloodboil Brute,沸血蛮兵,Cost modification|Rush,YELLOW,implemented,partial,2 个机制缺少充分的核心效果验证；逐机制依据见 card_mechanism.csv。,card_mechanism.csv#BT_138; generic-play-smoke:played,聚合状态取该卡最差机制；普通烟测只证明可执行，不能单独构成 GREEN。,ordinary_collectible,MINION,yes,fireplace/cards/outlands/warrior.py:53,Rush Costs (1) less for each damaged minion.
17.6.0.53261,Ashes of Outland (BLACK_TEMPLE),BT_140,Bonechewer Raider,噬骨骑兵,Battlecry,YELLOW,implemented,partial,1 个机制缺少充分的核心效果验证；逐机制依据见 card_mechanism.csv。,card_mechanism.csv#BT_140; generic-play-smoke:played,聚合状态取该卡最差机制；普通烟测只证明可执行，不能单独构成 GREEN。,ordinary_collectible,MINION,yes,fireplace/cards/outlands/warrior.py:60,"Battlecry: If there is a damaged minion, gain +1/+1 and Rush."
17.6.0.53261,Ashes of Outland (BLACK_TEMPLE),BT_155,Scrapyard Colossus,废料场巨像,Deathrattle|Summon|Taunt,YELLOW,implemented,partial,3 个机制缺少充分的核心效果验证；逐机制依据见 card_mechanism.csv。,card_mechanism.csv#BT_155; generic-play-smoke:played,聚合状态取该卡最差机制；普通烟测只证明可执行，不能单独构成 GREEN。,ordinary_collectible,MINION,yes,fireplace/cards/outlands/neutral_rare.py:8,[x]Taunt Deathrattle: Summon a  7/7 Felcracked Colossus with Taunt.
17.6.0.53261,Ashes of Outland (BLACK_TEMPLE),BT_156,Imprisoned Vilefiend,被禁锢的邪犬,Rush,YELLOW,implemented,partial,1 个机制缺少充分的核心效果验证；逐机制依据见 card_mechanism.csv。,card_mechanism.csv#BT_156; generic-play-smoke:played,聚合状态取该卡最差机制；普通烟测只证明可执行，不能单独构成 GREEN。,ordinary_collectible,MINION,yes,fireplace/cards/outlands/neutral_common.py:25,Dormant for 2 turns. Rush
17.6.0.53261,Ashes of Outland (BLACK_TEMPLE),BT_159,Terrorguard Escapee,逃脱的恐惧卫士,Battlecry|Summon,YELLOW,implemented,partial,2 个机制缺少充分的核心效果验证；逐机制依据见 card_mechanism.csv。,card_mechanism.csv#BT_159; generic-play-smoke:played,聚合状态取该卡最差机制；普通烟测只证明可执行，不能单独构成 GREEN。,ordinary_collectible,MINION,yes,fireplace/cards/outlands/neutral_common.py:33,Battlecry: Summon three 1/1 Huntresses for your opponent.
17.6.0.53261,Ashes of Outland (BLACK_TEMPLE),BT_160,Rustsworn Cultist,锈誓信徒,Battlecry|Summon,YELLOW,implemented,partial,2 个机制缺少充分的核心效果验证；逐机制依据见 card_mechanism.csv。,card_mechanism.csv#BT_160; generic-play-smoke:played,聚合状态取该卡最差机制；普通烟测只证明可执行，不能单独构成 GREEN。,ordinary_collectible,MINION,yes,fireplace/cards/outlands/neutral_common.py:40,"[x]Battlecry: Give your other minions ""Deathrattle: Summon a 1/1 Demon."""
17.6.0.53261,Ashes of Outland (BLACK_TEMPLE),BT_163,Nagrand Slam,纳格兰大冲撞,Random effects|Spell resolution|Summon,YELLOW,implemented,partial,3 个机制缺少充分的核心效果验证；逐机制依据见 card_mechanism.csv。,card_mechanism.csv#BT_163; generic-play-smoke:played,聚合状态取该卡最差机制；普通烟测只证明可执行，不能单独构成 GREEN。,ordinary_collectible,SPELL,yes,fireplace/cards/outlands/hunter.py:74,Summon four 3/5 Clefthoofs that attack random enemies.
17.6.0.53261,Ashes of Outland (BLACK_TEMPLE),BT_187,Kayn Sunfury,凯恩·日怒,Aura|Charge|Continuous effect / Update,YELLOW,implemented,partial,3 个机制缺少充分的核心效果验证；逐机制依据见 card_mechanism.csv。,card_mechanism.csv#BT_187; generic-play-smoke:played,聚合状态取该卡最差机制；普通烟测只证明可执行，不能单独构成 GREEN。,ordinary_collectible,MINION,yes,fireplace/cards/outlands/demonhunter.py:8,Charge All friendly attacks ignore Taunt.
17.6.0.53261,Ashes of Outland (BLACK_TEMPLE),BT_188,Shadowjeweler Hanar,暗影珠宝师汉纳尔,Discover / Choice|Random effects|Trigger,YELLOW,implemented,partial,3 个机制缺少充分的核心效果验证；逐机制依据见 card_mechanism.csv。,card_mechanism.csv#BT_188; generic-play-smoke:played,聚合状态取该卡最差机制；普通烟测只证明可执行，不能单独构成 GREEN。,ordinary_collectible,MINION,yes,fireplace/cards/outlands/rogue.py:8,"[x]After you play a Secret, Discover a Secret from a different class."
17.6.0.53261,Ashes of Outland (BLACK_TEMPLE),BT_190,Replicat-o-tron,复制机器人,Transform|Trigger,YELLOW,implemented,partial,2 个机制缺少充分的核心效果验证；逐机制依据见 card_mechanism.csv。,card_mechanism.csv#BT_190; generic-play-smoke:played,聚合状态取该卡最差机制；普通烟测只证明可执行，不能单独构成 GREEN。,ordinary_collectible,MINION,yes,fireplace/cards/outlands/neutral_epic.py:8,"At the end of your turn, transform a neighbor into a copy of this."
17.6.0.53261,Ashes of Outland (BLACK_TEMPLE),BT_196,Keli'dan the Breaker,击碎者克里丹,Battlecry|Targeting,YELLOW,implemented,partial,2 个机制缺少充分的核心效果验证；逐机制依据见 card_mechanism.csv。,card_mechanism.csv#BT_196; generic-play-smoke:played,聚合状态取该卡最差机制；普通烟测只证明可执行，不能单独构成 GREEN。,ordinary_collectible,MINION,yes,fireplace/cards/outlands/warlock.py:8,"[x]Battlecry: Destroy a minion. If drawn this turn, instead destroy all minions except this one."
17.6.0.53261,Ashes of Outland (BLACK_TEMPLE),BT_197,Reliquary of Souls,灵魂之匣,Deathrattle|Lifesteal,YELLOW,implemented,partial,2 个机制缺少充分的核心效果验证；逐机制依据见 card_mechanism.csv。,card_mechanism.csv#BT_197; generic-play-smoke:played,聚合状态取该卡最差机制；普通烟测只证明可执行，不能单独构成 GREEN。,ordinary_collectible,MINION,yes,fireplace/cards/outlands/priest.py:8,[x]Lifesteal Deathrattle: Shuffle 'Reliquary Prime' into your deck.
17.6.0.53261,Ashes of Outland (BLACK_TEMPLE),BT_198,Soul Mirror,灵魂之镜,Spell resolution|Summon,YELLOW,implemented,partial,2 个机制缺少充分的核心效果验证；逐机制依据见 card_mechanism.csv。,card_mechanism.csv#BT_198; generic-play-smoke:played,聚合状态取该卡最差机制；普通烟测只证明可执行，不能单独构成 GREEN。,ordinary_collectible,SPELL,yes,fireplace/cards/outlands/priest.py:80,Summon copies of enemy minions. They attack their copies.
17.6.0.53261,Ashes of Outland (BLACK_TEMPLE),BT_199,Unstable Felbolt,不稳定的邪能箭,Random effects|Spell resolution|Targeting,YELLOW,implemented,partial,3 个机制缺少充分的核心效果验证；逐机制依据见 card_mechanism.csv。,card_mechanism.csv#BT_199; generic-play-smoke:played,聚合状态取该卡最差机制；普通烟测只证明可执行，不能单独构成 GREEN。,ordinary_collectible,SPELL,yes,fireplace/cards/outlands/warlock.py:76,Deal $3 damage to an enemy minion and a random friendly one.
17.6.0.53261,Ashes of Outland (BLACK_TEMPLE),BT_201,Augmented Porcupine,强能箭猪,Deathrattle|Random effects,YELLOW,implemented,partial,2 个机制缺少充分的核心效果验证；逐机制依据见 card_mechanism.csv。,card_mechanism.csv#BT_201; generic-play-smoke:played,聚合状态取该卡最差机制；普通烟测只证明可执行，不能单独构成 GREEN。,ordinary_collectible,MINION,yes,fireplace/cards/outlands/hunter.py:8,[x]Deathrattle: Deal this minion's Attack damage randomly split among all enemies.
17.6.0.53261,Ashes of Outland (BLACK_TEMPLE),BT_202,Helboar,地狱野猪,Deathrattle|Random effects,YELLOW,implemented,partial,2 个机制缺少充分的核心效果验证；逐机制依据见 card_mechanism.csv。,card_mechanism.csv#BT_202; generic-play-smoke:played,聚合状态取该卡最差机制；普通烟测只证明可执行，不能单独构成 GREEN。,ordinary_collectible,MINION,yes,fireplace/cards/outlands/hunter.py:16,Deathrattle: Give a random Beast in your hand +1/+1.
17.6.0.53261,Ashes of Outland (BLACK_TEMPLE),BT_203,Pack Tactics,集群战术,Secret|Spell resolution|Summon|Trigger,YELLOW,implemented,partial,4 个机制缺少充分的核心效果验证；逐机制依据见 card_mechanism.csv。,card_mechanism.csv#BT_203; generic-play-smoke:played,聚合状态取该卡最差机制；普通烟测只证明可执行，不能单独构成 GREEN。,ordinary_collectible,SPELL,yes,fireplace/cards/outlands/hunter.py:84,"Secret: When a friendly minion is attacked, summon a 3/3 copy."
17.6.0.53261,Ashes of Outland (BLACK_TEMPLE),BT_205,Scrap Shot,废铁射击,Random effects|Spell resolution|Targeting,YELLOW,implemented,partial,3 个机制缺少充分的核心效果验证；逐机制依据见 card_mechanism.csv。,card_mechanism.csv#BT_205; generic-play-smoke:played,聚合状态取该卡最差机制；普通烟测只证明可执行，不能单独构成 GREEN。,ordinary_collectible,SPELL,yes,fireplace/cards/outlands/hunter.py:104,Deal $3 damage. Give a random Beast in your hand +3/+3.
17.6.0.53261,Ashes of Outland (BLACK_TEMPLE),BT_210,"Zixor, Apex Predator",顶级捕食者兹克索尔,Deathrattle|Rush,YELLOW,implemented,partial,2 个机制缺少充分的核心效果验证；逐机制依据见 card_mechanism.csv。,card_mechanism.csv#BT_210; generic-play-smoke:played,聚合状态取该卡最差机制；普通烟测只证明可执行，不能单独构成 GREEN。,ordinary_collectible,MINION,yes,fireplace/cards/outlands/hunter.py:26,[x]Rush Deathrattle: Shuffle 'Zixor Prime' into your deck.
17.6.0.53261,Ashes of Outland (BLACK_TEMPLE),BT_211,Imprisoned Felmaw,被禁锢的魔喉,Random effects|Trigger,YELLOW,implemented,partial,2 个机制缺少充分的核心效果验证；逐机制依据见 card_mechanism.csv。,card_mechanism.csv#BT_211; generic-play-smoke:played,聚合状态取该卡最差机制；普通烟测只证明可执行，不能单独构成 GREEN。,ordinary_collectible,MINION,yes,fireplace/cards/outlands/hunter.py:40,"[x]Dormant for 2 turns. When this awakens,   attack a random enemy."
17.6.0.53261,Ashes of Outland (BLACK_TEMPLE),BT_212,Mok'Nathal Lion,莫克纳萨将狮,Battlecry|Rush|Targeting,YELLOW,implemented,partial,3 个机制缺少充分的核心效果验证；逐机制依据见 card_mechanism.csv。,card_mechanism.csv#BT_212; generic-play-smoke:played,聚合状态取该卡最差机制；普通烟测只证明可执行，不能单独构成 GREEN。,ordinary_collectible,MINION,yes,fireplace/cards/outlands/hunter.py:50,Rush. Battlecry: Choose a friendly minion. Gain a copy of its Deathrattle.
17.6.0.53261,Ashes of Outland (BLACK_TEMPLE),BT_213,Scavenger's Ingenuity,拾荒者的智慧,Draw / Discard|Spell resolution|Targeting,YELLOW,implemented,partial,3 个机制缺少充分的核心效果验证；逐机制依据见 card_mechanism.csv。,card_mechanism.csv#BT_213; generic-play-smoke:played,聚合状态取该卡最差机制；普通烟测只证明可执行，不能单独构成 GREEN。,ordinary_collectible,SPELL,yes,fireplace/cards/outlands/hunter.py:115,Draw a Beast. Give it +2/+2.
17.6.0.53261,Ashes of Outland (BLACK_TEMPLE),BT_214,Beastmaster Leoroxx,兽王莱欧洛克斯,Battlecry|Summon,YELLOW,implemented,partial,2 个机制缺少充分的核心效果验证；逐机制依据见 card_mechanism.csv。,card_mechanism.csv#BT_214; generic-play-smoke:played,聚合状态取该卡最差机制；普通烟测只证明可执行，不能单独构成 GREEN。,ordinary_collectible,MINION,yes,fireplace/cards/outlands/hunter.py:63,Battlecry: Summon 3 Beasts from your hand.
17.6.0.53261,Ashes of Outland (BLACK_TEMPLE),BT_230,The Lurker Below,鱼斯拉,Battlecry|Targeting,YELLOW,implemented,partial,2 个机制缺少充分的核心效果验证；逐机制依据见 card_mechanism.csv。,card_mechanism.csv#BT_230; generic-play-smoke:played,聚合状态取该卡最差机制；普通烟测只证明可执行，不能单独构成 GREEN。,ordinary_collectible,MINION,yes,fireplace/cards/outlands/shaman.py:54,"[x]Battlecry: Deal 3 damage to an enemy minion. If it dies, repeat on one of its neighbors."
17.6.0.53261,Ashes of Outland (BLACK_TEMPLE),BT_233,Sword and Board,剑盾猛攻,Spell resolution|Targeting,YELLOW,implemented,partial,2 个机制缺少充分的核心效果验证；逐机制依据见 card_mechanism.csv。,card_mechanism.csv#BT_233; generic-play-smoke:played,聚合状态取该卡最差机制；普通烟测只证明可执行，不能单独构成 GREEN。,ordinary_collectible,SPELL,yes,fireplace/cards/outlands/warrior.py:109,Deal $2 damage to a minion. Gain 2 Armor.
17.6.0.53261,Ashes of Outland (BLACK_TEMPLE),BT_249,Scrap Golem,废铁魔像,Deathrattle|Taunt,YELLOW,implemented,partial,2 个机制缺少充分的核心效果验证；逐机制依据见 card_mechanism.csv。,card_mechanism.csv#BT_249; generic-play-smoke:played,聚合状态取该卡最差机制；普通烟测只证明可执行，不能单独构成 GREEN。,ordinary_collectible,MINION,yes,fireplace/cards/outlands/warrior.py:72,Taunt. Deathrattle: Gain Armor equal to this minion's Attack.
17.6.0.53261,Ashes of Outland (BLACK_TEMPLE),BT_252,Renew,复苏,Discover / Choice|Random effects|Spell resolution|Targeting,YELLOW,implemented,partial,4 个机制缺少充分的核心效果验证；逐机制依据见 card_mechanism.csv。,card_mechanism.csv#BT_252; generic-play-smoke:played,聚合状态取该卡最差机制；普通烟测只证明可执行，不能单独构成 GREEN。,ordinary_collectible,SPELL,yes,fireplace/cards/outlands/priest.py:91,Restore #3 Health. Discover a spell.
17.6.0.53261,Ashes of Outland (BLACK_TEMPLE),BT_253,Psyche Split,心灵分裂,Spell resolution|Summon|Targeting,YELLOW,implemented,partial,3 个机制缺少充分的核心效果验证；逐机制依据见 card_mechanism.csv。,card_mechanism.csv#BT_253; generic-play-smoke:played,聚合状态取该卡最差机制；普通烟测只证明可执行，不能单独构成 GREEN。,ordinary_collectible,SPELL,yes,fireplace/cards/outlands/priest.py:99,Give a minion +1/+2. Summon a copy of it.
17.6.0.53261,Ashes of Outland (BLACK_TEMPLE),BT_254,Sethekk Veilweaver,塞泰克织巢者,Random effects|Trigger,YELLOW,implemented,partial,2 个机制缺少充分的核心效果验证；逐机制依据见 card_mechanism.csv。,card_mechanism.csv#BT_254; generic-play-smoke:played,聚合状态取该卡最差机制；普通烟测只证明可执行，不能单独构成 GREEN。,ordinary_collectible,MINION,yes,fireplace/cards/outlands/priest.py:30,"[x]After you cast a spell on a minion, add a Priest spell to your hand."
17.6.0.53261,Ashes of Outland (BLACK_TEMPLE),BT_255,Kael'thas Sunstrider,凯尔萨斯·逐日者,Aura|Continuous effect / Update,YELLOW,implemented,partial,2 个机制缺少充分的核心效果验证；逐机制依据见 card_mechanism.csv。,card_mechanism.csv#BT_255; generic-play-smoke:played,聚合状态取该卡最差机制；普通烟测只证明可执行，不能单独构成 GREEN。,ordinary_collectible,MINION,yes,fireplace/cards/outlands/neutral_legendary.py:26,Every third spell you cast each turn costs (0).
17.6.0.53261,Ashes of Outland (BLACK_TEMPLE),BT_256,Dragonmaw Overseer,龙喉监工,Random effects|Trigger,YELLOW,implemented,partial,2 个机制缺少充分的核心效果验证；逐机制依据见 card_mechanism.csv。,card_mechanism.csv#BT_256; generic-play-smoke:played,聚合状态取该卡最差机制；普通烟测只证明可执行，不能单独构成 GREEN。,ordinary_collectible,MINION,yes,fireplace/cards/outlands/priest.py:39,"At the end of your turn, give another friendly minion +2/+2."
17.6.0.53261,Ashes of Outland (BLACK_TEMPLE),BT_257,Apotheosis,神圣化身,Spell resolution|Targeting,YELLOW,implemented,partial,2 个机制缺少充分的核心效果验证；逐机制依据见 card_mechanism.csv。,card_mechanism.csv#BT_257; generic-play-smoke:played,聚合状态取该卡最差机制；普通烟测只证明可执行，不能单独构成 GREEN。,ordinary_collectible,SPELL,yes,fireplace/cards/outlands/priest.py:107,Give a minion +2/+3 and Lifesteal.
17.6.0.53261,Ashes of Outland (BLACK_TEMPLE),BT_258,Imprisoned Homunculus,被禁锢的矮劣魔,Taunt,YELLOW,implemented,partial,1 个机制缺少充分的核心效果验证；逐机制依据见 card_mechanism.csv。,card_mechanism.csv#BT_258; generic-play-smoke:played,聚合状态取该卡最差机制；普通烟测只证明可执行，不能单独构成 GREEN。,ordinary_collectible,MINION,yes,fireplace/cards/outlands/priest.py:49,Dormant for 2 turns. Taunt
17.6.0.53261,Ashes of Outland (BLACK_TEMPLE),BT_262,Dragonmaw Sentinel,龙喉哨兵,Battlecry,YELLOW,implemented,partial,1 个机制缺少充分的核心效果验证；逐机制依据见 card_mechanism.csv。,card_mechanism.csv#BT_262; generic-play-smoke:played,聚合状态取该卡最差机制；普通烟测只证明可执行，不能单独构成 GREEN。,ordinary_collectible,MINION,yes,fireplace/cards/outlands/priest.py:57,"Battlecry: If you're holding a Dragon, gain +1 Attack and Lifesteal."
17.6.0.53261,Ashes of Outland (BLACK_TEMPLE),BT_291,Apexis Blast,埃匹希斯冲击,Random effects|Spell resolution|Summon|Targeting,YELLOW,implemented,partial,4 个机制缺少充分的核心效果验证；逐机制依据见 card_mechanism.csv。,card_mechanism.csv#BT_291; generic-play-smoke:played,聚合状态取该卡最差机制；普通烟测只证明可执行，不能单独构成 GREEN。,ordinary_collectible,SPELL,yes,fireplace/cards/outlands/mage.py:112,"Deal $5 damage. If your deck has no minions, summon a random 5-Cost minion."
17.6.0.53261,Ashes of Outland (BLACK_TEMPLE),BT_292,Hand of A'dal,阿达尔之手,Draw / Discard|Spell resolution|Targeting,YELLOW,implemented,partial,3 个机制缺少充分的核心效果验证；逐机制依据见 card_mechanism.csv。,card_mechanism.csv#BT_292; generic-play-smoke:played,聚合状态取该卡最差机制；普通烟测只证明可执行，不能单独构成 GREEN。,ordinary_collectible,SPELL,yes,fireplace/cards/outlands/paladin.py:107,Give a minion +2/+2. Draw a card.
17.6.0.53261,Ashes of Outland (BLACK_TEMPLE),BT_300,Hand of Gul'dan,古尔丹之手,Draw / Discard|Spell resolution|Trigger,YELLOW,implemented,partial,3 个机制缺少充分的核心效果验证；逐机制依据见 card_mechanism.csv。,card_mechanism.csv#BT_300; generic-play-smoke:played,聚合状态取该卡最差机制；普通烟测只证明可执行，不能单独构成 GREEN。,ordinary_collectible,SPELL,yes,fireplace/cards/outlands/warlock.py:88,"When you play or discard this, draw 3 cards."
17.6.0.53261,Ashes of Outland (BLACK_TEMPLE),BT_301,Nightshade Matron,夜影主母,Battlecry|Draw / Discard|Rush,YELLOW,implemented,partial,3 个机制缺少充分的核心效果验证；逐机制依据见 card_mechanism.csv。,card_mechanism.csv#BT_301; generic-play-smoke:played,聚合状态取该卡最差机制；普通烟测只证明可执行，不能单独构成 GREEN。,ordinary_collectible,MINION,yes,fireplace/cards/outlands/warlock.py:21,Rush Battlecry: Discard your highest Cost card.
17.6.0.53261,Ashes of Outland (BLACK_TEMPLE),BT_302,The Dark Portal,黑暗之门,Cost modification|Draw / Discard|Spell resolution|Targeting,YELLOW,implemented,partial,4 个机制缺少充分的核心效果验证；逐机制依据见 card_mechanism.csv。,card_mechanism.csv#BT_302; generic-play-smoke:played,聚合状态取该卡最差机制；普通烟测只证明可执行，不能单独构成 GREEN。,ordinary_collectible,SPELL,yes,fireplace/cards/outlands/warlock.py:95,"Draw a minion. If you have at least 8 cards in hand, it costs (5) less."
17.6.0.53261,Ashes of Outland (BLACK_TEMPLE),BT_304,Enhanced Dreadlord,改进型恐惧魔王,Deathrattle|Summon|Taunt,YELLOW,implemented,partial,3 个机制缺少充分的核心效果验证；逐机制依据见 card_mechanism.csv。,card_mechanism.csv#BT_304; generic-play-smoke:played,聚合状态取该卡最差机制；普通烟测只证明可执行，不能单独构成 GREEN。,ordinary_collectible,MINION,yes,fireplace/cards/outlands/warlock.py:28,[x]Taunt Deathrattle: Summon a 5/5 Dreadlord with Lifesteal.
17.6.0.53261,Ashes of Outland (BLACK_TEMPLE),BT_305,Imprisoned Scrap Imp,被禁锢的拾荒小鬼,Trigger,YELLOW,implemented,partial,1 个机制缺少充分的核心效果验证；逐机制依据见 card_mechanism.csv。,card_mechanism.csv#BT_305; generic-play-smoke:played,聚合状态取该卡最差机制；普通烟测只证明可执行，不能单独构成 GREEN。,ordinary_collectible,MINION,yes,fireplace/cards/outlands/warlock.py:36,"Dormant for 2 turns. When this awakens, give all minions in your hand +2/+1."
17.6.0.53261,Ashes of Outland (BLACK_TEMPLE),BT_306,Shadow Council,暗影议会,Random effects|Spell resolution,YELLOW,implemented,partial,2 个机制缺少充分的核心效果验证；逐机制依据见 card_mechanism.csv。,card_mechanism.csv#BT_306; generic-play-smoke:played,聚合状态取该卡最差机制；普通烟测只证明可执行，不能单独构成 GREEN。,ordinary_collectible,SPELL,yes,fireplace/cards/outlands/warlock.py:112,Replace your hand with random Demons. Give them +2/+2.
17.6.0.53261,Ashes of Outland (BLACK_TEMPLE),BT_307,Darkglare,黑眼,Trigger,YELLOW,implemented,partial,1 个机制缺少充分的核心效果验证；逐机制依据见 card_mechanism.csv。,card_mechanism.csv#BT_307; generic-play-smoke:played,聚合状态取该卡最差机制；普通烟测只证明可执行，不能单独构成 GREEN。,ordinary_collectible,MINION,yes,fireplace/cards/outlands/warlock.py:49,"After your hero takes damage, refresh 2 Mana Crystals."
17.6.0.53261,Ashes of Outland (BLACK_TEMPLE),BT_309,Kanrethad Ebonlocke,坎雷萨德·埃伯洛克,Aura|Continuous effect / Update|Cost modification|Deathrattle,YELLOW,implemented,partial,4 个机制缺少充分的核心效果验证；逐机制依据见 card_mechanism.csv。,card_mechanism.csv#BT_309; generic-play-smoke:played,聚合状态取该卡最差机制；普通烟测只证明可执行，不能单独构成 GREEN。,ordinary_collectible,MINION,yes,fireplace/cards/outlands/warlock.py:56,[x]Your Demons cost (1) less. Deathrattle: Shuffle 'Kanrethad Prime' into your deck.
17.6.0.53261,Ashes of Outland (BLACK_TEMPLE),BT_321,Netherwalker,虚无行者,Battlecry|Discover / Choice|Random effects,YELLOW,implemented,partial,3 个机制缺少充分的核心效果验证；逐机制依据见 card_mechanism.csv。,card_mechanism.csv#BT_321; generic-play-smoke:played,聚合状态取该卡最差机制；普通烟测只证明可执行，不能单独构成 GREEN。,ordinary_collectible,MINION,yes,fireplace/cards/outlands/demonhunter.py:15,Battlecry: Discover a Demon.
17.6.0.53261,Ashes of Outland (BLACK_TEMPLE),BT_334,Lady Liadrin,女伯爵莉亚德琳,Battlecry,YELLOW,implemented,partial,1 个机制缺少充分的核心效果验证；逐机制依据见 card_mechanism.csv。,card_mechanism.csv#BT_334; generic-play-smoke:played,聚合状态取该卡最差机制；普通烟测只证明可执行，不能单独构成 GREEN。,ordinary_collectible,MINION,yes,fireplace/cards/outlands/paladin.py:56,[x]Battlecry: Add a copy of each spell you cast on friendly characters this game to your hand.
17.6.0.53261,Ashes of Outland (BLACK_TEMPLE),BT_341,Skeletal Dragon,骸骨巨龙,Random effects|Taunt|Trigger,YELLOW,implemented,partial,3 个机制缺少充分的核心效果验证；逐机制依据见 card_mechanism.csv。,card_mechanism.csv#BT_341; generic-play-smoke:played,聚合状态取该卡最差机制；普通烟测只证明可执行，不能单独构成 GREEN。,ordinary_collectible,MINION,yes,fireplace/cards/outlands/priest.py:69,"[x]Taunt At the end of your turn, add a Dragon to your hand."
17.6.0.53261,Ashes of Outland (BLACK_TEMPLE),BT_423,Ashtongue Battlelord,灰舌将领,Lifesteal|Taunt,YELLOW,implemented,partial,2 个机制缺少充分的核心效果验证；逐机制依据见 card_mechanism.csv。,card_mechanism.csv#BT_423; generic-play-smoke:played,聚合状态取该卡最差机制；普通烟测只证明可执行，不能单独构成 GREEN。,ordinary_collectible,MINION,yes,,Taunt Lifesteal
17.6.0.53261,Ashes of Outland (BLACK_TEMPLE),BT_429,Metamorphosis,恶魔变形,Spell resolution|Summon|Trigger,YELLOW,implemented,partial,3 个机制缺少充分的核心效果验证；逐机制依据见 card_mechanism.csv。,card_mechanism.csv#BT_429; generic-play-smoke:played,聚合状态取该卡最差机制；普通烟测只证明可执行，不能单独构成 GREEN。,ordinary_collectible,SPELL,yes,fireplace/cards/outlands/demonhunter.py:84,"Swap your Hero Power to ""Deal 4 damage."" After 2 uses, swap it back."
17.6.0.53261,Ashes of Outland (BLACK_TEMPLE),BT_430,Warglaives of Azzinoth,埃辛诺斯战刃,Trigger|Weapon,YELLOW,implemented,partial,2 个机制缺少充分的核心效果验证；逐机制依据见 card_mechanism.csv。,card_mechanism.csv#BT_430; generic-play-smoke:played,聚合状态取该卡最差机制；普通烟测只证明可执行，不能单独构成 GREEN。,ordinary_collectible,WEAPON,yes,fireplace/cards/outlands/demonhunter.py:197,"After attacking a minion, your hero may attack again."
17.6.0.53261,Ashes of Outland (BLACK_TEMPLE),BT_480,Crimson Sigil Runner,火色魔印奔行者,Draw / Discard|Outcast,YELLOW,implemented,partial,2 个机制缺少充分的核心效果验证；逐机制依据见 card_mechanism.csv。,card_mechanism.csv#BT_480; generic-play-smoke:played,聚合状态取该卡最差机制；普通烟测只证明可执行，不能单独构成 GREEN。,ordinary_collectible,MINION,yes,fireplace/cards/outlands/demonhunter.py:22,Outcast: Draw a card.
17.6.0.53261,Ashes of Outland (BLACK_TEMPLE),BT_486,Pit Commander,深渊指挥官,Summon|Taunt|Trigger,YELLOW,implemented,partial,3 个机制缺少充分的核心效果验证；逐机制依据见 card_mechanism.csv。,card_mechanism.csv#BT_486; generic-play-smoke:played,聚合状态取该卡最差机制；普通烟测只证明可执行，不能单独构成 GREEN。,ordinary_collectible,MINION,yes,fireplace/cards/outlands/demonhunter.py:29,"Taunt At the end of your turn, summon a Demon from your deck."
17.6.0.53261,Ashes of Outland (BLACK_TEMPLE),BT_493,Priestess of Fury,愤怒的女祭司,Random effects|Trigger,YELLOW,implemented,partial,2 个机制缺少充分的核心效果验证；逐机制依据见 card_mechanism.csv。,card_mechanism.csv#BT_493; generic-play-smoke:played,聚合状态取该卡最差机制；普通烟测只证明可执行，不能单独构成 GREEN。,ordinary_collectible,MINION,yes,fireplace/cards/outlands/demonhunter.py:36,"At the end of your turn, deal 6 damage randomly split among all enemies."
17.6.0.53261,Ashes of Outland (BLACK_TEMPLE),BT_496,Furious Felfin,暴怒的邪鳍,Battlecry,YELLOW,implemented,partial,1 个机制缺少充分的核心效果验证；逐机制依据见 card_mechanism.csv。,card_mechanism.csv#BT_496; generic-play-smoke:played,聚合状态取该卡最差机制；普通烟测只证明可执行，不能单独构成 GREEN。,ordinary_collectible,MINION,yes,fireplace/cards/outlands/demonhunter.py:43,"[x]Battlecry: If your hero attacked this turn, gain +1 Attack and Rush."
17.6.0.53261,Ashes of Outland (BLACK_TEMPLE),BT_509,Fel Summoner,邪能召唤师,Deathrattle|Random effects|Summon,YELLOW,implemented,partial,3 个机制缺少充分的核心效果验证；逐机制依据见 card_mechanism.csv。,card_mechanism.csv#BT_509; generic-play-smoke:played,聚合状态取该卡最差机制；普通烟测只证明可执行，不能单独构成 GREEN。,ordinary_collectible,MINION,yes,fireplace/cards/outlands/demonhunter.py:55,Deathrattle: Summon a random Demon from your hand.
17.6.0.53261,Ashes of Outland (BLACK_TEMPLE),BT_514,Immolation Aura,献祭光环,Spell resolution,YELLOW,implemented,partial,1 个机制缺少充分的核心效果验证；逐机制依据见 card_mechanism.csv。,card_mechanism.csv#BT_514; generic-play-smoke:played,聚合状态取该卡最差机制；普通烟测只证明可执行，不能单独构成 GREEN。,ordinary_collectible,SPELL,yes,fireplace/cards/outlands/demonhunter.py:173,Deal $1 damage to all minions twice.
17.6.0.53261,Ashes of Outland (BLACK_TEMPLE),BT_601,Skull of Gul'dan,古尔丹之颅,Draw / Discard|Outcast|Spell resolution,YELLOW,implemented,partial,3 个机制缺少充分的核心效果验证；逐机制依据见 card_mechanism.csv。,card_mechanism.csv#BT_601; generic-play-smoke:played,聚合状态取该卡最差机制；普通烟测只证明可执行，不能单独构成 GREEN。,ordinary_collectible,SPELL,yes,fireplace/cards/outlands/demonhunter.py:180,Draw 3 cards. Outcast: Reduce their Cost by (3).
17.6.0.53261,Ashes of Outland (BLACK_TEMPLE),BT_701,Spymistress,间谍女郎,Stealth,YELLOW,implemented,partial,1 个机制缺少充分的核心效果验证；逐机制依据见 card_mechanism.csv。,card_mechanism.csv#BT_701; generic-play-smoke:played,聚合状态取该卡最差机制；普通烟测只证明可执行，不能单独构成 GREEN。,ordinary_collectible,MINION,yes,,Stealth
17.6.0.53261,Ashes of Outland (BLACK_TEMPLE),BT_702,Ashtongue Slayer,灰舌杀手,Battlecry|Targeting,YELLOW,implemented,partial,2 个机制缺少充分的核心效果验证；逐机制依据见 card_mechanism.csv。,card_mechanism.csv#BT_702; generic-play-smoke:played,聚合状态取该卡最差机制；普通烟测只证明可执行，不能单独构成 GREEN。,ordinary_collectible,MINION,yes,fireplace/cards/outlands/rogue.py:18,Battlecry: Give a Stealthed minion +3 Attack and Immune this turn.
17.6.0.53261,Ashes of Outland (BLACK_TEMPLE),BT_703,Cursed Vagrant,被诅咒的流浪者,Deathrattle|Summon,YELLOW,implemented,partial,2 个机制缺少充分的核心效果验证；逐机制依据见 card_mechanism.csv。,card_mechanism.csv#BT_703; generic-play-smoke:played,聚合状态取该卡最差机制；普通烟测只证明可执行，不能单独构成 GREEN。,ordinary_collectible,MINION,yes,fireplace/cards/outlands/rogue.py:34,Deathrattle: Summon a 7/5 Shadow with Stealth.
17.6.0.53261,Ashes of Outland (BLACK_TEMPLE),BT_707,Ambush,伏击,Secret|Spell resolution|Summon|Trigger,YELLOW,implemented,partial,4 个机制缺少充分的核心效果验证；逐机制依据见 card_mechanism.csv。,card_mechanism.csv#BT_707; generic-play-smoke:played,聚合状态取该卡最差机制；普通烟测只证明可执行，不能单独构成 GREEN。,ordinary_collectible,SPELL,yes,fireplace/cards/outlands/rogue.py:97,"[x]Secret: After your opponent plays a minion, summon a 2/3 Ambusher with Poisonous."
17.6.0.53261,Ashes of Outland (BLACK_TEMPLE),BT_709,Dirty Tricks,邪恶计谋,Draw / Discard|Secret|Spell resolution|Trigger,YELLOW,implemented,partial,4 个机制缺少充分的核心效果验证；逐机制依据见 card_mechanism.csv。,card_mechanism.csv#BT_709; generic-play-smoke:played,聚合状态取该卡最差机制；普通烟测只证明可执行，不能单独构成 GREEN。,ordinary_collectible,SPELL,yes,fireplace/cards/outlands/rogue.py:107,"[x]Secret: After your opponent casts a spell, draw 2 cards."
17.6.0.53261,Ashes of Outland (BLACK_TEMPLE),BT_710,Greyheart Sage,暗心贤者,Battlecry|Draw / Discard,YELLOW,implemented,partial,2 个机制缺少充分的核心效果验证；逐机制依据见 card_mechanism.csv。,card_mechanism.csv#BT_710; generic-play-smoke:played,聚合状态取该卡最差机制；普通烟测只证明可执行，不能单独构成 GREEN。,ordinary_collectible,MINION,yes,fireplace/cards/outlands/rogue.py:41,"[x]Battlecry: If you control a Stealthed minion, draw 2 cards."
17.6.0.53261,Ashes of Outland (BLACK_TEMPLE),BT_711,Blackjack Stunner,钉棍终结者,Battlecry|Cost modification|Targeting,YELLOW,implemented,partial,3 个机制缺少充分的核心效果验证；逐机制依据见 card_mechanism.csv。,card_mechanism.csv#BT_711; generic-play-smoke:played,聚合状态取该卡最差机制；普通烟测只证明可执行，不能单独构成 GREEN。,ordinary_collectible,MINION,yes,fireplace/cards/outlands/rogue.py:50,"[x]Battlecry: If you control a Secret, return a minion to its owner's hand. It costs (1) more."
17.6.0.53261,Ashes of Outland (BLACK_TEMPLE),BT_713,Akama,阿卡玛,Deathrattle|Stealth,YELLOW,implemented,partial,2 个机制缺少充分的核心效果验证；逐机制依据见 card_mechanism.csv。,card_mechanism.csv#BT_713; generic-play-smoke:played,聚合状态取该卡最差机制；普通烟测只证明可执行，不能单独构成 GREEN。,ordinary_collectible,MINION,yes,fireplace/cards/outlands/rogue.py:68,[x]Stealth Deathrattle: Shuffle 'Akama Prime' into your deck.
17.6.0.53261,Ashes of Outland (BLACK_TEMPLE),BT_714,Frozen Shadoweaver,冰霜织影者,Battlecry|Targeting,YELLOW,implemented,partial,2 个机制缺少充分的核心效果验证；逐机制依据见 card_mechanism.csv。,card_mechanism.csv#BT_714; generic-play-smoke:played,聚合状态取该卡最差机制；普通烟测只证明可执行，不能单独构成 GREEN。,ordinary_collectible,MINION,yes,fireplace/cards/outlands/neutral_common.py:53,Battlecry: Freeze an enemy.
17.6.0.53261,Ashes of Outland (BLACK_TEMPLE),BT_715,Bonechewer Brawler,噬骨殴斗者,Taunt|Trigger,YELLOW,implemented,partial,2 个机制缺少充分的核心效果验证；逐机制依据见 card_mechanism.csv。,card_mechanism.csv#BT_715; generic-play-smoke:played,聚合状态取该卡最差机制；普通烟测只证明可执行，不能单独构成 GREEN。,ordinary_collectible,MINION,yes,fireplace/cards/outlands/neutral_common.py:64,"[x]Taunt Whenever this minion takes  damage, gain +2 Attack."
17.6.0.53261,Ashes of Outland (BLACK_TEMPLE),BT_716,Bonechewer Vanguard,噬骨先锋,Taunt|Trigger,YELLOW,implemented,partial,2 个机制缺少充分的核心效果验证；逐机制依据见 card_mechanism.csv。,card_mechanism.csv#BT_716; generic-play-smoke:played,聚合状态取该卡最差机制；普通烟测只证明可执行，不能单独构成 GREEN。,ordinary_collectible,MINION,yes,fireplace/cards/outlands/neutral_common.py:74,"[x]Taunt Whenever this minion takes damage, gain +2 Attack."
17.6.0.53261,Ashes of Outland (BLACK_TEMPLE),BT_717,Burrowing Scorpid,潜地蝎,Battlecry|Targeting,YELLOW,implemented,partial,2 个机制缺少充分的核心效果验证；逐机制依据见 card_mechanism.csv。,card_mechanism.csv#BT_717; generic-play-smoke:played,聚合状态取该卡最差机制；普通烟测只证明可执行，不能单独构成 GREEN。,ordinary_collectible,MINION,yes,fireplace/cards/outlands/neutral_common.py:84,"[x]Battlecry: Deal 2 damage. If that kills the target, gain Stealth."
17.6.0.53261,Ashes of Outland (BLACK_TEMPLE),BT_720,Ruststeed Raider,锈骑劫匪,Battlecry|Rush|Taunt,YELLOW,implemented,partial,3 个机制缺少充分的核心效果验证；逐机制依据见 card_mechanism.csv。,card_mechanism.csv#BT_720; generic-play-smoke:played,聚合状态取该卡最差机制；普通烟测只证明可执行，不能单独构成 GREEN。,ordinary_collectible,MINION,yes,fireplace/cards/outlands/neutral_common.py:93,"Taunt, Rush Battlecry: Gain +4 Attack this turn."
17.6.0.53261,Ashes of Outland (BLACK_TEMPLE),BT_721,Blistering Rot,起泡的腐泥怪,Summon|Trigger,YELLOW,implemented,partial,2 个机制缺少充分的核心效果验证；逐机制依据见 card_mechanism.csv。,card_mechanism.csv#BT_721; generic-play-smoke:played,聚合状态取该卡最差机制；普通烟测只证明可执行，不能单独构成 GREEN。,ordinary_collectible,MINION,yes,fireplace/cards/outlands/neutral_rare.py:16,"[x]At the end of your turn, summon a Rot with stats equal to this minion's."
17.6.0.53261,Ashes of Outland (BLACK_TEMPLE),BT_722,Guardian Augmerchant,防护改装师,Battlecry|Targeting,YELLOW,implemented,partial,2 个机制缺少充分的核心效果验证；逐机制依据见 card_mechanism.csv。,card_mechanism.csv#BT_722; generic-play-smoke:played,聚合状态取该卡最差机制；普通烟测只证明可执行，不能单独构成 GREEN。,ordinary_collectible,MINION,yes,fireplace/cards/outlands/neutral_common.py:103,Battlecry: Deal 1 damage to a minion and give it Divine Shield.
17.6.0.53261,Ashes of Outland (BLACK_TEMPLE),BT_723,Rocket Augmerchant,火箭改装师,Battlecry|Targeting,YELLOW,implemented,partial,2 个机制缺少充分的核心效果验证；逐机制依据见 card_mechanism.csv。,card_mechanism.csv#BT_723; generic-play-smoke:played,聚合状态取该卡最差机制；普通烟测只证明可执行，不能单独构成 GREEN。,ordinary_collectible,MINION,yes,fireplace/cards/outlands/neutral_common.py:115,Battlecry: Deal 1 damage to a minion and give it Rush.
17.6.0.53261,Ashes of Outland (BLACK_TEMPLE),BT_724,Ethereal Augmerchant,虚灵改装师,Battlecry|Spell Damage|Targeting,YELLOW,implemented,partial,3 个机制缺少充分的核心效果验证；逐机制依据见 card_mechanism.csv。,card_mechanism.csv#BT_724; generic-play-smoke:played,聚合状态取该卡最差机制；普通烟测只证明可执行，不能单独构成 GREEN。,ordinary_collectible,MINION,yes,fireplace/cards/outlands/neutral_common.py:126,Battlecry: Deal 1 damage to a minion and give it Spell Damage +1.
17.6.0.53261,Ashes of Outland (BLACK_TEMPLE),BT_726,Dragonmaw Sky Stalker,龙喉巡天者,Deathrattle|Summon,YELLOW,implemented,partial,2 个机制缺少充分的核心效果验证；逐机制依据见 card_mechanism.csv。,card_mechanism.csv#BT_726; generic-play-smoke:played,聚合状态取该卡最差机制；普通烟测只证明可执行，不能单独构成 GREEN。,ordinary_collectible,MINION,yes,fireplace/cards/outlands/neutral_common.py:141,Deathrattle: Summon a 3/4 Dragonrider.
17.6.0.53261,Ashes of Outland (BLACK_TEMPLE),BT_727,Soulbound Ashtongue,魂缚灰舌,Trigger,YELLOW,implemented,partial,1 个机制缺少充分的核心效果验证；逐机制依据见 card_mechanism.csv。,card_mechanism.csv#BT_727; generic-play-smoke:played,聚合状态取该卡最差机制；普通烟测只证明可执行，不能单独构成 GREEN。,ordinary_collectible,MINION,yes,fireplace/cards/outlands/neutral_common.py:148,"Whenever this minion takes damage, also deal that amount to your hero."
17.6.0.53261,Ashes of Outland (BLACK_TEMPLE),BT_728,Disguised Wanderer,变装游荡者,Deathrattle|Summon,YELLOW,implemented,partial,2 个机制缺少充分的核心效果验证；逐机制依据见 card_mechanism.csv。,card_mechanism.csv#BT_728; generic-play-smoke:played,聚合状态取该卡最差机制；普通烟测只证明可执行，不能单独构成 GREEN。,ordinary_collectible,MINION,yes,fireplace/cards/outlands/neutral_common.py:155,Deathrattle: Summon a 9/1 Inquisitor.
17.6.0.53261,Ashes of Outland (BLACK_TEMPLE),BT_729,Waste Warden,废土守望者,Battlecry|Targeting,YELLOW,implemented,partial,2 个机制缺少充分的核心效果验证；逐机制依据见 card_mechanism.csv。,card_mechanism.csv#BT_729; generic-play-smoke:played,聚合状态取该卡最差机制；普通烟测只证明可执行，不能单独构成 GREEN。,ordinary_collectible,MINION,yes,fireplace/cards/outlands/neutral_epic.py:15,[x]Battlecry: Deal 3 damage to a minion and all others of the same minion type.
17.6.0.53261,Ashes of Outland (BLACK_TEMPLE),BT_730,Overconfident Orc,狂傲的兽人,Continuous effect / Update|Taunt,YELLOW,implemented,partial,2 个机制缺少充分的核心效果验证；逐机制依据见 card_mechanism.csv。,card_mechanism.csv#BT_730; generic-play-smoke:played,聚合状态取该卡最差机制；普通烟测只证明可执行，不能单独构成 GREEN。,ordinary_collectible,MINION,yes,fireplace/cards/outlands/neutral_common.py:162,"Taunt While at full Health, this has +2 Attack."
17.6.0.53261,Ashes of Outland (BLACK_TEMPLE),BT_732,Scavenging Shivarra,食腐破坏魔,Battlecry|Random effects,YELLOW,implemented,partial,2 个机制缺少充分的核心效果验证；逐机制依据见 card_mechanism.csv。,card_mechanism.csv#BT_732; generic-play-smoke:played,聚合状态取该卡最差机制；普通烟测只证明可执行，不能单独构成 GREEN。,ordinary_collectible,MINION,yes,fireplace/cards/outlands/neutral_common.py:169,Battlecry: Deal 6 damage randomly split among all other minions.
17.6.0.53261,Ashes of Outland (BLACK_TEMPLE),BT_733,Mo'arg Artificer,莫尔葛工匠,Continuous effect / Update,YELLOW,implemented,partial,1 个机制缺少充分的核心效果验证；逐机制依据见 card_mechanism.csv。,card_mechanism.csv#BT_733; generic-play-smoke:played,聚合状态取该卡最差机制；普通烟测只证明可执行，不能单独构成 GREEN。,ordinary_collectible,MINION,yes,fireplace/cards/outlands/neutral_epic.py:27,All minions take double damage from spells.
17.6.0.53261,Ashes of Outland (BLACK_TEMPLE),BT_734,Supreme Abyssal,渊狱至尊,Unclassified effect,YELLOW,implemented,partial,1 个机制缺少充分的核心效果验证；逐机制依据见 card_mechanism.csv。,card_mechanism.csv#BT_734; generic-play-smoke:played,聚合状态取该卡最差机制；普通烟测只证明可执行，不能单独构成 GREEN。,ordinary_collectible,MINION,yes,fireplace/cards/outlands/neutral_common.py:176,Can't attack heroes.
17.6.0.53261,Ashes of Outland (BLACK_TEMPLE),BT_735,Al'ar,奥,Deathrattle|Summon,YELLOW,implemented,partial,2 个机制缺少充分的核心效果验证；逐机制依据见 card_mechanism.csv。,card_mechanism.csv#BT_735; generic-play-smoke:played,聚合状态取该卡最差机制；普通烟测只证明可执行，不能单独构成 GREEN。,ordinary_collectible,MINION,yes,fireplace/cards/outlands/neutral_legendary.py:39,Deathrattle: Summon a  0/3 Ashes of Al'ar that resurrects this minion on your next turn.
17.6.0.53261,Ashes of Outland (BLACK_TEMPLE),BT_737,Maiev Shadowsong,玛维·影歌,Battlecry|Targeting,YELLOW,implemented,partial,2 个机制缺少充分的核心效果验证；逐机制依据见 card_mechanism.csv。,card_mechanism.csv#BT_737; generic-play-smoke:played,聚合状态取该卡最差机制；普通烟测只证明可执行，不能单独构成 GREEN。,ordinary_collectible,MINION,yes,fireplace/cards/outlands/neutral_legendary.py:54,Battlecry: Choose a minion. It goes Dormant for 2 turns.
17.6.0.53261,Ashes of Outland (BLACK_TEMPLE),BT_761,Coilfang Warlord,盘牙督军,Deathrattle|Rush|Summon,YELLOW,implemented,partial,3 个机制缺少充分的核心效果验证；逐机制依据见 card_mechanism.csv。,card_mechanism.csv#BT_761; generic-play-smoke:played,聚合状态取该卡最差机制；普通烟测只证明可执行，不能单独构成 GREEN。,ordinary_collectible,MINION,yes,fireplace/cards/outlands/demonhunter.py:62,[x]Rush Deathrattle: Summon a  5/9 Warlord with Taunt.
17.6.0.53261,Ashes of Outland (BLACK_TEMPLE),BT_781,Bulwark of Azzinoth,埃辛诺斯壁垒,Trigger|Weapon,YELLOW,implemented,partial,2 个机制缺少充分的核心效果验证；逐机制依据见 card_mechanism.csv。,card_mechanism.csv#BT_781; generic-play-smoke:played,聚合状态取该卡最差机制；普通烟测只证明可执行，不能单独构成 GREEN。,ordinary_collectible,WEAPON,yes,fireplace/cards/outlands/warrior.py:124,"[x]Whenever your hero would take damage, this loses  1 Durability instead."
17.6.0.53261,Ashes of Outland (BLACK_TEMPLE),BT_850,Magtheridon,玛瑟里顿,Battlecry|Summon|Trigger,YELLOW,implemented,partial,3 个机制缺少充分的核心效果验证；逐机制依据见 card_mechanism.csv。,card_mechanism.csv#BT_850; generic-play-smoke:played,聚合状态取该卡最差机制；普通烟测只证明可执行，不能单独构成 GREEN。,ordinary_collectible,MINION,yes,fireplace/cards/outlands/neutral_legendary.py:65,"[x]Dormant. Battlecry: Summon three 1/3 enemy Warders. When they die, destroy all minions and awaken."
17.6.0.53261,Ashes of Outland (BLACK_TEMPLE),BT_934,Imprisoned Antaen,被禁锢的安塔恩,Random effects|Trigger,YELLOW,implemented,partial,2 个机制缺少充分的核心效果验证；逐机制依据见 card_mechanism.csv。,card_mechanism.csv#BT_934; generic-play-smoke:played,聚合状态取该卡最差机制；普通烟测只证明可执行，不能单独构成 GREEN。,ordinary_collectible,MINION,yes,fireplace/cards/outlands/demonhunter.py:70,"[x]Dormant for 2 turns. When this awakens, deal 10 damage randomly split among all enemies."
17.6.0.53261,Basic (BASIC),DS1_184,Tracking,追踪术,Draw / Discard|Spell resolution,YELLOW,implemented,partial,牌库顶三张实体、选择入手及另两张移出游戏均通过；但卡面“抽取一张”的选择未增加本回合抽牌计数，而正常抽牌会增加。该选择是否应触发抽牌事件尚缺可信规则证据。,card_mechanism.csv#DS1_184; generic-play-smoke:played; per-card: reports/card_quality_full_2026-09-27/basic_card_probe_a.csv#tracking_exact_top_three_and_fates; reports/card_quality_full_2026-09-27/basic_card_probe_a.csv#tracking_duplicate_ids_are_physical_cards; reports/card_quality_full_2026-09-27/basic_card_probe_a.csv#tracking_chosen_card_draw_event_semantics,聚合状态取该卡最差机制；普通烟测只证明可执行，不能单独构成 GREEN。 阻碍：需核实 17.6 追踪术的抽牌事件语义；目前记录为 inconclusive，不凭手牌落区直接判 GREEN。,ordinary_collectible,SPELL,yes,fireplace/cards/classic/hunter.py:93,Look at the top 3 cards of your deck. Draw one and discard the others.
17.6.0.53261,Classic (EXPERT1),EX1_095,Gadgetzan Auctioneer,加基森拍卖师,Draw / Discard|Trigger,YELLOW,implemented,partial,"YELLOW: gadgetzan_auctioneer_draws_for_own_spell_not_opponent_spell pass: Own physical spell draws the known top card; an opponent's spell leaves the next known card in deck. Observed expected_draw_order=['CS2_231', 'CS2_182'];after_own_spell=(True, True, 'GRAVEYARD');after_enemy_spell=(False, True, 'GRAVEYARD');auctioneer=PLAY;hand=['CS2_231']; unresolved blocker: CAST-001 remains unresolved for listener behavior when another card script casts a spell; ordinary player-cast spell behavior is tested here.",card_mechanism.csv#EX1_095; generic-play-smoke:played; per-card: reports/card_quality_full_2026-09-27/classic_probe_first.csv#gadgetzan_auctioneer_draws_for_own_spell_not_opponent_spell,聚合状态取该卡最差机制；普通烟测只证明可执行，不能单独构成 GREEN。 Case evidence saved immediately. EN/ZH/source/test refs are recorded in probe CSV; prior test refs: tests/test_classic.py:1414:test_gadgetzan_auctioneer | tests/test_dalaran.py:261:test_twin_spell.,ordinary_collectible,MINION,yes,fireplace/cards/classic/neutral_rare.py:130,"Whenever you cast a spell, draw a card."
17.6.0.53261,Classic (EXPERT1),EX1_187,Arcane Devourer,奥术吞噬者,Trigger,YELLOW,implemented,partial,"own_spell_twice_enemy_spell_ignored=pass (base=(5, 5, 5);after_own_first=(7, 7, 7);after_own_second=(9, 9, 9);after_enemy=(9, 9, 9);zone=PLAY); unresolved: CAST-001: effect-generated CastSpell versus player-cast spell semantics remain unresolved.",card_mechanism.csv#EX1_187; generic-play-smoke:played; per-card: reports/card_quality_full_2026-09-27/classic_probe_first.csv#own_spell_twice_enemy_spell_ignored,"聚合状态取该卡最差机制；普通烟测只证明可执行，不能单独构成 GREEN。 Per-card live cases with EN/ZH text, source, existing test references and prior audit; CAST-001: effect-generated CastSpell versus player-cast spell semantics remain unresolved.",ordinary_collectible,MINION,yes,fireplace/cards/classic/neutral_rare.py:230,"Whenever you cast a spell, gain +2/+2."
17.6.0.53261,Classic (EXPERT1),EX1_559,Archmage Antonidas,大法师安东尼达斯,Trigger,YELLOW,implemented,partial,两次从手牌施放法术各生成一张火球术；直接由效果 CastSpell 而非从手牌施放的事件分支仍未验证（CAST-001）。,card_mechanism.csv#EX1_559; generic-play-smoke:played; per-card: reports/card_quality_full_2026-09-27/classic_probe_second.csv#EX1_559_hand_cast_spell_adds_fireball,聚合状态取该卡最差机制；普通烟测只证明可执行，不能单独构成 GREEN。 逐卡实际出牌与状态断言；状态仅依据本卡已列核心分支。,ordinary_collectible,MINION,yes,fireplace/cards/classic/mage.py:23,"Whenever you cast a spell, add a 'Fireball' spell to your hand."
17.6.0.53261,Demon Hunter Initiate (DEMON_HUNTER_INITIATE),BT_175,Twin Slice,双刃斩击,Spell resolution,YELLOW,implemented,partial,1 个机制缺少充分的核心效果验证；逐机制依据见 card_mechanism.csv。,card_mechanism.csv#BT_175; generic-play-smoke:played,聚合状态取该卡最差机制；普通烟测只证明可执行，不能单独构成 GREEN。,ordinary_collectible,SPELL,yes,fireplace/cards/initiate/demonhunter.py:100,Give your hero +2 Attack this turn. Add 'Second Slice' to your hand.
17.6.0.53261,Demon Hunter Initiate (DEMON_HUNTER_INITIATE),BT_271,Flamereaper,斩炎,Trigger|Weapon,YELLOW,implemented,partial,2 个机制缺少充分的核心效果验证；逐机制依据见 card_mechanism.csv。,card_mechanism.csv#BT_271; generic-play-smoke:played,聚合状态取该卡最差机制；普通烟测只证明可执行，不能单独构成 GREEN。,ordinary_collectible,WEAPON,yes,fireplace/cards/initiate/demonhunter.py:192,Also damages the minions next to whomever your hero attacks.
17.6.0.53261,Demon Hunter Initiate (DEMON_HUNTER_INITIATE),BT_351,Battlefiend,战斗邪犬,Trigger,YELLOW,implemented,partial,1 个机制缺少充分的核心效果验证；逐机制依据见 card_mechanism.csv。,card_mechanism.csv#BT_351; generic-play-smoke:played,聚合状态取该卡最差机制；普通烟测只证明可执行，不能单独构成 GREEN。,ordinary_collectible,MINION,yes,fireplace/cards/initiate/demonhunter.py:8,"After your hero attacks, gain +1 Attack."
17.6.0.53261,Demon Hunter Initiate (DEMON_HUNTER_INITIATE),BT_354,Blade Dance,刃舞,Random effects|Spell resolution,YELLOW,implemented,partial,2 个机制缺少充分的核心效果验证；逐机制依据见 card_mechanism.csv。,card_mechanism.csv#BT_354; generic-play-smoke:played,聚合状态取该卡最差机制；普通烟测只证明可执行，不能单独构成 GREEN。,ordinary_collectible,SPELL,yes,fireplace/cards/initiate/demonhunter.py:117,Deal damage equal to your hero's Attack to 3 random enemy minions.
17.6.0.53261,Demon Hunter Initiate (DEMON_HUNTER_INITIATE),BT_355,Wrathscale Naga,怒鳞纳迦,Random effects|Trigger,YELLOW,implemented,partial,2 个机制缺少充分的核心效果验证；逐机制依据见 card_mechanism.csv。,card_mechanism.csv#BT_355; generic-play-smoke:played,聚合状态取该卡最差机制；普通烟测只证明可执行，不能单独构成 GREEN。,ordinary_collectible,MINION,yes,fireplace/cards/initiate/demonhunter.py:18,"After a friendly minion dies, deal 3 damage to a random enemy."
17.6.0.53261,Demon Hunter Initiate (DEMON_HUNTER_INITIATE),BT_407,Ur'zul Horror,乌祖尔恐魔,Deathrattle,YELLOW,implemented,partial,1 个机制缺少充分的核心效果验证；逐机制依据见 card_mechanism.csv。,card_mechanism.csv#BT_407; generic-play-smoke:played,聚合状态取该卡最差机制；普通烟测只证明可执行，不能单独构成 GREEN。,ordinary_collectible,MINION,yes,fireplace/cards/initiate/demonhunter.py:25,Deathrattle: Add a 2/1 Lost Soul to your hand.
17.6.0.53261,Demon Hunter Initiate (DEMON_HUNTER_INITIATE),BT_416,Raging Felscreamer,暴怒邪吼者,Battlecry|Cost modification,YELLOW,implemented,partial,2 个机制缺少充分的核心效果验证；逐机制依据见 card_mechanism.csv。,card_mechanism.csv#BT_416; generic-play-smoke:played,聚合状态取该卡最差机制；普通烟测只证明可执行，不能单独构成 GREEN。,ordinary_collectible,MINION,yes,fireplace/cards/initiate/demonhunter.py:32,Battlecry: The next Demon you play costs (2) less.
17.6.0.53261,Demon Hunter Initiate (DEMON_HUNTER_INITIATE),BT_481,Nethrandamus,奈瑟兰达姆斯,Battlecry|Random effects|Summon|Trigger,YELLOW,implemented,partial,4 个机制缺少充分的核心效果验证；逐机制依据见 card_mechanism.csv。,card_mechanism.csv#BT_481; generic-play-smoke:played,聚合状态取该卡最差机制；普通烟测只证明可执行，不能单独构成 GREEN。,ordinary_collectible,MINION,yes,fireplace/cards/initiate/demonhunter.py:44,[x]Battlecry: Summon two random @-Cost minions. (Upgrades each time a friendly minion dies!)
17.6.0.53261,Demon Hunter Initiate (DEMON_HUNTER_INITIATE),BT_487,Hulking Overfiend,巨型大恶魔,Rush|Trigger,YELLOW,implemented,partial,2 个机制缺少充分的核心效果验证；逐机制依据见 card_mechanism.csv。,card_mechanism.csv#BT_487; generic-play-smoke:played,聚合状态取该卡最差机制；普通烟测只证明可执行，不能单独构成 GREEN。,ordinary_collectible,MINION,yes,fireplace/cards/initiate/demonhunter.py:57,"Rush. After this attacks and kills a minion, it may attack again."
17.6.0.53261,Demon Hunter Initiate (DEMON_HUNTER_INITIATE),BT_488,Soul Split,灵魂分裂,Spell resolution|Summon|Targeting,YELLOW,implemented,partial,3 个机制缺少充分的核心效果验证；逐机制依据见 card_mechanism.csv。,card_mechanism.csv#BT_488; generic-play-smoke:unplayable_in_generic_setup,聚合状态取该卡最差机制；普通烟测只证明可执行，不能单独构成 GREEN。,ordinary_collectible,SPELL,yes,fireplace/cards/initiate/demonhunter.py:132,Choose a friendly Demon. Summon a copy of it.
17.6.0.53261,Demon Hunter Initiate (DEMON_HUNTER_INITIATE),BT_490,Consume Magic,吞噬魔法,Draw / Discard|Outcast|Silence|Spell resolution|Targeting,YELLOW,implemented,partial,5 个机制缺少充分的核心效果验证；逐机制依据见 card_mechanism.csv。,card_mechanism.csv#BT_490; generic-play-smoke:played,聚合状态取该卡最差机制；普通烟测只证明可执行，不能单独构成 GREEN。,ordinary_collectible,SPELL,yes,fireplace/cards/initiate/demonhunter.py:144,Silence an enemy minion. Outcast: Draw a card.
17.6.0.53261,Demon Hunter Initiate (DEMON_HUNTER_INITIATE),BT_510,Wrathspike Brute,怒刺蛮兵,Taunt|Trigger,YELLOW,implemented,partial,2 个机制缺少充分的核心效果验证；逐机制依据见 card_mechanism.csv。,card_mechanism.csv#BT_510; generic-play-smoke:played,聚合状态取该卡最差机制；普通烟测只证明可执行，不能单独构成 GREEN。,ordinary_collectible,MINION,yes,fireplace/cards/initiate/demonhunter.py:64,"[x]Taunt After this is attacked, deal 1 damage to all enemies."
17.6.0.53261,Demon Hunter Initiate (DEMON_HUNTER_INITIATE),BT_752,Blur,疾影,Spell resolution,YELLOW,implemented,partial,1 个机制缺少充分的核心效果验证；逐机制依据见 card_mechanism.csv。,card_mechanism.csv#BT_752; generic-play-smoke:played,聚合状态取该卡最差机制；普通烟测只证明可执行，不能单独构成 GREEN。,ordinary_collectible,SPELL,yes,fireplace/cards/initiate/demonhunter.py:156,Your hero can't take damage this turn.
17.6.0.53261,Demon Hunter Initiate (DEMON_HUNTER_INITIATE),BT_814,Illidari Felblade,伊利达雷邪刃武士,Outcast|Rush,YELLOW,implemented,partial,2 个机制缺少充分的核心效果验证；逐机制依据见 card_mechanism.csv。,card_mechanism.csv#BT_814; generic-play-smoke:played,聚合状态取该卡最差机制；普通烟测只证明可执行，不能单独构成 GREEN。,ordinary_collectible,MINION,yes,fireplace/cards/initiate/demonhunter.py:71,Rush Outcast: Gain Immune this turn.
17.6.0.53261,Demon Hunter Initiate (DEMON_HUNTER_INITIATE),BT_922,Umberwing,棕红之翼,Battlecry|Summon|Weapon,YELLOW,implemented,partial,3 个机制缺少充分的核心效果验证；逐机制依据见 card_mechanism.csv。,card_mechanism.csv#BT_922; generic-play-smoke:played,聚合状态取该卡最差机制；普通烟测只证明可执行，不能单独构成 GREEN。,ordinary_collectible,WEAPON,yes,fireplace/cards/initiate/demonhunter.py:201,Battlecry: Summon two 1/1 Felwings.
17.6.0.53261,Demon Hunter Initiate (DEMON_HUNTER_INITIATE),BT_937,Altruis the Outcast,流放者奥图里斯,Trigger,YELLOW,implemented,partial,1 个机制缺少充分的核心效果验证；逐机制依据见 card_mechanism.csv。,card_mechanism.csv#BT_937; generic-play-smoke:played,聚合状态取该卡最差机制；普通烟测只证明可执行，不能单独构成 GREEN。,ordinary_collectible,MINION,yes,fireplace/cards/initiate/demonhunter.py:81,"[x]After you play the left- or right-most card in your hand, deal 1 damage to all enemies."
17.6.0.53261,Descent of Dragons (DRAGONS),DRG_006,Corrosive Breath,腐蚀吐息,Spell resolution|Targeting,YELLOW,implemented,partial,2 个机制缺少充分的核心效果验证；逐机制依据见 card_mechanism.csv。,card_mechanism.csv#DRG_006; generic-play-smoke:played,聚合状态取该卡最差机制；普通烟测只证明可执行，不能单独构成 GREEN。,ordinary_collectible,SPELL,yes,fireplace/cards/dragons/hunter.py:60,"[x]Deal $3 damage to a minion. If you're holding a Dragon, it also hits the enemy hero."
17.6.0.53261,Descent of Dragons (DRAGONS),DRG_007,Stormhammer,风暴之锤,Continuous effect / Update|Weapon,YELLOW,implemented,partial,2 个机制缺少充分的核心效果验证；逐机制依据见 card_mechanism.csv。,card_mechanism.csv#DRG_007; generic-play-smoke:played,聚合状态取该卡最差机制；普通烟测只证明可执行，不能单独构成 GREEN。,ordinary_collectible,WEAPON,yes,fireplace/cards/dragons/hunter.py:96,Doesn't lose Durability while you control a Dragon.
17.6.0.53261,Descent of Dragons (DRAGONS),DRG_008,Righteous Cause,正义感召,Spell resolution|Summon,YELLOW,implemented,partial,2 个机制缺少充分的核心效果验证；逐机制依据见 card_mechanism.csv。,card_mechanism.csv#DRG_008; generic-play-smoke:played,聚合状态取该卡最差机制；普通烟测只证明可执行，不能单独构成 GREEN。,ordinary_collectible,SPELL,yes,fireplace/cards/dragons/paladin.py:81,Sidequest: Summon 5 minions. Reward: Give your minions +1/+1.
17.6.0.53261,Descent of Dragons (DRAGONS),DRG_010,Diving Gryphon,俯冲狮鹫,Battlecry|Draw / Discard|Rush,YELLOW,implemented,partial,3 个机制缺少充分的核心效果验证；逐机制依据见 card_mechanism.csv。,card_mechanism.csv#DRG_010; generic-play-smoke:played,聚合状态取该卡最差机制；普通烟测只证明可执行，不能单独构成 GREEN。,ordinary_collectible,MINION,yes,fireplace/cards/dragons/hunter.py:8,Rush Battlecry: Draw a Rush minion from your deck.
17.6.0.53261,Descent of Dragons (DRAGONS),DRG_019,Scion of Ruin,废墟之子,Battlecry|Rush|Summon,YELLOW,implemented,partial,3 个机制缺少充分的核心效果验证；逐机制依据见 card_mechanism.csv。,card_mechanism.csv#DRG_019; generic-play-smoke:played,聚合状态取该卡最差机制；普通烟测只证明可执行，不能单独构成 GREEN。,ordinary_collectible,MINION,yes,fireplace/cards/dragons/warrior.py:8,"Rush. Battlecry: If you've Invoked twice, summon 2 copies of this."
17.6.0.53261,Descent of Dragons (DRAGONS),DRG_020,EVIL Quartermaster,怪盗军需官,Battlecry|Random effects,YELLOW,implemented,partial,2 个机制缺少充分的核心效果验证；逐机制依据见 card_mechanism.csv。,card_mechanism.csv#DRG_020; generic-play-smoke:played,聚合状态取该卡最差机制；普通烟测只证明可执行，不能单独构成 GREEN。,ordinary_collectible,MINION,yes,fireplace/cards/dragons/warrior.py:16,Battlecry: Add a Lackey to your hand. Gain 3 Armor.
17.6.0.53261,Descent of Dragons (DRAGONS),DRG_021,Ritual Chopper,仪式斩斧,Battlecry|Weapon,YELLOW,implemented,partial,2 个机制缺少充分的核心效果验证；逐机制依据见 card_mechanism.csv。,card_mechanism.csv#DRG_021; generic-play-smoke:played,聚合状态取该卡最差机制；普通烟测只证明可执行，不能单独构成 GREEN。,ordinary_collectible,WEAPON,yes,fireplace/cards/dragons/warrior.py:82,Battlecry: Invoke Galakrond.
17.6.0.53261,Descent of Dragons (DRAGONS),DRG_022,Ramming Speed,横冲直撞,Spell resolution|Targeting,YELLOW,implemented,partial,2 个机制缺少充分的核心效果验证；逐机制依据见 card_mechanism.csv。,card_mechanism.csv#DRG_022; generic-play-smoke:played,聚合状态取该卡最差机制；普通烟测只证明可执行，不能单独构成 GREEN。,ordinary_collectible,SPELL,yes,fireplace/cards/dragons/warrior.py:54,Force a minion to attack one of its neighbors.
17.6.0.53261,Descent of Dragons (DRAGONS),DRG_023,Skybarge,空中炮艇,Random effects|Summon|Trigger,YELLOW,implemented,partial,3 个机制缺少充分的核心效果验证；逐机制依据见 card_mechanism.csv。,card_mechanism.csv#DRG_023; generic-play-smoke:played,聚合状态取该卡最差机制；普通烟测只证明可执行，不能单独构成 GREEN。,ordinary_collectible,MINION,yes,fireplace/cards/dragons/warrior.py:23,"[x]After you summon a Pirate, deal 2 damage to a random enemy."
17.6.0.53261,Descent of Dragons (DRAGONS),DRG_024,Sky Raider,空中悍匪,Battlecry|Random effects,YELLOW,implemented,partial,2 个机制缺少充分的核心效果验证；逐机制依据见 card_mechanism.csv。,card_mechanism.csv#DRG_024; generic-play-smoke:played,聚合状态取该卡最差机制；普通烟测只证明可执行，不能单独构成 GREEN。,ordinary_collectible,MINION,yes,fireplace/cards/dragons/warrior.py:30,Battlecry: Add a random Pirate to your hand.
17.6.0.53261,Descent of Dragons (DRAGONS),DRG_025,Ancharrr,海盗之锚,Draw / Discard|Trigger|Weapon,YELLOW,implemented,partial,3 个机制缺少充分的核心效果验证；逐机制依据见 card_mechanism.csv。,card_mechanism.csv#DRG_025; generic-play-smoke:played,聚合状态取该卡最差机制；普通烟测只证明可执行，不能单独构成 GREEN。,ordinary_collectible,WEAPON,yes,fireplace/cards/dragons/warrior.py:89,"After your hero attacks, draw a Pirate from your deck."
17.6.0.53261,Descent of Dragons (DRAGONS),DRG_026,"Deathwing, Mad Aspect",疯狂巨龙死亡之翼,Battlecry,YELLOW,implemented,partial,1 个机制缺少充分的核心效果验证；逐机制依据见 card_mechanism.csv。,card_mechanism.csv#DRG_026; generic-play-smoke:played,聚合状态取该卡最差机制；普通烟测只证明可执行，不能单独构成 GREEN。,ordinary_collectible,MINION,yes,fireplace/cards/dragons/warrior.py:37,Battlecry: Attack ALL other minions.
17.6.0.53261,Descent of Dragons (DRAGONS),DRG_027,Umbral Skulker,幽影潜藏者,Battlecry,YELLOW,implemented,partial,1 个机制缺少充分的核心效果验证；逐机制依据见 card_mechanism.csv。,card_mechanism.csv#DRG_027; generic-play-smoke:played,聚合状态取该卡最差机制；普通烟测只证明可执行，不能单独构成 GREEN。,ordinary_collectible,MINION,yes,fireplace/cards/dragons/rogue.py:8,"[x]Battlecry: If you've Invoked twice, add 3 Coins to your hand."
17.6.0.53261,Descent of Dragons (DRAGONS),DRG_028,Dragon's Hoard,巨龙宝藏,Discover / Choice|Random effects|Spell resolution,YELLOW,implemented,partial,3 个机制缺少充分的核心效果验证；逐机制依据见 card_mechanism.csv。,card_mechanism.csv#DRG_028; generic-play-smoke:played,聚合状态取该卡最差机制；普通烟测只证明可执行，不能单独构成 GREEN。,ordinary_collectible,SPELL,yes,fireplace/cards/dragons/rogue.py:71,Discover a Legendary minion from another class.
17.6.0.53261,Descent of Dragons (DRAGONS),DRG_030,Praise Galakrond!,赞美迦拉克隆,Spell resolution|Targeting,YELLOW,implemented,partial,2 个机制缺少充分的核心效果验证；逐机制依据见 card_mechanism.csv。,card_mechanism.csv#DRG_030; generic-play-smoke:played,聚合状态取该卡最差机制；普通烟测只证明可执行，不能单独构成 GREEN。,ordinary_collectible,SPELL,yes,fireplace/cards/dragons/rogue.py:78,[x]Give a minion +1 Attack. Invoke Galakrond.
17.6.0.53261,Descent of Dragons (DRAGONS),DRG_031,Necrium Apothecary,死金药剂师,Combo|Draw / Discard|Targeting,YELLOW,implemented,partial,3 个机制缺少充分的核心效果验证；逐机制依据见 card_mechanism.csv。,card_mechanism.csv#DRG_031; generic-play-smoke:played,聚合状态取该卡最差机制；普通烟测只证明可执行，不能单独构成 GREEN。,ordinary_collectible,MINION,yes,fireplace/cards/dragons/rogue.py:16,Combo: Draw a Deathrattle minion from your deck and gain its Deathrattle.
17.6.0.53261,Descent of Dragons (DRAGONS),DRG_033,Candle Breath,烛火吐息,Cost modification|Draw / Discard|Spell resolution,YELLOW,implemented,partial,3 个机制缺少充分的核心效果验证；逐机制依据见 card_mechanism.csv。,card_mechanism.csv#DRG_033; generic-play-smoke:played,聚合状态取该卡最差机制；普通烟测只证明可执行，不能单独构成 GREEN。,ordinary_collectible,SPELL,yes,fireplace/cards/dragons/rogue.py:89,Draw 3 cards. Costs (3) less while you're holding a Dragon.
17.6.0.53261,Descent of Dragons (DRAGONS),DRG_034,Stowaway,偷渡者,Battlecry|Draw / Discard,YELLOW,implemented,partial,2 个机制缺少充分的核心效果验证；逐机制依据见 card_mechanism.csv。,card_mechanism.csv#DRG_034; generic-play-smoke:played,聚合状态取该卡最差机制；普通烟测只证明可执行，不能单独构成 GREEN。,ordinary_collectible,MINION,yes,fireplace/cards/dragons/rogue.py:26,"[x]Battlecry: If there are cards in your deck that didn't start there, draw 2 of them."
17.6.0.53261,Descent of Dragons (DRAGONS),DRG_035,Bloodsail Flybooter,血帆飞贼,Battlecry,YELLOW,implemented,partial,1 个机制缺少充分的核心效果验证；逐机制依据见 card_mechanism.csv。,card_mechanism.csv#DRG_035; generic-play-smoke:played,聚合状态取该卡最差机制；普通烟测只证明可执行，不能单独构成 GREEN。,ordinary_collectible,MINION,yes,fireplace/cards/dragons/rogue.py:34,Battlecry: Add two 1/1 Pirates to your hand.
17.6.0.53261,Descent of Dragons (DRAGONS),DRG_036,Waxadred,蜡烛巨龙,Deathrattle|Trigger,YELLOW,implemented,partial,2 个机制缺少充分的核心效果验证；逐机制依据见 card_mechanism.csv。,card_mechanism.csv#DRG_036; generic-play-smoke:played,聚合状态取该卡最差机制；普通烟测只证明可执行，不能单独构成 GREEN。,ordinary_collectible,MINION,yes,fireplace/cards/dragons/rogue.py:41,[x]Deathrattle: Shuffle a Candle into your deck that resummons Waxadred when drawn.
17.6.0.53261,Descent of Dragons (DRAGONS),DRG_037,Flik Skyshiv,菲里克·飞刺,Battlecry|Targeting,YELLOW,implemented,partial,2 个机制缺少充分的核心效果验证；逐机制依据见 card_mechanism.csv。,card_mechanism.csv#DRG_037; generic-play-smoke:played,聚合状态取该卡最差机制；普通烟测只证明可执行，不能单独构成 GREEN。,ordinary_collectible,MINION,yes,fireplace/cards/dragons/rogue.py:54,[x]Battlecry: Destroy a minion and all copies of it (wherever they are).
17.6.0.53261,Descent of Dragons (DRAGONS),DRG_049,Tasty Flyfish,美味飞鱼,Deathrattle,YELLOW,implemented,partial,1 个机制缺少充分的核心效果验证；逐机制依据见 card_mechanism.csv。,card_mechanism.csv#DRG_049; generic-play-smoke:played,聚合状态取该卡最差机制；普通烟测只证明可执行，不能单独构成 GREEN。,ordinary_collectible,MINION,yes,fireplace/cards/dragons/neutral_common.py:8,Deathrattle: Give a Dragon in your hand +2/+2.
17.6.0.53261,Descent of Dragons (DRAGONS),DRG_050,Devoted Maniac,虔信狂徒,Battlecry|Rush,YELLOW,implemented,partial,2 个机制缺少充分的核心效果验证；逐机制依据见 card_mechanism.csv。,card_mechanism.csv#DRG_050; generic-play-smoke:played,聚合状态取该卡最差机制；普通烟测只证明可执行，不能单独构成 GREEN。,ordinary_collectible,MINION,yes,fireplace/cards/dragons/neutral_common.py:18,Rush Battlecry: Invoke Galakrond.
17.6.0.53261,Descent of Dragons (DRAGONS),DRG_051,Strength in Numbers,人多势众,Spell resolution|Summon,YELLOW,implemented,partial,2 个机制缺少充分的核心效果验证；逐机制依据见 card_mechanism.csv。,card_mechanism.csv#DRG_051; generic-play-smoke:played,聚合状态取该卡最差机制；普通烟测只证明可执行，不能单独构成 GREEN。,ordinary_collectible,SPELL,yes,fireplace/cards/dragons/druid.py:53,Sidequest: Spend 10 Mana on minions. Reward: Summon a minion from your deck.
17.6.0.53261,Descent of Dragons (DRAGONS),DRG_054,Big Ol' Whelp,雏龙巨婴,Battlecry|Draw / Discard,YELLOW,implemented,partial,2 个机制缺少充分的核心效果验证；逐机制依据见 card_mechanism.csv。,card_mechanism.csv#DRG_054; generic-play-smoke:played,聚合状态取该卡最差机制；普通烟测只证明可执行，不能单独构成 GREEN。,ordinary_collectible,MINION,yes,fireplace/cards/dragons/neutral_common.py:25,Battlecry: Draw a card.
17.6.0.53261,Descent of Dragons (DRAGONS),DRG_055,Hoard Pillager,藏宝匪贼,Battlecry|Summon,YELLOW,implemented,partial,2 个机制缺少充分的核心效果验证；逐机制依据见 card_mechanism.csv。,card_mechanism.csv#DRG_055; generic-play-smoke:played,聚合状态取该卡最差机制；普通烟测只证明可执行，不能单独构成 GREEN。,ordinary_collectible,MINION,yes,fireplace/cards/dragons/neutral_rare.py:8,Battlecry: Equip one of your destroyed weapons.
17.6.0.53261,Descent of Dragons (DRAGONS),DRG_056,Parachute Brigand,空降歹徒,Summon|Trigger,YELLOW,implemented,partial,2 个机制缺少充分的核心效果验证；逐机制依据见 card_mechanism.csv。,card_mechanism.csv#DRG_056; generic-play-smoke:played,聚合状态取该卡最差机制；普通烟测只证明可执行，不能单独构成 GREEN。,ordinary_collectible,MINION,yes,fireplace/cards/dragons/neutral_common.py:32,"[x]After you play a Pirate, summon this minion from your hand."
17.6.0.53261,Descent of Dragons (DRAGONS),DRG_057,Hot Air Balloon,热气球,Trigger,YELLOW,implemented,partial,1 个机制缺少充分的核心效果验证；逐机制依据见 card_mechanism.csv。,card_mechanism.csv#DRG_057; generic-play-smoke:played,聚合状态取该卡最差机制；普通烟测只证明可执行，不能单独构成 GREEN。,ordinary_collectible,MINION,yes,fireplace/cards/dragons/neutral_common.py:40,"At the start of your turn, gain +1 Health."
17.6.0.53261,Descent of Dragons (DRAGONS),DRG_059,Goboglide Tech,地精滑翔技师,Battlecry,YELLOW,implemented,partial,1 个机制缺少充分的核心效果验证；逐机制依据见 card_mechanism.csv。,card_mechanism.csv#DRG_059; generic-play-smoke:played,聚合状态取该卡最差机制；普通烟测只证明可执行，不能单独构成 GREEN。,ordinary_collectible,MINION,yes,fireplace/cards/dragons/neutral_common.py:60,"Battlecry: If you control a Mech, gain +1/+1 and Rush."
17.6.0.53261,Descent of Dragons (DRAGONS),DRG_060,Fire Hawk,火鹰,Battlecry,YELLOW,implemented,partial,1 个机制缺少充分的核心效果验证；逐机制依据见 card_mechanism.csv。,card_mechanism.csv#DRG_060; generic-play-smoke:played,聚合状态取该卡最差机制；普通烟测只证明可执行，不能单独构成 GREEN。,ordinary_collectible,MINION,yes,fireplace/cards/dragons/neutral_common.py:71,Battlecry: Gain +1 Attack for each card in your opponent's hand.
17.6.0.53261,Descent of Dragons (DRAGONS),DRG_061,Gyrocopter,旋翼机,Rush|Windfury,YELLOW,implemented,partial,2 个机制缺少充分的核心效果验证；逐机制依据见 card_mechanism.csv。,card_mechanism.csv#DRG_061; generic-play-smoke:played,聚合状态取该卡最差机制；普通烟测只证明可执行，不能单独构成 GREEN。,ordinary_collectible,MINION,yes,,Rush Windfury
17.6.0.53261,Descent of Dragons (DRAGONS),DRG_062,Wyrmrest Purifier,龙眠净化者,Battlecry|Random effects|Transform,YELLOW,implemented,partial,3 个机制缺少充分的核心效果验证；逐机制依据见 card_mechanism.csv。,card_mechanism.csv#DRG_062; generic-play-smoke:played,聚合状态取该卡最差机制；普通烟测只证明可执行，不能单独构成 GREEN。,ordinary_collectible,MINION,yes,fireplace/cards/dragons/neutral_epic.py:8,[x]Battlecry: Transform all Neutral cards in your deck into random cards from your class.
17.6.0.53261,Descent of Dragons (DRAGONS),DRG_063,Dragonmaw Poacher,龙喉偷猎者,Battlecry,YELLOW,implemented,partial,1 个机制缺少充分的核心效果验证；逐机制依据见 card_mechanism.csv。,card_mechanism.csv#DRG_063; generic-play-smoke:played,聚合状态取该卡最差机制；普通烟测只证明可执行，不能单独构成 GREEN。,ordinary_collectible,MINION,yes,fireplace/cards/dragons/neutral_rare.py:15,"Battlecry: If your opponent controls a Dragon, gain +4/+4 and Rush."
17.6.0.53261,Descent of Dragons (DRAGONS),DRG_064,Zul'Drak Ritualist,祖达克仪祭师,Battlecry|Random effects|Summon|Taunt,YELLOW,implemented,partial,4 个机制缺少充分的核心效果验证；逐机制依据见 card_mechanism.csv。,card_mechanism.csv#DRG_064; generic-play-smoke:played,聚合状态取该卡最差机制；普通烟测只证明可执行，不能单独构成 GREEN。,ordinary_collectible,MINION,yes,fireplace/cards/dragons/neutral_rare.py:26,[x]Taunt  Battlecry: Summon three random 1-Cost minions for your opponent.
17.6.0.53261,Descent of Dragons (DRAGONS),DRG_065,Hippogryph,角鹰兽,Rush|Taunt,YELLOW,implemented,partial,2 个机制缺少充分的核心效果验证；逐机制依据见 card_mechanism.csv。,card_mechanism.csv#DRG_065; generic-play-smoke:played,聚合状态取该卡最差机制；普通烟测只证明可执行，不能单独构成 GREEN。,ordinary_collectible,MINION,yes,,Rush Taunt
17.6.0.53261,Descent of Dragons (DRAGONS),DRG_066,Evasive Chimaera,辟法奇美拉,Poisonous|Untargetable,YELLOW,implemented,partial,2 个机制缺少充分的核心效果验证；逐机制依据见 card_mechanism.csv。,card_mechanism.csv#DRG_066; generic-play-smoke:played,聚合状态取该卡最差机制；普通烟测只证明可执行，不能单独构成 GREEN。,ordinary_collectible,MINION,yes,,Poisonous Can't be targeted by spells or Hero Powers.
17.6.0.53261,Descent of Dragons (DRAGONS),DRG_067,Troll Batrider,巨魔蝙蝠骑士,Battlecry|Random effects,YELLOW,implemented,partial,2 个机制缺少充分的核心效果验证；逐机制依据见 card_mechanism.csv。,card_mechanism.csv#DRG_067; generic-play-smoke:played,聚合状态取该卡最差机制；普通烟测只证明可执行，不能单独构成 GREEN。,ordinary_collectible,MINION,yes,fireplace/cards/dragons/neutral_common.py:81,Battlecry: Deal 3 damage to a random enemy minion.
17.6.0.53261,Descent of Dragons (DRAGONS),DRG_068,Living Dragonbreath,活化龙息,Aura|Continuous effect / Update,YELLOW,implemented,partial,2 个机制缺少充分的核心效果验证；逐机制依据见 card_mechanism.csv。,card_mechanism.csv#DRG_068; generic-play-smoke:played,聚合状态取该卡最差机制；普通烟测只证明可执行，不能单独构成 GREEN。,ordinary_collectible,MINION,yes,fireplace/cards/dragons/neutral_common.py:88,Your minions can't be Frozen.
17.6.0.53261,Descent of Dragons (DRAGONS),DRG_069,Platebreaker,破甲骑士,Battlecry,YELLOW,implemented,partial,1 个机制缺少充分的核心效果验证；逐机制依据见 card_mechanism.csv。,card_mechanism.csv#DRG_069; generic-play-smoke:played,聚合状态取该卡最差机制；普通烟测只证明可执行，不能单独构成 GREEN。,ordinary_collectible,MINION,yes,fireplace/cards/dragons/neutral_common.py:95,Battlecry: Destroy your opponent's Armor.
17.6.0.53261,Descent of Dragons (DRAGONS),DRG_070,Dragon Breeder,幼龙饲养员,Battlecry|Targeting,YELLOW,implemented,partial,2 个机制缺少充分的核心效果验证；逐机制依据见 card_mechanism.csv。,card_mechanism.csv#DRG_070; generic-play-smoke:played,聚合状态取该卡最差机制；普通烟测只证明可执行，不能单独构成 GREEN。,ordinary_collectible,MINION,yes,fireplace/cards/dragons/neutral_rare.py:34,Battlecry: Choose a friendly Dragon. Add a copy of it to your hand.
17.6.0.53261,Descent of Dragons (DRAGONS),DRG_071,Bad Luck Albatross,厄运信天翁,Deathrattle,YELLOW,implemented,partial,1 个机制缺少充分的核心效果验证；逐机制依据见 card_mechanism.csv。,card_mechanism.csv#DRG_071; generic-play-smoke:played,聚合状态取该卡最差机制；普通烟测只证明可执行，不能单独构成 GREEN。,ordinary_collectible,MINION,yes,fireplace/cards/dragons/neutral_rare.py:47,Deathrattle: Shuffle two 1/1 Albatross into your opponent's deck.
17.6.0.53261,Descent of Dragons (DRAGONS),DRG_072,Skyfin,飞天鱼人,Battlecry|Random effects|Summon,YELLOW,implemented,partial,3 个机制缺少充分的核心效果验证；逐机制依据见 card_mechanism.csv。,card_mechanism.csv#DRG_072; generic-play-smoke:played,聚合状态取该卡最差机制；普通烟测只证明可执行，不能单独构成 GREEN。,ordinary_collectible,MINION,yes,fireplace/cards/dragons/neutral_epic.py:16,"Battlecry: If you're holding a Dragon, summon 2 random Murlocs."
17.6.0.53261,Descent of Dragons (DRAGONS),DRG_073,Evasive Feywing,辟法灵龙,Untargetable,YELLOW,implemented,partial,1 个机制缺少充分的核心效果验证；逐机制依据见 card_mechanism.csv。,card_mechanism.csv#DRG_073; generic-play-smoke:played,聚合状态取该卡最差机制；普通烟测只证明可执行，不能单独构成 GREEN。,ordinary_collectible,MINION,yes,,Can't be targeted by spells or Hero Powers.
17.6.0.53261,Descent of Dragons (DRAGONS),DRG_074,Camouflaged Dirigible,迷彩飞艇,Battlecry,YELLOW,implemented,partial,1 个机制缺少充分的核心效果验证；逐机制依据见 card_mechanism.csv。,card_mechanism.csv#DRG_074; generic-play-smoke:played,聚合状态取该卡最差机制；普通烟测只证明可执行，不能单独构成 GREEN。,ordinary_collectible,MINION,yes,fireplace/cards/dragons/neutral_common.py:103,Battlecry: Give your other Mechs Stealth until your next turn.
17.6.0.53261,Descent of Dragons (DRAGONS),DRG_075,Cobalt Spellkin,深蓝系咒师,Battlecry|Random effects,YELLOW,implemented,partial,2 个机制缺少充分的核心效果验证；逐机制依据见 card_mechanism.csv。,card_mechanism.csv#DRG_075; generic-play-smoke:played,聚合状态取该卡最差机制；普通烟测只证明可执行，不能单独构成 GREEN。,ordinary_collectible,MINION,yes,fireplace/cards/dragons/neutral_rare.py:54,Battlecry: Add two 1-Cost spells from your class to your hand.
17.6.0.53261,Descent of Dragons (DRAGONS),DRG_076,Faceless Corruptor,无面腐蚀者,Battlecry|Rush|Targeting|Transform,YELLOW,implemented,partial,4 个机制缺少充分的核心效果验证；逐机制依据见 card_mechanism.csv。,card_mechanism.csv#DRG_076; generic-play-smoke:played,聚合状态取该卡最差机制；普通烟测只证明可执行，不能单独构成 GREEN。,ordinary_collectible,MINION,yes,fireplace/cards/dragons/neutral_rare.py:61,[x]Rush. Battlecry: Transform one of your minions into a copy of this.
17.6.0.53261,Descent of Dragons (DRAGONS),DRG_077,Utgarde Grapplesniper,乌特加德鱼叉射手,Battlecry|Draw / Discard|Summon,YELLOW,implemented,partial,3 个机制缺少充分的核心效果验证；逐机制依据见 card_mechanism.csv。,card_mechanism.csv#DRG_077; generic-play-smoke:played,聚合状态取该卡最差机制；普通烟测只证明可执行，不能单独构成 GREEN。,ordinary_collectible,MINION,yes,fireplace/cards/dragons/neutral_rare.py:73,"Battlecry: Both players draw a card. If it's a Dragon, summon it."
17.6.0.53261,Descent of Dragons (DRAGONS),DRG_078,Depth Charge,深潜炸弹,Trigger,YELLOW,implemented,partial,1 个机制缺少充分的核心效果验证；逐机制依据见 card_mechanism.csv。,card_mechanism.csv#DRG_078; generic-play-smoke:played,聚合状态取该卡最差机制；普通烟测只证明可执行，不能单独构成 GREEN。,ordinary_collectible,MINION,yes,fireplace/cards/dragons/neutral_rare.py:83,"At the start of your turn, deal 5 damage to ALL minions."
17.6.0.53261,Descent of Dragons (DRAGONS),DRG_079,Evasive Wyrm,辟法巨龙,Divine Shield|Rush|Untargetable,YELLOW,implemented,partial,3 个机制缺少充分的核心效果验证；逐机制依据见 card_mechanism.csv。,card_mechanism.csv#DRG_079; generic-play-smoke:played,聚合状态取该卡最差机制；普通烟测只证明可执行，不能单独构成 GREEN。,ordinary_collectible,MINION,yes,,Divine Shield. Rush. Can't be targeted by spells or Hero Powers.
17.6.0.53261,Descent of Dragons (DRAGONS),DRG_081,Scalerider,锐鳞骑士,Battlecry|Targeting,YELLOW,implemented,partial,2 个机制缺少充分的核心效果验证；逐机制依据见 card_mechanism.csv。,card_mechanism.csv#DRG_081; generic-play-smoke:played,聚合状态取该卡最差机制；普通烟测只证明可执行，不能单独构成 GREEN。,ordinary_collectible,MINION,yes,fireplace/cards/dragons/neutral_common.py:117,"Battlecry: If you're holding a Dragon, deal 2 damage."
17.6.0.53261,Descent of Dragons (DRAGONS),DRG_082,Kobold Stickyfinger,黏指狗头人,Battlecry,YELLOW,implemented,partial,1 个机制缺少充分的核心效果验证；逐机制依据见 card_mechanism.csv。,card_mechanism.csv#DRG_082; generic-play-smoke:played,聚合状态取该卡最差机制；普通烟测只证明可执行，不能单独构成 GREEN。,ordinary_collectible,MINION,yes,fireplace/cards/dragons/neutral_epic.py:24,Battlecry: Steal your opponent's weapon.
17.6.0.53261,Descent of Dragons (DRAGONS),DRG_084,Tentacled Menace,触手恐吓者,Battlecry|Draw / Discard,YELLOW,implemented,partial,2 个机制缺少充分的核心效果验证；逐机制依据见 card_mechanism.csv。,card_mechanism.csv#DRG_084; generic-play-smoke:played,聚合状态取该卡最差机制；普通烟测只证明可执行，不能单独构成 GREEN。,ordinary_collectible,MINION,yes,fireplace/cards/dragons/neutral_epic.py:31,Battlecry: Each player draws a card. Swap their Costs.
17.6.0.53261,Descent of Dragons (DRAGONS),DRG_086,Chromatic Egg,多彩龙卵,Battlecry|Deathrattle|Discover / Choice|Random effects,YELLOW,implemented,partial,3 个机制缺少充分的核心效果验证；逐机制依据见 card_mechanism.csv。,"card_mechanism.csv#DRG_086; generic-play-smoke:played; effect-evidence: fireplace/cards/CardDefs.xml#DRG_086; fireplace/cards/dragons/neutral_epic.py:43; tests/test_carddb.py:49:test_deathrattle_scripts; smoke:death_processed_no_active_actions:pass_no_active_actions; delta={""friendly_field"":{""before"":[""DRG_086""],""after"":[]},""friendly_graveyard"":{""before"":[],""after"":[""DRG_086""]}}; prereq:pass;assertions={""discover_choice_resolved"":true,""egg_received_dynamic_deathrattle"":true,""egg_processed_death"":true,""chosen_dragon_hatched"":true};observations={""discover_options"":[""DRG_079"",""EX1_562"",""DAL_609""],""chosen_dragon_id"":""DRG_079"",""egg_zone_before_death"":""Zone.PLAY"",""egg_buffs"":[""DRG_086e""],""deathrattle_action_count"":1,""egg_zone_after_death"":""Zone.GRAVEYARD"",""matching",聚合状态取该卡最差机制；普通烟测只证明可执行，不能单独构成 GREEN。,ordinary_collectible,MINION,yes,fireplace/cards/dragons/neutral_epic.py:43,[x]Battlecry: Secretly Discover a Dragon to hatch into. Deathrattle: Hatch!
17.6.0.53261,Descent of Dragons (DRAGONS),DRG_089,Dragonqueen Alexstrasza,红龙女王阿莱克丝塔萨,Battlecry|Random effects,YELLOW,implemented,partial,2 个机制缺少充分的核心效果验证；逐机制依据见 card_mechanism.csv。,card_mechanism.csv#DRG_089; generic-play-smoke:played,聚合状态取该卡最差机制；普通烟测只证明可执行，不能单独构成 GREEN。,ordinary_collectible,MINION,yes,fireplace/cards/dragons/neutral_legendary.py:8,"[x]Battlecry: If your deck has no duplicates, add 2 other random Dragons to your hand. They cost (1)."
17.6.0.53261,Descent of Dragons (DRAGONS),DRG_090,Murozond the Infinite,永恒巨龙姆诺兹多,Battlecry,YELLOW,implemented,partial,1 个机制缺少充分的核心效果验证；逐机制依据见 card_mechanism.csv。,card_mechanism.csv#DRG_090; generic-play-smoke:played,聚合状态取该卡最差机制；普通烟测只证明可执行，不能单独构成 GREEN。,ordinary_collectible,MINION,yes,fireplace/cards/dragons/priest.py:8,Battlecry: Play all cards your opponent played last turn.
17.6.0.53261,Descent of Dragons (DRAGONS),DRG_091,Shu'ma,舒玛,Trigger,YELLOW,implemented,partial,1 个机制缺少充分的核心效果验证；逐机制依据见 card_mechanism.csv。,card_mechanism.csv#DRG_091; generic-play-smoke:played,聚合状态取该卡最差机制；普通烟测只证明可执行，不能单独构成 GREEN。,ordinary_collectible,MINION,yes,fireplace/cards/dragons/neutral_legendary.py:26,"At the end of your turn, fill your board with 1/1 Tentacles."
17.6.0.53261,Descent of Dragons (DRAGONS),DRG_092,Transmogrifier,幻化师,Draw / Discard|Random effects|Transform|Trigger,YELLOW,implemented,partial,4 个机制缺少充分的核心效果验证；逐机制依据见 card_mechanism.csv。,card_mechanism.csv#DRG_092; generic-play-smoke:played,聚合状态取该卡最差机制；普通烟测只证明可执行，不能单独构成 GREEN。,ordinary_collectible,MINION,yes,fireplace/cards/dragons/neutral_epic.py:65,"Whenever you draw a card, transform it into a random Legendary minion."
17.6.0.53261,Descent of Dragons (DRAGONS),DRG_095,Veranus,维拉努斯,Battlecry,YELLOW,implemented,partial,1 个机制缺少充分的核心效果验证；逐机制依据见 card_mechanism.csv。,card_mechanism.csv#DRG_095; generic-play-smoke:played,聚合状态取该卡最差机制；普通烟测只证明可执行，不能单独构成 GREEN。,ordinary_collectible,MINION,yes,fireplace/cards/dragons/hunter.py:15,Battlecry: Change the Health of all enemy minions to 1.
17.6.0.53261,Descent of Dragons (DRAGONS),DRG_096,Bandersmosh,班德斯莫什,Random effects|Transform|Trigger,YELLOW,implemented,partial,3 个机制缺少充分的核心效果验证；逐机制依据见 card_mechanism.csv。,card_mechanism.csv#DRG_096; generic-play-smoke:played,聚合状态取该卡最差机制；普通烟测只证明可执行，不能单独构成 GREEN。,ordinary_collectible,MINION,yes,fireplace/cards/dragons/shaman.py:8,"[x]Each turn this is in your hand, transform it into a 5/5 copy of a random Legendary minion."
17.6.0.53261,Descent of Dragons (DRAGONS),DRG_099,Kronx Dragonhoof,克罗斯·龙蹄,Battlecry|Draw / Discard,YELLOW,implemented,partial,2 个机制缺少充分的核心效果验证；逐机制依据见 card_mechanism.csv。,card_mechanism.csv#DRG_099; generic-play-smoke:played,聚合状态取该卡最差机制；普通烟测只证明可执行，不能单独构成 GREEN。,ordinary_collectible,MINION,yes,fireplace/cards/dragons/neutral_legendary.py:33,"[x]Battlecry: Draw Galakrond. If you're already Galakrond, unleash a Devastation."
17.6.0.53261,Descent of Dragons (DRAGONS),DRG_102,Azure Explorer,碧蓝龙探险者,Battlecry|Discover / Choice|Random effects|Spell Damage,YELLOW,implemented,partial,4 个机制缺少充分的核心效果验证；逐机制依据见 card_mechanism.csv。,card_mechanism.csv#DRG_102; generic-play-smoke:played,聚合状态取该卡最差机制；普通烟测只证明可执行，不能单独构成 GREEN。,ordinary_collectible,MINION,yes,fireplace/cards/dragons/mage.py:8,Spell Damage +2 Battlecry: Discover a Dragon.
17.6.0.53261,Descent of Dragons (DRAGONS),DRG_104,Chenvaala,齐恩瓦拉,Summon|Trigger,YELLOW,implemented,partial,2 个机制缺少充分的核心效果验证；逐机制依据见 card_mechanism.csv。,card_mechanism.csv#DRG_104; generic-play-smoke:played,聚合状态取该卡最差机制；普通烟测只证明可执行，不能单独构成 GREEN。,ordinary_collectible,MINION,yes,fireplace/cards/dragons/mage.py:15,"After you cast three spells in a turn, summon a 5/5 Elemental."
17.6.0.53261,Descent of Dragons (DRAGONS),DRG_106,Arcane Breath,奥术吐息,Discover / Choice|Random effects|Spell resolution|Targeting,YELLOW,implemented,partial,4 个机制缺少充分的核心效果验证；逐机制依据见 card_mechanism.csv。,card_mechanism.csv#DRG_106; generic-play-smoke:played,聚合状态取该卡最差机制；普通烟测只证明可执行，不能单独构成 GREEN。,ordinary_collectible,SPELL,yes,fireplace/cards/dragons/mage.py:145,"Deal $2 damage to a minion. If you're holding a Dragon, Discover a spell."
17.6.0.53261,Descent of Dragons (DRAGONS),DRG_107,Violet Spellwing,紫罗兰魔翼鸦,Deathrattle,YELLOW,implemented,partial,1 个机制缺少充分的核心效果验证；逐机制依据见 card_mechanism.csv。,card_mechanism.csv#DRG_107; generic-play-smoke:played,聚合状态取该卡最差机制；普通烟测只证明可执行，不能单独构成 GREEN。,ordinary_collectible,MINION,yes,fireplace/cards/dragons/mage.py:27,Deathrattle: Add an 'Arcane Missiles' spell to your hand.
17.6.0.53261,Descent of Dragons (DRAGONS),DRG_109,Mana Giant,法力巨人,Cost modification,YELLOW,implemented,partial,1 个机制缺少充分的核心效果验证；逐机制依据见 card_mechanism.csv。,card_mechanism.csv#DRG_109; generic-play-smoke:played,聚合状态取该卡最差机制；普通烟测只证明可执行，不能单独构成 GREEN。,ordinary_collectible,MINION,yes,fireplace/cards/dragons/mage.py:34,[x]Costs (1) less for each card you've played this game that didn't start in your deck.
17.6.0.53261,Descent of Dragons (DRAGONS),DRG_201,Crazed Netherwing,疯狂的灵翼龙,Battlecry,YELLOW,implemented,partial,1 个机制缺少充分的核心效果验证；逐机制依据见 card_mechanism.csv。,card_mechanism.csv#DRG_201; generic-play-smoke:played,聚合状态取该卡最差机制；普通烟测只证明可执行，不能单独构成 GREEN。,ordinary_collectible,MINION,yes,fireplace/cards/dragons/warlock.py:8,"Battlecry: If you're holding a Dragon, deal 3 damage to all other characters."
17.6.0.53261,Descent of Dragons (DRAGONS),DRG_202,Dragonblight Cultist,龙骨荒野邪教徒,Battlecry,YELLOW,implemented,partial,1 个机制缺少充分的核心效果验证；逐机制依据见 card_mechanism.csv。,card_mechanism.csv#DRG_202; generic-play-smoke:played,聚合状态取该卡最差机制；普通烟测只证明可执行，不能单独构成 GREEN。,ordinary_collectible,MINION,yes,fireplace/cards/dragons/warlock.py:16,[x]Battlecry: Invoke Galakrond. Gain +1 Attack for each other friendly minion.
17.6.0.53261,Descent of Dragons (DRAGONS),DRG_203,Veiled Worshipper,暗藏的信徒,Battlecry|Draw / Discard,YELLOW,implemented,partial,2 个机制缺少充分的核心效果验证；逐机制依据见 card_mechanism.csv。,card_mechanism.csv#DRG_203; generic-play-smoke:played,聚合状态取该卡最差机制；普通烟测只证明可执行，不能单独构成 GREEN。,ordinary_collectible,MINION,yes,fireplace/cards/dragons/warlock.py:27,"[x]Battlecry: If you've Invoked twice, draw 3 cards."
17.6.0.53261,Descent of Dragons (DRAGONS),DRG_204,Dark Skies,黑暗天际,Random effects|Spell resolution,YELLOW,implemented,partial,2 个机制缺少充分的核心效果验证；逐机制依据见 card_mechanism.csv。,card_mechanism.csv#DRG_204; generic-play-smoke:played,聚合状态取该卡最差机制；普通烟测只证明可执行，不能单独构成 GREEN。,ordinary_collectible,SPELL,yes,fireplace/cards/dragons/warlock.py:76,[x]Deal $1 damage to a random minion. Repeat for each card in your hand.
17.6.0.53261,Descent of Dragons (DRAGONS),DRG_205,Nether Breath,虚空吐息,Spell resolution|Targeting,YELLOW,implemented,partial,2 个机制缺少充分的核心效果验证；逐机制依据见 card_mechanism.csv。,card_mechanism.csv#DRG_205; generic-play-smoke:played,聚合状态取该卡最差机制；普通烟测只证明可执行，不能单独构成 GREEN。,ordinary_collectible,SPELL,yes,fireplace/cards/dragons/warlock.py:83,"Deal $2 damage. If you're holding a Dragon, deal $4 damage with Lifesteal instead."
17.6.0.53261,Descent of Dragons (DRAGONS),DRG_206,Rain of Fire,火焰之雨,Spell resolution,YELLOW,implemented,partial,1 个机制缺少充分的核心效果验证；逐机制依据见 card_mechanism.csv。,card_mechanism.csv#DRG_206; generic-play-smoke:played,聚合状态取该卡最差机制；普通烟测只证明可执行，不能单独构成 GREEN。,ordinary_collectible,SPELL,yes,fireplace/cards/dragons/warlock.py:93,Deal $1 damage to all characters.
17.6.0.53261,Descent of Dragons (DRAGONS),DRG_207,Abyssal Summoner,深渊召唤者,Battlecry|Summon,YELLOW,implemented,partial,2 个机制缺少充分的核心效果验证；逐机制依据见 card_mechanism.csv。,card_mechanism.csv#DRG_207; generic-play-smoke:played,聚合状态取该卡最差机制；普通烟测只证明可执行，不能单独构成 GREEN。,ordinary_collectible,MINION,yes,fireplace/cards/dragons/warlock.py:34,[x]Battlecry: Summon a Demon with Taunt and stats equal to your hand size.
17.6.0.53261,Descent of Dragons (DRAGONS),DRG_208,Valdris Felgorge,瓦迪瑞斯·邪噬,Battlecry|Draw / Discard,YELLOW,implemented,partial,2 个机制缺少充分的核心效果验证；逐机制依据见 card_mechanism.csv。,card_mechanism.csv#DRG_208; generic-play-smoke:played,聚合状态取该卡最差机制；普通烟测只证明可执行，不能单独构成 GREEN。,ordinary_collectible,MINION,yes,fireplace/cards/dragons/warlock.py:58,Battlecry: Increase your maximum hand size to 12. Draw 4 cards.
17.6.0.53261,Descent of Dragons (DRAGONS),DRG_209,Zzeraku the Warped,扭曲巨龙泽拉库,Summon|Trigger,YELLOW,implemented,partial,2 个机制缺少充分的核心效果验证；逐机制依据见 card_mechanism.csv。,card_mechanism.csv#DRG_209; generic-play-smoke:played,聚合状态取该卡最差机制；普通烟测只证明可执行，不能单独构成 GREEN。,ordinary_collectible,MINION,yes,fireplace/cards/dragons/warlock.py:65,"[x]Whenever your hero takes damage, summon a 6/6 Nether Drake."
17.6.0.53261,Descent of Dragons (DRAGONS),DRG_213,Twin Tyrant,双头暴虐龙,Battlecry|Random effects,YELLOW,implemented,partial,2 个机制缺少充分的核心效果验证；逐机制依据见 card_mechanism.csv。,card_mechanism.csv#DRG_213; generic-play-smoke:played,聚合状态取该卡最差机制；普通烟测只证明可执行，不能单独构成 GREEN。,ordinary_collectible,MINION,yes,fireplace/cards/dragons/neutral_common.py:126,Battlecry: Deal 4 damage to two random enemy minions.
17.6.0.53261,Descent of Dragons (DRAGONS),DRG_215,Storm's Wrath,风暴之怒,Overload|Spell resolution,YELLOW,implemented,partial,1 个机制缺少充分的核心效果验证；逐机制依据见 card_mechanism.csv。,card_mechanism.csv#DRG_215; generic-play-smoke:played; effect-evidence: reports/card_quality_full_2026-09-27/overload_reproductions.csv#DRG_215,聚合状态取该卡最差机制；普通烟测只证明可执行，不能单独构成 GREEN。,ordinary_collectible,SPELL,yes,fireplace/cards/dragons/shaman.py:72,Give your minions +1/+1. Overload: (1)
17.6.0.53261,Descent of Dragons (DRAGONS),DRG_216,Surging Tempest,电涌风暴,Continuous effect / Update,YELLOW,implemented,partial,1 个机制缺少充分的核心效果验证；逐机制依据见 card_mechanism.csv。,card_mechanism.csv#DRG_216; generic-play-smoke:played,聚合状态取该卡最差机制；普通烟测只证明可执行，不能单独构成 GREEN。,ordinary_collectible,MINION,yes,fireplace/cards/dragons/shaman.py:33,Has +1 Attack while you have Overloaded Mana Crystals.
17.6.0.53261,Descent of Dragons (DRAGONS),DRG_217,Dragon's Pack,巨龙的兽群,Spell resolution|Summon,YELLOW,implemented,partial,2 个机制缺少充分的核心效果验证；逐机制依据见 card_mechanism.csv。,card_mechanism.csv#DRG_217; generic-play-smoke:played,聚合状态取该卡最差机制；普通烟测只证明可执行，不能单独构成 GREEN。,ordinary_collectible,SPELL,yes,fireplace/cards/dragons/shaman.py:82,"Summon two 2/3 Spirit Wolves with Taunt. If you've Invoked twice, give them +2/+2."
17.6.0.53261,Descent of Dragons (DRAGONS),DRG_218,Corrupt Elementalist,堕落的元素师,Battlecry,YELLOW,implemented,partial,1 个机制缺少充分的核心效果验证；逐机制依据见 card_mechanism.csv。,card_mechanism.csv#DRG_218; generic-play-smoke:played,聚合状态取该卡最差机制；普通烟测只证明可执行，不能单独构成 GREEN。,ordinary_collectible,MINION,yes,fireplace/cards/dragons/shaman.py:40,Battlecry: Invoke Galakrond twice.
17.6.0.53261,Descent of Dragons (DRAGONS),DRG_219,Lightning Breath,闪电吐息,Spell resolution|Targeting,YELLOW,implemented,partial,2 个机制缺少充分的核心效果验证；逐机制依据见 card_mechanism.csv。,card_mechanism.csv#DRG_219; generic-play-smoke:played,聚合状态取该卡最差机制；普通烟测只证明可执行，不能单独构成 GREEN。,ordinary_collectible,SPELL,yes,fireplace/cards/dragons/shaman.py:97,"[x]Deal $4 damage to a minion. If you're holding a Dragon, also damage its neighbors."
17.6.0.53261,Descent of Dragons (DRAGONS),DRG_223,Cumulo-Maximus,遮天雨云,Battlecry|Targeting,YELLOW,implemented,partial,2 个机制缺少充分的核心效果验证；逐机制依据见 card_mechanism.csv。,card_mechanism.csv#DRG_223; generic-play-smoke:played,聚合状态取该卡最差机制；普通烟测只证明可执行，不能单独构成 GREEN。,ordinary_collectible,MINION,yes,fireplace/cards/dragons/shaman.py:47,"Battlecry: If you have Overloaded Mana Crystals, deal 5 damage."
17.6.0.53261,Descent of Dragons (DRAGONS),DRG_224,Nithogg,尼索格,Battlecry|Summon,YELLOW,implemented,partial,2 个机制缺少充分的核心效果验证；逐机制依据见 card_mechanism.csv。,card_mechanism.csv#DRG_224; generic-play-smoke:played,聚合状态取该卡最差机制；普通烟测只证明可执行，不能单独构成 GREEN。,ordinary_collectible,MINION,yes,fireplace/cards/dragons/shaman.py:56,[x]Battlecry: Summon two 0/3 Eggs. Next turn they hatch into 4/4 Drakes with Rush.
17.6.0.53261,Descent of Dragons (DRAGONS),DRG_225,Sky Claw,空中飞爪,Aura|Battlecry|Continuous effect / Update|Summon,YELLOW,implemented,partial,4 个机制缺少充分的核心效果验证；逐机制依据见 card_mechanism.csv。,card_mechanism.csv#DRG_225; generic-play-smoke:played,聚合状态取该卡最差机制；普通烟测只证明可执行，不能单独构成 GREEN。,ordinary_collectible,MINION,yes,fireplace/cards/dragons/paladin.py:8,Your other Mechs have +1 Attack. Battlecry: Summon two 1/1 Microcopters.
17.6.0.53261,Descent of Dragons (DRAGONS),DRG_226,Amber Watcher,琥珀看守者,Battlecry|Targeting,YELLOW,implemented,partial,2 个机制缺少充分的核心效果验证；逐机制依据见 card_mechanism.csv。,card_mechanism.csv#DRG_226; generic-play-smoke:played,聚合状态取该卡最差机制；普通烟测只证明可执行，不能单独构成 GREEN。,ordinary_collectible,MINION,yes,fireplace/cards/dragons/paladin.py:19,Battlecry: Restore #8 Health.
17.6.0.53261,Descent of Dragons (DRAGONS),DRG_229,Bronze Explorer,青铜龙探险者,Battlecry|Discover / Choice|Lifesteal|Random effects,YELLOW,implemented,partial,4 个机制缺少充分的核心效果验证；逐机制依据见 card_mechanism.csv。,card_mechanism.csv#DRG_229; generic-play-smoke:played,聚合状态取该卡最差机制；普通烟测只证明可执行，不能单独构成 GREEN。,ordinary_collectible,MINION,yes,fireplace/cards/dragons/paladin.py:27,Lifesteal Battlecry: Discover a Dragon.
17.6.0.53261,Descent of Dragons (DRAGONS),DRG_231,Lightforged Crusader,光铸远征军,Battlecry|Random effects,YELLOW,implemented,partial,2 个机制缺少充分的核心效果验证；逐机制依据见 card_mechanism.csv。,card_mechanism.csv#DRG_231; generic-play-smoke:played,聚合状态取该卡最差机制；普通烟测只证明可执行，不能单独构成 GREEN。,ordinary_collectible,MINION,yes,fireplace/cards/dragons/paladin.py:34,"[x]Battlecry: If your deck has no Neutral cards, add 5 random Paladin cards to your hand."
17.6.0.53261,Descent of Dragons (DRAGONS),DRG_232,Lightforged Zealot,光铸狂热者,Battlecry|Summon,YELLOW,implemented,partial,2 个机制缺少充分的核心效果验证；逐机制依据见 card_mechanism.csv。,card_mechanism.csv#DRG_232; generic-play-smoke:played,聚合状态取该卡最差机制；普通烟测只证明可执行，不能单独构成 GREEN。,ordinary_collectible,MINION,yes,fireplace/cards/dragons/paladin.py:45,"Battlecry: If your deck has no Neutral cards, equip a   4/2 Truesilver Champion."
17.6.0.53261,Descent of Dragons (DRAGONS),DRG_233,Sand Breath,沙尘吐息,Spell resolution|Targeting,YELLOW,implemented,partial,2 个机制缺少充分的核心效果验证；逐机制依据见 card_mechanism.csv。,card_mechanism.csv#DRG_233; generic-play-smoke:played,聚合状态取该卡最差机制；普通烟测只证明可执行，不能单独构成 GREEN。,ordinary_collectible,SPELL,yes,fireplace/cards/dragons/paladin.py:93,[x]Give a minion +1/+2. Give it Divine Shield if you're holding a Dragon.
17.6.0.53261,Descent of Dragons (DRAGONS),DRG_235,Dragonrider Talritha,龙骑士塔瑞萨,Deathrattle,YELLOW,implemented,partial,1 个机制缺少充分的核心效果验证；逐机制依据见 card_mechanism.csv。,card_mechanism.csv#DRG_235; generic-play-smoke:played,聚合状态取该卡最差机制；普通烟测只证明可执行，不能单独构成 GREEN。,ordinary_collectible,MINION,yes,fireplace/cards/dragons/paladin.py:54,Deathrattle: Give a Dragon in your hand +3/+3 and this Deathrattle.
17.6.0.53261,Descent of Dragons (DRAGONS),DRG_242,Shield of Galakrond,迦拉克隆之盾,Battlecry|Taunt,YELLOW,implemented,partial,2 个机制缺少充分的核心效果验证；逐机制依据见 card_mechanism.csv。,card_mechanism.csv#DRG_242; generic-play-smoke:played,聚合状态取该卡最差机制；普通烟测只证明可执行，不能单独构成 GREEN。,ordinary_collectible,MINION,yes,fireplace/cards/dragons/neutral_common.py:133,Taunt Battlecry: Invoke Galakrond.
17.6.0.53261,Descent of Dragons (DRAGONS),DRG_246,Time Rip,时空裂痕,Spell resolution|Targeting,YELLOW,implemented,partial,2 个机制缺少充分的核心效果验证；逐机制依据见 card_mechanism.csv。,card_mechanism.csv#DRG_246; generic-play-smoke:played,聚合状态取该卡最差机制；普通烟测只证明可执行，不能单独构成 GREEN。,ordinary_collectible,SPELL,yes,fireplace/cards/dragons/priest.py:122,Destroy a minion. Invoke Galakrond.
17.6.0.53261,Descent of Dragons (DRAGONS),DRG_247,Seal Fate,封印命运,Spell resolution|Targeting,YELLOW,implemented,partial,2 个机制缺少充分的核心效果验证；逐机制依据见 card_mechanism.csv。,card_mechanism.csv#DRG_247; generic-play-smoke:played,聚合状态取该卡最差机制；普通烟测只证明可执行，不能单独构成 GREEN。,ordinary_collectible,SPELL,yes,fireplace/cards/dragons/rogue.py:97,Deal $3 damage to an undamaged character. Invoke Galakrond.
17.6.0.53261,Descent of Dragons (DRAGONS),DRG_248,Invocation of Frost,霜之祈咒,Spell resolution|Targeting,YELLOW,implemented,partial,2 个机制缺少充分的核心效果验证；逐机制依据见 card_mechanism.csv。,card_mechanism.csv#DRG_248; generic-play-smoke:played,聚合状态取该卡最差机制；普通烟测只证明可执行，不能单独构成 GREEN。,ordinary_collectible,SPELL,yes,fireplace/cards/dragons/shaman.py:109,Freeze an enemy.  Invoke Galakrond.
17.6.0.53261,Descent of Dragons (DRAGONS),DRG_249,Awaken!,祈求觉醒,Spell resolution,YELLOW,implemented,partial,1 个机制缺少充分的核心效果验证；逐机制依据见 card_mechanism.csv。,card_mechanism.csv#DRG_249; generic-play-smoke:played,聚合状态取该卡最差机制；普通烟测只证明可执行，不能单独构成 GREEN。,ordinary_collectible,SPELL,yes,fireplace/cards/dragons/warrior.py:62,Invoke Galakrond. Deal $1 damage to all minions.
17.6.0.53261,Descent of Dragons (DRAGONS),DRG_250,Fiendish Rites,邪鬼仪式,Spell resolution,YELLOW,implemented,partial,1 个机制缺少充分的核心效果验证；逐机制依据见 card_mechanism.csv。,card_mechanism.csv#DRG_250; generic-play-smoke:played,聚合状态取该卡最差机制；普通烟测只证明可执行，不能单独构成 GREEN。,ordinary_collectible,SPELL,yes,fireplace/cards/dragons/warlock.py:100,Invoke Galakrond. Give your minions +1 Attack.
17.6.0.53261,Descent of Dragons (DRAGONS),DRG_251,Clear the Way,扫清道路,Spell resolution|Summon,YELLOW,implemented,partial,2 个机制缺少充分的核心效果验证；逐机制依据见 card_mechanism.csv。,card_mechanism.csv#DRG_251; generic-play-smoke:played,聚合状态取该卡最差机制；普通烟测只证明可执行，不能单独构成 GREEN。,ordinary_collectible,SPELL,yes,fireplace/cards/dragons/hunter.py:70,[x]Sidequest: Summon 3 Rush minions. Reward: Summon a 4/4 Gryphon with Rush.
17.6.0.53261,Descent of Dragons (DRAGONS),DRG_252,Phase Stalker,相位追猎者,Summon|Trigger,YELLOW,implemented,partial,2 个机制缺少充分的核心效果验证；逐机制依据见 card_mechanism.csv。,card_mechanism.csv#DRG_252; generic-play-smoke:played,聚合状态取该卡最差机制；普通烟测只证明可执行，不能单独构成 GREEN。,ordinary_collectible,MINION,yes,fireplace/cards/dragons/hunter.py:26,"[x]After you use your Hero Power, cast a Secret from your deck."
17.6.0.53261,Descent of Dragons (DRAGONS),DRG_253,Dwarven Sharpshooter,矮人神射手,Continuous effect / Update|Targeting,YELLOW,implemented,partial,2 个机制缺少充分的核心效果验证；逐机制依据见 card_mechanism.csv。,card_mechanism.csv#DRG_253; generic-play-smoke:played,聚合状态取该卡最差机制；普通烟测只证明可执行，不能单独构成 GREEN。,ordinary_collectible,MINION,yes,fireplace/cards/dragons/hunter.py:35,Your Hero Power can target minions.
17.6.0.53261,Descent of Dragons (DRAGONS),DRG_254,Primordial Explorer,始生龙探险者,Battlecry|Discover / Choice|Poisonous|Random effects,YELLOW,implemented,partial,4 个机制缺少充分的核心效果验证；逐机制依据见 card_mechanism.csv。,card_mechanism.csv#DRG_254; generic-play-smoke:played,聚合状态取该卡最差机制；普通烟测只证明可执行，不能单独构成 GREEN。,ordinary_collectible,MINION,yes,fireplace/cards/dragons/hunter.py:42,Poisonous Battlecry: Discover a Dragon.
17.6.0.53261,Descent of Dragons (DRAGONS),DRG_255,Toxic Reinforcements,病毒增援,Spell resolution|Summon,YELLOW,implemented,partial,2 个机制缺少充分的核心效果验证；逐机制依据见 card_mechanism.csv。,card_mechanism.csv#DRG_255; generic-play-smoke:played,聚合状态取该卡最差机制；普通烟测只证明可执行，不能单独构成 GREEN。,ordinary_collectible,SPELL,yes,fireplace/cards/dragons/hunter.py:80,[x]Sidequest: Use your Hero Power three times. Reward: Summon three 1/1 Leper Gnomes.
17.6.0.53261,Descent of Dragons (DRAGONS),DRG_256,Dragonbane,灭龙弩炮,Random effects|Trigger,YELLOW,implemented,partial,2 个机制缺少充分的核心效果验证；逐机制依据见 card_mechanism.csv。,card_mechanism.csv#DRG_256; generic-play-smoke:played,聚合状态取该卡最差机制；普通烟测只证明可执行，不能单独构成 GREEN。,ordinary_collectible,MINION,yes,fireplace/cards/dragons/hunter.py:49,"After you use your Hero Power, deal 5 damage to a random enemy."
17.6.0.53261,Descent of Dragons (DRAGONS),DRG_257,Frizz Kindleroost,弗瑞兹·光巢,Battlecry|Cost modification,YELLOW,implemented,partial,2 个机制缺少充分的核心效果验证；逐机制依据见 card_mechanism.csv。,card_mechanism.csv#DRG_257; generic-play-smoke:played,聚合状态取该卡最差机制；普通烟测只证明可执行，不能单独构成 GREEN。,ordinary_collectible,MINION,yes,fireplace/cards/dragons/neutral_legendary.py:76,Battlecry: Reduce the Cost of Dragons in your deck by (2).
17.6.0.53261,Descent of Dragons (DRAGONS),DRG_258,Sanctuary,庇护,Spell resolution|Summon,YELLOW,implemented,partial,2 个机制缺少充分的核心效果验证；逐机制依据见 card_mechanism.csv。,card_mechanism.csv#DRG_258; generic-play-smoke:played,聚合状态取该卡最差机制；普通烟测只证明可执行，不能单独构成 GREEN。,ordinary_collectible,SPELL,yes,fireplace/cards/dragons/paladin.py:108,[x]Sidequest: Take no damage for a turn. Reward: Summon a 3/6 minion with Taunt.
17.6.0.53261,Descent of Dragons (DRAGONS),DRG_270,"Malygos, Aspect of Magic",织法巨龙玛里苟斯,Battlecry|Discover / Choice|Random effects,YELLOW,implemented,partial,3 个机制缺少充分的核心效果验证；逐机制依据见 card_mechanism.csv。,card_mechanism.csv#DRG_270; generic-play-smoke:played,聚合状态取该卡最差机制；普通烟测只证明可执行，不能单独构成 GREEN。,ordinary_collectible,MINION,yes,fireplace/cards/dragons/mage.py:42,"[x]Battlecry: If you're holding a Dragon, Discover an  upgraded Mage spell."
17.6.0.53261,Descent of Dragons (DRAGONS),DRG_300,Fate Weaver,命运编织者,Battlecry|Cost modification,YELLOW,implemented,partial,2 个机制缺少充分的核心效果验证；逐机制依据见 card_mechanism.csv。,card_mechanism.csv#DRG_300; generic-play-smoke:played,聚合状态取该卡最差机制；普通烟测只证明可执行，不能单独构成 GREEN。,ordinary_collectible,MINION,yes,fireplace/cards/dragons/priest.py:15,"[x]Battlecry: If you've Invoked twice, reduce the Cost of cards in your hand by (1)."
17.6.0.53261,Descent of Dragons (DRAGONS),DRG_301,Whispers of EVIL,怪盗低语,Random effects|Spell resolution,YELLOW,implemented,partial,2 个机制缺少充分的核心效果验证；逐机制依据见 card_mechanism.csv。,card_mechanism.csv#DRG_301; generic-play-smoke:played,聚合状态取该卡最差机制；普通烟测只证明可执行，不能单独构成 GREEN。,ordinary_collectible,SPELL,yes,fireplace/cards/dragons/priest.py:130,Add a Lackey to your hand.
17.6.0.53261,Descent of Dragons (DRAGONS),DRG_302,Grave Rune,墓地符文,Spell resolution|Summon|Targeting,YELLOW,implemented,partial,3 个机制缺少充分的核心效果验证；逐机制依据见 card_mechanism.csv。,card_mechanism.csv#DRG_302; generic-play-smoke:played,聚合状态取该卡最差机制；普通烟测只证明可执行，不能单独构成 GREEN。,ordinary_collectible,SPELL,yes,fireplace/cards/dragons/priest.py:137,"Give a minion ""Deathrattle: Summon 2 copies of this."""
17.6.0.53261,Descent of Dragons (DRAGONS),DRG_303,Disciple of Galakrond,迦拉克隆的信徒,Battlecry,YELLOW,implemented,partial,1 个机制缺少充分的核心效果验证；逐机制依据见 card_mechanism.csv。,card_mechanism.csv#DRG_303; generic-play-smoke:played,聚合状态取该卡最差机制；普通烟测只证明可执行，不能单独构成 GREEN。,ordinary_collectible,MINION,yes,fireplace/cards/dragons/priest.py:29,Battlecry: Invoke Galakrond.
17.6.0.53261,Descent of Dragons (DRAGONS),DRG_304,Chronobreaker,时空破坏者,Deathrattle,YELLOW,implemented,partial,1 个机制缺少充分的核心效果验证；逐机制依据见 card_mechanism.csv。,card_mechanism.csv#DRG_304; generic-play-smoke:played,聚合状态取该卡最差机制；普通烟测只证明可执行，不能单独构成 GREEN。,ordinary_collectible,MINION,yes,fireplace/cards/dragons/priest.py:36,"[x]Deathrattle: If you're holding a Dragon, deal 3 damage to all enemy minions."
17.6.0.53261,Descent of Dragons (DRAGONS),DRG_306,Envoy of Lazul,拉祖尔的信使,Battlecry,YELLOW,implemented,partial,1 个机制缺少充分的核心效果验证；逐机制依据见 card_mechanism.csv。,card_mechanism.csv#DRG_306; generic-play-smoke:played,聚合状态取该卡最差机制；普通烟测只证明可执行，不能单独构成 GREEN。,ordinary_collectible,MINION,yes,fireplace/cards/dragons/priest.py:44,[x]Battlecry: Look at 3 cards. Guess which one is in your opponent's hand to get a copy of it.
17.6.0.53261,Descent of Dragons (DRAGONS),DRG_307,Breath of the Infinite,永恒吐息,Spell resolution,YELLOW,implemented,partial,1 个机制缺少充分的核心效果验证；逐机制依据见 card_mechanism.csv。,card_mechanism.csv#DRG_307; generic-play-smoke:played,聚合状态取该卡最差机制；普通烟测只证明可执行，不能单独构成 GREEN。,ordinary_collectible,SPELL,yes,fireplace/cards/dragons/priest.py:150,"Deal $2 damage to all minions. If you're holding a Dragon, only damage enemies."
17.6.0.53261,Descent of Dragons (DRAGONS),DRG_308,Mindflayer Kaahrj,夺心者卡什,Battlecry|Deathrattle|Summon|Targeting,YELLOW,implemented,partial,4 个机制缺少充分的核心效果验证；逐机制依据见 card_mechanism.csv。,card_mechanism.csv#DRG_308; generic-play-smoke:played,聚合状态取该卡最差机制；普通烟测只证明可执行，不能单独构成 GREEN。,ordinary_collectible,MINION,yes,fireplace/cards/dragons/priest.py:106,Battlecry: Choose an enemy minion. Deathrattle: Summon a new copy of it.
17.6.0.53261,Descent of Dragons (DRAGONS),DRG_309,Nozdormu the Timeless,时光巨龙诺兹多姆,Battlecry,YELLOW,implemented,partial,1 个机制缺少充分的核心效果验证；逐机制依据见 card_mechanism.csv。,card_mechanism.csv#DRG_309; generic-play-smoke:played,聚合状态取该卡最差机制；普通烟测只证明可执行，不能单独构成 GREEN。,ordinary_collectible,MINION,yes,fireplace/cards/dragons/paladin.py:70,Battlecry: Set each player to 10 Mana Crystals.
17.6.0.53261,Descent of Dragons (DRAGONS),DRG_310,Evasive Drakonid,辟法龙人,Taunt|Untargetable,YELLOW,implemented,partial,2 个机制缺少充分的核心效果验证；逐机制依据见 card_mechanism.csv。,card_mechanism.csv#DRG_310; generic-play-smoke:played,聚合状态取该卡最差机制；普通烟测只证明可执行，不能单独构成 GREEN。,ordinary_collectible,MINION,yes,,Taunt Can't be targeted by spells or Hero Powers.
17.6.0.53261,Descent of Dragons (DRAGONS),DRG_311,Treenforcements,树木援军,Choose One|Spell resolution|Summon|Targeting,YELLOW,implemented,partial,4 个机制缺少充分的核心效果验证；逐机制依据见 card_mechanism.csv。,card_mechanism.csv#DRG_311; generic-play-smoke:played,聚合状态取该卡最差机制；普通烟测只证明可执行，不能单独构成 GREEN。,ordinary_collectible,SPELL,yes,fireplace/cards/dragons/druid.py:65,[x]Choose One - Give a minion +2 Health and Taunt; or Summon a 2/2 Treant.
17.6.0.53261,Descent of Dragons (DRAGONS),DRG_312,Shrubadier,盆栽投手,Battlecry|Summon,YELLOW,implemented,partial,2 个机制缺少充分的核心效果验证；逐机制依据见 card_mechanism.csv。,card_mechanism.csv#DRG_312; generic-play-smoke:played,聚合状态取该卡最差机制；普通烟测只证明可执行，不能单独构成 GREEN。,ordinary_collectible,MINION,yes,fireplace/cards/dragons/druid.py:8,Battlecry: Summon a 2/2 Treant.
17.6.0.53261,Descent of Dragons (DRAGONS),DRG_313,Emerald Explorer,翡翠龙探险者,Battlecry|Discover / Choice|Random effects|Taunt,YELLOW,implemented,partial,4 个机制缺少充分的核心效果验证；逐机制依据见 card_mechanism.csv。,card_mechanism.csv#DRG_313; generic-play-smoke:played,聚合状态取该卡最差机制；普通烟测只证明可执行，不能单独构成 GREEN。,ordinary_collectible,MINION,yes,fireplace/cards/dragons/druid.py:15,Taunt Battlecry: Discover a Dragon.
17.6.0.53261,Descent of Dragons (DRAGONS),DRG_314,Aeroponics,空气栽培,Cost modification|Draw / Discard|Spell resolution,YELLOW,implemented,partial,3 个机制缺少充分的核心效果验证；逐机制依据见 card_mechanism.csv。,card_mechanism.csv#DRG_314; generic-play-smoke:played,聚合状态取该卡最差机制；普通烟测只证明可执行，不能单独构成 GREEN。,ordinary_collectible,SPELL,yes,fireplace/cards/dragons/druid.py:88,Draw 2 cards. Costs (2) less for each Treant you control.
17.6.0.53261,Descent of Dragons (DRAGONS),DRG_315,Embiggen,森然巨化,Cost modification|Spell resolution,YELLOW,implemented,partial,2 个机制缺少充分的核心效果验证；逐机制依据见 card_mechanism.csv。,card_mechanism.csv#DRG_315; generic-play-smoke:played,聚合状态取该卡最差机制；普通烟测只证明可执行，不能单独构成 GREEN。,ordinary_collectible,SPELL,yes,fireplace/cards/dragons/druid.py:96,Give all minions in your deck +2/+2. They cost (1) more (up to 10).
17.6.0.53261,Descent of Dragons (DRAGONS),DRG_317,Secure the Deck,保护甲板,Spell resolution,YELLOW,implemented,partial,1 个机制缺少充分的核心效果验证；逐机制依据见 card_mechanism.csv。,card_mechanism.csv#DRG_317; generic-play-smoke:played,聚合状态取该卡最差机制；普通烟测只证明可执行，不能单独构成 GREEN。,ordinary_collectible,SPELL,yes,fireplace/cards/dragons/druid.py:111,Sidequest: Attack twice with your hero. Reward: Add 3 'Claw' spells to your hand.
17.6.0.53261,Descent of Dragons (DRAGONS),DRG_318,Breath of Dreams,梦境吐息,Draw / Discard|Spell resolution,YELLOW,implemented,partial,2 个机制缺少充分的核心效果验证；逐机制依据见 card_mechanism.csv。,card_mechanism.csv#DRG_318; generic-play-smoke:played,聚合状态取该卡最差机制；普通烟测只证明可执行，不能单独构成 GREEN。,ordinary_collectible,SPELL,yes,fireplace/cards/dragons/druid.py:121,"Draw a card. If you're holding a Dragon, gain an empty Mana Crystal."
17.6.0.53261,Descent of Dragons (DRAGONS),DRG_319,Goru the Mightree,强力巨树格鲁,Battlecry|Taunt,YELLOW,implemented,partial,2 个机制缺少充分的核心效果验证；逐机制依据见 card_mechanism.csv。,card_mechanism.csv#DRG_319; generic-play-smoke:played,聚合状态取该卡最差机制；普通烟测只证明可执行，不能单独构成 GREEN。,ordinary_collectible,MINION,yes,fireplace/cards/dragons/druid.py:22,"[x]Taunt Battlecry: For the rest of the game, your Treants have +1/+1."
17.6.0.53261,Descent of Dragons (DRAGONS),DRG_320,"Ysera, Unleashed",觉醒巨龙伊瑟拉,Battlecry|Random effects|Summon|Trigger,YELLOW,implemented,partial,4 个机制缺少充分的核心效果验证；逐机制依据见 card_mechanism.csv。,card_mechanism.csv#DRG_320; generic-play-smoke:played,聚合状态取该卡最差机制；普通烟测只证明可执行，不能单独构成 GREEN。,ordinary_collectible,MINION,yes,fireplace/cards/dragons/druid.py:36,"[x]Battlecry: Shuffle 7 Dream Portals into your deck. When drawn, summon a random Dragon."
17.6.0.53261,Descent of Dragons (DRAGONS),DRG_321,Rolling Fireball,火球滚滚,Spell resolution|Targeting,YELLOW,implemented,partial,2 个机制缺少充分的核心效果验证；逐机制依据见 card_mechanism.csv。,card_mechanism.csv#DRG_321; generic-play-smoke:played,聚合状态取该卡最差机制；普通烟测只证明可执行，不能单独构成 GREEN。,ordinary_collectible,SPELL,yes,fireplace/cards/dragons/mage.py:154,Deal $8 damage to a minion. Any excess damage continues to the left or right.
17.6.0.53261,Descent of Dragons (DRAGONS),DRG_322,Dragoncaster,乘龙法师,Battlecry,YELLOW,implemented,partial,1 个机制缺少充分的核心效果验证；逐机制依据见 card_mechanism.csv。,card_mechanism.csv#DRG_322; generic-play-smoke:played,聚合状态取该卡最差机制；普通烟测只证明可执行，不能单独构成 GREEN。,ordinary_collectible,MINION,yes,fireplace/cards/dragons/mage.py:128,"Battlecry: If you're holding a Dragon, your next spell this turn costs (0)."
17.6.0.53261,Descent of Dragons (DRAGONS),DRG_323,Learn Draconic,学习龙语,Spell resolution|Summon,YELLOW,implemented,partial,2 个机制缺少充分的核心效果验证；逐机制依据见 card_mechanism.csv。,card_mechanism.csv#DRG_323; generic-play-smoke:played,聚合状态取该卡最差机制；普通烟测只证明可执行，不能单独构成 GREEN。,ordinary_collectible,SPELL,yes,fireplace/cards/dragons/mage.py:189,[x]Sidequest: Spend 8 Mana on spells. Reward: Summon a 6/6 Dragon.
17.6.0.53261,Descent of Dragons (DRAGONS),DRG_324,Elemental Allies,元素盟军,Draw / Discard|Spell resolution,YELLOW,implemented,partial,2 个机制缺少充分的核心效果验证；逐机制依据见 card_mechanism.csv。,card_mechanism.csv#DRG_324; generic-play-smoke:played,聚合状态取该卡最差机制；普通烟测只证明可执行，不能单独构成 GREEN。,ordinary_collectible,SPELL,yes,fireplace/cards/dragons/mage.py:200,[x]Sidequest: Play an Elemental 2 turns in a row. Reward: Draw 3 spells from your deck.
17.6.0.53261,Descent of Dragons (DRAGONS),DRG_401,Grizzled Wizard,灰发巫师,Battlecry,YELLOW,implemented,partial,1 个机制缺少充分的核心效果验证；逐机制依据见 card_mechanism.csv。,card_mechanism.csv#DRG_401; generic-play-smoke:played,聚合状态取该卡最差机制；普通烟测只证明可执行，不能单独构成 GREEN。,ordinary_collectible,MINION,yes,fireplace/cards/dragons/neutral_epic.py:72,Battlecry: Swap Hero Powers with your opponent until your next turn.
17.6.0.53261,Descent of Dragons (DRAGONS),DRG_402,Sathrovarr,萨索瓦尔,Battlecry|Summon|Targeting,YELLOW,implemented,partial,3 个机制缺少充分的核心效果验证；逐机制依据见 card_mechanism.csv。,card_mechanism.csv#DRG_402; generic-play-smoke:played,聚合状态取该卡最差机制；普通烟测只证明可执行，不能单独构成 GREEN。,ordinary_collectible,MINION,yes,fireplace/cards/dragons/neutral_legendary.py:88,"Battlecry: Choose a friendly minion. Add a copy of it to your hand, deck, and battlefield."
17.6.0.53261,Descent of Dragons (DRAGONS),DRG_403,Blowtorch Saboteur,喷灯破坏者,Battlecry,YELLOW,implemented,partial,1 个机制缺少充分的核心效果验证；逐机制依据见 card_mechanism.csv。,card_mechanism.csv#DRG_403; generic-play-smoke:played,聚合状态取该卡最差机制；普通烟测只证明可执行，不能单独构成 GREEN。,ordinary_collectible,MINION,yes,fireplace/cards/dragons/neutral_epic.py:89,Battlecry: Your opponent's next Hero Power costs (3).
17.6.0.53261,Descent of Dragons (DRAGONS),DRG_500,Molten Breath,熔火吐息,Spell resolution|Targeting,YELLOW,implemented,partial,2 个机制缺少充分的核心效果验证；逐机制依据见 card_mechanism.csv。,card_mechanism.csv#DRG_500; generic-play-smoke:played,聚合状态取该卡最差机制；普通烟测只证明可执行，不能单独构成 GREEN。,ordinary_collectible,SPELL,yes,fireplace/cards/dragons/warrior.py:69,"[x]Deal $5 damage to a minion. If you're holding a Dragon, gain 5 Armor."
17.6.0.53261,Descent of Dragons (DRAGONS),DRG_600,"Galakrond, the Wretched",邪火巨龙迦拉克隆,Battlecry|Random effects|Summon,YELLOW,implemented,partial,3 个机制缺少充分的核心效果验证；逐机制依据见 card_mechanism.csv。,card_mechanism.csv#DRG_600; generic-play-smoke:played,聚合状态取该卡最差机制；普通烟测只证明可执行，不能单独构成 GREEN。,ordinary_collectible,HERO,yes,fireplace/cards/dragons/warlock.py:114,[x]Battlecry: Summon 1 random Demon. (@)
17.6.0.53261,Descent of Dragons (DRAGONS),DRG_610,"Galakrond, the Nightmare",梦魇巨龙迦拉克隆,Battlecry|Draw / Discard,YELLOW,implemented,partial,2 个机制缺少充分的核心效果验证；逐机制依据见 card_mechanism.csv。,card_mechanism.csv#DRG_610; generic-play-smoke:played,聚合状态取该卡最差机制；普通烟测只证明可执行，不能单独构成 GREEN。,ordinary_collectible,HERO,yes,fireplace/cards/dragons/rogue.py:112,[x]Battlecry: Draw 1 card. It costs (1). (@)
17.6.0.53261,Descent of Dragons (DRAGONS),DRG_620,"Galakrond, the Tempest",风暴巨龙迦拉克隆,Battlecry|Summon,YELLOW,implemented,partial,2 个机制缺少充分的核心效果验证；逐机制依据见 card_mechanism.csv。,card_mechanism.csv#DRG_620; generic-play-smoke:played,聚合状态取该卡最差机制；普通烟测只证明可执行，不能单独构成 GREEN。,ordinary_collectible,HERO,yes,fireplace/cards/dragons/shaman.py:121,[x]Battlecry: Summon two 2/2 Storms with Rush. (@)
17.6.0.53261,Descent of Dragons (DRAGONS),DRG_650,"Galakrond, the Unbreakable",无敌巨龙迦拉克隆,Battlecry|Draw / Discard|Targeting,YELLOW,implemented,partial,3 个机制缺少充分的核心效果验证；逐机制依据见 card_mechanism.csv。,card_mechanism.csv#DRG_650; generic-play-smoke:played,聚合状态取该卡最差机制；普通烟测只证明可执行，不能单独构成 GREEN。,ordinary_collectible,HERO,yes,fireplace/cards/dragons/warrior.py:100,[x]Battlecry: Draw 1 minion. Give it +4/+4. (@)
17.6.0.53261,Descent of Dragons (DRAGONS),DRG_660,"Galakrond, the Unspeakable",讳言巨龙迦拉克隆,Battlecry|Random effects,YELLOW,implemented,partial,2 个机制缺少充分的核心效果验证；逐机制依据见 card_mechanism.csv。,card_mechanism.csv#DRG_660; generic-play-smoke:played,聚合状态取该卡最差机制；普通烟测只证明可执行，不能单独构成 GREEN。,ordinary_collectible,HERO,yes,fireplace/cards/dragons/priest.py:162,[x]Battlecry: Destroy 1 random enemy minion. (@)
17.6.0.53261,Goblins vs Gnomes (GVG),GVG_001,Flamecannon,烈焰轰击,Random effects|Spell resolution,YELLOW,implemented,partial,"本轮定向实测观测：health_delta=[4, 0]; zones=[<Zone.PLAY: 1>, <Zone.PLAY: 1>]; enemy_hero=30；未决点：随机敌方随从池有两个耐久不同的候选，但本轮只用一个种子命中其一，尚未观察另一个候选被选中。",card_mechanism.csv#GVG_001; generic-play-smoke:played; per-card: reports/card_quality_full_2026-09-27/gvg_probe.csv#GVG_001_two_enemy_candidates,聚合状态取该卡最差机制；普通烟测只证明可执行，不能单独构成 GREEN。 Flamecannon; direct evidence=GVG_001_two_enemy_candidates; source=fireplace/cards/gvg/mage.py:31,ordinary_collectible,SPELL,yes,fireplace/cards/gvg/mage.py:31,Deal $4 damage to a random enemy minion.
17.6.0.53261,Goblins vs Gnomes (GVG),GVG_003,Unstable Portal,不稳定的传送门,Cost modification|Random effects|Spell resolution,YELLOW,implemented,partial,"本轮定向实测观测：hand_added=1; card=('UNG_073', 4, 2, 0)；未决点：只观察到一个随机随从及其减费；不同费用结果（尤其费用低于3时归零）的随机样本尚未覆盖。",card_mechanism.csv#GVG_003; generic-play-smoke:played; per-card: reports/card_quality_full_2026-09-27/gvg_probe.csv#GVG_003_random_minion_cost_reduction; reports/card_quality_full_2026-09-27/gvg_probe.csv#existing_test_gvg_test_unstable_portal,聚合状态取该卡最差机制；普通烟测只证明可执行，不能单独构成 GREEN。 Unstable Portal; direct evidence=GVG_003_random_minion_cost_reduction; source=fireplace/cards/gvg/mage.py:38,ordinary_collectible,SPELL,yes,fireplace/cards/gvg/mage.py:38,Add a random minion to your hand. It costs (3) less.
17.6.0.53261,Goblins vs Gnomes (GVG),GVG_004,Goblin Blastmage,地精炎术师,Battlecry|Random effects,YELLOW,implemented,partial,"本轮定向实测观测：mech=GVG_082; deltas=[0, 0, 0, 2]; hero_delta=2; total=4; blast=GVG_004；未决点：确认有机械时总计分配4点伤害、无机械时不造成伤害；尚未用多个种子验证随机分配覆盖不同敌方随从与英雄。",card_mechanism.csv#GVG_004; generic-play-smoke:played; per-card: reports/card_quality_full_2026-09-27/gvg_probe.csv#GVG_004_mech_enabled_four_random_enemy_damage; reports/card_quality_full_2026-09-27/gvg_probe.csv#GVG_004_no_mech_no_effect; reports/card_quality_full_2026-09-27/gvg_probe.csv#existing_test_gvg_test_goblin_blastmage,聚合状态取该卡最差机制；普通烟测只证明可执行，不能单独构成 GREEN。 Goblin Blastmage; direct evidence=GVG_004_mech_enabled_four_random_enemy_damage; GVG_004_no_mech_no_effect; source=fireplace/cards/gvg/mage.py:14,ordinary_collectible,MINION,yes,fireplace/cards/gvg/mage.py:14,"Battlecry: If you have a Mech, deal 4 damage randomly split among all enemies."
17.6.0.53261,Goblins vs Gnomes (GVG),GVG_020,Fel Cannon,邪能火炮,Trigger,YELLOW,implemented,partial,"本轮定向实测观测：eligible=['GVG_020', 'CS2_033', 'CS2_033']; deltas=[0, 2, 0]; mech_delta=0; heroes=30/30；未决点：触发时的两个非机械随从仅一个种子候选被命中；另一个合法目标的随机分支尚未覆盖。",card_mechanism.csv#GVG_020; generic-play-smoke:played; per-card: reports/card_quality_full_2026-09-27/gvg_probe.csv#GVG_020_own_turn_end_random_nonmech_damage; reports/card_quality_full_2026-09-27/gvg_probe.csv#existing_test_gvg_test_fel_cannon,聚合状态取该卡最差机制；普通烟测只证明可执行，不能单独构成 GREEN。 Fel Cannon; direct evidence=GVG_020_own_turn_end_random_nonmech_damage; source=fireplace/cards/gvg/warlock.py:8,ordinary_collectible,MINION,yes,fireplace/cards/gvg/warlock.py:8,"At the end of your turn, deal 2 damage to a non-Mech minion."
17.6.0.53261,Goblins vs Gnomes (GVG),GVG_029,Ancestor's Call,先祖召唤,Random effects|Spell resolution|Summon,YELLOW,implemented,partial,本轮定向实测观测：ally_zone=1; enemy_zone=1; friendly_board=['CS2_231']; enemy_board=['GVG_093']; spell=4；未决点：双方手牌各只有一张随从，随机选择没有竞争候选；多候选手牌下是否各自只召唤一张未验证。,card_mechanism.csv#GVG_029; generic-play-smoke:played; per-card: reports/card_quality_full_2026-09-27/gvg_probe.csv#GVG_029_summon_one_random_hand_minion_per_player; reports/card_quality_full_2026-09-27/gvg_probe.csv#existing_test_blackrock_test_emperor_thaurissan_molten_recombobulator; reports/card_quality_full_2026-09-27/gvg_probe.csv#existing_test_gvg_test_ancestors_call,聚合状态取该卡最差机制；普通烟测只证明可执行，不能单独构成 GREEN。 Ancestor's Call; direct evidence=GVG_029_summon_one_random_hand_minion_per_player; source=fireplace/cards/gvg/shaman.py:36,ordinary_collectible,SPELL,yes,fireplace/cards/gvg/shaman.py:36,Put a random minion from each player's hand into the battlefield.
17.6.0.53261,Goblins vs Gnomes (GVG),GVG_034,Mech-Bear-Cat,机械野兽,Random effects|Trigger,YELLOW,implemented,partial,本轮定向实测观测：health=5; new_ids=['PART_007']；未决点：本轮确认受伤后加入1张备件，但随机备件结果仅出现PART_007，备件池的其他结果未采样。,card_mechanism.csv#GVG_034; generic-play-smoke:played; per-card: reports/card_quality_full_2026-09-27/gvg_probe.csv#GVG_034_self_damage_spare_part,聚合状态取该卡最差机制；普通烟测只证明可执行，不能单独构成 GREEN。 Mech-Bear-Cat; direct evidence=GVG_034_self_damage_spare_part; source=fireplace/cards/gvg/druid.py:44,ordinary_collectible,MINION,yes,fireplace/cards/gvg/druid.py:44,"Whenever this minion takes damage, add a Spare Part card to your hand."
17.6.0.53261,Goblins vs Gnomes (GVG),GVG_042,Neptulon,耐普图隆,Battlecry|Overload|Random effects,YELLOW,implemented,partial,"本轮定向实测观测：added=[('OG_161', 4, [14]), ('DAL_077', 4, [14]), ('OG_161', 4, [14]), ('CS2_168', 4, [14])]; overload=3；未决点：确认加入4张鱼人且过载3；只测了一组随机鱼人身份，尚未跨种子覆盖不同鱼人候选。",card_mechanism.csv#GVG_042; generic-play-smoke:played; per-card: reports/card_quality_full_2026-09-27/gvg_probe.csv#GVG_042_four_random_murlocs_and_overload; reports/card_quality_full_2026-09-27/gvg_probe.csv#existing_test_gvg_test_neptulon,聚合状态取该卡最差机制；普通烟测只证明可执行，不能单独构成 GREEN。 Neptulon; direct evidence=GVG_042_four_random_murlocs_and_overload; source=fireplace/cards/gvg/shaman.py:20,ordinary_collectible,MINION,yes,fireplace/cards/gvg/shaman.py:20,Battlecry: Add 4 random Murlocs to your hand. Overload: (3)
17.6.0.53261,Goblins vs Gnomes (GVG),GVG_043,Glaivezooka,重型刃弩,Battlecry|Random effects|Weapon,YELLOW,implemented,partial,"本轮定向实测观测：weapon=GVG_043; minion_deltas=[1, 0]；未决点：装备与+1攻击均生效，但两名友方随从只用一个种子抽到其中一名，另一随机受益者未见。",card_mechanism.csv#GVG_043; generic-play-smoke:played; per-card: reports/card_quality_full_2026-09-27/gvg_probe.csv#GVG_043_battlecry_random_buff,聚合状态取该卡最差机制；普通烟测只证明可执行，不能单独构成 GREEN。 Glaivezooka; direct evidence=GVG_043_battlecry_random_buff; source=fireplace/cards/gvg/hunter.py:79,ordinary_collectible,WEAPON,yes,fireplace/cards/gvg/hunter.py:79,Battlecry: Give a random friendly minion +1 Attack.
17.6.0.53261,Goblins vs Gnomes (GVG),GVG_052,Crush,重碾,Cost modification|Spell resolution|Targeting,YELLOW,implemented,partial,本轮定向实测观测：cost=7->3; target=CS2_200/4; ally_damage=1；未决点：已验证有受伤友方随从时减费4且目标被消灭；无受伤友方随从时应维持原费用的条件分支尚未测。,card_mechanism.csv#GVG_052; generic-play-smoke:played; per-card: reports/card_quality_full_2026-09-27/gvg_probe.csv#GVG_052_damaged_minion_cost_and_destroy; reports/card_quality_full_2026-09-27/gvg_probe.csv#existing_test_gvg_test_crush,聚合状态取该卡最差机制；普通烟测只证明可执行，不能单独构成 GREEN。 Crush; direct evidence=GVG_052_damaged_minion_cost_and_destroy; source=fireplace/cards/gvg/warrior.py:73,ordinary_collectible,SPELL,yes,fireplace/cards/gvg/warrior.py:73,"Destroy a minion. If you have a damaged minion, this costs (4) less."
17.6.0.53261,Goblins vs Gnomes (GVG),GVG_059,Coghammer,齿轮光锤,Battlecry|Random effects|Weapon,YELLOW,implemented,partial,"本轮定向实测观测：weapon=GVG_059; tagged=['CS2_231']; states=[(True, True), (1, False)]；未决点：武器已装备且一名候选获得嘲讽与圣盾；随机受益者只采到一名，另一友方随从分支尚未观察。",card_mechanism.csv#GVG_059; generic-play-smoke:played; per-card: reports/card_quality_full_2026-09-27/gvg_probe.csv#GVG_059_random_taunt_shield,聚合状态取该卡最差机制；普通烟测只证明可执行，不能单独构成 GREEN。 Coghammer; direct evidence=GVG_059_random_taunt_shield; source=fireplace/cards/gvg/paladin.py:62,ordinary_collectible,WEAPON,yes,fireplace/cards/gvg/paladin.py:62,Battlecry: Give a random friendly minion Divine Shield and Taunt.
17.6.0.53261,Goblins vs Gnomes (GVG),GVG_075,Ship's Cannon,船载火炮,Random effects|Summon|Trigger,YELLOW,implemented,partial,"本轮定向实测观测：cannon=GVG_075; enemy_deltas=[0, 2]；未决点：召唤海盗后一次随机命中造成2伤；尚未跨种子观察另一敌方随从或敌方英雄作为受击对象。",card_mechanism.csv#GVG_075; generic-play-smoke:played; per-card: reports/card_quality_full_2026-09-27/gvg_probe.csv#GVG_075_pirate_summon,聚合状态取该卡最差机制；普通烟测只证明可执行，不能单独构成 GREEN。 Ship's Cannon; direct evidence=GVG_075_pirate_summon; source=fireplace/cards/gvg/neutral_common.py:50,ordinary_collectible,MINION,yes,fireplace/cards/gvg/neutral_common.py:50,"[x]After you summon a Pirate, deal 2 damage to a random enemy."
17.6.0.53261,Goblins vs Gnomes (GVG),GVG_078,Mechanical Yeti,机械雪人,Deathrattle|Random effects,YELLOW,implemented,partial,本轮定向实测观测：friendly_parts_added=1; enemy_parts_added=1; source=4；未决点：确认死亡后双方各获得1张备件；每侧本轮都只采到一个随机备件身份，备件池其他结果未覆盖。,card_mechanism.csv#GVG_078; generic-play-smoke:played; per-card: reports/card_quality_full_2026-09-27/gvg_probe.csv#GVG_078_deathrattle_both_players_spare_parts,聚合状态取该卡最差机制；普通烟测只证明可执行，不能单独构成 GREEN。 Mechanical Yeti; direct evidence=GVG_078_deathrattle_both_players_spare_parts; source=fireplace/cards/gvg/neutral_common.py:62,ordinary_collectible,MINION,yes,fireplace/cards/gvg/neutral_common.py:62,Deathrattle: Give each player a Spare Part.
17.6.0.53261,Goblins vs Gnomes (GVG),GVG_082,Clockwork Gnome,发条侏儒,Deathrattle|Random effects,YELLOW,implemented,partial,本轮定向实测观测：gnome=4; spare_parts=['PART_007']; before_count=0；未决点：确认Clockwork Gnome死亡加入1张备件；随机备件身份只采到PART_007，其他备件结果未抽样。,card_mechanism.csv#GVG_082; generic-play-smoke:played; per-card: reports/card_quality_full_2026-09-27/gvg_probe.csv#GVG_082_deathrattle_spare_part; reports/card_quality_full_2026-09-27/gvg_probe.csv#existing_test_gvg_test_goblin_blastmage; reports/card_quality_full_2026-09-27/gvg_probe.csv#existing_test_gvg_test_mechwarper,聚合状态取该卡最差机制；普通烟测只证明可执行，不能单独构成 GREEN。 Clockwork Gnome; direct evidence=GVG_082_deathrattle_spare_part; source=fireplace/cards/gvg/neutral_common.py:68,ordinary_collectible,MINION,yes,fireplace/cards/gvg/neutral_common.py:68,Deathrattle: Add a Spare Part card to your hand.
17.6.0.53261,Goblins vs Gnomes (GVG),GVG_090,Madder Bomber,疯狂爆破者,Battlecry|Random effects,YELLOW,implemented,partial,本轮定向实测观测：total_damage=6; bomber_health=4; heroes=27/27；未决点：本轮只有双方英雄可分摊6点伤害，未放入其他随从；随机拆分到友方/敌方随从的分支尚未覆盖。,card_mechanism.csv#GVG_090; generic-play-smoke:played; per-card: reports/card_quality_full_2026-09-27/gvg_probe.csv#GVG_090_six_random_damage_points,聚合状态取该卡最差机制；普通烟测只证明可执行，不能单独构成 GREEN。 Madder Bomber; direct evidence=GVG_090_six_random_damage_points; source=fireplace/cards/gvg/neutral_common.py:74,ordinary_collectible,MINION,yes,fireplace/cards/gvg/neutral_common.py:74,Battlecry: Deal 6 damage randomly split between all other characters.
17.6.0.53261,Goblins vs Gnomes (GVG),GVG_096,Piloted Shredder,载人收割机,Deathrattle|Random effects|Summon,YELLOW,implemented,partial,"本轮定向实测观测：spawn=('UNG_926', 2); graveyard=['GVG_096']；未决点：死亡后召唤出的随机随从符合2费，但只采样一个身份；其他2费随机候选尚未覆盖。",card_mechanism.csv#GVG_096; generic-play-smoke:played; per-card: reports/card_quality_full_2026-09-27/gvg_probe.csv#GVG_096_random_two_cost_deathrattle,聚合状态取该卡最差机制；普通烟测只证明可执行，不能单独构成 GREEN。 Piloted Shredder; direct evidence=GVG_096_random_two_cost_deathrattle; source=fireplace/cards/gvg/neutral_common.py:80,ordinary_collectible,MINION,yes,fireplace/cards/gvg/neutral_common.py:80,Deathrattle: Summon a random 2-Cost minion.
17.6.0.53261,Goblins vs Gnomes (GVG),GVG_105,Piloted Sky Golem,载人飞天魔像,Deathrattle|Random effects|Summon,YELLOW,implemented,partial,"本轮定向实测观测：spawn=('ULD_198', 4); source_zone=4；未决点：死亡后召唤出的随机随从符合4费，但只采样一个身份；其他4费随机候选尚未覆盖。",card_mechanism.csv#GVG_105; generic-play-smoke:played; per-card: reports/card_quality_full_2026-09-27/gvg_probe.csv#GVG_105_random_four_cost_deathrattle,聚合状态取该卡最差机制；普通烟测只证明可执行，不能单独构成 GREEN。 Piloted Sky Golem; direct evidence=GVG_105_random_four_cost_deathrattle; source=fireplace/cards/gvg/neutral_epic.py:31,ordinary_collectible,MINION,yes,fireplace/cards/gvg/neutral_epic.py:31,Deathrattle: Summon a random 4-Cost minion.
17.6.0.53261,Goblins vs Gnomes (GVG),GVG_107,Enhance-o Mechano,强化机器人,Battlecry|Random effects,YELLOW,implemented,partial,"本轮定向实测观测：keywords=[(False, False, True), (True, False, False), (False, False, True), (True, False, False)]；未决点：4个随从都只获得一个关键词，但样本只出现圣盾与风怒；随机嘲讽分支尚未出现。",card_mechanism.csv#GVG_107; generic-play-smoke:played; per-card: reports/card_quality_full_2026-09-27/gvg_probe.csv#GVG_107_random_keyword_assignment,聚合状态取该卡最差机制；普通烟测只证明可执行，不能单独构成 GREEN。 Enhance-o Mechano; direct evidence=GVG_107_random_keyword_assignment; source=fireplace/cards/gvg/neutral_epic.py:46,ordinary_collectible,MINION,yes,fireplace/cards/gvg/neutral_epic.py:46,"Battlecry: Give your other minions Windfury, Taunt, or Divine Shield (at random)."
17.6.0.53261,Goblins vs Gnomes (GVG),GVG_115,Toshley,托什雷,Battlecry|Deathrattle|Random effects,YELLOW,implemented,partial,"本轮定向实测观测：parts_added=1,1; source=4；未决点：战吼和亡语各加入1张备件已验证；两次随机结果只采到当前样本身份，备件池多种结果未覆盖。",card_mechanism.csv#GVG_115; generic-play-smoke:played; per-card: reports/card_quality_full_2026-09-27/gvg_probe.csv#GVG_115_battlecry_and_deathrattle,聚合状态取该卡最差机制；普通烟测只证明可执行，不能单独构成 GREEN。 Toshley; direct evidence=GVG_115_battlecry_and_deathrattle; source=fireplace/cards/gvg/neutral_legendary.py:57,ordinary_collectible,MINION,yes,fireplace/cards/gvg/neutral_legendary.py:57,Battlecry and Deathrattle: Add a Spare Part card to your hand.
17.6.0.53261,Kobolds & Catacombs (LOOTAPALOOZA),LOOT_008,Psychic Scream,心灵尖啸,Spell resolution,YELLOW,implemented,partial,1 个机制缺少充分的核心效果验证；逐机制依据见 card_mechanism.csv。,card_mechanism.csv#LOOT_008; generic-play-smoke:played,聚合状态取该卡最差机制；普通烟测只证明可执行，不能单独构成 GREEN。,ordinary_collectible,SPELL,yes,fireplace/cards/kobolds/priest.py:57,Shuffle all minions into your opponent's deck.
17.6.0.53261,Kobolds & Catacombs (LOOTAPALOOZA),LOOT_013,Vulgar Homunculus,粗俗的矮劣魔,Battlecry|Taunt,YELLOW,implemented,partial,2 个机制缺少充分的核心效果验证；逐机制依据见 card_mechanism.csv。,card_mechanism.csv#LOOT_013; generic-play-smoke:played,聚合状态取该卡最差机制；普通烟测只证明可执行，不能单独构成 GREEN。,ordinary_collectible,MINION,yes,fireplace/cards/kobolds/warlock.py:8,Taunt Battlecry: Deal 2 damage to your hero.
17.6.0.53261,Kobolds & Catacombs (LOOTAPALOOZA),LOOT_014,Kobold Librarian,狗头人图书管理员,Battlecry|Draw / Discard,YELLOW,implemented,partial,2 个机制缺少充分的核心效果验证；逐机制依据见 card_mechanism.csv。,card_mechanism.csv#LOOT_014; generic-play-smoke:played,聚合状态取该卡最差机制；普通烟测只证明可执行，不能单独构成 GREEN。,ordinary_collectible,MINION,yes,fireplace/cards/kobolds/warlock.py:15,Battlecry: Draw a card. Deal 2 damage to your hero.
17.6.0.53261,Kobolds & Catacombs (LOOTAPALOOZA),LOOT_017,Dark Pact,黑暗契约,Spell resolution|Targeting,YELLOW,implemented,partial,2 个机制缺少充分的核心效果验证；逐机制依据见 card_mechanism.csv。,card_mechanism.csv#LOOT_017; generic-play-smoke:played,聚合状态取该卡最差机制；普通烟测只证明可执行，不能单独构成 GREEN。,ordinary_collectible,SPELL,yes,fireplace/cards/kobolds/warlock.py:114,Destroy a friendly minion. Restore #4 Health to your hero.
17.6.0.53261,Kobolds & Catacombs (LOOTAPALOOZA),LOOT_018,Hooked Reaver,铁钩掠夺者,Battlecry,YELLOW,implemented,partial,1 个机制缺少充分的核心效果验证；逐机制依据见 card_mechanism.csv。,card_mechanism.csv#LOOT_018; generic-play-smoke:played,聚合状态取该卡最差机制；普通烟测只证明可执行，不能单独构成 GREEN。,ordinary_collectible,MINION,yes,fireplace/cards/kobolds/warlock.py:22,"Battlecry: If you have 15 or less Health, gain +3/+3 and Taunt."
17.6.0.53261,Kobolds & Catacombs (LOOTAPALOOZA),LOOT_026,Fal'dorei Strider,法多雷突袭者,Battlecry|Summon|Trigger,YELLOW,implemented,partial,3 个机制缺少充分的核心效果验证；逐机制依据见 card_mechanism.csv。,card_mechanism.csv#LOOT_026; generic-play-smoke:played,聚合状态取该卡最差机制；普通烟测只证明可执行，不能单独构成 GREEN。,ordinary_collectible,MINION,yes,fireplace/cards/kobolds/rogue.py:8,"[x]Battlecry: Shuffle 3 Ambushes into your deck. When drawn, summon a 4/4 Spider."
17.6.0.53261,Kobolds & Catacombs (LOOTAPALOOZA),LOOT_033,Cavern Shinyfinder,洞穴探宝者,Battlecry|Draw / Discard,YELLOW,implemented,partial,2 个机制缺少充分的核心效果验证；逐机制依据见 card_mechanism.csv。,card_mechanism.csv#LOOT_033; generic-play-smoke:played,聚合状态取该卡最差机制；普通烟测只证明可执行，不能单独构成 GREEN。,ordinary_collectible,MINION,yes,fireplace/cards/kobolds/rogue.py:24,Battlecry: Draw a weapon from your deck.
17.6.0.53261,Kobolds & Catacombs (LOOTAPALOOZA),LOOT_041,Kobold Barbarian,狗头人蛮兵,Random effects|Trigger,YELLOW,implemented,partial,2 个机制缺少充分的核心效果验证；逐机制依据见 card_mechanism.csv。,card_mechanism.csv#LOOT_041; generic-play-smoke:played,聚合状态取该卡最差机制；普通烟测只证明可执行，不能单独构成 GREEN。,ordinary_collectible,MINION,yes,fireplace/cards/kobolds/warrior.py:8,"At the start of your turn, attack a random enemy."
17.6.0.53261,Kobolds & Catacombs (LOOTAPALOOZA),LOOT_043,Lesser Amethyst Spellstone,小型法术紫水晶,Lifesteal|Spell resolution|Targeting|Trigger,YELLOW,implemented,partial,4 个机制缺少充分的核心效果验证；逐机制依据见 card_mechanism.csv。,card_mechanism.csv#LOOT_043; generic-play-smoke:played,聚合状态取该卡最差机制；普通烟测只证明可执行，不能单独构成 GREEN。,ordinary_collectible,SPELL,yes,fireplace/cards/kobolds/warlock.py:126,Lifesteal. Deal $3 damage to a minion. (Take damage from your cards to upgrade.)
17.6.0.53261,Kobolds & Catacombs (LOOTAPALOOZA),LOOT_044,Bladed Gauntlet,铁刃护手,Continuous effect / Update|Weapon,YELLOW,implemented,partial,2 个机制缺少充分的核心效果验证；逐机制依据见 card_mechanism.csv。,card_mechanism.csv#LOOT_044; generic-play-smoke:played,聚合状态取该卡最差机制；普通烟测只证明可执行，不能单独构成 GREEN。,ordinary_collectible,WEAPON,yes,fireplace/cards/kobolds/warrior.py:133,Has Attack equal to your Armor. Can't attack heroes.
17.6.0.53261,Kobolds & Catacombs (LOOTAPALOOZA),LOOT_047,Barkskin,树皮术,Spell resolution|Targeting,YELLOW,implemented,partial,2 个机制缺少充分的核心效果验证；逐机制依据见 card_mechanism.csv。,card_mechanism.csv#LOOT_047; generic-play-smoke:played,聚合状态取该卡最差机制；普通烟测只证明可执行，不能单独构成 GREEN。,ordinary_collectible,SPELL,yes,fireplace/cards/kobolds/druid.py:47,Give a minion +3 Health. Gain 3 Armor.
17.6.0.53261,Kobolds & Catacombs (LOOTAPALOOZA),LOOT_048,Ironwood Golem,铁木魔像,Continuous effect / Update|Taunt,YELLOW,implemented,partial,2 个机制缺少充分的核心效果验证；逐机制依据见 card_mechanism.csv。,card_mechanism.csv#LOOT_048; generic-play-smoke:played,聚合状态取该卡最差机制；普通烟测只证明可执行，不能单独构成 GREEN。,ordinary_collectible,MINION,yes,fireplace/cards/kobolds/druid.py:8,Taunt Can only attack if you have 3 or more Armor.
17.6.0.53261,Kobolds & Catacombs (LOOTAPALOOZA),LOOT_051,Lesser Jasper Spellstone,小型法术玉石,Spell resolution|Targeting|Trigger,YELLOW,implemented,partial,3 个机制缺少充分的核心效果验证；逐机制依据见 card_mechanism.csv。,card_mechanism.csv#LOOT_051; generic-play-smoke:played,聚合状态取该卡最差机制；普通烟测只证明可执行，不能单独构成 GREEN。,ordinary_collectible,SPELL,yes,fireplace/cards/kobolds/druid.py:61,Deal $2 damage to a minion. @(Gain 3 Armor to upgrade.)
17.6.0.53261,Kobolds & Catacombs (LOOTAPALOOZA),LOOT_054,Branching Paths,分岔路口,Draw / Discard|Spell resolution,YELLOW,implemented,partial,2 个机制缺少充分的核心效果验证；逐机制依据见 card_mechanism.csv。,card_mechanism.csv#LOOT_054; generic-play-smoke:played,聚合状态取该卡最差机制；普通烟测只证明可执行，不能单独构成 GREEN。,ordinary_collectible,SPELL,yes,fireplace/cards/kobolds/druid.py:108,[x]Choose Twice - Draw a card; Give your minions  +1 Attack; Gain 6 Armor.
17.6.0.53261,Kobolds & Catacombs (LOOTAPALOOZA),LOOT_056,Astral Tiger,星界猛虎,Deathrattle,YELLOW,implemented,partial,1 个机制缺少充分的核心效果验证；逐机制依据见 card_mechanism.csv。,card_mechanism.csv#LOOT_056; generic-play-smoke:played,聚合状态取该卡最差机制；普通烟测只证明可执行，不能单独构成 GREEN。,ordinary_collectible,MINION,yes,fireplace/cards/kobolds/druid.py:15,Deathrattle: Shuffle a  copy of this minion into your deck.
17.6.0.53261,Kobolds & Catacombs (LOOTAPALOOZA),LOOT_060,Crushing Hand,粉碎之手,Overload|Spell resolution|Targeting,YELLOW,implemented,partial,2 个机制缺少充分的核心效果验证；逐机制依据见 card_mechanism.csv。,card_mechanism.csv#LOOT_060; generic-play-smoke:played; effect-evidence: reports/card_quality_full_2026-09-27/overload_reproductions.csv#LOOT_060,聚合状态取该卡最差机制；普通烟测只证明可执行，不能单独构成 GREEN。,ordinary_collectible,SPELL,yes,fireplace/cards/kobolds/shaman.py:53,Deal $8 damage to a minion. Overload: (3)
17.6.0.53261,Kobolds & Catacombs (LOOTAPALOOZA),LOOT_062,Kobold Hermit,狗头人隐士,Battlecry|Summon|Targeting,YELLOW,implemented,partial,3 个机制缺少充分的核心效果验证；逐机制依据见 card_mechanism.csv。,card_mechanism.csv#LOOT_062; generic-play-smoke:played,聚合状态取该卡最差机制；普通烟测只证明可执行，不能单独构成 GREEN。,ordinary_collectible,MINION,yes,fireplace/cards/kobolds/shaman.py:8,Battlecry: Choose a basic Totem. Summon it.
17.6.0.53261,Kobolds & Catacombs (LOOTAPALOOZA),LOOT_064,Lesser Sapphire Spellstone,小型法术蓝宝石,Spell resolution|Summon|Targeting|Trigger,YELLOW,implemented,partial,4 个机制缺少充分的核心效果验证；逐机制依据见 card_mechanism.csv。,card_mechanism.csv#LOOT_064; generic-play-smoke:played,聚合状态取该卡最差机制；普通烟测只证明可执行，不能单独构成 GREEN。,ordinary_collectible,SPELL,yes,fireplace/cards/kobolds/shaman.py:64,Summon 1 copy of a friendly minion. @(Overload 3 Mana Crystals to upgrade.)
17.6.0.53261,Kobolds & Catacombs (LOOTAPALOOZA),LOOT_069,Sewer Crawler,下水道爬行者,Battlecry|Summon,YELLOW,implemented,partial,2 个机制缺少充分的核心效果验证；逐机制依据见 card_mechanism.csv。,card_mechanism.csv#LOOT_069; generic-play-smoke:played,聚合状态取该卡最差机制；普通烟测只证明可执行，不能单独构成 GREEN。,ordinary_collectible,MINION,yes,fireplace/cards/kobolds/neutral_common.py:8,Battlecry: Summon a 2/3 Giant Rat.
17.6.0.53261,Kobolds & Catacombs (LOOTAPALOOZA),LOOT_077,Flanking Strike,侧翼打击,Spell resolution|Summon|Targeting,YELLOW,implemented,partial,3 个机制缺少充分的核心效果验证；逐机制依据见 card_mechanism.csv。,card_mechanism.csv#LOOT_077; generic-play-smoke:played,聚合状态取该卡最差机制；普通烟测只证明可执行，不能单独构成 GREEN。,ordinary_collectible,SPELL,yes,fireplace/cards/kobolds/hunter.py:35,Deal $3 damage to a minion. Summon a 3/3 Wolf.
17.6.0.53261,Kobolds & Catacombs (LOOTAPALOOZA),LOOT_078,Cave Hydra,洞穴多头蛇,Trigger,YELLOW,implemented,partial,1 个机制缺少充分的核心效果验证；逐机制依据见 card_mechanism.csv。,card_mechanism.csv#LOOT_078; generic-play-smoke:played,聚合状态取该卡最差机制；普通烟测只证明可执行，不能单独构成 GREEN。,ordinary_collectible,MINION,yes,fireplace/cards/kobolds/hunter.py:8,Also damages the minions next to whomever this attacks.
17.6.0.53261,Kobolds & Catacombs (LOOTAPALOOZA),LOOT_079,Wandering Monster,游荡怪物,Random effects|Secret|Spell resolution|Summon|Targeting|Trigger,YELLOW,implemented,partial,6 个机制缺少充分的核心效果验证；逐机制依据见 card_mechanism.csv。,card_mechanism.csv#LOOT_079; generic-play-smoke:played,聚合状态取该卡最差机制；普通烟测只证明可执行，不能单独构成 GREEN。,ordinary_collectible,SPELL,yes,fireplace/cards/kobolds/hunter.py:46,"Secret: When an enemy attacks your hero, summon a 3-Cost minion as the new target."
17.6.0.53261,Kobolds & Catacombs (LOOTAPALOOZA),LOOT_080,Lesser Emerald Spellstone,小型法术翡翠,Spell resolution|Summon|Trigger,YELLOW,implemented,partial,3 个机制缺少充分的核心效果验证；逐机制依据见 card_mechanism.csv。,card_mechanism.csv#LOOT_080; generic-play-smoke:played,聚合状态取该卡最差机制；普通烟测只证明可执行，不能单独构成 GREEN。,ordinary_collectible,SPELL,yes,fireplace/cards/kobolds/hunter.py:57,Summon two 3/3 Wolves. (Play a Secret to upgrade.)
17.6.0.53261,Kobolds & Catacombs (LOOTAPALOOZA),LOOT_085,Rhok'delar,伦鲁迪洛尔,Battlecry|Random effects|Weapon,YELLOW,implemented,partial,3 个机制缺少充分的核心效果验证；逐机制依据见 card_mechanism.csv。,card_mechanism.csv#LOOT_085; generic-play-smoke:played,聚合状态取该卡最差机制；普通烟测只证明可执行，不能单独构成 GREEN。,ordinary_collectible,WEAPON,yes,fireplace/cards/kobolds/hunter.py:115,"Battlecry: If your deck has no minions, fill your hand with Hunter spells."
17.6.0.53261,Kobolds & Catacombs (LOOTAPALOOZA),LOOT_088,Potion of Heroism,英勇药水,Draw / Discard|Spell resolution|Targeting,YELLOW,implemented,partial,3 个机制缺少充分的核心效果验证；逐机制依据见 card_mechanism.csv。,card_mechanism.csv#LOOT_088; generic-play-smoke:played,聚合状态取该卡最差机制；普通烟测只证明可执行，不能单独构成 GREEN。,ordinary_collectible,SPELL,yes,fireplace/cards/kobolds/paladin.py:40,Give a minion Divine Shield. Draw a card.
17.6.0.53261,Kobolds & Catacombs (LOOTAPALOOZA),LOOT_091,Lesser Pearl Spellstone,小型法术珍珠,Spell resolution|Summon|Targeting|Trigger,YELLOW,implemented,partial,4 个机制缺少充分的核心效果验证；逐机制依据见 card_mechanism.csv。,card_mechanism.csv#LOOT_091; generic-play-smoke:played,聚合状态取该卡最差机制；普通烟测只证明可执行，不能单独构成 GREEN。,ordinary_collectible,SPELL,yes,fireplace/cards/kobolds/paladin.py:51,Summon a 2/2 Spirit with Taunt. @(Restore 3 Health to upgrade.)
17.6.0.53261,Kobolds & Catacombs (LOOTAPALOOZA),LOOT_093,Call to Arms,战斗号角,Spell resolution,YELLOW,implemented,partial,1 个机制缺少充分的核心效果验证；逐机制依据见 card_mechanism.csv。,card_mechanism.csv#LOOT_093; generic-play-smoke:played,聚合状态取该卡最差机制；普通烟测只证明可执行，不能单独构成 GREEN。,ordinary_collectible,SPELL,yes,fireplace/cards/kobolds/paladin.py:91,[x]Recruit 3 minions that  cost (2) or less.
17.6.0.53261,Kobolds & Catacombs (LOOTAPALOOZA),LOOT_101,Explosive Runes,爆炸符文,Secret|Spell resolution|Trigger,YELLOW,implemented,partial,3 个机制缺少充分的核心效果验证；逐机制依据见 card_mechanism.csv。,card_mechanism.csv#LOOT_101; generic-play-smoke:played,聚合状态取该卡最差机制；普通烟测只证明可执行，不能单独构成 GREEN。,ordinary_collectible,SPELL,yes,fireplace/cards/kobolds/mage.py:54,"Secret: After your opponent plays a minion, deal $6 damage to it and any excess to their hero."
17.6.0.53261,Kobolds & Catacombs (LOOTAPALOOZA),LOOT_103,Lesser Ruby Spellstone,小型法术红宝石,Random effects|Spell resolution|Trigger,YELLOW,implemented,partial,3 个机制缺少充分的核心效果验证；逐机制依据见 card_mechanism.csv。,card_mechanism.csv#LOOT_103; generic-play-smoke:played,聚合状态取该卡最差机制；普通烟测只证明可执行，不能单独构成 GREEN。,ordinary_collectible,SPELL,yes,fireplace/cards/kobolds/mage.py:64,Add 1 random Mage spell to your hand. @(Play 2 Elementals to upgrade.)
17.6.0.53261,Kobolds & Catacombs (LOOTAPALOOZA),LOOT_104,Shifting Scroll,变形卷轴,Random effects|Spell resolution|Transform|Trigger,YELLOW,implemented,partial,4 个机制缺少充分的核心效果验证；逐机制依据见 card_mechanism.csv。,card_mechanism.csv#LOOT_104; generic-play-smoke:unplayable_in_generic_setup,聚合状态取该卡最差机制；普通烟测只证明可执行，不能单独构成 GREEN。,ordinary_collectible,SPELL,yes,fireplace/cards/kobolds/mage.py:95,"Each turn this is in your hand, transform it into a random Mage spell."
17.6.0.53261,Kobolds & Catacombs (LOOTAPALOOZA),LOOT_106,Deck of Wonders,惊奇套牌,Random effects|Spell resolution|Trigger,YELLOW,implemented,partial,3 个机制缺少充分的核心效果验证；逐机制依据见 card_mechanism.csv。,card_mechanism.csv#LOOT_106; generic-play-smoke:played,聚合状态取该卡最差机制；普通烟测只证明可执行，不能单独构成 GREEN。,ordinary_collectible,SPELL,yes,fireplace/cards/kobolds/mage.py:122,"Shuffle 5 Scrolls into your deck. When drawn, cast a random spell."
17.6.0.53261,Kobolds & Catacombs (LOOTAPALOOZA),LOOT_108,Aluneth,艾露尼斯,Draw / Discard|Trigger|Weapon,YELLOW,implemented,partial,3 个机制缺少充分的核心效果验证；逐机制依据见 card_mechanism.csv。,card_mechanism.csv#LOOT_108; generic-play-smoke:played,聚合状态取该卡最差机制；普通烟测只证明可执行，不能单独构成 GREEN。,ordinary_collectible,WEAPON,yes,fireplace/cards/kobolds/mage.py:150,"At the end of your turn, draw 3 cards."
17.6.0.53261,Kobolds & Catacombs (LOOTAPALOOZA),LOOT_111,Scorp-o-matic,机械异种蝎,Battlecry|Targeting,YELLOW,implemented,partial,2 个机制缺少充分的核心效果验证；逐机制依据见 card_mechanism.csv。,card_mechanism.csv#LOOT_111; generic-play-smoke:played,聚合状态取该卡最差机制；普通烟测只证明可执行，不能单独构成 GREEN。,ordinary_collectible,MINION,yes,fireplace/cards/kobolds/neutral_rare.py:8,Battlecry: Destroy a minion with 1 or less Attack.
17.6.0.53261,Kobolds & Catacombs (LOOTAPALOOZA),LOOT_117,Wax Elemental,蜡油元素,Divine Shield|Taunt,YELLOW,implemented,partial,2 个机制缺少充分的核心效果验证；逐机制依据见 card_mechanism.csv。,card_mechanism.csv#LOOT_117; generic-play-smoke:played,聚合状态取该卡最差机制；普通烟测只证明可执行，不能单独构成 GREEN。,ordinary_collectible,MINION,yes,,Taunt Divine Shield
17.6.0.53261,Kobolds & Catacombs (LOOTAPALOOZA),LOOT_118,Ebon Dragonsmith,黑色龙人铁匠,Battlecry|Cost modification|Random effects,YELLOW,implemented,partial,3 个机制缺少充分的核心效果验证；逐机制依据见 card_mechanism.csv。,card_mechanism.csv#LOOT_118; generic-play-smoke:played,聚合状态取该卡最差机制；普通烟测只证明可执行，不能单独构成 GREEN。,ordinary_collectible,MINION,yes,fireplace/cards/kobolds/neutral_rare.py:20,Battlecry: Reduce the Cost of a random weapon in your hand by (2).
17.6.0.53261,Kobolds & Catacombs (LOOTAPALOOZA),LOOT_122,Corrosive Sludge,腐蚀淤泥,Battlecry,YELLOW,implemented,partial,1 个机制缺少充分的核心效果验证；逐机制依据见 card_mechanism.csv。,card_mechanism.csv#LOOT_122; generic-play-smoke:played,聚合状态取该卡最差机制；普通烟测只证明可执行，不能单独构成 GREEN。,ordinary_collectible,MINION,yes,fireplace/cards/kobolds/neutral_common.py:18,Battlecry: Destroy your opponent's weapon.
17.6.0.53261,Kobolds & Catacombs (LOOTAPALOOZA),LOOT_124,Lone Champion,孤胆英雄,Battlecry,YELLOW,implemented,partial,1 个机制缺少充分的核心效果验证；逐机制依据见 card_mechanism.csv。,card_mechanism.csv#LOOT_124; generic-play-smoke:played,聚合状态取该卡最差机制；普通烟测只证明可执行，不能单独构成 GREEN。,ordinary_collectible,MINION,yes,fireplace/cards/kobolds/neutral_rare.py:32,"Battlecry: If you control no other minions, gain Taunt and Divine Shield."
17.6.0.53261,Kobolds & Catacombs (LOOTAPALOOZA),LOOT_125,Stoneskin Basilisk,石皮蜥蜴,Divine Shield|Poisonous,YELLOW,implemented,partial,2 个机制缺少充分的核心效果验证；逐机制依据见 card_mechanism.csv。,card_mechanism.csv#LOOT_125; generic-play-smoke:played,聚合状态取该卡最差机制；普通烟测只证明可执行，不能单独构成 GREEN。,ordinary_collectible,MINION,yes,,Divine Shield  Poisonous
17.6.0.53261,Kobolds & Catacombs (LOOTAPALOOZA),LOOT_130,Arcane Tyrant,奥术统御者,Trigger,YELLOW,implemented,partial,1 个机制缺少充分的核心效果验证；逐机制依据见 card_mechanism.csv。,card_mechanism.csv#LOOT_130; generic-play-smoke:played,聚合状态取该卡最差机制；普通烟测只证明可执行，不能单独构成 GREEN。,ordinary_collectible,MINION,yes,fireplace/cards/kobolds/neutral_epic.py:8,Costs (0) if you've cast a spell that costs (5) or more this turn.
17.6.0.53261,Kobolds & Catacombs (LOOTAPALOOZA),LOOT_131,Green Jelly,绿色凝胶怪,Summon|Trigger,YELLOW,implemented,partial,2 个机制缺少充分的核心效果验证；逐机制依据见 card_mechanism.csv。,card_mechanism.csv#LOOT_131; generic-play-smoke:played,聚合状态取该卡最差机制；普通烟测只证明可执行，不能单独构成 GREEN。,ordinary_collectible,MINION,yes,fireplace/cards/kobolds/neutral_common.py:25,"At the end of your turn, summon a 1/2 Ooze with Taunt."
17.6.0.53261,Kobolds & Catacombs (LOOTAPALOOZA),LOOT_132,Dragonslayer,屠龙者,Battlecry|Targeting,YELLOW,implemented,partial,2 个机制缺少充分的核心效果验证；逐机制依据见 card_mechanism.csv。,card_mechanism.csv#LOOT_132; generic-play-smoke:played,聚合状态取该卡最差机制；普通烟测只证明可执行，不能单独构成 GREEN。,ordinary_collectible,MINION,yes,fireplace/cards/kobolds/neutral_common.py:32,Battlecry: Deal 6 damage to a Dragon.
17.6.0.53261,Kobolds & Catacombs (LOOTAPALOOZA),LOOT_134,Toothy Chest,利齿宝箱,Trigger,YELLOW,implemented,partial,1 个机制缺少充分的核心效果验证；逐机制依据见 card_mechanism.csv。,card_mechanism.csv#LOOT_134; generic-play-smoke:played,聚合状态取该卡最差机制；普通烟测只证明可执行，不能单独构成 GREEN。,ordinary_collectible,MINION,yes,fireplace/cards/kobolds/neutral_common.py:43,"At the start of your turn, set this minion's Attack to 4."
17.6.0.53261,Kobolds & Catacombs (LOOTAPALOOZA),LOOT_136,Sneaky Devil,鬼祟恶魔,Continuous effect / Update|Stealth,YELLOW,implemented,partial,2 个机制缺少充分的核心效果验证；逐机制依据见 card_mechanism.csv。,card_mechanism.csv#LOOT_136; generic-play-smoke:played,聚合状态取该卡最差机制；普通烟测只证明可执行，不能单独构成 GREEN。,ordinary_collectible,MINION,yes,fireplace/cards/kobolds/neutral_common.py:54,Stealth Your other minions have +1 Attack.
17.6.0.53261,Kobolds & Catacombs (LOOTAPALOOZA),LOOT_137,Sleepy Dragon,贪睡巨龙,Taunt,YELLOW,implemented,partial,1 个机制缺少充分的核心效果验证；逐机制依据见 card_mechanism.csv。,card_mechanism.csv#LOOT_137; generic-play-smoke:played,聚合状态取该卡最差机制；普通烟测只证明可执行，不能单独构成 GREEN。,ordinary_collectible,MINION,yes,,Taunt
17.6.0.53261,Kobolds & Catacombs (LOOTAPALOOZA),LOOT_144,Hoarding Dragon,藏宝巨龙,Deathrattle,YELLOW,implemented,partial,1 个机制缺少充分的核心效果验证；逐机制依据见 card_mechanism.csv。,card_mechanism.csv#LOOT_144; generic-play-smoke:played,聚合状态取该卡最差机制；普通烟测只证明可执行，不能单独构成 GREEN。,ordinary_collectible,MINION,yes,fireplace/cards/kobolds/neutral_common.py:64,Deathrattle: Give your opponent two Coins.
17.6.0.53261,Kobolds & Catacombs (LOOTAPALOOZA),LOOT_149,Corridor Creeper,通道爬行者,Cost modification|Trigger,YELLOW,implemented,partial,2 个机制缺少充分的核心效果验证；逐机制依据见 card_mechanism.csv。,card_mechanism.csv#LOOT_149; generic-play-smoke:played,聚合状态取该卡最差机制；普通烟测只证明可执行，不能单独构成 GREEN。,ordinary_collectible,MINION,yes,fireplace/cards/kobolds/neutral_epic.py:27,Costs (1) less whenever a minion dies while this is in your hand.
17.6.0.53261,Kobolds & Catacombs (LOOTAPALOOZA),LOOT_150,Furbolg Mossbinder,缚雾熊怪,Battlecry|Targeting|Transform,YELLOW,implemented,partial,3 个机制缺少充分的核心效果验证；逐机制依据见 card_mechanism.csv。,card_mechanism.csv#LOOT_150; generic-play-smoke:played,聚合状态取该卡最差机制；普通烟测只证明可执行，不能单独构成 GREEN。,ordinary_collectible,MINION,yes,fireplace/cards/kobolds/neutral_rare.py:45,Battlecry: Transform a friendly minion into a 6/6 Elemental.
17.6.0.53261,Kobolds & Catacombs (LOOTAPALOOZA),LOOT_152,Boisterous Bard,喧哗的诗人,Battlecry,YELLOW,implemented,partial,1 个机制缺少充分的核心效果验证；逐机制依据见 card_mechanism.csv。,card_mechanism.csv#LOOT_152; generic-play-smoke:played,聚合状态取该卡最差机制；普通烟测只证明可执行，不能单独构成 GREEN。,ordinary_collectible,MINION,yes,fireplace/cards/kobolds/neutral_common.py:71,Battlecry: Give your other minions +1 Health.
17.6.0.53261,Kobolds & Catacombs (LOOTAPALOOZA),LOOT_153,Violet Wurm,紫色岩虫,Deathrattle|Summon,YELLOW,implemented,partial,2 个机制缺少充分的核心效果验证；逐机制依据见 card_mechanism.csv。,card_mechanism.csv#LOOT_153; generic-play-smoke:played,聚合状态取该卡最差机制；普通烟测只证明可执行，不能单独构成 GREEN。,ordinary_collectible,MINION,yes,fireplace/cards/kobolds/neutral_common.py:81,Deathrattle: Summon seven 1/1 Grubs.
17.6.0.53261,Kobolds & Catacombs (LOOTAPALOOZA),LOOT_154,Gravelsnout Knight,砂齿骑兵,Battlecry|Random effects|Summon,YELLOW,implemented,partial,3 个机制缺少充分的核心效果验证；逐机制依据见 card_mechanism.csv。,card_mechanism.csv#LOOT_154; generic-play-smoke:played,聚合状态取该卡最差机制；普通烟测只证明可执行，不能单独构成 GREEN。,ordinary_collectible,MINION,yes,fireplace/cards/kobolds/neutral_rare.py:57,Battlecry: Summon a random 1-Cost minion for your opponent.
17.6.0.53261,Kobolds & Catacombs (LOOTAPALOOZA),LOOT_161,Carnivorous Cube,食肉魔块,Battlecry|Deathrattle|Summon|Targeting,YELLOW,implemented,partial,4 个机制缺少充分的核心效果验证；逐机制依据见 card_mechanism.csv。,card_mechanism.csv#LOOT_161; generic-play-smoke:played,聚合状态取该卡最差机制；普通烟测只证明可执行，不能单独构成 GREEN。,ordinary_collectible,MINION,yes,fireplace/cards/kobolds/neutral_epic.py:40,Battlecry: Destroy a friendly minion. Deathrattle: Summon 2 copies of it.
17.6.0.53261,Kobolds & Catacombs (LOOTAPALOOZA),LOOT_165,Sonya Shadowdancer,影舞者索尼娅,Trigger,YELLOW,implemented,partial,1 个机制缺少充分的核心效果验证；逐机制依据见 card_mechanism.csv。,card_mechanism.csv#LOOT_165; generic-play-smoke:played,聚合状态取该卡最差机制；普通烟测只证明可执行，不能单独构成 GREEN。,ordinary_collectible,MINION,yes,fireplace/cards/kobolds/rogue.py:31,"After a friendly minion dies, add a 1/1 copy of it to your hand. It costs (1)."
17.6.0.53261,Kobolds & Catacombs (LOOTAPALOOZA),LOOT_167,Fungalmancer,菌菇术士,Battlecry,YELLOW,implemented,partial,1 个机制缺少充分的核心效果验证；逐机制依据见 card_mechanism.csv。,card_mechanism.csv#LOOT_167; generic-play-smoke:played,聚合状态取该卡最差机制；普通烟测只证明可执行，不能单独构成 GREEN。,ordinary_collectible,MINION,yes,fireplace/cards/kobolds/neutral_common.py:88,Battlecry: Give adjacent minions +2/+2.
17.6.0.53261,Kobolds & Catacombs (LOOTAPALOOZA),LOOT_170,Raven Familiar,乌鸦魔仆,Battlecry|Cost modification|Draw / Discard,YELLOW,implemented,partial,3 个机制缺少充分的核心效果验证；逐机制依据见 card_mechanism.csv。,card_mechanism.csv#LOOT_170; generic-play-smoke:played,聚合状态取该卡最差机制；普通烟测只证明可执行，不能单独构成 GREEN。,ordinary_collectible,MINION,yes,fireplace/cards/kobolds/mage.py:8,"Battlecry: Reveal a spell in each deck. If yours costs more, draw it."
17.6.0.53261,Kobolds & Catacombs (LOOTAPALOOZA),LOOT_172,Dragon's Fury,巨龙怒火,Spell resolution|Targeting,YELLOW,implemented,partial,2 个机制缺少充分的核心效果验证；逐机制依据见 card_mechanism.csv。,card_mechanism.csv#LOOT_172; generic-play-smoke:played,聚合状态取该卡最差机制；普通烟测只证明可执行，不能单独构成 GREEN。,ordinary_collectible,SPELL,yes,fireplace/cards/kobolds/mage.py:137,Reveal a spell from your deck. Deal damage equal to its Cost to all minions.
17.6.0.53261,Kobolds & Catacombs (LOOTAPALOOZA),LOOT_184,Silver Vanguard,白银先锋,Deathrattle,YELLOW,implemented,partial,1 个机制缺少充分的核心效果验证；逐机制依据见 card_mechanism.csv。,card_mechanism.csv#LOOT_184; generic-play-smoke:played,聚合状态取该卡最差机制；普通烟测只证明可执行，不能单独构成 GREEN。,ordinary_collectible,MINION,yes,fireplace/cards/kobolds/neutral_common.py:98,Deathrattle: Recruit an 8-Cost minion.
17.6.0.53261,Kobolds & Catacombs (LOOTAPALOOZA),LOOT_187,Twilight's Call,暮光召唤,Spell resolution|Summon,YELLOW,implemented,partial,2 个机制缺少充分的核心效果验证；逐机制依据见 card_mechanism.csv。,card_mechanism.csv#LOOT_187; generic-play-smoke:unplayable_in_generic_setup,聚合状态取该卡最差机制；普通烟测只证明可执行，不能单独构成 GREEN。,ordinary_collectible,SPELL,yes,fireplace/cards/kobolds/priest.py:68,Summon 1/1 copies of 2 friendly Deathrattle minions that died this game.
17.6.0.53261,Kobolds & Catacombs (LOOTAPALOOZA),LOOT_193,Shimmering Courser,闪光的骏马,Continuous effect / Update|Targeting,YELLOW,implemented,partial,2 个机制缺少充分的核心效果验证；逐机制依据见 card_mechanism.csv。,card_mechanism.csv#LOOT_193; generic-play-smoke:played,聚合状态取该卡最差机制；普通烟测只证明可执行，不能单独构成 GREEN。,ordinary_collectible,MINION,yes,fireplace/cards/kobolds/neutral_epic.py:54,Only you can target this with spells and Hero Powers.
17.6.0.53261,Kobolds & Catacombs (LOOTAPALOOZA),LOOT_203,Lesser Mithril Spellstone,小型法术秘银石,Spell resolution|Summon|Trigger,YELLOW,implemented,partial,3 个机制缺少充分的核心效果验证；逐机制依据见 card_mechanism.csv。,card_mechanism.csv#LOOT_203; generic-play-smoke:played,聚合状态取该卡最差机制；普通烟测只证明可执行，不能单独构成 GREEN。,ordinary_collectible,SPELL,yes,fireplace/cards/kobolds/warrior.py:43,Summon one 5/5 Mithril Golem. (Equip a weapon to upgrade.)
17.6.0.53261,Kobolds & Catacombs (LOOTAPALOOZA),LOOT_204,Cheat Death,诈死,Cost modification|Secret|Spell resolution|Trigger,YELLOW,implemented,partial,4 个机制缺少充分的核心效果验证；逐机制依据见 card_mechanism.csv。,card_mechanism.csv#LOOT_204; generic-play-smoke:played,聚合状态取该卡最差机制；普通烟测只证明可执行，不能单独构成 GREEN。,ordinary_collectible,SPELL,yes,fireplace/cards/kobolds/rogue.py:74,"Secret: When a friendly minion dies, return it to your hand. It costs (2) less."
17.6.0.53261,Kobolds & Catacombs (LOOTAPALOOZA),LOOT_209,Dragon Soul,巨龙之魂,Summon|Trigger|Weapon,YELLOW,implemented,partial,3 个机制缺少充分的核心效果验证；逐机制依据见 card_mechanism.csv。,card_mechanism.csv#LOOT_209; generic-play-smoke:played,聚合状态取该卡最差机制；普通烟测只证明可执行，不能单独构成 GREEN。,ordinary_collectible,WEAPON,yes,fireplace/cards/kobolds/priest.py:223,"After you cast 3 spells in a turn, summon a 5/5 Dragon."
17.6.0.53261,Kobolds & Catacombs (LOOTAPALOOZA),LOOT_210,Sudden Betrayal,叛变,Secret|Spell resolution|Trigger,YELLOW,implemented,partial,3 个机制缺少充分的核心效果验证；逐机制依据见 card_mechanism.csv。,card_mechanism.csv#LOOT_210; generic-play-smoke:played,聚合状态取该卡最差机制；普通烟测只证明可执行，不能单独构成 GREEN。,ordinary_collectible,SPELL,yes,fireplace/cards/kobolds/rogue.py:89,"Secret: When a minion attacks your hero, instead it attacks one of its neighbors."
17.6.0.53261,Kobolds & Catacombs (LOOTAPALOOZA),LOOT_211,Elven Minstrel,精灵咏唱者,Combo|Draw / Discard,YELLOW,implemented,partial,2 个机制缺少充分的核心效果验证；逐机制依据见 card_mechanism.csv。,card_mechanism.csv#LOOT_211; generic-play-smoke:played,聚合状态取该卡最差机制；普通烟测只证明可执行，不能单独构成 GREEN。,ordinary_collectible,MINION,yes,fireplace/cards/kobolds/rogue.py:45,Combo: Draw 2 minions from your deck.
17.6.0.53261,Kobolds & Catacombs (LOOTAPALOOZA),LOOT_214,Evasion,闪避,Secret|Spell resolution|Trigger,YELLOW,implemented,partial,3 个机制缺少充分的核心效果验证；逐机制依据见 card_mechanism.csv。,card_mechanism.csv#LOOT_214; generic-play-smoke:played,聚合状态取该卡最差机制；普通烟测只证明可执行，不能单独构成 GREEN。,ordinary_collectible,SPELL,yes,fireplace/cards/kobolds/rogue.py:100,"Secret: After your hero takes damage, become Immune this turn."
17.6.0.53261,Kobolds & Catacombs (LOOTAPALOOZA),LOOT_216,Lynessa Sunsorrow,莱妮莎·炎伤,Battlecry,YELLOW,implemented,partial,1 个机制缺少充分的核心效果验证；逐机制依据见 card_mechanism.csv。,card_mechanism.csv#LOOT_216; generic-play-smoke:played,聚合状态取该卡最差机制；普通烟测只证明可执行，不能单独构成 GREEN。,ordinary_collectible,MINION,yes,fireplace/cards/kobolds/paladin.py:8,[x]Battlecry: Cast each spell you cast on your minions  this game on this one.
17.6.0.53261,Kobolds & Catacombs (LOOTAPALOOZA),LOOT_217,To My Side!,来我身边,Random effects|Spell resolution|Summon,YELLOW,implemented,partial,3 个机制缺少充分的核心效果验证；逐机制依据见 card_mechanism.csv。,card_mechanism.csv#LOOT_217; generic-play-smoke:played,聚合状态取该卡最差机制；普通烟测只证明可执行，不能单独构成 GREEN。,ordinary_collectible,SPELL,yes,fireplace/cards/kobolds/hunter.py:90,"[x]Summon an Animal Companion, or 2 if your deck has no minions."
17.6.0.53261,Kobolds & Catacombs (LOOTAPALOOZA),LOOT_218,Feral Gibberer,凶猛的聒噪怪,Trigger,YELLOW,implemented,partial,1 个机制缺少充分的核心效果验证；逐机制依据见 card_mechanism.csv。,card_mechanism.csv#LOOT_218; generic-play-smoke:played,聚合状态取该卡最差机制；普通烟测只证明可执行，不能单独构成 GREEN。,ordinary_collectible,MINION,yes,fireplace/cards/kobolds/neutral_rare.py:64,"After this minion attacks a hero, add a copy of it to your hand."
17.6.0.53261,Kobolds & Catacombs (LOOTAPALOOZA),LOOT_222,Candleshot,蜡烛弓,Continuous effect / Update|Weapon,YELLOW,implemented,partial,2 个机制缺少充分的核心效果验证；逐机制依据见 card_mechanism.csv。,card_mechanism.csv#LOOT_222; generic-play-smoke:played,聚合状态取该卡最差机制；普通烟测只证明可执行，不能单独构成 GREEN。,ordinary_collectible,WEAPON,yes,fireplace/cards/kobolds/hunter.py:125,Your hero is Immune while attacking.
17.6.0.53261,Kobolds & Catacombs (LOOTAPALOOZA),LOOT_231,Arcane Artificer,奥术工匠,Trigger,YELLOW,implemented,partial,1 个机制缺少充分的核心效果验证；逐机制依据见 card_mechanism.csv。,card_mechanism.csv#LOOT_231; generic-play-smoke:played,聚合状态取该卡最差机制；普通烟测只证明可执行，不能单独构成 GREEN。,ordinary_collectible,MINION,yes,fireplace/cards/kobolds/mage.py:15,"Whenever you cast a spell, gain Armor equal to its Cost."
17.6.0.53261,Kobolds & Catacombs (LOOTAPALOOZA),LOOT_233,Cursed Disciple,被诅咒的门徒,Deathrattle|Summon,YELLOW,implemented,partial,2 个机制缺少充分的核心效果验证；逐机制依据见 card_mechanism.csv。,card_mechanism.csv#LOOT_233; generic-play-smoke:played,聚合状态取该卡最差机制；普通烟测只证明可执行，不能单独构成 GREEN。,ordinary_collectible,MINION,yes,fireplace/cards/kobolds/neutral_common.py:105,Deathrattle: Summon a 5/1 Revenant.
17.6.0.53261,Kobolds & Catacombs (LOOTAPALOOZA),LOOT_278,Unidentified Elixir,未鉴定的药剂,Random effects|Spell resolution|Targeting,YELLOW,implemented,partial,3 个机制缺少充分的核心效果验证；逐机制依据见 card_mechanism.csv。,card_mechanism.csv#LOOT_278; generic-play-smoke:played,聚合状态取该卡最差机制；普通烟测只证明可执行，不能单独构成 GREEN。,ordinary_collectible,SPELL,yes,fireplace/cards/kobolds/priest.py:88,Give a minion +2/+2. Gains a bonus effect in your hand.
17.6.0.53261,Kobolds & Catacombs (LOOTAPALOOZA),LOOT_285,Unidentified Shield,未鉴定的盾牌,Random effects|Spell resolution,YELLOW,implemented,partial,2 个机制缺少充分的核心效果验证；逐机制依据见 card_mechanism.csv。,card_mechanism.csv#LOOT_285; generic-play-smoke:played,聚合状态取该卡最差机制；普通烟测只证明可执行，不能单独构成 GREEN。,ordinary_collectible,SPELL,yes,fireplace/cards/kobolds/warrior.py:70,Gain 5 Armor. Gains a bonus effect in your hand.
17.6.0.53261,Kobolds & Catacombs (LOOTAPALOOZA),LOOT_286,Unidentified Maul,未鉴定的重槌,Random effects|Weapon,YELLOW,implemented,partial,2 个机制缺少充分的核心效果验证；逐机制依据见 card_mechanism.csv。,card_mechanism.csv#LOOT_286; generic-play-smoke:played,聚合状态取该卡最差机制；普通烟测只证明可执行，不能单独构成 GREEN。,ordinary_collectible,WEAPON,yes,fireplace/cards/kobolds/paladin.py:115,Gains a bonus effect in your hand.
17.6.0.53261,Kobolds & Catacombs (LOOTAPALOOZA),LOOT_291,Shroom Brewer,蘑菇酿酒师,Battlecry|Targeting,YELLOW,implemented,partial,2 个机制缺少充分的核心效果验证；逐机制依据见 card_mechanism.csv。,card_mechanism.csv#LOOT_291; generic-play-smoke:played,聚合状态取该卡最差机制；普通烟测只证明可执行，不能单独构成 GREEN。,ordinary_collectible,MINION,yes,fireplace/cards/kobolds/neutral_common.py:112,Battlecry: Restore #4 Health.
17.6.0.53261,Kobolds & Catacombs (LOOTAPALOOZA),LOOT_306,Possessed Lackey,着魔男仆,Deathrattle,YELLOW,implemented,partial,1 个机制缺少充分的核心效果验证；逐机制依据见 card_mechanism.csv。,card_mechanism.csv#LOOT_306; generic-play-smoke:played,聚合状态取该卡最差机制；普通烟测只证明可执行，不能单独构成 GREEN。,ordinary_collectible,MINION,yes,fireplace/cards/kobolds/warlock.py:32,Deathrattle: Recruit a Demon.
17.6.0.53261,Kobolds & Catacombs (LOOTAPALOOZA),LOOT_309,Oaken Summons,橡树的召唤,Spell resolution,YELLOW,implemented,partial,1 个机制缺少充分的核心效果验证；逐机制依据见 card_mechanism.csv。,card_mechanism.csv#LOOT_309; generic-play-smoke:played,聚合状态取该卡最差机制；普通烟测只证明可执行，不能单独构成 GREEN。,ordinary_collectible,SPELL,yes,fireplace/cards/kobolds/druid.py:144,Gain 6 Armor. Recruit a minion that costs (4) or less.
17.6.0.53261,Kobolds & Catacombs (LOOTAPALOOZA),LOOT_313,Crystal Lion,水晶雄狮,Cost modification|Divine Shield,YELLOW,implemented,partial,2 个机制缺少充分的核心效果验证；逐机制依据见 card_mechanism.csv。,card_mechanism.csv#LOOT_313; generic-play-smoke:played,聚合状态取该卡最差机制；普通烟测只证明可执行，不能单独构成 GREEN。,ordinary_collectible,MINION,yes,fireplace/cards/kobolds/paladin.py:15,[x]Divine Shield Costs (1) less for each Silver Hand Recruit you control.
17.6.0.53261,Kobolds & Catacombs (LOOTAPALOOZA),LOOT_314,Grizzled Guardian,灰熊守护者,Deathrattle|Taunt,YELLOW,implemented,partial,2 个机制缺少充分的核心效果验证；逐机制依据见 card_mechanism.csv。,card_mechanism.csv#LOOT_314; generic-play-smoke:played,聚合状态取该卡最差机制；普通烟测只证明可执行，不能单独构成 GREEN。,ordinary_collectible,MINION,yes,fireplace/cards/kobolds/druid.py:22,Taunt Deathrattle: Recruit 2 minions that cost (4) or less.
17.6.0.53261,Kobolds & Catacombs (LOOTAPALOOZA),LOOT_315,Trogg Gloomeater,穴居人食菌者,Poisonous|Taunt,YELLOW,implemented,partial,2 个机制缺少充分的核心效果验证；逐机制依据见 card_mechanism.csv。,card_mechanism.csv#LOOT_315; generic-play-smoke:played,聚合状态取该卡最差机制；普通烟测只证明可执行，不能单独构成 GREEN。,ordinary_collectible,MINION,yes,,Taunt Poisonous
17.6.0.53261,Kobolds & Catacombs (LOOTAPALOOZA),LOOT_329,"Ixlid, Fungal Lord",伊克斯里德，真菌之王,Summon|Trigger,YELLOW,implemented,partial,2 个机制缺少充分的核心效果验证；逐机制依据见 card_mechanism.csv。,card_mechanism.csv#LOOT_329; generic-play-smoke:played,聚合状态取该卡最差机制；普通烟测只证明可执行，不能单独构成 GREEN。,ordinary_collectible,MINION,yes,fireplace/cards/kobolds/druid.py:29,"After you play a minion, summon a copy of it."
17.6.0.53261,Kobolds & Catacombs (LOOTAPALOOZA),LOOT_333,Level Up!,等级提升,Spell resolution,YELLOW,implemented,partial,1 个机制缺少充分的核心效果验证；逐机制依据见 card_mechanism.csv。,card_mechanism.csv#LOOT_333; generic-play-smoke:played,聚合状态取该卡最差机制；普通烟测只证明可执行，不能单独构成 GREEN。,ordinary_collectible,SPELL,yes,fireplace/cards/kobolds/paladin.py:101,Give your Silver Hand Recruits +2/+2 and Taunt.
17.6.0.53261,Kobolds & Catacombs (LOOTAPALOOZA),LOOT_344,Primal Talismans,原始护身符,Random effects|Spell resolution|Summon,YELLOW,implemented,partial,3 个机制缺少充分的核心效果验证；逐机制依据见 card_mechanism.csv。,card_mechanism.csv#LOOT_344; generic-play-smoke:played,聚合状态取该卡最差机制；普通烟测只证明可执行，不能单独构成 GREEN。,ordinary_collectible,SPELL,yes,fireplace/cards/kobolds/shaman.py:111,"Give your minions ""Deathrattle: Summon a random basic Totem."""
17.6.0.53261,Kobolds & Catacombs (LOOTAPALOOZA),LOOT_347,Kobold Apprentice,狗头人学徒,Battlecry|Random effects,YELLOW,implemented,partial,2 个机制缺少充分的核心效果验证；逐机制依据见 card_mechanism.csv。,card_mechanism.csv#LOOT_347; generic-play-smoke:played,聚合状态取该卡最差机制；普通烟测只证明可执行，不能单独构成 GREEN。,ordinary_collectible,MINION,yes,fireplace/cards/kobolds/neutral_common.py:122,Battlecry: Deal 3 damage randomly split among all enemies.
17.6.0.53261,Kobolds & Catacombs (LOOTAPALOOZA),LOOT_351,Greedy Sprite,贪婪的林精,Deathrattle,YELLOW,implemented,partial,1 个机制缺少充分的核心效果验证；逐机制依据见 card_mechanism.csv。,card_mechanism.csv#LOOT_351; generic-play-smoke:played,聚合状态取该卡最差机制；普通烟测只证明可执行，不能单独构成 GREEN。,ordinary_collectible,MINION,yes,fireplace/cards/kobolds/druid.py:36,Deathrattle: Gain an empty Mana Crystal.
17.6.0.53261,Kobolds & Catacombs (LOOTAPALOOZA),LOOT_353,Psionic Probe,灵能窥探,Spell resolution,YELLOW,implemented,partial,1 个机制缺少充分的核心效果验证；逐机制依据见 card_mechanism.csv。,card_mechanism.csv#LOOT_353; generic-play-smoke:played,聚合状态取该卡最差机制；普通烟测只证明可执行，不能单独构成 GREEN。,ordinary_collectible,SPELL,yes,fireplace/cards/kobolds/priest.py:181,Copy a spell in your opponent's deck and add it to your hand.
17.6.0.53261,Kobolds & Catacombs (LOOTAPALOOZA),LOOT_357,Marin the Fox,“老狐狸”马林,Battlecry|Summon,YELLOW,implemented,partial,2 个机制缺少充分的核心效果验证；逐机制依据见 card_mechanism.csv。,card_mechanism.csv#LOOT_357; generic-play-smoke:played,聚合状态取该卡最差机制；普通烟测只证明可执行，不能单独构成 GREEN。,ordinary_collectible,MINION,yes,fireplace/cards/kobolds/neutral_legendary.py:8,Battlecry: Summon a 0/8 Treasure Chest for your opponent. (Break it for awesome loot!)
17.6.0.53261,Kobolds & Catacombs (LOOTAPALOOZA),LOOT_358,"Grumble, Worldshaker",撼世者格朗勃尔,Battlecry|Targeting,YELLOW,implemented,partial,2 个机制缺少充分的核心效果验证；逐机制依据见 card_mechanism.csv。,card_mechanism.csv#LOOT_358; generic-play-smoke:played,聚合状态取该卡最差机制；普通烟测只证明可执行，不能单独构成 GREEN。,ordinary_collectible,MINION,yes,fireplace/cards/kobolds/shaman.py:15,Battlecry: Return your other minions to your hand. They cost (1).
17.6.0.53261,Kobolds & Catacombs (LOOTAPALOOZA),LOOT_363,Drygulch Jailor,旱谷狱卒,Deathrattle,YELLOW,implemented,partial,1 个机制缺少充分的核心效果验证；逐机制依据见 card_mechanism.csv。,card_mechanism.csv#LOOT_363; generic-play-smoke:played,聚合状态取该卡最差机制；普通烟测只证明可执行，不能单独构成 GREEN。,ordinary_collectible,MINION,yes,fireplace/cards/kobolds/paladin.py:22,Deathrattle: Add 3 Silver Hand Recruits to your hand.
17.6.0.53261,Kobolds & Catacombs (LOOTAPALOOZA),LOOT_364,Reckless Flurry,鲁莽风暴,Spell resolution,YELLOW,implemented,partial,1 个机制缺少充分的核心效果验证；逐机制依据见 card_mechanism.csv。,card_mechanism.csv#LOOT_364; generic-play-smoke:played,聚合状态取该卡最差机制；普通烟测只证明可执行，不能单独构成 GREEN。,ordinary_collectible,SPELL,yes,fireplace/cards/kobolds/warrior.py:110,Spend all your Armor. Deal that much damage to all minions.
17.6.0.53261,Kobolds & Catacombs (LOOTAPALOOZA),LOOT_365,Gemstudded Golem,宝石魔像,Continuous effect / Update|Taunt,YELLOW,implemented,partial,2 个机制缺少充分的核心效果验证；逐机制依据见 card_mechanism.csv。,card_mechanism.csv#LOOT_365; generic-play-smoke:played,聚合状态取该卡最差机制；普通烟测只证明可执行，不能单独构成 GREEN。,ordinary_collectible,MINION,yes,fireplace/cards/kobolds/warrior.py:15,Taunt Can only attack if you have 5 or more Armor.
17.6.0.53261,Kobolds & Catacombs (LOOTAPALOOZA),LOOT_367,Drywhisker Armorer,枯须铸甲师,Battlecry,YELLOW,implemented,partial,1 个机制缺少充分的核心效果验证；逐机制依据见 card_mechanism.csv。,card_mechanism.csv#LOOT_367; generic-play-smoke:played,聚合状态取该卡最差机制；普通烟测只证明可执行，不能单独构成 GREEN。,ordinary_collectible,MINION,yes,fireplace/cards/kobolds/warrior.py:22,"Battlecry: For each enemy minion, gain 2 Armor."
17.6.0.53261,Kobolds & Catacombs (LOOTAPALOOZA),LOOT_368,Voidlord,虚空领主,Deathrattle|Summon|Taunt,YELLOW,implemented,partial,3 个机制缺少充分的核心效果验证；逐机制依据见 card_mechanism.csv。,card_mechanism.csv#LOOT_368; generic-play-smoke:played,聚合状态取该卡最差机制；普通烟测只证明可执行，不能单独构成 GREEN。,ordinary_collectible,MINION,yes,fireplace/cards/kobolds/warlock.py:39,[x]Taunt  Deathrattle: Summon three 1/3 Demons with Taunt.
17.6.0.53261,Kobolds & Catacombs (LOOTAPALOOZA),LOOT_370,Gather Your Party,寻求组队,Spell resolution,YELLOW,implemented,partial,1 个机制缺少充分的核心效果验证；逐机制依据见 card_mechanism.csv。,card_mechanism.csv#LOOT_370; generic-play-smoke:played,聚合状态取该卡最差机制；普通烟测只证明可执行，不能单独构成 GREEN。,ordinary_collectible,SPELL,yes,fireplace/cards/kobolds/warrior.py:119,Recruit a minion.
17.6.0.53261,Kobolds & Catacombs (LOOTAPALOOZA),LOOT_373,Healing Rain,治疗之雨,Random effects|Spell resolution,YELLOW,implemented,partial,2 个机制缺少充分的核心效果验证；逐机制依据见 card_mechanism.csv。,card_mechanism.csv#LOOT_373; generic-play-smoke:played,聚合状态取该卡最差机制；普通烟测只证明可执行，不能单独构成 GREEN。,ordinary_collectible,SPELL,yes,fireplace/cards/kobolds/shaman.py:123,Restore #12 Health randomly split among all friendly characters.
17.6.0.53261,Kobolds & Catacombs (LOOTAPALOOZA),LOOT_375,Guild Recruiter,公会招募员,Battlecry,YELLOW,implemented,partial,1 个机制缺少充分的核心效果验证；逐机制依据见 card_mechanism.csv。,card_mechanism.csv#LOOT_375; generic-play-smoke:played,聚合状态取该卡最差机制；普通烟测只证明可执行，不能单独构成 GREEN。,ordinary_collectible,MINION,yes,fireplace/cards/kobolds/neutral_common.py:129,Battlecry: Recruit a minion that costs (4) or less.
17.6.0.53261,Kobolds & Catacombs (LOOTAPALOOZA),LOOT_380,Woecleaver,灾厄斩杀者,Trigger|Weapon,YELLOW,implemented,partial,2 个机制缺少充分的核心效果验证；逐机制依据见 card_mechanism.csv。,card_mechanism.csv#LOOT_380; generic-play-smoke:played,聚合状态取该卡最差机制；普通烟测只证明可执行，不能单独构成 GREEN。,ordinary_collectible,WEAPON,yes,fireplace/cards/kobolds/warrior.py:147,"After your hero attacks, Recruit a minion."
17.6.0.53261,Kobolds & Catacombs (LOOTAPALOOZA),LOOT_382,Kobold Monk,狗头人武僧,Continuous effect / Update|Untargetable,YELLOW,implemented,partial,2 个机制缺少充分的核心效果验证；逐机制依据见 card_mechanism.csv。,card_mechanism.csv#LOOT_382; generic-play-smoke:played,聚合状态取该卡最差机制；普通烟测只证明可执行，不能单独构成 GREEN。,ordinary_collectible,MINION,yes,fireplace/cards/kobolds/neutral_rare.py:71,Your hero can't be targeted by spells or Hero Powers.
17.6.0.53261,Kobolds & Catacombs (LOOTAPALOOZA),LOOT_383,Hungry Ettin,饥饿的双头怪,Battlecry|Random effects|Summon|Taunt,YELLOW,implemented,partial,4 个机制缺少充分的核心效果验证；逐机制依据见 card_mechanism.csv。,card_mechanism.csv#LOOT_383; generic-play-smoke:played,聚合状态取该卡最差机制；普通烟测只证明可执行，不能单独构成 GREEN。,ordinary_collectible,MINION,yes,fireplace/cards/kobolds/neutral_rare.py:84,Taunt Battlecry: Summon a random 2-Cost minion for your opponent.
17.6.0.53261,Kobolds & Catacombs (LOOTAPALOOZA),LOOT_388,Fungal Enchanter,菌菇附魔师,Battlecry,YELLOW,implemented,partial,1 个机制缺少充分的核心效果验证；逐机制依据见 card_mechanism.csv。,card_mechanism.csv#LOOT_388; generic-play-smoke:played,聚合状态取该卡最差机制；普通烟测只证明可执行，不能单独构成 GREEN。,ordinary_collectible,MINION,yes,fireplace/cards/kobolds/neutral_common.py:136,Battlecry: Restore #2 Health to all friendly characters.
17.6.0.53261,Kobolds & Catacombs (LOOTAPALOOZA),LOOT_389,Rummaging Kobold,狗头人拾荒者,Battlecry,YELLOW,implemented,partial,1 个机制缺少充分的核心效果验证；逐机制依据见 card_mechanism.csv。,card_mechanism.csv#LOOT_389; generic-play-smoke:played,聚合状态取该卡最差机制；普通烟测只证明可执行，不能单独构成 GREEN。,ordinary_collectible,MINION,yes,fireplace/cards/kobolds/neutral_epic.py:67,Battlecry: Return one of your destroyed weapons to your hand.
17.6.0.53261,Kobolds & Catacombs (LOOTAPALOOZA),LOOT_392,Twig of the World Tree,世界之树的嫩枝,Deathrattle|Weapon,YELLOW,implemented,partial,2 个机制缺少充分的核心效果验证；逐机制依据见 card_mechanism.csv。,card_mechanism.csv#LOOT_392; generic-play-smoke:played,聚合状态取该卡最差机制；普通烟测只证明可执行，不能单独构成 GREEN。,ordinary_collectible,WEAPON,yes,fireplace/cards/kobolds/druid.py:155,Deathrattle: Gain 10 Mana Crystals.
17.6.0.53261,Kobolds & Catacombs (LOOTAPALOOZA),LOOT_394,Shrieking Shroom,闪光的蘑菇,Random effects|Summon|Trigger,YELLOW,implemented,partial,3 个机制缺少充分的核心效果验证；逐机制依据见 card_mechanism.csv。,card_mechanism.csv#LOOT_394; generic-play-smoke:played,聚合状态取该卡最差机制；普通烟测只证明可执行，不能单独构成 GREEN。,ordinary_collectible,MINION,yes,fireplace/cards/kobolds/neutral_rare.py:91,"At the end of your turn, summon a random 1-Cost minion."
17.6.0.53261,Kobolds & Catacombs (LOOTAPALOOZA),LOOT_398,Benevolent Djinn,和蔼的灯神,Trigger,YELLOW,implemented,partial,1 个机制缺少充分的核心效果验证；逐机制依据见 card_mechanism.csv。,card_mechanism.csv#LOOT_398; generic-play-smoke:played,聚合状态取该卡最差机制；普通烟测只证明可执行，不能单独构成 GREEN。,ordinary_collectible,MINION,yes,fireplace/cards/kobolds/paladin.py:29,"At the end of your turn, restore #3 Health to your hero."
17.6.0.53261,Kobolds & Catacombs (LOOTAPALOOZA),LOOT_410,Duskbreaker,破晓之龙,Battlecry,YELLOW,implemented,partial,1 个机制缺少充分的核心效果验证；逐机制依据见 card_mechanism.csv。,card_mechanism.csv#LOOT_410; generic-play-smoke:played,聚合状态取该卡最差机制；普通烟测只证明可执行，不能单独构成 GREEN。,ordinary_collectible,MINION,yes,fireplace/cards/kobolds/priest.py:8,"Battlecry: If you're holding a Dragon, deal 3 damage to all other minions."
17.6.0.53261,Kobolds & Catacombs (LOOTAPALOOZA),LOOT_412,Kobold Illusionist,狗头人幻术师,Deathrattle|Summon,YELLOW,implemented,partial,2 个机制缺少充分的核心效果验证；逐机制依据见 card_mechanism.csv。,card_mechanism.csv#LOOT_412; generic-play-smoke:played,聚合状态取该卡最差机制；普通烟测只证明可执行，不能单独构成 GREEN。,ordinary_collectible,MINION,yes,fireplace/cards/kobolds/rogue.py:56,Deathrattle: Summon a 1/1 copy of a minion from your hand.
17.6.0.53261,Kobolds & Catacombs (LOOTAPALOOZA),LOOT_413,Plated Beetle,硬壳甲虫,Deathrattle,YELLOW,implemented,partial,1 个机制缺少充分的核心效果验证；逐机制依据见 card_mechanism.csv。,card_mechanism.csv#LOOT_413; generic-play-smoke:played,聚合状态取该卡最差机制；普通烟测只证明可执行，不能单独构成 GREEN。,ordinary_collectible,MINION,yes,fireplace/cards/kobolds/neutral_common.py:143,Deathrattle: Gain 3 Armor.
17.6.0.53261,Kobolds & Catacombs (LOOTAPALOOZA),LOOT_414,Grand Archivist,资深档案管理员,Trigger,YELLOW,implemented,partial,1 个机制缺少充分的核心效果验证；逐机制依据见 card_mechanism.csv。,card_mechanism.csv#LOOT_414; generic-play-smoke:played,聚合状态取该卡最差机制；普通烟测只证明可执行，不能单独构成 GREEN。,ordinary_collectible,MINION,yes,fireplace/cards/kobolds/neutral_epic.py:74,"At the end of your turn, cast a spell from your deck (targets chosen randomly)."
17.6.0.53261,Kobolds & Catacombs (LOOTAPALOOZA),LOOT_415,"Rin, the First Disciple",首席门徒林恩,Deathrattle|Taunt,YELLOW,implemented,partial,2 个机制缺少充分的核心效果验证；逐机制依据见 card_mechanism.csv。,card_mechanism.csv#LOOT_415; generic-play-smoke:played,聚合状态取该卡最差机制；普通烟测只证明可执行，不能单独构成 GREEN。,ordinary_collectible,MINION,yes,fireplace/cards/kobolds/warlock.py:46,Taunt Deathrattle: Add 'The First Seal' to your hand.
17.6.0.53261,Kobolds & Catacombs (LOOTAPALOOZA),LOOT_417,Cataclysm,大灾变,Draw / Discard|Spell resolution,YELLOW,implemented,partial,2 个机制缺少充分的核心效果验证；逐机制依据见 card_mechanism.csv。,card_mechanism.csv#LOOT_417; generic-play-smoke:played,聚合状态取该卡最差机制；普通烟测只证明可执行，不能单独构成 GREEN。,ordinary_collectible,SPELL,yes,fireplace/cards/kobolds/warlock.py:167,Destroy all minions. Discard your hand.
17.6.0.53261,Kobolds & Catacombs (LOOTAPALOOZA),LOOT_420,Skull of the Man'ari,堕落者之颅,Random effects|Summon|Trigger|Weapon,YELLOW,implemented,partial,4 个机制缺少充分的核心效果验证；逐机制依据见 card_mechanism.csv。,card_mechanism.csv#LOOT_420; generic-play-smoke:played,聚合状态取该卡最差机制；普通烟测只证明可执行，不能单独构成 GREEN。,ordinary_collectible,WEAPON,yes,fireplace/cards/kobolds/warlock.py:178,"At the start of your turn, summon a Demon from your hand."
17.6.0.53261,Kobolds & Catacombs (LOOTAPALOOZA),LOOT_500,Val'anyr,瓦兰奈尔,Deathrattle|Trigger|Weapon,YELLOW,implemented,partial,3 个机制缺少充分的核心效果验证；逐机制依据见 card_mechanism.csv。,card_mechanism.csv#LOOT_500; generic-play-smoke:played,聚合状态取该卡最差机制；普通烟测只证明可执行，不能单独构成 GREEN。,ordinary_collectible,WEAPON,yes,fireplace/cards/kobolds/paladin.py:154,"Deathrattle: Give a minion in your hand +4/+2. When it dies, reequip this."
17.6.0.53261,Kobolds & Catacombs (LOOTAPALOOZA),LOOT_503,Lesser Onyx Spellstone,小型法术黑曜石,Random effects|Spell resolution|Trigger,YELLOW,implemented,partial,3 个机制缺少充分的核心效果验证；逐机制依据见 card_mechanism.csv。,card_mechanism.csv#LOOT_503; generic-play-smoke:played,聚合状态取该卡最差机制；普通烟测只证明可执行，不能单独构成 GREEN。,ordinary_collectible,SPELL,yes,fireplace/cards/kobolds/rogue.py:110,Destroy 1 random enemy minion. @(Play 3 Deathrattle cards to upgrade.)
17.6.0.53261,Kobolds & Catacombs (LOOTAPALOOZA),LOOT_504,Unstable Evolution,不稳定的异变,Cost modification|Spell resolution|Targeting|Transform,YELLOW,implemented,partial,4 个机制缺少充分的核心效果验证；逐机制依据见 card_mechanism.csv。,card_mechanism.csv#LOOT_504; generic-play-smoke:played,聚合状态取该卡最差机制；普通烟测只证明可执行，不能单独构成 GREEN。,ordinary_collectible,SPELL,yes,fireplace/cards/kobolds/shaman.py:130,Transform a friendly minion into one that costs (1) more. Repeatable this turn.
17.6.0.53261,Kobolds & Catacombs (LOOTAPALOOZA),LOOT_506,The Runespear,符文之矛,Discover / Choice|Random effects|Trigger|Weapon,YELLOW,implemented,partial,4 个机制缺少充分的核心效果验证；逐机制依据见 card_mechanism.csv。,card_mechanism.csv#LOOT_506; generic-play-smoke:played,聚合状态取该卡最差机制；普通烟测只证明可执行，不能单独构成 GREEN。,ordinary_collectible,WEAPON,yes,fireplace/cards/kobolds/shaman.py:156,"After your hero attacks, Discover a spell and cast it with random targets."
17.6.0.53261,Kobolds & Catacombs (LOOTAPALOOZA),LOOT_507,Lesser Diamond Spellstone,小型法术钻石,Spell resolution|Summon|Trigger,YELLOW,implemented,partial,3 个机制缺少充分的核心效果验证；逐机制依据见 card_mechanism.csv。,card_mechanism.csv#LOOT_507; generic-play-smoke:played,聚合状态取该卡最差机制；普通烟测只证明可执行，不能单独构成 GREEN。,ordinary_collectible,SPELL,yes,fireplace/cards/kobolds/priest.py:188,Resurrect 2 different friendly minions. @(Cast 4 spells to upgrade.)
17.6.0.53261,Kobolds & Catacombs (LOOTAPALOOZA),LOOT_511,Kathrena Winterwisp,卡瑟娜·冬灵,Battlecry|Deathrattle,YELLOW,implemented,partial,2 个机制缺少充分的核心效果验证；逐机制依据见 card_mechanism.csv。,card_mechanism.csv#LOOT_511; generic-play-smoke:played,聚合状态取该卡最差机制；普通烟测只证明可执行，不能单独构成 GREEN。,ordinary_collectible,MINION,yes,fireplace/cards/kobolds/hunter.py:15,Battlecry and Deathrattle: Recruit a Beast.
17.6.0.53261,Kobolds & Catacombs (LOOTAPALOOZA),LOOT_516,Zola the Gorgon,蛇发女妖佐拉,Battlecry|Targeting,YELLOW,implemented,partial,2 个机制缺少充分的核心效果验证；逐机制依据见 card_mechanism.csv。,card_mechanism.csv#LOOT_516; generic-play-smoke:played,聚合状态取该卡最差机制；普通烟测只证明可执行，不能单独构成 GREEN。,ordinary_collectible,MINION,yes,fireplace/cards/kobolds/neutral_legendary.py:53,Battlecry: Choose a friendly minion. Add a Golden copy of it to your hand.
17.6.0.53261,Kobolds & Catacombs (LOOTAPALOOZA),LOOT_517,Murmuring Elemental,低语元素,Battlecry,YELLOW,implemented,partial,1 个机制缺少充分的核心效果验证；逐机制依据见 card_mechanism.csv。,card_mechanism.csv#LOOT_517; generic-play-smoke:played,聚合状态取该卡最差机制；普通烟测只证明可执行，不能单独构成 GREEN。,ordinary_collectible,MINION,yes,fireplace/cards/kobolds/shaman.py:27,Battlecry: Your next Battlecry this turn triggers twice.
17.6.0.53261,Kobolds & Catacombs (LOOTAPALOOZA),LOOT_518,Windshear Stormcaller,风剪唤风者,Battlecry|Summon,YELLOW,implemented,partial,2 个机制缺少充分的核心效果验证；逐机制依据见 card_mechanism.csv。,card_mechanism.csv#LOOT_518; generic-play-smoke:played,聚合状态取该卡最差机制；普通烟测只证明可执行，不能单独构成 GREEN。,ordinary_collectible,MINION,yes,fireplace/cards/kobolds/shaman.py:40,"Battlecry: If you control all 4 basic Totems, summon Al'Akir the Windlord."
17.6.0.53261,Kobolds & Catacombs (LOOTAPALOOZA),LOOT_519,Geosculptor Yip,地塑师伊普,Random effects|Summon|Trigger,YELLOW,implemented,partial,3 个机制缺少充分的核心效果验证；逐机制依据见 card_mechanism.csv。,card_mechanism.csv#LOOT_519; generic-play-smoke:played,聚合状态取该卡最差机制；普通烟测只证明可执行，不能单独构成 GREEN。,ordinary_collectible,MINION,yes,fireplace/cards/kobolds/warrior.py:29,"At the end of your turn, summon a random minion with Cost equal to your Armor (up to 10)."
17.6.0.53261,Kobolds & Catacombs (LOOTAPALOOZA),LOOT_520,Seeping Oozeling,渗水的软泥怪,Battlecry|Random effects,YELLOW,implemented,partial,2 个机制缺少充分的核心效果验证；逐机制依据见 card_mechanism.csv。,card_mechanism.csv#LOOT_520; generic-play-smoke:played,聚合状态取该卡最差机制；普通烟测只证明可执行，不能单独构成 GREEN。,ordinary_collectible,MINION,yes,fireplace/cards/kobolds/hunter.py:22,Battlecry: Gain the Deathrattle of a random minion in your deck.
17.6.0.53261,Kobolds & Catacombs (LOOTAPALOOZA),LOOT_521,Master Oakheart,欧克哈特大师,Battlecry,YELLOW,implemented,partial,1 个机制缺少充分的核心效果验证；逐机制依据见 card_mechanism.csv。,card_mechanism.csv#LOOT_521; generic-play-smoke:played,聚合状态取该卡最差机制；普通烟测只证明可执行，不能单独构成 GREEN。,ordinary_collectible,MINION,yes,fireplace/cards/kobolds/neutral_legendary.py:65,"Battlecry: Recruit a 1, 2, and 3-Attack minion."
17.6.0.53261,Kobolds & Catacombs (LOOTAPALOOZA),LOOT_522,Crushing Walls,碾压墙,Spell resolution,YELLOW,implemented,partial,1 个机制缺少充分的核心效果验证；逐机制依据见 card_mechanism.csv。,card_mechanism.csv#LOOT_522; generic-play-smoke:played,聚合状态取该卡最差机制；普通烟测只证明可执行，不能单独构成 GREEN。,ordinary_collectible,SPELL,yes,fireplace/cards/kobolds/hunter.py:104,Destroy your opponent's left and right-most minions.
17.6.0.53261,Kobolds & Catacombs (LOOTAPALOOZA),LOOT_526,The Darkness,黑暗之主,Battlecry|Trigger,YELLOW,implemented,partial,2 个机制缺少充分的核心效果验证；逐机制依据见 card_mechanism.csv。,card_mechanism.csv#LOOT_526; generic-play-smoke:played,聚合状态取该卡最差机制；普通烟测只证明可执行，不能单独构成 GREEN。,ordinary_collectible,MINION,yes,fireplace/cards/kobolds/neutral_legendary.py:72,"[x]Starts Dormant. Battlecry: Shuffle 3 Candles into the enemy deck. When drawn, this awakens."
17.6.0.53261,Kobolds & Catacombs (LOOTAPALOOZA),LOOT_528,Twilight Acolyte,暮光侍僧,Battlecry|Targeting,YELLOW,implemented,partial,2 个机制缺少充分的核心效果验证；逐机制依据见 card_mechanism.csv。,card_mechanism.csv#LOOT_528; generic-play-smoke:played,聚合状态取该卡最差机制；普通烟测只证明可执行，不能单独构成 GREEN。,ordinary_collectible,MINION,yes,fireplace/cards/kobolds/priest.py:19,"Battlecry: If you're holding a Dragon, swap this minion's Attack with another minion's."
17.6.0.53261,Kobolds & Catacombs (LOOTAPALOOZA),LOOT_529,Void Ripper,虚空撕裂者,Battlecry,YELLOW,implemented,partial,1 个机制缺少充分的核心效果验证；逐机制依据见 card_mechanism.csv。,card_mechanism.csv#LOOT_529; generic-play-smoke:played,聚合状态取该卡最差机制；普通烟测只证明可执行，不能单独构成 GREEN。,ordinary_collectible,MINION,yes,fireplace/cards/kobolds/neutral_epic.py:82,Battlecry: Swap the Attack and Health of all other minions.
17.6.0.53261,Kobolds & Catacombs (LOOTAPALOOZA),LOOT_534,Gilded Gargoyle,镀金的石像鬼,Deathrattle,YELLOW,implemented,partial,1 个机制缺少充分的核心效果验证；逐机制依据见 card_mechanism.csv。,card_mechanism.csv#LOOT_534; generic-play-smoke:played,聚合状态取该卡最差机制；普通烟测只证明可执行，不能单独构成 GREEN。,ordinary_collectible,MINION,yes,fireplace/cards/kobolds/priest.py:35,Deathrattle: Add a Coin to your hand.
17.6.0.53261,Kobolds & Catacombs (LOOTAPALOOZA),LOOT_535,Dragoncaller Alanna,巨龙召唤者奥兰纳,Battlecry|Summon,YELLOW,implemented,partial,2 个机制缺少充分的核心效果验证；逐机制依据见 card_mechanism.csv。,card_mechanism.csv#LOOT_535; generic-play-smoke:played,聚合状态取该卡最差机制；普通烟测只证明可执行，不能单独构成 GREEN。,ordinary_collectible,MINION,yes,fireplace/cards/kobolds/mage.py:22,Battlecry: Summon a 5/5 Dragon for each spell you cast this game that costs (5) or more.
17.6.0.53261,Kobolds & Catacombs (LOOTAPALOOZA),LOOT_537,Leyline Manipulator,魔网操控者,Battlecry,YELLOW,implemented,partial,1 个机制缺少充分的核心效果验证；逐机制依据见 card_mechanism.csv。,card_mechanism.csv#LOOT_537; generic-play-smoke:played,聚合状态取该卡最差机制；普通烟测只证明可执行，不能单独构成 GREEN。,ordinary_collectible,MINION,yes,fireplace/cards/kobolds/mage.py:32,"Battlecry: If you're holding any cards that didn't start in your deck, reduce their Cost by (2)."
17.6.0.53261,Kobolds & Catacombs (LOOTAPALOOZA),LOOT_538,Temporus,坦普卢斯,Battlecry,YELLOW,implemented,partial,1 个机制缺少充分的核心效果验证；逐机制依据见 card_mechanism.csv。,card_mechanism.csv#LOOT_538; generic-play-smoke:played,聚合状态取该卡最差机制；普通烟测只证明可执行，不能单独构成 GREEN。,ordinary_collectible,MINION,yes,fireplace/cards/kobolds/priest.py:42,Battlecry: Your opponent takes two turns. Then you take two turns.
17.6.0.53261,Kobolds & Catacombs (LOOTAPALOOZA),LOOT_539,Spiteful Summoner,恶毒的召唤师,Battlecry|Random effects|Summon|Targeting,YELLOW,implemented,partial,4 个机制缺少充分的核心效果验证；逐机制依据见 card_mechanism.csv。,card_mechanism.csv#LOOT_539; generic-play-smoke:played,聚合状态取该卡最差机制；普通烟测只证明可执行，不能单独构成 GREEN。,ordinary_collectible,MINION,yes,fireplace/cards/kobolds/neutral_epic.py:92,[x]Battlecry: Reveal a spell from your deck. Summon  a random minion with the same Cost.
17.6.0.53261,Kobolds & Catacombs (LOOTAPALOOZA),LOOT_540,Dragonhatcher,驯龙师,Trigger,YELLOW,implemented,partial,1 个机制缺少充分的核心效果验证；逐机制依据见 card_mechanism.csv。,card_mechanism.csv#LOOT_540; generic-play-smoke:played,聚合状态取该卡最差机制；普通烟测只证明可执行，不能单独构成 GREEN。,ordinary_collectible,MINION,yes,fireplace/cards/kobolds/neutral_epic.py:102,"At the end of your turn, Recruit a Dragon."
17.6.0.53261,Kobolds & Catacombs (LOOTAPALOOZA),LOOT_541,King Togwaggle,托瓦格尔国王,Battlecry,YELLOW,implemented,partial,1 个机制缺少充分的核心效果验证；逐机制依据见 card_mechanism.csv。,card_mechanism.csv#LOOT_541; generic-play-smoke:played,聚合状态取该卡最差机制；普通烟测只证明可执行，不能单独构成 GREEN。,ordinary_collectible,MINION,yes,fireplace/cards/kobolds/neutral_legendary.py:88,[x]Battlecry: Swap decks with your opponent. Give them a Ransom spell to swap back.
17.6.0.53261,Kobolds & Catacombs (LOOTAPALOOZA),LOOT_542,Kingsbane,弑君,Deathrattle|Weapon,YELLOW,implemented,partial,2 个机制缺少充分的核心效果验证；逐机制依据见 card_mechanism.csv。,card_mechanism.csv#LOOT_542; generic-play-smoke:played,聚合状态取该卡最差机制；普通烟测只证明可执行，不能单独构成 GREEN。,ordinary_collectible,WEAPON,yes,fireplace/cards/kobolds/rogue.py:154,[x]Always keeps enchantments. Deathrattle: Shuffle this into your deck.
17.6.0.53261,League of Explorers (LOE),LOE_086,Summoning Stone,集合石,Random effects|Summon|Trigger,YELLOW,implemented,partial,未决：effect_cast_trigger_semantics_pending=hand_cast_inner_fire_cost=1;hand_cast_summons=1;Djinni_effect_cast_additional_summons=0;all_cost=1;whether an effect-cast counts as 'you cast' remains a rules-semantic blocker (CAST-001),card_mechanism.csv#LOE_086; generic-play-smoke:played; per-card: reports/card_quality_full_2026-09-27/loe_probe.csv#own_spell_matching_cost_summon; reports/card_quality_full_2026-09-27/loe_probe.csv#effect_cast_trigger_semantics_pending,"聚合状态取该卡最差机制；普通烟测只证明可执行，不能单独构成 GREEN。 Frozen original YELLOW roster. Cases=2; see probe rows with full EN/ZH text, source, existing test references, prior audit, expected/observed state.",ordinary_collectible,MINION,yes,fireplace/cards/league/collectible.py:196,"Whenever you cast a spell, summon a random minion of the same Cost."
17.6.0.53261,Mean Streets of Gadgetzan (GANGS),CFM_060,Red Mana Wyrm,猩红法力浮龙,Trigger,YELLOW,implemented,partial,直接由玩家打出的法术已验证会加攻，但 CAST-001 的随机/效果代施法事件语义尚未证实；依现有底层机制核查结果保留黄卡。,card_mechanism.csv#CFM_060; generic-play-smoke:played; per-card: reports/card_quality_full_2026-09-27/three_set_probe.csv#CFM_060::own_casts_buff_enemy_cast_does_not,"聚合状态取该卡最差机制；普通烟测只证明可执行，不能单独构成 GREEN。 EN=Whenever you cast a spell, gain +2 Attack.; ZH=每当你施放一个法术，便获得 +2攻击力。; source=fireplace/cards/gangs/neutral_common.py:8; existing_tests=无候选既有测试引用; previous_card_audit=1 个机制缺少充分的核心效果验证；逐机制依据见 card_mechanism.csv。; previous_mechanism_audit=存在定义或元数据候选；当前没有可复查的该机制核心效果断言。; prior_cross_card_issues=CAST-001[semantics_pending]:效果代施放法术会结算，但不广播玩家 Play ON/AFTER；与手牌施放触发不同，规则语义待核实，暂不判定为错误。; audit_scope=本轮实际运行断言。",ordinary_collectible,MINION,yes,fireplace/cards/gangs/neutral_common.py:8,"Whenever you cast a spell, gain +2 Attack."
17.6.0.53261,Rastakhan's Rumble (TROLL),TRL_010,Half-Time Scavenger,中场拾荒者,Stealth,YELLOW,implemented,partial,1 个机制缺少充分的核心效果验证；逐机制依据见 card_mechanism.csv。,card_mechanism.csv#TRL_010; generic-play-smoke:played,聚合状态取该卡最差机制；普通烟测只证明可执行，不能单独构成 GREEN。,ordinary_collectible,MINION,yes,fireplace/cards/troll/neutral_common.py:8,Stealth Overkill: Gain 3 Armor.
17.6.0.53261,Rastakhan's Rumble (TROLL),TRL_012,Totemic Smash,图腾重击,Random effects|Spell resolution|Summon|Targeting,YELLOW,implemented,partial,4 个机制缺少充分的核心效果验证；逐机制依据见 card_mechanism.csv。,card_mechanism.csv#TRL_012; generic-play-smoke:played,聚合状态取该卡最差机制；普通烟测只证明可执行，不能单独构成 GREEN。,ordinary_collectible,SPELL,yes,fireplace/cards/troll/shaman.py:67,Deal $2 damage. Overkill: Summon a basic Totem.
17.6.0.53261,Rastakhan's Rumble (TROLL),TRL_015,Ticket Scalper,黑心票贩,Draw / Discard,YELLOW,implemented,partial,1 个机制缺少充分的核心效果验证；逐机制依据见 card_mechanism.csv。,card_mechanism.csv#TRL_015; generic-play-smoke:played,聚合状态取该卡最差机制；普通烟测只证明可执行，不能单独构成 GREEN。,ordinary_collectible,MINION,yes,fireplace/cards/troll/neutral_common.py:15,Overkill: Draw 2 cards.
17.6.0.53261,Rastakhan's Rumble (TROLL),TRL_020,Sightless Ranger,盲眼游侠,Rush|Summon,YELLOW,implemented,partial,2 个机制缺少充分的核心效果验证；逐机制依据见 card_mechanism.csv。,card_mechanism.csv#TRL_020; generic-play-smoke:played,聚合状态取该卡最差机制；普通烟测只证明可执行，不能单独构成 GREEN。,ordinary_collectible,MINION,yes,fireplace/cards/troll/neutral_common.py:22,Rush Overkill: Summon two 1/1 Bats.
17.6.0.53261,Rastakhan's Rumble (TROLL),TRL_057,Serpent Ward,毒蛇守卫,Trigger,YELLOW,implemented,partial,1 个机制缺少充分的核心效果验证；逐机制依据见 card_mechanism.csv。,card_mechanism.csv#TRL_057; generic-play-smoke:played,聚合状态取该卡最差机制；普通烟测只证明可执行，不能单独构成 GREEN。,ordinary_collectible,MINION,yes,fireplace/cards/troll/neutral_rare.py:8,"At the end of your turn, deal 2 damage to the enemy hero."
17.6.0.53261,Rastakhan's Rumble (TROLL),TRL_058,Haunting Visions,亡鬼幻象,Cost modification|Discover / Choice|Random effects|Spell resolution,YELLOW,implemented,partial,4 个机制缺少充分的核心效果验证；逐机制依据见 card_mechanism.csv。,card_mechanism.csv#TRL_058; generic-play-smoke:played,聚合状态取该卡最差机制；普通烟测只证明可执行，不能单独构成 GREEN。,ordinary_collectible,SPELL,yes,fireplace/cards/troll/shaman.py:78,The next spell you cast this turn costs (3) less. Discover a spell.
17.6.0.53261,Rastakhan's Rumble (TROLL),TRL_059,Bog Slosher,沼泽游荡者,Battlecry|Targeting,YELLOW,implemented,partial,2 个机制缺少充分的核心效果验证；逐机制依据见 card_mechanism.csv。,card_mechanism.csv#TRL_059; generic-play-smoke:played,聚合状态取该卡最差机制；普通烟测只证明可执行，不能单独构成 GREEN。,ordinary_collectible,MINION,yes,fireplace/cards/troll/shaman.py:8,Battlecry: Return a friendly minion to your hand and give it +2/+2.
17.6.0.53261,Rastakhan's Rumble (TROLL),TRL_060,Spirit of the Frog,青蛙之灵,Cost modification|Draw / Discard|Stealth|Trigger,YELLOW,implemented,partial,4 个机制缺少充分的核心效果验证；逐机制依据见 card_mechanism.csv。,card_mechanism.csv#TRL_060; generic-play-smoke:played,聚合状态取该卡最差机制；普通烟测只证明可执行，不能单独构成 GREEN。,ordinary_collectible,MINION,yes,fireplace/cards/troll/shaman.py:23,"[x]Stealth for 1 turn. Whenever you cast a spell, draw a spell from your deck that costs (1) more."
17.6.0.53261,Rastakhan's Rumble (TROLL),TRL_065,Zul'jin,祖尔金,Battlecry,YELLOW,implemented,partial,1 个机制缺少充分的核心效果验证；逐机制依据见 card_mechanism.csv。,card_mechanism.csv#TRL_065; generic-play-smoke:played,聚合状态取该卡最差机制；普通烟测只证明可执行，不能单独构成 GREEN。,ordinary_collectible,HERO,yes,fireplace/cards/troll/hunter.py:118,[x]Battlecry: Cast all spells you've played this game (targets chosen randomly).
17.6.0.53261,Rastakhan's Rumble (TROLL),TRL_071,Bloodsail Howler,血帆啸猴,Battlecry|Rush,YELLOW,implemented,partial,2 个机制缺少充分的核心效果验证；逐机制依据见 card_mechanism.csv。,card_mechanism.csv#TRL_071; generic-play-smoke:played,聚合状态取该卡最差机制；普通烟测只证明可执行，不能单独构成 GREEN。,ordinary_collectible,MINION,yes,fireplace/cards/troll/rogue.py:8,[x]Rush Battlecry: Gain +1/+1 for each other Pirate you control.
17.6.0.53261,Rastakhan's Rumble (TROLL),TRL_074,Serrated Tooth,锯刃齿,Deathrattle|Weapon,YELLOW,implemented,partial,2 个机制缺少充分的核心效果验证；逐机制依据见 card_mechanism.csv。,card_mechanism.csv#TRL_074; generic-play-smoke:played,聚合状态取该卡最差机制；普通烟测只证明可执行，不能单独构成 GREEN。,ordinary_collectible,WEAPON,yes,fireplace/cards/troll/rogue.py:116,Deathrattle: Give your minions Rush.
17.6.0.53261,Rastakhan's Rumble (TROLL),TRL_077,Gurubashi Hypemon,古拉巴什宣传员,Battlecry|Discover / Choice|Random effects,YELLOW,implemented,partial,3 个机制缺少充分的核心效果验证；逐机制依据见 card_mechanism.csv。,card_mechanism.csv#TRL_077; generic-play-smoke:played,聚合状态取该卡最差机制；普通烟测只证明可执行，不能单独构成 GREEN。,ordinary_collectible,MINION,yes,fireplace/cards/troll/rogue.py:18,Battlecry: Discover a 1/1 copy of a Battlecry minion. It costs (1).
17.6.0.53261,Rastakhan's Rumble (TROLL),TRL_082,Big Bad Voodoo,终极巫毒,Cost modification|Random effects|Spell resolution|Summon|Targeting,YELLOW,implemented,partial,5 个机制缺少充分的核心效果验证；逐机制依据见 card_mechanism.csv。,card_mechanism.csv#TRL_082; generic-play-smoke:played,聚合状态取该卡最差机制；普通烟测只证明可执行，不能单独构成 GREEN。,ordinary_collectible,SPELL,yes,fireplace/cards/troll/shaman.py:90,"Give a friendly minion ""Deathrattle: Summon a random minion that costs (1) more."""
17.6.0.53261,Rastakhan's Rumble (TROLL),TRL_085,Zentimo,泽蒂摩,Targeting|Trigger,YELLOW,implemented,partial,2 个机制缺少充分的核心效果验证；逐机制依据见 card_mechanism.csv。,card_mechanism.csv#TRL_085; generic-play-smoke:played,聚合状态取该卡最差机制；普通烟测只证明可执行，不能单独构成 GREEN。,ordinary_collectible,MINION,yes,fireplace/cards/troll/shaman.py:36,"[x]Whenever you target a minion with a spell, cast it again on its neighbors."
17.6.0.53261,Rastakhan's Rumble (TROLL),TRL_092,Spirit of the Shark,鲨鱼之灵,Aura|Continuous effect / Update|Stealth|Trigger,YELLOW,implemented,partial,4 个机制缺少充分的核心效果验证；逐机制依据见 card_mechanism.csv。,card_mechanism.csv#TRL_092; generic-play-smoke:played,聚合状态取该卡最差机制；普通烟测只证明可执行，不能单独构成 GREEN。,ordinary_collectible,MINION,yes,fireplace/cards/troll/rogue.py:36,[x]Stealth for 1 turn. Your minions' Battlecries   and Combos trigger twice.
17.6.0.53261,Rastakhan's Rumble (TROLL),TRL_096,Griftah,格里伏塔,Battlecry|Discover / Choice|Random effects,YELLOW,implemented,partial,3 个机制缺少充分的核心效果验证；逐机制依据见 card_mechanism.csv。,card_mechanism.csv#TRL_096; generic-play-smoke:played,聚合状态取该卡最差机制；普通烟测只证明可执行，不能单独构成 GREEN。,ordinary_collectible,MINION,yes,fireplace/cards/troll/neutral_legendary.py:8,[x]Battlecry: Discover two cards. Give one to your opponent at random.
17.6.0.53261,Rastakhan's Rumble (TROLL),TRL_097,Seance,灵媒术,Spell resolution|Targeting,YELLOW,implemented,partial,2 个机制缺少充分的核心效果验证；逐机制依据见 card_mechanism.csv。,card_mechanism.csv#TRL_097; generic-play-smoke:played,聚合状态取该卡最差机制；普通烟测只证明可执行，不能单独构成 GREEN。,ordinary_collectible,SPELL,yes,fireplace/cards/troll/priest.py:70,Choose a minion. Add a copy of it to your hand.
17.6.0.53261,Rastakhan's Rumble (TROLL),TRL_111,Headhunter's Hatchet,猎头者之斧,Battlecry|Weapon,YELLOW,implemented,partial,2 个机制缺少充分的核心效果验证；逐机制依据见 card_mechanism.csv。,card_mechanism.csv#TRL_111; generic-play-smoke:played,聚合状态取该卡最差机制；普通烟测只证明可执行，不能单独构成 GREEN。,ordinary_collectible,WEAPON,yes,fireplace/cards/troll/hunter.py:104,"[x]Battlecry: If you control a Beast, gain +1 Durability."
17.6.0.53261,Rastakhan's Rumble (TROLL),TRL_119,The Beast Within,野兽之心,Random effects|Spell resolution|Targeting,YELLOW,implemented,partial,3 个机制缺少充分的核心效果验证；逐机制依据见 card_mechanism.csv。,card_mechanism.csv#TRL_119; generic-play-smoke:unplayable_in_generic_setup,聚合状态取该卡最差机制；普通烟测只证明可执行，不能单独构成 GREEN。,ordinary_collectible,SPELL,yes,fireplace/cards/troll/hunter.py:48,"Give a friendly Beast +1/+1, then it attacks a random enemy minion."
17.6.0.53261,Rastakhan's Rumble (TROLL),TRL_124,Raiding Party,团伙劫掠,Combo|Draw / Discard|Spell resolution,YELLOW,implemented,partial,3 个机制缺少充分的核心效果验证；逐机制依据见 card_mechanism.csv。,card_mechanism.csv#TRL_124; generic-play-smoke:played,聚合状态取该卡最差机制；普通烟测只证明可执行，不能单独构成 GREEN。,ordinary_collectible,SPELL,yes,fireplace/cards/troll/rogue.py:75,Draw 2 Pirates from your deck. Combo: And a weapon.
17.6.0.53261,Rastakhan's Rumble (TROLL),TRL_126,Captain Hooktusk,钩牙船长,Battlecry|Summon,YELLOW,implemented,partial,2 个机制缺少充分的核心效果验证；逐机制依据见 card_mechanism.csv。,card_mechanism.csv#TRL_126; generic-play-smoke:played,聚合状态取该卡最差机制；普通烟测只证明可执行，不能单独构成 GREEN。,ordinary_collectible,MINION,yes,fireplace/cards/troll/rogue.py:48,Battlecry: Summon 3 Pirates from your deck. Give them Rush.
17.6.0.53261,Rastakhan's Rumble (TROLL),TRL_127,Cannon Barrage,火炮弹幕,Random effects|Spell resolution,YELLOW,implemented,partial,2 个机制缺少充分的核心效果验证；逐机制依据见 card_mechanism.csv。,card_mechanism.csv#TRL_127; generic-play-smoke:played,聚合状态取该卡最差机制；普通烟测只证明可执行，不能单独构成 GREEN。,ordinary_collectible,SPELL,yes,fireplace/cards/troll/rogue.py:86,[x]Deal $3 damage to a random enemy. Repeat for each of your Pirates.
17.6.0.53261,Rastakhan's Rumble (TROLL),TRL_128,Regenerate,再生,Spell resolution|Targeting,YELLOW,implemented,partial,2 个机制缺少充分的核心效果验证；逐机制依据见 card_mechanism.csv。,card_mechanism.csv#TRL_128; generic-play-smoke:played,聚合状态取该卡最差机制；普通烟测只证明可执行，不能单独构成 GREEN。,ordinary_collectible,SPELL,yes,fireplace/cards/troll/priest.py:81,Restore #3 Health.
17.6.0.53261,Rastakhan's Rumble (TROLL),TRL_131,Sand Drudge,沙地苦工,Summon|Trigger,YELLOW,implemented,partial,2 个机制缺少充分的核心效果验证；逐机制依据见 card_mechanism.csv。,card_mechanism.csv#TRL_131; generic-play-smoke:played,聚合状态取该卡最差机制；普通烟测只证明可执行，不能单独构成 GREEN。,ordinary_collectible,MINION,yes,fireplace/cards/troll/priest.py:8,"Whenever you cast a spell, summon a 1/1 Zombie with Taunt."
17.6.0.53261,Rastakhan's Rumble (TROLL),TRL_151,Former Champ,退役冠军,Battlecry|Summon,YELLOW,implemented,partial,2 个机制缺少充分的核心效果验证；逐机制依据见 card_mechanism.csv。,card_mechanism.csv#TRL_151; generic-play-smoke:played,聚合状态取该卡最差机制；普通烟测只证明可执行，不能单独构成 GREEN。,ordinary_collectible,MINION,yes,fireplace/cards/troll/neutral_common.py:29,Battlecry: Summon a 5/5 Hotshot.
17.6.0.53261,Rastakhan's Rumble (TROLL),TRL_156,Stolen Steel,盗取武器,Discover / Choice|Random effects|Spell resolution,YELLOW,implemented,partial,3 个机制缺少充分的核心效果验证；逐机制依据见 card_mechanism.csv。,card_mechanism.csv#TRL_156; generic-play-smoke:played,聚合状态取该卡最差机制；普通烟测只证明可执行，不能单独构成 GREEN。,ordinary_collectible,SPELL,yes,fireplace/cards/troll/rogue.py:93,Discover a weapon (from another class).
17.6.0.53261,Rastakhan's Rumble (TROLL),TRL_157,Walk the Plank,走跳板,Spell resolution|Targeting,YELLOW,implemented,partial,2 个机制缺少充分的核心效果验证；逐机制依据见 card_mechanism.csv。,card_mechanism.csv#TRL_157; generic-play-smoke:played,聚合状态取该卡最差机制；普通烟测只证明可执行，不能单独构成 GREEN。,ordinary_collectible,SPELL,yes,fireplace/cards/troll/rogue.py:100,Destroy an undamaged minion.
17.6.0.53261,Rastakhan's Rumble (TROLL),TRL_223,Spirit of the Raptor,迅猛龙之灵,Draw / Discard|Stealth|Trigger,YELLOW,implemented,partial,3 个机制缺少充分的核心效果验证；逐机制依据见 card_mechanism.csv。,card_mechanism.csv#TRL_223; generic-play-smoke:played,聚合状态取该卡最差机制；普通烟测只证明可执行，不能单独构成 GREEN。,ordinary_collectible,MINION,yes,fireplace/cards/troll/druid.py:8,"[x]Stealth for 1 turn. After your hero attacks and   kills a minion, draw a card."
17.6.0.53261,Rastakhan's Rumble (TROLL),TRL_232,Ironhide Direhorn,铁皮恐角龙,Summon,YELLOW,implemented,partial,1 个机制缺少充分的核心效果验证；逐机制依据见 card_mechanism.csv。,card_mechanism.csv#TRL_232; generic-play-smoke:played,聚合状态取该卡最差机制；普通烟测只证明可执行，不能单独构成 GREEN。,ordinary_collectible,MINION,yes,fireplace/cards/troll/druid.py:21,Overkill: Summon a 5/5 Ironhide Runt.
17.6.0.53261,Rastakhan's Rumble (TROLL),TRL_240,Savage Striker,野蛮先锋,Battlecry|Targeting,YELLOW,implemented,partial,2 个机制缺少充分的核心效果验证；逐机制依据见 card_mechanism.csv。,card_mechanism.csv#TRL_240; generic-play-smoke:played,聚合状态取该卡最差机制；普通烟测只证明可执行，不能单独构成 GREEN。,ordinary_collectible,MINION,yes,fireplace/cards/troll/druid.py:28,Battlecry: Deal damage to an enemy minion equal to your hero's Attack.
17.6.0.53261,Rastakhan's Rumble (TROLL),TRL_241,"Gonk, the Raptor",贡克，迅猛龙之神,Trigger,YELLOW,implemented,partial,1 个机制缺少充分的核心效果验证；逐机制依据见 card_mechanism.csv。,card_mechanism.csv#TRL_241; generic-play-smoke:played,聚合状态取该卡最差机制；普通烟测只证明可执行，不能单独构成 GREEN。,ordinary_collectible,MINION,yes,fireplace/cards/troll/druid.py:40,"After your hero attacks and kills a minion, it may attack again."
17.6.0.53261,Rastakhan's Rumble (TROLL),TRL_243,Pounce,飞扑,Spell resolution,YELLOW,implemented,partial,1 个机制缺少充分的核心效果验证；逐机制依据见 card_mechanism.csv。,card_mechanism.csv#TRL_243; generic-play-smoke:played,聚合状态取该卡最差机制；普通烟测只证明可执行，不能单独构成 GREEN。,ordinary_collectible,SPELL,yes,fireplace/cards/troll/druid.py:84,Give your hero +2 Attack this turn.
17.6.0.53261,Rastakhan's Rumble (TROLL),TRL_244,Predatory Instincts,掠食本能,Draw / Discard|Spell resolution|Targeting,YELLOW,implemented,partial,3 个机制缺少充分的核心效果验证；逐机制依据见 card_mechanism.csv。,card_mechanism.csv#TRL_244; generic-play-smoke:played,聚合状态取该卡最差机制；普通烟测只证明可执行，不能单独构成 GREEN。,ordinary_collectible,SPELL,yes,fireplace/cards/troll/druid.py:94,[x]Draw a Beast from your deck. Double its Health.
17.6.0.53261,Rastakhan's Rumble (TROLL),TRL_245,Shriek,尖啸,Draw / Discard|Spell resolution,YELLOW,implemented,partial,2 个机制缺少充分的核心效果验证；逐机制依据见 card_mechanism.csv。,card_mechanism.csv#TRL_245; generic-play-smoke:played,聚合状态取该卡最差机制；普通烟测只证明可执行，不能单独构成 GREEN。,ordinary_collectible,SPELL,yes,fireplace/cards/troll/warlock.py:62,Discard your lowest Cost card. Deal $2 damage to all minions.
17.6.0.53261,Rastakhan's Rumble (TROLL),TRL_246,Void Contract,虚空契约,Spell resolution,YELLOW,implemented,partial,1 个机制缺少充分的核心效果验证；逐机制依据见 card_mechanism.csv。,card_mechanism.csv#TRL_246; generic-play-smoke:played,聚合状态取该卡最差机制；普通烟测只证明可执行，不能单独构成 GREEN。,ordinary_collectible,SPELL,yes,fireplace/cards/troll/warlock.py:69,Destroy half of each player's deck.
17.6.0.53261,Rastakhan's Rumble (TROLL),TRL_247,Soulwarden,护魂者,Battlecry|Random effects,YELLOW,implemented,partial,2 个机制缺少充分的核心效果验证；逐机制依据见 card_mechanism.csv。,card_mechanism.csv#TRL_247; generic-play-smoke:played,聚合状态取该卡最差机制；普通烟测只证明可执行，不能单独构成 GREEN。,ordinary_collectible,MINION,yes,fireplace/cards/troll/warlock.py:8,Battlecry: Add 3 random cards you discarded this game to your hand.
17.6.0.53261,Rastakhan's Rumble (TROLL),TRL_249,Grim Rally,残酷集结,Spell resolution|Targeting,YELLOW,implemented,partial,2 个机制缺少充分的核心效果验证；逐机制依据见 card_mechanism.csv。,card_mechanism.csv#TRL_249; generic-play-smoke:played,聚合状态取该卡最差机制；普通烟测只证明可执行，不能单独构成 GREEN。,ordinary_collectible,SPELL,yes,fireplace/cards/troll/warlock.py:79,Destroy a friendly minion. Give your minions +1/+1.
17.6.0.53261,Rastakhan's Rumble (TROLL),TRL_251,Spirit of the Bat,蝙蝠之灵,Stealth|Trigger,YELLOW,implemented,partial,2 个机制缺少充分的核心效果验证；逐机制依据见 card_mechanism.csv。,card_mechanism.csv#TRL_251; generic-play-smoke:played,聚合状态取该卡最差机制；普通烟测只证明可执行，不能单独构成 GREEN。,ordinary_collectible,MINION,yes,fireplace/cards/troll/warlock.py:15,"Stealth for 1 turn. After a friendly minion dies, give a minion in your hand +1/+1."
17.6.0.53261,Rastakhan's Rumble (TROLL),TRL_252,High Priestess Jeklik,高阶祭司耶克里克,Draw / Discard|Lifesteal|Taunt|Trigger,YELLOW,implemented,partial,4 个机制缺少充分的核心效果验证；逐机制依据见 card_mechanism.csv。,card_mechanism.csv#TRL_252; generic-play-smoke:played,聚合状态取该卡最差机制；普通烟测只证明可执行，不能单独构成 GREEN。,ordinary_collectible,MINION,yes,fireplace/cards/troll/warlock.py:29,"[x]Taunt, Lifesteal When you discard this, add 2 copies of it to your hand."
17.6.0.53261,Rastakhan's Rumble (TROLL),TRL_253,"Hir'eek, the Bat",希里克，蝙蝠之神,Battlecry,YELLOW,implemented,partial,1 个机制缺少充分的核心效果验证；逐机制依据见 card_mechanism.csv。,card_mechanism.csv#TRL_253; generic-play-smoke:played,聚合状态取该卡最差机制；普通烟测只证明可执行，不能单独构成 GREEN。,ordinary_collectible,MINION,yes,fireplace/cards/troll/warlock.py:37,Battlecry: Fill your board with copies of this minion.
17.6.0.53261,Rastakhan's Rumble (TROLL),TRL_254,Mark of the Loa,神灵印记,Choose One|Spell resolution|Summon|Targeting,YELLOW,implemented,partial,4 个机制缺少充分的核心效果验证；逐机制依据见 card_mechanism.csv。,card_mechanism.csv#TRL_254; generic-play-smoke:played,聚合状态取该卡最差机制；普通烟测只证明可执行，不能单独构成 GREEN。,ordinary_collectible,SPELL,yes,fireplace/cards/troll/druid.py:103,Choose One - Give a minion +2/+4 and Taunt; or Summon two 3/2 Raptors.
17.6.0.53261,Rastakhan's Rumble (TROLL),TRL_255,Stampeding Roar,狂奔怒吼,Random effects|Spell resolution|Summon,YELLOW,implemented,partial,3 个机制缺少充分的核心效果验证；逐机制依据见 card_mechanism.csv。,card_mechanism.csv#TRL_255; generic-play-smoke:unplayable_in_generic_setup,聚合状态取该卡最差机制；普通烟测只证明可执行，不能单独构成 GREEN。,ordinary_collectible,SPELL,yes,fireplace/cards/troll/druid.py:137,Summon a random Beast from your hand and give it Rush.
17.6.0.53261,Rastakhan's Rumble (TROLL),TRL_257,Blood Troll Sapper,鲜血巨魔工兵,Trigger,YELLOW,implemented,partial,1 个机制缺少充分的核心效果验证；逐机制依据见 card_mechanism.csv。,card_mechanism.csv#TRL_257; generic-play-smoke:played,聚合状态取该卡最差机制；普通烟测只证明可执行，不能单独构成 GREEN。,ordinary_collectible,MINION,yes,fireplace/cards/troll/warlock.py:44,"After a friendly minion dies, deal 2 damage to the enemy hero."
17.6.0.53261,Rastakhan's Rumble (TROLL),TRL_258,Mass Hysteria,群体狂乱,Random effects|Spell resolution,YELLOW,implemented,partial,2 个机制缺少充分的核心效果验证；逐机制依据见 card_mechanism.csv。,card_mechanism.csv#TRL_258; generic-play-smoke:played,聚合状态取该卡最差机制；普通烟测只证明可执行，不能单独构成 GREEN。,ordinary_collectible,SPELL,yes,fireplace/cards/troll/priest.py:91,Force each minion to attack another random minion.
17.6.0.53261,Rastakhan's Rumble (TROLL),TRL_259,Princess Talanji,塔兰吉公主,Battlecry|Summon,YELLOW,implemented,partial,2 个机制缺少充分的核心效果验证；逐机制依据见 card_mechanism.csv。,card_mechanism.csv#TRL_259; generic-play-smoke:played,聚合状态取该卡最差机制；普通烟测只证明可执行，不能单独构成 GREEN。,ordinary_collectible,MINION,yes,fireplace/cards/troll/priest.py:15,Battlecry: Summon all minions from your hand that didn't start in your deck.
17.6.0.53261,Rastakhan's Rumble (TROLL),TRL_260,"Bwonsamdi, the Dead",邦桑迪，死亡之神,Battlecry|Draw / Discard,YELLOW,implemented,partial,2 个机制缺少充分的核心效果验证；逐机制依据见 card_mechanism.csv。,card_mechanism.csv#TRL_260; generic-play-smoke:played,聚合状态取该卡最差机制；普通烟测只证明可执行，不能单独构成 GREEN。,ordinary_collectible,MINION,yes,fireplace/cards/troll/priest.py:22,[x]Battlecry: Draw 1-Cost minions from your deck until your hand is full.
17.6.0.53261,Rastakhan's Rumble (TROLL),TRL_300,"Shirvallah, the Tiger",西瓦尔拉，猛虎之神,Cost modification|Divine Shield|Lifesteal|Rush,YELLOW,implemented,partial,4 个机制缺少充分的核心效果验证；逐机制依据见 card_mechanism.csv。,card_mechanism.csv#TRL_300; generic-play-smoke:unplayable_in_generic_setup,聚合状态取该卡最差机制；普通烟测只证明可执行，不能单独构成 GREEN。,ordinary_collectible,MINION,yes,fireplace/cards/troll/paladin.py:8,"[x]Divine Shield, Rush, Lifesteal  Costs (1) less for each Mana you've spent on spells."
17.6.0.53261,Rastakhan's Rumble (TROLL),TRL_302,Time Out!,暂避锋芒,Spell resolution,YELLOW,implemented,partial,1 个机制缺少充分的核心效果验证；逐机制依据见 card_mechanism.csv。,card_mechanism.csv#TRL_302; generic-play-smoke:played,聚合状态取该卡最差机制；普通烟测只证明可执行，不能单独构成 GREEN。,ordinary_collectible,SPELL,yes,fireplace/cards/troll/paladin.py:68,Your hero is Immune until your next turn.
17.6.0.53261,Rastakhan's Rumble (TROLL),TRL_304,Farraki Battleaxe,法拉基战斧,Weapon,YELLOW,implemented,partial,1 个机制缺少充分的核心效果验证；逐机制依据见 card_mechanism.csv。,card_mechanism.csv#TRL_304; generic-play-smoke:played,聚合状态取该卡最差机制；普通烟测只证明可执行，不能单独构成 GREEN。,ordinary_collectible,WEAPON,yes,fireplace/cards/troll/paladin.py:117,Overkill: Give a minion in your hand +2/+2.
17.6.0.53261,Rastakhan's Rumble (TROLL),TRL_305,A New Challenger...,新人登场,Discover / Choice|Random effects|Spell resolution|Summon,YELLOW,implemented,partial,4 个机制缺少充分的核心效果验证；逐机制依据见 card_mechanism.csv。,card_mechanism.csv#TRL_305; generic-play-smoke:played,聚合状态取该卡最差机制；普通烟测只证明可执行，不能单独构成 GREEN。,ordinary_collectible,SPELL,yes,fireplace/cards/troll/paladin.py:86,Discover a 6-Cost minion. Summon it with Taunt and Divine Shield.
17.6.0.53261,Rastakhan's Rumble (TROLL),TRL_306,Immortal Prelate,永恒祭司,Deathrattle,YELLOW,implemented,partial,1 个机制缺少充分的核心效果验证；逐机制依据见 card_mechanism.csv。,card_mechanism.csv#TRL_306; generic-play-smoke:played,聚合状态取该卡最差机制；普通烟测只证明可执行，不能单独构成 GREEN。,ordinary_collectible,MINION,yes,fireplace/cards/troll/paladin.py:16,Deathrattle: Shuffle this into your deck. It keeps any enchantments.
17.6.0.53261,Rastakhan's Rumble (TROLL),TRL_307,Flash of Light,圣光闪现,Draw / Discard|Spell resolution|Targeting,YELLOW,implemented,partial,3 个机制缺少充分的核心效果验证；逐机制依据见 card_mechanism.csv。,card_mechanism.csv#TRL_307; generic-play-smoke:played,聚合状态取该卡最差机制；普通烟测只证明可执行，不能单独构成 GREEN。,ordinary_collectible,SPELL,yes,fireplace/cards/troll/paladin.py:103,Restore #4 Health. Draw a card.
17.6.0.53261,Rastakhan's Rumble (TROLL),TRL_308,High Priest Thekal,高阶祭司塞卡尔,Battlecry,YELLOW,implemented,partial,1 个机制缺少充分的核心效果验证；逐机制依据见 card_mechanism.csv。,card_mechanism.csv#TRL_308; generic-play-smoke:played,聚合状态取该卡最差机制；普通烟测只证明可执行，不能单独构成 GREEN。,ordinary_collectible,MINION,yes,fireplace/cards/troll/paladin.py:24,Battlecry: Convert all but 1 of your Hero's Health into Armor.
17.6.0.53261,Rastakhan's Rumble (TROLL),TRL_309,Spirit of the Tiger,猛虎之灵,Stealth|Summon|Trigger,YELLOW,implemented,partial,3 个机制缺少充分的核心效果验证；逐机制依据见 card_mechanism.csv。,card_mechanism.csv#TRL_309; generic-play-smoke:played,聚合状态取该卡最差机制；普通烟测只证明可执行，不能单独构成 GREEN。,ordinary_collectible,MINION,yes,fireplace/cards/troll/paladin.py:34,"[x]Stealth for 1 turn. After you cast a spell, summon a Tiger with stats equal to its Cost."
17.6.0.53261,Rastakhan's Rumble (TROLL),TRL_310,Elemental Evocation,元素唤醒,Cost modification|Spell resolution,YELLOW,implemented,partial,2 个机制缺少充分的核心效果验证；逐机制依据见 card_mechanism.csv。,card_mechanism.csv#TRL_310; generic-play-smoke:played,聚合状态取该卡最差机制；普通烟测只证明可执行，不能单独构成 GREEN。,ordinary_collectible,SPELL,yes,fireplace/cards/troll/mage.py:79,The next Elemental you play this turn costs (2) less.
17.6.0.53261,Rastakhan's Rumble (TROLL),TRL_311,Arcanosaur,奥术暴龙,Battlecry,YELLOW,implemented,partial,1 个机制缺少充分的核心效果验证；逐机制依据见 card_mechanism.csv。,card_mechanism.csv#TRL_311; generic-play-smoke:played,聚合状态取该卡最差机制；普通烟测只证明可执行，不能单独构成 GREEN。,ordinary_collectible,MINION,yes,fireplace/cards/troll/mage.py:8,"Battlecry: If you played an Elemental last turn, deal 3 damage to all other minions."
17.6.0.53261,Rastakhan's Rumble (TROLL),TRL_312,Spellzerker,狂暴咒术师,Spell Damage,YELLOW,implemented,partial,1 个机制缺少充分的核心效果验证；逐机制依据见 card_mechanism.csv。,card_mechanism.csv#TRL_312; generic-play-smoke:played,聚合状态取该卡最差机制；普通烟测只证明可执行，不能单独构成 GREEN。,ordinary_collectible,MINION,yes,fireplace/cards/troll/neutral_common.py:36,Has Spell Damage +2 while damaged.
17.6.0.53261,Rastakhan's Rumble (TROLL),TRL_313,Scorch,灼烧,Cost modification|Spell resolution|Targeting,YELLOW,implemented,partial,3 个机制缺少充分的核心效果验证；逐机制依据见 card_mechanism.csv。,card_mechanism.csv#TRL_313; generic-play-smoke:played,聚合状态取该卡最差机制；普通烟测只证明可执行，不能单独构成 GREEN。,ordinary_collectible,SPELL,yes,fireplace/cards/troll/mage.py:91,[x]Deal $4 damage to a minion. Costs (1) if you played an Elemental last turn.
17.6.0.53261,Rastakhan's Rumble (TROLL),TRL_315,Pyromaniac,火焰狂人,Draw / Discard|Targeting|Trigger,YELLOW,implemented,partial,3 个机制缺少充分的核心效果验证；逐机制依据见 card_mechanism.csv。,card_mechanism.csv#TRL_315; generic-play-smoke:played,聚合状态取该卡最差机制；普通烟测只证明可执行，不能单独构成 GREEN。,ordinary_collectible,MINION,yes,fireplace/cards/troll/mage.py:17,"Whenever your Hero Power kills a minion, draw a card."
17.6.0.53261,Rastakhan's Rumble (TROLL),TRL_316,"Jan'alai, the Dragonhawk",加亚莱，龙鹰之神,Battlecry|Summon,YELLOW,implemented,partial,2 个机制缺少充分的核心效果验证；逐机制依据见 card_mechanism.csv。,card_mechanism.csv#TRL_316; generic-play-smoke:played,聚合状态取该卡最差机制；普通烟测只证明可执行，不能单独构成 GREEN。,ordinary_collectible,MINION,yes,fireplace/cards/troll/mage.py:26,"[x]Battlecry: If your Hero Power dealt 8 damage this game, summon Ragnaros the Firelord.@ ({0} left!)@ (Ready!)"
17.6.0.53261,Rastakhan's Rumble (TROLL),TRL_317,Blast Wave,冲击波,Random effects|Spell resolution,YELLOW,implemented,partial,2 个机制缺少充分的核心效果验证；逐机制依据见 card_mechanism.csv。,card_mechanism.csv#TRL_317; generic-play-smoke:played,聚合状态取该卡最差机制；普通烟测只证明可执行，不能单独构成 GREEN。,ordinary_collectible,SPELL,yes,fireplace/cards/troll/mage.py:103,Deal $2 damage to all minions. Overkill: Add a random Mage spell to your hand.
17.6.0.53261,Rastakhan's Rumble (TROLL),TRL_318,Hex Lord Malacrass,妖术领主玛拉卡斯,Battlecry,YELLOW,implemented,partial,1 个机制缺少充分的核心效果验证；逐机制依据见 card_mechanism.csv。,card_mechanism.csv#TRL_318; generic-play-smoke:played,聚合状态取该卡最差机制；普通烟测只证明可执行，不能单独构成 GREEN。,ordinary_collectible,MINION,yes,fireplace/cards/troll/mage.py:41,Battlecry: Add a copy of your opening hand to your hand (except this card).
17.6.0.53261,Rastakhan's Rumble (TROLL),TRL_319,Spirit of the Dragonhawk,龙鹰之灵,Aura|Continuous effect / Update|Stealth|Trigger,YELLOW,implemented,partial,4 个机制缺少充分的核心效果验证；逐机制依据见 card_mechanism.csv。,card_mechanism.csv#TRL_319; generic-play-smoke:played,聚合状态取该卡最差机制；普通烟测只证明可执行，不能单独构成 GREEN。,ordinary_collectible,MINION,yes,fireplace/cards/troll/mage.py:49,[x]Stealth for 1 turn. Your Hero Power also targets  adjacent minions.
17.6.0.53261,Rastakhan's Rumble (TROLL),TRL_321,Devastate,毁灭打击,Spell resolution|Targeting,YELLOW,implemented,partial,2 个机制缺少充分的核心效果验证；逐机制依据见 card_mechanism.csv。,card_mechanism.csv#TRL_321; generic-play-smoke:unplayable_in_generic_setup,聚合状态取该卡最差机制；普通烟测只证明可执行，不能单独构成 GREEN。,ordinary_collectible,SPELL,yes,fireplace/cards/troll/warrior.py:64,Deal $4 damage to a damaged minion.
17.6.0.53261,Rastakhan's Rumble (TROLL),TRL_323,Emberscale Drake,烬鳞幼龙,Battlecry,YELLOW,implemented,partial,1 个机制缺少充分的核心效果验证；逐机制依据见 card_mechanism.csv。,card_mechanism.csv#TRL_323; generic-play-smoke:played,聚合状态取该卡最差机制；普通烟测只证明可执行，不能单独构成 GREEN。,ordinary_collectible,MINION,yes,fireplace/cards/troll/warrior.py:8,"Battlecry: If you're holding a Dragon, gain 5 Armor."
17.6.0.53261,Rastakhan's Rumble (TROLL),TRL_324,Heavy Metal!,重金属狂潮,Random effects|Spell resolution|Summon,YELLOW,implemented,partial,3 个机制缺少充分的核心效果验证；逐机制依据见 card_mechanism.csv。,card_mechanism.csv#TRL_324; generic-play-smoke:played,聚合状态取该卡最差机制；普通烟测只证明可执行，不能单独构成 GREEN。,ordinary_collectible,SPELL,yes,fireplace/cards/troll/warrior.py:76,[x]Summon a random minion with Cost equal to your Armor (up to 10).
17.6.0.53261,Rastakhan's Rumble (TROLL),TRL_325,Sul'thraze,鞭笞者苏萨斯,Weapon,YELLOW,implemented,partial,1 个机制缺少充分的核心效果验证；逐机制依据见 card_mechanism.csv。,card_mechanism.csv#TRL_325; generic-play-smoke:played,聚合状态取该卡最差机制；普通烟测只证明可执行，不能单独构成 GREEN。,ordinary_collectible,WEAPON,yes,fireplace/cards/troll/warrior.py:98,Overkill: You may attack again.
17.6.0.53261,Rastakhan's Rumble (TROLL),TRL_326,Smolderthorn Lancer,燃棘枪兵,Battlecry|Targeting,YELLOW,implemented,partial,2 个机制缺少充分的核心效果验证；逐机制依据见 card_mechanism.csv。,card_mechanism.csv#TRL_326; generic-play-smoke:played,聚合状态取该卡最差机制；普通烟测只证明可执行，不能单独构成 GREEN。,ordinary_collectible,MINION,yes,fireplace/cards/troll/warrior.py:16,"Battlecry: If you're holding a Dragon, destroy a damaged enemy minion."
17.6.0.53261,Rastakhan's Rumble (TROLL),TRL_327,Spirit of the Rhino,犀牛之灵,Aura|Continuous effect / Update|Stealth|Trigger,YELLOW,implemented,partial,4 个机制缺少充分的核心效果验证；逐机制依据见 card_mechanism.csv。,card_mechanism.csv#TRL_327; generic-play-smoke:played,聚合状态取该卡最差机制；普通烟测只证明可执行，不能单独构成 GREEN。,ordinary_collectible,MINION,yes,fireplace/cards/troll/warrior.py:30,Stealth for 1 turn. Your Rush minions are Immune the turn they're summoned.
17.6.0.53261,Rastakhan's Rumble (TROLL),TRL_328,War Master Voone,指挥官沃恩,Battlecry,YELLOW,implemented,partial,1 个机制缺少充分的核心效果验证；逐机制依据见 card_mechanism.csv。,card_mechanism.csv#TRL_328; generic-play-smoke:played,聚合状态取该卡最差机制；普通烟测只证明可执行，不能单独构成 GREEN。,ordinary_collectible,MINION,yes,fireplace/cards/troll/warrior.py:41,Battlecry: Copy all Dragons in your hand.
17.6.0.53261,Rastakhan's Rumble (TROLL),TRL_329,"Akali, the Rhino",阿卡里，犀牛之神,Draw / Discard|Rush|Targeting,YELLOW,implemented,partial,3 个机制缺少充分的核心效果验证；逐机制依据见 card_mechanism.csv。,card_mechanism.csv#TRL_329; generic-play-smoke:played,聚合状态取该卡最差机制；普通烟测只证明可执行，不能单独构成 GREEN。,ordinary_collectible,MINION,yes,fireplace/cards/troll/warrior.py:48,Rush Overkill: Draw a Rush minion from your deck. Give it +5/+5.
17.6.0.53261,Rastakhan's Rumble (TROLL),TRL_339,Master's Call,主人的召唤,Discover / Choice|Draw / Discard|Spell resolution,YELLOW,implemented,partial,3 个机制缺少充分的核心效果验证；逐机制依据见 card_mechanism.csv。,card_mechanism.csv#TRL_339; generic-play-smoke:played,聚合状态取该卡最差机制；普通烟测只证明可执行，不能单独构成 GREEN。,ordinary_collectible,SPELL,yes,fireplace/cards/troll/hunter.py:64,"Discover a minion in your deck. If all 3 are Beasts, draw them all."
17.6.0.53261,Rastakhan's Rumble (TROLL),TRL_341,Treespeaker,树语者,Battlecry|Transform,YELLOW,implemented,partial,2 个机制缺少充分的核心效果验证；逐机制依据见 card_mechanism.csv。,card_mechanism.csv#TRL_341; generic-play-smoke:played,聚合状态取该卡最差机制；普通烟测只证明可执行，不能单独构成 GREEN。,ordinary_collectible,MINION,yes,fireplace/cards/troll/druid.py:49,Battlecry: Transform your Treants into 5/5 Ancients.
17.6.0.53261,Rastakhan's Rumble (TROLL),TRL_343,Wardruid Loti,战争德鲁伊罗缇,Choose One|Transform,YELLOW,implemented,partial,2 个机制缺少充分的核心效果验证；逐机制依据见 card_mechanism.csv。,card_mechanism.csv#TRL_343; generic-play-smoke:played,聚合状态取该卡最差机制；普通烟测只证明可执行，不能单独构成 GREEN。,ordinary_collectible,MINION,yes,fireplace/cards/troll/druid.py:56,Choose One - Transform into one of Loti's four dinosaur forms.
17.6.0.53261,Rastakhan's Rumble (TROLL),TRL_345,"Krag'wa, the Frog",卡格瓦，青蛙之神,Battlecry,YELLOW,implemented,partial,1 个机制缺少充分的核心效果验证；逐机制依据见 card_mechanism.csv。,card_mechanism.csv#TRL_345; generic-play-smoke:played,聚合状态取该卡最差机制；普通烟测只证明可执行，不能单独构成 GREEN。,ordinary_collectible,MINION,yes,fireplace/cards/troll/shaman.py:45,Battlecry: Return all spells you played last turn to your hand.
17.6.0.53261,Rastakhan's Rumble (TROLL),TRL_347,Baited Arrow,诱饵射击,Spell resolution|Summon|Targeting,YELLOW,implemented,partial,3 个机制缺少充分的核心效果验证；逐机制依据见 card_mechanism.csv。,card_mechanism.csv#TRL_347; generic-play-smoke:played,聚合状态取该卡最差机制；普通烟测只证明可执行，不能单独构成 GREEN。,ordinary_collectible,SPELL,yes,fireplace/cards/troll/hunter.py:78,Deal $3 damage. Overkill: Summon a 5/5 Devilsaur.
17.6.0.53261,Rastakhan's Rumble (TROLL),TRL_348,Springpaw,魔泉山猫,Battlecry|Rush,YELLOW,implemented,partial,2 个机制缺少充分的核心效果验证；逐机制依据见 card_mechanism.csv。,card_mechanism.csv#TRL_348; generic-play-smoke:played,聚合状态取该卡最差机制；普通烟测只证明可执行，不能单独构成 GREEN。,ordinary_collectible,MINION,yes,fireplace/cards/troll/hunter.py:8,[x]Rush Battlecry: Add a 1/1 Lynx with Rush to your hand.
17.6.0.53261,Rastakhan's Rumble (TROLL),TRL_349,Bloodscalp Strategist,血顶战略家,Battlecry|Discover / Choice|Random effects,YELLOW,implemented,partial,3 个机制缺少充分的核心效果验证；逐机制依据见 card_mechanism.csv。,card_mechanism.csv#TRL_349; generic-play-smoke:played,聚合状态取该卡最差机制；普通烟测只证明可执行，不能单独构成 GREEN。,ordinary_collectible,MINION,yes,fireplace/cards/troll/hunter.py:15,"Battlecry: If you have a weapon equipped, Discover a spell."
17.6.0.53261,Rastakhan's Rumble (TROLL),TRL_351,Rain of Toads,蟾蜍雨,Overload|Spell resolution|Summon,YELLOW,implemented,partial,2 个机制缺少充分的核心效果验证；逐机制依据见 card_mechanism.csv。,card_mechanism.csv#TRL_351; generic-play-smoke:played; effect-evidence: reports/card_quality_full_2026-09-27/overload_reproductions.csv#TRL_351,聚合状态取该卡最差机制；普通烟测只证明可执行，不能单独构成 GREEN。,ordinary_collectible,SPELL,yes,fireplace/cards/troll/shaman.py:108,Summon three 2/4 Toads with Taunt. Overload: (3)
17.6.0.53261,Rastakhan's Rumble (TROLL),TRL_352,Likkim,舔舔魔杖,Aura|Continuous effect / Update|Weapon,YELLOW,implemented,partial,3 个机制缺少充分的核心效果验证；逐机制依据见 card_mechanism.csv。,card_mechanism.csv#TRL_352; generic-play-smoke:played,聚合状态取该卡最差机制；普通烟测只证明可执行，不能单独构成 GREEN。,ordinary_collectible,WEAPON,yes,fireplace/cards/troll/shaman.py:122,Has +2 Attack while you have Overloaded Mana Crystals.
17.6.0.53261,Rastakhan's Rumble (TROLL),TRL_360,Overlord's Whip,领主之鞭,Trigger|Weapon,YELLOW,implemented,partial,2 个机制缺少充分的核心效果验证；逐机制依据见 card_mechanism.csv。,card_mechanism.csv#TRL_360; generic-play-smoke:played,聚合状态取该卡最差机制；普通烟测只证明可执行，不能单独构成 GREEN。,ordinary_collectible,WEAPON,yes,fireplace/cards/troll/warrior.py:105,"After you play a minion, deal 1 damage to it."
17.6.0.53261,Rastakhan's Rumble (TROLL),TRL_362,Dragon Roar,巨龙怒吼,Random effects|Spell resolution,YELLOW,implemented,partial,2 个机制缺少充分的核心效果验证；逐机制依据见 card_mechanism.csv。,card_mechanism.csv#TRL_362; generic-play-smoke:played,聚合状态取该卡最差机制；普通烟测只证明可执行，不能单独构成 GREEN。,ordinary_collectible,SPELL,yes,fireplace/cards/troll/warrior.py:87,Add 2 random Dragons to your hand.
17.6.0.53261,Rastakhan's Rumble (TROLL),TRL_363,Saronite Taskmaster,萨隆铁矿监工,Deathrattle|Summon,YELLOW,implemented,partial,2 个机制缺少充分的核心效果验证；逐机制依据见 card_mechanism.csv。,card_mechanism.csv#TRL_363; generic-play-smoke:played,聚合状态取该卡最差机制；普通烟测只证明可执行，不能单独构成 GREEN。,ordinary_collectible,MINION,yes,fireplace/cards/troll/neutral_common.py:46,Deathrattle: Summon a 0/3 Free Agent with Taunt for your opponent.
17.6.0.53261,Rastakhan's Rumble (TROLL),TRL_390,Daring Fire-Eater,大胆的吞火者,Battlecry,YELLOW,implemented,partial,1 个机制缺少充分的核心效果验证；逐机制依据见 card_mechanism.csv。,card_mechanism.csv#TRL_390; generic-play-smoke:played,聚合状态取该卡最差机制；普通烟测只证明可执行，不能单独构成 GREEN。,ordinary_collectible,MINION,yes,fireplace/cards/troll/mage.py:63,Battlecry: Your next Hero Power this turn deals 2 more damage.
17.6.0.53261,Rastakhan's Rumble (TROLL),TRL_400,Splitting Image,裂魂残像,Secret|Spell resolution|Summon|Trigger,YELLOW,implemented,partial,4 个机制缺少充分的核心效果验证；逐机制依据见 card_mechanism.csv。,card_mechanism.csv#TRL_400; generic-play-smoke:played,聚合状态取该卡最差机制；普通烟测只证明可执行，不能单独构成 GREEN。,ordinary_collectible,SPELL,yes,fireplace/cards/troll/mage.py:111,"Secret: When one of your minions is attacked, summon a copy of it."
17.6.0.53261,Rastakhan's Rumble (TROLL),TRL_405,Untamed Beastmaster,狂野兽王,Draw / Discard|Targeting|Trigger,YELLOW,implemented,partial,3 个机制缺少充分的核心效果验证；逐机制依据见 card_mechanism.csv。,card_mechanism.csv#TRL_405; generic-play-smoke:played,聚合状态取该卡最差机制；普通烟测只证明可执行，不能单独构成 GREEN。,ordinary_collectible,MINION,yes,fireplace/cards/troll/neutral_epic.py:8,"Whenever you draw a Beast, give it +2/+2."
17.6.0.53261,Rastakhan's Rumble (TROLL),TRL_406,Dozing Marksman,嗜睡的神枪手,Unclassified effect,YELLOW,implemented,partial,1 个机制缺少充分的核心效果验证；逐机制依据见 card_mechanism.csv。,card_mechanism.csv#TRL_406; generic-play-smoke:played,聚合状态取该卡最差机制；普通烟测只证明可执行，不能单独构成 GREEN。,ordinary_collectible,MINION,yes,fireplace/cards/troll/neutral_common.py:53,Has +4 Attack while damaged.
17.6.0.53261,Rastakhan's Rumble (TROLL),TRL_407,Waterboy,茶水小弟,Battlecry,YELLOW,implemented,partial,1 个机制缺少充分的核心效果验证；逐机制依据见 card_mechanism.csv。,card_mechanism.csv#TRL_407; generic-play-smoke:played,聚合状态取该卡最差机制；普通烟测只证明可执行，不能单独构成 GREEN。,ordinary_collectible,MINION,yes,fireplace/cards/troll/neutral_rare.py:15,Battlecry: Your next Hero Power this turn costs (0).
17.6.0.53261,Rastakhan's Rumble (TROLL),TRL_408,Grave Horror,墓园恐魔,Cost modification|Taunt,YELLOW,implemented,partial,2 个机制缺少充分的核心效果验证；逐机制依据见 card_mechanism.csv。,card_mechanism.csv#TRL_408; generic-play-smoke:unplayable_in_generic_setup,聚合状态取该卡最差机制；普通烟测只证明可执行，不能单独构成 GREEN。,ordinary_collectible,MINION,yes,fireplace/cards/troll/priest.py:31,[x]Taunt Costs (1) less for each spell you've cast this game.
17.6.0.53261,Rastakhan's Rumble (TROLL),TRL_409,"Gral, the Shark",格罗尔，鲨鱼之神,Battlecry|Deathrattle|Targeting,YELLOW,implemented,partial,3 个机制缺少充分的核心效果验证；逐机制依据见 card_mechanism.csv。,card_mechanism.csv#TRL_409; generic-play-smoke:played,聚合状态取该卡最差机制；普通烟测只证明可执行，不能单独构成 GREEN。,ordinary_collectible,MINION,yes,fireplace/cards/troll/rogue.py:57,[x]Battlecry: Eat a minion in your deck and gain its stats. Deathrattle: Add it to your hand.
17.6.0.53261,Rastakhan's Rumble (TROLL),TRL_500,Surrender to Madness,疯入膏肓,Spell resolution,YELLOW,implemented,partial,1 个机制缺少充分的核心效果验证；逐机制依据见 card_mechanism.csv。,card_mechanism.csv#TRL_500; generic-play-smoke:played,聚合状态取该卡最差机制；普通烟测只证明可执行，不能单独构成 GREEN。,ordinary_collectible,SPELL,yes,fireplace/cards/troll/priest.py:112,[x]Destroy 3 of your Mana Crystals. Give all minions in your deck +2/+2.
17.6.0.53261,Rastakhan's Rumble (TROLL),TRL_501,Auchenai Phantasm,奥金尼幻象,Battlecry,YELLOW,implemented,partial,1 个机制缺少充分的核心效果验证；逐机制依据见 card_mechanism.csv。,card_mechanism.csv#TRL_501; generic-play-smoke:played,聚合状态取该卡最差机制；普通烟测只证明可执行，不能单独构成 GREEN。,ordinary_collectible,MINION,yes,fireplace/cards/troll/priest.py:38,"Battlecry: This turn, your healing effects deal damage instead."
17.6.0.53261,Rastakhan's Rumble (TROLL),TRL_502,Spirit of the Dead,亡者之灵,Stealth|Trigger,YELLOW,implemented,partial,2 个机制缺少充分的核心效果验证；逐机制依据见 card_mechanism.csv。,card_mechanism.csv#TRL_502; generic-play-smoke:played,聚合状态取该卡最差机制；普通烟测只证明可执行，不能单独构成 GREEN。,ordinary_collectible,MINION,yes,fireplace/cards/troll/priest.py:48,"[x]Stealth for 1 turn. After a friendly minion dies, shuffle a 1-Cost copy of it into your deck."
17.6.0.53261,Rastakhan's Rumble (TROLL),TRL_503,Scarab Egg,甲虫卵,Deathrattle|Summon,YELLOW,implemented,partial,2 个机制缺少充分的核心效果验证；逐机制依据见 card_mechanism.csv。,card_mechanism.csv#TRL_503; generic-play-smoke:played,聚合状态取该卡最差机制；普通烟测只证明可执行，不能单独构成 GREEN。,ordinary_collectible,MINION,yes,fireplace/cards/troll/neutral_common.py:63,Deathrattle: Summon three 1/1 Scarabs.
17.6.0.53261,Rastakhan's Rumble (TROLL),TRL_504,Booty Bay Bookie,藏宝海湾荷官,Battlecry,YELLOW,implemented,partial,1 个机制缺少充分的核心效果验证；逐机制依据见 card_mechanism.csv。,card_mechanism.csv#TRL_504; generic-play-smoke:played,聚合状态取该卡最差机制；普通烟测只证明可执行，不能单独构成 GREEN。,ordinary_collectible,MINION,yes,fireplace/cards/troll/neutral_rare.py:30,Battlecry: Give your opponent a Coin.
17.6.0.53261,Rastakhan's Rumble (TROLL),TRL_505,Helpless Hatchling,无助的幼雏,Cost modification|Deathrattle,YELLOW,implemented,partial,2 个机制缺少充分的核心效果验证；逐机制依据见 card_mechanism.csv。,card_mechanism.csv#TRL_505; generic-play-smoke:played,聚合状态取该卡最差机制；普通烟测只证明可执行，不能单独构成 GREEN。,ordinary_collectible,MINION,yes,fireplace/cards/troll/neutral_common.py:70,Deathrattle: Reduce the Cost of a Beast in your hand by (1).
17.6.0.53261,Rastakhan's Rumble (TROLL),TRL_506,Gurubashi Chicken,古拉巴什小鸡,Unclassified effect,YELLOW,implemented,partial,1 个机制缺少充分的核心效果验证；逐机制依据见 card_mechanism.csv。,card_mechanism.csv#TRL_506; generic-play-smoke:played,聚合状态取该卡最差机制；普通烟测只证明可执行，不能单独构成 GREEN。,ordinary_collectible,MINION,yes,fireplace/cards/troll/neutral_common.py:82,Overkill: Gain +5 Attack.
17.6.0.53261,Rastakhan's Rumble (TROLL),TRL_507,Sharkfin Fan,鲨鳍后援,Summon|Trigger,YELLOW,implemented,partial,2 个机制缺少充分的核心效果验证；逐机制依据见 card_mechanism.csv。,card_mechanism.csv#TRL_507; generic-play-smoke:played,聚合状态取该卡最差机制；普通烟测只证明可执行，不能单独构成 GREEN。,ordinary_collectible,MINION,yes,fireplace/cards/troll/neutral_common.py:92,"After your hero attacks, summon a 1/1 Pirate."
17.6.0.53261,Rastakhan's Rumble (TROLL),TRL_508,Regeneratin' Thug,再生暴徒,Trigger,YELLOW,implemented,partial,1 个机制缺少充分的核心效果验证；逐机制依据见 card_mechanism.csv。,card_mechanism.csv#TRL_508; generic-play-smoke:played,聚合状态取该卡最差机制；普通烟测只证明可执行，不能单独构成 GREEN。,ordinary_collectible,MINION,yes,fireplace/cards/troll/neutral_common.py:99,"At the start of your turn, restore #2 Health to this minion."
17.6.0.53261,Rastakhan's Rumble (TROLL),TRL_509,Banana Buffoon,香蕉小丑,Battlecry,YELLOW,implemented,partial,1 个机制缺少充分的核心效果验证；逐机制依据见 card_mechanism.csv。,card_mechanism.csv#TRL_509; generic-play-smoke:played,聚合状态取该卡最差机制；普通烟测只证明可执行，不能单独构成 GREEN。,ordinary_collectible,MINION,yes,fireplace/cards/troll/neutral_common.py:106,Battlecry: Add 2 Bananas to your hand.
17.6.0.53261,Rastakhan's Rumble (TROLL),TRL_512,Cheaty Anklebiter,调皮的噬踝者,Battlecry|Lifesteal|Targeting,YELLOW,implemented,partial,3 个机制缺少充分的核心效果验证；逐机制依据见 card_mechanism.csv。,card_mechanism.csv#TRL_512; generic-play-smoke:played,聚合状态取该卡最差机制；普通烟测只证明可执行，不能单独构成 GREEN。,ordinary_collectible,MINION,yes,fireplace/cards/troll/neutral_common.py:124,Lifesteal Battlecry: Deal 1 damage.
17.6.0.53261,Rastakhan's Rumble (TROLL),TRL_513,Mosh'Ogg Enforcer,莫什奥格执行者,Divine Shield|Taunt,YELLOW,implemented,partial,2 个机制缺少充分的核心效果验证；逐机制依据见 card_mechanism.csv。,card_mechanism.csv#TRL_513; generic-play-smoke:played,聚合状态取该卡最差机制；普通烟测只证明可执行，不能单独构成 GREEN。,ordinary_collectible,MINION,yes,,Taunt Divine Shield
17.6.0.53261,Rastakhan's Rumble (TROLL),TRL_514,Belligerent Gnome,好斗的侏儒,Battlecry|Taunt,YELLOW,implemented,partial,2 个机制缺少充分的核心效果验证；逐机制依据见 card_mechanism.csv。,card_mechanism.csv#TRL_514; generic-play-smoke:played,聚合状态取该卡最差机制；普通烟测只证明可执行，不能单独构成 GREEN。,ordinary_collectible,MINION,yes,fireplace/cards/troll/neutral_rare.py:37,"[x]Taunt Battlecry: If your opponent has 2 or more minions, gain +1 Attack."
17.6.0.53261,Rastakhan's Rumble (TROLL),TRL_515,Rabble Bouncer,场馆保镖,Cost modification|Taunt,YELLOW,implemented,partial,2 个机制缺少充分的核心效果验证；逐机制依据见 card_mechanism.csv。,card_mechanism.csv#TRL_515; generic-play-smoke:played,聚合状态取该卡最差机制；普通烟测只证明可执行，不能单独构成 GREEN。,ordinary_collectible,MINION,yes,fireplace/cards/troll/neutral_common.py:134,Taunt Costs (1) less for each enemy minion.
17.6.0.53261,Rastakhan's Rumble (TROLL),TRL_516,Gurubashi Offering,古拉巴什供品,Trigger,YELLOW,implemented,partial,1 个机制缺少充分的核心效果验证；逐机制依据见 card_mechanism.csv。,card_mechanism.csv#TRL_516; generic-play-smoke:played,聚合状态取该卡最差机制；普通烟测只证明可执行，不能单独构成 GREEN。,ordinary_collectible,MINION,yes,fireplace/cards/troll/neutral_epic.py:18,"At the start of your turn, destroy this and gain 8 Armor."
17.6.0.53261,Rastakhan's Rumble (TROLL),TRL_517,Arena Fanatic,赛场狂热者,Battlecry,YELLOW,implemented,partial,1 个机制缺少充分的核心效果验证；逐机制依据见 card_mechanism.csv。,card_mechanism.csv#TRL_517; generic-play-smoke:played,聚合状态取该卡最差机制；普通烟测只证明可执行，不能单独构成 GREEN。,ordinary_collectible,MINION,yes,fireplace/cards/troll/neutral_common.py:141,Battlecry: Give all minions in your hand +1/+1.
17.6.0.53261,Rastakhan's Rumble (TROLL),TRL_520,Murloc Tastyfin,鱼人大厨,Deathrattle|Draw / Discard,YELLOW,implemented,partial,2 个机制缺少充分的核心效果验证；逐机制依据见 card_mechanism.csv。,card_mechanism.csv#TRL_520; generic-play-smoke:played,聚合状态取该卡最差机制；普通烟测只证明可执行，不能单独构成 GREEN。,ordinary_collectible,MINION,yes,fireplace/cards/troll/neutral_rare.py:48,[x]Deathrattle: Draw 2 Murlocs from your deck.
17.6.0.53261,Rastakhan's Rumble (TROLL),TRL_521,Arena Patron,竞技场奴隶主,Summon,YELLOW,implemented,partial,1 个机制缺少充分的核心效果验证；逐机制依据见 card_mechanism.csv。,card_mechanism.csv#TRL_521; generic-play-smoke:played,聚合状态取该卡最差机制；普通烟测只证明可执行，不能单独构成 GREEN。,ordinary_collectible,MINION,yes,fireplace/cards/troll/neutral_rare.py:55,Overkill: Summon another Arena Patron.
17.6.0.53261,Rastakhan's Rumble (TROLL),TRL_522,Wartbringer,疾疫使者,Battlecry|Targeting,YELLOW,implemented,partial,2 个机制缺少充分的核心效果验证；逐机制依据见 card_mechanism.csv。,card_mechanism.csv#TRL_522; generic-play-smoke:played,聚合状态取该卡最差机制；普通烟测只证明可执行，不能单独构成 GREEN。,ordinary_collectible,MINION,yes,fireplace/cards/troll/shaman.py:52,"Battlecry: If you played 2 spells this turn, deal 2 damage."
17.6.0.53261,Rastakhan's Rumble (TROLL),TRL_523,Firetree Witchdoctor,火树巫医,Battlecry|Discover / Choice|Random effects,YELLOW,implemented,partial,3 个机制缺少充分的核心效果验证；逐机制依据见 card_mechanism.csv。,card_mechanism.csv#TRL_523; generic-play-smoke:played,聚合状态取该卡最差机制；普通烟测只证明可执行，不能单独构成 GREEN。,ordinary_collectible,MINION,yes,fireplace/cards/troll/neutral_rare.py:62,"[x]Battlecry: If you're holding a Dragon, Discover a spell."
17.6.0.53261,Rastakhan's Rumble (TROLL),TRL_524,Shieldbreaker,破盾者,Battlecry|Silence|Targeting,YELLOW,implemented,partial,3 个机制缺少充分的核心效果验证；逐机制依据见 card_mechanism.csv。,card_mechanism.csv#TRL_524; generic-play-smoke:played,聚合状态取该卡最差机制；普通烟测只证明可执行，不能单独构成 GREEN。,ordinary_collectible,MINION,yes,fireplace/cards/troll/neutral_rare.py:70,Battlecry: Silence an enemy minion with Taunt.
17.6.0.53261,Rastakhan's Rumble (TROLL),TRL_525,Arena Treasure Chest,竞技场财宝箱,Deathrattle|Draw / Discard,YELLOW,implemented,partial,2 个机制缺少充分的核心效果验证；逐机制依据见 card_mechanism.csv。,card_mechanism.csv#TRL_525; generic-play-smoke:played,聚合状态取该卡最差机制；普通烟测只证明可执行，不能单独构成 GREEN。,ordinary_collectible,MINION,yes,fireplace/cards/troll/neutral_common.py:151,Deathrattle: Draw 2 cards.
17.6.0.53261,Rastakhan's Rumble (TROLL),TRL_526,Dragonmaw Scorcher,龙喉喷火者,Battlecry,YELLOW,implemented,partial,1 个机制缺少充分的核心效果验证；逐机制依据见 card_mechanism.csv。,card_mechanism.csv#TRL_526; generic-play-smoke:played,聚合状态取该卡最差机制；普通烟测只证明可执行，不能单独构成 GREEN。,ordinary_collectible,MINION,yes,fireplace/cards/troll/neutral_common.py:158,Battlecry: Deal 1 damage to all other minions.
17.6.0.53261,Rastakhan's Rumble (TROLL),TRL_527,Drakkari Trickster,达卡莱幻术师,Battlecry|Random effects,YELLOW,implemented,partial,2 个机制缺少充分的核心效果验证；逐机制依据见 card_mechanism.csv。,card_mechanism.csv#TRL_527; generic-play-smoke:played,聚合状态取该卡最差机制；普通烟测只证明可执行，不能单独构成 GREEN。,ordinary_collectible,MINION,yes,fireplace/cards/troll/neutral_epic.py:25,[x]Battlecry: Give each player a copy of a random card from their opponent's deck.
17.6.0.53261,Rastakhan's Rumble (TROLL),TRL_528,Linecracker,阵线破坏者,Unclassified effect,YELLOW,implemented,partial,1 个机制缺少充分的核心效果验证；逐机制依据见 card_mechanism.csv。,card_mechanism.csv#TRL_528; generic-play-smoke:played,聚合状态取该卡最差机制；普通烟测只证明可执行，不能单独构成 GREEN。,ordinary_collectible,MINION,yes,fireplace/cards/troll/neutral_epic.py:36,Overkill: Double this minion's Attack.
17.6.0.53261,Rastakhan's Rumble (TROLL),TRL_530,Masked Contender,蒙面选手,Battlecry|Summon,YELLOW,implemented,partial,2 个机制缺少充分的核心效果验证；逐机制依据见 card_mechanism.csv。,card_mechanism.csv#TRL_530; generic-play-smoke:played,聚合状态取该卡最差机制；普通烟测只证明可执行，不能单独构成 GREEN。,ordinary_collectible,MINION,yes,fireplace/cards/troll/neutral_epic.py:47,"Battlecry: If you control a Secret, cast a Secret from your deck."
17.6.0.53261,Rastakhan's Rumble (TROLL),TRL_531,Rumbletusk Shaker,暴牙震颤者,Deathrattle|Summon,YELLOW,implemented,partial,2 个机制缺少充分的核心效果验证；逐机制依据见 card_mechanism.csv。,card_mechanism.csv#TRL_531; generic-play-smoke:played,聚合状态取该卡最差机制；普通烟测只证明可执行，不能单独构成 GREEN。,ordinary_collectible,MINION,yes,fireplace/cards/troll/neutral_common.py:165,Deathrattle: Summon a 3/2 Rumbletusk Breaker.
17.6.0.53261,Rastakhan's Rumble (TROLL),TRL_532,Mosh'Ogg Announcer,莫什奥格播报员,Trigger,YELLOW,implemented,partial,1 个机制缺少充分的核心效果验证；逐机制依据见 card_mechanism.csv。,card_mechanism.csv#TRL_532; generic-play-smoke:played,聚合状态取该卡最差机制；普通烟测只证明可执行，不能单独构成 GREEN。,ordinary_collectible,MINION,yes,fireplace/cards/troll/neutral_epic.py:55,[x]Enemies attacking this have a 50% chance to attack someone else.
17.6.0.53261,Rastakhan's Rumble (TROLL),TRL_533,Ice Cream Peddler,冰淇淋小贩,Battlecry,YELLOW,implemented,partial,1 个机制缺少充分的核心效果验证；逐机制依据见 card_mechanism.csv。,card_mechanism.csv#TRL_533; generic-play-smoke:played,聚合状态取该卡最差机制；普通烟测只证明可执行，不能单独构成 GREEN。,ordinary_collectible,MINION,yes,fireplace/cards/troll/neutral_epic.py:64,"Battlecry: If you control a Frozen minion, gain 8 Armor."
17.6.0.53261,Rastakhan's Rumble (TROLL),TRL_535,Snapjaw Shellfighter,钳嘴龟盾卫,Targeting|Trigger,YELLOW,implemented,partial,2 个机制缺少充分的核心效果验证；逐机制依据见 card_mechanism.csv。,card_mechanism.csv#TRL_535; generic-play-smoke:played,聚合状态取该卡最差机制；普通烟测只证明可执行，不能单独构成 GREEN。,ordinary_collectible,MINION,yes,fireplace/cards/troll/neutral_epic.py:71,"[x]Whenever an adjacent minion takes damage, this  minion takes it instead."
17.6.0.53261,Rastakhan's Rumble (TROLL),TRL_537,Da Undatakah,送葬者安德提卡,Battlecry,YELLOW,implemented,partial,1 个机制缺少充分的核心效果验证；逐机制依据见 card_mechanism.csv。,card_mechanism.csv#TRL_537; generic-play-smoke:played,聚合状态取该卡最差机制；普通烟测只证明可执行，不能单独构成 GREEN。,ordinary_collectible,MINION,yes,fireplace/cards/troll/neutral_legendary.py:36,[x]Battlecry: Gain the Deathrattle effects of 3 friendly minions that died this game.
17.6.0.53261,Rastakhan's Rumble (TROLL),TRL_542,Oondasta,乌达斯塔,Rush|Summon,YELLOW,implemented,partial,2 个机制缺少充分的核心效果验证；逐机制依据见 card_mechanism.csv。,card_mechanism.csv#TRL_542; generic-play-smoke:played,聚合状态取该卡最差机制；普通烟测只证明可执行，不能单独构成 GREEN。,ordinary_collectible,MINION,yes,fireplace/cards/troll/neutral_legendary.py:62,Rush Overkill: Summon a Beast from your hand.
17.6.0.53261,Rastakhan's Rumble (TROLL),TRL_543,Bloodclaw,血爪,Battlecry|Weapon,YELLOW,implemented,partial,2 个机制缺少充分的核心效果验证；逐机制依据见 card_mechanism.csv。,card_mechanism.csv#TRL_543; generic-play-smoke:played,聚合状态取该卡最差机制；普通烟测只证明可执行，不能单独构成 GREEN。,ordinary_collectible,WEAPON,yes,fireplace/cards/troll/paladin.py:127,Battlecry: Deal 5 damage to your hero.
17.6.0.53261,Rastakhan's Rumble (TROLL),TRL_545,Zandalari Templar,赞达拉武士,Battlecry,YELLOW,implemented,partial,1 个机制缺少充分的核心效果验证；逐机制依据见 card_mechanism.csv。,card_mechanism.csv#TRL_545; generic-play-smoke:played,聚合状态取该卡最差机制；普通烟测只证明可执行，不能单独构成 GREEN。,ordinary_collectible,MINION,yes,fireplace/cards/troll/paladin.py:53,"[x]Battlecry: If you've restored 10 Health this game, gain +4/+4 and Taunt.@ ({0} left!)@ (Ready!)"
17.6.0.53261,Rastakhan's Rumble (TROLL),TRL_546,Ornery Tortoise,暴躁的巨龟,Battlecry,YELLOW,implemented,partial,1 个机制缺少充分的核心效果验证；逐机制依据见 card_mechanism.csv。,card_mechanism.csv#TRL_546; generic-play-smoke:played,聚合状态取该卡最差机制；普通烟测只证明可执行，不能单独构成 GREEN。,ordinary_collectible,MINION,yes,fireplace/cards/troll/neutral_common.py:172,Battlecry: Deal 5 damage to your hero.
17.6.0.53261,Rastakhan's Rumble (TROLL),TRL_550,Amani War Bear,阿曼尼战熊,Rush|Taunt,YELLOW,implemented,partial,2 个机制缺少充分的核心效果验证；逐机制依据见 card_mechanism.csv。,card_mechanism.csv#TRL_550; generic-play-smoke:played,聚合状态取该卡最差机制；普通烟测只证明可执行，不能单独构成 GREEN。,ordinary_collectible,MINION,yes,,Rush Taunt
17.6.0.53261,Rastakhan's Rumble (TROLL),TRL_551,Reckless Diretroll,粗暴的恐怖巨魔,Battlecry|Draw / Discard|Taunt,YELLOW,implemented,partial,3 个机制缺少充分的核心效果验证；逐机制依据见 card_mechanism.csv。,card_mechanism.csv#TRL_551; generic-play-smoke:played,聚合状态取该卡最差机制；普通烟测只证明可执行，不能单独构成 GREEN。,ordinary_collectible,MINION,yes,fireplace/cards/troll/warlock.py:51,Taunt Battlecry: Discard your lowest Cost card.
17.6.0.53261,Rastakhan's Rumble (TROLL),TRL_555,Demonbolt,恶魔之箭,Cost modification|Spell resolution|Targeting,YELLOW,implemented,partial,3 个机制缺少充分的核心效果验证；逐机制依据见 card_mechanism.csv。,card_mechanism.csv#TRL_555; generic-play-smoke:played,聚合状态取该卡最差机制；普通烟测只证明可执行，不能单独构成 GREEN。,ordinary_collectible,SPELL,yes,fireplace/cards/troll/warlock.py:94,Destroy a minion. Costs (1) less for each minion you control.
17.6.0.53261,Rastakhan's Rumble (TROLL),TRL_564,Mojomaster Zihi,魔精大师兹伊希,Battlecry,YELLOW,implemented,partial,1 个机制缺少充分的核心效果验证；逐机制依据见 card_mechanism.csv。,card_mechanism.csv#TRL_564; generic-play-smoke:played,聚合状态取该卡最差机制；普通烟测只证明可执行，不能单独构成 GREEN。,ordinary_collectible,MINION,yes,fireplace/cards/troll/neutral_legendary.py:69,Battlecry: Set each player to 5 Mana Crystals.
17.6.0.53261,Rastakhan's Rumble (TROLL),TRL_566,Revenge of the Wild,荒野的复仇,Spell resolution|Summon,YELLOW,implemented,partial,2 个机制缺少充分的核心效果验证；逐机制依据见 card_mechanism.csv。,card_mechanism.csv#TRL_566; generic-play-smoke:unplayable_in_generic_setup,聚合状态取该卡最差机制；普通烟测只证明可执行，不能单独构成 GREEN。,ordinary_collectible,SPELL,yes,fireplace/cards/troll/hunter.py:89,Summon your Beasts that died this turn.
17.6.0.53261,Rastakhan's Rumble (TROLL),TRL_569,Crowd Roaster,看台喷火龙,Battlecry|Targeting,YELLOW,implemented,partial,2 个机制缺少充分的核心效果验证；逐机制依据见 card_mechanism.csv。,card_mechanism.csv#TRL_569; generic-play-smoke:played,聚合状态取该卡最差机制；普通烟测只证明可执行，不能单独构成 GREEN。,ordinary_collectible,MINION,yes,fireplace/cards/troll/neutral_epic.py:80,"[x]Battlecry: If you're holding a Dragon, deal 7 damage to an enemy minion."
17.6.0.53261,Rastakhan's Rumble (TROLL),TRL_570,Soup Vendor,汤水商贩,Draw / Discard|Trigger,YELLOW,implemented,partial,2 个机制缺少充分的核心效果验证；逐机制依据见 card_mechanism.csv。,card_mechanism.csv#TRL_570; generic-play-smoke:played,聚合状态取该卡最差机制；普通烟测只证明可执行，不能单独构成 GREEN。,ordinary_collectible,MINION,yes,fireplace/cards/troll/neutral_rare.py:83,"Whenever you restore 3 or more Health to your hero, draw a card."
17.6.0.53261,Rastakhan's Rumble (TROLL),TRL_900,"Halazzi, the Lynx",哈尔拉兹，山猫之神,Battlecry,YELLOW,implemented,partial,1 个机制缺少充分的核心效果验证；逐机制依据见 card_mechanism.csv。,card_mechanism.csv#TRL_900; generic-play-smoke:played,聚合状态取该卡最差机制；普通烟测只证明可执行，不能单独构成 GREEN。,ordinary_collectible,MINION,yes,fireplace/cards/troll/hunter.py:22,Battlecry: Fill your hand with 1/1 Lynxes that have Rush.
17.6.0.53261,Rastakhan's Rumble (TROLL),TRL_901,Spirit of the Lynx,山猫之灵,Stealth|Summon|Trigger,YELLOW,implemented,partial,3 个机制缺少充分的核心效果验证；逐机制依据见 card_mechanism.csv。,card_mechanism.csv#TRL_901; generic-play-smoke:played,聚合状态取该卡最差机制；普通烟测只证明可执行，不能单独构成 GREEN。,ordinary_collectible,MINION,yes,fireplace/cards/troll/hunter.py:31,"[x]Stealth for 1 turn. Whenever you summon a  Beast, give it +1/+1."
17.6.0.53261,Rise of Shadows (DALARAN),DAL_007,Rafaam's Scheme,拉法姆的阴谋,Spell resolution|Summon,YELLOW,implemented,partial,2 个机制缺少充分的核心效果验证；逐机制依据见 card_mechanism.csv。,card_mechanism.csv#DAL_007; generic-play-smoke:played,聚合状态取该卡最差机制；普通烟测只证明可执行，不能单独构成 GREEN。,ordinary_collectible,SPELL,yes,fireplace/cards/dalaran/warlock.py:78,"Summon @ 1/1 |4(Imp, Imps). (Upgrades each turn!)"
17.6.0.53261,Rise of Shadows (DALARAN),DAL_008,Dr. Boom's Scheme,砰砰博士的阴谋,Spell resolution,YELLOW,implemented,partial,1 个机制缺少充分的核心效果验证；逐机制依据见 card_mechanism.csv。,card_mechanism.csv#DAL_008; generic-play-smoke:played,聚合状态取该卡最差机制；普通烟测只证明可执行，不能单独构成 GREEN。,ordinary_collectible,SPELL,yes,fireplace/cards/dalaran/warrior.py:57,Gain @ Armor. (Upgrades each turn!)
17.6.0.53261,Rise of Shadows (DALARAN),DAL_009,Hagatha's Scheme,哈加莎的阴谋,Spell resolution,YELLOW,implemented,partial,1 个机制缺少充分的核心效果验证；逐机制依据见 card_mechanism.csv。,card_mechanism.csv#DAL_009; generic-play-smoke:played,聚合状态取该卡最差机制；普通烟测只证明可执行，不能单独构成 GREEN。,ordinary_collectible,SPELL,yes,fireplace/cards/dalaran/shaman.py:117,Deal $@ damage to all minions. (Upgrades each turn!)
17.6.0.53261,Rise of Shadows (DALARAN),DAL_010,Togwaggle's Scheme,托瓦格尔的阴谋,Spell resolution|Targeting,YELLOW,implemented,partial,2 个机制缺少充分的核心效果验证；逐机制依据见 card_mechanism.csv。,card_mechanism.csv#DAL_010; generic-play-smoke:played,聚合状态取该卡最差机制；普通烟测只证明可执行，不能单独构成 GREEN。,ordinary_collectible,SPELL,yes,fireplace/cards/dalaran/rogue.py:57,"Choose a minion. Shuffle @ |4(copy, copies) of it into your deck. (Upgrades each turn!)"
17.6.0.53261,Rise of Shadows (DALARAN),DAL_011,Lazul's Scheme,拉祖尔的阴谋,Spell resolution|Targeting,YELLOW,implemented,partial,2 个机制缺少充分的核心效果验证；逐机制依据见 card_mechanism.csv。,card_mechanism.csv#DAL_011; generic-play-smoke:played,聚合状态取该卡最差机制；普通烟测只证明可执行，不能单独构成 GREEN。,ordinary_collectible,SPELL,yes,fireplace/cards/dalaran/priest.py:67,Reduce the Attack of an enemy minion by @ until your next turn. (Upgrades each turn!)
17.6.0.53261,Rise of Shadows (DALARAN),DAL_030,Shadowy Figure,阴暗的人影,Battlecry|Targeting|Transform,YELLOW,implemented,partial,3 个机制缺少充分的核心效果验证；逐机制依据见 card_mechanism.csv。,card_mechanism.csv#DAL_030; generic-play-smoke:played,聚合状态取该卡最差机制；普通烟测只证明可执行，不能单独构成 GREEN。,ordinary_collectible,MINION,yes,fireplace/cards/dalaran/priest.py:8,Battlecry: Transform into a 2/2 copy of a friendly Deathrattle minion.
17.6.0.53261,Rise of Shadows (DALARAN),DAL_039,Convincing Infiltrator,无面渗透者,Deathrattle|Random effects|Taunt,YELLOW,implemented,partial,3 个机制缺少充分的核心效果验证；逐机制依据见 card_mechanism.csv。,card_mechanism.csv#DAL_039; generic-play-smoke:played,聚合状态取该卡最差机制；普通烟测只证明可执行，不能单独构成 GREEN。,ordinary_collectible,MINION,yes,fireplace/cards/dalaran/priest.py:26,[x]Taunt Deathrattle: Destroy a  random enemy minion.
17.6.0.53261,Rise of Shadows (DALARAN),DAL_040,Hench-Clan Shadequill,荆棘帮箭猪,Deathrattle,YELLOW,implemented,partial,1 个机制缺少充分的核心效果验证；逐机制依据见 card_mechanism.csv。,card_mechanism.csv#DAL_040; generic-play-smoke:played,聚合状态取该卡最差机制；普通烟测只证明可执行，不能单独构成 GREEN。,ordinary_collectible,MINION,yes,fireplace/cards/dalaran/priest.py:33,Deathrattle: Restore 5 Health to the enemy hero.
17.6.0.53261,Rise of Shadows (DALARAN),DAL_047,Walking Fountain,活动喷泉,Lifesteal|Rush|Windfury,YELLOW,implemented,partial,3 个机制缺少充分的核心效果验证；逐机制依据见 card_mechanism.csv。,card_mechanism.csv#DAL_047; generic-play-smoke:played,聚合状态取该卡最差机制；普通烟测只证明可执行，不能单独构成 GREEN。,ordinary_collectible,MINION,yes,,"Lifesteal, Rush, Windfury"
17.6.0.53261,Rise of Shadows (DALARAN),DAL_049,Underbelly Angler,下水道渔人,Random effects|Trigger,YELLOW,implemented,partial,2 个机制缺少充分的核心效果验证；逐机制依据见 card_mechanism.csv。,card_mechanism.csv#DAL_049; generic-play-smoke:played,聚合状态取该卡最差机制；普通烟测只证明可执行，不能单独构成 GREEN。,ordinary_collectible,MINION,yes,fireplace/cards/dalaran/shaman.py:8,"After you play a Murloc, add a random Murloc to your hand."
17.6.0.53261,Rise of Shadows (DALARAN),DAL_052,Muckmorpher,泥沼变形怪,Battlecry|Transform,YELLOW,implemented,partial,2 个机制缺少充分的核心效果验证；逐机制依据见 card_mechanism.csv。,card_mechanism.csv#DAL_052; generic-play-smoke:played,聚合状态取该卡最差机制；普通烟测只证明可执行，不能单独构成 GREEN。,ordinary_collectible,MINION,yes,fireplace/cards/dalaran/shaman.py:17,[x]Battlecry: Transform into a 4/4 copy of a different minion in your deck.
17.6.0.53261,Rise of Shadows (DALARAN),DAL_058,Hecklebot,机械拷问者,Battlecry|Summon|Taunt,YELLOW,implemented,partial,3 个机制缺少充分的核心效果验证；逐机制依据见 card_mechanism.csv。,card_mechanism.csv#DAL_058; generic-play-smoke:played,聚合状态取该卡最差机制；普通烟测只证明可执行，不能单独构成 GREEN。,ordinary_collectible,MINION,yes,fireplace/cards/dalaran/neutral_rare.py:8,Taunt Battlecry: Your opponent summons a minion from their deck.
17.6.0.53261,Rise of Shadows (DALARAN),DAL_059,Dimensional Ripper,空间撕裂器,Spell resolution|Summon,YELLOW,implemented,partial,2 个机制缺少充分的核心效果验证；逐机制依据见 card_mechanism.csv。,card_mechanism.csv#DAL_059; generic-play-smoke:exception,聚合状态取该卡最差机制；普通烟测只证明可执行，不能单独构成 GREEN。,ordinary_collectible,SPELL,yes,fireplace/cards/dalaran/warrior.py:64,Summon 2 copies of a minion in your deck.
17.6.0.53261,Rise of Shadows (DALARAN),DAL_060,Clockwork Goblin,发条地精,Battlecry|Trigger,YELLOW,implemented,partial,2 个机制缺少充分的核心效果验证；逐机制依据见 card_mechanism.csv。,card_mechanism.csv#DAL_060; generic-play-smoke:played,聚合状态取该卡最差机制；普通烟测只证明可执行，不能单独构成 GREEN。,ordinary_collectible,MINION,yes,fireplace/cards/dalaran/warrior.py:8,"[x]Battlecry: Shuffle a Bomb into your opponent's deck. When drawn, it explodes for 5 damage."
17.6.0.53261,Rise of Shadows (DALARAN),DAL_062,Sweeping Strikes,横扫攻击,Spell resolution|Targeting,YELLOW,implemented,partial,2 个机制缺少充分的核心效果验证；逐机制依据见 card_mechanism.csv。,card_mechanism.csv#DAL_062; generic-play-smoke:played,聚合状态取该卡最差机制；普通烟测只证明可执行，不能单独构成 GREEN。,ordinary_collectible,SPELL,yes,fireplace/cards/dalaran/warrior.py:80,"Give a minion ""Also damages minions next to whomever this attacks."""
17.6.0.53261,Rise of Shadows (DALARAN),DAL_063,Wrenchcalibur,圣剑扳手,Trigger|Weapon,YELLOW,implemented,partial,2 个机制缺少充分的核心效果验证；逐机制依据见 card_mechanism.csv。,card_mechanism.csv#DAL_063; generic-play-smoke:played,聚合状态取该卡最差机制；普通烟测只证明可执行，不能单独构成 GREEN。,ordinary_collectible,WEAPON,yes,fireplace/cards/dalaran/warrior.py:110,"After your hero attacks, shuffle a Bomb into your [x]opponent's deck."
17.6.0.53261,Rise of Shadows (DALARAN),DAL_064,Blastmaster Boom,爆破之王砰砰,Battlecry|Summon,YELLOW,implemented,partial,2 个机制缺少充分的核心效果验证；逐机制依据见 card_mechanism.csv。,card_mechanism.csv#DAL_064; generic-play-smoke:played,聚合状态取该卡最差机制；普通烟测只证明可执行，不能单独构成 GREEN。,ordinary_collectible,MINION,yes,fireplace/cards/dalaran/warrior.py:16,[x]Battlecry: Summon two 1/1 Boom Bots for each Bomb in your opponent's deck.
17.6.0.53261,Rise of Shadows (DALARAN),DAL_065,Unsleeping Soul,不眠之魂,Silence|Spell resolution|Summon|Targeting,YELLOW,implemented,partial,4 个机制缺少充分的核心效果验证；逐机制依据见 card_mechanism.csv。,card_mechanism.csv#DAL_065; generic-play-smoke:played,聚合状态取该卡最差机制；普通烟测只证明可执行，不能单独构成 GREEN。,ordinary_collectible,SPELL,yes,fireplace/cards/dalaran/priest.py:85,"Silence a friendly minion, then summon a copy of it."
17.6.0.53261,Rise of Shadows (DALARAN),DAL_070,The Boom Reaver,砰砰机甲,Battlecry|Summon,YELLOW,implemented,partial,2 个机制缺少充分的核心效果验证；逐机制依据见 card_mechanism.csv。,card_mechanism.csv#DAL_070; generic-play-smoke:played,聚合状态取该卡最差机制；普通烟测只证明可执行，不能单独构成 GREEN。,ordinary_collectible,MINION,yes,fireplace/cards/dalaran/warrior.py:23,Battlecry: Summon a copy of a minion in your deck. Give it Rush.
17.6.0.53261,Rise of Shadows (DALARAN),DAL_071,Mutate,突变,Cost modification|Random effects|Spell resolution|Targeting|Transform,YELLOW,implemented,partial,5 个机制缺少充分的核心效果验证；逐机制依据见 card_mechanism.csv。,card_mechanism.csv#DAL_071; generic-play-smoke:played,聚合状态取该卡最差机制；普通烟测只证明可执行，不能单独构成 GREEN。,ordinary_collectible,SPELL,yes,fireplace/cards/dalaran/shaman.py:124,Transform a friendly minion into a random one that costs (1) more.
17.6.0.53261,Rise of Shadows (DALARAN),DAL_077,Toxfin,毒鳍鱼人,Battlecry|Targeting,YELLOW,implemented,partial,2 个机制缺少充分的核心效果验证；逐机制依据见 card_mechanism.csv。,card_mechanism.csv#DAL_077; generic-play-smoke:played,聚合状态取该卡最差机制；普通烟测只证明可执行，不能单独构成 GREEN。,ordinary_collectible,MINION,yes,fireplace/cards/dalaran/neutral_common.py:8,Battlecry: Give a friendly Murloc Poisonous.
17.6.0.53261,Rise of Shadows (DALARAN),DAL_078,Traveling Healer,旅行医者,Battlecry|Divine Shield|Targeting,YELLOW,implemented,partial,3 个机制缺少充分的核心效果验证；逐机制依据见 card_mechanism.csv。,card_mechanism.csv#DAL_078; generic-play-smoke:played,聚合状态取该卡最差机制；普通烟测只证明可执行，不能单独构成 GREEN。,ordinary_collectible,MINION,yes,fireplace/cards/dalaran/neutral_common.py:21,[x]Divine Shield Battlecry: Restore #3 Health.
17.6.0.53261,Rise of Shadows (DALARAN),DAL_081,Spellward Jeweler,破咒珠宝师,Battlecry|Untargetable,YELLOW,implemented,partial,2 个机制缺少充分的核心效果验证；逐机制依据见 card_mechanism.csv。,card_mechanism.csv#DAL_081; generic-play-smoke:played,聚合状态取该卡最差机制；普通烟测只证明可执行，不能单独构成 GREEN。,ordinary_collectible,MINION,yes,fireplace/cards/dalaran/neutral_rare.py:15,[x]Battlecry: Your hero can't be targeted by spells or Hero Powers until your next turn.
17.6.0.53261,Rise of Shadows (DALARAN),DAL_085,Dalaran Crusader,达拉然圣剑士,Divine Shield,YELLOW,implemented,partial,1 个机制缺少充分的核心效果验证；逐机制依据见 card_mechanism.csv。,card_mechanism.csv#DAL_085; generic-play-smoke:played,聚合状态取该卡最差机制；普通烟测只证明可执行，不能单独构成 GREEN。,ordinary_collectible,MINION,yes,,Divine Shield
17.6.0.53261,Rise of Shadows (DALARAN),DAL_086,Sunreaver Spy,夺日者间谍,Battlecry,YELLOW,implemented,partial,1 个机制缺少充分的核心效果验证；逐机制依据见 card_mechanism.csv。,card_mechanism.csv#DAL_086; generic-play-smoke:played,聚合状态取该卡最差机制；普通烟测只证明可执行，不能单独构成 GREEN。,ordinary_collectible,MINION,yes,fireplace/cards/dalaran/neutral_common.py:31,"Battlecry: If you control a Secret, gain +1/+1."
17.6.0.53261,Rise of Shadows (DALARAN),DAL_087,Hench-Clan Hag,荆棘帮巫婆,Battlecry|Summon,YELLOW,implemented,partial,2 个机制缺少充分的核心效果验证；逐机制依据见 card_mechanism.csv。,card_mechanism.csv#DAL_087; generic-play-smoke:played,聚合状态取该卡最差机制；普通烟测只证明可执行，不能单独构成 GREEN。,ordinary_collectible,MINION,yes,fireplace/cards/dalaran/neutral_epic.py:8,Battlecry: Summon two 1/1 Amalgams with all minion types.
17.6.0.53261,Rise of Shadows (DALARAN),DAL_088,Safeguard,机械保险箱,Deathrattle|Summon|Taunt,YELLOW,implemented,partial,3 个机制缺少充分的核心效果验证；逐机制依据见 card_mechanism.csv。,card_mechanism.csv#DAL_088; generic-play-smoke:played,聚合状态取该卡最差机制；普通烟测只证明可执行，不能单独构成 GREEN。,ordinary_collectible,MINION,yes,fireplace/cards/dalaran/neutral_common.py:42,[x]Taunt Deathrattle: Summon a 0/5 Vault Safe with Taunt.
17.6.0.53261,Rise of Shadows (DALARAN),DAL_089,Spellbook Binder,魔法订书匠,Battlecry|Draw / Discard|Spell Damage,YELLOW,implemented,partial,3 个机制缺少充分的核心效果验证；逐机制依据见 card_mechanism.csv。,card_mechanism.csv#DAL_089; generic-play-smoke:played,聚合状态取该卡最差机制；普通烟测只证明可执行，不能单独构成 GREEN。,ordinary_collectible,MINION,yes,fireplace/cards/dalaran/neutral_common.py:49,"Battlecry: If you have Spell Damage, draw a card."
17.6.0.53261,Rise of Shadows (DALARAN),DAL_090,Hench-Clan Sneak,荆棘帮小偷,Stealth,YELLOW,implemented,partial,1 个机制缺少充分的核心效果验证；逐机制依据见 card_mechanism.csv。,card_mechanism.csv#DAL_090; generic-play-smoke:played,聚合状态取该卡最差机制；普通烟测只证明可执行，不能单独构成 GREEN。,ordinary_collectible,MINION,yes,,Stealth
17.6.0.53261,Rise of Shadows (DALARAN),DAL_095,Violet Spellsword,紫罗兰魔剑士,Battlecry,YELLOW,implemented,partial,1 个机制缺少充分的核心效果验证；逐机制依据见 card_mechanism.csv。,card_mechanism.csv#DAL_095; generic-play-smoke:played,聚合状态取该卡最差机制；普通烟测只证明可执行，不能单独构成 GREEN。,ordinary_collectible,MINION,yes,fireplace/cards/dalaran/neutral_common.py:57,[x]Battlecry: Gain +1 Attack for each spell in your hand.
17.6.0.53261,Rise of Shadows (DALARAN),DAL_096,Violet Warden,紫罗兰典狱官,Spell Damage|Taunt,YELLOW,implemented,partial,2 个机制缺少充分的核心效果验证；逐机制依据见 card_mechanism.csv。,card_mechanism.csv#DAL_096; generic-play-smoke:played,聚合状态取该卡最差机制；普通烟测只证明可执行，不能单独构成 GREEN。,ordinary_collectible,MINION,yes,,Taunt Spell Damage +1
17.6.0.53261,Rise of Shadows (DALARAN),DAL_141,Desperate Measures,孤注一掷,Random effects|Spell resolution|Twinspell,YELLOW,implemented,partial,3 个机制缺少充分的核心效果验证；逐机制依据见 card_mechanism.csv。,card_mechanism.csv#DAL_141; generic-play-smoke:played,聚合状态取该卡最差机制；普通烟测只证明可执行，不能单独构成 GREEN。,ordinary_collectible,SPELL,yes,fireplace/cards/dalaran/paladin.py:43,Twinspell Cast a random Paladin Secret.
17.6.0.53261,Rise of Shadows (DALARAN),DAL_146,Bronze Herald,青铜传令官,Deathrattle,YELLOW,implemented,partial,1 个机制缺少充分的核心效果验证；逐机制依据见 card_mechanism.csv。,card_mechanism.csv#DAL_146; generic-play-smoke:played,聚合状态取该卡最差机制；普通烟测只证明可执行，不能单独构成 GREEN。,ordinary_collectible,MINION,yes,fireplace/cards/dalaran/paladin.py:8,Deathrattle: Add two 4/4 Dragons to your hand.
17.6.0.53261,Rise of Shadows (DALARAN),DAL_147,Dragon Speaker,龙语者,Battlecry,YELLOW,implemented,partial,1 个机制缺少充分的核心效果验证；逐机制依据见 card_mechanism.csv。,card_mechanism.csv#DAL_147; generic-play-smoke:played,聚合状态取该卡最差机制；普通烟测只证明可执行，不能单独构成 GREEN。,ordinary_collectible,MINION,yes,fireplace/cards/dalaran/paladin.py:15,Battlecry: Give all Dragons in your hand +3/+3.
17.6.0.53261,Rise of Shadows (DALARAN),DAL_163,Messenger Raven,渡鸦信使,Battlecry|Discover / Choice|Random effects,YELLOW,implemented,partial,3 个机制缺少充分的核心效果验证；逐机制依据见 card_mechanism.csv。,card_mechanism.csv#DAL_163; generic-play-smoke:played,聚合状态取该卡最差机制；普通烟测只证明可执行，不能单独构成 GREEN。,ordinary_collectible,MINION,yes,fireplace/cards/dalaran/mage.py:8,Battlecry: Discover a Mage minion.
17.6.0.53261,Rise of Shadows (DALARAN),DAL_173,Darkest Hour,至暗时刻,Random effects|Spell resolution|Summon,YELLOW,implemented,partial,3 个机制缺少充分的核心效果验证；逐机制依据见 card_mechanism.csv。,card_mechanism.csv#DAL_173; generic-play-smoke:played,聚合状态取该卡最差机制；普通烟测只证明可执行，不能单独构成 GREEN。,ordinary_collectible,SPELL,yes,fireplace/cards/dalaran/warlock.py:88,"Destroy all friendly minions. For each one, summon a random minion from your deck."
17.6.0.53261,Rise of Shadows (DALARAN),DAL_177,Conjurer's Calling,咒术师的召唤,Random effects|Spell resolution|Summon|Targeting|Twinspell,YELLOW,implemented,partial,5 个机制缺少充分的核心效果验证；逐机制依据见 card_mechanism.csv。,card_mechanism.csv#DAL_177; generic-play-smoke:played,聚合状态取该卡最差机制；普通烟测只证明可执行，不能单独构成 GREEN。,ordinary_collectible,SPELL,yes,fireplace/cards/dalaran/mage.py:67,Twinspell Destroy a minion. Summon 2 minions of the same Cost to replace it.
17.6.0.53261,Rise of Shadows (DALARAN),DAL_182,Magic Dart Frog,魔法蓝蛙,Random effects|Trigger,YELLOW,implemented,partial,2 个机制缺少充分的核心效果验证；逐机制依据见 card_mechanism.csv。,card_mechanism.csv#DAL_182; generic-play-smoke:played,聚合状态取该卡最差机制；普通烟测只证明可执行，不能单独构成 GREEN。,ordinary_collectible,MINION,yes,fireplace/cards/dalaran/mage.py:15,"After you cast a spell, deal 1 damage to a random enemy minion."
17.6.0.53261,Rise of Shadows (DALARAN),DAL_185,Aranasi Broodmother,阿兰纳丝蛛后,Draw / Discard|Taunt|Trigger,YELLOW,implemented,partial,3 个机制缺少充分的核心效果验证；逐机制依据见 card_mechanism.csv。,card_mechanism.csv#DAL_185; generic-play-smoke:played,聚合状态取该卡最差机制；普通烟测只证明可执行，不能单独构成 GREEN。,ordinary_collectible,MINION,yes,fireplace/cards/dalaran/warlock.py:8,"[x]Taunt When you draw this, restore #4 Health to your hero."
17.6.0.53261,Rise of Shadows (DALARAN),DAL_256,The Forest's Aid,森林的援助,Spell resolution|Summon|Twinspell,YELLOW,implemented,partial,3 个机制缺少充分的核心效果验证；逐机制依据见 card_mechanism.csv。,card_mechanism.csv#DAL_256; generic-play-smoke:played,聚合状态取该卡最差机制；普通烟测只证明可执行，不能单独构成 GREEN。,ordinary_collectible,SPELL,yes,fireplace/cards/dalaran/druid.py:61,Twinspell Summon five 2/2 Treants.
17.6.0.53261,Rise of Shadows (DALARAN),DAL_350,Crystal Power,水晶之力,Choose One|Spell resolution|Targeting,YELLOW,implemented,partial,3 个机制缺少充分的核心效果验证；逐机制依据见 card_mechanism.csv。,card_mechanism.csv#DAL_350; generic-play-smoke:played,聚合状态取该卡最差机制；普通烟测只证明可执行，不能单独构成 GREEN。,ordinary_collectible,SPELL,yes,fireplace/cards/dalaran/druid.py:75,Choose One - Deal $2 damage to a minion; or Restore #5 Health.
17.6.0.53261,Rise of Shadows (DALARAN),DAL_351,Blessing of the Ancients,远古祝福,Spell resolution|Twinspell,YELLOW,implemented,partial,2 个机制缺少充分的核心效果验证；逐机制依据见 card_mechanism.csv。,card_mechanism.csv#DAL_351; generic-play-smoke:played,聚合状态取该卡最差机制；普通烟测只证明可执行，不能单独构成 GREEN。,ordinary_collectible,SPELL,yes,fireplace/cards/dalaran/druid.py:101,Twinspell Give your minions +1/+1.
17.6.0.53261,Rise of Shadows (DALARAN),DAL_352,Crystalsong Portal,晶歌传送门,Discover / Choice|Random effects|Spell resolution,YELLOW,implemented,partial,3 个机制缺少充分的核心效果验证；逐机制依据见 card_mechanism.csv。,card_mechanism.csv#DAL_352; generic-play-smoke:played,聚合状态取该卡最差机制；普通烟测只证明可执行，不能单独构成 GREEN。,ordinary_collectible,SPELL,yes,fireplace/cards/dalaran/druid.py:118,"Discover a Druid minion. If your hand has no minions, keep all 3."
17.6.0.53261,Rise of Shadows (DALARAN),DAL_354,Acornbearer,橡果人,Deathrattle,YELLOW,implemented,partial,1 个机制缺少充分的核心效果验证；逐机制依据见 card_mechanism.csv。,card_mechanism.csv#DAL_354; generic-play-smoke:played,聚合状态取该卡最差机制；普通烟测只证明可执行，不能单独构成 GREEN。,ordinary_collectible,MINION,yes,fireplace/cards/dalaran/druid.py:8,Deathrattle: Add two 1/1 Squirrels to your hand.
17.6.0.53261,Rise of Shadows (DALARAN),DAL_355,Lifeweaver,织命者,Random effects|Trigger,YELLOW,implemented,partial,2 个机制缺少充分的核心效果验证；逐机制依据见 card_mechanism.csv。,card_mechanism.csv#DAL_355; generic-play-smoke:played,聚合状态取该卡最差机制；普通烟测只证明可执行，不能单独构成 GREEN。,ordinary_collectible,MINION,yes,fireplace/cards/dalaran/druid.py:15,"Whenever you restore Health, add a random Druid spell to your hand."
17.6.0.53261,Rise of Shadows (DALARAN),DAL_357,Lucentbark,卢森巴克,Deathrattle|Summon|Taunt,YELLOW,implemented,partial,2 个机制缺少充分的核心效果验证；逐机制依据见 card_mechanism.csv。,"card_mechanism.csv#DAL_357; generic-play-smoke:played; effect-evidence: fireplace/cards/CardDefs.xml#DAL_357; fireplace/cards/dalaran/druid.py:24; tests/test_dalaran.py:4:test_lucentbark; smoke:death_processed:pass; delta={""friendly_field"":{""before"":[""DAL_357""],""after"":[""DAL_357t""]},""friendly_graveyard"":{""before"":[],""after"":[""DAL_357""]}}",聚合状态取该卡最差机制；普通烟测只证明可执行，不能单独构成 GREEN。,ordinary_collectible,MINION,yes,fireplace/cards/dalaran/druid.py:24,Taunt Deathrattle: Go Dormant. Restore 5 Health to awaken this minion.
17.6.0.53261,Rise of Shadows (DALARAN),DAL_366,Unidentified Contract,未鉴定的合约,Random effects|Spell resolution|Targeting,YELLOW,implemented,partial,3 个机制缺少充分的核心效果验证；逐机制依据见 card_mechanism.csv。,card_mechanism.csv#DAL_366; generic-play-smoke:played,聚合状态取该卡最差机制；普通烟测只证明可执行，不能单独构成 GREEN。,ordinary_collectible,SPELL,yes,fireplace/cards/dalaran/rogue.py:69,Destroy a minion. Gains a bonus effect in your hand.
17.6.0.53261,Rise of Shadows (DALARAN),DAL_371,Marked Shot,标记射击,Discover / Choice|Random effects|Spell resolution|Targeting,YELLOW,implemented,partial,4 个机制缺少充分的核心效果验证；逐机制依据见 card_mechanism.csv。,card_mechanism.csv#DAL_371; generic-play-smoke:played,聚合状态取该卡最差机制；普通烟测只证明可执行，不能单独构成 GREEN。,ordinary_collectible,SPELL,yes,fireplace/cards/dalaran/hunter.py:59,Deal $4 damage to a minion. Discover a spell.
17.6.0.53261,Rise of Shadows (DALARAN),DAL_372,Arcane Fletcher,奥术弓箭手,Draw / Discard|Trigger,YELLOW,implemented,partial,2 个机制缺少充分的核心效果验证；逐机制依据见 card_mechanism.csv。,card_mechanism.csv#DAL_372; generic-play-smoke:played,聚合状态取该卡最差机制；普通烟测只证明可执行，不能单独构成 GREEN。,ordinary_collectible,MINION,yes,fireplace/cards/dalaran/hunter.py:8,"[x]Whenever you play a 1-Cost minion, draw a spell from your deck."
17.6.0.53261,Rise of Shadows (DALARAN),DAL_373,Rapid Fire,急速射击,Spell resolution|Targeting|Twinspell,YELLOW,implemented,partial,3 个机制缺少充分的核心效果验证；逐机制依据见 card_mechanism.csv。,card_mechanism.csv#DAL_373; generic-play-smoke:played,聚合状态取该卡最差机制；普通烟测只证明可执行，不能单独构成 GREEN。,ordinary_collectible,SPELL,yes,fireplace/cards/dalaran/hunter.py:70,Twinspell Deal $1 damage.
17.6.0.53261,Rise of Shadows (DALARAN),DAL_376,Oblivitron,湮灭战车,Deathrattle|Summon,YELLOW,implemented,partial,2 个机制缺少充分的核心效果验证；逐机制依据见 card_mechanism.csv。,card_mechanism.csv#DAL_376; generic-play-smoke:played,聚合状态取该卡最差机制；普通烟测只证明可执行，不能单独构成 GREEN。,ordinary_collectible,MINION,yes,fireplace/cards/dalaran/hunter.py:17,[x]Deathrattle: Summon a Mech from your hand and trigger its Deathrattle.
17.6.0.53261,Rise of Shadows (DALARAN),DAL_377,Nine Lives,九命兽魂,Discover / Choice|Spell resolution,YELLOW,implemented,partial,2 个机制缺少充分的核心效果验证；逐机制依据见 card_mechanism.csv。,card_mechanism.csv#DAL_377; generic-play-smoke:unplayable_in_generic_setup,聚合状态取该卡最差机制；普通烟测只证明可执行，不能单独构成 GREEN。,ordinary_collectible,SPELL,yes,fireplace/cards/dalaran/hunter.py:84,Discover a friendly Deathrattle minion that died this game. Also trigger its Deathrattle.
17.6.0.53261,Rise of Shadows (DALARAN),DAL_378,Unleash the Beast,猛兽出笼,Spell resolution|Summon|Twinspell,YELLOW,implemented,partial,3 个机制缺少充分的核心效果验证；逐机制依据见 card_mechanism.csv。,card_mechanism.csv#DAL_378; generic-play-smoke:played,聚合状态取该卡最差机制；普通烟测只证明可执行，不能单独构成 GREEN。,ordinary_collectible,SPELL,yes,fireplace/cards/dalaran/hunter.py:98,Twinspell Summon a 5/5 Wyvern with Rush.
17.6.0.53261,Rise of Shadows (DALARAN),DAL_379,Vereesa Windrunner,温蕾萨·风行者,Battlecry|Summon,YELLOW,implemented,partial,2 个机制缺少充分的核心效果验证；逐机制依据见 card_mechanism.csv。,card_mechanism.csv#DAL_379; generic-play-smoke:played,聚合状态取该卡最差机制；普通烟测只证明可执行，不能单独构成 GREEN。,ordinary_collectible,MINION,yes,fireplace/cards/dalaran/hunter.py:27,"Battlecry: Equip Thori'dal, the Stars' Fury."
17.6.0.53261,Rise of Shadows (DALARAN),DAL_400,EVIL Cable Rat,怪盗布缆鼠,Battlecry|Random effects,YELLOW,implemented,partial,2 个机制缺少充分的核心效果验证；逐机制依据见 card_mechanism.csv。,card_mechanism.csv#DAL_400; generic-play-smoke:played,聚合状态取该卡最差机制；普通烟测只证明可执行，不能单独构成 GREEN。,ordinary_collectible,MINION,yes,fireplace/cards/dalaran/neutral_common.py:67,Battlecry: Add a Lackey to your hand.
17.6.0.53261,Rise of Shadows (DALARAN),DAL_413,EVIL Conscripter,怪盗征募员,Deathrattle|Random effects,YELLOW,implemented,partial,2 个机制缺少充分的核心效果验证；逐机制依据见 card_mechanism.csv。,card_mechanism.csv#DAL_413; generic-play-smoke:played,聚合状态取该卡最差机制；普通烟测只证明可执行，不能单独构成 GREEN。,ordinary_collectible,MINION,yes,fireplace/cards/dalaran/priest.py:40,Deathrattle: Add a Lackey to your hand.
17.6.0.53261,Rise of Shadows (DALARAN),DAL_415,EVIL Miscreant,怪盗恶霸,Combo|Random effects,YELLOW,implemented,partial,2 个机制缺少充分的核心效果验证；逐机制依据见 card_mechanism.csv。,card_mechanism.csv#DAL_415; generic-play-smoke:played,聚合状态取该卡最差机制；普通烟测只证明可执行，不能单独构成 GREEN。,ordinary_collectible,MINION,yes,fireplace/cards/dalaran/rogue.py:8,Combo: Add two random Lackeys to your hand.
17.6.0.53261,Rise of Shadows (DALARAN),DAL_416,Hench-Clan Burglar,荆棘帮蟊贼,Battlecry|Discover / Choice|Random effects,YELLOW,implemented,partial,3 个机制缺少充分的核心效果验证；逐机制依据见 card_mechanism.csv。,card_mechanism.csv#DAL_416; generic-play-smoke:played,聚合状态取该卡最差机制；普通烟测只证明可执行，不能单独构成 GREEN。,ordinary_collectible,MINION,yes,fireplace/cards/dalaran/rogue.py:15,Battlecry: Discover a spell from another class.
17.6.0.53261,Rise of Shadows (DALARAN),DAL_417,Heistbaron Togwaggle,劫匪之王托瓦格尔,Battlecry|Targeting,YELLOW,implemented,partial,2 个机制缺少充分的核心效果验证；逐机制依据见 card_mechanism.csv。,card_mechanism.csv#DAL_417; generic-play-smoke:played,聚合状态取该卡最差机制；普通烟测只证明可执行，不能单独构成 GREEN。,ordinary_collectible,MINION,yes,fireplace/cards/dalaran/rogue.py:22,"Battlecry: If you control a Lackey, choose a fantastic treasure."
17.6.0.53261,Rise of Shadows (DALARAN),DAL_422,Arch-Villain Rafaam,至尊盗王拉法姆,Battlecry|Random effects|Taunt,YELLOW,implemented,partial,3 个机制缺少充分的核心效果验证；逐机制依据见 card_mechanism.csv。,card_mechanism.csv#DAL_422; generic-play-smoke:played,聚合状态取该卡最差机制；普通烟测只证明可执行，不能单独构成 GREEN。,ordinary_collectible,MINION,yes,fireplace/cards/dalaran/warlock.py:15,Taunt Battlecry: Replace your hand and deck with Legendary minions.
17.6.0.53261,Rise of Shadows (DALARAN),DAL_431,Swampqueen Hagatha,沼泽女王哈加莎,Battlecry|Random effects,YELLOW,implemented,partial,2 个机制缺少充分的核心效果验证；逐机制依据见 card_mechanism.csv。,card_mechanism.csv#DAL_431; generic-play-smoke:played,聚合状态取该卡最差机制；普通烟测只证明可执行，不能单独构成 GREEN。,ordinary_collectible,MINION,yes,fireplace/cards/dalaran/shaman.py:33,[x]Battlecry: Add a 5/5 Horror to your hand. Teach it two Shaman spells.
17.6.0.53261,Rise of Shadows (DALARAN),DAL_432,Witch's Brew,女巫杂酿,Spell resolution|Targeting,YELLOW,implemented,partial,2 个机制缺少充分的核心效果验证；逐机制依据见 card_mechanism.csv。,card_mechanism.csv#DAL_432; generic-play-smoke:played,聚合状态取该卡最差机制；普通烟测只证明可执行，不能单独构成 GREEN。,ordinary_collectible,SPELL,yes,fireplace/cards/dalaran/shaman.py:136,Restore #4 Health. Repeatable this turn.
17.6.0.53261,Rise of Shadows (DALARAN),DAL_433,Sludge Slurper,淤泥吞食者,Battlecry|Overload|Random effects,YELLOW,implemented,partial,2 个机制缺少充分的核心效果验证；逐机制依据见 card_mechanism.csv。,card_mechanism.csv#DAL_433; generic-play-smoke:played; effect-evidence: reports/card_quality_full_2026-09-27/overload_reproductions.csv#DAL_433,聚合状态取该卡最差机制；普通烟测只证明可执行，不能单独构成 GREEN。,ordinary_collectible,MINION,yes,fireplace/cards/dalaran/shaman.py:99,Battlecry: Add a Lackey to your hand. Overload: (1)
17.6.0.53261,Rise of Shadows (DALARAN),DAL_434,Arcane Watcher,奥术守望者,Continuous effect / Update|Spell Damage,YELLOW,implemented,partial,2 个机制缺少充分的核心效果验证；逐机制依据见 card_mechanism.csv。,card_mechanism.csv#DAL_434; generic-play-smoke:played,聚合状态取该卡最差机制；普通烟测只证明可执行，不能单独构成 GREEN。,ordinary_collectible,MINION,yes,fireplace/cards/dalaran/neutral_rare.py:31,Can't attack unless you have Spell Damage.
17.6.0.53261,Rise of Shadows (DALARAN),DAL_538,Unseen Saboteur,隐秘破坏者,Battlecry|Random effects,YELLOW,implemented,partial,2 个机制缺少充分的核心效果验证；逐机制依据见 card_mechanism.csv。,card_mechanism.csv#DAL_538; generic-play-smoke:played,聚合状态取该卡最差机制；普通烟测只证明可执行，不能单独构成 GREEN。,ordinary_collectible,MINION,yes,fireplace/cards/dalaran/neutral_epic.py:15,Battlecry: Your opponent casts a random spell from their hand (targets chosen randomly).
17.6.0.53261,Rise of Shadows (DALARAN),DAL_539,Sunreaver Warmage,夺日者战斗法师,Battlecry|Targeting,YELLOW,implemented,partial,2 个机制缺少充分的核心效果验证；逐机制依据见 card_mechanism.csv。,card_mechanism.csv#DAL_539; generic-play-smoke:played,聚合状态取该卡最差机制；普通烟测只证明可执行，不能单独构成 GREEN。,ordinary_collectible,MINION,yes,fireplace/cards/dalaran/neutral_rare.py:38,"Battlecry: If you're holding a spell that costs (5) or more, deal 4 damage."
17.6.0.53261,Rise of Shadows (DALARAN),DAL_544,Potion Vendor,药水商人,Battlecry,YELLOW,implemented,partial,1 个机制缺少充分的核心效果验证；逐机制依据见 card_mechanism.csv。,card_mechanism.csv#DAL_544; generic-play-smoke:played,聚合状态取该卡最差机制；普通烟测只证明可执行，不能单独构成 GREEN。,ordinary_collectible,MINION,yes,fireplace/cards/dalaran/neutral_common.py:74,Battlecry: Restore #2 Health to all friendly characters.
17.6.0.53261,Rise of Shadows (DALARAN),DAL_546,Barista Lynchen,咖啡师林彻,Battlecry,YELLOW,implemented,partial,1 个机制缺少充分的核心效果验证；逐机制依据见 card_mechanism.csv。,card_mechanism.csv#DAL_546; generic-play-smoke:played,聚合状态取该卡最差机制；普通烟测只证明可执行，不能单独构成 GREEN。,ordinary_collectible,MINION,yes,fireplace/cards/dalaran/neutral_legendary.py:8,Battlecry: Add a copy of each of your other Battlecry minions to your hand.
17.6.0.53261,Rise of Shadows (DALARAN),DAL_548,Azerite Elemental,艾泽里特元素,Spell Damage|Trigger,YELLOW,implemented,partial,2 个机制缺少充分的核心效果验证；逐机制依据见 card_mechanism.csv。,card_mechanism.csv#DAL_548; generic-play-smoke:played,聚合状态取该卡最差机制；普通烟测只证明可执行，不能单独构成 GREEN。,ordinary_collectible,MINION,yes,fireplace/cards/dalaran/neutral_epic.py:23,"At the start of your turn, gain Spell Damage +2."
17.6.0.53261,Rise of Shadows (DALARAN),DAL_550,Underbelly Ooze,下水道软泥怪,Summon|Trigger,YELLOW,implemented,partial,2 个机制缺少充分的核心效果验证；逐机制依据见 card_mechanism.csv。,card_mechanism.csv#DAL_550; generic-play-smoke:played,聚合状态取该卡最差机制；普通烟测只证明可执行，不能单独构成 GREEN。,ordinary_collectible,MINION,yes,fireplace/cards/dalaran/neutral_rare.py:49,"After this minion survives damage, summon a copy of it."
17.6.0.53261,Rise of Shadows (DALARAN),DAL_551,Proud Defender,骄傲的防御者,Continuous effect / Update|Taunt,YELLOW,implemented,partial,2 个机制缺少充分的核心效果验证；逐机制依据见 card_mechanism.csv。,card_mechanism.csv#DAL_551; generic-play-smoke:played,聚合状态取该卡最差机制；普通烟测只证明可执行，不能单独构成 GREEN。,ordinary_collectible,MINION,yes,fireplace/cards/dalaran/neutral_common.py:81,Taunt Has +2 Attack while you [x]have no other minions.
17.6.0.53261,Rise of Shadows (DALARAN),DAL_553,Big Bad Archmage,恶狼大法师,Random effects|Summon|Trigger,YELLOW,implemented,partial,3 个机制缺少充分的核心效果验证；逐机制依据见 card_mechanism.csv。,card_mechanism.csv#DAL_553; generic-play-smoke:played,聚合状态取该卡最差机制；普通烟测只证明可执行，不能单独构成 GREEN。,ordinary_collectible,MINION,yes,fireplace/cards/dalaran/neutral_epic.py:33,"At the end of your turn, summon a random 6-Cost minion."
17.6.0.53261,Rise of Shadows (DALARAN),DAL_554,Chef Nomi,大厨诺米,Battlecry|Summon,YELLOW,implemented,partial,2 个机制缺少充分的核心效果验证；逐机制依据见 card_mechanism.csv。,card_mechanism.csv#DAL_554; generic-play-smoke:played,聚合状态取该卡最差机制；普通烟测只证明可执行，不能单独构成 GREEN。,ordinary_collectible,MINION,yes,fireplace/cards/dalaran/neutral_legendary.py:16,"Battlecry: If your deck is empty, summon six 6/6 Greasefire Elementals."
17.6.0.53261,Rise of Shadows (DALARAN),DAL_558,Archmage Vargoth,大法师瓦格斯,Random effects|Trigger,YELLOW,implemented,partial,2 个机制缺少充分的核心效果验证；逐机制依据见 card_mechanism.csv。,card_mechanism.csv#DAL_558; generic-play-smoke:played,聚合状态取该卡最差机制；普通烟测只证明可执行，不能单独构成 GREEN。,ordinary_collectible,MINION,yes,fireplace/cards/dalaran/neutral_legendary.py:23,"[x]At the end of your turn, cast a spell you've cast this turn (targets are random)."
17.6.0.53261,Rise of Shadows (DALARAN),DAL_560,Heroic Innkeeper,霸气的旅店老板娘,Battlecry|Taunt,YELLOW,implemented,partial,2 个机制缺少充分的核心效果验证；逐机制依据见 card_mechanism.csv。,card_mechanism.csv#DAL_560; generic-play-smoke:played,聚合状态取该卡最差机制；普通烟测只证明可执行，不能单独构成 GREEN。,ordinary_collectible,MINION,yes,fireplace/cards/dalaran/neutral_common.py:88,Taunt. Battlecry: Gain +2/+2 for each other friendly minion.
17.6.0.53261,Rise of Shadows (DALARAN),DAL_561,Jumbo Imp,巨型小鬼,Cost modification|Trigger,YELLOW,implemented,partial,2 个机制缺少充分的核心效果验证；逐机制依据见 card_mechanism.csv。,card_mechanism.csv#DAL_561; generic-play-smoke:played,聚合状态取该卡最差机制；普通烟测只证明可执行，不能单独构成 GREEN。,ordinary_collectible,MINION,yes,fireplace/cards/dalaran/warlock.py:23,Costs (1) less whenever a friendly Demon dies while this is in your hand.
17.6.0.53261,Rise of Shadows (DALARAN),DAL_565,Portal Overfiend,传送门大恶魔,Battlecry|Summon|Trigger,YELLOW,implemented,partial,3 个机制缺少充分的核心效果验证；逐机制依据见 card_mechanism.csv。,card_mechanism.csv#DAL_565; generic-play-smoke:played,聚合状态取该卡最差机制；普通烟测只证明可执行，不能单独构成 GREEN。,ordinary_collectible,MINION,yes,fireplace/cards/dalaran/neutral_epic.py:40,"[x]Battlecry: Shuffle 3 Portals into your deck. When drawn, summon a 2/2 Demon with Rush."
17.6.0.53261,Rise of Shadows (DALARAN),DAL_566,Eccentric Scribe,古怪的铭文师,Deathrattle|Summon,YELLOW,implemented,partial,2 个机制缺少充分的核心效果验证；逐机制依据见 card_mechanism.csv。,card_mechanism.csv#DAL_566; generic-play-smoke:played,聚合状态取该卡最差机制；普通烟测只证明可执行，不能单独构成 GREEN。,ordinary_collectible,MINION,yes,fireplace/cards/dalaran/neutral_common.py:98,Deathrattle: Summon four 1/1 Vengeful Scrolls.
17.6.0.53261,Rise of Shadows (DALARAN),DAL_568,Lightforged Blessing,光铸祝福,Spell resolution|Targeting|Twinspell,YELLOW,implemented,partial,3 个机制缺少充分的核心效果验证；逐机制依据见 card_mechanism.csv。,card_mechanism.csv#DAL_568; generic-play-smoke:played,聚合状态取该卡最差机制；普通烟测只证明可执行，不能单独构成 GREEN。,ordinary_collectible,SPELL,yes,fireplace/cards/dalaran/paladin.py:57,Twinspell Give a friendly minion Lifesteal.
17.6.0.53261,Rise of Shadows (DALARAN),DAL_570,Never Surrender!,永不屈服,Secret|Spell resolution|Trigger,YELLOW,implemented,partial,3 个机制缺少充分的核心效果验证；逐机制依据见 card_mechanism.csv。,card_mechanism.csv#DAL_570; generic-play-smoke:played,聚合状态取该卡最差机制；普通烟测只证明可执行，不能单独构成 GREEN。,ordinary_collectible,SPELL,yes,fireplace/cards/dalaran/paladin.py:73,"Secret: When your opponent casts a spell, give your minions +2 Health."
17.6.0.53261,Rise of Shadows (DALARAN),DAL_571,Mysterious Blade,神秘之刃,Battlecry|Weapon,YELLOW,implemented,partial,2 个机制缺少充分的核心效果验证；逐机制依据见 card_mechanism.csv。,card_mechanism.csv#DAL_571; generic-play-smoke:played,聚合状态取该卡最差机制；普通烟测只证明可执行，不能单独构成 GREEN。,ordinary_collectible,WEAPON,yes,fireplace/cards/dalaran/paladin.py:112,"Battlecry: If you control a Secret, gain +1 Attack."
17.6.0.53261,Rise of Shadows (DALARAN),DAL_573,Commander Rhyssa,指挥官蕾撒,Aura|Continuous effect / Update,YELLOW,implemented,partial,2 个机制缺少充分的核心效果验证；逐机制依据见 card_mechanism.csv。,card_mechanism.csv#DAL_573; generic-play-smoke:played,聚合状态取该卡最差机制；普通烟测只证明可执行，不能单独构成 GREEN。,ordinary_collectible,MINION,yes,fireplace/cards/dalaran/paladin.py:25,Your Secrets trigger twice.
17.6.0.53261,Rise of Shadows (DALARAN),DAL_575,Khadgar,卡德加,Summon|Trigger,YELLOW,implemented,partial,2 个机制缺少充分的核心效果验证；逐机制依据见 card_mechanism.csv。,card_mechanism.csv#DAL_575; generic-play-smoke:played,聚合状态取该卡最差机制；普通烟测只证明可执行，不能单独构成 GREEN。,ordinary_collectible,MINION,yes,fireplace/cards/dalaran/mage.py:22,Your cards that summon minions summon twice as many.
17.6.0.53261,Rise of Shadows (DALARAN),DAL_576,Kirin Tor Tricaster,肯瑞托三修法师,Aura|Continuous effect / Update|Cost modification|Spell Damage,YELLOW,implemented,partial,4 个机制缺少充分的核心效果验证；逐机制依据见 card_mechanism.csv。,card_mechanism.csv#DAL_576; generic-play-smoke:played,聚合状态取该卡最差机制；普通烟测只证明可执行，不能单独构成 GREEN。,ordinary_collectible,MINION,yes,fireplace/cards/dalaran/mage.py:31,Spell Damage +3 Your spells cost (1) more.
17.6.0.53261,Rise of Shadows (DALARAN),DAL_577,Ray of Frost,霜冻射线,Spell resolution|Targeting|Twinspell,YELLOW,implemented,partial,3 个机制缺少充分的核心效果验证；逐机制依据见 card_mechanism.csv。,card_mechanism.csv#DAL_577; generic-play-smoke:played,聚合状态取该卡最差机制；普通烟测只证明可执行，不能单独构成 GREEN。,ordinary_collectible,SPELL,yes,fireplace/cards/dalaran/mage.py:82,"Twinspell Freeze a minion. If it's already Frozen, deal $2 damage to it."
17.6.0.53261,Rise of Shadows (DALARAN),DAL_578,Power of Creation,创世之力,Discover / Choice|Random effects|Spell resolution|Summon,YELLOW,implemented,partial,4 个机制缺少充分的核心效果验证；逐机制依据见 card_mechanism.csv。,card_mechanism.csv#DAL_578; generic-play-smoke:played,聚合状态取该卡最差机制；普通烟测只证明可执行，不能单独构成 GREEN。,ordinary_collectible,SPELL,yes,fireplace/cards/dalaran/mage.py:98,Discover a 6-Cost minion. Summon two copies of it.
17.6.0.53261,Rise of Shadows (DALARAN),DAL_581,Nozari,诺萨莉,Battlecry,YELLOW,implemented,partial,1 个机制缺少充分的核心效果验证；逐机制依据见 card_mechanism.csv。,card_mechanism.csv#DAL_581; generic-play-smoke:played,聚合状态取该卡最差机制；普通烟测只证明可执行，不能单独构成 GREEN。,ordinary_collectible,MINION,yes,fireplace/cards/dalaran/paladin.py:32,Battlecry: Restore both heroes to full Health.
17.6.0.53261,Rise of Shadows (DALARAN),DAL_582,Portal Keeper,传送门守护者,Battlecry|Summon|Trigger,YELLOW,implemented,partial,3 个机制缺少充分的核心效果验证；逐机制依据见 card_mechanism.csv。,card_mechanism.csv#DAL_582; generic-play-smoke:played,聚合状态取该卡最差机制；普通烟测只证明可执行，不能单独构成 GREEN。,ordinary_collectible,MINION,yes,fireplace/cards/dalaran/neutral_rare.py:56,"[x]Battlecry: Shuffle 3 Portals into your deck. When drawn, summon a 2/2 Demon with Rush."
17.6.0.53261,Rise of Shadows (DALARAN),DAL_587,Shimmerfly,闪光蝴蝶,Deathrattle|Random effects,YELLOW,implemented,partial,2 个机制缺少充分的核心效果验证；逐机制依据见 card_mechanism.csv。,card_mechanism.csv#DAL_587; generic-play-smoke:played,聚合状态取该卡最差机制；普通烟测只证明可执行，不能单独构成 GREEN。,ordinary_collectible,MINION,yes,fireplace/cards/dalaran/hunter.py:41,Deathrattle: Add a random Hunter spell to your hand.
17.6.0.53261,Rise of Shadows (DALARAN),DAL_589,Hunting Party,狩猎盛宴,Spell resolution,YELLOW,implemented,partial,1 个机制缺少充分的核心效果验证；逐机制依据见 card_mechanism.csv。,card_mechanism.csv#DAL_589; generic-play-smoke:played,聚合状态取该卡最差机制；普通烟测只证明可执行，不能单独构成 GREEN。,ordinary_collectible,SPELL,yes,fireplace/cards/dalaran/hunter.py:112,Copy all Beasts in your hand.
17.6.0.53261,Rise of Shadows (DALARAN),DAL_592,Batterhead,莽头食人魔,Rush|Trigger,YELLOW,implemented,partial,2 个机制缺少充分的核心效果验证；逐机制依据见 card_mechanism.csv。,card_mechanism.csv#DAL_592; generic-play-smoke:played,聚合状态取该卡最差机制；普通烟测只证明可执行，不能单独构成 GREEN。,ordinary_collectible,MINION,yes,fireplace/cards/dalaran/neutral_epic.py:48,"Rush. After this attacks and kills a minion, it may attack again."
17.6.0.53261,Rise of Shadows (DALARAN),DAL_602,Plot Twist,情势反转,Draw / Discard|Spell resolution,YELLOW,implemented,partial,2 个机制缺少充分的核心效果验证；逐机制依据见 card_mechanism.csv。,card_mechanism.csv#DAL_602; generic-play-smoke:played,聚合状态取该卡最差机制；普通烟测只证明可执行，不能单独构成 GREEN。,ordinary_collectible,SPELL,yes,fireplace/cards/dalaran/warlock.py:97,Shuffle your hand into your deck. Draw that many cards.
17.6.0.53261,Rise of Shadows (DALARAN),DAL_603,Mana Cyclone,法力飓风,Battlecry|Random effects,YELLOW,implemented,partial,2 个机制缺少充分的核心效果验证；逐机制依据见 card_mechanism.csv。,card_mechanism.csv#DAL_603; generic-play-smoke:played,聚合状态取该卡最差机制；普通烟测只证明可执行，不能单独构成 GREEN。,ordinary_collectible,MINION,yes,fireplace/cards/dalaran/mage.py:38,"[x]Battlecry: For each spell you've cast this turn, add a random Mage spell to your hand."
17.6.0.53261,Rise of Shadows (DALARAN),DAL_604,Ursatron,机械巨熊,Deathrattle|Draw / Discard,YELLOW,implemented,partial,2 个机制缺少充分的核心效果验证；逐机制依据见 card_mechanism.csv。,card_mechanism.csv#DAL_604; generic-play-smoke:played,聚合状态取该卡最差机制；普通烟测只证明可执行，不能单独构成 GREEN。,ordinary_collectible,MINION,yes,fireplace/cards/dalaran/hunter.py:48,Deathrattle: Draw a Mech from your deck.
17.6.0.53261,Rise of Shadows (DALARAN),DAL_605,Impferno,小鬼狱火,Spell resolution,YELLOW,implemented,partial,1 个机制缺少充分的核心效果验证；逐机制依据见 card_mechanism.csv。,card_mechanism.csv#DAL_605; generic-play-smoke:played,聚合状态取该卡最差机制；普通烟测只证明可执行，不能单独构成 GREEN。,ordinary_collectible,SPELL,yes,fireplace/cards/dalaran/warlock.py:107,Give your Demons +1 Attack. Deal $1 damage to all enemy minions.
17.6.0.53261,Rise of Shadows (DALARAN),DAL_606,EVIL Genius,怪盗天才,Battlecry|Random effects|Targeting,YELLOW,implemented,partial,3 个机制缺少充分的核心效果验证；逐机制依据见 card_mechanism.csv。,card_mechanism.csv#DAL_606; generic-play-smoke:played,聚合状态取该卡最差机制；普通烟测只证明可执行，不能单独构成 GREEN。,ordinary_collectible,MINION,yes,fireplace/cards/dalaran/warlock.py:46,Battlecry: Destroy a friendly minion to add 2 random Lackeys to your hand.
17.6.0.53261,Rise of Shadows (DALARAN),DAL_607,Fel Lord Betrug,邪能领主贝图格,Draw / Discard|Summon|Trigger,YELLOW,implemented,partial,3 个机制缺少充分的核心效果验证；逐机制依据见 card_mechanism.csv。,card_mechanism.csv#DAL_607; generic-play-smoke:played,聚合状态取该卡最差机制；普通烟测只证明可执行，不能单独构成 GREEN。,ordinary_collectible,MINION,yes,fireplace/cards/dalaran/warlock.py:59,"[x]Whenever you draw a minion, summon a copy  with Rush that dies at end of turn."
17.6.0.53261,Rise of Shadows (DALARAN),DAL_608,Magic Trick,魔术戏法,Discover / Choice|Random effects|Spell resolution,YELLOW,implemented,partial,3 个机制缺少充分的核心效果验证；逐机制依据见 card_mechanism.csv。,card_mechanism.csv#DAL_608; generic-play-smoke:played,聚合状态取该卡最差机制；普通烟测只证明可执行，不能单独构成 GREEN。,ordinary_collectible,SPELL,yes,fireplace/cards/dalaran/mage.py:110,Discover a spell that costs (3) or less.
17.6.0.53261,Rise of Shadows (DALARAN),DAL_609,Kalecgos,卡雷苟斯,Aura|Battlecry|Continuous effect / Update|Discover / Choice|Random effects,YELLOW,implemented,partial,5 个机制缺少充分的核心效果验证；逐机制依据见 card_mechanism.csv。,card_mechanism.csv#DAL_609; generic-play-smoke:played,聚合状态取该卡最差机制；普通烟测只证明可执行，不能单独构成 GREEN。,ordinary_collectible,MINION,yes,fireplace/cards/dalaran/mage.py:48,Your first spell each turn costs (0). Battlecry: Discover a spell.
17.6.0.53261,Rise of Shadows (DALARAN),DAL_710,Soul of the Murloc,鱼人之魂,Spell resolution|Summon,YELLOW,implemented,partial,2 个机制缺少充分的核心效果验证；逐机制依据见 card_mechanism.csv。,card_mechanism.csv#DAL_710; generic-play-smoke:played,聚合状态取该卡最差机制；普通烟测只证明可执行，不能单独构成 GREEN。,ordinary_collectible,SPELL,yes,fireplace/cards/dalaran/shaman.py:149,"Give your minions ""Deathrattle: Summon a 1/1 Murloc."""
17.6.0.53261,Rise of Shadows (DALARAN),DAL_714,Underbelly Fence,下水道销赃人,Battlecry,YELLOW,implemented,partial,1 个机制缺少充分的核心效果验证；逐机制依据见 card_mechanism.csv。,card_mechanism.csv#DAL_714; generic-play-smoke:played,聚合状态取该卡最差机制；普通烟测只证明可执行，不能单独构成 GREEN。,ordinary_collectible,MINION,yes,fireplace/cards/dalaran/rogue.py:32,"[x]Battlecry: If you're holding a card from another class,  gain +1/+1 and Rush."
17.6.0.53261,Rise of Shadows (DALARAN),DAL_716,Vendetta,宿敌,Continuous effect / Update|Spell resolution|Targeting|Trigger,YELLOW,implemented,partial,4 个机制缺少充分的核心效果验证；逐机制依据见 card_mechanism.csv。,card_mechanism.csv#DAL_716; generic-play-smoke:played,聚合状态取该卡最差机制；普通烟测只证明可执行，不能单独构成 GREEN。,ordinary_collectible,SPELL,yes,fireplace/cards/dalaran/rogue.py:126,Deal $4 damage to a minion. Costs (0) if you're holding a card from another class.
17.6.0.53261,Rise of Shadows (DALARAN),DAL_719,Tak Nozwhisker,塔克·诺兹维克,Trigger,YELLOW,implemented,partial,1 个机制缺少充分的核心效果验证；逐机制依据见 card_mechanism.csv。,card_mechanism.csv#DAL_719; generic-play-smoke:played,聚合状态取该卡最差机制；普通烟测只证明可执行，不能单独构成 GREEN。,ordinary_collectible,MINION,yes,fireplace/cards/dalaran/rogue.py:44,"[x]Whenever you shuffle a card into your deck, add a copy to your hand."
17.6.0.53261,Rise of Shadows (DALARAN),DAL_720,Waggle Pick,摇摆矿锄,Cost modification|Deathrattle|Random effects|Targeting|Weapon,YELLOW,implemented,partial,5 个机制缺少充分的核心效果验证；逐机制依据见 card_mechanism.csv。,card_mechanism.csv#DAL_720; generic-play-smoke:played,聚合状态取该卡最差机制；普通烟测只证明可执行，不能单独构成 GREEN。,ordinary_collectible,WEAPON,yes,fireplace/cards/dalaran/rogue.py:153,[x]Deathrattle: Return a random friendly minion to your hand. It costs (2) less.
17.6.0.53261,Rise of Shadows (DALARAN),DAL_721,Catrina Muerte,亡者卡特琳娜,Summon|Trigger,YELLOW,implemented,partial,2 个机制缺少充分的核心效果验证；逐机制依据见 card_mechanism.csv。,card_mechanism.csv#DAL_721; generic-play-smoke:played,聚合状态取该卡最差机制；普通烟测只证明可执行，不能单独构成 GREEN。,ordinary_collectible,MINION,yes,fireplace/cards/dalaran/priest.py:47,"[x]At the end of your turn, summon a friendly minion that died this game."
17.6.0.53261,Rise of Shadows (DALARAN),DAL_723,Forbidden Words,禁忌咒文,Spell resolution|Targeting,YELLOW,implemented,partial,2 个机制缺少充分的核心效果验证；逐机制依据见 card_mechanism.csv。,card_mechanism.csv#DAL_723; generic-play-smoke:played,聚合状态取该卡最差机制；普通烟测只证明可执行，不能单独构成 GREEN。,ordinary_collectible,SPELL,yes,fireplace/cards/dalaran/priest.py:97,[x]Spend all your Mana. Destroy a minion with that much Attack or less.
17.6.0.53261,Rise of Shadows (DALARAN),DAL_724,Mass Resurrection,群体复活,Spell resolution|Summon,YELLOW,implemented,partial,2 个机制缺少充分的核心效果验证；逐机制依据见 card_mechanism.csv。,card_mechanism.csv#DAL_724; generic-play-smoke:unplayable_in_generic_setup,聚合状态取该卡最差机制；普通烟测只证明可执行，不能单独构成 GREEN。,ordinary_collectible,SPELL,yes,fireplace/cards/dalaran/priest.py:109,Summon 3 friendly minions that died this game.
17.6.0.53261,Rise of Shadows (DALARAN),DAL_726,Scargil,斯卡基尔,Aura|Continuous effect / Update|Cost modification,YELLOW,implemented,partial,3 个机制缺少充分的核心效果验证；逐机制依据见 card_mechanism.csv。,card_mechanism.csv#DAL_726; generic-play-smoke:played,聚合状态取该卡最差机制；普通烟测只证明可执行，不能单独构成 GREEN。,ordinary_collectible,MINION,yes,fireplace/cards/dalaran/shaman.py:106,Your Murlocs cost (1).
17.6.0.53261,Rise of Shadows (DALARAN),DAL_727,Call to Adventure,冒险号角,Draw / Discard|Spell resolution|Targeting,YELLOW,implemented,partial,3 个机制缺少充分的核心效果验证；逐机制依据见 card_mechanism.csv。,card_mechanism.csv#DAL_727; generic-play-smoke:played,聚合状态取该卡最差机制；普通烟测只证明可执行，不能单独构成 GREEN。,ordinary_collectible,SPELL,yes,fireplace/cards/dalaran/paladin.py:83,Draw the lowest Cost minion from your deck. Give it +2/+2.
17.6.0.53261,Rise of Shadows (DALARAN),DAL_728,Daring Escape,战略转移,Spell resolution,YELLOW,implemented,partial,1 个机制缺少充分的核心效果验证；逐机制依据见 card_mechanism.csv。,card_mechanism.csv#DAL_728; generic-play-smoke:played,聚合状态取该卡最差机制；普通烟测只证明可执行，不能单独构成 GREEN。,ordinary_collectible,SPELL,yes,fireplace/cards/dalaran/rogue.py:142,Return all friendly minions to your hand.
17.6.0.53261,Rise of Shadows (DALARAN),DAL_729,Madame Lazul,拉祖尔女士,Battlecry|Discover / Choice,YELLOW,implemented,partial,2 个机制缺少充分的核心效果验证；逐机制依据见 card_mechanism.csv。,card_mechanism.csv#DAL_729; generic-play-smoke:played,聚合状态取该卡最差机制；普通烟测只证明可执行，不能单独构成 GREEN。,ordinary_collectible,MINION,yes,fireplace/cards/dalaran/priest.py:56,[x]Battlecry: Discover a copy of a card in your opponent's hand.
17.6.0.53261,Rise of Shadows (DALARAN),DAL_731,Duel!,决斗,Spell resolution|Summon,YELLOW,implemented,partial,2 个机制缺少充分的核心效果验证；逐机制依据见 card_mechanism.csv。,card_mechanism.csv#DAL_731; generic-play-smoke:played,聚合状态取该卡最差机制；普通烟测只证明可执行，不能单独构成 GREEN。,ordinary_collectible,SPELL,yes,fireplace/cards/dalaran/paladin.py:95,Summon a minion from each player's deck. They fight!
17.6.0.53261,Rise of Shadows (DALARAN),DAL_732,Keeper Stalladris,守护者斯塔拉蒂斯,Choose One|Trigger,YELLOW,implemented,partial,2 个机制缺少充分的核心效果验证；逐机制依据见 card_mechanism.csv。,card_mechanism.csv#DAL_732; generic-play-smoke:played,聚合状态取该卡最差机制；普通烟测只证明可执行，不能单独构成 GREEN。,ordinary_collectible,MINION,yes,fireplace/cards/dalaran/druid.py:40,"After you cast a Choose One spell, add copies of both choices to your hand."
17.6.0.53261,Rise of Shadows (DALARAN),DAL_733,Dreamway Guardians,守卫梦境之路,Spell resolution|Summon,YELLOW,implemented,partial,2 个机制缺少充分的核心效果验证；逐机制依据见 card_mechanism.csv。,card_mechanism.csv#DAL_733; generic-play-smoke:played,聚合状态取该卡最差机制；普通烟测只证明可执行，不能单独构成 GREEN。,ordinary_collectible,SPELL,yes,fireplace/cards/dalaran/druid.py:128,Summon two 1/2 Dryads with Lifesteal.
17.6.0.53261,Rise of Shadows (DALARAN),DAL_735,Dalaran Librarian,达拉然图书管理员,Battlecry|Silence,YELLOW,implemented,partial,2 个机制缺少充分的核心效果验证；逐机制依据见 card_mechanism.csv。,card_mechanism.csv#DAL_735; generic-play-smoke:played,聚合状态取该卡最差机制；普通烟测只证明可执行，不能单独构成 GREEN。,ordinary_collectible,MINION,yes,fireplace/cards/dalaran/neutral_common.py:105,Battlecry: Silence adjacent minions.
17.6.0.53261,Rise of Shadows (DALARAN),DAL_736,Archivist Elysiana,档案员艾丽西娜,Battlecry|Discover / Choice|Random effects,YELLOW,implemented,partial,3 个机制缺少充分的核心效果验证；逐机制依据见 card_mechanism.csv。,card_mechanism.csv#DAL_736; generic-play-smoke:played,聚合状态取该卡最差机制；普通烟测只证明可执行，不能单独构成 GREEN。,ordinary_collectible,MINION,yes,fireplace/cards/dalaran/neutral_legendary.py:31,Battlecry: Discover 5 cards. Replace your deck with 2 copies of each.
17.6.0.53261,Rise of Shadows (DALARAN),DAL_742,Whirlwind Tempest,暴走旋风,Aura|Continuous effect / Update,YELLOW,implemented,partial,2 个机制缺少充分的核心效果验证；逐机制依据见 card_mechanism.csv。,card_mechanism.csv#DAL_742; generic-play-smoke:played,聚合状态取该卡最差机制；普通烟测只证明可执行，不能单独构成 GREEN。,ordinary_collectible,MINION,yes,fireplace/cards/dalaran/neutral_epic.py:55,Your minions with Windfury have Mega-Windfury.
17.6.0.53261,Rise of Shadows (DALARAN),DAL_743,Hench-Clan Hogsteed,荆棘帮斗猪,Deathrattle|Rush|Summon,YELLOW,implemented,partial,3 个机制缺少充分的核心效果验证；逐机制依据见 card_mechanism.csv。,card_mechanism.csv#DAL_743; generic-play-smoke:played,聚合状态取该卡最差机制；普通烟测只证明可执行，不能单独构成 GREEN。,ordinary_collectible,MINION,yes,fireplace/cards/dalaran/neutral_common.py:112,Rush Deathrattle: Summon a 1/1 Murloc.
17.6.0.53261,Rise of Shadows (DALARAN),DAL_744,Faceless Rager,无面暴怒者,Battlecry|Targeting,YELLOW,implemented,partial,2 个机制缺少充分的核心效果验证；逐机制依据见 card_mechanism.csv。,card_mechanism.csv#DAL_744; generic-play-smoke:played,聚合状态取该卡最差机制；普通烟测只证明可执行，不能单独构成 GREEN。,ordinary_collectible,MINION,yes,fireplace/cards/dalaran/neutral_common.py:119,Battlecry: Copy a friendly minion's Health.
17.6.0.53261,Rise of Shadows (DALARAN),DAL_747,Flight Master,飞行管理员,Battlecry|Summon,YELLOW,implemented,partial,2 个机制缺少充分的核心效果验证；逐机制依据见 card_mechanism.csv。,card_mechanism.csv#DAL_747; generic-play-smoke:played,聚合状态取该卡最差机制；普通烟测只证明可执行，不能单独构成 GREEN。,ordinary_collectible,MINION,yes,fireplace/cards/dalaran/neutral_common.py:135,Battlecry: Summon a 2/2 Gryphon for each player.
17.6.0.53261,Rise of Shadows (DALARAN),DAL_748,Mana Reservoir,法力之池,Spell Damage,YELLOW,implemented,partial,1 个机制缺少充分的核心效果验证；逐机制依据见 card_mechanism.csv。,card_mechanism.csv#DAL_748; generic-play-smoke:played,聚合状态取该卡最差机制；普通烟测只证明可执行，不能单独构成 GREEN。,ordinary_collectible,MINION,yes,,Spell Damage +1
17.6.0.53261,Rise of Shadows (DALARAN),DAL_749,Recurring Villain,再生大盗,Deathrattle|Summon,YELLOW,implemented,partial,2 个机制缺少充分的核心效果验证；逐机制依据见 card_mechanism.csv。,card_mechanism.csv#DAL_749; generic-play-smoke:played,聚合状态取该卡最差机制；普通烟测只证明可执行，不能单独构成 GREEN。,ordinary_collectible,MINION,yes,fireplace/cards/dalaran/neutral_rare.py:69,"Deathrattle: If this minion has 4 or more Attack, resummon it."
17.6.0.53261,Rise of Shadows (DALARAN),DAL_751,Mad Summoner,疯狂召唤师,Battlecry|Summon,YELLOW,implemented,partial,2 个机制缺少充分的核心效果验证；逐机制依据见 card_mechanism.csv。,card_mechanism.csv#DAL_751; generic-play-smoke:played,聚合状态取该卡最差机制；普通烟测只证明可执行，不能单独构成 GREEN。,ordinary_collectible,MINION,yes,fireplace/cards/dalaran/neutral_rare.py:76,[x]Battlecry: Fill each player's board with 1/1 Imps.
17.6.0.53261,Rise of Shadows (DALARAN),DAL_752,Jepetto Joybuzz,耶比托·乔巴斯,Battlecry|Draw / Discard|Targeting,YELLOW,implemented,partial,3 个机制缺少充分的核心效果验证；逐机制依据见 card_mechanism.csv。,card_mechanism.csv#DAL_752; generic-play-smoke:played,聚合状态取该卡最差机制；普通烟测只证明可执行，不能单独构成 GREEN。,ordinary_collectible,MINION,yes,fireplace/cards/dalaran/neutral_legendary.py:44,"Battlecry: Draw 2 minions from your deck. Set their Attack, Health, and Cost to 1."
17.6.0.53261,Rise of Shadows (DALARAN),DAL_759,Vicious Scraphound,凶恶的废钢猎犬,Trigger,YELLOW,implemented,partial,1 个机制缺少充分的核心效果验证；逐机制依据见 card_mechanism.csv。,card_mechanism.csv#DAL_759; generic-play-smoke:played,聚合状态取该卡最差机制；普通烟测只证明可执行，不能单独构成 GREEN。,ordinary_collectible,MINION,yes,fireplace/cards/dalaran/warrior.py:35,"Whenever this minion deals damage, gain that much Armor."
17.6.0.53261,Rise of Shadows (DALARAN),DAL_760,Burly Shovelfist,推土壮汉,Rush,YELLOW,implemented,partial,1 个机制缺少充分的核心效果验证；逐机制依据见 card_mechanism.csv。,card_mechanism.csv#DAL_760; generic-play-smoke:played,聚合状态取该卡最差机制；普通烟测只证明可执行，不能单独构成 GREEN。,ordinary_collectible,MINION,yes,,Rush
17.6.0.53261,Rise of Shadows (DALARAN),DAL_769,Improve Morale,提振士气,Random effects|Spell resolution|Targeting,YELLOW,implemented,partial,3 个机制缺少充分的核心效果验证；逐机制依据见 card_mechanism.csv。,card_mechanism.csv#DAL_769; generic-play-smoke:played,聚合状态取该卡最差机制；普通烟测只证明可执行，不能单独构成 GREEN。,ordinary_collectible,SPELL,yes,fireplace/cards/dalaran/warrior.py:95,"[x]Deal $1 damage to a minion. If it survives, add a Lackey to your hand."
17.6.0.53261,Rise of Shadows (DALARAN),DAL_770,Omega Devastator,欧米茄毁灭者,Battlecry|Targeting,YELLOW,implemented,partial,2 个机制缺少充分的核心效果验证；逐机制依据见 card_mechanism.csv。,card_mechanism.csv#DAL_770; generic-play-smoke:played,聚合状态取该卡最差机制；普通烟测只证明可执行，不能单独构成 GREEN。,ordinary_collectible,MINION,yes,fireplace/cards/dalaran/warrior.py:42,"[x]Battlecry: If you have 10 Mana Crystals, deal 10 damage to a minion."
17.6.0.53261,Rise of Shadows (DALARAN),DAL_771,Soldier of Fortune,散财军士,Trigger,YELLOW,implemented,partial,1 个机制缺少充分的核心效果验证；逐机制依据见 card_mechanism.csv。,card_mechanism.csv#DAL_771; generic-play-smoke:played,聚合状态取该卡最差机制；普通烟测只证明可执行，不能单独构成 GREEN。,ordinary_collectible,MINION,yes,fireplace/cards/dalaran/neutral_common.py:142,"Whenever this minion attacks, give your opponent a Coin."
17.6.0.53261,Rise of Shadows (DALARAN),DAL_773,Magic Carpet,魔法飞毯,Trigger,YELLOW,implemented,partial,1 个机制缺少充分的核心效果验证；逐机制依据见 card_mechanism.csv。,card_mechanism.csv#DAL_773; generic-play-smoke:played,聚合状态取该卡最差机制；普通烟测只证明可执行，不能单独构成 GREEN。,ordinary_collectible,MINION,yes,fireplace/cards/dalaran/neutral_epic.py:62,"After you play a 1-Cost minion, give it +1 Attack and Rush."
17.6.0.53261,Rise of Shadows (DALARAN),DAL_774,Exotic Mountseller,特殊坐骑商人,Random effects|Summon|Trigger,YELLOW,implemented,partial,3 个机制缺少充分的核心效果验证；逐机制依据见 card_mechanism.csv。,card_mechanism.csv#DAL_774; generic-play-smoke:played,聚合状态取该卡最差机制；普通烟测只证明可执行，不能单独构成 GREEN。,ordinary_collectible,MINION,yes,fireplace/cards/dalaran/neutral_rare.py:86,"Whenever you cast a spell, summon a random 3-Cost Beast."
17.6.0.53261,Rise of Shadows (DALARAN),DAL_775,Tunnel Blaster,坑道爆破师,Deathrattle|Taunt,YELLOW,implemented,partial,2 个机制缺少充分的核心效果验证；逐机制依据见 card_mechanism.csv。,card_mechanism.csv#DAL_775; generic-play-smoke:played,聚合状态取该卡最差机制；普通烟测只证明可执行，不能单独构成 GREEN。,ordinary_collectible,MINION,yes,fireplace/cards/dalaran/neutral_rare.py:93,[x]Taunt Deathrattle: Deal 3 damage to all minions.
17.6.0.53261,Rise of Shadows (DALARAN),DAL_799,Crystal Stag,晶角雄鹿,Battlecry|Rush|Summon,YELLOW,implemented,partial,3 个机制缺少充分的核心效果验证；逐机制依据见 card_mechanism.csv。,card_mechanism.csv#DAL_799; generic-play-smoke:played,聚合状态取该卡最差机制；普通烟测只证明可执行，不能单独构成 GREEN。,ordinary_collectible,MINION,yes,fireplace/cards/dalaran/druid.py:49,"Rush. Battlecry: If you've restored 5 Health this game, summon a copy of this.@ ({0} left!)@ (Ready!)"
17.6.0.53261,Rise of Shadows (DALARAN),DAL_800,"Zayle, Shadow Cloak",泽尔，暗影斗篷,Deck construction,YELLOW,implemented,partial,1 个机制缺少充分的核心效果验证；逐机制依据见 card_mechanism.csv。,card_mechanism.csv#DAL_800; generic-play-smoke:played,聚合状态取该卡最差机制；普通烟测只证明可执行，不能单独构成 GREEN。,ordinary_collectible,MINION,yes,,You start the game with one of Zayle's EVIL Decks!
17.6.0.53261,Saviors of Uldum (ULDUM),ULD_003,Zephrys the Great,了不起的杰弗里斯,Battlecry,YELLOW,implemented,partial,1 个机制缺少充分的核心效果验证；逐机制依据见 card_mechanism.csv。,card_mechanism.csv#ULD_003; generic-play-smoke:played,聚合状态取该卡最差机制；普通烟测只证明可执行，不能单独构成 GREEN。,ordinary_collectible,MINION,yes,fireplace/cards/uldum/zephrys_the_great.py:4,"Battlecry: If your deck has no duplicates, wish for the perfect card."
17.6.0.53261,Saviors of Uldum (ULDUM),ULD_131,Untapped Potential,发掘潜力,Quest|Spell resolution|Summon,YELLOW,implemented,partial,3 个机制缺少充分的核心效果验证；逐机制依据见 card_mechanism.csv。,card_mechanism.csv#ULD_131; generic-play-smoke:played,聚合状态取该卡最差机制；普通烟测只证明可执行，不能单独构成 GREEN。,ordinary_collectible,SPELL,yes,fireplace/cards/uldum/druid.py:66,[x]Quest: End 4 turns with any unspent Mana. Reward: Ossirian Tear.
17.6.0.53261,Saviors of Uldum (ULDUM),ULD_133,Crystal Merchant,水晶商人,Draw / Discard|Trigger,YELLOW,implemented,partial,2 个机制缺少充分的核心效果验证；逐机制依据见 card_mechanism.csv。,card_mechanism.csv#ULD_133; generic-play-smoke:played,聚合状态取该卡最差机制；普通烟测只证明可执行，不能单独构成 GREEN。,ordinary_collectible,MINION,yes,fireplace/cards/uldum/druid.py:8,"If you have any unspent Mana at the end of your turn, draw a card."
17.6.0.53261,Saviors of Uldum (ULDUM),ULD_134,BEEEES!!!,蜂群来袭,Spell resolution|Summon|Targeting,YELLOW,implemented,partial,3 个机制缺少充分的核心效果验证；逐机制依据见 card_mechanism.csv。,card_mechanism.csv#ULD_134; generic-play-smoke:played,聚合状态取该卡最差机制；普通烟测只证明可执行，不能单独构成 GREEN。,ordinary_collectible,SPELL,yes,fireplace/cards/uldum/druid.py:83,[x]Choose a minion. Summon four 1/1 Bees that attack it.
17.6.0.53261,Saviors of Uldum (ULDUM),ULD_135,Hidden Oasis,隐秘绿洲,Choose One|Spell resolution|Summon|Targeting,YELLOW,implemented,partial,4 个机制缺少充分的核心效果验证；逐机制依据见 card_mechanism.csv。,card_mechanism.csv#ULD_135; generic-play-smoke:played,聚合状态取该卡最差机制；普通烟测只证明可执行，不能单独构成 GREEN。,ordinary_collectible,SPELL,yes,fireplace/cards/uldum/druid.py:98,Choose One - Summon a 6/6 Ancient with Taunt; or Restore #12 Health.
17.6.0.53261,Saviors of Uldum (ULDUM),ULD_136,Worthy Expedition,不虚此行,Choose One|Discover / Choice|Random effects|Spell resolution,YELLOW,implemented,partial,4 个机制缺少充分的核心效果验证；逐机制依据见 card_mechanism.csv。,card_mechanism.csv#ULD_136; generic-play-smoke:played,聚合状态取该卡最差机制；普通烟测只证明可执行，不能单独构成 GREEN。,ordinary_collectible,SPELL,yes,fireplace/cards/uldum/druid.py:123,Discover a Choose One card.
17.6.0.53261,Saviors of Uldum (ULDUM),ULD_137,Garden Gnome,园艺侏儒,Battlecry|Summon,YELLOW,implemented,partial,2 个机制缺少充分的核心效果验证；逐机制依据见 card_mechanism.csv。,card_mechanism.csv#ULD_137; generic-play-smoke:played,聚合状态取该卡最差机制；普通烟测只证明可执行，不能单独构成 GREEN。,ordinary_collectible,MINION,yes,fireplace/cards/uldum/druid.py:15,"[x]Battlecry: If you're holding a spell that costs (5) or more, summon two 2/2 Treants."
17.6.0.53261,Saviors of Uldum (ULDUM),ULD_138,Anubisath Defender,阿努比萨斯防御者,Taunt|Trigger,YELLOW,implemented,partial,2 个机制缺少充分的核心效果验证；逐机制依据见 card_mechanism.csv。,card_mechanism.csv#ULD_138; generic-play-smoke:played,聚合状态取该卡最差机制；普通烟测只证明可执行，不能单独构成 GREEN。,ordinary_collectible,MINION,yes,fireplace/cards/uldum/druid.py:24,Taunt. Costs (0) if you've cast a spell that costs (5) or more this turn.
17.6.0.53261,Saviors of Uldum (ULDUM),ULD_139,Elise the Enlightened,启迪者伊莉斯,Battlecry,YELLOW,implemented,partial,1 个机制缺少充分的核心效果验证；逐机制依据见 card_mechanism.csv。,card_mechanism.csv#ULD_139; generic-play-smoke:played,聚合状态取该卡最差机制；普通烟测只证明可执行，不能单独构成 GREEN。,ordinary_collectible,MINION,yes,fireplace/cards/uldum/druid.py:32,"Battlecry: If your deck has no duplicates, duplicate your hand."
17.6.0.53261,Saviors of Uldum (ULDUM),ULD_140,Supreme Archaeology,最最伟大的考古学,Draw / Discard|Quest|Spell resolution|Summon,YELLOW,implemented,partial,4 个机制缺少充分的核心效果验证；逐机制依据见 card_mechanism.csv。,card_mechanism.csv#ULD_140; generic-play-smoke:played,聚合状态取该卡最差机制；普通烟测只证明可执行，不能单独构成 GREEN。,ordinary_collectible,SPELL,yes,fireplace/cards/uldum/warlock.py:85,Quest: Draw 20 cards. Reward: Tome of Origination.
17.6.0.53261,Saviors of Uldum (ULDUM),ULD_143,Pharaoh's Blessing,法老祝福,Spell resolution|Targeting,YELLOW,implemented,partial,2 个机制缺少充分的核心效果验证；逐机制依据见 card_mechanism.csv。,card_mechanism.csv#ULD_143; generic-play-smoke:played,聚合状态取该卡最差机制；普通烟测只证明可执行，不能单独构成 GREEN。,ordinary_collectible,SPELL,yes,fireplace/cards/uldum/paladin.py:56,"Give a minion +4/+4, Divine Shield, and Taunt."
17.6.0.53261,Saviors of Uldum (ULDUM),ULD_145,Brazen Zealot,英勇狂热者,Summon|Trigger,YELLOW,implemented,partial,2 个机制缺少充分的核心效果验证；逐机制依据见 card_mechanism.csv。,card_mechanism.csv#ULD_145; generic-play-smoke:played,聚合状态取该卡最差机制；普通烟测只证明可执行，不能单独构成 GREEN。,ordinary_collectible,MINION,yes,fireplace/cards/uldum/paladin.py:8,"Whenever you summon a minion, gain +1 Attack."
17.6.0.53261,Saviors of Uldum (ULDUM),ULD_151,Ramkahen Wildtamer,拉穆卡恒驯兽师,Battlecry|Random effects,YELLOW,implemented,partial,2 个机制缺少充分的核心效果验证；逐机制依据见 card_mechanism.csv。,card_mechanism.csv#ULD_151; generic-play-smoke:played,聚合状态取该卡最差机制；普通烟测只证明可执行，不能单独构成 GREEN。,ordinary_collectible,MINION,yes,fireplace/cards/uldum/hunter.py:8,Battlecry: Copy a random Beast in your hand.
17.6.0.53261,Saviors of Uldum (ULDUM),ULD_152,Pressure Plate,压感陷阱,Random effects|Secret|Spell resolution|Trigger,YELLOW,implemented,partial,4 个机制缺少充分的核心效果验证；逐机制依据见 card_mechanism.csv。,card_mechanism.csv#ULD_152; generic-play-smoke:played,聚合状态取该卡最差机制；普通烟测只证明可执行，不能单独构成 GREEN。,ordinary_collectible,SPELL,yes,fireplace/cards/uldum/hunter.py:54,"Secret: After your opponent casts a spell, destroy a random enemy minion."
17.6.0.53261,Saviors of Uldum (ULDUM),ULD_154,Hyena Alpha,土狼头领,Battlecry|Summon,YELLOW,implemented,partial,2 个机制缺少充分的核心效果验证；逐机制依据见 card_mechanism.csv。,card_mechanism.csv#ULD_154; generic-play-smoke:played,聚合状态取该卡最差机制；普通烟测只证明可执行，不能单独构成 GREEN。,ordinary_collectible,MINION,yes,fireplace/cards/uldum/hunter.py:15,"[x]Battlecry: If you control a Secret, summon two 2/2 Hyenas."
17.6.0.53261,Saviors of Uldum (ULDUM),ULD_155,Unseal the Vault,打开宝库,Quest|Spell resolution|Summon,YELLOW,implemented,partial,3 个机制缺少充分的核心效果验证；逐机制依据见 card_mechanism.csv。,card_mechanism.csv#ULD_155; generic-play-smoke:played,聚合状态取该卡最差机制；普通烟测只证明可执行，不能单独构成 GREEN。,ordinary_collectible,SPELL,yes,fireplace/cards/uldum/hunter.py:61,Quest: Summon 20 minions. Reward: Pharaoh's Warmask.
17.6.0.53261,Saviors of Uldum (ULDUM),ULD_156,Dinotamer Brann,恐龙大师布莱恩,Battlecry|Summon,YELLOW,implemented,partial,2 个机制缺少充分的核心效果验证；逐机制依据见 card_mechanism.csv。,card_mechanism.csv#ULD_156; generic-play-smoke:played,聚合状态取该卡最差机制；普通烟测只证明可执行，不能单独构成 GREEN。,ordinary_collectible,MINION,yes,fireplace/cards/uldum/hunter.py:23,"Battlecry: If your deck has no duplicates, summon King Krush."
17.6.0.53261,Saviors of Uldum (ULDUM),ULD_157,Questing Explorer,奋进的探险者,Battlecry|Draw / Discard,YELLOW,implemented,partial,2 个机制缺少充分的核心效果验证；逐机制依据见 card_mechanism.csv。,card_mechanism.csv#ULD_157; generic-play-smoke:played,聚合状态取该卡最差机制；普通烟测只证明可执行，不能单独构成 GREEN。,ordinary_collectible,MINION,yes,fireplace/cards/uldum/neutral_rare.py:8,"Battlecry: If you control a Quest, draw a card."
17.6.0.53261,Saviors of Uldum (ULDUM),ULD_158,Sandstorm Elemental,沙暴元素,Battlecry|Overload,YELLOW,implemented,partial,1 个机制缺少充分的核心效果验证；逐机制依据见 card_mechanism.csv。,card_mechanism.csv#ULD_158; generic-play-smoke:played; effect-evidence: reports/card_quality_full_2026-09-27/overload_reproductions.csv#ULD_158,聚合状态取该卡最差机制；普通烟测只证明可执行，不能单独构成 GREEN。,ordinary_collectible,MINION,yes,fireplace/cards/uldum/shaman.py:8,Battlecry: Deal 1 damage to all enemy minions. Overload: (1)
17.6.0.53261,Saviors of Uldum (ULDUM),ULD_160,Sinister Deal,邪恶交易,Discover / Choice|Random effects|Spell resolution,YELLOW,implemented,partial,3 个机制缺少充分的核心效果验证；逐机制依据见 card_mechanism.csv。,card_mechanism.csv#ULD_160; generic-play-smoke:played,聚合状态取该卡最差机制；普通烟测只证明可执行，不能单独构成 GREEN。,ordinary_collectible,SPELL,yes,fireplace/cards/uldum/warlock.py:106,Discover a Lackey.
17.6.0.53261,Saviors of Uldum (ULDUM),ULD_161,Neferset Thrasher,尼斐塞特鞭笞者,Trigger,YELLOW,implemented,partial,1 个机制缺少充分的核心效果验证；逐机制依据见 card_mechanism.csv。,card_mechanism.csv#ULD_161; generic-play-smoke:played,聚合状态取该卡最差机制；普通烟测只证明可执行，不能单独构成 GREEN。,ordinary_collectible,MINION,yes,fireplace/cards/uldum/warlock.py:8,"Whenever this attacks, deal 3 damage to your hero."
17.6.0.53261,Saviors of Uldum (ULDUM),ULD_162,EVIL Recruiter,怪盗征募官,Battlecry|Summon|Targeting,YELLOW,implemented,partial,3 个机制缺少充分的核心效果验证；逐机制依据见 card_mechanism.csv。,card_mechanism.csv#ULD_162; generic-play-smoke:played,聚合状态取该卡最差机制；普通烟测只证明可执行，不能单独构成 GREEN。,ordinary_collectible,MINION,yes,fireplace/cards/uldum/warlock.py:15,Battlecry: Destroy a friendly Lackey to summon a 5/5 Demon.
17.6.0.53261,Saviors of Uldum (ULDUM),ULD_163,Expired Merchant,过期货物专卖商,Battlecry|Deathrattle|Draw / Discard|Targeting,YELLOW,implemented,partial,3 个机制缺少充分的核心效果验证；逐机制依据见 card_mechanism.csv。,"card_mechanism.csv#ULD_163; generic-play-smoke:played; effect-evidence: fireplace/cards/CardDefs.xml#ULD_163; fireplace/cards/uldum/warlock.py:28; tests/test_carddb.py:49:test_deathrattle_scripts; smoke:death_processed_no_active_actions:pass_no_active_actions; delta={""friendly_field"":{""before"":[""ULD_163""],""after"":[]},""friendly_graveyard"":{""before"":[],""after"":[""ULD_163""]}}; prereq:pass;assertions={""battlecry_discarded_highest_cost"":true,""discard_attached_deathrattle"":true,""merchant_processed_death"":true,""two_discarded_copies_returned"":true};observations={""discarded_card_zone"":""Zone.REMOVEDFROMGAME"",""merchant_zone_before_death"":""Zone.PLAY"",""merchant_buffs"":[""ULD_163e""],""deathrattle_action_count"":1,""merchant_zone_after_death"":""Zone.GRAVEYARD"",""returned_fireball_count"":2,""",聚合状态取该卡最差机制；普通烟测只证明可执行，不能单独构成 GREEN。,ordinary_collectible,MINION,yes,fireplace/cards/uldum/warlock.py:28,[x]Battlecry: Discard your highest Cost card. Deathrattle: Add 2 copies of it to your hand.
17.6.0.53261,Saviors of Uldum (ULDUM),ULD_165,Riftcleaver,裂隙屠夫,Battlecry|Targeting,YELLOW,implemented,partial,2 个机制缺少充分的核心效果验证；逐机制依据见 card_mechanism.csv。,card_mechanism.csv#ULD_165; generic-play-smoke:played,聚合状态取该卡最差机制；普通烟测只证明可执行，不能单独构成 GREEN。,ordinary_collectible,MINION,yes,fireplace/cards/uldum/warlock.py:43,Battlecry: Destroy a minion. Your hero takes damage equal to its Health.
17.6.0.53261,Saviors of Uldum (ULDUM),ULD_167,Diseased Vulture,染病的兀鹫,Random effects|Summon|Trigger,YELLOW,implemented,partial,3 个机制缺少充分的核心效果验证；逐机制依据见 card_mechanism.csv。,card_mechanism.csv#ULD_167; generic-play-smoke:played,聚合状态取该卡最差机制；普通烟测只证明可执行，不能单独构成 GREEN。,ordinary_collectible,MINION,yes,fireplace/cards/uldum/warlock.py:54,"After your hero takes damage on your turn, summon a random 3-Cost minion."
17.6.0.53261,Saviors of Uldum (ULDUM),ULD_168,Dark Pharaoh Tekahn,黑暗法老塔卡恒,Battlecry,YELLOW,implemented,partial,1 个机制缺少充分的核心效果验证；逐机制依据见 card_mechanism.csv。,card_mechanism.csv#ULD_168; generic-play-smoke:played,聚合状态取该卡最差机制；普通烟测只证明可执行，不能单独构成 GREEN。,ordinary_collectible,MINION,yes,fireplace/cards/uldum/warlock.py:63,"Battlecry: For the rest of the game, your Lackeys are 4/4."
17.6.0.53261,Saviors of Uldum (ULDUM),ULD_169,Mogu Fleshshaper,魔古血肉塑造者,Cost modification|Rush,YELLOW,implemented,partial,2 个机制缺少充分的核心效果验证；逐机制依据见 card_mechanism.csv。,card_mechanism.csv#ULD_169; generic-play-smoke:played,聚合状态取该卡最差机制；普通烟测只证明可执行，不能单独构成 GREEN。,ordinary_collectible,MINION,yes,fireplace/cards/uldum/shaman.py:15,[x]Rush. Costs (1) less for each minion on the battlefield.
17.6.0.53261,Saviors of Uldum (ULDUM),ULD_170,Weaponized Wasp,武装胡蜂,Battlecry|Targeting,YELLOW,implemented,partial,2 个机制缺少充分的核心效果验证；逐机制依据见 card_mechanism.csv。,card_mechanism.csv#ULD_170; generic-play-smoke:played,聚合状态取该卡最差机制；普通烟测只证明可执行，不能单独构成 GREEN。,ordinary_collectible,MINION,yes,fireplace/cards/uldum/shaman.py:22,"Battlecry: If you control a Lackey, deal 3 damage."
17.6.0.53261,Saviors of Uldum (ULDUM),ULD_171,Totemic Surge,图腾潮涌,Spell resolution,YELLOW,implemented,partial,1 个机制缺少充分的核心效果验证；逐机制依据见 card_mechanism.csv。,card_mechanism.csv#ULD_171; generic-play-smoke:played,聚合状态取该卡最差机制；普通烟测只证明可执行，不能单独构成 GREEN。,ordinary_collectible,SPELL,yes,fireplace/cards/uldum/shaman.py:50,Give your Totems +2 Attack.
17.6.0.53261,Saviors of Uldum (ULDUM),ULD_172,Plague of Murlocs,鱼人之灾祸,Random effects|Spell resolution|Transform,YELLOW,implemented,partial,3 个机制缺少充分的核心效果验证；逐机制依据见 card_mechanism.csv。,card_mechanism.csv#ULD_172; generic-play-smoke:played,聚合状态取该卡最差机制；普通烟测只证明可执行，不能单独构成 GREEN。,ordinary_collectible,SPELL,yes,fireplace/cards/uldum/shaman.py:60,Transform all minions into random Murlocs.
17.6.0.53261,Saviors of Uldum (ULDUM),ULD_173,Vessina,维西纳,Aura|Continuous effect / Update,YELLOW,implemented,partial,2 个机制缺少充分的核心效果验证；逐机制依据见 card_mechanism.csv。,card_mechanism.csv#ULD_173; generic-play-smoke:played,聚合状态取该卡最差机制；普通烟测只证明可执行，不能单独构成 GREEN。,ordinary_collectible,MINION,yes,fireplace/cards/uldum/shaman.py:32,"While you're Overloaded, your other minions have +2 Attack."
17.6.0.53261,Saviors of Uldum (ULDUM),ULD_174,Serpent Egg,海蛇蛋,Deathrattle|Summon,YELLOW,implemented,partial,2 个机制缺少充分的核心效果验证；逐机制依据见 card_mechanism.csv。,card_mechanism.csv#ULD_174; generic-play-smoke:played,聚合状态取该卡最差机制；普通烟测只证明可执行，不能单独构成 GREEN。,ordinary_collectible,MINION,yes,fireplace/cards/uldum/neutral_common.py:8,Deathrattle: Summon a 3/4 Sea Serpent.
17.6.0.53261,Saviors of Uldum (ULDUM),ULD_177,Octosari,八爪巨怪,Deathrattle|Draw / Discard,YELLOW,implemented,partial,2 个机制缺少充分的核心效果验证；逐机制依据见 card_mechanism.csv。,card_mechanism.csv#ULD_177; generic-play-smoke:played,聚合状态取该卡最差机制；普通烟测只证明可执行，不能单独构成 GREEN。,ordinary_collectible,MINION,yes,fireplace/cards/uldum/neutral_legendary.py:8,Deathrattle: Draw 8 cards.
17.6.0.53261,Saviors of Uldum (ULDUM),ULD_178,Siamat,希亚玛特,Battlecry,YELLOW,implemented,partial,1 个机制缺少充分的核心效果验证；逐机制依据见 card_mechanism.csv。,card_mechanism.csv#ULD_178; generic-play-smoke:played,聚合状态取该卡最差机制；普通烟测只证明可执行，不能单独构成 GREEN。,ordinary_collectible,MINION,yes,fireplace/cards/uldum/neutral_legendary.py:15,"[x]Battlecry: Gain 2 of Rush, Taunt, Divine Shield, or Windfury (your choice)."
17.6.0.53261,Saviors of Uldum (ULDUM),ULD_179,Phalanx Commander,方阵指挥官,Aura|Continuous effect / Update,YELLOW,implemented,partial,2 个机制缺少充分的核心效果验证；逐机制依据见 card_mechanism.csv。,card_mechanism.csv#ULD_179; generic-play-smoke:played,聚合状态取该卡最差机制；普通烟测只证明可执行，不能单独构成 GREEN。,ordinary_collectible,MINION,yes,fireplace/cards/uldum/neutral_common.py:15,Your Taunt minions have +2 Attack.
17.6.0.53261,Saviors of Uldum (ULDUM),ULD_180,Sunstruck Henchman,中暑的匪徒,Trigger,YELLOW,implemented,partial,1 个机制缺少充分的核心效果验证；逐机制依据见 card_mechanism.csv。,card_mechanism.csv#ULD_180; generic-play-smoke:played,聚合状态取该卡最差机制；普通烟测只证明可执行，不能单独构成 GREEN。,ordinary_collectible,MINION,yes,fireplace/cards/uldum/neutral_rare.py:15,"At the start of your turn, this has a 50% chance to fall asleep."
17.6.0.53261,Saviors of Uldum (ULDUM),ULD_181,Earthquake,地震术,Spell resolution,YELLOW,implemented,partial,1 个机制缺少充分的核心效果验证；逐机制依据见 card_mechanism.csv。,card_mechanism.csv#ULD_181; generic-play-smoke:played,聚合状态取该卡最差机制；普通烟测只证明可执行，不能单独构成 GREEN。,ordinary_collectible,SPELL,yes,fireplace/cards/uldum/shaman.py:67,"Deal $5 damage to all minions, then deal $2 damage to all minions."
17.6.0.53261,Saviors of Uldum (ULDUM),ULD_182,Spitting Camel,乱喷的骆驼,Random effects|Trigger,YELLOW,implemented,partial,2 个机制缺少充分的核心效果验证；逐机制依据见 card_mechanism.csv。,card_mechanism.csv#ULD_182; generic-play-smoke:played,聚合状态取该卡最差机制；普通烟测只证明可执行，不能单独构成 GREEN。,ordinary_collectible,MINION,yes,fireplace/cards/uldum/neutral_common.py:22,"[x]At the end of your turn,   deal 1 damage to another   random friendly minion."
17.6.0.53261,Saviors of Uldum (ULDUM),ULD_183,Anubisath Warbringer,阿努比萨斯战争使者,Deathrattle,YELLOW,implemented,partial,1 个机制缺少充分的核心效果验证；逐机制依据见 card_mechanism.csv。,card_mechanism.csv#ULD_183; generic-play-smoke:played,聚合状态取该卡最差机制；普通烟测只证明可执行，不能单独构成 GREEN。,ordinary_collectible,MINION,yes,fireplace/cards/uldum/neutral_common.py:29,Deathrattle: Give all minions in your hand +3/+3.
17.6.0.53261,Saviors of Uldum (ULDUM),ULD_184,Kobold Sandtrooper,狗头人沙漠步兵,Deathrattle,YELLOW,implemented,partial,1 个机制缺少充分的核心效果验证；逐机制依据见 card_mechanism.csv。,card_mechanism.csv#ULD_184; generic-play-smoke:played,聚合状态取该卡最差机制；普通烟测只证明可执行，不能单独构成 GREEN。,ordinary_collectible,MINION,yes,fireplace/cards/uldum/neutral_common.py:39,Deathrattle: Deal 3 damage to the enemy hero.
17.6.0.53261,Saviors of Uldum (ULDUM),ULD_185,Temple Berserker,神殿狂战士,Reborn,YELLOW,implemented,partial,1 个机制缺少充分的核心效果验证；逐机制依据见 card_mechanism.csv。,card_mechanism.csv#ULD_185; generic-play-smoke:played,聚合状态取该卡最差机制；普通烟测只证明可执行，不能单独构成 GREEN。,ordinary_collectible,MINION,yes,fireplace/cards/uldum/neutral_common.py:46,Reborn Has +2 Attack while damaged.
17.6.0.53261,Saviors of Uldum (ULDUM),ULD_186,Pharaoh Cat,法老御猫,Battlecry|Random effects,YELLOW,implemented,partial,2 个机制缺少充分的核心效果验证；逐机制依据见 card_mechanism.csv。,card_mechanism.csv#ULD_186; generic-play-smoke:played,聚合状态取该卡最差机制；普通烟测只证明可执行，不能单独构成 GREEN。,ordinary_collectible,MINION,yes,fireplace/cards/uldum/rogue.py:8,Battlecry: Add a random Reborn minion to your hand.
17.6.0.53261,Saviors of Uldum (ULDUM),ULD_188,Golden Scarab,金甲虫,Battlecry|Discover / Choice|Random effects,YELLOW,implemented,partial,3 个机制缺少充分的核心效果验证；逐机制依据见 card_mechanism.csv。,card_mechanism.csv#ULD_188; generic-play-smoke:played,聚合状态取该卡最差机制；普通烟测只证明可执行，不能单独构成 GREEN。,ordinary_collectible,MINION,yes,fireplace/cards/uldum/neutral_common.py:56,Battlecry: Discover a 4-Cost card.
17.6.0.53261,Saviors of Uldum (ULDUM),ULD_189,Faceless Lurker,无面潜伏者,Battlecry|Taunt,YELLOW,implemented,partial,2 个机制缺少充分的核心效果验证；逐机制依据见 card_mechanism.csv。,card_mechanism.csv#ULD_189; generic-play-smoke:played,聚合状态取该卡最差机制；普通烟测只证明可执行，不能单独构成 GREEN。,ordinary_collectible,MINION,yes,fireplace/cards/uldum/neutral_common.py:63,Taunt Battlecry: Double this minion's Health.
17.6.0.53261,Saviors of Uldum (ULDUM),ULD_190,Pit Crocolisk,深坑鳄鱼,Battlecry|Targeting,YELLOW,implemented,partial,2 个机制缺少充分的核心效果验证；逐机制依据见 card_mechanism.csv。,card_mechanism.csv#ULD_190; generic-play-smoke:played,聚合状态取该卡最差机制；普通烟测只证明可执行，不能单独构成 GREEN。,ordinary_collectible,MINION,yes,fireplace/cards/uldum/neutral_common.py:77,Battlecry: Deal 5 damage.
17.6.0.53261,Saviors of Uldum (ULDUM),ULD_191,Beaming Sidekick,欢快的同伴,Battlecry|Targeting,YELLOW,implemented,partial,2 个机制缺少充分的核心效果验证；逐机制依据见 card_mechanism.csv。,card_mechanism.csv#ULD_191; generic-play-smoke:played,聚合状态取该卡最差机制；普通烟测只证明可执行，不能单独构成 GREEN。,ordinary_collectible,MINION,yes,fireplace/cards/uldum/neutral_common.py:87,Battlecry: Give a friendly minion +2 Health.
17.6.0.53261,Saviors of Uldum (ULDUM),ULD_193,Living Monument,活化纪念碑,Taunt,YELLOW,implemented,partial,1 个机制缺少充分的核心效果验证；逐机制依据见 card_mechanism.csv。,card_mechanism.csv#ULD_193; generic-play-smoke:played,聚合状态取该卡最差机制；普通烟测只证明可执行，不能单独构成 GREEN。,ordinary_collectible,MINION,yes,,Taunt
17.6.0.53261,Saviors of Uldum (ULDUM),ULD_194,Wasteland Scorpid,废土巨蝎,Poisonous,YELLOW,implemented,partial,1 个机制缺少充分的核心效果验证；逐机制依据见 card_mechanism.csv。,card_mechanism.csv#ULD_194; generic-play-smoke:played,聚合状态取该卡最差机制；普通烟测只证明可执行，不能单独构成 GREEN。,ordinary_collectible,MINION,yes,,Poisonous
17.6.0.53261,Saviors of Uldum (ULDUM),ULD_195,Frightened Flunky,惊恐的仆从,Battlecry|Discover / Choice|Random effects|Taunt,YELLOW,implemented,partial,4 个机制缺少充分的核心效果验证；逐机制依据见 card_mechanism.csv。,card_mechanism.csv#ULD_195; generic-play-smoke:played,聚合状态取该卡最差机制；普通烟测只证明可执行，不能单独构成 GREEN。,ordinary_collectible,MINION,yes,fireplace/cards/uldum/warrior.py:8,Taunt Battlecry: Discover a Taunt minion.
17.6.0.53261,Saviors of Uldum (ULDUM),ULD_196,Neferset Ritualist,尼斐塞特仪祭师,Battlecry,YELLOW,implemented,partial,1 个机制缺少充分的核心效果验证；逐机制依据见 card_mechanism.csv。,card_mechanism.csv#ULD_196; generic-play-smoke:played,聚合状态取该卡最差机制；普通烟测只证明可执行，不能单独构成 GREEN。,ordinary_collectible,MINION,yes,fireplace/cards/uldum/neutral_rare.py:24,Battlecry: Restore adjacent minions to full Health.
17.6.0.53261,Saviors of Uldum (ULDUM),ULD_197,Quicksand Elemental,流沙元素,Battlecry,YELLOW,implemented,partial,1 个机制缺少充分的核心效果验证；逐机制依据见 card_mechanism.csv。,card_mechanism.csv#ULD_197; generic-play-smoke:played,聚合状态取该卡最差机制；普通烟测只证明可执行，不能单独构成 GREEN。,ordinary_collectible,MINION,yes,fireplace/cards/uldum/neutral_rare.py:31,Battlecry: Give all enemy minions -2 Attack this turn.
17.6.0.53261,Saviors of Uldum (ULDUM),ULD_198,Conjured Mirage,魔法幻象,Taunt|Trigger,YELLOW,implemented,partial,2 个机制缺少充分的核心效果验证；逐机制依据见 card_mechanism.csv。,card_mechanism.csv#ULD_198; generic-play-smoke:played,聚合状态取该卡最差机制；普通烟测只证明可执行，不能单独构成 GREEN。,ordinary_collectible,MINION,yes,fireplace/cards/uldum/neutral_rare.py:41,"Taunt At the start of your turn, shuffle this minion into your deck."
17.6.0.53261,Saviors of Uldum (ULDUM),ULD_206,Restless Mummy,焦躁的木乃伊,Reborn|Rush,YELLOW,implemented,partial,2 个机制缺少充分的核心效果验证；逐机制依据见 card_mechanism.csv。,card_mechanism.csv#ULD_206; generic-play-smoke:played,聚合状态取该卡最差机制；普通烟测只证明可执行，不能单独构成 GREEN。,ordinary_collectible,MINION,yes,,Rush Reborn
17.6.0.53261,Saviors of Uldum (ULDUM),ULD_207,Ancestral Guardian,先祖守护者,Lifesteal|Reborn,YELLOW,implemented,partial,2 个机制缺少充分的核心效果验证；逐机制依据见 card_mechanism.csv。,card_mechanism.csv#ULD_207; generic-play-smoke:played,聚合状态取该卡最差机制；普通烟测只证明可执行，不能单独构成 GREEN。,ordinary_collectible,MINION,yes,,Lifesteal Reborn
17.6.0.53261,Saviors of Uldum (ULDUM),ULD_208,Khartut Defender,卡塔图防御者,Deathrattle|Reborn|Taunt,YELLOW,implemented,partial,3 个机制缺少充分的核心效果验证；逐机制依据见 card_mechanism.csv。,card_mechanism.csv#ULD_208; generic-play-smoke:played,聚合状态取该卡最差机制；普通烟测只证明可执行，不能单独构成 GREEN。,ordinary_collectible,MINION,yes,fireplace/cards/uldum/neutral_rare.py:48,"[x]Taunt, Reborn Deathrattle: Restore #3 Health to your hero."
17.6.0.53261,Saviors of Uldum (ULDUM),ULD_209,Vulpera Scoundrel,狐人恶棍,Battlecry|Discover / Choice|Random effects|Targeting,YELLOW,implemented,partial,4 个机制缺少充分的核心效果验证；逐机制依据见 card_mechanism.csv。,card_mechanism.csv#ULD_209; generic-play-smoke:played,聚合状态取该卡最差机制；普通烟测只证明可执行，不能单独构成 GREEN。,ordinary_collectible,MINION,yes,fireplace/cards/uldum/neutral_epic.py:8,Battlecry: Discover a spell or pick a mystery choice.
17.6.0.53261,Saviors of Uldum (ULDUM),ULD_212,Wild Bloodstinger,刺血狂蝎,Battlecry|Summon,YELLOW,implemented,partial,2 个机制缺少充分的核心效果验证；逐机制依据见 card_mechanism.csv。,card_mechanism.csv#ULD_212; generic-play-smoke:played,聚合状态取该卡最差机制；普通烟测只证明可执行，不能单独构成 GREEN。,ordinary_collectible,MINION,yes,fireplace/cards/uldum/hunter.py:31,Battlecry: Summon a minion from your opponent's hand. Attack it.
17.6.0.53261,Saviors of Uldum (ULDUM),ULD_214,Generous Mummy,慷慨的木乃伊,Aura|Continuous effect / Update|Cost modification|Reborn,YELLOW,implemented,partial,4 个机制缺少充分的核心效果验证；逐机制依据见 card_mechanism.csv。,card_mechanism.csv#ULD_214; generic-play-smoke:played,聚合状态取该卡最差机制；普通烟测只证明可执行，不能单独构成 GREEN。,ordinary_collectible,MINION,yes,fireplace/cards/uldum/neutral_rare.py:55,Reborn Your opponent's cards cost (1) less.
17.6.0.53261,Saviors of Uldum (ULDUM),ULD_215,Wrapped Golem,被缚的魔像,Reborn|Summon|Trigger,YELLOW,implemented,partial,3 个机制缺少充分的核心效果验证；逐机制依据见 card_mechanism.csv。,card_mechanism.csv#ULD_215; generic-play-smoke:played,聚合状态取该卡最差机制；普通烟测只证明可执行，不能单独构成 GREEN。,ordinary_collectible,MINION,yes,fireplace/cards/uldum/neutral_rare.py:62,"[x]Reborn At the end of your turn, summon a 1/1 Scarab with Taunt."
17.6.0.53261,Saviors of Uldum (ULDUM),ULD_216,Puzzle Box of Yogg-Saron,尤格-萨隆的谜之匣,Random effects|Spell resolution,YELLOW,implemented,partial,2 个机制缺少充分的核心效果验证；逐机制依据见 card_mechanism.csv。,card_mechanism.csv#ULD_216; generic-play-smoke:played,聚合状态取该卡最差机制；普通烟测只证明可执行，不能单独构成 GREEN。,ordinary_collectible,SPELL,yes,fireplace/cards/uldum/mage.py:69,Cast 10 random spells (targets chosen randomly).
17.6.0.53261,Saviors of Uldum (ULDUM),ULD_217,Micro Mummy,微型木乃伊,Random effects|Reborn|Trigger,YELLOW,implemented,partial,3 个机制缺少充分的核心效果验证；逐机制依据见 card_mechanism.csv。,card_mechanism.csv#ULD_217; generic-play-smoke:played,聚合状态取该卡最差机制；普通烟测只证明可执行，不能单独构成 GREEN。,ordinary_collectible,MINION,yes,fireplace/cards/uldum/paladin.py:18,"[x]Reborn At the end of your turn, give another random friendly minion +1 Attack."
17.6.0.53261,Saviors of Uldum (ULDUM),ULD_229,Mischief Maker,捣蛋鬼,Battlecry,YELLOW,implemented,partial,1 个机制缺少充分的核心效果验证；逐机制依据见 card_mechanism.csv。,card_mechanism.csv#ULD_229; generic-play-smoke:played,聚合状态取该卡最差机制；普通烟测只证明可执行，不能单独构成 GREEN。,ordinary_collectible,MINION,yes,fireplace/cards/uldum/neutral_epic.py:29,Battlecry: Swap the top card of your deck with your opponent's.
17.6.0.53261,Saviors of Uldum (ULDUM),ULD_231,Whirlkick Master,连环腿大师,Random effects|Trigger,YELLOW,implemented,partial,2 个机制缺少充分的核心效果验证；逐机制依据见 card_mechanism.csv。,card_mechanism.csv#ULD_231; generic-play-smoke:played,聚合状态取该卡最差机制；普通烟测只证明可执行，不能单独构成 GREEN。,ordinary_collectible,MINION,yes,fireplace/cards/uldum/rogue.py:15,"Whenever you play a Combo card, add a random Combo card to your hand."
17.6.0.53261,Saviors of Uldum (ULDUM),ULD_236,Tortollan Pilgrim,始祖龟朝圣者,Battlecry|Discover / Choice|Random effects,YELLOW,implemented,partial,3 个机制缺少充分的核心效果验证；逐机制依据见 card_mechanism.csv。,card_mechanism.csv#ULD_236; generic-play-smoke:played,聚合状态取该卡最差机制；普通烟测只证明可执行，不能单独构成 GREEN。,ordinary_collectible,MINION,yes,fireplace/cards/uldum/mage.py:8,[x]Battlecry: Discover a copy of a spell in your deck and cast it with random targets.
17.6.0.53261,Saviors of Uldum (ULDUM),ULD_238,Reno the Relicologist,考古专家雷诺,Battlecry|Random effects,YELLOW,implemented,partial,2 个机制缺少充分的核心效果验证；逐机制依据见 card_mechanism.csv。,card_mechanism.csv#ULD_238; generic-play-smoke:played,聚合状态取该卡最差机制；普通烟测只证明可执行，不能单独构成 GREEN。,ordinary_collectible,MINION,yes,fireplace/cards/uldum/mage.py:18,"Battlecry: If your deck has no duplicates, deal 10 damage randomly split among all enemy minions."
17.6.0.53261,Saviors of Uldum (ULDUM),ULD_239,Flame Ward,火焰结界,Secret|Spell resolution|Trigger,YELLOW,implemented,partial,3 个机制缺少充分的核心效果验证；逐机制依据见 card_mechanism.csv。,card_mechanism.csv#ULD_239; generic-play-smoke:played,聚合状态取该卡最差机制；普通烟测只证明可执行，不能单独构成 GREEN。,ordinary_collectible,SPELL,yes,fireplace/cards/uldum/mage.py:76,"Secret: After a minion attacks your hero, deal $3 damage to all enemy minions."
17.6.0.53261,Saviors of Uldum (ULDUM),ULD_240,Arcane Flakmage,对空奥术法师,Trigger,YELLOW,implemented,partial,1 个机制缺少充分的核心效果验证；逐机制依据见 card_mechanism.csv。,card_mechanism.csv#ULD_240; generic-play-smoke:played,聚合状态取该卡最差机制；普通烟测只证明可执行，不能单独构成 GREEN。,ordinary_collectible,MINION,yes,fireplace/cards/uldum/mage.py:27,"After you play a Secret, deal 2 damage to all enemy minions."
17.6.0.53261,Saviors of Uldum (ULDUM),ULD_250,Infested Goblin,招虫的地精,Deathrattle|Taunt,YELLOW,implemented,partial,2 个机制缺少充分的核心效果验证；逐机制依据见 card_mechanism.csv。,card_mechanism.csv#ULD_250; generic-play-smoke:played,聚合状态取该卡最差机制；普通烟测只证明可执行，不能单独构成 GREEN。,ordinary_collectible,MINION,yes,fireplace/cards/uldum/neutral_rare.py:69,Taunt Deathrattle: Add two 1/1 Scarabs with Taunt to your hand.
17.6.0.53261,Saviors of Uldum (ULDUM),ULD_253,Tomb Warden,陵墓守望者,Battlecry|Summon|Taunt,YELLOW,implemented,partial,3 个机制缺少充分的核心效果验证；逐机制依据见 card_mechanism.csv。,card_mechanism.csv#ULD_253; generic-play-smoke:played,聚合状态取该卡最差机制；普通烟测只证明可执行，不能单独构成 GREEN。,ordinary_collectible,MINION,yes,fireplace/cards/uldum/warrior.py:15,Taunt Battlecry: Summon a copy of this minion.
17.6.0.53261,Saviors of Uldum (ULDUM),ULD_256,Into the Fray,投入战斗,Spell resolution,YELLOW,implemented,partial,1 个机制缺少充分的核心效果验证；逐机制依据见 card_mechanism.csv。,card_mechanism.csv#ULD_256; generic-play-smoke:played,聚合状态取该卡最差机制；普通烟测只证明可执行，不能单独构成 GREEN。,ordinary_collectible,SPELL,yes,fireplace/cards/uldum/warrior.py:57,Give all Taunt minions in your hand +2/+2.
17.6.0.53261,Saviors of Uldum (ULDUM),ULD_258,Armagedillo,硕铠鼠,Taunt|Trigger,YELLOW,implemented,partial,2 个机制缺少充分的核心效果验证；逐机制依据见 card_mechanism.csv。,card_mechanism.csv#ULD_258; generic-play-smoke:played,聚合状态取该卡最差机制；普通烟测只证明可执行，不能单独构成 GREEN。,ordinary_collectible,MINION,yes,fireplace/cards/uldum/warrior.py:22,"[x]Taunt At the end of your turn, give all Taunt minions in your hand +2/+2."
17.6.0.53261,Saviors of Uldum (ULDUM),ULD_262,High Priest Amet,高阶祭司阿门特,Summon|Trigger,YELLOW,implemented,partial,2 个机制缺少充分的核心效果验证；逐机制依据见 card_mechanism.csv。,card_mechanism.csv#ULD_262; generic-play-smoke:played,聚合状态取该卡最差机制；普通烟测只证明可执行，不能单独构成 GREEN。,ordinary_collectible,MINION,yes,fireplace/cards/uldum/priest.py:8,"[x]Whenever you summon a minion, set its Health equal to this minion's."
17.6.0.53261,Saviors of Uldum (ULDUM),ULD_265,Embalming Ritual,防腐仪式,Spell resolution|Targeting,YELLOW,implemented,partial,2 个机制缺少充分的核心效果验证；逐机制依据见 card_mechanism.csv。,card_mechanism.csv#ULD_265; generic-play-smoke:played,聚合状态取该卡最差机制；普通烟测只证明可执行，不能单独构成 GREEN。,ordinary_collectible,SPELL,yes,fireplace/cards/uldum/priest.py:63,Give a minion Reborn.
17.6.0.53261,Saviors of Uldum (ULDUM),ULD_268,Psychopomp,接引冥神,Battlecry|Random effects|Summon,YELLOW,implemented,partial,3 个机制缺少充分的核心效果验证；逐机制依据见 card_mechanism.csv。,card_mechanism.csv#ULD_268; generic-play-smoke:played,聚合状态取该卡最差机制；普通烟测只证明可执行，不能单独构成 GREEN。,ordinary_collectible,MINION,yes,fireplace/cards/uldum/priest.py:29,[x]Battlecry: Summon a random friendly minion that died this game. Give it Reborn.
17.6.0.53261,Saviors of Uldum (ULDUM),ULD_269,Wretched Reclaimer,卑劣的回收者,Battlecry|Summon|Targeting,YELLOW,implemented,partial,3 个机制缺少充分的核心效果验证；逐机制依据见 card_mechanism.csv。,card_mechanism.csv#ULD_269; generic-play-smoke:played,聚合状态取该卡最差机制；普通烟测只证明可执行，不能单独构成 GREEN。,ordinary_collectible,MINION,yes,fireplace/cards/uldum/priest.py:39,"[x]Battlecry: Destroy a friendly minion, then return it to life with full Health."
17.6.0.53261,Saviors of Uldum (ULDUM),ULD_270,Sandhoof Waterbearer,沙蹄搬水工,Trigger,YELLOW,implemented,partial,1 个机制缺少充分的核心效果验证；逐机制依据见 card_mechanism.csv。,card_mechanism.csv#ULD_270; generic-play-smoke:played,聚合状态取该卡最差机制；普通烟测只证明可执行，不能单独构成 GREEN。,ordinary_collectible,MINION,yes,fireplace/cards/uldum/priest.py:52,"At the end of your turn, restore #5 Health to a damaged friendly character."
17.6.0.53261,Saviors of Uldum (ULDUM),ULD_271,Injured Tol'vir,受伤的托维尔人,Battlecry|Taunt,YELLOW,implemented,partial,2 个机制缺少充分的核心效果验证；逐机制依据见 card_mechanism.csv。,card_mechanism.csv#ULD_271; generic-play-smoke:played,聚合状态取该卡最差机制；普通烟测只证明可执行，不能单独构成 GREEN。,ordinary_collectible,MINION,yes,fireplace/cards/uldum/neutral_common.py:102,Taunt Battlecry: Deal 3 damage to this minion.
17.6.0.53261,Saviors of Uldum (ULDUM),ULD_272,Holy Ripple,神圣涟漪,Spell resolution,YELLOW,implemented,partial,1 个机制缺少充分的核心效果验证；逐机制依据见 card_mechanism.csv。,card_mechanism.csv#ULD_272; generic-play-smoke:played,聚合状态取该卡最差机制；普通烟测只证明可执行，不能单独构成 GREEN。,ordinary_collectible,SPELL,yes,fireplace/cards/uldum/priest.py:74,Deal $1 damage to all enemies. Restore #1 Health to all friendly characters.
17.6.0.53261,Saviors of Uldum (ULDUM),ULD_273,Overflow,溢流,Draw / Discard|Spell resolution,YELLOW,implemented,partial,2 个机制缺少充分的核心效果验证；逐机制依据见 card_mechanism.csv。,card_mechanism.csv#ULD_273; generic-play-smoke:played,聚合状态取该卡最差机制；普通烟测只证明可执行，不能单独构成 GREEN。,ordinary_collectible,SPELL,yes,fireplace/cards/uldum/druid.py:130,Restore #5 Health to all characters. Draw 5 cards.
17.6.0.53261,Saviors of Uldum (ULDUM),ULD_274,Wasteland Assassin,废土刺客,Reborn|Stealth,YELLOW,implemented,partial,2 个机制缺少充分的核心效果验证；逐机制依据见 card_mechanism.csv。,card_mechanism.csv#ULD_274; generic-play-smoke:played,聚合状态取该卡最差机制；普通烟测只证明可执行，不能单独构成 GREEN。,ordinary_collectible,MINION,yes,,Stealth Reborn
17.6.0.53261,Saviors of Uldum (ULDUM),ULD_275,Bone Wraith,白骨怨灵,Reborn|Taunt,YELLOW,implemented,partial,2 个机制缺少充分的核心效果验证；逐机制依据见 card_mechanism.csv。,card_mechanism.csv#ULD_275; generic-play-smoke:played,聚合状态取该卡最差机制；普通烟测只证明可执行，不能单独构成 GREEN。,ordinary_collectible,MINION,yes,,Taunt Reborn
17.6.0.53261,Saviors of Uldum (ULDUM),ULD_276,EVIL Totem,怪盗图腾,Random effects|Trigger,YELLOW,implemented,partial,2 个机制缺少充分的核心效果验证；逐机制依据见 card_mechanism.csv。,card_mechanism.csv#ULD_276; generic-play-smoke:played,聚合状态取该卡最差机制；普通烟测只证明可执行，不能单独构成 GREEN。,ordinary_collectible,MINION,yes,fireplace/cards/uldum/shaman.py:39,"At the end of your turn, add a Lackey to your hand."
17.6.0.53261,Saviors of Uldum (ULDUM),ULD_280,Sahket Sapper,沙赫柯特工兵,Deathrattle|Random effects,YELLOW,implemented,partial,2 个机制缺少充分的核心效果验证；逐机制依据见 card_mechanism.csv。,card_mechanism.csv#ULD_280; generic-play-smoke:played,聚合状态取该卡最差机制；普通烟测只证明可执行，不能单独构成 GREEN。,ordinary_collectible,MINION,yes,fireplace/cards/uldum/rogue.py:22,Deathrattle: Return a  random enemy minion to  your opponent's hand.
17.6.0.53261,Saviors of Uldum (ULDUM),ULD_282,Jar Dealer,陶罐商人,Deathrattle|Random effects,YELLOW,implemented,partial,2 个机制缺少充分的核心效果验证；逐机制依据见 card_mechanism.csv。,card_mechanism.csv#ULD_282; generic-play-smoke:played,聚合状态取该卡最差机制；普通烟测只证明可执行，不能单独构成 GREEN。,ordinary_collectible,MINION,yes,fireplace/cards/uldum/neutral_common.py:109,[x]Deathrattle: Add a random 1-Cost minion to your hand.
17.6.0.53261,Saviors of Uldum (ULDUM),ULD_285,Hooked Scimitar,钩镰弯刀,Combo|Weapon,YELLOW,implemented,partial,2 个机制缺少充分的核心效果验证；逐机制依据见 card_mechanism.csv。,card_mechanism.csv#ULD_285; generic-play-smoke:played,聚合状态取该卡最差机制；普通烟测只证明可执行，不能单独构成 GREEN。,ordinary_collectible,WEAPON,yes,fireplace/cards/uldum/rogue.py:108,[x]Combo: Gain +2 Attack.
17.6.0.53261,Saviors of Uldum (ULDUM),ULD_286,Shadow of Death,死亡之影,Spell resolution|Summon|Targeting|Trigger,YELLOW,implemented,partial,4 个机制缺少充分的核心效果验证；逐机制依据见 card_mechanism.csv。,card_mechanism.csv#ULD_286; generic-play-smoke:played,聚合状态取该卡最差机制；普通烟测只证明可执行，不能单独构成 GREEN。,ordinary_collectible,SPELL,yes,fireplace/cards/uldum/rogue.py:53,Choose a minion. Shuffle 3 'Shadows' into your deck that summon a copy when drawn.
17.6.0.53261,Saviors of Uldum (ULDUM),ULD_288,"Anka, the Buried",被埋葬的安卡,Battlecry,YELLOW,implemented,partial,1 个机制缺少充分的核心效果验证；逐机制依据见 card_mechanism.csv。,card_mechanism.csv#ULD_288; generic-play-smoke:played,聚合状态取该卡最差机制；普通烟测只证明可执行，不能单独构成 GREEN。,ordinary_collectible,MINION,yes,fireplace/cards/uldum/rogue.py:29,Battlecry: Change each Deathrattle minion in your hand into a 1/1 that costs (1).
17.6.0.53261,Saviors of Uldum (ULDUM),ULD_289,Fishflinger,鱼人投手,Battlecry|Random effects,YELLOW,implemented,partial,2 个机制缺少充分的核心效果验证；逐机制依据见 card_mechanism.csv。,card_mechanism.csv#ULD_289; generic-play-smoke:played,聚合状态取该卡最差机制；普通烟测只证明可执行，不能单独构成 GREEN。,ordinary_collectible,MINION,yes,fireplace/cards/uldum/neutral_common.py:116,Battlecry: Add a random Murloc to each player's hand.
17.6.0.53261,Saviors of Uldum (ULDUM),ULD_290,History Buff,历史爱好者,Random effects|Trigger,YELLOW,implemented,partial,2 个机制缺少充分的核心效果验证；逐机制依据见 card_mechanism.csv。,card_mechanism.csv#ULD_290; generic-play-smoke:played,聚合状态取该卡最差机制；普通烟测只证明可执行，不能单独构成 GREEN。,ordinary_collectible,MINION,yes,fireplace/cards/uldum/neutral_epic.py:36,"Whenever you play a minion, give a random minion in your hand +1/+1."
17.6.0.53261,Saviors of Uldum (ULDUM),ULD_291,Corrupt the Waters,腐化水源,Battlecry|Quest|Spell resolution|Summon,YELLOW,implemented,partial,4 个机制缺少充分的核心效果验证；逐机制依据见 card_mechanism.csv。,card_mechanism.csv#ULD_291; generic-play-smoke:played,聚合状态取该卡最差机制；普通烟测只证明可执行，不能单独构成 GREEN。,ordinary_collectible,SPELL,yes,fireplace/cards/uldum/shaman.py:74,[x]Quest: Play 6 Battlecry cards. Reward: Heart of Vir'naal.
17.6.0.53261,Saviors of Uldum (ULDUM),ULD_292,Oasis Surger,绿洲涌动者,Choose One|Rush|Summon,YELLOW,implemented,partial,3 个机制缺少充分的核心效果验证；逐机制依据见 card_mechanism.csv。,card_mechanism.csv#ULD_292; generic-play-smoke:played,聚合状态取该卡最差机制；普通烟测只证明可执行，不能单独构成 GREEN。,ordinary_collectible,MINION,yes,fireplace/cards/uldum/druid.py:40,Rush Choose One - Gain +2/+2; or Summon a copy of this minion.
17.6.0.53261,Saviors of Uldum (ULDUM),ULD_293,Cloud Prince,云雾王子,Battlecry|Targeting,YELLOW,implemented,partial,2 个机制缺少充分的核心效果验证；逐机制依据见 card_mechanism.csv。,card_mechanism.csv#ULD_293; generic-play-smoke:played,聚合状态取该卡最差机制；普通烟测只证明可执行，不能单独构成 GREEN。,ordinary_collectible,MINION,yes,fireplace/cards/uldum/mage.py:34,"Battlecry: If you control a Secret, deal 6 damage."
17.6.0.53261,Saviors of Uldum (ULDUM),ULD_304,King Phaoris,法奥瑞斯国王,Battlecry|Random effects|Summon,YELLOW,implemented,partial,3 个机制缺少充分的核心效果验证；逐机制依据见 card_mechanism.csv。,card_mechanism.csv#ULD_304; generic-play-smoke:played,聚合状态取该卡最差机制；普通烟测只证明可执行，不能单独构成 GREEN。,ordinary_collectible,MINION,yes,fireplace/cards/uldum/neutral_legendary.py:71,"[x]Battlecry: For each spell in your hand, summon a random minion of the same Cost."
17.6.0.53261,Saviors of Uldum (ULDUM),ULD_309,Dwarven Archaeologist,矮人考古学家,Discover / Choice|Trigger,YELLOW,implemented,partial,2 个机制缺少充分的核心效果验证；逐机制依据见 card_mechanism.csv。,card_mechanism.csv#ULD_309; generic-play-smoke:played,聚合状态取该卡最差机制；普通烟测只证明可执行，不能单独构成 GREEN。,ordinary_collectible,MINION,yes,fireplace/cards/uldum/neutral_epic.py:48,"After you Discover a card, reduce its cost by (1)."
17.6.0.53261,Saviors of Uldum (ULDUM),ULD_324,Impbalming,小鬼油膏,Spell resolution|Targeting,YELLOW,implemented,partial,2 个机制缺少充分的核心效果验证；逐机制依据见 card_mechanism.csv。,card_mechanism.csv#ULD_324; generic-play-smoke:played,聚合状态取该卡最差机制；普通烟测只证明可执行，不能单独构成 GREEN。,ordinary_collectible,SPELL,yes,fireplace/cards/uldum/warlock.py:113,Destroy a minion. Shuffle 3 Worthless Imps into your deck.
17.6.0.53261,Saviors of Uldum (ULDUM),ULD_326,Bazaar Burglary,劫掠集市,Quest|Spell resolution|Summon,YELLOW,implemented,partial,3 个机制缺少充分的核心效果验证；逐机制依据见 card_mechanism.csv。,card_mechanism.csv#ULD_326; generic-play-smoke:played,聚合状态取该卡最差机制；普通烟测只证明可执行，不能单独构成 GREEN。,ordinary_collectible,SPELL,yes,fireplace/cards/uldum/rogue.py:69,[x]Quest: Add 4 cards from other classes to your hand. Reward: Ancient Blades.
17.6.0.53261,Saviors of Uldum (ULDUM),ULD_327,Bazaar Mugger,集市恶痞,Battlecry|Random effects|Rush,YELLOW,implemented,partial,3 个机制缺少充分的核心效果验证；逐机制依据见 card_mechanism.csv。,card_mechanism.csv#ULD_327; generic-play-smoke:played,聚合状态取该卡最差机制；普通烟测只证明可执行，不能单独构成 GREEN。,ordinary_collectible,MINION,yes,fireplace/cards/uldum/rogue.py:42,Rush Battlecry: Add a random minion from another class to your hand.
17.6.0.53261,Saviors of Uldum (ULDUM),ULD_328,Clever Disguise,聪明的伪装,Random effects|Spell resolution,YELLOW,implemented,partial,2 个机制缺少充分的核心效果验证；逐机制依据见 card_mechanism.csv。,card_mechanism.csv#ULD_328; generic-play-smoke:played,聚合状态取该卡最差机制；普通烟测只证明可执行，不能单独构成 GREEN。,ordinary_collectible,SPELL,yes,fireplace/cards/uldum/rogue.py:90,Add 2 random spells from another class to your hand.
17.6.0.53261,Saviors of Uldum (ULDUM),ULD_329,Dune Sculptor,沙丘塑形师,Random effects|Trigger,YELLOW,implemented,partial,2 个机制缺少充分的核心效果验证；逐机制依据见 card_mechanism.csv。,card_mechanism.csv#ULD_329; generic-play-smoke:played,聚合状态取该卡最差机制；普通烟测只证明可执行，不能单独构成 GREEN。,ordinary_collectible,MINION,yes,fireplace/cards/uldum/mage.py:44,"[x]After you cast a spell, add a random Mage minion to your hand."
17.6.0.53261,Saviors of Uldum (ULDUM),ULD_410,Scarlet Webweaver,猩红织网蛛,Battlecry|Cost modification|Random effects,YELLOW,implemented,partial,3 个机制缺少充分的核心效果验证；逐机制依据见 card_mechanism.csv。,card_mechanism.csv#ULD_410; generic-play-smoke:played,聚合状态取该卡最差机制；普通烟测只证明可执行，不能单独构成 GREEN。,ordinary_collectible,MINION,yes,fireplace/cards/uldum/hunter.py:38,Battlecry: Reduce the Cost of a random Beast in your hand by (5).
17.6.0.53261,Saviors of Uldum (ULDUM),ULD_413,Splitting Axe,分裂战斧,Battlecry|Summon|Weapon,YELLOW,implemented,partial,3 个机制缺少充分的核心效果验证；逐机制依据见 card_mechanism.csv。,card_mechanism.csv#ULD_413; generic-play-smoke:played,聚合状态取该卡最差机制；普通烟测只证明可执行，不能单独构成 GREEN。,ordinary_collectible,WEAPON,yes,fireplace/cards/uldum/shaman.py:98,Battlecry: Summon copies of your Totems.
17.6.0.53261,Saviors of Uldum (ULDUM),ULD_429,Hunter's Pack,猎人工具包,Random effects|Spell resolution,YELLOW,implemented,partial,2 个机制缺少充分的核心效果验证；逐机制依据见 card_mechanism.csv。,card_mechanism.csv#ULD_429; generic-play-smoke:played,聚合状态取该卡最差机制；普通烟测只证明可执行，不能单独构成 GREEN。,ordinary_collectible,SPELL,yes,fireplace/cards/uldum/hunter.py:80,"Add a random Hunter Beast, Secret, and weapon to your hand."
17.6.0.53261,Saviors of Uldum (ULDUM),ULD_430,Desert Spear,沙漠之矛,Summon|Trigger|Weapon,YELLOW,implemented,partial,3 个机制缺少充分的核心效果验证；逐机制依据见 card_mechanism.csv。,card_mechanism.csv#ULD_430; generic-play-smoke:played,聚合状态取该卡最差机制；普通烟测只证明可执行，不能单独构成 GREEN。,ordinary_collectible,WEAPON,yes,fireplace/cards/uldum/hunter.py:105,"After your hero attacks, summon a 1/1 Locust with Rush."
17.6.0.53261,Saviors of Uldum (ULDUM),ULD_431,Making Mummies,制作木乃伊,Quest|Spell resolution|Summon,YELLOW,implemented,partial,3 个机制缺少充分的核心效果验证；逐机制依据见 card_mechanism.csv。,card_mechanism.csv#ULD_431; generic-play-smoke:played,聚合状态取该卡最差机制；普通烟测只证明可执行，不能单独构成 GREEN。,ordinary_collectible,SPELL,yes,fireplace/cards/uldum/paladin.py:70,[x]Quest: Play 5 Reborn minions. Reward: Emperor Wraps.
17.6.0.53261,Saviors of Uldum (ULDUM),ULD_433,Raid the Sky Temple,洗劫天空殿,Quest|Spell resolution|Summon,YELLOW,implemented,partial,3 个机制缺少充分的核心效果验证；逐机制依据见 card_mechanism.csv。,card_mechanism.csv#ULD_433; generic-play-smoke:played,聚合状态取该卡最差机制；普通烟测只证明可执行，不能单独构成 GREEN。,ordinary_collectible,SPELL,yes,fireplace/cards/uldum/mage.py:83,Quest: Cast 10 spells. Reward: Ascendant Scroll.
17.6.0.53261,Saviors of Uldum (ULDUM),ULD_435,Naga Sand Witch,纳迦沙漠女巫,Battlecry,YELLOW,implemented,partial,1 个机制缺少充分的核心效果验证；逐机制依据见 card_mechanism.csv。,card_mechanism.csv#ULD_435; generic-play-smoke:played,聚合状态取该卡最差机制；普通烟测只证明可执行，不能单独构成 GREEN。,ordinary_collectible,MINION,yes,fireplace/cards/uldum/mage.py:53,[x]Battlecry: Change the Cost of spells in your hand to (5).
17.6.0.53261,Saviors of Uldum (ULDUM),ULD_438,Salhet's Pride,萨赫特的傲狮,Deathrattle|Draw / Discard,YELLOW,implemented,partial,2 个机制缺少充分的核心效果验证；逐机制依据见 card_mechanism.csv。,card_mechanism.csv#ULD_438; generic-play-smoke:played,聚合状态取该卡最差机制；普通烟测只证明可执行，不能单独构成 GREEN。,ordinary_collectible,MINION,yes,fireplace/cards/uldum/paladin.py:29,Deathrattle: Draw two 1-Health minions from your deck.
17.6.0.53261,Saviors of Uldum (ULDUM),ULD_439,Sandwasp Queen,沙漠蜂后,Battlecry,YELLOW,implemented,partial,1 个机制缺少充分的核心效果验证；逐机制依据见 card_mechanism.csv。,card_mechanism.csv#ULD_439; generic-play-smoke:played,聚合状态取该卡最差机制；普通烟测只证明可执行，不能单独构成 GREEN。,ordinary_collectible,MINION,yes,fireplace/cards/uldum/paladin.py:36,Battlecry: Add two 2/1 Sandwasps to your hand.
17.6.0.53261,Saviors of Uldum (ULDUM),ULD_450,Vilefiend,邪犬,Lifesteal,YELLOW,implemented,partial,1 个机制缺少充分的核心效果验证；逐机制依据见 card_mechanism.csv。,card_mechanism.csv#ULD_450; generic-play-smoke:played,聚合状态取该卡最差机制；普通烟测只证明可执行，不能单独构成 GREEN。,ordinary_collectible,MINION,yes,,Lifesteal
17.6.0.53261,Saviors of Uldum (ULDUM),ULD_500,Sir Finley of the Sands,沙漠爵士芬利,Battlecry|Discover / Choice|Random effects,YELLOW,implemented,partial,3 个机制缺少充分的核心效果验证；逐机制依据见 card_mechanism.csv。,card_mechanism.csv#ULD_500; generic-play-smoke:played,聚合状态取该卡最差机制；普通烟测只证明可执行，不能单独构成 GREEN。,ordinary_collectible,MINION,yes,fireplace/cards/uldum/paladin.py:43,"[x]Battlecry: If your deck has no duplicates, Discover an upgraded Hero Power."
17.6.0.53261,Saviors of Uldum (ULDUM),ULD_702,Mortuary Machine,机械法医,Trigger,YELLOW,implemented,partial,1 个机制缺少充分的核心效果验证；逐机制依据见 card_mechanism.csv。,card_mechanism.csv#ULD_702; generic-play-smoke:played,聚合状态取该卡最差机制；普通烟测只证明可执行，不能单独构成 GREEN。,ordinary_collectible,MINION,yes,fireplace/cards/uldum/neutral_epic.py:62,"After your opponent plays a minion, give it Reborn."
17.6.0.53261,Saviors of Uldum (ULDUM),ULD_703,Desert Obelisk,沙漠方尖碑,Random effects|Trigger,YELLOW,implemented,partial,2 个机制缺少充分的核心效果验证；逐机制依据见 card_mechanism.csv。,card_mechanism.csv#ULD_703; generic-play-smoke:played,聚合状态取该卡最差机制；普通烟测只证明可执行，不能单独构成 GREEN。,ordinary_collectible,MINION,yes,fireplace/cards/uldum/neutral_epic.py:69,"[x]If you control 3 of these at the end of your turn, deal 5 damage to a random enemy."
17.6.0.53261,Saviors of Uldum (ULDUM),ULD_705,Mogu Cultist,魔古信徒,Battlecry|Summon,YELLOW,implemented,partial,2 个机制缺少充分的核心效果验证；逐机制依据见 card_mechanism.csv。,card_mechanism.csv#ULD_705; generic-play-smoke:played,聚合状态取该卡最差机制；普通烟测只证明可执行，不能单独构成 GREEN。,ordinary_collectible,MINION,yes,fireplace/cards/uldum/neutral_epic.py:79,"Battlecry: If your board is full of Mogu Cultists, sacrifice them all and summon Highkeeper Ra."
17.6.0.53261,Saviors of Uldum (ULDUM),ULD_706,Blatant Decoy,显眼的诱饵,Deathrattle|Summon,YELLOW,implemented,partial,2 个机制缺少充分的核心效果验证；逐机制依据见 card_mechanism.csv。,card_mechanism.csv#ULD_706; generic-play-smoke:played,聚合状态取该卡最差机制；普通烟测只证明可执行，不能单独构成 GREEN。,ordinary_collectible,MINION,yes,fireplace/cards/uldum/neutral_epic.py:94,[x]Deathrattle: Each player summons the lowest Cost minion from their hand.
17.6.0.53261,Saviors of Uldum (ULDUM),ULD_707,Plague of Wrath,愤怒之灾祸,Spell resolution,YELLOW,implemented,partial,1 个机制缺少充分的核心效果验证；逐机制依据见 card_mechanism.csv。,card_mechanism.csv#ULD_707; generic-play-smoke:played,聚合状态取该卡最差机制；普通烟测只证明可执行，不能单独构成 GREEN。,ordinary_collectible,SPELL,yes,fireplace/cards/uldum/warrior.py:67,Destroy all damaged minions.
17.6.0.53261,Saviors of Uldum (ULDUM),ULD_708,Livewire Lance,电缆长枪,Random effects|Trigger|Weapon,YELLOW,implemented,partial,3 个机制缺少充分的核心效果验证；逐机制依据见 card_mechanism.csv。,card_mechanism.csv#ULD_708; generic-play-smoke:played,聚合状态取该卡最差机制；普通烟测只证明可执行，不能单独构成 GREEN。,ordinary_collectible,WEAPON,yes,fireplace/cards/uldum/warrior.py:98,"After your Hero attacks, add a Lackey to your hand."
17.6.0.53261,Saviors of Uldum (ULDUM),ULD_709,Armored Goon,重甲暴徒,Trigger,YELLOW,implemented,partial,1 个机制缺少充分的核心效果验证；逐机制依据见 card_mechanism.csv。,card_mechanism.csv#ULD_709; generic-play-smoke:played,聚合状态取该卡最差机制；普通烟测只证明可执行，不能单独构成 GREEN。,ordinary_collectible,MINION,yes,fireplace/cards/uldum/warrior.py:33,"Whenever your hero attacks, gain 5 Armor."
17.6.0.53261,Saviors of Uldum (ULDUM),ULD_711,Hack the System,侵入系统,Quest|Spell resolution|Summon,YELLOW,implemented,partial,3 个机制缺少充分的核心效果验证；逐机制依据见 card_mechanism.csv。,card_mechanism.csv#ULD_711; generic-play-smoke:played,聚合状态取该卡最差机制；普通烟测只证明可执行，不能单独构成 GREEN。,ordinary_collectible,SPELL,yes,fireplace/cards/uldum/warrior.py:74,[x]Quest: Attack 5 times with your hero. Reward: Anraphet's Core.
17.6.0.53261,Saviors of Uldum (ULDUM),ULD_712,Bug Collector,昆虫收藏家,Battlecry|Summon,YELLOW,implemented,partial,2 个机制缺少充分的核心效果验证；逐机制依据见 card_mechanism.csv。,card_mechanism.csv#ULD_712; generic-play-smoke:played,聚合状态取该卡最差机制；普通烟测只证明可执行，不能单独构成 GREEN。,ordinary_collectible,MINION,yes,fireplace/cards/uldum/neutral_common.py:123,Battlecry: Summon a 1/1 Locust with Rush.
17.6.0.53261,Saviors of Uldum (ULDUM),ULD_713,Swarm of Locusts,飞蝗虫群,Spell resolution|Summon,YELLOW,implemented,partial,2 个机制缺少充分的核心效果验证；逐机制依据见 card_mechanism.csv。,card_mechanism.csv#ULD_713; generic-play-smoke:played,聚合状态取该卡最差机制；普通烟测只证明可执行，不能单独构成 GREEN。,ordinary_collectible,SPELL,yes,fireplace/cards/uldum/hunter.py:91,Summon seven 1/1 Locusts with Rush.
17.6.0.53261,Saviors of Uldum (ULDUM),ULD_714,Penance,苦修,Lifesteal|Spell resolution|Targeting,YELLOW,implemented,partial,3 个机制缺少充分的核心效果验证；逐机制依据见 card_mechanism.csv。,card_mechanism.csv#ULD_714; generic-play-smoke:played,聚合状态取该卡最差机制；普通烟测只证明可执行，不能单独构成 GREEN。,ordinary_collectible,SPELL,yes,fireplace/cards/uldum/priest.py:81,Lifesteal Deal $3 damage to a minion.
17.6.0.53261,Saviors of Uldum (ULDUM),ULD_715,Plague of Madness,疯狂之灾祸,Spell resolution|Summon,YELLOW,implemented,partial,2 个机制缺少充分的核心效果验证；逐机制依据见 card_mechanism.csv。,card_mechanism.csv#ULD_715; generic-play-smoke:played,聚合状态取该卡最差机制；普通烟测只证明可执行，不能单独构成 GREEN。,ordinary_collectible,SPELL,yes,fireplace/cards/uldum/rogue.py:97,Each player equips a 2/2 Knife with Poisonous.
17.6.0.53261,Saviors of Uldum (ULDUM),ULD_716,Tip the Scales,鱼人为王,Spell resolution|Summon,YELLOW,implemented,partial,2 个机制缺少充分的核心效果验证；逐机制依据见 card_mechanism.csv。,card_mechanism.csv#ULD_716; generic-play-smoke:played,聚合状态取该卡最差机制；普通烟测只证明可执行，不能单独构成 GREEN。,ordinary_collectible,SPELL,yes,fireplace/cards/uldum/paladin.py:97,Summon 7 Murlocs from your deck.
17.6.0.53261,Saviors of Uldum (ULDUM),ULD_717,Plague of Flames,火焰之灾祸,Random effects|Spell resolution,YELLOW,implemented,partial,2 个机制缺少充分的核心效果验证；逐机制依据见 card_mechanism.csv。,card_mechanism.csv#ULD_717; generic-play-smoke:played,聚合状态取该卡最差机制；普通烟测只证明可执行，不能单独构成 GREEN。,ordinary_collectible,SPELL,yes,fireplace/cards/uldum/warlock.py:124,"[x]Destroy all your minions. For each one, destroy a random enemy minion."
17.6.0.53261,Saviors of Uldum (ULDUM),ULD_718,Plague of Death,死亡之灾祸,Silence|Spell resolution,YELLOW,implemented,partial,2 个机制缺少充分的核心效果验证；逐机制依据见 card_mechanism.csv。,card_mechanism.csv#ULD_718; generic-play-smoke:played,聚合状态取该卡最差机制；普通烟测只证明可执行，不能单独构成 GREEN。,ordinary_collectible,SPELL,yes,fireplace/cards/uldum/priest.py:92,Silence and destroy all minions.
17.6.0.53261,Saviors of Uldum (ULDUM),ULD_719,Desert Hare,沙漠野兔,Battlecry|Summon,YELLOW,implemented,partial,2 个机制缺少充分的核心效果验证；逐机制依据见 card_mechanism.csv。,card_mechanism.csv#ULD_719; generic-play-smoke:played,聚合状态取该卡最差机制；普通烟测只证明可执行，不能单独构成 GREEN。,ordinary_collectible,MINION,yes,fireplace/cards/uldum/neutral_common.py:130,Battlecry: Summon two 1/1 Desert Hares.
17.6.0.53261,Saviors of Uldum (ULDUM),ULD_720,Bloodsworn Mercenary,血誓雇佣兵,Battlecry|Summon|Targeting,YELLOW,implemented,partial,3 个机制缺少充分的核心效果验证；逐机制依据见 card_mechanism.csv。,card_mechanism.csv#ULD_720; generic-play-smoke:played,聚合状态取该卡最差机制；普通烟测只证明可执行，不能单独构成 GREEN。,ordinary_collectible,MINION,yes,fireplace/cards/uldum/warrior.py:40,[x]Battlecry: Choose a damaged friendly minion. Summon a copy of it.
17.6.0.53261,Saviors of Uldum (ULDUM),ULD_721,Colossus of the Moon,月亮巨人守护者,Divine Shield|Reborn,YELLOW,implemented,partial,2 个机制缺少充分的核心效果验证；逐机制依据见 card_mechanism.csv。,card_mechanism.csv#ULD_721; generic-play-smoke:played,聚合状态取该卡最差机制；普通烟测只证明可执行，不能单独构成 GREEN。,ordinary_collectible,MINION,yes,,Divine Shield Reborn
17.6.0.53261,Saviors of Uldum (ULDUM),ULD_723,Murmy,鱼人木乃伊,Reborn,YELLOW,implemented,partial,1 个机制缺少充分的核心效果验证；逐机制依据见 card_mechanism.csv。,card_mechanism.csv#ULD_723; generic-play-smoke:played,聚合状态取该卡最差机制；普通烟测只证明可执行，不能单独构成 GREEN。,ordinary_collectible,MINION,yes,,Reborn
17.6.0.53261,Saviors of Uldum (ULDUM),ULD_724,Activate the Obelisk,激活方尖碑,Quest|Spell resolution|Summon|Targeting,YELLOW,implemented,partial,4 个机制缺少充分的核心效果验证；逐机制依据见 card_mechanism.csv。,card_mechanism.csv#ULD_724; generic-play-smoke:played,聚合状态取该卡最差机制；普通烟测只证明可执行，不能单独构成 GREEN。,ordinary_collectible,SPELL,yes,fireplace/cards/uldum/priest.py:99,Quest: Restore 15 Health. Reward: Obelisk's Eye.
17.6.0.53261,Saviors of Uldum (ULDUM),ULD_726,Ancient Mysteries,远古谜团,Draw / Discard|Spell resolution|Targeting,YELLOW,implemented,partial,3 个机制缺少充分的核心效果验证；逐机制依据见 card_mechanism.csv。,card_mechanism.csv#ULD_726; generic-play-smoke:played,聚合状态取该卡最差机制；普通烟测只证明可执行，不能单独构成 GREEN。,ordinary_collectible,SPELL,yes,fireplace/cards/uldum/mage.py:109,Draw a Secret from your deck. It costs (0).
17.6.0.53261,Saviors of Uldum (ULDUM),ULD_727,Body Wrapper,裹尸匠,Battlecry|Discover / Choice,YELLOW,implemented,partial,2 个机制缺少充分的核心效果验证；逐机制依据见 card_mechanism.csv。,card_mechanism.csv#ULD_727; generic-play-smoke:played,聚合状态取该卡最差机制；普通烟测只证明可执行，不能单独构成 GREEN。,ordinary_collectible,MINION,yes,fireplace/cards/uldum/neutral_epic.py:104,Battlecry: Discover a friendly minion that died this game. Shuffle it into your deck.
17.6.0.53261,Saviors of Uldum (ULDUM),ULD_728,Subdue,制伏,Spell resolution|Targeting,YELLOW,implemented,partial,2 个机制缺少充分的核心效果验证；逐机制依据见 card_mechanism.csv。,card_mechanism.csv#ULD_728; generic-play-smoke:played,聚合状态取该卡最差机制；普通烟测只证明可执行，不能单独构成 GREEN。,ordinary_collectible,SPELL,yes,fireplace/cards/uldum/paladin.py:107,Set a minion's Attack and Health to 1.
17.6.0.53261,Scholomance Academy (SCHOLOMANCE),SCH_199,Transfer Student,转校生,Trigger,YELLOW,implemented,partial,1 个机制缺少充分的核心效果验证；逐机制依据见 card_mechanism.csv。,card_mechanism.csv#SCH_199; generic-play-smoke:played,聚合状态取该卡最差机制；普通烟测只证明可执行，不能单独构成 GREEN。,ordinary_collectible,MINION,yes,fireplace/cards/scholomance/transfer_student.py:41,This has different effects based on which game board you're on.
17.6.0.53261,The Boomsday Project (BOOMSDAY),BOT_020,Skaterbot,滑板机器人,Magnetic|Rush,YELLOW,implemented,partial,2 个机制缺少充分的核心效果验证；逐机制依据见 card_mechanism.csv。,card_mechanism.csv#BOT_020; generic-play-smoke:played,聚合状态取该卡最差机制；普通烟测只证明可执行，不能单独构成 GREEN。,ordinary_collectible,MINION,yes,fireplace/cards/boomsday/neutral_common.py:8,Magnetic Rush
17.6.0.53261,The Boomsday Project (BOOMSDAY),BOT_021,Bronze Gatekeeper,青铜门卫,Magnetic|Taunt,YELLOW,implemented,partial,2 个机制缺少充分的核心效果验证；逐机制依据见 card_mechanism.csv。,card_mechanism.csv#BOT_021; generic-play-smoke:played,聚合状态取该卡最差机制；普通烟测只证明可执行，不能单独构成 GREEN。,ordinary_collectible,MINION,yes,fireplace/cards/boomsday/neutral_common.py:18,Magnetic Taunt
17.6.0.53261,The Boomsday Project (BOOMSDAY),BOT_031,Goblin Bomb,地精炸弹,Deathrattle,YELLOW,implemented,partial,1 个机制缺少充分的核心效果验证；逐机制依据见 card_mechanism.csv。,card_mechanism.csv#BOT_031; generic-play-smoke:played,聚合状态取该卡最差机制；普通烟测只证明可执行，不能单独构成 GREEN。,ordinary_collectible,MINION,yes,fireplace/cards/boomsday/neutral_common.py:28,[x]Deathrattle: Deal 2 damage to the enemy hero.
17.6.0.53261,The Boomsday Project (BOOMSDAY),BOT_033,Bomb Toss,投掷炸弹,Spell resolution|Summon|Targeting,YELLOW,implemented,partial,3 个机制缺少充分的核心效果验证；逐机制依据见 card_mechanism.csv。,card_mechanism.csv#BOT_033; generic-play-smoke:played,聚合状态取该卡最差机制；普通烟测只证明可执行，不能单独构成 GREEN。,ordinary_collectible,SPELL,yes,fireplace/cards/boomsday/hunter.py:66,Deal $2 damage. Summon a 0/2 Goblin Bomb.
17.6.0.53261,The Boomsday Project (BOOMSDAY),BOT_034,Boommaster Flark,爆破大师弗拉克,Battlecry|Summon,YELLOW,implemented,partial,2 个机制缺少充分的核心效果验证；逐机制依据见 card_mechanism.csv。,card_mechanism.csv#BOT_034; generic-play-smoke:played,聚合状态取该卡最差机制；普通烟测只证明可执行，不能单独构成 GREEN。,ordinary_collectible,MINION,yes,fireplace/cards/boomsday/hunter.py:8,Battlecry: Summon four 0/2 Goblin Bombs.
17.6.0.53261,The Boomsday Project (BOOMSDAY),BOT_035,Venomizer,毒箭机器人,Magnetic|Poisonous,YELLOW,implemented,partial,2 个机制缺少充分的核心效果验证；逐机制依据见 card_mechanism.csv。,card_mechanism.csv#BOT_035; generic-play-smoke:played,聚合状态取该卡最差机制；普通烟测只证明可执行，不能单独构成 GREEN。,ordinary_collectible,MINION,yes,fireplace/cards/boomsday/hunter.py:15,Magnetic Poisonous
17.6.0.53261,The Boomsday Project (BOOMSDAY),BOT_038,Fireworks Tech,烟火技师,Battlecry|Targeting,YELLOW,implemented,partial,2 个机制缺少充分的核心效果验证；逐机制依据见 card_mechanism.csv。,card_mechanism.csv#BOT_038; generic-play-smoke:played,聚合状态取该卡最差机制；普通烟测只证明可执行，不能单独构成 GREEN。,ordinary_collectible,MINION,yes,fireplace/cards/boomsday/hunter.py:25,"[x]Battlecry: Give a friendly Mech +1/+1. If it has Deathrattle, trigger it."
17.6.0.53261,The Boomsday Project (BOOMSDAY),BOT_039,Necromechanic,死灵机械师,Aura|Continuous effect / Update,YELLOW,implemented,partial,2 个机制缺少充分的核心效果验证；逐机制依据见 card_mechanism.csv。,card_mechanism.csv#BOT_039; generic-play-smoke:played,聚合状态取该卡最差机制；普通烟测只证明可执行，不能单独构成 GREEN。,ordinary_collectible,MINION,yes,fireplace/cards/boomsday/hunter.py:42,Your Deathrattles trigger twice.
17.6.0.53261,The Boomsday Project (BOOMSDAY),BOT_042,Weapons Project,武器计划,Spell resolution|Summon,YELLOW,implemented,partial,2 个机制缺少充分的核心效果验证；逐机制依据见 card_mechanism.csv。,card_mechanism.csv#BOT_042; generic-play-smoke:played,聚合状态取该卡最差机制；普通烟测只证明可执行，不能单独构成 GREEN。,ordinary_collectible,SPELL,yes,fireplace/cards/boomsday/warrior.py:43,Each player equips a 2/3 Weapon and gains 6 Armor.
17.6.0.53261,The Boomsday Project (BOOMSDAY),BOT_050,Rusty Recycler,生锈的回收机器人,Lifesteal|Taunt,YELLOW,implemented,partial,2 个机制缺少充分的核心效果验证；逐机制依据见 card_mechanism.csv。,card_mechanism.csv#BOT_050; generic-play-smoke:played,聚合状态取该卡最差机制；普通烟测只证明可执行，不能单独构成 GREEN。,ordinary_collectible,MINION,yes,,Taunt Lifesteal
17.6.0.53261,The Boomsday Project (BOOMSDAY),BOT_054,Biology Project,生物计划,Spell resolution,YELLOW,implemented,partial,1 个机制缺少充分的核心效果验证；逐机制依据见 card_mechanism.csv。,card_mechanism.csv#BOT_054; generic-play-smoke:played,聚合状态取该卡最差机制；普通烟测只证明可执行，不能单独构成 GREEN。,ordinary_collectible,SPELL,yes,fireplace/cards/boomsday/druid.py:91,Each player gains 2 Mana Crystals.
17.6.0.53261,The Boomsday Project (BOOMSDAY),BOT_059,Eternium Rover,恒金巡游者,Trigger,YELLOW,implemented,partial,1 个机制缺少充分的核心效果验证；逐机制依据见 card_mechanism.csv。,card_mechanism.csv#BOT_059; generic-play-smoke:played,聚合状态取该卡最差机制；普通烟测只证明可执行，不能单独构成 GREEN。,ordinary_collectible,MINION,yes,fireplace/cards/boomsday/warrior.py:8,"Whenever this minion takes damage, gain 2 Armor."
17.6.0.53261,The Boomsday Project (BOOMSDAY),BOT_066,Mechanical Whelp,机械雏龙,Deathrattle|Summon,YELLOW,implemented,partial,2 个机制缺少充分的核心效果验证；逐机制依据见 card_mechanism.csv。,card_mechanism.csv#BOT_066; generic-play-smoke:played,聚合状态取该卡最差机制；普通烟测只证明可执行，不能单独构成 GREEN。,ordinary_collectible,MINION,yes,fireplace/cards/boomsday/neutral_rare.py:8,Deathrattle: Summon a 7/7 Mechanical Dragon.
17.6.0.53261,The Boomsday Project (BOOMSDAY),BOT_067,Rocket Boots,火箭靴,Draw / Discard|Spell resolution|Targeting,YELLOW,implemented,partial,3 个机制缺少充分的核心效果验证；逐机制依据见 card_mechanism.csv。,card_mechanism.csv#BOT_067; generic-play-smoke:played,聚合状态取该卡最差机制；普通烟测只证明可执行，不能单独构成 GREEN。,ordinary_collectible,SPELL,yes,fireplace/cards/boomsday/warrior.py:50,Give a minion Rush. Draw a card.
17.6.0.53261,The Boomsday Project (BOOMSDAY),BOT_069,The Boomship,砰砰飞艇,Random effects|Spell resolution|Summon,YELLOW,implemented,partial,3 个机制缺少充分的核心效果验证；逐机制依据见 card_mechanism.csv。,card_mechanism.csv#BOT_069; generic-play-smoke:played,聚合状态取该卡最差机制；普通烟测只证明可执行，不能单独构成 GREEN。,ordinary_collectible,SPELL,yes,fireplace/cards/boomsday/warrior.py:65,Summon 3 random minions from your hand. Give them Rush.
17.6.0.53261,The Boomsday Project (BOOMSDAY),BOT_079,Faithful Lumi,可靠的灯泡,Battlecry|Targeting,YELLOW,implemented,partial,2 个机制缺少充分的核心效果验证；逐机制依据见 card_mechanism.csv。,card_mechanism.csv#BOT_079; generic-play-smoke:played,聚合状态取该卡最差机制；普通烟测只证明可执行，不能单独构成 GREEN。,ordinary_collectible,MINION,yes,fireplace/cards/boomsday/neutral_common.py:35,Battlecry: Give a friendly Mech +1/+1.
17.6.0.53261,The Boomsday Project (BOOMSDAY),BOT_083,Toxicologist,毒物学家,Battlecry,YELLOW,implemented,partial,1 个机制缺少充分的核心效果验证；逐机制依据见 card_mechanism.csv。,card_mechanism.csv#BOT_083; generic-play-smoke:played,聚合状态取该卡最差机制；普通烟测只证明可执行，不能单独构成 GREEN。,ordinary_collectible,MINION,yes,fireplace/cards/boomsday/neutral_common.py:51,Battlecry: Give your weapon +1 Attack.
17.6.0.53261,The Boomsday Project (BOOMSDAY),BOT_084,Violet Haze,紫色烟雾,Random effects|Spell resolution,YELLOW,implemented,partial,2 个机制缺少充分的核心效果验证；逐机制依据见 card_mechanism.csv。,card_mechanism.csv#BOT_084; generic-play-smoke:played,聚合状态取该卡最差机制；普通烟测只证明可执行，不能单独构成 GREEN。,ordinary_collectible,SPELL,yes,fireplace/cards/boomsday/rogue.py:68,Add 2 random Deathrattle cards to your hand.
17.6.0.53261,The Boomsday Project (BOOMSDAY),BOT_087,Academic Espionage,学术剽窃,Random effects|Spell resolution,YELLOW,implemented,partial,2 个机制缺少充分的核心效果验证；逐机制依据见 card_mechanism.csv。,card_mechanism.csv#BOT_087; generic-play-smoke:played,聚合状态取该卡最差机制；普通烟测只证明可执行，不能单独构成 GREEN。,ordinary_collectible,SPELL,yes,fireplace/cards/boomsday/rogue.py:75,Shuffle 10 cards from your opponent's class into your deck. They cost (1).
17.6.0.53261,The Boomsday Project (BOOMSDAY),BOT_093,Elementary Reaction,元素反应,Draw / Discard|Spell resolution,YELLOW,implemented,partial,2 个机制缺少充分的核心效果验证；逐机制依据见 card_mechanism.csv。,card_mechanism.csv#BOT_093; generic-play-smoke:played,聚合状态取该卡最差机制；普通烟测只证明可执行，不能单独构成 GREEN。,ordinary_collectible,SPELL,yes,fireplace/cards/boomsday/shaman.py:62,Draw a card. Copy it if you played an Elemental last turn.
17.6.0.53261,The Boomsday Project (BOOMSDAY),BOT_098,Unpowered Mauler,没电的铁皮人,Continuous effect / Update,YELLOW,implemented,partial,1 个机制缺少充分的核心效果验证；逐机制依据见 card_mechanism.csv。,card_mechanism.csv#BOT_098; generic-play-smoke:played,聚合状态取该卡最差机制；普通烟测只证明可执行，不能单独构成 GREEN。,ordinary_collectible,MINION,yes,fireplace/cards/boomsday/neutral_rare.py:15,Can only attack if you cast a spell this turn.
17.6.0.53261,The Boomsday Project (BOOMSDAY),BOT_099,Eureka!,我找到了,Random effects|Spell resolution|Summon,YELLOW,implemented,partial,3 个机制缺少充分的核心效果验证；逐机制依据见 card_mechanism.csv。,card_mechanism.csv#BOT_099; generic-play-smoke:played,聚合状态取该卡最差机制；普通烟测只证明可执行，不能单独构成 GREEN。,ordinary_collectible,SPELL,yes,fireplace/cards/boomsday/shaman.py:71,Summon a copy of a random minion from your hand.
17.6.0.53261,The Boomsday Project (BOOMSDAY),BOT_101,Astral Rift,星界裂隙,Random effects|Spell resolution,YELLOW,implemented,partial,2 个机制缺少充分的核心效果验证；逐机制依据见 card_mechanism.csv。,card_mechanism.csv#BOT_101; generic-play-smoke:played,聚合状态取该卡最差机制；普通烟测只证明可执行，不能单独构成 GREEN。,ordinary_collectible,SPELL,yes,fireplace/cards/boomsday/mage.py:45,Add 2 random minions to your hand.
17.6.0.53261,The Boomsday Project (BOOMSDAY),BOT_102,Spark Drill,火花钻机,Deathrattle|Rush,YELLOW,implemented,partial,2 个机制缺少充分的核心效果验证；逐机制依据见 card_mechanism.csv。,card_mechanism.csv#BOT_102; generic-play-smoke:played,聚合状态取该卡最差机制；普通烟测只证明可执行，不能单独构成 GREEN。,ordinary_collectible,MINION,yes,fireplace/cards/boomsday/neutral_rare.py:24,Rush Deathrattle: Add two 1/1 Sparks with Rush to your hand.
17.6.0.53261,The Boomsday Project (BOOMSDAY),BOT_103,Stargazer Luna,观星者露娜,Draw / Discard|Trigger,YELLOW,implemented,partial,2 个机制缺少充分的核心效果验证；逐机制依据见 card_mechanism.csv。,card_mechanism.csv#BOT_103; generic-play-smoke:played,聚合状态取该卡最差机制；普通烟测只证明可执行，不能单独构成 GREEN。,ordinary_collectible,MINION,yes,fireplace/cards/boomsday/mage.py:8,"After you play the right-most card in your hand, draw a card."
17.6.0.53261,The Boomsday Project (BOOMSDAY),BOT_104,Dyn-o-matic,掷弹机器人,Battlecry,YELLOW,implemented,partial,1 个机制缺少充分的核心效果验证；逐机制依据见 card_mechanism.csv。,card_mechanism.csv#BOT_104; generic-play-smoke:played,聚合状态取该卡最差机制；普通烟测只证明可执行，不能单独构成 GREEN。,ordinary_collectible,MINION,yes,fireplace/cards/boomsday/warrior.py:15,Battlecry: Deal 5 damage randomly split among all minions except Mechs.
17.6.0.53261,The Boomsday Project (BOOMSDAY),BOT_107,Missile Launcher,飞弹机器人,Magnetic|Trigger,YELLOW,implemented,partial,2 个机制缺少充分的核心效果验证；逐机制依据见 card_mechanism.csv。,card_mechanism.csv#BOT_107; generic-play-smoke:played,聚合状态取该卡最差机制；普通烟测只证明可执行，不能单独构成 GREEN。,ordinary_collectible,MINION,yes,fireplace/cards/boomsday/neutral_rare.py:31,"[x]Magnetic At the end of your turn, deal 1 damage to all other characters."
17.6.0.53261,The Boomsday Project (BOOMSDAY),BOT_216,Omega Medic,欧米茄医护兵,Battlecry,YELLOW,implemented,partial,1 个机制缺少充分的核心效果验证；逐机制依据见 card_mechanism.csv。,card_mechanism.csv#BOT_216; generic-play-smoke:played,聚合状态取该卡最差机制；普通烟测只证明可执行，不能单独构成 GREEN。,ordinary_collectible,MINION,yes,fireplace/cards/boomsday/priest.py:8,"Battlecry: If you have 10 Mana Crystals, restore #10 Health to your hero."
17.6.0.53261,The Boomsday Project (BOOMSDAY),BOT_218,Security Rover,安保巡游者,Summon|Trigger,YELLOW,implemented,partial,2 个机制缺少充分的核心效果验证；逐机制依据见 card_mechanism.csv。,card_mechanism.csv#BOT_218; generic-play-smoke:played,聚合状态取该卡最差机制；普通烟测只证明可执行，不能单独构成 GREEN。,ordinary_collectible,MINION,yes,fireplace/cards/boomsday/warrior.py:22,"[x]Whenever this minion takes damage, summon a 2/3 Mech with Taunt."
17.6.0.53261,The Boomsday Project (BOOMSDAY),BOT_219,Extra Arms,增生手臂,Spell resolution|Targeting,YELLOW,implemented,partial,2 个机制缺少充分的核心效果验证；逐机制依据见 card_mechanism.csv。,card_mechanism.csv#BOT_219; generic-play-smoke:played,聚合状态取该卡最差机制；普通烟测只证明可执行，不能单独构成 GREEN。,ordinary_collectible,SPELL,yes,fireplace/cards/boomsday/priest.py:64,[x]Give a minion +2/+2. Add 'More Arms!' to your hand that gives +2/+2.
17.6.0.53261,The Boomsday Project (BOOMSDAY),BOT_222,Spirit Bomb,灵魂炸弹,Spell resolution|Targeting,YELLOW,implemented,partial,2 个机制缺少充分的核心效果验证；逐机制依据见 card_mechanism.csv。,card_mechanism.csv#BOT_222; generic-play-smoke:played,聚合状态取该卡最差机制；普通烟测只证明可执行，不能单独构成 GREEN。,ordinary_collectible,SPELL,yes,fireplace/cards/boomsday/warlock.py:54,Deal $4 damage to a minion and your hero.
17.6.0.53261,The Boomsday Project (BOOMSDAY),BOT_224,Doubling Imp,双生小鬼,Battlecry|Summon,YELLOW,implemented,partial,2 个机制缺少充分的核心效果验证；逐机制依据见 card_mechanism.csv。,card_mechanism.csv#BOT_224; generic-play-smoke:played,聚合状态取该卡最差机制；普通烟测只证明可执行，不能单独构成 GREEN。,ordinary_collectible,MINION,yes,fireplace/cards/boomsday/warlock.py:8,Battlecry: Summon a copy of this minion.
17.6.0.53261,The Boomsday Project (BOOMSDAY),BOT_226,Nethersoul Buster,虚魂破坏者,Battlecry,YELLOW,implemented,partial,1 个机制缺少充分的核心效果验证；逐机制依据见 card_mechanism.csv。,card_mechanism.csv#BOT_226; generic-play-smoke:played,聚合状态取该卡最差机制；普通烟测只证明可执行，不能单独构成 GREEN。,ordinary_collectible,MINION,yes,fireplace/cards/boomsday/warlock.py:15,Battlecry: Gain +1 Attack for each damage your hero has taken this turn.
17.6.0.53261,The Boomsday Project (BOOMSDAY),BOT_234,Shrink Ray,萎缩射线,Spell resolution,YELLOW,implemented,partial,1 个机制缺少充分的核心效果验证；逐机制依据见 card_mechanism.csv。,card_mechanism.csv#BOT_234; generic-play-smoke:played,聚合状态取该卡最差机制；普通烟测只证明可执行，不能单独构成 GREEN。,ordinary_collectible,SPELL,yes,fireplace/cards/boomsday/paladin.py:57,Set the Attack and Health of all minions to 1.
17.6.0.53261,The Boomsday Project (BOOMSDAY),BOT_236,Crystalsmith Kangor,水晶工匠坎格尔,Continuous effect / Update|Divine Shield|Lifesteal,YELLOW,implemented,partial,3 个机制缺少充分的核心效果验证；逐机制依据见 card_mechanism.csv。,card_mechanism.csv#BOT_236; generic-play-smoke:played,聚合状态取该卡最差机制；普通烟测只证明可执行，不能单独构成 GREEN。,ordinary_collectible,MINION,yes,fireplace/cards/boomsday/paladin.py:8,"Divine Shield, Lifesteal Your healing is doubled."
17.6.0.53261,The Boomsday Project (BOOMSDAY),BOT_237,Beryllium Nullifier,铍金毁灭者,Magnetic|Untargetable,YELLOW,implemented,partial,2 个机制缺少充分的核心效果验证；逐机制依据见 card_mechanism.csv。,card_mechanism.csv#BOT_237; generic-play-smoke:played,聚合状态取该卡最差机制；普通烟测只证明可执行，不能单独构成 GREEN。,ordinary_collectible,MINION,yes,fireplace/cards/boomsday/warrior.py:29,Magnetic Can't be targeted by spells or Hero Powers.
17.6.0.53261,The Boomsday Project (BOOMSDAY),BOT_238,"Dr. Boom, Mad Genius",“科学狂人”砰砰博士,Battlecry|Random effects|Summon,YELLOW,implemented,partial,3 个机制缺少充分的核心效果验证；逐机制依据见 card_mechanism.csv。,card_mechanism.csv#BOT_238; generic-play-smoke:played,聚合状态取该卡最差机制；普通烟测只证明可执行，不能单独构成 GREEN。,ordinary_collectible,HERO,yes,fireplace/cards/boomsday/warrior.py:106,"Battlecry: For the rest of the game, your Mechs have Rush."
17.6.0.53261,The Boomsday Project (BOOMSDAY),BOT_242,Myra's Unstable Element,迈拉的不稳定元素,Draw / Discard|Spell resolution,YELLOW,implemented,partial,2 个机制缺少充分的核心效果验证；逐机制依据见 card_mechanism.csv。,card_mechanism.csv#BOT_242; generic-play-smoke:played,聚合状态取该卡最差机制；普通烟测只证明可执行，不能单独构成 GREEN。,ordinary_collectible,SPELL,yes,fireplace/cards/boomsday/rogue.py:93,Draw the rest of your deck.
17.6.0.53261,The Boomsday Project (BOOMSDAY),BOT_243,Myra Rotspring,迈拉·腐泉,Battlecry|Discover / Choice|Random effects|Targeting,YELLOW,implemented,partial,4 个机制缺少充分的核心效果验证；逐机制依据见 card_mechanism.csv。,card_mechanism.csv#BOT_243; generic-play-smoke:played,聚合状态取该卡最差机制；普通烟测只证明可执行，不能单独构成 GREEN。,ordinary_collectible,MINION,yes,fireplace/cards/boomsday/rogue.py:8,[x]Battlecry: Discover a Deathrattle minion. Also gain its Deathrattle.
17.6.0.53261,The Boomsday Project (BOOMSDAY),BOT_245,The Storm Bringer,风暴聚合器,Random effects|Spell resolution|Transform,YELLOW,implemented,partial,3 个机制缺少充分的核心效果验证；逐机制依据见 card_mechanism.csv。,card_mechanism.csv#BOT_245; generic-play-smoke:played,聚合状态取该卡最差机制；普通烟测只证明可执行，不能单独构成 GREEN。,ordinary_collectible,SPELL,yes,fireplace/cards/boomsday/shaman.py:81,Transform your minions into random Legendary minions.
17.6.0.53261,The Boomsday Project (BOOMSDAY),BOT_246,Beakered Lightning,瓶装闪电,Overload|Spell resolution,YELLOW,implemented,partial,1 个机制缺少充分的核心效果验证；逐机制依据见 card_mechanism.csv。,card_mechanism.csv#BOT_246; generic-play-smoke:played; effect-evidence: reports/card_quality_full_2026-09-27/overload_reproductions.csv#BOT_246,聚合状态取该卡最差机制；普通烟测只证明可执行，不能单独构成 GREEN。,ordinary_collectible,SPELL,yes,fireplace/cards/boomsday/shaman.py:88,Deal $1 damage to all minions. Overload: (2)
17.6.0.53261,The Boomsday Project (BOOMSDAY),BOT_251,Spider Bomb,蜘蛛炸弹,Deathrattle|Magnetic|Random effects,YELLOW,implemented,partial,3 个机制缺少充分的核心效果验证；逐机制依据见 card_mechanism.csv。,card_mechanism.csv#BOT_251; generic-play-smoke:played,聚合状态取该卡最差机制；普通烟测只证明可执行，不能单独构成 GREEN。,ordinary_collectible,MINION,yes,fireplace/cards/boomsday/hunter.py:49,Magnetic Deathrattle: Destroy a random enemy minion.
17.6.0.53261,The Boomsday Project (BOOMSDAY),BOT_254,Unexpected Results,鲁莽试验,Random effects|Spell Damage|Spell resolution|Summon,YELLOW,implemented,partial,4 个机制缺少充分的核心效果验证；逐机制依据见 card_mechanism.csv。,card_mechanism.csv#BOT_254; generic-play-smoke:played,聚合状态取该卡最差机制；普通烟测只证明可执行，不能单独构成 GREEN。,ordinary_collectible,SPELL,yes,fireplace/cards/boomsday/mage.py:52,[x]Summon two random $2-Cost minions (improved by Spell Damage).
17.6.0.53261,The Boomsday Project (BOOMSDAY),BOT_256,Astromancer,星术师,Battlecry|Random effects|Summon,YELLOW,implemented,partial,3 个机制缺少充分的核心效果验证；逐机制依据见 card_mechanism.csv。,card_mechanism.csv#BOT_256; generic-play-smoke:played,聚合状态取该卡最差机制；普通烟测只证明可执行，不能单独构成 GREEN。,ordinary_collectible,MINION,yes,fireplace/cards/boomsday/mage.py:15,[x]Battlecry: Summon a random minion with Cost equal to your hand size.
17.6.0.53261,The Boomsday Project (BOOMSDAY),BOT_257,Luna's Pocket Galaxy,露娜的口袋银河,Spell resolution,YELLOW,implemented,partial,1 个机制缺少充分的核心效果验证；逐机制依据见 card_mechanism.csv。,card_mechanism.csv#BOT_257; generic-play-smoke:played,聚合状态取该卡最差机制；普通烟测只证明可执行，不能单独构成 GREEN。,ordinary_collectible,SPELL,yes,fireplace/cards/boomsday/mage.py:62,Change the Cost of minions in your deck to (1).
17.6.0.53261,The Boomsday Project (BOOMSDAY),BOT_258,"Zerek, Master Cloner",克隆大师泽里克,Deathrattle|Summon|Trigger,YELLOW,implemented,partial,2 个机制缺少充分的核心效果验证；逐机制依据见 card_mechanism.csv。,"card_mechanism.csv#BOT_258; generic-play-smoke:played; effect-evidence: fireplace/cards/CardDefs.xml#BOT_258; fireplace/cards/boomsday/priest.py:16; tests/test_blackrock.py:539:test_zerek_master_cloner; smoke:death_processed:pass; delta={""friendly_field"":{""before"":[""BOT_258""],""after"":[]},""friendly_graveyard"":{""before"":[],""after"":[""BOT_258""]}}",聚合状态取该卡最差机制；普通烟测只证明可执行，不能单独构成 GREEN。,ordinary_collectible,MINION,yes,fireplace/cards/boomsday/priest.py:16,"Deathrattle: If you've cast any spells on this minion, resummon it."
17.6.0.53261,The Boomsday Project (BOOMSDAY),BOT_263,Soul Infusion,灵魂灌注,Spell resolution,YELLOW,implemented,partial,1 个机制缺少充分的核心效果验证；逐机制依据见 card_mechanism.csv。,card_mechanism.csv#BOT_263; generic-play-smoke:played,聚合状态取该卡最差机制；普通烟测只证明可执行，不能单独构成 GREEN。,ordinary_collectible,SPELL,yes,fireplace/cards/boomsday/warlock.py:65,Give the left-most minion in your hand +2/+2.
17.6.0.53261,The Boomsday Project (BOOMSDAY),BOT_267,Piloted Reaper,载人毁灭机,Deathrattle|Random effects|Summon,YELLOW,implemented,partial,3 个机制缺少充分的核心效果验证；逐机制依据见 card_mechanism.csv。,card_mechanism.csv#BOT_267; generic-play-smoke:played,聚合状态取该卡最差机制；普通烟测只证明可执行，不能单独构成 GREEN。,ordinary_collectible,MINION,yes,fireplace/cards/boomsday/neutral_common.py:61,Deathrattle: Summon a random minion from your hand that costs (2) or less.
17.6.0.53261,The Boomsday Project (BOOMSDAY),BOT_270,Giggling Inventor,欢乐的发明家,Battlecry|Summon,YELLOW,implemented,partial,2 个机制缺少充分的核心效果验证；逐机制依据见 card_mechanism.csv。,card_mechanism.csv#BOT_270; generic-play-smoke:played,聚合状态取该卡最差机制；普通烟测只证明可执行，不能单独构成 GREEN。,ordinary_collectible,MINION,yes,fireplace/cards/boomsday/neutral_rare.py:43,Battlecry: Summon two 1/2 Mechs with Taunt and Divine Shield.
17.6.0.53261,The Boomsday Project (BOOMSDAY),BOT_280,Holomancer,全息术士,Summon|Trigger,YELLOW,implemented,partial,2 个机制缺少充分的核心效果验证；逐机制依据见 card_mechanism.csv。,card_mechanism.csv#BOT_280; generic-play-smoke:played,聚合状态取该卡最差机制；普通烟测只证明可执行，不能单独构成 GREEN。,ordinary_collectible,MINION,yes,fireplace/cards/boomsday/neutral_epic.py:8,"After your opponent plays a minion, summon a 1/1 copy of it."
17.6.0.53261,The Boomsday Project (BOOMSDAY),BOT_283,Pogo-Hopper,蹦蹦兔,Battlecry,YELLOW,implemented,partial,1 个机制缺少充分的核心效果验证；逐机制依据见 card_mechanism.csv。,card_mechanism.csv#BOT_283; generic-play-smoke:played,聚合状态取该卡最差机制；普通烟测只证明可执行，不能单独构成 GREEN。,ordinary_collectible,MINION,yes,fireplace/cards/boomsday/rogue.py:20,[x]Battlecry: Gain +2/+2 for each other Pogo-Hopper you played this game.
17.6.0.53261,The Boomsday Project (BOOMSDAY),BOT_286,Necrium Blade,死金匕首,Deathrattle|Random effects|Weapon,YELLOW,implemented,partial,3 个机制缺少充分的核心效果验证；逐机制依据见 card_mechanism.csv。,card_mechanism.csv#BOT_286; generic-play-smoke:played,聚合状态取该卡最差机制；普通烟测只证明可执行，不能单独构成 GREEN。,ordinary_collectible,WEAPON,yes,fireplace/cards/boomsday/rogue.py:117,Deathrattle: Trigger the Deathrattle of a random friendly minion.
17.6.0.53261,The Boomsday Project (BOOMSDAY),BOT_288,Lab Recruiter,实验室招募员,Battlecry|Targeting,YELLOW,implemented,partial,2 个机制缺少充分的核心效果验证；逐机制依据见 card_mechanism.csv。,card_mechanism.csv#BOT_288; generic-play-smoke:played,聚合状态取该卡最差机制；普通烟测只证明可执行，不能单独构成 GREEN。,ordinary_collectible,MINION,yes,fireplace/cards/boomsday/rogue.py:30,Battlecry: Shuffle 3 copies of a friendly minion into your deck.
17.6.0.53261,The Boomsday Project (BOOMSDAY),BOT_291,Storm Chaser,风暴追逐者,Battlecry|Draw / Discard,YELLOW,implemented,partial,2 个机制缺少充分的核心效果验证；逐机制依据见 card_mechanism.csv。,card_mechanism.csv#BOT_291; generic-play-smoke:played,聚合状态取该卡最差机制；普通烟测只证明可执行，不能单独构成 GREEN。,ordinary_collectible,MINION,yes,fireplace/cards/boomsday/shaman.py:8,Battlecry: Draw a spell from your deck that costs (5) or more.
17.6.0.53261,The Boomsday Project (BOOMSDAY),BOT_296,Omega Defender,欧米茄防御者,Battlecry|Taunt,YELLOW,implemented,partial,2 个机制缺少充分的核心效果验证；逐机制依据见 card_mechanism.csv。,card_mechanism.csv#BOT_296; generic-play-smoke:played,聚合状态取该卡最差机制；普通烟测只证明可执行，不能单独构成 GREEN。,ordinary_collectible,MINION,yes,fireplace/cards/boomsday/neutral_epic.py:22,"[x]Taunt Battlecry: If you have 10 Mana Crystals, gain +10 Attack."
17.6.0.53261,The Boomsday Project (BOOMSDAY),BOT_299,Omega Assembly,欧米茄装配,Discover / Choice|Random effects|Spell resolution,YELLOW,implemented,partial,3 个机制缺少充分的核心效果验证；逐机制依据见 card_mechanism.csv。,card_mechanism.csv#BOT_299; generic-play-smoke:played,聚合状态取该卡最差机制；普通烟测只证明可执行，不能单独构成 GREEN。,ordinary_collectible,SPELL,yes,fireplace/cards/boomsday/warrior.py:80,"[x]Discover a Mech. If you have 10 Mana Crystals, keep all 3 cards."
17.6.0.53261,The Boomsday Project (BOOMSDAY),BOT_308,Spring Rocket,弹簧火箭犬,Battlecry|Targeting,YELLOW,implemented,partial,2 个机制缺少充分的核心效果验证；逐机制依据见 card_mechanism.csv。,card_mechanism.csv#BOT_308; generic-play-smoke:played,聚合状态取该卡最差机制；普通烟测只证明可执行，不能单独构成 GREEN。,ordinary_collectible,MINION,yes,fireplace/cards/boomsday/neutral_common.py:68,Battlecry: Deal 2 damage.
17.6.0.53261,The Boomsday Project (BOOMSDAY),BOT_312,Replicating Menace,量产型恐吓机,Deathrattle|Magnetic|Summon,YELLOW,implemented,partial,3 个机制缺少充分的核心效果验证；逐机制依据见 card_mechanism.csv。,card_mechanism.csv#BOT_312; generic-play-smoke:played,聚合状态取该卡最差机制；普通烟测只证明可执行，不能单独构成 GREEN。,ordinary_collectible,MINION,yes,fireplace/cards/boomsday/neutral_rare.py:50,Magnetic Deathrattle: Summon three 1/1 Microbots.
17.6.0.53261,The Boomsday Project (BOOMSDAY),BOT_401,Weaponized Piñata,武装皮纳塔,Deathrattle|Random effects,YELLOW,implemented,partial,2 个机制缺少充分的核心效果验证；逐机制依据见 card_mechanism.csv。,card_mechanism.csv#BOT_401; generic-play-smoke:played,聚合状态取该卡最差机制；普通烟测只证明可执行，不能单独构成 GREEN。,ordinary_collectible,MINION,yes,fireplace/cards/boomsday/neutral_epic.py:32,Deathrattle: Add a random Legendary minion to your hand.
17.6.0.53261,The Boomsday Project (BOOMSDAY),BOT_402,Secret Plan,奥秘图纸,Discover / Choice|Random effects|Spell resolution,YELLOW,implemented,partial,3 个机制缺少充分的核心效果验证；逐机制依据见 card_mechanism.csv。,card_mechanism.csv#BOT_402; generic-play-smoke:played,聚合状态取该卡最差机制；普通烟测只证明可执行，不能单独构成 GREEN。,ordinary_collectible,SPELL,yes,fireplace/cards/boomsday/hunter.py:76,Discover a Secret.
17.6.0.53261,The Boomsday Project (BOOMSDAY),BOT_404,Juicy Psychmelon,香甜的灵力瓜,Draw / Discard|Spell resolution,YELLOW,implemented,partial,2 个机制缺少充分的核心效果验证；逐机制依据见 card_mechanism.csv。,card_mechanism.csv#BOT_404; generic-play-smoke:played,聚合状态取该卡最差机制；普通烟测只证明可执行，不能单独构成 GREEN。,ordinary_collectible,SPELL,yes,fireplace/cards/boomsday/druid.py:98,"Draw a 7, 8, 9, and 10-Cost minion  from your deck."
17.6.0.53261,The Boomsday Project (BOOMSDAY),BOT_406,Supercollider,超级对撞器,Trigger|Weapon,YELLOW,implemented,partial,2 个机制缺少充分的核心效果验证；逐机制依据见 card_mechanism.csv。,card_mechanism.csv#BOT_406; generic-play-smoke:played,聚合状态取该卡最差机制；普通烟测只证明可执行，不能单独构成 GREEN。,ordinary_collectible,WEAPON,yes,fireplace/cards/boomsday/warrior.py:92,"[x]After you attack a minion, force it to attack one of its neighbors."
17.6.0.53261,The Boomsday Project (BOOMSDAY),BOT_407,Thunderhead,雷云元素,Summon|Trigger,YELLOW,implemented,partial,2 个机制缺少充分的核心效果验证；逐机制依据见 card_mechanism.csv。,card_mechanism.csv#BOT_407; generic-play-smoke:played,聚合状态取该卡最差机制；普通烟测只证明可执行，不能单独构成 GREEN。,ordinary_collectible,MINION,yes,fireplace/cards/boomsday/shaman.py:15,"[x]After you play a card with Overload, summon two 1/1 Sparks with Rush."
17.6.0.53261,The Boomsday Project (BOOMSDAY),BOT_411,Electra Stormsurge,伊莱克特拉·风潮,Battlecry,YELLOW,implemented,partial,1 个机制缺少充分的核心效果验证；逐机制依据见 card_mechanism.csv。,card_mechanism.csv#BOT_411; generic-play-smoke:played,聚合状态取该卡最差机制；普通烟测只证明可执行，不能单独构成 GREEN。,ordinary_collectible,MINION,yes,fireplace/cards/boomsday/shaman.py:25,Battlecry: Your next spell this turn casts twice.
17.6.0.53261,The Boomsday Project (BOOMSDAY),BOT_413,Brainstormer,脑力激荡者,Battlecry,YELLOW,implemented,partial,1 个机制缺少充分的核心效果验证；逐机制依据见 card_mechanism.csv。,card_mechanism.csv#BOT_413; generic-play-smoke:played,聚合状态取该卡最差机制；普通烟测只证明可执行，不能单独构成 GREEN。,ordinary_collectible,MINION,yes,fireplace/cards/boomsday/neutral_common.py:78,[x]Battlecry: Gain +1 Health for each spell in your hand.
17.6.0.53261,The Boomsday Project (BOOMSDAY),BOT_414,Cloakscale Chemist,隐鳞药剂师,Divine Shield|Stealth,YELLOW,implemented,partial,2 个机制缺少充分的核心效果验证；逐机制依据见 card_mechanism.csv。,card_mechanism.csv#BOT_414; generic-play-smoke:played,聚合状态取该卡最差机制；普通烟测只证明可执行，不能单独构成 GREEN。,ordinary_collectible,MINION,yes,,Stealth Divine Shield
17.6.0.53261,The Boomsday Project (BOOMSDAY),BOT_419,Dendrologist,树木学家,Battlecry|Discover / Choice|Random effects,YELLOW,implemented,partial,3 个机制缺少充分的核心效果验证；逐机制依据见 card_mechanism.csv。,card_mechanism.csv#BOT_419; generic-play-smoke:played,聚合状态取该卡最差机制；普通烟测只证明可执行，不能单独构成 GREEN。,ordinary_collectible,MINION,yes,fireplace/cards/boomsday/druid.py:8,"Battlecry: If you control a Treant, Discover a spell."
17.6.0.53261,The Boomsday Project (BOOMSDAY),BOT_420,Landscaping,植树造林,Spell resolution|Summon,YELLOW,implemented,partial,2 个机制缺少充分的核心效果验证；逐机制依据见 card_mechanism.csv。,card_mechanism.csv#BOT_420; generic-play-smoke:played,聚合状态取该卡最差机制；普通烟测只证明可执行，不能单独构成 GREEN。,ordinary_collectible,SPELL,yes,fireplace/cards/boomsday/druid.py:110,Summon two 2/2 Treants.
17.6.0.53261,The Boomsday Project (BOOMSDAY),BOT_422,Tending Tauren,牛头人园丁,Choose One|Summon,YELLOW,implemented,partial,2 个机制缺少充分的核心效果验证；逐机制依据见 card_mechanism.csv。,card_mechanism.csv#BOT_422; generic-play-smoke:played,聚合状态取该卡最差机制；普通烟测只证明可执行，不能单独构成 GREEN。,ordinary_collectible,MINION,yes,fireplace/cards/boomsday/druid.py:15,[x]Choose One - Give your other minions +1/+1; or Summon two 2/2 Treants.
17.6.0.53261,The Boomsday Project (BOOMSDAY),BOT_423,Dreampetal Florist,梦境花栽种师,Cost modification|Random effects|Trigger,YELLOW,implemented,partial,3 个机制缺少充分的核心效果验证；逐机制依据见 card_mechanism.csv。,card_mechanism.csv#BOT_423; generic-play-smoke:played,聚合状态取该卡最差机制；普通烟测只证明可执行，不能单独构成 GREEN。,ordinary_collectible,MINION,yes,fireplace/cards/boomsday/druid.py:40,"At the end of your turn, reduce the Cost of a random minion in your hand by (7)."
17.6.0.53261,The Boomsday Project (BOOMSDAY),BOT_424,Mecha'thun,机械克苏恩,Deathrattle,YELLOW,implemented,partial,1 个机制缺少充分的核心效果验证；逐机制依据见 card_mechanism.csv。,card_mechanism.csv#BOT_424; generic-play-smoke:played,聚合状态取该卡最差机制；普通烟测只证明可执行，不能单独构成 GREEN。,ordinary_collectible,MINION,yes,fireplace/cards/boomsday/neutral_legendary.py:8,"[x]Deathrattle: If you have no cards in your deck, hand, and battlefield, destroy the enemy hero."
17.6.0.53261,The Boomsday Project (BOOMSDAY),BOT_429,Flark's Boom-Zooka,弗拉克的火箭炮,Random effects|Spell resolution|Summon,YELLOW,implemented,partial,3 个机制缺少充分的核心效果验证；逐机制依据见 card_mechanism.csv。,card_mechanism.csv#BOT_429; generic-play-smoke:played,聚合状态取该卡最差机制；普通烟测只证明可执行，不能单独构成 GREEN。,ordinary_collectible,SPELL,yes,fireplace/cards/boomsday/hunter.py:85,"[x]Summon 3 minions from your deck. They attack enemy minions, then die."
17.6.0.53261,The Boomsday Project (BOOMSDAY),BOT_431,Whirliglider,旋翼滑翔者,Battlecry|Summon,YELLOW,implemented,partial,2 个机制缺少充分的核心效果验证；逐机制依据见 card_mechanism.csv。,card_mechanism.csv#BOT_431; generic-play-smoke:played,聚合状态取该卡最差机制；普通烟测只证明可执行，不能单独构成 GREEN。,ordinary_collectible,MINION,yes,fireplace/cards/boomsday/neutral_common.py:88,Battlecry: Summon a 0/2 Goblin Bomb.
17.6.0.53261,The Boomsday Project (BOOMSDAY),BOT_433,Dr. Morrigan,莫瑞甘博士,Deathrattle,YELLOW,implemented,partial,1 个机制缺少充分的核心效果验证；逐机制依据见 card_mechanism.csv。,card_mechanism.csv#BOT_433; generic-play-smoke:played,聚合状态取该卡最差机制；普通烟测只证明可执行，不能单独构成 GREEN。,ordinary_collectible,MINION,yes,fireplace/cards/boomsday/warlock.py:25,Deathrattle: Swap this with a minion from your deck.
17.6.0.53261,The Boomsday Project (BOOMSDAY),BOT_434,Flobbidinous Floop,软泥教授弗洛普,Trigger,YELLOW,implemented,partial,1 个机制缺少充分的核心效果验证；逐机制依据见 card_mechanism.csv。,card_mechanism.csv#BOT_434; generic-play-smoke:played,聚合状态取该卡最差机制；普通烟测只证明可执行，不能单独构成 GREEN。,ordinary_collectible,MINION,yes,fireplace/cards/boomsday/druid.py:52,"While in your hand, this is a 3/4 copy of the last minion you played."
17.6.0.53261,The Boomsday Project (BOOMSDAY),BOT_435,Cloning Device,克隆装置,Discover / Choice|Spell resolution,YELLOW,implemented,partial,2 个机制缺少充分的核心效果验证；逐机制依据见 card_mechanism.csv。,card_mechanism.csv#BOT_435; generic-play-smoke:played,聚合状态取该卡最差机制；普通烟测只证明可执行，不能单独构成 GREEN。,ordinary_collectible,SPELL,yes,fireplace/cards/boomsday/priest.py:89,Discover a copy of a minion in your opponent's deck.
17.6.0.53261,The Boomsday Project (BOOMSDAY),BOT_436,Prismatic Lens,棱彩透镜,Draw / Discard|Spell resolution,YELLOW,implemented,partial,2 个机制缺少充分的核心效果验证；逐机制依据见 card_mechanism.csv。,card_mechanism.csv#BOT_436; generic-play-smoke:played,聚合状态取该卡最差机制；普通烟测只证明可执行，不能单独构成 GREEN。,ordinary_collectible,SPELL,yes,fireplace/cards/boomsday/paladin.py:69,Draw a minion and a spell from your deck. Swap their Costs.
17.6.0.53261,The Boomsday Project (BOOMSDAY),BOT_437,Goblin Prank,地精的把戏,Spell resolution|Targeting,YELLOW,implemented,partial,2 个机制缺少充分的核心效果验证；逐机制依据见 card_mechanism.csv。,card_mechanism.csv#BOT_437; generic-play-smoke:played,聚合状态取该卡最差机制；普通烟测只证明可执行，不能单独构成 GREEN。,ordinary_collectible,SPELL,yes,fireplace/cards/boomsday/hunter.py:100,Give a friendly minion +3/+3 and Rush. It dies at end of turn.
17.6.0.53261,The Boomsday Project (BOOMSDAY),BOT_438,Cybertech Chip,机核芯片,Random effects|Spell resolution,YELLOW,implemented,partial,2 个机制缺少充分的核心效果验证；逐机制依据见 card_mechanism.csv。,card_mechanism.csv#BOT_438; generic-play-smoke:played,聚合状态取该卡最差机制；普通烟测只证明可执行，不能单独构成 GREEN。,ordinary_collectible,SPELL,yes,fireplace/cards/boomsday/hunter.py:121,"Give your minions ""Deathrattle: Add a random Mech to your hand."""
17.6.0.53261,The Boomsday Project (BOOMSDAY),BOT_443,Void Analyst,虚空分析师,Deathrattle,YELLOW,implemented,partial,1 个机制缺少充分的核心效果验证；逐机制依据见 card_mechanism.csv。,card_mechanism.csv#BOT_443; generic-play-smoke:played,聚合状态取该卡最差机制；普通烟测只证明可执行，不能单独构成 GREEN。,ordinary_collectible,MINION,yes,fireplace/cards/boomsday/warlock.py:32,Deathrattle: Give all Demons in your hand +1/+1.
17.6.0.53261,The Boomsday Project (BOOMSDAY),BOT_444,Floop's Glorious Gloop,弗洛普的神奇黏液,Spell resolution|Trigger,YELLOW,implemented,partial,2 个机制缺少充分的核心效果验证；逐机制依据见 card_mechanism.csv。,card_mechanism.csv#BOT_444; generic-play-smoke:played,聚合状态取该卡最差机制；普通烟测只证明可执行，不能单独构成 GREEN。,ordinary_collectible,SPELL,yes,fireplace/cards/boomsday/druid.py:120,"Whenever a minion dies this turn, gain 1 Mana Crystal this turn only."
17.6.0.53261,The Boomsday Project (BOOMSDAY),BOT_445,Mecharoo,机械袋鼠,Deathrattle|Summon,YELLOW,implemented,partial,2 个机制缺少充分的核心效果验证；逐机制依据见 card_mechanism.csv。,card_mechanism.csv#BOT_445; generic-play-smoke:played,聚合状态取该卡最差机制；普通烟测只证明可执行，不能单独构成 GREEN。,ordinary_collectible,MINION,yes,fireplace/cards/boomsday/neutral_common.py:95,Deathrattle: Summon a 1/1 Jo-E Bot.
17.6.0.53261,The Boomsday Project (BOOMSDAY),BOT_447,Crystallizer,晶化师,Battlecry,YELLOW,implemented,partial,1 个机制缺少充分的核心效果验证；逐机制依据见 card_mechanism.csv。,card_mechanism.csv#BOT_447; generic-play-smoke:played,聚合状态取该卡最差机制；普通烟测只证明可执行，不能单独构成 GREEN。,ordinary_collectible,MINION,yes,fireplace/cards/boomsday/neutral_epic.py:39,[x]Battlecry: Deal 5 damage to your hero. Gain 5 Armor.
17.6.0.53261,The Boomsday Project (BOOMSDAY),BOT_448,Damaged Stegotron,受损的机械剑龙,Battlecry|Taunt,YELLOW,implemented,partial,2 个机制缺少充分的核心效果验证；逐机制依据见 card_mechanism.csv。,card_mechanism.csv#BOT_448; generic-play-smoke:played,聚合状态取该卡最差机制；普通烟测只证明可执行，不能单独构成 GREEN。,ordinary_collectible,MINION,yes,fireplace/cards/boomsday/neutral_common.py:102,Taunt Battlecry: Deal 6 damage to this minion.
17.6.0.53261,The Boomsday Project (BOOMSDAY),BOT_451,Voltaic Burst,流电爆裂,Overload|Spell resolution|Summon,YELLOW,implemented,partial,2 个机制缺少充分的核心效果验证；逐机制依据见 card_mechanism.csv。,card_mechanism.csv#BOT_451; generic-play-smoke:played; effect-evidence: reports/card_quality_full_2026-09-27/overload_reproductions.csv#BOT_451,聚合状态取该卡最差机制；普通烟测只证明可执行，不能单独构成 GREEN。,ordinary_collectible,SPELL,yes,fireplace/cards/boomsday/shaman.py:95,Summon two 1/1 Sparks with Rush. Overload: (1)
17.6.0.53261,The Boomsday Project (BOOMSDAY),BOT_453,Shooting Star,迸射流星,Spell resolution|Targeting,YELLOW,implemented,partial,2 个机制缺少充分的核心效果验证；逐机制依据见 card_mechanism.csv。,card_mechanism.csv#BOT_453; generic-play-smoke:played,聚合状态取该卡最差机制；普通烟测只证明可执行，不能单独构成 GREEN。,ordinary_collectible,SPELL,yes,fireplace/cards/boomsday/mage.py:74,Deal $1 damage to a minion and the minions next to it.
17.6.0.53261,The Boomsday Project (BOOMSDAY),BOT_507,Gloop Sprayer,黏液喷射者,Battlecry|Summon,YELLOW,implemented,partial,2 个机制缺少充分的核心效果验证；逐机制依据见 card_mechanism.csv。,card_mechanism.csv#BOT_507; generic-play-smoke:played,聚合状态取该卡最差机制；普通烟测只证明可执行，不能单独构成 GREEN。,ordinary_collectible,MINION,yes,fireplace/cards/boomsday/druid.py:69,Battlecry: Summon a copy of each adjacent minion.
17.6.0.53261,The Boomsday Project (BOOMSDAY),BOT_508,Necrium Vial,死金药剂,Spell resolution|Targeting,YELLOW,implemented,partial,2 个机制缺少充分的核心效果验证；逐机制依据见 card_mechanism.csv。,card_mechanism.csv#BOT_508; generic-play-smoke:unplayable_in_generic_setup,聚合状态取该卡最差机制；普通烟测只证明可执行，不能单独构成 GREEN。,ordinary_collectible,SPELL,yes,fireplace/cards/boomsday/rogue.py:100,Trigger a friendly minion's Deathrattle twice.
17.6.0.53261,The Boomsday Project (BOOMSDAY),BOT_509,Dead Ringer,丧钟机器人,Deathrattle|Draw / Discard,YELLOW,implemented,partial,2 个机制缺少充分的核心效果验证；逐机制依据见 card_mechanism.csv。,card_mechanism.csv#BOT_509; generic-play-smoke:played,聚合状态取该卡最差机制；普通烟测只证明可执行，不能单独构成 GREEN。,ordinary_collectible,MINION,yes,fireplace/cards/boomsday/priest.py:29,Deathrattle: Draw a Deathrattle minion from your deck.
17.6.0.53261,The Boomsday Project (BOOMSDAY),BOT_511,Seaforium Bomber,爆盐投弹手,Battlecry|Trigger,YELLOW,implemented,partial,2 个机制缺少充分的核心效果验证；逐机制依据见 card_mechanism.csv。,card_mechanism.csv#BOT_511; generic-play-smoke:played,聚合状态取该卡最差机制；普通烟测只证明可执行，不能单独构成 GREEN。,ordinary_collectible,MINION,yes,fireplace/cards/boomsday/neutral_epic.py:46,"[x]Battlecry: Shuffle a Bomb into your opponent's deck. When drawn, it explodes for 5 damage."
17.6.0.53261,The Boomsday Project (BOOMSDAY),BOT_517,Topsy Turvy,引力翻转,Spell resolution|Targeting,YELLOW,implemented,partial,2 个机制缺少充分的核心效果验证；逐机制依据见 card_mechanism.csv。,card_mechanism.csv#BOT_517; generic-play-smoke:played,聚合状态取该卡最差机制；普通烟测只证明可执行，不能单独构成 GREEN。,ordinary_collectible,SPELL,yes,fireplace/cards/boomsday/priest.py:96,Swap a minion's Attack and Health.
17.6.0.53261,The Boomsday Project (BOOMSDAY),BOT_521,Ectomancy,炼魂术,Spell resolution|Summon,YELLOW,implemented,partial,2 个机制缺少充分的核心效果验证；逐机制依据见 card_mechanism.csv。,card_mechanism.csv#BOT_521; generic-play-smoke:played,聚合状态取该卡最差机制；普通烟测只证明可执行，不能单独构成 GREEN。,ordinary_collectible,SPELL,yes,fireplace/cards/boomsday/warlock.py:75,Summon copies of all Demons you control.
17.6.0.53261,The Boomsday Project (BOOMSDAY),BOT_523,Mulchmuncher,植被破碎机,Cost modification|Rush,YELLOW,implemented,partial,2 个机制缺少充分的核心效果验证；逐机制依据见 card_mechanism.csv。,card_mechanism.csv#BOT_523; generic-play-smoke:played,聚合状态取该卡最差机制；普通烟测只证明可执行，不能单独构成 GREEN。,ordinary_collectible,MINION,yes,fireplace/cards/boomsday/druid.py:80,Rush. Costs (1) less for each friendly Treant that died this game.
17.6.0.53261,The Boomsday Project (BOOMSDAY),BOT_529,Power Word: Replicate,真言术：仿,Spell resolution|Summon|Targeting,YELLOW,implemented,partial,3 个机制缺少充分的核心效果验证；逐机制依据见 card_mechanism.csv。,card_mechanism.csv#BOT_529; generic-play-smoke:played,聚合状态取该卡最差机制；普通烟测只证明可执行，不能单独构成 GREEN。,ordinary_collectible,SPELL,yes,fireplace/cards/boomsday/priest.py:110,Choose a friendly minion. Summon a 5/5 copy of it.
17.6.0.53261,The Boomsday Project (BOOMSDAY),BOT_531,Celestial Emissary,星界密使,Battlecry|Spell Damage,YELLOW,implemented,partial,2 个机制缺少充分的核心效果验证；逐机制依据见 card_mechanism.csv。,card_mechanism.csv#BOT_531; generic-play-smoke:played,聚合状态取该卡最差机制；普通烟测只证明可执行，不能单独构成 GREEN。,ordinary_collectible,MINION,yes,fireplace/cards/boomsday/mage.py:22,Battlecry: Your next spell this turn has Spell Damage +2.
17.6.0.53261,The Boomsday Project (BOOMSDAY),BOT_532,Explodinator,投弹机器人,Battlecry|Summon,YELLOW,implemented,partial,2 个机制缺少充分的核心效果验证；逐机制依据见 card_mechanism.csv。,card_mechanism.csv#BOT_532; generic-play-smoke:played,聚合状态取该卡最差机制；普通烟测只证明可执行，不能单独构成 GREEN。,ordinary_collectible,MINION,yes,fireplace/cards/boomsday/neutral_common.py:109,Battlecry: Summon two 0/2 Goblin Bombs.
17.6.0.53261,The Boomsday Project (BOOMSDAY),BOT_533,Menacing Nimbus,凶恶的雨云,Battlecry|Random effects,YELLOW,implemented,partial,2 个机制缺少充分的核心效果验证；逐机制依据见 card_mechanism.csv。,card_mechanism.csv#BOT_533; generic-play-smoke:played,聚合状态取该卡最差机制；普通烟测只证明可执行，不能单独构成 GREEN。,ordinary_collectible,MINION,yes,fireplace/cards/boomsday/shaman.py:38,Battlecry: Add a random Elemental to your hand.
17.6.0.53261,The Boomsday Project (BOOMSDAY),BOT_534,Bull Dozer,机械推土牛,Divine Shield,YELLOW,implemented,partial,1 个机制缺少充分的核心效果验证；逐机制依据见 card_mechanism.csv。,card_mechanism.csv#BOT_534; generic-play-smoke:played,聚合状态取该卡最差机制；普通烟测只证明可执行，不能单独构成 GREEN。,ordinary_collectible,MINION,yes,,Divine Shield
17.6.0.53261,The Boomsday Project (BOOMSDAY),BOT_535,Microtech Controller,微机操控者,Battlecry|Summon,YELLOW,implemented,partial,2 个机制缺少充分的核心效果验证；逐机制依据见 card_mechanism.csv。,card_mechanism.csv#BOT_535; generic-play-smoke:played,聚合状态取该卡最差机制；普通烟测只证明可执行，不能单独构成 GREEN。,ordinary_collectible,MINION,yes,fireplace/cards/boomsday/neutral_common.py:116,Battlecry: Summon two 1/1 Microbots.
17.6.0.53261,The Boomsday Project (BOOMSDAY),BOT_536,Omega Agent,欧米茄探员,Battlecry|Summon,YELLOW,implemented,partial,2 个机制缺少充分的核心效果验证；逐机制依据见 card_mechanism.csv。,card_mechanism.csv#BOT_536; generic-play-smoke:played,聚合状态取该卡最差机制；普通烟测只证明可执行，不能单独构成 GREEN。,ordinary_collectible,MINION,yes,fireplace/cards/boomsday/warlock.py:42,"[x]Battlecry: If you have 10 Mana Crystals, summon  2 copies of this minion."
17.6.0.53261,The Boomsday Project (BOOMSDAY),BOT_537,Mechano-Egg,机械蛋,Deathrattle|Summon,YELLOW,implemented,partial,2 个机制缺少充分的核心效果验证；逐机制依据见 card_mechanism.csv。,card_mechanism.csv#BOT_537; generic-play-smoke:played,聚合状态取该卡最差机制；普通烟测只证明可执行，不能单独构成 GREEN。,ordinary_collectible,MINION,yes,fireplace/cards/boomsday/paladin.py:15,Deathrattle: Summon an 8/8 Robosaur.
17.6.0.53261,The Boomsday Project (BOOMSDAY),BOT_538,Spark Engine,火花引擎,Battlecry,YELLOW,implemented,partial,1 个机制缺少充分的核心效果验证；逐机制依据见 card_mechanism.csv。,card_mechanism.csv#BOT_538; generic-play-smoke:played,聚合状态取该卡最差机制；普通烟测只证明可执行，不能单独构成 GREEN。,ordinary_collectible,MINION,yes,fireplace/cards/boomsday/neutral_rare.py:63,Battlecry: Add a  1/1 Spark with Rush to your hand.
17.6.0.53261,The Boomsday Project (BOOMSDAY),BOT_539,Arcane Dynamo,奥能水母,Battlecry|Discover / Choice|Random effects,YELLOW,implemented,partial,3 个机制缺少充分的核心效果验证；逐机制依据见 card_mechanism.csv。,card_mechanism.csv#BOT_539; generic-play-smoke:played,聚合状态取该卡最差机制；普通烟测只证明可执行，不能单独构成 GREEN。,ordinary_collectible,MINION,yes,fireplace/cards/boomsday/neutral_rare.py:70,Battlecry: Discover a spell that costs (5) or more.
17.6.0.53261,The Boomsday Project (BOOMSDAY),BOT_540,E.M.P. Operative,电磁脉冲特工,Battlecry|Targeting,YELLOW,implemented,partial,2 个机制缺少充分的核心效果验证；逐机制依据见 card_mechanism.csv。,card_mechanism.csv#BOT_540; generic-play-smoke:played,聚合状态取该卡最差机制；普通烟测只证明可执行，不能单独构成 GREEN。,ordinary_collectible,MINION,yes,fireplace/cards/boomsday/neutral_epic.py:59,Battlecry: Destroy a Mech.
17.6.0.53261,The Boomsday Project (BOOMSDAY),BOT_543,Omega Mind,欧米茄灵能者,Battlecry,YELLOW,implemented,partial,1 个机制缺少充分的核心效果验证；逐机制依据见 card_mechanism.csv。,card_mechanism.csv#BOT_543; generic-play-smoke:played,聚合状态取该卡最差机制；普通烟测只证明可执行，不能单独构成 GREEN。,ordinary_collectible,MINION,yes,fireplace/cards/boomsday/shaman.py:45,"[x]Battlecry: If you have 10 Mana Crystals, your spells  have Lifesteal this turn."
17.6.0.53261,The Boomsday Project (BOOMSDAY),BOT_544,Loose Specimen,脱逃的样本,Battlecry|Random effects,YELLOW,implemented,partial,2 个机制缺少充分的核心效果验证；逐机制依据见 card_mechanism.csv。,card_mechanism.csv#BOT_544; generic-play-smoke:played,聚合状态取该卡最差机制；普通烟测只证明可执行，不能单独构成 GREEN。,ordinary_collectible,MINION,yes,fireplace/cards/boomsday/neutral_epic.py:71,Battlecry: Deal 6 damage randomly split among other friendly minions.
17.6.0.53261,The Boomsday Project (BOOMSDAY),BOT_548,Zilliax,奇利亚斯,Divine Shield|Lifesteal|Magnetic|Rush|Taunt,YELLOW,implemented,partial,5 个机制缺少充分的核心效果验证；逐机制依据见 card_mechanism.csv。,card_mechanism.csv#BOT_548; generic-play-smoke:played,聚合状态取该卡最差机制；普通烟测只证明可执行，不能单独构成 GREEN。,ordinary_collectible,MINION,yes,fireplace/cards/boomsday/neutral_legendary.py:18,"Magnetic Divine Shield, Taunt, Lifesteal, Rush"
17.6.0.53261,The Boomsday Project (BOOMSDAY),BOT_550,Electrowright,电能工匠,Battlecry,YELLOW,implemented,partial,1 个机制缺少充分的核心效果验证；逐机制依据见 card_mechanism.csv。,card_mechanism.csv#BOT_550; generic-play-smoke:played,聚合状态取该卡最差机制；普通烟测只证明可执行，不能单独构成 GREEN。,ordinary_collectible,MINION,yes,fireplace/cards/boomsday/neutral_common.py:123,"Battlecry: If you're holding a spell that costs (5) or more, gain +1/+1."
17.6.0.53261,The Boomsday Project (BOOMSDAY),BOT_552,Star Aligner,群星罗列者,Battlecry,YELLOW,implemented,partial,1 个机制缺少充分的核心效果验证；逐机制依据见 card_mechanism.csv。,card_mechanism.csv#BOT_552; generic-play-smoke:played,聚合状态取该卡最差机制；普通烟测只证明可执行，不能单独构成 GREEN。,ordinary_collectible,MINION,yes,fireplace/cards/boomsday/neutral_epic.py:78,"[x]Battlecry: If you control 3 minions with 7 Health, deal 7 damage to all enemies."
17.6.0.53261,The Boomsday Project (BOOMSDAY),BOT_555,Harbinger Celestia,星界使者塞雷西亚,Stealth|Trigger,YELLOW,implemented,partial,2 个机制缺少充分的核心效果验证；逐机制依据见 card_mechanism.csv。,card_mechanism.csv#BOT_555; generic-play-smoke:played,聚合状态取该卡最差机制；普通烟测只证明可执行，不能单独构成 GREEN。,ordinary_collectible,MINION,yes,fireplace/cards/boomsday/neutral_legendary.py:32,"[x]Stealth After your opponent plays a minion, become a copy of it."
17.6.0.53261,The Boomsday Project (BOOMSDAY),BOT_558,Test Subject,实验体,Deathrattle|Trigger,YELLOW,implemented,partial,1 个机制缺少充分的核心效果验证；逐机制依据见 card_mechanism.csv。,"card_mechanism.csv#BOT_558; generic-play-smoke:played; effect-evidence: fireplace/cards/CardDefs.xml#BOT_558; fireplace/cards/boomsday/priest.py:36; tests/test_carddb.py:49:test_deathrattle_scripts; smoke:death_processed_no_active_actions:pass_no_active_actions; delta={""friendly_field"":{""before"":[""BOT_558""],""after"":[]},""friendly_graveyard"":{""before"":[],""after"":[""BOT_558""]}}; prereq:pass;assertions={""spell_resolved_on_subject"":true,""subject_received_dynamic_deathrattle"":true,""subject_processed_death"":true,""cast_spell_returned_once"":true};observations={""subject_zone_before_death"":""Zone.PLAY"",""subject_buff_ids"":[""BOT_558e"",""CS2_004e""],""deathrattle_action_count"":1,""spell_id"":""CS2_004"",""subject_zone_after_death"":""Zone.GRAVEYARD"",""returned_spell_count"":1,""friendly_hand_id",聚合状态取该卡最差机制；普通烟测只证明可执行，不能单独构成 GREEN。,ordinary_collectible,MINION,yes,fireplace/cards/boomsday/priest.py:36,[x]Deathrattle: Return any spells you cast on this minion to your hand.
17.6.0.53261,The Boomsday Project (BOOMSDAY),BOT_559,Augmented Elekk,强能雷象,Trigger,YELLOW,implemented,partial,1 个机制缺少充分的核心效果验证；逐机制依据见 card_mechanism.csv。,card_mechanism.csv#BOT_559; generic-play-smoke:played,聚合状态取该卡最差机制；普通烟测只证明可执行，不能单独构成 GREEN。,ordinary_collectible,MINION,yes,fireplace/cards/boomsday/neutral_epic.py:88,"Whenever you shuffle a card into a deck, shuffle in an extra copy."
17.6.0.53261,The Boomsday Project (BOOMSDAY),BOT_562,Coppertail Imposter,伪装机器人,Battlecry,YELLOW,implemented,partial,1 个机制缺少充分的核心效果验证；逐机制依据见 card_mechanism.csv。,card_mechanism.csv#BOT_562; generic-play-smoke:played,聚合状态取该卡最差机制；普通烟测只证明可执行，不能单独构成 GREEN。,ordinary_collectible,MINION,yes,fireplace/cards/boomsday/neutral_common.py:133,Battlecry: Gain Stealth until your next turn.
17.6.0.53261,The Boomsday Project (BOOMSDAY),BOT_563,Wargear,战争机兵,Magnetic,YELLOW,implemented,partial,1 个机制缺少充分的核心效果验证；逐机制依据见 card_mechanism.csv。,card_mechanism.csv#BOT_563; generic-play-smoke:played,聚合状态取该卡最差机制；普通烟测只证明可执行，不能单独构成 GREEN。,ordinary_collectible,MINION,yes,fireplace/cards/boomsday/neutral_common.py:144,Magnetic
17.6.0.53261,The Boomsday Project (BOOMSDAY),BOT_565,Blightnozzle Crawler,荒疫爬行者,Deathrattle|Summon,YELLOW,implemented,partial,2 个机制缺少充分的核心效果验证；逐机制依据见 card_mechanism.csv。,card_mechanism.csv#BOT_565; generic-play-smoke:played,聚合状态取该卡最差机制；普通烟测只证明可执行，不能单独构成 GREEN。,ordinary_collectible,MINION,yes,fireplace/cards/boomsday/rogue.py:42,Deathrattle: Summon a 1/1 Ooze with Poisonous and Rush.
17.6.0.53261,The Boomsday Project (BOOMSDAY),BOT_566,Reckless Experimenter,鲁莽的实验者,Aura|Continuous effect / Update|Cost modification|Trigger,YELLOW,implemented,partial,4 个机制缺少充分的核心效果验证；逐机制依据见 card_mechanism.csv。,card_mechanism.csv#BOT_566; generic-play-smoke:played,聚合状态取该卡最差机制；普通烟测只证明可执行，不能单独构成 GREEN。,ordinary_collectible,MINION,yes,fireplace/cards/boomsday/priest.py:48,"[x]Deathrattle minions you play cost (3) less, but die at the end of the turn."
17.6.0.53261,The Boomsday Project (BOOMSDAY),BOT_567,Zerek's Cloning Gallery,泽里克的克隆展,Spell resolution|Summon,YELLOW,implemented,partial,2 个机制缺少充分的核心效果验证；逐机制依据见 card_mechanism.csv。,card_mechanism.csv#BOT_567; generic-play-smoke:played,聚合状态取该卡最差机制；普通烟测只证明可执行，不能单独构成 GREEN。,ordinary_collectible,SPELL,yes,fireplace/cards/boomsday/priest.py:128,Summon a 1/1 copy of each minion in your deck.
17.6.0.53261,The Boomsday Project (BOOMSDAY),BOT_568,The Soularium,莫瑞甘的灵界,Draw / Discard|Spell resolution|Trigger,YELLOW,implemented,partial,3 个机制缺少充分的核心效果验证；逐机制依据见 card_mechanism.csv。,card_mechanism.csv#BOT_568; generic-play-smoke:played,聚合状态取该卡最差机制；普通烟测只证明可执行，不能单独构成 GREEN。,ordinary_collectible,SPELL,yes,fireplace/cards/boomsday/warlock.py:85,"Draw 3 cards. At the end of your turn, discard them."
17.6.0.53261,The Boomsday Project (BOOMSDAY),BOT_573,Subject 9,实验体9号,Battlecry|Draw / Discard,YELLOW,implemented,partial,2 个机制缺少充分的核心效果验证；逐机制依据见 card_mechanism.csv。,card_mechanism.csv#BOT_573; generic-play-smoke:played,聚合状态取该卡最差机制；普通烟测只证明可执行，不能单独构成 GREEN。,ordinary_collectible,MINION,yes,fireplace/cards/boomsday/neutral_legendary.py:39,Battlecry: Draw 5 different Secrets from your deck.
17.6.0.53261,The Boomsday Project (BOOMSDAY),BOT_576,Crazed Chemist,疯狂的药剂师,Combo|Targeting,YELLOW,implemented,partial,2 个机制缺少充分的核心效果验证；逐机制依据见 card_mechanism.csv。,card_mechanism.csv#BOT_576; generic-play-smoke:played,聚合状态取该卡最差机制；普通烟测只证明可执行，不能单独构成 GREEN。,ordinary_collectible,MINION,yes,fireplace/cards/boomsday/rogue.py:49,Combo: Give a friendly minion +4 Attack.
17.6.0.53261,The Boomsday Project (BOOMSDAY),BOT_600,Research Project,研发计划,Draw / Discard|Spell resolution,YELLOW,implemented,partial,2 个机制缺少充分的核心效果验证；逐机制依据见 card_mechanism.csv。,card_mechanism.csv#BOT_600; generic-play-smoke:played,聚合状态取该卡最差机制；普通烟测只证明可执行，不能单独构成 GREEN。,ordinary_collectible,SPELL,yes,fireplace/cards/boomsday/mage.py:85,Each player draws 2 cards.
17.6.0.53261,The Boomsday Project (BOOMSDAY),BOT_601,Meteorologist,气象学家,Battlecry|Random effects,YELLOW,implemented,partial,2 个机制缺少充分的核心效果验证；逐机制依据见 card_mechanism.csv。,card_mechanism.csv#BOT_601; generic-play-smoke:played,聚合状态取该卡最差机制；普通烟测只证明可执行，不能单独构成 GREEN。,ordinary_collectible,MINION,yes,fireplace/cards/boomsday/mage.py:34,"Battlecry: For each card in your hand, deal 1 damage to a random enemy."
17.6.0.53261,The Boomsday Project (BOOMSDAY),BOT_603,Steel Rager,钢铁暴怒者,Rush,YELLOW,implemented,partial,1 个机制缺少充分的核心效果验证；逐机制依据见 card_mechanism.csv。,card_mechanism.csv#BOT_603; generic-play-smoke:played,聚合状态取该卡最差机制；普通烟测只证明可执行，不能单独构成 GREEN。,ordinary_collectible,MINION,yes,,Rush
17.6.0.53261,The Boomsday Project (BOOMSDAY),BOT_604,Cosmic Anomaly,宇宙异象,Spell Damage,YELLOW,implemented,partial,1 个机制缺少充分的核心效果验证；逐机制依据见 card_mechanism.csv。,card_mechanism.csv#BOT_604; generic-play-smoke:played,聚合状态取该卡最差机制；普通烟测只证明可执行，不能单独构成 GREEN。,ordinary_collectible,MINION,yes,,Spell Damage +2
17.6.0.53261,The Boomsday Project (BOOMSDAY),BOT_606,Kaboom Bot,爆爆机器人,Deathrattle|Random effects,YELLOW,implemented,partial,2 个机制缺少充分的核心效果验证；逐机制依据见 card_mechanism.csv。,card_mechanism.csv#BOT_606; generic-play-smoke:played,聚合状态取该卡最差机制；普通烟测只证明可执行，不能单独构成 GREEN。,ordinary_collectible,MINION,yes,fireplace/cards/boomsday/neutral_common.py:151,Deathrattle: Deal 4 damage to a random enemy minion.
17.6.0.53261,The Boomsday Project (BOOMSDAY),BOT_700,SN1P-SN4P,大铡蟹,Deathrattle|Echo|Magnetic|Summon,YELLOW,implemented,partial,4 个机制缺少充分的核心效果验证；逐机制依据见 card_mechanism.csv。,card_mechanism.csv#BOT_700; generic-play-smoke:played,聚合状态取该卡最差机制；普通烟测只证明可执行，不能单独构成 GREEN。,ordinary_collectible,MINION,yes,fireplace/cards/boomsday/neutral_legendary.py:46,"Magnetic, Echo Deathrattle: Summon two 1/1 Microbots."
17.6.0.53261,The Boomsday Project (BOOMSDAY),BOT_906,Glow-Tron,格洛顿,Magnetic,YELLOW,implemented,partial,1 个机制缺少充分的核心效果验证；逐机制依据见 card_mechanism.csv。,card_mechanism.csv#BOT_906; generic-play-smoke:played,聚合状态取该卡最差机制；普通烟测只证明可执行，不能单独构成 GREEN。,ordinary_collectible,MINION,yes,fireplace/cards/boomsday/paladin.py:22,Magnetic
17.6.0.53261,The Boomsday Project (BOOMSDAY),BOT_907,Galvanizer,通电机器人,Battlecry|Cost modification,YELLOW,implemented,partial,2 个机制缺少充分的核心效果验证；逐机制依据见 card_mechanism.csv。,card_mechanism.csv#BOT_907; generic-play-smoke:played,聚合状态取该卡最差机制；普通烟测只证明可执行，不能单独构成 GREEN。,ordinary_collectible,MINION,yes,fireplace/cards/boomsday/neutral_rare.py:77,[x]Battlecry: Reduce the Cost of Mechs in your hand by (1).
17.6.0.53261,The Boomsday Project (BOOMSDAY),BOT_908,Autodefense Matrix,自动防御矩阵,Secret|Spell resolution|Trigger,YELLOW,implemented,partial,3 个机制缺少充分的核心效果验证；逐机制依据见 card_mechanism.csv。,card_mechanism.csv#BOT_908; generic-play-smoke:played,聚合状态取该卡最差机制；普通烟测只证明可执行，不能单独构成 GREEN。,ordinary_collectible,SPELL,yes,fireplace/cards/boomsday/paladin.py:92,"Secret: When one of your minions is attacked, give it Divine Shield."
17.6.0.53261,The Boomsday Project (BOOMSDAY),BOT_909,Crystology,水晶学,Draw / Discard|Spell resolution,YELLOW,implemented,partial,2 个机制缺少充分的核心效果验证；逐机制依据见 card_mechanism.csv。,card_mechanism.csv#BOT_909; generic-play-smoke:played,聚合状态取该卡最差机制；普通烟测只证明可执行，不能单独构成 GREEN。,ordinary_collectible,SPELL,yes,fireplace/cards/boomsday/paladin.py:101,[x]Draw two 1-Attack minions from your deck.
17.6.0.53261,The Boomsday Project (BOOMSDAY),BOT_910,Glowstone Technician,亮石技师,Battlecry,YELLOW,implemented,partial,1 个机制缺少充分的核心效果验证；逐机制依据见 card_mechanism.csv。,card_mechanism.csv#BOT_910; generic-play-smoke:played,聚合状态取该卡最差机制；普通烟测只证明可执行，不能单独构成 GREEN。,ordinary_collectible,MINION,yes,fireplace/cards/boomsday/paladin.py:29,Battlecry: Give all minions in your hand +2/+2.
17.6.0.53261,The Boomsday Project (BOOMSDAY),BOT_911,Annoy-o-Module,吵吵模组,Divine Shield|Magnetic|Taunt,YELLOW,implemented,partial,3 个机制缺少充分的核心效果验证；逐机制依据见 card_mechanism.csv。,card_mechanism.csv#BOT_911; generic-play-smoke:played,聚合状态取该卡最差机制；普通烟测只证明可执行，不能单独构成 GREEN。,ordinary_collectible,MINION,yes,fireplace/cards/boomsday/paladin.py:39,Magnetic Divine Shield Taunt
17.6.0.53261,The Boomsday Project (BOOMSDAY),BOT_912,Kangor's Endless Army,坎格尔的无尽大军,Spell resolution|Summon,YELLOW,implemented,partial,2 个机制缺少充分的核心效果验证；逐机制依据见 card_mechanism.csv。,card_mechanism.csv#BOT_912; generic-play-smoke:unplayable_in_generic_setup,聚合状态取该卡最差机制；普通烟测只证明可执行，不能单独构成 GREEN。,ordinary_collectible,SPELL,yes,fireplace/cards/boomsday/paladin.py:108,Resurrect 3 friendly Mechs. They keep any Magnetic upgrades.
17.6.0.53261,The Boomsday Project (BOOMSDAY),BOT_913,Demonic Project,恶魔计划,Random effects|Spell resolution,YELLOW,implemented,partial,2 个机制缺少充分的核心效果验证；逐机制依据见 card_mechanism.csv。,card_mechanism.csv#BOT_913; generic-play-smoke:played,聚合状态取该卡最差机制；普通烟测只证明可执行，不能单独构成 GREEN。,ordinary_collectible,SPELL,yes,fireplace/cards/boomsday/warlock.py:99,Each player transforms a random minion in their hand into a Demon.
17.6.0.53261,The Boomsday Project (BOOMSDAY),BOT_914,Whizbang the Wonderful,神奇的威兹班,Deck construction,YELLOW,implemented,partial,1 个机制缺少充分的核心效果验证；逐机制依据见 card_mechanism.csv。,card_mechanism.csv#BOT_914; generic-play-smoke:played,聚合状态取该卡最差机制；普通烟测只证明可执行，不能单独构成 GREEN。,ordinary_collectible,MINION,yes,,You start the game with one of Whizbang's Wonderful Decks!
17.6.0.53261,The Witchwood (GILNEAS),GIL_116,Arcane Keysmith,奥术锁匠,Battlecry|Discover / Choice|Random effects|Summon,YELLOW,implemented,partial,4 个机制缺少充分的核心效果验证；逐机制依据见 card_mechanism.csv。,card_mechanism.csv#GIL_116; generic-play-smoke:played,聚合状态取该卡最差机制；普通烟测只证明可执行，不能单独构成 GREEN。,ordinary_collectible,MINION,yes,fireplace/cards/witchwood/mage.py:8,Battlecry: Discover a Secret. Put it into the battlefield.
17.6.0.53261,The Witchwood (GILNEAS),GIL_117,Worgen Abomination,狼人憎恶,Trigger,YELLOW,implemented,partial,1 个机制缺少充分的核心效果验证；逐机制依据见 card_mechanism.csv。,card_mechanism.csv#GIL_117; generic-play-smoke:played,聚合状态取该卡最差机制；普通烟测只证明可执行，不能单独构成 GREEN。,ordinary_collectible,MINION,yes,fireplace/cards/witchwood/neutral_epic.py:8,"At the end of your turn, deal 2 damage to all other damaged minions."
17.6.0.53261,The Witchwood (GILNEAS),GIL_118,Deranged Doctor,癫狂的医生,Deathrattle,YELLOW,implemented,partial,1 个机制缺少充分的核心效果验证；逐机制依据见 card_mechanism.csv。,card_mechanism.csv#GIL_118; generic-play-smoke:played,聚合状态取该卡最差机制；普通烟测只证明可执行，不能单独构成 GREEN。,ordinary_collectible,MINION,yes,fireplace/cards/witchwood/neutral_common.py:8,Deathrattle: Restore #8 Health to your hero.
17.6.0.53261,The Witchwood (GILNEAS),GIL_119,Cauldron Elemental,坩埚元素,Aura|Continuous effect / Update,YELLOW,implemented,partial,2 个机制缺少充分的核心效果验证；逐机制依据见 card_mechanism.csv。,card_mechanism.csv#GIL_119; generic-play-smoke:played,聚合状态取该卡最差机制；普通烟测只证明可执行，不能单独构成 GREEN。,ordinary_collectible,MINION,yes,fireplace/cards/witchwood/neutral_common.py:15,Your other Elementals have +2 Attack.
17.6.0.53261,The Witchwood (GILNEAS),GIL_120,Furious Ettin,暴怒的双头巨人,Taunt,YELLOW,implemented,partial,1 个机制缺少充分的核心效果验证；逐机制依据见 card_mechanism.csv。,card_mechanism.csv#GIL_120; generic-play-smoke:played,聚合状态取该卡最差机制；普通烟测只证明可执行，不能单独构成 GREEN。,ordinary_collectible,MINION,yes,,Taunt
17.6.0.53261,The Witchwood (GILNEAS),GIL_121,Darkmire Moonkin,黑沼枭兽,Spell Damage,YELLOW,implemented,partial,1 个机制缺少充分的核心效果验证；逐机制依据见 card_mechanism.csv。,card_mechanism.csv#GIL_121; generic-play-smoke:played,聚合状态取该卡最差机制；普通烟测只证明可执行，不能单独构成 GREEN。,ordinary_collectible,MINION,yes,,Spell Damage +2
17.6.0.53261,The Witchwood (GILNEAS),GIL_124,Mossy Horror,苔藓恐魔,Battlecry,YELLOW,implemented,partial,1 个机制缺少充分的核心效果验证；逐机制依据见 card_mechanism.csv。,card_mechanism.csv#GIL_124; generic-play-smoke:played,聚合状态取该卡最差机制；普通烟测只证明可执行，不能单独构成 GREEN。,ordinary_collectible,MINION,yes,fireplace/cards/witchwood/neutral_epic.py:15,Battlecry: Destroy all other minions with 2 or less Attack.
17.6.0.53261,The Witchwood (GILNEAS),GIL_125,Mad Hatter,疯帽客,Battlecry|Random effects,YELLOW,implemented,partial,2 个机制缺少充分的核心效果验证；逐机制依据见 card_mechanism.csv。,card_mechanism.csv#GIL_125; generic-play-smoke:played,聚合状态取该卡最差机制；普通烟测只证明可执行，不能单独构成 GREEN。,ordinary_collectible,MINION,yes,fireplace/cards/witchwood/neutral_rare.py:8,[x]Battlecry: Randomly toss 3 hats to other minions. Each hat gives +1/+1.
17.6.0.53261,The Witchwood (GILNEAS),GIL_128,Emeriss,艾莫莉丝,Battlecry,YELLOW,implemented,partial,1 个机制缺少充分的核心效果验证；逐机制依据见 card_mechanism.csv。,card_mechanism.csv#GIL_128; generic-play-smoke:played,聚合状态取该卡最差机制；普通烟测只证明可执行，不能单独构成 GREEN。,ordinary_collectible,MINION,yes,fireplace/cards/witchwood/hunter.py:8,Battlecry: Double the Attack and Health of all minions in your hand.
17.6.0.53261,The Witchwood (GILNEAS),GIL_134,Holy Water,圣水,Spell resolution|Targeting,YELLOW,implemented,partial,2 个机制缺少充分的核心效果验证；逐机制依据见 card_mechanism.csv。,card_mechanism.csv#GIL_134; generic-play-smoke:played,聚合状态取该卡最差机制；普通烟测只证明可执行，不能单独构成 GREEN。,ordinary_collectible,SPELL,yes,fireplace/cards/witchwood/priest.py:96,"Deal $4 damage to a minion. If that kills it, add a copy of it to your hand."
17.6.0.53261,The Witchwood (GILNEAS),GIL_142,Chameleos,变色龙卡米洛斯,Transform|Trigger,YELLOW,implemented,partial,2 个机制缺少充分的核心效果验证；逐机制依据见 card_mechanism.csv。,card_mechanism.csv#GIL_142; generic-play-smoke:played,聚合状态取该卡最差机制；普通烟测只证明可执行，不能单独构成 GREEN。,ordinary_collectible,MINION,yes,fireplace/cards/witchwood/priest.py:8,"Each turn this is in your hand, transform it into a card your opponent is holding."
17.6.0.53261,The Witchwood (GILNEAS),GIL_145,Sound the Bells!,敲响警钟,Echo|Spell resolution|Targeting,YELLOW,implemented,partial,3 个机制缺少充分的核心效果验证；逐机制依据见 card_mechanism.csv。,card_mechanism.csv#GIL_145; generic-play-smoke:played,聚合状态取该卡最差机制；普通烟测只证明可执行，不能单独构成 GREEN。,ordinary_collectible,SPELL,yes,fireplace/cards/witchwood/paladin.py:57,Echo Give a minion +1/+2.
17.6.0.53261,The Witchwood (GILNEAS),GIL_147,Cinderstorm,燃烬风暴,Random effects|Spell resolution,YELLOW,implemented,partial,2 个机制缺少充分的核心效果验证；逐机制依据见 card_mechanism.csv。,card_mechanism.csv#GIL_147; generic-play-smoke:played,聚合状态取该卡最差机制；普通烟测只证明可执行，不能单独构成 GREEN。,ordinary_collectible,SPELL,yes,fireplace/cards/witchwood/mage.py:75,Deal $5 damage randomly split among all enemies.
17.6.0.53261,The Witchwood (GILNEAS),GIL_152,Blackhowl Gunspire,黑嚎炮塔,Random effects|Trigger,YELLOW,implemented,partial,2 个机制缺少充分的核心效果验证；逐机制依据见 card_mechanism.csv。,card_mechanism.csv#GIL_152; generic-play-smoke:played,聚合状态取该卡最差机制；普通烟测只证明可执行，不能单独构成 GREEN。,ordinary_collectible,MINION,yes,fireplace/cards/witchwood/warrior.py:8,"[x]Can't attack. Whenever this minion takes damage, deal 3 damage to a random enemy."
17.6.0.53261,The Witchwood (GILNEAS),GIL_155,Redband Wasp,赤环蜂,Rush,YELLOW,implemented,partial,1 个机制缺少充分的核心效果验证；逐机制依据见 card_mechanism.csv。,card_mechanism.csv#GIL_155; generic-play-smoke:played,聚合状态取该卡最差机制；普通烟测只证明可执行，不能单独构成 GREEN。,ordinary_collectible,MINION,yes,fireplace/cards/witchwood/warrior.py:15,Rush Has +3 Attack while damaged.
17.6.0.53261,The Witchwood (GILNEAS),GIL_156,Quartz Elemental,石英元素,Continuous effect / Update,YELLOW,implemented,partial,1 个机制缺少充分的核心效果验证；逐机制依据见 card_mechanism.csv。,card_mechanism.csv#GIL_156; generic-play-smoke:played,聚合状态取该卡最差机制；普通烟测只证明可执行，不能单独构成 GREEN。,ordinary_collectible,MINION,yes,fireplace/cards/witchwood/priest.py:37,Can't attack while damaged.
17.6.0.53261,The Witchwood (GILNEAS),GIL_188,Druid of the Scythe,镰刀德鲁伊,Choose One|Transform,YELLOW,implemented,partial,2 个机制缺少充分的核心效果验证；逐机制依据见 card_mechanism.csv。,card_mechanism.csv#GIL_188; generic-play-smoke:played,聚合状态取该卡最差机制；普通烟测只证明可执行，不能单独构成 GREEN。,ordinary_collectible,MINION,yes,fireplace/cards/witchwood/druid.py:19,[x]Choose One - Transform into a 4/2 with Rush; or a 2/4 with Taunt.
17.6.0.53261,The Witchwood (GILNEAS),GIL_190,Nightscale Matriarch,夜鳞龙后,Summon|Trigger,YELLOW,implemented,partial,2 个机制缺少充分的核心效果验证；逐机制依据见 card_mechanism.csv。,card_mechanism.csv#GIL_190; generic-play-smoke:played,聚合状态取该卡最差机制；普通烟测只证明可执行，不能单独构成 GREEN。,ordinary_collectible,MINION,yes,fireplace/cards/witchwood/priest.py:44,"Whenever a friendly minion is healed, summon a 3/3 Whelp."
17.6.0.53261,The Witchwood (GILNEAS),GIL_191,Fiendish Circle,恶魔法阵,Spell resolution|Summon,YELLOW,implemented,partial,2 个机制缺少充分的核心效果验证；逐机制依据见 card_mechanism.csv。,card_mechanism.csv#GIL_191; generic-play-smoke:played,聚合状态取该卡最差机制；普通烟测只证明可执行，不能单独构成 GREEN。,ordinary_collectible,SPELL,yes,fireplace/cards/witchwood/warlock.py:83,[x]Summon four 1/1 Imps.
17.6.0.53261,The Witchwood (GILNEAS),GIL_198,Azalina Soulthief,窃魂者阿扎莉娜,Battlecry,YELLOW,implemented,partial,1 个机制缺少充分的核心效果验证；逐机制依据见 card_mechanism.csv。,card_mechanism.csv#GIL_198; generic-play-smoke:played,聚合状态取该卡最差机制；普通烟测只证明可执行，不能单独构成 GREEN。,ordinary_collectible,MINION,yes,fireplace/cards/witchwood/neutral_legendary.py:8,Battlecry: Replace your hand with a copy of your opponent's.
17.6.0.53261,The Witchwood (GILNEAS),GIL_200,Duskhaven Hunter,暮湾镇猎手,Stealth|Trigger,YELLOW,implemented,partial,2 个机制缺少充分的核心效果验证；逐机制依据见 card_mechanism.csv。,card_mechanism.csv#GIL_200; generic-play-smoke:played,聚合状态取该卡最差机制；普通烟测只证明可执行，不能单独构成 GREEN。,ordinary_collectible,MINION,yes,fireplace/cards/witchwood/hunter.py:24,"[x]Stealth Each turn this is in your hand, swap its Attack and Health."
17.6.0.53261,The Witchwood (GILNEAS),GIL_201,Pumpkin Peasant,南瓜农夫,Lifesteal|Trigger,YELLOW,implemented,partial,2 个机制缺少充分的核心效果验证；逐机制依据见 card_mechanism.csv。,card_mechanism.csv#GIL_201; generic-play-smoke:played,聚合状态取该卡最差机制；普通烟测只证明可执行，不能单独构成 GREEN。,ordinary_collectible,MINION,yes,fireplace/cards/witchwood/neutral_common.py:25,"[x]Lifesteal Each turn this is in your hand, swap its Attack and Health."
17.6.0.53261,The Witchwood (GILNEAS),GIL_202,Gilnean Royal Guard,吉尔尼斯皇家卫兵,Divine Shield|Rush|Trigger,YELLOW,implemented,partial,3 个机制缺少充分的核心效果验证；逐机制依据见 card_mechanism.csv。,card_mechanism.csv#GIL_202; generic-play-smoke:played,聚合状态取该卡最差机制；普通烟测只证明可执行，不能单独构成 GREEN。,ordinary_collectible,MINION,yes,fireplace/cards/witchwood/neutral_rare.py:22,"[x]Divine Shield, Rush Each turn this is in your hand, swap its Attack and Health."
17.6.0.53261,The Witchwood (GILNEAS),GIL_203,Rebuke,责难,Cost modification|Spell resolution,YELLOW,implemented,partial,2 个机制缺少充分的核心效果验证；逐机制依据见 card_mechanism.csv。,card_mechanism.csv#GIL_203; generic-play-smoke:played,聚合状态取该卡最差机制；普通烟测只证明可执行，不能单独构成 GREEN。,ordinary_collectible,SPELL,yes,fireplace/cards/witchwood/paladin.py:71,Enemy spells cost (5) more next turn.
17.6.0.53261,The Witchwood (GILNEAS),GIL_207,Phantom Militia,魅影民兵,Echo|Taunt,YELLOW,implemented,partial,2 个机制缺少充分的核心效果验证；逐机制依据见 card_mechanism.csv。,card_mechanism.csv#GIL_207; generic-play-smoke:played,聚合状态取该卡最差机制；普通烟测只证明可执行，不能单独构成 GREEN。,ordinary_collectible,MINION,yes,,Echo Taunt
17.6.0.53261,The Witchwood (GILNEAS),GIL_212,Ravencaller,唤鸦者,Battlecry|Random effects,YELLOW,implemented,partial,2 个机制缺少充分的核心效果验证；逐机制依据见 card_mechanism.csv。,card_mechanism.csv#GIL_212; generic-play-smoke:played,聚合状态取该卡最差机制；普通烟测只证明可执行，不能单独构成 GREEN。,ordinary_collectible,MINION,yes,fireplace/cards/witchwood/neutral_common.py:41,[x]Battlecry: Add two random 1-Cost minions to your hand.
17.6.0.53261,The Witchwood (GILNEAS),GIL_213,Tanglefur Mystic,杂毛秘术师,Battlecry|Random effects,YELLOW,implemented,partial,2 个机制缺少充分的核心效果验证；逐机制依据见 card_mechanism.csv。,card_mechanism.csv#GIL_213; generic-play-smoke:played,聚合状态取该卡最差机制；普通烟测只证明可执行，不能单独构成 GREEN。,ordinary_collectible,MINION,yes,fireplace/cards/witchwood/neutral_common.py:48,Battlecry: Add a random 2-Cost minion to each player's hand.
17.6.0.53261,The Witchwood (GILNEAS),GIL_504,Hagatha the Witch,女巫哈加莎,Battlecry,YELLOW,implemented,partial,1 个机制缺少充分的核心效果验证；逐机制依据见 card_mechanism.csv。,card_mechanism.csv#GIL_504; generic-play-smoke:played,聚合状态取该卡最差机制；普通烟测只证明可执行，不能单独构成 GREEN。,ordinary_collectible,HERO,yes,fireplace/cards/witchwood/shaman.py:105,Battlecry: Deal 3 damage to all minions.
17.6.0.53261,The Witchwood (GILNEAS),GIL_506,Cheap Shot,偷袭,Echo|Spell resolution|Targeting,YELLOW,implemented,partial,3 个机制缺少充分的核心效果验证；逐机制依据见 card_mechanism.csv。,card_mechanism.csv#GIL_506; generic-play-smoke:played,聚合状态取该卡最差机制；普通烟测只证明可执行，不能单独构成 GREEN。,ordinary_collectible,SPELL,yes,fireplace/cards/witchwood/rogue.py:61,Echo  Deal $2 damage to a minion.
17.6.0.53261,The Witchwood (GILNEAS),GIL_507,Bewitched Guardian,失魂的守卫,Battlecry|Taunt,YELLOW,implemented,partial,2 个机制缺少充分的核心效果验证；逐机制依据见 card_mechanism.csv。,card_mechanism.csv#GIL_507; generic-play-smoke:played,聚合状态取该卡最差机制；普通烟测只证明可执行，不能单独构成 GREEN。,ordinary_collectible,MINION,yes,fireplace/cards/witchwood/druid.py:36,[x]Taunt Battlecry: Gain +1 Health  for each card in your hand.
17.6.0.53261,The Witchwood (GILNEAS),GIL_508,Duskbat,夜行蝙蝠,Battlecry|Summon,YELLOW,implemented,partial,2 个机制缺少充分的核心效果验证；逐机制依据见 card_mechanism.csv。,card_mechanism.csv#GIL_508; generic-play-smoke:played,聚合状态取该卡最差机制；普通烟测只证明可执行，不能单独构成 GREEN。,ordinary_collectible,MINION,yes,fireplace/cards/witchwood/warlock.py:8,"Battlecry: If your hero took damage this turn, summon two 1/1 Bats."
17.6.0.53261,The Witchwood (GILNEAS),GIL_510,Mistwraith,迷雾幽灵,Trigger,YELLOW,implemented,partial,1 个机制缺少充分的核心效果验证；逐机制依据见 card_mechanism.csv。,card_mechanism.csv#GIL_510; generic-play-smoke:played,聚合状态取该卡最差机制；普通烟测只证明可执行，不能单独构成 GREEN。,ordinary_collectible,MINION,yes,fireplace/cards/witchwood/rogue.py:8,"Whenever you play an Echo card, gain +1/+1."
17.6.0.53261,The Witchwood (GILNEAS),GIL_513,Lost Spirit,迷失的幽魂,Deathrattle,YELLOW,implemented,partial,1 个机制缺少充分的核心效果验证；逐机制依据见 card_mechanism.csv。,card_mechanism.csv#GIL_513; generic-play-smoke:played,聚合状态取该卡最差机制；普通烟测只证明可执行，不能单独构成 GREEN。,ordinary_collectible,MINION,yes,fireplace/cards/witchwood/neutral_common.py:55,Deathrattle: Give your minions +1 Attack.
17.6.0.53261,The Witchwood (GILNEAS),GIL_515,Ratcatcher,捕鼠人,Battlecry|Rush|Targeting,YELLOW,implemented,partial,3 个机制缺少充分的核心效果验证；逐机制依据见 card_mechanism.csv。,card_mechanism.csv#GIL_515; generic-play-smoke:played,聚合状态取该卡最差机制；普通烟测只证明可执行，不能单独构成 GREEN。,ordinary_collectible,MINION,yes,fireplace/cards/witchwood/warlock.py:16,Rush Battlecry: Destroy a friendly minion and gain its Attack and Health.
17.6.0.53261,The Witchwood (GILNEAS),GIL_518,Wing Blast,飞翼冲击,Continuous effect / Update|Cost modification|Spell resolution|Targeting|Trigger,YELLOW,implemented,partial,5 个机制缺少充分的核心效果验证；逐机制依据见 card_mechanism.csv。,card_mechanism.csv#GIL_518; generic-play-smoke:played,聚合状态取该卡最差机制；普通烟测只证明可执行，不能单独构成 GREEN。,ordinary_collectible,SPELL,yes,fireplace/cards/witchwood/hunter.py:74,"Deal $4 damage to a minion. If a minion died this turn, this costs (1)."
17.6.0.53261,The Witchwood (GILNEAS),GIL_526,Wyrmguard,龙骨卫士,Battlecry,YELLOW,implemented,partial,1 个机制缺少充分的核心效果验证；逐机制依据见 card_mechanism.csv。,card_mechanism.csv#GIL_526; generic-play-smoke:played,聚合状态取该卡最差机制；普通烟测只证明可执行，不能单独构成 GREEN。,ordinary_collectible,MINION,yes,fireplace/cards/witchwood/neutral_common.py:65,"Battlecry: If you're holding a Dragon, gain +1 Attack and Taunt."
17.6.0.53261,The Witchwood (GILNEAS),GIL_527,Felsoul Inquisitor,邪魂审判官,Lifesteal|Taunt,YELLOW,implemented,partial,2 个机制缺少充分的核心效果验证；逐机制依据见 card_mechanism.csv。,card_mechanism.csv#GIL_527; generic-play-smoke:played,聚合状态取该卡最差机制；普通烟测只证明可执行，不能单独构成 GREEN。,ordinary_collectible,MINION,yes,,Lifesteal Taunt
17.6.0.53261,The Witchwood (GILNEAS),GIL_528,Swift Messenger,迅捷的信使,Rush|Trigger,YELLOW,implemented,partial,2 个机制缺少充分的核心效果验证；逐机制依据见 card_mechanism.csv。,card_mechanism.csv#GIL_528; generic-play-smoke:played,聚合状态取该卡最差机制；普通烟测只证明可执行，不能单独构成 GREEN。,ordinary_collectible,MINION,yes,fireplace/cards/witchwood/neutral_common.py:76,"[x]Rush Each turn this is in your hand, swap its Attack and Health."
17.6.0.53261,The Witchwood (GILNEAS),GIL_529,Spellshifter,幻术士,Spell Damage|Trigger,YELLOW,implemented,partial,2 个机制缺少充分的核心效果验证；逐机制依据见 card_mechanism.csv。,card_mechanism.csv#GIL_529; generic-play-smoke:played,聚合状态取该卡最差机制；普通烟测只证明可执行，不能单独构成 GREEN。,ordinary_collectible,MINION,yes,fireplace/cards/witchwood/neutral_common.py:92,"[x]Spell Damage +1 Each turn this is in your hand, swap its Attack and Health."
17.6.0.53261,The Witchwood (GILNEAS),GIL_531,Witch's Apprentice,女巫的学徒,Battlecry|Random effects|Taunt,YELLOW,implemented,partial,3 个机制缺少充分的核心效果验证；逐机制依据见 card_mechanism.csv。,card_mechanism.csv#GIL_531; generic-play-smoke:played,聚合状态取该卡最差机制；普通烟测只证明可执行，不能单独构成 GREEN。,ordinary_collectible,MINION,yes,fireplace/cards/witchwood/shaman.py:19,Taunt Battlecry: Add a random Shaman spell to your hand.
17.6.0.53261,The Witchwood (GILNEAS),GIL_534,Hench-Clan Thug,荆棘帮暴徒,Trigger,YELLOW,implemented,partial,1 个机制缺少充分的核心效果验证；逐机制依据见 card_mechanism.csv。,card_mechanism.csv#GIL_534; generic-play-smoke:played,聚合状态取该卡最差机制；普通烟测只证明可执行，不能单独构成 GREEN。,ordinary_collectible,MINION,yes,fireplace/cards/witchwood/neutral_common.py:108,"After your hero attacks, give this minion +1/+1."
17.6.0.53261,The Witchwood (GILNEAS),GIL_537,Deadly Arsenal,致命武装,Spell resolution|Targeting,YELLOW,implemented,partial,2 个机制缺少充分的核心效果验证；逐机制依据见 card_mechanism.csv。,card_mechanism.csv#GIL_537; generic-play-smoke:played,聚合状态取该卡最差机制；普通烟测只证明可执行，不能单独构成 GREEN。,ordinary_collectible,SPELL,yes,fireplace/cards/witchwood/warrior.py:68,Reveal a weapon from your deck. Deal its Attack to all minions.
17.6.0.53261,The Witchwood (GILNEAS),GIL_543,Dark Possession,黑暗附体,Discover / Choice|Random effects|Spell resolution|Targeting,YELLOW,implemented,partial,4 个机制缺少充分的核心效果验证；逐机制依据见 card_mechanism.csv。,card_mechanism.csv#GIL_543; generic-play-smoke:played,聚合状态取该卡最差机制；普通烟测只证明可执行，不能单独构成 GREEN。,ordinary_collectible,SPELL,yes,fireplace/cards/witchwood/warlock.py:90,Deal $2 damage to a friendly character. Discover a Demon.
17.6.0.53261,The Witchwood (GILNEAS),GIL_545,Ghostly Charger,幽灵战马,Divine Shield|Rush,YELLOW,implemented,partial,2 个机制缺少充分的核心效果验证；逐机制依据见 card_mechanism.csv。,card_mechanism.csv#GIL_545; generic-play-smoke:played,聚合状态取该卡最差机制；普通烟测只证明可执行，不能单独构成 GREEN。,ordinary_collectible,MINION,yes,,Divine Shield Rush
17.6.0.53261,The Witchwood (GILNEAS),GIL_547,Darius Crowley,达利乌斯·克罗雷,Rush|Trigger,YELLOW,implemented,partial,2 个机制缺少充分的核心效果验证；逐机制依据见 card_mechanism.csv。,card_mechanism.csv#GIL_547; generic-play-smoke:played,聚合状态取该卡最差机制；普通烟测只证明可执行，不能单独构成 GREEN。,ordinary_collectible,MINION,yes,fireplace/cards/witchwood/warrior.py:25,"[x]Rush After this attacks and kills a minion, gain +2/+2."
17.6.0.53261,The Witchwood (GILNEAS),GIL_548,Book of Specters,怨灵之书,Draw / Discard|Spell resolution,YELLOW,implemented,partial,2 个机制缺少充分的核心效果验证；逐机制依据见 card_mechanism.csv。,card_mechanism.csv#GIL_548; generic-play-smoke:played,聚合状态取该卡最差机制；普通烟测只证明可执行，不能单独构成 GREEN。,ordinary_collectible,SPELL,yes,fireplace/cards/witchwood/mage.py:82,Draw 3 cards. Discard any spells drawn.
17.6.0.53261,The Witchwood (GILNEAS),GIL_549,"Toki, Time-Tinker",时光修补匠托奇,Battlecry|Random effects,YELLOW,implemented,partial,2 个机制缺少充分的核心效果验证；逐机制依据见 card_mechanism.csv。,card_mechanism.csv#GIL_549; generic-play-smoke:played,聚合状态取该卡最差机制；普通烟测只证明可执行，不能单独构成 GREEN。,ordinary_collectible,MINION,yes,fireplace/cards/witchwood/mage.py:23,[x]Battlecry: Add a random Legendary minion from the past to your hand.
17.6.0.53261,The Witchwood (GILNEAS),GIL_553,Wispering Woods,精灵之森,Spell resolution|Summon,YELLOW,implemented,partial,2 个机制缺少充分的核心效果验证；逐机制依据见 card_mechanism.csv。,card_mechanism.csv#GIL_553; generic-play-smoke:played,聚合状态取该卡最差机制；普通烟测只证明可执行，不能单独构成 GREEN。,ordinary_collectible,SPELL,yes,fireplace/cards/witchwood/druid.py:87,[x]Summon a 1/1 Wisp for each card in your hand.
17.6.0.53261,The Witchwood (GILNEAS),GIL_557,Cursed Castaway,被诅咒的海盗,Deathrattle|Draw / Discard|Rush,YELLOW,implemented,partial,3 个机制缺少充分的核心效果验证；逐机制依据见 card_mechanism.csv。,card_mechanism.csv#GIL_557; generic-play-smoke:played,聚合状态取该卡最差机制；普通烟测只证明可执行，不能单独构成 GREEN。,ordinary_collectible,MINION,yes,fireplace/cards/witchwood/rogue.py:18,Rush Deathrattle: Draw a Combo card from your deck.
17.6.0.53261,The Witchwood (GILNEAS),GIL_558,Swamp Leech,沼泽水蛭,Lifesteal,YELLOW,implemented,partial,1 个机制缺少充分的核心效果验证；逐机制依据见 card_mechanism.csv。,card_mechanism.csv#GIL_558; generic-play-smoke:played,聚合状态取该卡最差机制；普通烟测只证明可执行，不能单独构成 GREEN。,ordinary_collectible,MINION,yes,,Lifesteal
17.6.0.53261,The Witchwood (GILNEAS),GIL_561,Blackwald Pixie,黑樟林树精,Battlecry,YELLOW,implemented,partial,1 个机制缺少充分的核心效果验证；逐机制依据见 card_mechanism.csv。,card_mechanism.csv#GIL_561; generic-play-smoke:played,聚合状态取该卡最差机制；普通烟测只证明可执行，不能单独构成 GREEN。,ordinary_collectible,MINION,yes,fireplace/cards/witchwood/neutral_common.py:118,Battlecry: Refresh your Hero Power.
17.6.0.53261,The Witchwood (GILNEAS),GIL_562,Vilebrood Skitterer,邪巢诱捕蛛,Poisonous|Rush,YELLOW,implemented,partial,2 个机制缺少充分的核心效果验证；逐机制依据见 card_mechanism.csv。,card_mechanism.csv#GIL_562; generic-play-smoke:played,聚合状态取该卡最差机制；普通烟测只证明可执行，不能单独构成 GREEN。,ordinary_collectible,MINION,yes,,Poisonous Rush
17.6.0.53261,The Witchwood (GILNEAS),GIL_565,Deathweb Spider,逝网蜘蛛,Battlecry,YELLOW,implemented,partial,1 个机制缺少充分的核心效果验证；逐机制依据见 card_mechanism.csv。,card_mechanism.csv#GIL_565; generic-play-smoke:played,聚合状态取该卡最差机制；普通烟测只证明可执行，不能单独构成 GREEN。,ordinary_collectible,MINION,yes,fireplace/cards/witchwood/warlock.py:32,"Battlecry: If your hero took damage this turn, gain Lifesteal."
17.6.0.53261,The Witchwood (GILNEAS),GIL_571,Witching Hour,巫术时刻,Random effects|Spell resolution|Summon,YELLOW,implemented,partial,3 个机制缺少充分的核心效果验证；逐机制依据见 card_mechanism.csv。,card_mechanism.csv#GIL_571; generic-play-smoke:unplayable_in_generic_setup,聚合状态取该卡最差机制；普通烟测只证明可执行，不能单独构成 GREEN。,ordinary_collectible,SPELL,yes,fireplace/cards/witchwood/druid.py:94,Summon a random friendly Beast that died this game.
17.6.0.53261,The Witchwood (GILNEAS),GIL_577,Rat Trap,捕鼠陷阱,Secret|Spell resolution|Summon|Trigger,YELLOW,implemented,partial,4 个机制缺少充分的核心效果验证；逐机制依据见 card_mechanism.csv。,card_mechanism.csv#GIL_577; generic-play-smoke:played,聚合状态取该卡最差机制；普通烟测只证明可执行，不能单独构成 GREEN。,ordinary_collectible,SPELL,yes,fireplace/cards/witchwood/hunter.py:88,"[x]Secret: After your opponent plays three cards in a turn, summon a 6/6 Rat."
17.6.0.53261,The Witchwood (GILNEAS),GIL_578,Countess Ashmore,女伯爵阿莎摩尔,Battlecry|Draw / Discard,YELLOW,implemented,partial,2 个机制缺少充分的核心效果验证；逐机制依据见 card_mechanism.csv。,card_mechanism.csv#GIL_578; generic-play-smoke:played,聚合状态取该卡最差机制；普通烟测只证明可执行，不能单独构成 GREEN。,ordinary_collectible,MINION,yes,fireplace/cards/witchwood/neutral_legendary.py:15,"[x]Battlecry: Draw a Rush, Lifesteal, and Deathrattle card from your deck."
17.6.0.53261,The Witchwood (GILNEAS),GIL_580,Town Crier,城镇公告员,Battlecry|Draw / Discard,YELLOW,implemented,partial,2 个机制缺少充分的核心效果验证；逐机制依据见 card_mechanism.csv。,card_mechanism.csv#GIL_580; generic-play-smoke:played,聚合状态取该卡最差机制；普通烟测只证明可执行，不能单独构成 GREEN。,ordinary_collectible,MINION,yes,fireplace/cards/witchwood/warrior.py:37,Battlecry: Draw a Rush minion from your deck.
17.6.0.53261,The Witchwood (GILNEAS),GIL_581,Sandbinder,缚沙者,Battlecry|Draw / Discard,YELLOW,implemented,partial,2 个机制缺少充分的核心效果验证；逐机制依据见 card_mechanism.csv。,card_mechanism.csv#GIL_581; generic-play-smoke:played,聚合状态取该卡最差机制；普通烟测只证明可执行，不能单独构成 GREEN。,ordinary_collectible,MINION,yes,fireplace/cards/witchwood/neutral_epic.py:22,Battlecry: Draw an Elemental from your deck.
17.6.0.53261,The Witchwood (GILNEAS),GIL_583,Totem Cruncher,图腾啃食者,Battlecry|Taunt,YELLOW,implemented,partial,2 个机制缺少充分的核心效果验证；逐机制依据见 card_mechanism.csv。,card_mechanism.csv#GIL_583; generic-play-smoke:played,聚合状态取该卡最差机制；普通烟测只证明可执行，不能单独构成 GREEN。,ordinary_collectible,MINION,yes,fireplace/cards/witchwood/shaman.py:26,Taunt Battlecry: Destroy your Totems. Gain +2/+2 for each destroyed.
17.6.0.53261,The Witchwood (GILNEAS),GIL_584,Witchwood Piper,女巫森林吹笛人,Battlecry|Draw / Discard,YELLOW,implemented,partial,2 个机制缺少充分的核心效果验证；逐机制依据见 card_mechanism.csv。,card_mechanism.csv#GIL_584; generic-play-smoke:played,聚合状态取该卡最差机制；普通烟测只证明可执行，不能单独构成 GREEN。,ordinary_collectible,MINION,yes,fireplace/cards/witchwood/neutral_rare.py:39,[x]Battlecry: Draw the lowest Cost minion from your deck.
17.6.0.53261,The Witchwood (GILNEAS),GIL_586,Earthen Might,大地之力,Random effects|Spell resolution|Targeting,YELLOW,implemented,partial,3 个机制缺少充分的核心效果验证；逐机制依据见 card_mechanism.csv。,card_mechanism.csv#GIL_586; generic-play-smoke:played,聚合状态取该卡最差机制；普通烟测只证明可执行，不能单独构成 GREEN。,ordinary_collectible,SPELL,yes,fireplace/cards/witchwood/shaman.py:66,"[x]Give a minion +2/+2. If it's an Elemental, add a random Elemental to your hand."
17.6.0.53261,The Witchwood (GILNEAS),GIL_596,Silver Sword,银剑,Trigger|Weapon,YELLOW,implemented,partial,2 个机制缺少充分的核心效果验证；逐机制依据见 card_mechanism.csv。,card_mechanism.csv#GIL_596; generic-play-smoke:played,聚合状态取该卡最差机制；普通烟测只证明可执行，不能单独构成 GREEN。,ordinary_collectible,WEAPON,yes,fireplace/cards/witchwood/paladin.py:97,"After your hero attacks, give your minions +1/+1."
17.6.0.53261,The Witchwood (GILNEAS),GIL_598,Tess Greymane,苔丝·格雷迈恩,Battlecry,YELLOW,implemented,partial,1 个机制缺少充分的核心效果验证；逐机制依据见 card_mechanism.csv。,card_mechanism.csv#GIL_598; generic-play-smoke:played,聚合状态取该卡最差机制；普通烟测只证明可执行，不能单独构成 GREEN。,ordinary_collectible,MINION,yes,fireplace/cards/witchwood/rogue.py:25,[x]Battlecry: Replay every card from another class you've played this game (targets chosen randomly).
17.6.0.53261,The Witchwood (GILNEAS),GIL_600,Zap!,静电震击,Overload|Spell resolution|Targeting,YELLOW,implemented,partial,2 个机制缺少充分的核心效果验证；逐机制依据见 card_mechanism.csv。,card_mechanism.csv#GIL_600; generic-play-smoke:played; effect-evidence: reports/card_quality_full_2026-09-27/overload_reproductions.csv#GIL_600,聚合状态取该卡最差机制；普通烟测只证明可执行，不能单独构成 GREEN。,ordinary_collectible,SPELL,yes,fireplace/cards/witchwood/shaman.py:83,Deal $2 damage to a minion. Overload: (1)
17.6.0.53261,The Witchwood (GILNEAS),GIL_601,Scaleworm,巨鳞蠕虫,Battlecry,YELLOW,implemented,partial,1 个机制缺少充分的核心效果验证；逐机制依据见 card_mechanism.csv。,card_mechanism.csv#GIL_601; generic-play-smoke:played,聚合状态取该卡最差机制；普通烟测只证明可执行，不能单独构成 GREEN。,ordinary_collectible,MINION,yes,fireplace/cards/witchwood/neutral_rare.py:46,"Battlecry: If you're holding a Dragon, gain +1 Attack and Rush."
17.6.0.53261,The Witchwood (GILNEAS),GIL_607,Toxmonger,毒药贩子,Trigger,YELLOW,implemented,partial,1 个机制缺少充分的核心效果验证；逐机制依据见 card_mechanism.csv。,card_mechanism.csv#GIL_607; generic-play-smoke:played,聚合状态取该卡最差机制；普通烟测只证明可执行，不能单独构成 GREEN。,ordinary_collectible,MINION,yes,fireplace/cards/witchwood/hunter.py:49,"[x]Whenever you play a 1-Cost minion, give it Poisonous."
17.6.0.53261,The Witchwood (GILNEAS),GIL_607t,Hunting Mastiff,狩猎犬,Echo|Rush,YELLOW,implemented,partial,2 个机制缺少充分的核心效果验证；逐机制依据见 card_mechanism.csv。,card_mechanism.csv#GIL_607t; generic-play-smoke:played,聚合状态取该卡最差机制；普通烟测只证明可执行，不能单独构成 GREEN。,ordinary_collectible,MINION,yes,,Echo Rush
17.6.0.53261,The Witchwood (GILNEAS),GIL_614,Voodoo Doll,巫毒娃娃,Battlecry|Deathrattle|Targeting,YELLOW,implemented,partial,3 个机制缺少充分的核心效果验证；逐机制依据见 card_mechanism.csv。,card_mechanism.csv#GIL_614; generic-play-smoke:played,聚合状态取该卡最差机制；普通烟测只证明可执行，不能单独构成 GREEN。,ordinary_collectible,MINION,yes,fireplace/cards/witchwood/neutral_epic.py:29,Battlecry: Choose a minion. Deathrattle: Destroy the chosen minion.
17.6.0.53261,The Witchwood (GILNEAS),GIL_616,Splitting Festeroot,分裂腐树,Deathrattle|Summon,YELLOW,implemented,partial,2 个机制缺少充分的核心效果验证；逐机制依据见 card_mechanism.csv。,card_mechanism.csv#GIL_616; generic-play-smoke:played,聚合状态取该卡最差机制；普通烟测只证明可执行，不能单独构成 GREEN。,ordinary_collectible,MINION,yes,fireplace/cards/witchwood/neutral_epic.py:40,Deathrattle: Summon two 2/2 Splitting Saplings.
17.6.0.53261,The Witchwood (GILNEAS),GIL_618,Glinda Crowskin,格林达·鸦羽,Aura|Continuous effect / Update,YELLOW,implemented,partial,2 个机制缺少充分的核心效果验证；逐机制依据见 card_mechanism.csv。,card_mechanism.csv#GIL_618; generic-play-smoke:played,聚合状态取该卡最差机制；普通烟测只证明可执行，不能单独构成 GREEN。,ordinary_collectible,MINION,yes,fireplace/cards/witchwood/warlock.py:50,Minions in your hand have Echo.
17.6.0.53261,The Witchwood (GILNEAS),GIL_620,Dollmaster Dorian,人偶大师多里安,Draw / Discard|Summon|Trigger,YELLOW,implemented,partial,3 个机制缺少充分的核心效果验证；逐机制依据见 card_mechanism.csv。,card_mechanism.csv#GIL_620; generic-play-smoke:played,聚合状态取该卡最差机制；普通烟测只证明可执行，不能单独构成 GREEN。,ordinary_collectible,MINION,yes,fireplace/cards/witchwood/neutral_legendary.py:27,"Whenever you draw a minion, summon a 1/1 copy of it."
17.6.0.53261,The Witchwood (GILNEAS),GIL_622,Lifedrinker,吸血蚊,Battlecry,YELLOW,implemented,partial,1 个机制缺少充分的核心效果验证；逐机制依据见 card_mechanism.csv。,card_mechanism.csv#GIL_622; generic-play-smoke:played,聚合状态取该卡最差机制；普通烟测只证明可执行，不能单独构成 GREEN。,ordinary_collectible,MINION,yes,fireplace/cards/witchwood/neutral_rare.py:57,[x]Battlecry: Deal 3 damage to the enemy hero. Restore #3 Health to your hero.
17.6.0.53261,The Witchwood (GILNEAS),GIL_623,Witchwood Grizzly,女巫森林灰熊,Battlecry|Taunt,YELLOW,implemented,partial,2 个机制缺少充分的核心效果验证；逐机制依据见 card_mechanism.csv。,card_mechanism.csv#GIL_623; generic-play-smoke:played,聚合状态取该卡最差机制；普通烟测只证明可执行，不能单独构成 GREEN。,ordinary_collectible,MINION,yes,fireplace/cards/witchwood/neutral_rare.py:64,[x]Taunt Battlecry: Lose 1 Health for each card in your opponent's hand.
17.6.0.53261,The Witchwood (GILNEAS),GIL_624,Night Prowler,暗夜徘徊者,Battlecry,YELLOW,implemented,partial,1 个机制缺少充分的核心效果验证；逐机制依据见 card_mechanism.csv。,card_mechanism.csv#GIL_624; generic-play-smoke:played,聚合状态取该卡最差机制；普通烟测只证明可执行，不能单独构成 GREEN。,ordinary_collectible,MINION,yes,fireplace/cards/witchwood/neutral_rare.py:75,"Battlecry: If this is the only minion on the battlefield, gain +3/+3."
17.6.0.53261,The Witchwood (GILNEAS),GIL_634,Bellringer Sentry,警钟哨卫,Battlecry|Deathrattle|Summon,YELLOW,implemented,partial,3 个机制缺少充分的核心效果验证；逐机制依据见 card_mechanism.csv。,card_mechanism.csv#GIL_634; generic-play-smoke:played,聚合状态取该卡最差机制；普通烟测只证明可执行，不能单独构成 GREEN。,ordinary_collectible,MINION,yes,fireplace/cards/witchwood/paladin.py:8,Battlecry and Deathrattle: Put a Secret from your deck into the battlefield.
17.6.0.53261,The Witchwood (GILNEAS),GIL_635,Cathedral Gargoyle,教堂石像兽,Battlecry,YELLOW,implemented,partial,1 个机制缺少充分的核心效果验证；逐机制依据见 card_mechanism.csv。,card_mechanism.csv#GIL_635; generic-play-smoke:played,聚合状态取该卡最差机制；普通烟测只证明可执行，不能单独构成 GREEN。,ordinary_collectible,MINION,yes,fireplace/cards/witchwood/paladin.py:16,"Battlecry: If you're holding a Dragon, gain Taunt and Divine Shield."
17.6.0.53261,The Witchwood (GILNEAS),GIL_637,Ferocious Howl,凶猛咆哮,Draw / Discard|Spell resolution,YELLOW,implemented,partial,2 个机制缺少充分的核心效果验证；逐机制依据见 card_mechanism.csv。,card_mechanism.csv#GIL_637; generic-play-smoke:played,聚合状态取该卡最差机制；普通烟测只证明可执行，不能单独构成 GREEN。,ordinary_collectible,SPELL,yes,fireplace/cards/witchwood/druid.py:105,Draw a card. Gain 1 Armor for each card in your hand.
17.6.0.53261,The Witchwood (GILNEAS),GIL_640,Curio Collector,古董收藏家,Draw / Discard|Trigger,YELLOW,implemented,partial,2 个机制缺少充分的核心效果验证；逐机制依据见 card_mechanism.csv。,card_mechanism.csv#GIL_640; generic-play-smoke:played,聚合状态取该卡最差机制；普通烟测只证明可执行，不能单独构成 GREEN。,ordinary_collectible,MINION,yes,fireplace/cards/witchwood/mage.py:30,"Whenever you draw a card, gain +1/+1."
17.6.0.53261,The Witchwood (GILNEAS),GIL_645,Bonfire Elemental,篝火元素,Battlecry|Draw / Discard,YELLOW,implemented,partial,2 个机制缺少充分的核心效果验证；逐机制依据见 card_mechanism.csv。,card_mechanism.csv#GIL_645; generic-play-smoke:played,聚合状态取该卡最差机制；普通烟测只证明可执行，不能单独构成 GREEN。,ordinary_collectible,MINION,yes,fireplace/cards/witchwood/mage.py:40,"Battlecry: If you played an Elemental last turn, draw a card."
17.6.0.53261,The Witchwood (GILNEAS),GIL_646,Clockwork Automaton,发条机器人,Continuous effect / Update,YELLOW,implemented,partial,1 个机制缺少充分的核心效果验证；逐机制依据见 card_mechanism.csv。,card_mechanism.csv#GIL_646; generic-play-smoke:played,聚合状态取该卡最差机制；普通烟测只证明可执行，不能单独构成 GREEN。,ordinary_collectible,MINION,yes,fireplace/cards/witchwood/neutral_common.py:125,Double the damage and healing of your Hero Power.
17.6.0.53261,The Witchwood (GILNEAS),GIL_648,Chief Inspector,总督察,Battlecry,YELLOW,implemented,partial,1 个机制缺少充分的核心效果验证；逐机制依据见 card_mechanism.csv。,card_mechanism.csv#GIL_648; generic-play-smoke:played,聚合状态取该卡最差机制；普通烟测只证明可执行，不能单独构成 GREEN。,ordinary_collectible,MINION,yes,fireplace/cards/witchwood/neutral_rare.py:85,Battlecry: Destroy all enemy Secrets.
17.6.0.53261,The Witchwood (GILNEAS),GIL_650,Houndmaster Shaw,驯犬大师肖尔,Aura|Continuous effect / Update,YELLOW,implemented,partial,2 个机制缺少充分的核心效果验证；逐机制依据见 card_mechanism.csv。,card_mechanism.csv#GIL_650; generic-play-smoke:played,聚合状态取该卡最差机制；普通烟测只证明可执行，不能单独构成 GREEN。,ordinary_collectible,MINION,yes,fireplace/cards/witchwood/hunter.py:56,Your other minions have Rush.
17.6.0.53261,The Witchwood (GILNEAS),GIL_653,Woodcutter's Axe,樵夫之斧,Deathrattle|Random effects|Weapon,YELLOW,implemented,partial,3 个机制缺少充分的核心效果验证；逐机制依据见 card_mechanism.csv。,card_mechanism.csv#GIL_653; generic-play-smoke:played,聚合状态取该卡最差机制；普通烟测只证明可执行，不能单独构成 GREEN。,ordinary_collectible,WEAPON,yes,fireplace/cards/witchwood/warrior.py:91,Deathrattle: Give +2/+1 to a random friendly Rush minion.
17.6.0.53261,The Witchwood (GILNEAS),GIL_654,Warpath,战路,Echo|Spell resolution,YELLOW,implemented,partial,2 个机制缺少充分的核心效果验证；逐机制依据见 card_mechanism.csv。,card_mechanism.csv#GIL_654; generic-play-smoke:played,聚合状态取该卡最差机制；普通烟测只证明可执行，不能单独构成 GREEN。,ordinary_collectible,SPELL,yes,fireplace/cards/witchwood/warrior.py:77,Echo Deal $1 damage to all minions.
17.6.0.53261,The Witchwood (GILNEAS),GIL_655,Festeroot Hulk,腐树巨人,Trigger,YELLOW,implemented,partial,1 个机制缺少充分的核心效果验证；逐机制依据见 card_mechanism.csv。,card_mechanism.csv#GIL_655; generic-play-smoke:played,聚合状态取该卡最差机制；普通烟测只证明可执行，不能单独构成 GREEN。,ordinary_collectible,MINION,yes,fireplace/cards/witchwood/warrior.py:44,"After a friendly minion attacks, gain +1 Attack."
17.6.0.53261,The Witchwood (GILNEAS),GIL_658,Splintergraft,碎枝,Battlecry|Targeting,YELLOW,implemented,partial,2 个机制缺少充分的核心效果验证；逐机制依据见 card_mechanism.csv。,card_mechanism.csv#GIL_658; generic-play-smoke:played,聚合状态取该卡最差机制；普通烟测只证明可执行，不能单独构成 GREEN。,ordinary_collectible,MINION,yes,fireplace/cards/witchwood/druid.py:46,[x]Battlecry: Choose a friendly minion. Add a 10/10 copy to your hand that costs (10).
17.6.0.53261,The Witchwood (GILNEAS),GIL_661,Divine Hymn,神圣赞美诗,Spell resolution,YELLOW,implemented,partial,1 个机制缺少充分的核心效果验证；逐机制依据见 card_mechanism.csv。,card_mechanism.csv#GIL_661; generic-play-smoke:played,聚合状态取该卡最差机制；普通烟测只证明可执行，不能单独构成 GREEN。,ordinary_collectible,SPELL,yes,fireplace/cards/witchwood/priest.py:107,Restore #6 Health to all friendly characters.
17.6.0.53261,The Witchwood (GILNEAS),GIL_663,Witchwood Apple,女巫森林苹果,Spell resolution,YELLOW,implemented,partial,1 个机制缺少充分的核心效果验证；逐机制依据见 card_mechanism.csv。,card_mechanism.csv#GIL_663; generic-play-smoke:played,聚合状态取该卡最差机制；普通烟测只证明可执行，不能单独构成 GREEN。,ordinary_collectible,SPELL,yes,fireplace/cards/witchwood/druid.py:115,Add three 2/2 Treants to your hand.
17.6.0.53261,The Witchwood (GILNEAS),GIL_664,Vex Crow,三眼乌鸦,Random effects|Summon|Trigger,YELLOW,implemented,partial,3 个机制缺少充分的核心效果验证；逐机制依据见 card_mechanism.csv。,card_mechanism.csv#GIL_664; generic-play-smoke:played,聚合状态取该卡最差机制；普通烟测只证明可执行，不能单独构成 GREEN。,ordinary_collectible,MINION,yes,fireplace/cards/witchwood/mage.py:48,"Whenever you cast a spell, summon a random 2-Cost minion."
17.6.0.53261,The Witchwood (GILNEAS),GIL_665,Curse of Weakness,虚弱诅咒,Echo|Spell resolution,YELLOW,implemented,partial,2 个机制缺少充分的核心效果验证；逐机制依据见 card_mechanism.csv。,card_mechanism.csv#GIL_665; generic-play-smoke:played,聚合状态取该卡最差机制；普通烟测只证明可执行，不能单独构成 GREEN。,ordinary_collectible,SPELL,yes,fireplace/cards/witchwood/warlock.py:101,Echo Give all enemy minions -2 Attack until your next turn.
17.6.0.53261,The Witchwood (GILNEAS),GIL_667,Rotten Applebaum,腐烂的苹果树,Deathrattle|Taunt,YELLOW,implemented,partial,2 个机制缺少充分的核心效果验证；逐机制依据见 card_mechanism.csv。,card_mechanism.csv#GIL_667; generic-play-smoke:played,聚合状态取该卡最差机制；普通烟测只证明可执行，不能单独构成 GREEN。,ordinary_collectible,MINION,yes,fireplace/cards/witchwood/neutral_common.py:137,Taunt Deathrattle: Restore #4 Health to your hero.
17.6.0.53261,The Witchwood (GILNEAS),GIL_672,Spectral Cutlass,幽灵弯刀,Lifesteal|Trigger|Weapon,YELLOW,implemented,partial,3 个机制缺少充分的核心效果验证；逐机制依据见 card_mechanism.csv。,card_mechanism.csv#GIL_672; generic-play-smoke:played,聚合状态取该卡最差机制；普通烟测只证明可执行，不能单独构成 GREEN。,ordinary_collectible,WEAPON,yes,fireplace/cards/witchwood/rogue.py:94,"[x]Lifesteal Whenever you play a card from another class, gain +1 Durability."
17.6.0.53261,The Witchwood (GILNEAS),GIL_677,Face Collector,面具收集者,Battlecry|Echo|Random effects,YELLOW,implemented,partial,3 个机制缺少充分的核心效果验证；逐机制依据见 card_mechanism.csv。,card_mechanism.csv#GIL_677; generic-play-smoke:played,聚合状态取该卡最差机制；普通烟测只证明可执行，不能单独构成 GREEN。,ordinary_collectible,MINION,yes,fireplace/cards/witchwood/rogue.py:33,Echo Battlecry: Add a random Legendary minion to your hand.
17.6.0.53261,The Witchwood (GILNEAS),GIL_678,Ghost Light Angler,冥光鱼人,Echo,YELLOW,implemented,partial,1 个机制缺少充分的核心效果验证；逐机制依据见 card_mechanism.csv。,card_mechanism.csv#GIL_678; generic-play-smoke:played,聚合状态取该卡最差机制；普通烟测只证明可执行，不能单独构成 GREEN。,ordinary_collectible,MINION,yes,,Echo
17.6.0.53261,The Witchwood (GILNEAS),GIL_680,Walnut Sprite,胡桃精,Echo,YELLOW,implemented,partial,1 个机制缺少充分的核心效果验证；逐机制依据见 card_mechanism.csv。,card_mechanism.csv#GIL_680; generic-play-smoke:played,聚合状态取该卡最差机制；普通烟测只证明可执行，不能单独构成 GREEN。,ordinary_collectible,MINION,yes,,Echo
17.6.0.53261,The Witchwood (GILNEAS),GIL_681,Nightmare Amalgam,梦魇融合怪,All tribes,YELLOW,implemented,partial,1 个机制缺少充分的核心效果验证；逐机制依据见 card_mechanism.csv。,card_mechanism.csv#GIL_681; generic-play-smoke:played,聚合状态取该卡最差机制；普通烟测只证明可执行，不能单独构成 GREEN。,ordinary_collectible,MINION,yes,,"[x]This is an Elemental, Mech, Demon, Murloc, Dragon, Beast, Pirate and Totem."
17.6.0.53261,The Witchwood (GILNEAS),GIL_682,Muck Hunter,泥沼狩猎者,Battlecry|Rush|Summon,YELLOW,implemented,partial,3 个机制缺少充分的核心效果验证；逐机制依据见 card_mechanism.csv。,card_mechanism.csv#GIL_682; generic-play-smoke:played,聚合状态取该卡最差机制；普通烟测只证明可执行，不能单独构成 GREEN。,ordinary_collectible,MINION,yes,fireplace/cards/witchwood/neutral_epic.py:54,Rush Battlecry: Summon two 2/1 Mucklings for your opponent.
17.6.0.53261,The Witchwood (GILNEAS),GIL_683,Marsh Drake,沼泽飞龙,Battlecry|Summon,YELLOW,implemented,partial,2 个机制缺少充分的核心效果验证；逐机制依据见 card_mechanism.csv。,card_mechanism.csv#GIL_683; generic-play-smoke:played,聚合状态取该卡最差机制；普通烟测只证明可执行，不能单独构成 GREEN。,ordinary_collectible,MINION,yes,fireplace/cards/witchwood/neutral_common.py:144,Battlecry: Summon a 2/1 Poisonous Drakeslayer for your opponent.
17.6.0.53261,The Witchwood (GILNEAS),GIL_685,Paragon of Light,圣光楷模,Continuous effect / Update,YELLOW,implemented,partial,1 个机制缺少充分的核心效果验证；逐机制依据见 card_mechanism.csv。,card_mechanism.csv#GIL_685; generic-play-smoke:played,聚合状态取该卡最差机制；普通烟测只证明可执行，不能单独构成 GREEN。,ordinary_collectible,MINION,yes,fireplace/cards/witchwood/paladin.py:25,"While this minion has 3 or more Attack, it has Taunt and Lifesteal."
17.6.0.53261,The Witchwood (GILNEAS),GIL_687,WANTED!,通缉令,Spell resolution|Targeting,YELLOW,implemented,partial,2 个机制缺少充分的核心效果验证；逐机制依据见 card_mechanism.csv。,card_mechanism.csv#GIL_687; generic-play-smoke:played,聚合状态取该卡最差机制；普通烟测只证明可执行，不能单独构成 GREEN。,ordinary_collectible,SPELL,yes,fireplace/cards/witchwood/rogue.py:72,"Deal $3 damage to a minion. If that kills it, add a Coin to your hand."
17.6.0.53261,The Witchwood (GILNEAS),GIL_691,Archmage Arugal,大法师阿鲁高,Draw / Discard|Trigger,YELLOW,implemented,partial,2 个机制缺少充分的核心效果验证；逐机制依据见 card_mechanism.csv。,card_mechanism.csv#GIL_691; generic-play-smoke:played,聚合状态取该卡最差机制；普通烟测只证明可执行，不能单独构成 GREEN。,ordinary_collectible,MINION,yes,fireplace/cards/witchwood/mage.py:55,"Whenever you draw a minion, add a copy of it to your hand."
17.6.0.53261,The Witchwood (GILNEAS),GIL_693,Blood Witch,鲜血女巫,Trigger,YELLOW,implemented,partial,1 个机制缺少充分的核心效果验证；逐机制依据见 card_mechanism.csv。,card_mechanism.csv#GIL_693; generic-play-smoke:played,聚合状态取该卡最差机制；普通烟测只证明可执行，不能单独构成 GREEN。,ordinary_collectible,MINION,yes,fireplace/cards/witchwood/warlock.py:57,"At the start of your turn, deal 1 damage to your hero."
17.6.0.53261,The Witchwood (GILNEAS),GIL_694,Prince Liam,利亚姆王子,Battlecry|Random effects|Transform,YELLOW,implemented,partial,3 个机制缺少充分的核心效果验证；逐机制依据见 card_mechanism.csv。,card_mechanism.csv#GIL_694; generic-play-smoke:played,聚合状态取该卡最差机制；普通烟测只证明可执行，不能单独构成 GREEN。,ordinary_collectible,MINION,yes,fireplace/cards/witchwood/paladin.py:38,[x]Battlecry: Transform all 1-Cost cards in your deck  into Legendary minions.
17.6.0.53261,The Witchwood (GILNEAS),GIL_696,Pick Pocket,搜索,Echo|Random effects|Spell resolution,YELLOW,implemented,partial,3 个机制缺少充分的核心效果验证；逐机制依据见 card_mechanism.csv。,card_mechanism.csv#GIL_696; generic-play-smoke:played,聚合状态取该卡最差机制；普通烟测只证明可执行，不能单独构成 GREEN。,ordinary_collectible,SPELL,yes,fireplace/cards/witchwood/rogue.py:83,Echo Add a random card to your hand (from your opponent's class).
17.6.0.53261,The Witchwood (GILNEAS),GIL_800,Duskfallen Aviana,暮陨者艾维娜,Aura|Trigger,YELLOW,implemented,partial,2 个机制缺少充分的核心效果验证；逐机制依据见 card_mechanism.csv。,card_mechanism.csv#GIL_800; generic-play-smoke:played,聚合状态取该卡最差机制；普通烟测只证明可执行，不能单独构成 GREEN。,ordinary_collectible,MINION,yes,fireplace/cards/witchwood/druid.py:64,"On each player's turn, the first card played costs (0)."
17.6.0.53261,The Witchwood (GILNEAS),GIL_801,Snap Freeze,急速冷冻,Spell resolution|Targeting,YELLOW,implemented,partial,2 个机制缺少充分的核心效果验证；逐机制依据见 card_mechanism.csv。,card_mechanism.csv#GIL_801; generic-play-smoke:played,聚合状态取该卡最差机制；普通烟测只证明可执行，不能单独构成 GREEN。,ordinary_collectible,SPELL,yes,fireplace/cards/witchwood/mage.py:89,"Freeze a minion. If it's already Frozen, destroy it."
17.6.0.53261,The Witchwood (GILNEAS),GIL_803,Militia Commander,民兵指挥官,Battlecry|Rush,YELLOW,implemented,partial,2 个机制缺少充分的核心效果验证；逐机制依据见 card_mechanism.csv。,card_mechanism.csv#GIL_803; generic-play-smoke:played,聚合状态取该卡最差机制；普通烟测只证明可执行，不能单独构成 GREEN。,ordinary_collectible,MINION,yes,fireplace/cards/witchwood/warrior.py:54,Rush Battlecry: Gain +3 Attack this turn.
17.6.0.53261,The Witchwood (GILNEAS),GIL_805,Coffin Crasher,破棺者,Deathrattle|Summon,YELLOW,implemented,partial,2 个机制缺少充分的核心效果验证；逐机制依据见 card_mechanism.csv。,card_mechanism.csv#GIL_805; generic-play-smoke:played,聚合状态取该卡最差机制；普通烟测只证明可执行，不能单独构成 GREEN。,ordinary_collectible,MINION,yes,fireplace/cards/witchwood/priest.py:51,Deathrattle: Summon a Deathrattle minion from your hand.
17.6.0.53261,The Witchwood (GILNEAS),GIL_807,Bogshaper,塑沼者,Draw / Discard|Trigger,YELLOW,implemented,partial,2 个机制缺少充分的核心效果验证；逐机制依据见 card_mechanism.csv。,card_mechanism.csv#GIL_807; generic-play-smoke:played,聚合状态取该卡最差机制；普通烟测只证明可执行，不能单独构成 GREEN。,ordinary_collectible,MINION,yes,fireplace/cards/witchwood/shaman.py:36,"Whenever you cast a spell, draw a minion from your deck."
17.6.0.53261,The Witchwood (GILNEAS),GIL_809,Unpowered Steambot,破铜烂铁机器人,Taunt,YELLOW,implemented,partial,1 个机制缺少充分的核心效果验证；逐机制依据见 card_mechanism.csv。,card_mechanism.csv#GIL_809; generic-play-smoke:played,聚合状态取该卡最差机制；普通烟测只证明可执行，不能单独构成 GREEN。,ordinary_collectible,MINION,yes,,Taunt
17.6.0.53261,The Witchwood (GILNEAS),GIL_813,Vivid Nightmare,鲜活梦魇,Spell resolution|Summon|Targeting,YELLOW,implemented,partial,3 个机制缺少充分的核心效果验证；逐机制依据见 card_mechanism.csv。,card_mechanism.csv#GIL_813; generic-play-smoke:played,聚合状态取该卡最差机制；普通烟测只证明可执行，不能单独构成 GREEN。,ordinary_collectible,SPELL,yes,fireplace/cards/witchwood/priest.py:118,[x]Choose a friendly minion. Summon a copy of it with 1 Health remaining.
17.6.0.53261,The Witchwood (GILNEAS),GIL_815,Baleful Banker,恶毒的银行家,Battlecry|Targeting,YELLOW,implemented,partial,2 个机制缺少充分的核心效果验证；逐机制依据见 card_mechanism.csv。,card_mechanism.csv#GIL_815; generic-play-smoke:played,聚合状态取该卡最差机制；普通烟测只证明可执行，不能单独构成 GREEN。,ordinary_collectible,MINION,yes,fireplace/cards/witchwood/neutral_epic.py:61,Battlecry: Choose a friendly minion. Shuffle a copy into your deck.
17.6.0.53261,The Witchwood (GILNEAS),GIL_816,Swamp Dragon Egg,沼泽龙蛋,Deathrattle|Random effects,YELLOW,implemented,partial,2 个机制缺少充分的核心效果验证；逐机制依据见 card_mechanism.csv。,card_mechanism.csv#GIL_816; generic-play-smoke:played,聚合状态取该卡最差机制；普通烟测只证明可执行，不能单独构成 GREEN。,ordinary_collectible,MINION,yes,fireplace/cards/witchwood/neutral_common.py:151,Deathrattle: Add a random Dragon to your hand.
17.6.0.53261,The Witchwood (GILNEAS),GIL_817,The Glass Knight,玻璃骑士,Divine Shield|Trigger,YELLOW,implemented,partial,2 个机制缺少充分的核心效果验证；逐机制依据见 card_mechanism.csv。,card_mechanism.csv#GIL_817; generic-play-smoke:played,聚合状态取该卡最差机制；普通烟测只证明可执行，不能单独构成 GREEN。,ordinary_collectible,MINION,yes,fireplace/cards/witchwood/paladin.py:46,"[x]Divine Shield Whenever you restore Health, gain Divine Shield."
17.6.0.53261,The Witchwood (GILNEAS),GIL_820,Shudderwock,沙德沃克,Battlecry,YELLOW,implemented,partial,1 个机制缺少充分的核心效果验证；逐机制依据见 card_mechanism.csv。,card_mechanism.csv#GIL_820; generic-play-smoke:played,聚合状态取该卡最差机制；普通烟测只证明可执行，不能单独构成 GREEN。,ordinary_collectible,MINION,yes,fireplace/cards/witchwood/shaman.py:43,[x]Battlecry: Repeat all other Battlecries from cards you played this game (targets chosen randomly).
17.6.0.53261,The Witchwood (GILNEAS),GIL_825,Lord Godfrey,高弗雷勋爵,Battlecry,YELLOW,implemented,partial,1 个机制缺少充分的核心效果验证；逐机制依据见 card_mechanism.csv。,card_mechanism.csv#GIL_825; generic-play-smoke:played,聚合状态取该卡最差机制；普通烟测只证明可执行，不能单独构成 GREEN。,ordinary_collectible,MINION,yes,fireplace/cards/witchwood/warlock.py:64,"[x]Battlecry: Deal 2 damage to all other minions. If any die, repeat this Battlecry."
17.6.0.53261,The Witchwood (GILNEAS),GIL_827,Blink Fox,闪狐,Battlecry|Random effects,YELLOW,implemented,partial,2 个机制缺少充分的核心效果验证；逐机制依据见 card_mechanism.csv。,card_mechanism.csv#GIL_827; generic-play-smoke:played,聚合状态取该卡最差机制；普通烟测只证明可执行，不能单独构成 GREEN。,ordinary_collectible,MINION,yes,fireplace/cards/witchwood/rogue.py:40,Battlecry: Add a random card to your hand (from your opponent's class).
17.6.0.53261,The Witchwood (GILNEAS),GIL_828,Dire Frenzy,凶猛狂暴,Spell resolution|Targeting,YELLOW,implemented,partial,2 个机制缺少充分的核心效果验证；逐机制依据见 card_mechanism.csv。,card_mechanism.csv#GIL_828; generic-play-smoke:unplayable_in_generic_setup,聚合状态取该卡最差机制；普通烟测只证明可执行，不能单独构成 GREEN。,ordinary_collectible,SPELL,yes,fireplace/cards/witchwood/hunter.py:98,Give a Beast +3/+3. Shuffle 3 copies into your deck with +3/+3.
17.6.0.53261,The Witchwood (GILNEAS),GIL_833,Forest Guide,森林向导,Draw / Discard|Trigger,YELLOW,implemented,partial,2 个机制缺少充分的核心效果验证；逐机制依据见 card_mechanism.csv。,card_mechanism.csv#GIL_833; generic-play-smoke:played,聚合状态取该卡最差机制；普通烟测只证明可执行，不能单独构成 GREEN。,ordinary_collectible,MINION,yes,fireplace/cards/witchwood/druid.py:76,"At the end of your turn, both players draw a card."
17.6.0.53261,The Witchwood (GILNEAS),GIL_835,Squashling,南瓜宝宝,Battlecry|Echo|Targeting,YELLOW,implemented,partial,3 个机制缺少充分的核心效果验证；逐机制依据见 card_mechanism.csv。,card_mechanism.csv#GIL_835; generic-play-smoke:played,聚合状态取该卡最差机制；普通烟测只证明可执行，不能单独构成 GREEN。,ordinary_collectible,MINION,yes,fireplace/cards/witchwood/priest.py:58,[x]Echo Battlecry: Restore #2 Health.
17.6.0.53261,The Witchwood (GILNEAS),GIL_836,Blazing Invocation,炽焰祈咒,Battlecry|Discover / Choice|Random effects|Spell resolution,YELLOW,implemented,partial,4 个机制缺少充分的核心效果验证；逐机制依据见 card_mechanism.csv。,card_mechanism.csv#GIL_836; generic-play-smoke:played,聚合状态取该卡最差机制；普通烟测只证明可执行，不能单独构成 GREEN。,ordinary_collectible,SPELL,yes,fireplace/cards/witchwood/shaman.py:94,Discover a Battlecry minion.
17.6.0.53261,The Witchwood (GILNEAS),GIL_840,Lady in White,白衣幽魂,Battlecry,YELLOW,implemented,partial,1 个机制缺少充分的核心效果验证；逐机制依据见 card_mechanism.csv。,card_mechanism.csv#GIL_840; generic-play-smoke:played,聚合状态取该卡最差机制；普通烟测只证明可执行，不能单独构成 GREEN。,ordinary_collectible,MINION,yes,fireplace/cards/witchwood/priest.py:84,[x]Battlecry: Cast 'Inner Fire'  on every minion in your deck  (set Attack equal to Health).
17.6.0.53261,The Witchwood (GILNEAS),GIL_902,Cutthroat Buccaneer,刺喉海盗,Combo,YELLOW,implemented,partial,1 个机制缺少充分的核心效果验证；逐机制依据见 card_mechanism.csv。,card_mechanism.csv#GIL_902; generic-play-smoke:played,聚合状态取该卡最差机制；普通烟测只证明可执行，不能单独构成 GREEN。,ordinary_collectible,MINION,yes,fireplace/cards/witchwood/rogue.py:47,Combo: Give your weapon +1 Attack.
17.6.0.53261,The Witchwood (GILNEAS),GIL_903,Hidden Wisdom,隐秘的智慧,Draw / Discard|Secret|Spell resolution|Trigger,YELLOW,implemented,partial,4 个机制缺少充分的核心效果验证；逐机制依据见 card_mechanism.csv。,card_mechanism.csv#GIL_903; generic-play-smoke:played,聚合状态取该卡最差机制；普通烟测只证明可执行，不能单独构成 GREEN。,ordinary_collectible,SPELL,yes,fireplace/cards/witchwood/paladin.py:83,"[x]Secret: After your opponent plays three cards in a turn, draw 2 cards."
17.6.0.53261,The Witchwood (GILNEAS),GIL_905,Carrion Drake,食腐飞龙,Battlecry,YELLOW,implemented,partial,1 个机制缺少充分的核心效果验证；逐机制依据见 card_mechanism.csv。,card_mechanism.csv#GIL_905; generic-play-smoke:played,聚合状态取该卡最差机制；普通烟测只证明可执行，不能单独构成 GREEN。,ordinary_collectible,MINION,yes,fireplace/cards/witchwood/hunter.py:63,"Battlecry: If a minion died this turn, gain Poisonous."
17.6.0.53261,Whispers of the Old Gods (OG),OG_282,Blade of C'Thun,克苏恩之刃,Battlecry|Targeting,YELLOW,implemented,partial,官方卡牌页只写 Attack and Health，未明确受伤目标取当前生命还是最大生命；其他规则资料只能间接支持按当前生命处理，缺少此具体交互的原版权威证据，按保守标准保留 YELLOW。,card_mechanism.csv#OG_282; generic-play-smoke:played; per-card: reports/card_quality_full_2026-09-27/og_probe.csv#battlecry_destroy_and_add_healthy_stats; reports/card_quality_full_2026-09-27/og_probe.csv#battlecry_damaged_target_health_interpretation_observed,聚合状态取该卡最差机制；普通烟测只证明可执行，不能单独构成 GREEN。 ; EN=Battlecry: Destroy a minion. Add its Attack and Health to your C'Thun's (wherever it is).; ZH=战吼：消灭一个随从。你的克苏恩会获得其攻击力和生命值（无论它在哪里）。; source=fireplace/cards/wog/rogue.py:55; existing_tests=none; prior=YELLOW:受伤目标测试记录了实现加值，但官方卡牌页仅写 Attack and Health，未明确取当前生命还是最大生命；其他规则资料仅间接支持按当前生命处理，缺少该交互的原版权威证据，按保守标准暂留 YELLOW。,ordinary_collectible,MINION,yes,fireplace/cards/wog/rogue.py:55,Battlecry: Destroy a minion. Add its Attack and Health to your C'Thun's (wherever it is).
17.6.0.53261,Year of the Dragon (YEAR_OF_THE_DRAGON),YOD_001,Rising Winds,乘风而起,Choose One|Draw / Discard|Spell resolution|Summon|Twinspell,YELLOW,implemented,partial,5 个机制缺少充分的核心效果验证；逐机制依据见 card_mechanism.csv。,card_mechanism.csv#YOD_001; generic-play-smoke:played,聚合状态取该卡最差机制；普通烟测只证明可执行，不能单独构成 GREEN。,ordinary_collectible,SPELL,yes,fireplace/cards/dragons/adventure.py:16,Twinspell Choose One - Draw a card; or Summon a 3/2 Eagle.
17.6.0.53261,Year of the Dragon (YEAR_OF_THE_DRAGON),YOD_003,Winged Guardian,飞翼守护者,Reborn|Taunt|Untargetable,YELLOW,implemented,partial,3 个机制缺少充分的核心效果验证；逐机制依据见 card_mechanism.csv。,card_mechanism.csv#YOD_003; generic-play-smoke:played,聚合状态取该卡最差机制；普通烟测只证明可执行，不能单独构成 GREEN。,ordinary_collectible,MINION,yes,,"Taunt, Reborn Can't be targeted by spells or Hero Powers."
17.6.0.53261,Year of the Dragon (YEAR_OF_THE_DRAGON),YOD_004,Chopshop Copter,拆件旋翼机,Random effects|Trigger,YELLOW,implemented,partial,2 个机制缺少充分的核心效果验证；逐机制依据见 card_mechanism.csv。,card_mechanism.csv#YOD_004; generic-play-smoke:played,聚合状态取该卡最差机制；普通烟测只证明可执行，不能单独构成 GREEN。,ordinary_collectible,MINION,yes,fireplace/cards/dragons/adventure.py:41,"After a friendly Mech dies, add a random Mech to your hand."
17.6.0.53261,Year of the Dragon (YEAR_OF_THE_DRAGON),YOD_005,Fresh Scent,新鲜气息,Spell resolution|Targeting|Twinspell,YELLOW,implemented,partial,3 个机制缺少充分的核心效果验证；逐机制依据见 card_mechanism.csv。,card_mechanism.csv#YOD_005; generic-play-smoke:unplayable_in_generic_setup,聚合状态取该卡最差机制；普通烟测只证明可执行，不能单独构成 GREEN。,ordinary_collectible,SPELL,yes,fireplace/cards/dragons/adventure.py:56,Twinspell Give a Beast +2/+2.
17.6.0.53261,Year of the Dragon (YEAR_OF_THE_DRAGON),YOD_006,Escaped Manasaber,奔逃的魔刃豹,Stealth|Trigger,YELLOW,implemented,partial,2 个机制缺少充分的核心效果验证；逐机制依据见 card_mechanism.csv。,card_mechanism.csv#YOD_006; generic-play-smoke:played,聚合状态取该卡最差机制；普通烟测只证明可执行，不能单独构成 GREEN。,ordinary_collectible,MINION,yes,fireplace/cards/dragons/adventure.py:332,"[x]Stealth Whenever this attacks, gain 1 Mana Crystal this turn only."
17.6.0.53261,Year of the Dragon (YEAR_OF_THE_DRAGON),YOD_007,Animated Avalanche,活化雪崩,Battlecry|Summon,YELLOW,implemented,partial,2 个机制缺少充分的核心效果验证；逐机制依据见 card_mechanism.csv。,card_mechanism.csv#YOD_007; generic-play-smoke:played,聚合状态取该卡最差机制；普通烟测只证明可执行，不能单独构成 GREEN。,ordinary_collectible,MINION,yes,fireplace/cards/dragons/adventure.py:78,"[x]Battlecry: If you played an Elemental last turn, summon a copy of this."
17.6.0.53261,Year of the Dragon (YEAR_OF_THE_DRAGON),YOD_009,The Amazing Reno,神奇的雷诺,Battlecry,YELLOW,implemented,partial,1 个机制缺少充分的核心效果验证；逐机制依据见 card_mechanism.csv。,card_mechanism.csv#YOD_009; generic-play-smoke:played,聚合状态取该卡最差机制；普通烟测只证明可执行，不能单独构成 GREEN。,ordinary_collectible,HERO,yes,fireplace/cards/dragons/adventure.py:86,Battlecry: Make all minions disappear. *Poof!*
17.6.0.53261,Year of the Dragon (YEAR_OF_THE_DRAGON),YOD_010,Shotbot,炮火机甲,Reborn,YELLOW,implemented,partial,1 个机制缺少充分的核心效果验证；逐机制依据见 card_mechanism.csv。,card_mechanism.csv#YOD_010; generic-play-smoke:played,聚合状态取该卡最差机制；普通烟测只证明可执行，不能单独构成 GREEN。,ordinary_collectible,MINION,yes,,Reborn
17.6.0.53261,Year of the Dragon (YEAR_OF_THE_DRAGON),YOD_012,Air Raid,空中团战,Spell resolution|Summon|Twinspell,YELLOW,implemented,partial,3 个机制缺少充分的核心效果验证；逐机制依据见 card_mechanism.csv。,card_mechanism.csv#YOD_012; generic-play-smoke:played,聚合状态取该卡最差机制；普通烟测只证明可执行，不能单独构成 GREEN。,ordinary_collectible,SPELL,yes,fireplace/cards/dragons/adventure.py:112,Twinspell Summon two 1/1 Silver Hand Recruits with Taunt.
17.6.0.53261,Year of the Dragon (YEAR_OF_THE_DRAGON),YOD_013,Cleric of Scales,龙鳞祭司,Battlecry|Discover / Choice,YELLOW,implemented,partial,2 个机制缺少充分的核心效果验证；逐机制依据见 card_mechanism.csv。,card_mechanism.csv#YOD_013; generic-play-smoke:played,聚合状态取该卡最差机制；普通烟测只证明可执行，不能单独构成 GREEN。,ordinary_collectible,MINION,yes,fireplace/cards/dragons/adventure.py:128,"Battlecry: If you're holding a Dragon, Discover a spell from your deck."
17.6.0.53261,Year of the Dragon (YEAR_OF_THE_DRAGON),YOD_014,Aeon Reaver,永恒掠夺者,Battlecry|Targeting,YELLOW,implemented,partial,2 个机制缺少充分的核心效果验证；逐机制依据见 card_mechanism.csv。,card_mechanism.csv#YOD_014; generic-play-smoke:played,聚合状态取该卡最差机制；普通烟测只证明可执行，不能单独构成 GREEN。,ordinary_collectible,MINION,yes,fireplace/cards/dragons/adventure.py:138,Battlecry: Deal damage to a minion equal to its Attack.
17.6.0.53261,Year of the Dragon (YEAR_OF_THE_DRAGON),YOD_015,Dark Prophecy,黑暗预兆,Discover / Choice|Random effects|Spell resolution|Summon,YELLOW,implemented,partial,4 个机制缺少充分的核心效果验证；逐机制依据见 card_mechanism.csv。,card_mechanism.csv#YOD_015; generic-play-smoke:played,聚合状态取该卡最差机制；普通烟测只证明可执行，不能单独构成 GREEN。,ordinary_collectible,SPELL,yes,fireplace/cards/dragons/adventure.py:149,Discover a 2-Cost minion. Summon it and give it +3 Health.
17.6.0.53261,Year of the Dragon (YEAR_OF_THE_DRAGON),YOD_017,Shadow Sculptor,暗影塑形师,Combo|Draw / Discard,YELLOW,implemented,partial,2 个机制缺少充分的核心效果验证；逐机制依据见 card_mechanism.csv。,card_mechanism.csv#YOD_017; generic-play-smoke:played,聚合状态取该卡最差机制；普通烟测只证明可执行，不能单独构成 GREEN。,ordinary_collectible,MINION,yes,fireplace/cards/dragons/adventure.py:172,Combo: Draw a card for each card you've played this turn.
17.6.0.53261,Year of the Dragon (YEAR_OF_THE_DRAGON),YOD_018,Waxmancy,蜡烛学,Battlecry|Discover / Choice|Random effects|Spell resolution,YELLOW,implemented,partial,4 个机制缺少充分的核心效果验证；逐机制依据见 card_mechanism.csv。,card_mechanism.csv#YOD_018; generic-play-smoke:played,聚合状态取该卡最差机制；普通烟测只证明可执行，不能单独构成 GREEN。,ordinary_collectible,SPELL,yes,fireplace/cards/dragons/adventure.py:179,Discover a Battlecry minion. Reduce its Cost by (2).
17.6.0.53261,Year of the Dragon (YEAR_OF_THE_DRAGON),YOD_020,Explosive Evolution,惊爆异变,Cost modification|Random effects|Spell resolution|Targeting|Transform,YELLOW,implemented,partial,5 个机制缺少充分的核心效果验证；逐机制依据见 card_mechanism.csv。,card_mechanism.csv#YOD_020; generic-play-smoke:played,聚合状态取该卡最差机制；普通烟测只证明可执行，不能单独构成 GREEN。,ordinary_collectible,SPELL,yes,fireplace/cards/dragons/adventure.py:197,Transform a minion into a random one that costs (3) more.
17.6.0.53261,Year of the Dragon (YEAR_OF_THE_DRAGON),YOD_022,Risky Skipper,冒进的艇长,Trigger,YELLOW,implemented,partial,1 个机制缺少充分的核心效果验证；逐机制依据见 card_mechanism.csv。,card_mechanism.csv#YOD_022; generic-play-smoke:played,聚合状态取该卡最差机制；普通烟测只证明可执行，不能单独构成 GREEN。,ordinary_collectible,MINION,yes,fireplace/cards/dragons/adventure.py:275,"After you play a minion, deal 1 damage to all minions."
17.6.0.53261,Year of the Dragon (YEAR_OF_THE_DRAGON),YOD_023,Boom Squad,砰砰战队,Discover / Choice|Random effects|Spell resolution,YELLOW,implemented,partial,3 个机制缺少充分的核心效果验证；逐机制依据见 card_mechanism.csv。,card_mechanism.csv#YOD_023; generic-play-smoke:played,聚合状态取该卡最差机制；普通烟测只证明可执行，不能单独构成 GREEN。,ordinary_collectible,SPELL,yes,fireplace/cards/dragons/adventure.py:289,"Discover a Lackey, Mech, or Dragon."
17.6.0.53261,Year of the Dragon (YEAR_OF_THE_DRAGON),YOD_024,Bomb Wrangler,炸弹牛仔,Summon|Trigger,YELLOW,implemented,partial,2 个机制缺少充分的核心效果验证；逐机制依据见 card_mechanism.csv。,card_mechanism.csv#YOD_024; generic-play-smoke:played,聚合状态取该卡最差机制；普通烟测只证明可执行，不能单独构成 GREEN。,ordinary_collectible,MINION,yes,fireplace/cards/dragons/adventure.py:282,"Whenever this minion takes damage, summon a 1/1 Boom Bot."
17.6.0.53261,Year of the Dragon (YEAR_OF_THE_DRAGON),YOD_025,Twisted Knowledge,扭曲学识,Discover / Choice|Random effects|Spell resolution,YELLOW,implemented,partial,3 个机制缺少充分的核心效果验证；逐机制依据见 card_mechanism.csv。,card_mechanism.csv#YOD_025; generic-play-smoke:played,聚合状态取该卡最差机制；普通烟测只证明可执行，不能单独构成 GREEN。,ordinary_collectible,SPELL,yes,fireplace/cards/dragons/adventure.py:264,Discover 2 Warlock cards.
17.6.0.53261,Year of the Dragon (YEAR_OF_THE_DRAGON),YOD_026,Fiendish Servant,邪魔仆从,Deathrattle|Random effects,YELLOW,implemented,partial,2 个机制缺少充分的核心效果验证；逐机制依据见 card_mechanism.csv。,card_mechanism.csv#YOD_026; generic-play-smoke:played,聚合状态取该卡最差机制；普通烟测只证明可执行，不能单独构成 GREEN。,ordinary_collectible,MINION,yes,fireplace/cards/dragons/adventure.py:234,[x]Deathrattle: Give this minion's Attack to a random friendly minion.
17.6.0.53261,Year of the Dragon (YEAR_OF_THE_DRAGON),YOD_027,Chaos Gazer,混乱凝视者,Battlecry,YELLOW,implemented,partial,1 个机制缺少充分的核心效果验证；逐机制依据见 card_mechanism.csv。,card_mechanism.csv#YOD_027; generic-play-smoke:played,聚合状态取该卡最差机制；普通烟测只证明可执行，不能单独构成 GREEN。,ordinary_collectible,MINION,yes,fireplace/cards/dragons/adventure.py:249,[x]Battlecry: Corrupt a playable card in your opponent's hand. They have 1 turn to play it!
17.6.0.53261,Year of the Dragon (YEAR_OF_THE_DRAGON),YOD_028,Skydiving Instructor,伞降教官,Battlecry|Summon,YELLOW,implemented,partial,2 个机制缺少充分的核心效果验证；逐机制依据见 card_mechanism.csv。,card_mechanism.csv#YOD_028; generic-play-smoke:played,聚合状态取该卡最差机制；普通烟测只证明可执行，不能单独构成 GREEN。,ordinary_collectible,MINION,yes,fireplace/cards/dragons/adventure.py:300,[x]Battlecry: Summon a 1-Cost minion from your deck.
17.6.0.53261,Year of the Dragon (YEAR_OF_THE_DRAGON),YOD_029,Hailbringer,冰雹使者,Battlecry|Summon,YELLOW,implemented,partial,2 个机制缺少充分的核心效果验证；逐机制依据见 card_mechanism.csv。,card_mechanism.csv#YOD_029; generic-play-smoke:played,聚合状态取该卡最差机制；普通烟测只证明可执行，不能单独构成 GREEN。,ordinary_collectible,MINION,yes,fireplace/cards/dragons/adventure.py:307,[x]Battlecry: Summon two 1/1 Ice Shards that Freeze.
17.6.0.53261,Year of the Dragon (YEAR_OF_THE_DRAGON),YOD_030,Licensed Adventurer,资深探险者,Battlecry,YELLOW,implemented,partial,1 个机制缺少充分的核心效果验证；逐机制依据见 card_mechanism.csv。,card_mechanism.csv#YOD_030; generic-play-smoke:played,聚合状态取该卡最差机制；普通烟测只证明可执行，不能单独构成 GREEN。,ordinary_collectible,MINION,yes,fireplace/cards/dragons/adventure.py:318,"[x]Battlecry: If you control a Quest, add a Coin to your hand."
17.6.0.53261,Year of the Dragon (YEAR_OF_THE_DRAGON),YOD_032,Frenzied Felwing,狂暴邪翼蝠,Cost modification,YELLOW,implemented,partial,1 个机制缺少充分的核心效果验证；逐机制依据见 card_mechanism.csv。,card_mechanism.csv#YOD_032; generic-play-smoke:played,聚合状态取该卡最差机制；普通烟测只证明可执行，不能单独构成 GREEN。,ordinary_collectible,MINION,yes,fireplace/cards/dragons/adventure.py:325,Costs (1) less for each damage dealt to your opponent this turn.
17.6.0.53261,Year of the Dragon (YEAR_OF_THE_DRAGON),YOD_033,Boompistol Bully,持枪恶霸,Battlecry|Cost modification,YELLOW,implemented,partial,2 个机制缺少充分的核心效果验证；逐机制依据见 card_mechanism.csv。,card_mechanism.csv#YOD_033; generic-play-smoke:played,聚合状态取该卡最差机制；普通烟测只证明可执行，不能单独构成 GREEN。,ordinary_collectible,MINION,yes,fireplace/cards/dragons/adventure.py:339,Battlecry: Enemy Battlecry cards cost (5) more next turn.
17.6.0.53261,Year of the Dragon (YEAR_OF_THE_DRAGON),YOD_035,Grand Lackey Erkh,高级跟班厄尔克,Random effects|Trigger,YELLOW,implemented,partial,2 个机制缺少充分的核心效果验证；逐机制依据见 card_mechanism.csv。,card_mechanism.csv#YOD_035; generic-play-smoke:played,聚合状态取该卡最差机制；普通烟测只证明可执行，不能单独构成 GREEN。,ordinary_collectible,MINION,yes,fireplace/cards/dragons/adventure.py:351,"After you play a Lackey, add a Lackey to your hand."
17.6.0.53261,Year of the Dragon (YEAR_OF_THE_DRAGON),YOD_036,Rotnest Drake,腐巢幼龙,Battlecry|Random effects,YELLOW,implemented,partial,2 个机制缺少充分的核心效果验证；逐机制依据见 card_mechanism.csv。,card_mechanism.csv#YOD_036; generic-play-smoke:played,聚合状态取该卡最差机制；普通烟测只证明可执行，不能单独构成 GREEN。,ordinary_collectible,MINION,yes,fireplace/cards/dragons/adventure.py:48,"[x]Battlecry: If you're holding a Dragon, destroy a random enemy minion."
17.6.0.53261,Year of the Dragon (YEAR_OF_THE_DRAGON),YOD_038,Sky Gen'ral Kragg,天空上将库拉格,Battlecry|Summon|Taunt,YELLOW,implemented,partial,3 个机制缺少充分的核心效果验证；逐机制依据见 card_mechanism.csv。,card_mechanism.csv#YOD_038; generic-play-smoke:played,聚合状态取该卡最差机制；普通烟测只证明可执行，不能单独构成 GREEN。,ordinary_collectible,MINION,yes,fireplace/cards/dragons/adventure.py:358,"[x]Taunt Battlecry: If you've played a Quest this game, summon a 4/2 Parrot with Rush."
17.6.0.53261,Year of the Dragon (YEAR_OF_THE_DRAGON),YOD_040,Steel Beetle,钢铁甲虫,Battlecry,YELLOW,implemented,partial,1 个机制缺少充分的核心效果验证；逐机制依据见 card_mechanism.csv。,card_mechanism.csv#YOD_040; generic-play-smoke:played,聚合状态取该卡最差机制；普通烟测只证明可执行，不能单独构成 GREEN。,ordinary_collectible,MINION,yes,fireplace/cards/dragons/adventure.py:8,"Battlecry: If you're holding a spell that costs (5) or more, gain 5 Armor."
17.6.0.53261,Year of the Dragon (YEAR_OF_THE_DRAGON),YOD_041,Eye of the Storm,风暴之眼,Overload|Spell resolution|Summon,YELLOW,implemented,partial,2 个机制缺少充分的核心效果验证；逐机制依据见 card_mechanism.csv。,card_mechanism.csv#YOD_041; generic-play-smoke:played; effect-evidence: reports/card_quality_full_2026-09-27/overload_reproductions.csv#YOD_041,聚合状态取该卡最差机制；普通烟测只证明可执行，不能单独构成 GREEN。,ordinary_collectible,SPELL,yes,fireplace/cards/dragons/adventure.py:208,Summon three 5/6 Elementals with Taunt. Overload: (3)
17.6.0.53261,Year of the Dragon (YEAR_OF_THE_DRAGON),YOD_042,The Fist of Ra-den,莱登之拳,Random effects|Summon|Trigger|Weapon,YELLOW,implemented,partial,4 个机制缺少充分的核心效果验证；逐机制依据见 card_mechanism.csv。,card_mechanism.csv#YOD_042; generic-play-smoke:played,聚合状态取该卡最差机制；普通烟测只证明可执行，不能单独构成 GREEN。,ordinary_collectible,WEAPON,yes,fireplace/cards/dragons/adventure.py:216,"[x]After you cast a spell, summon a Legendary minion of that Cost. Lose 1 Durability."
17.6.0.53261,Year of the Dragon (YEAR_OF_THE_DRAGON),YOD_043,Scalelord,鳞甲领主,Battlecry,YELLOW,implemented,partial,1 个机制缺少充分的核心效果验证；逐机制依据见 card_mechanism.csv。,card_mechanism.csv#YOD_043; generic-play-smoke:played,聚合状态取该卡最差机制；普通烟测只证明可执行，不能单独构成 GREEN。,ordinary_collectible,MINION,yes,fireplace/cards/dragons/adventure.py:105,Battlecry: Give your Murlocs Divine Shield.
