card_id,case_id,expected,observed,outcome,notes
BT_002,BT_002::reduce_spell_costs_in_deck_only,Incanter's Flow reduces each spell in deck by 1 and leaves a minion's Cost unchanged.,"deck=[('CS2_029', 3, 'DECK'), ('CS2_008', 0, 'DECK'), ('CS2_231', 0, 'DECK')];before=(4, 0, 0);cast=GRAVEYARD",pass,batch=bt_a; 牌库中放入不同费用法术及随从对照，实际施放后核对费用。; EN=Reduce the Cost of spells in your deck by (1).; ZH=使你牌库中所有法术牌的法力值消耗减少（1）点。; source=fireplace/cards/outlands/mage.py:52; existing_tests=none; prior=YELLOW:2 个机制缺少充分的核心效果验证；逐机制依据见 card_mechanism.csv。; prior_evidence=card_mechanism.csv#BT_002; generic-play-smoke:played
BT_003,BT_003::opponent_spell_triggers_portal,An opponent's spell reveals Netherwind Portal and summons one 4-Cost minion for its owner.,"secret=GRAVEYARD;spell=GRAVEYARD;summoned=[('BT_937', 4, 'PLAY')]",pass,"batch=bt_a; 挂起奥秘，轮到对手施放硬币，检查消耗和召唤费用。; EN=Secret: After your opponent casts a spell, summon a random 4-Cost minion.; ZH=奥秘：在你的对手施放一个法术后，随机召唤一个法力值消耗为（4）的随从。; source=fireplace/cards/outlands/mage.py:64; existing_tests=none; prior=YELLOW:5 个机制缺少充分的核心效果验证；逐机制依据见 card_mechanism.csv。; prior_evidence=card_mechanism.csv#BT_003; generic-play-smoke:played"
BT_004,BT_004::dormant_two_turns_then_deal_two_to_enemy_minions,"Observer stays Dormant for two owner-turn starts, then deals 2 to enemy minions only.","initial=(True, 2);middle=(True, 1);awake=False:PLAY;enemy=10;friend=12",pass,"batch=bt_a; 两个己方回合边界分段检查休眠和敌我伤害。; EN=Dormant for 2 turns. When this awakens, deal 2 damage to all enemy minions.; ZH=休眠两回合。唤醒时，对所有敌方随从造成2点伤害。; source=fireplace/cards/outlands/mage.py:8; existing_tests=none; prior=YELLOW:1 个机制缺少充分的核心效果验证；逐机制依据见 card_mechanism.csv。; prior_evidence=card_mechanism.csv#BT_004; generic-play-smoke:played"
BT_006,BT_006::fills_hand_with_mage_spells_and_discards_at_turn_end,Evocation fills all remaining hand slots with Mage spells and discards those spells at end of turn.,"generated=9;all_mage_spells=True;after_end=['GRAVEYARD', 'GRAVEYARD', 'GRAVEYARD', 'GRAVEYARD', 'GRAVEYARD', 'GRAVEYARD', 'GRAVEYARD', 'GRAVEYARD', 'GRAVEYARD'];sentinel=HAND;spell=GRAVEYARD",pass,"batch=bt_a; 保留随从哨兵，核对补牌数量、类型和回合结束后的区域。; EN=Fill your hand with random Mage spells. At the end of your turn, discard them.; ZH=随机将法师法术牌置入你的手牌，直到你的手牌数量达到上限。在你的回合结束时，弃掉它们。; source=fireplace/cards/outlands/mage.py:74; existing_tests=none; prior=YELLOW:4 个机制缺少充分的核心效果验证；逐机制依据见 card_mechanism.csv。; prior_evidence=card_mechanism.csv#BT_006; generic-play-smoke:played"
BT_008,BT_008::deathrattle_summons_one_spell_damage_imp,Rustsworn Initiate's death summons exactly one 1/1 Impcaster with Spell Damage +1.,"body=GRAVEYARD;tokens=[(1, 1, 1, 'PLAY')]",pass,batch=bt_a; 真实触发亡语并检查token身材、法强和场上区域。; EN=Deathrattle: Summon a 1/1 Impcaster with Spell Damage +1.; ZH=亡语：召唤一个1/1并具有法术伤害+1的小鬼施法者。; source=fireplace/cards/outlands/neutral_common.py:8; existing_tests=none; prior=YELLOW:3 个机制缺少充分的核心效果验证；逐机制依据见 card_mechanism.csv。; prior_evidence=card_mechanism.csv#BT_008; generic-play-smoke:played
BT_009,BT_009::dormant_two_turns_then_summon_two_murlocs,Imprisoned Sungill awakens after two owner-turn starts and summons two 1/1 Murlocs.,"initial=(True, 2);middle=(True, 1);awake=False;tokens=[(1, 1, 14), (1, 1, 14)]",pass,"batch=bt_a; 逐回合检查休眠计数、唤醒及两个鱼人衍生物。; EN=Dormant for 2 turns. When this awakens, summon two 1/1 Murlocs.; ZH=休眠两回合。唤醒时，召唤两个1/1的 鱼人。; source=fireplace/cards/outlands/paladin.py:8; existing_tests=none; prior=YELLOW:2 个机制缺少充分的核心效果验证；逐机制依据见 card_mechanism.csv。; prior_evidence=card_mechanism.csv#BT_009; generic-play-smoke:played"
BT_010,BT_010::battlecry_buffs_other_murlocs_only,"Felfin Navigator gives other friendly Murlocs +1/+1, without buffing itself or non-Murlocs.","murloc=(1, 1)->(2, 2);ordinary=(1, 1)->(1, 1);self=4/4",pass,batch=bt_a; 一名鱼人、一个非鱼人及本体作阵营/范围对照。; EN=Battlecry: Give your other Murlocs +1/+1.; ZH=战吼：使你的其他鱼人获得+1/+1。; source=fireplace/cards/outlands/neutral_common.py:15; existing_tests=none; prior=YELLOW:1 个机制缺少充分的核心效果验证；逐机制依据见 card_mechanism.csv。; prior_evidence=card_mechanism.csv#BT_010; generic-play-smoke:played
BT_011,BT_011::enemy_minions_health_one_and_equip_one_four,Libram of Justice sets all enemy minions' Health to 1 and equips a 1/4 weapon; friendly minions are unchanged.,"enemy=1/1;friend=12/12;weapon=(1, 4);spell=GRAVEYARD",pass,batch=bt_a; 敌我高血随从对照，检查当前/最大生命和武器属性。; EN=Equip a 1/4 weapon. Change the Health of all enemy minions to 1.; ZH=装备一把1/4的武器。将所有敌方随从的生命值变为1。; source=fireplace/cards/outlands/paladin.py:70; existing_tests=none; prior=YELLOW:2 个机制缺少充分的核心效果验证；逐机制依据见 card_mechanism.csv。; prior_evidence=card_mechanism.csv#BT_011; generic-play-smoke:played
BT_014,BT_014::deathrattle_draws_a_spell_from_deck,Starscryer's deathrattle draws a spell and leaves the only minion in deck.,spell=HAND:5;minion=DECK;body=GRAVEYARD,pass,batch=bt_a; 牌库设置唯一法术和随从，死亡后核对抽牌类型。; EN=Deathrattle: Draw a spell.; ZH=亡语：抽一张法术牌。; source=fireplace/cards/outlands/mage.py:18; existing_tests=none; prior=YELLOW:2 个机制缺少充分的核心效果验证；逐机制依据见 card_mechanism.csv。; prior_evidence=card_mechanism.csv#BT_014; generic-play-smoke:played
BT_018,BT_018::after_hero_attack_adds_random_murloc,"After the hero attacks with Underlight Angling Rod, one Murloc is added to hand.",hand=0->1;added=CFM_647:4:14;weapon=PLAY:1,pass,"batch=bt_a; 实际装备并攻击，按手牌实体种族和武器耐久验证触发。; EN=After your Hero attacks, add a random Murloc to your hand.; ZH=在你的英雄攻击后，随机将一张鱼人牌置入你的手牌。; source=fireplace/cards/outlands/paladin.py:122; existing_tests=none; prior=YELLOW:3 个机制缺少充分的核心效果验证；逐机制依据见 card_mechanism.csv。; prior_evidence=card_mechanism.csv#BT_018; generic-play-smoke:played"
BT_019,BT_019::divine_shield_and_death_shuffle_prime,Murgur Murgurgle has Divine Shield; death shuffles exactly one Murgurgle Prime into deck.,"shield=1;body=GRAVEYARD;prime=[('BT_019t', 'DECK')]",pass,batch=bt_a; 先记录圣盾，再触发亡语并检查牌库实体。; EN=[x]Divine Shield Deathrattle: Shuffle 'Murgurgle Prime' into your deck.; ZH=圣盾 亡语：将“终极莫戈尔格”洗入你的牌库。; source=fireplace/cards/outlands/paladin.py:17; existing_tests=none; prior=YELLOW:2 个机制缺少充分的核心效果验证；逐机制依据见 card_mechanism.csv。; prior_evidence=card_mechanism.csv#BT_019; generic-play-smoke:played
BT_020,BT_020::battlecry_reduces_libram_costs_by_one,Aldor Attendant reduces Libram spells in hand by 1 and leaves a non-Libram unchanged.,"librams=(9, 2)->(8, 1);other=4->4;body=PLAY",pass,batch=bt_a; 手牌中放两张不同费用Libram和普通法术对照。; EN=Battlecry: Reduce the Cost of your Librams by (1) this game.; ZH=战吼：在本局对战中，你的圣契的法力值消耗减少（1）点。; source=fireplace/cards/outlands/paladin.py:33; existing_tests=none; prior=YELLOW:2 个机制缺少充分的核心效果验证；逐机制依据见 card_mechanism.csv。; prior_evidence=card_mechanism.csv#BT_020; generic-play-smoke:played
BT_021,BT_021::empty_minion_deck_keeps_all_three,"If the deck has no minions, Font of Power adds three Mage minions without presenting a Discover choice.","has_minion=False;offers=[];hand=[('BT_022', 4, 4, 'HAND'), ('GVG_002', 4, 4, 'HAND'), ('GIL_645', 4, 4, 'HAND')];choice=None",pass,"batch=bt_a; 牌库只有法术，核对三张保留到手牌。; EN=Discover a Mage minion. If your deck has no minions, keep all 3.; ZH=发现一张法师随从牌。如果你的牌库中没有随从牌，则保留全部三张牌。; source=fireplace/cards/outlands/mage.py:91; existing_tests=none; prior=YELLOW:3 个机制缺少充分的核心效果验证；逐机制依据见 card_mechanism.csv。; prior_evidence=card_mechanism.csv#BT_021; generic-play-smoke:played"
BT_021,BT_021::minion_in_deck_discovers_one,"If a minion exists in deck, Font of Power offers three Mage minions and keeps only the selected one.","has_minion=True;offers=[('BT_022', 4, 4), ('GVG_002', 4, 4), ('GIL_645', 4, 4)];hand=[('BT_022', 4, 4, 'HAND')];choice=None",pass,"batch=bt_a; 放入一只牌库随从作为开关对照，完成真实Discover。; EN=Discover a Mage minion. If your deck has no minions, keep all 3.; ZH=发现一张法师随从牌。如果你的牌库中没有随从牌，则保留全部三张牌。; source=fireplace/cards/outlands/mage.py:91; existing_tests=none; prior=YELLOW:3 个机制缺少充分的核心效果验证；逐机制依据见 card_mechanism.csv。; prior_evidence=card_mechanism.csv#BT_021; generic-play-smoke:played"
BT_022,BT_022::after_played_secret_discover_spell,Playing a Mage Secret after Apexis Smuggler opens a three-spell Discover and selected spell enters hand.,"secret=SECRET;offers=[('BT_021', 5), ('EX1_289', 5), ('EX1_275', 5)];selected=('BT_021', 'HAND');choice=None;body=PLAY",pass,"batch=bt_a; 真实打出法师奥秘，再完成三选一。; EN=After you play a Secret, Discover a spell.; ZH=在你使用一张奥秘牌后，发现一张 法术牌。; source=fireplace/cards/outlands/mage.py:25; existing_tests=none; prior=YELLOW:3 个机制缺少充分的核心效果验证；逐机制依据见 card_mechanism.csv。; prior_evidence=card_mechanism.csv#BT_022; generic-play-smoke:played"
BT_024,BT_024::restore_eight_and_summon_eight_eight_guardian,Libram of Hope restores 8 health and summons an 8/8 Guardian with Taunt and Divine Shield.,"hero=30;tokens=[(8, 8, 1, 1)];spell=GRAVEYARD",pass,batch=bt_a; 英雄先缺8血，核对有效治疗及召唤物关键词。; EN=Restore 8 Health. Summon an 8/8 Guardian with Taunt and Divine Shield.; ZH=恢复8点生命值。召唤一个8/8并具有嘲讽和圣盾的 守卫。; source=fireplace/cards/outlands/paladin.py:81; existing_tests=none; prior=YELLOW:3 个机制缺少充分的核心效果验证；逐机制依据见 card_mechanism.csv。; prior_evidence=card_mechanism.csv#BT_024; generic-play-smoke:played
BT_025,BT_025::buff_adds_deathrattle_that_returns_libram,Libram of Wisdom gives +1/+1 and a deathrattle that adds one Libram of Wisdom to hand.,"before=(1, 1);buffed=(2, 2, True);target=GRAVEYARD;returned=[('BT_025', 'HAND')];spell=GRAVEYARD",pass,"batch=bt_a; 检查增益和真实死亡后生成的原牌实体。; EN=[x]Give a minion +1/+1 and ""Deathrattle: Add a 'Libram of Wisdom' spell to your hand.""; ZH=使一个随从获得+1/+1，以及“亡语：将一张‘智慧圣契’置入你的手牌。”; source=fireplace/cards/outlands/paladin.py:90; existing_tests=none; prior=YELLOW:2 个机制缺少充分的核心效果验证；逐机制依据见 card_mechanism.csv。; prior_evidence=card_mechanism.csv#BT_025; generic-play-smoke:played"
BT_026,BT_026::taunt_and_reduce_libram_costs_by_two,Aldor Truthseeker has Taunt and reduces held Librams' Cost by 2.,"taunt=1;librams=(9, 2)->(7, 0);body=PLAY",pass,batch=bt_a; 验证嘲讽及两张不同Libram的费用变化。; EN=Taunt. Battlecry: Reduce the Cost of your Librams by (2) this game.; ZH=嘲讽，战吼： 在本局对战中，你的圣契的法力值消耗减少（2）点。; source=fireplace/cards/outlands/paladin.py:44; existing_tests=none; prior=YELLOW:3 个机制缺少充分的核心效果验证；逐机制依据见 card_mechanism.csv。; prior_evidence=card_mechanism.csv#BT_026; generic-play-smoke:played
BT_028,BT_028::spell_damage_and_death_shuffle_solarian_prime,Solarian has Spell Damage +1 and its deathrattle shuffles one Solarian Prime into deck.,"spellpower=1;body=GRAVEYARD;primes=[('BT_028t', 'DECK')]",pass,batch=bt_a; 核对法强状态及亡语牌库实体。; EN=[x]Spell Damage +1 Deathrattle: Shuffle 'Solarian Prime' into your deck.; ZH=法术伤害+1 亡语：将“终极索兰莉安”洗入你的牌库。; source=fireplace/cards/outlands/mage.py:32; existing_tests=none; prior=YELLOW:2 个机制缺少充分的核心效果验证；逐机制依据见 card_mechanism.csv。; prior_evidence=card_mechanism.csv#BT_028; generic-play-smoke:played
BT_042,BT_042::attacked_friendly_minion_transforms_to_three_cost_more,Bamboozle reveals when a friendly minion is attacked and replaces it with a minion costing 3 more.,"secret=GRAVEYARD;old=CS2_182:4/5:SETASIDE;field=[('LOE_009', 7, 6)];attacker=GRAVEYARD",pass,"batch=bt_a; 对手实际攻击一只5血随从，检查奥秘、替换实体与费用增量。; EN=[x]Secret: When one of your minions is attacked, transform it into a random one that costs (3) more.; ZH=奥秘：当你的随从受到攻击时，随机将其变形成为一个法力值消耗增加（3）点的随从。; source=fireplace/cards/outlands/rogue.py:87; existing_tests=none; prior=YELLOW:6 个机制缺少充分的核心效果验证；逐机制依据见 card_mechanism.csv。; prior_evidence=card_mechanism.csv#BT_042; generic-play-smoke:played"
BT_072,BT_072::freeze_enemy_and_summon_two_water_elementals,Deep Freeze freezes the selected enemy and summons two 3/6 Water Elementals.,"frozen=True;tokens=[(3, 6, 'PLAY'), (3, 6, 'PLAY')];spell=GRAVEYARD",pass,batch=bt_a; 敌方高血目标与两个已知元素衍生物。; EN=Freeze an enemy. Summon two 3/6 Water Elementals.; ZH=冻结一个敌人。召唤两个3/6的水元素。; source=fireplace/cards/outlands/mage.py:101; existing_tests=none; prior=YELLOW:3 个机制缺少充分的核心效果验证；逐机制依据见 card_mechanism.csv。; prior_evidence=card_mechanism.csv#BT_072; generic-play-smoke:played
BT_100,BT_100::deal_three_summon_three_cost_and_overload_one,"Serpentshrine Portal deals 3, summons one 3-Cost minion, and locks 1 Overload.","target=12->9;summoned=[('BT_355', 3)];overloaded=1;locked_next_turn=1;spell=GRAVEYARD",pass,batch=bt_a; 高血敌人承受伤害，核对随机召唤费用和过载锁定。; EN=Deal $3 damage. Summon a random 3-Cost minion. Overload: (1); ZH=造成$3点伤害。随机召唤一个法力值消耗为（3）的随从。过载：（1）; source=fireplace/cards/outlands/shaman.py:78; existing_tests=none; prior=YELLOW:4 个机制缺少充分的核心效果验证；逐机制依据见 card_mechanism.csv。; prior_evidence=card_mechanism.csv#BT_100; generic-play-smoke:played; effect-evidence: reports/card_quality_full_2026-09-27/overload_reproductions.csv#BT_100
BT_101,BT_101::friendly_minion_deathrattle_resummons_itself,"Vivid Spores grants friendly minions a resummon deathrattle; killing the minion returns one copy, while enemy minions are unaffected.","deathrattles=(True, False);copies=[(4, 5, 'PLAY')];enemy=PLAY;spell=GRAVEYARD",pass,"batch=bt_a; 友方/敌方各一只随从比较，触发友方死亡后检查重召。; EN=Give your minions ""Deathrattle: Resummon this minion.""; ZH=使你的所有随从获得“亡语：再次召唤该随从。”; source=fireplace/cards/outlands/shaman.py:86; existing_tests=none; prior=YELLOW:1 个机制缺少充分的核心效果验证；逐机制依据见 card_mechanism.csv。; prior_evidence=card_mechanism.csv#BT_101; generic-play-smoke:played"
BT_102,BT_102::hero_attack_evolves_friendly_minions_plus_one_cost,"After the hero attacks, Boggspine Knuckles transforms each friendly minion into one costing 1 more.","weapon=PLAY:1;field=[('UNG_803', 1), ('LOOT_150', 5)];old_costs=0,4",pass,"batch=bt_a; 场上0费和4费随从，实际攻击后核对两个变形结果费用。; EN=After your hero attacks, transform your minions into random ones that cost (1) more.; ZH=在你的英雄攻击后，随机将你的所有随从变形成为法力值消耗增加（1）点的随从。; source=fireplace/cards/outlands/shaman.py:132; existing_tests=none; prior=YELLOW:5 个机制缺少充分的核心效果验证；逐机制依据见 card_mechanism.csv。; prior_evidence=card_mechanism.csv#BT_102; generic-play-smoke:played"
BT_106,BT_106::battlecry_evolves_adjacent_minions_plus_one_cost,Bogstrok Clacker transforms only the minions immediately adjacent to it into minions costing 1 more.,"field=[('UNG_803', 1), ('BT_106', 3), ('LOOT_150', 5), ('EX1_563', 9)];body=PLAY;other=EX1_563:9",pass,batch=bt_a; 左右相邻随从费用0/4，另放一个非相邻目标核对范围。; EN=Battlecry: Transform adjacent minions into random minions that cost (1) more.; ZH=战吼： 将相邻的随从随机变形成为法力值消耗增加（1）点的随从。; source=fireplace/cards/outlands/shaman.py:8; existing_tests=none; prior=YELLOW:4 个机制缺少充分的核心效果验证；逐机制依据见 card_mechanism.csv。; prior_evidence=card_mechanism.csv#BT_106; generic-play-smoke:played
BT_109,BT_109::spell_damage_and_death_shuffle_vashj_prime,Lady Vashj has Spell Damage +1 and death shuffles one Vashj Prime into deck.,"spellpower=1;body=GRAVEYARD;primes=[('BT_109t', 'DECK')]",pass,batch=bt_a; 检查法强属性及亡语洗入的卡牌实体。; EN=[x]Spell Damage +1 Deathrattle: Shuffle 'Vashj Prime' into your deck.; ZH=法术伤害+1 亡语：将“终极瓦丝琪”洗入你的牌库。; source=fireplace/cards/outlands/shaman.py:16; existing_tests=none; prior=YELLOW:2 个机制缺少充分的核心效果验证；逐机制依据见 card_mechanism.csv。; prior_evidence=card_mechanism.csv#BT_109; generic-play-smoke:played
BT_110,BT_110::cast_last_turn_reduces_cost_by_three,Torrent costs 3 less after a spell was cast on the previous turn and deals 8 damage.,cast_last_turn=True;cost=1;target=11->3;spell=GRAVEYARD,pass,batch=bt_a; 前一回合真实施法并跨回合，检查费用/伤害。; EN=[x]Deal $8 damage to a minion. Costs (3) less if you cast a spell last turn.; ZH=对一个随从造成$8点伤害。如果你在上个回合施放过法术，则法力值消耗减少（3）点。; source=fireplace/cards/outlands/shaman.py:98; existing_tests=none; prior=YELLOW:3 个机制缺少充分的核心效果验证；逐机制依据见 card_mechanism.csv。; prior_evidence=card_mechanism.csv#BT_110; generic-play-smoke:played
BT_110,BT_110::no_previous_spell_full_cost,"Without a spell cast last turn, Torrent keeps its original Cost and still deals 8.",cast_last_turn=False;cost=4;target=12->4;spell=GRAVEYARD,pass,batch=bt_a; 新局无前回合法术对照。; EN=[x]Deal $8 damage to a minion. Costs (3) less if you cast a spell last turn.; ZH=对一个随从造成$8点伤害。如果你在上个回合施放过法术，则法力值消耗减少（3）点。; source=fireplace/cards/outlands/shaman.py:98; existing_tests=none; prior=YELLOW:3 个机制缺少充分的核心效果验证；逐机制依据见 card_mechanism.csv。; prior_evidence=card_mechanism.csv#BT_110; generic-play-smoke:played
BT_113,BT_113::totem_gets_buff_and_copy,Totemic Reflection gives a Totem +2/+2 and summons a copy of the buffed Totem.,"totem=True;target=(1, 1)->(3, 3);copies=[(3, 3, False)]",pass,"batch=bt_a; 图腾目标核对本体和新复制体属性。; EN=Give a minion +2/+2. If it's a Totem, summon a copy of it.; ZH=使一个随从获得+2/+2。如果该随从是图腾，召唤一个它的复制。; source=fireplace/cards/outlands/shaman.py:111; existing_tests=none; prior=YELLOW:3 个机制缺少充分的核心效果验证；逐机制依据见 card_mechanism.csv。; prior_evidence=card_mechanism.csv#BT_113; generic-play-smoke:played"
BT_113,BT_113::non_totem_gets_buff_without_copy,A non-Totem receives +2/+2 but does not create a copy.,"totem=False;target=(1, 1)->(3, 3);copies=[]",pass,"batch=bt_a; 普通随从目标作是否召唤的对照。; EN=Give a minion +2/+2. If it's a Totem, summon a copy of it.; ZH=使一个随从获得+2/+2。如果该随从是图腾，召唤一个它的复制。; source=fireplace/cards/outlands/shaman.py:111; existing_tests=none; prior=YELLOW:3 个机制缺少充分的核心效果验证；逐机制依据见 card_mechanism.csv。; prior_evidence=card_mechanism.csv#BT_113; generic-play-smoke:played"
BT_114,BT_114::previous_turn_spell_damages_other_minions,"If a spell was cast last turn, Shattered Rumbler deals 2 to all other minions.","cast_last_turn=True;minions=(12, 6)->(10, 4);body=6",pass,"batch=bt_a; 跨回合施法后检查敌我所有其他随从受伤。; EN=Battlecry: If you cast a spell last turn, deal 2 damage to all other minions.; ZH=战吼： 如果你在上个回合施放过法术，则对所有其他随从造成2点伤害。; source=fireplace/cards/outlands/shaman.py:37; existing_tests=none; prior=YELLOW:1 个机制缺少充分的核心效果验证；逐机制依据见 card_mechanism.csv。; prior_evidence=card_mechanism.csv#BT_114; generic-play-smoke:played"
BT_114,BT_114::no_previous_spell_does_not_damage,"Without a spell last turn, Battlecry does not damage other minions.","cast_last_turn=False;minions=(12, 12)->(12, 12);body=6",pass,"batch=bt_a; 无前回合法术对照。; EN=Battlecry: If you cast a spell last turn, deal 2 damage to all other minions.; ZH=战吼： 如果你在上个回合施放过法术，则对所有其他随从造成2点伤害。; source=fireplace/cards/outlands/shaman.py:37; existing_tests=none; prior=YELLOW:1 个机制缺少充分的核心效果验证；逐机制依据见 card_mechanism.csv。; prior_evidence=card_mechanism.csv#BT_114; generic-play-smoke:played"
BT_115,BT_115::previous_turn_spell_discovers_spell,"After a spell last turn, Marshspawn Battlecry offers a spell Discover.","cast_last_turn=True;options=[('CFM_310', 5), ('ICC_056', 5), ('GIL_600', 5)];selected=('CFM_310', 'HAND');choice=None",pass,"batch=bt_a; 跨回合保留真实施法记录并完成Discover。; EN=Battlecry: If you cast a spell last turn, Discover a spell.; ZH=战吼：如果你在上回合施放过法术，发现一张法术牌。; source=fireplace/cards/outlands/shaman.py:46; existing_tests=none; prior=YELLOW:3 个机制缺少充分的核心效果验证；逐机制依据见 card_mechanism.csv。; prior_evidence=card_mechanism.csv#BT_115; generic-play-smoke:played"
BT_115,BT_115::no_previous_spell_no_discover,"Without a spell last turn, Marshspawn gives no Discover choice.",cast_last_turn=False;options=[];selected=None;choice=None,pass,"batch=bt_a; 新局无前回合法术对照。; EN=Battlecry: If you cast a spell last turn, Discover a spell.; ZH=战吼：如果你在上回合施放过法术，发现一张法术牌。; source=fireplace/cards/outlands/shaman.py:46; existing_tests=none; prior=YELLOW:3 个机制缺少充分的核心效果验证；逐机制依据见 card_mechanism.csv。; prior_evidence=card_mechanism.csv#BT_115; generic-play-smoke:played"
BT_117,BT_117::repeats_until_first_minion_dies,"Bladestorm deals one damage to all minions, then stops repeating once the 1-Health Wisp dies.","fragile=GRAVEYARD;friend=4;foe=4;heroes=(30, 30)->(30, 30)",pass,batch=bt_a; 脆弱随从确保首轮死亡，核对双方高血随从仅受到1点伤害。; EN=Deal $1 damage to all minions. Repeat until one dies.; ZH=对所有随从造成$1点伤害。重复此效果，直到某个随从 死亡。; source=fireplace/cards/outlands/warrior.py:84; existing_tests=none; prior=YELLOW:1 个机制缺少充分的核心效果验证；逐机制依据见 card_mechanism.csv。; prior_evidence=card_mechanism.csv#BT_117; generic-play-smoke:played
BT_120,BT_120::battlecry_fights_chosen_enemy_to_death,Warmaul Challenger attacks the chosen enemy minion until it dies and survives combat.,victim=GRAVEYARD;body=PLAY:9/10;atk=1,pass,batch=bt_a; 1/1敌方目标确保至少一次互相战斗并检查存活。; EN=Battlecry: Choose an enemy minion. Battle it to the death!; ZH=战吼： 选择一个敌方随从。与其战斗至死！; source=fireplace/cards/outlands/warrior.py:8; existing_tests=none; prior=YELLOW:2 个机制缺少充分的核心效果验证；逐机制依据见 card_mechanism.csv。; prior_evidence=card_mechanism.csv#BT_120; generic-play-smoke:played
BT_121,BT_121::dormant_two_turns_then_equip_three_two_axe,Gan'arg awakens after two of its owner's turns and equips a 3/2 Axe.,"initial=(True, 2);middle=(True, 1);dormant=False;weapon=('CS2_106', 3, 2)",pass,"batch=bt_a; 逐己方回合检查休眠进度，核对装备。; EN=Dormant for 2 turns. When this awakens, equip a 3/2 Axe.; ZH=休眠两回合。 唤醒时，装备一把3/2的斧子。; source=fireplace/cards/outlands/warrior.py:27; existing_tests=none; prior=YELLOW:2 个机制缺少充分的核心效果验证；逐机制依据见 card_mechanism.csv。; prior_evidence=card_mechanism.csv#BT_121; generic-play-smoke:played"
BT_123,BT_123::rush_attack_and_death_shuffle_prime,"Kargath has Rush, can attack immediately, and death shuffles one Kargath Prime into deck.","rush=1;can_attack=True;victim_damage=4;body=GRAVEYARD;prime=[('BT_123t', 'DECK')]",pass,batch=bt_a; 立即攻击耐久目标，再触发亡语检查洗牌。; EN=[x]Rush Deathrattle: Shuffle 'Kargath Prime' into your deck.; ZH=突袭 亡语：将“终极卡加斯”洗入你的牌库。; source=fireplace/cards/outlands/warrior.py:36; existing_tests=none; prior=YELLOW:2 个机制缺少充分的核心效果验证；逐机制依据见 card_mechanism.csv。; prior_evidence=card_mechanism.csv#BT_123; generic-play-smoke:played
BT_124,BT_124::draws_weapon_with_one_extra_durability,Corsair Cache draws the only weapon and increases its Durability by 1.,weapon=CS2_091:4->4:DECK;other=DECK;spell=GRAVEYARD,confirmed_error,batch=bt_a; 牌库中设置唯一武器及非武器对照，检查耐久增量。; EN=Draw a weapon. Give it +1 Durability.; ZH=抽一张武器牌。使其获得+1耐久度。; source=fireplace/cards/outlands/warrior.py:97; existing_tests=none; prior=YELLOW:3 个机制缺少充分的核心效果验证；逐机制依据见 card_mechanism.csv。; prior_evidence=card_mechanism.csv#BT_124; generic-play-smoke:played
BT_126,BT_126::battlecry_destroy_friends_then_deathrattle_resummon_plus_one,Teron destroys other friendly minions; its deathrattle resummons them with +1/+1.,"destroyed=['GRAVEYARD', 'GRAVEYARD'];body=GRAVEYARD;copies=[('CS2_231', 2, 2), ('CS2_182', 5, 6)]",pass,"batch=bt_a; 两种不同身材随从核对先毁灭再带增益重召。; EN=[x]Battlecry: Destroy all other friendly minions. Deathrattle: Resummon them with +1/+1.; ZH=战吼：消灭所有其他友方随从。亡语：再次召唤被消灭的随从并使其获得+1/+1。; source=fireplace/cards/outlands/neutral_legendary.py:8; existing_tests=tests/test_carddb.py:52:test_deathrattle_scripts; prior=YELLOW:2 个机制缺少充分的核心效果验证；逐机制依据见 card_mechanism.csv。; prior_evidence=card_mechanism.csv#BT_126; generic-play-smoke:played; effect-evidence: fireplace/cards/CardDefs.xml#BT_126; fireplace/cards/outlands/neutral_legendary.py:8; tests/test_carddb.py:49:test_deathrattle_scripts; smoke:death_processed_no_active_actions:pass_no_active_actions; delta={""friendly_field"":{""before"":[""BT_126""],""after"":[]},""friendly_graveyard"":{""before"":[],""after"":[""BT_126""]}}; prereq:pass;assertions={""battlecry_destroyed_victim"":true,""battlecry_attached_deathrattle"":true,""teron_processed_death"":true,""victim_resummoned_buffed"":true};observations={""victim_zone_after_battlecry"":""Zone.GRAVEYARD"",""teron_zone_before_death"":""Zone.PLAY"",""teron_buffs"":[""BT_126e""],""deathrattle_action_count"":1,""teron_zone_after_death"":""Zone.GRAVEYARD"",""revived"":[{""id"":""CS2_231"",""atk"":2,""m"
BT_127,BT_127::awakening_reduces_a_random_held_minion_by_five,"After two owner-turn starts Satyr awakens and reduces a held minion's Cost by 5, leaving a spell unchanged.",dormant=False;minion=6->1;spell=4->4;zones=HAND/HAND,pass,"batch=bt_a; 手牌仅有一只高费随从和法术对照，跨两次己方回合。; EN=[x]Dormant for 2 turns. When this awakens, reduce the Cost of a random minion in your hand by (5).; ZH=休眠两回合。唤醒时，使你手牌中的随机一张随从牌的法力值消耗减少（5）点。; source=fireplace/cards/outlands/druid.py:8; existing_tests=none; prior=YELLOW:3 个机制缺少充分的核心效果验证；逐机制依据见 card_mechanism.csv。; prior_evidence=card_mechanism.csv#BT_127; generic-play-smoke:played"
BT_128,BT_128::draw_three_discard_minion_cards,"Fungal Fortunes draws three and discards any minion among those drawn, retaining the spells.","spell1=HAND;minion=REMOVEDFROMGAME;spell2=HAND;hand=[('CS2_029', 5), ('CS2_008', 5)];cast=GRAVEYARD",pass,batch=bt_a; 牌库恰放两法术一随从，逐张验证抽取和弃置。; EN=Draw 3 cards. Discard any minions drawn.; ZH=抽三张牌。 弃掉抽到的所有随从牌。; source=fireplace/cards/outlands/druid.py:67; existing_tests=none; prior=YELLOW:2 个机制缺少充分的核心效果验证；逐机制依据见 card_mechanism.csv。; prior_evidence=card_mechanism.csv#BT_128; generic-play-smoke:played
BT_129,BT_129::summons_taunt_copy_of_friendly_minion,Germination leaves the chosen friendly minion unchanged and summons a matching Taunt copy.,"original=(4, 5)->(4, 5, False);copies=[(4, 5, True)]",pass,batch=bt_a; 高血友方随从作目标，核对复制体属性和嘲讽仅在复制体。; EN=Summon a copy of a friendly minion. Give the copy Taunt.; ZH=召唤一个友方随从的复制。使复制获得嘲讽。; source=fireplace/cards/outlands/druid.py:74; existing_tests=none; prior=YELLOW:3 个机制缺少充分的核心效果验证；逐机制依据见 card_mechanism.csv。; prior_evidence=card_mechanism.csv#BT_129; generic-play-smoke:played
BT_130,BT_130::gain_two_empty_mana_crystals,Overgrowth gains two empty Mana Crystals: max Mana rises by 2 without refunding paid Cost.,max_mana=4->6;used=6;available=0;spell=GRAVEYARD,pass,batch=bt_a; 将水晶设为4以避免上限，核对最大/已用/剩余法力。; EN=Gain two empty Mana Crystals.; ZH=获得两个空的法力水晶。; source=fireplace/cards/outlands/druid.py:86; existing_tests=none; prior=YELLOW:1 个机制缺少充分的核心效果验证；逐机制依据见 card_mechanism.csv。; prior_evidence=card_mechanism.csv#BT_130; generic-play-smoke:played
BT_131,BT_131::your_spells_cost_one,"While Ysiel is in play, spells in hand with different printed Costs each cost exactly 1.","spells=[('CS2_008', 1, 'HAND'), ('CS2_029', 1, 'HAND')];body=PLAY",pass,batch=bt_a; 高/零费用法术同手牌核对置为1而非统一减费。; EN=Your spells cost (1).; ZH=你的法术的法力值消耗为（1）点。; source=fireplace/cards/outlands/druid.py:23; existing_tests=none; prior=YELLOW:3 个机制缺少充分的核心效果验证；逐机制依据见 card_mechanism.csv。; prior_evidence=card_mechanism.csv#BT_131; generic-play-smoke:played
BT_132,BT_132::seven_crystals_make_ironbark_free,At 7 Mana Crystals Ironbark costs 0 and gives +1/+3 Taunt.,max_mana=7;cost=0;target=5/8/True;spell=GRAVEYARD,pass,batch=bt_a; 恰好7水晶分支，实际施放并检查目标增益。; EN=Give a minion +1/+3 and Taunt. Costs (0) if you have at least 7 Mana Crystals.; ZH=使一个随从获得+1/+3和嘲讽。如果你拥有至少七个法力水晶，则法力值消耗为（0）点。; source=fireplace/cards/outlands/druid.py:95; existing_tests=none; prior=YELLOW:5 个机制缺少充分的核心效果验证；逐机制依据见 card_mechanism.csv。; prior_evidence=card_mechanism.csv#BT_132; generic-play-smoke:played
BT_132,BT_132::six_crystals_keep_original_cost,At 6 Mana Crystals Ironbark retains its 3-Cost while giving the same minion buff.,max_mana=6;cost=2;target=5/8/True;spell=GRAVEYARD,pass,batch=bt_a; 6水晶作为阈值下界对照。; EN=Give a minion +1/+3 and Taunt. Costs (0) if you have at least 7 Mana Crystals.; ZH=使一个随从获得+1/+3和嘲讽。如果你拥有至少七个法力水晶，则法力值消耗为（0）点。; source=fireplace/cards/outlands/druid.py:95; existing_tests=none; prior=YELLOW:5 个机制缺少充分的核心效果验证；逐机制依据见 card_mechanism.csv。; prior_evidence=card_mechanism.csv#BT_132; generic-play-smoke:played
BT_133,BT_133::after_rush_attack_add_random_eight_cost_minion,Marsh Hydra can use Rush immediately; after its attack it adds an 8-Cost minion to hand.,"rush=1;can_attack=True;target=5;added=('DAL_721', 8, 4, 'HAND')",pass,"batch=bt_a; 实际突袭攻击后按生成随从费用验证触发。; EN=[x]Rush After this attacks, add a random 8-Cost minion to your hand.; ZH=突袭 在该随从攻击后，随机将一张法力值消耗为（8）的随从牌置入你的手牌。; source=fireplace/cards/outlands/druid.py:30; existing_tests=none; prior=YELLOW:3 个机制缺少充分的核心效果验证；逐机制依据见 card_mechanism.csv。; prior_evidence=card_mechanism.csv#BT_133; generic-play-smoke:played"
BT_134,BT_134::seven_crystals_make_bogbeam_free,"At 7 Mana Crystals, Bogbeam costs 0 and deals 3 to a minion.",max_mana=7;cost=0;target=12->9;spell=GRAVEYARD,pass,batch=bt_a; 7水晶阈值分支及实际伤害。; EN=Deal $3 damage to a minion. Costs (0) if you have at least 7 Mana Crystals.; ZH=对一个随从造成$3点伤害。如果你拥有至少七个法力水晶，则法力值消耗为（0）点。; source=fireplace/cards/outlands/druid.py:113; existing_tests=none; prior=YELLOW:5 个机制缺少充分的核心效果验证；逐机制依据见 card_mechanism.csv。; prior_evidence=card_mechanism.csv#BT_134; generic-play-smoke:played
BT_134,BT_134::six_crystals_keep_bogbeam_cost,"At 6 Mana Crystals, Bogbeam costs 3 and deals the same 3 damage.",max_mana=6;cost=3;target=12->9;spell=GRAVEYARD,pass,batch=bt_a; 6水晶对照，确认不是过早免费。; EN=Deal $3 damage to a minion. Costs (0) if you have at least 7 Mana Crystals.; ZH=对一个随从造成$3点伤害。如果你拥有至少七个法力水晶，则法力值消耗为（0）点。; source=fireplace/cards/outlands/druid.py:113; existing_tests=none; prior=YELLOW:5 个机制缺少充分的核心效果验证；逐机制依据见 card_mechanism.csv。; prior_evidence=card_mechanism.csv#BT_134; generic-play-smoke:played
BT_135,BT_135::summons_glowfly_per_spell_in_hand,"Glowfly Swarm summons one 2/2 Glowfly for each spell remaining in hand, ignoring minions.","tokens=[(2, 2), (2, 2)];spells=['HAND', 'HAND'];minion=HAND;body=GRAVEYARD",pass,batch=bt_a; 两张不同法术加随从手牌对照，逐个核对2/2数量。; EN=Summon a 2/2 Glowfly for each spell in your hand.; ZH=你的手牌中每有一张法术牌，召唤一只2/2的萤火虫。; source=fireplace/cards/outlands/druid.py:128; existing_tests=none; prior=YELLOW:2 个机制缺少充分的核心效果验证；逐机制依据见 card_mechanism.csv。; prior_evidence=card_mechanism.csv#BT_135; generic-play-smoke:played
BT_136,BT_136::taunt_and_death_shuffle_msshifn_prime,Archspore has Taunt and death shuffles exactly one Msshi'fn Prime into deck.,"taunt=1;body=GRAVEYARD;primes=[('BT_136t', 'DECK')]",pass,batch=bt_a; 检查嘲讽关键词及牌库亡语实体。; EN=[x]Taunt Deathrattle: Shuffle 'Msshi'fn Prime' into your deck.; ZH=嘲讽 亡语：将“终极姆希菲”洗入你的牌库。; source=fireplace/cards/outlands/druid.py:38; existing_tests=none; prior=YELLOW:2 个机制缺少充分的核心效果验证；逐机制依据见 card_mechanism.csv。; prior_evidence=card_mechanism.csv#BT_136; generic-play-smoke:played
BT_138,BT_138::two_damaged_minions_discount_two_and_rush_attacks,Each of two damaged minions discounts Bloodboil Brute by 1; the played Brute retains Rush and immediately kills a Wisp.,printed=7;damaged=4/4;cost=5;body=PLAY/5/7/rush=1;attack_error=None;target=GRAVEYARD;mana=5,pass,"batch=bt_b; Damage one friendly and one enemy Yeti, verify the exact two-point cost reduction, then play Brute and test its Rush attack.; EN=Rush Costs (1) less for each damaged minion.; ZH=突袭 每有一个受伤的随从，该牌的法力值消耗减少（1）点。; source=fireplace/cards/outlands/warrior.py:53; existing_tests=none; prior=YELLOW:2 个机制缺少充分的核心效果验证；逐机制依据见 card_mechanism.csv。; prior_evidence=card_mechanism.csv#BT_138; generic-play-smoke:played"
BT_138,BT_138::zero_damaged_minions_no_discount,"With no damaged minions, Bloodboil Brute stays at its printed Cost.",printed=7;current=7;friendly=[];enemy=[],pass,batch=bt_b; Hold Brute on an empty board and compare live cost to the same entity's initial printed cost.; EN=Rush Costs (1) less for each damaged minion.; ZH=突袭 每有一个受伤的随从，该牌的法力值消耗减少（1）点。; source=fireplace/cards/outlands/warrior.py:53; existing_tests=none; prior=YELLOW:2 个机制缺少充分的核心效果验证；逐机制依据见 card_mechanism.csv。; prior_evidence=card_mechanism.csv#BT_138; generic-play-smoke:played
BT_140,BT_140::damaged_minion_grants_plus_one_plus_one_and_rush,"With a damaged minion present, Bonechewer Raider gains +1/+1 and Rush and can attack a minion immediately.","damaged_enemy=4;base=(3, 3);after_battlecry=(4, 4, 4);raider=PLAY/4/3/4/rush=True;attack_error=None;enemy=GRAVEYARD",pass,"batch=bt_b; Damage an enemy Yeti, then play Raider and verify its stat gain, Rush tag, and immediate minion attack.; EN=Battlecry: If there is a damaged minion, gain +1/+1 and Rush.; ZH=战吼：如果有受伤的随从，便获得+1/+1和突袭。; source=fireplace/cards/outlands/warrior.py:60; existing_tests=none; prior=YELLOW:1 个机制缺少充分的核心效果验证；逐机制依据见 card_mechanism.csv。; prior_evidence=card_mechanism.csv#BT_140; generic-play-smoke:played"
BT_140,BT_140::no_damaged_minion_keeps_base_stats_and_no_rush,"Without a damaged minion, Bonechewer Raider receives neither the stat buff nor Rush.","base=(3, 3);body=PLAY/3/3;rush=False",pass,"batch=bt_b; Play Raider onto an undamaged empty board and compare the resulting stats and Rush tag with its held base stats.; EN=Battlecry: If there is a damaged minion, gain +1/+1 and Rush.; ZH=战吼：如果有受伤的随从，便获得+1/+1和突袭。; source=fireplace/cards/outlands/warrior.py:60; existing_tests=none; prior=YELLOW:1 个机制缺少充分的核心效果验证；逐机制依据见 card_mechanism.csv。; prior_evidence=card_mechanism.csv#BT_140; generic-play-smoke:played"
BT_155,BT_155::taunt_deathrattle_summons_one_seven_seven_taunt,Scrapyard Colossus has Taunt and its Deathrattle summons exactly one 7/7 Taunt Felcracked Colossus.,"colossus=GRAVEYARD;taunt=1;tokens=[('BT_155t', 7, 7, 1, 'PLAY')];board=['BT_155t']",pass,"batch=bt_b; Verify printed Taunt, destroy the minion, and inspect its sole replacement token's ID, stats, and Taunt tag.; EN=[x]Taunt Deathrattle: Summon a  7/7 Felcracked Colossus with Taunt.; ZH=嘲讽，亡语：召唤一个7/7并具有嘲讽的邪爆巨像。; source=fireplace/cards/outlands/neutral_rare.py:8; existing_tests=none; prior=YELLOW:3 个机制缺少充分的核心效果验证；逐机制依据见 card_mechanism.csv。; prior_evidence=card_mechanism.csv#BT_155; generic-play-smoke:played"
BT_156,BT_156::dormant_two_turns_then_rush_kills_enemy_minion,"Imprisoned Vilefiend remains Dormant through two of its owner's turn starts, wakes, and uses Rush to attack an enemy Wisp.","initial=(True, 2);after_first=(True, 1);awake=(False, 0, 'PLAY');rush=1;attack_error=None;target=GRAVEYARD;body=PLAY/3/4",pass,"batch=bt_b; Track both owner-turn boundaries explicitly, then test whether the awakened Rush minion can attack a minion on its waking turn.; EN=Dormant for 2 turns. Rush; ZH=休眠两回合。 突袭; source=fireplace/cards/outlands/neutral_common.py:25; existing_tests=tests/test_controller.py:236:test_observation_exposes_public_minion_statuses_on_both_boards | tests/test_controller.py:252:test_observation_exposes_public_minion_statuses_on_both_boards | tests/test_controller.py:253:test_observation_exposes_public_minion_statuses_on_both_boards | tests/test_controller.py:261:test_observation_exposes_public_minion_statuses_on_both_boards | tests/test_controller.py:265:test_observation_exposes_public_minion_statuses_on_both_boards; prior=YELLOW:1 个机制缺少充分的核心效果验证；逐机制依据见 card_mechanism.csv。; prior_evidence=card_mechanism.csv#BT_156; generic-play-smoke:played"
BT_159,BT_159::battlecry_summons_three_one_one_tokens_for_opponent,Terrorguard Escapee summons exactly three 1/1 Huntresses under the opponent's control.,"body=PLAY;own=['BT_159'];enemy=[('BT_159t', 1, 1, 'PLAY')];tokens=1",confirmed_error,"batch=bt_b; Play Escapee onto an empty board and inspect the opposing token controller, count, and stats.; EN=Battlecry: Summon three 1/1 Huntresses for your opponent.; ZH=战吼：为你的对手召唤三个1/1的女猎手。; source=fireplace/cards/outlands/neutral_common.py:33; existing_tests=none; prior=YELLOW:2 个机制缺少充分的核心效果验证；逐机制依据见 card_mechanism.csv。; prior_evidence=card_mechanism.csv#BT_159; generic-play-smoke:played"
BT_160,BT_160::gives_each_other_minion_deathrattle_summoning_one_one_demon,"Rustsworn Cultist grants its two other friendly minions Deathrattles; each death summons a 1/1 Demon, while Cultist itself gets none.","granted=(True, True, False);deaths=GRAVEYARD/GRAVEYARD;cultist=PLAY;after_first=[('BT_160t', 1, 1, '[15]')];tokens=[('BT_160t', 1, 1, 'PLAY', '[15]'), ('BT_160t', 1, 1, 'PLAY', '[15]')]",pass,"batch=bt_b; With two existing friendly minions, play Cultist between them; verify both but not Cultist gain Deathrattle, then kill each and count Demon tokens.; EN=[x]Battlecry: Give your other minions ""Deathrattle: Summon a 1/1 Demon.""; ZH=战吼：使你的其他随从获得“亡语：召唤一个1/1的恶魔。”; source=fireplace/cards/outlands/neutral_common.py:40; existing_tests=none; prior=YELLOW:2 个机制缺少充分的核心效果验证；逐机制依据见 card_mechanism.csv。; prior_evidence=card_mechanism.csv#BT_160; generic-play-smoke:played"
BT_163,BT_163::summons_four_three_five_clefthoofs_and_deals_twelve_to_lone_hero,"Nagrand Slam summons four 3/5 Clefthoofs; with no enemy minions, each attacks the enemy hero for a total of 12 damage.","spell=GRAVEYARD;enemy_hero=18;tokens=[('BT_163t', 3, 5, 'PLAY'), ('BT_163t', 3, 5, 'PLAY'), ('BT_163t', 3, 5, 'PLAY'), ('BT_163t', 3, 5, 'PLAY')];own=['BT_163t', 'BT_163t', 'BT_163t', 'BT_163t'];enemy=[]",pass,batch=bt_b; Cast with only the opposing hero as a legal enemy; count all four token bodies and verify their scripted attacks total 12 hero damage.; EN=Summon four 3/5 Clefthoofs that attack random enemies.; ZH=召唤四只3/5的裂蹄牛并使其攻击随机敌人。; source=fireplace/cards/outlands/hunter.py:74; existing_tests=none; prior=YELLOW:3 个机制缺少充分的核心效果验证；逐机制依据见 card_mechanism.csv。; prior_evidence=card_mechanism.csv#BT_163; generic-play-smoke:played
BT_163,BT_163::random_attacks_can_kill_minion_then_continue_to_hero,"With an enemy Wisp and hero available, Nagrand Slam's random attacks can kill the Wisp and send the remaining three attacks to face.","spell=GRAVEYARD;hero=21;target=GRAVEYARD;tokens=[(3, 4, 'PLAY'), (3, 5, 'PLAY'), (3, 5, 'PLAY'), (3, 5, 'PLAY')];enemy_field=[]",pass,"batch=bt_b; Use deterministic seed1633 with a live enemy Wisp; verify one 3/5 token loses 1 health in the Wisp trade, the Wisp dies, and the remaining attacks total9 to the hero.; EN=Summon four 3/5 Clefthoofs that attack random enemies.; ZH=召唤四只3/5的裂蹄牛并使其攻击随机敌人。; source=fireplace/cards/outlands/hunter.py:74; existing_tests=none; prior=YELLOW:3 个机制缺少充分的核心效果验证；逐机制依据见 card_mechanism.csv。; prior_evidence=card_mechanism.csv#BT_163; generic-play-smoke:played"
BT_187,BT_187::charge_kayn_grants_friendly_attacks_ignore_taunt,Kayn has Charge and lets a ready friendly Wisp attack the enemy hero despite an enemy Taunt minion.,kayn=PLAY/charge=1;friend_ignore_taunt=True;taunt=PLAY/1;attack_error=None;enemy_hero=30->29,pass,"batch=bt_b; Set an enemy Taunt, ready a friendly Wisp, play Kayn, and assert both the live Ignore-Taunt tag and successful hero attack.; EN=Charge All friendly attacks ignore Taunt.; ZH=冲锋 所有友方攻击无视 嘲讽。; source=fireplace/cards/outlands/demonhunter.py:8; existing_tests=none; prior=YELLOW:3 个机制缺少充分的核心效果验证；逐机制依据见 card_mechanism.csv。; prior_evidence=card_mechanism.csv#BT_187; generic-play-smoke:played"
BT_188,BT_188::playing_secret_discovers_three_secrets_from_other_classes,"After a Rogue plays Ambush, Hanar offers three Secret spells from non-Rogue classes and the selected Secret enters hand.","hanar=PLAY;rogue_secret=SECRET/controller_class=7;options=[('FP1_018', 4, 5, 1), ('EX1_289', 4, 5, 1), ('CFM_026', 3, 5, 1)];chosen=FP1_018;hand=[('FP1_018', 'HAND')];choice_after=False;secrets=['BT_707']",pass,"batch=bt_b; Play Rogue Hanar then the Rogue Ambush secret; inspect Discover options' spell type, Secret tag, class identities, and selected hand result.; EN=[x]After you play a Secret, Discover a Secret from a different class.; ZH=在你使用一张奥秘牌后，发现一张不同职业的奥秘牌。; source=fireplace/cards/outlands/rogue.py:8; existing_tests=none; prior=YELLOW:3 个机制缺少充分的核心效果验证；逐机制依据见 card_mechanism.csv。; prior_evidence=card_mechanism.csv#BT_188; generic-play-smoke:played"
BT_190,BT_190::end_of_turn_transforms_neighbor_and_leaves_distant_minion,"At its controller's end of turn, Replicat-o-tron transforms one adjacent Wisp into an exact 3/3 copy, leaving a distant Yeti unchanged.","field=[('BT_190', 3, 3, 'PLAY'), ('BT_190', 3, 3, 'PLAY'), ('CS2_231', 1, 1, 'PLAY'), ('CS2_182', 4, 5, 'PLAY')];old_neighbors=CS2_231/SETASIDE,CS2_231/PLAY;replicator=PLAY;distant=CS2_182/4/5/PLAY;copies=2;turn_owner=False",pass,"batch=bt_b; Place two adjacent Wisps around Replicat-o-tron and a Yeti beyond one adjacent Wisp; end the turn and inspect current board entities rather than stale pre-Morph references.; EN=At the end of your turn, transform a neighbor into a copy of this.; ZH=在你的回合结束时，将一个相邻的随从变形成为该随从的复制。; source=fireplace/cards/outlands/neutral_epic.py:8; existing_tests=none; prior=YELLOW:2 个机制缺少充分的核心效果验证；逐机制依据见 card_mechanism.csv。; prior_evidence=card_mechanism.csv#BT_190; generic-play-smoke:played"
BT_196,BT_196::not_drawn_this_turn_destroys_selected_minion_only,A normally held Keli'dan destroys the selected enemy minion and leaves other minions alive.,"kelidan=PLAY;ally=PLAY;target=GRAVEYARD;other=PLAY;fields=['CS2_231', 'BT_196']/['CS2_231']",pass,"batch=bt_b; Play Keli'dan already in hand with a chosen enemy Yeti and an unrelated enemy Wisp; check target-specific destruction.; EN=[x]Battlecry: Destroy a minion. If drawn this turn, instead destroy all minions except this one.; ZH=战吼：消灭一个随从。如果该牌在本回合被抽到，则改为消灭除此随从外的所有随从。; source=fireplace/cards/outlands/warlock.py:8; existing_tests=none; prior=YELLOW:2 个机制缺少充分的核心效果验证；逐机制依据见 card_mechanism.csv。; prior_evidence=card_mechanism.csv#BT_196; generic-play-smoke:played"
BT_196,BT_196::drawn_this_turn_battlecry_destroys_all_other_minions,"When Keli'dan is drawn this turn, its Battlecry destroys every other minion on both boards without requiring a target.","drawn=BT_196/HAND/same_deck_entity=True;drawn_this_turn=True/powered_up=True;kelidan=PLAY;ally=PLAY;enemies=['PLAY', 'PLAY'];pfield=['CS2_182', 'BT_196'];efield=['CS2_231', 'CS2_182'];deck=PLAY",confirmed_error,"batch=bt_b; Shuffle the exact Keli'dan entity into deck, draw it during this turn, verify its drawn-this-turn tag, then play without a target amid friendly/enemy minions.; EN=[x]Battlecry: Destroy a minion. If drawn this turn, instead destroy all minions except this one.; ZH=战吼：消灭一个随从。如果该牌在本回合被抽到，则改为消灭除此随从外的所有随从。; source=fireplace/cards/outlands/warlock.py:8; existing_tests=none; prior=YELLOW:2 个机制缺少充分的核心效果验证；逐机制依据见 card_mechanism.csv。; prior_evidence=card_mechanism.csv#BT_196; generic-play-smoke:played"
BT_197,BT_197::lifesteal_attack_heals_and_deathrattle_shuffles_prime,"After Reliquary is ready on its owner's next turn, its 1-damage Lifesteal attack heals its hero by 1, and its death shuffles one Reliquary Prime into the deck.",lifesteal=1;ready_after_own_turn=True;attack_error=None;enemy_hero=29;own_hero=25->26;body=GRAVEYARD;prime=['DECK'];deck=['BT_197t'],pass,"batch=bt_b; Start own hero at25, summon Reliquary, complete both turns until its own next turn, assert can_attack before attacking, then destroy it and check exact Prime deck insertion.; EN=[x]Lifesteal Deathrattle: Shuffle 'Reliquary Prime' into your deck.; ZH=吸血 亡语：将“终极魂匣”洗入你的牌库。; source=fireplace/cards/outlands/priest.py:8; existing_tests=tests/test_controller.py:237:test_observation_exposes_public_minion_statuses_on_both_boards | tests/test_controller.py:254:test_observation_exposes_public_minion_statuses_on_both_boards | tests/test_controller.py:255:test_observation_exposes_public_minion_statuses_on_both_boards; prior=YELLOW:2 个机制缺少充分的核心效果验证；逐机制依据见 card_mechanism.csv。; prior_evidence=card_mechanism.csv#BT_197; generic-play-smoke:played"
BT_198,BT_198::summons_copy_of_enemy_minion_and_makes_them_fight,"Soul Mirror summons a 4/5 copy of the enemy Ancient Watcher and both exchange 4 damage, leaving each at 1 Health.","spell=GRAVEYARD;original=EX1_045/PLAY/1;copies=[('EX1_045', 4, 1, 'PLAY')];boards=['EX1_045']/['EX1_045']",pass,batch=bt_b; Use the actual EX1_045 4/5 Ancient Watcher with only 4 attack to ensure the original and its summoned copy survive the reciprocal attack with observable damage.; EN=Summon copies of enemy minions. They attack their copies.; ZH=召唤所有敌方随从的复制，并使敌方随从与其复制 互相攻击。; source=fireplace/cards/outlands/priest.py:80; existing_tests=none; prior=YELLOW:2 个机制缺少充分的核心效果验证；逐机制依据见 card_mechanism.csv。; prior_evidence=card_mechanism.csv#BT_198; generic-play-smoke:played
BT_198,BT_198::copies_and_fights_all_enemy_minions,Soul Mirror creates a copy of each enemy minion and each copy attacks its matching original.,"spell=GRAVEYARD;originals=[('EX1_045', 'PLAY', 4, 1), ('CS2_182', 'PLAY', 4, 1)];copies=[('EX1_045', 'PLAY', 4, 1), ('CS2_182', 'PLAY', 4, 1)];boards=['EX1_045', 'CS2_182']/['EX1_045', 'CS2_182']",pass,"batch=bt_b; Set up two distinct enemy 4/5 minions (Ancient Watcher and Yeti); verify both original entities and both friendly copies survive at 4/1, proving the all-enemies loop handles multiple targets.; EN=Summon copies of enemy minions. They attack their copies.; ZH=召唤所有敌方随从的复制，并使敌方随从与其复制 互相攻击。; source=fireplace/cards/outlands/priest.py:80; existing_tests=none; prior=YELLOW:2 个机制缺少充分的核心效果验证；逐机制依据见 card_mechanism.csv。; prior_evidence=card_mechanism.csv#BT_198; generic-play-smoke:played"
BT_199,BT_199::deals_three_to_enemy_target_and_one_random_friendly_minion,"Unstable Felbolt deals 3 to the chosen enemy Yeti and 3 to exactly one of two friendly Yetis, selected randomly.","spell=GRAVEYARD;enemy=PLAY/2/damage=3;friendlies=[('CS2_182', 'PLAY', 5, 0), ('CS2_182', 'PLAY', 2, 3)];friendly_damage=[0, 3];heroes=30/30",pass,"batch=bt_b; Use multiple surviving friendly minions so only one random recipient is damaged, and separately verify the chosen enemy target receives exactly 3.; EN=Deal $3 damage to an enemy minion and a random friendly one.; ZH=对一个敌方随从和一个随机友方随从造成$3点伤害。; source=fireplace/cards/outlands/warlock.py:76; existing_tests=none; prior=YELLOW:3 个机制缺少充分的核心效果验证；逐机制依据见 card_mechanism.csv。; prior_evidence=card_mechanism.csv#BT_199; generic-play-smoke:played"
BT_201,BT_201::deathrattle_deals_exact_attack_damage_split_among_enemy_characters,"On death, Augmented Porcupine deals a total of its Attack value as randomly distributed 1-damage hits among enemy characters.","atk=2;porcupine=GRAVEYARD;enemy_hero=30->30;minions=[('CS2_182', 'PLAY', 5, 0), ('CS2_182', 'PLAY', 3, 2)];total_damage=2",pass,batch=bt_b; Keep two high-health enemy minions alive alongside the enemy hero; destroy Porcupine and sum actual damage across all enemy characters.; EN=[x]Deathrattle: Deal this minion's Attack damage randomly split among all enemies.; ZH=亡语： 造成等同于该随从攻击力的伤害，随机分配到所有敌人身上。; source=fireplace/cards/outlands/hunter.py:8; existing_tests=none; prior=YELLOW:2 个机制缺少充分的核心效果验证；逐机制依据见 card_mechanism.csv。; prior_evidence=card_mechanism.csv#BT_201; generic-play-smoke:played
BT_202,BT_202::deathrattle_buffs_one_random_beast_and_no_other_card,Helboar gives +1/+1 to exactly one of two Beast cards in hand and does not buff a non-Beast.,"body=GRAVEYARD;beasts=[('CS2_172', 'HAND', 3, 2), ('EX1_543', 'HAND', 9, 9)];before=[(3, 2), (8, 8)];changes=[(0, 0), (1, 1)];nonbeast=CS2_182/4/5/before=(4, 5);races=['[20]', '[20]']",pass,batch=bt_b; Hold two known Beast minions and a Yeti; after the Deathrattle compare before/after stats and require exactly one Beast to change.; EN=Deathrattle: Give a random Beast in your hand +1/+1.; ZH=亡语：随机使你手牌中的一张野兽牌获得+1/+1。; source=fireplace/cards/outlands/hunter.py:16; existing_tests=none; prior=YELLOW:2 个机制缺少充分的核心效果验证；逐机制依据见 card_mechanism.csv。; prior_evidence=card_mechanism.csv#BT_202; generic-play-smoke:played
BT_202,BT_202::no_beast_in_hand_has_no_effect,"With no Beast in hand, Helboar's Deathrattle changes no held minion stats.","body=GRAVEYARD;held=[('CS2_182', 4, 5), ('CS2_231', 1, 1)];before=[(4, 5), (1, 1)];after=[(4, 5), (1, 1)]",pass,batch=bt_b; Repeat its death with only non-Beast cards in hand and verify no card gains stats.; EN=Deathrattle: Give a random Beast in your hand +1/+1.; ZH=亡语：随机使你手牌中的一张野兽牌获得+1/+1。; source=fireplace/cards/outlands/hunter.py:16; existing_tests=none; prior=YELLOW:2 个机制缺少充分的核心效果验证；逐机制依据见 card_mechanism.csv。; prior_evidence=card_mechanism.csv#BT_202; generic-play-smoke:played
BT_203,BT_203::friendly_minion_attack_reveals_secret_and_summons_three_three_copy,"When the enemy Wisp attacks a friendly Yeti, Pack Tactics reveals and summons a 3/3 copy of the attacked Yeti.","secret=GRAVEYARD;attack_error=None;attacker=GRAVEYARD;defender=PLAY/4/5;copies=[('CS2_182', 3, 3, 3, 'PLAY')];boards=['CS2_182', 'CS2_182']/[]",pass,"batch=bt_b; Trigger the secret with an actual enemy minion attack; verify reveal, attacker combat, surviving original, and the 3/3 token stats.; EN=Secret: When a friendly minion is attacked, summon a 3/3 copy.; ZH=奥秘：当一个友方随从受到攻击时，召唤一个该随从的3/3的复制。; source=fireplace/cards/outlands/hunter.py:84; existing_tests=none; prior=YELLOW:4 个机制缺少充分的核心效果验证；逐机制依据见 card_mechanism.csv。; prior_evidence=card_mechanism.csv#BT_203; generic-play-smoke:played"
BT_205,BT_205::deals_three_and_randomly_buffs_one_beast_by_three_three,"Scrap Shot deals 3 to the chosen Yeti and gives +3/+3 to exactly one of two Beast cards in hand, leaving the non-Beast unchanged.","spell=GRAVEYARD;target=PLAY/2/damage=3;beasts=[('CS2_172', 6, 5, 'HAND'), ('EX1_543', 8, 8, 'HAND')];before=[(3, 2), (8, 8)];changes=[(3, 3), (0, 0)];nonbeast=CS2_182/4/5;before=(4, 5)",pass,"batch=bt_b; Hold two verified Beast minions and a non-Beast, target a surviving enemy Yeti, then compare spell damage and hand-card stats.; EN=Deal $3 damage. Give a random Beast in your hand +3/+3.; ZH=造成$3点伤害。随机使你手牌中的一张野兽牌获得+3/+3。; source=fireplace/cards/outlands/hunter.py:104; existing_tests=none; prior=YELLOW:3 个机制缺少充分的核心效果验证；逐机制依据见 card_mechanism.csv。; prior_evidence=card_mechanism.csv#BT_205; generic-play-smoke:played"
BT_210,BT_210::rush_minion_kills_wisp_and_deathrattle_shuffles_zixor_prime,Zixor can use Rush to kill an enemy Wisp and its Deathrattle shuffles one Zixor Prime into its controller's deck.,"rush=1;attack_error=None;after_attack=('PLAY', 3, 'GRAVEYARD');zixor=GRAVEYARD;primes=[('BT_210t', 'DECK')];deck=['BT_210t']",pass,"batch=bt_b; Play into an enemy Wisp, confirm immediate Rush combat, kill Zixor, and count exactly one prime card in deck.; EN=[x]Rush Deathrattle: Shuffle 'Zixor Prime' into your deck.; ZH=突袭 亡语：将“终极兹克索尔”洗入你的牌库。; source=fireplace/cards/outlands/hunter.py:26; existing_tests=none; prior=YELLOW:2 个机制缺少充分的核心效果验证；逐机制依据见 card_mechanism.csv。; prior_evidence=card_mechanism.csv#BT_210; generic-play-smoke:played"
BT_211,BT_211::after_two_turns_awakens_and_random_attacks_only_enemy_hero,"Imprisoned Felmaw stays Dormant for two owner-turn starts, then awakens and attacks the sole enemy character, the hero.","initial=(True, 2);after_first=(True, 1);wake=(False, 0, 'PLAY');atk=5;enemy_hero=25;enemy_minions=[];body=PLAY/4",pass,"batch=bt_b; With no enemy minions, its random attack target is deterministic; verify dormancy countdown, awakening, and exact hero damage.; EN=[x]Dormant for 2 turns. When this awakens,   attack a random enemy.; ZH=休眠两回合。唤醒时，随机攻击一个 敌人。; source=fireplace/cards/outlands/hunter.py:40; existing_tests=none; prior=YELLOW:2 个机制缺少充分的核心效果验证；逐机制依据见 card_mechanism.csv。; prior_evidence=card_mechanism.csv#BT_211; generic-play-smoke:played"
BT_211,BT_211::after_two_turns_random_attack_can_hit_enemy_minion,"When a Wisp is present alongside the enemy hero, awakened Felmaw can attack the random minion and take its 1 damage.",felmaw=PLAY/5/3/dormant=False/0;target=GRAVEYARD;hero=30;enemy_field=[],pass,"batch=bt_b; Use deterministic seed2115 with an enemy Wisp plus hero; check the Wisp dies, hero remains30, and awakened Felmaw is at3 health after combat.; EN=[x]Dormant for 2 turns. When this awakens,   attack a random enemy.; ZH=休眠两回合。唤醒时，随机攻击一个 敌人。; source=fireplace/cards/outlands/hunter.py:40; existing_tests=none; prior=YELLOW:2 个机制缺少充分的核心效果验证；逐机制依据见 card_mechanism.csv。; prior_evidence=card_mechanism.csv#BT_211; generic-play-smoke:played"
BT_212,BT_212::rush_lion_copies_and_triggers_friendly_colossus_deathrattle,Mok'Nathal Lion uses Rush and copies the friendly Scrapyard Colossus Deathrattle; both deaths summon a 7/7 Taunt.,"lion=GRAVEYARD/5/2;rush=1;attack_error=None;enemy=GRAVEYARD;lion_dr=True;source=GRAVEYARD;after_lion=1;tokens=[('BT_155t', 7, 7, 1, 'PLAY'), ('BT_155t', 7, 7, 1, 'PLAY')]",pass,"batch=bt_b; Target an actual friendly Deathrattle minion, test Lion's immediate Rush attack, then kill both bodies and count the copied outcomes.; EN=Rush. Battlecry: Choose a friendly minion. Gain a copy of its Deathrattle.; ZH=突袭，战吼：选择一个友方随从，获得其亡语的复制。; source=fireplace/cards/outlands/hunter.py:50; existing_tests=none; prior=YELLOW:3 个机制缺少充分的核心效果验证；逐机制依据见 card_mechanism.csv。; prior_evidence=card_mechanism.csv#BT_212; generic-play-smoke:played"
BT_213,BT_213::draws_beast_and_gives_two_two_while_nonbeast_remains_deck,"Scavenger's Ingenuity draws the deck's Beast and gives it +2/+2, leaving a non-Beast in the deck.","spell=GRAVEYARD;beast=CS2_172/HAND/5/4;base=(3, 2);nonbeast=CS2_182/DECK/4/5;hand=[('CS2_172', 5, 4, 'HAND')];deck=['CS2_182']",pass,"batch=bt_b; Mix one known Beast and a non-Beast in deck; cast and inspect exact draw, stat buff, and untouched non-Beast zone.; EN=Draw a Beast. Give it +2/+2.; ZH=抽一张野兽牌。使其获得+2/+2。; source=fireplace/cards/outlands/hunter.py:115; existing_tests=none; prior=YELLOW:3 个机制缺少充分的核心效果验证；逐机制依据见 card_mechanism.csv。; prior_evidence=card_mechanism.csv#BT_213; generic-play-smoke:played"
BT_214,BT_214::battlecry_summons_three_beasts_and_not_nonbeast,Beastmaster Leoroxx summons all three held Beast minions onto the board and leaves the held Yeti in hand.,"body=PLAY;beasts=[('CS2_172', 'PLAY', 3, 2, '[20]'), ('CS2_119', 'PLAY', 2, 7, '[20]'), ('EX1_543', 'PLAY', 8, 8, '[20]')];nonbeast=CS2_182/HAND;field=[('BT_214', 5, 5), ('EX1_543', 8, 8), ('CS2_172', 3, 2), ('CS2_119', 2, 7)];hand=['CS2_182']",pass,batch=bt_b; Hold exactly three verified Beast minions plus a non-Beast; play Leoroxx and verify the three selected hand entities move to play.; EN=Battlecry: Summon 3 Beasts from your hand.; ZH=战吼：从你的手牌中召唤三只野兽。; source=fireplace/cards/outlands/hunter.py:63; existing_tests=none; prior=YELLOW:2 个机制缺少充分的核心效果验证；逐机制依据见 card_mechanism.csv。; prior_evidence=card_mechanism.csv#BT_214; generic-play-smoke:played
BT_214,BT_214::more_than_three_beasts_summons_exactly_three,"With four Beast candidates, Leoroxx summons three of them and leaves the fourth Beast plus the non-Beast in hand.","body=PLAY;beasts=[('CS2_172', 'PLAY', 3, 2, '[20]'), ('CS2_119', 'PLAY', 2, 7, '[20]'), ('EX1_543', 'PLAY', 8, 8, '[20]'), ('CS2_125', 'HAND', 3, 3, '[20]')];summoned=['CS2_172', 'CS2_119', 'EX1_543'];remaining=['CS2_125'];nonbeast=CS2_182/HAND;field=['BT_214', 'EX1_543', 'CS2_172', 'CS2_119']",pass,batch=bt_b; Hold four verified Beast minions plus a Yeti; inspect all original entity zones after the Battlecry to test the three-minion cap and selection from excess eligible cards.; EN=Battlecry: Summon 3 Beasts from your hand.; ZH=战吼：从你的手牌中召唤三只野兽。; source=fireplace/cards/outlands/hunter.py:63; existing_tests=none; prior=YELLOW:2 个机制缺少充分的核心效果验证；逐机制依据见 card_mechanism.csv。; prior_evidence=card_mechanism.csv#BT_214; generic-play-smoke:played
BT_230,BT_230::enemy_target_death_repeats_once_on_one_neighbor,"The Lurker Below deals 3 to the selected Wisp, kills it, then deals 3 to one adjacent Yeti only; a farther Wisp is untouched.","lurker=PLAY;target=GRAVEYARD;neighbors=[('CS2_182', 'PLAY', 5, 0), ('CS2_182', 'PLAY', 2, 3)];neighbor_damages=[0, 3];far=PLAY/0;",pass,"batch=bt_b; Arrange enemy board left-Yeti / target-Wisp / right-Yeti / far-Wisp; check the initial kill, one neighbor repeat, and chain stopping on the surviving Yeti.; EN=[x]Battlecry: Deal 3 damage to an enemy minion. If it dies, repeat on one of its neighbors.; ZH=战吼：对一个敌方随从造成3点伤害。如果该随从死亡，则对一个相邻的随从重复此效果。; source=fireplace/cards/outlands/shaman.py:54; existing_tests=none; prior=YELLOW:2 个机制缺少充分的核心效果验证；逐机制依据见 card_mechanism.csv。; prior_evidence=card_mechanism.csv#BT_230; generic-play-smoke:played"
BT_233,BT_233::deals_two_to_target_and_gains_two_armor,Sword and Board deals 2 damage to the chosen Yeti and grants its Warrior 2 Armor.,spell=GRAVEYARD;target=PLAY/3/damage=2;armor=0->2;heroes=30/30,pass,batch=bt_b; Record armor before casting at a 5-health Yeti; assert exactly two damage and exactly two Armor.; EN=Deal $2 damage to a minion. Gain 2 Armor.; ZH=对一个随从造成$2点伤害。获得2点护甲值。; source=fireplace/cards/outlands/warrior.py:109; existing_tests=none; prior=YELLOW:2 个机制缺少充分的核心效果验证；逐机制依据见 card_mechanism.csv。; prior_evidence=card_mechanism.csv#BT_233; generic-play-smoke:played
BT_249,BT_249::taunt_deathrattle_gains_armor_equal_to_golem_attack,Scrap Golem has Taunt and its Deathrattle grants Armor equal to its Attack.,attack=4;taunt=1;dead=GRAVEYARD;armor=4;field=[],pass,"batch=bt_b; Snapshot its actual Attack and Taunt tag, destroy it, and compare hero Armor to that exact Attack value.; EN=Taunt. Deathrattle: Gain Armor equal to this minion's Attack.; ZH=嘲讽，亡语：获得等同于该随从攻击力的护甲值。; source=fireplace/cards/outlands/warrior.py:72; existing_tests=none; prior=YELLOW:2 个机制缺少充分的核心效果验证；逐机制依据见 card_mechanism.csv。; prior_evidence=card_mechanism.csv#BT_249; generic-play-smoke:played"
BT_252,BT_252::restores_three_health_and_discovered_spell_enters_hand,"Renew restores 3 Health to the damaged hero, discovers three spells, and the chosen spell enters hand.","renew=GRAVEYARD;hero=25->28;options=[('AT_015', 5, 2), ('CFM_661', 5, 1), ('DAL_065', 5, 4)];chosen=AT_015;hand=[('AT_015', 'HAND')];choice=False",pass,"batch=bt_b; Damage own hero to25, cast Renew on it, inspect actual healing and all Discover choices, then choose one and verify the hand result.; EN=Restore #3 Health. Discover a spell.; ZH=恢复#3点 生命值。发现一张法术牌。; source=fireplace/cards/outlands/priest.py:91; existing_tests=none; prior=YELLOW:4 个机制缺少充分的核心效果验证；逐机制依据见 card_mechanism.csv。; prior_evidence=card_mechanism.csv#BT_252; generic-play-smoke:played"
BT_253,BT_253::buffs_target_one_two_and_summons_buffed_copy,Psyche Split buffs a friendly 1/1 Wisp to 2/3 and summons a second 2/3 copy.,"spell=GRAVEYARD;before=(1, 1, 1);target=PLAY/1/1/1/damage=0;wisps=[('CS2_231', 1, 1, 'PLAY'), ('CS2_231', 1, 1, 'PLAY')];field=['CS2_231', 'CS2_231']",confirmed_error,"batch=bt_b; Target a live friendly Wisp, verify spell resolution and both entities' attack/current/max health. CardDefs.xml BT_253e contains only CARDNAME/CARDTEXT/CARD_SET/CLASS/CARDTYPE, with no ATK or HEALTH enchant values; check that the Python Buff action still applies the promised +1/+2.; EN=Give a minion +1/+2. Summon a copy of it.; ZH=使一个随从获得+1/+2，并召唤一个它的复制。; source=fireplace/cards/outlands/priest.py:99; existing_tests=none; prior=YELLOW:3 个机制缺少充分的核心效果验证；逐机制依据见 card_mechanism.csv。; prior_evidence=card_mechanism.csv#BT_253; generic-play-smoke:played"
BT_254,BT_254::priest_spell_on_minion_adds_priest_spell,"After a Priest spell targets a minion, Sethekk adds exactly one Priest spell to hand.","veilweaver=PLAY;cast=GRAVEYARD;target=3/4;generated=[('OG_104', 5, 6, 'HAND')];hand=['OG_104']",pass,"batch=bt_b; Cast Apotheosis on a minion with Sethekk active; filter new hand entities by object identity and verify one is a Priest spell.; EN=[x]After you cast a spell on a minion, add a Priest spell to your hand.; ZH=在你对一个随从施放法术后，随机将一张牧师法术牌置入你的 手牌。; source=fireplace/cards/outlands/priest.py:30; existing_tests=none; prior=YELLOW:2 个机制缺少充分的核心效果验证；逐机制依据见 card_mechanism.csv。; prior_evidence=card_mechanism.csv#BT_254; generic-play-smoke:played"
BT_254,BT_254::priest_spell_on_hero_adds_no_spell,Casting a Priest spell on a hero does not trigger Sethekk's minion-targeted effect.,veilweaver=PLAY;cast=GRAVEYARD;enemy_hero=30->25;generated=[];hand=[],pass,"batch=bt_b; Cast the Priest Holy Fire EX1_624 at the enemy hero while Sethekk is active; verify its five damage resolves but no newly added hand card appears. CS2_012 is a Druid spell in this card set and is not a valid identity fixture.; EN=[x]After you cast a spell on a minion, add a Priest spell to your hand.; ZH=在你对一个随从施放法术后，随机将一张牧师法术牌置入你的 手牌。; source=fireplace/cards/outlands/priest.py:30; existing_tests=none; prior=YELLOW:2 个机制缺少充分的核心效果验证；逐机制依据见 card_mechanism.csv。; prior_evidence=card_mechanism.csv#BT_254; generic-play-smoke:played"
BT_255,BT_255::third_spell_free_and_turn_counter_resets,"The first two Fireballs cost 4, the third costs 0, and the first spell next turn costs 4 again.","kael=PLAY/4/7;costs=[4, 4, 0];enemy_after_three=12;next_turn_used_mana=0;fourth_cost=4;",pass,"batch=bt_b; Put Kael'thas in play with an otherwise fresh spell count, cast three real Fireballs at the enemy hero while recording each live hand cost, then pass a full round and check the count reset.; EN=Every third spell you cast each turn costs (0).; ZH=在每回合中，你每施放三个法术，第三个法术的法力值消耗为（0）点。; source=fireplace/cards/outlands/neutral_legendary.py:26; existing_tests=tests/test_outlands.py:10:test_kaelthas_sunstrider; prior=YELLOW:2 个机制缺少充分的核心效果验证；逐机制依据见 card_mechanism.csv。; prior_evidence=card_mechanism.csv#BT_255; generic-play-smoke:played"
BT_256,BT_256::end_turn_buffs_exactly_one_other_minion,At the owner's end of turn exactly one of two other friendly minions gets +2/+2; the Overseer does not buff itself.,"before=[(1, 1), (4, 5)];after=[(3, 3), (4, 5)];buffed_indexes=[0];overseer=(2, 2)->(2, 2)",pass,"batch=bt_b; Put Overseer beside a Wisp and Yeti, end its turn, and compare each live minion's attack and health before and after the trigger.; EN=At the end of your turn, give another friendly minion +2/+2.; ZH=在你的回合结束时，使另一个友方随从获得+2/+2。; source=fireplace/cards/outlands/priest.py:39; existing_tests=none; prior=YELLOW:2 个机制缺少充分的核心效果验证；逐机制依据见 card_mechanism.csv。; prior_evidence=card_mechanism.csv#BT_256; generic-play-smoke:played"
BT_256,BT_256::no_other_minion_means_no_self_buff,"With no other friendly minion, Dragonmaw Overseer remains at base stats.","before=(2, 2);after=(2, 2);field=['BT_256']",pass,"batch=bt_b; End a turn with only the Overseer in play and assert no self-buff occurs.; EN=At the end of your turn, give another friendly minion +2/+2.; ZH=在你的回合结束时，使另一个友方随从获得+2/+2。; source=fireplace/cards/outlands/priest.py:39; existing_tests=none; prior=YELLOW:2 个机制缺少充分的核心效果验证；逐机制依据见 card_mechanism.csv。; prior_evidence=card_mechanism.csv#BT_256; generic-play-smoke:played"
BT_257,BT_257::buffs_two_three_and_lifesteal_heals_attack_damage,Apotheosis gives a friendly Wisp +2/+3 and Lifesteal; its ready 3-Attack minion heals the hero by 3 when it attacks face.,"spell=GRAVEYARD;stats=(3, 4, 4);lifesteal=True;ready=True;attack_error=None;own_hero=28;enemy_hero=27",pass,"batch=bt_b; Start the Priest hero at25, cast Apotheosis on a real Wisp, check its attack/health/Lifesteal, wait until it is attack-ready, then attack the opposing hero and verify exact healing.; EN=Give a minion +2/+3 and Lifesteal.; ZH=使一个随从获得+2/+3和吸血。; source=fireplace/cards/outlands/priest.py:107; existing_tests=none; prior=YELLOW:2 个机制缺少充分的核心效果验证；逐机制依据见 card_mechanism.csv。; prior_evidence=card_mechanism.csv#BT_257; generic-play-smoke:played"
BT_258,BT_258::dormant_two_turns_then_taunt_blocks_hero,"Imprisoned Homunculus stays Dormant through one owner turn, awakens after two, and its Taunt forces the enemy Wisp to attack it instead of face.","initial=(True, True, 2, 1);after_one=(True, 1, 'PLAY');after_two=(False, 0, 'PLAY', 1);hero_attack_error=InvalidAction;minion_attack_error=None;attacker=GRAVEYARD;body=PLAY/4;hero_health=30",pass,"batch=bt_b; Play Homunculus while an enemy Wisp is present, advance two complete rounds, check the live Dormant counter and Taunt after awakening, then assert a hero attack is rejected and the legal attack damages the 2/5 body.; EN=Dormant for 2 turns. Taunt; ZH=休眠两回合。嘲讽; source=fireplace/cards/outlands/priest.py:49; existing_tests=none; prior=YELLOW:1 个机制缺少充分的核心效果验证；逐机制依据见 card_mechanism.csv。; prior_evidence=card_mechanism.csv#BT_258; generic-play-smoke:played"
BT_262,BT_262::held_dragon_grants_plus_one_attack_and_lifesteal,Holding a Dragon makes Dragonmaw Sentinel a 2/4 with Lifesteal; its ready attack heals its owner by 2.,"held=EX1_561/4/24;sentinel=PLAY/(2, 4);lifesteal=True;ready=True;attack_error=None;own_hero=27;enemy_hero=28",pass,"batch=bt_b; Hold an actual Race.DRAGON minion in hand, play Sentinel, inspect its body and Lifesteal tag, wait for attack readiness, and verify both hero health changes.; EN=Battlecry: If you're holding a Dragon, gain +1 Attack and Lifesteal.; ZH=战吼：如果你的手牌中有龙牌，便获得+1攻击力和吸血。; source=fireplace/cards/outlands/priest.py:57; existing_tests=none; prior=YELLOW:1 个机制缺少充分的核心效果验证；逐机制依据见 card_mechanism.csv。; prior_evidence=card_mechanism.csv#BT_262; generic-play-smoke:played"
BT_262,BT_262::no_dragon_leaves_one_four_without_lifesteal,"Without a Dragon in hand, Dragonmaw Sentinel remains a 1/4 and has no Lifesteal.",held=CS2_182/0;sentinel=PLAY/1/4;lifesteal=False,pass,"batch=bt_b; Hold a non-Dragon Yeti, play Sentinel, and compare its body and Lifesteal tag to its unpowered form.; EN=Battlecry: If you're holding a Dragon, gain +1 Attack and Lifesteal.; ZH=战吼：如果你的手牌中有龙牌，便获得+1攻击力和吸血。; source=fireplace/cards/outlands/priest.py:57; existing_tests=none; prior=YELLOW:1 个机制缺少充分的核心效果验证；逐机制依据见 card_mechanism.csv。; prior_evidence=card_mechanism.csv#BT_262; generic-play-smoke:played"
BT_291,BT_291::no_minion_deck_summons_random_five_cost_minion,"Apexis Blast deals 5 to its target and, with no minion in deck, summons one 5-Cost minion.","spell=GRAVEYARD;target=GRAVEYARD/5;deck=['CS2_029'];spell_only=CS2_029/DECK;summoned=[('LOE_086', 5, 0, 6, 'PLAY')]",pass,"batch=bt_b; Leave only a spell in Mage's deck, target a five-health Yeti so the 5 damage is observable, then check the resolved summon is exactly one 5-Cost minion.; EN=Deal $5 damage. If your deck has no minions, summon a random 5-Cost minion.; ZH=造成$5点伤害。如果你的牌库中没有随从牌，随机召唤一个法力值消耗为（5）的随从。; source=fireplace/cards/outlands/mage.py:112; existing_tests=none; prior=YELLOW:4 个机制缺少充分的核心效果验证；逐机制依据见 card_mechanism.csv。; prior_evidence=card_mechanism.csv#BT_291; generic-play-smoke:played"
BT_291,BT_291::minion_in_deck_suppresses_summon,"If Mage's deck still contains a minion, Apexis Blast deals 5 but summons no minion.",spell=GRAVEYARD;target=GRAVEYARD/5;deck=['CS2_182'];minion=DECK;pfield=[],pass,"batch=bt_b; Put a known Yeti in deck, target a separate enemy Yeti, and verify the deck minion remains while no friendly body appears.; EN=Deal $5 damage. If your deck has no minions, summon a random 5-Cost minion.; ZH=造成$5点伤害。如果你的牌库中没有随从牌，随机召唤一个法力值消耗为（5）的随从。; source=fireplace/cards/outlands/mage.py:112; existing_tests=none; prior=YELLOW:4 个机制缺少充分的核心效果验证；逐机制依据见 card_mechanism.csv。; prior_evidence=card_mechanism.csv#BT_291; generic-play-smoke:played"
BT_292,BT_292::buffs_friendly_minion_and_draws_exactly_one,"Hand of A'dal gives its friendly Wisp +2/+2 and draws exactly one card into hand, leaving a second sentinel in deck.","spell=GRAVEYARD;target=3/3;deck_entities=[('CS2_182', 'HAND'), ('CS2_029', 'DECK')];new=[('CS2_182', 'HAND')];deck=['CS2_029'];hero=30",pass,"batch=bt_b; Target a live friendly Wisp with a Yeti and Fireball in deck; verify exact target stats, exactly one of those entities in hand, the other still in deck, and no fatigue.; EN=Give a minion +2/+2. Draw a card.; ZH=使一个随从获得+2/+2。 抽一张牌。; source=fireplace/cards/outlands/paladin.py:107; existing_tests=none; prior=YELLOW:3 个机制缺少充分的核心效果验证；逐机制依据见 card_mechanism.csv。; prior_evidence=card_mechanism.csv#BT_292; generic-play-smoke:played"
BT_300,BT_300::playing_hand_of_guldan_draws_three,Playing Hand of Gul'dan draws exactly 3 cards and leaves the fourth sentinel card in deck.,"spell=GRAVEYARD;drawn=[('CS2_182', 'HAND'), ('CS2_179', 'HAND'), ('CS2_029', 'HAND')];deck=['CS2_231'];original_deck=['CS2_029', 'CS2_182', 'CS2_231', 'CS2_179']",pass,"batch=bt_b; Play Hand of Gul'dan with four known cards in deck; verify exactly three original entities enter hand, one sentinel remains in deck, and no fatigue damage occurs.; EN=When you play or discard this, draw 3 cards.; ZH=当你使用或弃掉这张牌时，抽三张牌。; source=fireplace/cards/outlands/warlock.py:88; existing_tests=none; prior=YELLOW:3 个机制缺少充分的核心效果验证；逐机制依据见 card_mechanism.csv。; prior_evidence=card_mechanism.csv#BT_300; generic-play-smoke:played"
BT_300,BT_300::discarding_hand_of_guldan_draws_three,Discarding Hand of Gul'dan also draws exactly 3 cards and leaves the fourth sentinel card in deck.,"discarded=REMOVEDFROMGAME;drawn=[('CS2_182', 'HAND'), ('CS2_179', 'HAND'), ('CS2_029', 'HAND')];deck=['CS2_231'];original_deck=['CS2_029', 'CS2_182', 'CS2_231', 'CS2_179']",pass,"batch=bt_b; Discard Hand of Gul'dan with four known cards in deck; inspect the exact three-card hand delta, one remaining sentinel, and unchanged hero health.; EN=When you play or discard this, draw 3 cards.; ZH=当你使用或弃掉这张牌时，抽三张牌。; source=fireplace/cards/outlands/warlock.py:88; existing_tests=none; prior=YELLOW:3 个机制缺少充分的核心效果验证；逐机制依据见 card_mechanism.csv。; prior_evidence=card_mechanism.csv#BT_300; generic-play-smoke:played"
BT_301,BT_301::rush_discards_highest_cost_and_can_attack_minion,"Nightshade Matron has Rush, discards the highest-Cost card (Hand of Gul'dan), triggers its 3-card draw while leaving a fourth sentinel in deck, and can attack an enemy minion immediately.","matron=PLAY/5/4/rush=1;guldan=REMOVEDFROMGAME;lower=HAND;drawn=['CS2_231', 'CS2_029', 'CS2_182'];deck=['CS2_179'];attack_error=None;target=GRAVEYARD",pass,"batch=bt_b; Hold Hand of Gul'dan (6) and a Yeti (4), with four known deck cards and an enemy Wisp; play Matron, verify discard selection, exactly three draws plus one remaining sentinel, and immediate Rush combat.; EN=Rush Battlecry: Discard your highest Cost card.; ZH=突袭，战吼： 弃掉你的法力值消耗最高的牌。; source=fireplace/cards/outlands/warlock.py:21; existing_tests=none; prior=YELLOW:3 个机制缺少充分的核心效果验证；逐机制依据见 card_mechanism.csv。; prior_evidence=card_mechanism.csv#BT_301; generic-play-smoke:played"
BT_302,BT_302::eight_hand_cards_reduce_drawn_minion_cost_five,"With 8 cards in hand including The Dark Portal, the drawn King Krush costs 5 less (9 to 4) and the second eligible minion remains in deck.","before=8;spell=GRAVEYARD;drawn=EX1_543/HAND/cost=4;remaining=[('EX1_543', 9, 'DECK')];hand=['CS2_029', 'CS2_029', 'CS2_029', 'CS2_029', 'CS2_029', 'CS2_029', 'CS2_029', 'EX1_543'];fillers=['CS2_029', 'CS2_029', 'CS2_029', 'CS2_029', 'CS2_029', 'CS2_029', 'CS2_029'];hero=30",pass,"batch=bt_b; Hold seven known filler cards plus Portal and two King Krush entities in deck; check the drawn entity's cost is4, its twin remains at9 in deck, and the hero takes no fatigue damage.; EN=Draw a minion. If you have at least 8 cards in hand, it costs (5) less.; ZH=抽一张随从牌。如果你拥有至少八张手牌，则使其法力值消耗减少（5）点。; source=fireplace/cards/outlands/warlock.py:95; existing_tests=none; prior=YELLOW:4 个机制缺少充分的核心效果验证；逐机制依据见 card_mechanism.csv。; prior_evidence=card_mechanism.csv#BT_302; generic-play-smoke:played"
BT_302,BT_302::seven_hand_cards_do_not_reduce_drawn_minion_cost,"With only 7 cards in hand including The Dark Portal, the drawn King Krush keeps its 9-Cost value; the second minion remains in deck.","before=7;spell=GRAVEYARD;drawn=EX1_543/HAND/cost=9;remaining=[('EX1_543', 9, 'DECK')];hand=['CS2_029', 'CS2_029', 'CS2_029', 'CS2_029', 'CS2_029', 'CS2_029', 'EX1_543'];fillers=['CS2_029', 'CS2_029', 'CS2_029', 'CS2_029', 'CS2_029', 'CS2_029'];hero=30",pass,"batch=bt_b; Hold six known filler cards plus Portal and two King Krush entities in deck; compare drawn and remaining costs against the exact 8-card threshold.; EN=Draw a minion. If you have at least 8 cards in hand, it costs (5) less.; ZH=抽一张随从牌。如果你拥有至少八张手牌，则使其法力值消耗减少（5）点。; source=fireplace/cards/outlands/warlock.py:95; existing_tests=none; prior=YELLOW:4 个机制缺少充分的核心效果验证；逐机制依据见 card_mechanism.csv。; prior_evidence=card_mechanism.csv#BT_302; generic-play-smoke:played"
BT_304,BT_304::taunt_death_summons_one_five_five_lifesteal_dreadlord,Enhanced Dreadlord has Taunt; its death summons exactly one 5/5 Dreadlord with Lifesteal.,"body=GRAVEYARD/5/7/taunt=1;token=BT_304t/PLAY/(5, 5)/lifesteal=1;field=[('BT_304t', 5, 5)]",pass,"batch=bt_b; Play Enhanced Dreadlord, assert its Taunt, destroy it, and inspect the exact summoned token's ID, zone, stats and Lifesteal tag.; EN=[x]Taunt Deathrattle: Summon a 5/5 Dreadlord with Lifesteal.; ZH=嘲讽，亡语：召唤一个5/5并具有吸血的恐惧魔王。; source=fireplace/cards/outlands/warlock.py:28; existing_tests=none; prior=YELLOW:3 个机制缺少充分的核心效果验证；逐机制依据见 card_mechanism.csv。; prior_evidence=card_mechanism.csv#BT_304; generic-play-smoke:played"
BT_305,BT_305::awakening_after_two_turns_buffs_all_minions_in_hand,"After two Dormant turns, Scrap Imp awakens and grants +2/+1 to each minion in hand while leaving the Fireball spell unchanged.","before=[(4, 5), (1, 1)];after_one=(True, 1, (4, 5), (1, 1), 4);after_two=(False, 0, (6, 6), (3, 2), 4);hand=['CS2_182', 'CS2_231', 'CS2_029'];body=PLAY",pass,"batch=bt_b; Keep a known Yeti, Wisp and Fireball in hand while the Imp is Dormant; compare minion stats after each owner turn and verify the non-minion card's cost is untouched.; EN=Dormant for 2 turns. When this awakens, give all minions in your hand +2/+1.; ZH=休眠两回合。唤醒时，使你手牌中的所有随从牌获得+2/+1。; source=fireplace/cards/outlands/warlock.py:36; existing_tests=none; prior=YELLOW:1 个机制缺少充分的核心效果验证；逐机制依据见 card_mechanism.csv。; prior_evidence=card_mechanism.csv#BT_305; generic-play-smoke:played"
BT_306,BT_306::replaces_every_hand_card_with_plus_two_plus_two_demon,"Shadow Council replaces all three other hand cards, including the spell, with Demons that each have +2/+2.","spell=GRAVEYARD;old=[('CS2_231', 'SETASIDE'), ('CS2_182', 'SETASIDE'), ('CS2_029', 'SETASIDE')];old_ids=['CS2_231', 'CS2_182', 'CS2_029'];replacements=[('LOOT_018', 4, 15, 6, 6, 6, 4, 4, 'HAND'), ('GIL_527', 4, 15, 3, 8, 8, 1, 6, 'HAND'), ('DAL_185', 4, 15, 6, 8, 8, 4, 6, 'HAND')];hand=['LOOT_018', 'GIL_527', 'DAL_185']",pass,"batch=bt_b; Hold a Wisp, Yeti and Fireball, play Shadow Council, then retrieve current hand entities rather than stale pre-Morph references; assert each replacement is a Demon minion and its attack/current/max health are its base values plus two.; EN=Replace your hand with random Demons. Give them +2/+2.; ZH=随机将你的手牌替换成恶魔牌，并使它们获得+2/+2。; source=fireplace/cards/outlands/warlock.py:112; existing_tests=none; prior=YELLOW:2 个机制缺少充分的核心效果验证；逐机制依据见 card_mechanism.csv。; prior_evidence=card_mechanism.csv#BT_306; generic-play-smoke:played"
BT_307,BT_307::friendly_hero_damage_refreshes_two_mana,"After Darkglare is in play and 8 mana is spent, damage to its controller's hero refreshes exactly 2 crystals (2 to 4 remaining).",glare=PLAY;spend=PLAY/7;mana_before=2;mana_after=4;used=6;hero=24;enemy_spell=GRAVEYARD,pass,"batch=bt_b; Spend 8 real mana on an Enhanced Dreadlord while Darkglare is active; during the opponent's turn cast Fireball at the Warlock hero and compare the exact remaining mana before and after.; EN=After your hero takes damage, refresh 2 Mana Crystals.; ZH=在你的英雄受到伤害后，复原两个 法力水晶。; source=fireplace/cards/outlands/warlock.py:49; existing_tests=none; prior=YELLOW:1 个机制缺少充分的核心效果验证；逐机制依据见 card_mechanism.csv。; prior_evidence=card_mechanism.csv#BT_307; generic-play-smoke:played"
BT_307,BT_307::minion_damage_does_not_refresh_hero_damage_trigger,Damage to a friendly minion without damaging the hero does not refresh mana through Darkglare.,glare=PLAY;spend=PLAY/1;mana_before=2;mana_after=2;used=8;hero=30;enemy_spell=GRAVEYARD,pass,"batch=bt_b; Repeat with the opposing Fireball targeting the 5/7 Dreadlord; verify it survives at 1 health, the hero stays at30, and remaining mana stays2.; EN=After your hero takes damage, refresh 2 Mana Crystals.; ZH=在你的英雄受到伤害后，复原两个 法力水晶。; source=fireplace/cards/outlands/warlock.py:49; existing_tests=none; prior=YELLOW:1 个机制缺少充分的核心效果验证；逐机制依据见 card_mechanism.csv。; prior_evidence=card_mechanism.csv#BT_307; generic-play-smoke:played"
BT_309,BT_309::demon_cost_reduced_one_aura_ends_and_death_shuffles_prime,Kanrethad makes the held Demon cost 1 less but leaves the Yeti unchanged; when Kanrethad dies the aura ends and one Kanrethad Prime is shuffled into the deck.,"before=(8, 4);during=(7, 4);after=(8, 4);body=GRAVEYARD;primes=[('BT_309t', 'DECK')];deck=['BT_309t']",pass,"batch=bt_b; Record a held Demon and non-Demon cost, play Kanrethad to compare aura effects, destroy it, verify costs revert and inspect the exact Prime card in deck.; EN=[x]Your Demons cost (1) less. Deathrattle: Shuffle 'Kanrethad Prime' into your deck.; ZH=你的恶魔牌法力值消耗减少（1）点。亡语：将“终极坎雷萨德”洗入你的牌库。; source=fireplace/cards/outlands/warlock.py:56; existing_tests=none; prior=YELLOW:4 个机制缺少充分的核心效果验证；逐机制依据见 card_mechanism.csv。; prior_evidence=card_mechanism.csv#BT_309; generic-play-smoke:played"
BT_321,BT_321::discovers_three_demons_and_selected_demon_enters_hand,"Netherwalker presents three Demon minions, and the selected Demon enters hand.","body=PLAY/2/2;options=[('BT_728', 4, 15, 'HAND'), ('BT_510', 4, 15, 'SETASIDE'), ('BT_352', 4, 15, 'SETASIDE')];chosen=BT_728;in_hand=[('BT_728', 'HAND')];choice_pending=False",pass,"batch=bt_b; Play Netherwalker, inspect all three live Discover options' card type and race, select one, and verify it enters hand and the choice closes.; EN=Battlecry: Discover a Demon.; ZH=战吼： 发现一张恶魔牌。; source=fireplace/cards/outlands/demonhunter.py:15; existing_tests=none; prior=YELLOW:3 个机制缺少充分的核心效果验证；逐机制依据见 card_mechanism.csv。; prior_evidence=card_mechanism.csv#BT_321; generic-play-smoke:played"
BT_334,BT_334::recovers_cast_spells_on_friendly_characters_only,"After three friendly-target casts including two of same spell, recovers all three copies but excludes enemy-target Fireball.","friendly_spells=GRAVEYARD/GRAVEYARD/GRAVEYARD;hostile_spell=GRAVEYARD;hand=['CS2_092', 'CS2_087', 'CS2_087'];body=PLAY",pass,batch=bt_c; 施法次数、重复卡、目标阵营与手牌。; EN=[x]Battlecry: Add a copy of each spell you cast on friendly characters this game to your hand.; ZH=战吼：将你在本局对战中施放在友方角色上的所有法术的复制置入你的手牌。; source=fireplace/cards/outlands/paladin.py:56; existing_tests=none; prior=YELLOW:1 个机制缺少充分的核心效果验证；逐机制依据见 card_mechanism.csv。; prior_evidence=card_mechanism.csv#BT_334; generic-play-smoke:played
BT_341,BT_341::own_turn_end_gives_dragon_and_has_taunt,Own turn end adds one Dragon to hand; body has Taunt.,"taunt=1;before=0;hand=[('BT_726', True, 'HAND')]",pass,"batch=bt_c; 回合触发、种族、区域和关键词。; EN=[x]Taunt At the end of your turn, add a Dragon to your hand.; ZH=嘲讽 在你的回合结束时，将一张龙牌置入你的手牌。; source=fireplace/cards/outlands/priest.py:69; existing_tests=none; prior=YELLOW:3 个机制缺少充分的核心效果验证；逐机制依据见 card_mechanism.csv。; prior_evidence=card_mechanism.csv#BT_341; generic-play-smoke:played"
BT_423,BT_423::taunt_lifesteal_real_combat_heals_hero,"After taking damage, attacking enemy Yeti heals owner via Lifesteal and body has Taunt.",taunt=1;lifesteal=1;ready=True;hero=25->28;enemy=2:PLAY,pass,batch=bt_c; 实际战斗与治疗。; EN=Taunt Lifesteal; ZH=嘲讽，吸血; source=; existing_tests=none; prior=YELLOW:2 个机制缺少充分的核心效果验证；逐机制依据见 card_mechanism.csv。; prior_evidence=card_mechanism.csv#BT_423; generic-play-smoke:played
BT_429,BT_429::two_uses_deal_four_each_then_restore_hero_power,"Power changes to Demonic Blast, two uses each deal 4, then original power returns.",old=HERO_10bp;first=BT_429p;after1=BT_429p2;after2=HERO_10bp;enemy_health=26/22;spell=GRAVEYARD,pass,"batch=bt_c; 英雄技能替换、使用次数、伤害与恢复。; EN=Swap your Hero Power to ""Deal 4 damage."" After 2 uses, swap it back.; ZH=将你的英雄技能替换为“造成4点伤害。”使用两次后，换回原技能。; source=fireplace/cards/outlands/demonhunter.py:84; existing_tests=tests/test_outlands.py:24:test_metamorphosis; prior=YELLOW:3 个机制缺少充分的核心效果验证；逐机制依据见 card_mechanism.csv。; prior_evidence=card_mechanism.csv#BT_429; generic-play-smoke:played"
BT_430,BT_430::attack_minion_grants_second_attack,"Weapon attack kills enemy Wisp, then hero can attack enemy hero in same turn.",first=True;minion=GRAVEYARD;second=True;hero_attacks=1;enemy_health=27;weapon=PLAY:2,pass,"batch=bt_c; 实际英雄攻击、额外攻击与武器耐久。; EN=After attacking a minion, your hero may attack again.; ZH=在攻击一个随从后，你的英雄可以再次攻击。; source=fireplace/cards/outlands/demonhunter.py:197; existing_tests=none; prior=YELLOW:2 个机制缺少充分的核心效果验证；逐机制依据见 card_mechanism.csv。; prior_evidence=card_mechanism.csv#BT_430; generic-play-smoke:played"
BT_480,BT_480::outcast_draws_one,Runner at hand edge draws sole Wisp.,"outcast=True;drawn=HAND;runner=PLAY;hand=[('CS2_231', 'HAND')]",pass,batch=bt_c; 真实手牌边缘与抽牌。; EN=Outcast: Draw a card.; ZH=流放：抽一张牌。; source=fireplace/cards/outlands/demonhunter.py:22; existing_tests=none; prior=YELLOW:2 个机制缺少充分的核心效果验证；逐机制依据见 card_mechanism.csv。; prior_evidence=card_mechanism.csv#BT_480; generic-play-smoke:played
BT_480,BT_480::not_outcast_does_not_draw,Runner with card to right does not draw.,"outcast=False;drawn=DECK;runner=PLAY;hand=[('CS2_182', 'HAND'), ('CS2_182', 'HAND')]",pass,batch=bt_c; 非边缘分支。; EN=Outcast: Draw a card.; ZH=流放：抽一张牌。; source=fireplace/cards/outlands/demonhunter.py:22; existing_tests=none; prior=YELLOW:2 个机制缺少充分的核心效果验证；逐机制依据见 card_mechanism.csv。; prior_evidence=card_mechanism.csv#BT_480; generic-play-smoke:played
BT_486,BT_486::end_turn_summons_only_demon_from_deck,Own turn end summons sole deck Demon; non-Demon Wisp stays.,taunt=1;demon=PLAY;plain=DECK;body=PLAY,pass,"batch=bt_c; 回合触发、种族牌库过滤、嘲讽。; EN=Taunt At the end of your turn, summon a Demon from your deck.; ZH=嘲讽 在你的回合结束时，从你的牌库中召唤一个恶魔。; source=fireplace/cards/outlands/demonhunter.py:29; existing_tests=none; prior=YELLOW:3 个机制缺少充分的核心效果验证；逐机制依据见 card_mechanism.csv。; prior_evidence=card_mechanism.csv#BT_486; generic-play-smoke:played"
BT_493,BT_493::six_end_turn_hits_all_enemies_not_friendlies,"With sole enemy character hero, end-turn six 1-damage hits total 6; friendly Yeti untouched.",enemy_hero=24;friendly=5;body=PLAY,pass,"batch=bt_c; 重复随机目标、归属与回合触发。; EN=At the end of your turn, deal 6 damage randomly split among all enemies.; ZH=在你的回合结束时，造成6点伤害，随机分配到所有敌人身上。; source=fireplace/cards/outlands/demonhunter.py:36; existing_tests=none; prior=YELLOW:2 个机制缺少充分的核心效果验证；逐机制依据见 card_mechanism.csv。; prior_evidence=card_mechanism.csv#BT_493; generic-play-smoke:played"
BT_493,BT_493::six_damage_multi_enemy_conservation,"With hero and a high-Health enemy minion as eligible enemies, combined damage is exactly 6 and friendly characters are unharmed.",total=6;enemy_hero=27;enemy_minion=9;friendly=5;own_hero=30;body=5:PLAY,pass,"batch=bt_c; 多目标随机分配总量及阵营过滤。; EN=At the end of your turn, deal 6 damage randomly split among all enemies.; ZH=在你的回合结束时，造成6点伤害，随机分配到所有敌人身上。; source=fireplace/cards/outlands/demonhunter.py:36; existing_tests=none; prior=YELLOW:2 个机制缺少充分的核心效果验证；逐机制依据见 card_mechanism.csv。; prior_evidence=card_mechanism.csv#BT_493; generic-play-smoke:played"
BT_496,BT_496::after_actual_hero_attack_gets_attack_and_rush,"After hero weapon attack, Felfin gains +1 Attack and Rush.",attacked=True;hero_attacks=1;stats=4/2;rush=True,pass,"batch=bt_c; 英雄真实攻击条件。; EN=[x]Battlecry: If your hero attacked this turn, gain +1 Attack and Rush.; ZH=战吼：在本回合中，如果你的英雄进行过攻击，则获得+1攻击力和突袭。; source=fireplace/cards/outlands/demonhunter.py:43; existing_tests=none; prior=YELLOW:1 个机制缺少充分的核心效果验证；逐机制依据见 card_mechanism.csv。; prior_evidence=card_mechanism.csv#BT_496; generic-play-smoke:played"
BT_496,BT_496::no_hero_attack_no_buff,"Without hero attack, no Attack buff or Rush.",attacked=False;hero_attacks=0;stats=3/2;rush=False,pass,"batch=bt_c; 条件反支。; EN=[x]Battlecry: If your hero attacked this turn, gain +1 Attack and Rush.; ZH=战吼：在本回合中，如果你的英雄进行过攻击，则获得+1攻击力和突袭。; source=fireplace/cards/outlands/demonhunter.py:43; existing_tests=none; prior=YELLOW:1 个机制缺少充分的核心效果验证；逐机制依据见 card_mechanism.csv。; prior_evidence=card_mechanism.csv#BT_496; generic-play-smoke:played"
BT_509,BT_509::deathrattle_summons_demon_from_hand,Actual death puts sole hand Demon onto board; Wisp remains hand.,demon=PLAY;plain=HAND;body=GRAVEYARD,pass,batch=bt_c; 死亡、手牌种族过滤、召唤区域。; EN=Deathrattle: Summon a random Demon from your hand.; ZH=亡语：随机从你的手牌中召唤一个恶魔。; source=fireplace/cards/outlands/demonhunter.py:55; existing_tests=none; prior=YELLOW:3 个机制缺少充分的核心效果验证；逐机制依据见 card_mechanism.csv。; prior_evidence=card_mechanism.csv#BT_509; generic-play-smoke:played
BT_514,BT_514::two_separate_one_damage_waves_all_minions,"Both 5-Health Yetis lose 2, 1-Health Wisp dies, heroes untouched.",own=3:PLAY;foe=3:PLAY;small=GRAVEYARD;heroes=30/30;spell=GRAVEYARD,pass,batch=bt_c; 双方随从、二次伤害与死亡。; EN=Deal $1 damage to all minions twice.; ZH=对所有随从造成$1点伤害两次。; source=fireplace/cards/outlands/demonhunter.py:173; existing_tests=none; prior=YELLOW:1 个机制缺少充分的核心效果验证；逐机制依据见 card_mechanism.csv。; prior_evidence=card_mechanism.csv#BT_514; generic-play-smoke:played
BT_601,BT_601::outcast_draws_three_with_cost_minus_three,Outcast Skull draws three 4-Cost Yetis and each costs 1.,"outcast=True;drawn=[('CS2_182', 1, 'HAND'), ('CS2_182', 1, 'HAND'), ('CS2_182', 1, 'HAND')];waiting=1;spell=GRAVEYARD",pass,batch=bt_c; 真实手牌边缘、抽取和费用。; EN=Draw 3 cards. Outcast: Reduce their Cost by (3).; ZH=抽三张牌。流放：这些牌的法力值消耗减少（3）点。; source=fireplace/cards/outlands/demonhunter.py:180; existing_tests=none; prior=YELLOW:3 个机制缺少充分的核心效果验证；逐机制依据见 card_mechanism.csv。; prior_evidence=card_mechanism.csv#BT_601; generic-play-smoke:played
BT_601,BT_601::middle_hand_draws_three_at_original_cost,Non-Outcast Skull draws three Yetis still costing 4.,"outcast=False;drawn=[('CS2_182', 4, 'HAND'), ('CS2_182', 4, 'HAND'), ('CS2_182', 4, 'HAND')];waiting=1;spell=GRAVEYARD",pass,batch=bt_c; 非边缘对照。; EN=Draw 3 cards. Outcast: Reduce their Cost by (3).; ZH=抽三张牌。流放：这些牌的法力值消耗减少（3）点。; source=fireplace/cards/outlands/demonhunter.py:180; existing_tests=none; prior=YELLOW:3 个机制缺少充分的核心效果验证；逐机制依据见 card_mechanism.csv。; prior_evidence=card_mechanism.csv#BT_601; generic-play-smoke:played
BT_701,BT_701::stealth_excludes_enemy_fireball_target,On enemy turn Stealth body cannot be selected by Fireball.,stealthed=1;spell_targetable=False;body=PLAY,pass,batch=bt_c; 关键词与真实法术目标集合。; EN=Stealth; ZH=潜行; source=; existing_tests=none; prior=YELLOW:1 个机制缺少充分的核心效果验证；逐机制依据见 card_mechanism.csv。; prior_evidence=card_mechanism.csv#BT_701; generic-play-smoke:played
BT_702,BT_702::stealthed_target_gains_three_attack_and_temporary_immune,"Stealthed minion gains +3 Attack and Immune, both expire after turn.","base=3;now=(6, True);after_turn=(6, True);body=PLAY;target=PLAY",confirmed_error,batch=bt_c; 目标、双增益及持续期。; EN=Battlecry: Give a Stealthed minion +3 Attack and Immune this turn.; ZH=战吼：在本回合中，使一个潜行的随从获得+3攻击力和免疫。; source=fireplace/cards/outlands/rogue.py:18; existing_tests=none; prior=YELLOW:2 个机制缺少充分的核心效果验证；逐机制依据见 card_mechanism.csv。; prior_evidence=card_mechanism.csv#BT_702; generic-play-smoke:played
BT_703,BT_703::death_summons_seven_five_stealthed_shadow,Actual death summons a 7/5 Stealthed Shadow on own board.,"body=GRAVEYARD;shadows=[(7, 5, 1, 'PLAY')]",pass,batch=bt_c; 亡语、身材、潜行与区域。; EN=Deathrattle: Summon a 7/5 Shadow with Stealth.; ZH=亡语：召唤一个7/5并具有潜行的阴影。; source=fireplace/cards/outlands/rogue.py:34; existing_tests=none; prior=YELLOW:2 个机制缺少充分的核心效果验证；逐机制依据见 card_mechanism.csv。; prior_evidence=card_mechanism.csv#BT_703; generic-play-smoke:played
BT_707,BT_707::enemy_minion_play_reveals_and_summons_poisonous_ambusher,Enemy Wisp play reveals Secret and summons own 2/3 Poisonous Ambusher.,"secret=GRAVEYARD;enemy=PLAY;ambushers=[(2, 3, 1, 'PLAY')]",pass,"batch=bt_c; 对手出牌事件、奥秘揭示和召唤。; EN=[x]Secret: After your opponent plays a minion, summon a 2/3 Ambusher with Poisonous.; ZH=奥秘：在你的对手使用一张随从牌后，召唤一个2/3并具有剧毒的伏击者。; source=fireplace/cards/outlands/rogue.py:97; existing_tests=none; prior=YELLOW:4 个机制缺少充分的核心效果验证；逐机制依据见 card_mechanism.csv。; prior_evidence=card_mechanism.csv#BT_707; generic-play-smoke:played"
BT_709,BT_709::enemy_spell_reveals_secret_and_draws_two,Enemy Coin spell triggers reveal and draws exactly two deck Wisps.,"secret=GRAVEYARD;drawn=['DECK', 'HAND', 'HAND'];spell=GRAVEYARD",pass,"batch=bt_c; 敌方施法、奥秘揭示和抽牌。; EN=[x]Secret: After your opponent casts a spell, draw 2 cards.; ZH=奥秘：在你的对手施放一个法术后，抽两张牌。; source=fireplace/cards/outlands/rogue.py:107; existing_tests=none; prior=YELLOW:4 个机制缺少充分的核心效果验证；逐机制依据见 card_mechanism.csv。; prior_evidence=card_mechanism.csv#BT_709; generic-play-smoke:played"
BT_710,BT_710::friendly_stealth_draws_two,"With Stealthed minion, Battlecry draws two deck cards.","stealth=True;drawn=['DECK', 'HAND', 'HAND'];body=PLAY",pass,"batch=bt_c; 有潜行条件。; EN=[x]Battlecry: If you control a Stealthed minion, draw 2 cards.; ZH=战吼：如果你控制一个潜行的随从，抽两张牌。; source=fireplace/cards/outlands/rogue.py:41; existing_tests=none; prior=YELLOW:2 个机制缺少充分的核心效果验证；逐机制依据见 card_mechanism.csv。; prior_evidence=card_mechanism.csv#BT_710; generic-play-smoke:played"
BT_710,BT_710::no_stealth_draws_none,"Without Stealthed minion, draws none.","stealth=False;drawn=['DECK', 'DECK', 'DECK'];body=PLAY",pass,"batch=bt_c; 条件反支。; EN=[x]Battlecry: If you control a Stealthed minion, draw 2 cards.; ZH=战吼：如果你控制一个潜行的随从，抽两张牌。; source=fireplace/cards/outlands/rogue.py:41; existing_tests=none; prior=YELLOW:2 个机制缺少充分的核心效果验证；逐机制依据见 card_mechanism.csv。; prior_evidence=card_mechanism.csv#BT_710; generic-play-smoke:played"
BT_711,BT_711::controlled_secret_bounces_target_with_cost_plus_one,"With active Secret, enemy Yeti returns to owner hand costing one more.",secret=True;target=HAND:cost5;base=4;body=PLAY,pass,"batch=bt_c; 奥秘条件、目标归属、费用与区域。; EN=[x]Battlecry: If you control a Secret, return a minion to its owner's hand. It costs (1) more.; ZH=战吼：如果你控制一个奥秘，将一个随从移回其拥有者的手牌，并且法力值消耗增加（1）点。; source=fireplace/cards/outlands/rogue.py:50; existing_tests=none; prior=YELLOW:3 个机制缺少充分的核心效果验证；逐机制依据见 card_mechanism.csv。; prior_evidence=card_mechanism.csv#BT_711; generic-play-smoke:played"
BT_711,BT_711::no_secret_no_bounce,"Without Secret, enemy Yeti remains on board.",secret=False;target=PLAY:cost4;base=4;body=PLAY,pass,"batch=bt_c; 条件反支。; EN=[x]Battlecry: If you control a Secret, return a minion to its owner's hand. It costs (1) more.; ZH=战吼：如果你控制一个奥秘，将一个随从移回其拥有者的手牌，并且法力值消耗增加（1）点。; source=fireplace/cards/outlands/rogue.py:50; existing_tests=none; prior=YELLOW:3 个机制缺少充分的核心效果验证；逐机制依据见 card_mechanism.csv。; prior_evidence=card_mechanism.csv#BT_711; generic-play-smoke:played"
BT_713,BT_713::stealth_death_shuffles_one_akama_prime,Stealth Akama's actual death shuffles exactly one Prime into own deck.,"stealth=1;dead=GRAVEYARD;prime=[('BT_713t', 'DECK')]",pass,batch=bt_c; 潜行、死亡、衍生牌数量和牌库。; EN=[x]Stealth Deathrattle: Shuffle 'Akama Prime' into your deck.; ZH=潜行 亡语：将“终极阿卡玛”洗入你的牌库。; source=fireplace/cards/outlands/rogue.py:68; existing_tests=none; prior=YELLOW:2 个机制缺少充分的核心效果验证；逐机制依据见 card_mechanism.csv。; prior_evidence=card_mechanism.csv#BT_713; generic-play-smoke:played
BT_714,BT_714::chosen_enemy_freezes_other_does_not,Battlecry freezes selected enemy Yeti but leaves second enemy Yeti unfrozen.,target_frozen=True;other_frozen=False;body=PLAY,pass,batch=bt_c; 实际目标与冻结状态。; EN=Battlecry: Freeze an enemy.; ZH=战吼： 冻结一个敌人。; source=fireplace/cards/outlands/neutral_common.py:53; existing_tests=none; prior=YELLOW:2 个机制缺少充分的核心效果验证；逐机制依据见 card_mechanism.csv。; prior_evidence=card_mechanism.csv#BT_714; generic-play-smoke:played
BT_715,BT_715::two_damage_events_each_add_two_attack,Two actual 1-damage events each grant +2 Attack while Taunt body survives.,base=2;after1=4;after2=6;health=1;taunt=1;zone=PLAY,pass,"batch=bt_c; 逐次受伤事件、攻击和嘲讽。; EN=[x]Taunt Whenever this minion takes  damage, gain +2 Attack.; ZH=嘲讽 每当该随从受到伤害，便获得+2攻击力。; source=fireplace/cards/outlands/neutral_common.py:64; existing_tests=none; prior=YELLOW:2 个机制缺少充分的核心效果验证；逐机制依据见 card_mechanism.csv。; prior_evidence=card_mechanism.csv#BT_715; generic-play-smoke:played"
BT_716,BT_716::two_damage_events_each_add_two_attack,Two actual 1-damage events each grant +2 Attack while Taunt body survives.,base=4;after1=4;after2=4;health=8;taunt=1;zone=PLAY,confirmed_error,"batch=bt_c; 逐次受伤事件、攻击和嘲讽。; EN=[x]Taunt Whenever this minion takes damage, gain +2 Attack.; ZH=嘲讽 每当该随从受到伤害，便获得+2攻击力。; source=fireplace/cards/outlands/neutral_common.py:74; existing_tests=none; prior=YELLOW:2 个机制缺少充分的核心效果验证；逐机制依据见 card_mechanism.csv。; prior_evidence=card_mechanism.csv#BT_716; generic-play-smoke:played"
BT_717,BT_717::lethal_two_damage_grants_stealth,2 damage kills Wisp and Scorpid gains Stealth.,lethal=True;target=1:GRAVEYARD;stealthed=True;body=PLAY,pass,"batch=bt_c; 致死分支。; EN=[x]Battlecry: Deal 2 damage. If that kills the target, gain Stealth.; ZH=战吼：造成2点伤害。如果消灭了目标，则获得潜行。; source=fireplace/cards/outlands/neutral_common.py:84; existing_tests=none; prior=YELLOW:2 个机制缺少充分的核心效果验证；逐机制依据见 card_mechanism.csv。; prior_evidence=card_mechanism.csv#BT_717; generic-play-smoke:played"
BT_717,BT_717::nonlethal_two_damage_no_stealth,2 damage leaves Yeti at 3 Health; Scorpid stays visible.,lethal=False;target=3:PLAY;stealthed=False;body=PLAY,pass,"batch=bt_c; 非致死分支。; EN=[x]Battlecry: Deal 2 damage. If that kills the target, gain Stealth.; ZH=战吼：造成2点伤害。如果消灭了目标，则获得潜行。; source=fireplace/cards/outlands/neutral_common.py:84; existing_tests=none; prior=YELLOW:2 个机制缺少充分的核心效果验证；逐机制依据见 card_mechanism.csv。; prior_evidence=card_mechanism.csv#BT_717; generic-play-smoke:played"
BT_720,BT_720::battlecry_four_attack_expires_after_turn,Raider enters as 5 Attack with Rush/Taunt; after turn it returns to 1 Attack.,now=5;later=1;rush=1;taunt=1;ready=True,pass,"batch=bt_c; 暂时攻击和关键词。; EN=Taunt, Rush Battlecry: Gain +4 Attack this turn.; ZH=嘲讽，突袭， 战吼：在本回合获得+4攻击力。; source=fireplace/cards/outlands/neutral_common.py:93; existing_tests=none; prior=YELLOW:3 个机制缺少充分的核心效果验证；逐机制依据见 card_mechanism.csv。; prior_evidence=card_mechanism.csv#BT_720; generic-play-smoke:played"
BT_721,BT_721::end_turn_rot_copies_current_damaged_stats,"After body takes 1 damage, end turn summons one Rot with same current Attack/Health.","body=(1, 1):PLAY;rots=[(1, 1, 'PLAY')]",pass,"batch=bt_c; 触发、当前属性与召唤。; EN=[x]At the end of your turn, summon a Rot with stats equal to this minion's.; ZH=在你的回合结束时，召唤一个属性值等同于该随从的腐质。; source=fireplace/cards/outlands/neutral_rare.py:16; existing_tests=none; prior=YELLOW:2 个机制缺少充分的核心效果验证；逐机制依据见 card_mechanism.csv。; prior_evidence=card_mechanism.csv#BT_721; generic-play-smoke:played"
BT_722,BT_722::target_takes_one_then_gets_divine_shield,Friendly Yeti loses 1 Health and gains Divine Shield.,target=4:True:PLAY;body=PLAY,pass,batch=bt_c; 目标伤害与圣盾。; EN=Battlecry: Deal 1 damage to a minion and give it Divine Shield.; ZH=战吼：对一个随从造成1点伤害并使其获得圣盾。; source=fireplace/cards/outlands/neutral_common.py:103; existing_tests=none; prior=YELLOW:2 个机制缺少充分的核心效果验证；逐机制依据见 card_mechanism.csv。; prior_evidence=card_mechanism.csv#BT_722; generic-play-smoke:played
BT_723,BT_723::damaged_friendly_minion_gets_real_rush_attack,"Yeti takes 1 damage, gains Rush, immediately attacks enemy Wisp.",target=3:True:PLAY;ready=True;enemy=GRAVEYARD;body=PLAY,pass,batch=bt_c; 目标、伤害、关键词和实际攻击。; EN=Battlecry: Deal 1 damage to a minion and give it Rush.; ZH=战吼：对一个随从造成1点伤害并使其获得突袭。; source=fireplace/cards/outlands/neutral_common.py:115; existing_tests=none; prior=YELLOW:2 个机制缺少充分的核心效果验证；逐机制依据见 card_mechanism.csv。; prior_evidence=card_mechanism.csv#BT_723; generic-play-smoke:played
BT_724,BT_724::target_takes_one_and_spell_damage_increases_fireball,Yeti takes 1; its Spell Damage +1 makes Fireball deal 7 to enemy hero.,target=4:PLAY;enemy_hero=23;spell=GRAVEYARD;body=PLAY,pass,batch=bt_c; 真实法术伤害结果。; EN=Battlecry: Deal 1 damage to a minion and give it Spell Damage +1.; ZH=战吼：对一个随从造成1点伤害并使其获得法术伤害+1。; source=fireplace/cards/outlands/neutral_common.py:126; existing_tests=none; prior=YELLOW:3 个机制缺少充分的核心效果验证；逐机制依据见 card_mechanism.csv。; prior_evidence=card_mechanism.csv#BT_724; generic-play-smoke:played
BT_726,BT_726::death_summons_three_four_dragonrider,Actual death summons exactly one 3/4 Dragonrider.,"dead=GRAVEYARD;riders=[(3, 4, 'PLAY')]",pass,batch=bt_c; 死亡、数量和身材。; EN=Deathrattle: Summon a 3/4 Dragonrider.; ZH=亡语：召唤一个3/4的龙骑士。; source=fireplace/cards/outlands/neutral_common.py:141; existing_tests=none; prior=YELLOW:2 个机制缺少充分的核心效果验证；逐机制依据见 card_mechanism.csv。; prior_evidence=card_mechanism.csv#BT_726; generic-play-smoke:played
BT_727,BT_727::two_damage_to_body_also_hits_owner_hero_two,"Actual 2 damage to minion causes 2 damage to owner's hero, not opponent.",hero=30->28;body_health=2;enemy_hero=30,pass,"batch=bt_c; 伤害量及英雄归属。; EN=Whenever this minion takes damage, also deal that amount to your hero.; ZH=每当该随从受到伤害，对你的英雄造成等量的伤害。; source=fireplace/cards/outlands/neutral_common.py:148; existing_tests=none; prior=YELLOW:1 个机制缺少充分的核心效果验证；逐机制依据见 card_mechanism.csv。; prior_evidence=card_mechanism.csv#BT_727; generic-play-smoke:played"
BT_728,BT_728::death_summons_nine_one_inquisitor,Actual death summons exactly one 9/1 Inquisitor.,"dead=GRAVEYARD;summons=[(9, 1, 'PLAY')]",pass,batch=bt_c; 死亡、数量和身材。; EN=Deathrattle: Summon a 9/1 Inquisitor.; ZH=亡语：召唤一个9/1的审判官。; source=fireplace/cards/outlands/neutral_common.py:155; existing_tests=none; prior=YELLOW:2 个机制缺少充分的核心效果验证；逐机制依据见 card_mechanism.csv。; prior_evidence=card_mechanism.csv#BT_728; generic-play-smoke:played
BT_729,BT_729::three_damage_to_target_and_same_race_on_both_sides,Target Dragon and friendly Dragon each take 3; unrelated enemy Yeti remains 5 Health.,target=9;same=9;different=5;body=PLAY,pass,batch=bt_c; 选定目标、同种族跨阵营和不同种族对照。; EN=[x]Battlecry: Deal 3 damage to a minion and all others of the same minion type.; ZH=战吼： 对一个随从及所有随从类型相同的其他随从造成3点伤害。; source=fireplace/cards/outlands/neutral_epic.py:15; existing_tests=none; prior=YELLOW:2 个机制缺少充分的核心效果验证；逐机制依据见 card_mechanism.csv。; prior_evidence=card_mechanism.csv#BT_729; generic-play-smoke:played
BT_730,BT_730::full_health_attack_bonus_lost_after_damage,"At full Health Attack is +2; after 1 actual damage bonus disappears, Taunt remains.",full=3;damaged=1;health=5/6;taunt=1,pass,"batch=bt_c; 状态光环随生命变化。; EN=Taunt While at full Health, this has +2 Attack.; ZH=嘲讽 当拥有所有生命值时，该随从具有+2攻击力。; source=fireplace/cards/outlands/neutral_common.py:162; existing_tests=none; prior=YELLOW:2 个机制缺少充分的核心效果验证；逐机制依据见 card_mechanism.csv。; prior_evidence=card_mechanism.csv#BT_730; generic-play-smoke:played"
BT_732,BT_732::six_split_damage_to_only_other_minion,"With sole other minion Ysera, six 1-damage hits reduce its Health 12 to 6; Shivarra and heroes untouched.",target=6:PLAY;body=3:PLAY;heroes=30/30,pass,batch=bt_c; 六次随机伤害与自身排除。; EN=Battlecry: Deal 6 damage randomly split among all other minions.; ZH=战吼：造成6点伤害，随机分配到所有其他随从身上。; source=fireplace/cards/outlands/neutral_common.py:169; existing_tests=none; prior=YELLOW:2 个机制缺少充分的核心效果验证；逐机制依据见 card_mechanism.csv。; prior_evidence=card_mechanism.csv#BT_732; generic-play-smoke:played
BT_732,BT_732::six_split_damage_two_eligible_minions,"Across two other high-Health minions the total damage is 6, while Shivarra and both heroes remain unharmed.",total=6;ally=9;foe=9;self=3:PLAY;heroes=30/30,pass,batch=bt_c; 多目标分配总量、自身与英雄排除。; EN=Battlecry: Deal 6 damage randomly split among all other minions.; ZH=战吼：造成6点伤害，随机分配到所有其他随从身上。; source=fireplace/cards/outlands/neutral_common.py:169; existing_tests=none; prior=YELLOW:2 个机制缺少充分的核心效果验证；逐机制依据见 card_mechanism.csv。; prior_evidence=card_mechanism.csv#BT_732; generic-play-smoke:played
BT_733,BT_733::fireball_six_is_doubled_to_kill_twelve_health_minion,"With Artificer aura, 6-damage Fireball kills 12-Health Ysera.",artificer=True;minion=12:GRAVEYARD;body=PLAY;enemy_hero=30;spell=GRAVEYARD,pass,batch=bt_c; 倍增分支。; EN=All minions take double damage from spells.; ZH=所有随从受到的法术伤害翻倍。; source=fireplace/cards/outlands/neutral_epic.py:27; existing_tests=none; prior=YELLOW:1 个机制缺少充分的核心效果验证；逐机制依据见 card_mechanism.csv。; prior_evidence=card_mechanism.csv#BT_733; generic-play-smoke:played
BT_733,BT_733::without_artificer_fireball_leaves_six_health,"Without Artificer, same Fireball leaves Ysera at 6 Health.",artificer=False;minion=6:PLAY;body=None;enemy_hero=30;spell=GRAVEYARD,pass,batch=bt_c; 独立对照。; EN=All minions take double damage from spells.; ZH=所有随从受到的法术伤害翻倍。; source=fireplace/cards/outlands/neutral_epic.py:27; existing_tests=none; prior=YELLOW:1 个机制缺少充分的核心效果验证；逐机制依据见 card_mechanism.csv。; prior_evidence=card_mechanism.csv#BT_733; generic-play-smoke:played
BT_734,BT_734::cannot_attack_hero_but_attacks_minion,"After summoning sickness, hero is illegal attack target while enemy Wisp is legal and dies.",hero_ok=False;minion_ok=True;enemy=GRAVEYARD;body=PLAY,pass,batch=bt_c; 两类目标及实际战斗。; EN=Can't attack heroes.; ZH=无法攻击英雄。; source=fireplace/cards/outlands/neutral_common.py:176; existing_tests=none; prior=YELLOW:1 个机制缺少充分的核心效果验证；逐机制依据见 card_mechanism.csv。; prior_evidence=card_mechanism.csv#BT_734; generic-play-smoke:played
BT_735,BT_735::death_summons_ashes_then_next_own_turn_resurrects,"Death summons 0/3 Ashes, which transform to Al'ar at next own turn start.","dead=GRAVEYARD;ashes_initial=[('BT_735t', 0, 3)];ashes_after=[('BT_735t', 'SETASIDE')];resurrected=[('BT_735', 'PLAY')]",pass,batch=bt_c; 死亡、衍生随从、回合触发及复活。; EN=Deathrattle: Summon a  0/3 Ashes of Al'ar that resurrects this minion on your next turn.; ZH=亡语：召唤一个0/3的可以在你的下个回合 复活该随从的“奥的灰烬”。; source=fireplace/cards/outlands/neutral_legendary.py:39; existing_tests=none; prior=YELLOW:2 个机制缺少充分的核心效果验证；逐机制依据见 card_mechanism.csv。; prior_evidence=card_mechanism.csv#BT_735; generic-play-smoke:played
BT_737,BT_737::chosen_minion_dormant_then_awakens_after_two_rounds,Battlecry makes chosen Yeti Dormant; after two full rounds it awakens on board.,initial_dormant=True;after_two_turns=True;after_four_turns=False;target=PLAY;body=PLAY,pass,batch=bt_c; 选定目标、休眠及回合计数。; EN=Battlecry: Choose a minion. It goes Dormant for 2 turns.; ZH=战吼： 选择一个随从。使其休眠两回合。; source=fireplace/cards/outlands/neutral_legendary.py:54; existing_tests=none; prior=YELLOW:2 个机制缺少充分的核心效果验证；逐机制依据见 card_mechanism.csv。; prior_evidence=card_mechanism.csv#BT_737; generic-play-smoke:played
BT_761,BT_761::rush_deathrattle_summons_five_nine_taunt,Rush body dies and summons exactly one 5/9 Taunt Warlord.,"rush=1;dead=GRAVEYARD;warlords=[(5, 9, 1, 'PLAY')]",pass,batch=bt_c; 关键词、死亡及奖励身材。; EN=[x]Rush Deathrattle: Summon a  5/9 Warlord with Taunt.; ZH=突袭，亡语：召唤一个5/9并具有嘲讽 的督军。; source=fireplace/cards/outlands/demonhunter.py:62; existing_tests=none; prior=YELLOW:3 个机制缺少充分的核心效果验证；逐机制依据见 card_mechanism.csv。; prior_evidence=card_mechanism.csv#BT_761; generic-play-smoke:played
BT_781,BT_781::incoming_fireball_prevented_and_one_durability_lost,Enemy Fireball aimed at owner hero deals no Health damage; Bulwark loses one Durability.,hero_health=30;durability=4->3;weapon=PLAY;spell=GRAVEYARD,pass,"batch=bt_c; 真实敌方法术、伤害替代和武器状态。; EN=[x]Whenever your hero would take damage, this loses  1 Durability instead.; ZH=每当你的英雄即将受到伤害，改为埃辛诺斯壁垒失去1点耐久度。; source=fireplace/cards/outlands/warrior.py:124; existing_tests=none; prior=YELLOW:2 个机制缺少充分的核心效果验证；逐机制依据见 card_mechanism.csv。; prior_evidence=card_mechanism.csv#BT_781; generic-play-smoke:played"
BT_850,BT_850::three_enemy_warders_die_then_awaken_and_destroy_others,Three 1/3 Warders appear on enemy side; after all die Magtheridon awakens and clears other minions.,"initial_dormant=True;warders=3:['GRAVEYARD', 'GRAVEYARD', 'GRAVEYARD'];progress=0;body=True:PLAY;friend=PLAY",confirmed_error,"batch=bt_c; 休眠、敌方召唤、死亡计数、清场。; EN=[x]Dormant. Battlecry: Summon three 1/3 enemy Warders. When they die, destroy all minions and awaken.; ZH=休眠。 战吼：为你的对手召唤三个1/3的典狱官。当她们死亡时，消灭所有随从并唤醒。; source=fireplace/cards/outlands/neutral_legendary.py:65; existing_tests=none; prior=YELLOW:3 个机制缺少充分的核心效果验证；逐机制依据见 card_mechanism.csv。; prior_evidence=card_mechanism.csv#BT_850; generic-play-smoke:played"
BT_934,BT_934::dormant_two_turns_then_ten_damage_to_only_enemy,"After two own starts, Antaen awakens and ten split damage hits sole enemy hero.","initial=True;midway=(True, 30);final=False:PLAY;enemy_hero=20;own_hero=30",pass,"batch=bt_c; 休眠回合与唤醒伤害。; EN=[x]Dormant for 2 turns. When this awakens, deal 10 damage randomly split among all enemies.; ZH=休眠两回合。 唤醒时，造成10点伤害，随机分配到所有敌人身上。; source=fireplace/cards/outlands/demonhunter.py:70; existing_tests=tests/test_outlands.py:37:test_imprisoned_antaen; prior=YELLOW:2 个机制缺少充分的核心效果验证；逐机制依据见 card_mechanism.csv。; prior_evidence=card_mechanism.csv#BT_934; generic-play-smoke:played"
BT_934,BT_934::awakening_splits_ten_damage_between_enemy_hero_and_minion,"With enemy hero and high-Health enemy minion both eligible, Antaen splits exactly ten damage across them and spares own hero.",hero_loss=6;minion_loss=4;total=10;foe=PLAY;own_hero=30;dormant=False,pass,"batch=bt_c; 多目标随机分配、总量和阵营。; EN=[x]Dormant for 2 turns. When this awakens, deal 10 damage randomly split among all enemies.; ZH=休眠两回合。 唤醒时，造成10点伤害，随机分配到所有敌人身上。; source=fireplace/cards/outlands/demonhunter.py:70; existing_tests=tests/test_outlands.py:37:test_imprisoned_antaen; prior=YELLOW:2 个机制缺少充分的核心效果验证；逐机制依据见 card_mechanism.csv。; prior_evidence=card_mechanism.csv#BT_934; generic-play-smoke:played"
