version,set,card_id,name_en,name_zh,mechanic,status,implementation,tested,reason,evidence,notes,card_text_en,card_text_zh,python_source
17.6.0.53261,One Night in Karazhan (KARA),KAR_004,Cat Trick,豹子戏法,Secret|Spell resolution|Summon|Trigger,GREEN,implemented,yes,逐卡实测：己方施法不触发；对手施法后奥秘进入墓地且只召唤一只4/2潜行猎豹；第二次对手施法不重复触发；满场时奥秘仍正确消耗且不超出七个随从。,tests/test_kara_red_fixes.py::test_cat_trick_consumes_secret_once_after_enemy_spell; tests/test_kara_red_fixes.py::test_cat_trick_full_board_still_consumes_secret,原始结论保留于known_issues_archive_2026-09-29/。 修复前奥秘召唤猎豹后仍留在 SECRET 区；现加入 Reveal(SELF)。,"Secret: After your opponent casts a spell, summon a 4/2 Panther with Stealth.",奥秘：在你的对手施放一个法术后，召唤一个4/2并具有潜行的猎豹。,fireplace/cards/karazhan/collectible.py:305
17.6.0.53261,One Night in Karazhan (KARA),KAR_005,Kindly Grandmother,慈祥的外婆,Deathrattle|Summon,GREEN,implemented,yes,"逐卡对局断言通过：KAR_005_live_01=grandmother=GRAVEYARD;wolves=[(3, 2, 'PLAY')];token_data=(3, 2)",card_mechanism.csv#KAR_005; generic-play-smoke:played; effect-evidence: reports/card_quality_full_2026-09-27/three_set_probe.csv#KAR_005::KAR_005_live_01; per-card: reports/card_quality_full_2026-09-27/three_set_probe.csv#KAR_005::KAR_005_live_01,聚合状态取该卡最差机制；普通烟测只证明可执行，不能单独构成 GREEN。 EN=Deathrattle: Summon a 3/2 Big Bad Wolf.; ZH=亡语：召唤一只3/2的大灰狼。; source=fireplace/cards/karazhan/collectible.py:8; existing_tests=tests/test_karazhan.py:8:test_kindly_grandmother; prior_card_audit=1 个机制缺少充分的核心效果验证；逐机制依据见 card_mechanism.csv。; prior_mechanism_audit=存在定义或元数据候选；当前没有可复查的该机制核心效果断言。 / 现有行为断言验证核心亡语结果；本轮测试通过，且实际死亡结算已核对。; cross_card_issues=无; probe_cases=KAR_005_live_01,Deathrattle: Summon a 3/2 Big Bad Wolf.,亡语：召唤一只3/2的大灰狼。,fireplace/cards/karazhan/collectible.py:8
17.6.0.53261,One Night in Karazhan (KARA),KAR_006,Cloaked Huntress,神秘女猎手,Continuous effect / Update|Cost modification,GREEN,implemented,yes,"逐卡对局断言通过：KAR_006_live_01=while_huntress=(0, 0);after_death=(2, 0, 'GRAVEYARD')",card_mechanism.csv#KAR_006; generic-play-smoke:played; effect-evidence: reports/card_quality_full_2026-09-27/three_set_probe.csv#KAR_006::KAR_006_live_01; per-card: reports/card_quality_full_2026-09-27/three_set_probe.csv#KAR_006::KAR_006_live_01,聚合状态取该卡最差机制；普通烟测只证明可执行，不能单独构成 GREEN。 EN=Your Secrets cost (0).; ZH=你的奥秘法力值消耗为（0）点。; source=fireplace/cards/karazhan/collectible.py:14; existing_tests=tests/test_karazhan.py:19:test_cloaked_huntress; prior_card_audit=2 个机制缺少充分的核心效果验证；逐机制依据见 card_mechanism.csv。; prior_mechanism_audit=存在定义或元数据候选；当前没有可复查的该机制核心效果断言。; cross_card_issues=无; probe_cases=KAR_006_live_01,Your Secrets cost (0).,你的奥秘法力值消耗为（0）点。,fireplace/cards/karazhan/collectible.py:14
17.6.0.53261,One Night in Karazhan (KARA),KAR_009,Babbling Book,呓语魔典,Battlecry|Random effects,GREEN,implemented,yes,逐卡实测：呓语魔典战吼恰好向手牌添加一张法师法术；随机池全部为法师法术，多组随机种子实际生成结果均满足卡牌文本。,tests/test_kara_red_fixes.py::test_babbling_book_adds_exactly_one_mage_spell_to_hand,原始结论保留于known_issues_archive_2026-09-29/。 修复前 RandomSpell() 可生成其他职业法术；现限定 CardClass.MAGE。,Battlecry: Add a random Mage spell to your hand.,战吼：随机将一张法师法术牌置入你的 手牌。,fireplace/cards/karazhan/collectible.py:20
17.6.0.53261,One Night in Karazhan (KARA),KAR_010,Nightbane Templar,夜魇骑士,Battlecry|Summon,GREEN,implemented,yes,"逐卡对局断言通过：KAR_010_live_01=no_dragon_field=['KAR_010'];holding_dragon=HAND;dragon_branch_field=['KAR_010a', 'KAR_010', 'KAR_010a'];tokens=[(1, 1, 'PLAY'), (1, 1, 'PLAY')];enemy_field=[]",card_mechanism.csv#KAR_010; generic-play-smoke:played; effect-evidence: reports/card_quality_full_2026-09-27/three_set_probe.csv#KAR_010::KAR_010_live_01; per-card: reports/card_quality_full_2026-09-27/three_set_probe.csv#KAR_010::KAR_010_live_01,"聚合状态取该卡最差机制；普通烟测只证明可执行，不能单独构成 GREEN。 EN=Battlecry: If you're holding a Dragon, summon two 1/1 Whelps.; ZH=战吼：如果你的手牌中有龙牌，便召唤两个1/1的雏龙。; source=fireplace/cards/karazhan/collectible.py:26; existing_tests=tests/test_karazhan.py:45:test_nightbane_templar | tests/test_karazhan.py:52:test_nightbane_templar; prior_card_audit=2 个机制缺少充分的核心效果验证；逐机制依据见 card_mechanism.csv。; prior_mechanism_audit=存在定义或元数据候选；当前没有可复查的该机制核心效果断言。; cross_card_issues=无; probe_cases=KAR_010_live_01","Battlecry: If you're holding a Dragon, summon two 1/1 Whelps.",战吼：如果你的手牌中有龙牌，便召唤两个1/1的雏龙。,fireplace/cards/karazhan/collectible.py:26
17.6.0.53261,One Night in Karazhan (KARA),KAR_011,Pompous Thespian,自负的演员,Taunt,GREEN,implemented,yes,"逐卡对局断言通过：KAR_011_live_01=id=KAR_011;stats=(3, 2, 2);taunt=1;zone=PLAY；KAR_011_live_02=taunt_target_gate=(True, False);after_attack=('GRAVEYARD', 30, True)",card_mechanism.csv#KAR_011; generic-play-smoke:played; effect-evidence: reports/card_quality_full_2026-09-27/three_set_probe.csv#KAR_011::KAR_011_live_01; reports/card_quality_full_2026-09-27/three_set_probe.csv#KAR_011::KAR_011_live_02; per-card: reports/card_quality_full_2026-09-27/three_set_probe.csv#KAR_011::KAR_011_live_01; reports/card_quality_full_2026-09-27/three_set_probe.csv#KAR_011::KAR_011_live_02,"聚合状态取该卡最差机制；普通烟测只证明可执行，不能单独构成 GREEN。 EN=Taunt; ZH=嘲讽; source=未发现 Python 卡牌脚本（验证卡牌数据库行为）; existing_tests=无候选既有测试引用; prior_card_audit=1 个机制缺少充分的核心效果验证；逐机制依据见 card_mechanism.csv。; prior_mechanism_audit=存在定义或元数据候选；当前没有可复查的该机制核心效果断言。; cross_card_issues=无; probe_cases=KAR_011_live_01,KAR_011_live_02",Taunt,嘲讽,
17.6.0.53261,One Night in Karazhan (KARA),KAR_013,Purify,净化,Draw / Discard|Silence|Spell resolution|Targeting,GREEN,implemented,yes,"逐卡对局断言通过：KAR_013_live_01=before=(3, 3, True);after=(1, 1, 1, False, 'PLAY');drawn=HAND;hand=['CS2_231'];spell=GRAVEYARD",card_mechanism.csv#KAR_013; generic-play-smoke:played; effect-evidence: reports/card_quality_full_2026-09-27/three_set_probe.csv#KAR_013::KAR_013_live_01; per-card: reports/card_quality_full_2026-09-27/three_set_probe.csv#KAR_013::KAR_013_live_01,聚合状态取该卡最差机制；普通烟测只证明可执行，不能单独构成 GREEN。 EN=Silence a friendly minion. Draw a card.; ZH=沉默一个友方随从，抽一张牌。; source=fireplace/cards/karazhan/collectible.py:311; existing_tests=tests/test_karazhan.py:445:test_purify; prior_card_audit=4 个机制缺少充分的核心效果验证；逐机制依据见 card_mechanism.csv。; prior_mechanism_audit=存在定义或元数据候选；当前没有可复查的该机制核心效果断言。 / 缺目标与非法自身目标均在付费/移区前被拒绝；合法目标效果仍需逐卡验证。; cross_card_issues=无; probe_cases=KAR_013_live_01,Silence a friendly minion. Draw a card.,沉默一个友方随从，抽一张牌。,fireplace/cards/karazhan/collectible.py:311
17.6.0.53261,One Night in Karazhan (KARA),KAR_021,Wicked Witchdoctor,邪恶的巫医,Random effects|Summon|Trigger,GREEN,implemented,yes,"逐卡对局断言通过：KAR_021_live_01=16_own_coin_totems=['NEW1_009', 'CS2_052', 'CS2_050', 'CS2_052', 'CS2_051', 'NEW1_009', 'CS2_051', 'CS2_051', 'CS2_052', 'NEW1_009', 'NEW1_009', 'CS2_052', 'NEW1_009', 'CS2_052', 'CS2_051', 'CS2_052'];distinct=4;opponent_spell_no_trigger=true",card_mechanism.csv#KAR_021; generic-play-smoke:played; effect-evidence: reports/card_quality_full_2026-09-27/three_set_probe.csv#KAR_021::KAR_021_live_01; per-card: reports/card_quality_full_2026-09-27/three_set_probe.csv#KAR_021::KAR_021_live_01,"聚合状态取该卡最差机制；普通烟测只证明可执行，不能单独构成 GREEN。 EN=Whenever you cast a spell, summon a random basic Totem.; ZH=每当你施放一个法术，随机召唤一个基础图腾。; source=fireplace/cards/karazhan/collectible.py:33; existing_tests=tests/test_karazhan.py:60:test_wicked_witchdoctor; prior_card_audit=3 个机制缺少充分的核心效果验证；逐机制依据见 card_mechanism.csv。; prior_mechanism_audit=存在定义或元数据候选；当前没有可复查的该机制核心效果断言。; cross_card_issues=CAST-001[semantics_pending]:效果代施放法术会结算，但不广播玩家 Play ON/AFTER；与手牌施放触发不同，规则语义待核实，暂不判定为错误。; probe_cases=KAR_021_live_01","Whenever you cast a spell, summon a random basic Totem.",每当你施放一个法术，随机召唤一个基础图腾。,fireplace/cards/karazhan/collectible.py:33
17.6.0.53261,One Night in Karazhan (KARA),KAR_025,Kara Kazham!,附灵术,Spell resolution|Summon,GREEN,implemented,yes,"逐卡对局断言通过：KAR_025_live_01=first_pack=[('KAR_025a', 1, 1), ('KAR_025b', 2, 2), ('KAR_025c', 3, 3)];one_free_slot_result=[('KAR_025a', 1, 1)];spell_zones=('GRAVEYARD', 'GRAVEYARD');boards=(3, 7)",card_mechanism.csv#KAR_025; generic-play-smoke:played; effect-evidence: reports/card_quality_full_2026-09-27/three_set_probe.csv#KAR_025::KAR_025_live_01; per-card: reports/card_quality_full_2026-09-27/three_set_probe.csv#KAR_025::KAR_025_live_01,"聚合状态取该卡最差机制；普通烟测只证明可执行，不能单独构成 GREEN。 EN=Summon a 1/1 Candle, 2/2 Broom, and 3/3 Teapot.; ZH=召唤一个1/1的蜡烛，2/2的扫帚和3/3的茶壶。; source=fireplace/cards/karazhan/collectible.py:322; existing_tests=tests/test_karazhan.py:464:test_kara_kazham | tests/test_karazhan.py:466:test_kara_kazham | tests/test_karazhan.py:470:test_kara_kazham; prior_card_audit=2 个机制缺少充分的核心效果验证；逐机制依据见 card_mechanism.csv。; prior_mechanism_audit=存在定义或元数据候选；当前没有可复查的该机制核心效果断言。; cross_card_issues=无; probe_cases=KAR_025_live_01","Summon a 1/1 Candle, 2/2 Broom, and 3/3 Teapot.",召唤一个1/1的蜡烛，2/2的扫帚和3/3的茶壶。,fireplace/cards/karazhan/collectible.py:322
17.6.0.53261,One Night in Karazhan (KARA),KAR_026,Protect the King!,保卫国王,Spell resolution|Summon,GREEN,implemented,yes,"逐卡对局断言通过：KAR_026_live_01=enemy_count=3;pawn_count=3;pawns=[(1, 1, 1, 'PLAY'), (1, 1, 1, 'PLAY'), (1, 1, 1, 'PLAY')];spell=GRAVEYARD",card_mechanism.csv#KAR_026; generic-play-smoke:played; effect-evidence: reports/card_quality_full_2026-09-27/three_set_probe.csv#KAR_026::KAR_026_live_01; per-card: reports/card_quality_full_2026-09-27/three_set_probe.csv#KAR_026::KAR_026_live_01,"聚合状态取该卡最差机制；普通烟测只证明可执行，不能单独构成 GREEN。 EN=For each enemy minion, summon a 1/1 Pawn with Taunt.; ZH=战场上每有一个敌方随从，便召唤一个1/1并具有嘲讽的 禁卫。; source=fireplace/cards/karazhan/collectible.py:333; existing_tests=tests/test_karazhan.py:477:test_protect_the_king; prior_card_audit=2 个机制缺少充分的核心效果验证；逐机制依据见 card_mechanism.csv。; prior_mechanism_audit=存在定义或元数据候选；当前没有可复查的该机制核心效果断言。; cross_card_issues=无; probe_cases=KAR_026_live_01","For each enemy minion, summon a 1/1 Pawn with Taunt.",战场上每有一个敌方随从，便召唤一个1/1并具有嘲讽的 禁卫。,fireplace/cards/karazhan/collectible.py:333
17.6.0.53261,One Night in Karazhan (KARA),KAR_028,Fool's Bane,愚者之灾,Continuous effect / Update|Weapon,GREEN,implemented,yes,"逐卡对局断言通过：KAR_028_live_01=weapon=KAR_028;attack_while_equipped=3;attack_after_break=0;enemy_hero_legal=False;attacks=[(True, 'GRAVEYARD', 3), (True, 'GRAVEYARD', 2), (True, 'GRAVEYARD', 1), (True, 'GRAVEYARD', 0)];weapon_after=None",card_mechanism.csv#KAR_028; generic-play-smoke:played; effect-evidence: reports/card_quality_full_2026-09-27/three_set_probe.csv#KAR_028::KAR_028_live_01; per-card: reports/card_quality_full_2026-09-27/three_set_probe.csv#KAR_028::KAR_028_live_01,聚合状态取该卡最差机制；普通烟测只证明可执行，不能单独构成 GREEN。 EN=Unlimited attacks each turn. Can't attack heroes.; ZH=每个回合攻击次数不限，但无法攻击英雄。; source=fireplace/cards/karazhan/collectible.py:383; existing_tests=tests/test_karazhan.py:567:test_fools_bane; prior_card_audit=2 个机制缺少充分的核心效果验证；逐机制依据见 card_mechanism.csv。; prior_mechanism_audit=存在定义或元数据候选；当前没有可复查的该机制核心效果断言。; cross_card_issues=无; probe_cases=KAR_028_live_01,Unlimited attacks each turn. Can't attack heroes.,每个回合攻击次数不限，但无法攻击英雄。,fireplace/cards/karazhan/collectible.py:383
17.6.0.53261,One Night in Karazhan (KARA),KAR_029,Runic Egg,符文蛋,Deathrattle|Draw / Discard,GREEN,implemented,yes,逐卡对局断言通过：KAR_029_live_01=egg=GRAVEYARD;draw=HAND;hand=['CS2_231'];hand_delta=1,card_mechanism.csv#KAR_029; generic-play-smoke:played; effect-evidence: reports/card_quality_full_2026-09-27/three_set_probe.csv#KAR_029::KAR_029_live_01; per-card: reports/card_quality_full_2026-09-27/three_set_probe.csv#KAR_029::KAR_029_live_01,聚合状态取该卡最差机制；普通烟测只证明可执行，不能单独构成 GREEN。 EN=Deathrattle: Draw a card.; ZH=亡语：抽一张牌。; source=fireplace/cards/karazhan/collectible.py:39; existing_tests=无候选既有测试引用; prior_card_audit=2 个机制缺少充分的核心效果验证；逐机制依据见 card_mechanism.csv。; prior_mechanism_audit=存在定义或元数据候选；当前没有可复查的该机制核心效果断言。 / 存在效果脚本；烟测仅验证执行和基础状态，缺少充分逐卡效果断言。; cross_card_issues=无; probe_cases=KAR_029_live_01,Deathrattle: Draw a card.,亡语：抽一张牌。,fireplace/cards/karazhan/collectible.py:39
17.6.0.53261,One Night in Karazhan (KARA),KAR_030a,Pantry Spider,橱柜蜘蛛,Battlecry|Summon,GREEN,implemented,yes,"逐卡对局断言通过：KAR_030a_live_01=body=(1, 3, 'PLAY');spider_tokens=[(1, 3, 'PLAY')]",card_mechanism.csv#KAR_030a; generic-play-smoke:played; effect-evidence: reports/card_quality_full_2026-09-27/three_set_probe.csv#KAR_030a::KAR_030a_live_01; per-card: reports/card_quality_full_2026-09-27/three_set_probe.csv#KAR_030a::KAR_030a_live_01,聚合状态取该卡最差机制；普通烟测只证明可执行，不能单独构成 GREEN。 EN=Battlecry: Summon a 1/3 Spider.; ZH=战吼：召唤一只1/3的蜘蛛。; source=fireplace/cards/karazhan/collectible.py:45; existing_tests=无候选既有测试引用; prior_card_audit=2 个机制缺少充分的核心效果验证；逐机制依据见 card_mechanism.csv。; prior_mechanism_audit=存在定义或元数据候选；当前没有可复查的该机制核心效果断言。; cross_card_issues=无; probe_cases=KAR_030a_live_01,Battlecry: Summon a 1/3 Spider.,战吼：召唤一只1/3的蜘蛛。,fireplace/cards/karazhan/collectible.py:45
17.6.0.53261,One Night in Karazhan (KARA),KAR_033,Book Wyrm,书卷之龙,Battlecry|Targeting,GREEN,implemented,yes,"逐卡对局断言通过：KAR_033_live_01=without_dragon=(1, 'PLAY', False);with_dragon=('GRAVEYARD', 'PLAY', 'PLAY', False, True);legal_targets=['CS2_231']",card_mechanism.csv#KAR_033; generic-play-smoke:played; effect-evidence: reports/card_quality_full_2026-09-27/three_set_probe.csv#KAR_033::KAR_033_live_01; per-card: reports/card_quality_full_2026-09-27/three_set_probe.csv#KAR_033::KAR_033_live_01,"聚合状态取该卡最差机制；普通烟测只证明可执行，不能单独构成 GREEN。 EN=Battlecry: If you're holding a Dragon, destroy an enemy minion with 3 or less Attack.; ZH=战吼：如果你的手牌中有龙牌，则消灭一个攻击力小于或等于3的敌方随从。; source=fireplace/cards/karazhan/collectible.py:51; existing_tests=tests/test_karazhan.py:73:test_book_wyrm | tests/test_karazhan.py:81:test_book_wyrm; prior_card_audit=2 个机制缺少充分的核心效果验证；逐机制依据见 card_mechanism.csv。; prior_mechanism_audit=存在定义或元数据候选；当前没有可复查的该机制核心效果断言。 / 缺目标与非法自身目标均在付费/移区前被拒绝；合法目标效果仍需逐卡验证。; cross_card_issues=无; probe_cases=KAR_033_live_01","Battlecry: If you're holding a Dragon, destroy an enemy minion with 3 or less Attack.",战吼：如果你的手牌中有龙牌，则消灭一个攻击力小于或等于3的敌方随从。,fireplace/cards/karazhan/collectible.py:51
17.6.0.53261,One Night in Karazhan (KARA),KAR_035,Priest of the Feast,宴会牧师,Trigger,GREEN,implemented,yes,逐卡对局断言通过：KAR_035_live_01=priest=PLAY;after_own_spell=23;after_opponent_spell=23,card_mechanism.csv#KAR_035; generic-play-smoke:played; effect-evidence: reports/card_quality_full_2026-09-27/three_set_probe.csv#KAR_035::KAR_035_live_01; per-card: reports/card_quality_full_2026-09-27/three_set_probe.csv#KAR_035::KAR_035_live_01,"聚合状态取该卡最差机制；普通烟测只证明可执行，不能单独构成 GREEN。 EN=Whenever you cast a spell, restore #3 Health to your hero.; ZH=每当你施放一个法术，为你的英雄恢复#3点生命值。; source=fireplace/cards/karazhan/collectible.py:65; existing_tests=tests/test_karazhan.py:91:test_priest_of_the_feast; prior_card_audit=1 个机制缺少充分的核心效果验证；逐机制依据见 card_mechanism.csv。; prior_mechanism_audit=存在定义或元数据候选；当前没有可复查的该机制核心效果断言。; cross_card_issues=CAST-001[semantics_pending]:效果代施放法术会结算，但不广播玩家 Play ON/AFTER；与手牌施放触发不同，规则语义待核实，暂不判定为错误。; probe_cases=KAR_035_live_01","Whenever you cast a spell, restore #3 Health to your hero.",每当你施放一个法术，为你的英雄恢复#3点生命值。,fireplace/cards/karazhan/collectible.py:65
17.6.0.53261,One Night in Karazhan (KARA),KAR_036,Arcane Anomaly,奥术畸体,Trigger,GREEN,implemented,yes,"逐卡对局断言通过：KAR_036_live_01=initial=(1, 1);after_own_spell=(2, 2);after_opponent_spell=(2, 2)",card_mechanism.csv#KAR_036; generic-play-smoke:played; effect-evidence: reports/card_quality_full_2026-09-27/three_set_probe.csv#KAR_036::KAR_036_live_01; per-card: reports/card_quality_full_2026-09-27/three_set_probe.csv#KAR_036::KAR_036_live_01,"聚合状态取该卡最差机制；普通烟测只证明可执行，不能单独构成 GREEN。 EN=Whenever you cast a spell, give this minion +1 Health.; ZH=每当你施放一个法术，该随从便获得 +1生命值。; source=fireplace/cards/karazhan/collectible.py:71; existing_tests=tests/test_karazhan.py:102:test_arcane_anomaly; prior_card_audit=1 个机制缺少充分的核心效果验证；逐机制依据见 card_mechanism.csv。; prior_mechanism_audit=存在定义或元数据候选；当前没有可复查的该机制核心效果断言。; cross_card_issues=CAST-001[semantics_pending]:效果代施放法术会结算，但不广播玩家 Play ON/AFTER；与手牌施放触发不同，规则语义待核实，暂不判定为错误。; probe_cases=KAR_036_live_01","Whenever you cast a spell, give this minion +1 Health.",每当你施放一个法术，该随从便获得 +1生命值。,fireplace/cards/karazhan/collectible.py:71
17.6.0.53261,One Night in Karazhan (KARA),KAR_037,Avian Watcher,鸟禽守护者,Battlecry,GREEN,implemented,yes,"逐卡对局断言通过：KAR_037_live_01=without_secret=(3, 6, False);with_secret=(True, 4, 7, True)",card_mechanism.csv#KAR_037; generic-play-smoke:played; effect-evidence: reports/card_quality_full_2026-09-27/three_set_probe.csv#KAR_037::KAR_037_live_01; per-card: reports/card_quality_full_2026-09-27/three_set_probe.csv#KAR_037::KAR_037_live_01,"聚合状态取该卡最差机制；普通烟测只证明可执行，不能单独构成 GREEN。 EN=Battlecry: If you control a Secret, gain +1/+1 and Taunt.; ZH=战吼：如果你控制一个奥秘，便获得+1/+1和嘲讽。; source=fireplace/cards/karazhan/collectible.py:80; existing_tests=tests/test_karazhan.py:113:test_avian_watcher | tests/test_karazhan.py:120:test_avian_watcher; prior_card_audit=1 个机制缺少充分的核心效果验证；逐机制依据见 card_mechanism.csv。; prior_mechanism_audit=存在定义或元数据候选；当前没有可复查的该机制核心效果断言。; cross_card_issues=无; probe_cases=KAR_037_live_01","Battlecry: If you control a Secret, gain +1/+1 and Taunt.",战吼：如果你控制一个奥秘，便获得+1/+1和嘲讽。,fireplace/cards/karazhan/collectible.py:80
17.6.0.53261,One Night in Karazhan (KARA),KAR_041,Moat Lurker,沟渠潜伏者,Battlecry|Deathrattle|Summon|Targeting,GREEN,implemented,yes,"逐卡对局断言通过：KAR_041_live_01=after_battlecry=('GRAVEYARD', True, 0);after_lurker_death=('GRAVEYARD', [(1, 1, 'PLAY')], 0)",card_mechanism.csv#KAR_041; generic-play-smoke:played; effect-evidence: reports/card_quality_full_2026-09-27/three_set_probe.csv#KAR_041::KAR_041_live_01; per-card: reports/card_quality_full_2026-09-27/three_set_probe.csv#KAR_041::KAR_041_live_01,聚合状态取该卡最差机制；普通烟测只证明可执行，不能单独构成 GREEN。 EN=Battlecry: Destroy a minion. Deathrattle: Resummon it.; ZH=战吼：消灭一个随从。亡语：再次召唤被消灭的随从。; source=fireplace/cards/karazhan/collectible.py:90; existing_tests=tests/test_karazhan.py:597:test_moat_lurker | tests/test_karazhan.py:602:test_moat_lurker | tests/test_karazhan.py:609:test_moat_lurker; prior_card_audit=3 个机制缺少充分的核心效果验证；逐机制依据见 card_mechanism.csv。; prior_mechanism_audit=存在定义或元数据候选；当前没有可复查的该机制核心效果断言。 / 现有行为断言验证核心亡语结果；本轮测试通过，且实际死亡结算已核对。 / 缺目标与非法自身目标均在付费/移区前被拒绝；合法目标效果仍需逐卡验证。; cross_card_issues=无; probe_cases=KAR_041_live_01,Battlecry: Destroy a minion. Deathrattle: Resummon it.,战吼：消灭一个随从。亡语：再次召唤被消灭的随从。,fireplace/cards/karazhan/collectible.py:90
17.6.0.53261,One Night in Karazhan (KARA),KAR_044,Moroes,莫罗斯,Stealth|Summon|Trigger,GREEN,implemented,yes,"逐卡对局断言通过：KAR_044_live_01=before_end=(1, ['KAR_044']);stewards=[(1, 1, 'PLAY')];moroes=PLAY；KAR_044_live_02=friendly_spell_target=True;enemy_spell_target=False;enemy_attack_target=False;moroes=PLAY;hero_health=26",card_mechanism.csv#KAR_044; generic-play-smoke:played; effect-evidence: reports/card_quality_full_2026-09-27/three_set_probe.csv#KAR_044::KAR_044_live_01; reports/card_quality_full_2026-09-27/three_set_probe.csv#KAR_044::KAR_044_live_02; per-card: reports/card_quality_full_2026-09-27/three_set_probe.csv#KAR_044::KAR_044_live_01; reports/card_quality_full_2026-09-27/three_set_probe.csv#KAR_044::KAR_044_live_02,"聚合状态取该卡最差机制；普通烟测只证明可执行，不能单独构成 GREEN。 EN=Stealth At the end of your turn, summon a 1/1 Steward.; ZH=潜行 在你的回合结束时，召唤一个1/1的 家仆。; source=fireplace/cards/karazhan/collectible.py:101; existing_tests=tests/test_karazhan.py:132:test_moroes; prior_card_audit=3 个机制缺少充分的核心效果验证；逐机制依据见 card_mechanism.csv。; prior_mechanism_audit=存在定义或元数据候选；当前没有可复查的该机制核心效果断言。; cross_card_issues=无; probe_cases=KAR_044_live_01,KAR_044_live_02","Stealth At the end of your turn, summon a 1/1 Steward.",潜行 在你的回合结束时，召唤一个1/1的 家仆。,fireplace/cards/karazhan/collectible.py:101
17.6.0.53261,One Night in Karazhan (KARA),KAR_057,Ivory Knight,象牙骑士,Battlecry|Discover / Choice|Random effects,GREEN,implemented,yes,"逐卡对局断言通过：KAR_057_live_01=12_seeded_paladin_discover_choices_and_heals=[(0, ['FP1_020', 'BT_024', 'BT_011'], 'FP1_020', 1, 11), (1, ['FP1_020', 'BT_024', 'GIL_903'], 'FP1_020', 1, 11), (2, ['BOT_234', 'OG_223', 'TRL_302'], 'BOT_234', 5, 15), (3, ['OG_311', 'EX1_136', 'UNG_952'], 'OG_311', 2, 12), (4, ['DRG_258', 'UNG_004', 'CFM_305'], 'DRG_258', 2, 12), (5, ['BOT_234', 'BOT_909', 'EX1_371'], 'BOT_234', 5, 15), (6, ['CS2_087', 'TRL_302', 'CS2_089'], 'CS2_087', 1, 11), (7, ['UNG_952', 'UNG_004', 'ICC_244'], 'UNG_952', 6, 16), (8, ['EX1_349', 'KAR_077', 'ULD_716'], 'EX1_349', 3, 13), (9, ['DRG_008', 'CFM_800', 'EX1_363'], 'DRG_008', 1, 11), (10, ['UNG_952', 'EX1_354', 'DRG_233'], 'UNG_952', 6, 16), (11, ['DAL_731', 'KAR_077', 'OG_198'], 'DAL_731', 5, 15)]",card_mechanism.csv#KAR_057; generic-play-smoke:played; effect-evidence: reports/card_quality_full_2026-09-27/three_set_probe.csv#KAR_057::KAR_057_live_01; per-card: reports/card_quality_full_2026-09-27/three_set_probe.csv#KAR_057::KAR_057_live_01,聚合状态取该卡最差机制；普通烟测只证明可执行，不能单独构成 GREEN。 EN=[x]Battlecry: Discover a spell. Restore Health to your hero equal to its Cost.; ZH=战吼：发现一张法术牌。为你的英雄恢复等同于其法力值消耗的生命值。; source=fireplace/cards/karazhan/collectible.py:107; existing_tests=tests/test_karazhan.py:616:test_ivory_knight; prior_card_audit=3 个机制缺少充分的核心效果验证；逐机制依据见 card_mechanism.csv。; prior_mechanism_audit=存在定义或元数据候选；当前没有可复查的该机制核心效果断言。; cross_card_issues=无; probe_cases=KAR_057_live_01,[x]Battlecry: Discover a spell. Restore Health to your hero equal to its Cost.,战吼：发现一张法术牌。为你的英雄恢复等同于其法力值消耗的生命值。,fireplace/cards/karazhan/collectible.py:107
17.6.0.53261,One Night in Karazhan (KARA),KAR_061,The Curator,馆长,Battlecry|Draw / Discard|Taunt,GREEN,implemented,yes,"逐卡对局断言通过：KAR_061_live_01=drawn_murloc_dragon_beast=(True, True, True);curator=(True, 1, 3, 0);hand=['PRO_001at', 'ds1_whelptoken', 'GVG_092t']",card_mechanism.csv#KAR_061; generic-play-smoke:played; effect-evidence: reports/card_quality_full_2026-09-27/three_set_probe.csv#KAR_061::KAR_061_live_01; per-card: reports/card_quality_full_2026-09-27/three_set_probe.csv#KAR_061::KAR_061_live_01,"聚合状态取该卡最差机制；普通烟测只证明可执行，不能单独构成 GREEN。 EN=Taunt Battlecry: Draw a Beast, Dragon, and Murloc from your deck.; ZH=嘲讽，战吼：从你的牌库中抽一张野兽牌、龙牌和鱼人牌。; source=fireplace/cards/karazhan/collectible.py:115; existing_tests=tests/test_karazhan.py:148:test_the_curator | tests/test_karazhan.py:157:test_the_curator; prior_card_audit=3 个机制缺少充分的核心效果验证；逐机制依据见 card_mechanism.csv。; prior_mechanism_audit=存在定义或元数据候选；当前没有可复查的该机制核心效果断言。; cross_card_issues=无; probe_cases=KAR_061_live_01","Taunt Battlecry: Draw a Beast, Dragon, and Murloc from your deck.",嘲讽，战吼：从你的牌库中抽一张野兽牌、龙牌和鱼人牌。,fireplace/cards/karazhan/collectible.py:115
17.6.0.53261,One Night in Karazhan (KARA),KAR_062,Netherspite Historian,虚空幽龙史学家,Battlecry|Discover / Choice|Random effects,GREEN,implemented,yes,"逐卡对局断言通过：KAR_062_live_01=without_dragon=(True, None);held_dragon=HAND;options=[('CFM_605', 4, True), ('ICC_027', 4, True), ('OG_320', 4, True)];after_choice=(None, True, True, True)",card_mechanism.csv#KAR_062; generic-play-smoke:played; effect-evidence: reports/card_quality_full_2026-09-27/three_set_probe.csv#KAR_062::KAR_062_live_01; per-card: reports/card_quality_full_2026-09-27/three_set_probe.csv#KAR_062::KAR_062_live_01,"聚合状态取该卡最差机制；普通烟测只证明可执行，不能单独构成 GREEN。 EN=Battlecry: If you're holding a Dragon, Discover a Dragon.; ZH=战吼：如果你的手牌中有龙牌，便发现一张龙牌。; source=fireplace/cards/karazhan/collectible.py:125; existing_tests=tests/test_karazhan.py:166:test_netherspite_historian | tests/test_karazhan.py:172:test_netherspite_historian; prior_card_audit=3 个机制缺少充分的核心效果验证；逐机制依据见 card_mechanism.csv。; prior_mechanism_audit=存在定义或元数据候选；当前没有可复查的该机制核心效果断言。; cross_card_issues=无; probe_cases=KAR_062_live_01","Battlecry: If you're holding a Dragon, Discover a Dragon.",战吼：如果你的手牌中有龙牌，便发现一张龙牌。,fireplace/cards/karazhan/collectible.py:125
17.6.0.53261,One Night in Karazhan (KARA),KAR_063,Spirit Claws,幽灵之爪,Continuous effect / Update|Spell Damage|Weapon,GREEN,implemented,yes,逐卡对局断言通过：KAR_063_live_01=weapon=KAR_063;base=1;enemy_spellpower=1;friendly_spellpower=3;after_friendly_death=1;enemy_stays=PLAY,card_mechanism.csv#KAR_063; generic-play-smoke:played; effect-evidence: reports/card_quality_full_2026-09-27/three_set_probe.csv#KAR_063::KAR_063_live_01; per-card: reports/card_quality_full_2026-09-27/three_set_probe.csv#KAR_063::KAR_063_live_01,聚合状态取该卡最差机制；普通烟测只证明可执行，不能单独构成 GREEN。 EN=[x]Has +2 Attack while you have Spell Damage.; ZH=当你拥有法术伤害时，获得 +2攻击力。; source=fireplace/cards/karazhan/collectible.py:395; existing_tests=tests/test_karazhan.py:586:test_spirit_claws; prior_card_audit=3 个机制缺少充分的核心效果验证；逐机制依据见 card_mechanism.csv。; prior_mechanism_audit=存在定义或元数据候选；当前没有可复查的该机制核心效果断言。; cross_card_issues=无; probe_cases=KAR_063_live_01,[x]Has +2 Attack while you have Spell Damage.,当你拥有法术伤害时，获得 +2攻击力。,fireplace/cards/karazhan/collectible.py:395
17.6.0.53261,One Night in Karazhan (KARA),KAR_065,Menagerie Warden,展览馆守卫,Battlecry|Summon|Targeting,GREEN,implemented,yes,"逐卡对局断言通过：KAR_065_live_01=friendly_before=('GVG_092t', 3, 3, True);enemy_target_legal=False;copy=[(3, 3, 3, True, 'PLAY')];field=['GVG_092t', 'KAR_065', 'GVG_092t']",card_mechanism.csv#KAR_065; generic-play-smoke:played; effect-evidence: reports/card_quality_full_2026-09-27/three_set_probe.csv#KAR_065::KAR_065_live_01; per-card: reports/card_quality_full_2026-09-27/three_set_probe.csv#KAR_065::KAR_065_live_01,聚合状态取该卡最差机制；普通烟测只证明可执行，不能单独构成 GREEN。 EN=Battlecry: Choose a friendly Beast. Summon a copy of it.; ZH=战吼：选择一个友方野兽，召唤一个它的复制。; source=fireplace/cards/karazhan/collectible.py:132; existing_tests=tests/test_karazhan.py:184:test_menagerie_warden | tests/test_karazhan.py:193:test_menagerie_warden; prior_card_audit=3 个机制缺少充分的核心效果验证；逐机制依据见 card_mechanism.csv。; prior_mechanism_audit=存在定义或元数据候选；当前没有可复查的该机制核心效果断言。; cross_card_issues=无; probe_cases=KAR_065_live_01,Battlecry: Choose a friendly Beast. Summon a copy of it.,战吼：选择一个友方野兽，召唤一个它的复制。,fireplace/cards/karazhan/collectible.py:132
17.6.0.53261,One Night in Karazhan (KARA),KAR_069,Swashburglar,吹嘘海盗,Battlecry|Random effects,GREEN,implemented,yes,"逐卡对局断言通过：KAR_069_live_01=12_seeds_opponent_class_cards=[('EX1_191', 'ROGUE', ['ROGUE']), ('TRL_092', 'ROGUE', ['ROGUE']), ('BOT_509', 'PRIEST', ['PRIEST']), ('EX1_134', 'ROGUE', ['ROGUE']), ('TRL_502', 'PRIEST', ['PRIEST']), ('DAL_729', 'PRIEST', ['PRIEST']), ('GIL_837', 'PRIEST', ['PRIEST']), ('CS2_003', 'PRIEST', ['PRIEST']), ('EX1_196', 'PRIEST', ['PRIEST']), ('CS2_075', 'ROGUE', ['ROGUE']), ('TRL_124', 'ROGUE', ['ROGUE']), ('TRL_260', 'PRIEST', ['PRIEST'])];distinct=12",card_mechanism.csv#KAR_069; generic-play-smoke:played; effect-evidence: reports/card_quality_full_2026-09-27/three_set_probe.csv#KAR_069::KAR_069_live_01; per-card: reports/card_quality_full_2026-09-27/three_set_probe.csv#KAR_069::KAR_069_live_01,聚合状态取该卡最差机制；普通烟测只证明可执行，不能单独构成 GREEN。 EN=Battlecry: Add a random card to your hand (from your opponent's class).; ZH=战吼：随机将一张（你对手职业的）卡牌置入你的手牌。; source=fireplace/cards/karazhan/collectible.py:145; existing_tests=tests/test_karazhan.py:216:test_swashburglar; prior_card_audit=2 个机制缺少充分的核心效果验证；逐机制依据见 card_mechanism.csv。; prior_mechanism_audit=存在定义或元数据候选；当前没有可复查的该机制核心效果断言。; cross_card_issues=无; probe_cases=KAR_069_live_01,Battlecry: Add a random card to your hand (from your opponent's class).,战吼：随机将一张（你对手职业的）卡牌置入你的手牌。,fireplace/cards/karazhan/collectible.py:145
17.6.0.53261,One Night in Karazhan (KARA),KAR_070,Ethereal Peddler,虚灵商人,Battlecry,GREEN,implemented,yes,"逐卡对局断言通过：KAR_070_live_01=hero_class=ROGUE;before_offclass1_offclass2_own_neutral=(10, 3, 2, 0);after=(8, 1, 2, 0);peddler=PLAY",card_mechanism.csv#KAR_070; generic-play-smoke:played; effect-evidence: reports/card_quality_full_2026-09-27/three_set_probe.csv#KAR_070::KAR_070_live_01; per-card: reports/card_quality_full_2026-09-27/three_set_probe.csv#KAR_070::KAR_070_live_01,"聚合状态取该卡最差机制；普通烟测只证明可执行，不能单独构成 GREEN。 EN=Battlecry: If you're holding any cards from another class, reduce their Cost by (2).; ZH=战吼：如果你的手牌中有其他职业的卡牌，则其法力值消耗减少（2）点。; source=fireplace/cards/karazhan/collectible.py:151; existing_tests=tests/test_karazhan.py:232:test_ethereal_peddler | tests/test_karazhan.py:242:test_ethereal_peddler; prior_card_audit=1 个机制缺少充分的核心效果验证；逐机制依据见 card_mechanism.csv。; prior_mechanism_audit=存在定义或元数据候选；当前没有可复查的该机制核心效果断言。; cross_card_issues=无; probe_cases=KAR_070_live_01","Battlecry: If you're holding any cards from another class, reduce their Cost by (2).",战吼：如果你的手牌中有其他职业的卡牌，则其法力值消耗减少（2）点。,fireplace/cards/karazhan/collectible.py:151
17.6.0.53261,One Night in Karazhan (KARA),KAR_073,Maelstrom Portal,大漩涡传送门,Random effects|Spell resolution|Summon,GREEN,implemented,yes,"逐卡对局断言通过：KAR_073_live_01=friendly_health=1;two_enemies=[(5, 'PLAY'), (5, 'PLAY')];heroes=(30, 30)->(30, 30);portal_summon=[('BT_142', 1, 'PLAY')];spell=GRAVEYARD",card_mechanism.csv#KAR_073; generic-play-smoke:played; effect-evidence: reports/card_quality_full_2026-09-27/three_set_probe.csv#KAR_073::KAR_073_live_01; per-card: reports/card_quality_full_2026-09-27/three_set_probe.csv#KAR_073::KAR_073_live_01,聚合状态取该卡最差机制；普通烟测只证明可执行，不能单独构成 GREEN。 EN=Deal $1 damage to all enemy minions. Summon a random 1-Cost minion.; ZH=对所有敌方随从造成$1点伤害。随机召唤一个法力值消耗为（1）的随从。; source=fireplace/cards/karazhan/collectible.py:343; existing_tests=tests/test_karazhan.py:496:test_maelstrom_portal; prior_card_audit=3 个机制缺少充分的核心效果验证；逐机制依据见 card_mechanism.csv。; prior_mechanism_audit=存在定义或元数据候选；当前没有可复查的该机制核心效果断言。; cross_card_issues=无; probe_cases=KAR_073_live_01,Deal $1 damage to all enemy minions. Summon a random 1-Cost minion.,对所有敌方随从造成$1点伤害。随机召唤一个法力值消耗为（1）的随从。,fireplace/cards/karazhan/collectible.py:343
17.6.0.53261,One Night in Karazhan (KARA),KAR_075,Moonglade Portal,月光林地传送门,Random effects|Spell resolution|Summon|Targeting,GREEN,implemented,yes,"逐卡对局断言通过：KAR_075_live_01=hero_health=26;summoned=[('BOT_422', 6, 'PLAY')];spell=GRAVEYARD",card_mechanism.csv#KAR_075; generic-play-smoke:played; effect-evidence: reports/card_quality_full_2026-09-27/three_set_probe.csv#KAR_075::KAR_075_live_01; per-card: reports/card_quality_full_2026-09-27/three_set_probe.csv#KAR_075::KAR_075_live_01,聚合状态取该卡最差机制；普通烟测只证明可执行，不能单独构成 GREEN。 EN=Restore #6 Health. Summon a random 6-Cost minion.; ZH=恢复#6点生命值。随机召唤一个法力值消耗为（6）的 随从。; source=fireplace/cards/karazhan/collectible.py:349; existing_tests=tests/test_karazhan.py:508:test_moonglade_portal; prior_card_audit=4 个机制缺少充分的核心效果验证；逐机制依据见 card_mechanism.csv。; prior_mechanism_audit=存在定义或元数据候选；当前没有可复查的该机制核心效果断言。 / 缺目标与非法自身目标均在付费/移区前被拒绝；合法目标效果仍需逐卡验证。; cross_card_issues=无; probe_cases=KAR_075_live_01,Restore #6 Health. Summon a random 6-Cost minion.,恢复#6点生命值。随机召唤一个法力值消耗为（6）的 随从。,fireplace/cards/karazhan/collectible.py:349
17.6.0.53261,One Night in Karazhan (KARA),KAR_076,Firelands Portal,火焰之地传送门,Random effects|Spell resolution|Summon|Targeting,GREEN,implemented,yes,"逐卡对局断言通过：KAR_076_live_01=target_health=5;target_zone=PLAY;summoned=[('TRL_409', 5, 'PLAY')];spell=GRAVEYARD",card_mechanism.csv#KAR_076; generic-play-smoke:played; effect-evidence: reports/card_quality_full_2026-09-27/three_set_probe.csv#KAR_076::KAR_076_live_01; per-card: reports/card_quality_full_2026-09-27/three_set_probe.csv#KAR_076::KAR_076_live_01,聚合状态取该卡最差机制；普通烟测只证明可执行，不能单独构成 GREEN。 EN=Deal $5 damage. Summon a random 5-Cost minion.; ZH=造成$5点伤害。随机召唤一个法力值消耗为（5）的随从。; source=fireplace/cards/karazhan/collectible.py:356; existing_tests=tests/test_karazhan.py:518:test_firelands_portal; prior_card_audit=4 个机制缺少充分的核心效果验证；逐机制依据见 card_mechanism.csv。; prior_mechanism_audit=存在定义或元数据候选；当前没有可复查的该机制核心效果断言。 / 缺目标与非法自身目标均在付费/移区前被拒绝；合法目标效果仍需逐卡验证。; cross_card_issues=无; probe_cases=KAR_076_live_01,Deal $5 damage. Summon a random 5-Cost minion.,造成$5点伤害。随机召唤一个法力值消耗为（5）的随从。,fireplace/cards/karazhan/collectible.py:356
17.6.0.53261,One Night in Karazhan (KARA),KAR_077,Silvermoon Portal,银月城传送门,Random effects|Spell resolution|Summon|Targeting,GREEN,implemented,yes,"逐卡对局断言通过：KAR_077_live_01=target=(3, 3, 3);summoned=[('BT_188', 2, 'PLAY')];spell=GRAVEYARD",card_mechanism.csv#KAR_077; generic-play-smoke:played; effect-evidence: reports/card_quality_full_2026-09-27/three_set_probe.csv#KAR_077::KAR_077_live_01; per-card: reports/card_quality_full_2026-09-27/three_set_probe.csv#KAR_077::KAR_077_live_01,聚合状态取该卡最差机制；普通烟测只证明可执行，不能单独构成 GREEN。 EN=Give a minion +2/+2. Summon a random 2-Cost minion.; ZH=使一个随从获得+2/+2。随机召唤一个法力值消耗为（2）的随从。; source=fireplace/cards/karazhan/collectible.py:363; existing_tests=tests/test_karazhan.py:526:test_silvermoon_portal; prior_card_audit=4 个机制缺少充分的核心效果验证；逐机制依据见 card_mechanism.csv。; prior_mechanism_audit=存在定义或元数据候选；当前没有可复查的该机制核心效果断言。 / 缺目标与非法自身目标均在付费/移区前被拒绝；合法目标效果仍需逐卡验证。; cross_card_issues=无; probe_cases=KAR_077_live_01,Give a minion +2/+2. Summon a random 2-Cost minion.,使一个随从获得+2/+2。随机召唤一个法力值消耗为（2）的随从。,fireplace/cards/karazhan/collectible.py:363
17.6.0.53261,One Night in Karazhan (KARA),KAR_089,Malchezaar's Imp,玛克扎尔的小鬼,Draw / Discard|Trigger,GREEN,implemented,yes,"逐卡对局断言通过：KAR_089_live_01=hand_before=['CS2_231', 'EX1_308'];discarded=REMOVEDFROMGAME;drawn=HAND;hand_after=['CS2_182'];soulfire=GRAVEYARD;imp_play=True",card_mechanism.csv#KAR_089; generic-play-smoke:played; effect-evidence: reports/card_quality_full_2026-09-27/three_set_probe.csv#KAR_089::KAR_089_live_01; per-card: reports/card_quality_full_2026-09-27/three_set_probe.csv#KAR_089::KAR_089_live_01,"聚合状态取该卡最差机制；普通烟测只证明可执行，不能单独构成 GREEN。 EN=Whenever you discard a card, draw a card.; ZH=每当你弃掉一张牌时，抽一张牌。; source=fireplace/cards/karazhan/collectible.py:167; existing_tests=tests/test_karazhan.py:250:test_malchezaars_imp | tests/test_karazhan.py:262:test_malchezaars_imp; prior_card_audit=2 个机制缺少充分的核心效果验证；逐机制依据见 card_mechanism.csv。; prior_mechanism_audit=存在定义或元数据候选；当前没有可复查的该机制核心效果断言。; cross_card_issues=无; probe_cases=KAR_089_live_01","Whenever you discard a card, draw a card.",每当你弃掉一张牌时，抽一张牌。,fireplace/cards/karazhan/collectible.py:167
17.6.0.53261,One Night in Karazhan (KARA),KAR_091,Ironforge Portal,铁炉堡传送门,Random effects|Spell resolution|Summon,GREEN,implemented,yes,"逐卡对局断言通过：KAR_091_live_01=armor=4;summoned=[('BT_123', 4, 'PLAY')];spell=GRAVEYARD",card_mechanism.csv#KAR_091; generic-play-smoke:played; effect-evidence: reports/card_quality_full_2026-09-27/three_set_probe.csv#KAR_091::KAR_091_live_01; per-card: reports/card_quality_full_2026-09-27/three_set_probe.csv#KAR_091::KAR_091_live_01,聚合状态取该卡最差机制；普通烟测只证明可执行，不能单独构成 GREEN。 EN=Gain 4 Armor. Summon a random 4-Cost minion.; ZH=获得4点护甲值。随机召唤一个法力值消耗为（4）的 随从。; source=fireplace/cards/karazhan/collectible.py:373; existing_tests=tests/test_karazhan.py:547:test_ironforge_portal; prior_card_audit=3 个机制缺少充分的核心效果验证；逐机制依据见 card_mechanism.csv。; prior_mechanism_audit=存在定义或元数据候选；当前没有可复查的该机制核心效果断言。; cross_card_issues=无; probe_cases=KAR_091_live_01,Gain 4 Armor. Summon a random 4-Cost minion.,获得4点护甲值。随机召唤一个法力值消耗为（4）的 随从。,fireplace/cards/karazhan/collectible.py:373
17.6.0.53261,One Night in Karazhan (KARA),KAR_092,Medivh's Valet,麦迪文的男仆,Battlecry|Targeting,GREEN,implemented,yes,"逐卡对局断言通过：KAR_092_live_01=without_secret=(30, True);with_secret=(True, 27, 'PLAY', True, True)",card_mechanism.csv#KAR_092; generic-play-smoke:played; effect-evidence: reports/card_quality_full_2026-09-27/three_set_probe.csv#KAR_092::KAR_092_live_01; per-card: reports/card_quality_full_2026-09-27/three_set_probe.csv#KAR_092::KAR_092_live_01,"聚合状态取该卡最差机制；普通烟测只证明可执行，不能单独构成 GREEN。 EN=Battlecry: If you control a Secret, deal 3 damage.; ZH=战吼： 如果你控制一个奥秘，则造成3点伤害。; source=fireplace/cards/karazhan/collectible.py:173; existing_tests=tests/test_karazhan.py:283:test_medivhs_valet | tests/test_karazhan.py:287:test_medivhs_valet; prior_card_audit=2 个机制缺少充分的核心效果验证；逐机制依据见 card_mechanism.csv。; prior_mechanism_audit=存在定义或元数据候选；当前没有可复查的该机制核心效果断言。; cross_card_issues=无; probe_cases=KAR_092_live_01","Battlecry: If you control a Secret, deal 3 damage.",战吼： 如果你控制一个奥秘，则造成3点伤害。,fireplace/cards/karazhan/collectible.py:173
17.6.0.53261,One Night in Karazhan (KARA),KAR_095,Zoobot,机械动物管理员,Battlecry|Random effects,GREEN,implemented,yes,"逐卡对局断言通过：KAR_095_live_01=before=[(1, 1), (1, 1), (1, 1), (1, 1)];after=[(2, 2), (2, 2), (2, 2), (1, 1)];zoobot=PLAY",card_mechanism.csv#KAR_095; generic-play-smoke:played; effect-evidence: reports/card_quality_full_2026-09-27/three_set_probe.csv#KAR_095::KAR_095_live_01; per-card: reports/card_quality_full_2026-09-27/three_set_probe.csv#KAR_095::KAR_095_live_01,"聚合状态取该卡最差机制；普通烟测只证明可执行，不能单独构成 GREEN。 EN=Battlecry: Give a random friendly Beast, Dragon, and Murloc +1/+1.; ZH=战吼：随机使一个友方野兽，龙和鱼人获得+1/+1。; source=fireplace/cards/karazhan/collectible.py:187; existing_tests=tests/test_karazhan.py:309:test_zoobot; prior_card_audit=2 个机制缺少充分的核心效果验证；逐机制依据见 card_mechanism.csv。; prior_mechanism_audit=存在定义或元数据候选；当前没有可复查的该机制核心效果断言。; cross_card_issues=无; probe_cases=KAR_095_live_01","Battlecry: Give a random friendly Beast, Dragon, and Murloc +1/+1.",战吼：随机使一个友方野兽，龙和鱼人获得+1/+1。,fireplace/cards/karazhan/collectible.py:187
17.6.0.53261,One Night in Karazhan (KARA),KAR_096,Prince Malchezaar,玛克扎尔王子,Random effects|Trigger,GREEN,implemented,yes,"逐卡对局断言通过：KAR_096_live_01=deck_plus_hand=35;prince_count=1;legendary_count=14;legendary_ids=[('CFM_670', 'LEGENDARY'), ('FP1_013', 'LEGENDARY'), ('DAL_070', 'LEGENDARY'), ('ULD_003', 'LEGENDARY'), ('DAL_558', 'LEGENDARY'), ('DAL_575', 'LEGENDARY'), ('LOOT_357', 'LEGENDARY'), ('GIL_198', 'LEGENDARY'), ('DRG_089', 'LEGENDARY'), ('ICC_851', 'LEGENDARY'), ('KAR_044', 'LEGENDARY'), ('KAR_096', 'LEGENDARY'), ('GVG_021', 'LEGENDARY'), ('BRM_028', 'LEGENDARY')]",card_mechanism.csv#KAR_096; generic-play-smoke:played; effect-evidence: reports/card_quality_full_2026-09-27/three_set_probe.csv#KAR_096::KAR_096_live_01; per-card: reports/card_quality_full_2026-09-27/three_set_probe.csv#KAR_096::KAR_096_live_01,聚合状态取该卡最差机制；普通烟测只证明可执行，不能单独构成 GREEN。 EN=[x]Start of Game: Add 5 extra Legendary minions to your deck.; ZH=对战开始时：额外将五张传说随从牌置入你的牌库。; source=fireplace/cards/karazhan/collectible.py:205; existing_tests=tests/test_karazhan.py:632:test_prince_malchezaar; prior_card_audit=2 个机制缺少充分的核心效果验证；逐机制依据见 card_mechanism.csv。; prior_mechanism_audit=存在定义或元数据候选；当前没有可复查的该机制核心效果断言。; cross_card_issues=无; probe_cases=KAR_096_live_01,[x]Start of Game: Add 5 extra Legendary minions to your deck.,对战开始时：额外将五张传说随从牌置入你的牌库。,fireplace/cards/karazhan/collectible.py:205
17.6.0.53261,One Night in Karazhan (KARA),KAR_097,"Medivh, the Guardian",守护者麦迪文,Battlecry|Summon,GREEN,implemented,yes,"逐卡对局断言通过：KAR_097_live_01=weapon_before=('KAR_097t', 3);weapon_after=('KAR_097t', 2);spell_summon=[('BT_123', 4, 'PLAY')];enemy_health=24;spell=GRAVEYARD",card_mechanism.csv#KAR_097; generic-play-smoke:played; effect-evidence: reports/card_quality_full_2026-09-27/three_set_probe.csv#KAR_097::KAR_097_live_01; per-card: reports/card_quality_full_2026-09-27/three_set_probe.csv#KAR_097::KAR_097_live_01,"聚合状态取该卡最差机制；普通烟测只证明可执行，不能单独构成 GREEN。 EN=Battlecry: Equip Atiesh, Greatstaff of the Guardian.; ZH=战吼： 装备埃提耶什，守护者的传说之杖。; source=fireplace/cards/karazhan/collectible.py:225; existing_tests=tests/test_karazhan.py:329:test_medivh; prior_card_audit=2 个机制缺少充分的核心效果验证；逐机制依据见 card_mechanism.csv。; prior_mechanism_audit=存在定义或元数据候选；当前没有可复查的该机制核心效果断言。; cross_card_issues=无; probe_cases=KAR_097_live_01","Battlecry: Equip Atiesh, Greatstaff of the Guardian.",战吼： 装备埃提耶什，守护者的传说之杖。,fireplace/cards/karazhan/collectible.py:225
17.6.0.53261,One Night in Karazhan (KARA),KAR_114,Barnes,巴内斯,Battlecry|Random effects|Summon,GREEN,implemented,yes,"逐卡对局断言通过：KAR_114_live_01=original=DECK;nonminion=DECK;barnes=PLAY;copy=[(1, 1, 1, 'PLAY')];deck=['CS2_008', 'CS2_142']",card_mechanism.csv#KAR_114; generic-play-smoke:played; effect-evidence: reports/card_quality_full_2026-09-27/three_set_probe.csv#KAR_114::KAR_114_live_01; per-card: reports/card_quality_full_2026-09-27/three_set_probe.csv#KAR_114::KAR_114_live_01,聚合状态取该卡最差机制；普通烟测只证明可执行，不能单独构成 GREEN。 EN=Battlecry: Summon a 1/1 copy of a random minion in your deck.; ZH=战吼：随机挑选你牌库里的一个随从，召唤一个1/1的复制。; source=fireplace/cards/karazhan/collectible.py:238; existing_tests=tests/test_karazhan.py:360:test_barnes; prior_card_audit=3 个机制缺少充分的核心效果验证；逐机制依据见 card_mechanism.csv。; prior_mechanism_audit=存在定义或元数据候选；当前没有可复查的该机制核心效果断言。; cross_card_issues=无; probe_cases=KAR_114_live_01,Battlecry: Summon a 1/1 copy of a random minion in your deck.,战吼：随机挑选你牌库里的一个随从，召唤一个1/1的复制。,fireplace/cards/karazhan/collectible.py:238
17.6.0.53261,One Night in Karazhan (KARA),KAR_204,Onyx Bishop,玛瑙主教,Battlecry|Summon,GREEN,implemented,yes,"逐卡对局断言通过：KAR_204_live_01=dead_card_zone=GRAVEYARD;bishop=PLAY;revived=[(1, 1, 'PLAY')];board=['KAR_204', 'CS2_231']",card_mechanism.csv#KAR_204; generic-play-smoke:played; effect-evidence: reports/card_quality_full_2026-09-27/three_set_probe.csv#KAR_204::KAR_204_live_01; per-card: reports/card_quality_full_2026-09-27/three_set_probe.csv#KAR_204::KAR_204_live_01,聚合状态取该卡最差机制；普通烟测只证明可执行，不能单独构成 GREEN。 EN=Battlecry: Summon a friendly minion that died this game.; ZH=战吼：召唤一个在本局对战中死亡的友方随从。; source=fireplace/cards/karazhan/collectible.py:251; existing_tests=tests/test_karazhan.py:381:test_onyx_bishop; prior_card_audit=2 个机制缺少充分的核心效果验证；逐机制依据见 card_mechanism.csv。; prior_mechanism_audit=存在定义或元数据候选；当前没有可复查的该机制核心效果断言。; cross_card_issues=无; probe_cases=KAR_204_live_01,Battlecry: Summon a friendly minion that died this game.,战吼：召唤一个在本局对战中死亡的友方随从。,fireplace/cards/karazhan/collectible.py:251
17.6.0.53261,One Night in Karazhan (KARA),KAR_205,Silverware Golem,镀银魔像,Draw / Discard|Summon,GREEN,implemented,yes,"逐卡对局断言通过：KAR_205_live_01=original_zone=REMOVEDFROMGAME;soulfire=GRAVEYARD;golem_on_board=[(3, 3, 'PLAY')];hand=[]",card_mechanism.csv#KAR_205; generic-play-smoke:played; effect-evidence: reports/card_quality_full_2026-09-27/three_set_probe.csv#KAR_205::KAR_205_live_01; per-card: reports/card_quality_full_2026-09-27/three_set_probe.csv#KAR_205::KAR_205_live_01,"聚合状态取该卡最差机制；普通烟测只证明可执行，不能单独构成 GREEN。 EN=If you discard this minion, summon it.; ZH=如果你弃掉了这张随从牌，则会召唤它。; source=fireplace/cards/karazhan/collectible.py:257; existing_tests=tests/test_karazhan.py:639:test_silverware_golem | tests/test_karazhan.py:641:test_silverware_golem; prior_card_audit=2 个机制缺少充分的核心效果验证；逐机制依据见 card_mechanism.csv。; prior_mechanism_audit=存在定义或元数据候选；当前没有可复查的该机制核心效果断言。; cross_card_issues=无; probe_cases=KAR_205_live_01","If you discard this minion, summon it.",如果你弃掉了这张随从牌，则会召唤它。,fireplace/cards/karazhan/collectible.py:257
17.6.0.53261,One Night in Karazhan (KARA),KAR_702,Menagerie Magician,展览馆法师,Battlecry|Random effects,GREEN,implemented,yes,"逐卡对局断言通过：KAR_702_live_01=tribal_friendly_enemy_stats=[(3, 3), (3, 3), (3, 3), (1, 1)];magician=PLAY",card_mechanism.csv#KAR_702; generic-play-smoke:played; effect-evidence: reports/card_quality_full_2026-09-27/three_set_probe.csv#KAR_702::KAR_702_live_01; per-card: reports/card_quality_full_2026-09-27/three_set_probe.csv#KAR_702::KAR_702_live_01,"聚合状态取该卡最差机制；普通烟测只证明可执行，不能单独构成 GREEN。 EN=Battlecry: Give a random friendly Beast, Dragon, and Murloc +2/+2.; ZH=战吼：随机使一个友方野兽，龙和鱼人获得+2/+2。; source=fireplace/cards/karazhan/collectible.py:263; existing_tests=tests/test_karazhan.py:389:test_menagerie_magician | tests/test_replay.py:170:test_normalized_state_does_not_consume_game_rng | tests/test_replay.py:171:test_normalized_state_does_not_consume_game_rng; prior_card_audit=2 个机制缺少充分的核心效果验证；逐机制依据见 card_mechanism.csv。; prior_mechanism_audit=存在定义或元数据候选；当前没有可复查的该机制核心效果断言。; cross_card_issues=无; probe_cases=KAR_702_live_01","Battlecry: Give a random friendly Beast, Dragon, and Murloc +2/+2.",战吼：随机使一个友方野兽，龙和鱼人获得+2/+2。,fireplace/cards/karazhan/collectible.py:263
17.6.0.53261,One Night in Karazhan (KARA),KAR_710,Arcanosmith,奥能铁匠,Battlecry|Summon,GREEN,implemented,yes,"逐卡对局断言通过：KAR_710_live_01=smith=(3, 2, 'PLAY');token=[(0, 5, 5, 1, 'PLAY')]",card_mechanism.csv#KAR_710; generic-play-smoke:played; effect-evidence: reports/card_quality_full_2026-09-27/three_set_probe.csv#KAR_710::KAR_710_live_01; per-card: reports/card_quality_full_2026-09-27/three_set_probe.csv#KAR_710::KAR_710_live_01,聚合状态取该卡最差机制；普通烟测只证明可执行，不能单独构成 GREEN。 EN=Battlecry: Summon a 0/5 minion with Taunt.; ZH=战吼：召唤一个0/5并具有嘲讽的随从。; source=fireplace/cards/karazhan/collectible.py:281; existing_tests=tests/test_karazhan.py:409:test_arcanosmith; prior_card_audit=2 个机制缺少充分的核心效果验证；逐机制依据见 card_mechanism.csv。; prior_mechanism_audit=存在定义或元数据候选；当前没有可复查的该机制核心效果断言。; cross_card_issues=无; probe_cases=KAR_710_live_01,Battlecry: Summon a 0/5 minion with Taunt.,战吼：召唤一个0/5并具有嘲讽的随从。,fireplace/cards/karazhan/collectible.py:281
17.6.0.53261,One Night in Karazhan (KARA),KAR_711,Arcane Giant,奥术巨人,Cost modification,GREEN,implemented,yes,逐卡对局断言通过：KAR_711_live_01=cost_initial=12;after_coin=11;after_own_moonfire=10;after_enemy_spell=10,card_mechanism.csv#KAR_711; generic-play-smoke:unplayable_in_generic_setup; effect-evidence: reports/card_quality_full_2026-09-27/three_set_probe.csv#KAR_711::KAR_711_live_01; per-card: reports/card_quality_full_2026-09-27/three_set_probe.csv#KAR_711::KAR_711_live_01,聚合状态取该卡最差机制；普通烟测只证明可执行，不能单独构成 GREEN。 EN=[x]Costs (1) less for each spell you've cast this game.; ZH=在本局对战中，你每施放一个法术就会使 法力值消耗减少（1）点。; source=fireplace/cards/karazhan/collectible.py:287; existing_tests=tests/test_karazhan.py:556:test_arcane_giant; prior_card_audit=1 个机制缺少充分的核心效果验证；逐机制依据见 card_mechanism.csv。; prior_mechanism_audit=存在定义或元数据候选；当前没有可复查的该机制核心效果断言。; cross_card_issues=无; probe_cases=KAR_711_live_01,[x]Costs (1) less for each spell you've cast this game.,在本局对战中，你每施放一个法术就会使 法力值消耗减少（1）点。,fireplace/cards/karazhan/collectible.py:287
17.6.0.53261,One Night in Karazhan (KARA),KAR_712,Violet Illusionist,紫罗兰法师,Aura|Continuous effect / Update,GREEN,implemented,yes,"逐卡对局断言通过：KAR_712_live_01=illusionist=PLAY;own_turn_immune=True;friendly_infernal=PLAY;after_friendly=(30, 29, True);opponent_turn_immune=False;enemy_infernal_health=30->29",card_mechanism.csv#KAR_712; generic-play-smoke:played; effect-evidence: reports/card_quality_full_2026-09-27/three_set_probe.csv#KAR_712::KAR_712_live_01; per-card: reports/card_quality_full_2026-09-27/three_set_probe.csv#KAR_712::KAR_712_live_01,"聚合状态取该卡最差机制；普通烟测只证明可执行，不能单独构成 GREEN。 EN=During your turn, your hero is Immune.; ZH=在你的回合时，你的英雄会获得免疫。; source=fireplace/cards/karazhan/collectible.py:293; existing_tests=tests/test_karazhan.py:417:test_violet_illusionist | tests/test_troll.py:43:test_hakkar_full; prior_card_audit=2 个机制缺少充分的核心效果验证；逐机制依据见 card_mechanism.csv。; prior_mechanism_audit=存在定义或元数据候选；当前没有可复查的该机制核心效果断言。; cross_card_issues=无; probe_cases=KAR_712_live_01","During your turn, your hero is Immune.",在你的回合时，你的英雄会获得免疫。,fireplace/cards/karazhan/collectible.py:293
17.6.0.53261,Mean Streets of Gadgetzan (GANGS),CFM_020,Raza the Chained,缚链者拉兹,Battlecry,GREEN,implemented,yes,逐卡实测：牌库卡牌ID均不重复时缚链者拉兹战吼使英雄技能费用为0；存在两张同ID卡时英雄技能仍保持正常费用。,tests/test_gangs_red_worker_fixes.py::test_raza_only_sets_hero_power_cost_to_zero_for_a_unique_deck; tests/test_gangs_red_worker_fixes.py::test_raza_does_not_set_hero_power_cost_to_zero_for_duplicate_deck_cards,原始结论保留于known_issues_archive_2026-09-29/。 修复前无条件给予零费光环；现战吼检查牌库重复ID。,"[x]  Battlecry: If your deck has   no duplicates, your Hero  Power costs (0) this game.",战吼：在本局对战中，如果你的牌库里没有相同的牌，则你的英雄技能的法力值消耗为（0）点。,fireplace/cards/gangs/priest.py:8
17.6.0.53261,Mean Streets of Gadgetzan (GANGS),CFM_021,Freezing Potion,冰冻药水,Spell resolution|Targeting,GREEN,implemented,yes,"逐卡实际对局断言通过：freeze_enemy_minion=enemy_controller=Player1;enemy_frozen=True;enemy_zone=PLAY;spell=GRAVEYARD；freeze_enemy_hero=enemy_hero=(30, False)->(30, True);spell=GRAVEYARD",card_mechanism.csv#CFM_021; generic-play-smoke:played; effect-evidence: reports/card_quality_full_2026-09-27/three_set_probe.csv#CFM_021::freeze_enemy_minion; reports/card_quality_full_2026-09-27/three_set_probe.csv#CFM_021::freeze_enemy_hero; per-card: reports/card_quality_full_2026-09-27/three_set_probe.csv#CFM_021::freeze_enemy_minion; reports/card_quality_full_2026-09-27/three_set_probe.csv#CFM_021::freeze_enemy_hero,聚合状态取该卡最差机制；普通烟测只证明可执行，不能单独构成 GREEN。 EN=Freeze an enemy.; ZH=冻结一个敌人。; source=fireplace/cards/gangs/mage.py:56; existing_tests=无候选既有测试引用; previous_card_audit=2 个机制缺少充分的核心效果验证；逐机制依据见 card_mechanism.csv。; previous_mechanism_audit=存在定义或元数据候选；当前没有可复查的该机制核心效果断言。 / 缺目标与非法自身目标均在付费/移区前被拒绝；合法目标效果仍需逐卡验证。; prior_cross_card_issues=无; audit_scope=本轮实际运行断言。,Freeze an enemy.,冻结一个敌人。,fireplace/cards/gangs/mage.py:56
17.6.0.53261,Mean Streets of Gadgetzan (GANGS),CFM_025,Wind-up Burglebot,发条强盗机器人,Draw / Discard|Trigger,GREEN,implemented,yes,"逐卡实际对局断言通过：survives_attack_draws=burglar=(4, 'PLAY');target=GRAVEYARD;drawn=['CS2_182'];deck=[]；dies_attack_no_draw=burglar=GRAVEYARD;target=PLAY;hand_before=0;hand_after=0;deck=['CS2_182']",card_mechanism.csv#CFM_025; generic-play-smoke:played; effect-evidence: reports/card_quality_full_2026-09-27/three_set_probe.csv#CFM_025::survives_attack_draws; reports/card_quality_full_2026-09-27/three_set_probe.csv#CFM_025::dies_attack_no_draw; per-card: reports/card_quality_full_2026-09-27/three_set_probe.csv#CFM_025::survives_attack_draws; reports/card_quality_full_2026-09-27/three_set_probe.csv#CFM_025::dies_attack_no_draw,"聚合状态取该卡最差机制；普通烟测只证明可执行，不能单独构成 GREEN。 EN=Whenever this attacks a minion and survives, draw a card.; ZH=每当该随从攻击另一个随从并存活时，抽一张牌。; source=fireplace/cards/gangs/neutral_epic.py:8; existing_tests=无候选既有测试引用; previous_card_audit=2 个机制缺少充分的核心效果验证；逐机制依据见 card_mechanism.csv。; previous_mechanism_audit=存在定义或元数据候选；当前没有可复查的该机制核心效果断言。; prior_cross_card_issues=无; audit_scope=本轮实际运行断言。","Whenever this attacks a minion and survives, draw a card.",每当该随从攻击另一个随从并存活时，抽一张牌。,fireplace/cards/gangs/neutral_epic.py:8
17.6.0.53261,Mean Streets of Gadgetzan (GANGS),CFM_026,Hidden Cache,军备宝箱,Random effects|Secret|Spell resolution|Trigger,GREEN,implemented,yes,"逐卡实际对局断言通过：secret_triggers_after_opponent_minion_play=secret_before=SECRET;secret_after=GRAVEYARD;opponent_card=PLAY;hand_stats=[('CS2_231', 3, 3, 3), ('CS2_182', 4, 5, 5)];buffed=['CS2_231']",card_mechanism.csv#CFM_026; generic-play-smoke:played; effect-evidence: reports/card_quality_full_2026-09-27/three_set_probe.csv#CFM_026::secret_triggers_after_opponent_minion_play; per-card: reports/card_quality_full_2026-09-27/three_set_probe.csv#CFM_026::secret_triggers_after_opponent_minion_play,"聚合状态取该卡最差机制；普通烟测只证明可执行，不能单独构成 GREEN。 EN=Secret: After your opponent plays a minion, give a random minion in your hand +2/+2.; ZH=奥秘：在你的对手使用一张随从牌后，随机使你手牌中的一张随从牌获得+2/+2。; source=fireplace/cards/gangs/hunter.py:55; existing_tests=无候选既有测试引用; previous_card_audit=4 个机制缺少充分的核心效果验证；逐机制依据见 card_mechanism.csv。; previous_mechanism_audit=存在定义或元数据候选；当前没有可复查的该机制核心效果断言。; prior_cross_card_issues=无; audit_scope=本轮实际运行断言。","Secret: After your opponent plays a minion, give a random minion in your hand +2/+2.",奥秘：在你的对手使用一张随从牌后，随机使你手牌中的一张随从牌获得+2/+2。,fireplace/cards/gangs/hunter.py:55
17.6.0.53261,Mean Streets of Gadgetzan (GANGS),CFM_039,Street Trickster,杂耍小鬼,Spell Damage,GREEN,implemented,yes,逐卡实际对局断言通过：spell_damage_adds_one=spellpower=1;target_controller=Player2;target_health=3;target_damage=2;target_zone=PLAY;spell=GRAVEYARD,card_mechanism.csv#CFM_039; generic-play-smoke:played; effect-evidence: reports/card_quality_full_2026-09-27/three_set_probe.csv#CFM_039::spell_damage_adds_one; per-card: reports/card_quality_full_2026-09-27/three_set_probe.csv#CFM_039::spell_damage_adds_one,聚合状态取该卡最差机制；普通烟测只证明可执行，不能单独构成 GREEN。 EN=Spell Damage +1; ZH=法术伤害+1; source=未发现 Python 卡脚本; existing_tests=无候选既有测试引用; previous_card_audit=1 个机制缺少充分的核心效果验证；逐机制依据见 card_mechanism.csv。; previous_mechanism_audit=存在定义或元数据候选；当前没有可复查的该机制核心效果断言。; prior_cross_card_issues=无; audit_scope=本轮实际运行断言。,Spell Damage +1,法术伤害+1,
17.6.0.53261,Mean Streets of Gadgetzan (GANGS),CFM_060,Red Mana Wyrm,猩红法力浮龙,Trigger,GREEN,implemented,yes,逐卡实测：己方从手牌施放两张法术分别增加2点攻击；己方资深档案管理员从牌库代施法确实结算但不加攻；对手施法也不加攻。符合已确认施法规则。,tests/test_remaining_yellow_cast_cards.py::test_red_mana_wyrm_only_gains_attack_for_own_hand_casts,原始结论保留于known_issues_archive_2026-09-29/。 猩红法力浮龙由 CAST-001 语义黄卡转绿。,"Whenever you cast a spell, gain +2 Attack.",每当你施放一个法术，便获得 +2攻击力。,fireplace/cards/gangs/neutral_common.py:8
17.6.0.53261,Mean Streets of Gadgetzan (GANGS),CFM_061,Jinyu Waterspeaker,锦鱼人水语者,Battlecry|Overload|Targeting,GREEN,implemented,yes,逐卡实际对局断言通过：heal_friendly_hero_and_overload=hero_health=20->26;overloaded=1;card=PLAY;mana=6；heal_friendly_minion_and_overload=minion=2->5/5;overloaded=1;card=PLAY,card_mechanism.csv#CFM_061; generic-play-smoke:played; effect-evidence: reports/card_quality_full_2026-09-27/three_set_probe.csv#CFM_061::heal_friendly_hero_and_overload; reports/card_quality_full_2026-09-27/three_set_probe.csv#CFM_061::heal_friendly_minion_and_overload; per-card: reports/card_quality_full_2026-09-27/three_set_probe.csv#CFM_061::heal_friendly_hero_and_overload; reports/card_quality_full_2026-09-27/three_set_probe.csv#CFM_061::heal_friendly_minion_and_overload,聚合状态取该卡最差机制；普通烟测只证明可执行，不能单独构成 GREEN。 EN=[x]Battlecry: Restore #6 Health. Overload: (1); ZH=战吼：恢复#6点生命值。过载：（1）; source=fireplace/cards/gangs/shaman.py:8; existing_tests=无候选既有测试引用; previous_card_audit=2 个机制缺少充分的核心效果验证；逐机制依据见 card_mechanism.csv。; previous_mechanism_audit=出牌后欠费、下一己方回合锁费与可用法力均与卡牌 Overload 标签一致。 / 存在定义或元数据候选；当前没有可复查的该机制核心效果断言。 / 缺目标与非法自身目标均在付费/移区前被拒绝；合法目标效果仍需逐卡验证。; prior_cross_card_issues=无; audit_scope=本轮实际运行断言。,[x]Battlecry: Restore #6 Health. Overload: (1),战吼：恢复#6点生命值。过载：（1）,fireplace/cards/gangs/shaman.py:8
17.6.0.53261,Mean Streets of Gadgetzan (GANGS),CFM_062,Grimestreet Protector,污手街守护者,Battlecry|Taunt,GREEN,implemented,yes,"逐卡实际对局断言通过：both_adjacent_friendly_minions_gain_shield=field=['CS2_231', 'CFM_062', 'CS2_182'];adjacent=(True, True);protector=False;enemy=('Player2', False)",card_mechanism.csv#CFM_062; generic-play-smoke:played; effect-evidence: reports/card_quality_full_2026-09-27/three_set_probe.csv#CFM_062::both_adjacent_friendly_minions_gain_shield; per-card: reports/card_quality_full_2026-09-27/three_set_probe.csv#CFM_062::both_adjacent_friendly_minions_gain_shield,聚合状态取该卡最差机制；普通烟测只证明可执行，不能单独构成 GREEN。 EN=[x]Taunt Battlecry: Give adjacent  minions Divine Shield.; ZH=嘲讽，战吼：使相邻的随从获得圣盾。; source=fireplace/cards/gangs/paladin.py:8; existing_tests=无候选既有测试引用; previous_card_audit=2 个机制缺少充分的核心效果验证；逐机制依据见 card_mechanism.csv。; previous_mechanism_audit=存在定义或元数据候选；当前没有可复查的该机制核心效果断言。; prior_cross_card_issues=无; audit_scope=本轮实际运行断言。,[x]Taunt Battlecry: Give adjacent  minions Divine Shield.,嘲讽，战吼：使相邻的随从获得圣盾。,fireplace/cards/gangs/paladin.py:8
17.6.0.53261,Mean Streets of Gadgetzan (GANGS),CFM_063,Kooky Chemist,化学怪人,Battlecry|Targeting,GREEN,implemented,yes,"逐卡实际对局断言通过：swap_stats_on_selected_minion=before=(4, 5, 5);after=(5, 4, 4);opposing=(4, 5);card=PLAY",card_mechanism.csv#CFM_063; generic-play-smoke:played; effect-evidence: reports/card_quality_full_2026-09-27/three_set_probe.csv#CFM_063::swap_stats_on_selected_minion; per-card: reports/card_quality_full_2026-09-27/three_set_probe.csv#CFM_063::swap_stats_on_selected_minion,聚合状态取该卡最差机制；普通烟测只证明可执行，不能单独构成 GREEN。 EN=Battlecry: Swap the Attack and Health of a minion.; ZH=战吼： 使一个随从的攻击力和生命值互换。; source=fireplace/cards/gangs/neutral_common.py:17; existing_tests=无候选既有测试引用; previous_card_audit=2 个机制缺少充分的核心效果验证；逐机制依据见 card_mechanism.csv。; previous_mechanism_audit=存在定义或元数据候选；当前没有可复查的该机制核心效果断言。 / 缺目标与非法自身目标均在付费/移区前被拒绝；合法目标效果仍需逐卡验证。; prior_cross_card_issues=无; audit_scope=本轮实际运行断言。,Battlecry: Swap the Attack and Health of a minion.,战吼： 使一个随从的攻击力和生命值互换。,fireplace/cards/gangs/neutral_common.py:17
17.6.0.53261,Mean Streets of Gadgetzan (GANGS),CFM_064,Blubber Baron,黑金大亨,Battlecry|Summon|Trigger,GREEN,implemented,yes,"逐卡实际对局断言通过：hand_trigger_stops_after_play=baron=(1, 1, 1)->(2, 2, 2)->(2, 2, 2)->(2, 2, 2);alleycat=PLAY;token=['CFM_315', 'CFM_315t', 'CFM_064', 'CFM_315', 'CFM_315t']",card_mechanism.csv#CFM_064; generic-play-smoke:played; effect-evidence: reports/card_quality_full_2026-09-27/three_set_probe.csv#CFM_064::hand_trigger_stops_after_play; per-card: reports/card_quality_full_2026-09-27/three_set_probe.csv#CFM_064::hand_trigger_stops_after_play,"聚合状态取该卡最差机制；普通烟测只证明可执行，不能单独构成 GREEN。 EN=Whenever you summon a Battlecry minion while this is in your hand, gain +1/+1.; ZH=每当你召唤一个具有战吼的随从时，便使这张牌（在你手牌中时）获得+1/+1。; source=fireplace/cards/gangs/neutral_epic.py:14; existing_tests=无候选既有测试引用; previous_card_audit=3 个机制缺少充分的核心效果验证；逐机制依据见 card_mechanism.csv。; previous_mechanism_audit=存在定义或元数据候选；当前没有可复查的该机制核心效果断言。; prior_cross_card_issues=无; audit_scope=本轮实际运行断言。","Whenever you summon a Battlecry minion while this is in your hand, gain +1/+1.",每当你召唤一个具有战吼的随从时，便使这张牌（在你手牌中时）获得+1/+1。,fireplace/cards/gangs/neutral_epic.py:14
17.6.0.53261,Mean Streets of Gadgetzan (GANGS),CFM_065,Volcanic Potion,火山药水,Spell resolution,GREEN,implemented,yes,"逐卡实际对局断言通过：damage_all_minions_only=minions=5->3,5->3;heroes=(30, 30)->(30, 30);spell=GRAVEYARD",card_mechanism.csv#CFM_065; generic-play-smoke:played; effect-evidence: reports/card_quality_full_2026-09-27/three_set_probe.csv#CFM_065::damage_all_minions_only; per-card: reports/card_quality_full_2026-09-27/three_set_probe.csv#CFM_065::damage_all_minions_only,聚合状态取该卡最差机制；普通烟测只证明可执行，不能单独构成 GREEN。 EN=Deal $2 damage to all minions.; ZH=对所有随从造成$2点伤害。; source=fireplace/cards/gangs/mage.py:63; existing_tests=无候选既有测试引用; previous_card_audit=1 个机制缺少充分的核心效果验证；逐机制依据见 card_mechanism.csv。; previous_mechanism_audit=存在定义或元数据候选；当前没有可复查的该机制核心效果断言。; prior_cross_card_issues=无; audit_scope=本轮实际运行断言。,Deal $2 damage to all minions.,对所有随从造成$2点伤害。,fireplace/cards/gangs/mage.py:63
17.6.0.53261,Mean Streets of Gadgetzan (GANGS),CFM_066,Kabal Lackey,暗金教侍从,Battlecry,GREEN,implemented,yes,"逐卡实际对局断言通过：next_secret_free_once=lackey=PLAY;costs=(3, 0, 3, 0);after_first=('SECRET', 3, 1);after_second=('SECRET', 2);mana=6",card_mechanism.csv#CFM_066; generic-play-smoke:played; effect-evidence: reports/card_quality_full_2026-09-27/three_set_probe.csv#CFM_066::next_secret_free_once; per-card: reports/card_quality_full_2026-09-27/three_set_probe.csv#CFM_066::next_secret_free_once,聚合状态取该卡最差机制；普通烟测只证明可执行，不能单独构成 GREEN。 EN=[x]Battlecry: The next Secret you play this turn costs (0).; ZH=战吼： 在本回合中，你使用的下一个奥秘的法力值消耗为（0）点。; source=fireplace/cards/gangs/mage.py:8; existing_tests=无候选既有测试引用; previous_card_audit=1 个机制缺少充分的核心效果验证；逐机制依据见 card_mechanism.csv。; previous_mechanism_audit=存在定义或元数据候选；当前没有可复查的该机制核心效果断言。; prior_cross_card_issues=无; audit_scope=本轮实际运行断言。,[x]Battlecry: The next Secret you play this turn costs (0).,战吼： 在本回合中，你使用的下一个奥秘的法力值消耗为（0）点。,fireplace/cards/gangs/mage.py:8
17.6.0.53261,Mean Streets of Gadgetzan (GANGS),CFM_067,Hozen Healer,猢狲医者,Battlecry|Targeting,GREEN,implemented,yes,"逐卡实际对局断言通过：restore_selected_minion_to_full=enemy_target=(2, 5)->(5, 5);healer=PLAY;target_controller=Player1;target_zone=PLAY",card_mechanism.csv#CFM_067; generic-play-smoke:played; effect-evidence: reports/card_quality_full_2026-09-27/three_set_probe.csv#CFM_067::restore_selected_minion_to_full; per-card: reports/card_quality_full_2026-09-27/three_set_probe.csv#CFM_067::restore_selected_minion_to_full,聚合状态取该卡最差机制；普通烟测只证明可执行，不能单独构成 GREEN。 EN=Battlecry: Restore a minion to full Health.; ZH=战吼：为一个随从恢复所有生命值。; source=fireplace/cards/gangs/neutral_common.py:27; existing_tests=无候选既有测试引用; previous_card_audit=2 个机制缺少充分的核心效果验证；逐机制依据见 card_mechanism.csv。; previous_mechanism_audit=存在定义或元数据候选；当前没有可复查的该机制核心效果断言。 / 缺目标与非法自身目标均在付费/移区前被拒绝；合法目标效果仍需逐卡验证。; prior_cross_card_issues=无; audit_scope=本轮实际运行断言。,Battlecry: Restore a minion to full Health.,战吼：为一个随从恢复所有生命值。,fireplace/cards/gangs/neutral_common.py:27
17.6.0.53261,Mean Streets of Gadgetzan (GANGS),CFM_094,Felfire Potion,邪火药水,Spell resolution,GREEN,implemented,yes,"逐卡实际对局断言通过：five_damage_all_characters=heroes=(25, 25);minions=('GRAVEYARD', 'GRAVEYARD');spell=GRAVEYARD",card_mechanism.csv#CFM_094; generic-play-smoke:played; effect-evidence: reports/card_quality_full_2026-09-27/three_set_probe.csv#CFM_094::five_damage_all_characters; per-card: reports/card_quality_full_2026-09-27/three_set_probe.csv#CFM_094::five_damage_all_characters,聚合状态取该卡最差机制；普通烟测只证明可执行，不能单独构成 GREEN。 EN=Deal $5 damage to all characters.; ZH=对所有角色造成$5点伤害。; source=fireplace/cards/gangs/warlock.py:57; existing_tests=无候选既有测试引用; previous_card_audit=1 个机制缺少充分的核心效果验证；逐机制依据见 card_mechanism.csv。; previous_mechanism_audit=存在定义或元数据候选；当前没有可复查的该机制核心效果断言。; prior_cross_card_issues=无; audit_scope=本轮实际运行断言。,Deal $5 damage to all characters.,对所有角色造成$5点伤害。,fireplace/cards/gangs/warlock.py:57
17.6.0.53261,Mean Streets of Gadgetzan (GANGS),CFM_120,Mistress of Mixtures,亡灵药剂师,Deathrattle,GREEN,implemented,yes,"逐卡实际对局断言通过：deathrattle_heals_both_heroes=heroes=(20, 18)->(24, 22);mistress=GRAVEYARD",card_mechanism.csv#CFM_120; generic-play-smoke:played; effect-evidence: reports/card_quality_full_2026-09-27/three_set_probe.csv#CFM_120::deathrattle_heals_both_heroes; per-card: reports/card_quality_full_2026-09-27/three_set_probe.csv#CFM_120::deathrattle_heals_both_heroes,聚合状态取该卡最差机制；普通烟测只证明可执行，不能单独构成 GREEN。 EN=Deathrattle: Restore #4 Health to each hero.; ZH=亡语：为每个英雄恢复#4点生命值。; source=fireplace/cards/gangs/neutral_common.py:34; existing_tests=无候选既有测试引用; previous_card_audit=1 个机制缺少充分的核心效果验证；逐机制依据见 card_mechanism.csv。; previous_mechanism_audit=存在效果脚本；烟测仅验证执行和基础状态，缺少充分逐卡效果断言。; prior_cross_card_issues=无; audit_scope=本轮实际运行断言。,Deathrattle: Restore #4 Health to each hero.,亡语：为每个英雄恢复#4点生命值。,fireplace/cards/gangs/neutral_common.py:34
17.6.0.53261,Mean Streets of Gadgetzan (GANGS),CFM_300,Public Defender,公辩律师,Taunt,GREEN,implemented,yes,"逐卡实际对局断言通过：taunt_blocks_hero_face=stats=(0, 6, 7);taunt=1;face_blocked=True;enemy_attack=1;defender_health=6",card_mechanism.csv#CFM_300; generic-play-smoke:played; effect-evidence: reports/card_quality_full_2026-09-27/three_set_probe.csv#CFM_300::taunt_blocks_hero_face; per-card: reports/card_quality_full_2026-09-27/three_set_probe.csv#CFM_300::taunt_blocks_hero_face,聚合状态取该卡最差机制；普通烟测只证明可执行，不能单独构成 GREEN。 EN=Taunt; ZH=嘲讽; source=未发现 Python 卡脚本; existing_tests=无候选既有测试引用; previous_card_audit=1 个机制缺少充分的核心效果验证；逐机制依据见 card_mechanism.csv。; previous_mechanism_audit=存在定义或元数据候选；当前没有可复查的该机制核心效果断言。; prior_cross_card_issues=无; audit_scope=本轮实际运行断言。,Taunt,嘲讽,
17.6.0.53261,Mean Streets of Gadgetzan (GANGS),CFM_305,Smuggler's Run,风驰电掣,Spell resolution,GREEN,implemented,yes,"逐卡实际对局断言通过：buffs_all_minions_in_hand=before=((1, 1), (1, 1), 'HAND');after=((2, 2), (2, 2), 'HAND');played_wisp=(2, 2);played_alleycat=(2, 2);token=[(1, 1)];spell=GRAVEYARD",card_mechanism.csv#CFM_305; generic-play-smoke:played; effect-evidence: reports/card_quality_full_2026-09-27/three_set_probe.csv#CFM_305::buffs_all_minions_in_hand; per-card: reports/card_quality_full_2026-09-27/three_set_probe.csv#CFM_305::buffs_all_minions_in_hand,聚合状态取该卡最差机制；普通烟测只证明可执行，不能单独构成 GREEN。 EN=Give all minions in your hand +1/+1.; ZH=使你手牌中的所有随从牌获得+1/+1。; source=fireplace/cards/gangs/paladin.py:51; existing_tests=tests/test_gangs.py:290:test_doppelgangster; previous_card_audit=1 个机制缺少充分的核心效果验证；逐机制依据见 card_mechanism.csv。; previous_mechanism_audit=存在定义或元数据候选；当前没有可复查的该机制核心效果断言。; prior_cross_card_issues=无; audit_scope=本轮实际运行断言。,Give all minions in your hand +1/+1.,使你手牌中的所有随从牌获得+1/+1。,fireplace/cards/gangs/paladin.py:51
17.6.0.53261,Mean Streets of Gadgetzan (GANGS),CFM_308,Kun the Forgotten King,遗忘之王库恩,Choose One,GREEN,implemented,yes,逐卡实际对局断言通过：choose_gain_10_armor=armor=10;mana=0;field=['CFM_308'];choice=None;card=PLAY；choose_refill_mana=armor=0;mana=10;max_mana=10;used_mana=0;card=PLAY;choice=None,card_mechanism.csv#CFM_308; generic-play-smoke:played; effect-evidence: reports/card_quality_full_2026-09-27/three_set_probe.csv#CFM_308::choose_gain_10_armor; reports/card_quality_full_2026-09-27/three_set_probe.csv#CFM_308::choose_refill_mana; per-card: reports/card_quality_full_2026-09-27/three_set_probe.csv#CFM_308::choose_gain_10_armor; reports/card_quality_full_2026-09-27/three_set_probe.csv#CFM_308::choose_refill_mana,聚合状态取该卡最差机制；普通烟测只证明可执行，不能单独构成 GREEN。 EN=Choose One - Gain 10 Armor; or Refresh your Mana Crystals.; ZH=抉择：获得10点护甲值；或者复原你的法力水晶。; source=fireplace/cards/gangs/druid.py:8; existing_tests=tests/test_kobolds.py:7:test_lesser_jasper_spellstone; previous_card_audit=1 个机制缺少充分的核心效果验证；逐机制依据见 card_mechanism.csv。; previous_mechanism_audit=存在定义或元数据候选；当前没有可复查的该机制核心效果断言。; prior_cross_card_issues=无; audit_scope=本轮实际运行断言。,Choose One - Gain 10 Armor; or Refresh your Mana Crystals.,抉择：获得10点护甲值；或者复原你的法力水晶。,fireplace/cards/gangs/druid.py:8
17.6.0.53261,Mean Streets of Gadgetzan (GANGS),CFM_310,Call in the Finishers,神奇四鱼,Spell resolution|Summon,GREEN,implemented,yes,"逐卡实际对局断言通过：normal_summon_four=tokens=[(1, 1, 'PLAY'), (1, 1, 'PLAY'), (1, 1, 'PLAY'), (1, 1, 'PLAY')];field=4;spell=GRAVEYARD；summon_respects_board_cap=field=7;tokens=2;spell=GRAVEYARD;slots=0",card_mechanism.csv#CFM_310; generic-play-smoke:played; effect-evidence: reports/card_quality_full_2026-09-27/three_set_probe.csv#CFM_310::normal_summon_four; reports/card_quality_full_2026-09-27/three_set_probe.csv#CFM_310::summon_respects_board_cap; per-card: reports/card_quality_full_2026-09-27/three_set_probe.csv#CFM_310::normal_summon_four; reports/card_quality_full_2026-09-27/three_set_probe.csv#CFM_310::summon_respects_board_cap,聚合状态取该卡最差机制；普通烟测只证明可执行，不能单独构成 GREEN。 EN=Summon four 1/1 Murlocs.; ZH=召唤四个1/1的鱼人。; source=fireplace/cards/gangs/shaman.py:37; existing_tests=无候选既有测试引用; previous_card_audit=2 个机制缺少充分的核心效果验证；逐机制依据见 card_mechanism.csv。; previous_mechanism_audit=存在定义或元数据候选；当前没有可复查的该机制核心效果断言。; prior_cross_card_issues=无; audit_scope=本轮实际运行断言。,Summon four 1/1 Murlocs.,召唤四个1/1的鱼人。,fireplace/cards/gangs/shaman.py:37
17.6.0.53261,Mean Streets of Gadgetzan (GANGS),CFM_312,Jade Chieftain,青玉酋长,Battlecry|Summon,GREEN,implemented,yes,"逐卡实际对局断言通过：chieftain_golem_taunt=field=[('CFM_312', 5, 5, False), ('CFM_712_t01', 1, 1, True)];chieftain=PLAY;jade_counter=2",card_mechanism.csv#CFM_312; generic-play-smoke:played; effect-evidence: reports/card_quality_full_2026-09-27/three_set_probe.csv#CFM_312::chieftain_golem_taunt; per-card: reports/card_quality_full_2026-09-27/three_set_probe.csv#CFM_312::chieftain_golem_taunt,聚合状态取该卡最差机制；普通烟测只证明可执行，不能单独构成 GREEN。 EN=Battlecry: Summon a{1} {0} Jade Golem. Give it Taunt. @Battlecry: Summon a Jade Golem. Give it Taunt.; ZH=战吼：召唤一个{0}的青玉魔像，使其获得嘲讽。@战吼：召唤一个青玉魔像，使其获得 嘲讽。; source=fireplace/cards/gangs/shaman.py:15; existing_tests=tests/test_gangs.py:129:test_jade_chieftain; previous_card_audit=2 个机制缺少充分的核心效果验证；逐机制依据见 card_mechanism.csv。; previous_mechanism_audit=存在定义或元数据候选；当前没有可复查的该机制核心效果断言。; prior_cross_card_issues=无; audit_scope=本轮实际运行断言。,Battlecry: Summon a{1} {0} Jade Golem. Give it Taunt. @Battlecry: Summon a Jade Golem. Give it Taunt.,战吼：召唤一个{0}的青玉魔像，使其获得嘲讽。@战吼：召唤一个青玉魔像，使其获得 嘲讽。,fireplace/cards/gangs/shaman.py:15
17.6.0.53261,Mean Streets of Gadgetzan (GANGS),CFM_313,Finders Keepers,先到先得,Discover / Choice|Overload|Random effects|Spell resolution,GREEN,implemented,yes,"逐卡实际对局断言通过：discover_overload_shaman_card=overloaded=1;offered=[('BRM_012', 'SHAMAN', 1, True), ('GVG_040', 'SHAMAN', 1, True), ('ULD_158', 'SHAMAN', 1, True)];selected=BRM_012;choice=None;hand=['BRM_012'];spell=GRAVEYARD",card_mechanism.csv#CFM_313; generic-play-smoke:played; effect-evidence: reports/card_quality_full_2026-09-27/three_set_probe.csv#CFM_313::discover_overload_shaman_card; per-card: reports/card_quality_full_2026-09-27/three_set_probe.csv#CFM_313::discover_overload_shaman_card,聚合状态取该卡最差机制；普通烟测只证明可执行，不能单独构成 GREEN。 EN=Discover a card with Overload. Overload: (1); ZH=发现一张具有过载的牌。 过载： （1）; source=fireplace/cards/gangs/shaman.py:44; existing_tests=无候选既有测试引用; previous_card_audit=3 个机制缺少充分的核心效果验证；逐机制依据见 card_mechanism.csv。; previous_mechanism_audit=出牌后欠费、下一己方回合锁费与可用法力均与卡牌 Overload 标签一致。 / 存在定义或元数据候选；当前没有可复查的该机制核心效果断言。; prior_cross_card_issues=无; audit_scope=本轮实际运行断言。,Discover a card with Overload. Overload: (1),发现一张具有过载的牌。 过载： （1）,fireplace/cards/gangs/shaman.py:44
17.6.0.53261,Mean Streets of Gadgetzan (GANGS),CFM_315,Alleycat,雄斑虎,Battlecry|Summon,GREEN,implemented,yes,"逐卡实际对局断言通过：summons_cat_token=field=[('CFM_315', 1, 1), ('CFM_315t', 1, 1)];card=PLAY;cats=1",card_mechanism.csv#CFM_315; generic-play-smoke:played; effect-evidence: reports/card_quality_full_2026-09-27/three_set_probe.csv#CFM_315::summons_cat_token; per-card: reports/card_quality_full_2026-09-27/three_set_probe.csv#CFM_315::summons_cat_token,聚合状态取该卡最差机制；普通烟测只证明可执行，不能单独构成 GREEN。 EN=Battlecry: Summon a 1/1 Cat.; ZH=战吼：召唤一个1/1的雌斑虎。; source=fireplace/cards/gangs/hunter.py:8; existing_tests=tests/test_dalaran.py:61:test_khadgar | tests/test_dalaran.py:66:test_khadgar; previous_card_audit=2 个机制缺少充分的核心效果验证；逐机制依据见 card_mechanism.csv。; previous_mechanism_audit=存在定义或元数据候选；当前没有可复查的该机制核心效果断言。; prior_cross_card_issues=无; audit_scope=本轮实际运行断言。,Battlecry: Summon a 1/1 Cat.,战吼：召唤一个1/1的雌斑虎。,fireplace/cards/gangs/hunter.py:8
17.6.0.53261,Mean Streets of Gadgetzan (GANGS),CFM_316,Rat Pack,瘟疫鼠群,Deathrattle|Summon,GREEN,implemented,yes,逐卡实测：瘟疫鼠群以基础攻击力死亡召唤两只1/1老鼠；加攻至5后死亡召唤五只1/1老鼠，鼠群进入墓地。,tests/test_gangs_red_worker_fixes.py::test_rat_pack_summons_one_one_rat_for_each_base_attack; tests/test_gangs_red_worker_fixes.py::test_rat_pack_uses_its_current_attack_for_deathrattle_count,原始结论保留于known_issues_archive_2026-09-29/。 修复前召唤鼠群本体而非老鼠衍生物。,[x]Deathrattle: Summon a number of 1/1 Rats equal  to this minion's Attack.,亡语：召唤若干个1/1的老鼠，数量等同于该随从的攻击力。,fireplace/cards/gangs/hunter.py:14
17.6.0.53261,Mean Streets of Gadgetzan (GANGS),CFM_321,Grimestreet Informant,污手街情报员,Battlecry|Discover / Choice|Random effects,GREEN,implemented,yes,"逐卡实际对局断言通过：discover_three_allowed_classes=offered=[('BRM_013', 'HUNTER', True), ('GVG_059', 'PALADIN', True), ('BOT_067', 'WARRIOR', True)];selected=BOT_067;choice=None;hand=['BOT_067'];informant=PLAY",card_mechanism.csv#CFM_321; generic-play-smoke:played; effect-evidence: reports/card_quality_full_2026-09-27/three_set_probe.csv#CFM_321::discover_three_allowed_classes; per-card: reports/card_quality_full_2026-09-27/three_set_probe.csv#CFM_321::discover_three_allowed_classes,"聚合状态取该卡最差机制；普通烟测只证明可执行，不能单独构成 GREEN。 EN=[x]Battlecry: Discover a Hunter, Paladin, or Warrior card.; ZH=战吼：发现一张 猎人、圣骑士或战士卡牌。; source=fireplace/cards/gangs/neutral_rare.py:8; existing_tests=无候选既有测试引用; previous_card_audit=3 个机制缺少充分的核心效果验证；逐机制依据见 card_mechanism.csv。; previous_mechanism_audit=存在定义或元数据候选；当前没有可复查的该机制核心效果断言。; prior_cross_card_issues=无; audit_scope=本轮实际运行断言。","[x]Battlecry: Discover a Hunter, Paladin, or Warrior card.",战吼：发现一张 猎人、圣骑士或战士卡牌。,fireplace/cards/gangs/neutral_rare.py:8
17.6.0.53261,Mean Streets of Gadgetzan (GANGS),CFM_324,White Eyes,白眼大侠,Deathrattle|Taunt,GREEN,implemented,yes,"逐卡实际对局断言通过：deathrattle_shuffles_storm_guardian=white_eyes=GRAVEYARD;deck=['CFM_324t', 'CS2_231'];guardian_count=1;guardian_zone=['DECK']",card_mechanism.csv#CFM_324; generic-play-smoke:played; effect-evidence: reports/card_quality_full_2026-09-27/three_set_probe.csv#CFM_324::deathrattle_shuffles_storm_guardian; per-card: reports/card_quality_full_2026-09-27/three_set_probe.csv#CFM_324::deathrattle_shuffles_storm_guardian,聚合状态取该卡最差机制；普通烟测只证明可执行，不能单独构成 GREEN。 EN=Taunt Deathrattle: Shuffle 'The Storm Guardian' into your deck.; ZH=嘲讽，亡语： 将风暴守护者洗入你的牌库。; source=fireplace/cards/gangs/shaman.py:21; existing_tests=无候选既有测试引用; previous_card_audit=2 个机制缺少充分的核心效果验证；逐机制依据见 card_mechanism.csv。; previous_mechanism_audit=存在定义或元数据候选；当前没有可复查的该机制核心效果断言。 / 存在效果脚本；烟测仅验证执行和基础状态，缺少充分逐卡效果断言。; prior_cross_card_issues=无; audit_scope=本轮实际运行断言。,Taunt Deathrattle: Shuffle 'The Storm Guardian' into your deck.,嘲讽，亡语： 将风暴守护者洗入你的牌库。,fireplace/cards/gangs/shaman.py:21
17.6.0.53261,Mean Streets of Gadgetzan (GANGS),CFM_325,Small-Time Buccaneer,蹩脚海盗,Continuous effect / Update,GREEN,implemented,yes,逐卡实际对局断言通过：weapon_aura_tracks_equip_break=attack=1->3->1;weapon=GRAVEYARD;equipped=None;durability=0,card_mechanism.csv#CFM_325; generic-play-smoke:played; effect-evidence: reports/card_quality_full_2026-09-27/three_set_probe.csv#CFM_325::weapon_aura_tracks_equip_break; per-card: reports/card_quality_full_2026-09-27/three_set_probe.csv#CFM_325::weapon_aura_tracks_equip_break,聚合状态取该卡最差机制；普通烟测只证明可执行，不能单独构成 GREEN。 EN=Has +2 Attack while you have a weapon equipped.; ZH=如果你装备一把武器，该随从具有 +2攻击力。; source=fireplace/cards/gangs/neutral_rare.py:21; existing_tests=无候选既有测试引用; previous_card_audit=1 个机制缺少充分的核心效果验证；逐机制依据见 card_mechanism.csv。; previous_mechanism_audit=存在定义或元数据候选；当前没有可复查的该机制核心效果断言。; prior_cross_card_issues=无; audit_scope=本轮实际运行断言。,Has +2 Attack while you have a weapon equipped.,如果你装备一把武器，该随从具有 +2攻击力。,fireplace/cards/gangs/neutral_rare.py:21
17.6.0.53261,Mean Streets of Gadgetzan (GANGS),CFM_328,Fight Promoter,竞技推广员,Battlecry|Draw / Discard,GREEN,implemented,yes,"逐卡实际对局断言通过：draws_two_with_six_current_health=qualifier=(6, 7);drawn=['CS2_231', 'CS2_182'];deck=[];promoter=PLAY；no_draw_with_five_current_health=qualifier=(5, 7);hand=[];deck=['CS2_231'];promoter=PLAY",card_mechanism.csv#CFM_328; generic-play-smoke:played; effect-evidence: reports/card_quality_full_2026-09-27/three_set_probe.csv#CFM_328::draws_two_with_six_current_health; reports/card_quality_full_2026-09-27/three_set_probe.csv#CFM_328::no_draw_with_five_current_health; per-card: reports/card_quality_full_2026-09-27/three_set_probe.csv#CFM_328::draws_two_with_six_current_health; reports/card_quality_full_2026-09-27/three_set_probe.csv#CFM_328::no_draw_with_five_current_health,"聚合状态取该卡最差机制；普通烟测只证明可执行，不能单独构成 GREEN。 EN=[x]Battlecry: If you control a minion with 6 or more  Health, draw two cards.; ZH=战吼：如果你控制一个生命值大于或等于6的随从，抽两张牌。; source=fireplace/cards/gangs/neutral_epic.py:30; existing_tests=无候选既有测试引用; previous_card_audit=2 个机制缺少充分的核心效果验证；逐机制依据见 card_mechanism.csv。; previous_mechanism_audit=存在定义或元数据候选；当前没有可复查的该机制核心效果断言。; prior_cross_card_issues=无; audit_scope=本轮实际运行断言。","[x]Battlecry: If you control a minion with 6 or more  Health, draw two cards.",战吼：如果你控制一个生命值大于或等于6的随从，抽两张牌。,fireplace/cards/gangs/neutral_epic.py:30
17.6.0.53261,Mean Streets of Gadgetzan (GANGS),CFM_333,Knuckles,金手指纳克斯,Trigger,GREEN,implemented,yes,"逐卡实际对局断言通过：attacks_minion_hits_hero=target=GRAVEYARD;knuckles=(6, 'PLAY');enemy_hero=30->27;hero_attack=3",card_mechanism.csv#CFM_333; generic-play-smoke:played; effect-evidence: reports/card_quality_full_2026-09-27/three_set_probe.csv#CFM_333::attacks_minion_hits_hero; per-card: reports/card_quality_full_2026-09-27/three_set_probe.csv#CFM_333::attacks_minion_hits_hero,"聚合状态取该卡最差机制；普通烟测只证明可执行，不能单独构成 GREEN。 EN=After this attacks a minion, it also hits the enemy hero.; ZH=在纳克斯攻击一名随从后，还会命中敌方英雄。; source=fireplace/cards/gangs/hunter.py:20; existing_tests=无候选既有测试引用; previous_card_audit=1 个机制缺少充分的核心效果验证；逐机制依据见 card_mechanism.csv。; previous_mechanism_audit=存在定义或元数据候选；当前没有可复查的该机制核心效果断言。; prior_cross_card_issues=无; audit_scope=本轮实际运行断言。","After this attacks a minion, it also hits the enemy hero.",在纳克斯攻击一名随从后，还会命中敌方英雄。,fireplace/cards/gangs/hunter.py:20
17.6.0.53261,Mean Streets of Gadgetzan (GANGS),CFM_334,Smuggler's Crate,走私货物,Random effects|Spell resolution,GREEN,implemented,yes,"逐卡实际对局断言通过：random_beast_handbuff=before=[('CFM_315', 20, 1, 1), ('CS2_125', 20, 3, 3), ('CS2_231', 0, 1, 1)];after=[('CFM_315', 20, 3, 3), ('CS2_125', 20, 3, 3), ('CS2_231', 0, 1, 1)];buffed=['CFM_315'];nonbeast=(1, 1);spell=GRAVEYARD",card_mechanism.csv#CFM_334; generic-play-smoke:played; effect-evidence: reports/card_quality_full_2026-09-27/three_set_probe.csv#CFM_334::random_beast_handbuff; per-card: reports/card_quality_full_2026-09-27/three_set_probe.csv#CFM_334::random_beast_handbuff,聚合状态取该卡最差机制；普通烟测只证明可执行，不能单独构成 GREEN。 EN=Give a random Beast in your hand +2/+2.; ZH=随机使你手牌中的一张野兽牌获得+2/+2。; source=fireplace/cards/gangs/hunter.py:66; existing_tests=无候选既有测试引用; previous_card_audit=2 个机制缺少充分的核心效果验证；逐机制依据见 card_mechanism.csv。; previous_mechanism_audit=存在定义或元数据候选；当前没有可复查的该机制核心效果断言。; prior_cross_card_issues=无; audit_scope=本轮实际运行断言。,Give a random Beast in your hand +2/+2.,随机使你手牌中的一张野兽牌获得+2/+2。,fireplace/cards/gangs/hunter.py:66
17.6.0.53261,Mean Streets of Gadgetzan (GANGS),CFM_335,Dispatch Kodo,驮运科多兽,Battlecry|Targeting,GREEN,implemented,yes,"逐卡实际对局断言通过：battlecry_four_damage_minion=target_controller=Player2;target=4->2/5;kodo=(2, 4, 'PLAY')；battlecry_four_damage_hero=enemy_hero=30->28;kodo=PLAY;target=PLAY",card_mechanism.csv#CFM_335; generic-play-smoke:played; effect-evidence: reports/card_quality_full_2026-09-27/three_set_probe.csv#CFM_335::battlecry_four_damage_minion; reports/card_quality_full_2026-09-27/three_set_probe.csv#CFM_335::battlecry_four_damage_hero; per-card: reports/card_quality_full_2026-09-27/three_set_probe.csv#CFM_335::battlecry_four_damage_minion; reports/card_quality_full_2026-09-27/three_set_probe.csv#CFM_335::battlecry_four_damage_hero,聚合状态取该卡最差机制；普通烟测只证明可执行，不能单独构成 GREEN。 EN=Battlecry: Deal damage equal to this minion's Attack.; ZH=战吼：造成等同于该随从攻击力的伤害。; source=fireplace/cards/gangs/hunter.py:26; existing_tests=无候选既有测试引用; previous_card_audit=2 个机制缺少充分的核心效果验证；逐机制依据见 card_mechanism.csv。; previous_mechanism_audit=存在定义或元数据候选；当前没有可复查的该机制核心效果断言。 / 缺目标与非法自身目标均在付费/移区前被拒绝；合法目标效果仍需逐卡验证。; prior_cross_card_issues=无; audit_scope=本轮实际运行断言。,Battlecry: Deal damage equal to this minion's Attack.,战吼：造成等同于该随从攻击力的伤害。,fireplace/cards/gangs/hunter.py:26
17.6.0.53261,Mean Streets of Gadgetzan (GANGS),CFM_336,Shaky Zipgunner,豺狼人土枪手,Deathrattle|Random effects,GREEN,implemented,yes,"逐卡实际对局断言通过：deathrattle_random_hand_minion_buff=zipgunner=GRAVEYARD;minions=[('CS2_231', 3, 3), ('CS2_182', 4, 5)];spell=('CS2_008', 0, 'HAND');buffed=['CS2_231']",card_mechanism.csv#CFM_336; generic-play-smoke:played; effect-evidence: reports/card_quality_full_2026-09-27/three_set_probe.csv#CFM_336::deathrattle_random_hand_minion_buff; per-card: reports/card_quality_full_2026-09-27/three_set_probe.csv#CFM_336::deathrattle_random_hand_minion_buff,聚合状态取该卡最差机制；普通烟测只证明可执行，不能单独构成 GREEN。 EN=[x]Deathrattle: Give a random minion in your hand +2/+2.; ZH=亡语：随机使你手牌中的一张随从牌获得+2/+2。; source=fireplace/cards/gangs/hunter.py:33; existing_tests=无候选既有测试引用; previous_card_audit=2 个机制缺少充分的核心效果验证；逐机制依据见 card_mechanism.csv。; previous_mechanism_audit=存在定义或元数据候选；当前没有可复查的该机制核心效果断言。 / 存在效果脚本；烟测仅验证执行和基础状态，缺少充分逐卡效果断言。; prior_cross_card_issues=无; audit_scope=本轮实际运行断言。,[x]Deathrattle: Give a random minion in your hand +2/+2.,亡语：随机使你手牌中的一张随从牌获得+2/+2。,fireplace/cards/gangs/hunter.py:33
17.6.0.53261,Mean Streets of Gadgetzan (GANGS),CFM_337,Piranha Launcher,食人鱼喷枪,Summon|Trigger|Weapon,GREEN,implemented,yes,逐卡实测：食人鱼喷枪装备后英雄攻击随从与攻击敌方英雄都各召唤一只1/1食人鱼；被攻击目标正常受伤。,tests/test_gangs_red_worker_fixes.py::test_piranha_launcher_summons_after_a_hero_attack_on_a_minion; tests/test_gangs_red_worker_fixes.py::test_piranha_launcher_summons_after_a_hero_attack_on_the_enemy_hero,原始结论保留于known_issues_archive_2026-09-29/。 修复前仅监听英雄攻击随从。,"[x]After your hero attacks, summon a 1/1 Piranha.",在你的英雄攻击后，召唤一个1/1的食人鱼。,fireplace/cards/gangs/hunter.py:79
17.6.0.53261,Mean Streets of Gadgetzan (GANGS),CFM_338,Trogg Beastrager,穴居人驯兽师,Battlecry|Random effects,GREEN,implemented,yes,"逐卡实际对局断言通过：battlecry_random_hand_beast_buff=trogg=PLAY;beasts=[('CFM_315', 2, 2), ('CS2_125', 3, 3)];nonbeast=(1, 1);buffed=['CFM_315']",card_mechanism.csv#CFM_338; generic-play-smoke:played; effect-evidence: reports/card_quality_full_2026-09-27/three_set_probe.csv#CFM_338::battlecry_random_hand_beast_buff; per-card: reports/card_quality_full_2026-09-27/three_set_probe.csv#CFM_338::battlecry_random_hand_beast_buff,聚合状态取该卡最差机制；普通烟测只证明可执行，不能单独构成 GREEN。 EN=Battlecry: Give a random Beast in your hand +1/+1.; ZH=战吼：随机使你手牌中的一张野兽牌获得+1/+1。; source=fireplace/cards/gangs/hunter.py:42; existing_tests=无候选既有测试引用; previous_card_audit=2 个机制缺少充分的核心效果验证；逐机制依据见 card_mechanism.csv。; previous_mechanism_audit=存在定义或元数据候选；当前没有可复查的该机制核心效果断言。; prior_cross_card_issues=无; audit_scope=本轮实际运行断言。,Battlecry: Give a random Beast in your hand +1/+1.,战吼：随机使你手牌中的一张野兽牌获得+1/+1。,fireplace/cards/gangs/hunter.py:42
17.6.0.53261,Mean Streets of Gadgetzan (GANGS),CFM_341,Sergeant Sally,女警萨莉,Deathrattle,GREEN,implemented,yes,逐卡实测：女警萨莉攻击力提升至4后死亡只对敌方随从造成4点伤害；友方1/1存活，敌方低生命随从死亡而高生命随从存活并损失4点生命。,tests/test_gangs_red_root_fixes.py::test_sergeant_sally_deathrattle_only_hits_enemy_minions_for_current_attack,原始结论保留于known_issues_archive_2026-09-29/。 修复前误伤所有友方随从。,Deathrattle: Deal damage equal to this minion's Attack to all enemy minions.,亡语：对所有敌方随从造成等同于该随从攻击力的伤害。,fireplace/cards/gangs/neutral_legendary.py:8
17.6.0.53261,Mean Streets of Gadgetzan (GANGS),CFM_342,Luckydo Buccaneer,土地精海盗,Battlecry,GREEN,implemented,yes,"逐卡实际对局断言通过：two_attack_weapon_no_buff=weapon_attack=2;overload=1;buccaneer=(5, 5);weapon=CFM_717;mana=2；three_attack_weapon_buff=weapon_attack=3;buccaneer=(9, 9);base=(5, 5);weapon=CS2_106",card_mechanism.csv#CFM_342; generic-play-smoke:played; effect-evidence: reports/card_quality_full_2026-09-27/three_set_probe.csv#CFM_342::two_attack_weapon_no_buff; reports/card_quality_full_2026-09-27/three_set_probe.csv#CFM_342::three_attack_weapon_buff; per-card: reports/card_quality_full_2026-09-27/three_set_probe.csv#CFM_342::two_attack_weapon_no_buff; reports/card_quality_full_2026-09-27/three_set_probe.csv#CFM_342::three_attack_weapon_buff,"聚合状态取该卡最差机制；普通烟测只证明可执行，不能单独构成 GREEN。 EN=Battlecry: If your weapon has at least 3 Attack, gain +4/+4.; ZH=战吼： 如果你的武器至少具有3点攻击力，便获得+4/+4。; source=fireplace/cards/gangs/rogue.py:8; existing_tests=无候选既有测试引用; previous_card_audit=1 个机制缺少充分的核心效果验证；逐机制依据见 card_mechanism.csv。; previous_mechanism_audit=存在定义或元数据候选；当前没有可复查的该机制核心效果断言。; prior_cross_card_issues=无; audit_scope=本轮实际运行断言。","Battlecry: If your weapon has at least 3 Attack, gain +4/+4.",战吼： 如果你的武器至少具有3点攻击力，便获得+4/+4。,fireplace/cards/gangs/rogue.py:8
17.6.0.53261,Mean Streets of Gadgetzan (GANGS),CFM_343,Jade Behemoth,青玉巨兽,Battlecry|Summon|Taunt,GREEN,implemented,yes,"逐卡实际对局断言通过：first_golem_and_taunt=field=[('CFM_343', 3, 6, 1), ('CFM_712_t01', 1, 1, False)];behemoth=(3, 6, 1);jade_counter=2；golem_scales_with_prior_jade=blossom=GRAVEYARD;golems=[('CFM_712_t01', 1, 1, False), ('CFM_712_t02', 2, 2, False)];behemoth=(3, 6, 1);jade_counter=3",card_mechanism.csv#CFM_343; generic-play-smoke:played; effect-evidence: reports/card_quality_full_2026-09-27/three_set_probe.csv#CFM_343::first_golem_and_taunt; reports/card_quality_full_2026-09-27/three_set_probe.csv#CFM_343::golem_scales_with_prior_jade; per-card: reports/card_quality_full_2026-09-27/three_set_probe.csv#CFM_343::first_golem_and_taunt; reports/card_quality_full_2026-09-27/three_set_probe.csv#CFM_343::golem_scales_with_prior_jade,聚合状态取该卡最差机制；普通烟测只证明可执行，不能单独构成 GREEN。 EN=[x]Taunt Battlecry: Summon a{1} {0} Jade Golem.@[x]Taunt Battlecry: Summon a Jade Golem.; ZH=嘲讽，战吼：召唤一个{0}的青玉魔像。@嘲讽，战吼：召唤一个青玉魔像。; source=fireplace/cards/gangs/druid.py:26; existing_tests=tests/test_gangs.py:20:test_jade_behemoth | tests/test_gangs.py:33:test_jade_behemoth | tests/test_gangs.py:57:test_jade_behemoth | tests/test_gangs.py:45:test_jade_behemoth; previous_card_audit=3 个机制缺少充分的核心效果验证；逐机制依据见 card_mechanism.csv。; previous_mechanism_audit=存在定义或元数据候选；当前没有可复查的该机制核心效果断言。; prior_cross_card_issues=无; audit_scope=本轮实际运行断言。,[x]Taunt Battlecry: Summon a{1} {0} Jade Golem.@[x]Taunt Battlecry: Summon a Jade Golem.,嘲讽，战吼：召唤一个{0}的青玉魔像。@嘲讽，战吼：召唤一个青玉魔像。,fireplace/cards/gangs/druid.py:26
17.6.0.53261,Mean Streets of Gadgetzan (GANGS),CFM_344,"Finja, the Flying Star",飞火流星·芬杰,Stealth|Summon|Trigger,GREEN,implemented,yes,"逐卡实际对局断言通过：kill_recruits_two_from_deck=target=GRAVEYARD;finja=(3, 'PLAY');deck=['PRO_001at', 'PRO_001at', 'PRO_001at']->['PRO_001at'];murlocs=[('PRO_001at', 1, 1, 'PLAY'), ('PRO_001at', 1, 1, 'PLAY')]；nonlethal_attack_does_not_recruit=target=3/5:PLAY;finja=GRAVEYARD;deck=['PRO_001at', 'PRO_001at', 'PRO_001at'];recruited=[]",card_mechanism.csv#CFM_344; generic-play-smoke:played; effect-evidence: reports/card_quality_full_2026-09-27/three_set_probe.csv#CFM_344::kill_recruits_two_from_deck; reports/card_quality_full_2026-09-27/three_set_probe.csv#CFM_344::nonlethal_attack_does_not_recruit; per-card: reports/card_quality_full_2026-09-27/three_set_probe.csv#CFM_344::kill_recruits_two_from_deck; reports/card_quality_full_2026-09-27/three_set_probe.csv#CFM_344::nonlethal_attack_does_not_recruit,"聚合状态取该卡最差机制；普通烟测只证明可执行，不能单独构成 GREEN。 EN=[x]Stealth    Whenever this attacks and    kills a minion, summon 2  Murlocs from your deck.; ZH=潜行 每当该随从攻击并消灭一个随从，便从你的牌库中召唤两个鱼人。; source=fireplace/cards/gangs/neutral_legendary.py:14; existing_tests=tests/test_gangs.py:271:test_finja; previous_card_audit=3 个机制缺少充分的核心效果验证；逐机制依据见 card_mechanism.csv。; previous_mechanism_audit=存在定义或元数据候选；当前没有可复查的该机制核心效果断言。; prior_cross_card_issues=无; audit_scope=本轮实际运行断言。","[x]Stealth    Whenever this attacks and    kills a minion, summon 2  Murlocs from your deck.",潜行 每当该随从攻击并消灭一个随从，便从你的牌库中召唤两个鱼人。,fireplace/cards/gangs/neutral_legendary.py:14
17.6.0.53261,Mean Streets of Gadgetzan (GANGS),CFM_602,Jade Idol,青玉护符,Choose One|Spell resolution|Summon,GREEN,implemented,yes,"逐卡实际对局断言通过：choose_summon_golem=idol=GRAVEYARD;golems=[('CFM_712_t01', 1, 1)];deck=[];choice=None；choose_shuffle_three=idol=GRAVEYARD;deck=['CS2_231', 'CFM_602', 'CFM_602', 'CFM_602'];idol_copies=3;field=[];choice=None",card_mechanism.csv#CFM_602; generic-play-smoke:played; effect-evidence: reports/card_quality_full_2026-09-27/three_set_probe.csv#CFM_602::choose_summon_golem; reports/card_quality_full_2026-09-27/three_set_probe.csv#CFM_602::choose_shuffle_three; per-card: reports/card_quality_full_2026-09-27/three_set_probe.csv#CFM_602::choose_summon_golem; reports/card_quality_full_2026-09-27/three_set_probe.csv#CFM_602::choose_shuffle_three,聚合状态取该卡最差机制；普通烟测只证明可执行，不能单独构成 GREEN。 EN=Choose One - Summon a{1} {0} Jade Golem; or Shuffle 3 copies of this card into your deck.@Choose One - Summon a Jade Golem; or Shuffle 3 copies of this card into your deck.; ZH=抉择：召唤一个{0}的青玉魔像；或者将该牌的三张复制洗入你的牌库。@抉择：召唤一个青玉魔像；或者将该牌的三张复制洗入你的 牌库。; source=fireplace/cards/gangs/druid.py:61; existing_tests=tests/test_dalaran.py:201:test_tak_nozwhisker | tests/test_dalaran.py:202:test_tak_nozwhisker | tests/test_dalaran.py:203:test_tak_nozwhisker | tests/test_gangs.py:155:test_jade_idol | tests/test_gangs.py:162:test_jade_idol | tests/test_gangs.py:169:test_jade_idol | tests/test_gangs.py:179:test_jade_idol; previous_card_audit=3 个机制缺少充分的核心效果验证；逐机制依据见 card_mechanism.csv。; previous_mechanism_audit=存在定义或元数据候选；当前没有可复查的该机制核心效果断言。; prior_cross_card_issues=无; audit_scope=本轮实际运行断言。,Choose One - Summon a{1} {0} Jade Golem; or Shuffle 3 copies of this card into your deck.@Choose One - Summon a Jade Golem; or Shuffle 3 copies of this card into your deck.,抉择：召唤一个{0}的青玉魔像；或者将该牌的三张复制洗入你的牌库。@抉择：召唤一个青玉魔像；或者将该牌的三张复制洗入你的 牌库。,fireplace/cards/gangs/druid.py:61
17.6.0.53261,Mean Streets of Gadgetzan (GANGS),CFM_603,Potion of Madness,疯狂药水,Spell resolution|Targeting,GREEN,implemented,yes,"逐卡实际对局断言通过：steal_two_attack_then_return=attack=2;stolen=(True, True, True);returned=(True, True, True, False);spell=GRAVEYARD；reject_three_attack_target=target_attack=4;blocked=True;target_controller=Player1;spell=HAND;mana=10;before_mana=10",card_mechanism.csv#CFM_603; generic-play-smoke:played; effect-evidence: reports/card_quality_full_2026-09-27/three_set_probe.csv#CFM_603::steal_two_attack_then_return; reports/card_quality_full_2026-09-27/three_set_probe.csv#CFM_603::reject_three_attack_target; per-card: reports/card_quality_full_2026-09-27/three_set_probe.csv#CFM_603::steal_two_attack_then_return; reports/card_quality_full_2026-09-27/three_set_probe.csv#CFM_603::reject_three_attack_target,聚合状态取该卡最差机制；普通烟测只证明可执行，不能单独构成 GREEN。 EN=Gain control of an enemy minion with 2 or less Attack until end of turn.; ZH=直到回合结束，获得一个攻击力小于或等于2的敌方随从的控制权。; source=fireplace/cards/gangs/priest.py:62; existing_tests=无候选既有测试引用; previous_card_audit=2 个机制缺少充分的核心效果验证；逐机制依据见 card_mechanism.csv。; previous_mechanism_audit=存在定义或元数据候选；当前没有可复查的该机制核心效果断言。 / 缺目标与非法自身目标均在付费/移区前被拒绝；合法目标效果仍需逐卡验证。; prior_cross_card_issues=无; audit_scope=本轮实际运行断言。,Gain control of an enemy minion with 2 or less Attack until end of turn.,直到回合结束，获得一个攻击力小于或等于2的敌方随从的控制权。,fireplace/cards/gangs/priest.py:62
17.6.0.53261,Mean Streets of Gadgetzan (GANGS),CFM_604,Greater Healing Potion,强效治疗药水,Spell resolution|Targeting,GREEN,implemented,yes,逐卡实际对局断言通过：heal_friendly_hero_twelve=friendly_hero=12->24;enemy_hero=30->30;spell=GRAVEYARD；heal_friendly_minion_to_full=friendly_minion=2->5/5;hero=30->30;spell=GRAVEYARD,card_mechanism.csv#CFM_604; generic-play-smoke:played; effect-evidence: reports/card_quality_full_2026-09-27/three_set_probe.csv#CFM_604::heal_friendly_hero_twelve; reports/card_quality_full_2026-09-27/three_set_probe.csv#CFM_604::heal_friendly_minion_to_full; per-card: reports/card_quality_full_2026-09-27/three_set_probe.csv#CFM_604::heal_friendly_hero_twelve; reports/card_quality_full_2026-09-27/three_set_probe.csv#CFM_604::heal_friendly_minion_to_full,聚合状态取该卡最差机制；普通烟测只证明可执行，不能单独构成 GREEN。 EN=Restore #12 Health to a friendly character.; ZH=为一个友方角色恢复#12点 生命值。; source=fireplace/cards/gangs/priest.py:83; existing_tests=无候选既有测试引用; previous_card_audit=2 个机制缺少充分的核心效果验证；逐机制依据见 card_mechanism.csv。; previous_mechanism_audit=存在定义或元数据候选；当前没有可复查的该机制核心效果断言。 / 缺目标与非法自身目标均在付费/移区前被拒绝；合法目标效果仍需逐卡验证。; prior_cross_card_issues=无; audit_scope=本轮实际运行断言。,Restore #12 Health to a friendly character.,为一个友方角色恢复#12点 生命值。,fireplace/cards/gangs/priest.py:83
17.6.0.53261,Mean Streets of Gadgetzan (GANGS),CFM_605,Drakonid Operative,龙人侦测者,Battlecry|Discover / Choice,GREEN,implemented,yes,"逐卡实际对局断言通过：dragon_enables_copied_deck_discover=dragon=('EX1_561', 24);opponent_deck=['CFM_315', 'CS2_231', 'CS2_182']->['CFM_315', 'CS2_231', 'CS2_182'];offered=['CS2_231', 'CFM_315', 'CS2_182'];selected=CS2_231;own_hand=['EX1_561', 'CS2_231'];operative=PLAY;choice=None；no_dragon_no_choice=dragon_in_hand=False;choice=None;hand=[];operative=PLAY;enemy_deck=['CFM_315', 'CS2_231', 'CS2_182']",card_mechanism.csv#CFM_605; generic-play-smoke:played; effect-evidence: reports/card_quality_full_2026-09-27/three_set_probe.csv#CFM_605::dragon_enables_copied_deck_discover; reports/card_quality_full_2026-09-27/three_set_probe.csv#CFM_605::no_dragon_no_choice; per-card: reports/card_quality_full_2026-09-27/three_set_probe.csv#CFM_605::dragon_enables_copied_deck_discover; reports/card_quality_full_2026-09-27/three_set_probe.csv#CFM_605::no_dragon_no_choice,"聚合状态取该卡最差机制；普通烟测只证明可执行，不能单独构成 GREEN。 EN=[x]Battlecry: If you're holding a Dragon, Discover a copy of a card in your opponent's deck.; ZH=战吼： 如果你的手牌中有龙牌，便发现你对手牌库中一张牌的复制。; source=fireplace/cards/gangs/priest.py:18; existing_tests=无候选既有测试引用; previous_card_audit=2 个机制缺少充分的核心效果验证；逐机制依据见 card_mechanism.csv。; previous_mechanism_audit=存在定义或元数据候选；当前没有可复查的该机制核心效果断言。; prior_cross_card_issues=无; audit_scope=本轮实际运行断言。","[x]Battlecry: If you're holding a Dragon, Discover a copy of a card in your opponent's deck.",战吼： 如果你的手牌中有龙牌，便发现你对手牌库中一张牌的复制。,fireplace/cards/gangs/priest.py:18
17.6.0.53261,Mean Streets of Gadgetzan (GANGS),CFM_606,Mana Geode,法力晶簇,Summon|Trigger,GREEN,implemented,yes,"逐卡实际对局断言通过：healing_self_summons_2_2=geode=3->2->3/3;crystals=[(2, 2, 'PLAY')];damage_spell=GRAVEYARD;mana=6",card_mechanism.csv#CFM_606; generic-play-smoke:played; effect-evidence: reports/card_quality_full_2026-09-27/three_set_probe.csv#CFM_606::healing_self_summons_2_2; per-card: reports/card_quality_full_2026-09-27/three_set_probe.csv#CFM_606::healing_self_summons_2_2,"聚合状态取该卡最差机制；普通烟测只证明可执行，不能单独构成 GREEN。 EN=Whenever this minion is healed, summon a 2/2 Crystal.; ZH=每当该随从获得治疗时，便召唤一颗2/2的水晶。; source=fireplace/cards/gangs/priest.py:27; existing_tests=无候选既有测试引用; previous_card_audit=2 个机制缺少充分的核心效果验证；逐机制依据见 card_mechanism.csv。; previous_mechanism_audit=存在定义或元数据候选；当前没有可复查的该机制核心效果断言。; prior_cross_card_issues=无; audit_scope=本轮实际运行断言。","Whenever this minion is healed, summon a 2/2 Crystal.",每当该随从获得治疗时，便召唤一颗2/2的水晶。,fireplace/cards/gangs/priest.py:27
17.6.0.53261,Mean Streets of Gadgetzan (GANGS),CFM_608,Blastcrystal Potion,爆晶药水,Spell resolution|Targeting,GREEN,implemented,yes,"逐卡实际对局断言通过：destroy_minion_and_reduce_max_mana=target=GRAVEYARD;mana=(10, 10)->(9, 6);used=3;spell=GRAVEYARD",card_mechanism.csv#CFM_608; generic-play-smoke:played; effect-evidence: reports/card_quality_full_2026-09-27/three_set_probe.csv#CFM_608::destroy_minion_and_reduce_max_mana; per-card: reports/card_quality_full_2026-09-27/three_set_probe.csv#CFM_608::destroy_minion_and_reduce_max_mana,聚合状态取该卡最差机制；普通烟测只证明可执行，不能单独构成 GREEN。 EN=Destroy a minion and one of your Mana Crystals.; ZH=消灭一个随从，和你的一个法力水晶。; source=fireplace/cards/gangs/warlock.py:63; existing_tests=无候选既有测试引用; previous_card_audit=2 个机制缺少充分的核心效果验证；逐机制依据见 card_mechanism.csv。; previous_mechanism_audit=存在定义或元数据候选；当前没有可复查的该机制核心效果断言。 / 缺目标与非法自身目标均在付费/移区前被拒绝；合法目标效果仍需逐卡验证。; prior_cross_card_issues=无; audit_scope=本轮实际运行断言。,Destroy a minion and one of your Mana Crystals.,消灭一个随从，和你的一个法力水晶。,fireplace/cards/gangs/warlock.py:63
17.6.0.53261,Mean Streets of Gadgetzan (GANGS),CFM_609,Fel Orc Soulfiend,邪兽人噬魂魔,Trigger,GREEN,implemented,yes,逐卡实际对局断言通过：self_damage_at_own_turn_start=health=7->7->5->3->1;after_fourth_own_start=GRAVEYARD,card_mechanism.csv#CFM_609; generic-play-smoke:played; effect-evidence: reports/card_quality_full_2026-09-27/three_set_probe.csv#CFM_609::self_damage_at_own_turn_start; per-card: reports/card_quality_full_2026-09-27/three_set_probe.csv#CFM_609::self_damage_at_own_turn_start,"聚合状态取该卡最差机制；普通烟测只证明可执行，不能单独构成 GREEN。 EN=At the start of your turn, deal 2 damage to this minion.; ZH=在你的回合开始时，对该随从造成2点 伤害。; source=fireplace/cards/gangs/neutral_epic.py:36; existing_tests=无候选既有测试引用; previous_card_audit=1 个机制缺少充分的核心效果验证；逐机制依据见 card_mechanism.csv。; previous_mechanism_audit=存在定义或元数据候选；当前没有可复查的该机制核心效果断言。; prior_cross_card_issues=无; audit_scope=本轮实际运行断言。","At the start of your turn, deal 2 damage to this minion.",在你的回合开始时，对该随从造成2点 伤害。,fireplace/cards/gangs/neutral_epic.py:36
17.6.0.53261,Mean Streets of Gadgetzan (GANGS),CFM_610,Crystalweaver,魔瘾结晶者,Battlecry,GREEN,implemented,yes,"逐卡实战断言均通过：only_friendly_demons_buffed=before=[(4, 3), (1, 3), (1, 1), (4, 3)];after=[(5, 4), (2, 4), (1, 1), (4, 3)];card=PLAY",card_mechanism.csv#CFM_610; generic-play-smoke:played; effect-evidence: reports/card_quality_full_2026-09-27/three_set_probe.csv#CFM_610::only_friendly_demons_buffed; per-card: reports/card_quality_full_2026-09-27/three_set_probe.csv#CFM_610::only_friendly_demons_buffed,聚合状态取该卡最差机制；普通烟测只证明可执行，不能单独构成 GREEN。 EN: Battlecry: Give your Demons +1/+1.; ZH: 战吼：使你的所有恶魔获得+1/+1。; source=fireplace/cards/gangs/warlock.py:8; existing_test_refs=; prior_audit=YELLOW:1 个机制缺少充分的核心效果验证；逐机制依据见 card_mechanism.csv。,Battlecry: Give your Demons +1/+1.,战吼：使你的所有恶魔获得+1/+1。,fireplace/cards/gangs/warlock.py:8
17.6.0.53261,Mean Streets of Gadgetzan (GANGS),CFM_611,Bloodfury Potion,血怒药水,Spell resolution|Targeting,GREEN,implemented,yes,"逐卡实战断言均通过：demon_and_nondemon_branches=demon=(7, 6);ordinary=(4, 1);spells=('GRAVEYARD', 'GRAVEYARD'); enemy_demon_is_legal_target=legal=True;before=(4, 3);after=(7, 6);controller=Player1",card_mechanism.csv#CFM_611; generic-play-smoke:played; effect-evidence: reports/card_quality_full_2026-09-27/three_set_probe.csv#CFM_611::demon_and_nondemon_branches; reports/card_quality_full_2026-09-27/three_set_probe.csv#CFM_611::enemy_demon_is_legal_target; per-card: reports/card_quality_full_2026-09-27/three_set_probe.csv#CFM_611::demon_and_nondemon_branches; reports/card_quality_full_2026-09-27/three_set_probe.csv#CFM_611::enemy_demon_is_legal_target,"聚合状态取该卡最差机制；普通烟测只证明可执行，不能单独构成 GREEN。 EN: [x]Give a minion +3 Attack. If it's a Demon, also give it +3 Health.; ZH: 使一个随从获得+3攻击力。如果该随从是恶魔，还会获得+3生命值。; source=fireplace/cards/gangs/warlock.py:70; existing_test_refs=; prior_audit=YELLOW:2 个机制缺少充分的核心效果验证；逐机制依据见 card_mechanism.csv。","[x]Give a minion +3 Attack. If it's a Demon, also give it +3 Health.",使一个随从获得+3攻击力。如果该随从是恶魔，还会获得+3生命值。,fireplace/cards/gangs/warlock.py:70
17.6.0.53261,Mean Streets of Gadgetzan (GANGS),CFM_614,Mark of the Lotus,玉莲印记,Spell resolution,GREEN,implemented,yes,"逐卡实战断言均通过：friendly_board_only=before=[(1, 1), (1, 1), (1, 1)];after=[(2, 2), (2, 2), (1, 1)];spell=GRAVEYARD",card_mechanism.csv#CFM_614; generic-play-smoke:played; effect-evidence: reports/card_quality_full_2026-09-27/three_set_probe.csv#CFM_614::friendly_board_only; per-card: reports/card_quality_full_2026-09-27/three_set_probe.csv#CFM_614::friendly_board_only,聚合状态取该卡最差机制；普通烟测只证明可执行，不能单独构成 GREEN。 EN: Give your minions +1/+1.; ZH: 使你所有的随从获得+1/+1。; source=fireplace/cards/gangs/druid.py:79; existing_test_refs=; prior_audit=YELLOW:1 个机制缺少充分的核心效果验证；逐机制依据见 card_mechanism.csv。,Give your minions +1/+1.,使你所有的随从获得+1/+1。,fireplace/cards/gangs/druid.py:79
17.6.0.53261,Mean Streets of Gadgetzan (GANGS),CFM_616,Pilfered Power,妙手空空,Spell resolution,GREEN,implemented,yes,逐卡实战断言均通过：empty_crystals_per_friendly_minion=max_mana=6;available=1;spell=GRAVEYARD; no_minions_no_gain=max_mana=4;spell=GRAVEYARD; at_mana_cap_generates_excess_mana=max_mana=10;hand=['CS2_013t'],card_mechanism.csv#CFM_616; generic-play-smoke:played; effect-evidence: reports/card_quality_full_2026-09-27/three_set_probe.csv#CFM_616::empty_crystals_per_friendly_minion; reports/card_quality_full_2026-09-27/three_set_probe.csv#CFM_616::no_minions_no_gain; reports/card_quality_full_2026-09-27/three_set_probe.csv#CFM_616::at_mana_cap_generates_excess_mana; per-card: reports/card_quality_full_2026-09-27/three_set_probe.csv#CFM_616::empty_crystals_per_friendly_minion; reports/card_quality_full_2026-09-27/three_set_probe.csv#CFM_616::no_minions_no_gain; reports/card_quality_full_2026-09-27/three_set_probe.csv#CFM_616::at_mana_cap_generates_excess_mana,聚合状态取该卡最差机制；普通烟测只证明可执行，不能单独构成 GREEN。 EN: Gain an empty Mana Crystal for each friendly minion.; ZH: 每控制一个友方随从，便获得一个空的法力水晶。; source=fireplace/cards/gangs/druid.py:88; existing_test_refs=tests/test_gangs.py:74:test_pilfered_power | tests/test_gangs.py:86:test_pilfered_power | tests/test_gangs.py:98:test_pilfered_power; prior_audit=YELLOW:1 个机制缺少充分的核心效果验证；逐机制依据见 card_mechanism.csv。,Gain an empty Mana Crystal for each friendly minion.,每控制一个友方随从，便获得一个空的法力水晶。,fireplace/cards/gangs/druid.py:88
17.6.0.53261,Mean Streets of Gadgetzan (GANGS),CFM_617,Celestial Dreamer,天神唤梦者,Battlecry,GREEN,implemented,yes,"逐卡实战断言均通过：threshold_and_enemy_exclusion=branches=[(None, 3, 3), ('friendly', 5, 5), ('enemy', 3, 3)]; four_attack_does_not_qualify=attack=3;health=3",card_mechanism.csv#CFM_617; generic-play-smoke:played; effect-evidence: reports/card_quality_full_2026-09-27/three_set_probe.csv#CFM_617::threshold_and_enemy_exclusion; reports/card_quality_full_2026-09-27/three_set_probe.csv#CFM_617::four_attack_does_not_qualify; per-card: reports/card_quality_full_2026-09-27/three_set_probe.csv#CFM_617::threshold_and_enemy_exclusion; reports/card_quality_full_2026-09-27/three_set_probe.csv#CFM_617::four_attack_does_not_qualify,"聚合状态取该卡最差机制；普通烟测只证明可执行，不能单独构成 GREEN。 EN: [x]Battlecry: If you control a minion with 5 or more Attack, gain +2/+2.; ZH: 战吼：如果你控制一个攻击力大于或等于5的随从，便获得+2/+2。; source=fireplace/cards/gangs/druid.py:32; existing_test_refs=; prior_audit=YELLOW:1 个机制缺少充分的核心效果验证；逐机制依据见 card_mechanism.csv。","[x]Battlecry: If you control a minion with 5 or more Attack, gain +2/+2.",战吼：如果你控制一个攻击力大于或等于5的随从，便获得+2/+2。,fireplace/cards/gangs/druid.py:32
17.6.0.53261,Mean Streets of Gadgetzan (GANGS),CFM_619,Kabal Chemist,暗金教炼金师,Battlecry|Random effects,GREEN,implemented,yes,"逐卡实战断言均通过：gain_a_potion=hand=[('CFM_021', 'Freezing Potion', 'HAND')];card=PLAY; random_potion_varies_across_seeds=seeds=['CFM_021', 'CFM_608', 'CFM_611', 'CFM_094', 'CFM_620', 'CFM_021', 'CFM_604', 'CFM_065', 'CFM_611', 'CFM_065', 'CFM_094', 'CFM_620'];distinct=7",card_mechanism.csv#CFM_619; generic-play-smoke:played; effect-evidence: reports/card_quality_full_2026-09-27/three_set_probe.csv#CFM_619::gain_a_potion; reports/card_quality_full_2026-09-27/three_set_probe.csv#CFM_619::random_potion_varies_across_seeds; per-card: reports/card_quality_full_2026-09-27/three_set_probe.csv#CFM_619::gain_a_potion; reports/card_quality_full_2026-09-27/three_set_probe.csv#CFM_619::random_potion_varies_across_seeds,聚合状态取该卡最差机制；普通烟测只证明可执行，不能单独构成 GREEN。 EN: Battlecry: Add a random Potion to your hand.; ZH: 战吼：随机将一张药水牌置入你的手牌。; source=fireplace/cards/gangs/neutral_common.py:40; existing_test_refs=; prior_audit=YELLOW:2 个机制缺少充分的核心效果验证；逐机制依据见 card_mechanism.csv。,Battlecry: Add a random Potion to your hand.,战吼：随机将一张药水牌置入你的手牌。,fireplace/cards/gangs/neutral_common.py:40
17.6.0.53261,Mean Streets of Gadgetzan (GANGS),CFM_620,Potion of Polymorph,变形药水,Secret|Spell resolution|Transform|Trigger,GREEN,implemented,yes,"逐卡实战断言均通过：enemy_minion_play_transforms_after_secret=secret=GRAVEYARD;field=[('CS2_tk1', 1, 1)];original=SETASIDE; own_minion_does_not_trigger_secret=secret=SECRET;field=['CS2_231']",card_mechanism.csv#CFM_620; generic-play-smoke:played; effect-evidence: reports/card_quality_full_2026-09-27/three_set_probe.csv#CFM_620::enemy_minion_play_transforms_after_secret; reports/card_quality_full_2026-09-27/three_set_probe.csv#CFM_620::own_minion_does_not_trigger_secret; per-card: reports/card_quality_full_2026-09-27/three_set_probe.csv#CFM_620::enemy_minion_play_transforms_after_secret; reports/card_quality_full_2026-09-27/three_set_probe.csv#CFM_620::own_minion_does_not_trigger_secret,"聚合状态取该卡最差机制；普通烟测只证明可执行，不能单独构成 GREEN。 EN: Secret: After your opponent plays a minion, transform it into a 1/1 Sheep.; ZH: 奥秘：在你的对手使用一张随从牌后，将其变形成为1/1的绵羊。; source=fireplace/cards/gangs/mage.py:69; existing_test_refs=; prior_audit=YELLOW:4 个机制缺少充分的核心效果验证；逐机制依据见 card_mechanism.csv。","Secret: After your opponent plays a minion, transform it into a 1/1 Sheep.",奥秘：在你的对手使用一张随从牌后，将其变形成为1/1的绵羊。,fireplace/cards/gangs/mage.py:69
17.6.0.53261,Mean Streets of Gadgetzan (GANGS),CFM_621,Kazakus,卡扎库斯,Battlecry,GREEN,implemented,yes,"逐卡实战断言均通过：duplicate_deck_suppresses_choice=choice=None;deck=['CS2_231', 'CS2_231'];hand=[]; unique_deck_three_choices=picks=[['CFM_621t11', 'CFM_621t12', 'CFM_621t13'], ['CFM_621t5', 'CFM_621t6', 'CFM_621t8'], ['CFM_621t6', 'CFM_621t2', 'CFM_621t3']];potion=('CFM_621t', 'GRAVEYARD');enemy=('CS2_200', True);ally=(3, 3)",card_mechanism.csv#CFM_621; generic-play-smoke:played; effect-evidence: reports/card_quality_full_2026-09-27/three_set_probe.csv#CFM_621::duplicate_deck_suppresses_choice; reports/card_quality_full_2026-09-27/three_set_probe.csv#CFM_621::unique_deck_three_choices; per-card: reports/card_quality_full_2026-09-27/three_set_probe.csv#CFM_621::duplicate_deck_suppresses_choice; reports/card_quality_full_2026-09-27/three_set_probe.csv#CFM_621::unique_deck_three_choices,"聚合状态取该卡最差机制；普通烟测只证明可执行，不能单独构成 GREEN。 EN: [x]Battlecry: If your deck has no duplicates,  create a custom spell.; ZH: 战吼：如果你的牌库里没有相同的牌，则为你创建一个自定义 法术。; source=fireplace/cards/gangs/neutral_legendary.py:22; existing_test_refs=tests/test_gangs.py:317:test_kazakus; prior_audit=YELLOW:1 个机制缺少充分的核心效果验证；逐机制依据见 card_mechanism.csv。","[x]Battlecry: If your deck has no duplicates,  create a custom spell.",战吼：如果你的牌库里没有相同的牌，则为你创建一个自定义 法术。,fireplace/cards/gangs/neutral_legendary.py:22
17.6.0.53261,Mean Streets of Gadgetzan (GANGS),CFM_623,Greater Arcane Missiles,强能奥术飞弹,Random effects|Spell resolution,GREEN,implemented,yes,"逐卡实战断言均通过：three_missiles_damage_total=old=(30, 5, 5, 30);enemy=(24, 2);friendly=(5, 30);spell=GRAVEYARD",card_mechanism.csv#CFM_623; generic-play-smoke:played; effect-evidence: reports/card_quality_full_2026-09-27/three_set_probe.csv#CFM_623::three_missiles_damage_total; per-card: reports/card_quality_full_2026-09-27/three_set_probe.csv#CFM_623::three_missiles_damage_total,聚合状态取该卡最差机制；普通烟测只证明可执行，不能单独构成 GREEN。 EN: Shoot three missiles at random enemies that deal $3 damage each.; ZH: 随机对敌人发射三枚飞弹，每枚飞弹造成$3点伤害。; source=fireplace/cards/gangs/mage.py:75; existing_test_refs=; prior_audit=YELLOW:2 个机制缺少充分的核心效果验证；逐机制依据见 card_mechanism.csv。,Shoot three missiles at random enemies that deal $3 damage each.,随机对敌人发射三枚飞弹，每枚飞弹造成$3点伤害。,fireplace/cards/gangs/mage.py:75
17.6.0.53261,Mean Streets of Gadgetzan (GANGS),CFM_626,Kabal Talonpriest,暗金教鸦人祭司,Battlecry|Targeting,GREEN,implemented,yes,"逐卡实战断言均通过：friendly_target_plus_three_health=target=(4, 4);enemy=1;card=PLAY",card_mechanism.csv#CFM_626; generic-play-smoke:played; effect-evidence: reports/card_quality_full_2026-09-27/three_set_probe.csv#CFM_626::friendly_target_plus_three_health; per-card: reports/card_quality_full_2026-09-27/three_set_probe.csv#CFM_626::friendly_target_plus_three_health,聚合状态取该卡最差机制；普通烟测只证明可执行，不能单独构成 GREEN。 EN: Battlecry: Give a friendly minion +3 Health.; ZH: 战吼：使一个友方随从获得+3生命值。; source=fireplace/cards/gangs/priest.py:33; existing_test_refs=; prior_audit=YELLOW:2 个机制缺少充分的核心效果验证；逐机制依据见 card_mechanism.csv。,Battlecry: Give a friendly minion +3 Health.,战吼：使一个友方随从获得+3生命值。,fireplace/cards/gangs/priest.py:33
17.6.0.53261,Mean Streets of Gadgetzan (GANGS),CFM_630,Counterfeit Coin,伪造的幸运币,Spell resolution,GREEN,implemented,yes,"逐卡实战断言均通过：temporary_mana_expires=after=(4, 3);next_turn=(5, 5);temporary=0;spell=GRAVEYARD",card_mechanism.csv#CFM_630; generic-play-smoke:played; effect-evidence: reports/card_quality_full_2026-09-27/three_set_probe.csv#CFM_630::temporary_mana_expires; per-card: reports/card_quality_full_2026-09-27/three_set_probe.csv#CFM_630::temporary_mana_expires,聚合状态取该卡最差机制；普通烟测只证明可执行，不能单独构成 GREEN。 EN: Gain 1 Mana Crystal this turn only.; ZH: 在本回合中，获得一个法力 水晶。; source=fireplace/cards/gangs/rogue.py:69; existing_test_refs=; prior_audit=YELLOW:1 个机制缺少充分的核心效果验证；逐机制依据见 card_mechanism.csv。,Gain 1 Mana Crystal this turn only.,在本回合中，获得一个法力 水晶。,fireplace/cards/gangs/rogue.py:69
17.6.0.53261,Mean Streets of Gadgetzan (GANGS),CFM_631,Brass Knuckles,黄铜指虎,Random effects|Trigger|Weapon,GREEN,implemented,yes,"逐卡实战断言均通过：hero_attack_buffs_hand_minion=before=[(1, 1), (1, 1)];after=[(1, 1), (2, 2)];changes=[False, True];weapon=(2, 2)",card_mechanism.csv#CFM_631; generic-play-smoke:played; effect-evidence: reports/card_quality_full_2026-09-27/three_set_probe.csv#CFM_631::hero_attack_buffs_hand_minion; per-card: reports/card_quality_full_2026-09-27/three_set_probe.csv#CFM_631::hero_attack_buffs_hand_minion,"聚合状态取该卡最差机制；普通烟测只证明可执行，不能单独构成 GREEN。 EN: [x]After your hero attacks, give a random minion in your hand +1/+1.; ZH: 在你的英雄攻击后，随机使你手牌中的一张随从牌获得+1/+1。; source=fireplace/cards/gangs/warrior.py:70; existing_test_refs=; prior_audit=YELLOW:3 个机制缺少充分的核心效果验证；逐机制依据见 card_mechanism.csv。","[x]After your hero attacks, give a random minion in your hand +1/+1.",在你的英雄攻击后，随机使你手牌中的一张随从牌获得+1/+1。,fireplace/cards/gangs/warrior.py:70
17.6.0.53261,Mean Streets of Gadgetzan (GANGS),CFM_634,Lotus Assassin,玉莲帮刺客,Trigger,GREEN,implemented,yes,"逐卡实战断言均通过：kill_regrants_stealth=target=GRAVEYARD;assassin=('PLAY', 4, True); nonlethal_attack_does_not_regain_stealth=target=('PLAY', 2);assassin=('PLAY', 3, False)",card_mechanism.csv#CFM_634; generic-play-smoke:played; effect-evidence: reports/card_quality_full_2026-09-27/three_set_probe.csv#CFM_634::kill_regrants_stealth; reports/card_quality_full_2026-09-27/three_set_probe.csv#CFM_634::nonlethal_attack_does_not_regain_stealth; per-card: reports/card_quality_full_2026-09-27/three_set_probe.csv#CFM_634::kill_regrants_stealth; reports/card_quality_full_2026-09-27/three_set_probe.csv#CFM_634::nonlethal_attack_does_not_regain_stealth,"聚合状态取该卡最差机制；普通烟测只证明可执行，不能单独构成 GREEN。 EN: Stealth. Whenever this attacks and kills a minion, gain Stealth.; ZH: 潜行。每当该随从攻击并消灭一个随从时，便获得潜行。; source=fireplace/cards/gangs/rogue.py:18; existing_test_refs=; prior_audit=YELLOW:1 个机制缺少充分的核心效果验证；逐机制依据见 card_mechanism.csv。","Stealth. Whenever this attacks and kills a minion, gain Stealth.",潜行。每当该随从攻击并消灭一个随从时，便获得潜行。,fireplace/cards/gangs/rogue.py:18
17.6.0.53261,Mean Streets of Gadgetzan (GANGS),CFM_636,Shadow Rager,暗影狂怒者,Stealth,GREEN,implemented,yes,"逐卡实战断言均通过：stealth_keyword=stats=(5, 1);stealth=1;zone=PLAY; stealth_blocks_enemy_targets=targeting=(True, False, False);hero=26;card=PLAY",card_mechanism.csv#CFM_636; generic-play-smoke:played; effect-evidence: reports/card_quality_full_2026-09-27/three_set_probe.csv#CFM_636::stealth_keyword; reports/card_quality_full_2026-09-27/three_set_probe.csv#CFM_636::stealth_blocks_enemy_targets; per-card: reports/card_quality_full_2026-09-27/three_set_probe.csv#CFM_636::stealth_keyword; reports/card_quality_full_2026-09-27/three_set_probe.csv#CFM_636::stealth_blocks_enemy_targets,聚合状态取该卡最差机制；普通烟测只证明可执行，不能单独构成 GREEN。 EN: Stealth; ZH: 潜行; source=; existing_test_refs=; prior_audit=YELLOW:1 个机制缺少充分的核心效果验证；逐机制依据见 card_mechanism.csv。,Stealth,潜行,
17.6.0.53261,Mean Streets of Gadgetzan (GANGS),CFM_637,Patches the Pirate,海盗帕奇斯,Summon|Trigger,GREEN,implemented,yes,"逐卡实战断言均通过：pirate_play_summons_from_deck=pirate=('CS2_146', 'PLAY');patches=('PLAY', ['CS2_146', 'CFM_637']);deck=[]; nonpirate_does_not_summon=patches=DECK;field=['CS2_231']",card_mechanism.csv#CFM_637; generic-play-smoke:played; effect-evidence: reports/card_quality_full_2026-09-27/three_set_probe.csv#CFM_637::pirate_play_summons_from_deck; reports/card_quality_full_2026-09-27/three_set_probe.csv#CFM_637::nonpirate_does_not_summon; per-card: reports/card_quality_full_2026-09-27/three_set_probe.csv#CFM_637::pirate_play_summons_from_deck; reports/card_quality_full_2026-09-27/three_set_probe.csv#CFM_637::nonpirate_does_not_summon,"聚合状态取该卡最差机制；普通烟测只证明可执行，不能单独构成 GREEN。 EN: [x]After you play a Pirate, summon this minion from your deck.; ZH: 在你使用一张海盗牌后，从你的牌库中召唤该随从。; source=fireplace/cards/gangs/neutral_legendary.py:118; existing_test_refs=; prior_audit=YELLOW:2 个机制缺少充分的核心效果验证；逐机制依据见 card_mechanism.csv。","[x]After you play a Pirate, summon this minion from your deck.",在你使用一张海盗牌后，从你的牌库中召唤该随从。,fireplace/cards/gangs/neutral_legendary.py:118
17.6.0.53261,Mean Streets of Gadgetzan (GANGS),CFM_639,Grimestreet Enforcer,污手街惩罚者,Trigger,GREEN,implemented,yes,"逐卡实战断言均通过：end_turn_buffs_hand_minions=before=[(1, 1), (1, 1)];after=[(2, 2), (2, 2)];spell_cost=(4, 4);card=PLAY",card_mechanism.csv#CFM_639; generic-play-smoke:played; effect-evidence: reports/card_quality_full_2026-09-27/three_set_probe.csv#CFM_639::end_turn_buffs_hand_minions; per-card: reports/card_quality_full_2026-09-27/three_set_probe.csv#CFM_639::end_turn_buffs_hand_minions,"聚合状态取该卡最差机制；普通烟测只证明可执行，不能单独构成 GREEN。 EN: At the end of your turn, give all minions in your hand +1/+1.; ZH: 在你的回合结束时，使你手牌中的所有随从牌获得+1/+1。; source=fireplace/cards/gangs/paladin.py:14; existing_test_refs=; prior_audit=YELLOW:1 个机制缺少充分的核心效果验证；逐机制依据见 card_mechanism.csv。","At the end of your turn, give all minions in your hand +1/+1.",在你的回合结束时，使你手牌中的所有随从牌获得+1/+1。,fireplace/cards/gangs/paladin.py:14
17.6.0.53261,Mean Streets of Gadgetzan (GANGS),CFM_643,Hobart Grapplehammer,霍巴特·钩锤,Battlecry,GREEN,implemented,yes,"逐卡实战断言均通过：weapon_hand_and_deck_buff=before=(1, 3, 3, 1);after=(2, 4, 3, 1);zones=('HAND', 'HAND', 'PLAY', 'PLAY')",card_mechanism.csv#CFM_643; generic-play-smoke:played; effect-evidence: reports/card_quality_full_2026-09-27/three_set_probe.csv#CFM_643::weapon_hand_and_deck_buff; per-card: reports/card_quality_full_2026-09-27/three_set_probe.csv#CFM_643::weapon_hand_and_deck_buff,聚合状态取该卡最差机制；普通烟测只证明可执行，不能单独构成 GREEN。 EN: Battlecry: Give all weapons in your hand and deck +1 Attack.; ZH: 战吼：使你的手牌和牌库里的所有武器牌获得+1攻击力。; source=fireplace/cards/gangs/warrior.py:8; existing_test_refs=; prior_audit=YELLOW:1 个机制缺少充分的核心效果验证；逐机制依据见 card_mechanism.csv。,Battlecry: Give all weapons in your hand and deck +1 Attack.,战吼：使你的手牌和牌库里的所有武器牌获得+1攻击力。,fireplace/cards/gangs/warrior.py:8
17.6.0.53261,Mean Streets of Gadgetzan (GANGS),CFM_646,Backstreet Leper,后街男巫,Deathrattle,GREEN,implemented,yes,"逐卡实战断言均通过：deathrattle_hits_enemy_hero_only=minion=GRAVEYARD;heroes=(30, 28)",card_mechanism.csv#CFM_646; generic-play-smoke:played; effect-evidence: reports/card_quality_full_2026-09-27/three_set_probe.csv#CFM_646::deathrattle_hits_enemy_hero_only; per-card: reports/card_quality_full_2026-09-27/three_set_probe.csv#CFM_646::deathrattle_hits_enemy_hero_only,聚合状态取该卡最差机制；普通烟测只证明可执行，不能单独构成 GREEN。 EN: [x]Deathrattle: Deal 2 damage to the enemy hero.; ZH: 亡语：对敌方英雄造成2点伤害。; source=fireplace/cards/gangs/neutral_common.py:46; existing_test_refs=; prior_audit=YELLOW:1 个机制缺少充分的核心效果验证；逐机制依据见 card_mechanism.csv。,[x]Deathrattle: Deal 2 damage to the enemy hero.,亡语：对敌方英雄造成2点伤害。,fireplace/cards/gangs/neutral_common.py:46
17.6.0.53261,Mean Streets of Gadgetzan (GANGS),CFM_647,Blowgill Sniper,吹箭鱼人,Battlecry|Targeting,GREEN,implemented,yes,"逐卡实战断言均通过：targeted_one_damage=before=(5, 5);after=(4, 5);card=PLAY; friendly_target_one_damage=legal=True;before=5;after=4",card_mechanism.csv#CFM_647; generic-play-smoke:played; effect-evidence: reports/card_quality_full_2026-09-27/three_set_probe.csv#CFM_647::targeted_one_damage; reports/card_quality_full_2026-09-27/three_set_probe.csv#CFM_647::friendly_target_one_damage; per-card: reports/card_quality_full_2026-09-27/three_set_probe.csv#CFM_647::targeted_one_damage; reports/card_quality_full_2026-09-27/three_set_probe.csv#CFM_647::friendly_target_one_damage,聚合状态取该卡最差机制；普通烟测只证明可执行，不能单独构成 GREEN。 EN: Battlecry: Deal 1 damage.; ZH: 战吼：造成1点伤害。; source=fireplace/cards/gangs/neutral_common.py:52; existing_test_refs=; prior_audit=YELLOW:2 个机制缺少充分的核心效果验证；逐机制依据见 card_mechanism.csv。,Battlecry: Deal 1 damage.,战吼：造成1点伤害。,fireplace/cards/gangs/neutral_common.py:52
17.6.0.53261,Mean Streets of Gadgetzan (GANGS),CFM_648,Big-Time Racketeer,犯罪高手,Battlecry|Summon,GREEN,implemented,yes,"逐卡实战断言均通过：summon_six_six_ogre=field=[('CFM_648', 1, 1, 'PLAY'), ('CFM_648t', 6, 6, 'PLAY')]",card_mechanism.csv#CFM_648; generic-play-smoke:played; effect-evidence: reports/card_quality_full_2026-09-27/three_set_probe.csv#CFM_648::summon_six_six_ogre; per-card: reports/card_quality_full_2026-09-27/three_set_probe.csv#CFM_648::summon_six_six_ogre,聚合状态取该卡最差机制；普通烟测只证明可执行，不能单独构成 GREEN。 EN: Battlecry: Summon a 6/6 Ogre.; ZH: 战吼：召唤一个6/6的食人魔。; source=fireplace/cards/gangs/neutral_common.py:59; existing_test_refs=; prior_audit=YELLOW:2 个机制缺少充分的核心效果验证；逐机制依据见 card_mechanism.csv。,Battlecry: Summon a 6/6 Ogre.,战吼：召唤一个6/6的食人魔。,fireplace/cards/gangs/neutral_common.py:59
17.6.0.53261,Mean Streets of Gadgetzan (GANGS),CFM_649,Kabal Courier,暗金教信使,Battlecry|Discover / Choice|Random effects,GREEN,implemented,yes,"逐卡实战断言均通过：discover_one_of_three_classes=offers=[('DAL_578', (<CardClass.MAGE: 4>,)), ('ULD_270', (<CardClass.PRIEST: 6>,)), ('BT_199', (<CardClass.WARLOCK: 9>,))];chosen=('ULD_270', ['ULD_270'])",card_mechanism.csv#CFM_649; generic-play-smoke:played; effect-evidence: reports/card_quality_full_2026-09-27/three_set_probe.csv#CFM_649::discover_one_of_three_classes; per-card: reports/card_quality_full_2026-09-27/three_set_probe.csv#CFM_649::discover_one_of_three_classes,"聚合状态取该卡最差机制；普通烟测只证明可执行，不能单独构成 GREEN。 EN: Battlecry: Discover a Mage, Priest, or Warlock card.; ZH: 战吼： 发现一张法师、牧师或术士卡牌。; source=fireplace/cards/gangs/neutral_rare.py:30; existing_test_refs=; prior_audit=YELLOW:3 个机制缺少充分的核心效果验证；逐机制依据见 card_mechanism.csv。","Battlecry: Discover a Mage, Priest, or Warlock card.",战吼： 发现一张法师、牧师或术士卡牌。,fireplace/cards/gangs/neutral_rare.py:30
17.6.0.53261,Mean Streets of Gadgetzan (GANGS),CFM_650,Grimscale Chum,暗鳞劫掠者,Battlecry|Random effects,GREEN,implemented,yes,逐卡实测：手牌有两张鱼人与一张非鱼人时暗鳞劫掠者只给其中一张鱼人+1/+1；没有手牌鱼人时不改变普通随从。,tests/test_gangs_red_root_fixes.py::test_grimscale_chum_buffs_exactly_one_held_murloc; tests/test_gangs_red_root_fixes.py::test_grimscale_chum_with_no_held_murloc_changes_nothing,原始结论保留于known_issues_archive_2026-09-29/。 修复前把手牌全部鱼人加属性。,[x]Battlecry: Give a random Murloc in your hand +1/+1.,战吼：随机使你手牌中的一张鱼人牌获得+1/+1。,fireplace/cards/gangs/paladin.py:23
17.6.0.53261,Mean Streets of Gadgetzan (GANGS),CFM_651,Naga Corsair,纳迦海盗,Battlecry,GREEN,implemented,yes,"逐卡实战断言均通过：equipped_weapon_plus_one_attack=before=(1, 4);after=(2, 4);card=PLAY; no_weapon_no_effect=weapon=None;card=PLAY",card_mechanism.csv#CFM_651; generic-play-smoke:played; effect-evidence: reports/card_quality_full_2026-09-27/three_set_probe.csv#CFM_651::equipped_weapon_plus_one_attack; reports/card_quality_full_2026-09-27/three_set_probe.csv#CFM_651::no_weapon_no_effect; per-card: reports/card_quality_full_2026-09-27/three_set_probe.csv#CFM_651::equipped_weapon_plus_one_attack; reports/card_quality_full_2026-09-27/three_set_probe.csv#CFM_651::no_weapon_no_effect,聚合状态取该卡最差机制；普通烟测只证明可执行，不能单独构成 GREEN。 EN: Battlecry: Give your weapon +1 Attack.; ZH: 战吼：使你的武器获得+1攻击力。; source=fireplace/cards/gangs/neutral_common.py:65; existing_test_refs=; prior_audit=YELLOW:1 个机制缺少充分的核心效果验证；逐机制依据见 card_mechanism.csv。,Battlecry: Give your weapon +1 Attack.,战吼：使你的武器获得+1攻击力。,fireplace/cards/gangs/neutral_common.py:65
17.6.0.53261,Mean Streets of Gadgetzan (GANGS),CFM_652,Second-Rate Bruiser,二流打手,Continuous effect / Update|Cost modification|Taunt|Trigger,GREEN,implemented,yes,"逐卡实战断言均通过：threshold_enemy_three_minions=costs=(5, 5, 3, 5);zone=HAND",card_mechanism.csv#CFM_652; generic-play-smoke:played; effect-evidence: reports/card_quality_full_2026-09-27/three_set_probe.csv#CFM_652::threshold_enemy_three_minions; per-card: reports/card_quality_full_2026-09-27/three_set_probe.csv#CFM_652::threshold_enemy_three_minions,聚合状态取该卡最差机制；普通烟测只证明可执行，不能单独构成 GREEN。 EN: [x]Taunt Costs (2) less if your opponent has at least three minions.; ZH: 嘲讽 如果你的对手控制至少三个随从，则其法力值消耗减少（2）点。; source=fireplace/cards/gangs/neutral_rare.py:43; existing_test_refs=; prior_audit=YELLOW:4 个机制缺少充分的核心效果验证；逐机制依据见 card_mechanism.csv。,[x]Taunt Costs (2) less if your opponent has at least three minions.,嘲讽 如果你的对手控制至少三个随从，则其法力值消耗减少（2）点。,fireplace/cards/gangs/neutral_rare.py:43
17.6.0.53261,Mean Streets of Gadgetzan (GANGS),CFM_653,Hired Gun,重装佣兵,Taunt,GREEN,implemented,yes,"逐卡实战断言均通过：taunt_keyword=stats=(4, 3);taunt=1;zone=PLAY; taunt_blocks_face_attack=while_alive=(True, False);after=('GRAVEYARD', 'PLAY', 30);face_available=True",card_mechanism.csv#CFM_653; generic-play-smoke:played; effect-evidence: reports/card_quality_full_2026-09-27/three_set_probe.csv#CFM_653::taunt_keyword; reports/card_quality_full_2026-09-27/three_set_probe.csv#CFM_653::taunt_blocks_face_attack; per-card: reports/card_quality_full_2026-09-27/three_set_probe.csv#CFM_653::taunt_keyword; reports/card_quality_full_2026-09-27/three_set_probe.csv#CFM_653::taunt_blocks_face_attack,聚合状态取该卡最差机制；普通烟测只证明可执行，不能单独构成 GREEN。 EN: Taunt; ZH: 嘲讽; source=; existing_test_refs=; prior_audit=YELLOW:1 个机制缺少充分的核心效果验证；逐机制依据见 card_mechanism.csv。,Taunt,嘲讽,
17.6.0.53261,Mean Streets of Gadgetzan (GANGS),CFM_654,Friendly Bartender,热心的酒保,Trigger,GREEN,implemented,yes,"逐卡实战断言均通过：turn_end_heals_own_hero_once=before=(25, 25);after=(26, 25);card=PLAY",card_mechanism.csv#CFM_654; generic-play-smoke:played; effect-evidence: reports/card_quality_full_2026-09-27/three_set_probe.csv#CFM_654::turn_end_heals_own_hero_once; per-card: reports/card_quality_full_2026-09-27/three_set_probe.csv#CFM_654::turn_end_heals_own_hero_once,"聚合状态取该卡最差机制；普通烟测只证明可执行，不能单独构成 GREEN。 EN: At the end of your turn, restore #1 Health to your hero.; ZH: 在你的回合结束时，为你的英雄恢复#1点生命值。; source=fireplace/cards/gangs/neutral_common.py:74; existing_test_refs=; prior_audit=YELLOW:1 个机制缺少充分的核心效果验证；逐机制依据见 card_mechanism.csv。","At the end of your turn, restore #1 Health to your hero.",在你的回合结束时，为你的英雄恢复#1点生命值。,fireplace/cards/gangs/neutral_common.py:74
17.6.0.53261,Mean Streets of Gadgetzan (GANGS),CFM_655,Toxic Sewer Ooze,毒性污水软泥怪,Battlecry,GREEN,implemented,yes,"逐卡实战断言均通过：enemy_weapon_loses_one_durability=before=(4, 2);after=(4, 1);card=PLAY; last_durability_breaks_weapon=weapon=GRAVEYARD;equipped=None",card_mechanism.csv#CFM_655; generic-play-smoke:played; effect-evidence: reports/card_quality_full_2026-09-27/three_set_probe.csv#CFM_655::enemy_weapon_loses_one_durability; reports/card_quality_full_2026-09-27/three_set_probe.csv#CFM_655::last_durability_breaks_weapon; per-card: reports/card_quality_full_2026-09-27/three_set_probe.csv#CFM_655::enemy_weapon_loses_one_durability; reports/card_quality_full_2026-09-27/three_set_probe.csv#CFM_655::last_durability_breaks_weapon,聚合状态取该卡最差机制；普通烟测只证明可执行，不能单独构成 GREEN。 EN: Battlecry: Remove 1 Durability from your opponent's weapon.; ZH: 战吼：使对手的武器失去1点耐久度。; source=fireplace/cards/gangs/neutral_common.py:80; existing_test_refs=; prior_audit=YELLOW:1 个机制缺少充分的核心效果验证；逐机制依据见 card_mechanism.csv。,Battlecry: Remove 1 Durability from your opponent's weapon.,战吼：使对手的武器失去1点耐久度。,fireplace/cards/gangs/neutral_common.py:80
17.6.0.53261,Mean Streets of Gadgetzan (GANGS),CFM_656,Streetwise Investigator,街头调查员,Battlecry,GREEN,implemented,yes,"逐卡实战断言均通过：enemy_stealth_removed_only=before=(1, [1, 1]);after=(1, [False, False]);card=PLAY",card_mechanism.csv#CFM_656; generic-play-smoke:played; effect-evidence: reports/card_quality_full_2026-09-27/three_set_probe.csv#CFM_656::enemy_stealth_removed_only; per-card: reports/card_quality_full_2026-09-27/three_set_probe.csv#CFM_656::enemy_stealth_removed_only,聚合状态取该卡最差机制；普通烟测只证明可执行，不能单独构成 GREEN。 EN: Battlecry: Enemy minions lose Stealth.; ZH: 战吼：使所有敌方随从失去潜行。; source=fireplace/cards/gangs/neutral_common.py:86; existing_test_refs=; prior_audit=YELLOW:1 个机制缺少充分的核心效果验证；逐机制依据见 card_mechanism.csv。,Battlecry: Enemy minions lose Stealth.,战吼：使所有敌方随从失去潜行。,fireplace/cards/gangs/neutral_common.py:86
17.6.0.53261,Mean Streets of Gadgetzan (GANGS),CFM_657,Kabal Songstealer,暗金教窃歌者,Battlecry|Silence|Targeting,GREEN,implemented,yes,"逐卡实战断言均通过：silence_targeted_minion=before=(1, 1);after=(False, 1);card=PLAY; silence_friendly_target=legal=True;taunt=False;controller=Player1",card_mechanism.csv#CFM_657; generic-play-smoke:played; effect-evidence: reports/card_quality_full_2026-09-27/three_set_probe.csv#CFM_657::silence_targeted_minion; reports/card_quality_full_2026-09-27/three_set_probe.csv#CFM_657::silence_friendly_target; per-card: reports/card_quality_full_2026-09-27/three_set_probe.csv#CFM_657::silence_targeted_minion; reports/card_quality_full_2026-09-27/three_set_probe.csv#CFM_657::silence_friendly_target,聚合状态取该卡最差机制；普通烟测只证明可执行，不能单独构成 GREEN。 EN: [x]Battlecry: Silence a minion.; ZH: 战吼： 沉默一个随从。; source=fireplace/cards/gangs/priest.py:47; existing_test_refs=; prior_audit=YELLOW:3 个机制缺少充分的核心效果验证；逐机制依据见 card_mechanism.csv。,[x]Battlecry: Silence a minion.,战吼： 沉默一个随从。,fireplace/cards/gangs/priest.py:47
17.6.0.53261,Mean Streets of Gadgetzan (GANGS),CFM_658,Backroom Bouncer,后院保镖,Trigger,GREEN,implemented,yes,"逐卡实战断言均通过：friendly_death_grants_one_attack=attack=(4, 4, 6);card=PLAY",card_mechanism.csv#CFM_658; generic-play-smoke:played; effect-evidence: reports/card_quality_full_2026-09-27/three_set_probe.csv#CFM_658::friendly_death_grants_one_attack; per-card: reports/card_quality_full_2026-09-27/three_set_probe.csv#CFM_658::friendly_death_grants_one_attack,"聚合状态取该卡最差机制；普通烟测只证明可执行，不能单独构成 GREEN。 EN: Whenever a friendly minion dies, gain +1 Attack.; ZH: 每当一个友方随从死亡，便获得+1 攻击力。; source=fireplace/cards/gangs/neutral_rare.py:50; existing_test_refs=; prior_audit=YELLOW:1 个机制缺少充分的核心效果验证；逐机制依据见 card_mechanism.csv。","Whenever a friendly minion dies, gain +1 Attack.",每当一个友方随从死亡，便获得+1 攻击力。,fireplace/cards/gangs/neutral_rare.py:50
17.6.0.53261,Mean Streets of Gadgetzan (GANGS),CFM_659,Gadgetzan Socialite,加基森名媛,Battlecry|Targeting,GREEN,implemented,yes,"逐卡实战断言均通过：heal_chosen_character_two=heroes=(27, 25);card=PLAY; heal_enemy_hero_two=legal=True;heroes=(25, 27)",card_mechanism.csv#CFM_659; generic-play-smoke:played; effect-evidence: reports/card_quality_full_2026-09-27/three_set_probe.csv#CFM_659::heal_chosen_character_two; reports/card_quality_full_2026-09-27/three_set_probe.csv#CFM_659::heal_enemy_hero_two; per-card: reports/card_quality_full_2026-09-27/three_set_probe.csv#CFM_659::heal_chosen_character_two; reports/card_quality_full_2026-09-27/three_set_probe.csv#CFM_659::heal_enemy_hero_two,聚合状态取该卡最差机制；普通烟测只证明可执行，不能单独构成 GREEN。 EN: Battlecry: Restore #2 Health.; ZH: 战吼： 恢复#2点生命值。; source=fireplace/cards/gangs/neutral_common.py:92; existing_test_refs=; prior_audit=YELLOW:2 个机制缺少充分的核心效果验证；逐机制依据见 card_mechanism.csv。,Battlecry: Restore #2 Health.,战吼： 恢复#2点生命值。,fireplace/cards/gangs/neutral_common.py:92
17.6.0.53261,Mean Streets of Gadgetzan (GANGS),CFM_660,Manic Soulcaster,狂热铸魂者,Battlecry|Targeting,GREEN,implemented,yes,"逐卡实战断言均通过：shuffle_copy_of_friendly_target=target=('CS2_182', 'PLAY');deck=[('CS2_182', 'DECK')]",card_mechanism.csv#CFM_660; generic-play-smoke:played; effect-evidence: reports/card_quality_full_2026-09-27/three_set_probe.csv#CFM_660::shuffle_copy_of_friendly_target; per-card: reports/card_quality_full_2026-09-27/three_set_probe.csv#CFM_660::shuffle_copy_of_friendly_target,聚合状态取该卡最差机制；普通烟测只证明可执行，不能单独构成 GREEN。 EN: Battlecry: Choose a friendly minion. Shuffle a copy into your deck.; ZH: 战吼：选择一个友方随从，将它的一张复制洗入你的牌库。; source=fireplace/cards/gangs/mage.py:14; existing_test_refs=; prior_audit=YELLOW:2 个机制缺少充分的核心效果验证；逐机制依据见 card_mechanism.csv。,Battlecry: Choose a friendly minion. Shuffle a copy into your deck.,战吼：选择一个友方随从，将它的一张复制洗入你的牌库。,fireplace/cards/gangs/mage.py:14
17.6.0.53261,Mean Streets of Gadgetzan (GANGS),CFM_661,Pint-Size Potion,缩小药水,Spell resolution,GREEN,implemented,yes,"逐卡实战断言均通过：enemy_minions_only_and_expires=before=(4, 4);during=(4, 1);next_turn=(4, 4);spell=GRAVEYARD",card_mechanism.csv#CFM_661; generic-play-smoke:played; effect-evidence: reports/card_quality_full_2026-09-27/three_set_probe.csv#CFM_661::enemy_minions_only_and_expires; per-card: reports/card_quality_full_2026-09-27/three_set_probe.csv#CFM_661::enemy_minions_only_and_expires,聚合状态取该卡最差机制；普通烟测只证明可执行，不能单独构成 GREEN。 EN: [x]Give all enemy minions -3 Attack this turn only.; ZH: 在本回合中，使所有敌方随从获得-3攻击力。; source=fireplace/cards/gangs/priest.py:90; existing_test_refs=; prior_audit=YELLOW:1 个机制缺少充分的核心效果验证；逐机制依据见 card_mechanism.csv。,[x]Give all enemy minions -3 Attack this turn only.,在本回合中，使所有敌方随从获得-3攻击力。,fireplace/cards/gangs/priest.py:90
17.6.0.53261,Mean Streets of Gadgetzan (GANGS),CFM_662,Dragonfire Potion,龙息药水,Spell resolution,GREEN,implemented,yes,"逐卡实战断言均通过：all_non_dragon_minions_hit=friendly=GRAVEYARD;enemy=GRAVEYARD;dragon=('EX1_284', 'PLAY', 4);heroes=(30, 30)",card_mechanism.csv#CFM_662; generic-play-smoke:played; effect-evidence: reports/card_quality_full_2026-09-27/three_set_probe.csv#CFM_662::all_non_dragon_minions_hit; per-card: reports/card_quality_full_2026-09-27/three_set_probe.csv#CFM_662::all_non_dragon_minions_hit,聚合状态取该卡最差机制；普通烟测只证明可执行，不能单独构成 GREEN。 EN: [x]Deal $5 damage to all minions except Dragons.; ZH: 对除了龙之外的所有随从造成$5点伤害。; source=fireplace/cards/gangs/priest.py:99; existing_test_refs=; prior_audit=YELLOW:1 个机制缺少充分的核心效果验证；逐机制依据见 card_mechanism.csv。,[x]Deal $5 damage to all minions except Dragons.,对除了龙之外的所有随从造成$5点伤害。,fireplace/cards/gangs/priest.py:99
17.6.0.53261,Mean Streets of Gadgetzan (GANGS),CFM_663,Kabal Trafficker,暗金教恶魔商贩,Random effects|Trigger,GREEN,implemented,yes,"逐卡实战断言均通过：turn_end_adds_random_demon=hand=[('YOD_027', (<Race.DEMON: 15>,), 'HAND')];after_opponent_turn=1;card=PLAY; random_demon_pool_varies=generated=['YOD_027', 'ICC_075', 'BT_728', 'DRG_402', 'EX1_319', 'AT_021', 'ICC_218', 'BT_407', 'BT_301', 'BT_493', 'EX1_614', 'BT_121'];distinct=12",card_mechanism.csv#CFM_663; generic-play-smoke:played; effect-evidence: reports/card_quality_full_2026-09-27/three_set_probe.csv#CFM_663::turn_end_adds_random_demon; reports/card_quality_full_2026-09-27/three_set_probe.csv#CFM_663::random_demon_pool_varies; per-card: reports/card_quality_full_2026-09-27/three_set_probe.csv#CFM_663::turn_end_adds_random_demon; reports/card_quality_full_2026-09-27/three_set_probe.csv#CFM_663::random_demon_pool_varies,"聚合状态取该卡最差机制；普通烟测只证明可执行，不能单独构成 GREEN。 EN: [x]At the end of your turn, add a random Demon to your hand.; ZH: 在你的回合结束时，随机将一张恶魔牌置入你的手牌。; source=fireplace/cards/gangs/warlock.py:17; existing_test_refs=; prior_audit=YELLOW:2 个机制缺少充分的核心效果验证；逐机制依据见 card_mechanism.csv。","[x]At the end of your turn, add a random Demon to your hand.",在你的回合结束时，随机将一张恶魔牌置入你的手牌。,fireplace/cards/gangs/warlock.py:17
17.6.0.53261,Mean Streets of Gadgetzan (GANGS),CFM_666,Grook Fu Master,功夫大师,Windfury,GREEN,implemented,yes,"逐卡实战断言均通过：windfury_keyword=first=(27, 1);second=(24, 2);card=PLAY",card_mechanism.csv#CFM_666; generic-play-smoke:played; effect-evidence: reports/card_quality_full_2026-09-27/three_set_probe.csv#CFM_666::windfury_keyword; per-card: reports/card_quality_full_2026-09-27/three_set_probe.csv#CFM_666::windfury_keyword,聚合状态取该卡最差机制；普通烟测只证明可执行，不能单独构成 GREEN。 EN: Windfury; ZH: 风怒; source=; existing_test_refs=; prior_audit=YELLOW:1 个机制缺少充分的核心效果验证；逐机制依据见 card_mechanism.csv。,Windfury,风怒,
17.6.0.53261,Mean Streets of Gadgetzan (GANGS),CFM_667,Bomb Squad,爆破小队,Battlecry|Deathrattle|Targeting,GREEN,implemented,yes,"逐卡实战断言均通过：battlecry_enemy_minion_and_own_deathrattle=after_play=('GRAVEYARD', (30, 30));after_death=(25, 30, 'GRAVEYARD'); no_enemy_target_still_has_deathrattle=before=(30, 30);after=(25, 30);card=GRAVEYARD",card_mechanism.csv#CFM_667; generic-play-smoke:played; effect-evidence: reports/card_quality_full_2026-09-27/three_set_probe.csv#CFM_667::battlecry_enemy_minion_and_own_deathrattle; reports/card_quality_full_2026-09-27/three_set_probe.csv#CFM_667::no_enemy_target_still_has_deathrattle; per-card: reports/card_quality_full_2026-09-27/three_set_probe.csv#CFM_667::battlecry_enemy_minion_and_own_deathrattle; reports/card_quality_full_2026-09-27/three_set_probe.csv#CFM_667::no_enemy_target_still_has_deathrattle,聚合状态取该卡最差机制；普通烟测只证明可执行，不能单独构成 GREEN。 EN: [x]Battlecry: Deal 5 damage to an enemy minion. Deathrattle: Deal 5 damage to your hero.; ZH: 战吼：对一个敌方随从造成5点伤害。 亡语：对你的英雄造成5点伤害。; source=fireplace/cards/gangs/neutral_rare.py:59; existing_test_refs=; prior_audit=YELLOW:3 个机制缺少充分的核心效果验证；逐机制依据见 card_mechanism.csv。,[x]Battlecry: Deal 5 damage to an enemy minion. Deathrattle: Deal 5 damage to your hero.,战吼：对一个敌方随从造成5点伤害。 亡语：对你的英雄造成5点伤害。,fireplace/cards/gangs/neutral_rare.py:59
17.6.0.53261,Mean Streets of Gadgetzan (GANGS),CFM_668,Doppelgangster,魅影歹徒,Battlecry|Summon,GREEN,implemented,yes,"逐卡实战断言均通过：battlecry_summons_two_copies=field=[('CFM_668', 2, 2, 'PLAY'), ('CFM_668', 2, 2, 'PLAY'), ('CFM_668', 2, 2, 'PLAY')]; full_board_limits_copies=field=['CS2_231', 'CS2_231', 'CS2_231', 'CS2_231', 'CS2_231', 'CFM_668', 'CFM_668']; copies_keep_hand_buff=buffed=(3, 3);copies=[(3, 3), (3, 3), (3, 3)]",card_mechanism.csv#CFM_668; generic-play-smoke:played; effect-evidence: reports/card_quality_full_2026-09-27/three_set_probe.csv#CFM_668::battlecry_summons_two_copies; reports/card_quality_full_2026-09-27/three_set_probe.csv#CFM_668::full_board_limits_copies; reports/card_quality_full_2026-09-27/three_set_probe.csv#CFM_668::copies_keep_hand_buff; per-card: reports/card_quality_full_2026-09-27/three_set_probe.csv#CFM_668::battlecry_summons_two_copies; reports/card_quality_full_2026-09-27/three_set_probe.csv#CFM_668::full_board_limits_copies; reports/card_quality_full_2026-09-27/three_set_probe.csv#CFM_668::copies_keep_hand_buff,聚合状态取该卡最差机制；普通烟测只证明可执行，不能单独构成 GREEN。 EN: Battlecry: Summon 2 copies of this minion.; ZH: 战吼：召唤该随从的两个复制。; source=fireplace/cards/gangs/neutral_rare.py:71; existing_test_refs=tests/test_gangs.py:288:test_doppelgangster | tests/test_gangs.py:294:test_doppelgangster | tests/test_gangs.py:295:test_doppelgangster | tests/test_gangs.py:296:test_doppelgangster | tests/test_misc.py:154:test_doppelgangster_and_shudderwock; prior_audit=YELLOW:2 个机制缺少充分的核心效果验证；逐机制依据见 card_mechanism.csv。,Battlecry: Summon 2 copies of this minion.,战吼：召唤该随从的两个复制。,fireplace/cards/gangs/neutral_rare.py:71
17.6.0.53261,Mean Streets of Gadgetzan (GANGS),CFM_669,Burgly Bully,穴居人强盗,Trigger,GREEN,implemented,yes,"逐卡实战断言均通过：opponent_spell_gives_one_coin=coins=(0, 1);hand=['GAME_005']",card_mechanism.csv#CFM_669; generic-play-smoke:played; effect-evidence: reports/card_quality_full_2026-09-27/three_set_probe.csv#CFM_669::opponent_spell_gives_one_coin; per-card: reports/card_quality_full_2026-09-27/three_set_probe.csv#CFM_669::opponent_spell_gives_one_coin,"聚合状态取该卡最差机制；普通烟测只证明可执行，不能单独构成 GREEN。 EN: Whenever your opponent casts a spell, add a Coin to your hand.; ZH: 每当你的对手施放一个法术，将一个幸运币置入你的手牌。; source=fireplace/cards/gangs/neutral_epic.py:42; existing_test_refs=; prior_audit=YELLOW:1 个机制缺少充分的核心效果验证；逐机制依据见 card_mechanism.csv。","Whenever your opponent casts a spell, add a Coin to your hand.",每当你的对手施放一个法术，将一个幸运币置入你的手牌。,fireplace/cards/gangs/neutral_epic.py:42
17.6.0.53261,Mean Streets of Gadgetzan (GANGS),CFM_670,Mayor Noggenfogger,诺格弗格市长,Continuous effect / Update|Trigger,GREEN,implemented,yes,逐卡实测：诺格弗格市长在场使双方随机目标标志生效；多个固定随机种子中英雄攻击可被改向敌方随从；市长死亡后双方标志恢复；此前法术与英雄技能随机改向探针均通过。,tests/test_gangs_red_root_fixes.py::test_mayor_noggenfogger_random_target_aura_and_hero_attack,原始结论保留于known_issues_archive_2026-09-29/。 修复前攻击监听只匹配随从攻击而漏掉英雄攻击；旧探针证据还见 gangs_probe_b.py 中 CFM_670 四分支。,All targets are chosen randomly.,所有角色都会随机选择目标。,fireplace/cards/gangs/neutral_legendary.py:125
17.6.0.53261,Mean Streets of Gadgetzan (GANGS),CFM_671,Cryomancer,凛风巫师,Battlecry,GREEN,implemented,yes,逐卡实测：敌方无人冻结时凛风巫师为5/5；先冻结敌方随从再打出则本体为7/7。,tests/test_gangs_red_root_fixes.py::test_cryomancer_only_gains_stats_if_enemy_character_is_frozen,原始结论保留于known_issues_archive_2026-09-29/。 修复前把+2/+2错误施加给玩家实体。,"Battlecry: If an enemy is Frozen, gain +2/+2.",战吼：如果有敌人被冻结，便获得+2/+2。,fireplace/cards/gangs/mage.py:25
17.6.0.53261,Mean Streets of Gadgetzan (GANGS),CFM_672,Madam Goya,郭雅夫人,Battlecry|Targeting,GREEN,implemented,yes,"逐卡实战断言均通过：swap_target_with_deck_minion=target=DECK;drawn=PLAY;field=['CS2_182', 'CFM_672'];deck=['CS2_231']",card_mechanism.csv#CFM_672; generic-play-smoke:played; effect-evidence: reports/card_quality_full_2026-09-27/three_set_probe.csv#CFM_672::swap_target_with_deck_minion; per-card: reports/card_quality_full_2026-09-27/three_set_probe.csv#CFM_672::swap_target_with_deck_minion,聚合状态取该卡最差机制；普通烟测只证明可执行，不能单独构成 GREEN。 EN: Battlecry: Choose a friendly minion. Swap it with a minion in your deck.; ZH: 战吼：选择一个友方随从，与你牌库中的一个随从交换。; source=fireplace/cards/gangs/neutral_legendary.py:138; existing_test_refs=tests/test_gangs.py:358:test_madam_goya; prior_audit=YELLOW:2 个机制缺少充分的核心效果验证；逐机制依据见 card_mechanism.csv。,Battlecry: Choose a friendly minion. Swap it with a minion in your deck.,战吼：选择一个友方随从，与你牌库中的一个随从交换。,fireplace/cards/gangs/neutral_legendary.py:138
17.6.0.53261,Mean Streets of Gadgetzan (GANGS),CFM_685,Don Han'Cho,唐·汉古,Battlecry|Random effects,GREEN,implemented,yes,"逐卡实战断言均通过：one_random_hand_minion_five_five=before=[(1, 1), (1, 1)];after=[(1, 1), (6, 6)];spell_cost=(4, 4)",card_mechanism.csv#CFM_685; generic-play-smoke:played; effect-evidence: reports/card_quality_full_2026-09-27/three_set_probe.csv#CFM_685::one_random_hand_minion_five_five; per-card: reports/card_quality_full_2026-09-27/three_set_probe.csv#CFM_685::one_random_hand_minion_five_five,聚合状态取该卡最差机制；普通烟测只证明可执行，不能单独构成 GREEN。 EN: Battlecry: Give a random minion in your hand +5/+5.; ZH: 战吼：随机使你手牌中的一张随从牌获得+5/+5。; source=fireplace/cards/gangs/neutral_legendary.py:150; existing_test_refs=; prior_audit=YELLOW:2 个机制缺少充分的核心效果验证；逐机制依据见 card_mechanism.csv。,Battlecry: Give a random minion in your hand +5/+5.,战吼：随机使你手牌中的一张随从牌获得+5/+5。,fireplace/cards/gangs/neutral_legendary.py:150
17.6.0.53261,Mean Streets of Gadgetzan (GANGS),CFM_687,Inkmaster Solia,墨水大师索莉娅,Battlecry,GREEN,implemented,yes,"逐卡对局断言通过：CFM_687_live_01=unique_deck=['CS2_231', 'CS2_182'];solia=PLAY;first_spell_cost=0;cast=GRAVEYARD;aura_ended=True;next_spell_cost=2;duplicate_branch=(True, 4)",card_mechanism.csv#CFM_687; generic-play-smoke:played; effect-evidence: reports/card_quality_full_2026-09-27/three_set_probe.csv#CFM_687::CFM_687_live_01; per-card: reports/card_quality_full_2026-09-27/three_set_probe.csv#CFM_687::CFM_687_live_01,"聚合状态取该卡最差机制；普通烟测只证明可执行，不能单独构成 GREEN。 EN=[x]Battlecry: If your deck has no duplicates, the next spell you cast this turn costs (0).; ZH=战吼：在本回合中，如果你的牌库里没有相同的牌，你所施放的下一个法术的法力值消耗为（0）点。; source=fireplace/cards/gangs/mage.py:34; existing_tests=无候选既有测试引用; prior_card_audit=1 个机制缺少充分的核心效果验证；逐机制依据见 card_mechanism.csv。; prior_mechanism_audit=存在定义或元数据候选；当前没有可复查的该机制核心效果断言。; prior_cross_card_issues=无; live_cases=CFM_687_live_01","[x]Battlecry: If your deck has no duplicates, the next spell you cast this turn costs (0).",战吼：在本回合中，如果你的牌库里没有相同的牌，你所施放的下一个法术的法力值消耗为（0）点。,fireplace/cards/gangs/mage.py:34
17.6.0.53261,Mean Streets of Gadgetzan (GANGS),CFM_688,Spiked Hogrider,野猪骑士斯派克,Battlecry,GREEN,implemented,yes,"逐卡对局断言通过：CFM_688_live_01=without_enemy_taunt=(False, True);enemy_taunt=(1, True, True, 'GRAVEYARD', 'PLAY', 4)",card_mechanism.csv#CFM_688; generic-play-smoke:played; effect-evidence: reports/card_quality_full_2026-09-27/three_set_probe.csv#CFM_688::CFM_688_live_01; per-card: reports/card_quality_full_2026-09-27/three_set_probe.csv#CFM_688::CFM_688_live_01,"聚合状态取该卡最差机制；普通烟测只证明可执行，不能单独构成 GREEN。 EN=Battlecry: If an enemy minion has Taunt, gain Charge.; ZH=战吼：如果一个敌方随从具有嘲讽，便获得冲锋。; source=fireplace/cards/gangs/neutral_rare.py:88; existing_tests=无候选既有测试引用; prior_card_audit=1 个机制缺少充分的核心效果验证；逐机制依据见 card_mechanism.csv。; prior_mechanism_audit=存在定义或元数据候选；当前没有可复查的该机制核心效果断言。; prior_cross_card_issues=无; live_cases=CFM_688_live_01","Battlecry: If an enemy minion has Taunt, gain Charge.",战吼：如果一个敌方随从具有嘲讽，便获得冲锋。,fireplace/cards/gangs/neutral_rare.py:88
17.6.0.53261,Mean Streets of Gadgetzan (GANGS),CFM_690,Jade Shuriken,青玉飞镖,Combo|Spell resolution|Summon|Targeting,GREEN,implemented,yes,"逐卡对局断言通过：CFM_690_live_01=base_jade=1;without_combo=(28, 1, 0, 'GRAVEYARD');combo=(1, 1, 'GRAVEYARD', 2, [('CFM_712_t01', 1, 1, 'PLAY')], 'GRAVEYARD')",card_mechanism.csv#CFM_690; generic-play-smoke:played; effect-evidence: reports/card_quality_full_2026-09-27/three_set_probe.csv#CFM_690::CFM_690_live_01; per-card: reports/card_quality_full_2026-09-27/three_set_probe.csv#CFM_690::CFM_690_live_01,聚合状态取该卡最差机制；普通烟测只证明可执行，不能单独构成 GREEN。 EN=Deal $2 damage. Combo: Summon a{1} {0} Jade Golem.@Deal $2 damage. Combo: Summon a Jade Golem.; ZH=造成$2点伤害。 连击：召唤一个{0}的青玉魔像。@造成$2点伤害。 连击：召唤一个青玉魔像。; source=fireplace/cards/gangs/rogue.py:75; existing_tests=tests/test_gangs.py:200:test_jade_shuriken | tests/test_gangs.py:201:test_jade_shuriken | tests/test_gangs.py:202:test_jade_shuriken; prior_card_audit=4 个机制缺少充分的核心效果验证；逐机制依据见 card_mechanism.csv。; prior_mechanism_audit=存在定义或元数据候选；当前没有可复查的该机制核心效果断言。 / 缺目标与非法自身目标均在付费/移区前被拒绝；合法目标效果仍需逐卡验证。; prior_cross_card_issues=无; live_cases=CFM_690_live_01,Deal $2 damage. Combo: Summon a{1} {0} Jade Golem.@Deal $2 damage. Combo: Summon a Jade Golem.,造成$2点伤害。 连击：召唤一个{0}的青玉魔像。@造成$2点伤害。 连击：召唤一个青玉魔像。,fireplace/cards/gangs/rogue.py:75
17.6.0.53261,Mean Streets of Gadgetzan (GANGS),CFM_691,Jade Swarmer,青玉游荡者,Deathrattle|Stealth|Summon,GREEN,implemented,yes,"逐卡对局断言通过：CFM_691_live_01=start_jade=1;stealth=1;before_death=('PLAY', 1, 1);after_death=('GRAVEYARD', 2, [('CFM_712_t01', 1, 1, 'PLAY')])",card_mechanism.csv#CFM_691; generic-play-smoke:played; effect-evidence: reports/card_quality_full_2026-09-27/three_set_probe.csv#CFM_691::CFM_691_live_01; per-card: reports/card_quality_full_2026-09-27/three_set_probe.csv#CFM_691::CFM_691_live_01,聚合状态取该卡最差机制；普通烟测只证明可执行，不能单独构成 GREEN。 EN=Stealth Deathrattle: Summon a{1} {0} Jade Golem.@Stealth Deathrattle: Summon a Jade Golem.; ZH=潜行，亡语：召唤一个{0}的青玉魔像。@潜行，亡语：召唤一个青玉魔像。; source=fireplace/cards/gangs/rogue.py:26; existing_tests=tests/test_gangs.py:251:test_jade_swarmer; prior_card_audit=2 个机制缺少充分的核心效果验证；逐机制依据见 card_mechanism.csv。; prior_mechanism_audit=存在定义或元数据候选；当前没有可复查的该机制核心效果断言。 / 现有行为断言验证核心亡语结果；本轮测试通过，且实际死亡结算已核对。; prior_cross_card_issues=无; live_cases=CFM_691_live_01,Stealth Deathrattle: Summon a{1} {0} Jade Golem.@Stealth Deathrattle: Summon a Jade Golem.,潜行，亡语：召唤一个{0}的青玉魔像。@潜行，亡语：召唤一个青玉魔像。,fireplace/cards/gangs/rogue.py:26
17.6.0.53261,Mean Streets of Gadgetzan (GANGS),CFM_693,Gadgetzan Ferryman,加基森摆渡人,Combo|Targeting,GREEN,implemented,yes,逐卡实测：无连击时加基森摆渡人不会回手随从；先打出硬币触发连击后可指定友方随从并使其回到手牌，摆渡人留在战场。,tests/test_gangs_red_root_fixes.py::test_gadgetzan_ferryman_bounces_only_when_combo_is_active,原始结论保留于known_issues_archive_2026-09-29/。 修复前回手写在play动作，连击触发时引擎只执行combo动作而导致无效。,Combo: Return a friendly minion to your hand.,连击：将一个友方随从移回你的手牌。,fireplace/cards/gangs/rogue.py:32
17.6.0.53261,Mean Streets of Gadgetzan (GANGS),CFM_694,Shadow Sensei,暗影大师,Battlecry|Targeting,GREEN,implemented,yes,"逐卡对局断言通过：CFM_694_live_01=own_stealth=1;enemy_stealth=1;legal=['EX1_010'];ordinary_legal=False;before=(2, 1);after=(4, 3, 3, 1)",card_mechanism.csv#CFM_694; generic-play-smoke:played; effect-evidence: reports/card_quality_full_2026-09-27/three_set_probe.csv#CFM_694::CFM_694_live_01; per-card: reports/card_quality_full_2026-09-27/three_set_probe.csv#CFM_694::CFM_694_live_01,聚合状态取该卡最差机制；普通烟测只证明可执行，不能单独构成 GREEN。 EN=Battlecry: Give a Stealthed minion +2/+2.; ZH=战吼：使一个潜行的随从获得+2/+2。; source=fireplace/cards/gangs/rogue.py:43; existing_tests=无候选既有测试引用; prior_card_audit=2 个机制缺少充分的核心效果验证；逐机制依据见 card_mechanism.csv。; prior_mechanism_audit=存在定义或元数据候选；当前没有可复查的该机制核心效果断言。; prior_cross_card_issues=无; live_cases=CFM_694_live_01,Battlecry: Give a Stealthed minion +2/+2.,战吼：使一个潜行的随从获得+2/+2。,fireplace/cards/gangs/rogue.py:43
17.6.0.53261,Mean Streets of Gadgetzan (GANGS),CFM_696,Devolve,衰变,Cost modification|Random effects|Spell resolution|Transform,GREEN,implemented,yes,"逐卡对局断言通过：CFM_696_live_01=originals=[('CS2_182', 4, 'PLAY'), ('CS2_182', 4, 'PLAY'), ('EX1_012', 2, 'PLAY')];replacements=[('UNG_844', 3, 'PLAY'), ('BT_142', 1, 'PLAY')];friendly=('CS2_182', 4, 'PLAY');spell=GRAVEYARD",card_mechanism.csv#CFM_696; generic-play-smoke:played; effect-evidence: reports/card_quality_full_2026-09-27/three_set_probe.csv#CFM_696::CFM_696_live_01; per-card: reports/card_quality_full_2026-09-27/three_set_probe.csv#CFM_696::CFM_696_live_01,聚合状态取该卡最差机制；普通烟测只证明可执行，不能单独构成 GREEN。 EN=Transform all enemy minions into random ones that cost (1) less.; ZH=随机将所有 敌方随从变形成为法力值消耗减少（1）点的随从。; source=fireplace/cards/gangs/shaman.py:50; existing_tests=无候选既有测试引用; prior_card_audit=4 个机制缺少充分的核心效果验证；逐机制依据见 card_mechanism.csv。; prior_mechanism_audit=存在定义或元数据候选；当前没有可复查的该机制核心效果断言。; prior_cross_card_issues=无; live_cases=CFM_696_live_01,Transform all enemy minions into random ones that cost (1) less.,随机将所有 敌方随从变形成为法力值消耗减少（1）点的随从。,fireplace/cards/gangs/shaman.py:50
17.6.0.53261,Mean Streets of Gadgetzan (GANGS),CFM_697,Lotus Illusionist,玉莲帮幻术师,Random effects|Transform|Trigger,GREEN,implemented,yes,"逐卡对局断言通过：CFM_697_live_01=after_minion_attack=('CFM_697', 'PLAY', 'GRAVEYARD');after_hero_attack=('SETASIDE', 27, [('AT_128', 6, 'PLAY')]);new_entities=[('AT_128', 6)]",card_mechanism.csv#CFM_697; generic-play-smoke:played; effect-evidence: reports/card_quality_full_2026-09-27/three_set_probe.csv#CFM_697::CFM_697_live_01; per-card: reports/card_quality_full_2026-09-27/three_set_probe.csv#CFM_697::CFM_697_live_01,"聚合状态取该卡最差机制；普通烟测只证明可执行，不能单独构成 GREEN。 EN=[x]After this minion attacks a hero, transform it into a  random 6-Cost minion.; ZH=在该随从攻击一方英雄后，随机将其变形成为一个法力值消耗为（6）的随从。; source=fireplace/cards/gangs/shaman.py:27; existing_tests=无候选既有测试引用; prior_card_audit=3 个机制缺少充分的核心效果验证；逐机制依据见 card_mechanism.csv。; prior_mechanism_audit=存在定义或元数据候选；当前没有可复查的该机制核心效果断言。; prior_cross_card_issues=无; live_cases=CFM_697_live_01","[x]After this minion attacks a hero, transform it into a  random 6-Cost minion.",在该随从攻击一方英雄后，随机将其变形成为一个法力值消耗为（6）的随从。,fireplace/cards/gangs/shaman.py:27
17.6.0.53261,Mean Streets of Gadgetzan (GANGS),CFM_699,Seadevil Stinger,海魔钉刺者,Battlecry,GREEN,implemented,yes,"逐卡对局断言通过：CFM_699_live_01=hero_before=30;mana_before_murloc=6;first_cost=2;after_first=(28, 6, 'PLAY', 'PLAY');second_cost=2;after_second=(28, 4, 'PLAY')",card_mechanism.csv#CFM_699; generic-play-smoke:played; effect-evidence: reports/card_quality_full_2026-09-27/three_set_probe.csv#CFM_699::CFM_699_live_01; per-card: reports/card_quality_full_2026-09-27/three_set_probe.csv#CFM_699::CFM_699_live_01,聚合状态取该卡最差机制；普通烟测只证明可执行，不能单独构成 GREEN。 EN=[x]Battlecry: The next Murloc you play this turn costs  Health instead of Mana.; ZH=战吼：在本回合中，你召唤的下一个鱼人不再消耗法力值，转而消耗生命值。; source=fireplace/cards/gangs/warlock.py:23; existing_tests=tests/test_gangs.py:301:test_seadevil_stinger; prior_card_audit=1 个机制缺少充分的核心效果验证；逐机制依据见 card_mechanism.csv。; prior_mechanism_audit=存在定义或元数据候选；当前没有可复查的该机制核心效果断言。; prior_cross_card_issues=无; live_cases=CFM_699_live_01,[x]Battlecry: The next Murloc you play this turn costs  Health instead of Mana.,战吼：在本回合中，你召唤的下一个鱼人不再消耗法力值，转而消耗生命值。,fireplace/cards/gangs/warlock.py:23
17.6.0.53261,Mean Streets of Gadgetzan (GANGS),CFM_707,Jade Lightning,青玉闪电,Spell resolution|Summon|Targeting,GREEN,implemented,yes,"逐卡对局断言通过：CFM_707_live_01=targeted=(1, 4, 'PLAY', 2, [('CFM_712_t01', 1, 1, 'PLAY')], 'GRAVEYARD');hero_target_no_minions=(26, 2, [('CFM_712_t01', 1, 1, 'PLAY')], 'GRAVEYARD')",card_mechanism.csv#CFM_707; generic-play-smoke:played; effect-evidence: reports/card_quality_full_2026-09-27/three_set_probe.csv#CFM_707::CFM_707_live_01; per-card: reports/card_quality_full_2026-09-27/three_set_probe.csv#CFM_707::CFM_707_live_01,聚合状态取该卡最差机制；普通烟测只证明可执行，不能单独构成 GREEN。 EN=Deal $4 damage. Summon a{1} {0} Jade Golem.@Deal $4 damage. Summon a Jade Golem.; ZH=造成$4点伤害，召唤一个{0}的青玉魔像。@造成$4点伤害，召唤一个青玉魔像。; source=fireplace/cards/gangs/shaman.py:57; existing_tests=tests/test_gangs.py:190:test_jade_lighting; prior_card_audit=3 个机制缺少充分的核心效果验证；逐机制依据见 card_mechanism.csv。; prior_mechanism_audit=存在定义或元数据候选；当前没有可复查的该机制核心效果断言。 / 缺目标与非法自身目标均在付费/移区前被拒绝；合法目标效果仍需逐卡验证。; prior_cross_card_issues=无; live_cases=CFM_707_live_01,Deal $4 damage. Summon a{1} {0} Jade Golem.@Deal $4 damage. Summon a Jade Golem.,造成$4点伤害，召唤一个{0}的青玉魔像。@造成$4点伤害，召唤一个青玉魔像。,fireplace/cards/gangs/shaman.py:57
17.6.0.53261,Mean Streets of Gadgetzan (GANGS),CFM_713,Jade Blossom,青玉绽放,Spell resolution|Summon,GREEN,implemented,yes,"逐卡对局断言通过：CFM_713_live_01=before=(3, 3, 1);after=(4, 0, 2, [('CFM_712_t01', 1, 1, 'PLAY')], 'GRAVEYARD')",card_mechanism.csv#CFM_713; generic-play-smoke:played; effect-evidence: reports/card_quality_full_2026-09-27/three_set_probe.csv#CFM_713::CFM_713_live_01; per-card: reports/card_quality_full_2026-09-27/three_set_probe.csv#CFM_713::CFM_713_live_01,聚合状态取该卡最差机制；普通烟测只证明可执行，不能单独构成 GREEN。 EN=Summon a{1} {0} Jade Golem. Gain an empty Mana Crystal.@Summon a Jade Golem. Gain an empty Mana Crystal.; ZH=召唤一个{0}的青玉魔像，获得一个空的法力水晶。@召唤一个青玉魔像，获得一个空的法力水晶。; source=fireplace/cards/gangs/druid.py:100; existing_tests=tests/test_gangs.py:115:test_jade_blossom; prior_card_audit=2 个机制缺少充分的核心效果验证；逐机制依据见 card_mechanism.csv。; prior_mechanism_audit=存在定义或元数据候选；当前没有可复查的该机制核心效果断言。; prior_cross_card_issues=无; live_cases=CFM_713_live_01,Summon a{1} {0} Jade Golem. Gain an empty Mana Crystal.@Summon a Jade Golem. Gain an empty Mana Crystal.,召唤一个{0}的青玉魔像，获得一个空的法力水晶。@召唤一个青玉魔像，获得一个空的法力水晶。,fireplace/cards/gangs/druid.py:100
17.6.0.53261,Mean Streets of Gadgetzan (GANGS),CFM_715,Jade Spirit,青玉之灵,Battlecry|Summon,GREEN,implemented,yes,"逐卡对局断言通过：CFM_715_live_01=start_jade=1;state=(2, 3, 'PLAY', 2, [('CFM_712_t01', 1, 1, 'PLAY')], 2)",card_mechanism.csv#CFM_715; generic-play-smoke:played; effect-evidence: reports/card_quality_full_2026-09-27/three_set_probe.csv#CFM_715::CFM_715_live_01; per-card: reports/card_quality_full_2026-09-27/three_set_probe.csv#CFM_715::CFM_715_live_01,聚合状态取该卡最差机制；普通烟测只证明可执行，不能单独构成 GREEN。 EN=Battlecry: Summon a{1} {0} Jade Golem.@Battlecry: Summon a Jade Golem.; ZH=战吼：召唤一个{0}的青玉魔像。@战吼：召唤一个 青玉魔像。; source=fireplace/cards/gangs/neutral_common.py:99; existing_tests=tests/test_gangs.py:232:test_jade_spirit | tests/test_gangs.py:237:test_jade_spirit; prior_card_audit=2 个机制缺少充分的核心效果验证；逐机制依据见 card_mechanism.csv。; prior_mechanism_audit=存在定义或元数据候选；当前没有可复查的该机制核心效果断言。; prior_cross_card_issues=无; live_cases=CFM_715_live_01,Battlecry: Summon a{1} {0} Jade Golem.@Battlecry: Summon a Jade Golem.,战吼：召唤一个{0}的青玉魔像。@战吼：召唤一个 青玉魔像。,fireplace/cards/gangs/neutral_common.py:99
17.6.0.53261,Mean Streets of Gadgetzan (GANGS),CFM_716,Sleep with the Fishes,鱼死网破,Spell resolution,GREEN,implemented,yes,"逐卡对局断言通过：CFM_716_live_01=state=(1, 4, 'PLAY', 5, 0, 'GRAVEYARD', 1, 0, 'PLAY', 'GRAVEYARD')",card_mechanism.csv#CFM_716; generic-play-smoke:played; effect-evidence: reports/card_quality_full_2026-09-27/three_set_probe.csv#CFM_716::CFM_716_live_01; per-card: reports/card_quality_full_2026-09-27/three_set_probe.csv#CFM_716::CFM_716_live_01,聚合状态取该卡最差机制；普通烟测只证明可执行，不能单独构成 GREEN。 EN=Deal $3 damage to all damaged minions.; ZH=对所有受伤的随从造成$3点 伤害。; source=fireplace/cards/gangs/warrior.py:45; existing_tests=无候选既有测试引用; prior_card_audit=1 个机制缺少充分的核心效果验证；逐机制依据见 card_mechanism.csv。; prior_mechanism_audit=存在定义或元数据候选；当前没有可复查的该机制核心效果断言。; prior_cross_card_issues=无; live_cases=CFM_716_live_01,Deal $3 damage to all damaged minions.,对所有受伤的随从造成$3点 伤害。,fireplace/cards/gangs/warrior.py:45
17.6.0.53261,Mean Streets of Gadgetzan (GANGS),CFM_717,Jade Claws,青玉之爪,Battlecry|Overload|Summon|Weapon,GREEN,implemented,yes,"逐卡对局断言通过：CFM_717_live_01=start_jade=1;current=('CFM_717', 2, 2, 0, 8, 2, [('CFM_712_t01', 1, 1, 'PLAY')], 'PLAY');next_turn=(10, 9, 1)",card_mechanism.csv#CFM_717; generic-play-smoke:played; effect-evidence: reports/card_quality_full_2026-09-27/three_set_probe.csv#CFM_717::CFM_717_live_01; per-card: reports/card_quality_full_2026-09-27/three_set_probe.csv#CFM_717::CFM_717_live_01,聚合状态取该卡最差机制；普通烟测只证明可执行，不能单独构成 GREEN。 EN=Battlecry: Summon a{1} {0} Jade Golem. Overload: (1)@Battlecry: Summon a Jade Golem. Overload: (1); ZH=战吼：召唤一个{0}的青玉魔像。 过载：（1）@战吼：召唤一个青玉魔像。 过载：（1）; source=fireplace/cards/gangs/shaman.py:68; existing_tests=tests/test_gangs.py:139:test_jade_claws | tests/test_gangs.py:146:test_jade_claws; prior_card_audit=3 个机制缺少充分的核心效果验证；逐机制依据见 card_mechanism.csv。; prior_mechanism_audit=出牌后欠费、下一己方回合锁费与可用法力均与卡牌 Overload 标签一致。 / 存在定义或元数据候选；当前没有可复查的该机制核心效果断言。; prior_cross_card_issues=无; live_cases=CFM_717_live_01,Battlecry: Summon a{1} {0} Jade Golem. Overload: (1)@Battlecry: Summon a Jade Golem. Overload: (1),战吼：召唤一个{0}的青玉魔像。 过载：（1）@战吼：召唤一个青玉魔像。 过载：（1）,fireplace/cards/gangs/shaman.py:68
17.6.0.53261,Mean Streets of Gadgetzan (GANGS),CFM_750,Krul the Unshackled,唤魔者克鲁尔,Battlecry|Summon,GREEN,implemented,yes,"逐卡对局断言通过：CFM_750_live_01=no_duplicate_deck=('PLAY', 'PLAY', 'HAND', 'PLAY', ['CFM_750', 'CS2_065', 'EX1_301'], ['CS2_231']);duplicate_deck=('HAND', 'HAND', 'PLAY', ['CFM_750'], ['CS2_065', 'EX1_301'])",card_mechanism.csv#CFM_750; generic-play-smoke:played; effect-evidence: reports/card_quality_full_2026-09-27/three_set_probe.csv#CFM_750::CFM_750_live_01; per-card: reports/card_quality_full_2026-09-27/three_set_probe.csv#CFM_750::CFM_750_live_01,"聚合状态取该卡最差机制；普通烟测只证明可执行，不能单独构成 GREEN。 EN=[x]Battlecry: If your deck has no duplicates, summon all  Demons from your hand.; ZH=战吼：如果你的牌库里没有相同的牌，则召唤你手牌中的所有 恶魔。; source=fireplace/cards/gangs/warlock.py:34; existing_tests=无候选既有测试引用; prior_card_audit=2 个机制缺少充分的核心效果验证；逐机制依据见 card_mechanism.csv。; prior_mechanism_audit=存在定义或元数据候选；当前没有可复查的该机制核心效果断言。; prior_cross_card_issues=无; live_cases=CFM_750_live_01","[x]Battlecry: If your deck has no duplicates, summon all  Demons from your hand.",战吼：如果你的牌库里没有相同的牌，则召唤你手牌中的所有 恶魔。,fireplace/cards/gangs/warlock.py:34
17.6.0.53261,Mean Streets of Gadgetzan (GANGS),CFM_751,Abyssal Enforcer,渊狱惩击者,Battlecry,GREEN,implemented,yes,"逐卡对局断言通过：CFM_751_live_01=state=(27, 27, 'GRAVEYARD', 'GRAVEYARD', 'PLAY', 6)",card_mechanism.csv#CFM_751; generic-play-smoke:played; effect-evidence: reports/card_quality_full_2026-09-27/three_set_probe.csv#CFM_751::CFM_751_live_01; per-card: reports/card_quality_full_2026-09-27/three_set_probe.csv#CFM_751::CFM_751_live_01,聚合状态取该卡最差机制；普通烟测只证明可执行，不能单独构成 GREEN。 EN=Battlecry: Deal 3 damage to all other characters.; ZH=战吼：对所有其他角色造成3点伤害。; source=fireplace/cards/gangs/warlock.py:41; existing_tests=无候选既有测试引用; prior_card_audit=1 个机制缺少充分的核心效果验证；逐机制依据见 card_mechanism.csv。; prior_mechanism_audit=存在定义或元数据候选；当前没有可复查的该机制核心效果断言。; prior_cross_card_issues=无; live_cases=CFM_751_live_01,Battlecry: Deal 3 damage to all other characters.,战吼：对所有其他角色造成3点伤害。,fireplace/cards/gangs/warlock.py:41
17.6.0.53261,Mean Streets of Gadgetzan (GANGS),CFM_752,Stolen Goods,失窃物资,Random effects|Spell resolution,GREEN,implemented,yes,"逐卡对局断言通过：CFM_752_live_01=before=(1, 3, 1, 1);buffed_branch=(4, 6, 1, 1, 'HAND', 'HAND', 'GRAVEYARD');no_taunt_branch=(1, 1, 'HAND', 'GRAVEYARD')",card_mechanism.csv#CFM_752; generic-play-smoke:played; effect-evidence: reports/card_quality_full_2026-09-27/three_set_probe.csv#CFM_752::CFM_752_live_01; per-card: reports/card_quality_full_2026-09-27/three_set_probe.csv#CFM_752::CFM_752_live_01,聚合状态取该卡最差机制；普通烟测只证明可执行，不能单独构成 GREEN。 EN=Give a random Taunt minion in your hand +3/+3.; ZH=随机使你手牌中的一张具有嘲讽的随从牌获得+3/+3。; source=fireplace/cards/gangs/warrior.py:51; existing_tests=无候选既有测试引用; prior_card_audit=2 个机制缺少充分的核心效果验证；逐机制依据见 card_mechanism.csv。; prior_mechanism_audit=存在定义或元数据候选；当前没有可复查的该机制核心效果断言。; prior_cross_card_issues=无; live_cases=CFM_752_live_01,Give a random Taunt minion in your hand +3/+3.,随机使你手牌中的一张具有嘲讽的随从牌获得+3/+3。,fireplace/cards/gangs/warrior.py:51
17.6.0.53261,Mean Streets of Gadgetzan (GANGS),CFM_753,Grimestreet Outfitter,污手街供货商,Battlecry,GREEN,implemented,yes,"逐卡对局断言通过：CFM_753_live_01=before=((1, 1), (2, 1), 4);after=((2, 2), (3, 2), 4, 'HAND', 'HAND', 'HAND', 'PLAY')",card_mechanism.csv#CFM_753; generic-play-smoke:played; effect-evidence: reports/card_quality_full_2026-09-27/three_set_probe.csv#CFM_753::CFM_753_live_01; per-card: reports/card_quality_full_2026-09-27/three_set_probe.csv#CFM_753::CFM_753_live_01,聚合状态取该卡最差机制；普通烟测只证明可执行，不能单独构成 GREEN。 EN=Battlecry: Give all minions in your hand +1/+1.; ZH=战吼：使你手牌中的所有随从牌获得+1/+1。; source=fireplace/cards/gangs/paladin.py:32; existing_tests=无候选既有测试引用; prior_card_audit=1 个机制缺少充分的核心效果验证；逐机制依据见 card_mechanism.csv。; prior_mechanism_audit=存在定义或元数据候选；当前没有可复查的该机制核心效果断言。; prior_cross_card_issues=无; live_cases=CFM_753_live_01,Battlecry: Give all minions in your hand +1/+1.,战吼：使你手牌中的所有随从牌获得+1/+1。,fireplace/cards/gangs/paladin.py:32
17.6.0.53261,Mean Streets of Gadgetzan (GANGS),CFM_754,Grimy Gadgeteer,污手玩具商,Random effects|Trigger,GREEN,implemented,yes,"逐卡对局断言通过：CFM_754_live_01=before=((1, 1), (2, 1), 'PLAY');after=((3, 3), (2, 1), 'HAND', 'HAND', 'PLAY', False);changed_minion_indexes=[0]",card_mechanism.csv#CFM_754; generic-play-smoke:played; effect-evidence: reports/card_quality_full_2026-09-27/three_set_probe.csv#CFM_754::CFM_754_live_01; per-card: reports/card_quality_full_2026-09-27/three_set_probe.csv#CFM_754::CFM_754_live_01,"聚合状态取该卡最差机制；普通烟测只证明可执行，不能单独构成 GREEN。 EN=At the end of your turn, give a random minion in your hand +2/+2.; ZH=在你的回合结束时，随机使你手牌中的一张随从牌获得+2/+2。; source=fireplace/cards/gangs/warrior.py:17; existing_tests=无候选既有测试引用; prior_card_audit=2 个机制缺少充分的核心效果验证；逐机制依据见 card_mechanism.csv。; prior_mechanism_audit=存在定义或元数据候选；当前没有可复查的该机制核心效果断言。; prior_cross_card_issues=无; live_cases=CFM_754_live_01","At the end of your turn, give a random minion in your hand +2/+2.",在你的回合结束时，随机使你手牌中的一张随从牌获得+2/+2。,fireplace/cards/gangs/warrior.py:17
17.6.0.53261,Mean Streets of Gadgetzan (GANGS),CFM_755,Grimestreet Pawnbroker,污手街典当师,Battlecry|Random effects,GREEN,implemented,yes,"逐卡对局断言通过：CFM_755_live_01=before=((3, 2), (2, 8));after=((3, 2), (3, 9), 'HAND', 'HAND', 'PLAY');buffed_weapon_indexes=[1]",card_mechanism.csv#CFM_755; generic-play-smoke:played; effect-evidence: reports/card_quality_full_2026-09-27/three_set_probe.csv#CFM_755::CFM_755_live_01; per-card: reports/card_quality_full_2026-09-27/three_set_probe.csv#CFM_755::CFM_755_live_01,聚合状态取该卡最差机制；普通烟测只证明可执行，不能单独构成 GREEN。 EN=Battlecry: Give a random weapon in your hand +1/+1.; ZH=战吼：随机使你手牌中的一张武器牌获得+1/+1。; source=fireplace/cards/gangs/warrior.py:26; existing_tests=无候选既有测试引用; prior_card_audit=2 个机制缺少充分的核心效果验证；逐机制依据见 card_mechanism.csv。; prior_mechanism_audit=存在定义或元数据候选；当前没有可复查的该机制核心效果断言。; prior_cross_card_issues=无; live_cases=CFM_755_live_01,Battlecry: Give a random weapon in your hand +1/+1.,战吼：随机使你手牌中的一张武器牌获得+1/+1。,fireplace/cards/gangs/warrior.py:26
17.6.0.53261,Mean Streets of Gadgetzan (GANGS),CFM_756,Alley Armorsmith,兽人铸甲师,Taunt|Trigger,GREEN,implemented,yes,"逐卡对局断言通过：CFM_756_live_01=taunt=1;attack=2;before=(0, 30, True);after=(2, 28, 'PLAY', 7)",card_mechanism.csv#CFM_756; generic-play-smoke:played; effect-evidence: reports/card_quality_full_2026-09-27/three_set_probe.csv#CFM_756::CFM_756_live_01; per-card: reports/card_quality_full_2026-09-27/three_set_probe.csv#CFM_756::CFM_756_live_01,"聚合状态取该卡最差机制；普通烟测只证明可执行，不能单独构成 GREEN。 EN=[x]Taunt Whenever this minion deals damage, gain that much Armor.; ZH=嘲讽 每当该随从造成伤害时，获得等量的护甲值。; source=fireplace/cards/gangs/warrior.py:35; existing_tests=无候选既有测试引用; prior_card_audit=2 个机制缺少充分的核心效果验证；逐机制依据见 card_mechanism.csv。; prior_mechanism_audit=存在定义或元数据候选；当前没有可复查的该机制核心效果断言。; prior_cross_card_issues=无; live_cases=CFM_756_live_01","[x]Taunt Whenever this minion deals damage, gain that much Armor.",嘲讽 每当该随从造成伤害时，获得等量的护甲值。,fireplace/cards/gangs/warrior.py:35
17.6.0.53261,Mean Streets of Gadgetzan (GANGS),CFM_759,Meanstreet Marshal,海象人执法官,Deathrattle|Draw / Discard,GREEN,implemented,yes,"逐卡对局断言通过：CFM_759_live_01=at_least_2_attack=(3, 'GRAVEYARD', 'HAND', True);below_2_attack=(1, 'GRAVEYARD', 'DECK', False)",card_mechanism.csv#CFM_759; generic-play-smoke:played; effect-evidence: reports/card_quality_full_2026-09-27/three_set_probe.csv#CFM_759::CFM_759_live_01; per-card: reports/card_quality_full_2026-09-27/three_set_probe.csv#CFM_759::CFM_759_live_01,"聚合状态取该卡最差机制；普通烟测只证明可执行，不能单独构成 GREEN。 EN=Deathrattle: If this minion has 2 or more Attack, draw a card.; ZH=亡语：如果该随从的攻击力大于或等于2，抽一张牌。; source=fireplace/cards/gangs/paladin.py:41; existing_tests=无候选既有测试引用; prior_card_audit=2 个机制缺少充分的核心效果验证；逐机制依据见 card_mechanism.csv。; prior_mechanism_audit=存在定义或元数据候选；当前没有可复查的该机制核心效果断言。 / 存在效果脚本；烟测仅验证执行和基础状态，缺少充分逐卡效果断言。; prior_cross_card_issues=无; live_cases=CFM_759_live_01","Deathrattle: If this minion has 2 or more Attack, draw a card.",亡语：如果该随从的攻击力大于或等于2，抽一张牌。,fireplace/cards/gangs/paladin.py:41
17.6.0.53261,Mean Streets of Gadgetzan (GANGS),CFM_760,Kabal Crystal Runner,暗金教水晶侍女,Cost modification,GREEN,implemented,yes,"逐卡对局断言通过：CFM_760_live_01=base=6;after_one_secret=(4, 'SECRET');after_two_secrets=(2, 2, 'SECRET', 'SECRET')",card_mechanism.csv#CFM_760; generic-play-smoke:played; effect-evidence: reports/card_quality_full_2026-09-27/three_set_probe.csv#CFM_760::CFM_760_live_01; per-card: reports/card_quality_full_2026-09-27/three_set_probe.csv#CFM_760::CFM_760_live_01,聚合状态取该卡最差机制；普通烟测只证明可执行，不能单独构成 GREEN。 EN=Costs (2) less for each Secret you've played this game.; ZH=在本局对战中，你每使用一张奥秘牌 就会使法力值消耗减少（2）点。; source=fireplace/cards/gangs/mage.py:46; existing_tests=tests/test_gangs.py:343:test_kabal_crystal_runner | tests/test_gangs.py:347:test_kabal_crystal_runner; prior_card_audit=1 个机制缺少充分的核心效果验证；逐机制依据见 card_mechanism.csv。; prior_mechanism_audit=存在定义或元数据候选；当前没有可复查的该机制核心效果断言。; prior_cross_card_issues=无; live_cases=CFM_760_live_01,Costs (2) less for each Secret you've played this game.,在本局对战中，你每使用一张奥秘牌 就会使法力值消耗减少（2）点。,fireplace/cards/gangs/mage.py:46
17.6.0.53261,Mean Streets of Gadgetzan (GANGS),CFM_781,"Shaku, the Collector",收集者沙库尔,Random effects|Stealth|Trigger,GREEN,implemented,yes,"逐卡对局断言通过：CFM_781_live_01=class_pair_1=(3, 7, 1, False, 28, 'PLAY', 1, [('BOT_565', 7, True, 'HAND')], 2);class_pair_2=(3, 2, 1, False, 28, 'PLAY', 1, [('OG_313', 2, True, 'HAND')], 2)",card_mechanism.csv#CFM_781; generic-play-smoke:played; effect-evidence: reports/card_quality_full_2026-09-27/three_set_probe.csv#CFM_781::CFM_781_live_01; per-card: reports/card_quality_full_2026-09-27/three_set_probe.csv#CFM_781::CFM_781_live_01,"聚合状态取该卡最差机制；普通烟测只证明可执行，不能单独构成 GREEN。 EN=[x]Stealth. Whenever this attacks, add a random card to your hand (from your opponent's class).; ZH=潜行。每当该随从攻击时，随机将一张（你对手职业的）卡牌置入你的手牌。; source=fireplace/cards/gangs/rogue.py:57; existing_tests=无候选既有测试引用; prior_card_audit=3 个机制缺少充分的核心效果验证；逐机制依据见 card_mechanism.csv。; prior_mechanism_audit=存在定义或元数据候选；当前没有可复查的该机制核心效果断言。; prior_cross_card_issues=无; live_cases=CFM_781_live_01","[x]Stealth. Whenever this attacks, add a random card to your hand (from your opponent's class).",潜行。每当该随从攻击时，随机将一张（你对手职业的）卡牌置入你的手牌。,fireplace/cards/gangs/rogue.py:57
17.6.0.53261,Mean Streets of Gadgetzan (GANGS),CFM_790,Dirty Rat,卑劣的脏鼠,Battlecry|Random effects|Summon|Taunt,GREEN,implemented,yes,"逐卡对局断言通过：CFM_790_live_01=with_enemy_minions=(1, 'PLAY', 1, 1, True, 'HAND', ['CS2_231'], ['CS2_182']);no_enemy_minion=(1, 'PLAY', 0, 'HAND')",card_mechanism.csv#CFM_790; generic-play-smoke:played; effect-evidence: reports/card_quality_full_2026-09-27/three_set_probe.csv#CFM_790::CFM_790_live_01; per-card: reports/card_quality_full_2026-09-27/three_set_probe.csv#CFM_790::CFM_790_live_01,聚合状态取该卡最差机制；普通烟测只证明可执行，不能单独构成 GREEN。 EN=[x]Taunt Battlecry: Your opponent summons a random minion from their hand.; ZH=嘲讽，战吼：使你的对手随机从手牌中召唤一个随从。; source=fireplace/cards/gangs/neutral_epic.py:48; existing_tests=无候选既有测试引用; prior_card_audit=4 个机制缺少充分的核心效果验证；逐机制依据见 card_mechanism.csv。; prior_mechanism_audit=存在定义或元数据候选；当前没有可复查的该机制核心效果断言。; prior_cross_card_issues=无; live_cases=CFM_790_live_01,[x]Taunt Battlecry: Your opponent summons a random minion from their hand.,嘲讽，战吼：使你的对手随机从手牌中召唤一个随从。,fireplace/cards/gangs/neutral_epic.py:48
17.6.0.53261,Mean Streets of Gadgetzan (GANGS),CFM_800,Getaway Kodo,战术撤离,Secret|Spell resolution|Trigger,GREEN,implemented,yes,"逐卡对局断言通过：CFM_800_live_01=friendly_death=('HAND', True, True, 'GRAVEYARD', 'SECRET', 'GRAVEYARD');enemy_death=('GRAVEYARD', False, 'SECRET')",card_mechanism.csv#CFM_800; generic-play-smoke:played; effect-evidence: reports/card_quality_full_2026-09-27/three_set_probe.csv#CFM_800::CFM_800_live_01; per-card: reports/card_quality_full_2026-09-27/three_set_probe.csv#CFM_800::CFM_800_live_01,"聚合状态取该卡最差机制；普通烟测只证明可执行，不能单独构成 GREEN。 EN=Secret: When a friendly minion dies, return it to your hand.; ZH=奥秘：当一个友方随从死亡时，将其移回你的手牌。; source=fireplace/cards/gangs/paladin.py:60; existing_tests=无候选既有测试引用; prior_card_audit=3 个机制缺少充分的核心效果验证；逐机制依据见 card_mechanism.csv。; prior_mechanism_audit=存在定义或元数据候选；当前没有可复查的该机制核心效果断言。; prior_cross_card_issues=无; live_cases=CFM_800_live_01","Secret: When a friendly minion dies, return it to your hand.",奥秘：当一个友方随从死亡时，将其移回你的手牌。,fireplace/cards/gangs/paladin.py:60
17.6.0.53261,Mean Streets of Gadgetzan (GANGS),CFM_806,Wrathion,拉希奥,Battlecry|Draw / Discard|Taunt,GREEN,implemented,yes,"逐卡对局断言通过：CFM_806_live_01=state=(1, 'PLAY', 'HAND', 'HAND', 'HAND', 'DECK', ['CS2_182', 'EX1_572', 'NEW1_023'], 1, 3);cards_in_hand=['EX1_572', 'NEW1_023', 'CS2_182'];deck=['CS2_231']",card_mechanism.csv#CFM_806; generic-play-smoke:played; effect-evidence: reports/card_quality_full_2026-09-27/three_set_probe.csv#CFM_806::CFM_806_live_01; per-card: reports/card_quality_full_2026-09-27/three_set_probe.csv#CFM_806::CFM_806_live_01,聚合状态取该卡最差机制；普通烟测只证明可执行，不能单独构成 GREEN。 EN=Taunt. Battlecry: Draw cards until you draw one that isn't a Dragon.; ZH=嘲讽，战吼：抽若干数量的牌，直到你抽到一张非龙牌。; source=fireplace/cards/gangs/neutral_legendary.py:159; existing_tests=tests/test_gangs.py:371:test_wrathion | tests/test_gangs.py:379:test_wrathion_empty; prior_card_audit=3 个机制缺少充分的核心效果验证；逐机制依据见 card_mechanism.csv。; prior_mechanism_audit=存在定义或元数据候选；当前没有可复查的该机制核心效果断言。; prior_cross_card_issues=无; live_cases=CFM_806_live_01,Taunt. Battlecry: Draw cards until you draw one that isn't a Dragon.,嘲讽，战吼：抽若干数量的牌，直到你抽到一张非龙牌。,fireplace/cards/gangs/neutral_legendary.py:159
17.6.0.53261,Mean Streets of Gadgetzan (GANGS),CFM_807,Auctionmaster Beardo,大富翁比尔杜,Trigger,GREEN,implemented,yes,"逐卡对局断言通过：CFM_807_live_01=state=(True, True, 27, True, 25, True, 'PLAY', 'GRAVEYARD', 'GRAVEYARD')",card_mechanism.csv#CFM_807; generic-play-smoke:played; effect-evidence: reports/card_quality_full_2026-09-27/three_set_probe.csv#CFM_807::CFM_807_live_01; per-card: reports/card_quality_full_2026-09-27/three_set_probe.csv#CFM_807::CFM_807_live_01,"聚合状态取该卡最差机制；普通烟测只证明可执行，不能单独构成 GREEN。 EN=After you cast a spell, refresh your Hero Power.; ZH=在你施放一个法术后，复原你的 英雄技能。; source=fireplace/cards/gangs/neutral_legendary.py:167; existing_tests=无候选既有测试引用; prior_card_audit=1 个机制缺少充分的核心效果验证；逐机制依据见 card_mechanism.csv。; prior_mechanism_audit=存在定义或元数据候选；当前没有可复查的该机制核心效果断言。; prior_cross_card_issues=CAST-001[semantics_pending]:效果代施放法术会结算，但不广播玩家 Play ON/AFTER；与手牌施放触发不同，规则语义待核实，暂不判定为错误。; live_cases=CFM_807_live_01","After you cast a spell, refresh your Hero Power.",在你施放一个法术后，复原你的 英雄技能。,fireplace/cards/gangs/neutral_legendary.py:167
17.6.0.53261,Mean Streets of Gadgetzan (GANGS),CFM_808,"Genzo, the Shark",“鲨鱼”加佐,Draw / Discard|Trigger,GREEN,implemented,yes,"逐卡对局断言通过：CFM_808_live_01=state=(3, 3, 2, 1, 25, 'PLAY', 1, 2, True, True);owner_hand=['CS2_231', 'EX1_506', 'CS2_231'];opponent_hand=['CS2_231', 'EX1_506', 'CS2_182']",card_mechanism.csv#CFM_808; generic-play-smoke:played; effect-evidence: reports/card_quality_full_2026-09-27/three_set_probe.csv#CFM_808::CFM_808_live_01; per-card: reports/card_quality_full_2026-09-27/three_set_probe.csv#CFM_808::CFM_808_live_01,"聚合状态取该卡最差机制；普通烟测只证明可执行，不能单独构成 GREEN。 EN=Whenever this attacks, both players draw until they have 3 cards.; ZH=每当该随从进行攻击时，双方玩家抽若干数量的牌，直到拥有三张手牌。; source=fireplace/cards/gangs/neutral_legendary.py:173; existing_tests=无候选既有测试引用; prior_card_audit=2 个机制缺少充分的核心效果验证；逐机制依据见 card_mechanism.csv。; prior_mechanism_audit=存在定义或元数据候选；当前没有可复查的该机制核心效果断言。; prior_cross_card_issues=无; live_cases=CFM_808_live_01","Whenever this attacks, both players draw until they have 3 cards.",每当该随从进行攻击时，双方玩家抽若干数量的牌，直到拥有三张手牌。,fireplace/cards/gangs/neutral_legendary.py:173
17.6.0.53261,Mean Streets of Gadgetzan (GANGS),CFM_809,Tanaris Hogchopper,野猪骑士塔纳利,Battlecry,GREEN,implemented,yes,"逐卡对局断言通过：CFM_809_live_01=opponent_empty=(True, 26, 'PLAY', 4);opponent_has_card=(False, False, 30)",card_mechanism.csv#CFM_809; generic-play-smoke:played; effect-evidence: reports/card_quality_full_2026-09-27/three_set_probe.csv#CFM_809::CFM_809_live_01; per-card: reports/card_quality_full_2026-09-27/three_set_probe.csv#CFM_809::CFM_809_live_01,"聚合状态取该卡最差机制；普通烟测只证明可执行，不能单独构成 GREEN。 EN=[x]Battlecry: If your opponent's hand is empty, gain Charge.; ZH=战吼：如果你的对手没有手牌，便获得 冲锋。; source=fireplace/cards/gangs/neutral_common.py:105; existing_tests=无候选既有测试引用; prior_card_audit=1 个机制缺少充分的核心效果验证；逐机制依据见 card_mechanism.csv。; prior_mechanism_audit=存在定义或元数据候选；当前没有可复查的该机制核心效果断言。; prior_cross_card_issues=无; live_cases=CFM_809_live_01","[x]Battlecry: If your opponent's hand is empty, gain Charge.",战吼：如果你的对手没有手牌，便获得 冲锋。,fireplace/cards/gangs/neutral_common.py:105
17.6.0.53261,Mean Streets of Gadgetzan (GANGS),CFM_810,Leatherclad Hogleader,野猪骑士蕾瑟兰,Battlecry,GREEN,implemented,yes,"逐卡对局断言通过：CFM_810_live_01=six_cards=(6, True, 24, 6);five_cards=(5, False, False, 30)",card_mechanism.csv#CFM_810; generic-play-smoke:played; effect-evidence: reports/card_quality_full_2026-09-27/three_set_probe.csv#CFM_810::CFM_810_live_01; per-card: reports/card_quality_full_2026-09-27/three_set_probe.csv#CFM_810::CFM_810_live_01,"聚合状态取该卡最差机制；普通烟测只证明可执行，不能单独构成 GREEN。 EN=Battlecry: If your opponent has 6 or more cards in hand, gain Charge.; ZH=战吼：如果你的对手拥有6张或者更多手牌，便获得冲锋。; source=fireplace/cards/gangs/neutral_epic.py:54; existing_tests=无候选既有测试引用; prior_card_audit=1 个机制缺少充分的核心效果验证；逐机制依据见 card_mechanism.csv。; prior_mechanism_audit=存在定义或元数据候选；当前没有可复查的该机制核心效果断言。; prior_cross_card_issues=无; live_cases=CFM_810_live_01","Battlecry: If your opponent has 6 or more cards in hand, gain Charge.",战吼：如果你的对手拥有6张或者更多手牌，便获得冲锋。,fireplace/cards/gangs/neutral_epic.py:54
17.6.0.53261,Mean Streets of Gadgetzan (GANGS),CFM_811,Lunar Visions,新月视界,Cost modification|Draw / Discard|Spell resolution,GREEN,implemented,yes,"逐卡对局断言通过：CFM_811_live_01=state=('HAND', 2, 'HAND', 4, 'DECK', 2, 1, 'GRAVEYARD');hand=['CS2_029', 'CS2_182'];deck=['CS2_231']",card_mechanism.csv#CFM_811; generic-play-smoke:played; effect-evidence: reports/card_quality_full_2026-09-27/three_set_probe.csv#CFM_811::CFM_811_live_01; per-card: reports/card_quality_full_2026-09-27/three_set_probe.csv#CFM_811::CFM_811_live_01,聚合状态取该卡最差机制；普通烟测只证明可执行，不能单独构成 GREEN。 EN=Draw 2 cards. Minions drawn cost (2) less.; ZH=抽两张牌，抽到的随从牌法力值消耗减少（2）点。; source=fireplace/cards/gangs/druid.py:109; existing_tests=无候选既有测试引用; prior_card_audit=3 个机制缺少充分的核心效果验证；逐机制依据见 card_mechanism.csv。; prior_mechanism_audit=存在定义或元数据候选；当前没有可复查的该机制核心效果断言。; prior_cross_card_issues=无; live_cases=CFM_811_live_01,Draw 2 cards. Minions drawn cost (2) less.,抽两张牌，抽到的随从牌法力值消耗减少（2）点。,fireplace/cards/gangs/druid.py:109
17.6.0.53261,Mean Streets of Gadgetzan (GANGS),CFM_815,Wickerflame Burnbristle,燃鬃·自走炮,Divine Shield|Lifesteal|Taunt,GREEN,implemented,yes,"逐卡对局断言通过：CFM_815_live_01=traits=(1, 1, 1, 2, 2);after_enemy_attack=(False, 2, 'GRAVEYARD', 27);after_wicker_attack=(29, 1, 28, 'PLAY')",card_mechanism.csv#CFM_815; generic-play-smoke:played; effect-evidence: reports/card_quality_full_2026-09-27/three_set_probe.csv#CFM_815::CFM_815_live_01; per-card: reports/card_quality_full_2026-09-27/three_set_probe.csv#CFM_815::CFM_815_live_01,"聚合状态取该卡最差机制；普通烟测只证明可执行，不能单独构成 GREEN。 EN=Divine Shield, Taunt, Lifesteal; ZH=圣盾，嘲讽，吸血; source=未发现 Python 脚本（已验证数据库卡牌行为）; existing_tests=无候选既有测试引用; prior_card_audit=3 个机制缺少充分的核心效果验证；逐机制依据见 card_mechanism.csv。; prior_mechanism_audit=存在定义或元数据候选；当前没有可复查的该机制核心效果断言。; prior_cross_card_issues=无; live_cases=CFM_815_live_01","Divine Shield, Taunt, Lifesteal",圣盾，嘲讽，吸血,
17.6.0.53261,Mean Streets of Gadgetzan (GANGS),CFM_816,Virmen Sensei,兔妖教头,Battlecry|Targeting,GREEN,implemented,yes,"逐卡对局断言通过：CFM_816_live_01=beast_race=20;enemy_beast_race=20;legal=['CS2_171'];before=(1, 1);after=(3, 3, 3, 'PLAY')",card_mechanism.csv#CFM_816; generic-play-smoke:played; effect-evidence: reports/card_quality_full_2026-09-27/three_set_probe.csv#CFM_816::CFM_816_live_01; per-card: reports/card_quality_full_2026-09-27/three_set_probe.csv#CFM_816::CFM_816_live_01,聚合状态取该卡最差机制；普通烟测只证明可执行，不能单独构成 GREEN。 EN=Battlecry: Give a friendly Beast +2/+2.; ZH=战吼：使一个友方野兽获得+2/+2。; source=fireplace/cards/gangs/druid.py:42; existing_tests=无候选既有测试引用; prior_card_audit=2 个机制缺少充分的核心效果验证；逐机制依据见 card_mechanism.csv。; prior_mechanism_audit=存在定义或元数据候选；当前没有可复查的该机制核心效果断言。; prior_cross_card_issues=无; live_cases=CFM_816_live_01,Battlecry: Give a friendly Beast +2/+2.,战吼：使一个友方野兽获得+2/+2。,fireplace/cards/gangs/druid.py:42
17.6.0.53261,Mean Streets of Gadgetzan (GANGS),CFM_851,Daring Reporter,勇敢的记者,Draw / Discard|Trigger,GREEN,implemented,yes,"逐卡对局断言通过：CFM_851_live_01=after_owner_draw=(3, 3, 'HAND');after_opponent_draw_1=(4, 4, 'HAND');after_opponent_draw_2=(5, 5, 'HAND');remaining_decks=(0, 0)",card_mechanism.csv#CFM_851; generic-play-smoke:played; effect-evidence: reports/card_quality_full_2026-09-27/three_set_probe.csv#CFM_851::CFM_851_live_01; per-card: reports/card_quality_full_2026-09-27/three_set_probe.csv#CFM_851::CFM_851_live_01,"聚合状态取该卡最差机制；普通烟测只证明可执行，不能单独构成 GREEN。 EN=Whenever your opponent draws a card, gain +1/+1.; ZH=每当你的对手抽一张牌时，便获得+1/+1。; source=fireplace/cards/gangs/neutral_common.py:111; existing_tests=无候选既有测试引用; prior_card_audit=2 个机制缺少充分的核心效果验证；逐机制依据见 card_mechanism.csv。; prior_mechanism_audit=存在定义或元数据候选；当前没有可复查的该机制核心效果断言。; prior_cross_card_issues=无; live_cases=CFM_851_live_01","Whenever your opponent draws a card, gain +1/+1.",每当你的对手抽一张牌时，便获得+1/+1。,fireplace/cards/gangs/neutral_common.py:111
17.6.0.53261,Mean Streets of Gadgetzan (GANGS),CFM_852,Lotus Agents,玉莲帮密探,Battlecry|Discover / Choice|Random effects,GREEN,implemented,yes,"逐卡对局断言通过：CFM_852_live_01=options=['FP1_019', 'EX1_134', 'GVG_029'];classes=[2, 7, 8];after_choose=(3, [2, 7, 8], 'EX1_134', 'HAND', True, None, 'PLAY')",card_mechanism.csv#CFM_852; generic-play-smoke:played; effect-evidence: reports/card_quality_full_2026-09-27/three_set_probe.csv#CFM_852::CFM_852_live_01; per-card: reports/card_quality_full_2026-09-27/three_set_probe.csv#CFM_852::CFM_852_live_01,"聚合状态取该卡最差机制；普通烟测只证明可执行，不能单独构成 GREEN。 EN=Battlecry: Discover a Druid, Rogue, or Shaman card.; ZH=战吼：发现一张德鲁伊、潜行者或萨满祭司卡牌。; source=fireplace/cards/gangs/neutral_rare.py:95; existing_tests=无候选既有测试引用; prior_card_audit=3 个机制缺少充分的核心效果验证；逐机制依据见 card_mechanism.csv。; prior_mechanism_audit=存在定义或元数据候选；当前没有可复查的该机制核心效果断言。; prior_cross_card_issues=无; live_cases=CFM_852_live_01","Battlecry: Discover a Druid, Rogue, or Shaman card.",战吼：发现一张德鲁伊、潜行者或萨满祭司卡牌。,fireplace/cards/gangs/neutral_rare.py:95
17.6.0.53261,Mean Streets of Gadgetzan (GANGS),CFM_853,Grimestreet Smuggler,污手街走私者,Battlecry|Random effects,GREEN,implemented,yes,"逐卡对局断言通过：CFM_853_live_01=before=((1, 1), (2, 1), 4);after=((1, 1), (3, 2), 4, 'HAND', 'HAND', 'HAND', 'PLAY');buffed_indexes=[1]",card_mechanism.csv#CFM_853; generic-play-smoke:played; effect-evidence: reports/card_quality_full_2026-09-27/three_set_probe.csv#CFM_853::CFM_853_live_01; per-card: reports/card_quality_full_2026-09-27/three_set_probe.csv#CFM_853::CFM_853_live_01,聚合状态取该卡最差机制；普通烟测只证明可执行，不能单独构成 GREEN。 EN=Battlecry: Give a random minion in your hand +1/+1.; ZH=战吼：随机使你手牌中的一张随从牌获得+1/+1。; source=fireplace/cards/gangs/neutral_common.py:120; existing_tests=无候选既有测试引用; prior_card_audit=2 个机制缺少充分的核心效果验证；逐机制依据见 card_mechanism.csv。; prior_mechanism_audit=存在定义或元数据候选；当前没有可复查的该机制核心效果断言。; prior_cross_card_issues=无; live_cases=CFM_853_live_01,Battlecry: Give a random minion in your hand +1/+1.,战吼：随机使你手牌中的一张随从牌获得+1/+1。,fireplace/cards/gangs/neutral_common.py:120
17.6.0.53261,Mean Streets of Gadgetzan (GANGS),CFM_854,Ancient of Blossoms,远古之树,Taunt,GREEN,implemented,yes,"逐卡对局断言通过：CFM_854_live_01=state=(3, 7, 1, 'PLAY', 'GRAVEYARD', 1, True, True);attack_targets=['CFM_854']",card_mechanism.csv#CFM_854; generic-play-smoke:played; effect-evidence: reports/card_quality_full_2026-09-27/three_set_probe.csv#CFM_854::CFM_854_live_01; per-card: reports/card_quality_full_2026-09-27/three_set_probe.csv#CFM_854::CFM_854_live_01,聚合状态取该卡最差机制；普通烟测只证明可执行，不能单独构成 GREEN。 EN=Taunt; ZH=嘲讽; source=未发现 Python 脚本（已验证数据库卡牌行为）; existing_tests=无候选既有测试引用; prior_card_audit=1 个机制缺少充分的核心效果验证；逐机制依据见 card_mechanism.csv。; prior_mechanism_audit=存在定义或元数据候选；当前没有可复查的该机制核心效果断言。; prior_cross_card_issues=无; live_cases=CFM_854_live_01,Taunt,嘲讽,
17.6.0.53261,Mean Streets of Gadgetzan (GANGS),CFM_855,Defias Cleaner,迪菲亚清道夫,Battlecry|Silence|Targeting,GREEN,implemented,yes,"逐卡对局断言通过：CFM_855_live_01=legal=['FP1_011', 'FP1_011'];silenced=(True, 1, 1, 'PLAY', False, False);after_death=('GRAVEYARD', 0, 'PLAY')",card_mechanism.csv#CFM_855; generic-play-smoke:played; effect-evidence: reports/card_quality_full_2026-09-27/three_set_probe.csv#CFM_855::CFM_855_live_01; per-card: reports/card_quality_full_2026-09-27/three_set_probe.csv#CFM_855::CFM_855_live_01,聚合状态取该卡最差机制；普通烟测只证明可执行，不能单独构成 GREEN。 EN=Battlecry: Silence a minion with Deathrattle.; ZH=战吼：沉默一个具有亡语的随从。; source=fireplace/cards/gangs/neutral_epic.py:60; existing_tests=无候选既有测试引用; prior_card_audit=3 个机制缺少充分的核心效果验证；逐机制依据见 card_mechanism.csv。; prior_mechanism_audit=存在定义或元数据候选；当前没有可复查的该机制核心效果断言。; prior_cross_card_issues=无; live_cases=CFM_855_live_01,Battlecry: Silence a minion with Deathrattle.,战吼：沉默一个具有亡语的随从。,fireplace/cards/gangs/neutral_epic.py:60
17.6.0.53261,Mean Streets of Gadgetzan (GANGS),CFM_900,Unlicensed Apothecary,无证药剂师,Summon|Trigger,GREEN,implemented,yes,"逐卡对局断言通过：CFM_900_live_01=after_apothecary_summon=30;after_wisp=(25, 'PLAY');after_murloc=(20, 'PLAY')",card_mechanism.csv#CFM_900; generic-play-smoke:played; effect-evidence: reports/card_quality_full_2026-09-27/three_set_probe.csv#CFM_900::CFM_900_live_01; per-card: reports/card_quality_full_2026-09-27/three_set_probe.csv#CFM_900::CFM_900_live_01,"聚合状态取该卡最差机制；普通烟测只证明可执行，不能单独构成 GREEN。 EN=After you summon a minion, deal 5 damage to your hero.; ZH=在你召唤一个随从后，对你的英雄造成5点伤害。; source=fireplace/cards/gangs/warlock.py:47; existing_tests=tests/test_dragons.py:260:test_zzeraku_the_warpe | tests/test_dragons.py:264:test_zzeraku_the_warpe; prior_card_audit=2 个机制缺少充分的核心效果验证；逐机制依据见 card_mechanism.csv。; prior_mechanism_audit=存在定义或元数据候选；当前没有可复查的该机制核心效果断言。; prior_cross_card_issues=无; live_cases=CFM_900_live_01","After you summon a minion, deal 5 damage to your hero.",在你召唤一个随从后，对你的英雄造成5点伤害。,fireplace/cards/gangs/warlock.py:47
17.6.0.53261,Mean Streets of Gadgetzan (GANGS),CFM_902,Aya Blackpaw,艾雅·黑掌,Battlecry|Deathrattle|Summon,GREEN,implemented,yes,"逐卡对局断言通过：CFM_902_live_01=start=1;after_battlecry=('PLAY', 2, [('CFM_712_t01', 1, 1, 'PLAY')]);after_deathrattle=('GRAVEYARD', 3, [('CFM_712_t01', 1, 1, 'PLAY'), ('CFM_712_t02', 2, 2, 'PLAY')])",card_mechanism.csv#CFM_902; generic-play-smoke:played; effect-evidence: reports/card_quality_full_2026-09-27/three_set_probe.csv#CFM_902::CFM_902_live_01; per-card: reports/card_quality_full_2026-09-27/three_set_probe.csv#CFM_902::CFM_902_live_01,聚合状态取该卡最差机制；普通烟测只证明可执行，不能单独构成 GREEN。 EN=Battlecry and Deathrattle: Summon a{1} {0} Jade Golem. @ Battlecry and Deathrattle: Summon a Jade Golem.; ZH=战吼，亡语：召唤一个{0}的青玉魔像。@战吼，亡语：召唤一个青玉魔像。; source=fireplace/cards/gangs/neutral_legendary.py:179; existing_tests=tests/test_gangs.py:8:test_aya_blackpaw; prior_card_audit=2 个机制缺少充分的核心效果验证；逐机制依据见 card_mechanism.csv。; prior_mechanism_audit=存在定义或元数据候选；当前没有可复查的该机制核心效果断言。 / 现有行为断言验证核心亡语结果；本轮测试通过，且实际死亡结算已核对。; prior_cross_card_issues=无; live_cases=CFM_902_live_01,Battlecry and Deathrattle: Summon a{1} {0} Jade Golem. @ Battlecry and Deathrattle: Summon a Jade Golem.,战吼，亡语：召唤一个{0}的青玉魔像。@战吼，亡语：召唤一个青玉魔像。,fireplace/cards/gangs/neutral_legendary.py:179
17.6.0.53261,Mean Streets of Gadgetzan (GANGS),CFM_905,Small-Time Recruits,三教九流,Draw / Discard|Spell resolution,GREEN,implemented,yes,"逐卡对局断言通过：CFM_905_live_01=three_available=(['CS2_065', 'CS2_171', 'CS2_189'], ['CS2_182', 'CS2_231'], ['HAND', 'HAND', 'HAND'], ['DECK', 'DECK'], 'GRAVEYARD');only_two_available=(['CS2_065', 'CS2_171'], ['CS2_182'], ['HAND', 'HAND'], 'DECK', 'GRAVEYARD')",card_mechanism.csv#CFM_905; generic-play-smoke:played; effect-evidence: reports/card_quality_full_2026-09-27/three_set_probe.csv#CFM_905::CFM_905_live_01; per-card: reports/card_quality_full_2026-09-27/three_set_probe.csv#CFM_905::CFM_905_live_01,聚合状态取该卡最差机制；普通烟测只证明可执行，不能单独构成 GREEN。 EN=[x]Draw three 1-Cost minions from your deck.; ZH=从你的牌库中抽三张法力值消耗为（1）的随从牌。; source=fireplace/cards/gangs/paladin.py:66; existing_tests=无候选既有测试引用; prior_card_audit=2 个机制缺少充分的核心效果验证；逐机制依据见 card_mechanism.csv。; prior_mechanism_audit=存在定义或元数据候选；当前没有可复查的该机制核心效果断言。; prior_cross_card_issues=无; live_cases=CFM_905_live_01,[x]Draw three 1-Cost minions from your deck.,从你的牌库中抽三张法力值消耗为（1）的随从牌。,fireplace/cards/gangs/paladin.py:66
17.6.0.53261,Mean Streets of Gadgetzan (GANGS),CFM_940,I Know a Guy,盛气凌人,Discover / Choice|Random effects|Spell resolution,GREEN,implemented,yes,"逐卡对局断言通过：CFM_940_live_01=options=[('KAR_061', <CardType.MINION: 4>, 1, 'SETASIDE'), ('BT_730', <CardType.MINION: 4>, 1, 'SETASIDE'), ('GVG_097', <CardType.MINION: 4>, 1, 'SETASIDE')];after_choose=('KAR_061', 'HAND', True, None, 'GRAVEYARD')",card_mechanism.csv#CFM_940; generic-play-smoke:played; effect-evidence: reports/card_quality_full_2026-09-27/three_set_probe.csv#CFM_940::CFM_940_live_01; per-card: reports/card_quality_full_2026-09-27/three_set_probe.csv#CFM_940::CFM_940_live_01,聚合状态取该卡最差机制；普通烟测只证明可执行，不能单独构成 GREEN。 EN=Discover a Taunt minion.; ZH=发现一张具有嘲讽的随从牌。; source=fireplace/cards/gangs/warrior.py:60; existing_tests=tests/test_gangs.py:334:test_i_know_a_guy; prior_card_audit=3 个机制缺少充分的核心效果验证；逐机制依据见 card_mechanism.csv。; prior_mechanism_audit=存在定义或元数据候选；当前没有可复查的该机制核心效果断言。; prior_cross_card_issues=无; live_cases=CFM_940_live_01,Discover a Taunt minion.,发现一张具有嘲讽的随从牌。,fireplace/cards/gangs/warrior.py:60
17.6.0.53261,Journey to Un'Goro (UNGORO),UNG_001,Pterrordax Hatchling,翼手龙宝宝,Battlecry,GREEN,implemented,yes,本轮逐卡行为用例全部通过：battlecry_offers_and_applies_one_adapt=adapt_choice=UNG_999t2;buffs=['UNG_999t2e'];zone=PLAY,card_mechanism.csv#UNG_001; generic-play-smoke:played; effect-evidence: reports/card_quality_full_2026-09-27/three_set_probe.csv#UNG_001::battlecry_offers_and_applies_one_adapt; per-card: reports/card_quality_full_2026-09-27/three_set_probe.csv#UNG_001::battlecry_offers_and_applies_one_adapt,聚合状态取该卡最差机制；普通烟测只证明可执行，不能单独构成 GREEN。 EN=Battlecry: Adapt.; ZH=战吼：进化。; source=fireplace/cards/ungoro/neutral_common.py:8; existing_tests=tests/test_ungoro.py:16:test_adapt; prior=YELLOW:1 个机制缺少充分的核心效果验证；逐机制依据见 card_mechanism.csv。,Battlecry: Adapt.,战吼：进化。,fireplace/cards/ungoro/neutral_common.py:8
17.6.0.53261,Journey to Un'Goro (UNGORO),UNG_002,Volcanosaur,火山龙,Battlecry,GREEN,implemented,yes,"本轮逐卡行为用例全部通过：battlecry_runs_two_sequential_adapt_choices=adapt_choices=['UNG_999t2', 'UNG_999t14'];buffs=['UNG_999t2e', 'UNG_999t14e'];zone=PLAY;choice=None",card_mechanism.csv#UNG_002; generic-play-smoke:played; effect-evidence: reports/card_quality_full_2026-09-27/three_set_probe.csv#UNG_002::battlecry_runs_two_sequential_adapt_choices; per-card: reports/card_quality_full_2026-09-27/three_set_probe.csv#UNG_002::battlecry_runs_two_sequential_adapt_choices,"聚合状态取该卡最差机制；普通烟测只证明可执行，不能单独构成 GREEN。 EN=Battlecry: Adapt, then Adapt.; ZH=战吼： 连续进化两次。; source=fireplace/cards/ungoro/neutral_rare.py:8; existing_tests=tests/test_ungoro.py:290:test_volcanosaur; prior=YELLOW:1 个机制缺少充分的核心效果验证；逐机制依据见 card_mechanism.csv。","Battlecry: Adapt, then Adapt.",战吼： 连续进化两次。,fireplace/cards/ungoro/neutral_rare.py:8
17.6.0.53261,Journey to Un'Goro (UNGORO),UNG_004,Dinosize,巨化术,Spell resolution|Targeting,GREEN,implemented,yes,本轮逐卡行为用例全部通过：spell_sets_friendly_minion_stats_exactly_ten_ten=target=10/10/10;target_zone=PLAY;spell=GRAVEYARD; spell_can_target_enemy_minion_and_sets_ten_ten=enemy_target=10/10/10;target_zone=PLAY;spell=GRAVEYARD,card_mechanism.csv#UNG_004; generic-play-smoke:played; effect-evidence: reports/card_quality_full_2026-09-27/three_set_probe.csv#UNG_004::spell_sets_friendly_minion_stats_exactly_ten_ten; reports/card_quality_full_2026-09-27/three_set_probe.csv#UNG_004::spell_can_target_enemy_minion_and_sets_ten_ten; per-card: reports/card_quality_full_2026-09-27/three_set_probe.csv#UNG_004::spell_sets_friendly_minion_stats_exactly_ten_ten; reports/card_quality_full_2026-09-27/three_set_probe.csv#UNG_004::spell_can_target_enemy_minion_and_sets_ten_ten,聚合状态取该卡最差机制；普通烟测只证明可执行，不能单独构成 GREEN。 EN=Set a minion's Attack and Health to 10.; ZH=将一个随从的攻击力和生命值变为10。; source=fireplace/cards/ungoro/paladin.py:48; existing_tests=none; prior=YELLOW:2 个机制缺少充分的核心效果验证；逐机制依据见 card_mechanism.csv。,Set a minion's Attack and Health to 10.,将一个随从的攻击力和生命值变为10。,fireplace/cards/ungoro/paladin.py:48
17.6.0.53261,Journey to Un'Goro (UNGORO),UNG_009,Ravasaur Runt,暴掠龙幼崽,Battlecry,GREEN,implemented,yes,本轮逐卡行为用例全部通过：battlecry_does_not_adapt_below_two_other_minions=friendly_minions=1;choice=None;runt=2/2; battlecry_adapts_with_two_other_minions=other_minions=2;choice=UNG_999t2;buffs=['UNG_999t2e'];field=3,card_mechanism.csv#UNG_009; generic-play-smoke:played; effect-evidence: reports/card_quality_full_2026-09-27/three_set_probe.csv#UNG_009::battlecry_does_not_adapt_below_two_other_minions; reports/card_quality_full_2026-09-27/three_set_probe.csv#UNG_009::battlecry_adapts_with_two_other_minions; per-card: reports/card_quality_full_2026-09-27/three_set_probe.csv#UNG_009::battlecry_does_not_adapt_below_two_other_minions; reports/card_quality_full_2026-09-27/three_set_probe.csv#UNG_009::battlecry_adapts_with_two_other_minions,"聚合状态取该卡最差机制；普通烟测只证明可执行，不能单独构成 GREEN。 EN=Battlecry: If you control at least 2 other minions, Adapt.; ZH=战吼：如果你控制至少两个其他随从，便获得进化。; source=fireplace/cards/ungoro/neutral_common.py:14; existing_tests=none; prior=YELLOW:1 个机制缺少充分的核心效果验证；逐机制依据见 card_mechanism.csv。","Battlecry: If you control at least 2 other minions, Adapt.",战吼：如果你控制至少两个其他随从，便获得进化。,fireplace/cards/ungoro/neutral_common.py:14
17.6.0.53261,Journey to Un'Goro (UNGORO),UNG_010,Sated Threshadon,臃肿的蛇颈龙,Deathrattle|Summon,GREEN,implemented,yes,"本轮逐卡行为用例全部通过：deathrattle_summons_three_one_one_murlocs=source=GRAVEYARD;tokens=[('UNG_201t', 1, 1, [14]), ('UNG_201t', 1, 1, [14]), ('UNG_201t', 1, 1, [14])]; deathrattle_summons_only_available_board_slots=source=GRAVEYARD;existing=5;tokens=2;field=7",card_mechanism.csv#UNG_010; generic-play-smoke:played; effect-evidence: reports/card_quality_full_2026-09-27/three_set_probe.csv#UNG_010::deathrattle_summons_three_one_one_murlocs; reports/card_quality_full_2026-09-27/three_set_probe.csv#UNG_010::deathrattle_summons_only_available_board_slots; per-card: reports/card_quality_full_2026-09-27/three_set_probe.csv#UNG_010::deathrattle_summons_three_one_one_murlocs; reports/card_quality_full_2026-09-27/three_set_probe.csv#UNG_010::deathrattle_summons_only_available_board_slots,聚合状态取该卡最差机制；普通烟测只证明可执行，不能单独构成 GREEN。 EN=Deathrattle: Summon three 1/1 Murlocs.; ZH=亡语：召唤三个1/1的鱼人。; source=fireplace/cards/ungoro/neutral_common.py:20; existing_tests=none; prior=YELLOW:2 个机制缺少充分的核心效果验证；逐机制依据见 card_mechanism.csv。,Deathrattle: Summon three 1/1 Murlocs.,亡语：召唤三个1/1的鱼人。,fireplace/cards/ungoro/neutral_common.py:20
17.6.0.53261,Journey to Un'Goro (UNGORO),UNG_011,Hydrologist,水文学家,Battlecry|Discover / Choice|Random effects,GREEN,implemented,yes,"本轮逐卡行为用例全部通过：battlecry_discovers_secret_and_selected_card_enters_hand=class=WARRIOR;options=[('EX1_379', 5), ('LOE_027', 5), ('EX1_132', 5)];selected=LOE_027;hand=['LOE_027'];choice=None; battlecry_uses_mage_secret_pool_for_mage=class=MAGE;options=[('EX1_594', 4), ('LOOT_101', 4), ('EX1_294', 4)];selected=EX1_594;hand=['EX1_594']",card_mechanism.csv#UNG_011; generic-play-smoke:played; effect-evidence: reports/card_quality_full_2026-09-27/three_set_probe.csv#UNG_011::battlecry_discovers_secret_and_selected_card_enters_hand; reports/card_quality_full_2026-09-27/three_set_probe.csv#UNG_011::battlecry_uses_mage_secret_pool_for_mage; per-card: reports/card_quality_full_2026-09-27/three_set_probe.csv#UNG_011::battlecry_discovers_secret_and_selected_card_enters_hand; reports/card_quality_full_2026-09-27/three_set_probe.csv#UNG_011::battlecry_uses_mage_secret_pool_for_mage,聚合状态取该卡最差机制；普通烟测只证明可执行，不能单独构成 GREEN。 EN=Battlecry: Discover a Secret.; ZH=战吼： 发现一张奥秘牌。; source=fireplace/cards/ungoro/paladin.py:8; existing_tests=tests/test_ungoro.py:302:test_hydrologist | tests/test_ungoro.py:310:test_hydrologist; prior=YELLOW:3 个机制缺少充分的核心效果验证；逐机制依据见 card_mechanism.csv。,Battlecry: Discover a Secret.,战吼： 发现一张奥秘牌。,fireplace/cards/ungoro/paladin.py:8
17.6.0.53261,Journey to Un'Goro (UNGORO),UNG_015,Sunkeeper Tarim,守日者塔林姆,Battlecry|Taunt,GREEN,implemented,yes,本轮逐卡行为用例全部通过：battlecry_sets_friendly_and_enemy_minions_to_three_three=friendly=3/3/3;enemy=3/3/3;tarim=3/7/7;taunt=1,card_mechanism.csv#UNG_015; generic-play-smoke:played; effect-evidence: reports/card_quality_full_2026-09-27/three_set_probe.csv#UNG_015::battlecry_sets_friendly_and_enemy_minions_to_three_three; per-card: reports/card_quality_full_2026-09-27/three_set_probe.csv#UNG_015::battlecry_sets_friendly_and_enemy_minions_to_three_three,聚合状态取该卡最差机制；普通烟测只证明可执行，不能单独构成 GREEN。 EN=Taunt Battlecry: Set all other minions' Attack and Health to 3.; ZH=嘲讽，战吼：将所有其他随从的攻击力和生命值变为3。; source=fireplace/cards/ungoro/paladin.py:16; existing_tests=none; prior=YELLOW:2 个机制缺少充分的核心效果验证；逐机制依据见 card_mechanism.csv。,Taunt Battlecry: Set all other minions' Attack and Health to 3.,嘲讽，战吼：将所有其他随从的攻击力和生命值变为3。,fireplace/cards/ungoro/paladin.py:16
17.6.0.53261,Journey to Un'Goro (UNGORO),UNG_018,Flame Geyser,烈焰喷涌,Spell resolution|Targeting,GREEN,implemented,yes,"本轮逐卡行为用例全部通过：spell_deals_two_and_adds_one_elemental=target_health=3/5;target_zone=PLAY;spell=GRAVEYARD;added=[('UNG_809t1', 1, 2, 'HAND')]",card_mechanism.csv#UNG_018; generic-play-smoke:played; effect-evidence: reports/card_quality_full_2026-09-27/three_set_probe.csv#UNG_018::spell_deals_two_and_adds_one_elemental; per-card: reports/card_quality_full_2026-09-27/three_set_probe.csv#UNG_018::spell_deals_two_and_adds_one_elemental,聚合状态取该卡最差机制；普通烟测只证明可执行，不能单独构成 GREEN。 EN=Deal $2 damage. Add a 1/2 Elemental to your hand.; ZH=造成$2点伤害。 将一张1/2的元素牌置入你的手牌。; source=fireplace/cards/ungoro/mage.py:40; existing_tests=none; prior=YELLOW:2 个机制缺少充分的核心效果验证；逐机制依据见 card_mechanism.csv。,Deal $2 damage. Add a 1/2 Elemental to your hand.,造成$2点伤害。 将一张1/2的元素牌置入你的手牌。,fireplace/cards/ungoro/mage.py:40
17.6.0.53261,Journey to Un'Goro (UNGORO),UNG_019,Air Elemental,空气元素,Untargetable,GREEN,implemented,yes,本轮逐卡行为用例全部通过：cannot_be_targeted_by_spell_or_hero_power=spell_rejected=HAND;hero_power_rejected=True;mana=10;health=1;power_uses=0,card_mechanism.csv#UNG_019; generic-play-smoke:played; effect-evidence: reports/card_quality_full_2026-09-27/three_set_probe.csv#UNG_019::cannot_be_targeted_by_spell_or_hero_power; per-card: reports/card_quality_full_2026-09-27/three_set_probe.csv#UNG_019::cannot_be_targeted_by_spell_or_hero_power,聚合状态取该卡最差机制；普通烟测只证明可执行，不能单独构成 GREEN。 EN=Can't be targeted by spells or Hero Powers.; ZH=无法成为法术或英雄技能的目标。; source=fireplace/cards/CardDefs.xml#UNG_019; existing_tests=none; prior=YELLOW:1 个机制缺少充分的核心效果验证；逐机制依据见 card_mechanism.csv。,Can't be targeted by spells or Hero Powers.,无法成为法术或英雄技能的目标。,
17.6.0.53261,Journey to Un'Goro (UNGORO),UNG_020,Arcanologist,秘法学家,Battlecry|Draw / Discard,GREEN,implemented,yes,本轮逐卡行为用例全部通过：battlecry_draws_secret_from_mixed_deck=secret=EX1_287/HAND;ordinary=CS2_231/DECK;hand=['EX1_287'];minion=PLAY; battlecry_does_not_draw_nonsecret_without_secret=ordinary=CS2_231/DECK;hand=[];minion=PLAY,card_mechanism.csv#UNG_020; generic-play-smoke:played; effect-evidence: reports/card_quality_full_2026-09-27/three_set_probe.csv#UNG_020::battlecry_draws_secret_from_mixed_deck; reports/card_quality_full_2026-09-27/three_set_probe.csv#UNG_020::battlecry_does_not_draw_nonsecret_without_secret; per-card: reports/card_quality_full_2026-09-27/three_set_probe.csv#UNG_020::battlecry_draws_secret_from_mixed_deck; reports/card_quality_full_2026-09-27/three_set_probe.csv#UNG_020::battlecry_does_not_draw_nonsecret_without_secret,聚合状态取该卡最差机制；普通烟测只证明可执行，不能单独构成 GREEN。 EN=Battlecry: Draw a Secret from your deck.; ZH=战吼：从你的牌库中抽一张奥秘牌。; source=fireplace/cards/ungoro/mage.py:8; existing_tests=none; prior=YELLOW:2 个机制缺少充分的核心效果验证；逐机制依据见 card_mechanism.csv。,Battlecry: Draw a Secret from your deck.,战吼：从你的牌库中抽一张奥秘牌。,fireplace/cards/ungoro/mage.py:8
17.6.0.53261,Journey to Un'Goro (UNGORO),UNG_021,Steam Surger,蒸汽涌动者,Battlecry,GREEN,implemented,yes,本轮逐卡行为用例全部通过：battlecry_rewards_if_elemental_played_last_turn=last_turn_elemental=UNG_809/PLAY;surger=PLAY;geyser=['UNG_018']; battlecry_does_not_reward_elemental_played_this_turn=same_turn_elemental=UNG_809;surger=PLAY;flame_geyser_in_hand=False,card_mechanism.csv#UNG_021; generic-play-smoke:played; effect-evidence: reports/card_quality_full_2026-09-27/three_set_probe.csv#UNG_021::battlecry_rewards_if_elemental_played_last_turn; reports/card_quality_full_2026-09-27/three_set_probe.csv#UNG_021::battlecry_does_not_reward_elemental_played_this_turn; per-card: reports/card_quality_full_2026-09-27/three_set_probe.csv#UNG_021::battlecry_rewards_if_elemental_played_last_turn; reports/card_quality_full_2026-09-27/three_set_probe.csv#UNG_021::battlecry_does_not_reward_elemental_played_this_turn,"聚合状态取该卡最差机制；普通烟测只证明可执行，不能单独构成 GREEN。 EN=[x]Battlecry: If you played an Elemental last turn, add a 'Flame Geyser' to your hand.; ZH=战吼：如果你在上个回合使用过元素牌，将一张“烈焰喷涌”置入你的手牌。; source=fireplace/cards/ungoro/mage.py:14; existing_tests=none; prior=YELLOW:1 个机制缺少充分的核心效果验证；逐机制依据见 card_mechanism.csv。","[x]Battlecry: If you played an Elemental last turn, add a 'Flame Geyser' to your hand.",战吼：如果你在上个回合使用过元素牌，将一张“烈焰喷涌”置入你的手牌。,fireplace/cards/ungoro/mage.py:14
17.6.0.53261,Journey to Un'Goro (UNGORO),UNG_022,Mirage Caller,幻象制造者,Battlecry|Summon|Targeting,GREEN,implemented,yes,"本轮逐卡行为用例全部通过：battlecry_summons_one_one_copy_of_friendly_target=buffed_original=CS2_231/1/3/3;clone=CS2_231/1/1/1;field=['CS2_231', 'UNG_022', 'CS2_231']; battlecry_optional_target_no_friendly_minion=field=['UNG_022'];caller=PLAY;choice=None",card_mechanism.csv#UNG_022; generic-play-smoke:played; effect-evidence: reports/card_quality_full_2026-09-27/three_set_probe.csv#UNG_022::battlecry_summons_one_one_copy_of_friendly_target; reports/card_quality_full_2026-09-27/three_set_probe.csv#UNG_022::battlecry_optional_target_no_friendly_minion; per-card: reports/card_quality_full_2026-09-27/three_set_probe.csv#UNG_022::battlecry_summons_one_one_copy_of_friendly_target; reports/card_quality_full_2026-09-27/three_set_probe.csv#UNG_022::battlecry_optional_target_no_friendly_minion,聚合状态取该卡最差机制；普通烟测只证明可执行，不能单独构成 GREEN。 EN=Battlecry: Choose a friendly minion. Summon a 1/1 copy of it.; ZH=战吼：选择一个友方随从，召唤一个它的1/1复制。; source=fireplace/cards/ungoro/priest.py:8; existing_tests=none; prior=YELLOW:3 个机制缺少充分的核心效果验证；逐机制依据见 card_mechanism.csv。,Battlecry: Choose a friendly minion. Summon a 1/1 copy of it.,战吼：选择一个友方随从，召唤一个它的1/1复制。,fireplace/cards/ungoro/priest.py:8
17.6.0.53261,Journey to Un'Goro (UNGORO),UNG_024,Mana Bind,法术共鸣,Secret|Spell resolution|Trigger,GREEN,implemented,yes,"本轮逐卡行为用例全部通过：secret_copies_opponent_spell_at_zero_cost=secret=GRAVEYARD;opponent_spell=CS2_008/GRAVEYARD;copied=[('CS2_008', 0, 'HAND')];hero_health=29; secret_does_not_trigger_on_opponent_minion=minion=CS2_231/PLAY;secret=SECRET;copied_hand=[]",card_mechanism.csv#UNG_024; generic-play-smoke:played; effect-evidence: reports/card_quality_full_2026-09-27/three_set_probe.csv#UNG_024::secret_copies_opponent_spell_at_zero_cost; reports/card_quality_full_2026-09-27/three_set_probe.csv#UNG_024::secret_does_not_trigger_on_opponent_minion; per-card: reports/card_quality_full_2026-09-27/three_set_probe.csv#UNG_024::secret_copies_opponent_spell_at_zero_cost; reports/card_quality_full_2026-09-27/three_set_probe.csv#UNG_024::secret_does_not_trigger_on_opponent_minion,"聚合状态取该卡最差机制；普通烟测只证明可执行，不能单独构成 GREEN。 EN=Secret: When your opponent casts a spell, add a copy to your hand that costs (0).; ZH=奥秘：当你的对手施放一个法术时，将该法术的一张复制置入你的手牌，其法力值消耗变为（0）点。; source=fireplace/cards/ungoro/mage.py:47; existing_tests=none; prior=YELLOW:3 个机制缺少充分的核心效果验证；逐机制依据见 card_mechanism.csv。","Secret: When your opponent casts a spell, add a copy to your hand that costs (0).",奥秘：当你的对手施放一个法术时，将该法术的一张复制置入你的手牌，其法力值消耗变为（0）点。,fireplace/cards/ungoro/mage.py:47
17.6.0.53261,Journey to Un'Goro (UNGORO),UNG_025,Volcano,火山喷发,Overload|Random effects|Spell resolution,GREEN,implemented,yes,"本轮逐卡行为用例全部通过：spell_splits_exactly_fifteen_damage_among_all_minions=seeds=3025:[(3, 'Player2'), (3, 'Player2'), (5, 'Player1'), (4, 'Player1')];3026:[(4, 'Player2'), (5, 'Player2'), (3, 'Player1'), (3, 'Player1')];3027:[(3, 'Player2'), (4, 'Player2'), (2, 'Player1'), (6, 'Player1')];3028:[(2, 'Player2'), (3, 'Player2'), (7, 'Player1'), (3, 'Player1')];3029:[(4, 'Player2'), (5, 'Player2'), (3, 'Player1'), (3, 'Player1')];3030:[(3, 'Player2'), (2, 'Player2'), (8, 'Player1'), (2, 'Player1')];3031:[(4, 'Player1'), (3, 'Player1'), (2, 'Player2'), (6, 'Player2')];3032:[(2, 'Player2'), (5, 'Player2'), (7, 'Player1'), (1, 'Player1')];3033:[(6, 'Player2'), (1, 'Player2'), (3, 'Player1'), (5, 'Player1')];3034:[(5, 'Player2'), (4, 'Player2'), (5, 'Player1'), (1, 'Player1')];3035:[(2, 'Player2'), (4, 'Player2'), (5, 'Player1'), (4, 'Player1')];3036:[(5, 'Player1'), (5, 'Player1'), (3, 'Player2'), (2, 'Player2')];3037:[(4, 'Player1'), (5, 'Player1'), (4, 'Player2'), (2, 'Player2')];3038:[(4, 'Player1'), (4, 'Player1'), (7, 'Player2'), (0, 'Player2')];3039:[(4, 'Player2'), (4, 'Player2'), (4, 'Player1'), (3, 'Player1')];3040:[(8, 'Player1'), (2, 'Player1'), (3, 'Player2'), (2, 'Player2')];eligible_controllers_hit=2;damage_each_run=15;overload=2",card_mechanism.csv#UNG_025; generic-play-smoke:played; effect-evidence: reports/card_quality_full_2026-09-27/three_set_probe.csv#UNG_025::spell_splits_exactly_fifteen_damage_among_all_minions; per-card: reports/card_quality_full_2026-09-27/three_set_probe.csv#UNG_025::spell_splits_exactly_fifteen_damage_among_all_minions,聚合状态取该卡最差机制；普通烟测只证明可执行，不能单独构成 GREEN。 EN=Deal $15 damage randomly split among all minions. Overload: (2); ZH=造成$15点伤害，随机分配到所有随从身上。 过载：（2）; source=fireplace/cards/ungoro/shaman.py:67; existing_tests=none; prior=YELLOW:2 个机制缺少充分的核心效果验证；逐机制依据见 card_mechanism.csv。,Deal $15 damage randomly split among all minions. Overload: (2),造成$15点伤害，随机分配到所有随从身上。 过载：（2）,fireplace/cards/ungoro/shaman.py:67
17.6.0.53261,Journey to Un'Goro (UNGORO),UNG_027,Pyros,派烙斯,Deathrattle,GREEN,implemented,yes,本轮逐卡行为用例全部通过：deathrattle_returns_six_six_then_ten_ten=first_form=UNG_027t2/6/6/cost6;second_form=UNG_027t4/10/10/cost10/HAND;old_instances=SETASIDE,card_mechanism.csv#UNG_027; generic-play-smoke:played; effect-evidence: reports/card_quality_full_2026-09-27/three_set_probe.csv#UNG_027::deathrattle_returns_six_six_then_ten_ten; per-card: reports/card_quality_full_2026-09-27/three_set_probe.csv#UNG_027::deathrattle_returns_six_six_then_ten_ten,聚合状态取该卡最差机制；普通烟测只证明可执行，不能单独构成 GREEN。 EN=Deathrattle: Return this to your hand as a 6/6 that costs (6).; ZH=亡语：将该随从移回你的手牌，并变为法力值消耗为（6）点的6/6随从牌。; source=fireplace/cards/ungoro/mage.py:20; existing_tests=none; prior=YELLOW:1 个机制缺少充分的核心效果验证；逐机制依据见 card_mechanism.csv。,Deathrattle: Return this to your hand as a 6/6 that costs (6).,亡语：将该随从移回你的手牌，并变为法力值消耗为（6）点的6/6随从牌。,fireplace/cards/ungoro/mage.py:20
17.6.0.53261,Journey to Un'Goro (UNGORO),UNG_028,Open the Waygate,打开时空之门,Quest|Spell resolution,GREEN,implemented,yes,本轮逐卡行为用例全部通过：quest_requires_eight_nonstarting_spells_and_rewards_time_warp=quest_progress=8;quest=GRAVEYARD;reward=['UNG_028t'];starting_spell_excluded=True;coin_counted=True,card_mechanism.csv#UNG_028; generic-play-smoke:played; effect-evidence: reports/card_quality_full_2026-09-27/three_set_probe.csv#UNG_028::quest_requires_eight_nonstarting_spells_and_rewards_time_warp; per-card: reports/card_quality_full_2026-09-27/three_set_probe.csv#UNG_028::quest_requires_eight_nonstarting_spells_and_rewards_time_warp,聚合状态取该卡最差机制；普通烟测只证明可执行，不能单独构成 GREEN。 EN=[x]Quest: Cast 8 spells that didn't start in your deck. Reward: Time Warp.; ZH=任务：施放8个你的套牌之外的 法术。  奖励：时空扭曲。; source=fireplace/cards/ungoro/mage.py:66; existing_tests=tests/test_ungoro.py:258:test_mage_quest | tests/test_ungoro.py:254:test_mage_quest; prior=YELLOW:2 个机制缺少充分的核心效果验证；逐机制依据见 card_mechanism.csv。,[x]Quest: Cast 8 spells that didn't start in your deck. Reward: Time Warp.,任务：施放8个你的套牌之外的 法术。  奖励：时空扭曲。,fireplace/cards/ungoro/mage.py:66
17.6.0.53261,Journey to Un'Goro (UNGORO),UNG_029,Shadow Visions,暗影视界,Discover / Choice|Spell resolution,GREEN,implemented,yes,"本轮逐卡行为用例全部通过：discover_offers_distinct_spells_and_adds_copy=options=['CS2_008', 'CS2_029', 'CS2_089'];chosen=CS2_029;copy_zone=HAND;deck=['CS2_029', 'CS2_089', 'CS2_008'];deck_size=3",card_mechanism.csv#UNG_029; generic-play-smoke:played; effect-evidence: reports/card_quality_full_2026-09-27/three_set_probe.csv#UNG_029::discover_offers_distinct_spells_and_adds_copy; per-card: reports/card_quality_full_2026-09-27/three_set_probe.csv#UNG_029::discover_offers_distinct_spells_and_adds_copy,聚合状态取该卡最差机制；普通烟测只证明可执行，不能单独构成 GREEN。 EN=Discover a copy of a spell in your deck.; ZH=从你的牌库中发现一张法术牌的复制。; source=fireplace/cards/ungoro/priest.py:119; existing_tests=none; prior=YELLOW:2 个机制缺少充分的核心效果验证；逐机制依据见 card_mechanism.csv。,Discover a copy of a spell in your deck.,从你的牌库中发现一张法术牌的复制。,fireplace/cards/ungoro/priest.py:119
17.6.0.53261,Journey to Un'Goro (UNGORO),UNG_030,Binding Heal,联结治疗,Spell resolution|Targeting,GREEN,implemented,yes,本轮逐卡行为用例全部通过：spell_restores_five_to_friendly_minion_and_hero=friendly_minion=5/5;own_hero=25;spell=GRAVEYARD; spell_can_heal_enemy_minion_and_own_hero=enemy_minion=5/5;own_hero=25;enemy_hero=20;spell=GRAVEYARD,card_mechanism.csv#UNG_030; generic-play-smoke:played; effect-evidence: reports/card_quality_full_2026-09-27/three_set_probe.csv#UNG_030::spell_restores_five_to_friendly_minion_and_hero; reports/card_quality_full_2026-09-27/three_set_probe.csv#UNG_030::spell_can_heal_enemy_minion_and_own_hero; per-card: reports/card_quality_full_2026-09-27/three_set_probe.csv#UNG_030::spell_restores_five_to_friendly_minion_and_hero; reports/card_quality_full_2026-09-27/three_set_probe.csv#UNG_030::spell_can_heal_enemy_minion_and_own_hero,聚合状态取该卡最差机制；普通烟测只证明可执行，不能单独构成 GREEN。 EN=Restore #5 Health to a minion and your hero.; ZH=为你的英雄和一个随从恢复#5点生命值。; source=fireplace/cards/ungoro/priest.py:127; existing_tests=none; prior=YELLOW:2 个机制缺少充分的核心效果验证；逐机制依据见 card_mechanism.csv。,Restore #5 Health to a minion and your hero.,为你的英雄和一个随从恢复#5点生命值。,fireplace/cards/ungoro/priest.py:127
17.6.0.53261,Journey to Un'Goro (UNGORO),UNG_032,Crystalline Oracle,结晶预言者,Deathrattle,GREEN,implemented,yes,"本轮逐卡行为用例全部通过：deathrattle_copies_one_enemy_deck_card_to_hand=copies=3232:CS2_029;3233:CS2_029;3234:CS2_231;3235:CS2_231;3236:CS2_029;3237:CS2_231;3238:CS2_029;3239:CS2_029;3240:CS2_029;3241:CS2_231;3242:CS2_231;3243:CS2_231;3244:CS2_231;3245:CS2_029;3246:CS2_231;3247:CS2_231;distinct=['CS2_029', 'CS2_231'];enemy_originals_preserved=True",card_mechanism.csv#UNG_032; generic-play-smoke:played; effect-evidence: reports/card_quality_full_2026-09-27/three_set_probe.csv#UNG_032::deathrattle_copies_one_enemy_deck_card_to_hand; per-card: reports/card_quality_full_2026-09-27/three_set_probe.csv#UNG_032::deathrattle_copies_one_enemy_deck_card_to_hand,聚合状态取该卡最差机制；普通烟测只证明可执行，不能单独构成 GREEN。 EN=[x]Deathrattle: Copy a card from your opponent's deck  and add it to your hand.; ZH=亡语：复制你对手的牌库中的一张牌，并将其置入你的手牌。; source=fireplace/cards/ungoro/priest.py:24; existing_tests=none; prior=YELLOW:1 个机制缺少充分的核心效果验证；逐机制依据见 card_mechanism.csv。,[x]Deathrattle: Copy a card from your opponent's deck  and add it to your hand.,亡语：复制你对手的牌库中的一张牌，并将其置入你的手牌。,fireplace/cards/ungoro/priest.py:24
17.6.0.53261,Journey to Un'Goro (UNGORO),UNG_034,Radiant Elemental,光照元素,Aura|Continuous effect / Update|Cost modification,GREEN,implemented,yes,本轮逐卡行为用例全部通过：aura_reduces_only_owner_spell_costs_and_stacks=fireball_cost=4->3->2->3->4;moonfire=0;opponent_fireball=4;auras_removed=True,card_mechanism.csv#UNG_034; generic-play-smoke:played; effect-evidence: reports/card_quality_full_2026-09-27/three_set_probe.csv#UNG_034::aura_reduces_only_owner_spell_costs_and_stacks; per-card: reports/card_quality_full_2026-09-27/three_set_probe.csv#UNG_034::aura_reduces_only_owner_spell_costs_and_stacks,聚合状态取该卡最差机制；普通烟测只证明可执行，不能单独构成 GREEN。 EN=Your spells cost (1) less.; ZH=你的法术的法力值消耗减少（1）点。; source=fireplace/cards/ungoro/priest.py:30; existing_tests=none; prior=YELLOW:3 个机制缺少充分的核心效果验证；逐机制依据见 card_mechanism.csv。,Your spells cost (1) less.,你的法术的法力值消耗减少（1）点。,fireplace/cards/ungoro/priest.py:30
17.6.0.53261,Journey to Un'Goro (UNGORO),UNG_035,Curious Glimmerroot,好奇的萤根草,Battlecry|Random effects,GREEN,implemented,yes,"本轮逐卡行为用例全部通过：battlecry_correct_guess_copies_opponent_starting_deck_card=options=['EX1_623', 'CFM_604', 'LOOT_534'];correct=CFM_604;hand_delta=1;choice=None; battlecry_wrong_guess_gives_no_copy=wrong=GVG_003;actual_starting=AT_003;hand_delta=0;choice=None",card_mechanism.csv#UNG_035; generic-play-smoke:exception; effect-evidence: reports/card_quality_full_2026-09-27/three_set_probe.csv#UNG_035::battlecry_correct_guess_copies_opponent_starting_deck_card; reports/card_quality_full_2026-09-27/three_set_probe.csv#UNG_035::battlecry_wrong_guess_gives_no_copy; per-card: reports/card_quality_full_2026-09-27/three_set_probe.csv#UNG_035::battlecry_correct_guess_copies_opponent_starting_deck_card; reports/card_quality_full_2026-09-27/three_set_probe.csv#UNG_035::battlecry_wrong_guess_gives_no_copy,聚合状态取该卡最差机制；普通烟测只证明可执行，不能单独构成 GREEN。 EN=[x]Battlecry: Look at 3 cards. Guess which one started in your opponent's deck to get a copy of it.; ZH=战吼：检视三张卡牌。猜中来自你对手套牌中的卡牌，则获得该牌的一张复制。; source=fireplace/cards/ungoro/priest.py:36; existing_tests=tests/test_ungoro.py:36:test_curious_glimmerroot | tests/test_ungoro.py:50:test_curious_glimmerroot; prior=YELLOW:2 个机制缺少充分的核心效果验证；逐机制依据见 card_mechanism.csv。,[x]Battlecry: Look at 3 cards. Guess which one started in your opponent's deck to get a copy of it.,战吼：检视三张卡牌。猜中来自你对手套牌中的卡牌，则获得该牌的一张复制。,fireplace/cards/ungoro/priest.py:36
17.6.0.53261,Journey to Un'Goro (UNGORO),UNG_047,Ravenous Pterrordax,饥饿的翼手龙,Battlecry|Targeting,GREEN,implemented,yes,"本轮逐卡行为用例全部通过：battlecry_destroys_selected_friendly_minion_and_adapts_twice=victim=GRAVEYARD;adapt_choices=['UNG_999t2', 'UNG_999t14'];buffs=['UNG_999t2e', 'UNG_999t14e'];field=['UNG_047']; battlecry_without_friendly_target_does_not_adapt=beast=PLAY;field=['UNG_047'];choice=None",card_mechanism.csv#UNG_047; generic-play-smoke:played; effect-evidence: reports/card_quality_full_2026-09-27/three_set_probe.csv#UNG_047::battlecry_destroys_selected_friendly_minion_and_adapts_twice; reports/card_quality_full_2026-09-27/three_set_probe.csv#UNG_047::battlecry_without_friendly_target_does_not_adapt; per-card: reports/card_quality_full_2026-09-27/three_set_probe.csv#UNG_047::battlecry_destroys_selected_friendly_minion_and_adapts_twice; reports/card_quality_full_2026-09-27/three_set_probe.csv#UNG_047::battlecry_without_friendly_target_does_not_adapt,聚合状态取该卡最差机制；普通烟测只证明可执行，不能单独构成 GREEN。 EN=Battlecry: Destroy a friendly minion to Adapt twice.; ZH=战吼： 消灭一个友方随从，并连续进化两次。; source=fireplace/cards/ungoro/warlock.py:8; existing_tests=none; prior=YELLOW:2 个机制缺少充分的核心效果验证；逐机制依据见 card_mechanism.csv。,Battlecry: Destroy a friendly minion to Adapt twice.,战吼： 消灭一个友方随从，并连续进化两次。,fireplace/cards/ungoro/warlock.py:8
17.6.0.53261,Journey to Un'Goro (UNGORO),UNG_049,Tar Lurker,焦油潜伏者,Continuous effect / Update|Taunt,GREEN,implemented,yes,本轮逐卡行为用例全部通过：continuous_effect_adds_three_attack_only_during_opponent_turn=own_turn_attack=1;opponent_turn_attack=4;returned_attack=1;taunt=1,card_mechanism.csv#UNG_049; generic-play-smoke:played; effect-evidence: reports/card_quality_full_2026-09-27/three_set_probe.csv#UNG_049::continuous_effect_adds_three_attack_only_during_opponent_turn; per-card: reports/card_quality_full_2026-09-27/three_set_probe.csv#UNG_049::continuous_effect_adds_three_attack_only_during_opponent_turn,聚合状态取该卡最差机制；普通烟测只证明可执行，不能单独构成 GREEN。 EN=Taunt Has +3 Attack during your opponent's turn.; ZH=嘲讽 在你对手的回合获得+3攻击力。; source=fireplace/cards/ungoro/warlock.py:19; existing_tests=none; prior=YELLOW:2 个机制缺少充分的核心效果验证；逐机制依据见 card_mechanism.csv。,Taunt Has +3 Attack during your opponent's turn.,嘲讽 在你对手的回合获得+3攻击力。,fireplace/cards/ungoro/warlock.py:19
17.6.0.53261,Journey to Un'Goro (UNGORO),UNG_057,Razorpetal Volley,刀瓣齐射,Spell resolution,GREEN,implemented,yes,本轮逐卡行为用例全部通过：spell_adds_two_razorpetals_and_one_deals_one_damage=volley=GRAVEYARD;petals_before=2;cast_target=4/5;cast=GRAVEYARD;remaining_petals=1,card_mechanism.csv#UNG_057; generic-play-smoke:played; effect-evidence: reports/card_quality_full_2026-09-27/three_set_probe.csv#UNG_057::spell_adds_two_razorpetals_and_one_deals_one_damage; per-card: reports/card_quality_full_2026-09-27/three_set_probe.csv#UNG_057::spell_adds_two_razorpetals_and_one_deals_one_damage,聚合状态取该卡最差机制；普通烟测只证明可执行，不能单独构成 GREEN。 EN=Add two Razorpetals to your hand that deal 1 damage.; ZH=将两张可造成1点伤害的“刀瓣”置入你的手牌。; source=fireplace/cards/ungoro/rogue.py:57; existing_tests=none; prior=YELLOW:1 个机制缺少充分的核心效果验证；逐机制依据见 card_mechanism.csv。,Add two Razorpetals to your hand that deal 1 damage.,将两张可造成1点伤害的“刀瓣”置入你的手牌。,fireplace/cards/ungoro/rogue.py:57
17.6.0.53261,Journey to Un'Goro (UNGORO),UNG_058,Razorpetal Lasher,刀瓣鞭笞者,Battlecry,GREEN,implemented,yes,本轮逐卡行为用例全部通过：battlecry_adds_one_razorpetal_that_deals_one_damage=lasher=PLAY;petal=UNG_057t1/GRAVEYARD;target=4/5,card_mechanism.csv#UNG_058; generic-play-smoke:played; effect-evidence: reports/card_quality_full_2026-09-27/three_set_probe.csv#UNG_058::battlecry_adds_one_razorpetal_that_deals_one_damage; per-card: reports/card_quality_full_2026-09-27/three_set_probe.csv#UNG_058::battlecry_adds_one_razorpetal_that_deals_one_damage,聚合状态取该卡最差机制；普通烟测只证明可执行，不能单独构成 GREEN。 EN=[x]Battlecry: Add a Razorpetal to your hand that deals 1 damage.; ZH=战吼：将一张可造成1点伤害的“刀瓣”置入你的手牌。; source=fireplace/cards/ungoro/rogue.py:10; existing_tests=none; prior=YELLOW:1 个机制缺少充分的核心效果验证；逐机制依据见 card_mechanism.csv。,[x]Battlecry: Add a Razorpetal to your hand that deals 1 damage.,战吼：将一张可造成1点伤害的“刀瓣”置入你的手牌。,fireplace/cards/ungoro/rogue.py:10
17.6.0.53261,Journey to Un'Goro (UNGORO),UNG_060,Mimic Pod,拟态豆荚,Draw / Discard|Spell resolution,GREEN,implemented,yes,"本轮逐卡行为用例全部通过：spell_draws_card_and_adds_distinct_copy=original_and_copy=[('CS2_231', 'HAND', True), ('CS2_231', 'HAND', False)];deck_size=0;spell=GRAVEYARD; spell_empty_deck_has_no_card_to_copy=spell=GRAVEYARD;hand=[];deck=[];fatigue_disabled=False;hero_and_fatigue=(30, 0)->(29, 1)",card_mechanism.csv#UNG_060; generic-play-smoke:played; effect-evidence: reports/card_quality_full_2026-09-27/three_set_probe.csv#UNG_060::spell_draws_card_and_adds_distinct_copy; reports/card_quality_full_2026-09-27/three_set_probe.csv#UNG_060::spell_empty_deck_has_no_card_to_copy; per-card: reports/card_quality_full_2026-09-27/three_set_probe.csv#UNG_060::spell_draws_card_and_adds_distinct_copy; reports/card_quality_full_2026-09-27/three_set_probe.csv#UNG_060::spell_empty_deck_has_no_card_to_copy,"聚合状态取该卡最差机制；普通烟测只证明可执行，不能单独构成 GREEN。 EN=Draw a card, then add a copy of it to your hand.; ZH=抽一张牌，然后将一张它的复制置入你的手牌。; source=fireplace/cards/ungoro/rogue.py:70; existing_tests=none; prior=YELLOW:2 个机制缺少充分的核心效果验证；逐机制依据见 card_mechanism.csv。","Draw a card, then add a copy of it to your hand.",抽一张牌，然后将一张它的复制置入你的手牌。,fireplace/cards/ungoro/rogue.py:70
17.6.0.53261,Journey to Un'Goro (UNGORO),UNG_061,Obsidian Shard,黑曜石碎片,Cost modification|Weapon,GREEN,implemented,yes,本轮逐卡行为用例全部通过：weapon_cost_reduced_per_other_class_card_played=base=4;after_other_class_1=3;after_other_class_2=2;after_own_class=2;equip_mana_delta=2;weapon=UNG_061/3/3;runtime_cost_after_equip=4,card_mechanism.csv#UNG_061; generic-play-smoke:played; effect-evidence: reports/card_quality_full_2026-09-27/three_set_probe.csv#UNG_061::weapon_cost_reduced_per_other_class_card_played; per-card: reports/card_quality_full_2026-09-27/three_set_probe.csv#UNG_061::weapon_cost_reduced_per_other_class_card_played,聚合状态取该卡最差机制；普通烟测只证明可执行，不能单独构成 GREEN。 EN=[x]Costs (1) less for each card you've played from another class.; ZH=每使用一张 其他职业的卡牌，该牌的法力值消耗便减少（1）点。; source=fireplace/cards/ungoro/rogue.py:134; existing_tests=none; prior=YELLOW:2 个机制缺少充分的核心效果验证；逐机制依据见 card_mechanism.csv。,[x]Costs (1) less for each card you've played from another class.,每使用一张 其他职业的卡牌，该牌的法力值消耗便减少（1）点。,fireplace/cards/ungoro/rogue.py:134
17.6.0.53261,Journey to Un'Goro (UNGORO),UNG_063,Biteweed,食人草,Combo,GREEN,implemented,yes,本轮逐卡行为用例全部通过：combo_attack_health_scale_with_prior_cards=prior_cards=0:1/1;prior_cards=1:2/2;prior_cards=2:3/3,card_mechanism.csv#UNG_063; generic-play-smoke:played; effect-evidence: reports/card_quality_full_2026-09-27/three_set_probe.csv#UNG_063::combo_attack_health_scale_with_prior_cards; per-card: reports/card_quality_full_2026-09-27/three_set_probe.csv#UNG_063::combo_attack_health_scale_with_prior_cards,聚合状态取该卡最差机制；普通烟测只证明可执行，不能单独构成 GREEN。 EN=Combo: Gain +1/+1 for each other card you've played this turn.; ZH=连击：在本回合中，你每使用一张其他牌，便获得+1/+1。; source=fireplace/cards/ungoro/rogue.py:16; existing_tests=none; prior=YELLOW:1 个机制缺少充分的核心效果验证；逐机制依据见 card_mechanism.csv。,Combo: Gain +1/+1 for each other card you've played this turn.,连击：在本回合中，你每使用一张其他牌，便获得+1/+1。,fireplace/cards/ungoro/rogue.py:16
17.6.0.53261,Journey to Un'Goro (UNGORO),UNG_064,Vilespine Slayer,邪脊吞噬者,Combo|Targeting,GREEN,implemented,yes,"本轮逐卡行为用例全部通过：combo_only_destroys_target_after_prior_card=no_combo_target_survives=PLAY;combo_target=GRAVEYARD;slayers=['UNG_064', 'UNG_064']",card_mechanism.csv#UNG_064; generic-play-smoke:played; effect-evidence: reports/card_quality_full_2026-09-27/three_set_probe.csv#UNG_064::combo_only_destroys_target_after_prior_card; per-card: reports/card_quality_full_2026-09-27/three_set_probe.csv#UNG_064::combo_only_destroys_target_after_prior_card,聚合状态取该卡最差机制；普通烟测只证明可执行，不能单独构成 GREEN。 EN=Combo: Destroy a minion.; ZH=连击： 消灭一个随从。; source=fireplace/cards/ungoro/rogue.py:25; existing_tests=none; prior=YELLOW:2 个机制缺少充分的核心效果验证；逐机制依据见 card_mechanism.csv。,Combo: Destroy a minion.,连击： 消灭一个随从。,fireplace/cards/ungoro/rogue.py:25
17.6.0.53261,Journey to Un'Goro (UNGORO),UNG_065,"Sherazin, Corpse Flower",“尸魔花”瑟拉金,Deathrattle|Summon,GREEN,implemented,yes,本轮逐卡行为用例全部通过：deathrattle_dormant_resets_each_turn_and_revives_after_four_plays=dead_instance=GRAVEYARD;dormant_progress_after3=3;after_turn_reset=0;dormant_progress_before4=3;revived=UNG_065/5/3/PLAY;dormant_final=SETASIDE,card_mechanism.csv#UNG_065; generic-play-smoke:played; effect-evidence: reports/card_quality_full_2026-09-27/three_set_probe.csv#UNG_065::deathrattle_dormant_resets_each_turn_and_revives_after_four_plays; per-card: reports/card_quality_full_2026-09-27/three_set_probe.csv#UNG_065::deathrattle_dormant_resets_each_turn_and_revives_after_four_plays,聚合状态取该卡最差机制；普通烟测只证明可执行，不能单独构成 GREEN。 EN=Deathrattle: Go Dormant. Play 4 cards in a turn to revive this minion.; ZH=亡语：进入休眠状态。在一回合中使用四张牌可唤醒该随从。; source=fireplace/cards/ungoro/rogue.py:35; existing_tests=tests/test_ungoro.py:59:test_sherazin_corpse_flower | tests/test_ungoro.py:64:test_sherazin_corpse_flower | tests/test_ungoro.py:69:test_sherazin_corpse_flower | tests/test_ungoro.py:85:test_sherazin_seed | tests/test_ungoro.py:76:test_sherazin_seed; prior=YELLOW:2 个机制缺少充分的核心效果验证；逐机制依据见 card_mechanism.csv。,Deathrattle: Go Dormant. Play 4 cards in a turn to revive this minion.,亡语：进入休眠状态。在一回合中使用四张牌可唤醒该随从。,fireplace/cards/ungoro/rogue.py:35
17.6.0.53261,Journey to Un'Goro (UNGORO),UNG_067,The Caverns Below,探索地下洞穴,Quest|Spell resolution,GREEN,implemented,yes,"本轮逐卡行为用例全部通过：quest_requires_five_same_name_minions_and_core_buffs_every_zone=quest_progress=5;different_name_not_counted=True;reward=GRAVEYARD;board=[(4, 4), (4, 4), (4, 4), (4, 4), (4, 4)];hand_wisp=4/4;deck_wisp=4/4",card_mechanism.csv#UNG_067; generic-play-smoke:played; effect-evidence: reports/card_quality_full_2026-09-27/three_set_probe.csv#UNG_067::quest_requires_five_same_name_minions_and_core_buffs_every_zone; per-card: reports/card_quality_full_2026-09-27/three_set_probe.csv#UNG_067::quest_requires_five_same_name_minions_and_core_buffs_every_zone,聚合状态取该卡最差机制；普通烟测只证明可执行，不能单独构成 GREEN。 EN=[x]Quest: Play five minions with the same name. Reward: Crystal Core.; ZH=任务：使用五张名称相同的随从牌。 奖励：水晶核心。; source=fireplace/cards/ungoro/rogue.py:79; existing_tests=tests/test_ungoro.py:233:test_rogue_quest; prior=YELLOW:2 个机制缺少充分的核心效果验证；逐机制依据见 card_mechanism.csv。,[x]Quest: Play five minions with the same name. Reward: Crystal Core.,任务：使用五张名称相同的随从牌。 奖励：水晶核心。,fireplace/cards/ungoro/rogue.py:79
17.6.0.53261,Journey to Un'Goro (UNGORO),UNG_070,Tol'vir Stoneshaper,托维尔塑石师,Battlecry,GREEN,implemented,yes,本轮逐卡行为用例全部通过：battlecry_gains_taunt_and_shield_after_previous_turn_elemental=last_turn_elemental=UNG_809;stoneshaper=3/5;taunt=True;shield=True; battlecry_ignores_elemental_played_this_turn=same_turn_elemental=UNG_809;taunt=False;shield=False,card_mechanism.csv#UNG_070; generic-play-smoke:played; effect-evidence: reports/card_quality_full_2026-09-27/three_set_probe.csv#UNG_070::battlecry_gains_taunt_and_shield_after_previous_turn_elemental; reports/card_quality_full_2026-09-27/three_set_probe.csv#UNG_070::battlecry_ignores_elemental_played_this_turn; per-card: reports/card_quality_full_2026-09-27/three_set_probe.csv#UNG_070::battlecry_gains_taunt_and_shield_after_previous_turn_elemental; reports/card_quality_full_2026-09-27/three_set_probe.csv#UNG_070::battlecry_ignores_elemental_played_this_turn,"聚合状态取该卡最差机制；普通烟测只证明可执行，不能单独构成 GREEN。 EN=[x]Battlecry: If you played an Elemental last turn, gain  Taunt and Divine Shield.; ZH=战吼：如果你在上个回合使用过元素牌，则获得嘲讽和圣盾。; source=fireplace/cards/ungoro/neutral_rare.py:14; existing_tests=none; prior=YELLOW:1 个机制缺少充分的核心效果验证；逐机制依据见 card_mechanism.csv。","[x]Battlecry: If you played an Elemental last turn, gain  Taunt and Divine Shield.",战吼：如果你在上个回合使用过元素牌，则获得嘲讽和圣盾。,fireplace/cards/ungoro/neutral_rare.py:14
17.6.0.53261,Journey to Un'Goro (UNGORO),UNG_071,Giant Mastodon,巨型乳齿象,Taunt,GREEN,implemented,yes,本轮逐卡行为用例全部通过：taunt_blocks_face_and_can_be_attacked_in_combat=mastodon=6/8/10;taunt=1;face_blocked=True;attacker=GRAVEYARD,card_mechanism.csv#UNG_071; generic-play-smoke:played; effect-evidence: reports/card_quality_full_2026-09-27/three_set_probe.csv#UNG_071::taunt_blocks_face_and_can_be_attacked_in_combat; per-card: reports/card_quality_full_2026-09-27/three_set_probe.csv#UNG_071::taunt_blocks_face_and_can_be_attacked_in_combat,聚合状态取该卡最差机制；普通烟测只证明可执行，不能单独构成 GREEN。 EN=Taunt; ZH=嘲讽; source=fireplace/cards/CardDefs.xml#UNG_071; existing_tests=none; prior=YELLOW:1 个机制缺少充分的核心效果验证；逐机制依据见 card_mechanism.csv。,Taunt,嘲讽,
17.6.0.53261,Journey to Un'Goro (UNGORO),UNG_072,Stonehill Defender,石丘防御者,Battlecry|Discover / Choice|Random effects|Taunt,GREEN,implemented,yes,"本轮逐卡行为用例全部通过：battlecry_discovers_only_taunt_minions_and_adds_choice=options=[('DAL_551', 1), ('EX1_390', 1), ('GIL_120', 1)];selected=EX1_390;hand=['EX1_390'];defender_taunt=1",card_mechanism.csv#UNG_072; generic-play-smoke:played; effect-evidence: reports/card_quality_full_2026-09-27/three_set_probe.csv#UNG_072::battlecry_discovers_only_taunt_minions_and_adds_choice; per-card: reports/card_quality_full_2026-09-27/three_set_probe.csv#UNG_072::battlecry_discovers_only_taunt_minions_and_adds_choice,聚合状态取该卡最差机制；普通烟测只证明可执行，不能单独构成 GREEN。 EN=Taunt Battlecry: Discover a Taunt minion.; ZH=嘲讽，战吼： 发现一张具有嘲讽的随从牌。; source=fireplace/cards/ungoro/neutral_rare.py:23; existing_tests=none; prior=YELLOW:4 个机制缺少充分的核心效果验证；逐机制依据见 card_mechanism.csv。,Taunt Battlecry: Discover a Taunt minion.,嘲讽，战吼： 发现一张具有嘲讽的随从牌。,fireplace/cards/ungoro/neutral_rare.py:23
17.6.0.53261,Journey to Un'Goro (UNGORO),UNG_073,Rockpool Hunter,石塘猎人,Battlecry|Targeting,GREEN,implemented,yes,本轮逐卡行为用例全部通过：battlecry_gives_one_one_only_to_friendly_murloc=friendly_murloc=2/2;enemy_murloc=1/1;friendly_nonmurloc=1/1,card_mechanism.csv#UNG_073; generic-play-smoke:played; effect-evidence: reports/card_quality_full_2026-09-27/three_set_probe.csv#UNG_073::battlecry_gives_one_one_only_to_friendly_murloc; per-card: reports/card_quality_full_2026-09-27/three_set_probe.csv#UNG_073::battlecry_gives_one_one_only_to_friendly_murloc,聚合状态取该卡最差机制；普通烟测只证明可执行，不能单独构成 GREEN。 EN=Battlecry: Give a friendly Murloc +1/+1.; ZH=战吼：使一个友方鱼人获得+1/+1。; source=fireplace/cards/ungoro/neutral_common.py:26; existing_tests=none; prior=YELLOW:2 个机制缺少充分的核心效果验证；逐机制依据见 card_mechanism.csv。,Battlecry: Give a friendly Murloc +1/+1.,战吼：使一个友方鱼人获得+1/+1。,fireplace/cards/ungoro/neutral_common.py:26
17.6.0.53261,Journey to Un'Goro (UNGORO),UNG_075,Vicious Fledgling,凶恶的雏龙,Trigger,GREEN,implemented,yes,本轮逐卡行为用例全部通过：after_attack_hero_offers_adapt=hero_health=30->27;adapt=UNG_999t2;buffs=['UNG_999t2e']; after_attack_minion_does_not_offer_adapt=attacked_minion_health=5->2;choice=None;buffs=[],card_mechanism.csv#UNG_075; generic-play-smoke:played; effect-evidence: reports/card_quality_full_2026-09-27/three_set_probe.csv#UNG_075::after_attack_hero_offers_adapt; reports/card_quality_full_2026-09-27/three_set_probe.csv#UNG_075::after_attack_minion_does_not_offer_adapt; per-card: reports/card_quality_full_2026-09-27/three_set_probe.csv#UNG_075::after_attack_hero_offers_adapt; reports/card_quality_full_2026-09-27/three_set_probe.csv#UNG_075::after_attack_minion_does_not_offer_adapt,"聚合状态取该卡最差机制；普通烟测只证明可执行，不能单独构成 GREEN。 EN=After this minion attacks a hero, Adapt.; ZH=在该随从攻击一方英雄后，获得进化。; source=fireplace/cards/ungoro/neutral_rare.py:29; existing_tests=none; prior=YELLOW:1 个机制缺少充分的核心效果验证；逐机制依据见 card_mechanism.csv。","After this minion attacks a hero, Adapt.",在该随从攻击一方英雄后，获得进化。,fireplace/cards/ungoro/neutral_rare.py:29
17.6.0.53261,Journey to Un'Goro (UNGORO),UNG_076,Eggnapper,卑劣的窃蛋者,Deathrattle|Summon,GREEN,implemented,yes,"本轮逐卡行为用例全部通过：deathrattle_summons_two_one_one_raptors=source=GRAVEYARD;raptors=[('UNG_076t1', 1, 1, 'PLAY'), ('UNG_076t1', 1, 1, 'PLAY')]; deathrattle_respects_available_board_slots=source=GRAVEYARD;existing=5;tokens=2;field=7",card_mechanism.csv#UNG_076; generic-play-smoke:played; effect-evidence: reports/card_quality_full_2026-09-27/three_set_probe.csv#UNG_076::deathrattle_summons_two_one_one_raptors; reports/card_quality_full_2026-09-27/three_set_probe.csv#UNG_076::deathrattle_respects_available_board_slots; per-card: reports/card_quality_full_2026-09-27/three_set_probe.csv#UNG_076::deathrattle_summons_two_one_one_raptors; reports/card_quality_full_2026-09-27/three_set_probe.csv#UNG_076::deathrattle_respects_available_board_slots,聚合状态取该卡最差机制；普通烟测只证明可执行，不能单独构成 GREEN。 EN=Deathrattle: Summon two 1/1 Raptors.; ZH=亡语：召唤两个1/1的迅猛龙。; source=fireplace/cards/ungoro/neutral_common.py:41; existing_tests=none; prior=YELLOW:2 个机制缺少充分的核心效果验证；逐机制依据见 card_mechanism.csv。,Deathrattle: Summon two 1/1 Raptors.,亡语：召唤两个1/1的迅猛龙。,fireplace/cards/ungoro/neutral_common.py:41
17.6.0.53261,Journey to Un'Goro (UNGORO),UNG_078,Tortollan Forager,始祖龟劫掠者,Battlecry|Random effects,GREEN,implemented,yes,"本轮逐卡行为用例全部通过：battlecry_adds_random_minion_with_at_least_five_attack=random_eligible_cards=7878:ULD_709/6;7879:LOE_012/5;7880:NEW1_008/5;7881:TRL_260/7;7882:DRG_109/8;7883:DAL_582/5;7884:AT_067/5;7885:ULD_435/5;7886:GVG_004/5;7887:EX1_543/8;7888:CFM_312/5;7889:EX1_577/9;7890:DRG_079/5;7891:BRM_024/6;7892:GVG_083/5;7893:UNG_852/12;distinct=['AT_067', 'BRM_024', 'CFM_312', 'DAL_582', 'DRG_079', 'DRG_109', 'EX1_543', 'EX1_577', 'GVG_004', 'GVG_083', 'LOE_012', 'NEW1_008', 'TRL_260', 'ULD_435', 'ULD_709', 'UNG_852']",card_mechanism.csv#UNG_078; generic-play-smoke:played; effect-evidence: reports/card_quality_full_2026-09-27/three_set_probe.csv#UNG_078::battlecry_adds_random_minion_with_at_least_five_attack; per-card: reports/card_quality_full_2026-09-27/three_set_probe.csv#UNG_078::battlecry_adds_random_minion_with_at_least_five_attack,聚合状态取该卡最差机制；普通烟测只证明可执行，不能单独构成 GREEN。 EN=Battlecry: Add a random minion with 5 or more Attack to your hand.; ZH=战吼：随机将一张攻击力大于或等于5的随从牌置入你的手牌。; source=fireplace/cards/ungoro/druid.py:8; existing_tests=none; prior=YELLOW:2 个机制缺少充分的核心效果验证；逐机制依据见 card_mechanism.csv。,Battlecry: Add a random minion with 5 or more Attack to your hand.,战吼：随机将一张攻击力大于或等于5的随从牌置入你的手牌。,fireplace/cards/ungoro/druid.py:8
17.6.0.53261,Journey to Un'Goro (UNGORO),UNG_079,Frozen Crusher,冰冻粉碎者,Trigger,GREEN,implemented,yes,本轮逐卡行为用例全部通过：after_attack_freezes_self_until_its_next_turn_expires=after_attack_frozen=True;next_owner_turn_cannot_attack=True;following_turn_frozen=False;can_attack=True,card_mechanism.csv#UNG_079; generic-play-smoke:played; effect-evidence: reports/card_quality_full_2026-09-27/three_set_probe.csv#UNG_079::after_attack_freezes_self_until_its_next_turn_expires; per-card: reports/card_quality_full_2026-09-27/three_set_probe.csv#UNG_079::after_attack_freezes_self_until_its_next_turn_expires,"聚合状态取该卡最差机制；普通烟测只证明可执行，不能单独构成 GREEN。 EN=After this minion attacks, Freeze it.; ZH=在该随从攻击后，会自我冻结。; source=fireplace/cards/ungoro/neutral_rare.py:35; existing_tests=none; prior=YELLOW:1 个机制缺少充分的核心效果验证；逐机制依据见 card_mechanism.csv。","After this minion attacks, Freeze it.",在该随从攻击后，会自我冻结。,fireplace/cards/ungoro/neutral_rare.py:35
17.6.0.53261,Journey to Un'Goro (UNGORO),UNG_082,Thunder Lizard,雷霆蜥蜴,Battlecry,GREEN,implemented,yes,本轮逐卡行为用例全部通过：battlecry_adapts_if_elemental_played_last_turn=elemental_last_turn=UNG_809;adapt=UNG_999t2;buffs=['UNG_999t2e']; battlecry_without_last_turn_elemental_has_no_adapt=elemental_last_turn=False;choice=None;buffs=[],card_mechanism.csv#UNG_082; generic-play-smoke:played; effect-evidence: reports/card_quality_full_2026-09-27/three_set_probe.csv#UNG_082::battlecry_adapts_if_elemental_played_last_turn; reports/card_quality_full_2026-09-27/three_set_probe.csv#UNG_082::battlecry_without_last_turn_elemental_has_no_adapt; per-card: reports/card_quality_full_2026-09-27/three_set_probe.csv#UNG_082::battlecry_adapts_if_elemental_played_last_turn; reports/card_quality_full_2026-09-27/three_set_probe.csv#UNG_082::battlecry_without_last_turn_elemental_has_no_adapt,"聚合状态取该卡最差机制；普通烟测只证明可执行，不能单独构成 GREEN。 EN=Battlecry: If you played an Elemental last turn, Adapt.; ZH=战吼：如果你在上个回合使用过元素牌，则获得进化。; source=fireplace/cards/ungoro/neutral_common.py:47; existing_tests=none; prior=YELLOW:1 个机制缺少充分的核心效果验证；逐机制依据见 card_mechanism.csv。","Battlecry: If you played an Elemental last turn, Adapt.",战吼：如果你在上个回合使用过元素牌，则获得进化。,fireplace/cards/ungoro/neutral_common.py:47
17.6.0.53261,Journey to Un'Goro (UNGORO),UNG_083,Devilsaur Egg,魔暴龙蛋,Deathrattle|Summon,GREEN,implemented,yes,本轮逐卡行为用例全部通过：deathrattle_summons_five_five_devilsaur=egg=GRAVEYARD;devilsaur=UNG_083t1/5/5/PLAY,card_mechanism.csv#UNG_083; generic-play-smoke:played; effect-evidence: reports/card_quality_full_2026-09-27/three_set_probe.csv#UNG_083::deathrattle_summons_five_five_devilsaur; per-card: reports/card_quality_full_2026-09-27/three_set_probe.csv#UNG_083::deathrattle_summons_five_five_devilsaur,聚合状态取该卡最差机制；普通烟测只证明可执行，不能单独构成 GREEN。 EN=Deathrattle: Summon a 5/5 Devilsaur.; ZH=亡语：召唤一个5/5的魔暴龙。; source=fireplace/cards/ungoro/neutral_rare.py:41; existing_tests=none; prior=YELLOW:2 个机制缺少充分的核心效果验证；逐机制依据见 card_mechanism.csv。,Deathrattle: Summon a 5/5 Devilsaur.,亡语：召唤一个5/5的魔暴龙。,fireplace/cards/ungoro/neutral_rare.py:41
17.6.0.53261,Journey to Un'Goro (UNGORO),UNG_084,Fire Plume Phoenix,火羽凤凰,Battlecry|Targeting,GREEN,implemented,yes,"本轮逐卡行为用例全部通过：battlecry_deals_two_to_selected_minion_or_hero=minion_target=3/5;hero_target=20->18;phoenixes=['PLAY', 'PLAY']",card_mechanism.csv#UNG_084; generic-play-smoke:played; effect-evidence: reports/card_quality_full_2026-09-27/three_set_probe.csv#UNG_084::battlecry_deals_two_to_selected_minion_or_hero; per-card: reports/card_quality_full_2026-09-27/three_set_probe.csv#UNG_084::battlecry_deals_two_to_selected_minion_or_hero,聚合状态取该卡最差机制；普通烟测只证明可执行，不能单独构成 GREEN。 EN=Battlecry: Deal 2 damage.; ZH=战吼：造成2点伤害。; source=fireplace/cards/ungoro/neutral_common.py:53; existing_tests=none; prior=YELLOW:2 个机制缺少充分的核心效果验证；逐机制依据见 card_mechanism.csv。,Battlecry: Deal 2 damage.,战吼：造成2点伤害。,fireplace/cards/ungoro/neutral_common.py:53
17.6.0.53261,Journey to Un'Goro (UNGORO),UNG_085,Emerald Hive Queen,翡翠蜂后,Aura|Continuous effect / Update|Cost modification,GREEN,implemented,yes,本轮逐卡行为用例全部通过：aura_adds_two_to_owner_minions_and_reverts_when_removed=while_aura=yeti6/wisp2/enemy_yeti4;played_wisp_mana_delta=2;after_source_death=yeti4/wisp0/enemy_yeti4,card_mechanism.csv#UNG_085; generic-play-smoke:played; effect-evidence: reports/card_quality_full_2026-09-27/three_set_probe.csv#UNG_085::aura_adds_two_to_owner_minions_and_reverts_when_removed; per-card: reports/card_quality_full_2026-09-27/three_set_probe.csv#UNG_085::aura_adds_two_to_owner_minions_and_reverts_when_removed,聚合状态取该卡最差机制；普通烟测只证明可执行，不能单独构成 GREEN。 EN=Your minions cost (2) more.; ZH=你的随从的法力值消耗增加（2）点。; source=fireplace/cards/ungoro/neutral_epic.py:8; existing_tests=none; prior=YELLOW:3 个机制缺少充分的核心效果验证；逐机制依据见 card_mechanism.csv。,Your minions cost (2) more.,你的随从的法力值消耗增加（2）点。,fireplace/cards/ungoro/neutral_epic.py:8
17.6.0.53261,Journey to Un'Goro (UNGORO),UNG_086,Giant Anaconda,巨型蟒蛇,Deathrattle|Summon,GREEN,implemented,yes,"本轮逐卡行为用例全部通过：deathrattle_randomly_summons_from_hand_only_minions_at_least_five_attack=summoned_across_seeds=8686:UNG_071/6;8687:UNG_087/8;8688:UNG_087/8;8689:UNG_087/8;8690:UNG_087/8;8691:UNG_087/8;8692:UNG_071/6;8693:UNG_071/6;8694:UNG_087/8;8695:UNG_087/8;8696:UNG_071/6;8697:UNG_071/6;8698:UNG_071/6;8699:UNG_087/8;8700:UNG_087/8;8701:UNG_087/8;distinct_eligible=['UNG_071', 'UNG_087'];low_attack_stayed_in_hand=True",card_mechanism.csv#UNG_086; generic-play-smoke:played; effect-evidence: reports/card_quality_full_2026-09-27/three_set_probe.csv#UNG_086::deathrattle_randomly_summons_from_hand_only_minions_at_least_five_attack; per-card: reports/card_quality_full_2026-09-27/three_set_probe.csv#UNG_086::deathrattle_randomly_summons_from_hand_only_minions_at_least_five_attack,聚合状态取该卡最差机制；普通烟测只证明可执行，不能单独构成 GREEN。 EN=Deathrattle: Summon a minion from your hand with 5 or more Attack.; ZH=亡语：从你手牌中召唤一个攻击力大于或等于5的随从。; source=fireplace/cards/ungoro/druid.py:14; existing_tests=none; prior=YELLOW:2 个机制缺少充分的核心效果验证；逐机制依据见 card_mechanism.csv。,Deathrattle: Summon a minion from your hand with 5 or more Attack.,亡语：从你手牌中召唤一个攻击力大于或等于5的随从。,fireplace/cards/ungoro/druid.py:14
17.6.0.53261,Journey to Un'Goro (UNGORO),UNG_087,Bittertide Hydra,苦潮多头蛇,Trigger,GREEN,implemented,yes,本轮逐卡行为用例全部通过：trigger_deals_three_hero_damage_for_each_damage_event=two_one_damage_events=2;hydra=6/8;hero=20->14; trigger_still_deals_hero_damage_on_lethal_hit=hydra=GRAVEYARD;hero=20->17;spell=GRAVEYARD,card_mechanism.csv#UNG_087; generic-play-smoke:played; effect-evidence: reports/card_quality_full_2026-09-27/three_set_probe.csv#UNG_087::trigger_deals_three_hero_damage_for_each_damage_event; reports/card_quality_full_2026-09-27/three_set_probe.csv#UNG_087::trigger_still_deals_hero_damage_on_lethal_hit; per-card: reports/card_quality_full_2026-09-27/three_set_probe.csv#UNG_087::trigger_deals_three_hero_damage_for_each_damage_event; reports/card_quality_full_2026-09-27/three_set_probe.csv#UNG_087::trigger_still_deals_hero_damage_on_lethal_hit,"聚合状态取该卡最差机制；普通烟测只证明可执行，不能单独构成 GREEN。 EN=Whenever this minion takes damage, deal 3 damage to your hero.; ZH=每当该随从受到伤害，对你的英雄造成 3点伤害。; source=fireplace/cards/ungoro/neutral_epic.py:14; existing_tests=none; prior=YELLOW:1 个机制缺少充分的核心效果验证；逐机制依据见 card_mechanism.csv。","Whenever this minion takes damage, deal 3 damage to your hero.",每当该随从受到伤害，对你的英雄造成 3点伤害。,fireplace/cards/ungoro/neutral_epic.py:14
17.6.0.53261,Journey to Un'Goro (UNGORO),UNG_088,Tortollan Primalist,始祖龟预言者,Battlecry|Discover / Choice|Random effects,GREEN,implemented,yes,"本轮逐卡行为用例全部通过：battlecry_discovers_spell_and_casts_chosen_card=options=['CS2_032', 'CS2_026', 'LOOT_172'];selected=CS2_032;selected_zone=GRAVEYARD;choice=None;hero_health=30/30;field=[('UNG_088', 4)]; random_target_spell_resolves_against_a_legal_target=selected=CS2_029;legal_random_targets=['HERO_08', 'HERO_08', 'CS2_182', 'CS2_182', 'UNG_088'];actual_target=UNG_088/4;target_before=4;target_after=4/GRAVEYARD;spell=GRAVEYARD;choice=None; selected_non_target_spell_resolves_its_hand_effect=selected=BOT_101;rift=GRAVEYARD;choice=None;added_minions=[('UNG_035', 'HAND'), ('DRG_109', 'HAND')];primalist=PLAY; selected_secret_spell_enters_secret_zone_and_triggers=secret_after_cast=SECRET;after_opponent_minion_play=secret:GRAVEYARD,wisp:GRAVEYARD,enemy_hero=25",card_mechanism.csv#UNG_088; generic-play-smoke:played; effect-evidence: reports/card_quality_full_2026-09-27/three_set_probe.csv#UNG_088::battlecry_discovers_spell_and_casts_chosen_card; reports/card_quality_full_2026-09-27/three_set_probe.csv#UNG_088::random_target_spell_resolves_against_a_legal_target; reports/card_quality_full_2026-09-27/three_set_probe.csv#UNG_088::selected_non_target_spell_resolves_its_hand_effect; reports/card_quality_full_2026-09-27/three_set_probe.csv#UNG_088::selected_secret_spell_enters_secret_zone_and_triggers; per-card: reports/card_quality_full_2026-09-27/three_set_probe.csv#UNG_088::battlecry_discovers_spell_and_casts_chosen_card; reports/card_quality_full_2026-09-27/three_set_probe.csv#UNG_088::random_target_spell_resolves_against_a_legal_target; reports/card_quality_full_2026-09-27/three_set_probe.csv#UNG_088::selected_non_target_spell_resolves_its_hand_effect; reports/card_quality_full_2026-09-27/three_set_probe.csv#UNG_088::selected_secret_spell_enters_secret_zone_and_triggers,聚合状态取该卡最差机制；普通烟测只证明可执行，不能单独构成 GREEN。 EN=Battlecry: Discover a spell and cast it with random targets.; ZH=战吼： 发现一张法术牌，并向随机目标施放。; source=fireplace/cards/ungoro/neutral_epic.py:20; existing_tests=none; prior=YELLOW:3 个机制缺少充分的核心效果验证；逐机制依据见 card_mechanism.csv。,Battlecry: Discover a spell and cast it with random targets.,战吼： 发现一张法术牌，并向随机目标施放。,fireplace/cards/ungoro/neutral_epic.py:20
17.6.0.53261,Journey to Un'Goro (UNGORO),UNG_089,Gentle Megasaur,温顺的巨壳龙,Battlecry,GREEN,implemented,yes,逐卡实测：温顺的巨壳龙只提供一次进化选择，同一选择对两只己方鱼人各生效一次，己方非鱼人及敌方鱼人不受影响。,tests/test_ungoro_shared_red_fixes.py::test_gentle_megasaur_adapts_all_and_only_friendly_murlocs,原始结论保留于known_issues_archive_2026-09-29/。 修复共享 Adapt 多目标处理：先收集目标，再为全体应用同一 Choice。,Battlecry: Adapt your Murlocs.,战吼：进化你所有的鱼人。,fireplace/cards/ungoro/neutral_epic.py:26
17.6.0.53261,Journey to Un'Goro (UNGORO),UNG_099,Charged Devilsaur,狂奔的魔暴龙,Battlecry|Charge,GREEN,implemented,yes,本轮逐卡行为用例全部通过：charge_restricts_hero_attack_but_allows_minion_attack=face_health=30;minion_target=GRAVEYARD;devil=7/3;remaining_attacks=False,card_mechanism.csv#UNG_099; generic-play-smoke:played; effect-evidence: reports/card_quality_full_2026-09-27/three_set_probe.csv#UNG_099::charge_restricts_hero_attack_but_allows_minion_attack; per-card: reports/card_quality_full_2026-09-27/three_set_probe.csv#UNG_099::charge_restricts_hero_attack_but_allows_minion_attack,聚合状态取该卡最差机制；普通烟测只证明可执行，不能单独构成 GREEN。 EN=Charge Battlecry: Can't attack heroes this turn.; ZH=冲锋，战吼：在本回合中无法攻击英雄。; source=fireplace/cards/ungoro/neutral_epic.py:32; existing_tests=none; prior=YELLOW:2 个机制缺少充分的核心效果验证；逐机制依据见 card_mechanism.csv。,Charge Battlecry: Can't attack heroes this turn.,冲锋，战吼：在本回合中无法攻击英雄。,fireplace/cards/ungoro/neutral_epic.py:32
17.6.0.53261,Journey to Un'Goro (UNGORO),UNG_100,Verdant Longneck,苍绿长颈龙,Battlecry,GREEN,implemented,yes,本轮逐卡行为用例全部通过：battlecry_adapts_once_and_applies_choice=selected=UNG_999t6;buffs=['UNG_999t6e'];stats=5/4;zone=PLAY,card_mechanism.csv#UNG_100; generic-play-smoke:played; effect-evidence: reports/card_quality_full_2026-09-27/three_set_probe.csv#UNG_100::battlecry_adapts_once_and_applies_choice; per-card: reports/card_quality_full_2026-09-27/three_set_probe.csv#UNG_100::battlecry_adapts_once_and_applies_choice,聚合状态取该卡最差机制；普通烟测只证明可执行，不能单独构成 GREEN。 EN=Battlecry: Adapt.; ZH=战吼：进化。; source=fireplace/cards/ungoro/druid.py:20; existing_tests=none; prior=YELLOW:1 个机制缺少充分的核心效果验证；逐机制依据见 card_mechanism.csv。,Battlecry: Adapt.,战吼：进化。,fireplace/cards/ungoro/druid.py:20
17.6.0.53261,Journey to Un'Goro (UNGORO),UNG_101,Shellshifter,变形神龟,Choose One|Transform,GREEN,implemented,yes,本轮逐卡行为用例全部通过：choose_one_transforms_into_stealth_five_three=choice=UNG_101a;result=UNG_101t/5/3;stealth=1;taunt=False;original=SETASIDE; choose_one_transforms_into_taunt_three_five=choice=UNG_101b;result=UNG_101t2/3/5;taunt=1;stealth=False;original=SETASIDE,card_mechanism.csv#UNG_101; generic-play-smoke:played; effect-evidence: reports/card_quality_full_2026-09-27/three_set_probe.csv#UNG_101::choose_one_transforms_into_stealth_five_three; reports/card_quality_full_2026-09-27/three_set_probe.csv#UNG_101::choose_one_transforms_into_taunt_three_five; per-card: reports/card_quality_full_2026-09-27/three_set_probe.csv#UNG_101::choose_one_transforms_into_stealth_five_three; reports/card_quality_full_2026-09-27/three_set_probe.csv#UNG_101::choose_one_transforms_into_taunt_three_five,聚合状态取该卡最差机制；普通烟测只证明可执行，不能单独构成 GREEN。 EN=[x]Choose One - Transform into a 5/3 with Stealth; or a 3/5 with Taunt.; ZH=抉择：将该随从变形成为5/3并具有潜行；或者将该随从变形成为3/5并具有嘲讽。; source=fireplace/cards/ungoro/druid.py:26; existing_tests=none; prior=YELLOW:2 个机制缺少充分的核心效果验证；逐机制依据见 card_mechanism.csv。,[x]Choose One - Transform into a 5/3 with Stealth; or a 3/5 with Taunt.,抉择：将该随从变形成为5/3并具有潜行；或者将该随从变形成为3/5并具有嘲讽。,fireplace/cards/ungoro/druid.py:26
17.6.0.53261,Journey to Un'Goro (UNGORO),UNG_103,Evolving Spores,生长孢子,Spell resolution,GREEN,implemented,yes,逐卡实测：生长孢子只提供一次进化选择，同一增益对两只己方随从各生效一次，敌方随从不受影响，法术进入墓地。,tests/test_ungoro_shared_red_fixes.py::test_evolving_spores_uses_one_choice_for_all_friendly_minions,原始结论保留于known_issues_archive_2026-09-29/。 共享 Adapt 修复；另以火山龙验证单目标两次进化仍是两次独立 Choice。,Adapt your minions.,进化你所有的随从。,fireplace/cards/ungoro/druid.py:51
17.6.0.53261,Journey to Un'Goro (UNGORO),UNG_108,Earthen Scales,大地之鳞,Spell resolution|Targeting,GREEN,implemented,yes,本轮逐卡行为用例全部通过：spell_buffs_friendly_minion_then_gains_new_attack_as_armor=friendly=2/2/2;armor_delta=2;enemy=4/5;spell=GRAVEYARD,card_mechanism.csv#UNG_108; generic-play-smoke:played; effect-evidence: reports/card_quality_full_2026-09-27/three_set_probe.csv#UNG_108::spell_buffs_friendly_minion_then_gains_new_attack_as_armor; per-card: reports/card_quality_full_2026-09-27/three_set_probe.csv#UNG_108::spell_buffs_friendly_minion_then_gains_new_attack_as_armor,"聚合状态取该卡最差机制；普通烟测只证明可执行，不能单独构成 GREEN。 EN=Give a friendly minion +1/+1, then gain Armor equal to its Attack.; ZH=使一个友方随从获得+1/+1，然后获得等同于其攻击力的 护甲值。; source=fireplace/cards/ungoro/druid.py:57; existing_tests=none; prior=YELLOW:2 个机制缺少充分的核心效果验证；逐机制依据见 card_mechanism.csv。","Give a friendly minion +1/+1, then gain Armor equal to its Attack.",使一个友方随从获得+1/+1，然后获得等同于其攻击力的 护甲值。,fireplace/cards/ungoro/druid.py:57
17.6.0.53261,Journey to Un'Goro (UNGORO),UNG_109,Elder Longneck,年迈的长颈龙,Battlecry,GREEN,implemented,yes,逐卡实测：手牌持有5攻随从时年迈的长颈龙提供并完成进化选择；仅场上有高攻随从而手牌只有低攻随从时不触发进化。,tests/test_ungoro_card_local_fixes.py::test_elder_longneck_adapts_for_a_five_attack_minion_in_hand; tests/test_ungoro_card_local_fixes.py::test_elder_longneck_ignores_high_attack_minions_already_on_board,原始结论保留于known_issues_archive_2026-09-29/。 修复前错误检查场上而非手牌。,"Battlecry: If you're holding a minion with 5 or more Attack, Adapt.",战吼： 如果你的手牌中有攻击力大于或等于5的随从牌，便获得进化。,fireplace/cards/ungoro/druid.py:41
17.6.0.53261,Journey to Un'Goro (UNGORO),UNG_111,Living Mana,活体法力,Spell resolution|Summon|Transform|Trigger,GREEN,implemented,yes,休眠体占满场位时不损失水晶；开放场位按可用格数召唤树人，树人死亡归还水晶。,tests/test_retest_board_issues.py::test_ung_111_living_mana_preserves_crystals_when_dormant_board_is_full,本次代码重测；修复前颜色和原始失败证据见 known_issues_archive_2026-09-29/card_quality_full_2026-09-27/。 当前代码逐卡行为重测通过。,Transform your Mana Crystals into 2/2 Treants. Recover the mana when they die.,将你所有的法力水晶变成2/2的树人，当它们死亡时恢复你的法力值。,fireplace/cards/ungoro/druid.py:71
17.6.0.53261,Journey to Un'Goro (UNGORO),UNG_113,Bright-Eyed Scout,热情的探险家,Battlecry|Draw / Discard,GREEN,implemented,yes,本轮逐卡行为用例全部通过：battlecry_draws_and_sets_drawn_card_cost_to_five=drawn=CS2_231;cost_before=0;cost_after=5;zone=HAND;deck=0;scout=PLAY,card_mechanism.csv#UNG_113; generic-play-smoke:played; effect-evidence: reports/card_quality_full_2026-09-27/three_set_probe.csv#UNG_113::battlecry_draws_and_sets_drawn_card_cost_to_five; per-card: reports/card_quality_full_2026-09-27/three_set_probe.csv#UNG_113::battlecry_draws_and_sets_drawn_card_cost_to_five,聚合状态取该卡最差机制；普通烟测只证明可执行，不能单独构成 GREEN。 EN=Battlecry: Draw a card. Change its Cost to (5).; ZH=战吼：抽一张牌，使其法力值消耗变为（5）点。; source=fireplace/cards/ungoro/neutral_epic.py:48; existing_tests=none; prior=YELLOW:2 个机制缺少充分的核心效果验证；逐机制依据见 card_mechanism.csv。,Battlecry: Draw a card. Change its Cost to (5).,战吼：抽一张牌，使其法力值消耗变为（5）点。,fireplace/cards/ungoro/neutral_epic.py:48
17.6.0.53261,Journey to Un'Goro (UNGORO),UNG_116,Jungle Giants,丛林巨兽,Quest|Spell resolution|Summon,GREEN,implemented,yes,本轮逐卡行为用例全部通过：quest_requires_five_attack_summons_and_barnabus_sets_deck_minions_free=progress=5;below_threshold=4;reward=PLAY;deck_minion_cost=0;deck_size=1,card_mechanism.csv#UNG_116; generic-play-smoke:played; effect-evidence: reports/card_quality_full_2026-09-27/three_set_probe.csv#UNG_116::quest_requires_five_attack_summons_and_barnabus_sets_deck_minions_free; per-card: reports/card_quality_full_2026-09-27/three_set_probe.csv#UNG_116::quest_requires_five_attack_summons_and_barnabus_sets_deck_minions_free,聚合状态取该卡最差机制；普通烟测只证明可执行，不能单独构成 GREEN。 EN=[x]Quest: Summon 5 minions with 5 or more Attack. Reward: Barnabus.; ZH=任务：召唤5个攻击力大于或等于5的随从。 奖励：班纳布斯。; source=fireplace/cards/ungoro/druid.py:88; existing_tests=tests/test_controller.py:483:test_active_quests_are_public_but_opponent_secrets_stay_concealed | tests/test_controller.py:501:test_active_quests_are_public_but_opponent_secrets_stay_concealed | tests/test_ungoro.py:212:test_quest | tests/test_web_gui.py:292:test_opponent_quests_become_visible_above_hero_without_revealing_secret | tests/test_web_gui.py:309:test_opponent_quests_become_visible_above_hero_without_revealing_secret; prior=YELLOW:3 个机制缺少充分的核心效果验证；逐机制依据见 card_mechanism.csv。,[x]Quest: Summon 5 minions with 5 or more Attack. Reward: Barnabus.,任务：召唤5个攻击力大于或等于5的随从。 奖励：班纳布斯。,fireplace/cards/ungoro/druid.py:88
17.6.0.53261,Journey to Un'Goro (UNGORO),UNG_201,Primalfin Totem,蛮鱼图腾,Summon|Trigger,GREEN,implemented,yes,"本轮逐卡行为用例全部通过：end_of_owner_turn_summons_one_one_murloc_not_on_opponent_turn=totem=PLAY;after_first_owner_end=1;after_opponent_end=1;after_second_owner_end=2;tokens=[(1, 1, 'PLAY'), (1, 1, 'PLAY')]",card_mechanism.csv#UNG_201; generic-play-smoke:played; effect-evidence: reports/card_quality_full_2026-09-27/three_set_probe.csv#UNG_201::end_of_owner_turn_summons_one_one_murloc_not_on_opponent_turn; per-card: reports/card_quality_full_2026-09-27/three_set_probe.csv#UNG_201::end_of_owner_turn_summons_one_one_murloc_not_on_opponent_turn,"聚合状态取该卡最差机制；普通烟测只证明可执行，不能单独构成 GREEN。 EN=At the end of your turn, summon a 1/1 Murloc.; ZH=在你的回合结束时，召唤一个1/1的鱼人。; source=fireplace/cards/ungoro/shaman.py:8; existing_tests=none; prior=YELLOW:2 个机制缺少充分的核心效果验证；逐机制依据见 card_mechanism.csv。","At the end of your turn, summon a 1/1 Murloc.",在你的回合结束时，召唤一个1/1的鱼人。,fireplace/cards/ungoro/shaman.py:8
17.6.0.53261,Journey to Un'Goro (UNGORO),UNG_202,Fire Plume Harbinger,火羽先锋,Battlecry|Cost modification,GREEN,implemented,yes,"本轮逐卡行为用例全部通过：battlecry_reduces_elemental_hand_cards_by_one_only=before=(1, 7, 0);after=(0, 6, 0);elemental_flags=(True, True, False)",card_mechanism.csv#UNG_202; generic-play-smoke:played; effect-evidence: reports/card_quality_full_2026-09-27/three_set_probe.csv#UNG_202::battlecry_reduces_elemental_hand_cards_by_one_only; per-card: reports/card_quality_full_2026-09-27/three_set_probe.csv#UNG_202::battlecry_reduces_elemental_hand_cards_by_one_only,聚合状态取该卡最差机制；普通烟测只证明可执行，不能单独构成 GREEN。 EN=Battlecry: Reduce the Cost of Elementals in your hand by (1).; ZH=战吼：使你手牌中所有元素牌的法力值消耗减少（1）点。; source=fireplace/cards/ungoro/shaman.py:14; existing_tests=none; prior=YELLOW:2 个机制缺少充分的核心效果验证；逐机制依据见 card_mechanism.csv。,Battlecry: Reduce the Cost of Elementals in your hand by (1).,战吼：使你手牌中所有元素牌的法力值消耗减少（1）点。,fireplace/cards/ungoro/shaman.py:14
17.6.0.53261,Journey to Un'Goro (UNGORO),UNG_205,Glacial Shard,冰川裂片,Battlecry|Targeting,GREEN,implemented,yes,本轮逐卡行为用例全部通过：battlecry_freezes_only_selected_enemy_and_blocks_its_attack=target=CS2_182;frozen_on_play=True;opponent_turn_blocked=True;other_attackable=True;thawed=True;attackable_on_owner_turn=True;shard=PLAY,card_mechanism.csv#UNG_205; generic-play-smoke:played; effect-evidence: reports/card_quality_full_2026-09-27/three_set_probe.csv#UNG_205::battlecry_freezes_only_selected_enemy_and_blocks_its_attack; per-card: reports/card_quality_full_2026-09-27/three_set_probe.csv#UNG_205::battlecry_freezes_only_selected_enemy_and_blocks_its_attack,聚合状态取该卡最差机制；普通烟测只证明可执行，不能单独构成 GREEN。 EN=Battlecry: Freeze an enemy.; ZH=战吼： 冻结一个敌人。; source=fireplace/cards/ungoro/neutral_common.py:60; existing_tests=none; prior=YELLOW:2 个机制缺少充分的核心效果验证；逐机制依据见 card_mechanism.csv。,Battlecry: Freeze an enemy.,战吼： 冻结一个敌人。,fireplace/cards/ungoro/neutral_common.py:60
17.6.0.53261,Journey to Un'Goro (UNGORO),UNG_208,Stone Sentinel,岩石哨兵,Battlecry|Summon,GREEN,implemented,yes,"本轮逐卡行为用例全部通过：battlecry_summons_two_taunt_elementals_after_prior_turn_elemental_only=previous_turn=UNG_809;tokens=[(2, 3, 1, 'PLAY'), (2, 3, 1, 'PLAY')];same_turn_tokens=0;board=4",card_mechanism.csv#UNG_208; generic-play-smoke:played; effect-evidence: reports/card_quality_full_2026-09-27/three_set_probe.csv#UNG_208::battlecry_summons_two_taunt_elementals_after_prior_turn_elemental_only; per-card: reports/card_quality_full_2026-09-27/three_set_probe.csv#UNG_208::battlecry_summons_two_taunt_elementals_after_prior_turn_elemental_only,"聚合状态取该卡最差机制；普通烟测只证明可执行，不能单独构成 GREEN。 EN=Battlecry: If you played an Elemental last turn, summon two 2/3 Elementals with Taunt.; ZH=战吼：如果你在上个回合使用过元素牌，则召唤两个2/3并具有嘲讽的元素。; source=fireplace/cards/ungoro/shaman.py:20; existing_tests=none; prior=YELLOW:2 个机制缺少充分的核心效果验证；逐机制依据见 card_mechanism.csv。","Battlecry: If you played an Elemental last turn, summon two 2/3 Elementals with Taunt.",战吼：如果你在上个回合使用过元素牌，则召唤两个2/3并具有嘲讽的元素。,fireplace/cards/ungoro/shaman.py:20
17.6.0.53261,Journey to Un'Goro (UNGORO),UNG_211,"Kalimos, Primal Lord",荒蛮之主卡利莫斯,Battlecry,GREEN,implemented,yes,"本轮逐卡行为用例全部通过：battlecry_offers_all_four_invocations_only_after_previous_turn_elemental=UNG_211a:summons=5;UNG_211b:friendly_hero=30;UNG_211c:enemy_hero=24;UNG_211d:enemy_minions=[2, 2];same_turn_choice=None",card_mechanism.csv#UNG_211; generic-play-smoke:played; effect-evidence: reports/card_quality_full_2026-09-27/three_set_probe.csv#UNG_211::battlecry_offers_all_four_invocations_only_after_previous_turn_elemental; per-card: reports/card_quality_full_2026-09-27/three_set_probe.csv#UNG_211::battlecry_offers_all_four_invocations_only_after_previous_turn_elemental,"聚合状态取该卡最差机制；普通烟测只证明可执行，不能单独构成 GREEN。 EN=[x]Battlecry: If you played an Elemental last turn, cast an Elemental Invocation.; ZH=战吼：如果你在上个回合使用过元素牌，则施放一个元素祈咒。; source=fireplace/cards/ungoro/shaman.py:30; existing_tests=tests/test_ungoro.py:109:test_kalimos_primal_lord; prior=YELLOW:1 个机制缺少充分的核心效果验证；逐机制依据见 card_mechanism.csv。","[x]Battlecry: If you played an Elemental last turn, cast an Elemental Invocation.",战吼：如果你在上个回合使用过元素牌，则施放一个元素祈咒。,fireplace/cards/ungoro/shaman.py:30
17.6.0.53261,Journey to Un'Goro (UNGORO),UNG_800,Terrorscale Stalker,恐鳞追猎者,Battlecry|Targeting,GREEN,implemented,yes,本轮逐卡行为用例全部通过：battlecry_triggers_friendly_deathrattle_without_destroying_source=egg=PLAY;triggered_devil=UNG_083t1/5/5;stalker=PLAY;optional_no_target=PLAY,card_mechanism.csv#UNG_800; generic-play-smoke:played; effect-evidence: reports/card_quality_full_2026-09-27/three_set_probe.csv#UNG_800::battlecry_triggers_friendly_deathrattle_without_destroying_source; per-card: reports/card_quality_full_2026-09-27/three_set_probe.csv#UNG_800::battlecry_triggers_friendly_deathrattle_without_destroying_source,聚合状态取该卡最差机制；普通烟测只证明可执行，不能单独构成 GREEN。 EN=Battlecry: Trigger a friendly minion's Deathrattle.; ZH=战吼：触发一个友方随从的亡语。; source=fireplace/cards/ungoro/hunter.py:8; existing_tests=none; prior=YELLOW:2 个机制缺少充分的核心效果验证；逐机制依据见 card_mechanism.csv。,Battlecry: Trigger a friendly minion's Deathrattle.,战吼：触发一个友方随从的亡语。,fireplace/cards/ungoro/hunter.py:8
17.6.0.53261,Journey to Un'Goro (UNGORO),UNG_801,Nesting Roc,筑巢双头鹏,Battlecry,GREEN,implemented,yes,本轮逐卡行为用例全部通过：battlecry_taunt_threshold_counts_other_minions=one_other_taunt=False;two_other_taunt=True;boards=2/3,card_mechanism.csv#UNG_801; generic-play-smoke:played; effect-evidence: reports/card_quality_full_2026-09-27/three_set_probe.csv#UNG_801::battlecry_taunt_threshold_counts_other_minions; per-card: reports/card_quality_full_2026-09-27/three_set_probe.csv#UNG_801::battlecry_taunt_threshold_counts_other_minions,"聚合状态取该卡最差机制；普通烟测只证明可执行，不能单独构成 GREEN。 EN=Battlecry: If you control at least 2 other minions, gain Taunt.; ZH=战吼：如果你控制至少两个其他随从，便获得嘲讽。; source=fireplace/cards/ungoro/neutral_common.py:67; existing_tests=none; prior=YELLOW:1 个机制缺少充分的核心效果验证；逐机制依据见 card_mechanism.csv。","Battlecry: If you control at least 2 other minions, gain Taunt.",战吼：如果你控制至少两个其他随从，便获得嘲讽。,fireplace/cards/ungoro/neutral_common.py:67
17.6.0.53261,Journey to Un'Goro (UNGORO),UNG_803,Emerald Reaver,翡翠掠夺者,Battlecry,GREEN,implemented,yes,"本轮逐卡行为用例全部通过：battlecry_deals_one_damage_to_each_hero=heroes_before=(30, 30);after=(29, 29);reaver=PLAY",card_mechanism.csv#UNG_803; generic-play-smoke:played; effect-evidence: reports/card_quality_full_2026-09-27/three_set_probe.csv#UNG_803::battlecry_deals_one_damage_to_each_hero; per-card: reports/card_quality_full_2026-09-27/three_set_probe.csv#UNG_803::battlecry_deals_one_damage_to_each_hero,聚合状态取该卡最差机制；普通烟测只证明可执行，不能单独构成 GREEN。 EN=Battlecry: Deal 1 damage to each hero.; ZH=战吼：对每个英雄造成1点伤害。; source=fireplace/cards/ungoro/neutral_common.py:73; existing_tests=none; prior=YELLOW:1 个机制缺少充分的核心效果验证；逐机制依据见 card_mechanism.csv。,Battlecry: Deal 1 damage to each hero.,战吼：对每个英雄造成1点伤害。,fireplace/cards/ungoro/neutral_common.py:73
17.6.0.53261,Journey to Un'Goro (UNGORO),UNG_807,Golakka Crawler,葛拉卡爬行蟹,Battlecry|Targeting,GREEN,implemented,yes,逐卡实测：葛拉卡爬行蟹指定海盗后摧毁目标并精确获得+1/+1；无海盗时打出本体仍为2/3且非海盗不受影响。,tests/test_ungoro_card_local_fixes.py::test_golakka_crawler_destroys_targeted_pirate_and_gains_exactly_one_one; tests/test_ungoro_card_local_fixes.py::test_golakka_crawler_without_a_pirate_keeps_its_base_stats,原始结论保留于known_issues_archive_2026-09-29/。 修复前增益错误为+2/+2。,Battlecry: Destroy a Pirate and gain +1/+1.,战吼：消灭一个海盗，并获得+1/+1。,fireplace/cards/ungoro/neutral_rare.py:47
17.6.0.53261,Journey to Un'Goro (UNGORO),UNG_808,Stubborn Gastropod,倔强的蜗牛,Poisonous|Taunt,GREEN,implemented,yes,本轮逐卡行为用例全部通过：keywords_and_poisonous_combat_destroy_target=taunt=1;poisonous=1;combat_target=GRAVEYARD;gastropod=GRAVEYARD,card_mechanism.csv#UNG_808; generic-play-smoke:played; effect-evidence: reports/card_quality_full_2026-09-27/three_set_probe.csv#UNG_808::keywords_and_poisonous_combat_destroy_target; per-card: reports/card_quality_full_2026-09-27/three_set_probe.csv#UNG_808::keywords_and_poisonous_combat_destroy_target,聚合状态取该卡最差机制；普通烟测只证明可执行，不能单独构成 GREEN。 EN=Taunt   Poisonous; ZH=嘲讽 剧毒; source=fireplace/cards/CardDefs.xml#UNG_808; existing_tests=none; prior=YELLOW:2 个机制缺少充分的核心效果验证；逐机制依据见 card_mechanism.csv。,Taunt   Poisonous,嘲讽 剧毒,
17.6.0.53261,Journey to Un'Goro (UNGORO),UNG_809,Fire Fly,火羽精灵,Battlecry,GREEN,implemented,yes,本轮逐卡行为用例全部通过：battlecry_adds_one_one_two_elemental_to_hand=fly=PLAY;token=UNG_809t1/1/2/HAND;elemental=True,card_mechanism.csv#UNG_809; generic-play-smoke:played; effect-evidence: reports/card_quality_full_2026-09-27/three_set_probe.csv#UNG_809::battlecry_adds_one_one_two_elemental_to_hand; per-card: reports/card_quality_full_2026-09-27/three_set_probe.csv#UNG_809::battlecry_adds_one_one_two_elemental_to_hand,聚合状态取该卡最差机制；普通烟测只证明可执行，不能单独构成 GREEN。 EN=Battlecry: Add a 1/2 Elemental to your hand.; ZH=战吼：将一张1/2的元素牌置入你的手牌。; source=fireplace/cards/ungoro/neutral_common.py:79; existing_tests=tests/test_icecrown.py:120:test_frost_lich_jaina; prior=YELLOW:1 个机制缺少充分的核心效果验证；逐机制依据见 card_mechanism.csv。,Battlecry: Add a 1/2 Elemental to your hand.,战吼：将一张1/2的元素牌置入你的手牌。,fireplace/cards/ungoro/neutral_common.py:79
17.6.0.53261,Journey to Un'Goro (UNGORO),UNG_810,Stegodon,剑龙,Taunt,GREEN,implemented,yes,本轮逐卡行为用例全部通过：taunt_blocks_face_and_is_valid_combat_target=taunt=1;blocked_face=True;attacker_attackable_after_block=False;combat_steg=4;attacker=GRAVEYARD,card_mechanism.csv#UNG_810; generic-play-smoke:played; effect-evidence: reports/card_quality_full_2026-09-27/three_set_probe.csv#UNG_810::taunt_blocks_face_and_is_valid_combat_target; per-card: reports/card_quality_full_2026-09-27/three_set_probe.csv#UNG_810::taunt_blocks_face_and_is_valid_combat_target,聚合状态取该卡最差机制；普通烟测只证明可执行，不能单独构成 GREEN。 EN=Taunt; ZH=嘲讽; source=fireplace/cards/CardDefs.xml#UNG_810; existing_tests=none; prior=YELLOW:1 个机制缺少充分的核心效果验证；逐机制依据见 card_mechanism.csv。,Taunt,嘲讽,
17.6.0.53261,Journey to Un'Goro (UNGORO),UNG_812,Sabretooth Stalker,剑齿追猎者,Stealth,GREEN,implemented,yes,本轮逐卡行为用例全部通过：stealth_blocks_enemy_spell_until_after_attack=initial_stealth=True;rejected_spell_cost_unchanged=True;after_attack_stealth=False;hero_damage=8;post_attack_spell_targeted=1;spell=GRAVEYARD,card_mechanism.csv#UNG_812; generic-play-smoke:played; effect-evidence: reports/card_quality_full_2026-09-27/three_set_probe.csv#UNG_812::stealth_blocks_enemy_spell_until_after_attack; per-card: reports/card_quality_full_2026-09-27/three_set_probe.csv#UNG_812::stealth_blocks_enemy_spell_until_after_attack,聚合状态取该卡最差机制；普通烟测只证明可执行，不能单独构成 GREEN。 EN=Stealth; ZH=潜行; source=fireplace/cards/CardDefs.xml#UNG_812; existing_tests=none; prior=YELLOW:1 个机制缺少充分的核心效果验证；逐机制依据见 card_mechanism.csv。,Stealth,潜行,
17.6.0.53261,Journey to Un'Goro (UNGORO),UNG_813,Stormwatcher,风暴看守,Windfury,GREEN,implemented,yes,本轮逐卡行为用例全部通过：windfury_grants_two_attacks_per_turn=windfury=1;first_attack_health=26;second_attack_health=22;third_attack_available=False,card_mechanism.csv#UNG_813; generic-play-smoke:played; effect-evidence: reports/card_quality_full_2026-09-27/three_set_probe.csv#UNG_813::windfury_grants_two_attacks_per_turn; per-card: reports/card_quality_full_2026-09-27/three_set_probe.csv#UNG_813::windfury_grants_two_attacks_per_turn,聚合状态取该卡最差机制；普通烟测只证明可执行，不能单独构成 GREEN。 EN=Windfury; ZH=风怒; source=fireplace/cards/CardDefs.xml#UNG_813; existing_tests=none; prior=YELLOW:1 个机制缺少充分的核心效果验证；逐机制依据见 card_mechanism.csv。,Windfury,风怒,
17.6.0.53261,Journey to Un'Goro (UNGORO),UNG_814,Giant Wasp,巨型黄蜂,Poisonous|Stealth,GREEN,implemented,yes,本轮逐卡行为用例全部通过：stealth_poisonous_blocks_targeting_and_kills_combat_target=stealth=False;poisonous=1;invalid_target_no_cost=HAND/True;combat_target=GRAVEYARD;wasp=GRAVEYARD,card_mechanism.csv#UNG_814; generic-play-smoke:played; effect-evidence: reports/card_quality_full_2026-09-27/three_set_probe.csv#UNG_814::stealth_poisonous_blocks_targeting_and_kills_combat_target; per-card: reports/card_quality_full_2026-09-27/three_set_probe.csv#UNG_814::stealth_poisonous_blocks_targeting_and_kills_combat_target,聚合状态取该卡最差机制；普通烟测只证明可执行，不能单独构成 GREEN。 EN=Stealth  Poisonous; ZH=潜行 剧毒; source=fireplace/cards/CardDefs.xml#UNG_814; existing_tests=none; prior=YELLOW:2 个机制缺少充分的核心效果验证；逐机制依据见 card_mechanism.csv。,Stealth  Poisonous,潜行 剧毒,
17.6.0.53261,Journey to Un'Goro (UNGORO),UNG_816,Servant of Kalimos,卡利莫斯的仆从,Battlecry|Discover / Choice|Random effects,GREEN,implemented,yes,"本轮逐卡行为用例全部通过：battlecry_discovers_elemental_after_last_turn_elemental_only=prior_elemental=UNG_809;options=[('DAL_092', [18]), ('DAL_748', [18]), ('UNG_079', [18])];selected=DAL_092;same_turn_choice=None;same_turn_servant=PLAY",card_mechanism.csv#UNG_816; generic-play-smoke:played; effect-evidence: reports/card_quality_full_2026-09-27/three_set_probe.csv#UNG_816::battlecry_discovers_elemental_after_last_turn_elemental_only; per-card: reports/card_quality_full_2026-09-27/three_set_probe.csv#UNG_816::battlecry_discovers_elemental_after_last_turn_elemental_only,"聚合状态取该卡最差机制；普通烟测只证明可执行，不能单独构成 GREEN。 EN=[x]Battlecry: If you played an Elemental last turn,  Discover an Elemental.; ZH=战吼：如果你在上个回合使用过元素牌，则发现一张元素牌。; source=fireplace/cards/ungoro/neutral_rare.py:61; existing_tests=none; prior=YELLOW:3 个机制缺少充分的核心效果验证；逐机制依据见 card_mechanism.csv。","[x]Battlecry: If you played an Elemental last turn,  Discover an Elemental.",战吼：如果你在上个回合使用过元素牌，则发现一张元素牌。,fireplace/cards/ungoro/neutral_rare.py:61
17.6.0.53261,Journey to Un'Goro (UNGORO),UNG_817,Tidal Surge,海潮涌动,Spell resolution|Targeting,GREEN,implemented,yes,本轮逐卡行为用例全部通过：spell_deals_four_to_minion_and_restores_four_health=target_after=1/5;hero_before=25;hero_after=29;spell=GRAVEYARD,card_mechanism.csv#UNG_817; generic-play-smoke:played; effect-evidence: reports/card_quality_full_2026-09-27/three_set_probe.csv#UNG_817::spell_deals_four_to_minion_and_restores_four_health; per-card: reports/card_quality_full_2026-09-27/three_set_probe.csv#UNG_817::spell_deals_four_to_minion_and_restores_four_health,聚合状态取该卡最差机制；普通烟测只证明可执行，不能单独构成 GREEN。 EN=Deal $4 damage to a minion. Restore #4 Health to your hero.; ZH=对一个随从造成$4点伤害。为你的英雄恢复#4点生命值。; source=fireplace/cards/ungoro/shaman.py:73; existing_tests=none; prior=YELLOW:2 个机制缺少充分的核心效果验证；逐机制依据见 card_mechanism.csv。,Deal $4 damage to a minion. Restore #4 Health to your hero.,对一个随从造成$4点伤害。为你的英雄恢复#4点生命值。,fireplace/cards/ungoro/shaman.py:73
17.6.0.53261,Journey to Un'Goro (UNGORO),UNG_818,Volatile Elemental,不稳定的元素,Deathrattle|Random effects,GREEN,implemented,yes,"本轮逐卡行为用例全部通过：deathrattle_randomly_hits_one_enemy_minion_for_three=seeds=16;each_run_one_enemy_hit=3;different_random_targets=[0, 1];friendly_untouched=True",card_mechanism.csv#UNG_818; generic-play-smoke:played; effect-evidence: reports/card_quality_full_2026-09-27/three_set_probe.csv#UNG_818::deathrattle_randomly_hits_one_enemy_minion_for_three; per-card: reports/card_quality_full_2026-09-27/three_set_probe.csv#UNG_818::deathrattle_randomly_hits_one_enemy_minion_for_three,聚合状态取该卡最差机制；普通烟测只证明可执行，不能单独构成 GREEN。 EN=Deathrattle: Deal 3 damage to a random enemy minion.; ZH=亡语：随机对一个敌方随从造成3点伤害。; source=fireplace/cards/ungoro/neutral_common.py:85; existing_tests=none; prior=YELLOW:2 个机制缺少充分的核心效果验证；逐机制依据见 card_mechanism.csv。,Deathrattle: Deal 3 damage to a random enemy minion.,亡语：随机对一个敌方随从造成3点伤害。,fireplace/cards/ungoro/neutral_common.py:85
17.6.0.53261,Journey to Un'Goro (UNGORO),UNG_823,Envenom Weapon,浸毒武器,Spell resolution,GREEN,implemented,yes,本轮逐卡行为用例全部通过：spell_gives_equipped_weapon_poisonous_for_combat=weapon=CS2_106;poisonous=True;target=GRAVEYARD;durability=1;spell=GRAVEYARD,card_mechanism.csv#UNG_823; generic-play-smoke:unplayable_in_generic_setup; effect-evidence: reports/card_quality_full_2026-09-27/three_set_probe.csv#UNG_823::spell_gives_equipped_weapon_poisonous_for_combat; per-card: reports/card_quality_full_2026-09-27/three_set_probe.csv#UNG_823::spell_gives_equipped_weapon_poisonous_for_combat,聚合状态取该卡最差机制；普通烟测只证明可执行，不能单独构成 GREEN。 EN=Give your weapon Poisonous.; ZH=使你的武器获得剧毒。; source=fireplace/cards/ungoro/rogue.py:113; existing_tests=none; prior=YELLOW:1 个机制缺少充分的核心效果验证；逐机制依据见 card_mechanism.csv。,Give your weapon Poisonous.,使你的武器获得剧毒。,fireplace/cards/ungoro/rogue.py:113
17.6.0.53261,Journey to Un'Goro (UNGORO),UNG_829,Lakkari Sacrifice,拉卡利献祭,Draw / Discard|Quest|Spell resolution|Targeting,GREEN,implemented,yes,逐卡实测：三次真实双弃牌令拉卡利献祭进度依次为2、4、6；任务进入墓地且奖励入手；打出奖励后休眠传送门在己方回合结束召唤两只小鬼。,tests/test_ungoro_shared_red_fixes.py::test_lakkari_sacrifice_counts_six_real_discards_and_opens_portal,原始结论保留于known_issues_archive_2026-09-29/。 修复共享 Discard AFTER 事件广播；每张牌只计数一次。,[x]Quest: Discard 6 cards. Reward: Nether Portal.,任务：弃掉六张牌。 奖励：虚空传送门。,fireplace/cards/ungoro/warlock.py:58
17.6.0.53261,Journey to Un'Goro (UNGORO),UNG_830,Cruel Dinomancer,残暴的恐龙术士,Deathrattle|Random effects|Summon,GREEN,implemented,yes,逐卡实测：真实弃掉小精灵后残暴的恐龙术士死亡会召唤一只独立的1/1小精灵副本，弃牌原实体仍在移除区；没有弃掉随从时不会错误召唤。,tests/test_ungoro_shared_red_fixes.py::test_cruel_dinomancer_summons_a_copy_of_discarded_minion; tests/test_ungoro_shared_red_fixes.py::test_cruel_dinomancer_without_discarded_minion_summons_nothing,原始结论保留于known_issues_archive_2026-09-29/。 修复弃牌历史选择器可见性并使用副本；共享机制另经血腥女王兰娜瑟尔与灵魂守望者回归测试。,[x]Deathrattle: Summon a random minion you discarded this game.,亡语：随机召唤一个你在本局对战中弃掉的友方随从。,fireplace/cards/ungoro/warlock.py:25
17.6.0.53261,Journey to Un'Goro (UNGORO),UNG_831,Corrupting Mist,腐化迷雾,Spell resolution|Trigger,GREEN,implemented,yes,"本轮逐卡行为用例全部通过：spell_delays_destruction_until_next_own_turn_and_spares_later_minion=spell=GRAVEYARD;during_opponent_turn=['GRAVEYARD', 'GRAVEYARD', 'PLAY'];next_owner_begin=['GRAVEYARD', 'GRAVEYARD', 'PLAY'];late_minion_survives=True",card_mechanism.csv#UNG_831; generic-play-smoke:played; effect-evidence: reports/card_quality_full_2026-09-27/three_set_probe.csv#UNG_831::spell_delays_destruction_until_next_own_turn_and_spares_later_minion; per-card: reports/card_quality_full_2026-09-27/three_set_probe.csv#UNG_831::spell_delays_destruction_until_next_own_turn_and_spares_later_minion,聚合状态取该卡最差机制；普通烟测只证明可执行，不能单独构成 GREEN。 EN=Corrupt every minion. Destroy them at the start of your next turn.; ZH=腐蚀所有随从，在你的下个回合开始时将其消灭。; source=fireplace/cards/ungoro/warlock.py:78; existing_tests=tests/test_ungoro.py:122:test_corrupting_mist; prior=YELLOW:2 个机制缺少充分的核心效果验证；逐机制依据见 card_mechanism.csv。,Corrupt every minion. Destroy them at the start of your next turn.,腐蚀所有随从，在你的下个回合开始时将其消灭。,fireplace/cards/ungoro/warlock.py:78
17.6.0.53261,Journey to Un'Goro (UNGORO),UNG_832,Bloodbloom,血色绽放,Spell resolution,GREEN,implemented,yes,本轮逐卡行为用例全部通过：next_spell_pays_health_once_then_normal_mana_resumes=bloom=GRAVEYARD;first_spell_health_cost=4;health_after_first=21;mana_unchanged_first=True;second_spell_mana_cost=2;health_after_second=27;mana_after=4,card_mechanism.csv#UNG_832; generic-play-smoke:played; effect-evidence: reports/card_quality_full_2026-09-27/three_set_probe.csv#UNG_832::next_spell_pays_health_once_then_normal_mana_resumes; per-card: reports/card_quality_full_2026-09-27/three_set_probe.csv#UNG_832::next_spell_pays_health_once_then_normal_mana_resumes,聚合状态取该卡最差机制；普通烟测只证明可执行，不能单独构成 GREEN。 EN=The next spell you cast this turn costs Health instead of Mana.; ZH=在本回合中，你施放的下一个法术不再消耗法力值，转而消耗生命值。; source=fireplace/cards/ungoro/warlock.py:88; existing_tests=none; prior=YELLOW:1 个机制缺少充分的核心效果验证；逐机制依据见 card_mechanism.csv。,The next spell you cast this turn costs Health instead of Mana.,在本回合中，你施放的下一个法术不再消耗法力值，转而消耗生命值。,fireplace/cards/ungoro/warlock.py:88
17.6.0.53261,Journey to Un'Goro (UNGORO),UNG_833,Lakkari Felhound,拉卡利地狱犬,Battlecry|Draw / Discard|Random effects|Taunt,GREEN,implemented,yes,"本轮逐卡行为用例全部通过：battlecry_discards_two_random_hand_cards_and_keeps_taunt_body=seeds=24;sample=[(83301, ['CS2_029', 'CS2_089'], 'CS2_231'), (83302, ['CS2_089', 'CS2_231'], 'CS2_029'), (83303, ['CS2_089', 'CS2_231'], 'CS2_029'), (83304, ['CS2_029', 'CS2_089'], 'CS2_231'), (83305, ['CS2_089', 'CS2_231'], 'CS2_029')];survivor_ids=['CS2_029', 'CS2_089', 'CS2_231'];discarded_per_run=2;body=PLAY/Taunt",card_mechanism.csv#UNG_833; generic-play-smoke:played; effect-evidence: reports/card_quality_full_2026-09-27/three_set_probe.csv#UNG_833::battlecry_discards_two_random_hand_cards_and_keeps_taunt_body; per-card: reports/card_quality_full_2026-09-27/three_set_probe.csv#UNG_833::battlecry_discards_two_random_hand_cards_and_keeps_taunt_body,聚合状态取该卡最差机制；普通烟测只证明可执行，不能单独构成 GREEN。 EN=Taunt Battlecry: Discard two random cards.; ZH=嘲讽，战吼： 随机弃两张牌。; source=fireplace/cards/ungoro/warlock.py:31; existing_tests=none; prior=YELLOW:4 个机制缺少充分的核心效果验证；逐机制依据见 card_mechanism.csv。,Taunt Battlecry: Discard two random cards.,嘲讽，战吼： 随机弃两张牌。,fireplace/cards/ungoro/warlock.py:31
17.6.0.53261,Journey to Un'Goro (UNGORO),UNG_834,Feeding Time,喂食时间,Spell resolution|Summon|Targeting,GREEN,implemented,yes,"本轮逐卡行为用例全部通过：spell_deals_three_to_minion_and_summons_three_one_ones=nonlethal_target=2/5/PLAY;nonlethal_tokens=[('UNG_834t1', 1, 1), ('UNG_834t1', 1, 1), ('UNG_834t1', 1, 1)];lethal_target=GRAVEYARD;lethal_tokens=[('UNG_834t1', 1, 1, 'PLAY'), ('UNG_834t1', 1, 1, 'PLAY'), ('UNG_834t1', 1, 1, 'PLAY')]",card_mechanism.csv#UNG_834; generic-play-smoke:played; effect-evidence: reports/card_quality_full_2026-09-27/three_set_probe.csv#UNG_834::spell_deals_three_to_minion_and_summons_three_one_ones; per-card: reports/card_quality_full_2026-09-27/three_set_probe.csv#UNG_834::spell_deals_three_to_minion_and_summons_three_one_ones,聚合状态取该卡最差机制；普通烟测只证明可执行，不能单独构成 GREEN。 EN=Deal $3 damage to a minion. Summon three 1/1 Pterrordaxes.; ZH=对一个随从造成$3点伤害。召唤三个1/1的翼手龙。; source=fireplace/cards/ungoro/warlock.py:99; existing_tests=none; prior=YELLOW:3 个机制缺少充分的核心效果验证；逐机制依据见 card_mechanism.csv。,Deal $3 damage to a minion. Summon three 1/1 Pterrordaxes.,对一个随从造成$3点伤害。召唤三个1/1的翼手龙。,fireplace/cards/ungoro/warlock.py:99
17.6.0.53261,Journey to Un'Goro (UNGORO),UNG_835,Chittering Tunneler,聒噪的挖掘者,Battlecry|Discover / Choice|Random effects,GREEN,implemented,yes,本轮逐卡行为用例全部通过：battlecry_discovers_spell_and_deals_selected_spell_cost_to_hero=seed=83501;selected=EX1_320;cost=5;hero_health=25;hand=['EX1_320'];choice=None,card_mechanism.csv#UNG_835; generic-play-smoke:played; effect-evidence: reports/card_quality_full_2026-09-27/three_set_probe.csv#UNG_835::battlecry_discovers_spell_and_deals_selected_spell_cost_to_hero; per-card: reports/card_quality_full_2026-09-27/three_set_probe.csv#UNG_835::battlecry_discovers_spell_and_deals_selected_spell_cost_to_hero,聚合状态取该卡最差机制；普通烟测只证明可执行，不能单独构成 GREEN。 EN=Battlecry: Discover a spell. Deal damage to your hero equal to its Cost.; ZH=战吼： 发现一张法术牌。对你的英雄造成等同于其法力值消耗的伤害。; source=fireplace/cards/ungoro/warlock.py:37; existing_tests=none; prior=YELLOW:3 个机制缺少充分的核心效果验证；逐机制依据见 card_mechanism.csv。,Battlecry: Discover a spell. Deal damage to your hero equal to its Cost.,战吼： 发现一张法术牌。对你的英雄造成等同于其法力值消耗的伤害。,fireplace/cards/ungoro/warlock.py:37
17.6.0.53261,Journey to Un'Goro (UNGORO),UNG_836,Clutchmother Zavas,萨瓦丝女王,Draw / Discard|Trigger,GREEN,implemented,yes,"本轮逐卡行为用例全部通过：discard_trigger_returns_zavas_to_hand_and_stacks_plus_two_plus_two=after_each_discard=[(1, 'HAND', 4, 4, ['UNG_836e']), (2, 'HAND', 6, 6, ['UNG_836e', 'UNG_836e'])];final_hand=['UNG_836'];zavas=HAND/6/6",card_mechanism.csv#UNG_836; generic-play-smoke:played; effect-evidence: reports/card_quality_full_2026-09-27/three_set_probe.csv#UNG_836::discard_trigger_returns_zavas_to_hand_and_stacks_plus_two_plus_two; per-card: reports/card_quality_full_2026-09-27/three_set_probe.csv#UNG_836::discard_trigger_returns_zavas_to_hand_and_stacks_plus_two_plus_two,"聚合状态取该卡最差机制；普通烟测只证明可执行，不能单独构成 GREEN。 EN=Whenever you discard this, give it +2/+2 and return it to your hand.; ZH=每当你弃掉这张牌时，使其获得+2/+2，并重新置入你的手牌。; source=fireplace/cards/ungoro/warlock.py:45; existing_tests=tests/test_ungoro.py:203:test_clutchmother_zavas; prior=YELLOW:2 个机制缺少充分的核心效果验证；逐机制依据见 card_mechanism.csv。","Whenever you discard this, give it +2/+2 and return it to your hand.",每当你弃掉这张牌时，使其获得+2/+2，并重新置入你的手牌。,fireplace/cards/ungoro/warlock.py:45
17.6.0.53261,Journey to Un'Goro (UNGORO),UNG_838,Tar Lord,焦油兽王,Continuous effect / Update|Taunt,GREEN,implemented,yes,本轮逐卡行为用例全部通过：taunt_minion_gains_and_loses_four_attack_with_turn_owner=own_turn_attack=1;opponent_turn_attack=5;next_own_turn_attack=1;taunt=1,card_mechanism.csv#UNG_838; generic-play-smoke:played; effect-evidence: reports/card_quality_full_2026-09-27/three_set_probe.csv#UNG_838::taunt_minion_gains_and_loses_four_attack_with_turn_owner; per-card: reports/card_quality_full_2026-09-27/three_set_probe.csv#UNG_838::taunt_minion_gains_and_loses_four_attack_with_turn_owner,聚合状态取该卡最差机制；普通烟测只证明可执行，不能单独构成 GREEN。 EN=Taunt Has +4 Attack during your opponent’s turn.; ZH=嘲讽 在你对手的回合获得+4攻击力。; source=fireplace/cards/ungoro/warrior.py:8; existing_tests=none; prior=YELLOW:2 个机制缺少充分的核心效果验证；逐机制依据见 card_mechanism.csv。,Taunt Has +4 Attack during your opponent’s turn.,嘲讽 在你对手的回合获得+4攻击力。,fireplace/cards/ungoro/warrior.py:8
17.6.0.53261,Journey to Un'Goro (UNGORO),UNG_840,"Hemet, Jungle Hunter",“丛林猎人”赫米特,Battlecry,GREEN,implemented,yes,"本轮逐卡行为用例全部通过：battlecry_destroys_own_deck_cost_three_or_less_only=own_costs={'CS2_231': 0, 'CS2_024': 2, 'CS2_026': 3, 'CS2_029': 4, 'CS2_182': 4};own_deck_after=['CS2_182', 'CS2_029'];enemy_deck_unchanged=['CS2_029', 'CS2_231'];hemet=PLAY",card_mechanism.csv#UNG_840; generic-play-smoke:played; effect-evidence: reports/card_quality_full_2026-09-27/three_set_probe.csv#UNG_840::battlecry_destroys_own_deck_cost_three_or_less_only; per-card: reports/card_quality_full_2026-09-27/three_set_probe.csv#UNG_840::battlecry_destroys_own_deck_cost_three_or_less_only,聚合状态取该卡最差机制；普通烟测只证明可执行，不能单独构成 GREEN。 EN=Battlecry: Destroy all cards in your deck that cost (3) or less.; ZH=战吼： 摧毁你牌库中所有法力值消耗小于或等于（3）点的卡牌。; source=fireplace/cards/ungoro/neutral_legendary.py:8; existing_tests=none; prior=YELLOW:1 个机制缺少充分的核心效果验证；逐机制依据见 card_mechanism.csv。,Battlecry: Destroy all cards in your deck that cost (3) or less.,战吼： 摧毁你牌库中所有法力值消耗小于或等于（3）点的卡牌。,fireplace/cards/ungoro/neutral_legendary.py:8
17.6.0.53261,Journey to Un'Goro (UNGORO),UNG_843,The Voraxx,沃拉斯,Summon|Trigger,GREEN,implemented,yes,本轮逐卡行为用例全部通过：trigger_copies_targeted_spell_once_onto_new_plant_only=targeted_voraxx=7/7;copied_spell_plant=UNG_999t2t1/5/5;spell=GRAVEYARD;target_other_control=other_5/5;voraxx_unchanged=3/3;plants=0,card_mechanism.csv#UNG_843; generic-play-smoke:played; effect-evidence: reports/card_quality_full_2026-09-27/three_set_probe.csv#UNG_843::trigger_copies_targeted_spell_once_onto_new_plant_only; per-card: reports/card_quality_full_2026-09-27/three_set_probe.csv#UNG_843::trigger_copies_targeted_spell_once_onto_new_plant_only,"聚合状态取该卡最差机制；普通烟测只证明可执行，不能单独构成 GREEN。 EN=[x]After you cast a spell on this minion, summon a 1/1 Plant and cast another copy on it.; ZH=在你对该随从施放一个法术后，召唤一个1/1的植物，并对其施放相同的法术。; source=fireplace/cards/ungoro/neutral_legendary.py:14; existing_tests=tests/test_ungoro.py:173:test_the_voraxx; prior=YELLOW:2 个机制缺少充分的核心效果验证；逐机制依据见 card_mechanism.csv。","[x]After you cast a spell on this minion, summon a 1/1 Plant and cast another copy on it.",在你对该随从施放一个法术后，召唤一个1/1的植物，并对其施放相同的法术。,fireplace/cards/ungoro/neutral_legendary.py:14
17.6.0.53261,Journey to Un'Goro (UNGORO),UNG_844,Humongous Razorleaf,巨齿刀叶,Unclassified effect,GREEN,implemented,yes,本轮逐卡行为用例全部通过：cant_attack_persists_after_summoning_sickness_expires=after_summon_can_attack=False;controller_turn=True;after_ready_can_attack=False;attack_rejected=True;hero_health=30;razorleaf=PLAY;enemy=PLAY,card_mechanism.csv#UNG_844; generic-play-smoke:played; effect-evidence: reports/card_quality_full_2026-09-27/three_set_probe.csv#UNG_844::cant_attack_persists_after_summoning_sickness_expires; per-card: reports/card_quality_full_2026-09-27/three_set_probe.csv#UNG_844::cant_attack_persists_after_summoning_sickness_expires,聚合状态取该卡最差机制；普通烟测只证明可执行，不能单独构成 GREEN。 EN=Can't attack.; ZH=无法攻击。; source=fireplace/cards/CardDefs.xml#UNG_844; existing_tests=none; prior=YELLOW:1 个机制缺少充分的核心效果验证；逐机制依据见 card_mechanism.csv。,Can't attack.,无法攻击。,
17.6.0.53261,Journey to Un'Goro (UNGORO),UNG_845,Igneous Elemental,火岩元素,Deathrattle,GREEN,implemented,yes,"本轮逐卡行为用例全部通过：deathrattle_adds_two_elementals_and_silence_removes_trigger=deathrattle_minion=GRAVEYARD;added=[[('UNG_809t1', 1, 2, 'HAND'), ('UNG_809t1', 1, 2, 'HAND')]];silenced_source=GRAVEYARD;cards_after_silenced_death=[]",card_mechanism.csv#UNG_845; generic-play-smoke:played; effect-evidence: reports/card_quality_full_2026-09-27/three_set_probe.csv#UNG_845::deathrattle_adds_two_elementals_and_silence_removes_trigger; per-card: reports/card_quality_full_2026-09-27/three_set_probe.csv#UNG_845::deathrattle_adds_two_elementals_and_silence_removes_trigger,聚合状态取该卡最差机制；普通烟测只证明可执行，不能单独构成 GREEN。 EN=Deathrattle: Add two 1/2 Elementals to your hand.; ZH=亡语：将两张1/2的元素牌置入你的手牌。; source=fireplace/cards/ungoro/neutral_common.py:91; existing_tests=none; prior=YELLOW:1 个机制缺少充分的核心效果验证；逐机制依据见 card_mechanism.csv。,Deathrattle: Add two 1/2 Elementals to your hand.,亡语：将两张1/2的元素牌置入你的手牌。,fireplace/cards/ungoro/neutral_common.py:91
17.6.0.53261,Journey to Un'Goro (UNGORO),UNG_846,Shimmering Tempest,活体风暴,Deathrattle|Random effects,GREEN,implemented,yes,"本轮逐卡行为用例全部通过：deathrattle_adds_one_random_mage_spell_to_hand=seeds=24;sample=[(84601, 'BOT_600', 2), (84602, 'OG_086', 0), (84603, 'EX1_294', 3), (84604, 'EX1_287', 3), (84605, 'BOT_600', 2), (84606, 'ULD_726', 2)];distinct_mage_spells=['AT_002', 'AT_004', 'BOT_254', 'BOT_453', 'BOT_600', 'BT_291', 'CS2_022', 'CS2_023', 'CS2_026', 'CS2_028', 'DAL_577', 'DAL_578', 'DAL_608', 'EX1_180', 'EX1_287', 'EX1_294', 'GVG_001', 'GVG_003', 'ICC_836', 'LOE_002', 'OG_086', 'ULD_726', 'UNG_024'];each_death_added_one=True",card_mechanism.csv#UNG_846; generic-play-smoke:played; effect-evidence: reports/card_quality_full_2026-09-27/three_set_probe.csv#UNG_846::deathrattle_adds_one_random_mage_spell_to_hand; per-card: reports/card_quality_full_2026-09-27/three_set_probe.csv#UNG_846::deathrattle_adds_one_random_mage_spell_to_hand,聚合状态取该卡最差机制；普通烟测只证明可执行，不能单独构成 GREEN。 EN=Deathrattle: Add a random Mage spell to your hand.; ZH=亡语： 随机将一张法师法术牌置入你的手牌。; source=fireplace/cards/ungoro/mage.py:30; existing_tests=none; prior=YELLOW:2 个机制缺少充分的核心效果验证；逐机制依据见 card_mechanism.csv。,Deathrattle: Add a random Mage spell to your hand.,亡语： 随机将一张法师法术牌置入你的手牌。,fireplace/cards/ungoro/mage.py:30
17.6.0.53261,Journey to Un'Goro (UNGORO),UNG_847,Blazecaller,火焰使者,Battlecry|Targeting,GREEN,implemented,yes,逐卡实际对局断言通过：elemental_last_turn_deals_five=elemental=PLAY;target=7->2;target_zone=PLAY;blazecaller=PLAY;mana=3；no_elemental_last_turn_no_damage=elemental_last_turn=0;target=5->5;blazecaller=PLAY,card_mechanism.csv#UNG_847; generic-play-smoke:played; effect-evidence: reports/card_quality_full_2026-09-27/three_set_probe.csv#UNG_847::elemental_last_turn_deals_five; reports/card_quality_full_2026-09-27/three_set_probe.csv#UNG_847::no_elemental_last_turn_no_damage; per-card: reports/card_quality_full_2026-09-27/three_set_probe.csv#UNG_847::elemental_last_turn_deals_five; reports/card_quality_full_2026-09-27/three_set_probe.csv#UNG_847::no_elemental_last_turn_no_damage,"聚合状态取该卡最差机制；普通烟测只证明可执行，不能单独构成 GREEN。 EN=Battlecry: If you played an Elemental last turn, deal 5 damage.; ZH=战吼：如果你在上个回合使用过元素牌，则造成5点伤害。; source=fireplace/cards/ungoro/neutral_epic.py:59; existing_tests=tests/test_ungoro.py:274:test_blazecaller | tests/test_ungoro.py:277:test_blazecaller; previous_card_audit=2 个机制缺少充分的核心效果验证；逐机制依据见 card_mechanism.csv。; previous_mechanism_audit=存在定义或元数据候选；当前没有可复查的该机制核心效果断言。; prior_cross_card_issues=无; audit_scope=本轮实际运行断言。","Battlecry: If you played an Elemental last turn, deal 5 damage.",战吼：如果你在上个回合使用过元素牌，则造成5点伤害。,fireplace/cards/ungoro/neutral_epic.py:59
17.6.0.53261,Journey to Un'Goro (UNGORO),UNG_848,Primordial Drake,始生幼龙,Battlecry|Taunt,GREEN,implemented,yes,逐卡实测：始生幼龙战吼对敌我其他随从各造成2点伤害，自身生命不变且仍保有嘲讽。,tests/test_ungoro_card_local_fixes.py::test_primordial_drake_damages_every_other_minion_but_not_itself,原始结论保留于known_issues_archive_2026-09-29/。 修复前群体伤害包含自身。,[x]Taunt Battlecry: Deal 2 damage to all other minions.,嘲讽，战吼： 对所有其他随从造成2点伤害。,fireplace/cards/ungoro/neutral_epic.py:69
17.6.0.53261,Journey to Un'Goro (UNGORO),UNG_851,Elise the Trailblazer,“开拓者”伊莉斯,Battlecry,GREEN,implemented,yes,"逐卡实际对局断言通过：pack_shuffled_and_opened=elise=PLAY;pack=GRAVEYARD;generated=['UNG_103', 'UNG_948', 'UNG_001', 'UNG_001', 'UNG_021'];count_delta=5",card_mechanism.csv#UNG_851; generic-play-smoke:played; effect-evidence: reports/card_quality_full_2026-09-27/three_set_probe.csv#UNG_851::pack_shuffled_and_opened; per-card: reports/card_quality_full_2026-09-27/three_set_probe.csv#UNG_851::pack_shuffled_and_opened,聚合状态取该卡最差机制；普通烟测只证明可执行，不能单独构成 GREEN。 EN=Battlecry: Shuffle a sealed Un'Goro pack into your deck.; ZH=战吼： 将一张安戈洛卡牌包洗入你的牌库。; source=fireplace/cards/ungoro/neutral_legendary.py:22; existing_tests=无候选既有测试引用; previous_card_audit=1 个机制缺少充分的核心效果验证；逐机制依据见 card_mechanism.csv。; previous_mechanism_audit=存在定义或元数据候选；当前没有可复查的该机制核心效果断言。; prior_cross_card_issues=无; audit_scope=本轮实际运行断言。,Battlecry: Shuffle a sealed Un'Goro pack into your deck.,战吼： 将一张安戈洛卡牌包洗入你的牌库。,fireplace/cards/ungoro/neutral_legendary.py:22
17.6.0.53261,Journey to Un'Goro (UNGORO),UNG_852,Tyrantus,泰拉图斯,Untargetable,GREEN,implemented,yes,逐卡实际对局断言通过：spell_and_hero_power_untargetable=tyrantus_controller=Player2;spell_blocked=True;spell=HAND;hp_blocked=True;mana=10->10;zone=PLAY,card_mechanism.csv#UNG_852; generic-play-smoke:played; effect-evidence: reports/card_quality_full_2026-09-27/three_set_probe.csv#UNG_852::spell_and_hero_power_untargetable; per-card: reports/card_quality_full_2026-09-27/three_set_probe.csv#UNG_852::spell_and_hero_power_untargetable,聚合状态取该卡最差机制；普通烟测只证明可执行，不能单独构成 GREEN。 EN=Can't be targeted by spells or Hero Powers.; ZH=无法成为法术或英雄技能的目标。; source=未发现 Python 卡脚本; existing_tests=无候选既有测试引用; previous_card_audit=1 个机制缺少充分的核心效果验证；逐机制依据见 card_mechanism.csv。; previous_mechanism_audit=存在定义或元数据候选；当前没有可复查的该机制核心效果断言。; prior_cross_card_issues=无; audit_scope=本轮实际运行断言。,Can't be targeted by spells or Hero Powers.,无法成为法术或英雄技能的目标。,
17.6.0.53261,Journey to Un'Goro (UNGORO),UNG_854,Free From Amber,琥口脱险,Discover / Choice|Random effects|Spell resolution|Summon,GREEN,implemented,yes,"逐卡实际对局断言通过：discover_8_cost_minion_then_summon=offered=[('CFM_670', 'MINION', 9), ('LOOT_153', 'MINION', 8), ('BRM_027', 'MINION', 9)];selected=CFM_670;summoned=[('CFM_670', 'PLAY')];hand=[];choice=None;spell=GRAVEYARD",card_mechanism.csv#UNG_854; generic-play-smoke:played; effect-evidence: reports/card_quality_full_2026-09-27/three_set_probe.csv#UNG_854::discover_8_cost_minion_then_summon; per-card: reports/card_quality_full_2026-09-27/three_set_probe.csv#UNG_854::discover_8_cost_minion_then_summon,聚合状态取该卡最差机制；普通烟测只证明可执行，不能单独构成 GREEN。 EN=Discover a minion that costs (8) or more. Summon it.; ZH=发现一张法力值消耗大于或等于（8）点的随从牌，并召唤该随从。; source=fireplace/cards/ungoro/priest.py:134; existing_tests=无候选既有测试引用; previous_card_audit=4 个机制缺少充分的核心效果验证；逐机制依据见 card_mechanism.csv。; previous_mechanism_audit=存在定义或元数据候选；当前没有可复查的该机制核心效果断言。; prior_cross_card_issues=无; audit_scope=本轮实际运行断言。,Discover a minion that costs (8) or more. Summon it.,发现一张法力值消耗大于或等于（8）点的随从牌，并召唤该随从。,fireplace/cards/ungoro/priest.py:134
17.6.0.53261,Journey to Un'Goro (UNGORO),UNG_856,Hallucination,幻觉,Discover / Choice|Random effects|Spell resolution,GREEN,implemented,yes,逐卡实测：幻觉多组随机种子每次提供三张对手职业可收藏卡，实际候选包含非法术牌；选择后牌进入手牌且 Choice 清空。,tests/test_ungoro_card_local_fixes.py::test_hallucination_offers_collectible_cards_of_the_actual_opponent_class,原始结论保留于known_issues_archive_2026-09-29/。 修复前候选池只含对手职业法术。,Discover a card from your opponent's class.,发现一张你对手职业的卡牌。,fireplace/cards/ungoro/rogue.py:122
17.6.0.53261,Journey to Un'Goro (UNGORO),UNG_900,Spiritsinger Umbra,灵魂歌者安布拉,Summon|Trigger,GREEN,implemented,yes,"逐卡实际对局断言通过：summon_triggers_deathrattle=umbra=PLAY;igneous=PLAY;elemental_cards=[('UNG_809t1', 'HAND'), ('UNG_809t1', 'HAND')];field=['UNG_900', 'UNG_845']",card_mechanism.csv#UNG_900; generic-play-smoke:played; effect-evidence: reports/card_quality_full_2026-09-27/three_set_probe.csv#UNG_900::summon_triggers_deathrattle; per-card: reports/card_quality_full_2026-09-27/three_set_probe.csv#UNG_900::summon_triggers_deathrattle,"聚合状态取该卡最差机制；普通烟测只证明可执行，不能单独构成 GREEN。 EN=After you summon a minion, trigger its Deathrattle effect.; ZH=在你召唤一个随从后，触发其亡语。; source=fireplace/cards/ungoro/neutral_legendary.py:34; existing_tests=无候选既有测试引用; previous_card_audit=2 个机制缺少充分的核心效果验证；逐机制依据见 card_mechanism.csv。; previous_mechanism_audit=存在定义或元数据候选；当前没有可复查的该机制核心效果断言。; prior_cross_card_issues=无; audit_scope=本轮实际运行断言。","After you summon a minion, trigger its Deathrattle effect.",在你召唤一个随从后，触发其亡语。,fireplace/cards/ungoro/neutral_legendary.py:34
17.6.0.53261,Journey to Un'Goro (UNGORO),UNG_907,Ozruk,欧泽鲁克,Battlecry|Taunt,GREEN,implemented,yes,"逐卡实际对局断言通过：two_elementals_add_ten_health=elementals=['PLAY', 'PLAY'];ozruk=(5, 15, 15, 1);counter=2；no_elemental_keeps_base_health=elemental_last_turn=0;ozruk=(5, 5, 5, 1)",card_mechanism.csv#UNG_907; generic-play-smoke:played; effect-evidence: reports/card_quality_full_2026-09-27/three_set_probe.csv#UNG_907::two_elementals_add_ten_health; reports/card_quality_full_2026-09-27/three_set_probe.csv#UNG_907::no_elemental_keeps_base_health; per-card: reports/card_quality_full_2026-09-27/three_set_probe.csv#UNG_907::two_elementals_add_ten_health; reports/card_quality_full_2026-09-27/three_set_probe.csv#UNG_907::no_elemental_keeps_base_health,聚合状态取该卡最差机制；普通烟测只证明可执行，不能单独构成 GREEN。 EN=[x]Taunt Battlecry: Gain +5 Health for each Elemental you played last turn.; ZH=嘲讽，战吼：在上个回合，你每使用一张元素牌，便获得+5生命值。; source=fireplace/cards/ungoro/neutral_legendary.py:40; existing_tests=无候选既有测试引用; previous_card_audit=2 个机制缺少充分的核心效果验证；逐机制依据见 card_mechanism.csv。; previous_mechanism_audit=存在定义或元数据候选；当前没有可复查的该机制核心效果断言。; prior_cross_card_issues=无; audit_scope=本轮实际运行断言。,[x]Taunt Battlecry: Gain +5 Health for each Elemental you played last turn.,嘲讽，战吼：在上个回合，你每使用一张元素牌，便获得+5生命值。,fireplace/cards/ungoro/neutral_legendary.py:40
17.6.0.53261,Journey to Un'Goro (UNGORO),UNG_910,Grievous Bite,凶残撕咬,Spell resolution|Targeting,GREEN,implemented,yes,"逐卡实际对局断言通过：target_and_adjacent_zones=starting_max_damage_health=[(5, 0, 5), (5, 0, 5), (5, 0, 5), (5, 0, 5), (5, 0, 5)];direct_TARGET_ADJACENT=[('CS2_182', 11), ('CS2_182', 13)];expected_adjacent_ids=[('CS2_182', 11), ('CS2_182', 13)];after=[(5, 1, 4), (5, 2, 3), (5, 1, 4), (5, 0, 5), (5, 0, 5)];damage_deltas=[1, 2, 1, 0, 0];zones=['PLAY', 'PLAY', 'PLAY', 'PLAY', 'PLAY'];spell=GRAVEYARD",card_mechanism.csv#UNG_910; generic-play-smoke:played; effect-evidence: reports/card_quality_full_2026-09-27/three_set_probe.csv#UNG_910::target_and_adjacent_zones; per-card: reports/card_quality_full_2026-09-27/three_set_probe.csv#UNG_910::target_and_adjacent_zones,聚合状态取该卡最差机制；普通烟测只证明可执行，不能单独构成 GREEN。 EN=Deal $2 damage to a minion and $1 damage to adjacent ones.; ZH=对一个随从造成$2点伤害，并对其相邻的随从 造成$1点伤害。; source=fireplace/cards/ungoro/hunter.py:63; existing_tests=无候选既有测试引用; previous_card_audit=2 个机制缺少充分的核心效果验证；逐机制依据见 card_mechanism.csv。; previous_mechanism_audit=存在定义或元数据候选；当前没有可复查的该机制核心效果断言。 / 缺目标与非法自身目标均在付费/移区前被拒绝；合法目标效果仍需逐卡验证。; prior_cross_card_issues=无; audit_scope=本轮实际运行断言。,Deal $2 damage to a minion and $1 damage to adjacent ones.,对一个随从造成$2点伤害，并对其相邻的随从 造成$1点伤害。,fireplace/cards/ungoro/hunter.py:63
17.6.0.53261,Journey to Un'Goro (UNGORO),UNG_912,Jeweled Macaw,宝石鹦鹉,Battlecry|Random effects,GREEN,implemented,yes,"逐卡实际对局断言通过：random_beast_added_to_hand=macaw=PLAY;new_cards=[('UNG_925', ['BEAST'])];hand=['UNG_925']",card_mechanism.csv#UNG_912; generic-play-smoke:played; effect-evidence: reports/card_quality_full_2026-09-27/three_set_probe.csv#UNG_912::random_beast_added_to_hand; per-card: reports/card_quality_full_2026-09-27/three_set_probe.csv#UNG_912::random_beast_added_to_hand,聚合状态取该卡最差机制；普通烟测只证明可执行，不能单独构成 GREEN。 EN=Battlecry: Add a random Beast to your hand.; ZH=战吼：随机将一张野兽牌置入你的手牌。; source=fireplace/cards/ungoro/hunter.py:20; existing_tests=无候选既有测试引用; previous_card_audit=2 个机制缺少充分的核心效果验证；逐机制依据见 card_mechanism.csv。; previous_mechanism_audit=存在定义或元数据候选；当前没有可复查的该机制核心效果断言。; prior_cross_card_issues=无; audit_scope=本轮实际运行断言。,Battlecry: Add a random Beast to your hand.,战吼：随机将一张野兽牌置入你的手牌。,fireplace/cards/ungoro/hunter.py:20
17.6.0.53261,Journey to Un'Goro (UNGORO),UNG_913,Tol'vir Warden,托维尔守卫,Battlecry|Draw / Discard,GREEN,implemented,yes,"逐卡实际对局断言通过：draw_two_one_cost_minions=warden=PLAY;drawn=['UNG_809', 'CS2_171'];deck=['CS2_182']；draw_only_one_when_only_one_available=warden=PLAY;drawn=['UNG_809'];deck=['CS2_182'];health=30",card_mechanism.csv#UNG_913; generic-play-smoke:played; effect-evidence: reports/card_quality_full_2026-09-27/three_set_probe.csv#UNG_913::draw_two_one_cost_minions; reports/card_quality_full_2026-09-27/three_set_probe.csv#UNG_913::draw_only_one_when_only_one_available; per-card: reports/card_quality_full_2026-09-27/three_set_probe.csv#UNG_913::draw_two_one_cost_minions; reports/card_quality_full_2026-09-27/three_set_probe.csv#UNG_913::draw_only_one_when_only_one_available,聚合状态取该卡最差机制；普通烟测只证明可执行，不能单独构成 GREEN。 EN=Battlecry: Draw two 1-Cost minions from your deck.; ZH=战吼：从你的牌库中抽两张法力值消耗为（1）的随从牌。; source=fireplace/cards/ungoro/hunter.py:26; existing_tests=无候选既有测试引用; previous_card_audit=2 个机制缺少充分的核心效果验证；逐机制依据见 card_mechanism.csv。; previous_mechanism_audit=存在定义或元数据候选；当前没有可复查的该机制核心效果断言。; prior_cross_card_issues=无; audit_scope=本轮实际运行断言。,Battlecry: Draw two 1-Cost minions from your deck.,战吼：从你的牌库中抽两张法力值消耗为（1）的随从牌。,fireplace/cards/ungoro/hunter.py:26
17.6.0.53261,Journey to Un'Goro (UNGORO),UNG_914,Raptor Hatchling,迅猛龙宝宝,Deathrattle,GREEN,implemented,yes,"逐卡实际对局断言通过：deathrattle_shuffles_4_3=hatchling_stats=(2, 1, 1);hatchling_zone=GRAVEYARD;deck=['UNG_914t1', 'CS2_231'];raptor_stats=(4, 3);raptor_count=1",card_mechanism.csv#UNG_914; generic-play-smoke:played; effect-evidence: reports/card_quality_full_2026-09-27/three_set_probe.csv#UNG_914::deathrattle_shuffles_4_3; per-card: reports/card_quality_full_2026-09-27/three_set_probe.csv#UNG_914::deathrattle_shuffles_4_3,聚合状态取该卡最差机制；普通烟测只证明可执行，不能单独构成 GREEN。 EN=Deathrattle: Shuffle a 4/3 Raptor into your deck.; ZH=亡语：将一张4/3的“迅猛龙头领”洗入你的 牌库。; source=fireplace/cards/ungoro/hunter.py:32; existing_tests=无候选既有测试引用; previous_card_audit=1 个机制缺少充分的核心效果验证；逐机制依据见 card_mechanism.csv。; previous_mechanism_audit=存在效果脚本；烟测仅验证执行和基础状态，缺少充分逐卡效果断言。; prior_cross_card_issues=无; audit_scope=本轮实际运行断言。,Deathrattle: Shuffle a 4/3 Raptor into your deck.,亡语：将一张4/3的“迅猛龙头领”洗入你的 牌库。,fireplace/cards/ungoro/hunter.py:32
17.6.0.53261,Journey to Un'Goro (UNGORO),UNG_915,Crackling Razormaw,雷鸣刺喉龙,Battlecry|Targeting,GREEN,implemented,yes,"逐卡实际对局断言通过：adapt_beast_and_reject_nonbeast=offered=['UNG_999t14', 'UNG_999t2', 'UNG_999t10'];selected=UNG_999t14;beast=(1, 1, 1)->(2, 2, 2);buffs=['UNG_999t14e'];nonbeast=PLAY;rejected=True;invalid_card=HAND;mana=8->8",card_mechanism.csv#UNG_915; generic-play-smoke:played; effect-evidence: reports/card_quality_full_2026-09-27/three_set_probe.csv#UNG_915::adapt_beast_and_reject_nonbeast; per-card: reports/card_quality_full_2026-09-27/three_set_probe.csv#UNG_915::adapt_beast_and_reject_nonbeast,聚合状态取该卡最差机制；普通烟测只证明可执行，不能单独构成 GREEN。 EN=Battlecry: Adapt a friendly Beast.; ZH=战吼：进化一个友方野兽。; source=fireplace/cards/ungoro/hunter.py:38; existing_tests=无候选既有测试引用; previous_card_audit=2 个机制缺少充分的核心效果验证；逐机制依据见 card_mechanism.csv。; previous_mechanism_audit=存在定义或元数据候选；当前没有可复查的该机制核心效果断言。; prior_cross_card_issues=无; audit_scope=本轮实际运行断言。,Battlecry: Adapt a friendly Beast.,战吼：进化一个友方野兽。,fireplace/cards/ungoro/hunter.py:38
17.6.0.53261,Journey to Un'Goro (UNGORO),UNG_916,Stampede,奔踏,Random effects|Spell resolution,GREEN,implemented,yes,"逐卡实际对局断言通过：beast_play_triggers_this_turn_only=stampede=GRAVEYARD;first_beast_added=[('UNG_925', ['BEAST'])];nonbeast_added=[];next_turn_beast_added=[]",card_mechanism.csv#UNG_916; generic-play-smoke:played; effect-evidence: reports/card_quality_full_2026-09-27/three_set_probe.csv#UNG_916::beast_play_triggers_this_turn_only; per-card: reports/card_quality_full_2026-09-27/three_set_probe.csv#UNG_916::beast_play_triggers_this_turn_only,"聚合状态取该卡最差机制；普通烟测只证明可执行，不能单独构成 GREEN。 EN=Each time you play a Beast this turn, add a random Beast to your hand.; ZH=在本回合中，每当你使用一张野兽牌，随机将一张野兽牌置入你的手牌。; source=fireplace/cards/ungoro/hunter.py:70; existing_tests=无候选既有测试引用; previous_card_audit=2 个机制缺少充分的核心效果验证；逐机制依据见 card_mechanism.csv。; previous_mechanism_audit=存在定义或元数据候选；当前没有可复查的该机制核心效果断言。; prior_cross_card_issues=无; audit_scope=本轮实际运行断言。","Each time you play a Beast this turn, add a random Beast to your hand.",在本回合中，每当你使用一张野兽牌，随机将一张野兽牌置入你的手牌。,fireplace/cards/ungoro/hunter.py:70
17.6.0.53261,Journey to Un'Goro (UNGORO),UNG_917,Dinomancy,恐龙学,Spell resolution|Summon,GREEN,implemented,yes,"逐卡实际对局断言通过：hero_power_beast_only_plus_two_two=dinomancy=GRAVEYARD;power=UNG_917t1;rejected_nonbeast=True;mana=8->8->6;beast=(1, 1, 1)->(3, 3, 3);nonbeast=1/1",card_mechanism.csv#UNG_917; generic-play-smoke:played; effect-evidence: reports/card_quality_full_2026-09-27/three_set_probe.csv#UNG_917::hero_power_beast_only_plus_two_two; per-card: reports/card_quality_full_2026-09-27/three_set_probe.csv#UNG_917::hero_power_beast_only_plus_two_two,聚合状态取该卡最差机制；普通烟测只证明可执行，不能单独构成 GREEN。 EN=Your Hero Power becomes 'Give a Beast +2/+2.'; ZH=你的英雄技能变成“使一个野兽获得+2/+2”。; source=fireplace/cards/ungoro/hunter.py:80; existing_tests=无候选既有测试引用; previous_card_audit=2 个机制缺少充分的核心效果验证；逐机制依据见 card_mechanism.csv。; previous_mechanism_audit=存在定义或元数据候选；当前没有可复查的该机制核心效果断言。; prior_cross_card_issues=无; audit_scope=本轮实际运行断言。,Your Hero Power becomes 'Give a Beast +2/+2.',你的英雄技能变成“使一个野兽获得+2/+2”。,fireplace/cards/ungoro/hunter.py:80
17.6.0.53261,Journey to Un'Goro (UNGORO),UNG_919,Swamp King Dred,沼泽之王爵德,Trigger,GREEN,implemented,yes,逐卡实际对局断言通过：attacks_played_enemy_minion=dred=PLAY;dred_health=8/9;dred_exhausted=True;enemy_minion=GRAVEYARD;enemy_field=[]；frozen_dred_skips_attack=dred=PLAY;health_after_frostbolt=6;health_after_enemy_play=6;frozen=True;enemy_minion=PLAY;enemy_field=['CS2_231'],card_mechanism.csv#UNG_919; generic-play-smoke:played; effect-evidence: reports/card_quality_full_2026-09-27/three_set_probe.csv#UNG_919::attacks_played_enemy_minion; reports/card_quality_full_2026-09-27/three_set_probe.csv#UNG_919::frozen_dred_skips_attack; per-card: reports/card_quality_full_2026-09-27/three_set_probe.csv#UNG_919::attacks_played_enemy_minion; reports/card_quality_full_2026-09-27/three_set_probe.csv#UNG_919::frozen_dred_skips_attack,"聚合状态取该卡最差机制；普通烟测只证明可执行，不能单独构成 GREEN。 EN=After your opponent plays a minion, attack it.; ZH=在你的对手使用一张随从牌后，攻击该 随从。; source=fireplace/cards/ungoro/hunter.py:50; existing_tests=tests/test_ungoro.py:157:test_swamp_king_dred; previous_card_audit=1 个机制缺少充分的核心效果验证；逐机制依据见 card_mechanism.csv。; previous_mechanism_audit=存在定义或元数据候选；当前没有可复查的该机制核心效果断言。; prior_cross_card_issues=无; audit_scope=本轮实际运行断言。","After your opponent plays a minion, attack it.",在你的对手使用一张随从牌后，攻击该 随从。,fireplace/cards/ungoro/hunter.py:50
17.6.0.53261,Journey to Un'Goro (UNGORO),UNG_920,The Marsh Queen,湿地女王,Quest|Spell resolution,GREEN,implemented,yes,"逐卡实际对局断言通过：quest_seven_one_cost_minions_and_queen_shuffles_15=off_cost_minion_zone=GRAVEYARD;progress_after_off_cost=0;progress_after_six=6;progress_after_seventh=7;quest_zone=GRAVEYARD;seventh_played_and_counted=True;seventh_after_slot_release=HAND;reward_before_play=['UNG_920t1'];queen=PLAY;deck_count=15;raptors=15;raptor_zones=['DECK', 'DECK', 'DECK', 'DECK', 'DECK', 'DECK', 'DECK', 'DECK', 'DECK', 'DECK', 'DECK', 'DECK', 'DECK', 'DECK', 'DECK']",card_mechanism.csv#UNG_920; generic-play-smoke:played; effect-evidence: reports/card_quality_full_2026-09-27/three_set_probe.csv#UNG_920::quest_seven_one_cost_minions_and_queen_shuffles_15; per-card: reports/card_quality_full_2026-09-27/three_set_probe.csv#UNG_920::quest_seven_one_cost_minions_and_queen_shuffles_15,聚合状态取该卡最差机制；普通烟测只证明可执行，不能单独构成 GREEN。 EN=[x]Quest: Play seven 1-Cost minions. Reward: Queen Carnassa.; ZH=任务：使用七张法力值消耗为（1）的随从牌。 奖励：卡纳莎女王。; source=fireplace/cards/ungoro/hunter.py:97; existing_tests=无候选既有测试引用; previous_card_audit=2 个机制缺少充分的核心效果验证；逐机制依据见 card_mechanism.csv。; previous_mechanism_audit=存在定义或元数据候选；当前没有可复查的该机制核心效果断言。; prior_cross_card_issues=无; audit_scope=本轮实际运行断言。,[x]Quest: Play seven 1-Cost minions. Reward: Queen Carnassa.,任务：使用七张法力值消耗为（1）的随从牌。 奖励：卡纳莎女王。,fireplace/cards/ungoro/hunter.py:97
17.6.0.53261,Journey to Un'Goro (UNGORO),UNG_922,Explore Un'Goro,探索安戈洛,Discover / Choice|Spell resolution,GREEN,implemented,yes,"逐卡实际对局断言通过：replace_and_play_discover_deck=explore=GRAVEYARD;original_count=3;deck_after=['UNG_922t1', 'UNG_922t1', 'UNG_922t1'];drawn=UNG_922t1/GRAVEYARD;offered=['AT_129', 'NEW1_038', 'ULD_193'];selected=AT_129;choice=None;hand=['AT_129'];deck_remaining=['UNG_922t1', 'UNG_922t1']",card_mechanism.csv#UNG_922; generic-play-smoke:played; effect-evidence: reports/card_quality_full_2026-09-27/three_set_probe.csv#UNG_922::replace_and_play_discover_deck; per-card: reports/card_quality_full_2026-09-27/three_set_probe.csv#UNG_922::replace_and_play_discover_deck,"聚合状态取该卡最差机制；普通烟测只证明可执行，不能单独构成 GREEN。 EN=Replace your deck with copies of ""Discover a card.""; ZH=将你牌库里的所有卡牌替换成 “发现一张牌”。; source=fireplace/cards/ungoro/warrior.py:42; existing_tests=无候选既有测试引用; previous_card_audit=2 个机制缺少充分的核心效果验证；逐机制依据见 card_mechanism.csv。; previous_mechanism_audit=存在定义或元数据候选；当前没有可复查的该机制核心效果断言。; prior_cross_card_issues=无; audit_scope=本轮实际运行断言。","Replace your deck with copies of ""Discover a card.""",将你牌库里的所有卡牌替换成 “发现一张牌”。,fireplace/cards/ungoro/warrior.py:42
17.6.0.53261,Journey to Un'Goro (UNGORO),UNG_923,Iron Hide,铜皮铁甲,Spell resolution,GREEN,implemented,yes,逐卡实际对局断言通过：gain_five_armor=hero_health=30->30;armor=0->5;spell=GRAVEYARD,card_mechanism.csv#UNG_923; generic-play-smoke:played; effect-evidence: reports/card_quality_full_2026-09-27/three_set_probe.csv#UNG_923::gain_five_armor; per-card: reports/card_quality_full_2026-09-27/three_set_probe.csv#UNG_923::gain_five_armor,聚合状态取该卡最差机制；普通烟测只证明可执行，不能单独构成 GREEN。 EN=Gain 5 Armor.; ZH=获得5点护甲值。; source=fireplace/cards/ungoro/warrior.py:52; existing_tests=无候选既有测试引用; previous_card_audit=1 个机制缺少充分的核心效果验证；逐机制依据见 card_mechanism.csv。; previous_mechanism_audit=存在定义或元数据候选；当前没有可复查的该机制核心效果断言。; prior_cross_card_issues=无; audit_scope=本轮实际运行断言。,Gain 5 Armor.,获得5点护甲值。,fireplace/cards/ungoro/warrior.py:52
17.6.0.53261,Journey to Un'Goro (UNGORO),UNG_925,Ornery Direhorn,暴躁的恐角龙,Battlecry|Taunt,GREEN,implemented,yes,"逐卡实际对局断言通过：adapt_self_and_keep_taunt=offered=['UNG_999t14', 'UNG_999t2', 'UNG_999t10'];selected=UNG_999t14;direhorn=(6, 6, 6, 1);buffs=['UNG_999t14e'];choice=None",card_mechanism.csv#UNG_925; generic-play-smoke:played; effect-evidence: reports/card_quality_full_2026-09-27/three_set_probe.csv#UNG_925::adapt_self_and_keep_taunt; per-card: reports/card_quality_full_2026-09-27/three_set_probe.csv#UNG_925::adapt_self_and_keep_taunt,聚合状态取该卡最差机制；普通烟测只证明可执行，不能单独构成 GREEN。 EN=Taunt Battlecry: Adapt.; ZH=嘲讽，战吼：进化。; source=fireplace/cards/ungoro/warrior.py:14; existing_tests=无候选既有测试引用; previous_card_audit=2 个机制缺少充分的核心效果验证；逐机制依据见 card_mechanism.csv。; previous_mechanism_audit=存在定义或元数据候选；当前没有可复查的该机制核心效果断言。; prior_cross_card_issues=无; audit_scope=本轮实际运行断言。,Taunt Battlecry: Adapt.,嘲讽，战吼：进化。,fireplace/cards/ungoro/warrior.py:14
17.6.0.53261,Journey to Un'Goro (UNGORO),UNG_926,Cornered Sentry,身陷绝境的哨卫,Battlecry|Summon|Taunt,GREEN,implemented,yes,己方第七格打出仍给对手三只猛禽；对手满七格时不额外召唤。,tests/test_retest_board_issues.py::test_ung_926_cornered_sentry_summons_for_opponent_and_caps_at_seven,本次代码重测；修复前颜色和原始失败证据见 known_issues_archive_2026-09-29/card_quality_full_2026-09-27/。 当前代码逐卡行为重测通过。,Taunt. Battlecry: Summon three 1/1 Raptors for your opponent.,嘲讽，战吼： 为你的对手召唤三只1/1的迅猛龙。,fireplace/cards/ungoro/warrior.py:20
17.6.0.53261,Journey to Un'Goro (UNGORO),UNG_927,Sudden Genesis,基因转接,Spell resolution|Summon,GREEN,implemented,yes,"逐卡实际对局断言通过：copies_damaged_minions_only=originals_before=[('CS2_182', 4, 5, 1, 4, 'PLAY'), ('CS2_182', 4, 5, 2, 3, 'PLAY'), ('CS2_182', 4, 5, 0, 5, 'PLAY')];originals_after=[('CS2_182', 1, 4, 'PLAY'), ('CS2_182', 2, 3, 'PLAY'), ('CS2_182', 0, 5, 'PLAY')];copies=[('CS2_182', 4, 5, 1, 4, 'PLAY'), ('CS2_182', 4, 5, 2, 3, 'PLAY')];copy_matches_by_source=[(11, (1, 4, 5), [(18, 1, 4, 5)], True), (12, (2, 3, 5), [(19, 2, 3, 5)], True)];damaged_sources_copied_exactly=True;healthy_copy_count=0;spell=GRAVEYARD;field=['CS2_182', 'CS2_182', 'CS2_182', 'CS2_182', 'CS2_182']",card_mechanism.csv#UNG_927; generic-play-smoke:played; effect-evidence: reports/card_quality_full_2026-09-27/three_set_probe.csv#UNG_927::copies_damaged_minions_only; per-card: reports/card_quality_full_2026-09-27/three_set_probe.csv#UNG_927::copies_damaged_minions_only,聚合状态取该卡最差机制；普通烟测只证明可执行，不能单独构成 GREEN。 EN=Summon copies of your damaged minions.; ZH=复制所有受伤的友方随从。; source=fireplace/cards/ungoro/warrior.py:58; existing_tests=无候选既有测试引用; previous_card_audit=2 个机制缺少充分的核心效果验证；逐机制依据见 card_mechanism.csv。; previous_mechanism_audit=存在定义或元数据候选；当前没有可复查的该机制核心效果断言。; prior_cross_card_issues=无; audit_scope=本轮实际运行断言。,Summon copies of your damaged minions.,复制所有受伤的友方随从。,fireplace/cards/ungoro/warrior.py:58
17.6.0.53261,Journey to Un'Goro (UNGORO),UNG_928,Tar Creeper,焦油爬行者,Continuous effect / Update|Taunt,GREEN,implemented,yes,逐卡实际对局断言通过：attack_bonus_on_opponent_turn=attack_own=1;attack_opponent=3;attack_next_own=1;taunt=1;zone=PLAY,card_mechanism.csv#UNG_928; generic-play-smoke:played; effect-evidence: reports/card_quality_full_2026-09-27/three_set_probe.csv#UNG_928::attack_bonus_on_opponent_turn; per-card: reports/card_quality_full_2026-09-27/three_set_probe.csv#UNG_928::attack_bonus_on_opponent_turn,聚合状态取该卡最差机制；普通烟测只证明可执行，不能单独构成 GREEN。 EN=Taunt Has +2 Attack during your opponent's turn.; ZH=嘲讽 在你对手的回合获得+2攻击力。; source=fireplace/cards/ungoro/neutral_common.py:97; existing_tests=无候选既有测试引用; previous_card_audit=2 个机制缺少充分的核心效果验证；逐机制依据见 card_mechanism.csv。; previous_mechanism_audit=存在定义或元数据候选；当前没有可复查的该机制核心效果断言。; prior_cross_card_issues=无; audit_scope=本轮实际运行断言。,Taunt Has +2 Attack during your opponent's turn.,嘲讽 在你对手的回合获得+2攻击力。,fireplace/cards/ungoro/neutral_common.py:97
17.6.0.53261,Journey to Un'Goro (UNGORO),UNG_929,Molten Blade,熔岩之刃,Random effects|Transform|Trigger|Weapon,GREEN,implemented,yes,逐卡实际对局断言通过：transforms_each_own_turn_in_hand=starting=UNG_929;original_zone=SETASIDE;first=BT_271/WEAPON/entity12;second=GVG_024/WEAPON/entity14;hand=['GVG_024'],card_mechanism.csv#UNG_929; generic-play-smoke:played; effect-evidence: reports/card_quality_full_2026-09-27/three_set_probe.csv#UNG_929::transforms_each_own_turn_in_hand; per-card: reports/card_quality_full_2026-09-27/three_set_probe.csv#UNG_929::transforms_each_own_turn_in_hand,"聚合状态取该卡最差机制；普通烟测只证明可执行，不能单独构成 GREEN。 EN=Each turn this is in your hand, transform it into a new weapon.; ZH=如果这张牌在你的手牌中，每个回合都会变成一张新的武器牌。; source=fireplace/cards/ungoro/warrior.py:84; existing_tests=无候选既有测试引用; previous_card_audit=4 个机制缺少充分的核心效果验证；逐机制依据见 card_mechanism.csv。; previous_mechanism_audit=存在定义或元数据候选；当前没有可复查的该机制核心效果断言。; prior_cross_card_issues=无; audit_scope=本轮实际运行断言。","Each turn this is in your hand, transform it into a new weapon.",如果这张牌在你的手牌中，每个回合都会变成一张新的武器牌。,fireplace/cards/ungoro/warrior.py:84
17.6.0.53261,Journey to Un'Goro (UNGORO),UNG_933,King Mosh,暴龙之王摩什,Battlecry,GREEN,implemented,yes,"逐卡实际对局断言通过：destroy_damaged_minions_all_sides=mosh=PLAY;friendly_damaged=GRAVEYARD;enemy_damaged=GRAVEYARD;friendly_healthy=PLAY/5;enemy_healthy=PLAY/5;friendly_field=['CS2_182', 'UNG_933'];enemy_field=['CS2_182']",card_mechanism.csv#UNG_933; generic-play-smoke:played; effect-evidence: reports/card_quality_full_2026-09-27/three_set_probe.csv#UNG_933::destroy_damaged_minions_all_sides; per-card: reports/card_quality_full_2026-09-27/three_set_probe.csv#UNG_933::destroy_damaged_minions_all_sides,聚合状态取该卡最差机制；普通烟测只证明可执行，不能单独构成 GREEN。 EN=Battlecry: Destroy all damaged minions.; ZH=战吼：消灭所有受伤的随从。; source=fireplace/cards/ungoro/warrior.py:26; existing_tests=无候选既有测试引用; previous_card_audit=1 个机制缺少充分的核心效果验证；逐机制依据见 card_mechanism.csv。; previous_mechanism_audit=存在定义或元数据候选；当前没有可复查的该机制核心效果断言。; prior_cross_card_issues=无; audit_scope=本轮实际运行断言。,Battlecry: Destroy all damaged minions.,战吼：消灭所有受伤的随从。,fireplace/cards/ungoro/warrior.py:26
17.6.0.53261,Journey to Un'Goro (UNGORO),UNG_934,Fire Plume's Heart,火羽之心,Quest|Spell resolution,GREEN,implemented,yes,"逐卡实际对局断言通过：quest_seven_taunt_minions_and_sulfuras_power=non_taunt_progress=0;progress_six=6;quest_progress=7;quest_zone=GRAVEYARD;seventh=PLAY;reward_ids=['CS2_171', 'UNG_928', 'UNG_928', 'UNG_928', 'UNG_928', 'UNG_928', 'UNG_928'];sulfuras=('UNG_934t1', 'PLAY');weapon=('UNG_934t1', 4, 2);hero_power=UNG_934t2;power_used=True;enemy_hero_health=30->22",card_mechanism.csv#UNG_934; generic-play-smoke:played; effect-evidence: reports/card_quality_full_2026-09-27/three_set_probe.csv#UNG_934::quest_seven_taunt_minions_and_sulfuras_power; per-card: reports/card_quality_full_2026-09-27/three_set_probe.csv#UNG_934::quest_seven_taunt_minions_and_sulfuras_power,聚合状态取该卡最差机制；普通烟测只证明可执行，不能单独构成 GREEN。 EN=[x]Quest: Play 7 Taunt minions. Reward: Sulfuras.; ZH=任务：使用七张具有嘲讽的随从牌。 奖励：萨弗拉斯。; source=fireplace/cards/ungoro/warrior.py:64; existing_tests=无候选既有测试引用; previous_card_audit=2 个机制缺少充分的核心效果验证；逐机制依据见 card_mechanism.csv。; previous_mechanism_audit=存在定义或元数据候选；当前没有可复查的该机制核心效果断言。; prior_cross_card_issues=无; audit_scope=本轮实际运行断言。,[x]Quest: Play 7 Taunt minions. Reward: Sulfuras.,任务：使用七张具有嘲讽的随从牌。 奖励：萨弗拉斯。,fireplace/cards/ungoro/warrior.py:64
17.6.0.53261,Journey to Un'Goro (UNGORO),UNG_937,Primalfin Lookout,蛮鱼斥候,Battlecry|Discover / Choice|Random effects,GREEN,implemented,yes,"逐卡实际对局断言通过：conditional_murloc_discover=positive=murloc:PLAY;lookout:PLAY;offered=[('ICC_058', ['MURLOC']), ('ULD_723', ['MURLOC']), ('TRL_520', ['MURLOC'])];selected=ICC_058;choice=None;hand=['ICC_058'];negative=lookout:PLAY;choice:None;hand:[]",card_mechanism.csv#UNG_937; generic-play-smoke:played; effect-evidence: reports/card_quality_full_2026-09-27/three_set_probe.csv#UNG_937::conditional_murloc_discover; per-card: reports/card_quality_full_2026-09-27/three_set_probe.csv#UNG_937::conditional_murloc_discover,"聚合状态取该卡最差机制；普通烟测只证明可执行，不能单独构成 GREEN。 EN=Battlecry: If you control another Murloc, Discover a Murloc.; ZH=战吼：如果你控制其他任何鱼人，则发现一张鱼人牌。; source=fireplace/cards/ungoro/neutral_common.py:103; existing_tests=无候选既有测试引用; previous_card_audit=3 个机制缺少充分的核心效果验证；逐机制依据见 card_mechanism.csv。; previous_mechanism_audit=存在定义或元数据候选；当前没有可复查的该机制核心效果断言。; prior_cross_card_issues=无; audit_scope=本轮实际运行断言。","Battlecry: If you control another Murloc, Discover a Murloc.",战吼：如果你控制其他任何鱼人，则发现一张鱼人牌。,fireplace/cards/ungoro/neutral_common.py:103
17.6.0.53261,Journey to Un'Goro (UNGORO),UNG_938,Hot Spring Guardian,温泉守卫,Battlecry|Targeting|Taunt,GREEN,implemented,yes,"逐卡实际对局断言通过：restore_three_to_target=target_health=(4, 5)->(5, 5);guardian=(2, 4, 1);target_zone=PLAY",card_mechanism.csv#UNG_938; generic-play-smoke:played; effect-evidence: reports/card_quality_full_2026-09-27/three_set_probe.csv#UNG_938::restore_three_to_target; per-card: reports/card_quality_full_2026-09-27/three_set_probe.csv#UNG_938::restore_three_to_target,聚合状态取该卡最差机制；普通烟测只证明可执行，不能单独构成 GREEN。 EN=Taunt Battlecry: Restore #3 Health.; ZH=嘲讽，战吼： 恢复#3点生命值。; source=fireplace/cards/ungoro/shaman.py:54; existing_tests=无候选既有测试引用; previous_card_audit=3 个机制缺少充分的核心效果验证；逐机制依据见 card_mechanism.csv。; previous_mechanism_audit=存在定义或元数据候选；当前没有可复查的该机制核心效果断言。 / 缺目标与非法自身目标均在付费/移区前被拒绝；合法目标效果仍需逐卡验证。; prior_cross_card_issues=无; audit_scope=本轮实际运行断言。,Taunt Battlecry: Restore #3 Health.,嘲讽，战吼： 恢复#3点生命值。,fireplace/cards/ungoro/shaman.py:54
17.6.0.53261,Journey to Un'Goro (UNGORO),UNG_940,Awaken the Makers,唤醒造物者,Quest|Spell resolution|Summon,GREEN,implemented,yes,"逐卡实际对局断言通过：quest_seven_deathrattle_summons_and_amara=non_dr_progress=0;progress_six=6;quest_progress=7;quest_zone=GRAVEYARD;reward_before_seventh=False;amara=(40, 40, 'PLAY');hero=(40, 40);seventh=GRAVEYARD",card_mechanism.csv#UNG_940; generic-play-smoke:played; effect-evidence: reports/card_quality_full_2026-09-27/three_set_probe.csv#UNG_940::quest_seven_deathrattle_summons_and_amara; per-card: reports/card_quality_full_2026-09-27/three_set_probe.csv#UNG_940::quest_seven_deathrattle_summons_and_amara,"聚合状态取该卡最差机制；普通烟测只证明可执行，不能单独构成 GREEN。 EN=Quest: Summon 7 Deathrattle minions. Reward: Amara, Warden of Hope.; ZH=任务：召唤7个具有亡语的随从。 奖励：希望守护者阿玛拉。; source=fireplace/cards/ungoro/priest.py:147; existing_tests=无候选既有测试引用; previous_card_audit=3 个机制缺少充分的核心效果验证；逐机制依据见 card_mechanism.csv。; previous_mechanism_audit=存在定义或元数据候选；当前没有可复查的该机制核心效果断言。; prior_cross_card_issues=无; audit_scope=本轮实际运行断言。","Quest: Summon 7 Deathrattle minions. Reward: Amara, Warden of Hope.",任务：召唤7个具有亡语的随从。 奖励：希望守护者阿玛拉。,fireplace/cards/ungoro/priest.py:147
17.6.0.53261,Journey to Un'Goro (UNGORO),UNG_941,Primordial Glyph,远古雕文,Discover / Choice|Random effects|Spell resolution,GREEN,implemented,yes,"逐卡实际对局断言通过：discover_spell_reduce_cost_two=offered=[('BT_002', 'SPELL', 2), ('GIL_548', 'SPELL', 2), ('BOT_254', 'SPELL', 3)];selected=BT_002;base_cost=2;discounted_cost=0;choice=None;hand=['BT_002'];glyph=GRAVEYARD",card_mechanism.csv#UNG_941; generic-play-smoke:played; effect-evidence: reports/card_quality_full_2026-09-27/three_set_probe.csv#UNG_941::discover_spell_reduce_cost_two; per-card: reports/card_quality_full_2026-09-27/three_set_probe.csv#UNG_941::discover_spell_reduce_cost_two,聚合状态取该卡最差机制；普通烟测只证明可执行，不能单独构成 GREEN。 EN=Discover a spell. Reduce its Cost by (2).; ZH=发现一张法术牌，使其法力值消耗减少（2）点。; source=fireplace/cards/ungoro/mage.py:79; existing_tests=无候选既有测试引用; previous_card_audit=3 个机制缺少充分的核心效果验证；逐机制依据见 card_mechanism.csv。; previous_mechanism_audit=存在定义或元数据候选；当前没有可复查的该机制核心效果断言。; prior_cross_card_issues=无; audit_scope=本轮实际运行断言。,Discover a spell. Reduce its Cost by (2).,发现一张法术牌，使其法力值消耗减少（2）点。,fireplace/cards/ungoro/mage.py:79
17.6.0.53261,Journey to Un'Goro (UNGORO),UNG_942,Unite the Murlocs,鱼人总动员,Quest|Spell resolution|Summon,GREEN,implemented,yes,"逐卡实际对局断言通过：quest_ten_murloc_summons_and_megafin=nonmurloc_progress=0;progress_nine=9;quest_progress=10;quest_zone=GRAVEYARD;reward_before_tenth=False;reward_result=(10, [('CFM_344', True), ('GIL_678', True), ('BT_010', True), ('UNG_953', True), ('GIL_678', True), ('EX1_506', True), ('DRG_072', True), ('DRG_072', True), ('GVG_064', True), ('LOEA10_3', True)]);tenth=GRAVEYARD",card_mechanism.csv#UNG_942; generic-play-smoke:played; effect-evidence: reports/card_quality_full_2026-09-27/three_set_probe.csv#UNG_942::quest_ten_murloc_summons_and_megafin; per-card: reports/card_quality_full_2026-09-27/three_set_probe.csv#UNG_942::quest_ten_murloc_summons_and_megafin,聚合状态取该卡最差机制；普通烟测只证明可执行，不能单独构成 GREEN。 EN=[x]Quest: Summon 10 Murlocs. Reward: Megafin.; ZH=任务：召唤10个鱼人。 奖励：老鲨嘴。; source=fireplace/cards/ungoro/shaman.py:83; existing_tests=无候选既有测试引用; previous_card_audit=3 个机制缺少充分的核心效果验证；逐机制依据见 card_mechanism.csv。; previous_mechanism_audit=存在定义或元数据候选；当前没有可复查的该机制核心效果断言。; prior_cross_card_issues=无; audit_scope=本轮实际运行断言。,[x]Quest: Summon 10 Murlocs. Reward: Megafin.,任务：召唤10个鱼人。 奖励：老鲨嘴。,fireplace/cards/ungoro/shaman.py:83
17.6.0.53261,Journey to Un'Goro (UNGORO),UNG_946,Gluttonous Ooze,贪食软泥怪,Battlecry|Targeting,GREEN,implemented,yes,逐卡实际对局断言通过：destroy_enemy_weapon_gain_attack_armor=own_weapon=CS2_091/1/PLAY;enemy_weapon=CS2_106/3/GRAVEYARD;enemy_weapon_live=None;enemy_attack=3;armor=0->3;ooze=PLAY；no_enemy_weapon_no_armor=enemy_weapon=None;armor=0->0;ooze=PLAY,card_mechanism.csv#UNG_946; generic-play-smoke:played; effect-evidence: reports/card_quality_full_2026-09-27/three_set_probe.csv#UNG_946::destroy_enemy_weapon_gain_attack_armor; reports/card_quality_full_2026-09-27/three_set_probe.csv#UNG_946::no_enemy_weapon_no_armor; per-card: reports/card_quality_full_2026-09-27/three_set_probe.csv#UNG_946::destroy_enemy_weapon_gain_attack_armor; reports/card_quality_full_2026-09-27/three_set_probe.csv#UNG_946::no_enemy_weapon_no_armor,聚合状态取该卡最差机制；普通烟测只证明可执行，不能单独构成 GREEN。 EN=Battlecry: Destroy your opponent's weapon and gain Armor equal to its Attack.; ZH=战吼：摧毁对手的武器，并获得等同于其攻击力的护甲值。; source=fireplace/cards/ungoro/neutral_epic.py:75; existing_tests=无候选既有测试引用; previous_card_audit=2 个机制缺少充分的核心效果验证；逐机制依据见 card_mechanism.csv。; previous_mechanism_audit=存在定义或元数据候选；当前没有可复查的该机制核心效果断言。; prior_cross_card_issues=无; audit_scope=本轮实际运行断言。,Battlecry: Destroy your opponent's weapon and gain Armor equal to its Attack.,战吼：摧毁对手的武器，并获得等同于其攻击力的护甲值。,fireplace/cards/ungoro/neutral_epic.py:75
17.6.0.53261,Journey to Un'Goro (UNGORO),UNG_948,Molten Reflection,熔岩镜像,Spell resolution|Summon|Targeting,GREEN,implemented,yes,"逐卡实际对局断言通过：copies_friendly_target_only=target_before=('CS2_182', 4, 5, 5, 0);copies=[('CS2_182', 4, 5, 5, 0, 'PLAY')];reflection=GRAVEYARD;foe=PLAY;invalid_rejected=True;invalid_zone=HAND;mana=6->6",card_mechanism.csv#UNG_948; generic-play-smoke:played; effect-evidence: reports/card_quality_full_2026-09-27/three_set_probe.csv#UNG_948::copies_friendly_target_only; per-card: reports/card_quality_full_2026-09-27/three_set_probe.csv#UNG_948::copies_friendly_target_only,聚合状态取该卡最差机制；普通烟测只证明可执行，不能单独构成 GREEN。 EN=Choose a friendly minion. Summon a copy of it.; ZH=选择一个友方随从，召唤一个该随从的复制。; source=fireplace/cards/ungoro/mage.py:92; existing_tests=tests/test_ungoro.py:283:test_molten_reflection; previous_card_audit=3 个机制缺少充分的核心效果验证；逐机制依据见 card_mechanism.csv。; previous_mechanism_audit=存在定义或元数据候选；当前没有可复查的该机制核心效果断言。 / 缺目标与非法自身目标均在付费/移区前被拒绝；合法目标效果仍需逐卡验证。; prior_cross_card_issues=无; audit_scope=本轮实际运行断言。,Choose a friendly minion. Summon a copy of it.,选择一个友方随从，召唤一个该随从的复制。,fireplace/cards/ungoro/mage.py:92
17.6.0.53261,Journey to Un'Goro (UNGORO),UNG_950,Vinecleaver,斩棘刀,Summon|Trigger|Weapon,GREEN,implemented,yes,"逐卡实际对局断言通过：recruits_after_hero_attack=weapon=PLAY;weapon_durability=3->2;hero_attack=4;enemy=5->1/5;recruits=[('CS2_101t', 1, 1, 'PLAY'), ('CS2_101t', 1, 1, 'PLAY')]",card_mechanism.csv#UNG_950; generic-play-smoke:played; effect-evidence: reports/card_quality_full_2026-09-27/three_set_probe.csv#UNG_950::recruits_after_hero_attack; per-card: reports/card_quality_full_2026-09-27/three_set_probe.csv#UNG_950::recruits_after_hero_attack,"聚合状态取该卡最差机制；普通烟测只证明可执行，不能单独构成 GREEN。 EN=[x]After your hero attacks, summon two 1/1 Silver Hand Recruits.; ZH=在你的英雄攻击后，召唤两个1/1的白银之手 新兵。; source=fireplace/cards/ungoro/paladin.py:114; existing_tests=无候选既有测试引用; previous_card_audit=3 个机制缺少充分的核心效果验证；逐机制依据见 card_mechanism.csv。; previous_mechanism_audit=存在定义或元数据候选；当前没有可复查的该机制核心效果断言。; prior_cross_card_issues=无; audit_scope=本轮实际运行断言。","[x]After your hero attacks, summon two 1/1 Silver Hand Recruits.",在你的英雄攻击后，召唤两个1/1的白银之手 新兵。,fireplace/cards/ungoro/paladin.py:114
17.6.0.53261,Journey to Un'Goro (UNGORO),UNG_952,Spikeridged Steed,剑龙骑术,Spell resolution|Summon|Targeting|Trigger,GREEN,implemented,yes,"逐卡实际对局断言通过：buff_taunt_and_deathrattle_stegodon=spell=GRAVEYARD;buffed=(3, 7, 7, True, True);after_fireball=(1, 'PLAY');target=GRAVEYARD;stegodons=[('UNG_810', 2, 6, 6, 1, 'PLAY')]",card_mechanism.csv#UNG_952; generic-play-smoke:played; effect-evidence: reports/card_quality_full_2026-09-27/three_set_probe.csv#UNG_952::buff_taunt_and_deathrattle_stegodon; per-card: reports/card_quality_full_2026-09-27/three_set_probe.csv#UNG_952::buff_taunt_and_deathrattle_stegodon,"聚合状态取该卡最差机制；普通烟测只证明可执行，不能单独构成 GREEN。 EN=Give a minion +2/+6 and Taunt. When it dies, summon a Stegodon.; ZH=使一个随从获得+2/+6和嘲讽。当该随从死亡时，召唤一个剑龙。; source=fireplace/cards/ungoro/paladin.py:60; existing_tests=tests/test_controller.py:287:test_observation_records_active_buff_and_deathrattle_source_without_hidden_cards | tests/test_controller.py:300:test_observation_records_active_buff_and_deathrattle_source_without_hidden_cards | tests/test_web_gui.py:119:test_modifier_details_are_localized_and_hidden_sources_stay_private | tests/test_web_gui.py:107:test_modifier_details_are_localized_and_hidden_sources_stay_private; previous_card_audit=4 个机制缺少充分的核心效果验证；逐机制依据见 card_mechanism.csv。; previous_mechanism_audit=存在定义或元数据候选；当前没有可复查的该机制核心效果断言。 / 缺目标与非法自身目标均在付费/移区前被拒绝；合法目标效果仍需逐卡验证。; prior_cross_card_issues=无; audit_scope=本轮实际运行断言。","Give a minion +2/+6 and Taunt. When it dies, summon a Stegodon.",使一个随从获得+2/+6和嘲讽。当该随从死亡时，召唤一个剑龙。,fireplace/cards/ungoro/paladin.py:60
17.6.0.53261,Journey to Un'Goro (UNGORO),UNG_953,Primalfin Champion,蛮鱼勇士,Deathrattle|Trigger,GREEN,implemented,yes,"逐卡实际对局断言通过：deathrattle_returns_spells_cast_on_champion=champion=GRAVEYARD;other=PLAY/4;hand=['CS2_092', 'CS2_029'];champion_attacks=5",card_mechanism.csv#UNG_953; generic-play-smoke:played; effect-evidence: reports/card_quality_full_2026-09-27/three_set_probe.csv#UNG_953::deathrattle_returns_spells_cast_on_champion; per-card: reports/card_quality_full_2026-09-27/three_set_probe.csv#UNG_953::deathrattle_returns_spells_cast_on_champion,聚合状态取该卡最差机制；普通烟测只证明可执行，不能单独构成 GREEN。 EN=[x]Deathrattle: Return any spells you cast on this minion to your hand.; ZH=亡语：将你施放在该随从身上的所有法术移回你的手牌。; source=fireplace/cards/ungoro/paladin.py:27; existing_tests=tests/test_carddb.py:52:test_deathrattle_scripts | tests/test_misc.py:192:test_copy_deathrattle_with_store_card | tests/test_ungoro.py:27:test_primalfin_champion; previous_card_audit=1 个机制缺少充分的核心效果验证；逐机制依据见 card_mechanism.csv。; previous_mechanism_audit=存在定义或元数据候选；当前没有可复查的该机制核心效果断言。 / 现有行为断言验证核心亡语结果；本轮测试通过，且实际死亡结算已核对。; prior_cross_card_issues=无; audit_scope=本轮实际运行断言。,[x]Deathrattle: Return any spells you cast on this minion to your hand.,亡语：将你施放在该随从身上的所有法术移回你的手牌。,fireplace/cards/ungoro/paladin.py:27
17.6.0.53261,Journey to Un'Goro (UNGORO),UNG_954,The Last Kaleidosaur,最后的水晶龙,Quest|Spell resolution,GREEN,implemented,yes,"逐卡实际对局断言通过：six_friendly_spell_quest_and_galvadon=enemy_target_progress=0;friendly_target_health=1/7;progress=6;quest_zone=GRAVEYARD;galvadon=PLAY;choice_count=5;buffs=['UNG_999t14e', 'UNG_999t7e', 'UNG_999t6e', 'UNG_999t10e', 'UNG_999t10e'];choice=None",card_mechanism.csv#UNG_954; generic-play-smoke:played; effect-evidence: reports/card_quality_full_2026-09-27/three_set_probe.csv#UNG_954::six_friendly_spell_quest_and_galvadon; per-card: reports/card_quality_full_2026-09-27/three_set_probe.csv#UNG_954::six_friendly_spell_quest_and_galvadon,聚合状态取该卡最差机制；普通烟测只证明可执行，不能单独构成 GREEN。 EN=Quest: Cast 6 spells on your minions. Reward: Galvadon.; ZH=任务：对你的随从施放6个法术。 奖励：嘉沃顿。; source=fireplace/cards/ungoro/paladin.py:78; existing_tests=无候选既有测试引用; previous_card_audit=2 个机制缺少充分的核心效果验证；逐机制依据见 card_mechanism.csv。; previous_mechanism_audit=存在定义或元数据候选；当前没有可复查的该机制核心效果断言。; prior_cross_card_issues=无; audit_scope=本轮实际运行断言。,Quest: Cast 6 spells on your minions. Reward: Galvadon.,任务：对你的随从施放6个法术。 奖励：嘉沃顿。,fireplace/cards/ungoro/paladin.py:78
17.6.0.53261,Journey to Un'Goro (UNGORO),UNG_955,Meteor,陨石术,Spell resolution|Targeting,GREEN,implemented,yes,"逐卡实际对局断言通过：meteor_target_and_adjacent_damage=starting_max_damage_health=[(5, 0, 5), (5, 0, 5), (5, 0, 5), (5, 0, 5), (5, 0, 5)];direct_TARGET_ADJACENT=[('CS2_182', 11), ('CS2_182', 13)];target_zone=GRAVEYARD;adjacent_damage=[3, 3];all_damage=[3, 0, 3, 0, 0];far_zone=PLAY;friendly_zone=PLAY;meteor=GRAVEYARD",card_mechanism.csv#UNG_955; generic-play-smoke:played; effect-evidence: reports/card_quality_full_2026-09-27/three_set_probe.csv#UNG_955::meteor_target_and_adjacent_damage; per-card: reports/card_quality_full_2026-09-27/three_set_probe.csv#UNG_955::meteor_target_and_adjacent_damage,聚合状态取该卡最差机制；普通烟测只证明可执行，不能单独构成 GREEN。 EN=Deal $15 damage to a minion and $3 damage to adjacent ones.; ZH=对一个随从造成$15点伤害，并对其相邻的随从造成 $3点伤害。; source=fireplace/cards/ungoro/mage.py:103; existing_tests=无候选既有测试引用; previous_card_audit=2 个机制缺少充分的核心效果验证；逐机制依据见 card_mechanism.csv。; previous_mechanism_audit=存在定义或元数据候选；当前没有可复查的该机制核心效果断言。 / 缺目标与非法自身目标均在付费/移区前被拒绝；合法目标效果仍需逐卡验证。; prior_cross_card_issues=无; audit_scope=本轮实际运行断言。,Deal $15 damage to a minion and $3 damage to adjacent ones.,对一个随从造成$15点伤害，并对其相邻的随从造成 $3点伤害。,fireplace/cards/ungoro/mage.py:103
17.6.0.53261,Journey to Un'Goro (UNGORO),UNG_956,Spirit Echo,灵魂回响,Spell resolution,GREEN,implemented,yes,"逐卡实际对局断言通过：deathrattle_returns_each_minion=echo=GRAVEYARD;deathrattles=(True, True);first=GRAVEYARD;after_first_hand=['CS2_182'];second=GRAVEYARD;after_second_hand=['CS2_182', 'CS2_231'];field=[]",card_mechanism.csv#UNG_956; generic-play-smoke:played; effect-evidence: reports/card_quality_full_2026-09-27/three_set_probe.csv#UNG_956::deathrattle_returns_each_minion; per-card: reports/card_quality_full_2026-09-27/three_set_probe.csv#UNG_956::deathrattle_returns_each_minion,"聚合状态取该卡最差机制；普通烟测只证明可执行，不能单独构成 GREEN。 EN=Give your minions ""Deathrattle: Return  this to your hand.""; ZH=使你的所有随从获得“亡语：将该随从移回你的手牌”。; source=fireplace/cards/ungoro/shaman.py:97; existing_tests=无候选既有测试引用; previous_card_audit=1 个机制缺少充分的核心效果验证；逐机制依据见 card_mechanism.csv。; previous_mechanism_audit=存在定义或元数据候选；当前没有可复查的该机制核心效果断言。; prior_cross_card_issues=无; audit_scope=本轮实际运行断言。","Give your minions ""Deathrattle: Return  this to your hand.""",使你的所有随从获得“亡语：将该随从移回你的手牌”。,fireplace/cards/ungoro/shaman.py:97
17.6.0.53261,Journey to Un'Goro (UNGORO),UNG_957,Direhorn Hatchling,恐角龙宝宝,Deathrattle|Taunt,GREEN,implemented,yes,"逐卡实际对局断言通过：deathrattle_shuffles_taunt_six_nine=body=(3, 6, 6, 1);hatchling=GRAVEYARD;deck=['UNG_957t1', 'CS2_182'];token_stats=(6, 9, 1);token_count=1",card_mechanism.csv#UNG_957; generic-play-smoke:played; effect-evidence: reports/card_quality_full_2026-09-27/three_set_probe.csv#UNG_957::deathrattle_shuffles_taunt_six_nine; per-card: reports/card_quality_full_2026-09-27/three_set_probe.csv#UNG_957::deathrattle_shuffles_taunt_six_nine,聚合状态取该卡最差机制；普通烟测只证明可执行，不能单独构成 GREEN。 EN=Taunt Deathrattle: Shuffle a 6/9 Direhorn with Taunt into your deck.; ZH=嘲讽，亡语： 将一张6/9并具有嘲讽的“恐角龙头领”洗入你的牌库。; source=fireplace/cards/ungoro/warrior.py:32; existing_tests=无候选既有测试引用; previous_card_audit=2 个机制缺少充分的核心效果验证；逐机制依据见 card_mechanism.csv。; previous_mechanism_audit=存在定义或元数据候选；当前没有可复查的该机制核心效果断言。 / 存在效果脚本；烟测仅验证执行和基础状态，缺少充分逐卡效果断言。; prior_cross_card_issues=无; audit_scope=本轮实际运行断言。,Taunt Deathrattle: Shuffle a 6/9 Direhorn with Taunt into your deck.,嘲讽，亡语： 将一张6/9并具有嘲讽的“恐角龙头领”洗入你的牌库。,fireplace/cards/ungoro/warrior.py:32
17.6.0.53261,Journey to Un'Goro (UNGORO),UNG_960,Lost in the Jungle,迷失丛林,Spell resolution|Summon,GREEN,implemented,yes,"逐卡实际对局断言通过：summons_two_recruits_and_one_slot_branch=two_slot_case=spell:GRAVEYARD;recruits=[('CS2_101t', 1, 1), ('CS2_101t', 1, 1)];one_slot_case=spell:GRAVEYARD;field_size=7;recruits=[('CS2_101t', 1, 1, 'PLAY')]；full_board_rejects_spell=rejected=True;spell=HAND;field_size=7;mana=10->10;recruits=[]",card_mechanism.csv#UNG_960; generic-play-smoke:played; effect-evidence: reports/card_quality_full_2026-09-27/three_set_probe.csv#UNG_960::summons_two_recruits_and_one_slot_branch; reports/card_quality_full_2026-09-27/three_set_probe.csv#UNG_960::full_board_rejects_spell; per-card: reports/card_quality_full_2026-09-27/three_set_probe.csv#UNG_960::summons_two_recruits_and_one_slot_branch; reports/card_quality_full_2026-09-27/three_set_probe.csv#UNG_960::full_board_rejects_spell,聚合状态取该卡最差机制；普通烟测只证明可执行，不能单独构成 GREEN。 EN=Summon two 1/1 Silver Hand Recruits.; ZH=召唤两个1/1的白银之手新兵。; source=fireplace/cards/ungoro/paladin.py:92; existing_tests=无候选既有测试引用; previous_card_audit=2 个机制缺少充分的核心效果验证；逐机制依据见 card_mechanism.csv。; previous_mechanism_audit=存在定义或元数据候选；当前没有可复查的该机制核心效果断言。; prior_cross_card_issues=无; audit_scope=本轮实际运行断言。,Summon two 1/1 Silver Hand Recruits.,召唤两个1/1的白银之手新兵。,fireplace/cards/ungoro/paladin.py:92
17.6.0.53261,Journey to Un'Goro (UNGORO),UNG_961,Adaptation,适者生存,Spell resolution|Targeting,GREEN,implemented,yes,"逐卡实际对局断言通过：adapt_selected_friendly_only=offered=['UNG_999t14', 'UNG_999t2', 'UNG_999t10'];selected=UNG_999t14;target=(1, 1, 1)->(2, 2, 2);other=(4, 5, 5)->(4, 5, 5);foe=PLAY;spell=GRAVEYARD;invalid_rejected=True;invalid_zone=HAND;mana=9->9",card_mechanism.csv#UNG_961; generic-play-smoke:played; effect-evidence: reports/card_quality_full_2026-09-27/three_set_probe.csv#UNG_961::adapt_selected_friendly_only; per-card: reports/card_quality_full_2026-09-27/three_set_probe.csv#UNG_961::adapt_selected_friendly_only,聚合状态取该卡最差机制；普通烟测只证明可执行，不能单独构成 GREEN。 EN=Adapt a friendly minion.; ZH=进化一个友方随从。; source=fireplace/cards/ungoro/paladin.py:99; existing_tests=无候选既有测试引用; previous_card_audit=2 个机制缺少充分的核心效果验证；逐机制依据见 card_mechanism.csv。; previous_mechanism_audit=存在定义或元数据候选；当前没有可复查的该机制核心效果断言。 / 缺目标与非法自身目标均在付费/移区前被拒绝；合法目标效果仍需逐卡验证。; prior_cross_card_issues=无; audit_scope=本轮实际运行断言。,Adapt a friendly minion.,进化一个友方随从。,fireplace/cards/ungoro/paladin.py:99
17.6.0.53261,Journey to Un'Goro (UNGORO),UNG_962,Lightfused Stegodon,光注剑龙,Battlecry,GREEN,implemented,yes,逐卡实测：光注剑龙只提供一次进化选择，两名白银之手新兵各获得同一增益且剑龙自身不受影响；无新兵时不提供选择。,tests/test_ungoro_shared_red_fixes.py::test_lightfused_stegodon_adapts_every_recruit_once; tests/test_ungoro_shared_red_fixes.py::test_lightfused_stegodon_without_recruits_offers_no_choice,原始结论保留于known_issues_archive_2026-09-29/。 共享 Adapt 多目标修复；单目标两次进化回归通过。,Battlecry: Adapt your Silver Hand Recruits.,战吼：进化你的白银之手新兵。,fireplace/cards/ungoro/paladin.py:38
17.6.0.53261,Journey to Un'Goro (UNGORO),UNG_963,Lyra the Sunshard,“太阳裂片”莱拉,Random effects|Trigger,GREEN,implemented,yes,"逐卡实际对局断言通过：own_spell_adds_priest_spell=lyra=PLAY;own_spell=GRAVEYARD;generated=[('BT_198', 'SPELL', 'PRIEST')];nonspell=PLAY;nonspell_added=[];enemy_spell=GRAVEYARD;enemy_turn_hand_delta=[];hand=['BT_198']",card_mechanism.csv#UNG_963; generic-play-smoke:played; effect-evidence: reports/card_quality_full_2026-09-27/three_set_probe.csv#UNG_963::own_spell_adds_priest_spell; per-card: reports/card_quality_full_2026-09-27/three_set_probe.csv#UNG_963::own_spell_adds_priest_spell,"聚合状态取该卡最差机制；普通烟测只证明可执行，不能单独构成 GREEN。 EN=Whenever you cast a spell, add a random Priest spell to your hand.; ZH=每当你施放一个法术，随机将一张牧师法术牌置入你的手牌。; source=fireplace/cards/ungoro/priest.py:107; existing_tests=无候选既有测试引用; previous_card_audit=2 个机制缺少充分的核心效果验证；逐机制依据见 card_mechanism.csv。; previous_mechanism_audit=存在定义或元数据候选；当前没有可复查的该机制核心效果断言。; prior_cross_card_issues=无; audit_scope=本轮实际运行断言。","Whenever you cast a spell, add a random Priest spell to your hand.",每当你施放一个法术，随机将一张牧师法术牌置入你的手牌。,fireplace/cards/ungoro/priest.py:107
