version,set,card_id,name_en,name_zh,mechanic,status,implementation,tested,reason,evidence,notes,card_text_en,card_text_zh,python_source
17.6.0.53261,Journey to Un'Goro (UNGORO),UNG_001,Pterrordax Hatchling,翼手龙宝宝,Battlecry,GREEN,implemented,yes,本轮逐卡行为用例全部通过：battlecry_offers_and_applies_one_adapt=adapt_choice=UNG_999t2;buffs=['UNG_999t2e'];zone=PLAY,card_mechanism.csv#UNG_001; generic-play-smoke:played; effect-evidence: reports/card_quality_full_2026-09-27/three_set_probe.csv#UNG_001::battlecry_offers_and_applies_one_adapt; per-card: reports/card_quality_full_2026-09-27/three_set_probe.csv#UNG_001::battlecry_offers_and_applies_one_adapt,聚合状态取该卡最差机制；普通烟测只证明可执行，不能单独构成 GREEN。 EN=Battlecry: Adapt.; ZH=战吼：进化。; source=fireplace/cards/ungoro/neutral_common.py:8; existing_tests=tests/test_ungoro.py:16:test_adapt; prior=YELLOW:1 个机制缺少充分的核心效果验证；逐机制依据见 card_mechanism.csv。,Battlecry: Adapt.,战吼：进化。,fireplace/cards/ungoro/neutral_common.py:8
17.6.0.53261,Journey to Un'Goro (UNGORO),UNG_002,Volcanosaur,火山龙,Battlecry,GREEN,implemented,yes,"本轮逐卡行为用例全部通过：battlecry_runs_two_sequential_adapt_choices=adapt_choices=['UNG_999t2', 'UNG_999t14'];buffs=['UNG_999t2e', 'UNG_999t14e'];zone=PLAY;choice=None",card_mechanism.csv#UNG_002; generic-play-smoke:played; effect-evidence: reports/card_quality_full_2026-09-27/three_set_probe.csv#UNG_002::battlecry_runs_two_sequential_adapt_choices; per-card: reports/card_quality_full_2026-09-27/three_set_probe.csv#UNG_002::battlecry_runs_two_sequential_adapt_choices,"聚合状态取该卡最差机制；普通烟测只证明可执行，不能单独构成 GREEN。 EN=Battlecry: Adapt, then Adapt.; ZH=战吼： 连续进化两次。; source=fireplace/cards/ungoro/neutral_rare.py:8; existing_tests=tests/test_ungoro.py:290:test_volcanosaur; prior=YELLOW:1 个机制缺少充分的核心效果验证；逐机制依据见 card_mechanism.csv。","Battlecry: Adapt, then Adapt.",战吼： 连续进化两次。,fireplace/cards/ungoro/neutral_rare.py:8
17.6.0.53261,Journey to Un'Goro (UNGORO),UNG_004,Dinosize,巨化术,Spell resolution|Targeting,GREEN,implemented,yes,本轮逐卡行为用例全部通过：spell_sets_friendly_minion_stats_exactly_ten_ten=target=10/10/10;target_zone=PLAY;spell=GRAVEYARD; spell_can_target_enemy_minion_and_sets_ten_ten=enemy_target=10/10/10;target_zone=PLAY;spell=GRAVEYARD,card_mechanism.csv#UNG_004; generic-play-smoke:played; effect-evidence: reports/card_quality_full_2026-09-27/three_set_probe.csv#UNG_004::spell_sets_friendly_minion_stats_exactly_ten_ten; reports/card_quality_full_2026-09-27/three_set_probe.csv#UNG_004::spell_can_target_enemy_minion_and_sets_ten_ten; per-card: reports/card_quality_full_2026-09-27/three_set_probe.csv#UNG_004::spell_sets_friendly_minion_stats_exactly_ten_ten; reports/card_quality_full_2026-09-27/three_set_probe.csv#UNG_004::spell_can_target_enemy_minion_and_sets_ten_ten,聚合状态取该卡最差机制；普通烟测只证明可执行，不能单独构成 GREEN。 EN=Set a minion's Attack and Health to 10.; ZH=将一个随从的攻击力和生命值变为10。; source=fireplace/cards/ungoro/paladin.py:48; existing_tests=none; prior=YELLOW:2 个机制缺少充分的核心效果验证；逐机制依据见 card_mechanism.csv。,Set a minion's Attack and Health to 10.,将一个随从的攻击力和生命值变为10。,fireplace/cards/ungoro/paladin.py:48
17.6.0.53261,Journey to Un'Goro (UNGORO),UNG_009,Ravasaur Runt,暴掠龙幼崽,Battlecry,GREEN,implemented,yes,本轮逐卡行为用例全部通过：battlecry_does_not_adapt_below_two_other_minions=friendly_minions=1;choice=None;runt=2/2; battlecry_adapts_with_two_other_minions=other_minions=2;choice=UNG_999t2;buffs=['UNG_999t2e'];field=3,card_mechanism.csv#UNG_009; generic-play-smoke:played; effect-evidence: reports/card_quality_full_2026-09-27/three_set_probe.csv#UNG_009::battlecry_does_not_adapt_below_two_other_minions; reports/card_quality_full_2026-09-27/three_set_probe.csv#UNG_009::battlecry_adapts_with_two_other_minions; per-card: reports/card_quality_full_2026-09-27/three_set_probe.csv#UNG_009::battlecry_does_not_adapt_below_two_other_minions; reports/card_quality_full_2026-09-27/three_set_probe.csv#UNG_009::battlecry_adapts_with_two_other_minions,"聚合状态取该卡最差机制；普通烟测只证明可执行，不能单独构成 GREEN。 EN=Battlecry: If you control at least 2 other minions, Adapt.; ZH=战吼：如果你控制至少两个其他随从，便获得进化。; source=fireplace/cards/ungoro/neutral_common.py:14; existing_tests=none; prior=YELLOW:1 个机制缺少充分的核心效果验证；逐机制依据见 card_mechanism.csv。","Battlecry: If you control at least 2 other minions, Adapt.",战吼：如果你控制至少两个其他随从，便获得进化。,fireplace/cards/ungoro/neutral_common.py:14
17.6.0.53261,Journey to Un'Goro (UNGORO),UNG_010,Sated Threshadon,臃肿的蛇颈龙,Deathrattle|Summon,GREEN,implemented,yes,"本轮逐卡行为用例全部通过：deathrattle_summons_three_one_one_murlocs=source=GRAVEYARD;tokens=[('UNG_201t', 1, 1, [14]), ('UNG_201t', 1, 1, [14]), ('UNG_201t', 1, 1, [14])]; deathrattle_summons_only_available_board_slots=source=GRAVEYARD;existing=5;tokens=2;field=7",card_mechanism.csv#UNG_010; generic-play-smoke:played; effect-evidence: reports/card_quality_full_2026-09-27/three_set_probe.csv#UNG_010::deathrattle_summons_three_one_one_murlocs; reports/card_quality_full_2026-09-27/three_set_probe.csv#UNG_010::deathrattle_summons_only_available_board_slots; per-card: reports/card_quality_full_2026-09-27/three_set_probe.csv#UNG_010::deathrattle_summons_three_one_one_murlocs; reports/card_quality_full_2026-09-27/three_set_probe.csv#UNG_010::deathrattle_summons_only_available_board_slots,聚合状态取该卡最差机制；普通烟测只证明可执行，不能单独构成 GREEN。 EN=Deathrattle: Summon three 1/1 Murlocs.; ZH=亡语：召唤三个1/1的鱼人。; source=fireplace/cards/ungoro/neutral_common.py:20; existing_tests=none; prior=YELLOW:2 个机制缺少充分的核心效果验证；逐机制依据见 card_mechanism.csv。,Deathrattle: Summon three 1/1 Murlocs.,亡语：召唤三个1/1的鱼人。,fireplace/cards/ungoro/neutral_common.py:20
17.6.0.53261,Journey to Un'Goro (UNGORO),UNG_011,Hydrologist,水文学家,Battlecry|Discover / Choice|Random effects,GREEN,implemented,yes,"本轮逐卡行为用例全部通过：battlecry_discovers_secret_and_selected_card_enters_hand=class=WARRIOR;options=[('EX1_379', 5), ('LOE_027', 5), ('EX1_132', 5)];selected=LOE_027;hand=['LOE_027'];choice=None; battlecry_uses_mage_secret_pool_for_mage=class=MAGE;options=[('EX1_594', 4), ('LOOT_101', 4), ('EX1_294', 4)];selected=EX1_594;hand=['EX1_594']",card_mechanism.csv#UNG_011; generic-play-smoke:played; effect-evidence: reports/card_quality_full_2026-09-27/three_set_probe.csv#UNG_011::battlecry_discovers_secret_and_selected_card_enters_hand; reports/card_quality_full_2026-09-27/three_set_probe.csv#UNG_011::battlecry_uses_mage_secret_pool_for_mage; per-card: reports/card_quality_full_2026-09-27/three_set_probe.csv#UNG_011::battlecry_discovers_secret_and_selected_card_enters_hand; reports/card_quality_full_2026-09-27/three_set_probe.csv#UNG_011::battlecry_uses_mage_secret_pool_for_mage,聚合状态取该卡最差机制；普通烟测只证明可执行，不能单独构成 GREEN。 EN=Battlecry: Discover a Secret.; ZH=战吼： 发现一张奥秘牌。; source=fireplace/cards/ungoro/paladin.py:8; existing_tests=tests/test_ungoro.py:302:test_hydrologist | tests/test_ungoro.py:310:test_hydrologist; prior=YELLOW:3 个机制缺少充分的核心效果验证；逐机制依据见 card_mechanism.csv。,Battlecry: Discover a Secret.,战吼： 发现一张奥秘牌。,fireplace/cards/ungoro/paladin.py:8
17.6.0.53261,Journey to Un'Goro (UNGORO),UNG_015,Sunkeeper Tarim,守日者塔林姆,Battlecry|Taunt,GREEN,implemented,yes,本轮逐卡行为用例全部通过：battlecry_sets_friendly_and_enemy_minions_to_three_three=friendly=3/3/3;enemy=3/3/3;tarim=3/7/7;taunt=1,card_mechanism.csv#UNG_015; generic-play-smoke:played; effect-evidence: reports/card_quality_full_2026-09-27/three_set_probe.csv#UNG_015::battlecry_sets_friendly_and_enemy_minions_to_three_three; per-card: reports/card_quality_full_2026-09-27/three_set_probe.csv#UNG_015::battlecry_sets_friendly_and_enemy_minions_to_three_three,聚合状态取该卡最差机制；普通烟测只证明可执行，不能单独构成 GREEN。 EN=Taunt Battlecry: Set all other minions' Attack and Health to 3.; ZH=嘲讽，战吼：将所有其他随从的攻击力和生命值变为3。; source=fireplace/cards/ungoro/paladin.py:16; existing_tests=none; prior=YELLOW:2 个机制缺少充分的核心效果验证；逐机制依据见 card_mechanism.csv。,Taunt Battlecry: Set all other minions' Attack and Health to 3.,嘲讽，战吼：将所有其他随从的攻击力和生命值变为3。,fireplace/cards/ungoro/paladin.py:16
17.6.0.53261,Journey to Un'Goro (UNGORO),UNG_018,Flame Geyser,烈焰喷涌,Spell resolution|Targeting,GREEN,implemented,yes,"本轮逐卡行为用例全部通过：spell_deals_two_and_adds_one_elemental=target_health=3/5;target_zone=PLAY;spell=GRAVEYARD;added=[('UNG_809t1', 1, 2, 'HAND')]",card_mechanism.csv#UNG_018; generic-play-smoke:played; effect-evidence: reports/card_quality_full_2026-09-27/three_set_probe.csv#UNG_018::spell_deals_two_and_adds_one_elemental; per-card: reports/card_quality_full_2026-09-27/three_set_probe.csv#UNG_018::spell_deals_two_and_adds_one_elemental,聚合状态取该卡最差机制；普通烟测只证明可执行，不能单独构成 GREEN。 EN=Deal $2 damage. Add a 1/2 Elemental to your hand.; ZH=造成$2点伤害。 将一张1/2的元素牌置入你的手牌。; source=fireplace/cards/ungoro/mage.py:40; existing_tests=none; prior=YELLOW:2 个机制缺少充分的核心效果验证；逐机制依据见 card_mechanism.csv。,Deal $2 damage. Add a 1/2 Elemental to your hand.,造成$2点伤害。 将一张1/2的元素牌置入你的手牌。,fireplace/cards/ungoro/mage.py:40
17.6.0.53261,Journey to Un'Goro (UNGORO),UNG_019,Air Elemental,空气元素,Untargetable,GREEN,implemented,yes,本轮逐卡行为用例全部通过：cannot_be_targeted_by_spell_or_hero_power=spell_rejected=HAND;hero_power_rejected=True;mana=10;health=1;power_uses=0,card_mechanism.csv#UNG_019; generic-play-smoke:played; effect-evidence: reports/card_quality_full_2026-09-27/three_set_probe.csv#UNG_019::cannot_be_targeted_by_spell_or_hero_power; per-card: reports/card_quality_full_2026-09-27/three_set_probe.csv#UNG_019::cannot_be_targeted_by_spell_or_hero_power,聚合状态取该卡最差机制；普通烟测只证明可执行，不能单独构成 GREEN。 EN=Can't be targeted by spells or Hero Powers.; ZH=无法成为法术或英雄技能的目标。; source=fireplace/cards/CardDefs.xml#UNG_019; existing_tests=none; prior=YELLOW:1 个机制缺少充分的核心效果验证；逐机制依据见 card_mechanism.csv。,Can't be targeted by spells or Hero Powers.,无法成为法术或英雄技能的目标。,
17.6.0.53261,Journey to Un'Goro (UNGORO),UNG_020,Arcanologist,秘法学家,Battlecry|Draw / Discard,GREEN,implemented,yes,本轮逐卡行为用例全部通过：battlecry_draws_secret_from_mixed_deck=secret=EX1_287/HAND;ordinary=CS2_231/DECK;hand=['EX1_287'];minion=PLAY; battlecry_does_not_draw_nonsecret_without_secret=ordinary=CS2_231/DECK;hand=[];minion=PLAY,card_mechanism.csv#UNG_020; generic-play-smoke:played; effect-evidence: reports/card_quality_full_2026-09-27/three_set_probe.csv#UNG_020::battlecry_draws_secret_from_mixed_deck; reports/card_quality_full_2026-09-27/three_set_probe.csv#UNG_020::battlecry_does_not_draw_nonsecret_without_secret; per-card: reports/card_quality_full_2026-09-27/three_set_probe.csv#UNG_020::battlecry_draws_secret_from_mixed_deck; reports/card_quality_full_2026-09-27/three_set_probe.csv#UNG_020::battlecry_does_not_draw_nonsecret_without_secret,聚合状态取该卡最差机制；普通烟测只证明可执行，不能单独构成 GREEN。 EN=Battlecry: Draw a Secret from your deck.; ZH=战吼：从你的牌库中抽一张奥秘牌。; source=fireplace/cards/ungoro/mage.py:8; existing_tests=none; prior=YELLOW:2 个机制缺少充分的核心效果验证；逐机制依据见 card_mechanism.csv。,Battlecry: Draw a Secret from your deck.,战吼：从你的牌库中抽一张奥秘牌。,fireplace/cards/ungoro/mage.py:8
17.6.0.53261,Journey to Un'Goro (UNGORO),UNG_021,Steam Surger,蒸汽涌动者,Battlecry,GREEN,implemented,yes,本轮逐卡行为用例全部通过：battlecry_rewards_if_elemental_played_last_turn=last_turn_elemental=UNG_809/PLAY;surger=PLAY;geyser=['UNG_018']; battlecry_does_not_reward_elemental_played_this_turn=same_turn_elemental=UNG_809;surger=PLAY;flame_geyser_in_hand=False,card_mechanism.csv#UNG_021; generic-play-smoke:played; effect-evidence: reports/card_quality_full_2026-09-27/three_set_probe.csv#UNG_021::battlecry_rewards_if_elemental_played_last_turn; reports/card_quality_full_2026-09-27/three_set_probe.csv#UNG_021::battlecry_does_not_reward_elemental_played_this_turn; per-card: reports/card_quality_full_2026-09-27/three_set_probe.csv#UNG_021::battlecry_rewards_if_elemental_played_last_turn; reports/card_quality_full_2026-09-27/three_set_probe.csv#UNG_021::battlecry_does_not_reward_elemental_played_this_turn,"聚合状态取该卡最差机制；普通烟测只证明可执行，不能单独构成 GREEN。 EN=[x]Battlecry: If you played an Elemental last turn, add a 'Flame Geyser' to your hand.; ZH=战吼：如果你在上个回合使用过元素牌，将一张“烈焰喷涌”置入你的手牌。; source=fireplace/cards/ungoro/mage.py:14; existing_tests=none; prior=YELLOW:1 个机制缺少充分的核心效果验证；逐机制依据见 card_mechanism.csv。","[x]Battlecry: If you played an Elemental last turn, add a 'Flame Geyser' to your hand.",战吼：如果你在上个回合使用过元素牌，将一张“烈焰喷涌”置入你的手牌。,fireplace/cards/ungoro/mage.py:14
17.6.0.53261,Journey to Un'Goro (UNGORO),UNG_022,Mirage Caller,幻象制造者,Battlecry|Summon|Targeting,GREEN,implemented,yes,"本轮逐卡行为用例全部通过：battlecry_summons_one_one_copy_of_friendly_target=buffed_original=CS2_231/1/3/3;clone=CS2_231/1/1/1;field=['CS2_231', 'UNG_022', 'CS2_231']; battlecry_optional_target_no_friendly_minion=field=['UNG_022'];caller=PLAY;choice=None",card_mechanism.csv#UNG_022; generic-play-smoke:played; effect-evidence: reports/card_quality_full_2026-09-27/three_set_probe.csv#UNG_022::battlecry_summons_one_one_copy_of_friendly_target; reports/card_quality_full_2026-09-27/three_set_probe.csv#UNG_022::battlecry_optional_target_no_friendly_minion; per-card: reports/card_quality_full_2026-09-27/three_set_probe.csv#UNG_022::battlecry_summons_one_one_copy_of_friendly_target; reports/card_quality_full_2026-09-27/three_set_probe.csv#UNG_022::battlecry_optional_target_no_friendly_minion,聚合状态取该卡最差机制；普通烟测只证明可执行，不能单独构成 GREEN。 EN=Battlecry: Choose a friendly minion. Summon a 1/1 copy of it.; ZH=战吼：选择一个友方随从，召唤一个它的1/1复制。; source=fireplace/cards/ungoro/priest.py:8; existing_tests=none; prior=YELLOW:3 个机制缺少充分的核心效果验证；逐机制依据见 card_mechanism.csv。,Battlecry: Choose a friendly minion. Summon a 1/1 copy of it.,战吼：选择一个友方随从，召唤一个它的1/1复制。,fireplace/cards/ungoro/priest.py:8
17.6.0.53261,Journey to Un'Goro (UNGORO),UNG_024,Mana Bind,法术共鸣,Secret|Spell resolution|Trigger,GREEN,implemented,yes,"本轮逐卡行为用例全部通过：secret_copies_opponent_spell_at_zero_cost=secret=GRAVEYARD;opponent_spell=CS2_008/GRAVEYARD;copied=[('CS2_008', 0, 'HAND')];hero_health=29; secret_does_not_trigger_on_opponent_minion=minion=CS2_231/PLAY;secret=SECRET;copied_hand=[]",card_mechanism.csv#UNG_024; generic-play-smoke:played; effect-evidence: reports/card_quality_full_2026-09-27/three_set_probe.csv#UNG_024::secret_copies_opponent_spell_at_zero_cost; reports/card_quality_full_2026-09-27/three_set_probe.csv#UNG_024::secret_does_not_trigger_on_opponent_minion; per-card: reports/card_quality_full_2026-09-27/three_set_probe.csv#UNG_024::secret_copies_opponent_spell_at_zero_cost; reports/card_quality_full_2026-09-27/three_set_probe.csv#UNG_024::secret_does_not_trigger_on_opponent_minion,"聚合状态取该卡最差机制；普通烟测只证明可执行，不能单独构成 GREEN。 EN=Secret: When your opponent casts a spell, add a copy to your hand that costs (0).; ZH=奥秘：当你的对手施放一个法术时，将该法术的一张复制置入你的手牌，其法力值消耗变为（0）点。; source=fireplace/cards/ungoro/mage.py:47; existing_tests=none; prior=YELLOW:3 个机制缺少充分的核心效果验证；逐机制依据见 card_mechanism.csv。","Secret: When your opponent casts a spell, add a copy to your hand that costs (0).",奥秘：当你的对手施放一个法术时，将该法术的一张复制置入你的手牌，其法力值消耗变为（0）点。,fireplace/cards/ungoro/mage.py:47
17.6.0.53261,Journey to Un'Goro (UNGORO),UNG_025,Volcano,火山喷发,Overload|Random effects|Spell resolution,GREEN,implemented,yes,"本轮逐卡行为用例全部通过：spell_splits_exactly_fifteen_damage_among_all_minions=seeds=3025:[(3, 'Player2'), (3, 'Player2'), (5, 'Player1'), (4, 'Player1')];3026:[(4, 'Player2'), (5, 'Player2'), (3, 'Player1'), (3, 'Player1')];3027:[(3, 'Player2'), (4, 'Player2'), (2, 'Player1'), (6, 'Player1')];3028:[(2, 'Player2'), (3, 'Player2'), (7, 'Player1'), (3, 'Player1')];3029:[(4, 'Player2'), (5, 'Player2'), (3, 'Player1'), (3, 'Player1')];3030:[(3, 'Player2'), (2, 'Player2'), (8, 'Player1'), (2, 'Player1')];3031:[(4, 'Player1'), (3, 'Player1'), (2, 'Player2'), (6, 'Player2')];3032:[(2, 'Player2'), (5, 'Player2'), (7, 'Player1'), (1, 'Player1')];3033:[(6, 'Player2'), (1, 'Player2'), (3, 'Player1'), (5, 'Player1')];3034:[(5, 'Player2'), (4, 'Player2'), (5, 'Player1'), (1, 'Player1')];3035:[(2, 'Player2'), (4, 'Player2'), (5, 'Player1'), (4, 'Player1')];3036:[(5, 'Player1'), (5, 'Player1'), (3, 'Player2'), (2, 'Player2')];3037:[(4, 'Player1'), (5, 'Player1'), (4, 'Player2'), (2, 'Player2')];3038:[(4, 'Player1'), (4, 'Player1'), (7, 'Player2'), (0, 'Player2')];3039:[(4, 'Player2'), (4, 'Player2'), (4, 'Player1'), (3, 'Player1')];3040:[(8, 'Player1'), (2, 'Player1'), (3, 'Player2'), (2, 'Player2')];eligible_controllers_hit=2;damage_each_run=15;overload=2",card_mechanism.csv#UNG_025; generic-play-smoke:played; effect-evidence: reports/card_quality_full_2026-09-27/three_set_probe.csv#UNG_025::spell_splits_exactly_fifteen_damage_among_all_minions; per-card: reports/card_quality_full_2026-09-27/three_set_probe.csv#UNG_025::spell_splits_exactly_fifteen_damage_among_all_minions,聚合状态取该卡最差机制；普通烟测只证明可执行，不能单独构成 GREEN。 EN=Deal $15 damage randomly split among all minions. Overload: (2); ZH=造成$15点伤害，随机分配到所有随从身上。 过载：（2）; source=fireplace/cards/ungoro/shaman.py:67; existing_tests=none; prior=YELLOW:2 个机制缺少充分的核心效果验证；逐机制依据见 card_mechanism.csv。,Deal $15 damage randomly split among all minions. Overload: (2),造成$15点伤害，随机分配到所有随从身上。 过载：（2）,fireplace/cards/ungoro/shaman.py:67
17.6.0.53261,Journey to Un'Goro (UNGORO),UNG_027,Pyros,派烙斯,Deathrattle,GREEN,implemented,yes,本轮逐卡行为用例全部通过：deathrattle_returns_six_six_then_ten_ten=first_form=UNG_027t2/6/6/cost6;second_form=UNG_027t4/10/10/cost10/HAND;old_instances=SETASIDE,card_mechanism.csv#UNG_027; generic-play-smoke:played; effect-evidence: reports/card_quality_full_2026-09-27/three_set_probe.csv#UNG_027::deathrattle_returns_six_six_then_ten_ten; per-card: reports/card_quality_full_2026-09-27/three_set_probe.csv#UNG_027::deathrattle_returns_six_six_then_ten_ten,聚合状态取该卡最差机制；普通烟测只证明可执行，不能单独构成 GREEN。 EN=Deathrattle: Return this to your hand as a 6/6 that costs (6).; ZH=亡语：将该随从移回你的手牌，并变为法力值消耗为（6）点的6/6随从牌。; source=fireplace/cards/ungoro/mage.py:20; existing_tests=none; prior=YELLOW:1 个机制缺少充分的核心效果验证；逐机制依据见 card_mechanism.csv。,Deathrattle: Return this to your hand as a 6/6 that costs (6).,亡语：将该随从移回你的手牌，并变为法力值消耗为（6）点的6/6随从牌。,fireplace/cards/ungoro/mage.py:20
17.6.0.53261,Journey to Un'Goro (UNGORO),UNG_028,Open the Waygate,打开时空之门,Quest|Spell resolution,GREEN,implemented,yes,本轮逐卡行为用例全部通过：quest_requires_eight_nonstarting_spells_and_rewards_time_warp=quest_progress=8;quest=GRAVEYARD;reward=['UNG_028t'];starting_spell_excluded=True;coin_counted=True,card_mechanism.csv#UNG_028; generic-play-smoke:played; effect-evidence: reports/card_quality_full_2026-09-27/three_set_probe.csv#UNG_028::quest_requires_eight_nonstarting_spells_and_rewards_time_warp; per-card: reports/card_quality_full_2026-09-27/three_set_probe.csv#UNG_028::quest_requires_eight_nonstarting_spells_and_rewards_time_warp,聚合状态取该卡最差机制；普通烟测只证明可执行，不能单独构成 GREEN。 EN=[x]Quest: Cast 8 spells that didn't start in your deck. Reward: Time Warp.; ZH=任务：施放8个你的套牌之外的 法术。  奖励：时空扭曲。; source=fireplace/cards/ungoro/mage.py:66; existing_tests=tests/test_ungoro.py:258:test_mage_quest | tests/test_ungoro.py:254:test_mage_quest; prior=YELLOW:2 个机制缺少充分的核心效果验证；逐机制依据见 card_mechanism.csv。,[x]Quest: Cast 8 spells that didn't start in your deck. Reward: Time Warp.,任务：施放8个你的套牌之外的 法术。  奖励：时空扭曲。,fireplace/cards/ungoro/mage.py:66
17.6.0.53261,Journey to Un'Goro (UNGORO),UNG_029,Shadow Visions,暗影视界,Discover / Choice|Spell resolution,GREEN,implemented,yes,"本轮逐卡行为用例全部通过：discover_offers_distinct_spells_and_adds_copy=options=['CS2_008', 'CS2_029', 'CS2_089'];chosen=CS2_029;copy_zone=HAND;deck=['CS2_029', 'CS2_089', 'CS2_008'];deck_size=3",card_mechanism.csv#UNG_029; generic-play-smoke:played; effect-evidence: reports/card_quality_full_2026-09-27/three_set_probe.csv#UNG_029::discover_offers_distinct_spells_and_adds_copy; per-card: reports/card_quality_full_2026-09-27/three_set_probe.csv#UNG_029::discover_offers_distinct_spells_and_adds_copy,聚合状态取该卡最差机制；普通烟测只证明可执行，不能单独构成 GREEN。 EN=Discover a copy of a spell in your deck.; ZH=从你的牌库中发现一张法术牌的复制。; source=fireplace/cards/ungoro/priest.py:119; existing_tests=none; prior=YELLOW:2 个机制缺少充分的核心效果验证；逐机制依据见 card_mechanism.csv。,Discover a copy of a spell in your deck.,从你的牌库中发现一张法术牌的复制。,fireplace/cards/ungoro/priest.py:119
17.6.0.53261,Journey to Un'Goro (UNGORO),UNG_030,Binding Heal,联结治疗,Spell resolution|Targeting,GREEN,implemented,yes,本轮逐卡行为用例全部通过：spell_restores_five_to_friendly_minion_and_hero=friendly_minion=5/5;own_hero=25;spell=GRAVEYARD; spell_can_heal_enemy_minion_and_own_hero=enemy_minion=5/5;own_hero=25;enemy_hero=20;spell=GRAVEYARD,card_mechanism.csv#UNG_030; generic-play-smoke:played; effect-evidence: reports/card_quality_full_2026-09-27/three_set_probe.csv#UNG_030::spell_restores_five_to_friendly_minion_and_hero; reports/card_quality_full_2026-09-27/three_set_probe.csv#UNG_030::spell_can_heal_enemy_minion_and_own_hero; per-card: reports/card_quality_full_2026-09-27/three_set_probe.csv#UNG_030::spell_restores_five_to_friendly_minion_and_hero; reports/card_quality_full_2026-09-27/three_set_probe.csv#UNG_030::spell_can_heal_enemy_minion_and_own_hero,聚合状态取该卡最差机制；普通烟测只证明可执行，不能单独构成 GREEN。 EN=Restore #5 Health to a minion and your hero.; ZH=为你的英雄和一个随从恢复#5点生命值。; source=fireplace/cards/ungoro/priest.py:127; existing_tests=none; prior=YELLOW:2 个机制缺少充分的核心效果验证；逐机制依据见 card_mechanism.csv。,Restore #5 Health to a minion and your hero.,为你的英雄和一个随从恢复#5点生命值。,fireplace/cards/ungoro/priest.py:127
17.6.0.53261,Journey to Un'Goro (UNGORO),UNG_032,Crystalline Oracle,结晶预言者,Deathrattle,GREEN,implemented,yes,"本轮逐卡行为用例全部通过：deathrattle_copies_one_enemy_deck_card_to_hand=copies=3232:CS2_029;3233:CS2_029;3234:CS2_231;3235:CS2_231;3236:CS2_029;3237:CS2_231;3238:CS2_029;3239:CS2_029;3240:CS2_029;3241:CS2_231;3242:CS2_231;3243:CS2_231;3244:CS2_231;3245:CS2_029;3246:CS2_231;3247:CS2_231;distinct=['CS2_029', 'CS2_231'];enemy_originals_preserved=True",card_mechanism.csv#UNG_032; generic-play-smoke:played; effect-evidence: reports/card_quality_full_2026-09-27/three_set_probe.csv#UNG_032::deathrattle_copies_one_enemy_deck_card_to_hand; per-card: reports/card_quality_full_2026-09-27/three_set_probe.csv#UNG_032::deathrattle_copies_one_enemy_deck_card_to_hand,聚合状态取该卡最差机制；普通烟测只证明可执行，不能单独构成 GREEN。 EN=[x]Deathrattle: Copy a card from your opponent's deck  and add it to your hand.; ZH=亡语：复制你对手的牌库中的一张牌，并将其置入你的手牌。; source=fireplace/cards/ungoro/priest.py:24; existing_tests=none; prior=YELLOW:1 个机制缺少充分的核心效果验证；逐机制依据见 card_mechanism.csv。,[x]Deathrattle: Copy a card from your opponent's deck  and add it to your hand.,亡语：复制你对手的牌库中的一张牌，并将其置入你的手牌。,fireplace/cards/ungoro/priest.py:24
17.6.0.53261,Journey to Un'Goro (UNGORO),UNG_034,Radiant Elemental,光照元素,Aura|Continuous effect / Update|Cost modification,GREEN,implemented,yes,本轮逐卡行为用例全部通过：aura_reduces_only_owner_spell_costs_and_stacks=fireball_cost=4->3->2->3->4;moonfire=0;opponent_fireball=4;auras_removed=True,card_mechanism.csv#UNG_034; generic-play-smoke:played; effect-evidence: reports/card_quality_full_2026-09-27/three_set_probe.csv#UNG_034::aura_reduces_only_owner_spell_costs_and_stacks; per-card: reports/card_quality_full_2026-09-27/three_set_probe.csv#UNG_034::aura_reduces_only_owner_spell_costs_and_stacks,聚合状态取该卡最差机制；普通烟测只证明可执行，不能单独构成 GREEN。 EN=Your spells cost (1) less.; ZH=你的法术的法力值消耗减少（1）点。; source=fireplace/cards/ungoro/priest.py:30; existing_tests=none; prior=YELLOW:3 个机制缺少充分的核心效果验证；逐机制依据见 card_mechanism.csv。,Your spells cost (1) less.,你的法术的法力值消耗减少（1）点。,fireplace/cards/ungoro/priest.py:30
17.6.0.53261,Journey to Un'Goro (UNGORO),UNG_035,Curious Glimmerroot,好奇的萤根草,Battlecry|Random effects,GREEN,implemented,yes,"本轮逐卡行为用例全部通过：battlecry_correct_guess_copies_opponent_starting_deck_card=options=['EX1_623', 'CFM_604', 'LOOT_534'];correct=CFM_604;hand_delta=1;choice=None; battlecry_wrong_guess_gives_no_copy=wrong=GVG_003;actual_starting=AT_003;hand_delta=0;choice=None",card_mechanism.csv#UNG_035; generic-play-smoke:exception; effect-evidence: reports/card_quality_full_2026-09-27/three_set_probe.csv#UNG_035::battlecry_correct_guess_copies_opponent_starting_deck_card; reports/card_quality_full_2026-09-27/three_set_probe.csv#UNG_035::battlecry_wrong_guess_gives_no_copy; per-card: reports/card_quality_full_2026-09-27/three_set_probe.csv#UNG_035::battlecry_correct_guess_copies_opponent_starting_deck_card; reports/card_quality_full_2026-09-27/three_set_probe.csv#UNG_035::battlecry_wrong_guess_gives_no_copy,聚合状态取该卡最差机制；普通烟测只证明可执行，不能单独构成 GREEN。 EN=[x]Battlecry: Look at 3 cards. Guess which one started in your opponent's deck to get a copy of it.; ZH=战吼：检视三张卡牌。猜中来自你对手套牌中的卡牌，则获得该牌的一张复制。; source=fireplace/cards/ungoro/priest.py:36; existing_tests=tests/test_ungoro.py:36:test_curious_glimmerroot | tests/test_ungoro.py:50:test_curious_glimmerroot; prior=YELLOW:2 个机制缺少充分的核心效果验证；逐机制依据见 card_mechanism.csv。,[x]Battlecry: Look at 3 cards. Guess which one started in your opponent's deck to get a copy of it.,战吼：检视三张卡牌。猜中来自你对手套牌中的卡牌，则获得该牌的一张复制。,fireplace/cards/ungoro/priest.py:36
17.6.0.53261,Journey to Un'Goro (UNGORO),UNG_037,Tortollan Shellraiser,始祖龟执盾者,Deathrattle|Random effects|Taunt,GREEN,implemented,yes,同批死亡和随机增益正确；嘲讽实际阻止攻击英雄。,tests/test_retest_death_batch.py::test_same_batch_deathrattle_affects_eligible_survivors_only[UNG_037-random_plus_one]; tests/test_retest_death_batch.py::test_random_deathrattle_selects_only_eligible_friendly_targets[UNG_037]; tests/test_retest_death_batch.py::test_ung_037_taunt_blocks_hero_attack,本次代码重测；修复前颜色和原始失败证据见 known_issues_archive_2026-09-29/card_quality_full_2026-09-27/。 当前代码逐卡行为重测通过。,[x]Taunt Deathrattle: Give a random  friendly minion +1/+1.,嘲讽，亡语：随机使一个友方随从获得+1/+1。,fireplace/cards/ungoro/priest.py:98
17.6.0.53261,Journey to Un'Goro (UNGORO),UNG_047,Ravenous Pterrordax,饥饿的翼手龙,Battlecry|Targeting,GREEN,implemented,yes,"本轮逐卡行为用例全部通过：battlecry_destroys_selected_friendly_minion_and_adapts_twice=victim=GRAVEYARD;adapt_choices=['UNG_999t2', 'UNG_999t14'];buffs=['UNG_999t2e', 'UNG_999t14e'];field=['UNG_047']; battlecry_without_friendly_target_does_not_adapt=beast=PLAY;field=['UNG_047'];choice=None",card_mechanism.csv#UNG_047; generic-play-smoke:played; effect-evidence: reports/card_quality_full_2026-09-27/three_set_probe.csv#UNG_047::battlecry_destroys_selected_friendly_minion_and_adapts_twice; reports/card_quality_full_2026-09-27/three_set_probe.csv#UNG_047::battlecry_without_friendly_target_does_not_adapt; per-card: reports/card_quality_full_2026-09-27/three_set_probe.csv#UNG_047::battlecry_destroys_selected_friendly_minion_and_adapts_twice; reports/card_quality_full_2026-09-27/three_set_probe.csv#UNG_047::battlecry_without_friendly_target_does_not_adapt,聚合状态取该卡最差机制；普通烟测只证明可执行，不能单独构成 GREEN。 EN=Battlecry: Destroy a friendly minion to Adapt twice.; ZH=战吼： 消灭一个友方随从，并连续进化两次。; source=fireplace/cards/ungoro/warlock.py:8; existing_tests=none; prior=YELLOW:2 个机制缺少充分的核心效果验证；逐机制依据见 card_mechanism.csv。,Battlecry: Destroy a friendly minion to Adapt twice.,战吼： 消灭一个友方随从，并连续进化两次。,fireplace/cards/ungoro/warlock.py:8
17.6.0.53261,Journey to Un'Goro (UNGORO),UNG_049,Tar Lurker,焦油潜伏者,Continuous effect / Update|Taunt,GREEN,implemented,yes,本轮逐卡行为用例全部通过：continuous_effect_adds_three_attack_only_during_opponent_turn=own_turn_attack=1;opponent_turn_attack=4;returned_attack=1;taunt=1,card_mechanism.csv#UNG_049; generic-play-smoke:played; effect-evidence: reports/card_quality_full_2026-09-27/three_set_probe.csv#UNG_049::continuous_effect_adds_three_attack_only_during_opponent_turn; per-card: reports/card_quality_full_2026-09-27/three_set_probe.csv#UNG_049::continuous_effect_adds_three_attack_only_during_opponent_turn,聚合状态取该卡最差机制；普通烟测只证明可执行，不能单独构成 GREEN。 EN=Taunt Has +3 Attack during your opponent's turn.; ZH=嘲讽 在你对手的回合获得+3攻击力。; source=fireplace/cards/ungoro/warlock.py:19; existing_tests=none; prior=YELLOW:2 个机制缺少充分的核心效果验证；逐机制依据见 card_mechanism.csv。,Taunt Has +3 Attack during your opponent's turn.,嘲讽 在你对手的回合获得+3攻击力。,fireplace/cards/ungoro/warlock.py:19
17.6.0.53261,Journey to Un'Goro (UNGORO),UNG_057,Razorpetal Volley,刀瓣齐射,Spell resolution,GREEN,implemented,yes,本轮逐卡行为用例全部通过：spell_adds_two_razorpetals_and_one_deals_one_damage=volley=GRAVEYARD;petals_before=2;cast_target=4/5;cast=GRAVEYARD;remaining_petals=1,card_mechanism.csv#UNG_057; generic-play-smoke:played; effect-evidence: reports/card_quality_full_2026-09-27/three_set_probe.csv#UNG_057::spell_adds_two_razorpetals_and_one_deals_one_damage; per-card: reports/card_quality_full_2026-09-27/three_set_probe.csv#UNG_057::spell_adds_two_razorpetals_and_one_deals_one_damage,聚合状态取该卡最差机制；普通烟测只证明可执行，不能单独构成 GREEN。 EN=Add two Razorpetals to your hand that deal 1 damage.; ZH=将两张可造成1点伤害的“刀瓣”置入你的手牌。; source=fireplace/cards/ungoro/rogue.py:57; existing_tests=none; prior=YELLOW:1 个机制缺少充分的核心效果验证；逐机制依据见 card_mechanism.csv。,Add two Razorpetals to your hand that deal 1 damage.,将两张可造成1点伤害的“刀瓣”置入你的手牌。,fireplace/cards/ungoro/rogue.py:57
17.6.0.53261,Journey to Un'Goro (UNGORO),UNG_058,Razorpetal Lasher,刀瓣鞭笞者,Battlecry,GREEN,implemented,yes,本轮逐卡行为用例全部通过：battlecry_adds_one_razorpetal_that_deals_one_damage=lasher=PLAY;petal=UNG_057t1/GRAVEYARD;target=4/5,card_mechanism.csv#UNG_058; generic-play-smoke:played; effect-evidence: reports/card_quality_full_2026-09-27/three_set_probe.csv#UNG_058::battlecry_adds_one_razorpetal_that_deals_one_damage; per-card: reports/card_quality_full_2026-09-27/three_set_probe.csv#UNG_058::battlecry_adds_one_razorpetal_that_deals_one_damage,聚合状态取该卡最差机制；普通烟测只证明可执行，不能单独构成 GREEN。 EN=[x]Battlecry: Add a Razorpetal to your hand that deals 1 damage.; ZH=战吼：将一张可造成1点伤害的“刀瓣”置入你的手牌。; source=fireplace/cards/ungoro/rogue.py:10; existing_tests=none; prior=YELLOW:1 个机制缺少充分的核心效果验证；逐机制依据见 card_mechanism.csv。,[x]Battlecry: Add a Razorpetal to your hand that deals 1 damage.,战吼：将一张可造成1点伤害的“刀瓣”置入你的手牌。,fireplace/cards/ungoro/rogue.py:10
17.6.0.53261,Journey to Un'Goro (UNGORO),UNG_060,Mimic Pod,拟态豆荚,Draw / Discard|Spell resolution,GREEN,implemented,yes,"本轮逐卡行为用例全部通过：spell_draws_card_and_adds_distinct_copy=original_and_copy=[('CS2_231', 'HAND', True), ('CS2_231', 'HAND', False)];deck_size=0;spell=GRAVEYARD; spell_empty_deck_has_no_card_to_copy=spell=GRAVEYARD;hand=[];deck=[];fatigue_disabled=False;hero_and_fatigue=(30, 0)->(29, 1)",card_mechanism.csv#UNG_060; generic-play-smoke:played; effect-evidence: reports/card_quality_full_2026-09-27/three_set_probe.csv#UNG_060::spell_draws_card_and_adds_distinct_copy; reports/card_quality_full_2026-09-27/three_set_probe.csv#UNG_060::spell_empty_deck_has_no_card_to_copy; per-card: reports/card_quality_full_2026-09-27/three_set_probe.csv#UNG_060::spell_draws_card_and_adds_distinct_copy; reports/card_quality_full_2026-09-27/three_set_probe.csv#UNG_060::spell_empty_deck_has_no_card_to_copy,"聚合状态取该卡最差机制；普通烟测只证明可执行，不能单独构成 GREEN。 EN=Draw a card, then add a copy of it to your hand.; ZH=抽一张牌，然后将一张它的复制置入你的手牌。; source=fireplace/cards/ungoro/rogue.py:70; existing_tests=none; prior=YELLOW:2 个机制缺少充分的核心效果验证；逐机制依据见 card_mechanism.csv。","Draw a card, then add a copy of it to your hand.",抽一张牌，然后将一张它的复制置入你的手牌。,fireplace/cards/ungoro/rogue.py:70
17.6.0.53261,Journey to Un'Goro (UNGORO),UNG_061,Obsidian Shard,黑曜石碎片,Cost modification|Weapon,GREEN,implemented,yes,本轮逐卡行为用例全部通过：weapon_cost_reduced_per_other_class_card_played=base=4;after_other_class_1=3;after_other_class_2=2;after_own_class=2;equip_mana_delta=2;weapon=UNG_061/3/3;runtime_cost_after_equip=4,card_mechanism.csv#UNG_061; generic-play-smoke:played; effect-evidence: reports/card_quality_full_2026-09-27/three_set_probe.csv#UNG_061::weapon_cost_reduced_per_other_class_card_played; per-card: reports/card_quality_full_2026-09-27/three_set_probe.csv#UNG_061::weapon_cost_reduced_per_other_class_card_played,聚合状态取该卡最差机制；普通烟测只证明可执行，不能单独构成 GREEN。 EN=[x]Costs (1) less for each card you've played from another class.; ZH=每使用一张 其他职业的卡牌，该牌的法力值消耗便减少（1）点。; source=fireplace/cards/ungoro/rogue.py:134; existing_tests=none; prior=YELLOW:2 个机制缺少充分的核心效果验证；逐机制依据见 card_mechanism.csv。,[x]Costs (1) less for each card you've played from another class.,每使用一张 其他职业的卡牌，该牌的法力值消耗便减少（1）点。,fireplace/cards/ungoro/rogue.py:134
17.6.0.53261,Journey to Un'Goro (UNGORO),UNG_063,Biteweed,食人草,Combo,GREEN,implemented,yes,本轮逐卡行为用例全部通过：combo_attack_health_scale_with_prior_cards=prior_cards=0:1/1;prior_cards=1:2/2;prior_cards=2:3/3,card_mechanism.csv#UNG_063; generic-play-smoke:played; effect-evidence: reports/card_quality_full_2026-09-27/three_set_probe.csv#UNG_063::combo_attack_health_scale_with_prior_cards; per-card: reports/card_quality_full_2026-09-27/three_set_probe.csv#UNG_063::combo_attack_health_scale_with_prior_cards,聚合状态取该卡最差机制；普通烟测只证明可执行，不能单独构成 GREEN。 EN=Combo: Gain +1/+1 for each other card you've played this turn.; ZH=连击：在本回合中，你每使用一张其他牌，便获得+1/+1。; source=fireplace/cards/ungoro/rogue.py:16; existing_tests=none; prior=YELLOW:1 个机制缺少充分的核心效果验证；逐机制依据见 card_mechanism.csv。,Combo: Gain +1/+1 for each other card you've played this turn.,连击：在本回合中，你每使用一张其他牌，便获得+1/+1。,fireplace/cards/ungoro/rogue.py:16
17.6.0.53261,Journey to Un'Goro (UNGORO),UNG_064,Vilespine Slayer,邪脊吞噬者,Combo|Targeting,GREEN,implemented,yes,"本轮逐卡行为用例全部通过：combo_only_destroys_target_after_prior_card=no_combo_target_survives=PLAY;combo_target=GRAVEYARD;slayers=['UNG_064', 'UNG_064']",card_mechanism.csv#UNG_064; generic-play-smoke:played; effect-evidence: reports/card_quality_full_2026-09-27/three_set_probe.csv#UNG_064::combo_only_destroys_target_after_prior_card; per-card: reports/card_quality_full_2026-09-27/three_set_probe.csv#UNG_064::combo_only_destroys_target_after_prior_card,聚合状态取该卡最差机制；普通烟测只证明可执行，不能单独构成 GREEN。 EN=Combo: Destroy a minion.; ZH=连击： 消灭一个随从。; source=fireplace/cards/ungoro/rogue.py:25; existing_tests=none; prior=YELLOW:2 个机制缺少充分的核心效果验证；逐机制依据见 card_mechanism.csv。,Combo: Destroy a minion.,连击： 消灭一个随从。,fireplace/cards/ungoro/rogue.py:25
17.6.0.53261,Journey to Un'Goro (UNGORO),UNG_065,"Sherazin, Corpse Flower",“尸魔花”瑟拉金,Deathrattle|Summon,GREEN,implemented,yes,本轮逐卡行为用例全部通过：deathrattle_dormant_resets_each_turn_and_revives_after_four_plays=dead_instance=GRAVEYARD;dormant_progress_after3=3;after_turn_reset=0;dormant_progress_before4=3;revived=UNG_065/5/3/PLAY;dormant_final=SETASIDE,card_mechanism.csv#UNG_065; generic-play-smoke:played; effect-evidence: reports/card_quality_full_2026-09-27/three_set_probe.csv#UNG_065::deathrattle_dormant_resets_each_turn_and_revives_after_four_plays; per-card: reports/card_quality_full_2026-09-27/three_set_probe.csv#UNG_065::deathrattle_dormant_resets_each_turn_and_revives_after_four_plays,聚合状态取该卡最差机制；普通烟测只证明可执行，不能单独构成 GREEN。 EN=Deathrattle: Go Dormant. Play 4 cards in a turn to revive this minion.; ZH=亡语：进入休眠状态。在一回合中使用四张牌可唤醒该随从。; source=fireplace/cards/ungoro/rogue.py:35; existing_tests=tests/test_ungoro.py:59:test_sherazin_corpse_flower | tests/test_ungoro.py:64:test_sherazin_corpse_flower | tests/test_ungoro.py:69:test_sherazin_corpse_flower | tests/test_ungoro.py:85:test_sherazin_seed | tests/test_ungoro.py:76:test_sherazin_seed; prior=YELLOW:2 个机制缺少充分的核心效果验证；逐机制依据见 card_mechanism.csv。,Deathrattle: Go Dormant. Play 4 cards in a turn to revive this minion.,亡语：进入休眠状态。在一回合中使用四张牌可唤醒该随从。,fireplace/cards/ungoro/rogue.py:35
17.6.0.53261,Journey to Un'Goro (UNGORO),UNG_067,The Caverns Below,探索地下洞穴,Quest|Spell resolution,GREEN,implemented,yes,"本轮逐卡行为用例全部通过：quest_requires_five_same_name_minions_and_core_buffs_every_zone=quest_progress=5;different_name_not_counted=True;reward=GRAVEYARD;board=[(4, 4), (4, 4), (4, 4), (4, 4), (4, 4)];hand_wisp=4/4;deck_wisp=4/4",card_mechanism.csv#UNG_067; generic-play-smoke:played; effect-evidence: reports/card_quality_full_2026-09-27/three_set_probe.csv#UNG_067::quest_requires_five_same_name_minions_and_core_buffs_every_zone; per-card: reports/card_quality_full_2026-09-27/three_set_probe.csv#UNG_067::quest_requires_five_same_name_minions_and_core_buffs_every_zone,聚合状态取该卡最差机制；普通烟测只证明可执行，不能单独构成 GREEN。 EN=[x]Quest: Play five minions with the same name. Reward: Crystal Core.; ZH=任务：使用五张名称相同的随从牌。 奖励：水晶核心。; source=fireplace/cards/ungoro/rogue.py:79; existing_tests=tests/test_ungoro.py:233:test_rogue_quest; prior=YELLOW:2 个机制缺少充分的核心效果验证；逐机制依据见 card_mechanism.csv。,[x]Quest: Play five minions with the same name. Reward: Crystal Core.,任务：使用五张名称相同的随从牌。 奖励：水晶核心。,fireplace/cards/ungoro/rogue.py:79
17.6.0.53261,Journey to Un'Goro (UNGORO),UNG_070,Tol'vir Stoneshaper,托维尔塑石师,Battlecry,GREEN,implemented,yes,本轮逐卡行为用例全部通过：battlecry_gains_taunt_and_shield_after_previous_turn_elemental=last_turn_elemental=UNG_809;stoneshaper=3/5;taunt=True;shield=True; battlecry_ignores_elemental_played_this_turn=same_turn_elemental=UNG_809;taunt=False;shield=False,card_mechanism.csv#UNG_070; generic-play-smoke:played; effect-evidence: reports/card_quality_full_2026-09-27/three_set_probe.csv#UNG_070::battlecry_gains_taunt_and_shield_after_previous_turn_elemental; reports/card_quality_full_2026-09-27/three_set_probe.csv#UNG_070::battlecry_ignores_elemental_played_this_turn; per-card: reports/card_quality_full_2026-09-27/three_set_probe.csv#UNG_070::battlecry_gains_taunt_and_shield_after_previous_turn_elemental; reports/card_quality_full_2026-09-27/three_set_probe.csv#UNG_070::battlecry_ignores_elemental_played_this_turn,"聚合状态取该卡最差机制；普通烟测只证明可执行，不能单独构成 GREEN。 EN=[x]Battlecry: If you played an Elemental last turn, gain  Taunt and Divine Shield.; ZH=战吼：如果你在上个回合使用过元素牌，则获得嘲讽和圣盾。; source=fireplace/cards/ungoro/neutral_rare.py:14; existing_tests=none; prior=YELLOW:1 个机制缺少充分的核心效果验证；逐机制依据见 card_mechanism.csv。","[x]Battlecry: If you played an Elemental last turn, gain  Taunt and Divine Shield.",战吼：如果你在上个回合使用过元素牌，则获得嘲讽和圣盾。,fireplace/cards/ungoro/neutral_rare.py:14
17.6.0.53261,Journey to Un'Goro (UNGORO),UNG_071,Giant Mastodon,巨型乳齿象,Taunt,GREEN,implemented,yes,本轮逐卡行为用例全部通过：taunt_blocks_face_and_can_be_attacked_in_combat=mastodon=6/8/10;taunt=1;face_blocked=True;attacker=GRAVEYARD,card_mechanism.csv#UNG_071; generic-play-smoke:played; effect-evidence: reports/card_quality_full_2026-09-27/three_set_probe.csv#UNG_071::taunt_blocks_face_and_can_be_attacked_in_combat; per-card: reports/card_quality_full_2026-09-27/three_set_probe.csv#UNG_071::taunt_blocks_face_and_can_be_attacked_in_combat,聚合状态取该卡最差机制；普通烟测只证明可执行，不能单独构成 GREEN。 EN=Taunt; ZH=嘲讽; source=fireplace/cards/CardDefs.xml#UNG_071; existing_tests=none; prior=YELLOW:1 个机制缺少充分的核心效果验证；逐机制依据见 card_mechanism.csv。,Taunt,嘲讽,
17.6.0.53261,Journey to Un'Goro (UNGORO),UNG_072,Stonehill Defender,石丘防御者,Battlecry|Discover / Choice|Random effects|Taunt,GREEN,implemented,yes,"本轮逐卡行为用例全部通过：battlecry_discovers_only_taunt_minions_and_adds_choice=options=[('DAL_551', 1), ('EX1_390', 1), ('GIL_120', 1)];selected=EX1_390;hand=['EX1_390'];defender_taunt=1",card_mechanism.csv#UNG_072; generic-play-smoke:played; effect-evidence: reports/card_quality_full_2026-09-27/three_set_probe.csv#UNG_072::battlecry_discovers_only_taunt_minions_and_adds_choice; per-card: reports/card_quality_full_2026-09-27/three_set_probe.csv#UNG_072::battlecry_discovers_only_taunt_minions_and_adds_choice,聚合状态取该卡最差机制；普通烟测只证明可执行，不能单独构成 GREEN。 EN=Taunt Battlecry: Discover a Taunt minion.; ZH=嘲讽，战吼： 发现一张具有嘲讽的随从牌。; source=fireplace/cards/ungoro/neutral_rare.py:23; existing_tests=none; prior=YELLOW:4 个机制缺少充分的核心效果验证；逐机制依据见 card_mechanism.csv。,Taunt Battlecry: Discover a Taunt minion.,嘲讽，战吼： 发现一张具有嘲讽的随从牌。,fireplace/cards/ungoro/neutral_rare.py:23
17.6.0.53261,Journey to Un'Goro (UNGORO),UNG_073,Rockpool Hunter,石塘猎人,Battlecry|Targeting,GREEN,implemented,yes,本轮逐卡行为用例全部通过：battlecry_gives_one_one_only_to_friendly_murloc=friendly_murloc=2/2;enemy_murloc=1/1;friendly_nonmurloc=1/1,card_mechanism.csv#UNG_073; generic-play-smoke:played; effect-evidence: reports/card_quality_full_2026-09-27/three_set_probe.csv#UNG_073::battlecry_gives_one_one_only_to_friendly_murloc; per-card: reports/card_quality_full_2026-09-27/three_set_probe.csv#UNG_073::battlecry_gives_one_one_only_to_friendly_murloc,聚合状态取该卡最差机制；普通烟测只证明可执行，不能单独构成 GREEN。 EN=Battlecry: Give a friendly Murloc +1/+1.; ZH=战吼：使一个友方鱼人获得+1/+1。; source=fireplace/cards/ungoro/neutral_common.py:26; existing_tests=none; prior=YELLOW:2 个机制缺少充分的核心效果验证；逐机制依据见 card_mechanism.csv。,Battlecry: Give a friendly Murloc +1/+1.,战吼：使一个友方鱼人获得+1/+1。,fireplace/cards/ungoro/neutral_common.py:26
17.6.0.53261,Journey to Un'Goro (UNGORO),UNG_075,Vicious Fledgling,凶恶的雏龙,Trigger,GREEN,implemented,yes,本轮逐卡行为用例全部通过：after_attack_hero_offers_adapt=hero_health=30->27;adapt=UNG_999t2;buffs=['UNG_999t2e']; after_attack_minion_does_not_offer_adapt=attacked_minion_health=5->2;choice=None;buffs=[],card_mechanism.csv#UNG_075; generic-play-smoke:played; effect-evidence: reports/card_quality_full_2026-09-27/three_set_probe.csv#UNG_075::after_attack_hero_offers_adapt; reports/card_quality_full_2026-09-27/three_set_probe.csv#UNG_075::after_attack_minion_does_not_offer_adapt; per-card: reports/card_quality_full_2026-09-27/three_set_probe.csv#UNG_075::after_attack_hero_offers_adapt; reports/card_quality_full_2026-09-27/three_set_probe.csv#UNG_075::after_attack_minion_does_not_offer_adapt,"聚合状态取该卡最差机制；普通烟测只证明可执行，不能单独构成 GREEN。 EN=After this minion attacks a hero, Adapt.; ZH=在该随从攻击一方英雄后，获得进化。; source=fireplace/cards/ungoro/neutral_rare.py:29; existing_tests=none; prior=YELLOW:1 个机制缺少充分的核心效果验证；逐机制依据见 card_mechanism.csv。","After this minion attacks a hero, Adapt.",在该随从攻击一方英雄后，获得进化。,fireplace/cards/ungoro/neutral_rare.py:29
17.6.0.53261,Journey to Un'Goro (UNGORO),UNG_076,Eggnapper,卑劣的窃蛋者,Deathrattle|Summon,GREEN,implemented,yes,"本轮逐卡行为用例全部通过：deathrattle_summons_two_one_one_raptors=source=GRAVEYARD;raptors=[('UNG_076t1', 1, 1, 'PLAY'), ('UNG_076t1', 1, 1, 'PLAY')]; deathrattle_respects_available_board_slots=source=GRAVEYARD;existing=5;tokens=2;field=7",card_mechanism.csv#UNG_076; generic-play-smoke:played; effect-evidence: reports/card_quality_full_2026-09-27/three_set_probe.csv#UNG_076::deathrattle_summons_two_one_one_raptors; reports/card_quality_full_2026-09-27/three_set_probe.csv#UNG_076::deathrattle_respects_available_board_slots; per-card: reports/card_quality_full_2026-09-27/three_set_probe.csv#UNG_076::deathrattle_summons_two_one_one_raptors; reports/card_quality_full_2026-09-27/three_set_probe.csv#UNG_076::deathrattle_respects_available_board_slots,聚合状态取该卡最差机制；普通烟测只证明可执行，不能单独构成 GREEN。 EN=Deathrattle: Summon two 1/1 Raptors.; ZH=亡语：召唤两个1/1的迅猛龙。; source=fireplace/cards/ungoro/neutral_common.py:41; existing_tests=none; prior=YELLOW:2 个机制缺少充分的核心效果验证；逐机制依据见 card_mechanism.csv。,Deathrattle: Summon two 1/1 Raptors.,亡语：召唤两个1/1的迅猛龙。,fireplace/cards/ungoro/neutral_common.py:41
17.6.0.53261,Journey to Un'Goro (UNGORO),UNG_078,Tortollan Forager,始祖龟劫掠者,Battlecry|Random effects,GREEN,implemented,yes,"本轮逐卡行为用例全部通过：battlecry_adds_random_minion_with_at_least_five_attack=random_eligible_cards=7878:ULD_709/6;7879:LOE_012/5;7880:NEW1_008/5;7881:TRL_260/7;7882:DRG_109/8;7883:DAL_582/5;7884:AT_067/5;7885:ULD_435/5;7886:GVG_004/5;7887:EX1_543/8;7888:CFM_312/5;7889:EX1_577/9;7890:DRG_079/5;7891:BRM_024/6;7892:GVG_083/5;7893:UNG_852/12;distinct=['AT_067', 'BRM_024', 'CFM_312', 'DAL_582', 'DRG_079', 'DRG_109', 'EX1_543', 'EX1_577', 'GVG_004', 'GVG_083', 'LOE_012', 'NEW1_008', 'TRL_260', 'ULD_435', 'ULD_709', 'UNG_852']",card_mechanism.csv#UNG_078; generic-play-smoke:played; effect-evidence: reports/card_quality_full_2026-09-27/three_set_probe.csv#UNG_078::battlecry_adds_random_minion_with_at_least_five_attack; per-card: reports/card_quality_full_2026-09-27/three_set_probe.csv#UNG_078::battlecry_adds_random_minion_with_at_least_five_attack,聚合状态取该卡最差机制；普通烟测只证明可执行，不能单独构成 GREEN。 EN=Battlecry: Add a random minion with 5 or more Attack to your hand.; ZH=战吼：随机将一张攻击力大于或等于5的随从牌置入你的手牌。; source=fireplace/cards/ungoro/druid.py:8; existing_tests=none; prior=YELLOW:2 个机制缺少充分的核心效果验证；逐机制依据见 card_mechanism.csv。,Battlecry: Add a random minion with 5 or more Attack to your hand.,战吼：随机将一张攻击力大于或等于5的随从牌置入你的手牌。,fireplace/cards/ungoro/druid.py:8
17.6.0.53261,Journey to Un'Goro (UNGORO),UNG_079,Frozen Crusher,冰冻粉碎者,Trigger,GREEN,implemented,yes,本轮逐卡行为用例全部通过：after_attack_freezes_self_until_its_next_turn_expires=after_attack_frozen=True;next_owner_turn_cannot_attack=True;following_turn_frozen=False;can_attack=True,card_mechanism.csv#UNG_079; generic-play-smoke:played; effect-evidence: reports/card_quality_full_2026-09-27/three_set_probe.csv#UNG_079::after_attack_freezes_self_until_its_next_turn_expires; per-card: reports/card_quality_full_2026-09-27/three_set_probe.csv#UNG_079::after_attack_freezes_self_until_its_next_turn_expires,"聚合状态取该卡最差机制；普通烟测只证明可执行，不能单独构成 GREEN。 EN=After this minion attacks, Freeze it.; ZH=在该随从攻击后，会自我冻结。; source=fireplace/cards/ungoro/neutral_rare.py:35; existing_tests=none; prior=YELLOW:1 个机制缺少充分的核心效果验证；逐机制依据见 card_mechanism.csv。","After this minion attacks, Freeze it.",在该随从攻击后，会自我冻结。,fireplace/cards/ungoro/neutral_rare.py:35
17.6.0.53261,Journey to Un'Goro (UNGORO),UNG_082,Thunder Lizard,雷霆蜥蜴,Battlecry,GREEN,implemented,yes,本轮逐卡行为用例全部通过：battlecry_adapts_if_elemental_played_last_turn=elemental_last_turn=UNG_809;adapt=UNG_999t2;buffs=['UNG_999t2e']; battlecry_without_last_turn_elemental_has_no_adapt=elemental_last_turn=False;choice=None;buffs=[],card_mechanism.csv#UNG_082; generic-play-smoke:played; effect-evidence: reports/card_quality_full_2026-09-27/three_set_probe.csv#UNG_082::battlecry_adapts_if_elemental_played_last_turn; reports/card_quality_full_2026-09-27/three_set_probe.csv#UNG_082::battlecry_without_last_turn_elemental_has_no_adapt; per-card: reports/card_quality_full_2026-09-27/three_set_probe.csv#UNG_082::battlecry_adapts_if_elemental_played_last_turn; reports/card_quality_full_2026-09-27/three_set_probe.csv#UNG_082::battlecry_without_last_turn_elemental_has_no_adapt,"聚合状态取该卡最差机制；普通烟测只证明可执行，不能单独构成 GREEN。 EN=Battlecry: If you played an Elemental last turn, Adapt.; ZH=战吼：如果你在上个回合使用过元素牌，则获得进化。; source=fireplace/cards/ungoro/neutral_common.py:47; existing_tests=none; prior=YELLOW:1 个机制缺少充分的核心效果验证；逐机制依据见 card_mechanism.csv。","Battlecry: If you played an Elemental last turn, Adapt.",战吼：如果你在上个回合使用过元素牌，则获得进化。,fireplace/cards/ungoro/neutral_common.py:47
17.6.0.53261,Journey to Un'Goro (UNGORO),UNG_083,Devilsaur Egg,魔暴龙蛋,Deathrattle|Summon,GREEN,implemented,yes,本轮逐卡行为用例全部通过：deathrattle_summons_five_five_devilsaur=egg=GRAVEYARD;devilsaur=UNG_083t1/5/5/PLAY,card_mechanism.csv#UNG_083; generic-play-smoke:played; effect-evidence: reports/card_quality_full_2026-09-27/three_set_probe.csv#UNG_083::deathrattle_summons_five_five_devilsaur; per-card: reports/card_quality_full_2026-09-27/three_set_probe.csv#UNG_083::deathrattle_summons_five_five_devilsaur,聚合状态取该卡最差机制；普通烟测只证明可执行，不能单独构成 GREEN。 EN=Deathrattle: Summon a 5/5 Devilsaur.; ZH=亡语：召唤一个5/5的魔暴龙。; source=fireplace/cards/ungoro/neutral_rare.py:41; existing_tests=none; prior=YELLOW:2 个机制缺少充分的核心效果验证；逐机制依据见 card_mechanism.csv。,Deathrattle: Summon a 5/5 Devilsaur.,亡语：召唤一个5/5的魔暴龙。,fireplace/cards/ungoro/neutral_rare.py:41
17.6.0.53261,Journey to Un'Goro (UNGORO),UNG_084,Fire Plume Phoenix,火羽凤凰,Battlecry|Targeting,GREEN,implemented,yes,"本轮逐卡行为用例全部通过：battlecry_deals_two_to_selected_minion_or_hero=minion_target=3/5;hero_target=20->18;phoenixes=['PLAY', 'PLAY']",card_mechanism.csv#UNG_084; generic-play-smoke:played; effect-evidence: reports/card_quality_full_2026-09-27/three_set_probe.csv#UNG_084::battlecry_deals_two_to_selected_minion_or_hero; per-card: reports/card_quality_full_2026-09-27/three_set_probe.csv#UNG_084::battlecry_deals_two_to_selected_minion_or_hero,聚合状态取该卡最差机制；普通烟测只证明可执行，不能单独构成 GREEN。 EN=Battlecry: Deal 2 damage.; ZH=战吼：造成2点伤害。; source=fireplace/cards/ungoro/neutral_common.py:53; existing_tests=none; prior=YELLOW:2 个机制缺少充分的核心效果验证；逐机制依据见 card_mechanism.csv。,Battlecry: Deal 2 damage.,战吼：造成2点伤害。,fireplace/cards/ungoro/neutral_common.py:53
17.6.0.53261,Journey to Un'Goro (UNGORO),UNG_085,Emerald Hive Queen,翡翠蜂后,Aura|Continuous effect / Update|Cost modification,GREEN,implemented,yes,本轮逐卡行为用例全部通过：aura_adds_two_to_owner_minions_and_reverts_when_removed=while_aura=yeti6/wisp2/enemy_yeti4;played_wisp_mana_delta=2;after_source_death=yeti4/wisp0/enemy_yeti4,card_mechanism.csv#UNG_085; generic-play-smoke:played; effect-evidence: reports/card_quality_full_2026-09-27/three_set_probe.csv#UNG_085::aura_adds_two_to_owner_minions_and_reverts_when_removed; per-card: reports/card_quality_full_2026-09-27/three_set_probe.csv#UNG_085::aura_adds_two_to_owner_minions_and_reverts_when_removed,聚合状态取该卡最差机制；普通烟测只证明可执行，不能单独构成 GREEN。 EN=Your minions cost (2) more.; ZH=你的随从的法力值消耗增加（2）点。; source=fireplace/cards/ungoro/neutral_epic.py:8; existing_tests=none; prior=YELLOW:3 个机制缺少充分的核心效果验证；逐机制依据见 card_mechanism.csv。,Your minions cost (2) more.,你的随从的法力值消耗增加（2）点。,fireplace/cards/ungoro/neutral_epic.py:8
17.6.0.53261,Journey to Un'Goro (UNGORO),UNG_086,Giant Anaconda,巨型蟒蛇,Deathrattle|Summon,GREEN,implemented,yes,"本轮逐卡行为用例全部通过：deathrattle_randomly_summons_from_hand_only_minions_at_least_five_attack=summoned_across_seeds=8686:UNG_071/6;8687:UNG_087/8;8688:UNG_087/8;8689:UNG_087/8;8690:UNG_087/8;8691:UNG_087/8;8692:UNG_071/6;8693:UNG_071/6;8694:UNG_087/8;8695:UNG_087/8;8696:UNG_071/6;8697:UNG_071/6;8698:UNG_071/6;8699:UNG_087/8;8700:UNG_087/8;8701:UNG_087/8;distinct_eligible=['UNG_071', 'UNG_087'];low_attack_stayed_in_hand=True",card_mechanism.csv#UNG_086; generic-play-smoke:played; effect-evidence: reports/card_quality_full_2026-09-27/three_set_probe.csv#UNG_086::deathrattle_randomly_summons_from_hand_only_minions_at_least_five_attack; per-card: reports/card_quality_full_2026-09-27/three_set_probe.csv#UNG_086::deathrattle_randomly_summons_from_hand_only_minions_at_least_five_attack,聚合状态取该卡最差机制；普通烟测只证明可执行，不能单独构成 GREEN。 EN=Deathrattle: Summon a minion from your hand with 5 or more Attack.; ZH=亡语：从你手牌中召唤一个攻击力大于或等于5的随从。; source=fireplace/cards/ungoro/druid.py:14; existing_tests=none; prior=YELLOW:2 个机制缺少充分的核心效果验证；逐机制依据见 card_mechanism.csv。,Deathrattle: Summon a minion from your hand with 5 or more Attack.,亡语：从你手牌中召唤一个攻击力大于或等于5的随从。,fireplace/cards/ungoro/druid.py:14
17.6.0.53261,Journey to Un'Goro (UNGORO),UNG_087,Bittertide Hydra,苦潮多头蛇,Trigger,GREEN,implemented,yes,本轮逐卡行为用例全部通过：trigger_deals_three_hero_damage_for_each_damage_event=two_one_damage_events=2;hydra=6/8;hero=20->14; trigger_still_deals_hero_damage_on_lethal_hit=hydra=GRAVEYARD;hero=20->17;spell=GRAVEYARD,card_mechanism.csv#UNG_087; generic-play-smoke:played; effect-evidence: reports/card_quality_full_2026-09-27/three_set_probe.csv#UNG_087::trigger_deals_three_hero_damage_for_each_damage_event; reports/card_quality_full_2026-09-27/three_set_probe.csv#UNG_087::trigger_still_deals_hero_damage_on_lethal_hit; per-card: reports/card_quality_full_2026-09-27/three_set_probe.csv#UNG_087::trigger_deals_three_hero_damage_for_each_damage_event; reports/card_quality_full_2026-09-27/three_set_probe.csv#UNG_087::trigger_still_deals_hero_damage_on_lethal_hit,"聚合状态取该卡最差机制；普通烟测只证明可执行，不能单独构成 GREEN。 EN=Whenever this minion takes damage, deal 3 damage to your hero.; ZH=每当该随从受到伤害，对你的英雄造成 3点伤害。; source=fireplace/cards/ungoro/neutral_epic.py:14; existing_tests=none; prior=YELLOW:1 个机制缺少充分的核心效果验证；逐机制依据见 card_mechanism.csv。","Whenever this minion takes damage, deal 3 damage to your hero.",每当该随从受到伤害，对你的英雄造成 3点伤害。,fireplace/cards/ungoro/neutral_epic.py:14
17.6.0.53261,Journey to Un'Goro (UNGORO),UNG_088,Tortollan Primalist,始祖龟预言者,Battlecry|Discover / Choice|Random effects,GREEN,implemented,yes,"本轮逐卡行为用例全部通过：battlecry_discovers_spell_and_casts_chosen_card=options=['CS2_032', 'CS2_026', 'LOOT_172'];selected=CS2_032;selected_zone=GRAVEYARD;choice=None;hero_health=30/30;field=[('UNG_088', 4)]; random_target_spell_resolves_against_a_legal_target=selected=CS2_029;legal_random_targets=['HERO_08', 'HERO_08', 'CS2_182', 'CS2_182', 'UNG_088'];actual_target=UNG_088/4;target_before=4;target_after=4/GRAVEYARD;spell=GRAVEYARD;choice=None; selected_non_target_spell_resolves_its_hand_effect=selected=BOT_101;rift=GRAVEYARD;choice=None;added_minions=[('UNG_035', 'HAND'), ('DRG_109', 'HAND')];primalist=PLAY; selected_secret_spell_enters_secret_zone_and_triggers=secret_after_cast=SECRET;after_opponent_minion_play=secret:GRAVEYARD,wisp:GRAVEYARD,enemy_hero=25",card_mechanism.csv#UNG_088; generic-play-smoke:played; effect-evidence: reports/card_quality_full_2026-09-27/three_set_probe.csv#UNG_088::battlecry_discovers_spell_and_casts_chosen_card; reports/card_quality_full_2026-09-27/three_set_probe.csv#UNG_088::random_target_spell_resolves_against_a_legal_target; reports/card_quality_full_2026-09-27/three_set_probe.csv#UNG_088::selected_non_target_spell_resolves_its_hand_effect; reports/card_quality_full_2026-09-27/three_set_probe.csv#UNG_088::selected_secret_spell_enters_secret_zone_and_triggers; per-card: reports/card_quality_full_2026-09-27/three_set_probe.csv#UNG_088::battlecry_discovers_spell_and_casts_chosen_card; reports/card_quality_full_2026-09-27/three_set_probe.csv#UNG_088::random_target_spell_resolves_against_a_legal_target; reports/card_quality_full_2026-09-27/three_set_probe.csv#UNG_088::selected_non_target_spell_resolves_its_hand_effect; reports/card_quality_full_2026-09-27/three_set_probe.csv#UNG_088::selected_secret_spell_enters_secret_zone_and_triggers,聚合状态取该卡最差机制；普通烟测只证明可执行，不能单独构成 GREEN。 EN=Battlecry: Discover a spell and cast it with random targets.; ZH=战吼： 发现一张法术牌，并向随机目标施放。; source=fireplace/cards/ungoro/neutral_epic.py:20; existing_tests=none; prior=YELLOW:3 个机制缺少充分的核心效果验证；逐机制依据见 card_mechanism.csv。,Battlecry: Discover a spell and cast it with random targets.,战吼： 发现一张法术牌，并向随机目标施放。,fireplace/cards/ungoro/neutral_epic.py:20
17.6.0.53261,Journey to Un'Goro (UNGORO),UNG_089,Gentle Megasaur,温顺的巨壳龙,Battlecry,GREEN,implemented,yes,逐卡实测：温顺的巨壳龙只提供一次进化选择，同一选择对两只己方鱼人各生效一次，己方非鱼人及敌方鱼人不受影响。,tests/test_ungoro_shared_red_fixes.py::test_gentle_megasaur_adapts_all_and_only_friendly_murlocs,原始结论保留于known_issues_archive_2026-09-29/。 修复共享 Adapt 多目标处理：先收集目标，再为全体应用同一 Choice。,Battlecry: Adapt your Murlocs.,战吼：进化你所有的鱼人。,fireplace/cards/ungoro/neutral_epic.py:26
17.6.0.53261,Journey to Un'Goro (UNGORO),UNG_099,Charged Devilsaur,狂奔的魔暴龙,Battlecry|Charge,GREEN,implemented,yes,本轮逐卡行为用例全部通过：charge_restricts_hero_attack_but_allows_minion_attack=face_health=30;minion_target=GRAVEYARD;devil=7/3;remaining_attacks=False,card_mechanism.csv#UNG_099; generic-play-smoke:played; effect-evidence: reports/card_quality_full_2026-09-27/three_set_probe.csv#UNG_099::charge_restricts_hero_attack_but_allows_minion_attack; per-card: reports/card_quality_full_2026-09-27/three_set_probe.csv#UNG_099::charge_restricts_hero_attack_but_allows_minion_attack,聚合状态取该卡最差机制；普通烟测只证明可执行，不能单独构成 GREEN。 EN=Charge Battlecry: Can't attack heroes this turn.; ZH=冲锋，战吼：在本回合中无法攻击英雄。; source=fireplace/cards/ungoro/neutral_epic.py:32; existing_tests=none; prior=YELLOW:2 个机制缺少充分的核心效果验证；逐机制依据见 card_mechanism.csv。,Charge Battlecry: Can't attack heroes this turn.,冲锋，战吼：在本回合中无法攻击英雄。,fireplace/cards/ungoro/neutral_epic.py:32
17.6.0.53261,Journey to Un'Goro (UNGORO),UNG_100,Verdant Longneck,苍绿长颈龙,Battlecry,GREEN,implemented,yes,本轮逐卡行为用例全部通过：battlecry_adapts_once_and_applies_choice=selected=UNG_999t6;buffs=['UNG_999t6e'];stats=5/4;zone=PLAY,card_mechanism.csv#UNG_100; generic-play-smoke:played; effect-evidence: reports/card_quality_full_2026-09-27/three_set_probe.csv#UNG_100::battlecry_adapts_once_and_applies_choice; per-card: reports/card_quality_full_2026-09-27/three_set_probe.csv#UNG_100::battlecry_adapts_once_and_applies_choice,聚合状态取该卡最差机制；普通烟测只证明可执行，不能单独构成 GREEN。 EN=Battlecry: Adapt.; ZH=战吼：进化。; source=fireplace/cards/ungoro/druid.py:20; existing_tests=none; prior=YELLOW:1 个机制缺少充分的核心效果验证；逐机制依据见 card_mechanism.csv。,Battlecry: Adapt.,战吼：进化。,fireplace/cards/ungoro/druid.py:20
17.6.0.53261,Journey to Un'Goro (UNGORO),UNG_101,Shellshifter,变形神龟,Choose One|Transform,GREEN,implemented,yes,本轮逐卡行为用例全部通过：choose_one_transforms_into_stealth_five_three=choice=UNG_101a;result=UNG_101t/5/3;stealth=1;taunt=False;original=SETASIDE; choose_one_transforms_into_taunt_three_five=choice=UNG_101b;result=UNG_101t2/3/5;taunt=1;stealth=False;original=SETASIDE,card_mechanism.csv#UNG_101; generic-play-smoke:played; effect-evidence: reports/card_quality_full_2026-09-27/three_set_probe.csv#UNG_101::choose_one_transforms_into_stealth_five_three; reports/card_quality_full_2026-09-27/three_set_probe.csv#UNG_101::choose_one_transforms_into_taunt_three_five; per-card: reports/card_quality_full_2026-09-27/three_set_probe.csv#UNG_101::choose_one_transforms_into_stealth_five_three; reports/card_quality_full_2026-09-27/three_set_probe.csv#UNG_101::choose_one_transforms_into_taunt_three_five,聚合状态取该卡最差机制；普通烟测只证明可执行，不能单独构成 GREEN。 EN=[x]Choose One - Transform into a 5/3 with Stealth; or a 3/5 with Taunt.; ZH=抉择：将该随从变形成为5/3并具有潜行；或者将该随从变形成为3/5并具有嘲讽。; source=fireplace/cards/ungoro/druid.py:26; existing_tests=none; prior=YELLOW:2 个机制缺少充分的核心效果验证；逐机制依据见 card_mechanism.csv。,[x]Choose One - Transform into a 5/3 with Stealth; or a 3/5 with Taunt.,抉择：将该随从变形成为5/3并具有潜行；或者将该随从变形成为3/5并具有嘲讽。,fireplace/cards/ungoro/druid.py:26
17.6.0.53261,Journey to Un'Goro (UNGORO),UNG_103,Evolving Spores,生长孢子,Spell resolution,GREEN,implemented,yes,逐卡实测：生长孢子只提供一次进化选择，同一增益对两只己方随从各生效一次，敌方随从不受影响，法术进入墓地。,tests/test_ungoro_shared_red_fixes.py::test_evolving_spores_uses_one_choice_for_all_friendly_minions,原始结论保留于known_issues_archive_2026-09-29/。 共享 Adapt 修复；另以火山龙验证单目标两次进化仍是两次独立 Choice。,Adapt your minions.,进化你所有的随从。,fireplace/cards/ungoro/druid.py:51
17.6.0.53261,Journey to Un'Goro (UNGORO),UNG_108,Earthen Scales,大地之鳞,Spell resolution|Targeting,GREEN,implemented,yes,本轮逐卡行为用例全部通过：spell_buffs_friendly_minion_then_gains_new_attack_as_armor=friendly=2/2/2;armor_delta=2;enemy=4/5;spell=GRAVEYARD,card_mechanism.csv#UNG_108; generic-play-smoke:played; effect-evidence: reports/card_quality_full_2026-09-27/three_set_probe.csv#UNG_108::spell_buffs_friendly_minion_then_gains_new_attack_as_armor; per-card: reports/card_quality_full_2026-09-27/three_set_probe.csv#UNG_108::spell_buffs_friendly_minion_then_gains_new_attack_as_armor,"聚合状态取该卡最差机制；普通烟测只证明可执行，不能单独构成 GREEN。 EN=Give a friendly minion +1/+1, then gain Armor equal to its Attack.; ZH=使一个友方随从获得+1/+1，然后获得等同于其攻击力的 护甲值。; source=fireplace/cards/ungoro/druid.py:57; existing_tests=none; prior=YELLOW:2 个机制缺少充分的核心效果验证；逐机制依据见 card_mechanism.csv。","Give a friendly minion +1/+1, then gain Armor equal to its Attack.",使一个友方随从获得+1/+1，然后获得等同于其攻击力的 护甲值。,fireplace/cards/ungoro/druid.py:57
17.6.0.53261,Journey to Un'Goro (UNGORO),UNG_109,Elder Longneck,年迈的长颈龙,Battlecry,GREEN,implemented,yes,逐卡实测：手牌持有5攻随从时年迈的长颈龙提供并完成进化选择；仅场上有高攻随从而手牌只有低攻随从时不触发进化。,tests/test_ungoro_card_local_fixes.py::test_elder_longneck_adapts_for_a_five_attack_minion_in_hand; tests/test_ungoro_card_local_fixes.py::test_elder_longneck_ignores_high_attack_minions_already_on_board,原始结论保留于known_issues_archive_2026-09-29/。 修复前错误检查场上而非手牌。,"Battlecry: If you're holding a minion with 5 or more Attack, Adapt.",战吼： 如果你的手牌中有攻击力大于或等于5的随从牌，便获得进化。,fireplace/cards/ungoro/druid.py:41
17.6.0.53261,Journey to Un'Goro (UNGORO),UNG_111,Living Mana,活体法力,Spell resolution|Summon|Transform|Trigger,GREEN,implemented,yes,休眠体占满场位时不损失水晶；开放场位按可用格数召唤树人，树人死亡归还水晶。,tests/test_retest_board_issues.py::test_ung_111_living_mana_preserves_crystals_when_dormant_board_is_full,本次代码重测；修复前颜色和原始失败证据见 known_issues_archive_2026-09-29/card_quality_full_2026-09-27/。 当前代码逐卡行为重测通过。,Transform your Mana Crystals into 2/2 Treants. Recover the mana when they die.,将你所有的法力水晶变成2/2的树人，当它们死亡时恢复你的法力值。,fireplace/cards/ungoro/druid.py:71
17.6.0.53261,Journey to Un'Goro (UNGORO),UNG_113,Bright-Eyed Scout,热情的探险家,Battlecry|Draw / Discard,GREEN,implemented,yes,本轮逐卡行为用例全部通过：battlecry_draws_and_sets_drawn_card_cost_to_five=drawn=CS2_231;cost_before=0;cost_after=5;zone=HAND;deck=0;scout=PLAY,card_mechanism.csv#UNG_113; generic-play-smoke:played; effect-evidence: reports/card_quality_full_2026-09-27/three_set_probe.csv#UNG_113::battlecry_draws_and_sets_drawn_card_cost_to_five; per-card: reports/card_quality_full_2026-09-27/three_set_probe.csv#UNG_113::battlecry_draws_and_sets_drawn_card_cost_to_five,聚合状态取该卡最差机制；普通烟测只证明可执行，不能单独构成 GREEN。 EN=Battlecry: Draw a card. Change its Cost to (5).; ZH=战吼：抽一张牌，使其法力值消耗变为（5）点。; source=fireplace/cards/ungoro/neutral_epic.py:48; existing_tests=none; prior=YELLOW:2 个机制缺少充分的核心效果验证；逐机制依据见 card_mechanism.csv。,Battlecry: Draw a card. Change its Cost to (5).,战吼：抽一张牌，使其法力值消耗变为（5）点。,fireplace/cards/ungoro/neutral_epic.py:48
17.6.0.53261,Journey to Un'Goro (UNGORO),UNG_116,Jungle Giants,丛林巨兽,Quest|Spell resolution|Summon,GREEN,implemented,yes,本轮逐卡行为用例全部通过：quest_requires_five_attack_summons_and_barnabus_sets_deck_minions_free=progress=5;below_threshold=4;reward=PLAY;deck_minion_cost=0;deck_size=1,card_mechanism.csv#UNG_116; generic-play-smoke:played; effect-evidence: reports/card_quality_full_2026-09-27/three_set_probe.csv#UNG_116::quest_requires_five_attack_summons_and_barnabus_sets_deck_minions_free; per-card: reports/card_quality_full_2026-09-27/three_set_probe.csv#UNG_116::quest_requires_five_attack_summons_and_barnabus_sets_deck_minions_free,聚合状态取该卡最差机制；普通烟测只证明可执行，不能单独构成 GREEN。 EN=[x]Quest: Summon 5 minions with 5 or more Attack. Reward: Barnabus.; ZH=任务：召唤5个攻击力大于或等于5的随从。 奖励：班纳布斯。; source=fireplace/cards/ungoro/druid.py:88; existing_tests=tests/test_controller.py:483:test_active_quests_are_public_but_opponent_secrets_stay_concealed | tests/test_controller.py:501:test_active_quests_are_public_but_opponent_secrets_stay_concealed | tests/test_ungoro.py:212:test_quest | tests/test_web_gui.py:292:test_opponent_quests_become_visible_above_hero_without_revealing_secret | tests/test_web_gui.py:309:test_opponent_quests_become_visible_above_hero_without_revealing_secret; prior=YELLOW:3 个机制缺少充分的核心效果验证；逐机制依据见 card_mechanism.csv。,[x]Quest: Summon 5 minions with 5 or more Attack. Reward: Barnabus.,任务：召唤5个攻击力大于或等于5的随从。 奖励：班纳布斯。,fireplace/cards/ungoro/druid.py:88
17.6.0.53261,Journey to Un'Goro (UNGORO),UNG_201,Primalfin Totem,蛮鱼图腾,Summon|Trigger,GREEN,implemented,yes,"本轮逐卡行为用例全部通过：end_of_owner_turn_summons_one_one_murloc_not_on_opponent_turn=totem=PLAY;after_first_owner_end=1;after_opponent_end=1;after_second_owner_end=2;tokens=[(1, 1, 'PLAY'), (1, 1, 'PLAY')]",card_mechanism.csv#UNG_201; generic-play-smoke:played; effect-evidence: reports/card_quality_full_2026-09-27/three_set_probe.csv#UNG_201::end_of_owner_turn_summons_one_one_murloc_not_on_opponent_turn; per-card: reports/card_quality_full_2026-09-27/three_set_probe.csv#UNG_201::end_of_owner_turn_summons_one_one_murloc_not_on_opponent_turn,"聚合状态取该卡最差机制；普通烟测只证明可执行，不能单独构成 GREEN。 EN=At the end of your turn, summon a 1/1 Murloc.; ZH=在你的回合结束时，召唤一个1/1的鱼人。; source=fireplace/cards/ungoro/shaman.py:8; existing_tests=none; prior=YELLOW:2 个机制缺少充分的核心效果验证；逐机制依据见 card_mechanism.csv。","At the end of your turn, summon a 1/1 Murloc.",在你的回合结束时，召唤一个1/1的鱼人。,fireplace/cards/ungoro/shaman.py:8
17.6.0.53261,Journey to Un'Goro (UNGORO),UNG_202,Fire Plume Harbinger,火羽先锋,Battlecry|Cost modification,GREEN,implemented,yes,"本轮逐卡行为用例全部通过：battlecry_reduces_elemental_hand_cards_by_one_only=before=(1, 7, 0);after=(0, 6, 0);elemental_flags=(True, True, False)",card_mechanism.csv#UNG_202; generic-play-smoke:played; effect-evidence: reports/card_quality_full_2026-09-27/three_set_probe.csv#UNG_202::battlecry_reduces_elemental_hand_cards_by_one_only; per-card: reports/card_quality_full_2026-09-27/three_set_probe.csv#UNG_202::battlecry_reduces_elemental_hand_cards_by_one_only,聚合状态取该卡最差机制；普通烟测只证明可执行，不能单独构成 GREEN。 EN=Battlecry: Reduce the Cost of Elementals in your hand by (1).; ZH=战吼：使你手牌中所有元素牌的法力值消耗减少（1）点。; source=fireplace/cards/ungoro/shaman.py:14; existing_tests=none; prior=YELLOW:2 个机制缺少充分的核心效果验证；逐机制依据见 card_mechanism.csv。,Battlecry: Reduce the Cost of Elementals in your hand by (1).,战吼：使你手牌中所有元素牌的法力值消耗减少（1）点。,fireplace/cards/ungoro/shaman.py:14
17.6.0.53261,Journey to Un'Goro (UNGORO),UNG_205,Glacial Shard,冰川裂片,Battlecry|Targeting,GREEN,implemented,yes,本轮逐卡行为用例全部通过：battlecry_freezes_only_selected_enemy_and_blocks_its_attack=target=CS2_182;frozen_on_play=True;opponent_turn_blocked=True;other_attackable=True;thawed=True;attackable_on_owner_turn=True;shard=PLAY,card_mechanism.csv#UNG_205; generic-play-smoke:played; effect-evidence: reports/card_quality_full_2026-09-27/three_set_probe.csv#UNG_205::battlecry_freezes_only_selected_enemy_and_blocks_its_attack; per-card: reports/card_quality_full_2026-09-27/three_set_probe.csv#UNG_205::battlecry_freezes_only_selected_enemy_and_blocks_its_attack,聚合状态取该卡最差机制；普通烟测只证明可执行，不能单独构成 GREEN。 EN=Battlecry: Freeze an enemy.; ZH=战吼： 冻结一个敌人。; source=fireplace/cards/ungoro/neutral_common.py:60; existing_tests=none; prior=YELLOW:2 个机制缺少充分的核心效果验证；逐机制依据见 card_mechanism.csv。,Battlecry: Freeze an enemy.,战吼： 冻结一个敌人。,fireplace/cards/ungoro/neutral_common.py:60
17.6.0.53261,Journey to Un'Goro (UNGORO),UNG_208,Stone Sentinel,岩石哨兵,Battlecry|Summon,GREEN,implemented,yes,"本轮逐卡行为用例全部通过：battlecry_summons_two_taunt_elementals_after_prior_turn_elemental_only=previous_turn=UNG_809;tokens=[(2, 3, 1, 'PLAY'), (2, 3, 1, 'PLAY')];same_turn_tokens=0;board=4",card_mechanism.csv#UNG_208; generic-play-smoke:played; effect-evidence: reports/card_quality_full_2026-09-27/three_set_probe.csv#UNG_208::battlecry_summons_two_taunt_elementals_after_prior_turn_elemental_only; per-card: reports/card_quality_full_2026-09-27/three_set_probe.csv#UNG_208::battlecry_summons_two_taunt_elementals_after_prior_turn_elemental_only,"聚合状态取该卡最差机制；普通烟测只证明可执行，不能单独构成 GREEN。 EN=Battlecry: If you played an Elemental last turn, summon two 2/3 Elementals with Taunt.; ZH=战吼：如果你在上个回合使用过元素牌，则召唤两个2/3并具有嘲讽的元素。; source=fireplace/cards/ungoro/shaman.py:20; existing_tests=none; prior=YELLOW:2 个机制缺少充分的核心效果验证；逐机制依据见 card_mechanism.csv。","Battlecry: If you played an Elemental last turn, summon two 2/3 Elementals with Taunt.",战吼：如果你在上个回合使用过元素牌，则召唤两个2/3并具有嘲讽的元素。,fireplace/cards/ungoro/shaman.py:20
17.6.0.53261,Journey to Un'Goro (UNGORO),UNG_211,"Kalimos, Primal Lord",荒蛮之主卡利莫斯,Battlecry,GREEN,implemented,yes,"本轮逐卡行为用例全部通过：battlecry_offers_all_four_invocations_only_after_previous_turn_elemental=UNG_211a:summons=5;UNG_211b:friendly_hero=30;UNG_211c:enemy_hero=24;UNG_211d:enemy_minions=[2, 2];same_turn_choice=None",card_mechanism.csv#UNG_211; generic-play-smoke:played; effect-evidence: reports/card_quality_full_2026-09-27/three_set_probe.csv#UNG_211::battlecry_offers_all_four_invocations_only_after_previous_turn_elemental; per-card: reports/card_quality_full_2026-09-27/three_set_probe.csv#UNG_211::battlecry_offers_all_four_invocations_only_after_previous_turn_elemental,"聚合状态取该卡最差机制；普通烟测只证明可执行，不能单独构成 GREEN。 EN=[x]Battlecry: If you played an Elemental last turn, cast an Elemental Invocation.; ZH=战吼：如果你在上个回合使用过元素牌，则施放一个元素祈咒。; source=fireplace/cards/ungoro/shaman.py:30; existing_tests=tests/test_ungoro.py:109:test_kalimos_primal_lord; prior=YELLOW:1 个机制缺少充分的核心效果验证；逐机制依据见 card_mechanism.csv。","[x]Battlecry: If you played an Elemental last turn, cast an Elemental Invocation.",战吼：如果你在上个回合使用过元素牌，则施放一个元素祈咒。,fireplace/cards/ungoro/shaman.py:30
17.6.0.53261,Journey to Un'Goro (UNGORO),UNG_800,Terrorscale Stalker,恐鳞追猎者,Battlecry|Targeting,GREEN,implemented,yes,本轮逐卡行为用例全部通过：battlecry_triggers_friendly_deathrattle_without_destroying_source=egg=PLAY;triggered_devil=UNG_083t1/5/5;stalker=PLAY;optional_no_target=PLAY,card_mechanism.csv#UNG_800; generic-play-smoke:played; effect-evidence: reports/card_quality_full_2026-09-27/three_set_probe.csv#UNG_800::battlecry_triggers_friendly_deathrattle_without_destroying_source; per-card: reports/card_quality_full_2026-09-27/three_set_probe.csv#UNG_800::battlecry_triggers_friendly_deathrattle_without_destroying_source,聚合状态取该卡最差机制；普通烟测只证明可执行，不能单独构成 GREEN。 EN=Battlecry: Trigger a friendly minion's Deathrattle.; ZH=战吼：触发一个友方随从的亡语。; source=fireplace/cards/ungoro/hunter.py:8; existing_tests=none; prior=YELLOW:2 个机制缺少充分的核心效果验证；逐机制依据见 card_mechanism.csv。,Battlecry: Trigger a friendly minion's Deathrattle.,战吼：触发一个友方随从的亡语。,fireplace/cards/ungoro/hunter.py:8
17.6.0.53261,Journey to Un'Goro (UNGORO),UNG_801,Nesting Roc,筑巢双头鹏,Battlecry,GREEN,implemented,yes,本轮逐卡行为用例全部通过：battlecry_taunt_threshold_counts_other_minions=one_other_taunt=False;two_other_taunt=True;boards=2/3,card_mechanism.csv#UNG_801; generic-play-smoke:played; effect-evidence: reports/card_quality_full_2026-09-27/three_set_probe.csv#UNG_801::battlecry_taunt_threshold_counts_other_minions; per-card: reports/card_quality_full_2026-09-27/three_set_probe.csv#UNG_801::battlecry_taunt_threshold_counts_other_minions,"聚合状态取该卡最差机制；普通烟测只证明可执行，不能单独构成 GREEN。 EN=Battlecry: If you control at least 2 other minions, gain Taunt.; ZH=战吼：如果你控制至少两个其他随从，便获得嘲讽。; source=fireplace/cards/ungoro/neutral_common.py:67; existing_tests=none; prior=YELLOW:1 个机制缺少充分的核心效果验证；逐机制依据见 card_mechanism.csv。","Battlecry: If you control at least 2 other minions, gain Taunt.",战吼：如果你控制至少两个其他随从，便获得嘲讽。,fireplace/cards/ungoro/neutral_common.py:67
17.6.0.53261,Journey to Un'Goro (UNGORO),UNG_803,Emerald Reaver,翡翠掠夺者,Battlecry,GREEN,implemented,yes,"本轮逐卡行为用例全部通过：battlecry_deals_one_damage_to_each_hero=heroes_before=(30, 30);after=(29, 29);reaver=PLAY",card_mechanism.csv#UNG_803; generic-play-smoke:played; effect-evidence: reports/card_quality_full_2026-09-27/three_set_probe.csv#UNG_803::battlecry_deals_one_damage_to_each_hero; per-card: reports/card_quality_full_2026-09-27/three_set_probe.csv#UNG_803::battlecry_deals_one_damage_to_each_hero,聚合状态取该卡最差机制；普通烟测只证明可执行，不能单独构成 GREEN。 EN=Battlecry: Deal 1 damage to each hero.; ZH=战吼：对每个英雄造成1点伤害。; source=fireplace/cards/ungoro/neutral_common.py:73; existing_tests=none; prior=YELLOW:1 个机制缺少充分的核心效果验证；逐机制依据见 card_mechanism.csv。,Battlecry: Deal 1 damage to each hero.,战吼：对每个英雄造成1点伤害。,fireplace/cards/ungoro/neutral_common.py:73
17.6.0.53261,Journey to Un'Goro (UNGORO),UNG_806,Ultrasaur,摩天龙,Vanilla,GREEN,implemented,yes,当前列出的机制均有对应场景的效果断言；结论限于已识别标签与复现范围。,card_mechanism.csv#UNG_806; generic-play-smoke:played; effect-evidence: reports/card_quality_full_2026-09-27/vanilla_runtime_probe.csv#entry_UNG_806,聚合状态取该卡最差机制；普通烟测只证明可执行，不能单独构成 GREEN。,,,
17.6.0.53261,Journey to Un'Goro (UNGORO),UNG_807,Golakka Crawler,葛拉卡爬行蟹,Battlecry|Targeting,GREEN,implemented,yes,逐卡实测：葛拉卡爬行蟹指定海盗后摧毁目标并精确获得+1/+1；无海盗时打出本体仍为2/3且非海盗不受影响。,tests/test_ungoro_card_local_fixes.py::test_golakka_crawler_destroys_targeted_pirate_and_gains_exactly_one_one; tests/test_ungoro_card_local_fixes.py::test_golakka_crawler_without_a_pirate_keeps_its_base_stats,原始结论保留于known_issues_archive_2026-09-29/。 修复前增益错误为+2/+2。,Battlecry: Destroy a Pirate and gain +1/+1.,战吼：消灭一个海盗，并获得+1/+1。,fireplace/cards/ungoro/neutral_rare.py:47
17.6.0.53261,Journey to Un'Goro (UNGORO),UNG_808,Stubborn Gastropod,倔强的蜗牛,Poisonous|Taunt,GREEN,implemented,yes,本轮逐卡行为用例全部通过：keywords_and_poisonous_combat_destroy_target=taunt=1;poisonous=1;combat_target=GRAVEYARD;gastropod=GRAVEYARD,card_mechanism.csv#UNG_808; generic-play-smoke:played; effect-evidence: reports/card_quality_full_2026-09-27/three_set_probe.csv#UNG_808::keywords_and_poisonous_combat_destroy_target; per-card: reports/card_quality_full_2026-09-27/three_set_probe.csv#UNG_808::keywords_and_poisonous_combat_destroy_target,聚合状态取该卡最差机制；普通烟测只证明可执行，不能单独构成 GREEN。 EN=Taunt   Poisonous; ZH=嘲讽 剧毒; source=fireplace/cards/CardDefs.xml#UNG_808; existing_tests=none; prior=YELLOW:2 个机制缺少充分的核心效果验证；逐机制依据见 card_mechanism.csv。,Taunt   Poisonous,嘲讽 剧毒,
17.6.0.53261,Journey to Un'Goro (UNGORO),UNG_809,Fire Fly,火羽精灵,Battlecry,GREEN,implemented,yes,本轮逐卡行为用例全部通过：battlecry_adds_one_one_two_elemental_to_hand=fly=PLAY;token=UNG_809t1/1/2/HAND;elemental=True,card_mechanism.csv#UNG_809; generic-play-smoke:played; effect-evidence: reports/card_quality_full_2026-09-27/three_set_probe.csv#UNG_809::battlecry_adds_one_one_two_elemental_to_hand; per-card: reports/card_quality_full_2026-09-27/three_set_probe.csv#UNG_809::battlecry_adds_one_one_two_elemental_to_hand,聚合状态取该卡最差机制；普通烟测只证明可执行，不能单独构成 GREEN。 EN=Battlecry: Add a 1/2 Elemental to your hand.; ZH=战吼：将一张1/2的元素牌置入你的手牌。; source=fireplace/cards/ungoro/neutral_common.py:79; existing_tests=tests/test_icecrown.py:120:test_frost_lich_jaina; prior=YELLOW:1 个机制缺少充分的核心效果验证；逐机制依据见 card_mechanism.csv。,Battlecry: Add a 1/2 Elemental to your hand.,战吼：将一张1/2的元素牌置入你的手牌。,fireplace/cards/ungoro/neutral_common.py:79
17.6.0.53261,Journey to Un'Goro (UNGORO),UNG_810,Stegodon,剑龙,Taunt,GREEN,implemented,yes,本轮逐卡行为用例全部通过：taunt_blocks_face_and_is_valid_combat_target=taunt=1;blocked_face=True;attacker_attackable_after_block=False;combat_steg=4;attacker=GRAVEYARD,card_mechanism.csv#UNG_810; generic-play-smoke:played; effect-evidence: reports/card_quality_full_2026-09-27/three_set_probe.csv#UNG_810::taunt_blocks_face_and_is_valid_combat_target; per-card: reports/card_quality_full_2026-09-27/three_set_probe.csv#UNG_810::taunt_blocks_face_and_is_valid_combat_target,聚合状态取该卡最差机制；普通烟测只证明可执行，不能单独构成 GREEN。 EN=Taunt; ZH=嘲讽; source=fireplace/cards/CardDefs.xml#UNG_810; existing_tests=none; prior=YELLOW:1 个机制缺少充分的核心效果验证；逐机制依据见 card_mechanism.csv。,Taunt,嘲讽,
17.6.0.53261,Journey to Un'Goro (UNGORO),UNG_812,Sabretooth Stalker,剑齿追猎者,Stealth,GREEN,implemented,yes,本轮逐卡行为用例全部通过：stealth_blocks_enemy_spell_until_after_attack=initial_stealth=True;rejected_spell_cost_unchanged=True;after_attack_stealth=False;hero_damage=8;post_attack_spell_targeted=1;spell=GRAVEYARD,card_mechanism.csv#UNG_812; generic-play-smoke:played; effect-evidence: reports/card_quality_full_2026-09-27/three_set_probe.csv#UNG_812::stealth_blocks_enemy_spell_until_after_attack; per-card: reports/card_quality_full_2026-09-27/three_set_probe.csv#UNG_812::stealth_blocks_enemy_spell_until_after_attack,聚合状态取该卡最差机制；普通烟测只证明可执行，不能单独构成 GREEN。 EN=Stealth; ZH=潜行; source=fireplace/cards/CardDefs.xml#UNG_812; existing_tests=none; prior=YELLOW:1 个机制缺少充分的核心效果验证；逐机制依据见 card_mechanism.csv。,Stealth,潜行,
17.6.0.53261,Journey to Un'Goro (UNGORO),UNG_813,Stormwatcher,风暴看守,Windfury,GREEN,implemented,yes,本轮逐卡行为用例全部通过：windfury_grants_two_attacks_per_turn=windfury=1;first_attack_health=26;second_attack_health=22;third_attack_available=False,card_mechanism.csv#UNG_813; generic-play-smoke:played; effect-evidence: reports/card_quality_full_2026-09-27/three_set_probe.csv#UNG_813::windfury_grants_two_attacks_per_turn; per-card: reports/card_quality_full_2026-09-27/three_set_probe.csv#UNG_813::windfury_grants_two_attacks_per_turn,聚合状态取该卡最差机制；普通烟测只证明可执行，不能单独构成 GREEN。 EN=Windfury; ZH=风怒; source=fireplace/cards/CardDefs.xml#UNG_813; existing_tests=none; prior=YELLOW:1 个机制缺少充分的核心效果验证；逐机制依据见 card_mechanism.csv。,Windfury,风怒,
17.6.0.53261,Journey to Un'Goro (UNGORO),UNG_814,Giant Wasp,巨型黄蜂,Poisonous|Stealth,GREEN,implemented,yes,本轮逐卡行为用例全部通过：stealth_poisonous_blocks_targeting_and_kills_combat_target=stealth=False;poisonous=1;invalid_target_no_cost=HAND/True;combat_target=GRAVEYARD;wasp=GRAVEYARD,card_mechanism.csv#UNG_814; generic-play-smoke:played; effect-evidence: reports/card_quality_full_2026-09-27/three_set_probe.csv#UNG_814::stealth_poisonous_blocks_targeting_and_kills_combat_target; per-card: reports/card_quality_full_2026-09-27/three_set_probe.csv#UNG_814::stealth_poisonous_blocks_targeting_and_kills_combat_target,聚合状态取该卡最差机制；普通烟测只证明可执行，不能单独构成 GREEN。 EN=Stealth  Poisonous; ZH=潜行 剧毒; source=fireplace/cards/CardDefs.xml#UNG_814; existing_tests=none; prior=YELLOW:2 个机制缺少充分的核心效果验证；逐机制依据见 card_mechanism.csv。,Stealth  Poisonous,潜行 剧毒,
17.6.0.53261,Journey to Un'Goro (UNGORO),UNG_816,Servant of Kalimos,卡利莫斯的仆从,Battlecry|Discover / Choice|Random effects,GREEN,implemented,yes,"本轮逐卡行为用例全部通过：battlecry_discovers_elemental_after_last_turn_elemental_only=prior_elemental=UNG_809;options=[('DAL_092', [18]), ('DAL_748', [18]), ('UNG_079', [18])];selected=DAL_092;same_turn_choice=None;same_turn_servant=PLAY",card_mechanism.csv#UNG_816; generic-play-smoke:played; effect-evidence: reports/card_quality_full_2026-09-27/three_set_probe.csv#UNG_816::battlecry_discovers_elemental_after_last_turn_elemental_only; per-card: reports/card_quality_full_2026-09-27/three_set_probe.csv#UNG_816::battlecry_discovers_elemental_after_last_turn_elemental_only,"聚合状态取该卡最差机制；普通烟测只证明可执行，不能单独构成 GREEN。 EN=[x]Battlecry: If you played an Elemental last turn,  Discover an Elemental.; ZH=战吼：如果你在上个回合使用过元素牌，则发现一张元素牌。; source=fireplace/cards/ungoro/neutral_rare.py:61; existing_tests=none; prior=YELLOW:3 个机制缺少充分的核心效果验证；逐机制依据见 card_mechanism.csv。","[x]Battlecry: If you played an Elemental last turn,  Discover an Elemental.",战吼：如果你在上个回合使用过元素牌，则发现一张元素牌。,fireplace/cards/ungoro/neutral_rare.py:61
17.6.0.53261,Journey to Un'Goro (UNGORO),UNG_817,Tidal Surge,海潮涌动,Spell resolution|Targeting,GREEN,implemented,yes,本轮逐卡行为用例全部通过：spell_deals_four_to_minion_and_restores_four_health=target_after=1/5;hero_before=25;hero_after=29;spell=GRAVEYARD,card_mechanism.csv#UNG_817; generic-play-smoke:played; effect-evidence: reports/card_quality_full_2026-09-27/three_set_probe.csv#UNG_817::spell_deals_four_to_minion_and_restores_four_health; per-card: reports/card_quality_full_2026-09-27/three_set_probe.csv#UNG_817::spell_deals_four_to_minion_and_restores_four_health,聚合状态取该卡最差机制；普通烟测只证明可执行，不能单独构成 GREEN。 EN=Deal $4 damage to a minion. Restore #4 Health to your hero.; ZH=对一个随从造成$4点伤害。为你的英雄恢复#4点生命值。; source=fireplace/cards/ungoro/shaman.py:73; existing_tests=none; prior=YELLOW:2 个机制缺少充分的核心效果验证；逐机制依据见 card_mechanism.csv。,Deal $4 damage to a minion. Restore #4 Health to your hero.,对一个随从造成$4点伤害。为你的英雄恢复#4点生命值。,fireplace/cards/ungoro/shaman.py:73
17.6.0.53261,Journey to Un'Goro (UNGORO),UNG_818,Volatile Elemental,不稳定的元素,Deathrattle|Random effects,GREEN,implemented,yes,"本轮逐卡行为用例全部通过：deathrattle_randomly_hits_one_enemy_minion_for_three=seeds=16;each_run_one_enemy_hit=3;different_random_targets=[0, 1];friendly_untouched=True",card_mechanism.csv#UNG_818; generic-play-smoke:played; effect-evidence: reports/card_quality_full_2026-09-27/three_set_probe.csv#UNG_818::deathrattle_randomly_hits_one_enemy_minion_for_three; per-card: reports/card_quality_full_2026-09-27/three_set_probe.csv#UNG_818::deathrattle_randomly_hits_one_enemy_minion_for_three,聚合状态取该卡最差机制；普通烟测只证明可执行，不能单独构成 GREEN。 EN=Deathrattle: Deal 3 damage to a random enemy minion.; ZH=亡语：随机对一个敌方随从造成3点伤害。; source=fireplace/cards/ungoro/neutral_common.py:85; existing_tests=none; prior=YELLOW:2 个机制缺少充分的核心效果验证；逐机制依据见 card_mechanism.csv。,Deathrattle: Deal 3 damage to a random enemy minion.,亡语：随机对一个敌方随从造成3点伤害。,fireplace/cards/ungoro/neutral_common.py:85
17.6.0.53261,Journey to Un'Goro (UNGORO),UNG_823,Envenom Weapon,浸毒武器,Spell resolution,GREEN,implemented,yes,本轮逐卡行为用例全部通过：spell_gives_equipped_weapon_poisonous_for_combat=weapon=CS2_106;poisonous=True;target=GRAVEYARD;durability=1;spell=GRAVEYARD,card_mechanism.csv#UNG_823; generic-play-smoke:unplayable_in_generic_setup; effect-evidence: reports/card_quality_full_2026-09-27/three_set_probe.csv#UNG_823::spell_gives_equipped_weapon_poisonous_for_combat; per-card: reports/card_quality_full_2026-09-27/three_set_probe.csv#UNG_823::spell_gives_equipped_weapon_poisonous_for_combat,聚合状态取该卡最差机制；普通烟测只证明可执行，不能单独构成 GREEN。 EN=Give your weapon Poisonous.; ZH=使你的武器获得剧毒。; source=fireplace/cards/ungoro/rogue.py:113; existing_tests=none; prior=YELLOW:1 个机制缺少充分的核心效果验证；逐机制依据见 card_mechanism.csv。,Give your weapon Poisonous.,使你的武器获得剧毒。,fireplace/cards/ungoro/rogue.py:113
17.6.0.53261,Journey to Un'Goro (UNGORO),UNG_829,Lakkari Sacrifice,拉卡利献祭,Draw / Discard|Quest|Spell resolution|Targeting,GREEN,implemented,yes,逐卡实测：三次真实双弃牌令拉卡利献祭进度依次为2、4、6；任务进入墓地且奖励入手；打出奖励后休眠传送门在己方回合结束召唤两只小鬼。,tests/test_ungoro_shared_red_fixes.py::test_lakkari_sacrifice_counts_six_real_discards_and_opens_portal,原始结论保留于known_issues_archive_2026-09-29/。 修复共享 Discard AFTER 事件广播；每张牌只计数一次。,[x]Quest: Discard 6 cards. Reward: Nether Portal.,任务：弃掉六张牌。 奖励：虚空传送门。,fireplace/cards/ungoro/warlock.py:58
17.6.0.53261,Journey to Un'Goro (UNGORO),UNG_830,Cruel Dinomancer,残暴的恐龙术士,Deathrattle|Random effects|Summon,GREEN,implemented,yes,逐卡实测：真实弃掉小精灵后残暴的恐龙术士死亡会召唤一只独立的1/1小精灵副本，弃牌原实体仍在移除区；没有弃掉随从时不会错误召唤。,tests/test_ungoro_shared_red_fixes.py::test_cruel_dinomancer_summons_a_copy_of_discarded_minion; tests/test_ungoro_shared_red_fixes.py::test_cruel_dinomancer_without_discarded_minion_summons_nothing,原始结论保留于known_issues_archive_2026-09-29/。 修复弃牌历史选择器可见性并使用副本；共享机制另经血腥女王兰娜瑟尔与灵魂守望者回归测试。,[x]Deathrattle: Summon a random minion you discarded this game.,亡语：随机召唤一个你在本局对战中弃掉的友方随从。,fireplace/cards/ungoro/warlock.py:25
17.6.0.53261,Journey to Un'Goro (UNGORO),UNG_831,Corrupting Mist,腐化迷雾,Spell resolution|Trigger,GREEN,implemented,yes,"本轮逐卡行为用例全部通过：spell_delays_destruction_until_next_own_turn_and_spares_later_minion=spell=GRAVEYARD;during_opponent_turn=['GRAVEYARD', 'GRAVEYARD', 'PLAY'];next_owner_begin=['GRAVEYARD', 'GRAVEYARD', 'PLAY'];late_minion_survives=True",card_mechanism.csv#UNG_831; generic-play-smoke:played; effect-evidence: reports/card_quality_full_2026-09-27/three_set_probe.csv#UNG_831::spell_delays_destruction_until_next_own_turn_and_spares_later_minion; per-card: reports/card_quality_full_2026-09-27/three_set_probe.csv#UNG_831::spell_delays_destruction_until_next_own_turn_and_spares_later_minion,聚合状态取该卡最差机制；普通烟测只证明可执行，不能单独构成 GREEN。 EN=Corrupt every minion. Destroy them at the start of your next turn.; ZH=腐蚀所有随从，在你的下个回合开始时将其消灭。; source=fireplace/cards/ungoro/warlock.py:78; existing_tests=tests/test_ungoro.py:122:test_corrupting_mist; prior=YELLOW:2 个机制缺少充分的核心效果验证；逐机制依据见 card_mechanism.csv。,Corrupt every minion. Destroy them at the start of your next turn.,腐蚀所有随从，在你的下个回合开始时将其消灭。,fireplace/cards/ungoro/warlock.py:78
17.6.0.53261,Journey to Un'Goro (UNGORO),UNG_832,Bloodbloom,血色绽放,Spell resolution,GREEN,implemented,yes,本轮逐卡行为用例全部通过：next_spell_pays_health_once_then_normal_mana_resumes=bloom=GRAVEYARD;first_spell_health_cost=4;health_after_first=21;mana_unchanged_first=True;second_spell_mana_cost=2;health_after_second=27;mana_after=4,card_mechanism.csv#UNG_832; generic-play-smoke:played; effect-evidence: reports/card_quality_full_2026-09-27/three_set_probe.csv#UNG_832::next_spell_pays_health_once_then_normal_mana_resumes; per-card: reports/card_quality_full_2026-09-27/three_set_probe.csv#UNG_832::next_spell_pays_health_once_then_normal_mana_resumes,聚合状态取该卡最差机制；普通烟测只证明可执行，不能单独构成 GREEN。 EN=The next spell you cast this turn costs Health instead of Mana.; ZH=在本回合中，你施放的下一个法术不再消耗法力值，转而消耗生命值。; source=fireplace/cards/ungoro/warlock.py:88; existing_tests=none; prior=YELLOW:1 个机制缺少充分的核心效果验证；逐机制依据见 card_mechanism.csv。,The next spell you cast this turn costs Health instead of Mana.,在本回合中，你施放的下一个法术不再消耗法力值，转而消耗生命值。,fireplace/cards/ungoro/warlock.py:88
17.6.0.53261,Journey to Un'Goro (UNGORO),UNG_833,Lakkari Felhound,拉卡利地狱犬,Battlecry|Draw / Discard|Random effects|Taunt,GREEN,implemented,yes,"本轮逐卡行为用例全部通过：battlecry_discards_two_random_hand_cards_and_keeps_taunt_body=seeds=24;sample=[(83301, ['CS2_029', 'CS2_089'], 'CS2_231'), (83302, ['CS2_089', 'CS2_231'], 'CS2_029'), (83303, ['CS2_089', 'CS2_231'], 'CS2_029'), (83304, ['CS2_029', 'CS2_089'], 'CS2_231'), (83305, ['CS2_089', 'CS2_231'], 'CS2_029')];survivor_ids=['CS2_029', 'CS2_089', 'CS2_231'];discarded_per_run=2;body=PLAY/Taunt",card_mechanism.csv#UNG_833; generic-play-smoke:played; effect-evidence: reports/card_quality_full_2026-09-27/three_set_probe.csv#UNG_833::battlecry_discards_two_random_hand_cards_and_keeps_taunt_body; per-card: reports/card_quality_full_2026-09-27/three_set_probe.csv#UNG_833::battlecry_discards_two_random_hand_cards_and_keeps_taunt_body,聚合状态取该卡最差机制；普通烟测只证明可执行，不能单独构成 GREEN。 EN=Taunt Battlecry: Discard two random cards.; ZH=嘲讽，战吼： 随机弃两张牌。; source=fireplace/cards/ungoro/warlock.py:31; existing_tests=none; prior=YELLOW:4 个机制缺少充分的核心效果验证；逐机制依据见 card_mechanism.csv。,Taunt Battlecry: Discard two random cards.,嘲讽，战吼： 随机弃两张牌。,fireplace/cards/ungoro/warlock.py:31
17.6.0.53261,Journey to Un'Goro (UNGORO),UNG_834,Feeding Time,喂食时间,Spell resolution|Summon|Targeting,GREEN,implemented,yes,"本轮逐卡行为用例全部通过：spell_deals_three_to_minion_and_summons_three_one_ones=nonlethal_target=2/5/PLAY;nonlethal_tokens=[('UNG_834t1', 1, 1), ('UNG_834t1', 1, 1), ('UNG_834t1', 1, 1)];lethal_target=GRAVEYARD;lethal_tokens=[('UNG_834t1', 1, 1, 'PLAY'), ('UNG_834t1', 1, 1, 'PLAY'), ('UNG_834t1', 1, 1, 'PLAY')]",card_mechanism.csv#UNG_834; generic-play-smoke:played; effect-evidence: reports/card_quality_full_2026-09-27/three_set_probe.csv#UNG_834::spell_deals_three_to_minion_and_summons_three_one_ones; per-card: reports/card_quality_full_2026-09-27/three_set_probe.csv#UNG_834::spell_deals_three_to_minion_and_summons_three_one_ones,聚合状态取该卡最差机制；普通烟测只证明可执行，不能单独构成 GREEN。 EN=Deal $3 damage to a minion. Summon three 1/1 Pterrordaxes.; ZH=对一个随从造成$3点伤害。召唤三个1/1的翼手龙。; source=fireplace/cards/ungoro/warlock.py:99; existing_tests=none; prior=YELLOW:3 个机制缺少充分的核心效果验证；逐机制依据见 card_mechanism.csv。,Deal $3 damage to a minion. Summon three 1/1 Pterrordaxes.,对一个随从造成$3点伤害。召唤三个1/1的翼手龙。,fireplace/cards/ungoro/warlock.py:99
17.6.0.53261,Journey to Un'Goro (UNGORO),UNG_835,Chittering Tunneler,聒噪的挖掘者,Battlecry|Discover / Choice|Random effects,GREEN,implemented,yes,本轮逐卡行为用例全部通过：battlecry_discovers_spell_and_deals_selected_spell_cost_to_hero=seed=83501;selected=EX1_320;cost=5;hero_health=25;hand=['EX1_320'];choice=None,card_mechanism.csv#UNG_835; generic-play-smoke:played; effect-evidence: reports/card_quality_full_2026-09-27/three_set_probe.csv#UNG_835::battlecry_discovers_spell_and_deals_selected_spell_cost_to_hero; per-card: reports/card_quality_full_2026-09-27/three_set_probe.csv#UNG_835::battlecry_discovers_spell_and_deals_selected_spell_cost_to_hero,聚合状态取该卡最差机制；普通烟测只证明可执行，不能单独构成 GREEN。 EN=Battlecry: Discover a spell. Deal damage to your hero equal to its Cost.; ZH=战吼： 发现一张法术牌。对你的英雄造成等同于其法力值消耗的伤害。; source=fireplace/cards/ungoro/warlock.py:37; existing_tests=none; prior=YELLOW:3 个机制缺少充分的核心效果验证；逐机制依据见 card_mechanism.csv。,Battlecry: Discover a spell. Deal damage to your hero equal to its Cost.,战吼： 发现一张法术牌。对你的英雄造成等同于其法力值消耗的伤害。,fireplace/cards/ungoro/warlock.py:37
17.6.0.53261,Journey to Un'Goro (UNGORO),UNG_836,Clutchmother Zavas,萨瓦丝女王,Draw / Discard|Trigger,GREEN,implemented,yes,"本轮逐卡行为用例全部通过：discard_trigger_returns_zavas_to_hand_and_stacks_plus_two_plus_two=after_each_discard=[(1, 'HAND', 4, 4, ['UNG_836e']), (2, 'HAND', 6, 6, ['UNG_836e', 'UNG_836e'])];final_hand=['UNG_836'];zavas=HAND/6/6",card_mechanism.csv#UNG_836; generic-play-smoke:played; effect-evidence: reports/card_quality_full_2026-09-27/three_set_probe.csv#UNG_836::discard_trigger_returns_zavas_to_hand_and_stacks_plus_two_plus_two; per-card: reports/card_quality_full_2026-09-27/three_set_probe.csv#UNG_836::discard_trigger_returns_zavas_to_hand_and_stacks_plus_two_plus_two,"聚合状态取该卡最差机制；普通烟测只证明可执行，不能单独构成 GREEN。 EN=Whenever you discard this, give it +2/+2 and return it to your hand.; ZH=每当你弃掉这张牌时，使其获得+2/+2，并重新置入你的手牌。; source=fireplace/cards/ungoro/warlock.py:45; existing_tests=tests/test_ungoro.py:203:test_clutchmother_zavas; prior=YELLOW:2 个机制缺少充分的核心效果验证；逐机制依据见 card_mechanism.csv。","Whenever you discard this, give it +2/+2 and return it to your hand.",每当你弃掉这张牌时，使其获得+2/+2，并重新置入你的手牌。,fireplace/cards/ungoro/warlock.py:45
17.6.0.53261,Journey to Un'Goro (UNGORO),UNG_838,Tar Lord,焦油兽王,Continuous effect / Update|Taunt,GREEN,implemented,yes,本轮逐卡行为用例全部通过：taunt_minion_gains_and_loses_four_attack_with_turn_owner=own_turn_attack=1;opponent_turn_attack=5;next_own_turn_attack=1;taunt=1,card_mechanism.csv#UNG_838; generic-play-smoke:played; effect-evidence: reports/card_quality_full_2026-09-27/three_set_probe.csv#UNG_838::taunt_minion_gains_and_loses_four_attack_with_turn_owner; per-card: reports/card_quality_full_2026-09-27/three_set_probe.csv#UNG_838::taunt_minion_gains_and_loses_four_attack_with_turn_owner,聚合状态取该卡最差机制；普通烟测只证明可执行，不能单独构成 GREEN。 EN=Taunt Has +4 Attack during your opponent’s turn.; ZH=嘲讽 在你对手的回合获得+4攻击力。; source=fireplace/cards/ungoro/warrior.py:8; existing_tests=none; prior=YELLOW:2 个机制缺少充分的核心效果验证；逐机制依据见 card_mechanism.csv。,Taunt Has +4 Attack during your opponent’s turn.,嘲讽 在你对手的回合获得+4攻击力。,fireplace/cards/ungoro/warrior.py:8
17.6.0.53261,Journey to Un'Goro (UNGORO),UNG_840,"Hemet, Jungle Hunter",“丛林猎人”赫米特,Battlecry,GREEN,implemented,yes,"本轮逐卡行为用例全部通过：battlecry_destroys_own_deck_cost_three_or_less_only=own_costs={'CS2_231': 0, 'CS2_024': 2, 'CS2_026': 3, 'CS2_029': 4, 'CS2_182': 4};own_deck_after=['CS2_182', 'CS2_029'];enemy_deck_unchanged=['CS2_029', 'CS2_231'];hemet=PLAY",card_mechanism.csv#UNG_840; generic-play-smoke:played; effect-evidence: reports/card_quality_full_2026-09-27/three_set_probe.csv#UNG_840::battlecry_destroys_own_deck_cost_three_or_less_only; per-card: reports/card_quality_full_2026-09-27/three_set_probe.csv#UNG_840::battlecry_destroys_own_deck_cost_three_or_less_only,聚合状态取该卡最差机制；普通烟测只证明可执行，不能单独构成 GREEN。 EN=Battlecry: Destroy all cards in your deck that cost (3) or less.; ZH=战吼： 摧毁你牌库中所有法力值消耗小于或等于（3）点的卡牌。; source=fireplace/cards/ungoro/neutral_legendary.py:8; existing_tests=none; prior=YELLOW:1 个机制缺少充分的核心效果验证；逐机制依据见 card_mechanism.csv。,Battlecry: Destroy all cards in your deck that cost (3) or less.,战吼： 摧毁你牌库中所有法力值消耗小于或等于（3）点的卡牌。,fireplace/cards/ungoro/neutral_legendary.py:8
17.6.0.53261,Journey to Un'Goro (UNGORO),UNG_843,The Voraxx,沃拉斯,Summon|Trigger,GREEN,implemented,yes,本轮逐卡行为用例全部通过：trigger_copies_targeted_spell_once_onto_new_plant_only=targeted_voraxx=7/7;copied_spell_plant=UNG_999t2t1/5/5;spell=GRAVEYARD;target_other_control=other_5/5;voraxx_unchanged=3/3;plants=0,card_mechanism.csv#UNG_843; generic-play-smoke:played; effect-evidence: reports/card_quality_full_2026-09-27/three_set_probe.csv#UNG_843::trigger_copies_targeted_spell_once_onto_new_plant_only; per-card: reports/card_quality_full_2026-09-27/three_set_probe.csv#UNG_843::trigger_copies_targeted_spell_once_onto_new_plant_only,"聚合状态取该卡最差机制；普通烟测只证明可执行，不能单独构成 GREEN。 EN=[x]After you cast a spell on this minion, summon a 1/1 Plant and cast another copy on it.; ZH=在你对该随从施放一个法术后，召唤一个1/1的植物，并对其施放相同的法术。; source=fireplace/cards/ungoro/neutral_legendary.py:14; existing_tests=tests/test_ungoro.py:173:test_the_voraxx; prior=YELLOW:2 个机制缺少充分的核心效果验证；逐机制依据见 card_mechanism.csv。","[x]After you cast a spell on this minion, summon a 1/1 Plant and cast another copy on it.",在你对该随从施放一个法术后，召唤一个1/1的植物，并对其施放相同的法术。,fireplace/cards/ungoro/neutral_legendary.py:14
17.6.0.53261,Journey to Un'Goro (UNGORO),UNG_844,Humongous Razorleaf,巨齿刀叶,Unclassified effect,GREEN,implemented,yes,本轮逐卡行为用例全部通过：cant_attack_persists_after_summoning_sickness_expires=after_summon_can_attack=False;controller_turn=True;after_ready_can_attack=False;attack_rejected=True;hero_health=30;razorleaf=PLAY;enemy=PLAY,card_mechanism.csv#UNG_844; generic-play-smoke:played; effect-evidence: reports/card_quality_full_2026-09-27/three_set_probe.csv#UNG_844::cant_attack_persists_after_summoning_sickness_expires; per-card: reports/card_quality_full_2026-09-27/three_set_probe.csv#UNG_844::cant_attack_persists_after_summoning_sickness_expires,聚合状态取该卡最差机制；普通烟测只证明可执行，不能单独构成 GREEN。 EN=Can't attack.; ZH=无法攻击。; source=fireplace/cards/CardDefs.xml#UNG_844; existing_tests=none; prior=YELLOW:1 个机制缺少充分的核心效果验证；逐机制依据见 card_mechanism.csv。,Can't attack.,无法攻击。,
17.6.0.53261,Journey to Un'Goro (UNGORO),UNG_845,Igneous Elemental,火岩元素,Deathrattle,GREEN,implemented,yes,"本轮逐卡行为用例全部通过：deathrattle_adds_two_elementals_and_silence_removes_trigger=deathrattle_minion=GRAVEYARD;added=[[('UNG_809t1', 1, 2, 'HAND'), ('UNG_809t1', 1, 2, 'HAND')]];silenced_source=GRAVEYARD;cards_after_silenced_death=[]",card_mechanism.csv#UNG_845; generic-play-smoke:played; effect-evidence: reports/card_quality_full_2026-09-27/three_set_probe.csv#UNG_845::deathrattle_adds_two_elementals_and_silence_removes_trigger; per-card: reports/card_quality_full_2026-09-27/three_set_probe.csv#UNG_845::deathrattle_adds_two_elementals_and_silence_removes_trigger,聚合状态取该卡最差机制；普通烟测只证明可执行，不能单独构成 GREEN。 EN=Deathrattle: Add two 1/2 Elementals to your hand.; ZH=亡语：将两张1/2的元素牌置入你的手牌。; source=fireplace/cards/ungoro/neutral_common.py:91; existing_tests=none; prior=YELLOW:1 个机制缺少充分的核心效果验证；逐机制依据见 card_mechanism.csv。,Deathrattle: Add two 1/2 Elementals to your hand.,亡语：将两张1/2的元素牌置入你的手牌。,fireplace/cards/ungoro/neutral_common.py:91
17.6.0.53261,Journey to Un'Goro (UNGORO),UNG_846,Shimmering Tempest,活体风暴,Deathrattle|Random effects,GREEN,implemented,yes,"本轮逐卡行为用例全部通过：deathrattle_adds_one_random_mage_spell_to_hand=seeds=24;sample=[(84601, 'BOT_600', 2), (84602, 'OG_086', 0), (84603, 'EX1_294', 3), (84604, 'EX1_287', 3), (84605, 'BOT_600', 2), (84606, 'ULD_726', 2)];distinct_mage_spells=['AT_002', 'AT_004', 'BOT_254', 'BOT_453', 'BOT_600', 'BT_291', 'CS2_022', 'CS2_023', 'CS2_026', 'CS2_028', 'DAL_577', 'DAL_578', 'DAL_608', 'EX1_180', 'EX1_287', 'EX1_294', 'GVG_001', 'GVG_003', 'ICC_836', 'LOE_002', 'OG_086', 'ULD_726', 'UNG_024'];each_death_added_one=True",card_mechanism.csv#UNG_846; generic-play-smoke:played; effect-evidence: reports/card_quality_full_2026-09-27/three_set_probe.csv#UNG_846::deathrattle_adds_one_random_mage_spell_to_hand; per-card: reports/card_quality_full_2026-09-27/three_set_probe.csv#UNG_846::deathrattle_adds_one_random_mage_spell_to_hand,聚合状态取该卡最差机制；普通烟测只证明可执行，不能单独构成 GREEN。 EN=Deathrattle: Add a random Mage spell to your hand.; ZH=亡语： 随机将一张法师法术牌置入你的手牌。; source=fireplace/cards/ungoro/mage.py:30; existing_tests=none; prior=YELLOW:2 个机制缺少充分的核心效果验证；逐机制依据见 card_mechanism.csv。,Deathrattle: Add a random Mage spell to your hand.,亡语： 随机将一张法师法术牌置入你的手牌。,fireplace/cards/ungoro/mage.py:30
17.6.0.53261,Journey to Un'Goro (UNGORO),UNG_847,Blazecaller,火焰使者,Battlecry|Targeting,GREEN,implemented,yes,逐卡实际对局断言通过：elemental_last_turn_deals_five=elemental=PLAY;target=7->2;target_zone=PLAY;blazecaller=PLAY;mana=3；no_elemental_last_turn_no_damage=elemental_last_turn=0;target=5->5;blazecaller=PLAY,card_mechanism.csv#UNG_847; generic-play-smoke:played; effect-evidence: reports/card_quality_full_2026-09-27/three_set_probe.csv#UNG_847::elemental_last_turn_deals_five; reports/card_quality_full_2026-09-27/three_set_probe.csv#UNG_847::no_elemental_last_turn_no_damage; per-card: reports/card_quality_full_2026-09-27/three_set_probe.csv#UNG_847::elemental_last_turn_deals_five; reports/card_quality_full_2026-09-27/three_set_probe.csv#UNG_847::no_elemental_last_turn_no_damage,"聚合状态取该卡最差机制；普通烟测只证明可执行，不能单独构成 GREEN。 EN=Battlecry: If you played an Elemental last turn, deal 5 damage.; ZH=战吼：如果你在上个回合使用过元素牌，则造成5点伤害。; source=fireplace/cards/ungoro/neutral_epic.py:59; existing_tests=tests/test_ungoro.py:274:test_blazecaller | tests/test_ungoro.py:277:test_blazecaller; previous_card_audit=2 个机制缺少充分的核心效果验证；逐机制依据见 card_mechanism.csv。; previous_mechanism_audit=存在定义或元数据候选；当前没有可复查的该机制核心效果断言。; prior_cross_card_issues=无; audit_scope=本轮实际运行断言。","Battlecry: If you played an Elemental last turn, deal 5 damage.",战吼：如果你在上个回合使用过元素牌，则造成5点伤害。,fireplace/cards/ungoro/neutral_epic.py:59
17.6.0.53261,Journey to Un'Goro (UNGORO),UNG_848,Primordial Drake,始生幼龙,Battlecry|Taunt,GREEN,implemented,yes,逐卡实测：始生幼龙战吼对敌我其他随从各造成2点伤害，自身生命不变且仍保有嘲讽。,tests/test_ungoro_card_local_fixes.py::test_primordial_drake_damages_every_other_minion_but_not_itself,原始结论保留于known_issues_archive_2026-09-29/。 修复前群体伤害包含自身。,[x]Taunt Battlecry: Deal 2 damage to all other minions.,嘲讽，战吼： 对所有其他随从造成2点伤害。,fireplace/cards/ungoro/neutral_epic.py:69
17.6.0.53261,Journey to Un'Goro (UNGORO),UNG_851,Elise the Trailblazer,“开拓者”伊莉斯,Battlecry,GREEN,implemented,yes,"逐卡实际对局断言通过：pack_shuffled_and_opened=elise=PLAY;pack=GRAVEYARD;generated=['UNG_103', 'UNG_948', 'UNG_001', 'UNG_001', 'UNG_021'];count_delta=5",card_mechanism.csv#UNG_851; generic-play-smoke:played; effect-evidence: reports/card_quality_full_2026-09-27/three_set_probe.csv#UNG_851::pack_shuffled_and_opened; per-card: reports/card_quality_full_2026-09-27/three_set_probe.csv#UNG_851::pack_shuffled_and_opened,聚合状态取该卡最差机制；普通烟测只证明可执行，不能单独构成 GREEN。 EN=Battlecry: Shuffle a sealed Un'Goro pack into your deck.; ZH=战吼： 将一张安戈洛卡牌包洗入你的牌库。; source=fireplace/cards/ungoro/neutral_legendary.py:22; existing_tests=无候选既有测试引用; previous_card_audit=1 个机制缺少充分的核心效果验证；逐机制依据见 card_mechanism.csv。; previous_mechanism_audit=存在定义或元数据候选；当前没有可复查的该机制核心效果断言。; prior_cross_card_issues=无; audit_scope=本轮实际运行断言。,Battlecry: Shuffle a sealed Un'Goro pack into your deck.,战吼： 将一张安戈洛卡牌包洗入你的牌库。,fireplace/cards/ungoro/neutral_legendary.py:22
17.6.0.53261,Journey to Un'Goro (UNGORO),UNG_852,Tyrantus,泰拉图斯,Untargetable,GREEN,implemented,yes,逐卡实际对局断言通过：spell_and_hero_power_untargetable=tyrantus_controller=Player2;spell_blocked=True;spell=HAND;hp_blocked=True;mana=10->10;zone=PLAY,card_mechanism.csv#UNG_852; generic-play-smoke:played; effect-evidence: reports/card_quality_full_2026-09-27/three_set_probe.csv#UNG_852::spell_and_hero_power_untargetable; per-card: reports/card_quality_full_2026-09-27/three_set_probe.csv#UNG_852::spell_and_hero_power_untargetable,聚合状态取该卡最差机制；普通烟测只证明可执行，不能单独构成 GREEN。 EN=Can't be targeted by spells or Hero Powers.; ZH=无法成为法术或英雄技能的目标。; source=未发现 Python 卡脚本; existing_tests=无候选既有测试引用; previous_card_audit=1 个机制缺少充分的核心效果验证；逐机制依据见 card_mechanism.csv。; previous_mechanism_audit=存在定义或元数据候选；当前没有可复查的该机制核心效果断言。; prior_cross_card_issues=无; audit_scope=本轮实际运行断言。,Can't be targeted by spells or Hero Powers.,无法成为法术或英雄技能的目标。,
17.6.0.53261,Journey to Un'Goro (UNGORO),UNG_854,Free From Amber,琥口脱险,Discover / Choice|Random effects|Spell resolution|Summon,GREEN,implemented,yes,"逐卡实际对局断言通过：discover_8_cost_minion_then_summon=offered=[('CFM_670', 'MINION', 9), ('LOOT_153', 'MINION', 8), ('BRM_027', 'MINION', 9)];selected=CFM_670;summoned=[('CFM_670', 'PLAY')];hand=[];choice=None;spell=GRAVEYARD",card_mechanism.csv#UNG_854; generic-play-smoke:played; effect-evidence: reports/card_quality_full_2026-09-27/three_set_probe.csv#UNG_854::discover_8_cost_minion_then_summon; per-card: reports/card_quality_full_2026-09-27/three_set_probe.csv#UNG_854::discover_8_cost_minion_then_summon,聚合状态取该卡最差机制；普通烟测只证明可执行，不能单独构成 GREEN。 EN=Discover a minion that costs (8) or more. Summon it.; ZH=发现一张法力值消耗大于或等于（8）点的随从牌，并召唤该随从。; source=fireplace/cards/ungoro/priest.py:134; existing_tests=无候选既有测试引用; previous_card_audit=4 个机制缺少充分的核心效果验证；逐机制依据见 card_mechanism.csv。; previous_mechanism_audit=存在定义或元数据候选；当前没有可复查的该机制核心效果断言。; prior_cross_card_issues=无; audit_scope=本轮实际运行断言。,Discover a minion that costs (8) or more. Summon it.,发现一张法力值消耗大于或等于（8）点的随从牌，并召唤该随从。,fireplace/cards/ungoro/priest.py:134
17.6.0.53261,Journey to Un'Goro (UNGORO),UNG_856,Hallucination,幻觉,Discover / Choice|Random effects|Spell resolution,GREEN,implemented,yes,逐卡实测：幻觉多组随机种子每次提供三张对手职业可收藏卡，实际候选包含非法术牌；选择后牌进入手牌且 Choice 清空。,tests/test_ungoro_card_local_fixes.py::test_hallucination_offers_collectible_cards_of_the_actual_opponent_class,原始结论保留于known_issues_archive_2026-09-29/。 修复前候选池只含对手职业法术。,Discover a card from your opponent's class.,发现一张你对手职业的卡牌。,fireplace/cards/ungoro/rogue.py:122
17.6.0.53261,Journey to Un'Goro (UNGORO),UNG_900,Spiritsinger Umbra,灵魂歌者安布拉,Summon|Trigger,GREEN,implemented,yes,"逐卡实际对局断言通过：summon_triggers_deathrattle=umbra=PLAY;igneous=PLAY;elemental_cards=[('UNG_809t1', 'HAND'), ('UNG_809t1', 'HAND')];field=['UNG_900', 'UNG_845']",card_mechanism.csv#UNG_900; generic-play-smoke:played; effect-evidence: reports/card_quality_full_2026-09-27/three_set_probe.csv#UNG_900::summon_triggers_deathrattle; per-card: reports/card_quality_full_2026-09-27/three_set_probe.csv#UNG_900::summon_triggers_deathrattle,"聚合状态取该卡最差机制；普通烟测只证明可执行，不能单独构成 GREEN。 EN=After you summon a minion, trigger its Deathrattle effect.; ZH=在你召唤一个随从后，触发其亡语。; source=fireplace/cards/ungoro/neutral_legendary.py:34; existing_tests=无候选既有测试引用; previous_card_audit=2 个机制缺少充分的核心效果验证；逐机制依据见 card_mechanism.csv。; previous_mechanism_audit=存在定义或元数据候选；当前没有可复查的该机制核心效果断言。; prior_cross_card_issues=无; audit_scope=本轮实际运行断言。","After you summon a minion, trigger its Deathrattle effect.",在你召唤一个随从后，触发其亡语。,fireplace/cards/ungoro/neutral_legendary.py:34
17.6.0.53261,Journey to Un'Goro (UNGORO),UNG_907,Ozruk,欧泽鲁克,Battlecry|Taunt,GREEN,implemented,yes,"逐卡实际对局断言通过：two_elementals_add_ten_health=elementals=['PLAY', 'PLAY'];ozruk=(5, 15, 15, 1);counter=2；no_elemental_keeps_base_health=elemental_last_turn=0;ozruk=(5, 5, 5, 1)",card_mechanism.csv#UNG_907; generic-play-smoke:played; effect-evidence: reports/card_quality_full_2026-09-27/three_set_probe.csv#UNG_907::two_elementals_add_ten_health; reports/card_quality_full_2026-09-27/three_set_probe.csv#UNG_907::no_elemental_keeps_base_health; per-card: reports/card_quality_full_2026-09-27/three_set_probe.csv#UNG_907::two_elementals_add_ten_health; reports/card_quality_full_2026-09-27/three_set_probe.csv#UNG_907::no_elemental_keeps_base_health,聚合状态取该卡最差机制；普通烟测只证明可执行，不能单独构成 GREEN。 EN=[x]Taunt Battlecry: Gain +5 Health for each Elemental you played last turn.; ZH=嘲讽，战吼：在上个回合，你每使用一张元素牌，便获得+5生命值。; source=fireplace/cards/ungoro/neutral_legendary.py:40; existing_tests=无候选既有测试引用; previous_card_audit=2 个机制缺少充分的核心效果验证；逐机制依据见 card_mechanism.csv。; previous_mechanism_audit=存在定义或元数据候选；当前没有可复查的该机制核心效果断言。; prior_cross_card_issues=无; audit_scope=本轮实际运行断言。,[x]Taunt Battlecry: Gain +5 Health for each Elemental you played last turn.,嘲讽，战吼：在上个回合，你每使用一张元素牌，便获得+5生命值。,fireplace/cards/ungoro/neutral_legendary.py:40
17.6.0.53261,Journey to Un'Goro (UNGORO),UNG_910,Grievous Bite,凶残撕咬,Spell resolution|Targeting,GREEN,implemented,yes,"逐卡实际对局断言通过：target_and_adjacent_zones=starting_max_damage_health=[(5, 0, 5), (5, 0, 5), (5, 0, 5), (5, 0, 5), (5, 0, 5)];direct_TARGET_ADJACENT=[('CS2_182', 11), ('CS2_182', 13)];expected_adjacent_ids=[('CS2_182', 11), ('CS2_182', 13)];after=[(5, 1, 4), (5, 2, 3), (5, 1, 4), (5, 0, 5), (5, 0, 5)];damage_deltas=[1, 2, 1, 0, 0];zones=['PLAY', 'PLAY', 'PLAY', 'PLAY', 'PLAY'];spell=GRAVEYARD",card_mechanism.csv#UNG_910; generic-play-smoke:played; effect-evidence: reports/card_quality_full_2026-09-27/three_set_probe.csv#UNG_910::target_and_adjacent_zones; per-card: reports/card_quality_full_2026-09-27/three_set_probe.csv#UNG_910::target_and_adjacent_zones,聚合状态取该卡最差机制；普通烟测只证明可执行，不能单独构成 GREEN。 EN=Deal $2 damage to a minion and $1 damage to adjacent ones.; ZH=对一个随从造成$2点伤害，并对其相邻的随从 造成$1点伤害。; source=fireplace/cards/ungoro/hunter.py:63; existing_tests=无候选既有测试引用; previous_card_audit=2 个机制缺少充分的核心效果验证；逐机制依据见 card_mechanism.csv。; previous_mechanism_audit=存在定义或元数据候选；当前没有可复查的该机制核心效果断言。 / 缺目标与非法自身目标均在付费/移区前被拒绝；合法目标效果仍需逐卡验证。; prior_cross_card_issues=无; audit_scope=本轮实际运行断言。,Deal $2 damage to a minion and $1 damage to adjacent ones.,对一个随从造成$2点伤害，并对其相邻的随从 造成$1点伤害。,fireplace/cards/ungoro/hunter.py:63
17.6.0.53261,Journey to Un'Goro (UNGORO),UNG_912,Jeweled Macaw,宝石鹦鹉,Battlecry|Random effects,GREEN,implemented,yes,"逐卡实际对局断言通过：random_beast_added_to_hand=macaw=PLAY;new_cards=[('UNG_925', ['BEAST'])];hand=['UNG_925']",card_mechanism.csv#UNG_912; generic-play-smoke:played; effect-evidence: reports/card_quality_full_2026-09-27/three_set_probe.csv#UNG_912::random_beast_added_to_hand; per-card: reports/card_quality_full_2026-09-27/three_set_probe.csv#UNG_912::random_beast_added_to_hand,聚合状态取该卡最差机制；普通烟测只证明可执行，不能单独构成 GREEN。 EN=Battlecry: Add a random Beast to your hand.; ZH=战吼：随机将一张野兽牌置入你的手牌。; source=fireplace/cards/ungoro/hunter.py:20; existing_tests=无候选既有测试引用; previous_card_audit=2 个机制缺少充分的核心效果验证；逐机制依据见 card_mechanism.csv。; previous_mechanism_audit=存在定义或元数据候选；当前没有可复查的该机制核心效果断言。; prior_cross_card_issues=无; audit_scope=本轮实际运行断言。,Battlecry: Add a random Beast to your hand.,战吼：随机将一张野兽牌置入你的手牌。,fireplace/cards/ungoro/hunter.py:20
17.6.0.53261,Journey to Un'Goro (UNGORO),UNG_913,Tol'vir Warden,托维尔守卫,Battlecry|Draw / Discard,GREEN,implemented,yes,"逐卡实际对局断言通过：draw_two_one_cost_minions=warden=PLAY;drawn=['UNG_809', 'CS2_171'];deck=['CS2_182']；draw_only_one_when_only_one_available=warden=PLAY;drawn=['UNG_809'];deck=['CS2_182'];health=30",card_mechanism.csv#UNG_913; generic-play-smoke:played; effect-evidence: reports/card_quality_full_2026-09-27/three_set_probe.csv#UNG_913::draw_two_one_cost_minions; reports/card_quality_full_2026-09-27/three_set_probe.csv#UNG_913::draw_only_one_when_only_one_available; per-card: reports/card_quality_full_2026-09-27/three_set_probe.csv#UNG_913::draw_two_one_cost_minions; reports/card_quality_full_2026-09-27/three_set_probe.csv#UNG_913::draw_only_one_when_only_one_available,聚合状态取该卡最差机制；普通烟测只证明可执行，不能单独构成 GREEN。 EN=Battlecry: Draw two 1-Cost minions from your deck.; ZH=战吼：从你的牌库中抽两张法力值消耗为（1）的随从牌。; source=fireplace/cards/ungoro/hunter.py:26; existing_tests=无候选既有测试引用; previous_card_audit=2 个机制缺少充分的核心效果验证；逐机制依据见 card_mechanism.csv。; previous_mechanism_audit=存在定义或元数据候选；当前没有可复查的该机制核心效果断言。; prior_cross_card_issues=无; audit_scope=本轮实际运行断言。,Battlecry: Draw two 1-Cost minions from your deck.,战吼：从你的牌库中抽两张法力值消耗为（1）的随从牌。,fireplace/cards/ungoro/hunter.py:26
17.6.0.53261,Journey to Un'Goro (UNGORO),UNG_914,Raptor Hatchling,迅猛龙宝宝,Deathrattle,GREEN,implemented,yes,"逐卡实际对局断言通过：deathrattle_shuffles_4_3=hatchling_stats=(2, 1, 1);hatchling_zone=GRAVEYARD;deck=['UNG_914t1', 'CS2_231'];raptor_stats=(4, 3);raptor_count=1",card_mechanism.csv#UNG_914; generic-play-smoke:played; effect-evidence: reports/card_quality_full_2026-09-27/three_set_probe.csv#UNG_914::deathrattle_shuffles_4_3; per-card: reports/card_quality_full_2026-09-27/three_set_probe.csv#UNG_914::deathrattle_shuffles_4_3,聚合状态取该卡最差机制；普通烟测只证明可执行，不能单独构成 GREEN。 EN=Deathrattle: Shuffle a 4/3 Raptor into your deck.; ZH=亡语：将一张4/3的“迅猛龙头领”洗入你的 牌库。; source=fireplace/cards/ungoro/hunter.py:32; existing_tests=无候选既有测试引用; previous_card_audit=1 个机制缺少充分的核心效果验证；逐机制依据见 card_mechanism.csv。; previous_mechanism_audit=存在效果脚本；烟测仅验证执行和基础状态，缺少充分逐卡效果断言。; prior_cross_card_issues=无; audit_scope=本轮实际运行断言。,Deathrattle: Shuffle a 4/3 Raptor into your deck.,亡语：将一张4/3的“迅猛龙头领”洗入你的 牌库。,fireplace/cards/ungoro/hunter.py:32
17.6.0.53261,Journey to Un'Goro (UNGORO),UNG_915,Crackling Razormaw,雷鸣刺喉龙,Battlecry|Targeting,GREEN,implemented,yes,"逐卡实际对局断言通过：adapt_beast_and_reject_nonbeast=offered=['UNG_999t14', 'UNG_999t2', 'UNG_999t10'];selected=UNG_999t14;beast=(1, 1, 1)->(2, 2, 2);buffs=['UNG_999t14e'];nonbeast=PLAY;rejected=True;invalid_card=HAND;mana=8->8",card_mechanism.csv#UNG_915; generic-play-smoke:played; effect-evidence: reports/card_quality_full_2026-09-27/three_set_probe.csv#UNG_915::adapt_beast_and_reject_nonbeast; per-card: reports/card_quality_full_2026-09-27/three_set_probe.csv#UNG_915::adapt_beast_and_reject_nonbeast,聚合状态取该卡最差机制；普通烟测只证明可执行，不能单独构成 GREEN。 EN=Battlecry: Adapt a friendly Beast.; ZH=战吼：进化一个友方野兽。; source=fireplace/cards/ungoro/hunter.py:38; existing_tests=无候选既有测试引用; previous_card_audit=2 个机制缺少充分的核心效果验证；逐机制依据见 card_mechanism.csv。; previous_mechanism_audit=存在定义或元数据候选；当前没有可复查的该机制核心效果断言。; prior_cross_card_issues=无; audit_scope=本轮实际运行断言。,Battlecry: Adapt a friendly Beast.,战吼：进化一个友方野兽。,fireplace/cards/ungoro/hunter.py:38
17.6.0.53261,Journey to Un'Goro (UNGORO),UNG_916,Stampede,奔踏,Random effects|Spell resolution,GREEN,implemented,yes,"逐卡实际对局断言通过：beast_play_triggers_this_turn_only=stampede=GRAVEYARD;first_beast_added=[('UNG_925', ['BEAST'])];nonbeast_added=[];next_turn_beast_added=[]",card_mechanism.csv#UNG_916; generic-play-smoke:played; effect-evidence: reports/card_quality_full_2026-09-27/three_set_probe.csv#UNG_916::beast_play_triggers_this_turn_only; per-card: reports/card_quality_full_2026-09-27/three_set_probe.csv#UNG_916::beast_play_triggers_this_turn_only,"聚合状态取该卡最差机制；普通烟测只证明可执行，不能单独构成 GREEN。 EN=Each time you play a Beast this turn, add a random Beast to your hand.; ZH=在本回合中，每当你使用一张野兽牌，随机将一张野兽牌置入你的手牌。; source=fireplace/cards/ungoro/hunter.py:70; existing_tests=无候选既有测试引用; previous_card_audit=2 个机制缺少充分的核心效果验证；逐机制依据见 card_mechanism.csv。; previous_mechanism_audit=存在定义或元数据候选；当前没有可复查的该机制核心效果断言。; prior_cross_card_issues=无; audit_scope=本轮实际运行断言。","Each time you play a Beast this turn, add a random Beast to your hand.",在本回合中，每当你使用一张野兽牌，随机将一张野兽牌置入你的手牌。,fireplace/cards/ungoro/hunter.py:70
17.6.0.53261,Journey to Un'Goro (UNGORO),UNG_917,Dinomancy,恐龙学,Spell resolution|Summon,GREEN,implemented,yes,"逐卡实际对局断言通过：hero_power_beast_only_plus_two_two=dinomancy=GRAVEYARD;power=UNG_917t1;rejected_nonbeast=True;mana=8->8->6;beast=(1, 1, 1)->(3, 3, 3);nonbeast=1/1",card_mechanism.csv#UNG_917; generic-play-smoke:played; effect-evidence: reports/card_quality_full_2026-09-27/three_set_probe.csv#UNG_917::hero_power_beast_only_plus_two_two; per-card: reports/card_quality_full_2026-09-27/three_set_probe.csv#UNG_917::hero_power_beast_only_plus_two_two,聚合状态取该卡最差机制；普通烟测只证明可执行，不能单独构成 GREEN。 EN=Your Hero Power becomes 'Give a Beast +2/+2.'; ZH=你的英雄技能变成“使一个野兽获得+2/+2”。; source=fireplace/cards/ungoro/hunter.py:80; existing_tests=无候选既有测试引用; previous_card_audit=2 个机制缺少充分的核心效果验证；逐机制依据见 card_mechanism.csv。; previous_mechanism_audit=存在定义或元数据候选；当前没有可复查的该机制核心效果断言。; prior_cross_card_issues=无; audit_scope=本轮实际运行断言。,Your Hero Power becomes 'Give a Beast +2/+2.',你的英雄技能变成“使一个野兽获得+2/+2”。,fireplace/cards/ungoro/hunter.py:80
17.6.0.53261,Journey to Un'Goro (UNGORO),UNG_919,Swamp King Dred,沼泽之王爵德,Trigger,GREEN,implemented,yes,逐卡实际对局断言通过：attacks_played_enemy_minion=dred=PLAY;dred_health=8/9;dred_exhausted=True;enemy_minion=GRAVEYARD;enemy_field=[]；frozen_dred_skips_attack=dred=PLAY;health_after_frostbolt=6;health_after_enemy_play=6;frozen=True;enemy_minion=PLAY;enemy_field=['CS2_231'],card_mechanism.csv#UNG_919; generic-play-smoke:played; effect-evidence: reports/card_quality_full_2026-09-27/three_set_probe.csv#UNG_919::attacks_played_enemy_minion; reports/card_quality_full_2026-09-27/three_set_probe.csv#UNG_919::frozen_dred_skips_attack; per-card: reports/card_quality_full_2026-09-27/three_set_probe.csv#UNG_919::attacks_played_enemy_minion; reports/card_quality_full_2026-09-27/three_set_probe.csv#UNG_919::frozen_dred_skips_attack,"聚合状态取该卡最差机制；普通烟测只证明可执行，不能单独构成 GREEN。 EN=After your opponent plays a minion, attack it.; ZH=在你的对手使用一张随从牌后，攻击该 随从。; source=fireplace/cards/ungoro/hunter.py:50; existing_tests=tests/test_ungoro.py:157:test_swamp_king_dred; previous_card_audit=1 个机制缺少充分的核心效果验证；逐机制依据见 card_mechanism.csv。; previous_mechanism_audit=存在定义或元数据候选；当前没有可复查的该机制核心效果断言。; prior_cross_card_issues=无; audit_scope=本轮实际运行断言。","After your opponent plays a minion, attack it.",在你的对手使用一张随从牌后，攻击该 随从。,fireplace/cards/ungoro/hunter.py:50
17.6.0.53261,Journey to Un'Goro (UNGORO),UNG_920,The Marsh Queen,湿地女王,Quest|Spell resolution,GREEN,implemented,yes,"逐卡实际对局断言通过：quest_seven_one_cost_minions_and_queen_shuffles_15=off_cost_minion_zone=GRAVEYARD;progress_after_off_cost=0;progress_after_six=6;progress_after_seventh=7;quest_zone=GRAVEYARD;seventh_played_and_counted=True;seventh_after_slot_release=HAND;reward_before_play=['UNG_920t1'];queen=PLAY;deck_count=15;raptors=15;raptor_zones=['DECK', 'DECK', 'DECK', 'DECK', 'DECK', 'DECK', 'DECK', 'DECK', 'DECK', 'DECK', 'DECK', 'DECK', 'DECK', 'DECK', 'DECK']",card_mechanism.csv#UNG_920; generic-play-smoke:played; effect-evidence: reports/card_quality_full_2026-09-27/three_set_probe.csv#UNG_920::quest_seven_one_cost_minions_and_queen_shuffles_15; per-card: reports/card_quality_full_2026-09-27/three_set_probe.csv#UNG_920::quest_seven_one_cost_minions_and_queen_shuffles_15,聚合状态取该卡最差机制；普通烟测只证明可执行，不能单独构成 GREEN。 EN=[x]Quest: Play seven 1-Cost minions. Reward: Queen Carnassa.; ZH=任务：使用七张法力值消耗为（1）的随从牌。 奖励：卡纳莎女王。; source=fireplace/cards/ungoro/hunter.py:97; existing_tests=无候选既有测试引用; previous_card_audit=2 个机制缺少充分的核心效果验证；逐机制依据见 card_mechanism.csv。; previous_mechanism_audit=存在定义或元数据候选；当前没有可复查的该机制核心效果断言。; prior_cross_card_issues=无; audit_scope=本轮实际运行断言。,[x]Quest: Play seven 1-Cost minions. Reward: Queen Carnassa.,任务：使用七张法力值消耗为（1）的随从牌。 奖励：卡纳莎女王。,fireplace/cards/ungoro/hunter.py:97
17.6.0.53261,Journey to Un'Goro (UNGORO),UNG_922,Explore Un'Goro,探索安戈洛,Discover / Choice|Spell resolution,GREEN,implemented,yes,"逐卡实际对局断言通过：replace_and_play_discover_deck=explore=GRAVEYARD;original_count=3;deck_after=['UNG_922t1', 'UNG_922t1', 'UNG_922t1'];drawn=UNG_922t1/GRAVEYARD;offered=['AT_129', 'NEW1_038', 'ULD_193'];selected=AT_129;choice=None;hand=['AT_129'];deck_remaining=['UNG_922t1', 'UNG_922t1']",card_mechanism.csv#UNG_922; generic-play-smoke:played; effect-evidence: reports/card_quality_full_2026-09-27/three_set_probe.csv#UNG_922::replace_and_play_discover_deck; per-card: reports/card_quality_full_2026-09-27/three_set_probe.csv#UNG_922::replace_and_play_discover_deck,"聚合状态取该卡最差机制；普通烟测只证明可执行，不能单独构成 GREEN。 EN=Replace your deck with copies of ""Discover a card.""; ZH=将你牌库里的所有卡牌替换成 “发现一张牌”。; source=fireplace/cards/ungoro/warrior.py:42; existing_tests=无候选既有测试引用; previous_card_audit=2 个机制缺少充分的核心效果验证；逐机制依据见 card_mechanism.csv。; previous_mechanism_audit=存在定义或元数据候选；当前没有可复查的该机制核心效果断言。; prior_cross_card_issues=无; audit_scope=本轮实际运行断言。","Replace your deck with copies of ""Discover a card.""",将你牌库里的所有卡牌替换成 “发现一张牌”。,fireplace/cards/ungoro/warrior.py:42
17.6.0.53261,Journey to Un'Goro (UNGORO),UNG_923,Iron Hide,铜皮铁甲,Spell resolution,GREEN,implemented,yes,逐卡实际对局断言通过：gain_five_armor=hero_health=30->30;armor=0->5;spell=GRAVEYARD,card_mechanism.csv#UNG_923; generic-play-smoke:played; effect-evidence: reports/card_quality_full_2026-09-27/three_set_probe.csv#UNG_923::gain_five_armor; per-card: reports/card_quality_full_2026-09-27/three_set_probe.csv#UNG_923::gain_five_armor,聚合状态取该卡最差机制；普通烟测只证明可执行，不能单独构成 GREEN。 EN=Gain 5 Armor.; ZH=获得5点护甲值。; source=fireplace/cards/ungoro/warrior.py:52; existing_tests=无候选既有测试引用; previous_card_audit=1 个机制缺少充分的核心效果验证；逐机制依据见 card_mechanism.csv。; previous_mechanism_audit=存在定义或元数据候选；当前没有可复查的该机制核心效果断言。; prior_cross_card_issues=无; audit_scope=本轮实际运行断言。,Gain 5 Armor.,获得5点护甲值。,fireplace/cards/ungoro/warrior.py:52
17.6.0.53261,Journey to Un'Goro (UNGORO),UNG_925,Ornery Direhorn,暴躁的恐角龙,Battlecry|Taunt,GREEN,implemented,yes,"逐卡实际对局断言通过：adapt_self_and_keep_taunt=offered=['UNG_999t14', 'UNG_999t2', 'UNG_999t10'];selected=UNG_999t14;direhorn=(6, 6, 6, 1);buffs=['UNG_999t14e'];choice=None",card_mechanism.csv#UNG_925; generic-play-smoke:played; effect-evidence: reports/card_quality_full_2026-09-27/three_set_probe.csv#UNG_925::adapt_self_and_keep_taunt; per-card: reports/card_quality_full_2026-09-27/three_set_probe.csv#UNG_925::adapt_self_and_keep_taunt,聚合状态取该卡最差机制；普通烟测只证明可执行，不能单独构成 GREEN。 EN=Taunt Battlecry: Adapt.; ZH=嘲讽，战吼：进化。; source=fireplace/cards/ungoro/warrior.py:14; existing_tests=无候选既有测试引用; previous_card_audit=2 个机制缺少充分的核心效果验证；逐机制依据见 card_mechanism.csv。; previous_mechanism_audit=存在定义或元数据候选；当前没有可复查的该机制核心效果断言。; prior_cross_card_issues=无; audit_scope=本轮实际运行断言。,Taunt Battlecry: Adapt.,嘲讽，战吼：进化。,fireplace/cards/ungoro/warrior.py:14
17.6.0.53261,Journey to Un'Goro (UNGORO),UNG_926,Cornered Sentry,身陷绝境的哨卫,Battlecry|Summon|Taunt,GREEN,implemented,yes,己方第七格打出仍给对手三只猛禽；对手满七格时不额外召唤。,tests/test_retest_board_issues.py::test_ung_926_cornered_sentry_summons_for_opponent_and_caps_at_seven,本次代码重测；修复前颜色和原始失败证据见 known_issues_archive_2026-09-29/card_quality_full_2026-09-27/。 当前代码逐卡行为重测通过。,Taunt. Battlecry: Summon three 1/1 Raptors for your opponent.,嘲讽，战吼： 为你的对手召唤三只1/1的迅猛龙。,fireplace/cards/ungoro/warrior.py:20
17.6.0.53261,Journey to Un'Goro (UNGORO),UNG_927,Sudden Genesis,基因转接,Spell resolution|Summon,GREEN,implemented,yes,"逐卡实际对局断言通过：copies_damaged_minions_only=originals_before=[('CS2_182', 4, 5, 1, 4, 'PLAY'), ('CS2_182', 4, 5, 2, 3, 'PLAY'), ('CS2_182', 4, 5, 0, 5, 'PLAY')];originals_after=[('CS2_182', 1, 4, 'PLAY'), ('CS2_182', 2, 3, 'PLAY'), ('CS2_182', 0, 5, 'PLAY')];copies=[('CS2_182', 4, 5, 1, 4, 'PLAY'), ('CS2_182', 4, 5, 2, 3, 'PLAY')];copy_matches_by_source=[(11, (1, 4, 5), [(18, 1, 4, 5)], True), (12, (2, 3, 5), [(19, 2, 3, 5)], True)];damaged_sources_copied_exactly=True;healthy_copy_count=0;spell=GRAVEYARD;field=['CS2_182', 'CS2_182', 'CS2_182', 'CS2_182', 'CS2_182']",card_mechanism.csv#UNG_927; generic-play-smoke:played; effect-evidence: reports/card_quality_full_2026-09-27/three_set_probe.csv#UNG_927::copies_damaged_minions_only; per-card: reports/card_quality_full_2026-09-27/three_set_probe.csv#UNG_927::copies_damaged_minions_only,聚合状态取该卡最差机制；普通烟测只证明可执行，不能单独构成 GREEN。 EN=Summon copies of your damaged minions.; ZH=复制所有受伤的友方随从。; source=fireplace/cards/ungoro/warrior.py:58; existing_tests=无候选既有测试引用; previous_card_audit=2 个机制缺少充分的核心效果验证；逐机制依据见 card_mechanism.csv。; previous_mechanism_audit=存在定义或元数据候选；当前没有可复查的该机制核心效果断言。; prior_cross_card_issues=无; audit_scope=本轮实际运行断言。,Summon copies of your damaged minions.,复制所有受伤的友方随从。,fireplace/cards/ungoro/warrior.py:58
17.6.0.53261,Journey to Un'Goro (UNGORO),UNG_928,Tar Creeper,焦油爬行者,Continuous effect / Update|Taunt,GREEN,implemented,yes,逐卡实际对局断言通过：attack_bonus_on_opponent_turn=attack_own=1;attack_opponent=3;attack_next_own=1;taunt=1;zone=PLAY,card_mechanism.csv#UNG_928; generic-play-smoke:played; effect-evidence: reports/card_quality_full_2026-09-27/three_set_probe.csv#UNG_928::attack_bonus_on_opponent_turn; per-card: reports/card_quality_full_2026-09-27/three_set_probe.csv#UNG_928::attack_bonus_on_opponent_turn,聚合状态取该卡最差机制；普通烟测只证明可执行，不能单独构成 GREEN。 EN=Taunt Has +2 Attack during your opponent's turn.; ZH=嘲讽 在你对手的回合获得+2攻击力。; source=fireplace/cards/ungoro/neutral_common.py:97; existing_tests=无候选既有测试引用; previous_card_audit=2 个机制缺少充分的核心效果验证；逐机制依据见 card_mechanism.csv。; previous_mechanism_audit=存在定义或元数据候选；当前没有可复查的该机制核心效果断言。; prior_cross_card_issues=无; audit_scope=本轮实际运行断言。,Taunt Has +2 Attack during your opponent's turn.,嘲讽 在你对手的回合获得+2攻击力。,fireplace/cards/ungoro/neutral_common.py:97
17.6.0.53261,Journey to Un'Goro (UNGORO),UNG_929,Molten Blade,熔岩之刃,Random effects|Transform|Trigger|Weapon,GREEN,implemented,yes,逐卡实际对局断言通过：transforms_each_own_turn_in_hand=starting=UNG_929;original_zone=SETASIDE;first=BT_271/WEAPON/entity12;second=GVG_024/WEAPON/entity14;hand=['GVG_024'],card_mechanism.csv#UNG_929; generic-play-smoke:played; effect-evidence: reports/card_quality_full_2026-09-27/three_set_probe.csv#UNG_929::transforms_each_own_turn_in_hand; per-card: reports/card_quality_full_2026-09-27/three_set_probe.csv#UNG_929::transforms_each_own_turn_in_hand,"聚合状态取该卡最差机制；普通烟测只证明可执行，不能单独构成 GREEN。 EN=Each turn this is in your hand, transform it into a new weapon.; ZH=如果这张牌在你的手牌中，每个回合都会变成一张新的武器牌。; source=fireplace/cards/ungoro/warrior.py:84; existing_tests=无候选既有测试引用; previous_card_audit=4 个机制缺少充分的核心效果验证；逐机制依据见 card_mechanism.csv。; previous_mechanism_audit=存在定义或元数据候选；当前没有可复查的该机制核心效果断言。; prior_cross_card_issues=无; audit_scope=本轮实际运行断言。","Each turn this is in your hand, transform it into a new weapon.",如果这张牌在你的手牌中，每个回合都会变成一张新的武器牌。,fireplace/cards/ungoro/warrior.py:84
17.6.0.53261,Journey to Un'Goro (UNGORO),UNG_933,King Mosh,暴龙之王摩什,Battlecry,GREEN,implemented,yes,"逐卡实际对局断言通过：destroy_damaged_minions_all_sides=mosh=PLAY;friendly_damaged=GRAVEYARD;enemy_damaged=GRAVEYARD;friendly_healthy=PLAY/5;enemy_healthy=PLAY/5;friendly_field=['CS2_182', 'UNG_933'];enemy_field=['CS2_182']",card_mechanism.csv#UNG_933; generic-play-smoke:played; effect-evidence: reports/card_quality_full_2026-09-27/three_set_probe.csv#UNG_933::destroy_damaged_minions_all_sides; per-card: reports/card_quality_full_2026-09-27/three_set_probe.csv#UNG_933::destroy_damaged_minions_all_sides,聚合状态取该卡最差机制；普通烟测只证明可执行，不能单独构成 GREEN。 EN=Battlecry: Destroy all damaged minions.; ZH=战吼：消灭所有受伤的随从。; source=fireplace/cards/ungoro/warrior.py:26; existing_tests=无候选既有测试引用; previous_card_audit=1 个机制缺少充分的核心效果验证；逐机制依据见 card_mechanism.csv。; previous_mechanism_audit=存在定义或元数据候选；当前没有可复查的该机制核心效果断言。; prior_cross_card_issues=无; audit_scope=本轮实际运行断言。,Battlecry: Destroy all damaged minions.,战吼：消灭所有受伤的随从。,fireplace/cards/ungoro/warrior.py:26
17.6.0.53261,Journey to Un'Goro (UNGORO),UNG_934,Fire Plume's Heart,火羽之心,Quest|Spell resolution,GREEN,implemented,yes,"逐卡实际对局断言通过：quest_seven_taunt_minions_and_sulfuras_power=non_taunt_progress=0;progress_six=6;quest_progress=7;quest_zone=GRAVEYARD;seventh=PLAY;reward_ids=['CS2_171', 'UNG_928', 'UNG_928', 'UNG_928', 'UNG_928', 'UNG_928', 'UNG_928'];sulfuras=('UNG_934t1', 'PLAY');weapon=('UNG_934t1', 4, 2);hero_power=UNG_934t2;power_used=True;enemy_hero_health=30->22",card_mechanism.csv#UNG_934; generic-play-smoke:played; effect-evidence: reports/card_quality_full_2026-09-27/three_set_probe.csv#UNG_934::quest_seven_taunt_minions_and_sulfuras_power; per-card: reports/card_quality_full_2026-09-27/three_set_probe.csv#UNG_934::quest_seven_taunt_minions_and_sulfuras_power,聚合状态取该卡最差机制；普通烟测只证明可执行，不能单独构成 GREEN。 EN=[x]Quest: Play 7 Taunt minions. Reward: Sulfuras.; ZH=任务：使用七张具有嘲讽的随从牌。 奖励：萨弗拉斯。; source=fireplace/cards/ungoro/warrior.py:64; existing_tests=无候选既有测试引用; previous_card_audit=2 个机制缺少充分的核心效果验证；逐机制依据见 card_mechanism.csv。; previous_mechanism_audit=存在定义或元数据候选；当前没有可复查的该机制核心效果断言。; prior_cross_card_issues=无; audit_scope=本轮实际运行断言。,[x]Quest: Play 7 Taunt minions. Reward: Sulfuras.,任务：使用七张具有嘲讽的随从牌。 奖励：萨弗拉斯。,fireplace/cards/ungoro/warrior.py:64
17.6.0.53261,Journey to Un'Goro (UNGORO),UNG_937,Primalfin Lookout,蛮鱼斥候,Battlecry|Discover / Choice|Random effects,GREEN,implemented,yes,"逐卡实际对局断言通过：conditional_murloc_discover=positive=murloc:PLAY;lookout:PLAY;offered=[('ICC_058', ['MURLOC']), ('ULD_723', ['MURLOC']), ('TRL_520', ['MURLOC'])];selected=ICC_058;choice=None;hand=['ICC_058'];negative=lookout:PLAY;choice:None;hand:[]",card_mechanism.csv#UNG_937; generic-play-smoke:played; effect-evidence: reports/card_quality_full_2026-09-27/three_set_probe.csv#UNG_937::conditional_murloc_discover; per-card: reports/card_quality_full_2026-09-27/three_set_probe.csv#UNG_937::conditional_murloc_discover,"聚合状态取该卡最差机制；普通烟测只证明可执行，不能单独构成 GREEN。 EN=Battlecry: If you control another Murloc, Discover a Murloc.; ZH=战吼：如果你控制其他任何鱼人，则发现一张鱼人牌。; source=fireplace/cards/ungoro/neutral_common.py:103; existing_tests=无候选既有测试引用; previous_card_audit=3 个机制缺少充分的核心效果验证；逐机制依据见 card_mechanism.csv。; previous_mechanism_audit=存在定义或元数据候选；当前没有可复查的该机制核心效果断言。; prior_cross_card_issues=无; audit_scope=本轮实际运行断言。","Battlecry: If you control another Murloc, Discover a Murloc.",战吼：如果你控制其他任何鱼人，则发现一张鱼人牌。,fireplace/cards/ungoro/neutral_common.py:103
17.6.0.53261,Journey to Un'Goro (UNGORO),UNG_938,Hot Spring Guardian,温泉守卫,Battlecry|Targeting|Taunt,GREEN,implemented,yes,"逐卡实际对局断言通过：restore_three_to_target=target_health=(4, 5)->(5, 5);guardian=(2, 4, 1);target_zone=PLAY",card_mechanism.csv#UNG_938; generic-play-smoke:played; effect-evidence: reports/card_quality_full_2026-09-27/three_set_probe.csv#UNG_938::restore_three_to_target; per-card: reports/card_quality_full_2026-09-27/three_set_probe.csv#UNG_938::restore_three_to_target,聚合状态取该卡最差机制；普通烟测只证明可执行，不能单独构成 GREEN。 EN=Taunt Battlecry: Restore #3 Health.; ZH=嘲讽，战吼： 恢复#3点生命值。; source=fireplace/cards/ungoro/shaman.py:54; existing_tests=无候选既有测试引用; previous_card_audit=3 个机制缺少充分的核心效果验证；逐机制依据见 card_mechanism.csv。; previous_mechanism_audit=存在定义或元数据候选；当前没有可复查的该机制核心效果断言。 / 缺目标与非法自身目标均在付费/移区前被拒绝；合法目标效果仍需逐卡验证。; prior_cross_card_issues=无; audit_scope=本轮实际运行断言。,Taunt Battlecry: Restore #3 Health.,嘲讽，战吼： 恢复#3点生命值。,fireplace/cards/ungoro/shaman.py:54
17.6.0.53261,Journey to Un'Goro (UNGORO),UNG_940,Awaken the Makers,唤醒造物者,Quest|Spell resolution|Summon,GREEN,implemented,yes,"逐卡实际对局断言通过：quest_seven_deathrattle_summons_and_amara=non_dr_progress=0;progress_six=6;quest_progress=7;quest_zone=GRAVEYARD;reward_before_seventh=False;amara=(40, 40, 'PLAY');hero=(40, 40);seventh=GRAVEYARD",card_mechanism.csv#UNG_940; generic-play-smoke:played; effect-evidence: reports/card_quality_full_2026-09-27/three_set_probe.csv#UNG_940::quest_seven_deathrattle_summons_and_amara; per-card: reports/card_quality_full_2026-09-27/three_set_probe.csv#UNG_940::quest_seven_deathrattle_summons_and_amara,"聚合状态取该卡最差机制；普通烟测只证明可执行，不能单独构成 GREEN。 EN=Quest: Summon 7 Deathrattle minions. Reward: Amara, Warden of Hope.; ZH=任务：召唤7个具有亡语的随从。 奖励：希望守护者阿玛拉。; source=fireplace/cards/ungoro/priest.py:147; existing_tests=无候选既有测试引用; previous_card_audit=3 个机制缺少充分的核心效果验证；逐机制依据见 card_mechanism.csv。; previous_mechanism_audit=存在定义或元数据候选；当前没有可复查的该机制核心效果断言。; prior_cross_card_issues=无; audit_scope=本轮实际运行断言。","Quest: Summon 7 Deathrattle minions. Reward: Amara, Warden of Hope.",任务：召唤7个具有亡语的随从。 奖励：希望守护者阿玛拉。,fireplace/cards/ungoro/priest.py:147
17.6.0.53261,Journey to Un'Goro (UNGORO),UNG_941,Primordial Glyph,远古雕文,Discover / Choice|Random effects|Spell resolution,GREEN,implemented,yes,"逐卡实际对局断言通过：discover_spell_reduce_cost_two=offered=[('BT_002', 'SPELL', 2), ('GIL_548', 'SPELL', 2), ('BOT_254', 'SPELL', 3)];selected=BT_002;base_cost=2;discounted_cost=0;choice=None;hand=['BT_002'];glyph=GRAVEYARD",card_mechanism.csv#UNG_941; generic-play-smoke:played; effect-evidence: reports/card_quality_full_2026-09-27/three_set_probe.csv#UNG_941::discover_spell_reduce_cost_two; per-card: reports/card_quality_full_2026-09-27/three_set_probe.csv#UNG_941::discover_spell_reduce_cost_two,聚合状态取该卡最差机制；普通烟测只证明可执行，不能单独构成 GREEN。 EN=Discover a spell. Reduce its Cost by (2).; ZH=发现一张法术牌，使其法力值消耗减少（2）点。; source=fireplace/cards/ungoro/mage.py:79; existing_tests=无候选既有测试引用; previous_card_audit=3 个机制缺少充分的核心效果验证；逐机制依据见 card_mechanism.csv。; previous_mechanism_audit=存在定义或元数据候选；当前没有可复查的该机制核心效果断言。; prior_cross_card_issues=无; audit_scope=本轮实际运行断言。,Discover a spell. Reduce its Cost by (2).,发现一张法术牌，使其法力值消耗减少（2）点。,fireplace/cards/ungoro/mage.py:79
17.6.0.53261,Journey to Un'Goro (UNGORO),UNG_942,Unite the Murlocs,鱼人总动员,Quest|Spell resolution|Summon,GREEN,implemented,yes,"逐卡实际对局断言通过：quest_ten_murloc_summons_and_megafin=nonmurloc_progress=0;progress_nine=9;quest_progress=10;quest_zone=GRAVEYARD;reward_before_tenth=False;reward_result=(10, [('CFM_344', True), ('GIL_678', True), ('BT_010', True), ('UNG_953', True), ('GIL_678', True), ('EX1_506', True), ('DRG_072', True), ('DRG_072', True), ('GVG_064', True), ('LOEA10_3', True)]);tenth=GRAVEYARD",card_mechanism.csv#UNG_942; generic-play-smoke:played; effect-evidence: reports/card_quality_full_2026-09-27/three_set_probe.csv#UNG_942::quest_ten_murloc_summons_and_megafin; per-card: reports/card_quality_full_2026-09-27/three_set_probe.csv#UNG_942::quest_ten_murloc_summons_and_megafin,聚合状态取该卡最差机制；普通烟测只证明可执行，不能单独构成 GREEN。 EN=[x]Quest: Summon 10 Murlocs. Reward: Megafin.; ZH=任务：召唤10个鱼人。 奖励：老鲨嘴。; source=fireplace/cards/ungoro/shaman.py:83; existing_tests=无候选既有测试引用; previous_card_audit=3 个机制缺少充分的核心效果验证；逐机制依据见 card_mechanism.csv。; previous_mechanism_audit=存在定义或元数据候选；当前没有可复查的该机制核心效果断言。; prior_cross_card_issues=无; audit_scope=本轮实际运行断言。,[x]Quest: Summon 10 Murlocs. Reward: Megafin.,任务：召唤10个鱼人。 奖励：老鲨嘴。,fireplace/cards/ungoro/shaman.py:83
17.6.0.53261,Journey to Un'Goro (UNGORO),UNG_946,Gluttonous Ooze,贪食软泥怪,Battlecry|Targeting,GREEN,implemented,yes,逐卡实际对局断言通过：destroy_enemy_weapon_gain_attack_armor=own_weapon=CS2_091/1/PLAY;enemy_weapon=CS2_106/3/GRAVEYARD;enemy_weapon_live=None;enemy_attack=3;armor=0->3;ooze=PLAY；no_enemy_weapon_no_armor=enemy_weapon=None;armor=0->0;ooze=PLAY,card_mechanism.csv#UNG_946; generic-play-smoke:played; effect-evidence: reports/card_quality_full_2026-09-27/three_set_probe.csv#UNG_946::destroy_enemy_weapon_gain_attack_armor; reports/card_quality_full_2026-09-27/three_set_probe.csv#UNG_946::no_enemy_weapon_no_armor; per-card: reports/card_quality_full_2026-09-27/three_set_probe.csv#UNG_946::destroy_enemy_weapon_gain_attack_armor; reports/card_quality_full_2026-09-27/three_set_probe.csv#UNG_946::no_enemy_weapon_no_armor,聚合状态取该卡最差机制；普通烟测只证明可执行，不能单独构成 GREEN。 EN=Battlecry: Destroy your opponent's weapon and gain Armor equal to its Attack.; ZH=战吼：摧毁对手的武器，并获得等同于其攻击力的护甲值。; source=fireplace/cards/ungoro/neutral_epic.py:75; existing_tests=无候选既有测试引用; previous_card_audit=2 个机制缺少充分的核心效果验证；逐机制依据见 card_mechanism.csv。; previous_mechanism_audit=存在定义或元数据候选；当前没有可复查的该机制核心效果断言。; prior_cross_card_issues=无; audit_scope=本轮实际运行断言。,Battlecry: Destroy your opponent's weapon and gain Armor equal to its Attack.,战吼：摧毁对手的武器，并获得等同于其攻击力的护甲值。,fireplace/cards/ungoro/neutral_epic.py:75
17.6.0.53261,Journey to Un'Goro (UNGORO),UNG_948,Molten Reflection,熔岩镜像,Spell resolution|Summon|Targeting,GREEN,implemented,yes,"逐卡实际对局断言通过：copies_friendly_target_only=target_before=('CS2_182', 4, 5, 5, 0);copies=[('CS2_182', 4, 5, 5, 0, 'PLAY')];reflection=GRAVEYARD;foe=PLAY;invalid_rejected=True;invalid_zone=HAND;mana=6->6",card_mechanism.csv#UNG_948; generic-play-smoke:played; effect-evidence: reports/card_quality_full_2026-09-27/three_set_probe.csv#UNG_948::copies_friendly_target_only; per-card: reports/card_quality_full_2026-09-27/three_set_probe.csv#UNG_948::copies_friendly_target_only,聚合状态取该卡最差机制；普通烟测只证明可执行，不能单独构成 GREEN。 EN=Choose a friendly minion. Summon a copy of it.; ZH=选择一个友方随从，召唤一个该随从的复制。; source=fireplace/cards/ungoro/mage.py:92; existing_tests=tests/test_ungoro.py:283:test_molten_reflection; previous_card_audit=3 个机制缺少充分的核心效果验证；逐机制依据见 card_mechanism.csv。; previous_mechanism_audit=存在定义或元数据候选；当前没有可复查的该机制核心效果断言。 / 缺目标与非法自身目标均在付费/移区前被拒绝；合法目标效果仍需逐卡验证。; prior_cross_card_issues=无; audit_scope=本轮实际运行断言。,Choose a friendly minion. Summon a copy of it.,选择一个友方随从，召唤一个该随从的复制。,fireplace/cards/ungoro/mage.py:92
17.6.0.53261,Journey to Un'Goro (UNGORO),UNG_950,Vinecleaver,斩棘刀,Summon|Trigger|Weapon,GREEN,implemented,yes,"逐卡实际对局断言通过：recruits_after_hero_attack=weapon=PLAY;weapon_durability=3->2;hero_attack=4;enemy=5->1/5;recruits=[('CS2_101t', 1, 1, 'PLAY'), ('CS2_101t', 1, 1, 'PLAY')]",card_mechanism.csv#UNG_950; generic-play-smoke:played; effect-evidence: reports/card_quality_full_2026-09-27/three_set_probe.csv#UNG_950::recruits_after_hero_attack; per-card: reports/card_quality_full_2026-09-27/three_set_probe.csv#UNG_950::recruits_after_hero_attack,"聚合状态取该卡最差机制；普通烟测只证明可执行，不能单独构成 GREEN。 EN=[x]After your hero attacks, summon two 1/1 Silver Hand Recruits.; ZH=在你的英雄攻击后，召唤两个1/1的白银之手 新兵。; source=fireplace/cards/ungoro/paladin.py:114; existing_tests=无候选既有测试引用; previous_card_audit=3 个机制缺少充分的核心效果验证；逐机制依据见 card_mechanism.csv。; previous_mechanism_audit=存在定义或元数据候选；当前没有可复查的该机制核心效果断言。; prior_cross_card_issues=无; audit_scope=本轮实际运行断言。","[x]After your hero attacks, summon two 1/1 Silver Hand Recruits.",在你的英雄攻击后，召唤两个1/1的白银之手 新兵。,fireplace/cards/ungoro/paladin.py:114
17.6.0.53261,Journey to Un'Goro (UNGORO),UNG_952,Spikeridged Steed,剑龙骑术,Spell resolution|Summon|Targeting|Trigger,GREEN,implemented,yes,"逐卡实际对局断言通过：buff_taunt_and_deathrattle_stegodon=spell=GRAVEYARD;buffed=(3, 7, 7, True, True);after_fireball=(1, 'PLAY');target=GRAVEYARD;stegodons=[('UNG_810', 2, 6, 6, 1, 'PLAY')]",card_mechanism.csv#UNG_952; generic-play-smoke:played; effect-evidence: reports/card_quality_full_2026-09-27/three_set_probe.csv#UNG_952::buff_taunt_and_deathrattle_stegodon; per-card: reports/card_quality_full_2026-09-27/three_set_probe.csv#UNG_952::buff_taunt_and_deathrattle_stegodon,"聚合状态取该卡最差机制；普通烟测只证明可执行，不能单独构成 GREEN。 EN=Give a minion +2/+6 and Taunt. When it dies, summon a Stegodon.; ZH=使一个随从获得+2/+6和嘲讽。当该随从死亡时，召唤一个剑龙。; source=fireplace/cards/ungoro/paladin.py:60; existing_tests=tests/test_controller.py:287:test_observation_records_active_buff_and_deathrattle_source_without_hidden_cards | tests/test_controller.py:300:test_observation_records_active_buff_and_deathrattle_source_without_hidden_cards | tests/test_web_gui.py:119:test_modifier_details_are_localized_and_hidden_sources_stay_private | tests/test_web_gui.py:107:test_modifier_details_are_localized_and_hidden_sources_stay_private; previous_card_audit=4 个机制缺少充分的核心效果验证；逐机制依据见 card_mechanism.csv。; previous_mechanism_audit=存在定义或元数据候选；当前没有可复查的该机制核心效果断言。 / 缺目标与非法自身目标均在付费/移区前被拒绝；合法目标效果仍需逐卡验证。; prior_cross_card_issues=无; audit_scope=本轮实际运行断言。","Give a minion +2/+6 and Taunt. When it dies, summon a Stegodon.",使一个随从获得+2/+6和嘲讽。当该随从死亡时，召唤一个剑龙。,fireplace/cards/ungoro/paladin.py:60
17.6.0.53261,Journey to Un'Goro (UNGORO),UNG_953,Primalfin Champion,蛮鱼勇士,Deathrattle|Trigger,GREEN,implemented,yes,"逐卡实际对局断言通过：deathrattle_returns_spells_cast_on_champion=champion=GRAVEYARD;other=PLAY/4;hand=['CS2_092', 'CS2_029'];champion_attacks=5",card_mechanism.csv#UNG_953; generic-play-smoke:played; effect-evidence: reports/card_quality_full_2026-09-27/three_set_probe.csv#UNG_953::deathrattle_returns_spells_cast_on_champion; per-card: reports/card_quality_full_2026-09-27/three_set_probe.csv#UNG_953::deathrattle_returns_spells_cast_on_champion,聚合状态取该卡最差机制；普通烟测只证明可执行，不能单独构成 GREEN。 EN=[x]Deathrattle: Return any spells you cast on this minion to your hand.; ZH=亡语：将你施放在该随从身上的所有法术移回你的手牌。; source=fireplace/cards/ungoro/paladin.py:27; existing_tests=tests/test_carddb.py:52:test_deathrattle_scripts | tests/test_misc.py:192:test_copy_deathrattle_with_store_card | tests/test_ungoro.py:27:test_primalfin_champion; previous_card_audit=1 个机制缺少充分的核心效果验证；逐机制依据见 card_mechanism.csv。; previous_mechanism_audit=存在定义或元数据候选；当前没有可复查的该机制核心效果断言。 / 现有行为断言验证核心亡语结果；本轮测试通过，且实际死亡结算已核对。; prior_cross_card_issues=无; audit_scope=本轮实际运行断言。,[x]Deathrattle: Return any spells you cast on this minion to your hand.,亡语：将你施放在该随从身上的所有法术移回你的手牌。,fireplace/cards/ungoro/paladin.py:27
17.6.0.53261,Journey to Un'Goro (UNGORO),UNG_954,The Last Kaleidosaur,最后的水晶龙,Quest|Spell resolution,GREEN,implemented,yes,"逐卡实际对局断言通过：six_friendly_spell_quest_and_galvadon=enemy_target_progress=0;friendly_target_health=1/7;progress=6;quest_zone=GRAVEYARD;galvadon=PLAY;choice_count=5;buffs=['UNG_999t14e', 'UNG_999t7e', 'UNG_999t6e', 'UNG_999t10e', 'UNG_999t10e'];choice=None",card_mechanism.csv#UNG_954; generic-play-smoke:played; effect-evidence: reports/card_quality_full_2026-09-27/three_set_probe.csv#UNG_954::six_friendly_spell_quest_and_galvadon; per-card: reports/card_quality_full_2026-09-27/three_set_probe.csv#UNG_954::six_friendly_spell_quest_and_galvadon,聚合状态取该卡最差机制；普通烟测只证明可执行，不能单独构成 GREEN。 EN=Quest: Cast 6 spells on your minions. Reward: Galvadon.; ZH=任务：对你的随从施放6个法术。 奖励：嘉沃顿。; source=fireplace/cards/ungoro/paladin.py:78; existing_tests=无候选既有测试引用; previous_card_audit=2 个机制缺少充分的核心效果验证；逐机制依据见 card_mechanism.csv。; previous_mechanism_audit=存在定义或元数据候选；当前没有可复查的该机制核心效果断言。; prior_cross_card_issues=无; audit_scope=本轮实际运行断言。,Quest: Cast 6 spells on your minions. Reward: Galvadon.,任务：对你的随从施放6个法术。 奖励：嘉沃顿。,fireplace/cards/ungoro/paladin.py:78
17.6.0.53261,Journey to Un'Goro (UNGORO),UNG_955,Meteor,陨石术,Spell resolution|Targeting,GREEN,implemented,yes,"逐卡实际对局断言通过：meteor_target_and_adjacent_damage=starting_max_damage_health=[(5, 0, 5), (5, 0, 5), (5, 0, 5), (5, 0, 5), (5, 0, 5)];direct_TARGET_ADJACENT=[('CS2_182', 11), ('CS2_182', 13)];target_zone=GRAVEYARD;adjacent_damage=[3, 3];all_damage=[3, 0, 3, 0, 0];far_zone=PLAY;friendly_zone=PLAY;meteor=GRAVEYARD",card_mechanism.csv#UNG_955; generic-play-smoke:played; effect-evidence: reports/card_quality_full_2026-09-27/three_set_probe.csv#UNG_955::meteor_target_and_adjacent_damage; per-card: reports/card_quality_full_2026-09-27/three_set_probe.csv#UNG_955::meteor_target_and_adjacent_damage,聚合状态取该卡最差机制；普通烟测只证明可执行，不能单独构成 GREEN。 EN=Deal $15 damage to a minion and $3 damage to adjacent ones.; ZH=对一个随从造成$15点伤害，并对其相邻的随从造成 $3点伤害。; source=fireplace/cards/ungoro/mage.py:103; existing_tests=无候选既有测试引用; previous_card_audit=2 个机制缺少充分的核心效果验证；逐机制依据见 card_mechanism.csv。; previous_mechanism_audit=存在定义或元数据候选；当前没有可复查的该机制核心效果断言。 / 缺目标与非法自身目标均在付费/移区前被拒绝；合法目标效果仍需逐卡验证。; prior_cross_card_issues=无; audit_scope=本轮实际运行断言。,Deal $15 damage to a minion and $3 damage to adjacent ones.,对一个随从造成$15点伤害，并对其相邻的随从造成 $3点伤害。,fireplace/cards/ungoro/mage.py:103
17.6.0.53261,Journey to Un'Goro (UNGORO),UNG_956,Spirit Echo,灵魂回响,Spell resolution,GREEN,implemented,yes,"逐卡实际对局断言通过：deathrattle_returns_each_minion=echo=GRAVEYARD;deathrattles=(True, True);first=GRAVEYARD;after_first_hand=['CS2_182'];second=GRAVEYARD;after_second_hand=['CS2_182', 'CS2_231'];field=[]",card_mechanism.csv#UNG_956; generic-play-smoke:played; effect-evidence: reports/card_quality_full_2026-09-27/three_set_probe.csv#UNG_956::deathrattle_returns_each_minion; per-card: reports/card_quality_full_2026-09-27/three_set_probe.csv#UNG_956::deathrattle_returns_each_minion,"聚合状态取该卡最差机制；普通烟测只证明可执行，不能单独构成 GREEN。 EN=Give your minions ""Deathrattle: Return  this to your hand.""; ZH=使你的所有随从获得“亡语：将该随从移回你的手牌”。; source=fireplace/cards/ungoro/shaman.py:97; existing_tests=无候选既有测试引用; previous_card_audit=1 个机制缺少充分的核心效果验证；逐机制依据见 card_mechanism.csv。; previous_mechanism_audit=存在定义或元数据候选；当前没有可复查的该机制核心效果断言。; prior_cross_card_issues=无; audit_scope=本轮实际运行断言。","Give your minions ""Deathrattle: Return  this to your hand.""",使你的所有随从获得“亡语：将该随从移回你的手牌”。,fireplace/cards/ungoro/shaman.py:97
17.6.0.53261,Journey to Un'Goro (UNGORO),UNG_957,Direhorn Hatchling,恐角龙宝宝,Deathrattle|Taunt,GREEN,implemented,yes,"逐卡实际对局断言通过：deathrattle_shuffles_taunt_six_nine=body=(3, 6, 6, 1);hatchling=GRAVEYARD;deck=['UNG_957t1', 'CS2_182'];token_stats=(6, 9, 1);token_count=1",card_mechanism.csv#UNG_957; generic-play-smoke:played; effect-evidence: reports/card_quality_full_2026-09-27/three_set_probe.csv#UNG_957::deathrattle_shuffles_taunt_six_nine; per-card: reports/card_quality_full_2026-09-27/three_set_probe.csv#UNG_957::deathrattle_shuffles_taunt_six_nine,聚合状态取该卡最差机制；普通烟测只证明可执行，不能单独构成 GREEN。 EN=Taunt Deathrattle: Shuffle a 6/9 Direhorn with Taunt into your deck.; ZH=嘲讽，亡语： 将一张6/9并具有嘲讽的“恐角龙头领”洗入你的牌库。; source=fireplace/cards/ungoro/warrior.py:32; existing_tests=无候选既有测试引用; previous_card_audit=2 个机制缺少充分的核心效果验证；逐机制依据见 card_mechanism.csv。; previous_mechanism_audit=存在定义或元数据候选；当前没有可复查的该机制核心效果断言。 / 存在效果脚本；烟测仅验证执行和基础状态，缺少充分逐卡效果断言。; prior_cross_card_issues=无; audit_scope=本轮实际运行断言。,Taunt Deathrattle: Shuffle a 6/9 Direhorn with Taunt into your deck.,嘲讽，亡语： 将一张6/9并具有嘲讽的“恐角龙头领”洗入你的牌库。,fireplace/cards/ungoro/warrior.py:32
17.6.0.53261,Journey to Un'Goro (UNGORO),UNG_960,Lost in the Jungle,迷失丛林,Spell resolution|Summon,GREEN,implemented,yes,"逐卡实际对局断言通过：summons_two_recruits_and_one_slot_branch=two_slot_case=spell:GRAVEYARD;recruits=[('CS2_101t', 1, 1), ('CS2_101t', 1, 1)];one_slot_case=spell:GRAVEYARD;field_size=7;recruits=[('CS2_101t', 1, 1, 'PLAY')]；full_board_rejects_spell=rejected=True;spell=HAND;field_size=7;mana=10->10;recruits=[]",card_mechanism.csv#UNG_960; generic-play-smoke:played; effect-evidence: reports/card_quality_full_2026-09-27/three_set_probe.csv#UNG_960::summons_two_recruits_and_one_slot_branch; reports/card_quality_full_2026-09-27/three_set_probe.csv#UNG_960::full_board_rejects_spell; per-card: reports/card_quality_full_2026-09-27/three_set_probe.csv#UNG_960::summons_two_recruits_and_one_slot_branch; reports/card_quality_full_2026-09-27/three_set_probe.csv#UNG_960::full_board_rejects_spell,聚合状态取该卡最差机制；普通烟测只证明可执行，不能单独构成 GREEN。 EN=Summon two 1/1 Silver Hand Recruits.; ZH=召唤两个1/1的白银之手新兵。; source=fireplace/cards/ungoro/paladin.py:92; existing_tests=无候选既有测试引用; previous_card_audit=2 个机制缺少充分的核心效果验证；逐机制依据见 card_mechanism.csv。; previous_mechanism_audit=存在定义或元数据候选；当前没有可复查的该机制核心效果断言。; prior_cross_card_issues=无; audit_scope=本轮实际运行断言。,Summon two 1/1 Silver Hand Recruits.,召唤两个1/1的白银之手新兵。,fireplace/cards/ungoro/paladin.py:92
17.6.0.53261,Journey to Un'Goro (UNGORO),UNG_961,Adaptation,适者生存,Spell resolution|Targeting,GREEN,implemented,yes,"逐卡实际对局断言通过：adapt_selected_friendly_only=offered=['UNG_999t14', 'UNG_999t2', 'UNG_999t10'];selected=UNG_999t14;target=(1, 1, 1)->(2, 2, 2);other=(4, 5, 5)->(4, 5, 5);foe=PLAY;spell=GRAVEYARD;invalid_rejected=True;invalid_zone=HAND;mana=9->9",card_mechanism.csv#UNG_961; generic-play-smoke:played; effect-evidence: reports/card_quality_full_2026-09-27/three_set_probe.csv#UNG_961::adapt_selected_friendly_only; per-card: reports/card_quality_full_2026-09-27/three_set_probe.csv#UNG_961::adapt_selected_friendly_only,聚合状态取该卡最差机制；普通烟测只证明可执行，不能单独构成 GREEN。 EN=Adapt a friendly minion.; ZH=进化一个友方随从。; source=fireplace/cards/ungoro/paladin.py:99; existing_tests=无候选既有测试引用; previous_card_audit=2 个机制缺少充分的核心效果验证；逐机制依据见 card_mechanism.csv。; previous_mechanism_audit=存在定义或元数据候选；当前没有可复查的该机制核心效果断言。 / 缺目标与非法自身目标均在付费/移区前被拒绝；合法目标效果仍需逐卡验证。; prior_cross_card_issues=无; audit_scope=本轮实际运行断言。,Adapt a friendly minion.,进化一个友方随从。,fireplace/cards/ungoro/paladin.py:99
17.6.0.53261,Journey to Un'Goro (UNGORO),UNG_962,Lightfused Stegodon,光注剑龙,Battlecry,GREEN,implemented,yes,逐卡实测：光注剑龙只提供一次进化选择，两名白银之手新兵各获得同一增益且剑龙自身不受影响；无新兵时不提供选择。,tests/test_ungoro_shared_red_fixes.py::test_lightfused_stegodon_adapts_every_recruit_once; tests/test_ungoro_shared_red_fixes.py::test_lightfused_stegodon_without_recruits_offers_no_choice,原始结论保留于known_issues_archive_2026-09-29/。 共享 Adapt 多目标修复；单目标两次进化回归通过。,Battlecry: Adapt your Silver Hand Recruits.,战吼：进化你的白银之手新兵。,fireplace/cards/ungoro/paladin.py:38
17.6.0.53261,Journey to Un'Goro (UNGORO),UNG_963,Lyra the Sunshard,“太阳裂片”莱拉,Random effects|Trigger,GREEN,implemented,yes,"逐卡实际对局断言通过：own_spell_adds_priest_spell=lyra=PLAY;own_spell=GRAVEYARD;generated=[('BT_198', 'SPELL', 'PRIEST')];nonspell=PLAY;nonspell_added=[];enemy_spell=GRAVEYARD;enemy_turn_hand_delta=[];hand=['BT_198']",card_mechanism.csv#UNG_963; generic-play-smoke:played; effect-evidence: reports/card_quality_full_2026-09-27/three_set_probe.csv#UNG_963::own_spell_adds_priest_spell; per-card: reports/card_quality_full_2026-09-27/three_set_probe.csv#UNG_963::own_spell_adds_priest_spell,"聚合状态取该卡最差机制；普通烟测只证明可执行，不能单独构成 GREEN。 EN=Whenever you cast a spell, add a random Priest spell to your hand.; ZH=每当你施放一个法术，随机将一张牧师法术牌置入你的手牌。; source=fireplace/cards/ungoro/priest.py:107; existing_tests=无候选既有测试引用; previous_card_audit=2 个机制缺少充分的核心效果验证；逐机制依据见 card_mechanism.csv。; previous_mechanism_audit=存在定义或元数据候选；当前没有可复查的该机制核心效果断言。; prior_cross_card_issues=无; audit_scope=本轮实际运行断言。","Whenever you cast a spell, add a random Priest spell to your hand.",每当你施放一个法术，随机将一张牧师法术牌置入你的手牌。,fireplace/cards/ungoro/priest.py:107
