version,set,card_id,name_en,name_zh,mechanic,status,implementation,tested,reason,evidence,notes,card_text_en,python_source
17.6.0.53261,Classic (EXPERT1),CS1_069,Fen Creeper,沼泽爬行者,Taunt,GREEN,implemented,yes,"GREEN: fen_creeper_taunt_blocks_hero_attack pass: Play the 3/6 Taunt minion; an enemy Charge minion can attack it but cannot target the hero or a non-Taunt minion, and dies in combat. Observed taunt=1;legal_targets=['CS1_069'];face_legal=False;taunt_legal=True;boar=GRAVEYARD;creeper=5/PLAY;bystander=1/PLAY",card_mechanism.csv#CS1_069; generic-play-smoke:played; effect-evidence: reports/card_quality_full_2026-09-27/classic_probe_first.csv#fen_creeper_taunt_blocks_hero_attack; per-card: reports/card_quality_full_2026-09-27/classic_probe_first.csv#fen_creeper_taunt_blocks_hero_attack,聚合状态取该卡最差机制；普通烟测只证明可执行，不能单独构成 GREEN。 Case evidence saved immediately. EN/ZH/source/test refs are recorded in probe CSV; prior test refs: none.,Taunt,
17.6.0.53261,Classic (EXPERT1),CS1_129,Inner Fire,心灵之火,Spell resolution|Targeting,GREEN,implemented,yes,"GREEN: inner_fire_friendly_and_enemy_wounded_targets pass: Friendly and enemy minions are both legal; on each wounded 4/5 target, set attack to 3 without healing or changing max health. Observed friendly=3/3/5,legal=True,spell=GRAVEYARD;enemy=3/3/5,legal=True,spell=GRAVEYARD",card_mechanism.csv#CS1_129; generic-play-smoke:played; effect-evidence: reports/card_quality_full_2026-09-27/classic_probe_first.csv#inner_fire_friendly_and_enemy_wounded_targets; per-card: reports/card_quality_full_2026-09-27/classic_probe_first.csv#inner_fire_friendly_and_enemy_wounded_targets,聚合状态取该卡最差机制；普通烟测只证明可执行，不能单独构成 GREEN。 Case evidence saved immediately. EN/ZH/source/test refs are recorded in probe CSV; prior test refs: tests/test_classic.py:1755:test_inner_fire.,Change a minion's Attack to be equal to its Health.,fireplace/cards/classic/priest.py:159
17.6.0.53261,Classic (EXPERT1),CS2_028,Blizzard,暴风雪,Spell resolution,GREEN,implemented,yes,"GREEN: blizzard_hits_and_freezes_enemy_minions_only pass: Deal 2 to each enemy minion, freeze survivors, kill a 1-health enemy, and leave friendly minions untouched. Observed friendly=5/PLAY,frozen=False;enemy_wisp=1/GRAVEYARD,frozen=True;enemy_yeti=3/PLAY,frozen=True;spell=GRAVEYARD",card_mechanism.csv#CS2_028; generic-play-smoke:played; effect-evidence: reports/card_quality_full_2026-09-27/classic_probe_first.csv#blizzard_hits_and_freezes_enemy_minions_only; per-card: reports/card_quality_full_2026-09-27/classic_probe_first.csv#blizzard_hits_and_freezes_enemy_minions_only,聚合状态取该卡最差机制；普通烟测只证明可执行，不能单独构成 GREEN。 Case evidence saved immediately. EN/ZH/source/test refs are recorded in probe CSV; prior test refs: tests/test_classic.py:547:test_blizzard.,Deal $2 damage to all enemy minions and Freeze them.,fireplace/cards/classic/mage.py:98
17.6.0.53261,Classic (EXPERT1),CS2_038,Ancestral Spirit,先祖之魂,Spell resolution|Targeting,GREEN,implemented,yes,"GREEN: ancestral_spirit_resummons_dead_target pass: After enchanting a friendly minion, its death resolves one deathrattle and summons one copy with the printed stats. Observed original=GRAVEYARD,deathrattle_effects=1;field=['CS2_231:1/1'];copies=1;spell=GRAVEYARD; ancestral_spirit_enemy_target_deathrattle_resummons pass: The enemy minion is a legal target; after it dies the granted Deathrattle summons one copy of the marked minion. Observed legal_enemy_target=True;original=GRAVEYARD;caster_field=['CS2_231'];enemy_field=[];revived_count=1;revived_owners=['Player2']",card_mechanism.csv#CS2_038; generic-play-smoke:played; effect-evidence: reports/card_quality_full_2026-09-27/classic_probe_first.csv#ancestral_spirit_enemy_target_deathrattle_resummons; reports/card_quality_full_2026-09-27/classic_probe_first.csv#ancestral_spirit_resummons_dead_target; per-card: reports/card_quality_full_2026-09-27/classic_probe_first.csv#ancestral_spirit_enemy_target_deathrattle_resummons; reports/card_quality_full_2026-09-27/classic_probe_first.csv#ancestral_spirit_resummons_dead_target,聚合状态取该卡最差机制；普通烟测只证明可执行，不能单独构成 GREEN。 Case evidence saved immediately. EN/ZH/source/test refs are recorded in probe CSV; prior test refs: tests/test_classic.py:177:test_ancestral_spirit.,"Give a minion ""Deathrattle: Resummon this minion.""",fireplace/cards/classic/shaman.py:61
17.6.0.53261,Classic (EXPERT1),CS2_053,Far Sight,视界术,Cost modification|Draw / Discard|Spell resolution,GREEN,implemented,yes,"GREEN: far_sight_draws_known_card_and_reduces_its_cost pass: Draw the known 4-cost Yeti into hand and reduce that card's cost by 3 without changing another hand card. Observed top=CS2_182:HAND,cost=1,printed=4;unrelated=CS2_231:0;deck=0;spell=GRAVEYARD; far_sight_low_cost_reduction_floors_at_zero pass: Draw a 1-cost card and reduce its cost to the minimum of 0 rather than a negative value. Observed top=CS2_075:HAND,cost=0,printed=1;spell=GRAVEYARD",card_mechanism.csv#CS2_053; generic-play-smoke:played; effect-evidence: reports/card_quality_full_2026-09-27/classic_probe_first.csv#far_sight_draws_known_card_and_reduces_its_cost; reports/card_quality_full_2026-09-27/classic_probe_first.csv#far_sight_low_cost_reduction_floors_at_zero; per-card: reports/card_quality_full_2026-09-27/classic_probe_first.csv#far_sight_draws_known_card_and_reduces_its_cost; reports/card_quality_full_2026-09-27/classic_probe_first.csv#far_sight_low_cost_reduction_floors_at_zero,聚合状态取该卡最差机制；普通烟测只证明可执行，不能单独构成 GREEN。 Case evidence saved immediately. EN/ZH/source/test refs are recorded in probe CSV; prior test refs: tests/test_classic.py:1308:test_far_sight | tests/test_classic.py:1321:test_far_sight_fatigue.,Draw a card. That card costs (3) less.,fireplace/cards/classic/shaman.py:109
17.6.0.53261,Classic (EXPERT1),CS2_059,Blood Imp,鲜血小鬼,Random effects|Stealth|Trigger,GREEN,implemented,yes,"GREEN: blood_imp_random_end_turn_buff_hits_one_other_candidate pass: Across fixed seeds, at turn end exactly one of two other friendly minions gains +1 Health, both candidates are selected, and the Imp remains Stealthed and unbuffed. Observed seeds=0..15;winner_indexes=[0, 1];failures=[];traces=[(0, [1]), (1, [0]), (2, [0]), (3, [0]), (4, [0]), (5, [1]), (6, [0]), (7, [1]), (8, [0]), (9, [1]), (10, [0]), (11, [1]), (12, [1]), (13, [1]), (14, [0]), (15, [0])]",card_mechanism.csv#CS2_059; generic-play-smoke:played; effect-evidence: reports/card_quality_full_2026-09-27/classic_probe_first.csv#blood_imp_random_end_turn_buff_hits_one_other_candidate; per-card: reports/card_quality_full_2026-09-27/classic_probe_first.csv#blood_imp_random_end_turn_buff_hits_one_other_candidate,聚合状态取该卡最差机制；普通烟测只证明可执行，不能单独构成 GREEN。 Case evidence saved immediately. EN/ZH/source/test refs are recorded in probe CSV; prior test refs: tests/test_classic.py:558:test_blood_imp.,"[x]  Stealth. At the end of your   turn, give another random  friendly minion +1 Health.",fireplace/cards/classic/warlock.py:8
17.6.0.53261,Classic (EXPERT1),CS2_073,Cold Blood,冷血,Combo|Spell resolution|Targeting,GREEN,implemented,yes,"GREEN: cold_blood_noncombo_enemy_target_gains_two_attack pass: Without an earlier card, an enemy minion is a legal target and gains exactly +2 Attack. Observed legal_enemy_target=True;enemy_attack=3;spell=GRAVEYARD; cold_blood_combo_friendly_target_gains_four_attack pass: After another card this turn, a friendly minion is a legal target and gains exactly +4 Attack. Observed legal_friendly_target=True;friendly_attack=5;spell=GRAVEYARD",card_mechanism.csv#CS2_073; generic-play-smoke:played; effect-evidence: reports/card_quality_full_2026-09-27/classic_probe_first.csv#cold_blood_combo_friendly_target_gains_four_attack; reports/card_quality_full_2026-09-27/classic_probe_first.csv#cold_blood_noncombo_enemy_target_gains_two_attack; per-card: reports/card_quality_full_2026-09-27/classic_probe_first.csv#cold_blood_combo_friendly_target_gains_four_attack; reports/card_quality_full_2026-09-27/classic_probe_first.csv#cold_blood_noncombo_enemy_target_gains_two_attack,聚合状态取该卡最差机制；普通烟测只证明可执行，不能单独构成 GREEN。 Case evidence saved immediately. EN/ZH/source/test refs are recorded in probe CSV; prior test refs: tests/test_classic.py:703:test_cold_blood | tests/test_classic.py:706:test_cold_blood.,Give a minion +2 Attack. Combo: +4 Attack instead.,fireplace/cards/classic/rogue.py:71
17.6.0.53261,Classic (EXPERT1),CS2_104,Rampage,狂暴,Spell resolution|Targeting,GREEN,implemented,yes,"GREEN: rampage_only_targets_damaged_minions pass: A damaged 4/5 target gains +3/+3 while an undamaged minion is excluded from targets and unchanged. Observed damaged=7/6/8,legal=True;healthy=4/5/5,legal=False;spell=GRAVEYARD; rampage_buffs_damaged_friendly_minion pass: A damaged friendly minion is also a legal target and gains +3/+3. Observed legal_friendly_target=True;stats=7/6/8;spell=GRAVEYARD",card_mechanism.csv#CS2_104; generic-play-smoke:unplayable_in_generic_setup; effect-evidence: reports/card_quality_full_2026-09-27/classic_probe_first.csv#rampage_buffs_damaged_friendly_minion; reports/card_quality_full_2026-09-27/classic_probe_first.csv#rampage_only_targets_damaged_minions; per-card: reports/card_quality_full_2026-09-27/classic_probe_first.csv#rampage_buffs_damaged_friendly_minion; reports/card_quality_full_2026-09-27/classic_probe_first.csv#rampage_only_targets_damaged_minions,聚合状态取该卡最差机制；普通烟测只证明可执行，不能单独构成 GREEN。 Case evidence saved immediately. EN/ZH/source/test refs are recorded in probe CSV; prior test refs: none.,Give a damaged minion +3/+3.,fireplace/cards/classic/warrior.py:80
17.6.0.53261,Classic (EXPERT1),CS2_117,Earthen Ring Farseer,大地之环先知,Battlecry|Targeting,GREEN,implemented,yes,"GREEN: farseer_battlecry_restores_three_health pass: Battlecry restores exactly 3 Health to the wounded friendly hero while the Farseer enters play. Observed hero=26->29/30;farseer=3/3:PLAY; farseer_heals_enemy_minion_and_caps_full_health_target pass: The enemy minion is a legal target and heals from 2 to 5; a full-health friendly minion remains capped at its maximum. Observed enemy_minion_legal=True,enemy_health=(5, 5);full_friendly_minion_legal=True,health=1/1;farseer=PLAY,cap_card=PLAY",card_mechanism.csv#CS2_117; generic-play-smoke:played; effect-evidence: reports/card_quality_full_2026-09-27/classic_probe_first.csv#farseer_battlecry_restores_three_health; reports/card_quality_full_2026-09-27/classic_probe_first.csv#farseer_heals_enemy_minion_and_caps_full_health_target; per-card: reports/card_quality_full_2026-09-27/classic_probe_first.csv#farseer_battlecry_restores_three_health; reports/card_quality_full_2026-09-27/classic_probe_first.csv#farseer_heals_enemy_minion_and_caps_full_health_target,聚合状态取该卡最差机制；普通烟测只证明可执行，不能单独构成 GREEN。 Case evidence saved immediately. EN/ZH/source/test refs are recorded in probe CSV; prior test refs: none.,Battlecry: Restore #3 Health.,fireplace/cards/classic/neutral_common.py:103
17.6.0.53261,Classic (EXPERT1),CS2_146,Southsea Deckhand,南海船工,Continuous effect / Update,GREEN,implemented,yes,GREEN: deckhand_charge_depends_on_equipped_weapon pass: Southsea Deckhand lacks Charge without a weapon; with one equipped it has Charge and makes an actual immediate attack. Observed no_weapon_charge=False;armed_weapon=CS2_091;armed_charge=True;can_attack=True;enemy_hero=28;deckhand_attacks=1,card_mechanism.csv#CS2_146; generic-play-smoke:played; effect-evidence: reports/card_quality_full_2026-09-27/classic_probe_first.csv#deckhand_charge_depends_on_equipped_weapon; per-card: reports/card_quality_full_2026-09-27/classic_probe_first.csv#deckhand_charge_depends_on_equipped_weapon,聚合状态取该卡最差机制；普通烟测只证明可执行，不能单独构成 GREEN。 Case evidence saved immediately. EN/ZH/source/test refs are recorded in probe CSV; prior test refs: tests/test_classic.py:634:test_captains_parrot | tests/test_classic.py:3124:test_southsea_deckhand | tests/test_tgt.py:690:test_skycapn_kragg | tests/test_tgt.py:702:test_skycapn_kragg | tests/test_tgt.py:695:test_skycapn_kragg.,Has Charge while you have a weapon equipped.,fireplace/cards/classic/neutral_common.py:117
17.6.0.53261,Classic (EXPERT1),CS2_151,Silver Hand Knight,白银之手骑士,Battlecry|Summon,GREEN,implemented,yes,"GREEN: silver_hand_knight_battlecry_summons_squire pass: Playing Silver Hand Knight adds the Knight and exactly one 2/2 Silver Hand Recruit to the friendly board. Observed field=['CS2_151:4/4', 'CS2_152:2/2'];added=2; silver_hand_knight_last_slot_does_not_overfill pass: With six friendly minions before playing it, the Knight fills the seventh slot and the Squire is not summoned. Observed field_count=7;knight_in_field=True;squires=0",card_mechanism.csv#CS2_151; generic-play-smoke:played; effect-evidence: reports/card_quality_full_2026-09-27/classic_probe_first.csv#silver_hand_knight_battlecry_summons_squire; reports/card_quality_full_2026-09-27/classic_probe_first.csv#silver_hand_knight_last_slot_does_not_overfill; per-card: reports/card_quality_full_2026-09-27/classic_probe_first.csv#silver_hand_knight_battlecry_summons_squire; reports/card_quality_full_2026-09-27/classic_probe_first.csv#silver_hand_knight_last_slot_does_not_overfill,聚合状态取该卡最差机制；普通烟测只证明可执行，不能单独构成 GREEN。 Case evidence saved immediately. EN/ZH/source/test refs are recorded in probe CSV; prior test refs: none.,Battlecry: Summon a 2/2 Squire.,fireplace/cards/classic/neutral_common.py:136
17.6.0.53261,Classic (EXPERT1),CS2_161,Ravenholdt Assassin,拉文霍德刺客,Stealth,GREEN,implemented,yes,"GREEN: ravenholdt_assassin_stealth_blocks_enemy_targets pass: On the opponent's actual turn, the Stealthed Assassin is absent from hero-power and Moonfire targets and the spell stays in hand. Observed stealthed=1;hero_power_can_target=False;opponent_turn=True;moonfire_can_target=False;spell_targets=['HERO_08', 'HERO_08'];moonfire=HAND",card_mechanism.csv#CS2_161; generic-play-smoke:played; effect-evidence: reports/card_quality_full_2026-09-27/classic_probe_first.csv#ravenholdt_assassin_stealth_blocks_enemy_targets; per-card: reports/card_quality_full_2026-09-27/classic_probe_first.csv#ravenholdt_assassin_stealth_blocks_enemy_targets,聚合状态取该卡最差机制；普通烟测只证明可执行，不能单独构成 GREEN。 Case evidence saved immediately. EN/ZH/source/test refs are recorded in probe CSV; prior test refs: none.,Stealth,
17.6.0.53261,Classic (EXPERT1),CS2_169,Young Dragonhawk,幼龙鹰,Windfury,GREEN,implemented,yes,"GREEN: dragonhawk_can_attack_twice_per_turn pass: After summoning sickness expires, Windfury allows exactly two 1-damage attacks in the turn. Observed windfury=1;ready=True;first=(29, True);second=(28, False)",card_mechanism.csv#CS2_169; generic-play-smoke:played; effect-evidence: reports/card_quality_full_2026-09-27/classic_probe_first.csv#dragonhawk_can_attack_twice_per_turn; per-card: reports/card_quality_full_2026-09-27/classic_probe_first.csv#dragonhawk_can_attack_twice_per_turn,聚合状态取该卡最差机制；普通烟测只证明可执行，不能单独构成 GREEN。 Case evidence saved immediately. EN/ZH/source/test refs are recorded in probe CSV; prior test refs: tests/test_controller.py:240:test_observation_exposes_public_minion_statuses_on_both_boards | tests/test_controller.py:259:test_observation_exposes_public_minion_statuses_on_both_boards.,Windfury,
17.6.0.53261,Classic (EXPERT1),CS2_181,Injured Blademaster,负伤剑圣,Battlecry,GREEN,implemented,yes,GREEN: injured_blademaster_takes_four_battlecry_damage pass: Battlecry leaves the printed 4/7 minion at 4/3 current Health in play. Observed stats=4/3/7;zone=PLAY;field=True,card_mechanism.csv#CS2_181; generic-play-smoke:played; effect-evidence: reports/card_quality_full_2026-09-27/classic_probe_first.csv#injured_blademaster_takes_four_battlecry_damage; per-card: reports/card_quality_full_2026-09-27/classic_probe_first.csv#injured_blademaster_takes_four_battlecry_damage,聚合状态取该卡最差机制；普通烟测只证明可执行，不能单独构成 GREEN。 Case evidence saved immediately. EN/ZH/source/test refs are recorded in probe CSV; prior test refs: tests/test_brann_bronzebeard.py:28:test_brann_injured_blademaster | tests/test_classic.py:1738:test_injured_blademaster | tests/test_classic.py:3792:test_mirror_entity_aura | tests/test_secrets.py:420:test_mirror_entity_battlecry | tests/test_wog.py:392:test_ragnaros_lightlord.,Battlecry: Deal 4 damage to HIMSELF.,fireplace/cards/classic/neutral_rare.py:4
17.6.0.53261,Classic (EXPERT1),CS2_203,Ironbeak Owl,铁喙猫头鹰,Battlecry|Silence|Targeting,GREEN,implemented,yes,GREEN: owl_silence_removes_taunt_and_divine_shield pass: Ironbeak Owl may target the enemy Sunwalker and removes both Taunt and Divine Shield while leaving it alive. Observed target=EX1_032;taunt=False;divine_shield=False;silenced=True;owl=PLAY; owl_silences_friendly_minion pass: A friendly Sunwalker is also a legal target; its Taunt and Divine Shield are removed without killing it. Observed legal_friendly_target=True;silenced=True;taunt=False;shield=False;zone=PLAY,card_mechanism.csv#CS2_203; generic-play-smoke:played; effect-evidence: reports/card_quality_full_2026-09-27/classic_probe_first.csv#owl_silence_removes_taunt_and_divine_shield; reports/card_quality_full_2026-09-27/classic_probe_first.csv#owl_silences_friendly_minion; per-card: reports/card_quality_full_2026-09-27/classic_probe_first.csv#owl_silence_removes_taunt_and_divine_shield; reports/card_quality_full_2026-09-27/classic_probe_first.csv#owl_silences_friendly_minion,聚合状态取该卡最差机制；普通烟测只证明可执行，不能单独构成 GREEN。 Case evidence saved immediately. EN/ZH/source/test refs are recorded in probe CSV; prior test refs: tests/test_misc.py:50:test_silence.,Battlecry: Silence a minion.,fireplace/cards/classic/neutral_common.py:165
17.6.0.53261,Classic (EXPERT1),CS2_221,Spiteful Smith,恶毒铁匠,Unclassified effect,GREEN,implemented,yes,"GREEN: spiteful_smith_enrage_weapon_bonus_enters_and_leaves pass: Damage to Spiteful Smith adds +2 weapon Attack; healing it back to full removes the bonus. Observed weapon_attack=1->(True, 3)->(False, 1);smith_health=6/6",card_mechanism.csv#CS2_221; generic-play-smoke:played; effect-evidence: reports/card_quality_full_2026-09-27/classic_probe_first.csv#spiteful_smith_enrage_weapon_bonus_enters_and_leaves; per-card: reports/card_quality_full_2026-09-27/classic_probe_first.csv#spiteful_smith_enrage_weapon_bonus_enters_and_leaves,聚合状态取该卡最差机制；普通烟测只证明可执行，不能单独构成 GREEN。 Case evidence saved immediately. EN/ZH/source/test refs are recorded in probe CSV; prior test refs: tests/test_classic.py:3151:test_spiteful_smith.,Your weapon has +2 Attack while this is damaged.,fireplace/cards/classic/neutral_common.py:172
17.6.0.53261,Classic (EXPERT1),CS2_227,Venture Co. Mercenary,风险投资公司雇佣兵,Aura|Continuous effect / Update|Cost modification,GREEN,implemented,yes,GREEN: venture_co_mercenary_cost_aura_and_silence_update pass: Venture Co. adds 3 cost to minions in hand while alive; silencing it removes the modifier and a newly added minion has printed cost. Observed base=4;held_cost=7;silenced=[[None]];after_silence=4;new_hand_cost=4;mercenary=PLAY,card_mechanism.csv#CS2_227; generic-play-smoke:played; effect-evidence: reports/card_quality_full_2026-09-27/classic_probe_first.csv#venture_co_mercenary_cost_aura_and_silence_update; per-card: reports/card_quality_full_2026-09-27/classic_probe_first.csv#venture_co_mercenary_cost_aura_and_silence_update,聚合状态取该卡最差机制；普通烟测只证明可执行，不能单独构成 GREEN。 Case evidence saved immediately. EN/ZH/source/test refs are recorded in probe CSV; prior test refs: tests/test_classic.py:3536:test_venture_co_mercenary | tests/test_classic.py:3543:test_venture_co_mercenary.,Your minions cost (3) more.,fireplace/cards/classic/neutral_common.py:181
17.6.0.53261,Classic (EXPERT1),CS2_233,Blade Flurry,剑刃乱舞,Spell resolution,GREEN,implemented,yes,"GREEN: blade_flurry_hits_enemy_minions_and_destroys_weapon pass: Using a 1-Attack weapon deals exactly 1 to every enemy minion, leaves friendly minions and the enemy hero alone, then destroys the weapon. Observed weapon=GRAVEYARD,equipped=None;enemy_wisp=1/GRAVEYARD;enemy_yeti=4/PLAY;friendly=5/PLAY;spell=GRAVEYARD;enemy_hero=30",card_mechanism.csv#CS2_233; generic-play-smoke:unplayable_in_generic_setup; effect-evidence: reports/card_quality_full_2026-09-27/classic_probe_first.csv#blade_flurry_hits_enemy_minions_and_destroys_weapon; per-card: reports/card_quality_full_2026-09-27/classic_probe_first.csv#blade_flurry_hits_enemy_minions_and_destroys_weapon,聚合状态取该卡最差机制；普通烟测只证明可执行，不能单独构成 GREEN。 Case evidence saved immediately. EN/ZH/source/test refs are recorded in probe CSV; prior test refs: tests/test_classic.py:507:test_blade_flurry.,Destroy your weapon and deal its damage to all enemy minions.,fireplace/cards/classic/rogue.py:116
17.6.0.53261,Classic (EXPERT1),DS1_188,Gladiator's Longbow,角斗士的长弓,Continuous effect / Update|Weapon,GREEN,implemented,yes,"GREEN: gladiators_longbow_hero_immune_during_attack pass: The armed hero's attack kills the enemy Wisp without taking retaliation damage and consumes one weapon durability. Observed hero_health=30->30;target=1/GRAVEYARD;weapon=PLAY,durability=1/2;hero_attacks=1",card_mechanism.csv#DS1_188; generic-play-smoke:played; effect-evidence: reports/card_quality_full_2026-09-27/classic_probe_first.csv#gladiators_longbow_hero_immune_during_attack; per-card: reports/card_quality_full_2026-09-27/classic_probe_first.csv#gladiators_longbow_hero_immune_during_attack,聚合状态取该卡最差机制；普通烟测只证明可执行，不能单独构成 GREEN。 Case evidence saved immediately. EN/ZH/source/test refs are recorded in probe CSV; prior test refs: tests/test_classic.py:1428:test_gladiators_longbow.,Your hero is Immune while attacking.,fireplace/cards/classic/hunter.py:224
17.6.0.53261,Classic (EXPERT1),EX1_001,Lightwarden,圣光护卫者,Trigger,GREEN,implemented,yes,"GREEN: lightwarden_gains_attack_from_enemy_hero_and_friendly_minion_heals pass: Healing an enemy hero triggers +2 Attack; a later friendly minion heal triggers another +2. Observed enemy_hero=20->(28, 3);friendly_minion=5/5,warden_attack=5",card_mechanism.csv#EX1_001; generic-play-smoke:played; effect-evidence: reports/card_quality_full_2026-09-27/classic_probe_first.csv#lightwarden_gains_attack_from_enemy_hero_and_friendly_minion_heals; per-card: reports/card_quality_full_2026-09-27/classic_probe_first.csv#lightwarden_gains_attack_from_enemy_hero_and_friendly_minion_heals,聚合状态取该卡最差机制；普通烟测只证明可执行，不能单独构成 GREEN。 Case evidence saved immediately. EN/ZH/source/test refs are recorded in probe CSV; prior test refs: tests/test_auchenai_soulpriest.py:36:test_auchenai_soulpriest_light_of_the_naaru | tests/test_auchenai_soulpriest.py:44:test_auchenai_soulpriest_light_of_the_naaru | tests/test_classic.py:1968:test_lightwarden | tests/test_classic.py:3407:test_truesilver_champion | tests/test_gvg.py:568:test_light_of_the_naaru | tests/test_wog.py:184:test_cult_apothecary.,"Whenever a character is healed, gain +2 Attack.",fireplace/cards/classic/neutral_rare.py:10
17.6.0.53261,Classic (EXPERT1),EX1_002,The Black Knight,黑骑士,Battlecry|Targeting,GREEN,implemented,yes,GREEN: black_knight_requires_enemy_taunt_and_destroys_it pass: Only the enemy Taunt minion is a legal target; it is destroyed while a plain enemy and friendly Taunt survive. Observed legal_enemy_taunt=True;plain_target=False;friendly_taunt_target=False;enemy_taunt=GRAVEYARD;enemy_plain=PLAY;friendly_taunt=PLAY,card_mechanism.csv#EX1_002; generic-play-smoke:played; effect-evidence: reports/card_quality_full_2026-09-27/classic_probe_first.csv#black_knight_requires_enemy_taunt_and_destroys_it; per-card: reports/card_quality_full_2026-09-27/classic_probe_first.csv#black_knight_requires_enemy_taunt_and_destroys_it,聚合状态取该卡最差机制；普通烟测只证明可执行，不能单独构成 GREEN。 Case evidence saved immediately. EN/ZH/source/test refs are recorded in probe CSV; prior test refs: tests/test_classic.py:3337:test_the_black_knight.,Battlecry: Destroy an enemy minion with Taunt.,fireplace/cards/classic/neutral_legendary.py:4
17.6.0.53261,Classic (EXPERT1),EX1_004,Young Priestess,年轻的女祭司,Random effects|Trigger,GREEN,implemented,yes,"GREEN: young_priestess_randomly_buffs_one_other_minion_at_turn_end pass: Across fixed seeds, exactly one other friendly minion gains +1 Health each turn end, and both eligible candidates are selected. Observed seeds=0..15;selected_candidates=[0, 1];failures=[];priestess_health=1/1",card_mechanism.csv#EX1_004; generic-play-smoke:played; effect-evidence: reports/card_quality_full_2026-09-27/classic_probe_first.csv#young_priestess_randomly_buffs_one_other_minion_at_turn_end; per-card: reports/card_quality_full_2026-09-27/classic_probe_first.csv#young_priestess_randomly_buffs_one_other_minion_at_turn_end,聚合状态取该卡最差机制；普通烟测只证明可执行，不能单独构成 GREEN。 Case evidence saved immediately. EN/ZH/source/test refs are recorded in probe CSV; prior test refs: tests/test_classic.py:3736:test_young_priestess.,"At the end of your turn, give another random friendly minion +1 Health.",fireplace/cards/classic/neutral_rare.py:19
17.6.0.53261,Classic (EXPERT1),EX1_005,Big Game Hunter,王牌猎人,Battlecry|Targeting,GREEN,implemented,yes,"GREEN: big_game_hunter_seven_attack_threshold_and_destroy pass: A 7-Attack enemy is targetable and destroyed; a 6-Attack enemy is excluded and remains in play. Observed seven_atk=7;seven_legal=True;seven_after=(7, 'GRAVEYARD', 'PLAY');six_atk=6;six_legal=False;hunter_stays=HAND",card_mechanism.csv#EX1_005; generic-play-smoke:played; effect-evidence: reports/card_quality_full_2026-09-27/classic_probe_first.csv#big_game_hunter_seven_attack_threshold_and_destroy; per-card: reports/card_quality_full_2026-09-27/classic_probe_first.csv#big_game_hunter_seven_attack_threshold_and_destroy,聚合状态取该卡最差机制；普通烟测只证明可执行，不能单独构成 GREEN。 Case evidence saved immediately. EN/ZH/source/test refs are recorded in probe CSV; prior test refs: tests/test_classic.py:484:test_big_game_hunter | tests/test_classic.py:494:test_big_game_hunter | tests/test_classic.py:2661:test_questing_adventurer_big_game_hunter.,Battlecry: Destroy a minion with 7 or more Attack.,fireplace/cards/classic/neutral_epic.py:4
17.6.0.53261,Classic (EXPERT1),EX1_006,Alarm-o-Bot,报警机器人,Random effects|Trigger,GREEN,implemented,yes,"GREEN: alarmobot_random_minion_swap_at_next_turn_start pass: Across fixed seeds, a random minion from hand is swapped onto the board, Alarm-o-Bot returns to hand, and both candidates can be selected. Observed seeds=0..15;pulled_ids=['CS2_182', 'CS2_231'];failures=[];bot_zone=HAND",card_mechanism.csv#EX1_006; generic-play-smoke:played; effect-evidence: reports/card_quality_full_2026-09-27/classic_probe_first.csv#alarmobot_random_minion_swap_at_next_turn_start; per-card: reports/card_quality_full_2026-09-27/classic_probe_first.csv#alarmobot_random_minion_swap_at_next_turn_start,聚合状态取该卡最差机制；普通烟测只证明可执行，不能单独构成 GREEN。 Case evidence saved immediately. EN/ZH/source/test refs are recorded in probe CSV; prior test refs: tests/test_classic.py:35:test_alarmobot | tests/test_classic.py:836:test_conceal_alarmobot.,"[x]At the start of your turn, swap this minion with a    random one in your hand.",fireplace/cards/classic/neutral_rare.py:28
17.6.0.53261,Classic (EXPERT1),EX1_008,Argent Squire,银色侍从,Divine Shield,GREEN,implemented,yes,"GREEN: argent_squire_shield_absorbs_first_spell_then_dies pass: The first 1-damage hit removes Divine Shield without harming the Squire; a second hit kills it. Observed initial=(1, 1);after_first=(1, False, 'PLAY');after_second=(1, False, 'GRAVEYARD')",card_mechanism.csv#EX1_008; generic-play-smoke:played; effect-evidence: reports/card_quality_full_2026-09-27/classic_probe_first.csv#argent_squire_shield_absorbs_first_spell_then_dies; per-card: reports/card_quality_full_2026-09-27/classic_probe_first.csv#argent_squire_shield_absorbs_first_spell_then_dies,聚合状态取该卡最差机制；普通烟测只证明可执行，不能单独构成 GREEN。 Case evidence saved immediately. EN/ZH/source/test refs are recorded in probe CSV; prior test refs: tests/test_classic.py:580:test_blood_knight | tests/test_classic.py:592:test_blood_knight | tests/test_classic.py:593:test_blood_knight | tests/test_mechanics.py:326:test_divine_shield | tests/test_old_warsong_commander.py:44:test_old_warsong_commander_buffed.,Divine Shield,
17.6.0.53261,Classic (EXPERT1),EX1_009,Angry Chicken,愤怒的小鸡,Unclassified effect,GREEN,implemented,yes,"GREEN: angry_chicken_enrage_attack_bonus_tracks_damage_and_heal pass: Damage while alive grants +5 Attack; healing back to full removes that Attack bonus. Observed healthy=(1, 3, 3);damaged=(6, 2, 3, 1);healed=(1, 3, 3, 0)",card_mechanism.csv#EX1_009; generic-play-smoke:played; effect-evidence: reports/card_quality_full_2026-09-27/classic_probe_first.csv#angry_chicken_enrage_attack_bonus_tracks_damage_and_heal; per-card: reports/card_quality_full_2026-09-27/classic_probe_first.csv#angry_chicken_enrage_attack_bonus_tracks_damage_and_heal,聚合状态取该卡最差机制；普通烟测只证明可执行，不能单独构成 GREEN。 Case evidence saved immediately. EN/ZH/source/test refs are recorded in probe CSV; prior test refs: tests/test_classic.py:233:test_angry_chicken | tests/test_wog.py:330:test_mark_of_yshaarj.,Has +5 Attack while damaged.,fireplace/cards/classic/neutral_rare.py:34
17.6.0.53261,Classic (EXPERT1),EX1_010,Worgen Infiltrator,狼人渗透者,Stealth,GREEN,implemented,yes,GREEN: worgen_stealth_blocks_target_until_it_attacks pass: On the opponent's turn the Stealthed Worgen is untargetable; after its attack it loses Stealth and becomes targetable. Observed stealth_on_entry=True;hidden_targetable=False;after_attack_stealth=False;after_attack_targetable=True;enemy_hero=28;spell_zones=HAND/HAND,card_mechanism.csv#EX1_010; generic-play-smoke:played; effect-evidence: reports/card_quality_full_2026-09-27/classic_probe_first.csv#worgen_stealth_blocks_target_until_it_attacks; per-card: reports/card_quality_full_2026-09-27/classic_probe_first.csv#worgen_stealth_blocks_target_until_it_attacks,聚合状态取该卡最差机制；普通烟测只证明可执行，不能单独构成 GREEN。 Case evidence saved immediately. EN/ZH/source/test refs are recorded in probe CSV; prior test refs: tests/test_mechanics.py:820:test_stealth_windfury | tests/test_secrets.py:258:test_flare.,Stealth,
17.6.0.53261,Classic (EXPERT1),EX1_012,Bloodmage Thalnos,血法师萨尔诺斯,Deathrattle|Draw / Discard|Spell Damage,GREEN,implemented,yes,"GREEN: thalnos_spell_damage_and_deathrattle_draw pass: Spell Damage +1 makes Moonfire deal 2 and kill a Wisp; Thalnos's death draws the known top card into hand. Observed spell_damage=1;enemy=(1, 'GRAVEYARD');thalnos=GRAVEYARD;drawn=HAND,in_hand=True;deck=0",card_mechanism.csv#EX1_012; generic-play-smoke:played; effect-evidence: reports/card_quality_full_2026-09-27/classic_probe_first.csv#thalnos_spell_damage_and_deathrattle_draw; per-card: reports/card_quality_full_2026-09-27/classic_probe_first.csv#thalnos_spell_damage_and_deathrattle_draw,聚合状态取该卡最差机制；普通烟测只证明可执行，不能单独构成 GREEN。 Case evidence saved immediately. EN/ZH/source/test refs are recorded in probe CSV; prior test refs: tests/test_classic.py:25:test_acolyte_of_pain | tests/test_gangs.py:217:test_jade_shuriken.,Spell Damage +1 Deathrattle: Draw a card.,fireplace/cards/classic/neutral_legendary.py:16
17.6.0.53261,Classic (EXPERT1),EX1_014,King Mukla,穆克拉,Battlecry,GREEN,implemented,yes,"GREEN: king_mukla_gives_two_banana_cards_to_opponent pass: Mukla enters play and adds exactly two Banana cards to the opponent's hand without adding one to its controller's hand. Observed opponent_hand=['GAME_005:0:HAND', 'EX1_014t:1:HAND', 'EX1_014t:1:HAND'];banana_count=2;own_hand_delta=0;mukla=PLAY",card_mechanism.csv#EX1_014; generic-play-smoke:played; effect-evidence: reports/card_quality_full_2026-09-27/classic_probe_first.csv#king_mukla_gives_two_banana_cards_to_opponent; per-card: reports/card_quality_full_2026-09-27/classic_probe_first.csv#king_mukla_gives_two_banana_cards_to_opponent,聚合状态取该卡最差机制；普通烟测只证明可执行，不能单独构成 GREEN。 Case evidence saved immediately. EN/ZH/source/test refs are recorded in probe CSV; prior test refs: tests/test_classic.py:1848:test_king_mukla.,Battlecry: Give your opponent 2 Bananas.,fireplace/cards/classic/neutral_legendary.py:22
17.6.0.53261,Classic (EXPERT1),EX1_017,Jungle Panther,丛林猎豹,Stealth,GREEN,implemented,yes,GREEN: jungle_panther_stealth_hides_then_attack_breaks_it pass: The Panther is hidden from the opponent's hero-power targets and loses Stealth after making its attack. Observed stealth_on_entry=1;opponent_turn_hidden_target=False;stealth_after_attack=False;hero_health=26;attacks=1,card_mechanism.csv#EX1_017; generic-play-smoke:played; effect-evidence: reports/card_quality_full_2026-09-27/classic_probe_first.csv#jungle_panther_stealth_hides_then_attack_breaks_it; per-card: reports/card_quality_full_2026-09-27/classic_probe_first.csv#jungle_panther_stealth_hides_then_attack_breaks_it,聚合状态取该卡最差机制；普通烟测只证明可执行，不能单独构成 GREEN。 Case evidence saved immediately. EN/ZH/source/test refs are recorded in probe CSV; prior test refs: none.,Stealth,
17.6.0.53261,Classic (EXPERT1),EX1_020,Scarlet Crusader,血色十字军战士,Divine Shield,GREEN,implemented,yes,"GREEN: scarlet_crusader_shield_absorbs_combat_attack pass: A Charge Boar's attack consumes Scarlet Crusader's Divine Shield, leaves Crusader alive, and kills the Boar in combat. Observed crusader=3/1/1,shield=False,zone=PLAY;boar=1/GRAVEYARD",card_mechanism.csv#EX1_020; generic-play-smoke:played; effect-evidence: reports/card_quality_full_2026-09-27/classic_probe_first.csv#scarlet_crusader_shield_absorbs_combat_attack; per-card: reports/card_quality_full_2026-09-27/classic_probe_first.csv#scarlet_crusader_shield_absorbs_combat_attack,聚合状态取该卡最差机制；普通烟测只证明可执行，不能单独构成 GREEN。 Case evidence saved immediately. EN/ZH/source/test refs are recorded in probe CSV; prior test refs: tests/test_classic.py:1188:test_earth_shock.,Divine Shield,
17.6.0.53261,Classic (EXPERT1),EX1_021,Thrallmar Farseer,萨尔玛先知,Windfury,GREEN,implemented,yes,"GREEN: thrallmar_farseer_windfury_allows_two_attacks pass: After summoning sickness, Farseer makes two same-turn face attacks, each dealing its attack value. Observed windfury=1;ready_after_sickness=True;first=(28, 1, True);second_hero_health=26;attacks=2",card_mechanism.csv#EX1_021; generic-play-smoke:played; effect-evidence: reports/card_quality_full_2026-09-27/classic_probe_first.csv#thrallmar_farseer_windfury_allows_two_attacks; per-card: reports/card_quality_full_2026-09-27/classic_probe_first.csv#thrallmar_farseer_windfury_allows_two_attacks,聚合状态取该卡最差机制；普通烟测只证明可执行，不能单独构成 GREEN。 Case evidence saved immediately. EN/ZH/source/test refs are recorded in probe CSV; prior test refs: tests/test_controller.py:242:test_observation_exposes_public_minion_statuses_on_both_boards | tests/test_controller.py:262:test_observation_exposes_public_minion_statuses_on_both_boards | tests/test_controller.py:263:test_observation_exposes_public_minion_statuses_on_both_boards | tests/test_mechanics.py:737:test_silence.,Windfury,
17.6.0.53261,Classic (EXPERT1),EX1_023,Silvermoon Guardian,银月城卫兵,Divine Shield,GREEN,implemented,yes,"GREEN: silvermoon_guardian_shield_absorbs_combat_damage pass: A Charge attacker can fight Guardian; Divine Shield absorbs retaliation damage, Guardian stays unharmed, and attacker dies. Observed guardian=3/3/3;initial_health=3;shield=False;boar=1/GRAVEYARD;guardian_legal=True",card_mechanism.csv#EX1_023; generic-play-smoke:played; effect-evidence: reports/card_quality_full_2026-09-27/classic_probe_first.csv#silvermoon_guardian_shield_absorbs_combat_damage; per-card: reports/card_quality_full_2026-09-27/classic_probe_first.csv#silvermoon_guardian_shield_absorbs_combat_damage,聚合状态取该卡最差机制；普通烟测只证明可执行，不能单独构成 GREEN。 Case evidence saved immediately. EN/ZH/source/test refs are recorded in probe CSV; prior test refs: none.,Divine Shield,
17.6.0.53261,Classic (EXPERT1),EX1_028,Stranglethorn Tiger,荆棘谷猛虎,Stealth,GREEN,implemented,yes,"GREEN: stranglethorn_tiger_stealth_breaks_on_attack pass: Opponent cannot target the Stealthed Tiger; after it attacks, Stealth ends and opponent can target and kill it. Observed stealth_on_entry=True;opponent_hidden_targetable=False;hidden_spell=HAND;stealth_after_attack=False;opponent_targetable_after_attack=True;tiger=GRAVEYARD;finishing_hits=5;hero_health=25",card_mechanism.csv#EX1_028; generic-play-smoke:played; effect-evidence: reports/card_quality_full_2026-09-27/classic_probe_first.csv#stranglethorn_tiger_stealth_breaks_on_attack; per-card: reports/card_quality_full_2026-09-27/classic_probe_first.csv#stranglethorn_tiger_stealth_breaks_on_attack,聚合状态取该卡最差机制；普通烟测只证明可执行，不能单独构成 GREEN。 Case evidence saved immediately. EN/ZH/source/test refs are recorded in probe CSV; prior test refs: tests/test_gvg.py:1099:test_voljin_stealth.,Stealth,
17.6.0.53261,Classic (EXPERT1),EX1_029,Leper Gnome,麻风侏儒,Deathrattle,GREEN,implemented,yes,GREEN: leper_gnome_deathrattle_hits_enemy_hero pass: Killing Leper Gnome sends it to the graveyard and its Deathrattle deals exactly 2 to the opposing hero. Observed enemy_can_target=True;gnome=1/GRAVEYARD;enemy_hero=30->28;kill_spell=GRAVEYARD,card_mechanism.csv#EX1_029; generic-play-smoke:played; effect-evidence: reports/card_quality_full_2026-09-27/classic_probe_first.csv#leper_gnome_deathrattle_hits_enemy_hero; per-card: reports/card_quality_full_2026-09-27/classic_probe_first.csv#leper_gnome_deathrattle_hits_enemy_hero,聚合状态取该卡最差机制；普通烟测只证明可执行，不能单独构成 GREEN。 Case evidence saved immediately. EN/ZH/source/test refs are recorded in probe CSV; prior test refs: tests/test_dalaran.py:42:test_nine_lives | tests/test_gvg.py:716:test_mekgineer_thermaplugg | tests/test_league.py:538:test_unearthed_raptor | tests/test_naxxramas.py:48:test_baron_rivendare | tests/test_naxxramas.py:517:test_undertaker | tests/test_naxxramas.py:522:test_undertaker | tests/test_naxxramas.py:525:test_undertaker | tests/test_wog.py:270:test_forlorn_stalker.,Deathrattle: Deal 2 damage to the enemy hero.,fireplace/cards/classic/neutral_common.py:219
17.6.0.53261,Classic (EXPERT1),EX1_032,Sunwalker,烈日行者,Divine Shield|Taunt,GREEN,implemented,yes,"GREEN: sunwalker_taunt_shield_combat_targeting pass: Enemy Charge minion must attack Sunwalker, Divine Shield absorbs the hit, Taunt remains, and attacker dies. Observed taunt=1;shield=False;boar_can_attack_sunwalker=True;boar_can_attack_hero=False;sunwalker=5/5/PLAY;boar=GRAVEYARD",card_mechanism.csv#EX1_032; generic-play-smoke:played; effect-evidence: reports/card_quality_full_2026-09-27/classic_probe_first.csv#sunwalker_taunt_shield_combat_targeting; per-card: reports/card_quality_full_2026-09-27/classic_probe_first.csv#sunwalker_taunt_shield_combat_targeting,聚合状态取该卡最差机制；普通烟测只证明可执行，不能单独构成 GREEN。 Case evidence saved immediately. EN/ZH/source/test refs are recorded in probe CSV; prior test refs: none.,Taunt Divine Shield,
17.6.0.53261,Classic (EXPERT1),EX1_033,Windfury Harpy,风怒鹰身人,Windfury,GREEN,implemented,yes,"GREEN: windfury_harpy_makes_two_face_attacks pass: After summoning sickness, Windfury Harpy makes two same-turn attacks and deals its attack value twice. Observed windfury=1;ready=True;first=(26, 1, True);second_hero_health=22;attacks=2",card_mechanism.csv#EX1_033; generic-play-smoke:played; effect-evidence: reports/card_quality_full_2026-09-27/classic_probe_first.csv#windfury_harpy_makes_two_face_attacks; per-card: reports/card_quality_full_2026-09-27/classic_probe_first.csv#windfury_harpy_makes_two_face_attacks,聚合状态取该卡最差机制；普通烟测只证明可执行，不能单独构成 GREEN。 Case evidence saved immediately. EN/ZH/source/test refs are recorded in probe CSV; prior test refs: none.,Windfury,
17.6.0.53261,Classic (EXPERT1),EX1_043,Twilight Drake,暮光幼龙,Battlecry,GREEN,implemented,yes,"GREEN: twilight_drake_gains_health_for_each_other_hand_card pass: On play, Drake gains exactly +1 maximum and current Health for every other card still in its controller's hand. Observed other_cards_before_play=3;remaining_hand=3;drake=4/4/4;zone=PLAY",card_mechanism.csv#EX1_043; generic-play-smoke:played; effect-evidence: reports/card_quality_full_2026-09-27/classic_probe_first.csv#twilight_drake_gains_health_for_each_other_hand_card; per-card: reports/card_quality_full_2026-09-27/classic_probe_first.csv#twilight_drake_gains_health_for_each_other_hand_card,聚合状态取该卡最差机制；普通烟测只证明可执行，不能单独构成 GREEN。 Case evidence saved immediately. EN/ZH/source/test refs are recorded in probe CSV; prior test refs: tests/test_classic.py:3435:test_twilight_drake | tests/test_classic.py:3443:test_twilight_drake | tests/test_wog.py:515:test_steward_of_darkshire.,Battlecry: Gain +1 Health for each card in your hand.,fireplace/cards/classic/neutral_rare.py:43
17.6.0.53261,Classic (EXPERT1),EX1_044,Questing Adventurer,任务达人,Trigger,GREEN,implemented,yes,"GREEN: questing_adventurer_triggers_on_own_cards_only pass: Questing gains +1/+1 from an own spell and an own minion, while an opponent spell causes no further growth. Observed base=(2, 2, 2);after_own_spell=(3, 3, 3);after_own_minion=(4, 4, 4);after_enemy_spell=(4, 4, 4);wisp=PLAY;spell_zones=GRAVEYARD",card_mechanism.csv#EX1_044; generic-play-smoke:played; effect-evidence: reports/card_quality_full_2026-09-27/classic_probe_first.csv#questing_adventurer_triggers_on_own_cards_only; per-card: reports/card_quality_full_2026-09-27/classic_probe_first.csv#questing_adventurer_triggers_on_own_cards_only,聚合状态取该卡最差机制；普通烟测只证明可执行，不能单独构成 GREEN。 Case evidence saved immediately. EN/ZH/source/test refs are recorded in probe CSV; prior test refs: tests/test_classic.py:1824:test_keeper_of_the_grove | tests/test_classic.py:2638:test_questing_adventurer | tests/test_classic.py:2656:test_questing_adventurer_big_game_hunter | tests/test_classic.py:2669:test_questing_adventurer_shadow_word_pain.,"Whenever you play a card, gain +1/+1.",fireplace/cards/classic/neutral_rare.py:52
17.6.0.53261,Classic (EXPERT1),EX1_045,Ancient Watcher,上古看守者,Unclassified effect,GREEN,implemented,yes,GREEN: ancient_watcher_silence_removes_cannot_attack pass: Watcher cannot attack on successive turns; after an opponent-targetable Silence it can attack the enemy hero. Observed initial_can_attack=False;initial_targets=['HERO_08'];still_cannot_attack_next_turn=False;silence_target_legal=True;after_silence_can_attack=True;hero_health=26;watcher=4/5/PLAY,card_mechanism.csv#EX1_045; generic-play-smoke:played; effect-evidence: reports/card_quality_full_2026-09-27/classic_probe_first.csv#ancient_watcher_silence_removes_cannot_attack; per-card: reports/card_quality_full_2026-09-27/classic_probe_first.csv#ancient_watcher_silence_removes_cannot_attack,聚合状态取该卡最差机制；普通烟测只证明可执行，不能单独构成 GREEN。 Case evidence saved immediately. EN/ZH/source/test refs are recorded in probe CSV; prior test refs: tests/test_classic.py:214:test_ancient_watcher | tests/test_mechanics.py:180:test_charge.,Can't attack.,
17.6.0.53261,Classic (EXPERT1),EX1_046,Dark Iron Dwarf,黑铁矮人,Battlecry|Targeting,GREEN,implemented,yes,"GREEN: dark_iron_dwarf_buffs_friendly_target_until_turn_end pass: A friendly minion gains +2 Attack, attacks for the increased value, then returns to base Attack at controller turn end. Observed friendly_target_legal=True;buffed_attack=3;can_attack_with_buff=True;damage_dealt=3;attack_after_controller_turn=1;dwarf=PLAY; dark_iron_dwarf_allows_enemy_target_and_expires pass: Both friendly and enemy minions are legal targets; chosen enemy gains +2 Attack temporarily and returns to base after caster turn. Observed friendly_legal=True;enemy_legal=True;enemy_attack_during_controller_turn=6;after_expiry=4;enemy_still_in_play=True",card_mechanism.csv#EX1_046; generic-play-smoke:played; effect-evidence: reports/card_quality_full_2026-09-27/classic_probe_first.csv#dark_iron_dwarf_allows_enemy_target_and_expires; reports/card_quality_full_2026-09-27/classic_probe_first.csv#dark_iron_dwarf_buffs_friendly_target_until_turn_end; per-card: reports/card_quality_full_2026-09-27/classic_probe_first.csv#dark_iron_dwarf_allows_enemy_target_and_expires; reports/card_quality_full_2026-09-27/classic_probe_first.csv#dark_iron_dwarf_buffs_friendly_target_until_turn_end,聚合状态取该卡最差机制；普通烟测只证明可执行，不能单独构成 GREEN。 Case evidence saved immediately. EN/ZH/source/test refs are recorded in probe CSV; prior test refs: none.,Battlecry: Give a minion +2 Attack this turn.,fireplace/cards/classic/neutral_common.py:225
17.6.0.53261,Classic (EXPERT1),EX1_055,Mana Addict,魔瘾者,Trigger,GREEN,implemented,yes,GREEN: mana_addict_stacks_own_spell_triggers_then_expires pass: Two own spells each add +2 Attack; buff expires at controller turn end and opponent's spell adds nothing. Observed base=1;after_own_spells=3/5;after_controller_turn=1;after_enemy_spell=1;enemy_spell=GRAVEYARD,card_mechanism.csv#EX1_055; generic-play-smoke:played; effect-evidence: reports/card_quality_full_2026-09-27/classic_probe_first.csv#mana_addict_stacks_own_spell_triggers_then_expires; per-card: reports/card_quality_full_2026-09-27/classic_probe_first.csv#mana_addict_stacks_own_spell_triggers_then_expires,聚合状态取该卡最差机制；普通烟测只证明可执行，不能单独构成 GREEN。 Case evidence saved immediately. EN/ZH/source/test refs are recorded in probe CSV; prior test refs: tests/test_classic.py:2067:test_mana_addict.,"Whenever you cast a spell, gain +2 Attack this turn.",fireplace/cards/classic/neutral_rare.py:67
17.6.0.53261,Classic (EXPERT1),EX1_057,Ancient Brewmaster,年迈的酒仙,Battlecry|Targeting,GREEN,implemented,yes,"GREEN: ancient_brewmaster_bounces_only_friendly_target pass: Wounded friendly minion is legal and returns to hand, enemy minion is illegal, and re-playing returned card restores full Health. Observed friendly_legal=True;enemy_legal=False;bounced=('HAND', True, 5, 5);replayed=('PLAY', 5, 5);enemy_stays=True",card_mechanism.csv#EX1_057; generic-play-smoke:played; effect-evidence: reports/card_quality_full_2026-09-27/classic_probe_first.csv#ancient_brewmaster_bounces_only_friendly_target; per-card: reports/card_quality_full_2026-09-27/classic_probe_first.csv#ancient_brewmaster_bounces_only_friendly_target,聚合状态取该卡最差机制；普通烟测只证明可执行，不能单独构成 GREEN。 Case evidence saved immediately. EN/ZH/source/test refs are recorded in probe CSV; prior test refs: none.,Battlecry: Return a friendly minion from the battlefield to your hand.,fireplace/cards/classic/neutral_common.py:258
17.6.0.53261,Classic (EXPERT1),EX1_058,Sunfury Protector,日怒保卫者,Battlecry,GREEN,implemented,yes,"GREEN: sunfury_protector_gives_taunt_to_adjacent_minions_only pass: With insertion at index 1, the minions immediately to either side gain Taunt; the farther minion and Protector do not. Observed board_order=['CS2_231', 'EX1_058', 'CS2_231', 'CS2_231'];positions=left=0,protector=1,right=2,far=3;taunts=left:True,right:True,far:False,self:False",card_mechanism.csv#EX1_058; generic-play-smoke:played; effect-evidence: reports/card_quality_full_2026-09-27/classic_probe_first.csv#sunfury_protector_gives_taunt_to_adjacent_minions_only; per-card: reports/card_quality_full_2026-09-27/classic_probe_first.csv#sunfury_protector_gives_taunt_to_adjacent_minions_only,聚合状态取该卡最差机制；普通烟测只证明可执行，不能单独构成 GREEN。 Case evidence saved immediately. EN/ZH/source/test refs are recorded in probe CSV; prior test refs: tests/test_classic.py:3274:test_sunfury_protector.,Battlecry: Give adjacent minions Taunt.,fireplace/cards/classic/neutral_rare.py:76
17.6.0.53261,Classic (EXPERT1),EX1_059,Crazed Alchemist,疯狂的炼金师,Battlecry|Targeting,GREEN,implemented,yes,"GREEN: crazed_alchemist_swaps_attack_health_on_friendly_and_enemy pass: Both friendly and enemy minions are legal; each full-health 4/5 Yeti becomes 5/4 without leaving play. Observed friendly_legal=True;after_swap=(5, 4, 4);zone=PLAY;enemy_legal=True;after_swap=(5, 4, 4);zone=PLAY",card_mechanism.csv#EX1_059; generic-play-smoke:played; effect-evidence: reports/card_quality_full_2026-09-27/classic_probe_first.csv#crazed_alchemist_swaps_attack_health_on_friendly_and_enemy; per-card: reports/card_quality_full_2026-09-27/classic_probe_first.csv#crazed_alchemist_swaps_attack_health_on_friendly_and_enemy,聚合状态取该卡最差机制；普通烟测只证明可执行，不能单独构成 GREEN。 Case evidence saved immediately. EN/ZH/source/test refs are recorded in probe CSV; prior test refs: tests/test_classic.py:752:test_crazed_alchemist | tests/test_classic.py:769:test_crazed_alchemist_damage_silence.,Battlecry: Swap the Attack and Health of a minion.,fireplace/cards/classic/neutral_rare.py:82
17.6.0.53261,Classic (EXPERT1),EX1_067,Argent Commander,银色指挥官,Charge|Divine Shield,GREEN,implemented,yes,GREEN: argent_commander_charge_and_divine_shield_in_combat pass: Commander attacks a 4/5 immediately after play; its shield absorbs retaliation and it survives while dealing 4 damage. Observed charge=1;immediate_attack=True;target_legal=True;enemy=1/5/PLAY;commander=2/2;shield=False;commander_attacks=1,card_mechanism.csv#EX1_067; generic-play-smoke:played; effect-evidence: reports/card_quality_full_2026-09-27/classic_probe_first.csv#argent_commander_charge_and_divine_shield_in_combat; per-card: reports/card_quality_full_2026-09-27/classic_probe_first.csv#argent_commander_charge_and_divine_shield_in_combat,聚合状态取该卡最差机制；普通烟测只证明可执行，不能单独构成 GREEN。 Case evidence saved immediately. EN/ZH/source/test refs are recorded in probe CSV; prior test refs: none.,Charge Divine Shield,
17.6.0.53261,Classic (EXPERT1),EX1_076,Pint-Sized Summoner,小个子召唤师,Aura|Continuous effect / Update|Cost modification,GREEN,implemented,yes,"GREEN: pint_sized_summoner_discounts_first_minion_each_turn pass: Summoner discounts the first minion by 1, removes discount after it is played, leaves spells unchanged, and refreshes next turn. Observed first_minion_cost=3;second_minion_same_turn=3;spell_cost=0;after_first_play=(4, 0, 1);next_controller_turn_second_cost=3;summoner=PLAY",card_mechanism.csv#EX1_076; generic-play-smoke:played; effect-evidence: reports/card_quality_full_2026-09-27/classic_probe_first.csv#pint_sized_summoner_discounts_first_minion_each_turn; per-card: reports/card_quality_full_2026-09-27/classic_probe_first.csv#pint_sized_summoner_discounts_first_minion_each_turn,聚合状态取该卡最差机制；普通烟测只证明可执行，不能单独构成 GREEN。 Case evidence saved immediately. EN/ZH/source/test refs are recorded in probe CSV; prior test refs: tests/test_classic.py:2439:test_pint_sized_summoner | tests/test_classic.py:2462:test_pint_sized_summoner.,The first minion you play each turn costs (1) less.,fireplace/cards/classic/neutral_rare.py:92
17.6.0.53261,Classic (EXPERT1),EX1_080,Secretkeeper,奥秘守护者,Trigger,RED,partial,yes,"RED: secretkeeper_gains_stats_when_either_player_plays_secret confirmed_error: Secretkeeper gains +1/+1 when its controller and when the opponent each play a Secret. Observed base=(1, 2, 2);after_friendly_secret=(2, 3, 3);after_enemy_secret=(2, 3, 3);secret_zones=SECRET/SECRET;keeper=PLAY",card_mechanism.csv#EX1_080; generic-play-smoke:played; effect-evidence: reports/card_quality_full_2026-09-27/classic_probe_first.csv#secretkeeper_gains_stats_when_either_player_plays_secret; per-card: reports/card_quality_full_2026-09-27/classic_probe_first.csv#secretkeeper_gains_stats_when_either_player_plays_secret,聚合状态取该卡最差机制；普通烟测只证明可执行，不能单独构成 GREEN。 Case evidence saved immediately. EN/ZH/source/test refs are recorded in probe CSV; prior test refs: tests/test_secrets.py:627:test_secretkeeper.,"Whenever a Secret is played, gain +1/+1.",fireplace/cards/classic/neutral_rare.py:100
17.6.0.53261,Classic (EXPERT1),EX1_082,Mad Bomber,疯狂投弹者,Battlecry|Random effects,GREEN,implemented,yes,"GREEN: mad_bomber_splits_three_hits_across_other_characters pass: Across fixed seeds, each battlecry deals exactly 3 total random damage to other characters; every hero/minion candidate is reached and Bomber is excluded. Observed seeds=0..31;all_damage_totals=[3];target_indexes_seen=[0, 1, 2, 3, 4, 5];expected_target_indexes=0..5;failures=[];bomber_damage=0",card_mechanism.csv#EX1_082; generic-play-smoke:played; effect-evidence: reports/card_quality_full_2026-09-27/classic_probe_first.csv#mad_bomber_splits_three_hits_across_other_characters; per-card: reports/card_quality_full_2026-09-27/classic_probe_first.csv#mad_bomber_splits_three_hits_across_other_characters,聚合状态取该卡最差机制；普通烟测只证明可执行，不能单独构成 GREEN。 Case evidence saved immediately. EN/ZH/source/test refs are recorded in probe CSV; prior test refs: tests/test_classic.py:2027:test_mad_bomber.,Battlecry: Deal 3 damage randomly split between all other characters.,fireplace/cards/classic/neutral_common.py:48
17.6.0.53261,Classic (EXPERT1),EX1_083,Tinkmaster Overspark,工匠大师欧沃斯巴克,Battlecry|Random effects|Transform,GREEN,implemented,yes,"GREEN: tinkmaster_randomly_transforms_one_other_minion pass: Across fixed seeds, either friendly or enemy minions can be chosen; exactly one becomes a 5/5 Devilsaur or a 1/1 Squirrel, never Tinkmaster. Observed seeds=0..63;target_sides_seen=['enemy', 'friendly'];forms_seen=['EX1_tk28', 'EX1_tk29'];expected_sides=['enemy','friendly'];expected_forms=['EX1_tk28','EX1_tk29'];failures=[]",card_mechanism.csv#EX1_083; generic-play-smoke:played; effect-evidence: reports/card_quality_full_2026-09-27/classic_probe_first.csv#tinkmaster_randomly_transforms_one_other_minion; per-card: reports/card_quality_full_2026-09-27/classic_probe_first.csv#tinkmaster_randomly_transforms_one_other_minion,聚合状态取该卡最差机制；普通烟测只证明可执行，不能单独构成 GREEN。 Case evidence saved immediately. EN/ZH/source/test refs are recorded in probe CSV; prior test refs: tests/test_classic.py:3370:test_tinkmaster_overspark | tests/test_classic.py:3373:test_tinkmaster_overspark.,[x]Battlecry: Transform another random minion into a 5/5 Devilsaur  or a 1/1 Squirrel.,fireplace/cards/classic/neutral_legendary.py:50
17.6.0.53261,Classic (EXPERT1),EX1_089,Arcane Golem,奥术傀儡,Battlecry,GREEN,implemented,yes,"GREEN: arcane_golem_increases_opponent_max_mana pass: Playing Golem adds one Mana Crystal to opponent's maximum (3 to 4) without changing its controller's maximum. Observed max_mana_before=(10, 3);after=(10, 4);golem=PLAY",card_mechanism.csv#EX1_089; generic-play-smoke:played; effect-evidence: reports/card_quality_full_2026-09-27/classic_probe_first.csv#arcane_golem_increases_opponent_max_mana; per-card: reports/card_quality_full_2026-09-27/classic_probe_first.csv#arcane_golem_increases_opponent_max_mana,聚合状态取该卡最差机制；普通烟测只证明可执行，不能单独构成 GREEN。 Case evidence saved immediately. EN/ZH/source/test refs are recorded in probe CSV; prior test refs: tests/test_classic.py:274:test_arcane_golem.,Battlecry: Give your opponent a Mana Crystal.,fireplace/cards/classic/neutral_rare.py:115
17.6.0.53261,Classic (EXPERT1),EX1_091,Cabal Shadow Priest,秘教暗影祭司,Battlecry|Targeting,GREEN,implemented,yes,"GREEN: cabal_shadow_priest_steals_enemy_minion_at_two_attack_boundary pass: Enemy 2-Attack minion is legal and stolen; friendly and enemy 3-Attack minions are excluded. Observed friendly_legal=False;enemy_2_attack_legal=True;enemy_3_attack_legal=False;stolen_owner=Player1;p1_field=['CS2_231', 'CS2_188', 'EX1_091', 'CS2_231'];p2_field=['CS2_231'];other_enemy=3/PLAY",card_mechanism.csv#EX1_091; generic-play-smoke:played; effect-evidence: reports/card_quality_full_2026-09-27/classic_probe_first.csv#cabal_shadow_priest_steals_enemy_minion_at_two_attack_boundary; per-card: reports/card_quality_full_2026-09-27/classic_probe_first.csv#cabal_shadow_priest_steals_enemy_minion_at_two_attack_boundary,聚合状态取该卡最差机制；普通烟测只证明可执行，不能单独构成 GREEN。 Case evidence saved immediately. EN/ZH/source/test refs are recorded in probe CSV; prior test refs: tests/test_classic.py:740:test_corruption.,Battlecry: Take control of an enemy minion that has 2 or less Attack.,fireplace/cards/classic/priest.py:14
17.6.0.53261,Classic (EXPERT1),EX1_093,Defender of Argus,阿古斯防御者,Battlecry,GREEN,implemented,yes,"GREEN: defender_of_argus_buffs_only_two_adjacent_minions pass: Placed between minions, Argus grants +1/+1 and Taunt to the immediate neighbors only; the farther minion and Argus do not gain either. Observed board=['CS2_231', 'EX1_093', 'CS2_231', 'CS2_231'];positions=[0, 1, 2, 3];left_right_far_defender=[(2, 2, 2, True), (2, 2, 2, True), (1, 1, 1, False), (2, 3, 3, False)]",card_mechanism.csv#EX1_093; generic-play-smoke:played; effect-evidence: reports/card_quality_full_2026-09-27/classic_probe_first.csv#defender_of_argus_buffs_only_two_adjacent_minions; per-card: reports/card_quality_full_2026-09-27/classic_probe_first.csv#defender_of_argus_buffs_only_two_adjacent_minions,聚合状态取该卡最差机制；普通烟测只证明可执行，不能单独构成 GREEN。 Case evidence saved immediately. EN/ZH/source/test refs are recorded in probe CSV; prior test refs: tests/test_classic.py:945:test_defender_of_argus | tests/test_classic.py:956:test_defender_of_argus | tests/test_classic.py:965:test_defender_of_argus | tests/test_dsl.py:195:test_positional_selectors.,Battlecry: Give adjacent minions +1/+1 and Taunt.,fireplace/cards/classic/neutral_rare.py:121
17.6.0.53261,Classic (EXPERT1),EX1_095,Gadgetzan Auctioneer,加基森拍卖师,Draw / Discard|Trigger,YELLOW,implemented,partial,"YELLOW: gadgetzan_auctioneer_draws_for_own_spell_not_opponent_spell pass: Own physical spell draws the known top card; an opponent's spell leaves the next known card in deck. Observed expected_draw_order=['CS2_231', 'CS2_182'];after_own_spell=(True, True, 'GRAVEYARD');after_enemy_spell=(False, True, 'GRAVEYARD');auctioneer=PLAY;hand=['CS2_231']; unresolved blocker: CAST-001 remains unresolved for listener behavior when another card script casts a spell; ordinary player-cast spell behavior is tested here.",card_mechanism.csv#EX1_095; generic-play-smoke:played; per-card: reports/card_quality_full_2026-09-27/classic_probe_first.csv#gadgetzan_auctioneer_draws_for_own_spell_not_opponent_spell,聚合状态取该卡最差机制；普通烟测只证明可执行，不能单独构成 GREEN。 Case evidence saved immediately. EN/ZH/source/test refs are recorded in probe CSV; prior test refs: tests/test_classic.py:1414:test_gadgetzan_auctioneer | tests/test_dalaran.py:261:test_twin_spell.,"Whenever you cast a spell, draw a card.",fireplace/cards/classic/neutral_rare.py:130
17.6.0.53261,Classic (EXPERT1),EX1_096,Loot Hoarder,战利品贮藏者,Deathrattle|Draw / Discard,GREEN,implemented,yes,"GREEN: loot_hoarder_deathrattle_draws_its_owners_top_card pass: After the enemy deals lethal damage, Hoarder enters graveyard and its controller draws the known top card. Observed enemy_can_target=True;hoarder=GRAVEYARD;drawn_top=HAND;owner_hand_contains_top=True;killer_spell=GRAVEYARD",card_mechanism.csv#EX1_096; generic-play-smoke:played; effect-evidence: reports/card_quality_full_2026-09-27/classic_probe_first.csv#loot_hoarder_deathrattle_draws_its_owners_top_card; per-card: reports/card_quality_full_2026-09-27/classic_probe_first.csv#loot_hoarder_deathrattle_draws_its_owners_top_card,聚合状态取该卡最差机制；普通烟测只证明可执行，不能单独构成 GREEN。 Case evidence saved immediately. EN/ZH/source/test refs are recorded in probe CSV; prior test refs: tests/test_gvg.py:466:test_hobgoblin | tests/test_hero_powers.py:160:test_warlock | tests/test_hero_powers.py:161:test_warlock | tests/test_mechanics.py:247:test_deathrattle_simple | tests/test_mechanics.py:256:test_deathrattle.,Deathrattle: Draw a card.,fireplace/cards/classic/neutral_common.py:276
17.6.0.53261,Classic (EXPERT1),EX1_097,Abomination,憎恶,Deathrattle|Taunt,GREEN,implemented,yes,"GREEN: abomination_deathrattle_hits_all_characters_and_resolves_deaths pass: On death, Abomination deals 2 to both heroes and all minions; both resulting Loot Hoarder deaths resolve and each owner draws. Observed taunt=1;abomination=GRAVEYARD;heroes=(25, 25)->(23, 23);friendly_hoarder=GRAVEYARD,draw=HAND;enemy_hoarder=GRAVEYARD,draw=HAND;yetis=3/PLAY,3/PLAY",card_mechanism.csv#EX1_097; generic-play-smoke:played; effect-evidence: reports/card_quality_full_2026-09-27/classic_probe_first.csv#abomination_deathrattle_hits_all_characters_and_resolves_deaths; per-card: reports/card_quality_full_2026-09-27/classic_probe_first.csv#abomination_deathrattle_hits_all_characters_and_resolves_deaths,聚合状态取该卡最差机制；普通烟测只证明可执行，不能单独构成 GREEN。 Case evidence saved immediately. EN/ZH/source/test refs are recorded in probe CSV; prior test refs: tests/test_naxxramas.py:332:test_poison_seeds.,Taunt. Deathrattle: Deal 2 damage to ALL characters.,fireplace/cards/classic/neutral_rare.py:136
17.6.0.53261,Classic (EXPERT1),EX1_100,Lorewalker Cho,游学者周卓,Trigger,GREEN,implemented,yes,"GREEN: lorewalker_cho_copies_each_players_cast_spell_to_other_hand pass: A spell cast by each player is copied to the other player's hand while the original resolves and enters graveyard. Observed after_p1_cast=('GRAVEYARD', 1, 'HAND');after_p2_cast=('GRAVEYARD', 1, 'HAND');copy_controllers=Player2/Player1;cho=PLAY",card_mechanism.csv#EX1_100; generic-play-smoke:played; effect-evidence: reports/card_quality_full_2026-09-27/classic_probe_first.csv#lorewalker_cho_copies_each_players_cast_spell_to_other_hand; per-card: reports/card_quality_full_2026-09-27/classic_probe_first.csv#lorewalker_cho_copies_each_players_cast_spell_to_other_hand,聚合状态取该卡最差机制；普通烟测只证明可执行，不能单独构成 GREEN。 Case evidence saved immediately. EN/ZH/source/test refs are recorded in probe CSV; prior test refs: tests/test_classic.py:2003:test_lorewalker_cho.,"Whenever a player casts a spell, put a copy into the other player’s hand.",fireplace/cards/classic/neutral_legendary.py:56
17.6.0.53261,Classic (EXPERT1),EX1_102,Demolisher,攻城车,Random effects|Trigger,GREEN,implemented,yes,"GREEN: demolisher_turn_start_hits_one_random_enemy_for_two pass: Across fixed seeds, the own-turn-start trigger deals exactly 2 to one random enemy character, reaching enemy hero and both minions. Observed seeds=0..31;enemy_targets_seen=['hero', 'minion_0', 'minion_1'];expected=['hero','minion_0','minion_1'];failures=[]",card_mechanism.csv#EX1_102; generic-play-smoke:played; effect-evidence: reports/card_quality_full_2026-09-27/classic_probe_first.csv#demolisher_turn_start_hits_one_random_enemy_for_two; per-card: reports/card_quality_full_2026-09-27/classic_probe_first.csv#demolisher_turn_start_hits_one_random_enemy_for_two,聚合状态取该卡最差机制；普通烟测只证明可执行，不能单独构成 GREEN。 Case evidence saved immediately. EN/ZH/source/test refs are recorded in probe CSV; prior test refs: tests/test_classic.py:992:test_demolisher.,"At the start of your turn, deal 2 damage to a random enemy.",fireplace/cards/classic/neutral_common.py:54
17.6.0.53261,Classic (EXPERT1),EX1_103,Coldlight Seer,寒光先知,Battlecry,GREEN,implemented,yes,"GREEN: coldlight_seer_gives_two_health_to_other_friendly_murlocs pass: Other friendly Murlocs gain +2 current and maximum Health; non-Murlocs, enemy Murlocs, and Seer are unchanged. Observed before=[(1, 2), (2, 2), (1, 1), (2, 2)];after=[(3, 4), (4, 4), (1, 1), (2, 2)];seer=3/3/PLAY",card_mechanism.csv#EX1_103; generic-play-smoke:played; effect-evidence: reports/card_quality_full_2026-09-27/classic_probe_first.csv#coldlight_seer_gives_two_health_to_other_friendly_murlocs; per-card: reports/card_quality_full_2026-09-27/classic_probe_first.csv#coldlight_seer_gives_two_health_to_other_friendly_murlocs,聚合状态取该卡最差机制；普通烟测只证明可执行，不能单独构成 GREEN。 Case evidence saved immediately. EN/ZH/source/test refs are recorded in probe CSV; prior test refs: none.,Battlecry: Give your other Murlocs +2 Health.,fireplace/cards/classic/neutral_rare.py:142
17.6.0.53261,Classic (EXPERT1),EX1_110,Cairne Bloodhoof,凯恩·血蹄,Deathrattle|Summon,GREEN,implemented,yes,"GREEN: cairne_deathrattle_summons_one_four_five_baine pass: After the enemy destroys Cairne, the original enters graveyard and exactly one 4/5 Baine appears for Cairne's controller. Observed enemy_target_legal=True;cairne=GRAVEYARD;baine_count=1;baine_stats=[(4, 5, 5, 'PLAY')];destroy_spell=GRAVEYARD",card_mechanism.csv#EX1_110; generic-play-smoke:played; effect-evidence: reports/card_quality_full_2026-09-27/classic_probe_first.csv#cairne_deathrattle_summons_one_four_five_baine; per-card: reports/card_quality_full_2026-09-27/classic_probe_first.csv#cairne_deathrattle_summons_one_four_five_baine,聚合状态取该卡最差机制；普通烟测只证明可执行，不能单独构成 GREEN。 Case evidence saved immediately. EN/ZH/source/test refs are recorded in probe CSV; prior test refs: tests/test_tgt.py:264:test_effigy.,Deathrattle: Summon a 4/5 Baine Bloodhoof.,fireplace/cards/classic/neutral_legendary.py:62
17.6.0.53261,Classic (EXPERT1),EX1_124,Eviscerate,刺骨,Combo|Spell resolution|Targeting,GREEN,implemented,yes,"GREEN: eviscerate_normal_branch_deals_two_and_accepts_both_sides pass: Without a prior card, Eviscerate deals 2; friendly and enemy minions are legal targets. Observed combo_before=False;friendly_target_legal=True;enemy_target_legal=True;enemy_health=3/5;spell=GRAVEYARD;combo_after=True; eviscerate_combo_branch_deals_four_and_accepts_both_sides pass: After a prior card enables Combo, Eviscerate deals 4 to a friendly target; friendly and enemy minions are legal. Observed combo_before=True;friendly_target_legal=True;enemy_target_legal=True;friendly_health=1/5/PLAY;enemy_health=5/5;spell=GRAVEYARD",card_mechanism.csv#EX1_124; generic-play-smoke:played; effect-evidence: reports/card_quality_full_2026-09-27/classic_probe_first.csv#eviscerate_combo_branch_deals_four_and_accepts_both_sides; reports/card_quality_full_2026-09-27/classic_probe_first.csv#eviscerate_normal_branch_deals_two_and_accepts_both_sides; per-card: reports/card_quality_full_2026-09-27/classic_probe_first.csv#eviscerate_combo_branch_deals_four_and_accepts_both_sides; reports/card_quality_full_2026-09-27/classic_probe_first.csv#eviscerate_normal_branch_deals_two_and_accepts_both_sides,聚合状态取该卡最差机制；普通烟测只证明可执行，不能单独构成 GREEN。 Case evidence saved immediately. EN/ZH/source/test refs are recorded in probe CSV; prior test refs: tests/test_karazhan.py:229:test_ethereal_peddler | tests/test_karazhan.py:239:test_ethereal_peddler.,Deal $2 damage. Combo: Deal $4 damage instead.,fireplace/cards/classic/rogue.py:123
17.6.0.53261,Classic (EXPERT1),EX1_126,Betrayal,背叛,Spell resolution|Targeting,GREEN,implemented,yes,"GREEN: betrayal_enemy_minion_deals_its_attack_to_adjacent_minions pass: Enemy minion target is legal; its 4 Attack hits only immediate same-board neighbors, not itself, farther minions or friendly minions. Observed friendly_legal=False;enemy_minion_legal=True;hero_legal=False;left=1/GRAVEYARD;target=5/PLAY;right=1/PLAY;far=5/PLAY;friendly=5/PLAY;spell=GRAVEYARD",card_mechanism.csv#EX1_126; generic-play-smoke:played; effect-evidence: reports/card_quality_full_2026-09-27/classic_probe_first.csv#betrayal_enemy_minion_deals_its_attack_to_adjacent_minions; per-card: reports/card_quality_full_2026-09-27/classic_probe_first.csv#betrayal_enemy_minion_deals_its_attack_to_adjacent_minions,聚合状态取该卡最差机制；普通烟测只证明可执行，不能单独构成 GREEN。 Case evidence saved immediately. EN/ZH/source/test refs are recorded in probe CSV; prior test refs: tests/test_classic.py:450:test_betrayal | tests/test_classic.py:461:test_betrayal | tests/test_classic.py:476:test_betrayal_poisonous.,Force an enemy minion to deal its damage to the minions next to it.,fireplace/cards/classic/rogue.py:131
17.6.0.53261,Classic (EXPERT1),EX1_130,Noble Sacrifice,崇高牺牲,Secret|Spell resolution|Summon|Targeting|Trigger,RED,partial,yes,"RED: noble_sacrifice_redirects_enemy_attack_to_defender pass: An enemy Charge attack at the hero reveals the Secret, summons a 2/1 Defender as target, and combat leaves hero unharmed. Observed hero_was_legal=True;secret=GRAVEYARD;hero=30->30;boar=1/GRAVEYARD;defender_graveyard_count=1;p1_field=[]; noble_sacrifice_full_board_with_dormant_minion_stays_set confirmed_error: With six active minions plus one Dormant minion occupying all seven slots, Noble Sacrifice stays set and cannot overfill the board. Observed field_before=7;dormant=True;hero_legal=True;secret_after_attack=GRAVEYARD,still_set=False;hero_health=30;field_after=7;defenders=0;attacker=GRAVEYARD",card_mechanism.csv#EX1_130; generic-play-smoke:played; effect-evidence: reports/card_quality_full_2026-09-27/classic_probe_first.csv#noble_sacrifice_full_board_with_dormant_minion_stays_set; reports/card_quality_full_2026-09-27/classic_probe_first.csv#noble_sacrifice_redirects_enemy_attack_to_defender; per-card: reports/card_quality_full_2026-09-27/classic_probe_first.csv#noble_sacrifice_full_board_with_dormant_minion_stays_set; reports/card_quality_full_2026-09-27/classic_probe_first.csv#noble_sacrifice_redirects_enemy_attack_to_defender,聚合状态取该卡最差机制；普通烟测只证明可执行，不能单独构成 GREEN。 Case evidence saved immediately. EN/ZH/source/test refs are recorded in probe CSV; prior test refs: tests/test_karazhan.py:282:test_medivhs_valet | tests/test_secrets.py:532:test_noble_sacrifice.,"Secret: When an enemy attacks, summon a 2/1 Defender as the new target.",fireplace/cards/classic/paladin.py:177
17.6.0.53261,Classic (EXPERT1),EX1_131,Defias Ringleader,迪菲亚头目,Combo|Summon,GREEN,implemented,yes,"GREEN: defias_ringleader_without_combo_does_not_summon_bandit pass: With no previous card played this turn, Ringleader enters as a 2/2 and summons no Defias Bandit. Observed combo_before=False;leader=2/2/PLAY;bandits=0; defias_ringleader_combo_summons_one_two_one_bandit pass: After a prior card enables Combo, Ringleader summons exactly one 2/1 Defias Bandit. Observed combo_before=True;leader=2/2;token_count=1;token_stats=[(2, 1, 'PLAY')];field=['EX1_131', 'EX1_131t']",card_mechanism.csv#EX1_131; generic-play-smoke:played; effect-evidence: reports/card_quality_full_2026-09-27/classic_probe_first.csv#defias_ringleader_combo_summons_one_two_one_bandit; reports/card_quality_full_2026-09-27/classic_probe_first.csv#defias_ringleader_without_combo_does_not_summon_bandit; per-card: reports/card_quality_full_2026-09-27/classic_probe_first.csv#defias_ringleader_combo_summons_one_two_one_bandit; reports/card_quality_full_2026-09-27/classic_probe_first.csv#defias_ringleader_without_combo_does_not_summon_bandit,聚合状态取该卡最差机制；普通烟测只证明可执行，不能单独构成 GREEN。 Case evidence saved immediately. EN/ZH/source/test refs are recorded in probe CSV; prior test refs: tests/test_classic.py:978:test_defias | tests/test_classic.py:985:test_defias.,Combo: Summon a 2/1 Defias Bandit.,fireplace/cards/classic/rogue.py:8
17.6.0.53261,Classic (EXPERT1),EX1_132,Eye for an Eye,以眼还眼,Secret|Spell resolution|Trigger,GREEN,implemented,yes,"GREEN: eye_for_an_eye_reflects_hero_damage_amount_once pass: When Fireball deals 6 to the protected hero, Eye for an Eye deals exactly 6 to the enemy hero and is consumed. Observed target_legal=True;friendly_hero=24;enemy_hero=24;secret=GRAVEYARD;fireball=GRAVEYARD",card_mechanism.csv#EX1_132; generic-play-smoke:played; effect-evidence: reports/card_quality_full_2026-09-27/classic_probe_first.csv#eye_for_an_eye_reflects_hero_damage_amount_once; per-card: reports/card_quality_full_2026-09-27/classic_probe_first.csv#eye_for_an_eye_reflects_hero_damage_amount_once,聚合状态取该卡最差机制；普通烟测只证明可执行，不能单独构成 GREEN。 Case evidence saved immediately. EN/ZH/source/test refs are recorded in probe CSV; prior test refs: tests/test_secrets.py:236:test_eye_for_an_eye | tests/test_secrets.py:241:test_eye_for_an_eye.,"Secret: When your hero takes damage, deal that much damage to the enemy hero.",fireplace/cards/classic/paladin.py:186
17.6.0.53261,Classic (EXPERT1),EX1_133,Perdition's Blade,毁灭之刃,Battlecry|Combo|Targeting|Weapon,GREEN,implemented,yes,"GREEN: perditions_blade_normal_battlecry_deals_one_and_equips pass: Without Combo, Battlecry deals 1 to the chosen enemy minion and Blade equips at 2 durability. Observed combo_before=False;friendly_legal=True;enemy_legal=True;enemy_health=4/5;weapon=EX1_133;durability=2;blade=PLAY; perditions_blade_combo_battlecry_deals_two_and_equips pass: After a prior card enables Combo, Battlecry deals 2 to a friendly target and Blade equips at 2 durability. Observed combo_before=True;friendly_legal=True;enemy_legal=True;friendly_health=3/5;enemy_health=5;weapon=EX1_133;durability=2",card_mechanism.csv#EX1_133; generic-play-smoke:played; effect-evidence: reports/card_quality_full_2026-09-27/classic_probe_first.csv#perditions_blade_combo_battlecry_deals_two_and_equips; reports/card_quality_full_2026-09-27/classic_probe_first.csv#perditions_blade_normal_battlecry_deals_one_and_equips; per-card: reports/card_quality_full_2026-09-27/classic_probe_first.csv#perditions_blade_combo_battlecry_deals_two_and_equips; reports/card_quality_full_2026-09-27/classic_probe_first.csv#perditions_blade_normal_battlecry_deals_one_and_equips,聚合状态取该卡最差机制；普通烟测只证明可执行，不能单独构成 GREEN。 Case evidence saved immediately. EN/ZH/source/test refs are recorded in probe CSV; prior test refs: tests/test_classic.py:2408:test_perditions_blade | tests/test_classic.py:2409:test_perditions_blade | tests/test_classic.py:2410:test_perditions_blade | tests/test_gangs.py:223:test_jade_shuriken | tests/test_league.py:468:test_rumbling_elemental | tests/test_naxxramas.py:316:test_nerubar_weblord | tests/test_naxxramas.py:317:test_nerubar_weblord.,Battlecry: Deal 1 damage. Combo: Deal 2 instead.,fireplace/cards/classic/rogue.py:228
17.6.0.53261,Classic (EXPERT1),EX1_137,Headcrack,裂颅之击,Combo|Spell resolution,GREEN,implemented,yes,"GREEN: headcrack_without_combo_deals_two_and_does_not_return pass: Without Combo, Headcrack deals 2 and stays out of hand through the turn transition. Observed combo_before=False;after_play=(28, 'GRAVEYARD', False);returned_at_own_end=False;returned_after_full_turn_cycle=False;spell_zone=GRAVEYARD; headcrack_combo_deals_two_and_returns_to_hand pass: With Combo, Headcrack deals 2 and returns as one card to its owner's hand at turn end. Observed combo_before=True;after_play=(27, 'GRAVEYARD', 0);returned_at_p1_end=[('EX1_137', 'HAND')];still_one_after_opponent_turn=[('EX1_137', 'HAND')];original_zone=GRAVEYARD",card_mechanism.csv#EX1_137; generic-play-smoke:played; effect-evidence: reports/card_quality_full_2026-09-27/classic_probe_first.csv#headcrack_combo_deals_two_and_returns_to_hand; reports/card_quality_full_2026-09-27/classic_probe_first.csv#headcrack_without_combo_deals_two_and_does_not_return; per-card: reports/card_quality_full_2026-09-27/classic_probe_first.csv#headcrack_combo_deals_two_and_returns_to_hand; reports/card_quality_full_2026-09-27/classic_probe_first.csv#headcrack_without_combo_deals_two_and_does_not_return,聚合状态取该卡最差机制；普通烟测只证明可执行，不能单独构成 GREEN。 Case evidence saved immediately. EN/ZH/source/test refs are recorded in probe CSV; prior test refs: tests/test_classic.py:1539:test_headcrack | tests/test_classic.py:1540:test_headcrack | tests/test_classic.py:1547:test_headcrack | tests/test_classic.py:1552:test_headcrack | tests/test_classic.py:1542:test_headcrack | tests/test_classic.py:1546:test_headcrack | tests/test_classic.py:1550:test_headcrack | tests/test_classic.py:1556:test_headcrack.,Deal $2 damage to the enemy hero. Combo: Return this to your hand next turn.,fireplace/cards/classic/rogue.py:161
17.6.0.53261,Classic (EXPERT1),EX1_144,Shadowstep,暗影步,Cost modification|Spell resolution|Targeting,GREEN,implemented,yes,"GREEN: shadowstep_bounces_friendly_minion_and_reduces_its_cost pass: Friendly minion is legal, enemy is excluded, and returned 4-cost Yeti is in hand at cost 2 before it can be replayed. Observed friendly_legal=True;enemy_legal=False;bounced=('HAND', True, 2, 5, 5);replayed=('PLAY', 5, 5);enemy_stays=True;shadowstep=GRAVEYARD",card_mechanism.csv#EX1_144; generic-play-smoke:played; effect-evidence: reports/card_quality_full_2026-09-27/classic_probe_first.csv#shadowstep_bounces_friendly_minion_and_reduces_its_cost; per-card: reports/card_quality_full_2026-09-27/classic_probe_first.csv#shadowstep_bounces_friendly_minion_and_reduces_its_cost,聚合状态取该卡最差机制；普通烟测只证明可执行，不能单独构成 GREEN。 Case evidence saved immediately. EN/ZH/source/test refs are recorded in probe CSV; prior test refs: tests/test_classic.py:3011:test_shadowstep.,Return a friendly minion to your hand. It costs (2) less.,fireplace/cards/classic/rogue.py:168
17.6.0.53261,Classic (EXPERT1),EX1_145,Preparation,伺机待发,Cost modification|Spell resolution,GREEN,implemented,yes,"GREEN: preparation_reduces_next_spell_then_removes_discount pass: Preparation reduces Fireball and other in-hand spells by 2; casting Fireball consumes the effect and other spell costs return to base. Observed before=(4, 2);discounted=(2, 0);after_first_spell=(2, 'GRAVEYARD', 24);fireball=GRAVEYARD",card_mechanism.csv#EX1_145; generic-play-smoke:played; effect-evidence: reports/card_quality_full_2026-09-27/classic_probe_first.csv#preparation_reduces_next_spell_then_removes_discount; per-card: reports/card_quality_full_2026-09-27/classic_probe_first.csv#preparation_reduces_next_spell_then_removes_discount,聚合状态取该卡最差机制；普通烟测只证明可执行，不能单独构成 GREEN。 Case evidence saved immediately. EN/ZH/source/test refs are recorded in probe CSV; prior test refs: tests/test_classic.py:2517:test_preparation | tests/test_classic.py:2518:test_preparation | tests/test_classic.py:2519:test_preparation.,The next spell you cast this turn costs (2) less.,fireplace/cards/classic/rogue.py:189
17.6.0.53261,Classic (EXPERT1),EX1_154,Wrath,愤怒,Choose One|Draw / Discard|Spell resolution|Targeting,GREEN,implemented,yes,"GREEN: wrath_three_damage_choice_hits_minion_without_drawing pass: The 3-damage choice deals 3 to an enemy minion and does not draw; friendly and enemy minion targets are legal. Observed friendly_legal=True;enemy_legal=True;target=2/5;drawn=DECK,in_hand=False;spell=GRAVEYARD; wrath_one_damage_choice_hits_friendly_minion_and_draws pass: The 1-damage choice deals 1 to a friendly minion and draws the known top card; enemy minions are also valid targets. Observed friendly_legal=True;enemy_legal=True;target=4/5;drawn=HAND,in_hand=True;spell=GRAVEYARD",card_mechanism.csv#EX1_154; generic-play-smoke:played; effect-evidence: reports/card_quality_full_2026-09-27/classic_probe_first.csv#wrath_one_damage_choice_hits_friendly_minion_and_draws; reports/card_quality_full_2026-09-27/classic_probe_first.csv#wrath_three_damage_choice_hits_minion_without_drawing; per-card: reports/card_quality_full_2026-09-27/classic_probe_first.csv#wrath_one_damage_choice_hits_friendly_minion_and_draws; reports/card_quality_full_2026-09-27/classic_probe_first.csv#wrath_three_damage_choice_hits_minion_without_drawing,聚合状态取该卡最差机制；普通烟测只证明可执行，不能单独构成 GREEN。 Case evidence saved immediately. EN/ZH/source/test refs are recorded in probe CSV; prior test refs: tests/test_classic.py:3723:test_wrath.,Choose One - Deal $3 damage to a minion; or $1 damage and draw a card.,fireplace/cards/classic/druid.py:168
17.6.0.53261,Classic (EXPERT1),EX1_155,Mark of Nature,自然印记,Choose One|Spell resolution|Targeting,GREEN,implemented,yes,GREEN: mark_of_nature_four_attack_choice_on_enemy_target pass: The +4 Attack choice is usable on an enemy minion and leaves its Health and Taunt unchanged. Observed friendly_legal=True;enemy_legal=True;enemy=8/5/5/taunt=False;spell=GRAVEYARD; mark_of_nature_four_health_taunt_choice_on_friendly_target pass: The +4 Health choice is usable on a friendly minion and grants +4 maximum/current Health plus Taunt. Observed friendly_legal=True;enemy_legal=True;friendly=4/9/9/taunt=True;enemy=4/5/5/taunt=False;spell=GRAVEYARD,card_mechanism.csv#EX1_155; generic-play-smoke:played; effect-evidence: reports/card_quality_full_2026-09-27/classic_probe_first.csv#mark_of_nature_four_attack_choice_on_enemy_target; reports/card_quality_full_2026-09-27/classic_probe_first.csv#mark_of_nature_four_health_taunt_choice_on_friendly_target; per-card: reports/card_quality_full_2026-09-27/classic_probe_first.csv#mark_of_nature_four_attack_choice_on_enemy_target; reports/card_quality_full_2026-09-27/classic_probe_first.csv#mark_of_nature_four_health_taunt_choice_on_friendly_target,聚合状态取该卡最差机制；普通烟测只证明可执行，不能单独构成 GREEN。 Case evidence saved immediately. EN/ZH/source/test refs are recorded in probe CSV; prior test refs: tests/test_classic.py:2046:test_mark_of_nature | tests/test_classic.py:2058:test_mark_of_nature.,Choose One - Give a minion +4 Attack; or +4 Health and Taunt.,fireplace/cards/classic/druid.py:190
17.6.0.53261,Classic (EXPERT1),EX1_158,Soul of the Forest,丛林之魂,Spell resolution|Summon,GREEN,implemented,yes,"GREEN: soul_of_the_forest_same_batch_deaths_each_summon_treant pass: Two buffed friendly minions and an unbuffed enemy minion die in one Hellfire resolution; each friendly Deathrattle summons one 2/2 Treant. Observed deathrattle_before=(True, True, False);friendly_dead=GRAVEYARD/GRAVEYARD;enemy_dead=GRAVEYARD;friendly_treants=[(2, 2), (2, 2)];enemy_treants=0;hellfire=GRAVEYARD",card_mechanism.csv#EX1_158; generic-play-smoke:played; effect-evidence: reports/card_quality_full_2026-09-27/classic_probe_first.csv#soul_of_the_forest_same_batch_deaths_each_summon_treant; per-card: reports/card_quality_full_2026-09-27/classic_probe_first.csv#soul_of_the_forest_same_batch_deaths_each_summon_treant,聚合状态取该卡最差机制；普通烟测只证明可执行，不能单独构成 GREEN。 Case evidence saved immediately. EN/ZH/source/test refs are recorded in probe CSV; prior test refs: tests/test_mechanics.py:275:test_deathrattle | tests/test_naxxramas.py:64:test_baron_rivendare_soul_of_the_forest.,"Give your minions ""Deathrattle: Summon a 2/2 Treant.""",fireplace/cards/classic/druid.py:217
17.6.0.53261,Classic (EXPERT1),EX1_164,Nourish,滋养,Choose One|Draw / Discard|Spell resolution,GREEN,implemented,yes,"GREEN: nourish_gain_two_mana_crystals_choice pass: The Mana branch raises maximum Mana from 8 to 10 and resolves the spell. Observed max_mana=8->10;spell=GRAVEYARD;field=0; nourish_draw_three_choice_draws_known_cards pass: The draw branch draws all three known cards into hand and leaves the deck empty. Observed drawn=['EX1_008', 'CS2_182', 'CS2_231'];expected=['CS2_231', 'CS2_182', 'EX1_008'];all_in_hand=True;deck=0;spell=GRAVEYARD",card_mechanism.csv#EX1_164; generic-play-smoke:played; effect-evidence: reports/card_quality_full_2026-09-27/classic_probe_first.csv#nourish_draw_three_choice_draws_known_cards; reports/card_quality_full_2026-09-27/classic_probe_first.csv#nourish_gain_two_mana_crystals_choice; per-card: reports/card_quality_full_2026-09-27/classic_probe_first.csv#nourish_draw_three_choice_draws_known_cards; reports/card_quality_full_2026-09-27/classic_probe_first.csv#nourish_gain_two_mana_crystals_choice,聚合状态取该卡最差机制；普通烟测只证明可执行，不能单独构成 GREEN。 Case evidence saved immediately. EN/ZH/source/test refs are recorded in probe CSV; prior test refs: tests/test_controller.py:117:test_choose_one_uses_parent_card | tests/test_web_gui.py:38:test_branch_attack_and_end_turn.,Choose One - Gain 2 Mana Crystals; or Draw 3 cards.,fireplace/cards/classic/druid.py:257
17.6.0.53261,Classic (EXPERT1),EX1_165,Druid of the Claw,利爪德鲁伊,Choose One|Transform,GREEN,implemented,yes,"GREEN: druid_of_the_claw_charge_choice_attacks_immediately pass: Charge choice transforms into a 4/4 and makes an immediate 4-damage face attack. Observed form=EX1_165t1;stats=4/4/4;charge=1;can_attack_immediately=True;hero_health=26;attacks=1; druid_of_the_claw_taunt_choice_blocks_and_survives_combat pass: Taunt choice transforms into a 4/6; an enemy Charge minion must attack it and dies while it survives. Observed form=EX1_165t2;initial_stats=(4, 6, 6);after_stats=4/5/6;taunt=1;claw_target=True;hero_target=False;after=5/PLAY;boar=GRAVEYARD",card_mechanism.csv#EX1_165; generic-play-smoke:played; effect-evidence: reports/card_quality_full_2026-09-27/classic_probe_first.csv#druid_of_the_claw_charge_choice_attacks_immediately; reports/card_quality_full_2026-09-27/classic_probe_first.csv#druid_of_the_claw_taunt_choice_blocks_and_survives_combat; per-card: reports/card_quality_full_2026-09-27/classic_probe_first.csv#druid_of_the_claw_charge_choice_attacks_immediately; reports/card_quality_full_2026-09-27/classic_probe_first.csv#druid_of_the_claw_taunt_choice_blocks_and_survives_combat,聚合状态取该卡最差机制；普通烟测只证明可执行，不能单独构成 GREEN。 Case evidence saved immediately. EN/ZH/source/test refs are recorded in probe CSV; prior test refs: tests/test_classic.py:1161:test_druid_of_the_claw | tests/test_classic.py:1172:test_druid_of_the_claw | tests/test_secrets.py:684:test_snipe_druid_of_the_claw.,[x]Choose One - Transform into a 4/4 with Charge; or a 4/6 with Taunt.,fireplace/cards/classic/druid.py:8
17.6.0.53261,Classic (EXPERT1),EX1_166,Keeper of the Grove,丛林守护者,Choose One|Silence|Targeting,GREEN,implemented,yes,GREEN: keeper_of_the_grove_damage_choice_deals_two pass: Damage choice deals exactly 2 to an enemy minion; friendly and enemy minion targets are available. Observed friendly_target_legal=True;enemy_target_legal=True;enemy_health=3/5;friendly_health=5;keeper=PLAY; keeper_of_the_grove_silence_choice_removes_enemy_taunt pass: Silence choice removes Taunt from the selected enemy while leaving it alive; friendly and enemy minions are valid targets. Observed friendly_target_legal=True;enemy_target_legal=True;enemy=6/6;taunt=False;silenced=True;friendly_taunt=1;keeper=PLAY,card_mechanism.csv#EX1_166; generic-play-smoke:played; effect-evidence: reports/card_quality_full_2026-09-27/classic_probe_first.csv#keeper_of_the_grove_damage_choice_deals_two; reports/card_quality_full_2026-09-27/classic_probe_first.csv#keeper_of_the_grove_silence_choice_removes_enemy_taunt; per-card: reports/card_quality_full_2026-09-27/classic_probe_first.csv#keeper_of_the_grove_damage_choice_deals_two; reports/card_quality_full_2026-09-27/classic_probe_first.csv#keeper_of_the_grove_silence_choice_removes_enemy_taunt,聚合状态取该卡最差机制；普通烟测只证明可执行，不能单独构成 GREEN。 Case evidence saved immediately. EN/ZH/source/test refs are recorded in probe CSV; prior test refs: tests/test_classic.py:1826:test_keeper_of_the_grove.,Choose One - Deal 2 damage; or Silence a minion.,fireplace/cards/classic/druid.py:23
17.6.0.53261,Classic (EXPERT1),EX1_178,Ancient of War,战争古树,Choose One,GREEN,implemented,yes,"GREEN: ancient_of_war_health_choice_gives_five_health_and_taunt pass: Health choice makes Ancient of War a 5/10 Taunt that forces an enemy Charge minion to attack and survives. Observed before_combat=(5, 10, 10, True);taunt_targetable=True;hero_targetable=False;after=9/10;boar=GRAVEYARD; ancient_of_war_attack_choice_gives_five_attack pass: Attack choice makes Ancient of War a 10/5 without Taunt and it deals 10 in an actual attack after summoning sickness. Observed before_attack=(10, 5, 5, False);can_attack=True;hero_health=20;attacks=1;zone=PLAY",card_mechanism.csv#EX1_178; generic-play-smoke:played; effect-evidence: reports/card_quality_full_2026-09-27/classic_probe_first.csv#ancient_of_war_attack_choice_gives_five_attack; reports/card_quality_full_2026-09-27/classic_probe_first.csv#ancient_of_war_health_choice_gives_five_health_and_taunt; per-card: reports/card_quality_full_2026-09-27/classic_probe_first.csv#ancient_of_war_attack_choice_gives_five_attack; reports/card_quality_full_2026-09-27/classic_probe_first.csv#ancient_of_war_health_choice_gives_five_health_and_taunt,聚合状态取该卡最差机制；普通烟测只证明可执行，不能单独构成 GREEN。 Case evidence saved immediately. EN/ZH/source/test refs are recorded in probe CSV; prior test refs: tests/test_classic.py:146:test_ancient_of_war | tests/test_classic.py:153:test_ancient_of_war.,Choose One - +5 Attack; or +5 Health and Taunt.,fireplace/cards/classic/druid.py:41
17.6.0.53261,Classic (EXPERT1),EX1_179,Icicle,冰刺,Draw / Discard|Spell resolution|Targeting,GREEN,implemented,yes,"GREEN: icicle_nonfrozen_friendly_target_damages_without_draw pass: Friendly and enemy minions are legal; hitting the friendly non-Frozen target deals 2 and leaves the known top card in deck. Observed friendly_legal=True;enemy_legal=True;friendly=3/PLAY;enemy=5/PLAY;top=DECK;spell=GRAVEYARD; icicle_frozen_enemy_target_damages_and_draws pass: A Frozen enemy minion is legal; Icicle deals 2 and draws exactly the known top card. Observed enemy_legal=True;frozen_before=True;enemy=3/PLAY;top=HAND,in_hand=True;spell=GRAVEYARD",card_mechanism.csv#EX1_179; generic-play-smoke:played; effect-evidence: reports/card_quality_full_2026-09-27/classic_probe_first.csv#icicle_frozen_enemy_target_damages_and_draws; reports/card_quality_full_2026-09-27/classic_probe_first.csv#icicle_nonfrozen_friendly_target_damages_without_draw; per-card: reports/card_quality_full_2026-09-27/classic_probe_first.csv#icicle_frozen_enemy_target_damages_and_draws; reports/card_quality_full_2026-09-27/classic_probe_first.csv#icicle_nonfrozen_friendly_target_damages_without_draw,聚合状态取该卡最差机制；普通烟测只证明可执行，不能单独构成 GREEN。 Case evidence saved immediately. EN/ZH/source/test refs are recorded in probe CSV; prior test refs: none.,"Deal $2 damage to a minion. If it's Frozen, draw a card.",fireplace/cards/classic/mage.py:201
17.6.0.53261,Classic (EXPERT1),EX1_180,Tome of Intellect,智慧秘典,Random effects|Spell resolution,GREEN,implemented,yes,"GREEN: tome_of_intellect_adds_one_random_mage_spell pass: Across 12 seeded plays, each resolves to exactly one new Mage Spell in hand, with multiple generated spell IDs reached. Observed added_one_valid_spell_each=True;distinct_generated_ids=['BT_021', 'BT_072', 'BT_291', 'CS2_022', 'CS2_025', 'DRG_324', 'EX1_179', 'EX1_180', 'EX1_277', 'EX1_279', 'ULD_239', 'ULD_726'];seed0=EX1_277/class=MAGE/type=SPELL…",card_mechanism.csv#EX1_180; generic-play-smoke:played; effect-evidence: reports/card_quality_full_2026-09-27/classic_probe_first.csv#tome_of_intellect_adds_one_random_mage_spell; per-card: reports/card_quality_full_2026-09-27/classic_probe_first.csv#tome_of_intellect_adds_one_random_mage_spell,聚合状态取该卡最差机制；普通烟测只证明可执行，不能单独构成 GREEN。 Case evidence saved immediately. EN/ZH/source/test refs are recorded in probe CSV; prior test refs: none.,Add a random Mage spell to your hand.,fireplace/cards/classic/mage.py:212
17.6.0.53261,Classic (EXPERT1),EX1_181,Call of the Void,虚空召唤,Random effects|Spell resolution,GREEN,implemented,yes,"GREEN: call_of_the_void_adds_one_random_demon_minion pass: Across 12 seeded plays, each resolves to exactly one Demon Minion in hand, with multiple Demon IDs reached. Observed added_one_demon_minion_each=True;distinct_generated_ids=['BT_142', 'BT_159', 'BT_211', 'BT_304', 'BT_734', 'BT_850', 'CS2_064', 'DAL_751', 'DRG_402', 'YOD_027', 'YOD_032'];seed0=YOD_032/race=DEMON/type=MINION;seed1=YOD_0…",card_mechanism.csv#EX1_181; generic-play-smoke:played; effect-evidence: reports/card_quality_full_2026-09-27/classic_probe_first.csv#call_of_the_void_adds_one_random_demon_minion; per-card: reports/card_quality_full_2026-09-27/classic_probe_first.csv#call_of_the_void_adds_one_random_demon_minion,聚合状态取该卡最差机制；普通烟测只证明可执行，不能单独构成 GREEN。 Case evidence saved immediately. EN/ZH/source/test refs are recorded in probe CSV; prior test refs: none.,Add a random Demon to your hand.,fireplace/cards/classic/warlock.py:226
17.6.0.53261,Classic (EXPERT1),EX1_182,Pilfer,窃取,Random effects|Spell resolution,RED,partial,yes,"RED: pilfer_adds_only_collectible_cards_from_other_hero_classes confirmed_error: Across 16 seeded plays, each should add exactly one collectible card from a hero class other than Rogue; Neutral cards are not from another class. Observed all_generated_cards_are_other_hero_class=False;generated_classes=['DEMONHUNTER', 'DRUID', 'HUNTER', 'NEUTRAL', 'PALADIN', 'PRIEST', 'WARLOCK', 'WARRIOR'];generated_ids=['BT_020', 'BT_427', 'BT_937', 'DRG_006', 'DRG_008',…",card_mechanism.csv#EX1_182; generic-play-smoke:played; effect-evidence: reports/card_quality_full_2026-09-27/classic_probe_first.csv#pilfer_adds_only_collectible_cards_from_other_hero_classes; per-card: reports/card_quality_full_2026-09-27/classic_probe_first.csv#pilfer_adds_only_collectible_cards_from_other_hero_classes,聚合状态取该卡最差机制；普通烟测只证明可执行，不能单独构成 GREEN。 Case evidence saved immediately. EN/ZH/source/test refs are recorded in probe CSV; prior test refs: none.,Add a random card from another class to your hand.,fireplace/cards/classic/rogue.py:236
17.6.0.53261,Classic (EXPERT1),EX1_183,Gift of the Wild,野性赐福,Spell resolution,GREEN,implemented,yes,"friendly_only_plus_two_two_taunt=pass (before=[(1, 1, 1, False), (4, 5, 5, False), (4, 5, 5, False)];after=[(3, 3, 3, True), (6, 7, 7, True), (4, 5, 5, False)];spell=GRAVEYARD); empty_friendly_board=pass (own_field=0;enemy=(1, 1, False);spell=GRAVEYARD)",card_mechanism.csv#EX1_183; generic-play-smoke:played; effect-evidence: reports/card_quality_full_2026-09-27/classic_probe_first.csv#empty_friendly_board; reports/card_quality_full_2026-09-27/classic_probe_first.csv#friendly_only_plus_two_two_taunt; per-card: reports/card_quality_full_2026-09-27/classic_probe_first.csv#empty_friendly_board; reports/card_quality_full_2026-09-27/classic_probe_first.csv#friendly_only_plus_two_two_taunt,"聚合状态取该卡最差机制；普通烟测只证明可执行，不能单独构成 GREEN。 Per-card live cases with EN/ZH text, source, existing test references and prior audit; key branches executed.",Give your minions +2/+2 and Taunt.,fireplace/cards/classic/druid.py:325
17.6.0.53261,Classic (EXPERT1),EX1_184,Righteousness,正义,Spell resolution,GREEN,implemented,yes,"friendly_shields_absorb_first_hit=pass (shields=(True, True, False);first=(5, False);second=(4, False);spell=GRAVEYARD); empty_friendly_board=pass (own_field=0;enemy_shield=False;spell=GRAVEYARD)",card_mechanism.csv#EX1_184; generic-play-smoke:played; effect-evidence: reports/card_quality_full_2026-09-27/classic_probe_first.csv#empty_friendly_board; reports/card_quality_full_2026-09-27/classic_probe_first.csv#friendly_shields_absorb_first_hit; per-card: reports/card_quality_full_2026-09-27/classic_probe_first.csv#empty_friendly_board; reports/card_quality_full_2026-09-27/classic_probe_first.csv#friendly_shields_absorb_first_hit,"聚合状态取该卡最差机制；普通烟测只证明可执行，不能单独构成 GREEN。 Per-card live cases with EN/ZH text, source, existing test references and prior audit; key branches executed.",Give your minions Divine Shield.,fireplace/cards/classic/paladin.py:239
17.6.0.53261,Classic (EXPERT1),EX1_185,Siegebreaker,攻城恶魔,Aura|Continuous effect / Update|Taunt,GREEN,implemented,yes,"friendly_demon_aura_lost_on_death=pass (base=(1, 1, 1);active=(1, 5, 2, 1, 1);after_destroy=('GRAVEYARD', 1, 1, 1)); two_siegebreakers_stack=pass (demon=3;sieges=(6, 6);taunts=(1, 1))",card_mechanism.csv#EX1_185; generic-play-smoke:played; effect-evidence: reports/card_quality_full_2026-09-27/classic_probe_first.csv#friendly_demon_aura_lost_on_death; reports/card_quality_full_2026-09-27/classic_probe_first.csv#two_siegebreakers_stack; per-card: reports/card_quality_full_2026-09-27/classic_probe_first.csv#friendly_demon_aura_lost_on_death; reports/card_quality_full_2026-09-27/classic_probe_first.csv#two_siegebreakers_stack,"聚合状态取该卡最差机制；普通烟测只证明可执行，不能单独构成 GREEN。 Per-card live cases with EN/ZH text, source, existing test references and prior audit; key branches executed.",Taunt Your other Demons have +1 Attack.,fireplace/cards/classic/warlock.py:233
17.6.0.53261,Classic (EXPERT1),EX1_186,SI:7 Infiltrator,军情七处渗透者,Battlecry|Random effects,GREEN,implemented,yes,"two_enemy_secret_random_domain=pass (16_fixed_seeds;destroyed_candidate_ids=['EX1_287', 'EX1_594']); no_enemy_secret_friendly_preserved=pass (friendly_secret=SECRET;enemy_secret_count=0;infiltrator=PLAY)",card_mechanism.csv#EX1_186; generic-play-smoke:played; effect-evidence: reports/card_quality_full_2026-09-27/classic_probe_first.csv#no_enemy_secret_friendly_preserved; reports/card_quality_full_2026-09-27/classic_probe_first.csv#two_enemy_secret_random_domain; per-card: reports/card_quality_full_2026-09-27/classic_probe_first.csv#no_enemy_secret_friendly_preserved; reports/card_quality_full_2026-09-27/classic_probe_first.csv#two_enemy_secret_random_domain,"聚合状态取该卡最差机制；普通烟测只证明可执行，不能单独构成 GREEN。 Per-card live cases with EN/ZH text, source, existing test references and prior audit; key branches executed.",Battlecry: Destroy a random enemy Secret.,fireplace/cards/classic/neutral_rare.py:223
17.6.0.53261,Classic (EXPERT1),EX1_187,Arcane Devourer,奥术吞噬者,Trigger,YELLOW,implemented,partial,"own_spell_twice_enemy_spell_ignored=pass (base=(5, 5, 5);after_own_first=(7, 7, 7);after_own_second=(9, 9, 9);after_enemy=(9, 9, 9);zone=PLAY); unresolved: CAST-001: effect-generated CastSpell versus player-cast spell semantics remain unresolved.",card_mechanism.csv#EX1_187; generic-play-smoke:played; per-card: reports/card_quality_full_2026-09-27/classic_probe_first.csv#own_spell_twice_enemy_spell_ignored,"聚合状态取该卡最差机制；普通烟测只证明可执行，不能单独构成 GREEN。 Per-card live cases with EN/ZH text, source, existing test references and prior audit; CAST-001: effect-generated CastSpell versus player-cast spell semantics remain unresolved.","Whenever you cast a spell, gain +2/+2.",fireplace/cards/classic/neutral_rare.py:230
17.6.0.53261,Classic (EXPERT1),EX1_188,Barrens Stablehand,贫瘠之地饲养员,Battlecry|Random effects|Summon,GREEN,implemented,yes,"battlecry_random_beast pass: expected Battlecry summons exactly one Beast minion; fixed seeds produce more than one possible Beast. observed seeds=16;unique_beasts=CS2_127,CS2_169,CS2_172,DAL_400,DRG_065,DRG_071,DRG_088,DRG_252,DS1_175,EX1_009,EX1_017,EX1_531,NEW1_041,ULD_177,YOD_003,YOD_040;all_one_beast=True; battlecry_full_board pass: expected When Stablehand itself fills the seventh slot, the Battlecry cannot exceed the board cap. observed field=7;stablehand=True;ids=['CS2_231', 'CS2_231', 'CS2_231', 'CS2_231', 'CS2_231', 'CS2_231', 'EX1_188']",card_mechanism.csv#EX1_188; generic-play-smoke:played; effect-evidence: reports/card_quality_full_2026-09-27/classic_probe_middle_a.csv#battlecry_random_beast; reports/card_quality_full_2026-09-27/classic_probe_middle_a.csv#battlecry_full_board; per-card: reports/card_quality_full_2026-09-27/classic_probe_middle_a.csv#battlecry_random_beast; reports/card_quality_full_2026-09-27/classic_probe_middle_a.csv#battlecry_full_board,聚合状态取该卡最差机制；普通烟测只证明可执行，不能单独构成 GREEN。 Card-specific game traces saved incrementally; see probe CSV. Original baseline index 86.,Battlecry: Summon a random Beast.,fireplace/cards/classic/neutral_epic.py:99
17.6.0.53261,Classic (EXPERT1),EX1_189,Brightwing,光明之翼,Battlecry|Random effects,GREEN,implemented,yes,"random_legendary_to_hand pass: expected Battlecry adds exactly one random Legendary minion card to hand, not the board; outcomes vary across fixed seeds. observed seeds=16;legendary_minions=BT_230,BT_255,BT_737,DAL_417,DAL_431,DAL_573,DAL_581,DAL_752,DRG_320,DRG_402,EX1_014,EX1_249,NEW1_038,ULD_173;all_in_hand=True",card_mechanism.csv#EX1_189; generic-play-smoke:played; effect-evidence: reports/card_quality_full_2026-09-27/classic_probe_middle_a.csv#random_legendary_to_hand; per-card: reports/card_quality_full_2026-09-27/classic_probe_middle_a.csv#random_legendary_to_hand,聚合状态取该卡最差机制；普通烟测只证明可执行，不能单独构成 GREEN。 Card-specific game traces saved incrementally; see probe CSV. Original baseline index 87.,Battlecry: Add a random Legendary minion to your hand.,fireplace/cards/classic/neutral_legendary.py:273
17.6.0.53261,Classic (EXPERT1),EX1_190,High Inquisitor Whitemane,大检察官怀特迈恩,Battlecry|Summon,GREEN,implemented,yes,"battlecry_same_turn_friendly_deaths pass: expected Whitemane resummons the friendly minion that died this turn, excludes a friendly death from the prior turn and an enemy death. observed old_dead=GRAVEYARD;current_dead=GRAVEYARD;enemy_dead=GRAVEYARD;revived=['CS1_042'];field=['EX1_190', 'CS1_042']",card_mechanism.csv#EX1_190; generic-play-smoke:played; effect-evidence: reports/card_quality_full_2026-09-27/classic_probe_middle_a.csv#battlecry_same_turn_friendly_deaths; per-card: reports/card_quality_full_2026-09-27/classic_probe_middle_a.csv#battlecry_same_turn_friendly_deaths,聚合状态取该卡最差机制；普通烟测只证明可执行，不能单独构成 GREEN。 Card-specific game traces saved incrementally; see probe CSV. Original baseline index 88.,Battlecry: Summon all friendly minions that died this turn.,fireplace/cards/classic/neutral_legendary.py:280
17.6.0.53261,Classic (EXPERT1),EX1_195,Kul Tiran Chaplain,库尔提拉斯教士,Battlecry|Targeting,GREEN,implemented,yes,"friendly_target_gains_two_health pass: expected Chaplain's Battlecry gives a damaged friendly Yeti +2 current and maximum Health, preserves Attack, and excludes an enemy minion. observed target_health=5/7;atk=4;enemy_untouched=5/5;legal_enemy=False;source=PLAY",card_mechanism.csv#EX1_195; generic-play-smoke:played; effect-evidence: reports/card_quality_full_2026-09-27/classic_probe_middle_a.csv#friendly_target_gains_two_health; per-card: reports/card_quality_full_2026-09-27/classic_probe_middle_a.csv#friendly_target_gains_two_health,聚合状态取该卡最差机制；普通烟测只证明可执行，不能单独构成 GREEN。 Card-specific game traces saved incrementally; see probe CSV. Original baseline index 89.,Battlecry: Give a friendly minion +2 Health.,fireplace/cards/classic/priest.py:84
17.6.0.53261,Classic (EXPERT1),EX1_196,Scarlet Subjugator,血色征服者,Battlecry|Targeting,GREEN,implemented,yes,"enemy_attack_until_next_turn pass: expected Subjugator gives only an enemy minion -2 Attack through the opponent's turn and restores it at the controller's next turn. observed friendly_legal=False;enemy_legal=True;after_play=(4, 2);opponent_turn=2;owner_next_turn=4",card_mechanism.csv#EX1_196; generic-play-smoke:played; effect-evidence: reports/card_quality_full_2026-09-27/classic_probe_middle_a.csv#enemy_attack_until_next_turn; per-card: reports/card_quality_full_2026-09-27/classic_probe_middle_a.csv#enemy_attack_until_next_turn,聚合状态取该卡最差机制；普通烟测只证明可执行，不能单独构成 GREEN。 Card-specific game traces saved incrementally; see probe CSV. Original baseline index 90.,Battlecry: Give an enemy minion -2 Attack until your next turn.,fireplace/cards/classic/priest.py:99
17.6.0.53261,Classic (EXPERT1),EX1_197,Shadow Word: Ruin,暗言术：毁,Spell resolution,GREEN,implemented,yes,"destroy_five_attack_threshold pass: expected Shadow Word: Ruin destroys friendly and enemy minions at 5 Attack or higher, preserves 4-Attack minions, and does not affect heroes. observed high=GRAVEYARD/GRAVEYARD;low=5/5;board=['CS2_182', 'CS2_182'];heroes=30/30",card_mechanism.csv#EX1_197; generic-play-smoke:played; effect-evidence: reports/card_quality_full_2026-09-27/classic_probe_middle_a.csv#destroy_five_attack_threshold; per-card: reports/card_quality_full_2026-09-27/classic_probe_middle_a.csv#destroy_five_attack_threshold,聚合状态取该卡最差机制；普通烟测只证明可执行，不能单独构成 GREEN。 Card-specific game traces saved incrementally; see probe CSV. Original baseline index 91.,Destroy all minions with 5 or more Attack.,fireplace/cards/classic/priest.py:333
17.6.0.53261,Classic (EXPERT1),EX1_198,Natalie Seline,娜塔莉·塞林,Battlecry|Targeting,GREEN,implemented,yes,destroy_minion_gain_remaining_health pass: expected Natalie destroys the enemy Yeti and gains its current 3 Health as both current and maximum Health; heroes remain unchanged. observed target=GRAVEYARD;natalie=4/4;legal_enemy=True;heroes=30/30,card_mechanism.csv#EX1_198; generic-play-smoke:played; effect-evidence: reports/card_quality_full_2026-09-27/classic_probe_middle_a.csv#destroy_minion_gain_remaining_health; per-card: reports/card_quality_full_2026-09-27/classic_probe_middle_a.csv#destroy_minion_gain_remaining_health,聚合状态取该卡最差机制；普通烟测只证明可执行，不能单独构成 GREEN。 Card-specific game traces saved incrementally; see probe CSV. Original baseline index 92.,Battlecry: Destroy a minion and gain its Health.,fireplace/cards/classic/priest.py:116
17.6.0.53261,Classic (EXPERT1),EX1_238,Lightning Bolt,闪电箭,Overload|Spell resolution|Targeting,GREEN,implemented,yes,"three_damage_and_one_overload pass: expected Lightning Bolt deals 3 to a minion, permits character targets, adds one Overload, then locks one mana next turn. observed enemy_minion_legal=True;enemy_hero_legal=True;target=(2, <Zone.PLAY: 1>);overloaded=1;next_turn_locked_mana=(1, 9)",card_mechanism.csv#EX1_238; generic-play-smoke:played; effect-evidence: reports/card_quality_full_2026-09-27/classic_probe_middle_a.csv#three_damage_and_one_overload; per-card: reports/card_quality_full_2026-09-27/classic_probe_middle_a.csv#three_damage_and_one_overload,聚合状态取该卡最差机制；普通烟测只证明可执行，不能单独构成 GREEN。 Card-specific game traces saved incrementally; see probe CSV. Original baseline index 93.,Deal $3 damage. Overload: (1),fireplace/cards/classic/shaman.py:120
17.6.0.53261,Classic (EXPERT1),EX1_241,Lava Burst,熔岩爆裂,Overload|Spell resolution|Targeting,GREEN,implemented,yes,"five_damage_and_two_overload pass: expected Lava Burst deals 5 to the enemy hero, accepts character targets, adds two Overload, and locks two mana next turn. observed enemy_hero_legal=True;damage=5;overloaded=2;next_turn_lock=2",card_mechanism.csv#EX1_241; generic-play-smoke:played; effect-evidence: reports/card_quality_full_2026-09-27/classic_probe_middle_a.csv#five_damage_and_two_overload; per-card: reports/card_quality_full_2026-09-27/classic_probe_middle_a.csv#five_damage_and_two_overload,聚合状态取该卡最差机制；普通烟测只证明可执行，不能单独构成 GREEN。 Card-specific game traces saved incrementally; see probe CSV. Original baseline index 94.,Deal $5 damage. Overload: (2),fireplace/cards/classic/shaman.py:127
17.6.0.53261,Classic (EXPERT1),EX1_243,Dust Devil,尘魔,Overload|Windfury,GREEN,implemented,yes,"windfury_two_attacks_and_overload pass: expected Dust Devil has Windfury, attacks twice in a real turn, cannot attack a third time, and locks two mana next turn. observed play=(3, 1, 1, 2);attacks=2;after_first_can_attack=True;after_second_can_attack=False;enemy_hero=24;next_lock=2",card_mechanism.csv#EX1_243; generic-play-smoke:played; effect-evidence: reports/card_quality_full_2026-09-27/classic_probe_middle_a.csv#windfury_two_attacks_and_overload; per-card: reports/card_quality_full_2026-09-27/classic_probe_middle_a.csv#windfury_two_attacks_and_overload,聚合状态取该卡最差机制；普通烟测只证明可执行，不能单独构成 GREEN。 Card-specific game traces saved incrementally; see probe CSV. Original baseline index 95.,Windfury. Overload: (2),
17.6.0.53261,Classic (EXPERT1),EX1_245,Earth Shock,大地震击,Silence|Spell resolution|Targeting,GREEN,implemented,yes,"silence_then_one_damage pass: expected Earth Shock targets minions on either side but not heroes; it silences a 1-health Deathrattle Egg before 1 damage kills it, so no Nerubian is summoned. observed friendly_target_legal=True;enemy_target_legal=True;heroes_targetable=False;egg=GRAVEYARD;silenced=True;nerubian_tokens=0",card_mechanism.csv#EX1_245; generic-play-smoke:played; effect-evidence: reports/card_quality_full_2026-09-27/classic_probe_middle_a.csv#silence_then_one_damage; per-card: reports/card_quality_full_2026-09-27/classic_probe_middle_a.csv#silence_then_one_damage,聚合状态取该卡最差机制；普通烟测只证明可执行，不能单独构成 GREEN。 Card-specific game traces saved incrementally; see probe CSV. Original baseline index 96.,"Silence a minion, then deal $1 damage to it.",fireplace/cards/classic/shaman.py:164
17.6.0.53261,Classic (EXPERT1),EX1_247,Stormforged Axe,雷铸战斧,Overload|Weapon,GREEN,implemented,yes,"weapon_attack_durability_and_overload pass: expected Stormforged Axe equips as a 2/3 weapon, deals 2 in a hero attack, loses one durability, and locks one mana next turn. observed equipped=(True, 2, 3, 1);after_attack=(28, 2, <Zone.PLAY: 1>);next_lock=1",card_mechanism.csv#EX1_247; generic-play-smoke:played; effect-evidence: reports/card_quality_full_2026-09-27/classic_probe_middle_a.csv#weapon_attack_durability_and_overload; per-card: reports/card_quality_full_2026-09-27/classic_probe_middle_a.csv#weapon_attack_durability_and_overload,聚合状态取该卡最差机制；普通烟测只证明可执行，不能单独构成 GREEN。 Card-specific game traces saved incrementally; see probe CSV. Original baseline index 97.,Overload: (1),
17.6.0.53261,Classic (EXPERT1),EX1_248,Feral Spirit,野性狼魂,Overload|Spell resolution|Summon,GREEN,implemented,yes,"two_spirit_wolves_and_taunt pass: expected Feral Spirit summons exactly two 2/3 Taunt wolves; a real enemy attack is blocked from the hero and hits a wolf instead; Overload is 2. observed wolves_before_combat=[(2, 3, 1), (2, 3, 1)];wolves_after_combat=[(2, 2, 1), (2, 3, 1)];overloaded=2;hero_attack_rejected=True;legal_hero=False;legal_wolf=True;attacker=GRAVEYARD; one_open_slot pass: expected When one slot remains, Feral Spirit summons one 2/3 Taunt wolf and stays within the seven-minion cap. observed field=7;wolves=1;stats=[(2, 3, 1)];overload=2",card_mechanism.csv#EX1_248; generic-play-smoke:played; effect-evidence: reports/card_quality_full_2026-09-27/classic_probe_middle_a.csv#two_spirit_wolves_and_taunt; reports/card_quality_full_2026-09-27/classic_probe_middle_a.csv#one_open_slot; per-card: reports/card_quality_full_2026-09-27/classic_probe_middle_a.csv#two_spirit_wolves_and_taunt; reports/card_quality_full_2026-09-27/classic_probe_middle_a.csv#one_open_slot,聚合状态取该卡最差机制；普通烟测只证明可执行，不能单独构成 GREEN。 Card-specific game traces saved incrementally; see probe CSV. Original baseline index 98.,Summon two 2/3 Spirit Wolves with Taunt. Overload: (2),fireplace/cards/classic/shaman.py:150
17.6.0.53261,Classic (EXPERT1),EX1_249,Baron Geddon,迦顿男爵,Trigger,GREEN,implemented,yes,"own_turn_end_two_damage_other_characters pass: expected At its controller's turn end Geddon deals 2 to both heroes and every other minion, kills Wisps, and excludes itself; the opponent's turn end does not repeat the damage. observed after_owner_end=(28, 28, <Zone.GRAVEYARD: 4>, 3, <Zone.GRAVEYARD: 4>, 3, 5);after_enemy_end=(28, 28, 3, 3, 5)",card_mechanism.csv#EX1_249; generic-play-smoke:played; effect-evidence: reports/card_quality_full_2026-09-27/classic_probe_middle_a.csv#own_turn_end_two_damage_other_characters; per-card: reports/card_quality_full_2026-09-27/classic_probe_middle_a.csv#own_turn_end_two_damage_other_characters,聚合状态取该卡最差机制；普通烟测只证明可执行，不能单独构成 GREEN。 Card-specific game traces saved incrementally; see probe CSV. Original baseline index 99.,"At the end of your turn, deal 2 damage to ALL other characters.",fireplace/cards/classic/neutral_legendary.py:108
17.6.0.53261,Classic (EXPERT1),EX1_250,Earth Elemental,土元素,Overload|Taunt,GREEN,implemented,yes,"taunt_blocks_attack_and_overload pass: expected Earth Elemental has Taunt, actually prevents a hero attack, can be attacked instead, and applies Overload 3 with a three-mana next-turn lock. observed play=(7, 8, 1, 3);taunt_blocked=True;attacker=GRAVEYARD;elemental_after_hit=(7, <Zone.GRAVEYARD: 4>);next_lock=3",card_mechanism.csv#EX1_250; generic-play-smoke:played; effect-evidence: reports/card_quality_full_2026-09-27/classic_probe_middle_a.csv#taunt_blocks_attack_and_overload; per-card: reports/card_quality_full_2026-09-27/classic_probe_middle_a.csv#taunt_blocks_attack_and_overload,聚合状态取该卡最差机制；普通烟测只证明可执行，不能单独构成 GREEN。 Card-specific game traces saved incrementally; see probe CSV. Original baseline index 100.,Taunt Overload: (3),
17.6.0.53261,Classic (EXPERT1),EX1_251,Forked Lightning,叉状闪电,Overload|Random effects|Spell resolution,GREEN,implemented,yes,"two_random_two_damage_hits pass: expected Across 12 seeds Forked Lightning deals exactly 4 total damage among random enemy minions, leaves friendly minions/heroes untouched, and applies Overload 2. observed seeds=12;enemy_damage_vectors=1:[2, 0, 2, 0]|2:[0, 0, 2, 2]|3:[0, 2, 0, 2]|4:[0, 2, 2, 0]|5:[2, 0, 2, 0]|6:[2, 2, 0, 0]|7:[2, 0, 0, 2]|8:[0, 0, 2, 2]|9:[2, 0, 0, 2]|10:[2, 2, 0, 0]|11:[0, 2, 2, 0]|12:…; no_enemy_minion_rejected pass: expected With no enemy minion, Forked Lightning is rejected without spending mana or leaving hand. observed empty_enemy_board=True;rejected=True;spell_in_hand=True;mana=10/10",card_mechanism.csv#EX1_251; generic-play-smoke:played; effect-evidence: reports/card_quality_full_2026-09-27/classic_probe_middle_a.csv#two_random_two_damage_hits; reports/card_quality_full_2026-09-27/classic_probe_middle_a.csv#no_enemy_minion_rejected; per-card: reports/card_quality_full_2026-09-27/classic_probe_middle_a.csv#two_random_two_damage_hits; reports/card_quality_full_2026-09-27/classic_probe_middle_a.csv#no_enemy_minion_rejected,聚合状态取该卡最差机制；普通烟测只证明可执行，不能单独构成 GREEN。 Card-specific game traces saved incrementally; see probe CSV. Original baseline index 101.,Deal $2 damage to 2 random enemy minions. Overload: (2),fireplace/cards/classic/shaman.py:157
17.6.0.53261,Classic (EXPERT1),EX1_258,Unbound Elemental,无羁元素,Trigger,GREEN,implemented,yes,"own_overload_cards_only pass: expected Unbound Elemental ignores The Coin and an opponent's Overload spell, then gains +1/+1 for each of its controller's Overload spell and weapon. observed base=(2, 4);coin=(2, 4);enemy_overload=(2, 4);own_spell=(3, 5);own_weapon=(4, 6)",card_mechanism.csv#EX1_258; generic-play-smoke:played; effect-evidence: reports/card_quality_full_2026-09-27/classic_probe_middle_a.csv#own_overload_cards_only; per-card: reports/card_quality_full_2026-09-27/classic_probe_middle_a.csv#own_overload_cards_only,聚合状态取该卡最差机制；普通烟测只证明可执行，不能单独构成 GREEN。 Card-specific game traces saved incrementally; see probe CSV. Original baseline index 102.,"Whenever you play a card with Overload, gain +1/+1.",fireplace/cards/classic/shaman.py:15
17.6.0.53261,Classic (EXPERT1),EX1_259,Lightning Storm,闪电风暴,Overload|Random effects|Spell resolution,GREEN,implemented,yes,"enemy_minions_take_random_two_or_three pass: expected Each enemy minion takes 2 or 3 damage (not 1), friendly minions and heroes remain untouched, and Overload is 2 across 12 fixed seeds. observed seeds=12;enemy_damage_vectors=1:[2, 3, 3]|2:[3, 3, 3]|3:[3, 2, 3]|4:[3, 2, 3]|5:[2, 2, 2]|6:[3, 2, 2]|7:[3, 3, 2]|8:[2, 3, 3]|9:[3, 2, 2]|10:[2, 2, 3]|11:[3, 3, 2]|12:[3, 3, 3];heroes_and_friendly_unt…",card_mechanism.csv#EX1_259; generic-play-smoke:played; effect-evidence: reports/card_quality_full_2026-09-27/classic_probe_middle_a.csv#enemy_minions_take_random_two_or_three; per-card: reports/card_quality_full_2026-09-27/classic_probe_middle_a.csv#enemy_minions_take_random_two_or_three,聚合状态取该卡最差机制；普通烟测只证明可执行，不能单独构成 GREEN。 Card-specific game traces saved incrementally; see probe CSV. Original baseline index 103.,Deal $2-$3 damage to all enemy minions. Overload: (2),fireplace/cards/classic/shaman.py:171
17.6.0.53261,Classic (EXPERT1),EX1_274,Ethereal Arcanist,虚灵奥术师,Trigger,GREEN,implemented,yes,"secret_at_own_turn_end pass: expected Ethereal Arcanist gains +2/+2 at its controller's turn end while a Secret is in play; a 1-attack enemy hero strike consumes Ice Barrier for 8 armor (7 remains after absorbing 1 damage), and no additional buff occurs at the next owner turn end. observed base=(3, 3);no_secret_end=(3, 3);with_secret=(5, 5);after_barrier_attack=(7, 'GRAVEYARD', 0);after_secret_consumed_owner_end=(5, 5)",card_mechanism.csv#EX1_274; generic-play-smoke:played; effect-evidence: reports/card_quality_full_2026-09-27/classic_probe_middle_a.csv#secret_at_own_turn_end; per-card: reports/card_quality_full_2026-09-27/classic_probe_middle_a.csv#secret_at_own_turn_end,聚合状态取该卡最差机制；普通烟测只证明可执行，不能单独构成 GREEN。 Card-specific game traces saved incrementally; see probe CSV. Original baseline index 104.,"If you control a Secret at the end of your turn, gain +2/+2.",fireplace/cards/classic/mage.py:14
17.6.0.53261,Classic (EXPERT1),EX1_275,Cone of Cold,冰锥术,Spell resolution|Targeting,GREEN,implemented,yes,"target_and_adjacent_minions_take_one_and_freeze pass: expected Cone of Cold can target a minion on either side but not a hero; it deals 1 and freezes the selected minion plus exactly its same-side adjacent minions, leaving a farther enemy and the friendly board untouched, and freeze blocks a real attack. observed legal_friendly_minion=True;legal_enemy_target=True;heroes_legal=(False, False);enemy_after_cast=[(4, True), (4, True), (4, True), (5, False)];friendly_after_cast=(5, False);adjacent_can_attack=[False,…; friendly_target_affects_its_own_neighborhood pass: expected A friendly minion is a legal target; targeting it damages and freezes only it and its friendly neighbors while an opposing minion remains untouched. observed target_legal=True;enemy_minion_legal=True;friendly_states=[(4, True), (4, True), (4, True)];enemy_state=(5, False)",card_mechanism.csv#EX1_275; generic-play-smoke:played; effect-evidence: reports/card_quality_full_2026-09-27/classic_probe_middle_a.csv#target_and_adjacent_minions_take_one_and_freeze; reports/card_quality_full_2026-09-27/classic_probe_middle_a.csv#friendly_target_affects_its_own_neighborhood; per-card: reports/card_quality_full_2026-09-27/classic_probe_middle_a.csv#target_and_adjacent_minions_take_one_and_freeze; reports/card_quality_full_2026-09-27/classic_probe_middle_a.csv#friendly_target_affects_its_own_neighborhood,聚合状态取该卡最差机制；普通烟测只证明可执行，不能单独构成 GREEN。 Card-specific game traces saved incrementally; see probe CSV. Original baseline index 105.,"Freeze a minion and the minions next to it, and deal $1 damage to them.",fireplace/cards/classic/mage.py:124
17.6.0.53261,Classic (EXPERT1),EX1_279,Pyroblast,炎爆术,Spell resolution|Targeting,GREEN,implemented,yes,"deal_ten_to_selected_character pass: expected Pyroblast deals exactly 10 damage to a selected character and can target either hero or a minion on either side. observed before=(30, 30, 5);after=(30, 20, 5);targetable_owner_hero=True;targetable_enemy_hero=True;targetable_friendly_minion=True;targetable_enemy_minion=True",card_mechanism.csv#EX1_279; generic-play-smoke:played; effect-evidence: reports/card_quality_full_2026-09-27/classic_probe_middle_a.csv#deal_ten_to_selected_character; per-card: reports/card_quality_full_2026-09-27/classic_probe_middle_a.csv#deal_ten_to_selected_character,聚合状态取该卡最差机制；普通烟测只证明可执行，不能单独构成 GREEN。 Card-specific game traces saved incrementally; see probe CSV. Original baseline index 106.,Deal $10 damage.,fireplace/cards/classic/mage.py:137
17.6.0.53261,Classic (EXPERT1),EX1_283,Frost Elemental,冰霜元素,Battlecry|Targeting,GREEN,implemented,yes,"battlecry_freezes_character pass: expected Frost Elemental's Battlecry freezes the chosen character without dealing damage; both heroes and minions on either side are legal character targets, and the frozen enemy minion cannot attack. observed target_domain(owner_hero,enemy_hero,friendly_minion,enemy_minion)=(True, True, True, True);frozen_health=(True, 5);can_attack_hero=False;attack_rejected=True;owner_hero_health=30",card_mechanism.csv#EX1_283; generic-play-smoke:played; effect-evidence: reports/card_quality_full_2026-09-27/classic_probe_middle_a.csv#battlecry_freezes_character; per-card: reports/card_quality_full_2026-09-27/classic_probe_middle_a.csv#battlecry_freezes_character,聚合状态取该卡最差机制；普通烟测只证明可执行，不能单独构成 GREEN。 Card-specific game traces saved incrementally; see probe CSV. Original baseline index 107.,Battlecry: Freeze a character.,fireplace/cards/classic/neutral_common.py:282
17.6.0.53261,Classic (EXPERT1),EX1_289,Ice Barrier,寒冰护体,Secret|Spell resolution|Trigger,GREEN,implemented,yes,"attack_on_friendly_minion_does_not_trigger pass: expected A friendly minion being attacked does not trigger Ice Barrier; the Secret remains and hero Armor stays 0. observed attacker=GRAVEYARD;friendly_minion=GRAVEYARD;barrier_still_secret=True;armor=0;secret_zone=SECRET; attack_on_hero_gains_armor_and_consumes pass: expected When the hero is attacked by a 1-attack minion, Ice Barrier grants 8 Armor (7 remains after absorbing 1 damage) and is consumed. observed armor_after_1_attack=7;barrier_zone=GRAVEYARD;remaining_secrets=0;hero_health=30",card_mechanism.csv#EX1_289; generic-play-smoke:played; effect-evidence: reports/card_quality_full_2026-09-27/classic_probe_middle_a.csv#attack_on_friendly_minion_does_not_trigger; reports/card_quality_full_2026-09-27/classic_probe_middle_a.csv#attack_on_hero_gains_armor_and_consumes; per-card: reports/card_quality_full_2026-09-27/classic_probe_middle_a.csv#attack_on_friendly_minion_does_not_trigger; reports/card_quality_full_2026-09-27/classic_probe_middle_a.csv#attack_on_hero_gains_armor_and_consumes,聚合状态取该卡最差机制；普通烟测只证明可执行，不能单独构成 GREEN。 Card-specific game traces saved incrementally; see probe CSV. Original baseline index 108.,"Secret: When your hero is attacked, gain 8 Armor.",fireplace/cards/classic/mage.py:162
17.6.0.53261,Classic (EXPERT1),EX1_294,Mirror Entity,镜像实体,Secret|Spell resolution|Summon|Trigger,GREEN,implemented,yes,"secret_copies_opponents_played_minion pass: expected Mirror Entity ignores an opponent's spell, then summons an exact post-Battlecry copy of Injured Blademaster; its Battlecry is not repeated and the Secret is consumed. observed secret_after_opponent_spell=True;original=(4, 3, 7, 'PLAY');copies=[('CS2_181', 4, 3, 7)];secret_zone=GRAVEYARD",card_mechanism.csv#EX1_294; generic-play-smoke:played; effect-evidence: reports/card_quality_full_2026-09-27/classic_probe_middle_a.csv#secret_copies_opponents_played_minion; per-card: reports/card_quality_full_2026-09-27/classic_probe_middle_a.csv#secret_copies_opponents_played_minion,聚合状态取该卡最差机制；普通烟测只证明可执行，不能单独构成 GREEN。 Card-specific game traces saved incrementally; see probe CSV. Original baseline index 109.,"Secret: After your opponent plays a minion, summon a copy of it.",fireplace/cards/classic/mage.py:170
17.6.0.53261,Classic (EXPERT1),EX1_301,Felguard,恶魔卫士,Battlecry|Taunt,GREEN,implemented,yes,"battlecry_destroys_crystal_and_taunt_blocks pass: expected Felguard spends its 3 cost, reduces its controller's maximum Mana Crystals by exactly one, has Taunt, and an enemy attack is rejected at the hero then kills the attacker in combat with Felguard. observed mana_before=(10, 10);mana_after=(9, 7, 1);hero_attack_rejected=True;legal_hero=False;legal_felguard=True;after_combat=('GRAVEYARD', 4, 30)",card_mechanism.csv#EX1_301; generic-play-smoke:played; effect-evidence: reports/card_quality_full_2026-09-27/classic_probe_middle_a.csv#battlecry_destroys_crystal_and_taunt_blocks; per-card: reports/card_quality_full_2026-09-27/classic_probe_middle_a.csv#battlecry_destroys_crystal_and_taunt_blocks,聚合状态取该卡最差机制；普通烟测只证明可执行，不能单独构成 GREEN。 Card-specific game traces saved incrementally; see probe CSV. Original baseline index 110.,Taunt Battlecry: Destroy one of your Mana Crystals.,fireplace/cards/classic/warlock.py:23
17.6.0.53261,Classic (EXPERT1),EX1_303,Shadowflame,暗影烈焰,Spell resolution|Targeting,GREEN,implemented,yes,"friendly_minion_attack_becomes_enemy_aoe pass: expected Shadowflame only targets a friendly minion, destroys its 4-Attack source, deals 4 to every enemy minion, and leaves other friendly minions untouched. observed legal_source=True;enemy_minion_legal=False;friend_hero_legal=False;source_zone=GRAVEYARD;spared_friend=(1, 'PLAY');enemy_wisp=GRAVEYARD;enemy_yeti=(1, 'PLAY')",card_mechanism.csv#EX1_303; generic-play-smoke:played; effect-evidence: reports/card_quality_full_2026-09-27/classic_probe_middle_a.csv#friendly_minion_attack_becomes_enemy_aoe; per-card: reports/card_quality_full_2026-09-27/classic_probe_middle_a.csv#friendly_minion_attack_becomes_enemy_aoe,聚合状态取该卡最差机制；普通烟测只证明可执行，不能单独构成 GREEN。 Card-specific game traces saved incrementally; see probe CSV. Original baseline index 111.,Destroy a friendly minion and deal its Attack damage to all enemy minions.,fireplace/cards/classic/warlock.py:137
17.6.0.53261,Classic (EXPERT1),EX1_304,Void Terror,虚空恐魔,Battlecry,GREEN,implemented,yes,"battlecry_gains_both_adjacent_attack_and_current_health pass: expected Void Terror destroys only the two minions adjacent to its chosen insertion position and gains their combined Attack and current Health; non-adjacent minions survive. observed before=[(1, 1), (4, 3), (1, 1), (4, 5)];board_after=[('CS2_231', 1, 1, 1), ('EX1_304', 8, 7, 7), ('CS2_182', 4, 5, 5)];left_zone=GRAVEYARD;right_zone=GRAVEYARD;far_left=(1, True);far_right=(5, True);t…",card_mechanism.csv#EX1_304; generic-play-smoke:played; effect-evidence: reports/card_quality_full_2026-09-27/classic_probe_middle_a.csv#battlecry_gains_both_adjacent_attack_and_current_health; per-card: reports/card_quality_full_2026-09-27/classic_probe_middle_a.csv#battlecry_gains_both_adjacent_attack_and_current_health,聚合状态取该卡最差机制；普通烟测只证明可执行，不能单独构成 GREEN。 Card-specific game traces saved incrementally; see probe CSV. Original baseline index 112.,[x]Battlecry: Destroy both adjacent minions and gain  their Attack and Health.,fireplace/cards/classic/warlock.py:29
17.6.0.53261,Classic (EXPERT1),EX1_309,Siphon Soul,灵魂虹吸,Spell resolution|Targeting,GREEN,implemented,yes,"destroy_enemy_minion_and_restore_three pass: expected Siphon Soul can target minions but not heroes, destroys the enemy minion, and restores exactly 3 Health to a damaged hero. observed owner_health=25->28;enemy_zone=GRAVEYARD;friendly_survives=True;target_domain(friendly,enemy,owner_hero,enemy_hero)=(True, True, False, False); healing_capped_at_maximum pass: expected At full Health, Siphon Soul still destroys a friendly minion but the hero remains capped at maximum Health. observed hero_health=30/30;friendly_target_zone=GRAVEYARD",card_mechanism.csv#EX1_309; generic-play-smoke:played; effect-evidence: reports/card_quality_full_2026-09-27/classic_probe_middle_a.csv#destroy_enemy_minion_and_restore_three; reports/card_quality_full_2026-09-27/classic_probe_middle_a.csv#healing_capped_at_maximum; per-card: reports/card_quality_full_2026-09-27/classic_probe_middle_a.csv#destroy_enemy_minion_and_restore_three; reports/card_quality_full_2026-09-27/classic_probe_middle_a.csv#healing_capped_at_maximum,聚合状态取该卡最差机制；普通烟测只证明可执行，不能单独构成 GREEN。 Card-specific game traces saved incrementally; see probe CSV. Original baseline index 113.,Destroy a minion. Restore #3 Health to your hero.,fireplace/cards/classic/warlock.py:155
17.6.0.53261,Classic (EXPERT1),EX1_312,Twisting Nether,扭曲虚空,Spell resolution,GREEN,implemented,yes,"destroy_all_original_minions pass: expected Twisting Nether destroys friendly and enemy minions, including Divine Shield, without damaging heroes. observed original_zones=('GRAVEYARD', 'GRAVEYARD', 'GRAVEYARD');fields=(0, 0);heroes=(30, 30)->(30, 30);spell=GRAVEYARD; deathrattle_token_after_clear pass: expected Cairne and an enemy minion die together; the deathrattle Baine enters after the clear and survives. observed cairne=GRAVEYARD;enemy=GRAVEYARD;owner_field=[('EX1_110t', 4, 5)];enemy_field=0;spell=GRAVEYARD; empty_board_resolves pass: expected Twisting Nether resolves into Graveyard on an empty board without creating minions. observed fields=(0, 0);spell=GRAVEYARD",card_mechanism.csv#EX1_312; generic-play-smoke:played; effect-evidence: reports/card_quality_full_2026-09-27/classic_probe_middle_a.csv#destroy_all_original_minions; reports/card_quality_full_2026-09-27/classic_probe_middle_a.csv#deathrattle_token_after_clear; reports/card_quality_full_2026-09-27/classic_probe_middle_a.csv#empty_board_resolves; per-card: reports/card_quality_full_2026-09-27/classic_probe_middle_a.csv#destroy_all_original_minions; reports/card_quality_full_2026-09-27/classic_probe_middle_a.csv#deathrattle_token_after_clear; reports/card_quality_full_2026-09-27/classic_probe_middle_a.csv#empty_board_resolves,聚合状态取该卡最差机制；普通烟测只证明可执行，不能单独构成 GREEN。 Card-specific game traces saved incrementally; see probe CSV. Original baseline index 114.,Destroy all minions.,fireplace/cards/classic/warlock.py:162
17.6.0.53261,Classic (EXPERT1),EX1_313,Pit Lord,深渊领主,Battlecry,GREEN,implemented,yes,己方英雄恰受5点战吼伤害，对手英雄不变；5/6本体正常入场并扣除4点法力。,card_mechanism.csv#EX1_313; generic-play-smoke:played; effect-evidence: reports/card_quality_full_2026-09-27/classic_probe_second.csv#EX1_313_own_hero_battlecry; per-card: reports/card_quality_full_2026-09-27/classic_probe_second.csv#EX1_313_own_hero_battlecry,聚合状态取该卡最差机制；普通烟测只证明可执行，不能单独构成 GREEN。 逐卡实际出牌与状态断言；状态仅依据本卡已列核心分支。,Battlecry: Deal 5 damage to your hero.,fireplace/cards/classic/warlock.py:55
17.6.0.53261,Classic (EXPERT1),EX1_315,Summoning Portal,召唤传送门,Aura|Continuous effect / Update|Cost modification,GREEN,implemented,yes,己方随从费用减少2且下限为1，对手费用不变；沉默 Portal 后两张手牌费用恢复。,card_mechanism.csv#EX1_315; generic-play-smoke:played; effect-evidence: reports/card_quality_full_2026-09-27/classic_probe_second.csv#EX1_315_minion_cost_aura_and_silence; per-card: reports/card_quality_full_2026-09-27/classic_probe_second.csv#EX1_315_minion_cost_aura_and_silence,聚合状态取该卡最差机制；普通烟测只证明可执行，不能单独构成 GREEN。 逐卡实际出牌与状态断言；状态仅依据本卡已列核心分支。,"Your minions cost (2) less, but not less than (1).",fireplace/cards/classic/warlock.py:61
17.6.0.53261,Classic (EXPERT1),EX1_317,Sense Demons,感知恶魔,Draw / Discard|Spell resolution,GREEN,implemented,yes,两张、仅一张和没有恶魔的牌库分支均按数量结算；非恶魔不会被抽走。,card_mechanism.csv#EX1_317; generic-play-smoke:played; effect-evidence: reports/card_quality_full_2026-09-27/classic_probe_second.csv#EX1_317_one_demon; reports/card_quality_full_2026-09-27/classic_probe_second.csv#EX1_317_two_demons; reports/card_quality_full_2026-09-27/classic_probe_second.csv#EX1_317_zero_demons; per-card: reports/card_quality_full_2026-09-27/classic_probe_second.csv#EX1_317_one_demon; reports/card_quality_full_2026-09-27/classic_probe_second.csv#EX1_317_two_demons; reports/card_quality_full_2026-09-27/classic_probe_second.csv#EX1_317_zero_demons,聚合状态取该卡最差机制；普通烟测只证明可执行，不能单独构成 GREEN。 逐卡实际出牌与状态断言；状态仅依据本卡已列核心分支。,Draw 2 Demons from your deck.,fireplace/cards/classic/warlock.py:187
17.6.0.53261,Classic (EXPERT1),EX1_319,Flame Imp,烈焰小鬼,Battlecry,GREEN,implemented,yes,己方英雄恰受3点战吼伤害，对手英雄不变；3/2本体正常入场并扣除1点法力。,card_mechanism.csv#EX1_319; generic-play-smoke:played; effect-evidence: reports/card_quality_full_2026-09-27/classic_probe_second.csv#EX1_319_own_hero_battlecry; per-card: reports/card_quality_full_2026-09-27/classic_probe_second.csv#EX1_319_own_hero_battlecry,聚合状态取该卡最差机制；普通烟测只证明可执行，不能单独构成 GREEN。 逐卡实际出牌与状态断言；状态仅依据本卡已列核心分支。,Battlecry: Deal 3 damage to your hero.,fireplace/cards/classic/warlock.py:69
17.6.0.53261,Classic (EXPERT1),EX1_320,Bane of Doom,末日灾祸,Random effects|Spell resolution|Summon|Targeting,GREEN,implemented,yes,致死分支消灭目标并召唤恶魔；非致死分支只造成2点伤害。,card_mechanism.csv#EX1_320; generic-play-smoke:played; effect-evidence: reports/card_quality_full_2026-09-27/classic_probe_second.csv#EX1_320_lethal_summon; reports/card_quality_full_2026-09-27/classic_probe_second.csv#EX1_320_nonlethal_no_summon; per-card: reports/card_quality_full_2026-09-27/classic_probe_second.csv#EX1_320_lethal_summon; reports/card_quality_full_2026-09-27/classic_probe_second.csv#EX1_320_nonlethal_no_summon,聚合状态取该卡最差机制；普通烟测只证明可执行，不能单独构成 GREEN。 逐卡实际出牌与状态断言；状态仅依据本卡已列核心分支。,"Deal $2 damage to a character. If that kills it, summon a random Demon.",fireplace/cards/classic/warlock.py:196
17.6.0.53261,Classic (EXPERT1),EX1_323,Lord Jaraxxus,加拉克苏斯大王,Battlecry|Summon,GREEN,implemented,yes,战吼将英雄替换为15生命的加拉克苏斯大王，并赋予对应技能和3/8武器。,card_mechanism.csv#EX1_323; generic-play-smoke:played; effect-evidence: reports/card_quality_full_2026-09-27/classic_probe_second.csv#EX1_323_hero_replacement_and_weapon; per-card: reports/card_quality_full_2026-09-27/classic_probe_second.csv#EX1_323_hero_replacement_and_weapon,聚合状态取该卡最差机制；普通烟测只证明可执行，不能单独构成 GREEN。 逐卡实际出牌与状态断言；状态仅依据本卡已列核心分支。,Battlecry: Destroy your hero and replace it with Lord Jaraxxus.,fireplace/cards/classic/warlock.py:75
17.6.0.53261,Classic (EXPERT1),EX1_334,Shadow Madness,暗影狂乱,Spell resolution|Targeting,GREEN,implemented,yes,3攻合法随从获得临时控制与冲锋、攻击后回归；4攻目标不合法且不扣费、不移区。,card_mechanism.csv#EX1_334; generic-play-smoke:played; effect-evidence: reports/card_quality_full_2026-09-27/classic_probe_second.csv#EX1_334_control_charge_and_return; reports/card_quality_full_2026-09-27/classic_probe_second.csv#EX1_334_reject_over_three_attack; per-card: reports/card_quality_full_2026-09-27/classic_probe_second.csv#EX1_334_control_charge_and_return; reports/card_quality_full_2026-09-27/classic_probe_second.csv#EX1_334_reject_over_three_attack,聚合状态取该卡最差机制；普通烟测只证明可执行，不能单独构成 GREEN。 逐卡实际出牌与状态断言；状态仅依据本卡已列核心分支。,Gain control of an enemy minion with 3 or less Attack until end of turn.,fireplace/cards/classic/priest.py:220
17.6.0.53261,Classic (EXPERT1),EX1_335,Lightspawn,光耀之子,Continuous effect / Update,GREEN,implemented,yes,光耀之子初始攻击力等于生命值；受到1点实际法术伤害后两者仍相等。,card_mechanism.csv#EX1_335; generic-play-smoke:played; effect-evidence: reports/card_quality_full_2026-09-27/classic_probe_second.csv#EX1_335_attack_equals_current_health; per-card: reports/card_quality_full_2026-09-27/classic_probe_second.csv#EX1_335_attack_equals_current_health,聚合状态取该卡最差机制；普通烟测只证明可执行，不能单独构成 GREEN。 逐卡实际出牌与状态断言；状态仅依据本卡已列核心分支。,This minion's Attack is always equal to its Health.,fireplace/cards/classic/priest.py:26
17.6.0.53261,Classic (EXPERT1),EX1_339,Thoughtsteal,思维窃取,Spell resolution,GREEN,implemented,yes,将对手牌库中两张已知卡牌的副本加入己方手牌；原牌仍留在对手牌库。,card_mechanism.csv#EX1_339; generic-play-smoke:played; effect-evidence: reports/card_quality_full_2026-09-27/classic_probe_second.csv#EX1_339_copy_two_opponent_deck_cards; per-card: reports/card_quality_full_2026-09-27/classic_probe_second.csv#EX1_339_copy_two_opponent_deck_cards,聚合状态取该卡最差机制；普通烟测只证明可执行，不能单独构成 GREEN。 逐卡实际出牌与状态断言；状态仅依据本卡已列核心分支。,Copy 2 cards in your opponent's deck and add them to your hand.,fireplace/cards/classic/priest.py:241
17.6.0.53261,Classic (EXPERT1),EX1_341,Lightwell,光明之泉,Trigger,GREEN,implemented,yes,己方回合开始時治疗唯一受伤角色；两名受伤随从候选时仅治疗一名且不同随机种子可触达两者。,card_mechanism.csv#EX1_341; generic-play-smoke:played; effect-evidence: reports/card_quality_full_2026-09-27/classic_probe_second.csv#EX1_341_heal_at_own_turn_start; reports/card_quality_full_2026-09-27/classic_probe_second.csv#EX1_341_random_heal_one_reachable_candidate; per-card: reports/card_quality_full_2026-09-27/classic_probe_second.csv#EX1_341_heal_at_own_turn_start; reports/card_quality_full_2026-09-27/classic_probe_second.csv#EX1_341_random_heal_one_reachable_candidate,聚合状态取该卡最差机制；普通烟测只证明可执行，不能单独构成 GREEN。 逐卡实际出牌与状态断言；状态仅依据本卡已列核心分支。,"At the start of your turn, restore #3 Health to a damaged friendly character.",fireplace/cards/classic/priest.py:32
17.6.0.53261,Classic (EXPERT1),EX1_345,Mindgames,控心术,Random effects|Spell resolution|Summon,GREEN,implemented,yes,复制对手牌库中唯一随从并置入己方场上；没有敌方随从牌时召唤“虚无之影”。,card_mechanism.csv#EX1_345; generic-play-smoke:played; effect-evidence: reports/card_quality_full_2026-09-27/classic_probe_second.csv#EX1_345_known_minion_copy_and_empty_pool_token; per-card: reports/card_quality_full_2026-09-27/classic_probe_second.csv#EX1_345_known_minion_copy_and_empty_pool_token,聚合状态取该卡最差机制；普通烟测只证明可执行，不能单独构成 GREEN。 逐卡实际出牌与状态断言；状态仅依据本卡已列核心分支。,Put a copy of a random minion from your opponent's deck into the battlefield.,fireplace/cards/classic/priest.py:247
17.6.0.53261,Classic (EXPERT1),EX1_354,Lay on Hands,圣疗术,Draw / Discard|Spell resolution|Targeting,GREEN,implemented,yes,友方英雄、友方随从及敌方随从目标均可恢复生命，同时抽三张牌。,card_mechanism.csv#EX1_354; generic-play-smoke:played; effect-evidence: reports/card_quality_full_2026-09-27/classic_probe_second.csv#EX1_354_eight_healing_and_three_draws; reports/card_quality_full_2026-09-27/classic_probe_second.csv#EX1_354_enemy_minion_target; reports/card_quality_full_2026-09-27/classic_probe_second.csv#EX1_354_friendly_minion_target; per-card: reports/card_quality_full_2026-09-27/classic_probe_second.csv#EX1_354_eight_healing_and_three_draws; reports/card_quality_full_2026-09-27/classic_probe_second.csv#EX1_354_enemy_minion_target; reports/card_quality_full_2026-09-27/classic_probe_second.csv#EX1_354_friendly_minion_target,聚合状态取该卡最差机制；普通烟测只证明可执行，不能单独构成 GREEN。 逐卡实际出牌与状态断言；状态仅依据本卡已列核心分支。,Restore #8 Health. Draw 3 cards.,fireplace/cards/classic/paladin.py:97
17.6.0.53261,Classic (EXPERT1),EX1_355,Blessed Champion,受祝福的勇士,Spell resolution|Targeting,GREEN,implemented,yes,友方与敌方随从均可成为目标；目标攻击力翻倍且生命值不变。,card_mechanism.csv#EX1_355; generic-play-smoke:played; effect-evidence: reports/card_quality_full_2026-09-27/classic_probe_second.csv#EX1_355_doubles_enemy_minion_attack; reports/card_quality_full_2026-09-27/classic_probe_second.csv#EX1_355_doubles_friendly_minion_attack; per-card: reports/card_quality_full_2026-09-27/classic_probe_second.csv#EX1_355_doubles_enemy_minion_attack; reports/card_quality_full_2026-09-27/classic_probe_second.csv#EX1_355_doubles_friendly_minion_attack,聚合状态取该卡最差机制；普通烟测只证明可执行，不能单独构成 GREEN。 逐卡实际出牌与状态断言；状态仅依据本卡已列核心分支。,Double a minion's Attack.,fireplace/cards/classic/paladin.py:104
17.6.0.53261,Classic (EXPERT1),EX1_362,Argent Protector,银色保卫者,Battlecry|Targeting,GREEN,implemented,yes,目标友方随从获得圣盾，圣盾实际抵挡攻击且不损失生命；场上无友军时无目标正常入场。,card_mechanism.csv#EX1_362; generic-play-smoke:played; effect-evidence: reports/card_quality_full_2026-09-27/classic_probe_second.csv#EX1_362_divine_shield_and_optional_target; reports/card_quality_full_2026-09-27/classic_probe_second.csv#EX1_362_shield_blocks_attack; per-card: reports/card_quality_full_2026-09-27/classic_probe_second.csv#EX1_362_divine_shield_and_optional_target; reports/card_quality_full_2026-09-27/classic_probe_second.csv#EX1_362_shield_blocks_attack,聚合状态取该卡最差机制；普通烟测只证明可执行，不能单独构成 GREEN。 逐卡实际出牌与状态断言；状态仅依据本卡已列核心分支。,Battlecry: Give a friendly minion Divine Shield.,fireplace/cards/classic/paladin.py:14
17.6.0.53261,Classic (EXPERT1),EX1_363,Blessing of Wisdom,智慧祝福,Draw / Discard|Spell resolution|Targeting|Trigger,GREEN,implemented,yes,友方随从攻击后抽牌；附魔敌方随从并由其攻击时，抽牌归施法者且不消耗对手牌库。,card_mechanism.csv#EX1_363; generic-play-smoke:played; effect-evidence: reports/card_quality_full_2026-09-27/classic_probe_second.csv#EX1_363_enemy_attacker_draw_owner; reports/card_quality_full_2026-09-27/classic_probe_second.csv#EX1_363_friendly_attacker_draws; per-card: reports/card_quality_full_2026-09-27/classic_probe_second.csv#EX1_363_enemy_attacker_draw_owner; reports/card_quality_full_2026-09-27/classic_probe_second.csv#EX1_363_friendly_attacker_draws,聚合状态取该卡最差机制；普通烟测只证明可执行，不能单独构成 GREEN。 逐卡实际出牌与状态断言；状态仅依据本卡已列核心分支。,"Choose a minion. Whenever it attacks, draw a card.",fireplace/cards/classic/paladin.py:126
17.6.0.53261,Classic (EXPERT1),EX1_365,Holy Wrath,神圣愤怒,Draw / Discard|Spell resolution|Targeting,GREEN,implemented,yes,先抽取已知4费牌，再对目标造成等于该牌费用的4点伤害。,card_mechanism.csv#EX1_365; generic-play-smoke:played; effect-evidence: reports/card_quality_full_2026-09-27/classic_probe_second.csv#EX1_365_draw_cost_and_damage; per-card: reports/card_quality_full_2026-09-27/classic_probe_second.csv#EX1_365_draw_cost_and_damage,聚合状态取该卡最差机制；普通烟测只证明可执行，不能单独构成 GREEN。 逐卡实际出牌与状态断言；状态仅依据本卡已列核心分支。,Draw a card and deal damage equal to its Cost.,fireplace/cards/classic/paladin.py:143
17.6.0.53261,Classic (EXPERT1),EX1_366,Sword of Justice,公正之剑,Summon|Trigger|Weapon,GREEN,implemented,yes,武器装备后每次召唤令新随从获得+1/+1并消耗1耐久；已在场随从不受影响。,card_mechanism.csv#EX1_366; generic-play-smoke:played; effect-evidence: reports/card_quality_full_2026-09-27/classic_probe_second.csv#EX1_366_buffs_new_summons_and_loses_durability; per-card: reports/card_quality_full_2026-09-27/classic_probe_second.csv#EX1_366_buffs_new_summons_and_loses_durability,聚合状态取该卡最差机制；普通烟测只证明可执行，不能单独构成 GREEN。 逐卡实际出牌与状态断言；状态仅依据本卡已列核心分支。,"After you summon a minion, give it +1/+1 and this loses 1 Durability.",fireplace/cards/classic/paladin.py:228
17.6.0.53261,Classic (EXPERT1),EX1_379,Repentance,忏悔,Secret|Spell resolution|Trigger,GREEN,implemented,yes,对手打出随从后奥秘揭示，使该随从当前生命值降为1。,card_mechanism.csv#EX1_379; generic-play-smoke:played; effect-evidence: reports/card_quality_full_2026-09-27/classic_probe_second.csv#EX1_379_reduces_enemy_minion_health_to_one; per-card: reports/card_quality_full_2026-09-27/classic_probe_second.csv#EX1_379_reduces_enemy_minion_health_to_one,聚合状态取该卡最差机制；普通烟测只证明可执行，不能单独构成 GREEN。 逐卡实际出牌与状态断言；状态仅依据本卡已列核心分支。,"Secret: After your opponent plays a minion, reduce its Health to 1.",fireplace/cards/classic/paladin.py:206
17.6.0.53261,Classic (EXPERT1),EX1_382,Aldor Peacekeeper,奥尔多卫士,Battlecry|Targeting,GREEN,implemented,yes,敌方随从攻击力改为1，生命值、区域和控制者保持不变。,card_mechanism.csv#EX1_382; generic-play-smoke:played; effect-evidence: reports/card_quality_full_2026-09-27/classic_probe_second.csv#EX1_382_sets_enemy_attack_to_one; per-card: reports/card_quality_full_2026-09-27/classic_probe_second.csv#EX1_382_sets_enemy_attack_to_one,聚合状态取该卡最差机制；普通烟测只证明可执行，不能单独构成 GREEN。 逐卡实际出牌与状态断言；状态仅依据本卡已列核心分支。,Battlecry: Change an enemy minion's Attack to 1.,fireplace/cards/classic/paladin.py:26
17.6.0.53261,Classic (EXPERT1),EX1_383,Tirion Fordring,提里奥·弗丁,Deathrattle|Divine Shield|Summon|Taunt,GREEN,implemented,yes,弗丁拥有圣盾和嘲讽；圣盾挡住首次伤害，死亡后装备5/3灰烬使者。,card_mechanism.csv#EX1_383; generic-play-smoke:played; effect-evidence: reports/card_quality_full_2026-09-27/classic_probe_second.csv#EX1_383_shield_taunt_and_ashbringer_deathrattle; per-card: reports/card_quality_full_2026-09-27/classic_probe_second.csv#EX1_383_shield_taunt_and_ashbringer_deathrattle,聚合状态取该卡最差机制；普通烟测只证明可执行，不能单独构成 GREEN。 逐卡实际出牌与状态断言；状态仅依据本卡已列核心分支。,"Divine Shield, Taunt Deathrattle: Equip a 5/3 Ashbringer.",fireplace/cards/classic/paladin.py:41
17.6.0.53261,Classic (EXPERT1),EX1_384,Avenging Wrath,复仇之怒,Random effects|Spell resolution,GREEN,implemented,yes,8次随机伤害合计正好8点，范围仅限敌方角色，友方随从与英雄不受伤。,card_mechanism.csv#EX1_384; generic-play-smoke:played; effect-evidence: reports/card_quality_full_2026-09-27/classic_probe_second.csv#EX1_384_eight_damage_enemy_only; per-card: reports/card_quality_full_2026-09-27/classic_probe_second.csv#EX1_384_eight_damage_enemy_only,聚合状态取该卡最差机制；普通烟测只证明可执行，不能单独构成 GREEN。 逐卡实际出牌与状态断言；状态仅依据本卡已列核心分支。,Deal $8 damage randomly split among all enemies.,fireplace/cards/classic/paladin.py:157
17.6.0.53261,Classic (EXPERT1),EX1_390,Tauren Warrior,牛头人战士,Taunt,GREEN,implemented,yes,牛头人战士具有嘲讽；受伤时攻击力+3，恢复满血后增益消失。,card_mechanism.csv#EX1_390; generic-play-smoke:played; effect-evidence: reports/card_quality_full_2026-09-27/classic_probe_second.csv#EX1_390_taunt_and_enrage_lifecycle; per-card: reports/card_quality_full_2026-09-27/classic_probe_second.csv#EX1_390_taunt_and_enrage_lifecycle,聚合状态取该卡最差机制；普通烟测只证明可执行，不能单独构成 GREEN。 逐卡实际出牌与状态断言；状态仅依据本卡已列核心分支。,Taunt Has +3 Attack while damaged.,fireplace/cards/classic/neutral_common.py:289
17.6.0.53261,Classic (EXPERT1),EX1_391,Slam,猛击,Draw / Discard|Spell resolution|Targeting,GREEN,implemented,yes,2点伤害的存活分支抽1张；致死分支不抽牌。,card_mechanism.csv#EX1_391; generic-play-smoke:played; effect-evidence: reports/card_quality_full_2026-09-27/classic_probe_second.csv#EX1_391_kill_skips_draw; reports/card_quality_full_2026-09-27/classic_probe_second.csv#EX1_391_survivor_draws; per-card: reports/card_quality_full_2026-09-27/classic_probe_second.csv#EX1_391_kill_skips_draw; reports/card_quality_full_2026-09-27/classic_probe_second.csv#EX1_391_survivor_draws,聚合状态取该卡最差机制；普通烟测只证明可执行，不能单独构成 GREEN。 逐卡实际出牌与状态断言；状态仅依据本卡已列核心分支。,"Deal $2 damage to a minion. If it survives, draw a card.",fireplace/cards/classic/warrior.py:122
17.6.0.53261,Classic (EXPERT1),EX1_392,Battle Rage,战斗怒火,Draw / Discard|Spell resolution,GREEN,implemented,yes,每名受伤友方角色各抽一张；未受伤随从不计入，抽牌来自己方牌库而对手牌库不变。,card_mechanism.csv#EX1_392; generic-play-smoke:played; effect-evidence: reports/card_quality_full_2026-09-27/classic_probe_second.csv#EX1_392_draw_per_damaged_friendly_character; per-card: reports/card_quality_full_2026-09-27/classic_probe_second.csv#EX1_392_draw_per_damaged_friendly_character,聚合状态取该卡最差机制；普通烟测只证明可执行，不能单独构成 GREEN。 逐卡实际出牌与状态断言；状态仅依据本卡已列核心分支。,Draw a card for each damaged friendly character.,fireplace/cards/classic/warrior.py:129
17.6.0.53261,Classic (EXPERT1),EX1_393,Amani Berserker,阿曼尼狂战士,Unclassified effect,GREEN,implemented,yes,阿曼尼狂战士受伤时攻击力+3，恢复满血后回到原攻击力。,card_mechanism.csv#EX1_393; generic-play-smoke:played; effect-evidence: reports/card_quality_full_2026-09-27/classic_probe_second.csv#EX1_393_enrage_gains_and_loses_attack; per-card: reports/card_quality_full_2026-09-27/classic_probe_second.csv#EX1_393_enrage_gains_and_loses_attack,聚合状态取该卡最差机制；普通烟测只证明可执行，不能单独构成 GREEN。 逐卡实际出牌与状态断言；状态仅依据本卡已列核心分支。,Has +3 Attack while damaged.,fireplace/cards/classic/neutral_common.py:298
17.6.0.53261,Classic (EXPERT1),EX1_396,Mogu'shan Warden,魔古山守望者,Taunt,GREEN,implemented,yes,魔古山守望者嘲讽迫使冲锋随从攻击它，阻止其攻击英雄。,card_mechanism.csv#EX1_396; generic-play-smoke:played; effect-evidence: reports/card_quality_full_2026-09-27/classic_probe_second.csv#EX1_396_taunt_blocks_hero; per-card: reports/card_quality_full_2026-09-27/classic_probe_second.csv#EX1_396_taunt_blocks_hero,聚合状态取该卡最差机制；普通烟测只证明可执行，不能单独构成 GREEN。 逐卡实际出牌与状态断言；状态仅依据本卡已列核心分支。,Taunt,
17.6.0.53261,Classic (EXPERT1),EX1_398,Arathi Weaponsmith,阿拉希武器匠,Battlecry|Summon,GREEN,implemented,yes,阿拉希武器匠战吼装备2/2武器，本体正常入场。,card_mechanism.csv#EX1_398; generic-play-smoke:played; effect-evidence: reports/card_quality_full_2026-09-27/classic_probe_second.csv#EX1_398_battlecry_equips_two_two; per-card: reports/card_quality_full_2026-09-27/classic_probe_second.csv#EX1_398_battlecry_equips_two_two,聚合状态取该卡最差机制；普通烟测只证明可执行，不能单独构成 GREEN。 逐卡实际出牌与状态断言；状态仅依据本卡已列核心分支。,Battlecry: Equip a 2/2 weapon.,fireplace/cards/classic/warrior.py:8
17.6.0.53261,Classic (EXPERT1),EX1_402,Armorsmith,铸甲师,Trigger,GREEN,implemented,yes,旋风斩使铸甲师与另一友方随从各受伤时，护甲增加2点；死亡随从的受伤事件也计入。,card_mechanism.csv#EX1_402; generic-play-smoke:played; effect-evidence: reports/card_quality_full_2026-09-27/classic_probe_second.csv#EX1_402_armor_per_friendly_damage_event; per-card: reports/card_quality_full_2026-09-27/classic_probe_second.csv#EX1_402_armor_per_friendly_damage_event,聚合状态取该卡最差机制；普通烟测只证明可执行，不能单独构成 GREEN。 逐卡实际出牌与状态断言；状态仅依据本卡已列核心分支。,"Whenever a friendly minion takes damage, gain 1 Armor.",fireplace/cards/classic/warrior.py:14
17.6.0.53261,Classic (EXPERT1),EX1_405,Shieldbearer,持盾卫士,Taunt,GREEN,implemented,yes,持盾卫士嘲讽阻止冲锋随从攻击英雄，并迫使其攻击嘲讽随从。,card_mechanism.csv#EX1_405; generic-play-smoke:played; effect-evidence: reports/card_quality_full_2026-09-27/classic_probe_second.csv#EX1_405_taunt_blocks_charge_attack; per-card: reports/card_quality_full_2026-09-27/classic_probe_second.csv#EX1_405_taunt_blocks_charge_attack,聚合状态取该卡最差机制；普通烟测只证明可执行，不能单独构成 GREEN。 逐卡实际出牌与状态断言；状态仅依据本卡已列核心分支。,Taunt,
17.6.0.53261,Classic (EXPERT1),EX1_407,Brawl,绝命乱斗,Random effects|Spell resolution,RED,partial,yes,"乱斗留在场上的敌方随从仍存活时，阿努巴拉克伏兵的亡语却把同批被乱斗摧毁的友方随从带回手牌。 实测：Brawl's enemy survivor remains, but Anub'ar Ambusher returns its same-batch-destroyed ally: seed=2;ambusher=GRAVEYARD;ally=HAND;enemy=PLAY;board=['CS2_200']",card_mechanism.csv#EX1_407; generic-play-smoke:played; effect-evidence: reports/card_quality_full_2026-09-27/classic_probe_second.csv#EX1_407_random_survivor_and_batch_deathrattle; per-card: reports/card_quality_full_2026-09-27/classic_probe_second.csv#EX1_407_random_survivor_and_batch_deathrattle,聚合状态取该卡最差机制；普通烟测只证明可执行，不能单独构成 GREEN。 逐卡实际出牌与状态断言；状态仅依据本卡已列核心分支。,Destroy all minions except one. (chosen randomly),fireplace/cards/classic/warrior.py:142
17.6.0.53261,Classic (EXPERT1),EX1_408,Mortal Strike,致死打击,Spell resolution|Targeting,GREEN,implemented,yes,己方生命值30时造成4点伤害，恰为12时造成6点伤害。,card_mechanism.csv#EX1_408; generic-play-smoke:played; effect-evidence: reports/card_quality_full_2026-09-27/classic_probe_second.csv#EX1_408_four_or_six_damage_threshold; per-card: reports/card_quality_full_2026-09-27/classic_probe_second.csv#EX1_408_four_or_six_damage_threshold,聚合状态取该卡最差机制；普通烟测只证明可执行，不能单独构成 GREEN。 逐卡实际出牌与状态断言；状态仅依据本卡已列核心分支。,"Deal $4 damage. If you have 12 or less Health, deal $6 instead.",fireplace/cards/classic/warrior.py:151
17.6.0.53261,Classic (EXPERT1),EX1_409,Upgrade!,升级,Spell resolution|Summon,GREEN,implemented,yes,无武器时装备1/3武器；已有武器时攻击力和耐久各增加1。,card_mechanism.csv#EX1_409; generic-play-smoke:played; effect-evidence: reports/card_quality_full_2026-09-27/classic_probe_second.csv#EX1_409_weapon_and_no_weapon_branches; per-card: reports/card_quality_full_2026-09-27/classic_probe_second.csv#EX1_409_weapon_and_no_weapon_branches,聚合状态取该卡最差机制；普通烟测只证明可执行，不能单独构成 GREEN。 逐卡实际出牌与状态断言；状态仅依据本卡已列核心分支。,"If you have a weapon, give it +1/+1. Otherwise equip a 1/3 weapon.",fireplace/cards/classic/warrior.py:159
17.6.0.53261,Classic (EXPERT1),EX1_410,Shield Slam,盾牌猛击,Spell resolution|Targeting,GREEN,implemented,yes,以盾牌格挡获得5点护甲后，盾牌猛击对目标造成5点伤害。,card_mechanism.csv#EX1_410; generic-play-smoke:played; effect-evidence: reports/card_quality_full_2026-09-27/classic_probe_second.csv#EX1_410_damage_equals_armor; per-card: reports/card_quality_full_2026-09-27/classic_probe_second.csv#EX1_410_damage_equals_armor,聚合状态取该卡最差机制；普通烟测只证明可执行，不能单独构成 GREEN。 逐卡实际出牌与状态断言；状态仅依据本卡已列核心分支。,Deal 1 damage to a minion for each Armor you have.,fireplace/cards/classic/warrior.py:170
17.6.0.53261,Classic (EXPERT1),EX1_411,Gorehowl,血吼,Continuous effect / Update|Trigger|Weapon,GREEN,implemented,yes,攻随从后血吼攻击力减1但耐久不变；随后攻击英雄才消耗最后1点耐久。,card_mechanism.csv#EX1_411; generic-play-smoke:played; effect-evidence: reports/card_quality_full_2026-09-27/classic_probe_second.csv#EX1_411_minion_attack_reduces_attack_not_durability; per-card: reports/card_quality_full_2026-09-27/classic_probe_second.csv#EX1_411_minion_attack_reduces_attack_not_durability,聚合状态取该卡最差机制；普通烟测只证明可执行，不能单独构成 GREEN。 逐卡实际出牌与状态断言；状态仅依据本卡已列核心分支。,Attacking a minion costs 1 Attack instead of 1 Durability.,fireplace/cards/classic/warrior.py:219
17.6.0.53261,Classic (EXPERT1),EX1_412,Raging Worgen,暴怒的狼人,Unclassified effect,GREEN,implemented,yes,暴怒的狼人受伤后获得+1攻击和风怒；下一回合实际攻击两次后耗尽攻击次数。,card_mechanism.csv#EX1_412; generic-play-smoke:played; effect-evidence: reports/card_quality_full_2026-09-27/classic_probe_second.csv#EX1_412_damaged_worgen_gets_windfury; per-card: reports/card_quality_full_2026-09-27/classic_probe_second.csv#EX1_412_damaged_worgen_gets_windfury,聚合状态取该卡最差机制；普通烟测只证明可执行，不能单独构成 GREEN。 逐卡实际出牌与状态断言；状态仅依据本卡已列核心分支。,Has +1 Attack and Windfury while damaged.,fireplace/cards/classic/neutral_common.py:307
17.6.0.53261,Classic (EXPERT1),EX1_414,Grommash Hellscream,格罗玛什·地狱咆哮,Charge,GREEN,implemented,yes,格罗玛什具有冲锋；受伤后攻击力+6并立即攻击，恢复满血后攻击力增益消失。,card_mechanism.csv#EX1_414; generic-play-smoke:played; effect-evidence: reports/card_quality_full_2026-09-27/classic_probe_second.csv#EX1_414_charge_and_damaged_attack; per-card: reports/card_quality_full_2026-09-27/classic_probe_second.csv#EX1_414_charge_and_damaged_attack,聚合状态取该卡最差机制；普通烟测只证明可执行，不能单独构成 GREEN。 逐卡实际出牌与状态断言；状态仅依据本卡已列核心分支。,Charge Has +6 Attack while damaged.,fireplace/cards/classic/warrior.py:20
17.6.0.53261,Classic (EXPERT1),EX1_507,Murloc Warleader,鱼人领军,Aura|Continuous effect / Update,GREEN,implemented,yes,仅其他友方鱼人获得+2攻击；领军自身和敌方鱼人不变，沉默后光环移除。,card_mechanism.csv#EX1_507; generic-play-smoke:played; effect-evidence: reports/card_quality_full_2026-09-27/classic_probe_second.csv#EX1_507_other_friendly_murlocs_only; per-card: reports/card_quality_full_2026-09-27/classic_probe_second.csv#EX1_507_other_friendly_murlocs_only,聚合状态取该卡最差机制；普通烟测只证明可执行，不能单独构成 GREEN。 逐卡实际出牌与状态断言；状态仅依据本卡已列核心分支。,Your other Murlocs have +2 Attack.,fireplace/cards/classic/neutral_epic.py:21
17.6.0.53261,Classic (EXPERT1),EX1_509,Murloc Tidecaller,鱼人招潮者,Summon|Trigger,RED,partial,yes,对手在自己的回合合法打出鱼人后，鱼人招潮者仍额外获得+1攻击，触发范围超出文本的‘你召唤’。 实测：base=1;after_self_summon=1;after_friendly_murloc=2;after_enemy_murloc=3;ally=PLAY,card_mechanism.csv#EX1_509; generic-play-smoke:played; effect-evidence: reports/card_quality_full_2026-09-27/classic_probe_second.csv#EX1_509_friendly_murloc_summons_only; per-card: reports/card_quality_full_2026-09-27/classic_probe_second.csv#EX1_509_friendly_murloc_summons_only,聚合状态取该卡最差机制；普通烟测只证明可执行，不能单独构成 GREEN。 逐卡实际出牌与状态断言；状态仅依据本卡已列核心分支。,"Whenever you summon a Murloc, gain +1 Attack.",fireplace/cards/classic/neutral_rare.py:157
17.6.0.53261,Classic (EXPERT1),EX1_522,Patient Assassin,耐心的刺客,Poisonous|Stealth,GREEN,implemented,yes,耐心的刺客初始潜行且剧毒；准备就绪后仅造成1点战斗伤害也能消灭4/5随从。,card_mechanism.csv#EX1_522; generic-play-smoke:played; effect-evidence: reports/card_quality_full_2026-09-27/classic_probe_second.csv#EX1_522_stealth_poisonous_trade; per-card: reports/card_quality_full_2026-09-27/classic_probe_second.csv#EX1_522_stealth_poisonous_trade,聚合状态取该卡最差机制；普通烟测只证明可执行，不能单独构成 GREEN。 逐卡实际出牌与状态断言；状态仅依据本卡已列核心分支。,Stealth  Poisonous,
17.6.0.53261,Classic (EXPERT1),EX1_531,Scavenging Hyena,食腐土狼,Trigger,GREEN,implemented,yes,友方野兽死亡使土狼获得+2/+1；敌方野兽死亡不触发。,card_mechanism.csv#EX1_531; generic-play-smoke:played; effect-evidence: reports/card_quality_full_2026-09-27/classic_probe_second.csv#EX1_531_friendly_beast_death_only; per-card: reports/card_quality_full_2026-09-27/classic_probe_second.csv#EX1_531_friendly_beast_death_only,聚合状态取该卡最差机制；普通烟测只证明可执行，不能单独构成 GREEN。 逐卡实际出牌与状态断言；状态仅依据本卡已列核心分支。,"Whenever a friendly Beast dies, gain +2/+1.",fireplace/cards/classic/hunter.py:47
17.6.0.53261,Classic (EXPERT1),EX1_533,Misdirection,误导,Random effects|Secret|Spell resolution|Trigger,GREEN,implemented,yes,敌方冲锋随从攻击英雄时，唯一可重定向目标是攻击者自己的英雄；原英雄不受伤且 Misdirection 消耗。,card_mechanism.csv#EX1_533; generic-play-smoke:played; effect-evidence: reports/card_quality_full_2026-09-27/classic_probe_second.csv#EX1_533_attack_redirects_to_only_other_character; per-card: reports/card_quality_full_2026-09-27/classic_probe_second.csv#EX1_533_attack_redirects_to_only_other_character,聚合状态取该卡最差机制；普通烟测只证明可执行，不能单独构成 GREEN。 逐卡实际出牌与状态断言；状态仅依据本卡已列核心分支。,"Secret: When an enemy attacks your hero, instead it attacks another random character.",fireplace/cards/classic/hunter.py:174
17.6.0.53261,Classic (EXPERT1),EX1_534,Savannah Highmane,长鬃草原狮,Deathrattle|Summon,GREEN,implemented,yes,6/5 Savannah Highmane 被火球术击杀后进入墓地，并召唤两只友方2/2土狼。,card_mechanism.csv#EX1_534; generic-play-smoke:played; effect-evidence: reports/card_quality_full_2026-09-27/classic_probe_second.csv#EX1_534_death_summons_two_hyenas; per-card: reports/card_quality_full_2026-09-27/classic_probe_second.csv#EX1_534_death_summons_two_hyenas,聚合状态取该卡最差机制；普通烟测只证明可执行，不能单独构成 GREEN。 逐卡实际出牌与状态断言；状态仅依据本卡已列核心分支。,Deathrattle: Summon two 2/2 Hyenas.,fireplace/cards/classic/hunter.py:56
17.6.0.53261,Classic (EXPERT1),EX1_536,Eaglehorn Bow,鹰角弓,Trigger|Weapon,GREEN,implemented,yes,友方冰箱奥秘揭示使鹰角弓耐久从2增至3；敌方奥秘揭示不增加耐久。,card_mechanism.csv#EX1_536; generic-play-smoke:played; effect-evidence: reports/card_quality_full_2026-09-27/classic_probe_second.csv#EX1_536_only_friendly_secret_reveal_adds_durability; per-card: reports/card_quality_full_2026-09-27/classic_probe_second.csv#EX1_536_only_friendly_secret_reveal_adds_durability,聚合状态取该卡最差机制；普通烟测只证明可执行，不能单独构成 GREEN。 逐卡实际出牌与状态断言；状态仅依据本卡已列核心分支。,"[x]Whenever a friendly Secret is revealed, gain +1 Durability.",fireplace/cards/classic/hunter.py:230
17.6.0.53261,Classic (EXPERT1),EX1_537,Explosive Shot,爆炸射击,Spell resolution|Targeting,GREEN,implemented,yes,目标大个随从受5伤，左右相邻各受2伤，更远的随从不受伤。,card_mechanism.csv#EX1_537; generic-play-smoke:played; effect-evidence: reports/card_quality_full_2026-09-27/classic_probe_second.csv#EX1_537_target_and_adjacent_damage; per-card: reports/card_quality_full_2026-09-27/classic_probe_second.csv#EX1_537_target_and_adjacent_damage,聚合状态取该卡最差机制；普通烟测只证明可执行，不能单独构成 GREEN。 逐卡实际出牌与状态断言；状态仅依据本卡已列核心分支。,Deal $5 damage to a minion and $2 damage to adjacent ones.,fireplace/cards/classic/hunter.py:106
17.6.0.53261,Classic (EXPERT1),EX1_538,Unleash the Hounds,关门放狗,Spell resolution|Summon,GREEN,implemented,yes,敌方无随从时卡牌因前置条件不可打出且不耗法力；敌方有两随从时召唤两只可立即攻击的1/1冲锋猎犬。,card_mechanism.csv#EX1_538; generic-play-smoke:played; effect-evidence: reports/card_quality_full_2026-09-27/classic_probe_second.csv#EX1_538_enemy_count_requirement_and_charge; per-card: reports/card_quality_full_2026-09-27/classic_probe_second.csv#EX1_538_enemy_count_requirement_and_charge,聚合状态取该卡最差机制；普通烟测只证明可执行，不能单独构成 GREEN。 逐卡实际出牌与状态断言；状态仅依据本卡已列核心分支。,"For each enemy minion, summon a 1/1 Hound with Charge.",fireplace/cards/classic/hunter.py:113
17.6.0.53261,Classic (EXPERT1),EX1_543,King Krush,暴龙王克鲁什,Charge,GREEN,implemented,yes,暴龙王以8/8冲锋入场并在当回合攻击敌方英雄造成8点伤害，消耗9点法力。,card_mechanism.csv#EX1_543; generic-play-smoke:played; effect-evidence: reports/card_quality_full_2026-09-27/classic_probe_second.csv#EX1_543_charge_immediate_attack; per-card: reports/card_quality_full_2026-09-27/classic_probe_second.csv#EX1_543_charge_immediate_attack,聚合状态取该卡最差机制；普通烟测只证明可执行，不能单独构成 GREEN。 逐卡实际出牌与状态断言；状态仅依据本卡已列核心分支。,Charge,
17.6.0.53261,Classic (EXPERT1),EX1_544,Flare,照明弹,Draw / Discard|Spell resolution,GREEN,implemented,yes,照明弹同时移除双方随从潜行、摧毁两张敌方奥秘但保留己方奥秘，并在抽牌阶段后再抽一张已知牌。,card_mechanism.csv#EX1_544; generic-play-smoke:played; effect-evidence: reports/card_quality_full_2026-09-27/classic_probe_second.csv#EX1_544_global_stealth_enemy_secrets_and_draw; per-card: reports/card_quality_full_2026-09-27/classic_probe_second.csv#EX1_544_global_stealth_enemy_secrets_and_draw,聚合状态取该卡最差机制；普通烟测只证明可执行，不能单独构成 GREEN。 逐卡实际出牌与状态断言；状态仅依据本卡已列核心分支。,All minions lose Stealth. Destroy all enemy Secrets. Draw a card.,fireplace/cards/classic/hunter.py:131
17.6.0.53261,Classic (EXPERT1),EX1_549,Bestial Wrath,狂野怒火,Spell resolution|Targeting,GREEN,implemented,yes,友方野兽获得+2攻击并以免疫状态攻击敵方隨從而不受反擊傷害；回合结束后攻击和免疫均消失。,card_mechanism.csv#EX1_549; generic-play-smoke:unplayable_in_generic_setup; effect-evidence: reports/card_quality_full_2026-09-27/classic_probe_second.csv#EX1_549_beast_attack_immune_and_expiry; per-card: reports/card_quality_full_2026-09-27/classic_probe_second.csv#EX1_549_beast_attack_immune_and_expiry,聚合状态取该卡最差机制；普通烟测只证明可执行，不能单独构成 GREEN。 逐卡实际出牌与状态断言；状态仅依据本卡已列核心分支。,Give a friendly Beast +2 Attack and Immune this turn.,fireplace/cards/classic/hunter.py:141
17.6.0.53261,Classic (EXPERT1),EX1_554,Snake Trap,毒蛇陷阱,Secret|Spell resolution|Summon|Trigger,GREEN,implemented,yes,友方随从被攻击时召唤三条1/1蛇；仅攻击英雄不会触发，奥秘继续待命。,card_mechanism.csv#EX1_554; generic-play-smoke:played; effect-evidence: reports/card_quality_full_2026-09-27/classic_probe_second.csv#EX1_554_attacked_minion_only; per-card: reports/card_quality_full_2026-09-27/classic_probe_second.csv#EX1_554_attacked_minion_only,聚合状态取该卡最差机制；普通烟测只证明可执行，不能单独构成 GREEN。 逐卡实际出牌与状态断言；状态仅依据本卡已列核心分支。,"Secret: When one of your minions is attacked, summon three 1/1 Snakes.",fireplace/cards/classic/hunter.py:185
17.6.0.53261,Classic (EXPERT1),EX1_556,Harvest Golem,麦田傀儡,Deathrattle|Summon,GREEN,implemented,yes,2/3收割傀儡受三次真实法术伤害死亡后召唤一个2/1受损傀儡。,card_mechanism.csv#EX1_556; generic-play-smoke:played; effect-evidence: reports/card_quality_full_2026-09-27/classic_probe_second.csv#EX1_556_death_summons_damaged_golem; per-card: reports/card_quality_full_2026-09-27/classic_probe_second.csv#EX1_556_death_summons_damaged_golem,聚合状态取该卡最差机制；普通烟测只证明可执行，不能单独构成 GREEN。 逐卡实际出牌与状态断言；状态仅依据本卡已列核心分支。,Deathrattle: Summon a 2/1 Damaged Golem.,fireplace/cards/classic/neutral_common.py:322
17.6.0.53261,Classic (EXPERT1),EX1_557,Nat Pagle,纳特·帕格,Draw / Discard|Trigger,GREEN,implemented,yes,固定随机种子分别实测到纳特·帕格回合开始时正常抽1张和额外抽1张的两种分支。,card_mechanism.csv#EX1_557; generic-play-smoke:played; effect-evidence: reports/card_quality_full_2026-09-27/classic_probe_second.csv#EX1_557_seeded_extra_draw_branches; per-card: reports/card_quality_full_2026-09-27/classic_probe_second.csv#EX1_557_seeded_extra_draw_branches,聚合状态取该卡最差机制；普通烟测只证明可执行，不能单独构成 GREEN。 逐卡实际出牌与状态断言；状态仅依据本卡已列核心分支。,"At the start of your turn, you have a 50% chance to draw an extra card.",fireplace/cards/classic/neutral_legendary.py:120
17.6.0.53261,Classic (EXPERT1),EX1_558,Harrison Jones,哈里森·琼斯,Battlecry|Draw / Discard,GREEN,implemented,yes,摧毁敌方1/4武器后按耐久抽4张（另计回合开始自然抽牌）；无敌方武器时不抽牌。,card_mechanism.csv#EX1_558; generic-play-smoke:played; effect-evidence: reports/card_quality_full_2026-09-27/classic_probe_second.csv#EX1_558_weapon_durability_draw_and_no_weapon; per-card: reports/card_quality_full_2026-09-27/classic_probe_second.csv#EX1_558_weapon_durability_draw_and_no_weapon,聚合状态取该卡最差机制；普通烟测只证明可执行，不能单独构成 GREEN。 逐卡实际出牌与状态断言；状态仅依据本卡已列核心分支。,Battlecry: Destroy your opponent's weapon and draw cards equal to its Durability.,fireplace/cards/classic/neutral_legendary.py:126
17.6.0.53261,Classic (EXPERT1),EX1_559,Archmage Antonidas,大法师安东尼达斯,Trigger,YELLOW,implemented,partial,两次从手牌施放法术各生成一张火球术；直接由效果 CastSpell 而非从手牌施放的事件分支仍未验证（CAST-001）。,card_mechanism.csv#EX1_559; generic-play-smoke:played; per-card: reports/card_quality_full_2026-09-27/classic_probe_second.csv#EX1_559_hand_cast_spell_adds_fireball,聚合状态取该卡最差机制；普通烟测只证明可执行，不能单独构成 GREEN。 逐卡实际出牌与状态断言；状态仅依据本卡已列核心分支。,"Whenever you cast a spell, add a 'Fireball' spell to your hand.",fireplace/cards/classic/mage.py:23
17.6.0.53261,Classic (EXPERT1),EX1_560,Nozdormu,诺兹多姆,Continuous effect / Update,RED,partial,yes,"打出并保留诺兹多姆时双方序列化 timeout 都仍为75，源码声明的TIMEOUT aura没有生效。 实测：before_serialized=(75, 75);aura_timeout_tags=(None, None);while_nozdormu_serialized=(75, 75);after_silence_serialized=(75, 75);silenced=True",card_mechanism.csv#EX1_560; generic-play-smoke:played; effect-evidence: reports/card_quality_full_2026-09-27/classic_probe_second.csv#EX1_560_timeout_state_for_both_players; per-card: reports/card_quality_full_2026-09-27/classic_probe_second.csv#EX1_560_timeout_state_for_both_players,聚合状态取该卡最差机制；普通烟测只证明可执行，不能单独构成 GREEN。 逐卡实际出牌与状态断言；状态仅依据本卡已列核心分支。,Players only have 15 seconds to take their turns.,fireplace/cards/classic/neutral_legendary.py:135
17.6.0.53261,Classic (EXPERT1),EX1_561,Alexstrasza,阿莱克丝塔萨,Battlecry|Targeting,GREEN,implemented,yes,阿莱克丝塔萨可指定任一英雄：友方8血与敌方22血均被设为15，双方最大生命值保持30。,card_mechanism.csv#EX1_561; generic-play-smoke:played; effect-evidence: reports/card_quality_full_2026-09-27/classic_probe_second.csv#EX1_561_friendly_and_enemy_hero_to_15; per-card: reports/card_quality_full_2026-09-27/classic_probe_second.csv#EX1_561_friendly_and_enemy_hero_to_15,聚合状态取该卡最差机制；普通烟测只证明可执行，不能单独构成 GREEN。 逐卡实际出牌与状态断言；状态仅依据本卡已列核心分支。,Battlecry: Set a hero's remaining Health to 15.,fireplace/cards/classic/neutral_legendary.py:141
17.6.0.53261,Classic (EXPERT1),EX1_562,Onyxia,奥妮克希亚,Battlecry|Summon,GREEN,implemented,yes,已有0/5/6个友方随从时，奥妮克希亚分别补6/1/0只1/1雏龙，己方场面恰好填至7个。,card_mechanism.csv#EX1_562; generic-play-smoke:played; effect-evidence: reports/card_quality_full_2026-09-27/classic_probe_second.csv#EX1_562_fills_remaining_friendly_slots; per-card: reports/card_quality_full_2026-09-27/classic_probe_second.csv#EX1_562_fills_remaining_friendly_slots,聚合状态取该卡最差机制；普通烟测只证明可执行，不能单独构成 GREEN。 逐卡实际出牌与状态断言；状态仅依据本卡已列核心分支。,Battlecry: Summon 1/1 Whelps until your side of the battlefield is full.,fireplace/cards/classic/neutral_legendary.py:155
17.6.0.53261,Classic (EXPERT1),EX1_563,Malygos,玛里苟斯,Spell Damage,RED,none,yes,"沉默标记已生效但玛里苟斯的法术伤害仍为+5，月火术继续造成6点；独立的科布尔地精也在沉默后保留+1法强。 实测：malygos=PLAY:4/12;silenced=True;spellpower=5->5;moonfire_damage=(6, 6);enemy_hero=30->18;kobold_silenced=True;kobold_spellpower=1->1",card_mechanism.csv#EX1_563; generic-play-smoke:played; effect-evidence: reports/card_quality_full_2026-09-27/classic_probe_second.csv#EX1_563_spell_damage_and_silence; per-card: reports/card_quality_full_2026-09-27/classic_probe_second.csv#EX1_563_spell_damage_and_silence,聚合状态取该卡最差机制；普通烟测只证明可执行，不能单独构成 GREEN。 逐卡实际出牌与状态断言；状态仅依据本卡已列核心分支。,Spell Damage +5,
17.6.0.53261,Classic (EXPERT1),EX1_564,Faceless Manipulator,无面操纵者,Battlecry|Targeting,GREEN,implemented,yes,无面操纵者可选择友方受伤且有嘲讽增益的随从或敌方随从，复制其当前攻防及嘲讽；英雄不在目标列表。,card_mechanism.csv#EX1_564; generic-play-smoke:played; effect-evidence: reports/card_quality_full_2026-09-27/classic_probe_second.csv#EX1_564_copies_friendly_buffed_and_enemy_minion; per-card: reports/card_quality_full_2026-09-27/classic_probe_second.csv#EX1_564_copies_friendly_buffed_and_enemy_minion,聚合状态取该卡最差机制；普通烟测只证明可执行，不能单独构成 GREEN。 逐卡实际出牌与状态断言；状态仅依据本卡已列核心分支。,Battlecry: Choose a minion and become a copy of it.,fireplace/cards/classic/neutral_epic.py:30
17.6.0.53261,Classic (EXPERT1),EX1_567,Doomhammer,毁灭之锤,Overload|Weapon|Windfury,GREEN,implemented,yes,毁灭之锤本回合实际攻击两次后耐久8→6，英雄不能再攻；过载2使下回合锁定2点法力。,card_mechanism.csv#EX1_567; generic-play-smoke:played; effect-evidence: reports/card_quality_full_2026-09-27/classic_probe_second.csv#EX1_567_two_attacks_and_overload; per-card: reports/card_quality_full_2026-09-27/classic_probe_second.csv#EX1_567_two_attacks_and_overload,聚合状态取该卡最差机制；普通烟测只证明可执行，不能单独构成 GREEN。 逐卡实际出牌与状态断言；状态仅依据本卡已列核心分支。,"Windfury, Overload: (2)",
17.6.0.53261,Classic (EXPERT1),EX1_570,Bite,撕咬,Spell resolution,GREEN,implemented,yes,撕咬使英雄获得4攻击和4护甲并实际造成4点攻击伤害；回合结束攻击归零，护甲保留。,card_mechanism.csv#EX1_570; generic-play-smoke:played; effect-evidence: reports/card_quality_full_2026-09-27/classic_probe_second.csv#EX1_570_attack_and_armor_expiry; per-card: reports/card_quality_full_2026-09-27/classic_probe_second.csv#EX1_570_attack_and_armor_expiry,聚合状态取该卡最差机制；普通烟测只证明可执行，不能单独构成 GREEN。 逐卡实际出牌与状态断言；状态仅依据本卡已列核心分支。,Give your hero +4 Attack this turn. Gain 4 Armor.,fireplace/cards/classic/druid.py:285
17.6.0.53261,Classic (EXPERT1),EX1_571,Force of Nature,自然之力,Spell resolution|Summon,GREEN,implemented,yes,自然之力在空场召唤3个2/2树人；已有5个友方随从时只补2个至场面上限。,card_mechanism.csv#EX1_571; generic-play-smoke:played; effect-evidence: reports/card_quality_full_2026-09-27/classic_probe_second.csv#EX1_571_summon_to_board_capacity; per-card: reports/card_quality_full_2026-09-27/classic_probe_second.csv#EX1_571_summon_to_board_capacity,聚合状态取该卡最差机制；普通烟测只证明可执行，不能单独构成 GREEN。 逐卡实际出牌与状态断言；状态仅依据本卡已列核心分支。,Summon three 2/2 Treants.,fireplace/cards/classic/druid.py:294
17.6.0.53261,Classic (EXPERT1),EX1_572,Ysera,伊瑟拉,Random effects|Trigger,GREEN,implemented,yes,双方各自的伊瑟拉仅在其控制者回合结束时加入一张梦境牌，另一方回合结束不会触发。,card_mechanism.csv#EX1_572; generic-play-smoke:played; effect-evidence: reports/card_quality_full_2026-09-27/classic_probe_second.csv#EX1_572_each_controller_gets_dream_on_own_end_turn; per-card: reports/card_quality_full_2026-09-27/classic_probe_second.csv#EX1_572_each_controller_gets_dream_on_own_end_turn,聚合状态取该卡最差机制；普通烟测只证明可执行，不能单独构成 GREEN。 逐卡实际出牌与状态断言；状态仅依据本卡已列核心分支。,"At the end of your turn, add a Dream Card to your hand.",fireplace/cards/classic/neutral_legendary.py:161
17.6.0.53261,Classic (EXPERT1),EX1_573,Cenarius,塞纳留斯,Choose One|Summon,GREEN,implemented,yes,抉择两分支均实测：友方其他随从+2/+2（不增强塞纳留斯），或召唤两只2/2嘲讽树人。,card_mechanism.csv#EX1_573; generic-play-smoke:played; effect-evidence: reports/card_quality_full_2026-09-27/classic_probe_second.csv#EX1_573_both_choose_one_options; per-card: reports/card_quality_full_2026-09-27/classic_probe_second.csv#EX1_573_both_choose_one_options,聚合状态取该卡最差机制；普通烟测只证明可执行，不能单独构成 GREEN。 逐卡实际出牌与状态断言；状态仅依据本卡已列核心分支。,Choose One - Give your other minions +2/+2; or Summon two 2/2 Treants with Taunt.,fireplace/cards/classic/druid.py:62
17.6.0.53261,Classic (EXPERT1),EX1_575,Mana Tide Totem,法力之潮图腾,Draw / Discard|Trigger,GREEN,implemented,yes,双方潮汐图腾在各自控制者回合结束时只从本方牌库抽牌；另一方图腾不会跨玩家抽牌。,card_mechanism.csv#EX1_575; generic-play-smoke:played; effect-evidence: reports/card_quality_full_2026-09-27/classic_probe_second.csv#EX1_575_controller_end_turn_draw; per-card: reports/card_quality_full_2026-09-27/classic_probe_second.csv#EX1_575_controller_end_turn_draw,聚合状态取该卡最差机制；普通烟测只证明可执行，不能单独构成 GREEN。 逐卡实际出牌与状态断言；状态仅依据本卡已列核心分支。,"At the end of your turn, draw a card.",fireplace/cards/classic/shaman.py:33
17.6.0.53261,Classic (EXPERT1),EX1_577,The Beast,比斯巨兽,Deathrattle|Summon,RED,partial,yes,"芬克·恩霍尔正常召唤分支通过，但敌方满7场死亡时仍被召唤，场面增至8个随从。 实测：normal=empty_board=beast:GRAVEYARD;opponent_field=[('EX1_finkle', 3, 3)];full_board_before=7;beast=GRAVEYARD;opponent_field_after=8;finkles=[('EX1_finkle', 3, 3)]",card_mechanism.csv#EX1_577; generic-play-smoke:played; effect-evidence: reports/card_quality_full_2026-09-27/classic_probe_second.csv#EX1_577_normal_and_full_opponent_board; per-card: reports/card_quality_full_2026-09-27/classic_probe_second.csv#EX1_577_normal_and_full_opponent_board,聚合状态取该卡最差机制；普通烟测只证明可执行，不能单独构成 GREEN。 逐卡实际出牌与状态断言；状态仅依据本卡已列核心分支。,Deathrattle: Summon a 3/3 Finkle Einhorn for your opponent.,fireplace/cards/classic/neutral_legendary.py:191
17.6.0.53261,Classic (EXPERT1),EX1_578,Savagery,野蛮之击,Spell resolution|Targeting,GREEN,implemented,yes,法术按英雄当前攻击力对所选随从造成伤害。,card_mechanism.csv#EX1_578; generic-play-smoke:played; effect-evidence: reports/card_quality_full_2026-09-27/classic_probe_middle_b.csv#deals_current_hero_attack_to_selected_enemy_minion; per-card: reports/card_quality_full_2026-09-27/classic_probe_middle_b.csv#deals_current_hero_attack_to_selected_enemy_minion,聚合状态取该卡最差机制；普通烟测只证明可执行，不能单独构成 GREEN。 目标为敌方随从；同时保留友方随从作为未受影响对照。,Deal damage equal to your hero's Attack to a minion.,fireplace/cards/classic/druid.py:301
17.6.0.53261,Classic (EXPERT1),EX1_583,Priestess of Elune,艾露恩的女祭司,Battlecry,GREEN,implemented,yes,战吼为自己的英雄恢复4点生命。,card_mechanism.csv#EX1_583; generic-play-smoke:played; effect-evidence: reports/card_quality_full_2026-09-27/classic_probe_middle_b.csv#battlecry_restores_four_hero_health; per-card: reports/card_quality_full_2026-09-27/classic_probe_middle_b.csv#battlecry_restores_four_hero_health,聚合状态取该卡最差机制；普通烟测只证明可执行，不能单独构成 GREEN。 己方英雄预先受伤；对手英雄作为未受影响对照。,Battlecry: Restore #4 Health to your hero.,fireplace/cards/classic/neutral_common.py:328
17.6.0.53261,Classic (EXPERT1),EX1_584,Ancient Mage,年迈的法师,Battlecry|Spell Damage,RED,partial,yes,左右相邻随从确实获得 EX1_584e 附魔，但法术伤害都仍为0；月火术只造成1点，而非应有的3点。,card_mechanism.csv#EX1_584; generic-play-smoke:played; effect-evidence: reports/card_quality_full_2026-09-27/classic_probe_middle_b.csv#battlecry_only_buffs_adjacent_minions_spell_damage; per-card: reports/card_quality_full_2026-09-27/classic_probe_middle_b.csv#battlecry_only_buffs_adjacent_minions_spell_damage,聚合状态取该卡最差机制；普通烟测只证明可执行，不能单独构成 GREEN。 已确认的行为不匹配，具体断言与现场状态见 probe CSV。,Battlecry: Give adjacent minions Spell Damage +1.,fireplace/cards/classic/neutral_rare.py:166
17.6.0.53261,Classic (EXPERT1),EX1_586,Sea Giant,海巨人,Cost modification,GREEN,implemented,yes,每有一个其他场上随从，费用减少1。,card_mechanism.csv#EX1_586; generic-play-smoke:played; effect-evidence: reports/card_quality_full_2026-09-27/classic_probe_middle_b.csv#cost_tracks_other_minions_on_both_boards; per-card: reports/card_quality_full_2026-09-27/classic_probe_middle_b.csv#cost_tracks_other_minions_on_both_boards,聚合状态取该卡最差机制；普通烟测只证明可执行，不能单独构成 GREEN。 同时计数两方场面并验证费用随死亡更新。,Costs (1) less for each other minion on the battlefield.,fireplace/cards/classic/neutral_epic.py:41
17.6.0.53261,Classic (EXPERT1),EX1_590,Blood Knight,血骑士,Battlecry,GREEN,implemented,yes,移除全场圣盾；每移除一个，自身获得+3/+3。,card_mechanism.csv#EX1_590; generic-play-smoke:played; effect-evidence: reports/card_quality_full_2026-09-27/classic_probe_middle_b.csv#removes_all_shields_and_gains_three_three_each; per-card: reports/card_quality_full_2026-09-27/classic_probe_middle_b.csv#removes_all_shields_and_gains_three_three_each,聚合状态取该卡最差机制；普通烟测只证明可执行，不能单独构成 GREEN。 己方/敌方圣盾均计数；无圣盾随从和自身体型作对照。,Battlecry: All minions lose Divine Shield. Gain +3/+3 for each Shield lost.,fireplace/cards/classic/neutral_epic.py:47
17.6.0.53261,Classic (EXPERT1),EX1_594,Vaporize,蒸发,Secret|Spell resolution|Trigger,GREEN,implemented,yes,仅敌方随从攻击己方英雄时触发并消灭攻击者。,card_mechanism.csv#EX1_594; generic-play-smoke:played; effect-evidence: reports/card_quality_full_2026-09-27/classic_probe_middle_b.csv#minion_attacking_hero_is_destroyed; reports/card_quality_full_2026-09-27/classic_probe_middle_b.csv#hero_attack_does_not_trigger_minion_only_secret; per-card: reports/card_quality_full_2026-09-27/classic_probe_middle_b.csv#minion_attacking_hero_is_destroyed; reports/card_quality_full_2026-09-27/classic_probe_middle_b.csv#hero_attack_does_not_trigger_minion_only_secret,聚合状态取该卡最差机制；普通烟测只证明可执行，不能单独构成 GREEN。 覆盖触发攻击与英雄攻击不触发两个真实战斗分支。,"Secret: When a minion attacks your hero, destroy it.",fireplace/cards/classic/mage.py:195
17.6.0.53261,Classic (EXPERT1),EX1_595,Cult Master,诅咒教派领袖,Draw / Discard|Trigger,GREEN,implemented,yes,己方随从死亡后抽一张牌；敌方死亡不触发。,card_mechanism.csv#EX1_595; generic-play-smoke:played; effect-evidence: reports/card_quality_full_2026-09-27/classic_probe_middle_b.csv#draws_only_after_friendly_minion_dies; per-card: reports/card_quality_full_2026-09-27/classic_probe_middle_b.csv#draws_only_after_friendly_minion_dies,聚合状态取该卡最差机制；普通烟测只证明可执行，不能单独构成 GREEN。 同局先令敌方随从死亡作负例，再令己方随从死亡验证抽牌。,"After a friendly minion dies, draw a card.",fireplace/cards/classic/neutral_common.py:93
17.6.0.53261,Classic (EXPERT1),EX1_596,Demonfire,恶魔之火,Spell resolution|Targeting,GREEN,implemented,yes,对随从造成2点伤害；仅友方恶魔改为+2/+2。,card_mechanism.csv#EX1_596; generic-play-smoke:played; effect-evidence: reports/card_quality_full_2026-09-27/classic_probe_middle_b.csv#friendly_demon_gets_plus_two_plus_two_instead_of_damage; reports/card_quality_full_2026-09-27/classic_probe_middle_b.csv#enemy_minion_takes_two_damage; per-card: reports/card_quality_full_2026-09-27/classic_probe_middle_b.csv#friendly_demon_gets_plus_two_plus_two_instead_of_damage; reports/card_quality_full_2026-09-27/classic_probe_middle_b.csv#enemy_minion_takes_two_damage,聚合状态取该卡最差机制；普通烟测只证明可执行，不能单独构成 GREEN。 分别覆盖友方恶魔强化和敌方非恶魔伤害。,"Deal $2 damage to a minion. If it’s a friendly Demon, give it +2/+2 instead.",fireplace/cards/classic/warlock.py:205
17.6.0.53261,Classic (EXPERT1),EX1_597,Imp Master,小鬼召唤师,Summon|Trigger,GREEN,implemented,yes,己方回合结束时自身受1伤并召唤1/1小鬼。,card_mechanism.csv#EX1_597; generic-play-smoke:played; effect-evidence: reports/card_quality_full_2026-09-27/classic_probe_middle_b.csv#end_turn_damages_self_and_summons_one_one_imp; reports/card_quality_full_2026-09-27/classic_probe_middle_b.csv#end_turn_summon_at_seven_minions_respects_capacity; per-card: reports/card_quality_full_2026-09-27/classic_probe_middle_b.csv#end_turn_damages_self_and_summons_one_one_imp; reports/card_quality_full_2026-09-27/classic_probe_middle_b.csv#end_turn_summon_at_seven_minions_respects_capacity,聚合状态取该卡最差机制；普通烟测只证明可执行，不能单独构成 GREEN。 覆盖正常结束回合和七随从容量边界。,"[x]At the end of your turn, deal 1 damage to this minion  and summon a 1/1 Imp.",fireplace/cards/classic/neutral_rare.py:172
17.6.0.53261,Classic (EXPERT1),EX1_603,Cruel Taskmaster,严酷的监工,Battlecry|Targeting,GREEN,implemented,yes,对任意一个随从造成1点伤害并使其获得+2攻击力。,card_mechanism.csv#EX1_603; generic-play-smoke:played; effect-evidence: reports/card_quality_full_2026-09-27/classic_probe_middle_b.csv#battlecry_damages_and_buffs_enemy_minion; reports/card_quality_full_2026-09-27/classic_probe_middle_b.csv#battlecry_also_accepts_friendly_minion_target; per-card: reports/card_quality_full_2026-09-27/classic_probe_middle_b.csv#battlecry_damages_and_buffs_enemy_minion; reports/card_quality_full_2026-09-27/classic_probe_middle_b.csv#battlecry_also_accepts_friendly_minion_target,聚合状态取该卡最差机制；普通烟测只证明可执行，不能单独构成 GREEN。 分别对敌方与己方4/5随从施放战吼。,Battlecry: Deal 1 damage to a minion and give it +2 Attack.,fireplace/cards/classic/warrior.py:29
17.6.0.53261,Classic (EXPERT1),EX1_604,Frothing Berserker,暴乱狂战士,Trigger,GREEN,implemented,yes,任意随从受到伤害后，暴乱狂战士获得+1攻击力。,card_mechanism.csv#EX1_604; generic-play-smoke:played; effect-evidence: reports/card_quality_full_2026-09-27/classic_probe_middle_b.csv#gains_attack_for_each_damaged_minion_on_either_side; per-card: reports/card_quality_full_2026-09-27/classic_probe_middle_b.csv#gains_attack_for_each_damaged_minion_on_either_side,聚合状态取该卡最差机制；普通烟测只证明可执行，不能单独构成 GREEN。 Whirlwind 同时命中自身、双方随从并击杀双方随从。,"Whenever a minion takes damage, gain +1 Attack.",fireplace/cards/classic/warrior.py:43
17.6.0.53261,Classic (EXPERT1),EX1_607,Inner Rage,怒火中烧,Spell resolution|Targeting,GREEN,implemented,yes,对一个随从造成1点伤害并使其获得+2攻击力。,card_mechanism.csv#EX1_607; generic-play-smoke:played; effect-evidence: reports/card_quality_full_2026-09-27/classic_probe_middle_b.csv#targets_enemy_minion_for_plus_two_attack_and_one_damage; reports/card_quality_full_2026-09-27/classic_probe_middle_b.csv#also_targets_friendly_minion; per-card: reports/card_quality_full_2026-09-27/classic_probe_middle_b.csv#targets_enemy_minion_for_plus_two_attack_and_one_damage; reports/card_quality_full_2026-09-27/classic_probe_middle_b.csv#also_targets_friendly_minion,聚合状态取该卡最差机制；普通烟测只证明可执行，不能单独构成 GREEN。 对敌方和己方随从分别实放。,Deal $1 damage to a minion and give it +2 Attack.,fireplace/cards/classic/warrior.py:183
17.6.0.53261,Classic (EXPERT1),EX1_608,Sorcerer's Apprentice,巫师学徒,Aura|Continuous effect / Update|Cost modification,GREEN,implemented,yes,己方法术费用减少1，多个来源叠加并随来源离场恢复。,card_mechanism.csv#EX1_608; generic-play-smoke:played; effect-evidence: reports/card_quality_full_2026-09-27/classic_probe_middle_b.csv#discounts_own_spells_stacks_and_expires_with_source; per-card: reports/card_quality_full_2026-09-27/classic_probe_middle_b.csv#discounts_own_spells_stacks_and_expires_with_source,聚合状态取该卡最差机制；普通烟测只证明可执行，不能单独构成 GREEN。 检查火球术和0费Moonfire及两名学徒的叠加/退场。,Your spells cost (1) less.,fireplace/cards/classic/mage.py:29
17.6.0.53261,Classic (EXPERT1),EX1_609,Snipe,狙击,Secret|Spell resolution|Trigger,GREEN,implemented,yes,对手打出随从后，狙击对该随从造成4点伤害。,card_mechanism.csv#EX1_609; generic-play-smoke:played; effect-evidence: reports/card_quality_full_2026-09-27/classic_probe_middle_b.csv#only_opponent_minion_play_triggers_four_damage_snipe; per-card: reports/card_quality_full_2026-09-27/classic_probe_middle_b.csv#only_opponent_minion_play_triggers_four_damage_snipe,聚合状态取该卡最差机制；普通烟测只证明可执行，不能单独构成 GREEN。 分别覆盖己方不触发与敌方打出触发。,"Secret: After your opponent plays a minion, deal $4 damage to it.",fireplace/cards/classic/hunter.py:193
17.6.0.53261,Classic (EXPERT1),EX1_610,Explosive Trap,爆炸陷阱,Secret|Spell resolution|Trigger,GREEN,implemented,yes,英雄受到攻击时，奥秘对所有敌人造成2点伤害。,card_mechanism.csv#EX1_610; generic-play-smoke:played; effect-evidence: reports/card_quality_full_2026-09-27/classic_probe_middle_b.csv#minion_attack_triggers_two_damage_to_all_enemies; reports/card_quality_full_2026-09-27/classic_probe_middle_b.csv#enemy_hero_attack_also_triggers_area_damage; per-card: reports/card_quality_full_2026-09-27/classic_probe_middle_b.csv#minion_attack_triggers_two_damage_to_all_enemies; reports/card_quality_full_2026-09-27/classic_probe_middle_b.csv#enemy_hero_attack_also_triggers_area_damage,聚合状态取该卡最差机制；普通烟测只证明可执行，不能单独构成 GREEN。 验证随从攻击和英雄攻击触发，以及敌方角色范围。,"Secret: When your hero is attacked, deal $2 damage to all enemies.",fireplace/cards/classic/hunter.py:199
17.6.0.53261,Classic (EXPERT1),EX1_611,Freezing Trap,冰冻陷阱,Cost modification|Secret|Spell resolution|Trigger,GREEN,implemented,yes,敌方随从攻击时，将攻击者移回其拥有者手牌并使其费用增加2。,card_mechanism.csv#EX1_611; generic-play-smoke:played; effect-evidence: reports/card_quality_full_2026-09-27/classic_probe_middle_b.csv#enemy_minion_attack_returns_attacker_with_plus_two_cost; reports/card_quality_full_2026-09-27/classic_probe_middle_b.csv#hero_attack_does_not_trigger_freezing_trap; per-card: reports/card_quality_full_2026-09-27/classic_probe_middle_b.csv#enemy_minion_attack_returns_attacker_with_plus_two_cost; reports/card_quality_full_2026-09-27/classic_probe_middle_b.csv#hero_attack_does_not_trigger_freezing_trap,聚合状态取该卡最差机制；普通烟测只证明可执行，不能单独构成 GREEN。 以敌方随从攻击己方随从触发，并用英雄攻击作负例。,"Secret: When an enemy minion attacks, return it to its owner's hand. It costs (2) more.",fireplace/cards/classic/hunter.py:207
17.6.0.53261,Classic (EXPERT1),EX1_612,Kirin Tor Mage,肯瑞托法师,Battlecry,GREEN,implemented,yes,本回合下一张奥秘的法力值消耗为0。,card_mechanism.csv#EX1_612; generic-play-smoke:played; effect-evidence: reports/card_quality_full_2026-09-27/classic_probe_middle_b.csv#battlecry_makes_next_secret_free_only_for_this_turn; per-card: reports/card_quality_full_2026-09-27/classic_probe_middle_b.csv#battlecry_makes_next_secret_free_only_for_this_turn,聚合状态取该卡最差机制；普通烟测只证明可执行，不能单独构成 GREEN。 以两张奥秘验证一次性消耗，并以火球术作非奥秘对照。,[x]Battlecry: The next Secret you play this turn costs (0).,fireplace/cards/classic/mage.py:35
17.6.0.53261,Classic (EXPERT1),EX1_613,Edwin VanCleef,艾德温·范克里夫,Combo,GREEN,implemented,yes,连击：本回合每打出一张其他牌，获得+2/+2。,card_mechanism.csv#EX1_613; generic-play-smoke:played; effect-evidence: reports/card_quality_full_2026-09-27/classic_probe_middle_b.csv#combo_counts_each_other_card_played_this_turn; reports/card_quality_full_2026-09-27/classic_probe_middle_b.csv#no_combo_without_prior_card; per-card: reports/card_quality_full_2026-09-27/classic_probe_middle_b.csv#combo_counts_each_other_card_played_this_turn; reports/card_quality_full_2026-09-27/classic_probe_middle_b.csv#no_combo_without_prior_card,聚合状态取该卡最差机制；普通烟测只证明可执行，不能单独构成 GREEN。 分别验证两张先前牌逐次叠加以及无先前牌分支。,Combo: Gain +2/+2 for each other card you've played this turn.,fireplace/cards/classic/rogue.py:21
17.6.0.53261,Classic (EXPERT1),EX1_614,Xavius,萨维斯,Summon|Trigger,GREEN,implemented,yes,己方打出牌后召唤一个2/1萨特。,card_mechanism.csv#EX1_614; generic-play-smoke:played; effect-evidence: reports/card_quality_full_2026-09-27/classic_probe_middle_b.csv#only_own_card_play_summons_two_one_satyr; reports/card_quality_full_2026-09-27/classic_probe_middle_b.csv#own_card_play_trigger_does_not_overfill_full_board; per-card: reports/card_quality_full_2026-09-27/classic_probe_middle_b.csv#only_own_card_play_summons_two_one_satyr; reports/card_quality_full_2026-09-27/classic_probe_middle_b.csv#own_card_play_trigger_does_not_overfill_full_board,聚合状态取该卡最差机制；普通烟测只证明可执行，不能单独构成 GREEN。 验证己方/对手打牌触发范围和满场容量上限。,"After you play a card, summon a 2/1 Satyr.",fireplace/cards/classic/neutral_legendary.py:197
17.6.0.53261,Classic (EXPERT1),EX1_616,Mana Wraith,法力怨魂,Aura|Continuous effect / Update|Cost modification,GREEN,implemented,yes,所有玩家手牌中的随从费用增加1。,card_mechanism.csv#EX1_616; generic-play-smoke:played; effect-evidence: reports/card_quality_full_2026-09-27/classic_probe_middle_b.csv#all_players_hand_minions_cost_one_more_while_source_lives; per-card: reports/card_quality_full_2026-09-27/classic_probe_middle_b.csv#all_players_hand_minions_cost_one_more_while_source_lives,聚合状态取该卡最差机制；普通烟测只证明可执行，不能单独构成 GREEN。 实测双方手牌的随从/法术差异及 aura 离场恢复。,ALL minions cost (1) more.,fireplace/cards/classic/neutral_rare.py:178
17.6.0.53261,Classic (EXPERT1),EX1_617,Deadly Shot,致命射击,Random effects|Spell resolution,GREEN,implemented,yes,致命射击只随机消灭一个敌方随从，24种子覆盖双候选；无敌方随从时不能施放且不扣费。,card_mechanism.csv#EX1_617; generic-play-smoke:played; effect-evidence: reports/card_quality_full_2026-09-27/classic_probe_final10.csv#no_enemy_minion_rejected; reports/card_quality_full_2026-09-27/classic_probe_final10.csv#random_enemy_minion_domain; per-card: reports/card_quality_full_2026-09-27/classic_probe_final10.csv#no_enemy_minion_rejected; reports/card_quality_full_2026-09-27/classic_probe_final10.csv#random_enemy_minion_domain,"聚合状态取该卡最差机制；普通烟测只证明可执行，不能单独构成 GREEN。 逐卡真实对局：2 个独立 case；pass,pass。",Destroy a random enemy minion.,fireplace/cards/classic/hunter.py:155
17.6.0.53261,Classic (EXPERT1),EX1_619,Equality,生而平等,Spell resolution,GREEN,implemented,yes,平等将双方所有随从的当前和最大生命都改为1，受伤随从亦然；英雄不受影响。,card_mechanism.csv#EX1_619; generic-play-smoke:played; effect-evidence: reports/card_quality_full_2026-09-27/classic_probe_final10.csv#all_minions_health_one_both_sides; per-card: reports/card_quality_full_2026-09-27/classic_probe_final10.csv#all_minions_health_one_both_sides,聚合状态取该卡最差机制；普通烟测只证明可执行，不能单独构成 GREEN。 逐卡真实对局：1 个独立 case；pass。,Change the Health of ALL minions to 1.,fireplace/cards/classic/paladin.py:163
17.6.0.53261,Classic (EXPERT1),EX1_621,Circle of Healing,治疗之环,Spell resolution,GREEN,implemented,yes,治疗之环使双方受伤随从各回复4点并受上限约束，英雄不受影响。,card_mechanism.csv#EX1_621; generic-play-smoke:played; effect-evidence: reports/card_quality_full_2026-09-27/classic_probe_final10.csv#heal_four_all_minions_not_heroes; per-card: reports/card_quality_full_2026-09-27/classic_probe_final10.csv#heal_four_all_minions_not_heroes,聚合状态取该卡最差机制；普通烟测只证明可执行，不能单独构成 GREEN。 逐卡真实对局：1 个独立 case；pass。,Restore #4 Health to ALL minions.,fireplace/cards/classic/priest.py:256
17.6.0.53261,Classic (EXPERT1),EX1_623,Temple Enforcer,圣殿执行者,Battlecry|Targeting,GREEN,implemented,yes,战吼仅选择友方随从并增加3点生命；无友方目标仍可作为5/6入场。,card_mechanism.csv#EX1_623; generic-play-smoke:played; effect-evidence: reports/card_quality_full_2026-09-27/classic_probe_final10.csv#friendly_target_plus_three_health; reports/card_quality_full_2026-09-27/classic_probe_final10.csv#no_friendly_minion_optional_battlecry; per-card: reports/card_quality_full_2026-09-27/classic_probe_final10.csv#friendly_target_plus_three_health; reports/card_quality_full_2026-09-27/classic_probe_final10.csv#no_friendly_minion_optional_battlecry,"聚合状态取该卡最差机制；普通烟测只证明可执行，不能单独构成 GREEN。 逐卡真实对局：2 个独立 case；pass,pass。",Battlecry: Give a friendly minion +3 Health.,fireplace/cards/classic/priest.py:62
17.6.0.53261,Classic (EXPERT1),EX1_626,Mass Dispel,群体驱散,Draw / Discard|Silence|Spell resolution,GREEN,implemented,yes,群体驱散沉默所有敌方随从、不影响友方随从并抽一张牌；敌方无随从时仍抽牌。,card_mechanism.csv#EX1_626; generic-play-smoke:played; effect-evidence: reports/card_quality_full_2026-09-27/classic_probe_final10.csv#empty_enemy_board_still_draws; reports/card_quality_full_2026-09-27/classic_probe_final10.csv#silence_all_enemy_minions_and_draw; per-card: reports/card_quality_full_2026-09-27/classic_probe_final10.csv#empty_enemy_board_still_draws; reports/card_quality_full_2026-09-27/classic_probe_final10.csv#silence_all_enemy_minions_and_draw,"聚合状态取该卡最差机制；普通烟测只证明可执行，不能单独构成 GREEN。 逐卡真实对局：2 个独立 case；pass,pass。",Silence all enemy minions. Draw a card.,fireplace/cards/classic/priest.py:309
17.6.0.53261,Classic (EXPERT1),NEW1_005,Kidnapper,劫持者,Combo|Targeting,RED,partial,yes,连击时偷来的随从错误返回当前控制者而不是原拥有者的手牌；普通友敌回手和无连击分支通过。,card_mechanism.csv#NEW1_005; generic-play-smoke:played; effect-evidence: reports/card_quality_full_2026-09-27/classic_probe_final10.csv#combo_enemy_minion_bounce; reports/card_quality_full_2026-09-27/classic_probe_final10.csv#combo_friendly_minion_bounce; reports/card_quality_full_2026-09-27/classic_probe_final10.csv#combo_stolen_minion_returns_original_owner; reports/card_quality_full_2026-09-27/classic_probe_final10.csv#no_combo_no_bounce; per-card: reports/card_quality_full_2026-09-27/classic_probe_final10.csv#combo_enemy_minion_bounce; reports/card_quality_full_2026-09-27/classic_probe_final10.csv#combo_friendly_minion_bounce; reports/card_quality_full_2026-09-27/classic_probe_final10.csv#combo_stolen_minion_returns_original_owner; reports/card_quality_full_2026-09-27/classic_probe_final10.csv#no_combo_no_bounce,"聚合状态取该卡最差机制；普通烟测只证明可执行，不能单独构成 GREEN。 逐卡真实对局：4 个独立 case；pass,pass,pass,confirmed_error。",Combo: Return a minion to its owner's hand.,fireplace/cards/classic/rogue.py:30
17.6.0.53261,Classic (EXPERT1),NEW1_007,Starfall,星辰坠落,Choose One|Spell resolution|Targeting,GREEN,implemented,yes,星辰坠落两选项分别实测单体5伤与敌方随从全体2伤，缺选择和英雄非法目标均不扣费。,card_mechanism.csv#NEW1_007; generic-play-smoke:played; effect-evidence: reports/card_quality_full_2026-09-27/classic_probe_final10.csv#area_choice_two_to_enemy_minions; reports/card_quality_full_2026-09-27/classic_probe_final10.csv#choice_required_and_hero_target_rejected; reports/card_quality_full_2026-09-27/classic_probe_final10.csv#single_choice_five_to_one_minion; per-card: reports/card_quality_full_2026-09-27/classic_probe_final10.csv#area_choice_two_to_enemy_minions; reports/card_quality_full_2026-09-27/classic_probe_final10.csv#choice_required_and_hero_target_rejected; reports/card_quality_full_2026-09-27/classic_probe_final10.csv#single_choice_five_to_one_minion,"聚合状态取该卡最差机制；普通烟测只证明可执行，不能单独构成 GREEN。 逐卡真实对局：3 个独立 case；pass,pass,pass。",Choose One - Deal $5 damage to a minion; or $2 damage to all enemy minions.,fireplace/cards/classic/druid.py:308
17.6.0.53261,Classic (EXPERT1),NEW1_008,Ancient of Lore,知识古树,Choose One|Draw / Discard|Targeting,GREEN,implemented,yes,知识古树抽牌分支从牌库抽恰好一张已知牌；治疗分支对合法英雄回复5点；未选分支被拒且不扣费。,card_mechanism.csv#NEW1_008; generic-play-smoke:played; effect-evidence: reports/card_quality_full_2026-09-27/classic_probe_final10.csv#choice_required; reports/card_quality_full_2026-09-27/classic_probe_final10.csv#draw_choice_one_known_card; reports/card_quality_full_2026-09-27/classic_probe_final10.csv#heal_choice_enemy_hero_five; reports/card_quality_full_2026-09-27/classic_probe_final10.csv#heal_choice_enemy_minion_target; reports/card_quality_full_2026-09-27/classic_probe_final10.csv#heal_choice_friendly_hero_five; per-card: reports/card_quality_full_2026-09-27/classic_probe_final10.csv#choice_required; reports/card_quality_full_2026-09-27/classic_probe_final10.csv#draw_choice_one_known_card; reports/card_quality_full_2026-09-27/classic_probe_final10.csv#heal_choice_enemy_hero_five; reports/card_quality_full_2026-09-27/classic_probe_final10.csv#heal_choice_enemy_minion_target; reports/card_quality_full_2026-09-27/classic_probe_final10.csv#heal_choice_friendly_hero_five,"聚合状态取该卡最差机制；普通烟测只证明可执行，不能单独构成 GREEN。 逐卡真实对局：5 个独立 case；pass,pass,pass,pass,pass。",Choose One - Draw a card; or Restore #5 Health.,fireplace/cards/classic/druid.py:86
17.6.0.53261,Classic (EXPERT1),NEW1_010,Al'Akir the Windlord,风领主奥拉基尔,Charge|Divine Shield|Taunt|Windfury,GREEN,implemented,yes,奥拉基尔四关键词均实战验证：即时两次攻击、第三次不可攻击、圣盾挡反击、嘲讽阻挡敌方直击。,card_mechanism.csv#NEW1_010; generic-play-smoke:played; effect-evidence: reports/card_quality_full_2026-09-27/classic_probe_final10.csv#charge_windfury_divine_shield_combat; reports/card_quality_full_2026-09-27/classic_probe_final10.csv#taunt_blocks_hero_and_shield_absorbs; per-card: reports/card_quality_full_2026-09-27/classic_probe_final10.csv#charge_windfury_divine_shield_combat; reports/card_quality_full_2026-09-27/classic_probe_final10.csv#taunt_blocks_hero_and_shield_absorbs,"聚合状态取该卡最差机制；普通烟测只证明可执行，不能单独构成 GREEN。 逐卡真实对局：2 个独立 case；pass,pass。","Charge, Divine Shield, Taunt, Windfury",
17.6.0.53261,Classic (EXPERT1),NEW1_014,Master of Disguise,伪装大师,Battlecry|Targeting,GREEN,implemented,yes,伪装大师仅给其他友方随从潜行，敌方法术在持续期不能指定，下个己方回合开始解除；无目标仍可作为4/4入场。,card_mechanism.csv#NEW1_014; generic-play-smoke:played; effect-evidence: reports/card_quality_full_2026-09-27/classic_probe_final10.csv#friendly_stealth_until_next_turn; reports/card_quality_full_2026-09-27/classic_probe_final10.csv#no_other_friendly_minion_optional; per-card: reports/card_quality_full_2026-09-27/classic_probe_final10.csv#friendly_stealth_until_next_turn; reports/card_quality_full_2026-09-27/classic_probe_final10.csv#no_other_friendly_minion_optional,"聚合状态取该卡最差机制；普通烟测只证明可执行，不能单独构成 GREEN。 逐卡真实对局：2 个独立 case；pass,pass。",Battlecry: Give a friendly minion Stealth until your next turn.,fireplace/cards/classic/rogue.py:37
17.6.0.53261,Classic (EXPERT1),NEW1_017,Hungry Crab,鱼人杀手蟹,Battlecry|Targeting,GREEN,implemented,yes,友敌鱼人均可作为战吼目标并被摧毁，螃蟹准确获得+2/+2；非鱼人非法；无鱼人时本体可无目标入场且保持1/2。,card_mechanism.csv#NEW1_017; generic-play-smoke:played; effect-evidence: reports/card_quality_full_2026-09-27/classic_probe_tail.csv#NEW1_017_enemy_murloc_destroy_and_buff; reports/card_quality_full_2026-09-27/classic_probe_tail.csv#NEW1_017_friendly_murloc_and_race_gate; reports/card_quality_full_2026-09-27/classic_probe_tail.csv#NEW1_017_no_murloc_optional_battlecry; per-card: reports/card_quality_full_2026-09-27/classic_probe_tail.csv#NEW1_017_enemy_murloc_destroy_and_buff; reports/card_quality_full_2026-09-27/classic_probe_tail.csv#NEW1_017_friendly_murloc_and_race_gate; reports/card_quality_full_2026-09-27/classic_probe_tail.csv#NEW1_017_no_murloc_optional_battlecry,"聚合状态取该卡最差机制；普通烟测只证明可执行，不能单独构成 GREEN。 逐卡真实对局：3 个独立 case；pass,pass,pass。",Battlecry: Destroy a Murloc and gain +2/+2.,fireplace/cards/classic/neutral_epic.py:71
17.6.0.53261,Classic (EXPERT1),NEW1_018,Bloodsail Raider,血帆袭击者,Battlecry,GREEN,implemented,yes,战吼读取己方武器攻击力并准确增攻；敌方武器不计入。,card_mechanism.csv#NEW1_018; generic-play-smoke:played; effect-evidence: reports/card_quality_full_2026-09-27/classic_probe_tail.csv#NEW1_018_enemy_weapon_excluded; reports/card_quality_full_2026-09-27/classic_probe_tail.csv#NEW1_018_owned_weapon_attack; per-card: reports/card_quality_full_2026-09-27/classic_probe_tail.csv#NEW1_018_enemy_weapon_excluded; reports/card_quality_full_2026-09-27/classic_probe_tail.csv#NEW1_018_owned_weapon_attack,"聚合状态取该卡最差机制；普通烟测只证明可执行，不能单独构成 GREEN。 逐卡真实对局：2 个独立 case；pass,pass。",Battlecry: Gain Attack equal to the Attack of your weapon.,fireplace/cards/classic/neutral_common.py:334
17.6.0.53261,Classic (EXPERT1),NEW1_019,Knife Juggler,飞刀杂耍者,Random effects|Summon|Trigger,GREEN,implemented,yes,友方召唤后随机对敌方角色造成恰好1点，多个随机种子覆盖敌方英雄和两名随从；敌方召唤和本体入场不触发。,card_mechanism.csv#NEW1_019; generic-play-smoke:played; effect-evidence: reports/card_quality_full_2026-09-27/classic_probe_tail.csv#NEW1_019_enemy_summon_no_ping; reports/card_quality_full_2026-09-27/classic_probe_tail.csv#NEW1_019_friendly_summon_pings_enemy; reports/card_quality_full_2026-09-27/classic_probe_tail.csv#NEW1_019_random_enemy_character_domain; per-card: reports/card_quality_full_2026-09-27/classic_probe_tail.csv#NEW1_019_enemy_summon_no_ping; reports/card_quality_full_2026-09-27/classic_probe_tail.csv#NEW1_019_friendly_summon_pings_enemy; reports/card_quality_full_2026-09-27/classic_probe_tail.csv#NEW1_019_random_enemy_character_domain,"聚合状态取该卡最差机制；普通烟测只证明可执行，不能单独构成 GREEN。 逐卡真实对局：3 个独立 case；pass,pass,pass。","[x]After you summon a minion, deal 1 damage to a random enemy.",fireplace/cards/classic/neutral_rare.py:184
17.6.0.53261,Classic (EXPERT1),NEW1_020,Wild Pyromancer,狂野炎术师,Trigger,GREEN,implemented,yes,己方法术后对友敌所有随从各造成1点，排除英雄；敌方法术不触发。,card_mechanism.csv#NEW1_020; generic-play-smoke:played; effect-evidence: reports/card_quality_full_2026-09-27/classic_probe_tail.csv#NEW1_020_enemy_spell_excluded; reports/card_quality_full_2026-09-27/classic_probe_tail.csv#NEW1_020_own_spell_all_minions; per-card: reports/card_quality_full_2026-09-27/classic_probe_tail.csv#NEW1_020_enemy_spell_excluded; reports/card_quality_full_2026-09-27/classic_probe_tail.csv#NEW1_020_own_spell_all_minions,"聚合状态取该卡最差机制；普通烟测只证明可执行，不能单独构成 GREEN。 逐卡真实对局：2 个独立 case；pass,pass。","After you cast a spell, deal 1 damage to ALL minions.",fireplace/cards/classic/neutral_rare.py:190
17.6.0.53261,Classic (EXPERT1),NEW1_021,Doomsayer,末日预言者,Trigger,GREEN,implemented,yes,在持有者下一回合开始消灭包括自身和双方其他随从；对手回合开始不触发。,card_mechanism.csv#NEW1_021; generic-play-smoke:played; effect-evidence: reports/card_quality_full_2026-09-27/classic_probe_tail.csv#NEW1_021_own_turn_start_wipe; per-card: reports/card_quality_full_2026-09-27/classic_probe_tail.csv#NEW1_021_own_turn_start_wipe,聚合状态取该卡最差机制；普通烟测只证明可执行，不能单独构成 GREEN。 逐卡真实对局：1 个独立 case；pass。,"At the start of your turn, destroy ALL minions.",fireplace/cards/classic/neutral_epic.py:84
17.6.0.53261,Classic (EXPERT1),NEW1_022,Dread Corsair,恐怖海盗,Cost modification|Taunt,GREEN,implemented,yes,己方武器攻击力实时降低手牌费用，武器移除后复原；敌方武器不影响；入场嘲讽有效。,card_mechanism.csv#NEW1_022; generic-play-smoke:played; effect-evidence: reports/card_quality_full_2026-09-27/classic_probe_tail.csv#NEW1_022_change_and_enemy_weapon_excluded; reports/card_quality_full_2026-09-27/classic_probe_tail.csv#NEW1_022_weapon_cost_and_taunt; per-card: reports/card_quality_full_2026-09-27/classic_probe_tail.csv#NEW1_022_change_and_enemy_weapon_excluded; reports/card_quality_full_2026-09-27/classic_probe_tail.csv#NEW1_022_weapon_cost_and_taunt,"聚合状态取该卡最差机制；普通烟测只证明可执行，不能单独构成 GREEN。 逐卡真实对局：2 个独立 case；pass,pass。",Taunt Costs (1) less per Attack of your weapon.,fireplace/cards/classic/neutral_common.py:340
17.6.0.53261,Classic (EXPERT1),NEW1_023,Faerie Dragon,精灵龙,Untargetable,GREEN,implemented,yes,敌方法术及英雄技能目标列表排除该牌，实际强行施法被拒；随从战吼仍可选中并造成伤害。,card_mechanism.csv#NEW1_023; generic-play-smoke:played; effect-evidence: reports/card_quality_full_2026-09-27/classic_probe_tail.csv#NEW1_023_spell_power_gate_battlecry_allowed; per-card: reports/card_quality_full_2026-09-27/classic_probe_tail.csv#NEW1_023_spell_power_gate_battlecry_allowed,聚合状态取该卡最差机制；普通烟测只证明可执行，不能单独构成 GREEN。 逐卡真实对局：1 个独立 case；pass。,Can't be targeted by spells or Hero Powers.,
17.6.0.53261,Classic (EXPERT1),NEW1_024,Captain Greenskin,绿皮船长,Battlecry,GREEN,implemented,yes,战吼准确提高己方武器攻击与耐久各1；敌方武器无影响。,card_mechanism.csv#NEW1_024; generic-play-smoke:played; effect-evidence: reports/card_quality_full_2026-09-27/classic_probe_tail.csv#NEW1_024_enemy_weapon_excluded; reports/card_quality_full_2026-09-27/classic_probe_tail.csv#NEW1_024_own_weapon_plus_one_plus_one; per-card: reports/card_quality_full_2026-09-27/classic_probe_tail.csv#NEW1_024_enemy_weapon_excluded; reports/card_quality_full_2026-09-27/classic_probe_tail.csv#NEW1_024_own_weapon_plus_one_plus_one,"聚合状态取该卡最差机制；普通烟测只证明可执行，不能单独构成 GREEN。 逐卡真实对局：2 个独立 case；pass,pass。",Battlecry: Give your weapon +1/+1.,fireplace/cards/classic/neutral_legendary.py:203
17.6.0.53261,Classic (EXPERT1),NEW1_025,Bloodsail Corsair,血帆海盗,Battlecry,GREEN,implemented,yes,敌方武器恰减1耐久：一耐久摧毁、二耐久保留；己方武器不受影响。,card_mechanism.csv#NEW1_025; generic-play-smoke:played; effect-evidence: reports/card_quality_full_2026-09-27/classic_probe_tail.csv#NEW1_025_break_one_durability_enemy_weapon; reports/card_quality_full_2026-09-27/classic_probe_tail.csv#NEW1_025_remove_exactly_one; per-card: reports/card_quality_full_2026-09-27/classic_probe_tail.csv#NEW1_025_break_one_durability_enemy_weapon; reports/card_quality_full_2026-09-27/classic_probe_tail.csv#NEW1_025_remove_exactly_one,"聚合状态取该卡最差机制；普通烟测只证明可执行，不能单独构成 GREEN。 逐卡真实对局：2 个独立 case；pass,pass。",[x]Battlecry: Remove 1 Durability from your opponent's weapon.,fireplace/cards/classic/neutral_rare.py:196
17.6.0.53261,Classic (EXPERT1),NEW1_026,Violet Teacher,紫罗兰教师,Summon|Trigger,GREEN,implemented,yes,己方法术召唤恰好一个1/1学徒，敌方法术不触发，己方满场时不会超出七随从。,card_mechanism.csv#NEW1_026; generic-play-smoke:played; effect-evidence: reports/card_quality_full_2026-09-27/classic_probe_tail.csv#NEW1_026_enemy_spell_excluded; reports/card_quality_full_2026-09-27/classic_probe_tail.csv#NEW1_026_full_board; reports/card_quality_full_2026-09-27/classic_probe_tail.csv#NEW1_026_own_spell_apprentice; per-card: reports/card_quality_full_2026-09-27/classic_probe_tail.csv#NEW1_026_enemy_spell_excluded; reports/card_quality_full_2026-09-27/classic_probe_tail.csv#NEW1_026_full_board; reports/card_quality_full_2026-09-27/classic_probe_tail.csv#NEW1_026_own_spell_apprentice,"聚合状态取该卡最差机制；普通烟测只证明可执行，不能单独构成 GREEN。 逐卡真实对局：3 个独立 case；pass,pass,pass。","Whenever you cast a spell, summon a 1/1 Violet Apprentice.",fireplace/cards/classic/neutral_rare.py:202
17.6.0.53261,Classic (EXPERT1),NEW1_027,Southsea Captain,南海船长,Aura|Continuous effect / Update,GREEN,implemented,yes,光环只增强其他友方海盗+1/+1，非海盗及敌方海盗不变；船长死亡后准确撤销。,card_mechanism.csv#NEW1_027; generic-play-smoke:played; effect-evidence: reports/card_quality_full_2026-09-27/classic_probe_tail.csv#NEW1_027_enemy_pirate_excluded; reports/card_quality_full_2026-09-27/classic_probe_tail.csv#NEW1_027_friendly_other_pirate_aura_revert; per-card: reports/card_quality_full_2026-09-27/classic_probe_tail.csv#NEW1_027_enemy_pirate_excluded; reports/card_quality_full_2026-09-27/classic_probe_tail.csv#NEW1_027_friendly_other_pirate_aura_revert,"聚合状态取该卡最差机制；普通烟测只证明可执行，不能单独构成 GREEN。 逐卡真实对局：2 个独立 case；pass,pass。",Your other Pirates have +1/+1.,fireplace/cards/classic/neutral_epic.py:90
17.6.0.53261,Classic (EXPERT1),NEW1_029,Millhouse Manastorm,米尔豪斯·法力风暴,Battlecry,GREEN,implemented,yes,敌方下回合法术费用变0，随后恢复；己方法术及敌方随从费用不变。,card_mechanism.csv#NEW1_029; generic-play-smoke:played; effect-evidence: reports/card_quality_full_2026-09-27/classic_probe_tail.csv#NEW1_029_enemy_spell_zero_next_turn; per-card: reports/card_quality_full_2026-09-27/classic_probe_tail.csv#NEW1_029_enemy_spell_zero_next_turn,聚合状态取该卡最差机制；普通烟测只证明可执行，不能单独构成 GREEN。 逐卡真实对局：1 个独立 case；pass。,Battlecry: Enemy spells cost (0) next turn.,fireplace/cards/classic/neutral_legendary.py:212
17.6.0.53261,Classic (EXPERT1),NEW1_030,Deathwing,死亡之翼,Battlecry|Draw / Discard,GREEN,implemented,yes,战吼消灭双方其他随从、弃掉己方余牌，自身12/12留场。,card_mechanism.csv#NEW1_030; generic-play-smoke:played; effect-evidence: reports/card_quality_full_2026-09-27/classic_probe_tail.csv#NEW1_030_destroy_both_sides_discard_hand; per-card: reports/card_quality_full_2026-09-27/classic_probe_tail.csv#NEW1_030_destroy_both_sides_discard_hand,聚合状态取该卡最差机制；普通烟测只证明可执行，不能单独构成 GREEN。 逐卡真实对局：1 个独立 case；pass。,Battlecry: Destroy all other minions and discard your hand.,fireplace/cards/classic/neutral_legendary.py:223
17.6.0.53261,Classic (EXPERT1),NEW1_036,Commanding Shout,命令怒吼,Draw / Discard|Spell resolution,RED,partial,yes,随从最低1血分支通过；命令怒吼未执行文本的‘抽一张牌’，已知牌仍在牌库中。,card_mechanism.csv#NEW1_036; generic-play-smoke:played; effect-evidence: reports/card_quality_full_2026-09-27/classic_probe_tail.csv#NEW1_036_floor_and_draw; per-card: reports/card_quality_full_2026-09-27/classic_probe_tail.csv#NEW1_036_floor_and_draw,聚合状态取该卡最差机制；普通烟测只证明可执行，不能单独构成 GREEN。 逐卡真实对局：1 个独立 case；confirmed_error。,Your minions can't be reduced below 1 Health this turn. Draw a card.,fireplace/cards/classic/warrior.py:193
17.6.0.53261,Classic (EXPERT1),NEW1_037,Master Swordsmith,铸剑师,Random effects|Trigger,GREEN,implemented,yes,只在己方回合结束时使随机其他友方随从攻击+1；两种候选均可命中且一次只命中一个，无其他随从时不自我增益。,card_mechanism.csv#NEW1_037; generic-play-smoke:played; effect-evidence: reports/card_quality_full_2026-09-27/classic_probe_tail.csv#NEW1_037_end_turn_other_friendly; reports/card_quality_full_2026-09-27/classic_probe_tail.csv#NEW1_037_no_other_friendly; reports/card_quality_full_2026-09-27/classic_probe_tail.csv#NEW1_037_random_other_friendly_domain; per-card: reports/card_quality_full_2026-09-27/classic_probe_tail.csv#NEW1_037_end_turn_other_friendly; reports/card_quality_full_2026-09-27/classic_probe_tail.csv#NEW1_037_no_other_friendly; reports/card_quality_full_2026-09-27/classic_probe_tail.csv#NEW1_037_random_other_friendly_domain,"聚合状态取该卡最差机制；普通烟测只证明可执行，不能单独构成 GREEN。 逐卡真实对局：3 个独立 case；pass,pass,pass。","At the end of your turn, give another random friendly minion +1 Attack.",fireplace/cards/classic/neutral_rare.py:208
17.6.0.53261,Classic (EXPERT1),NEW1_038,Gruul,格鲁尔,Trigger,GREEN,implemented,yes,登场不立即增益，双方每次回合结束各准确获得+1/+1。,card_mechanism.csv#NEW1_038; generic-play-smoke:played; effect-evidence: reports/card_quality_full_2026-09-27/classic_probe_tail.csv#NEW1_038_both_turn_ends; per-card: reports/card_quality_full_2026-09-27/classic_probe_tail.csv#NEW1_038_both_turn_ends,聚合状态取该卡最差机制；普通烟测只证明可执行，不能单独构成 GREEN。 逐卡真实对局：1 个独立 case；pass。,"At the end of each turn, gain +1/+1 .",fireplace/cards/classic/neutral_legendary.py:229
17.6.0.53261,Classic (EXPERT1),NEW1_040,Hogger,霍格,Summon|Trigger,GREEN,implemented,yes,己方回合结束召唤一个2/2嘲讽豺狼人，对方回合结束不触发；满场不越界。,card_mechanism.csv#NEW1_040; generic-play-smoke:played; effect-evidence: reports/card_quality_full_2026-09-27/classic_probe_tail.csv#NEW1_040_full_board; reports/card_quality_full_2026-09-27/classic_probe_tail.csv#NEW1_040_own_turn_gnoll_taunt; per-card: reports/card_quality_full_2026-09-27/classic_probe_tail.csv#NEW1_040_full_board; reports/card_quality_full_2026-09-27/classic_probe_tail.csv#NEW1_040_own_turn_gnoll_taunt,"聚合状态取该卡最差机制；普通烟测只证明可执行，不能单独构成 GREEN。 逐卡真实对局：2 个独立 case；pass,pass。","At the end of your turn, summon a 2/2 Gnoll with Taunt.",fireplace/cards/classic/neutral_legendary.py:238
17.6.0.53261,Classic (EXPERT1),NEW1_041,Stampeding Kodo,狂奔科多兽,Battlecry|Random effects,GREEN,implemented,yes,战吼随机消灭恰好一个攻击≤2的敌方随从；友方/高攻排除，无合法目标可入场；种子覆盖双候选。,card_mechanism.csv#NEW1_041; generic-play-smoke:played; effect-evidence: reports/card_quality_full_2026-09-27/classic_probe_tail.csv#NEW1_041_low_attack_enemy_only; reports/card_quality_full_2026-09-27/classic_probe_tail.csv#NEW1_041_no_eligible_enemy; reports/card_quality_full_2026-09-27/classic_probe_tail.csv#NEW1_041_random_eligible_domain; per-card: reports/card_quality_full_2026-09-27/classic_probe_tail.csv#NEW1_041_low_attack_enemy_only; reports/card_quality_full_2026-09-27/classic_probe_tail.csv#NEW1_041_no_eligible_enemy; reports/card_quality_full_2026-09-27/classic_probe_tail.csv#NEW1_041_random_eligible_domain,"聚合状态取该卡最差机制；普通烟测只证明可执行，不能单独构成 GREEN。 逐卡真实对局：3 个独立 case；pass,pass,pass。",Battlecry: Destroy a random enemy minion with 2 or less Attack.,fireplace/cards/classic/neutral_rare.py:217
17.6.0.53261,Classic (EXPERT1),tt_004,Flesheating Ghoul,腐肉食尸鬼,Trigger,GREEN,implemented,yes,友敌随从各死亡一次后各加1攻击，共+2；单纯召唤不触发。,card_mechanism.csv#tt_004; generic-play-smoke:played; effect-evidence: reports/card_quality_full_2026-09-27/classic_probe_tail.csv#tt_004_both_sides_minion_deaths; reports/card_quality_full_2026-09-27/classic_probe_tail.csv#tt_004_summon_without_death; per-card: reports/card_quality_full_2026-09-27/classic_probe_tail.csv#tt_004_both_sides_minion_deaths; reports/card_quality_full_2026-09-27/classic_probe_tail.csv#tt_004_summon_without_death,"聚合状态取该卡最差机制；普通烟测只证明可执行，不能单独构成 GREEN。 逐卡真实对局：2 个独立 case；pass,pass。","Whenever a minion dies, gain +1 Attack.",fireplace/cards/classic/neutral_common.py:346
17.6.0.53261,Classic (EXPERT1),tt_010,Spellbender,扰咒术,Secret|Spell resolution|Summon|Targeting|Trigger,GREEN,implemented,yes,敌方指向随从的法术转向新召唤的1/3且原目标不受伤；己方法术及指向英雄的敌方法术不触发；满场无法召唤时维持秘密。,card_mechanism.csv#tt_010; generic-play-smoke:played; effect-evidence: reports/card_quality_full_2026-09-27/classic_probe_tail.csv#tt_010_enemy_minion_spell_redirect; reports/card_quality_full_2026-09-27/classic_probe_tail.csv#tt_010_full_board_no_redirect; reports/card_quality_full_2026-09-27/classic_probe_tail.csv#tt_010_hero_and_friendly_spell_excluded; per-card: reports/card_quality_full_2026-09-27/classic_probe_tail.csv#tt_010_enemy_minion_spell_redirect; reports/card_quality_full_2026-09-27/classic_probe_tail.csv#tt_010_full_board_no_redirect; reports/card_quality_full_2026-09-27/classic_probe_tail.csv#tt_010_hero_and_friendly_spell_excluded,"聚合状态取该卡最差机制；普通烟测只证明可执行，不能单独构成 GREEN。 逐卡真实对局：3 个独立 case；pass,pass,pass。","Secret: When an enemy casts a spell on a minion, summon a 1/3 as the new target.",fireplace/cards/classic/mage.py:148
