version,set,card_id,name_en,name_zh,mechanic,status,implementation,tested,reason,evidence,notes,card_text_en,card_text_zh,python_source
17.6.0.53261,Goblins vs Gnomes (GVG),GVG_001,Flamecannon,烈焰轰击,Random effects|Spell resolution,YELLOW,implemented,partial,"本轮定向实测观测：health_delta=[4, 0]; zones=[<Zone.PLAY: 1>, <Zone.PLAY: 1>]; enemy_hero=30；未决点：随机敌方随从池有两个耐久不同的候选，但本轮只用一个种子命中其一，尚未观察另一个候选被选中。",card_mechanism.csv#GVG_001; generic-play-smoke:played; per-card: reports/card_quality_full_2026-09-27/gvg_probe.csv#GVG_001_two_enemy_candidates,聚合状态取该卡最差机制；普通烟测只证明可执行，不能单独构成 GREEN。 Flamecannon; direct evidence=GVG_001_two_enemy_candidates; source=fireplace/cards/gvg/mage.py:31,Deal $4 damage to a random enemy minion.,随机对一个敌方随从造成 $4 点伤害。,fireplace/cards/gvg/mage.py:31
17.6.0.53261,Goblins vs Gnomes (GVG),GVG_002,Snowchugger,碎雪机器人,Targeting|Trigger,GREEN,implemented,yes,本轮定向实测已通过，观测：target_health=4; frozen=True；本卡完整机制范围已在对应用例覆盖。,card_mechanism.csv#GVG_002; generic-play-smoke:played; effect-evidence: reports/card_quality_full_2026-09-27/gvg_probe.csv#GVG_002_freeze_damaged_target; reports/card_quality_full_2026-09-27/gvg_probe.csv#GVG_002_freeze_damaged_hero; per-card: reports/card_quality_full_2026-09-27/gvg_probe.csv#GVG_002_freeze_damaged_target; reports/card_quality_full_2026-09-27/gvg_probe.csv#GVG_002_freeze_damaged_hero,聚合状态取该卡最差机制；普通烟测只证明可执行，不能单独构成 GREEN。 Snowchugger; direct evidence=GVG_002_freeze_damaged_target; GVG_002_freeze_damaged_hero; source=fireplace/cards/gvg/mage.py:8,Freeze any character damaged by this minion.,冻结任何受到该随从伤害的角色。,fireplace/cards/gvg/mage.py:8
17.6.0.53261,Goblins vs Gnomes (GVG),GVG_003,Unstable Portal,不稳定的传送门,Cost modification|Random effects|Spell resolution,YELLOW,implemented,partial,"本轮定向实测观测：hand_added=1; card=('UNG_073', 4, 2, 0)；未决点：只观察到一个随机随从及其减费；不同费用结果（尤其费用低于3时归零）的随机样本尚未覆盖。",card_mechanism.csv#GVG_003; generic-play-smoke:played; per-card: reports/card_quality_full_2026-09-27/gvg_probe.csv#GVG_003_random_minion_cost_reduction; reports/card_quality_full_2026-09-27/gvg_probe.csv#existing_test_gvg_test_unstable_portal,聚合状态取该卡最差机制；普通烟测只证明可执行，不能单独构成 GREEN。 Unstable Portal; direct evidence=GVG_003_random_minion_cost_reduction; source=fireplace/cards/gvg/mage.py:38,Add a random minion to your hand. It costs (3) less.,随机将一张随从牌置入你的手牌。该牌的法力值消耗减少（3）点。,fireplace/cards/gvg/mage.py:38
17.6.0.53261,Goblins vs Gnomes (GVG),GVG_004,Goblin Blastmage,地精炎术师,Battlecry|Random effects,YELLOW,implemented,partial,"本轮定向实测观测：mech=GVG_082; deltas=[0, 0, 0, 2]; hero_delta=2; total=4; blast=GVG_004；未决点：确认有机械时总计分配4点伤害、无机械时不造成伤害；尚未用多个种子验证随机分配覆盖不同敌方随从与英雄。",card_mechanism.csv#GVG_004; generic-play-smoke:played; per-card: reports/card_quality_full_2026-09-27/gvg_probe.csv#GVG_004_mech_enabled_four_random_enemy_damage; reports/card_quality_full_2026-09-27/gvg_probe.csv#GVG_004_no_mech_no_effect; reports/card_quality_full_2026-09-27/gvg_probe.csv#existing_test_gvg_test_goblin_blastmage,聚合状态取该卡最差机制；普通烟测只证明可执行，不能单独构成 GREEN。 Goblin Blastmage; direct evidence=GVG_004_mech_enabled_four_random_enemy_damage; GVG_004_no_mech_no_effect; source=fireplace/cards/gvg/mage.py:14,"Battlecry: If you have a Mech, deal 4 damage randomly split among all enemies.",战吼：如果你控制任何机械，则造成4点伤害，随机分配到所有敌人身上。,fireplace/cards/gvg/mage.py:14
17.6.0.53261,Goblins vs Gnomes (GVG),GVG_005,Echo of Medivh,麦迪文的残影,Spell resolution,GREEN,implemented,yes,"本轮定向实测已通过，观测：board=['CS2_231', 'GVG_082']; added=['CS2_231', 'GVG_082']；本卡完整机制范围已在对应用例覆盖。",card_mechanism.csv#GVG_005; generic-play-smoke:played; effect-evidence: reports/card_quality_full_2026-09-27/gvg_probe.csv#GVG_005_copy_each_friendly_minion; reports/card_quality_full_2026-09-27/gvg_probe.csv#existing_test_gvg_test_echo_of_medivh; reports/card_quality_full_2026-09-27/gvg_probe.csv#existing_test_secrets_test_spellbender_echo_of_medivh; per-card: reports/card_quality_full_2026-09-27/gvg_probe.csv#GVG_005_copy_each_friendly_minion; reports/card_quality_full_2026-09-27/gvg_probe.csv#existing_test_gvg_test_echo_of_medivh; reports/card_quality_full_2026-09-27/gvg_probe.csv#existing_test_secrets_test_spellbender_echo_of_medivh,聚合状态取该卡最差机制；普通烟测只证明可执行，不能单独构成 GREEN。 Echo of Medivh; direct evidence=GVG_005_copy_each_friendly_minion; source=fireplace/cards/gvg/mage.py:55,Put a copy of each friendly minion into your hand.,复制你的所有随从，并将其置入你的手牌。,fireplace/cards/gvg/mage.py:55
17.6.0.53261,Goblins vs Gnomes (GVG),GVG_006,Mechwarper,机械跃迁者,Aura|Continuous effect / Update|Cost modification,GREEN,implemented,yes,"本轮定向实测已通过，观测：base=(1, 4); aura=(0, 4); removed=(1, 4)；本卡完整机制范围已在对应用例覆盖。",card_mechanism.csv#GVG_006; generic-play-smoke:played; effect-evidence: reports/card_quality_full_2026-09-27/gvg_probe.csv#GVG_006_mech_hand_cost_aura; reports/card_quality_full_2026-09-27/gvg_probe.csv#existing_test_gvg_test_mechwarper; per-card: reports/card_quality_full_2026-09-27/gvg_probe.csv#GVG_006_mech_hand_cost_aura; reports/card_quality_full_2026-09-27/gvg_probe.csv#existing_test_gvg_test_mechwarper,聚合状态取该卡最差机制；普通烟测只证明可执行，不能单独构成 GREEN。 Mechwarper; direct evidence=GVG_006_mech_hand_cost_aura; source=fireplace/cards/gvg/neutral_common.py:8,Your Mechs cost (1) less.,你的机械的法力值消耗减少（1）点。,fireplace/cards/gvg/neutral_common.py:8
17.6.0.53261,Goblins vs Gnomes (GVG),GVG_007,Flame Leviathan,烈焰巨兽,Draw / Discard|Trigger,GREEN,implemented,yes,本轮定向实测已通过，观测：drawn_in_hand=True; heroes=28/28; enemy_wisp=4/1；本卡完整机制范围已在对应用例覆盖。,card_mechanism.csv#GVG_007; generic-play-smoke:played; effect-evidence: reports/card_quality_full_2026-09-27/gvg_probe.csv#GVG_007_on_draw_all_character_damage; reports/card_quality_full_2026-09-27/gvg_probe.csv#existing_test_classic_test_flame_leviathan; per-card: reports/card_quality_full_2026-09-27/gvg_probe.csv#GVG_007_on_draw_all_character_damage; reports/card_quality_full_2026-09-27/gvg_probe.csv#existing_test_classic_test_flame_leviathan,聚合状态取该卡最差机制；普通烟测只证明可执行，不能单独构成 GREEN。 Flame Leviathan; direct evidence=GVG_007_on_draw_all_character_damage; source=fireplace/cards/gvg/mage.py:21,"When you draw this, deal 2 damage to all characters.",当你抽到该牌时，对所有角色造成 2点伤害。,fireplace/cards/gvg/mage.py:21
17.6.0.53261,Goblins vs Gnomes (GVG),GVG_008,Lightbomb,圣光炸弹,Spell resolution,GREEN,implemented,yes,本轮定向实测已通过，观测：friendly_0atk=1/2; enemy_3atk=1/3; heroes=30/30；本卡完整机制范围已在对应用例覆盖。,card_mechanism.csv#GVG_008; generic-play-smoke:played; effect-evidence: reports/card_quality_full_2026-09-27/gvg_probe.csv#GVG_008_damage_each_minion_equal_attack; reports/card_quality_full_2026-09-27/gvg_probe.csv#existing_test_gvg_test_lightbomb; per-card: reports/card_quality_full_2026-09-27/gvg_probe.csv#GVG_008_damage_each_minion_equal_attack; reports/card_quality_full_2026-09-27/gvg_probe.csv#existing_test_gvg_test_lightbomb,聚合状态取该卡最差机制；普通烟测只证明可执行，不能单独构成 GREEN。 Lightbomb; direct evidence=GVG_008_damage_each_minion_equal_attack; source=fireplace/cards/gvg/priest.py:61,Deal damage to each minion equal to its Attack.,对所有随从造成等同于其攻击力的伤害。,fireplace/cards/gvg/priest.py:61
17.6.0.53261,Goblins vs Gnomes (GVG),GVG_009,Shadowbomber,暗影投弹手,Battlecry,GREEN,implemented,yes,本轮定向实测已通过，观测：friendly=27; enemy=27；本卡完整机制范围已在对应用例覆盖。,card_mechanism.csv#GVG_009; generic-play-smoke:played; effect-evidence: reports/card_quality_full_2026-09-27/gvg_probe.csv#GVG_009_battlecry_both_heroes; per-card: reports/card_quality_full_2026-09-27/gvg_probe.csv#GVG_009_battlecry_both_heroes,聚合状态取该卡最差机制；普通烟测只证明可执行，不能单独构成 GREEN。 Shadowbomber; direct evidence=GVG_009_battlecry_both_heroes; source=fireplace/cards/gvg/priest.py:8,Battlecry: Deal 3 damage to each hero.,战吼：对每个英雄造成3点伤害。,fireplace/cards/gvg/priest.py:8
17.6.0.53261,Goblins vs Gnomes (GVG),GVG_010,Velen's Chosen,维伦的恩泽,Spell Damage|Spell resolution|Targeting,GREEN,implemented,yes,"本轮定向实测已通过，观测：before=(3, 6); after=5/10; spellpower=1; moonfire_damage=2；本卡完整机制范围已在对应用例覆盖。",card_mechanism.csv#GVG_010; generic-play-smoke:played; effect-evidence: reports/card_quality_full_2026-09-27/gvg_probe.csv#GVG_010_stats_and_spell_damage; reports/card_quality_full_2026-09-27/gvg_probe.csv#existing_test_classic_test_faceless_manipulator_velens_chosen; reports/card_quality_full_2026-09-27/gvg_probe.csv#existing_test_gvg_test_velens_chosen; per-card: reports/card_quality_full_2026-09-27/gvg_probe.csv#GVG_010_stats_and_spell_damage; reports/card_quality_full_2026-09-27/gvg_probe.csv#existing_test_classic_test_faceless_manipulator_velens_chosen; reports/card_quality_full_2026-09-27/gvg_probe.csv#existing_test_gvg_test_velens_chosen,聚合状态取该卡最差机制；普通烟测只证明可执行，不能单独构成 GREEN。 Velen's Chosen; direct evidence=GVG_010_stats_and_spell_damage; source=fireplace/cards/gvg/priest.py:69,Give a minion +2/+4 and Spell Damage +1.,使一个随从获得+2/+4和法术伤害+1。,fireplace/cards/gvg/priest.py:69
17.6.0.53261,Goblins vs Gnomes (GVG),GVG_011,Shrinkmeister,缩小射线工程师,Battlecry|Targeting,GREEN,implemented,yes,本轮定向实测已通过，观测：attack=3->1->end_turn:3；本卡完整机制范围已在对应用例覆盖。,card_mechanism.csv#GVG_011; generic-play-smoke:played; effect-evidence: reports/card_quality_full_2026-09-27/gvg_probe.csv#GVG_011_temporary_attack_reduction; reports/card_quality_full_2026-09-27/gvg_probe.csv#existing_test_gvg_test_shrinkmeister; reports/card_quality_full_2026-09-27/gvg_probe.csv#existing_test_tgt_test_seal_of_champions_shrinkmeister; per-card: reports/card_quality_full_2026-09-27/gvg_probe.csv#GVG_011_temporary_attack_reduction; reports/card_quality_full_2026-09-27/gvg_probe.csv#existing_test_gvg_test_shrinkmeister; reports/card_quality_full_2026-09-27/gvg_probe.csv#existing_test_tgt_test_seal_of_champions_shrinkmeister,聚合状态取该卡最差机制；普通烟测只证明可执行，不能单独构成 GREEN。 Shrinkmeister; direct evidence=GVG_011_temporary_attack_reduction; source=fireplace/cards/gvg/priest.py:14,Battlecry: Give a minion -2 Attack this turn.,战吼：在本回合中，使一个随从获得-2攻击力。,fireplace/cards/gvg/priest.py:14
17.6.0.53261,Goblins vs Gnomes (GVG),GVG_012,Light of the Naaru,纳鲁之光,Spell resolution|Summon|Targeting,GREEN,implemented,yes,本轮定向实测已通过，观测：start=2/6; after=5/6; wardens=1；本卡完整机制范围已在对应用例覆盖。,card_mechanism.csv#GVG_012; generic-play-smoke:played; effect-evidence: reports/card_quality_full_2026-09-27/gvg_probe.csv#GVG_012_still_damaged_summons; reports/card_quality_full_2026-09-27/gvg_probe.csv#GVG_012_fully_healed_no_summon; reports/card_quality_full_2026-09-27/gvg_probe.csv#existing_test_auchenai_soulpriest_test_auchenai_soulpriest_light_of_the_naaru; reports/card_quality_full_2026-09-27/gvg_probe.csv#existing_test_gvg_test_light_of_the_naaru; per-card: reports/card_quality_full_2026-09-27/gvg_probe.csv#GVG_012_still_damaged_summons; reports/card_quality_full_2026-09-27/gvg_probe.csv#GVG_012_fully_healed_no_summon; reports/card_quality_full_2026-09-27/gvg_probe.csv#existing_test_auchenai_soulpriest_test_auchenai_soulpriest_light_of_the_naaru; reports/card_quality_full_2026-09-27/gvg_probe.csv#existing_test_gvg_test_light_of_the_naaru,聚合状态取该卡最差机制；普通烟测只证明可执行，不能单独构成 GREEN。 Light of the Naaru; direct evidence=GVG_012_still_damaged_summons; GVG_012_fully_healed_no_summon; source=fireplace/cards/gvg/priest.py:79,"Restore #3 Health. If the target is still damaged, summon a Lightwarden.",恢复#3点生命值。如果该目标仍处于受伤状态，则召唤一个圣光护卫者。,fireplace/cards/gvg/priest.py:79
17.6.0.53261,Goblins vs Gnomes (GVG),GVG_013,Cogmaster,齿轮大师,Continuous effect / Update,GREEN,implemented,yes,本轮定向实测已通过，观测：with_mech=3; after_mech_death=1; cog_zone=1；本卡完整机制范围已在对应用例覆盖。,card_mechanism.csv#GVG_013; generic-play-smoke:played; effect-evidence: reports/card_quality_full_2026-09-27/gvg_probe.csv#GVG_013_mech_conditional_attack_aura; reports/card_quality_full_2026-09-27/gvg_probe.csv#existing_test_gvg_test_cogmaster; per-card: reports/card_quality_full_2026-09-27/gvg_probe.csv#GVG_013_mech_conditional_attack_aura; reports/card_quality_full_2026-09-27/gvg_probe.csv#existing_test_gvg_test_cogmaster,聚合状态取该卡最差机制；普通烟测只证明可执行，不能单独构成 GREEN。 Cogmaster; direct evidence=GVG_013_mech_conditional_attack_aura; source=fireplace/cards/gvg/neutral_common.py:14,Has +2 Attack while you have a Mech.,如果你控制任何机械，便获得 +2攻击力。,fireplace/cards/gvg/neutral_common.py:14
17.6.0.53261,Goblins vs Gnomes (GVG),GVG_014,Vol'jin,沃金,Battlecry|Targeting,GREEN,implemented,yes,"本轮定向实测已通过，观测：before=(2, 7); after=7/2; maxima=7/2；本卡完整机制范围已在对应用例覆盖。",card_mechanism.csv#GVG_014; generic-play-smoke:played; effect-evidence: reports/card_quality_full_2026-09-27/gvg_probe.csv#GVG_014_swap_current_health; reports/card_quality_full_2026-09-27/gvg_probe.csv#existing_test_gvg_test_voljin; reports/card_quality_full_2026-09-27/gvg_probe.csv#existing_test_gvg_test_voljin_stealth; reports/card_quality_full_2026-09-27/gvg_probe.csv#existing_test_misc_test_copy_voljin; per-card: reports/card_quality_full_2026-09-27/gvg_probe.csv#GVG_014_swap_current_health; reports/card_quality_full_2026-09-27/gvg_probe.csv#existing_test_gvg_test_voljin; reports/card_quality_full_2026-09-27/gvg_probe.csv#existing_test_gvg_test_voljin_stealth; reports/card_quality_full_2026-09-27/gvg_probe.csv#existing_test_misc_test_copy_voljin,聚合状态取该卡最差机制；普通烟测只证明可执行，不能单独构成 GREEN。 Vol'jin; direct evidence=GVG_014_swap_current_health; source=fireplace/cards/gvg/priest.py:24,Battlecry: Swap Health with another minion.,战吼：与另一个随从交换生命值。,fireplace/cards/gvg/priest.py:24
17.6.0.53261,Goblins vs Gnomes (GVG),GVG_015,Darkbomb,暗色炸弹,Spell resolution|Targeting,GREEN,implemented,yes,本轮定向实测已通过，观测：target=CS2_033; health=3; damage=3; zone=1；本卡完整机制范围已在对应用例覆盖。,card_mechanism.csv#GVG_015; generic-play-smoke:played; effect-evidence: reports/card_quality_full_2026-09-27/gvg_probe.csv#GVG_015_three_damage_minion_target; reports/card_quality_full_2026-09-27/gvg_probe.csv#existing_test_misc_test_silence; per-card: reports/card_quality_full_2026-09-27/gvg_probe.csv#GVG_015_three_damage_minion_target; reports/card_quality_full_2026-09-27/gvg_probe.csv#existing_test_misc_test_silence,聚合状态取该卡最差机制；普通烟测只证明可执行，不能单独构成 GREEN。 Darkbomb; direct evidence=GVG_015_three_damage_minion_target; source=fireplace/cards/gvg/warlock.py:47,Deal $3 damage.,造成$3点伤害。,fireplace/cards/gvg/warlock.py:47
17.6.0.53261,Goblins vs Gnomes (GVG),GVG_016,Fel Reaver,魔能机甲,Trigger,GREEN,implemented,yes,本轮定向实测已通过，观测：deck=5->2; reaver=1; milled=[]；本卡完整机制范围已在对应用例覆盖。,card_mechanism.csv#GVG_016; generic-play-smoke:played; effect-evidence: reports/card_quality_full_2026-09-27/gvg_probe.csv#GVG_016_opponent_play_mills_three; reports/card_quality_full_2026-09-27/gvg_probe.csv#existing_test_gvg_test_fel_reaver; per-card: reports/card_quality_full_2026-09-27/gvg_probe.csv#GVG_016_opponent_play_mills_three; reports/card_quality_full_2026-09-27/gvg_probe.csv#existing_test_gvg_test_fel_reaver,聚合状态取该卡最差机制；普通烟测只证明可执行，不能单独构成 GREEN。 Fel Reaver; direct evidence=GVG_016_opponent_play_mills_three; source=fireplace/cards/gvg/neutral_epic.py:8,"Whenever your opponent plays a card, remove the top 3 cards of your deck.",每当你的对手使用一张卡牌时，便移除你的牌库顶的三张牌。,fireplace/cards/gvg/neutral_epic.py:8
17.6.0.53261,Goblins vs Gnomes (GVG),GVG_017,Call Pet,召唤宠物,Cost modification|Draw / Discard|Spell resolution,GREEN,implemented,yes,本轮定向实测已通过，观测：drawn=EX1_534; race_beast=True; cost=2；本卡完整机制范围已在对应用例覆盖。,card_mechanism.csv#GVG_017; generic-play-smoke:played; effect-evidence: reports/card_quality_full_2026-09-27/gvg_probe.csv#GVG_017_beast_draw; reports/card_quality_full_2026-09-27/gvg_probe.csv#GVG_017_nonbeast_draw; per-card: reports/card_quality_full_2026-09-27/gvg_probe.csv#GVG_017_beast_draw; reports/card_quality_full_2026-09-27/gvg_probe.csv#GVG_017_nonbeast_draw,聚合状态取该卡最差机制；普通烟测只证明可执行，不能单独构成 GREEN。 Call Pet; direct evidence=GVG_017_beast_draw; GVG_017_nonbeast_draw; source=fireplace/cards/gvg/hunter.py:46,"Draw a card. If it's a Beast, it costs (4) less.",抽一张牌。如果该牌是野兽牌，则其法力值消耗 减少（4）点。,fireplace/cards/gvg/hunter.py:46
17.6.0.53261,Goblins vs Gnomes (GVG),GVG_018,Queen of Pain,痛苦女王,Lifesteal,GREEN,implemented,yes,本轮定向实测已通过，观测：lifesteal=1; hero_health=30; target_damage=1; target_health=5；本卡完整机制范围已在对应用例覆盖。,card_mechanism.csv#GVG_018; generic-play-smoke:played; effect-evidence: reports/card_quality_full_2026-09-27/gvg_probe.csv#GVG_018_lifesteal_combat; per-card: reports/card_quality_full_2026-09-27/gvg_probe.csv#GVG_018_lifesteal_combat,聚合状态取该卡最差机制；普通烟测只证明可执行，不能单独构成 GREEN。 Queen of Pain; direct evidence=GVG_018_lifesteal_combat; source=CardDefs.xml,Lifesteal,吸血,
17.6.0.53261,Goblins vs Gnomes (GVG),GVG_019,Demonheart,恶魔之心,Spell resolution|Targeting,GREEN,implemented,yes,"本轮定向实测已通过，观测：before=(3, 3); after=8/8; health=8；本卡完整机制范围已在对应用例覆盖。",card_mechanism.csv#GVG_019; generic-play-smoke:played; effect-evidence: reports/card_quality_full_2026-09-27/gvg_probe.csv#GVG_019_friendly_demon_branch; reports/card_quality_full_2026-09-27/gvg_probe.csv#GVG_019_nonfriendly_demon_damage_branch; reports/card_quality_full_2026-09-27/gvg_probe.csv#GVG_019_enemy_demon_is_not_friendly_branch; per-card: reports/card_quality_full_2026-09-27/gvg_probe.csv#GVG_019_friendly_demon_branch; reports/card_quality_full_2026-09-27/gvg_probe.csv#GVG_019_nonfriendly_demon_damage_branch; reports/card_quality_full_2026-09-27/gvg_probe.csv#GVG_019_enemy_demon_is_not_friendly_branch,聚合状态取该卡最差机制；普通烟测只证明可执行，不能单独构成 GREEN。 Demonheart; direct evidence=GVG_019_friendly_demon_branch; GVG_019_nonfriendly_demon_damage_branch; GVG_019_enemy_demon_is_not_friendly_branch; source=fireplace/cards/gvg/warlock.py:54,"Deal $5 damage to a minion.  If it's a friendly Demon, give it +5/+5 instead.",对一个随从造成$5点伤害，如果该随从是友方恶魔，则改为使其获得+5/+5。,fireplace/cards/gvg/warlock.py:54
17.6.0.53261,Goblins vs Gnomes (GVG),GVG_020,Fel Cannon,邪能火炮,Trigger,YELLOW,implemented,partial,"本轮定向实测观测：eligible=['GVG_020', 'CS2_033', 'CS2_033']; deltas=[0, 2, 0]; mech_delta=0; heroes=30/30；未决点：触发时的两个非机械随从仅一个种子候选被命中；另一个合法目标的随机分支尚未覆盖。",card_mechanism.csv#GVG_020; generic-play-smoke:played; per-card: reports/card_quality_full_2026-09-27/gvg_probe.csv#GVG_020_own_turn_end_random_nonmech_damage; reports/card_quality_full_2026-09-27/gvg_probe.csv#existing_test_gvg_test_fel_cannon,聚合状态取该卡最差机制；普通烟测只证明可执行，不能单独构成 GREEN。 Fel Cannon; direct evidence=GVG_020_own_turn_end_random_nonmech_damage; source=fireplace/cards/gvg/warlock.py:8,"At the end of your turn, deal 2 damage to a non-Mech minion.",在你的回合结束时，对一个非机械随从造成2点伤害。,fireplace/cards/gvg/warlock.py:8
17.6.0.53261,Goblins vs Gnomes (GVG),GVG_021,Mal'Ganis,玛尔加尼斯,Aura|Continuous effect / Update,GREEN,implemented,yes,"本轮定向实测已通过，观测：demon=(3, 3)->(5, 5); hero_health=30; malganis=1；本卡完整机制范围已在对应用例覆盖。",card_mechanism.csv#GVG_021; generic-play-smoke:played; effect-evidence: reports/card_quality_full_2026-09-27/gvg_probe.csv#GVG_021_demon_aura_and_hero_immunity; reports/card_quality_full_2026-09-27/gvg_probe.csv#existing_test_gvg_test_malganis; per-card: reports/card_quality_full_2026-09-27/gvg_probe.csv#GVG_021_demon_aura_and_hero_immunity; reports/card_quality_full_2026-09-27/gvg_probe.csv#existing_test_gvg_test_malganis,聚合状态取该卡最差机制；普通烟测只证明可执行，不能单独构成 GREEN。 Mal'Ganis; direct evidence=GVG_021_demon_aura_and_hero_immunity; source=fireplace/cards/gvg/warlock.py:14,Your other Demons have +2/+2. Your hero is Immune.,你的其他恶魔获得+2/+2。你的英雄获得免疫。,fireplace/cards/gvg/warlock.py:14
17.6.0.53261,Goblins vs Gnomes (GVG),GVG_022,Tinker's Sharpsword Oil,修补匠的磨刀油,Combo|Random effects|Spell resolution,RED,partial,yes,"实测与卡牌文本不符：预期“Combo buffs weapon +3 and exactly one friendly minion +3; the hero receives no bonus”；实得“seeded_weapon_hero_minion_deltas=[(3, 0, [3, 0]), (3, 3, [0, 0]), (3, 3, [0, 0]), (3, 3, [0, 0]), (3, 3, [0, 0]), (3, 0, [0, 3]), (3, 0, [0, 3]), (3, 0, [3, 0]), (3, 3, [0, 0]), (3, 0, [3, 0]), (3, 0, [0, 3]), (3, 0, [3, 0]), (3, 0, [3, 0]), (3, 0, [3, 0]), (3, 3, [0, 0]), (3, 3, [0, 0])]”。",card_mechanism.csv#GVG_022; generic-play-smoke:played; effect-evidence: reports/card_quality_full_2026-09-27/gvg_probe.csv#GVG_022_seeded_combo_recipient_is_minion; per-card: reports/card_quality_full_2026-09-27/gvg_probe.csv#GVG_022_seeded_combo_recipient_is_minion,聚合状态取该卡最差机制；普通烟测只证明可执行，不能单独构成 GREEN。 Tinker's Sharpsword Oil; direct evidence=GVG_022_seeded_combo_recipient_is_minion; source=fireplace/cards/gvg/rogue.py:54,Give your weapon +3 Attack. Combo: Give a random friendly minion +3 Attack.,使你的武器获得+3攻击力。连击：随机使一个友方随从获得+3攻击力。,fireplace/cards/gvg/rogue.py:54
17.6.0.53261,Goblins vs Gnomes (GVG),GVG_023,Goblin Auto-Barber,地精自动理发装置,Battlecry,GREEN,implemented,yes,本轮定向实测已通过，观测：weapon_delta=1；本卡完整机制范围已在对应用例覆盖。,card_mechanism.csv#GVG_023; generic-play-smoke:played; effect-evidence: reports/card_quality_full_2026-09-27/gvg_probe.csv#GVG_023_battlecry_weapon; per-card: reports/card_quality_full_2026-09-27/gvg_probe.csv#GVG_023_battlecry_weapon,聚合状态取该卡最差机制；普通烟测只证明可执行，不能单独构成 GREEN。 Goblin Auto-Barber; direct evidence=GVG_023_battlecry_weapon; source=fireplace/cards/gvg/rogue.py:8,Battlecry: Give your weapon +1 Attack.,战吼：使你的武器获得+1攻击力。,fireplace/cards/gvg/rogue.py:8
17.6.0.53261,Goblins vs Gnomes (GVG),GVG_024,Cogmaster's Wrench,齿轮大师的扳手,Continuous effect / Update|Weapon,GREEN,implemented,yes,本轮定向实测已通过，观测：weapon=GVG_024; active=3; after_mech_death=1; durability=3；本卡完整机制范围已在对应用例覆盖。,card_mechanism.csv#GVG_024; generic-play-smoke:played; effect-evidence: reports/card_quality_full_2026-09-27/gvg_probe.csv#GVG_024_weapon_mech_conditional_attack; reports/card_quality_full_2026-09-27/gvg_probe.csv#existing_test_gvg_test_cogmasters_wrench; per-card: reports/card_quality_full_2026-09-27/gvg_probe.csv#GVG_024_weapon_mech_conditional_attack; reports/card_quality_full_2026-09-27/gvg_probe.csv#existing_test_gvg_test_cogmasters_wrench,聚合状态取该卡最差机制；普通烟测只证明可执行，不能单独构成 GREEN。 Cogmaster's Wrench; direct evidence=GVG_024_weapon_mech_conditional_attack; source=fireplace/cards/gvg/rogue.py:80,Has +2 Attack while you have a Mech.,如果你控制任何机械，便获得 +2攻击力。,fireplace/cards/gvg/rogue.py:80
17.6.0.53261,Goblins vs Gnomes (GVG),GVG_025,One-eyed Cheat,独眼欺诈者,Summon|Trigger,GREEN,implemented,yes,本轮定向实测已通过，观测：pirate=CS2_146; pirate_race=[23]; stealth=False->True；本卡完整机制范围已在对应用例覆盖。,card_mechanism.csv#GVG_025; generic-play-smoke:played; effect-evidence: reports/card_quality_full_2026-09-27/gvg_probe.csv#GVG_025_pirate_summon_trigger; per-card: reports/card_quality_full_2026-09-27/gvg_probe.csv#GVG_025_pirate_summon_trigger,聚合状态取该卡最差机制；普通烟测只证明可执行，不能单独构成 GREEN。 One-eyed Cheat; direct evidence=GVG_025_pirate_summon_trigger; source=fireplace/cards/gvg/rogue.py:17,"Whenever you summon a Pirate, gain Stealth.",每当你召唤一个海盗，便获得潜行。,fireplace/cards/gvg/rogue.py:17
17.6.0.53261,Goblins vs Gnomes (GVG),GVG_026,Feign Death,假死,Spell resolution,GREEN,implemented,yes,本轮定向实测已通过，观测：yeti=1; gnome=1; spare_parts_added=2；本卡完整机制范围已在对应用例覆盖。,card_mechanism.csv#GVG_026; generic-play-smoke:played; effect-evidence: reports/card_quality_full_2026-09-27/gvg_probe.csv#GVG_026_trigger_all_friendly_deathrattles; reports/card_quality_full_2026-09-27/gvg_probe.csv#existing_test_feign_death_test_feign_death; reports/card_quality_full_2026-09-27/gvg_probe.csv#existing_test_feign_death_test_feign_death_baron_rivendare; reports/card_quality_full_2026-09-27/gvg_probe.csv#existing_test_feign_death_test_feign_death_dark_cultist; reports/card_quality_full_2026-09-27/gvg_probe.csv#existing_test_ungoro_test_sherazin_corpse_flower; per-card: reports/card_quality_full_2026-09-27/gvg_probe.csv#GVG_026_trigger_all_friendly_deathrattles; reports/card_quality_full_2026-09-27/gvg_probe.csv#existing_test_feign_death_test_feign_death; reports/card_quality_full_2026-09-27/gvg_probe.csv#existing_test_feign_death_test_feign_death_baron_rivendare; reports/card_quality_full_2026-09-27/gvg_probe.csv#existing_test_feign_death_test_feign_death_dark_cultist; reports/card_quality_full_2026-09-27/gvg_probe.csv#existing_test_ungoro_test_sherazin_corpse_flower,聚合状态取该卡最差机制；普通烟测只证明可执行，不能单独构成 GREEN。 Feign Death; direct evidence=GVG_026_trigger_all_friendly_deathrattles; source=fireplace/cards/gvg/hunter.py:62,Trigger all Deathrattles on your minions.,触发所有友方随从的亡语。,fireplace/cards/gvg/hunter.py:62
17.6.0.53261,Goblins vs Gnomes (GVG),GVG_027,Iron Sensei,钢铁武道家,Trigger,GREEN,implemented,yes,"本轮定向实测已通过，观测：seeded_deltas=[[(0, 0), (2, 2)], [(2, 2), (0, 0)], [(2, 2), (0, 0)], [(2, 2), (0, 0)], [(2, 2), (0, 0)], [(0, 0), (2, 2)], [(2, 2), (0, 0)], [(0, 0), (2, 2)], [(2, 2), (0, 0)], [(0, 0), (2, 2)], [(2, 2), (0, 0)], [(0, 0), (2, 2)]]; recipient_indexes=[0, 1]；本卡完整机制范围已在对应用例覆盖。",card_mechanism.csv#GVG_027; generic-play-smoke:played; effect-evidence: reports/card_quality_full_2026-09-27/gvg_probe.csv#GVG_027_seeded_random_friendly_mech_end_turn_buff; per-card: reports/card_quality_full_2026-09-27/gvg_probe.csv#GVG_027_seeded_random_friendly_mech_end_turn_buff,聚合状态取该卡最差机制；普通烟测只证明可执行，不能单独构成 GREEN。 Iron Sensei; direct evidence=GVG_027_seeded_random_friendly_mech_end_turn_buff; source=fireplace/cards/gvg/rogue.py:23,"At the end of your turn, give another friendly Mech +2/+2.",在你的回合结束时，使另一个友方机械获得+2/+2。,fireplace/cards/gvg/rogue.py:23
17.6.0.53261,Goblins vs Gnomes (GVG),GVG_028,Trade Prince Gallywix,加里维克斯,Trigger,GREEN,implemented,yes,本轮定向实测已通过，观测：prince=1; copies=['CS2_008']; opponent_coins=['GVG_028t']; hero_health=29；本卡完整机制范围已在对应用例覆盖。,card_mechanism.csv#GVG_028; generic-play-smoke:played; effect-evidence: reports/card_quality_full_2026-09-27/gvg_probe.csv#GVG_028_opponent_spell_copy_and_coin; reports/card_quality_full_2026-09-27/gvg_probe.csv#existing_test_blackrock_test_quick_shot_gallywix; reports/card_quality_full_2026-09-27/gvg_probe.csv#existing_test_gvg_test_gallywix; per-card: reports/card_quality_full_2026-09-27/gvg_probe.csv#GVG_028_opponent_spell_copy_and_coin; reports/card_quality_full_2026-09-27/gvg_probe.csv#existing_test_blackrock_test_quick_shot_gallywix; reports/card_quality_full_2026-09-27/gvg_probe.csv#existing_test_gvg_test_gallywix,聚合状态取该卡最差机制；普通烟测只证明可执行，不能单独构成 GREEN。 Trade Prince Gallywix; direct evidence=GVG_028_opponent_spell_copy_and_coin; source=fireplace/cards/gvg/rogue.py:32,"Whenever your opponent casts a spell, gain a copy of it and give them a Coin.",每当你的对手施放一个法术，获得该法术的复制，并使其获得一个幸运币。,fireplace/cards/gvg/rogue.py:32
17.6.0.53261,Goblins vs Gnomes (GVG),GVG_029,Ancestor's Call,先祖召唤,Random effects|Spell resolution|Summon,YELLOW,implemented,partial,本轮定向实测观测：ally_zone=1; enemy_zone=1; friendly_board=['CS2_231']; enemy_board=['GVG_093']; spell=4；未决点：双方手牌各只有一张随从，随机选择没有竞争候选；多候选手牌下是否各自只召唤一张未验证。,card_mechanism.csv#GVG_029; generic-play-smoke:played; per-card: reports/card_quality_full_2026-09-27/gvg_probe.csv#GVG_029_summon_one_random_hand_minion_per_player; reports/card_quality_full_2026-09-27/gvg_probe.csv#existing_test_blackrock_test_emperor_thaurissan_molten_recombobulator; reports/card_quality_full_2026-09-27/gvg_probe.csv#existing_test_gvg_test_ancestors_call,聚合状态取该卡最差机制；普通烟测只证明可执行，不能单独构成 GREEN。 Ancestor's Call; direct evidence=GVG_029_summon_one_random_hand_minion_per_player; source=fireplace/cards/gvg/shaman.py:36,Put a random minion from each player's hand into the battlefield.,每个玩家从手牌中随机将一个随从置入战场。,fireplace/cards/gvg/shaman.py:36
17.6.0.53261,Goblins vs Gnomes (GVG),GVG_030,Anodized Robo Cub,电镀机械熊仔,Choose One|Taunt,GREEN,implemented,yes,"本轮定向实测已通过，观测：attack_choice=3/2,taunt=1；本卡完整机制范围已在对应用例覆盖。",card_mechanism.csv#GVG_030; generic-play-smoke:played; effect-evidence: reports/card_quality_full_2026-09-27/gvg_probe.csv#GVG_030_choose_attack; reports/card_quality_full_2026-09-27/gvg_probe.csv#GVG_030_choose_health; per-card: reports/card_quality_full_2026-09-27/gvg_probe.csv#GVG_030_choose_attack; reports/card_quality_full_2026-09-27/gvg_probe.csv#GVG_030_choose_health,聚合状态取该卡最差机制；普通烟测只证明可执行，不能单独构成 GREEN。 Anodized Robo Cub; direct evidence=GVG_030_choose_attack; GVG_030_choose_health; source=fireplace/cards/gvg/druid.py:8,Taunt. Choose One - +1 Attack; or +1 Health.,嘲讽，抉择： +1攻击力；或者+1生命值。,fireplace/cards/gvg/druid.py:8
17.6.0.53261,Goblins vs Gnomes (GVG),GVG_031,Recycle,回收,Spell resolution|Targeting,GREEN,implemented,yes,本轮定向实测已通过，观测：zone=2; deck_delta=1; enemy_field=0；本卡完整机制范围已在对应用例覆盖。,card_mechanism.csv#GVG_031; generic-play-smoke:played; effect-evidence: reports/card_quality_full_2026-09-27/gvg_probe.csv#GVG_031_enemy_minion_to_deck; per-card: reports/card_quality_full_2026-09-27/gvg_probe.csv#GVG_031_enemy_minion_to_deck,聚合状态取该卡最差机制；普通烟测只证明可执行，不能单独构成 GREEN。 Recycle; direct evidence=GVG_031_enemy_minion_to_deck; source=fireplace/cards/gvg/druid.py:67,Shuffle an enemy minion into your opponent's deck.,将一个敌方随从洗入你对手的 牌库。,fireplace/cards/gvg/druid.py:67
17.6.0.53261,Goblins vs Gnomes (GVG),GVG_032,Grove Tender,林地树妖,Choose One|Draw / Discard,GREEN,implemented,yes,"本轮定向实测已通过，观测：max_mana=(4, 5)->(5, 6)；本卡完整机制范围已在对应用例覆盖。",card_mechanism.csv#GVG_032; generic-play-smoke:played; effect-evidence: reports/card_quality_full_2026-09-27/gvg_probe.csv#GVG_032_each_player_gains_mana_crystal; reports/card_quality_full_2026-09-27/gvg_probe.csv#GVG_032_each_player_draws; reports/card_quality_full_2026-09-27/gvg_probe.csv#existing_test_gvg_test_grove_tender; per-card: reports/card_quality_full_2026-09-27/gvg_probe.csv#GVG_032_each_player_gains_mana_crystal; reports/card_quality_full_2026-09-27/gvg_probe.csv#GVG_032_each_player_draws; reports/card_quality_full_2026-09-27/gvg_probe.csv#existing_test_gvg_test_grove_tender,聚合状态取该卡最差机制；普通烟测只证明可执行，不能单独构成 GREEN。 Grove Tender; direct evidence=GVG_032_each_player_gains_mana_crystal; GVG_032_each_player_draws; source=fireplace/cards/gvg/druid.py:29,Choose One - Give each player a Mana Crystal; or Each player draws a card.,抉择：使每个玩家获得一个法力水晶；或每个玩家抽一张牌。,fireplace/cards/gvg/druid.py:29
17.6.0.53261,Goblins vs Gnomes (GVG),GVG_033,Tree of Life,生命之树,Spell resolution,GREEN,implemented,yes,"本轮定向实测已通过，观测：heroes=(30, 30)->(30, 30); minions=(6, 6)/(7, 7)；本卡完整机制范围已在对应用例覆盖。",card_mechanism.csv#GVG_033; generic-play-smoke:played; effect-evidence: reports/card_quality_full_2026-09-27/gvg_probe.csv#GVG_033_full_heal_all_characters; reports/card_quality_full_2026-09-27/gvg_probe.csv#existing_test_gvg_test_tree_of_life; per-card: reports/card_quality_full_2026-09-27/gvg_probe.csv#GVG_033_full_heal_all_characters; reports/card_quality_full_2026-09-27/gvg_probe.csv#existing_test_gvg_test_tree_of_life,聚合状态取该卡最差机制；普通烟测只证明可执行，不能单独构成 GREEN。 Tree of Life; direct evidence=GVG_033_full_heal_all_characters; source=fireplace/cards/gvg/druid.py:78,Restore all characters to full Health.,为所有角色恢复所有生命值。,fireplace/cards/gvg/druid.py:78
17.6.0.53261,Goblins vs Gnomes (GVG),GVG_034,Mech-Bear-Cat,机械野兽,Random effects|Trigger,YELLOW,implemented,partial,本轮定向实测观测：health=5; new_ids=['PART_007']；未决点：本轮确认受伤后加入1张备件，但随机备件结果仅出现PART_007，备件池的其他结果未采样。,card_mechanism.csv#GVG_034; generic-play-smoke:played; per-card: reports/card_quality_full_2026-09-27/gvg_probe.csv#GVG_034_self_damage_spare_part,聚合状态取该卡最差机制；普通烟测只证明可执行，不能单独构成 GREEN。 Mech-Bear-Cat; direct evidence=GVG_034_self_damage_spare_part; source=fireplace/cards/gvg/druid.py:44,"Whenever this minion takes damage, add a Spare Part card to your hand.",每当该随从受到伤害，将一张零件牌置入你的手牌。,fireplace/cards/gvg/druid.py:44
17.6.0.53261,Goblins vs Gnomes (GVG),GVG_036,Powermace,动力战锤,Deathrattle|Random effects|Weapon,GREEN,implemented,yes,"本轮定向实测已通过，观测：seeded_deltas=[([(0, 0), (2, 2)], (0, 0)), ([(2, 2), (0, 0)], (0, 0)), ([(2, 2), (0, 0)], (0, 0)), ([(2, 2), (0, 0)], (0, 0)), ([(2, 2), (0, 0)], (0, 0)), ([(0, 0), (2, 2)], (0, 0)), ([(2, 2), (0, 0)], (0, 0)), ([(0, 0), (2, 2)], (0, 0)), ([(2, 2), (0, 0)], (0, 0)), ([(0, 0), (2, 2)], (0, 0)), ([(2, 2), (0, 0)], (0, 0)), ([(0, 0), (2, 2)], (0, 0))]; recipient_indexes=[0, 1]；本卡完整机制范围已在对应用例覆盖。",card_mechanism.csv#GVG_036; generic-play-smoke:played; effect-evidence: reports/card_quality_full_2026-09-27/gvg_probe.csv#GVG_036_deathrattle_random_friendly_mech_buff; reports/card_quality_full_2026-09-27/gvg_probe.csv#existing_test_gvg_test_powermace; per-card: reports/card_quality_full_2026-09-27/gvg_probe.csv#GVG_036_deathrattle_random_friendly_mech_buff; reports/card_quality_full_2026-09-27/gvg_probe.csv#existing_test_gvg_test_powermace,聚合状态取该卡最差机制；普通烟测只证明可执行，不能单独构成 GREEN。 Powermace; direct evidence=GVG_036_deathrattle_random_friendly_mech_buff; source=fireplace/cards/gvg/shaman.py:56,Deathrattle: Give a random friendly Mech +2/+2.,亡语：随机使一个友方机械获得+2/+2。,fireplace/cards/gvg/shaman.py:56
17.6.0.53261,Goblins vs Gnomes (GVG),GVG_037,Whirling Zap-o-matic,自动漩涡打击装置,Windfury,GREEN,implemented,yes,本轮定向实测已通过，观测：windfury=1; num_attacks=1; can_attack_again=True；本卡完整机制范围已在对应用例覆盖。,card_mechanism.csv#GVG_037; generic-play-smoke:played; effect-evidence: reports/card_quality_full_2026-09-27/gvg_probe.csv#GVG_037_windfury_two_attacks; per-card: reports/card_quality_full_2026-09-27/gvg_probe.csv#GVG_037_windfury_two_attacks,聚合状态取该卡最差机制；普通烟测只证明可执行，不能单独构成 GREEN。 Whirling Zap-o-matic; direct evidence=GVG_037_windfury_two_attacks; source=CardDefs.xml,Windfury,风怒,
17.6.0.53261,Goblins vs Gnomes (GVG),GVG_038,Crackle,连环爆裂,Overload|Random effects|Spell resolution|Targeting,GREEN,implemented,yes,"本轮定向实测已通过，观测：seeded_damage_overload=[(6, 1), (4, 1), (3, 1), (4, 1), (4, 1), (5, 1), (3, 1), (5, 1), (4, 1), (6, 1), (3, 1), (6, 1)]；本卡完整机制范围已在对应用例覆盖。",card_mechanism.csv#GVG_038; generic-play-smoke:played; effect-evidence: reports/card_quality_full_2026-09-27/gvg_probe.csv#GVG_038_seeded_damage_range_and_overload; reports/card_quality_full_2026-09-27/gvg_probe.csv#existing_test_gvg_test_crackle; reports/card_quality_full_2026-09-27/gvg_probe.csv#existing_test_gvg_test_crackle_malygos; per-card: reports/card_quality_full_2026-09-27/gvg_probe.csv#GVG_038_seeded_damage_range_and_overload; reports/card_quality_full_2026-09-27/gvg_probe.csv#existing_test_gvg_test_crackle; reports/card_quality_full_2026-09-27/gvg_probe.csv#existing_test_gvg_test_crackle_malygos,聚合状态取该卡最差机制；普通烟测只证明可执行，不能单独构成 GREEN。 Crackle; direct evidence=GVG_038_seeded_damage_range_and_overload; source=fireplace/cards/gvg/shaman.py:45,Deal $3-$6 damage. Overload: (1),造成$3到$6点伤害，过载：（1）,fireplace/cards/gvg/shaman.py:45
17.6.0.53261,Goblins vs Gnomes (GVG),GVG_039,Vitality Totem,活力图腾,Trigger,GREEN,implemented,yes,本轮定向实测已通过，观测：hero_health=23->27; heal_delta=4；本卡完整机制范围已在对应用例覆盖。,card_mechanism.csv#GVG_039; generic-play-smoke:played; effect-evidence: reports/card_quality_full_2026-09-27/gvg_probe.csv#GVG_039_end_turn_heal; per-card: reports/card_quality_full_2026-09-27/gvg_probe.csv#GVG_039_end_turn_heal,聚合状态取该卡最差机制；普通烟测只证明可执行，不能单独构成 GREEN。 Vitality Totem; direct evidence=GVG_039_end_turn_heal; source=fireplace/cards/gvg/shaman.py:8,"At the end of your turn, restore #4 Health to your hero.",在你的回合结束时，为你的英雄恢复#4点生命值。,fireplace/cards/gvg/shaman.py:8
17.6.0.53261,Goblins vs Gnomes (GVG),GVG_040,Siltfin Spiritwalker,沙鳞灵魂行者,Draw / Discard|Overload|Trigger,GREEN,implemented,yes,本轮定向实测已通过，观测：overload=1; murloc=4; drawn=['CS2_231']; deck=0；本卡完整机制范围已在对应用例覆盖。,card_mechanism.csv#GVG_040; generic-play-smoke:played; effect-evidence: reports/card_quality_full_2026-09-27/gvg_probe.csv#GVG_040_friendly_murloc_death_draw_and_overload; reports/card_quality_full_2026-09-27/gvg_probe.csv#existing_test_gvg_test_siltfin_spiritwalker; per-card: reports/card_quality_full_2026-09-27/gvg_probe.csv#GVG_040_friendly_murloc_death_draw_and_overload; reports/card_quality_full_2026-09-27/gvg_probe.csv#existing_test_gvg_test_siltfin_spiritwalker,聚合状态取该卡最差机制；普通烟测只证明可执行，不能单独构成 GREEN。 Siltfin Spiritwalker; direct evidence=GVG_040_friendly_murloc_death_draw_and_overload; source=fireplace/cards/gvg/shaman.py:14,"Whenever another friendly Murloc dies, draw a card. Overload: (1)",每当有其他友方鱼人死亡，便抽一张牌。 过载：（1）,fireplace/cards/gvg/shaman.py:14
17.6.0.53261,Goblins vs Gnomes (GVG),GVG_041,Dark Wispers,黑暗私语,Choose One|Spell resolution|Summon|Targeting,GREEN,implemented,yes,本轮定向实测已通过，观测：target=6/6;taunt=True；本卡完整机制范围已在对应用例覆盖。,card_mechanism.csv#GVG_041; generic-play-smoke:played; effect-evidence: reports/card_quality_full_2026-09-27/gvg_probe.csv#GVG_041_target_branch; reports/card_quality_full_2026-09-27/gvg_probe.csv#GVG_041_five_wisps_branch; per-card: reports/card_quality_full_2026-09-27/gvg_probe.csv#GVG_041_target_branch; reports/card_quality_full_2026-09-27/gvg_probe.csv#GVG_041_five_wisps_branch,聚合状态取该卡最差机制；普通烟测只证明可执行，不能单独构成 GREEN。 Dark Wispers; direct evidence=GVG_041_target_branch; GVG_041_five_wisps_branch; source=fireplace/cards/gvg/druid.py:84,Choose One - Summon 5 Wisps; or Give a minion +5/+5 and Taunt.,抉择： 召唤5个小精灵；或者使一个随从获得+5/+5和嘲讽。,fireplace/cards/gvg/druid.py:84
17.6.0.53261,Goblins vs Gnomes (GVG),GVG_042,Neptulon,耐普图隆,Battlecry|Overload|Random effects,YELLOW,implemented,partial,"本轮定向实测观测：added=[('OG_161', 4, [14]), ('DAL_077', 4, [14]), ('OG_161', 4, [14]), ('CS2_168', 4, [14])]; overload=3；未决点：确认加入4张鱼人且过载3；只测了一组随机鱼人身份，尚未跨种子覆盖不同鱼人候选。",card_mechanism.csv#GVG_042; generic-play-smoke:played; per-card: reports/card_quality_full_2026-09-27/gvg_probe.csv#GVG_042_four_random_murlocs_and_overload; reports/card_quality_full_2026-09-27/gvg_probe.csv#existing_test_gvg_test_neptulon,聚合状态取该卡最差机制；普通烟测只证明可执行，不能单独构成 GREEN。 Neptulon; direct evidence=GVG_042_four_random_murlocs_and_overload; source=fireplace/cards/gvg/shaman.py:20,Battlecry: Add 4 random Murlocs to your hand. Overload: (3),战吼：随机将四张鱼人牌置入你的手牌，过载：（3）,fireplace/cards/gvg/shaman.py:20
17.6.0.53261,Goblins vs Gnomes (GVG),GVG_043,Glaivezooka,重型刃弩,Battlecry|Random effects|Weapon,YELLOW,implemented,partial,"本轮定向实测观测：weapon=GVG_043; minion_deltas=[1, 0]；未决点：装备与+1攻击均生效，但两名友方随从只用一个种子抽到其中一名，另一随机受益者未见。",card_mechanism.csv#GVG_043; generic-play-smoke:played; per-card: reports/card_quality_full_2026-09-27/gvg_probe.csv#GVG_043_battlecry_random_buff,聚合状态取该卡最差机制；普通烟测只证明可执行，不能单独构成 GREEN。 Glaivezooka; direct evidence=GVG_043_battlecry_random_buff; source=fireplace/cards/gvg/hunter.py:79,Battlecry: Give a random friendly minion +1 Attack.,战吼：随机使一个友方随从获得+1攻击力。,fireplace/cards/gvg/hunter.py:79
17.6.0.53261,Goblins vs Gnomes (GVG),GVG_045,Imp-losion,小鬼爆破,Random effects|Spell resolution|Summon|Targeting,GREEN,implemented,yes,"本轮定向实测已通过，观测：seeded=[(3, 3, 4, <Zone.PLAY: 1>), (2, 2, 5, <Zone.PLAY: 1>), (2, 2, 5, <Zone.PLAY: 1>), (2, 2, 5, <Zone.PLAY: 1>), (2, 2, 5, <Zone.PLAY: 1>), (4, 4, 3, <Zone.PLAY: 1>), (4, 4, 3, <Zone.PLAY: 1>), (3, 3, 4, <Zone.PLAY: 1>)]；本卡完整机制范围已在对应用例覆盖。",card_mechanism.csv#GVG_045; generic-play-smoke:played; effect-evidence: reports/card_quality_full_2026-09-27/gvg_probe.csv#GVG_045_seeded_imp_losion_damage_and_summons; reports/card_quality_full_2026-09-27/gvg_probe.csv#existing_test_gvg_test_implosion; reports/card_quality_full_2026-09-27/gvg_probe.csv#existing_test_gvg_test_implosion_commanding_shout; reports/card_quality_full_2026-09-27/gvg_probe.csv#existing_test_gvg_test_implosion_divine_shield; per-card: reports/card_quality_full_2026-09-27/gvg_probe.csv#GVG_045_seeded_imp_losion_damage_and_summons; reports/card_quality_full_2026-09-27/gvg_probe.csv#existing_test_gvg_test_implosion; reports/card_quality_full_2026-09-27/gvg_probe.csv#existing_test_gvg_test_implosion_commanding_shout; reports/card_quality_full_2026-09-27/gvg_probe.csv#existing_test_gvg_test_implosion_divine_shield,聚合状态取该卡最差机制；普通烟测只证明可执行，不能单独构成 GREEN。 Imp-losion; direct evidence=GVG_045_seeded_imp_losion_damage_and_summons; source=fireplace/cards/gvg/warlock.py:64,Deal $2-$4 damage to a minion. Summon a 1/1 Imp for each damage dealt.,对一个随从造成$2-$4点伤害。每造成1点伤害，便召唤一个1/1的小鬼。,fireplace/cards/gvg/warlock.py:64
17.6.0.53261,Goblins vs Gnomes (GVG),GVG_046,King of Beasts,百兽之王,Battlecry|Taunt,RED,partial,yes,"实测与卡牌文本不符：预期“King of Beasts gains +1 Attack for each other friendly Beast, excluding itself”；实得“with_without_beast=[(False, None, 3, 6, 2), (True, 'CS2_172', 4, 6, 3)]”。",card_mechanism.csv#GVG_046; generic-play-smoke:played; effect-evidence: reports/card_quality_full_2026-09-27/gvg_probe.csv#GVG_046_other_beast_attack_count; per-card: reports/card_quality_full_2026-09-27/gvg_probe.csv#GVG_046_other_beast_attack_count,聚合状态取该卡最差机制；普通烟测只证明可执行，不能单独构成 GREEN。 King of Beasts; direct evidence=GVG_046_other_beast_attack_count; source=fireplace/cards/gvg/hunter.py:8,Taunt. Battlecry: Gain +1 Attack for each other Beast you have.,嘲讽，战吼：你每控制一个其他野兽，便获得+1攻击力。,fireplace/cards/gvg/hunter.py:8
17.6.0.53261,Goblins vs Gnomes (GVG),GVG_047,Sabotage,暗中破坏,Combo|Random effects|Spell resolution,GREEN,implemented,yes,"本轮定向实测已通过，观测：noncombo_seeds=[(['CS2_200'], 1, <Zone.GRAVEYARD: 4>), (['CS2_033'], 1, <Zone.GRAVEYARD: 4>), (['CS2_033'], 1, <Zone.GRAVEYARD: 4>), (['CS2_033'], 1, <Zone.GRAVEYARD: 4>), (['CS2_033'], 1, <Zone.GRAVEYARD: 4>), (['CS2_200'], 1, <Zone.GRAVEYARD: 4>), (['CS2_033'], 1, <Zone.GRAVEYARD: 4>), (['CS2_200'], 1, <Zone.GRAVEYARD: 4>)]; both_minion_recipients_seen=[0, 1]; combo_dead_minions=1; combo_weapon=None；本卡完整机制范围已在对应用例覆盖。",card_mechanism.csv#GVG_047; generic-play-smoke:played; effect-evidence: reports/card_quality_full_2026-09-27/gvg_probe.csv#GVG_047_random_minion_and_combo_weapon_destroy; reports/card_quality_full_2026-09-27/gvg_probe.csv#existing_test_gvg_test_sabotage; per-card: reports/card_quality_full_2026-09-27/gvg_probe.csv#GVG_047_random_minion_and_combo_weapon_destroy; reports/card_quality_full_2026-09-27/gvg_probe.csv#existing_test_gvg_test_sabotage,聚合状态取该卡最差机制；普通烟测只证明可执行，不能单独构成 GREEN。 Sabotage; direct evidence=GVG_047_random_minion_and_combo_weapon_destroy; source=fireplace/cards/gvg/rogue.py:68,Destroy a random enemy minion. Combo: And your opponent's weapon.,随机消灭一个敌方随从，连击：并且摧毁你对手的武器。,fireplace/cards/gvg/rogue.py:68
17.6.0.53261,Goblins vs Gnomes (GVG),GVG_048,Metaltooth Leaper,金刚刃牙兽,Battlecry,RED,partial,yes,"实测与卡牌文本不符：预期“Battlecry gives every other friendly Mech +2 Attack and leaves non-Mechs unchanged”；实得“seeded_mech_wisp_leaper_deltas=[([0, 2], 0, 3), ([2, 0], 0, 3), ([2, 0], 0, 3), ([2, 0], 0, 3), ([2, 0], 0, 3), ([0, 2], 0, 3), ([2, 0], 0, 3), ([0, 2], 0, 3), ([2, 0], 0, 3), ([0, 2], 0, 3), ([2, 0], 0, 3), ([0, 2], 0, 3)]”。",card_mechanism.csv#GVG_048; generic-play-smoke:played; effect-evidence: reports/card_quality_full_2026-09-27/gvg_probe.csv#GVG_048_battlecry_all_other_friendly_mechs; reports/card_quality_full_2026-09-27/gvg_probe.csv#existing_test_gvg_test_metaltooth_leaper; per-card: reports/card_quality_full_2026-09-27/gvg_probe.csv#GVG_048_battlecry_all_other_friendly_mechs; reports/card_quality_full_2026-09-27/gvg_probe.csv#existing_test_gvg_test_metaltooth_leaper,聚合状态取该卡最差机制；普通烟测只证明可执行，不能单独构成 GREEN。 Metaltooth Leaper; direct evidence=GVG_048_battlecry_all_other_friendly_mechs; source=fireplace/cards/gvg/hunter.py:17,Battlecry: Give your other Mechs +2 Attack.,战吼：使你的其他机械获得+2攻击力。,fireplace/cards/gvg/hunter.py:17
17.6.0.53261,Goblins vs Gnomes (GVG),GVG_049,Gahz'rilla,加兹瑞拉,Trigger,GREEN,implemented,yes,本轮定向实测已通过，观测：attack=6->12->24; health=7; zone=1；本卡完整机制范围已在对应用例覆盖。,card_mechanism.csv#GVG_049; generic-play-smoke:played; effect-evidence: reports/card_quality_full_2026-09-27/gvg_probe.csv#GVG_049_each_damage_event_doubles_attack; reports/card_quality_full_2026-09-27/gvg_probe.csv#existing_test_gvg_test_gahzrilla; per-card: reports/card_quality_full_2026-09-27/gvg_probe.csv#GVG_049_each_damage_event_doubles_attack; reports/card_quality_full_2026-09-27/gvg_probe.csv#existing_test_gvg_test_gahzrilla,聚合状态取该卡最差机制；普通烟测只证明可执行，不能单独构成 GREEN。 Gahz'rilla; direct evidence=GVG_049_each_damage_event_doubles_attack; source=fireplace/cards/gvg/hunter.py:26,"Whenever this minion takes damage, double its Attack.",每当该随从受到伤害，便使其攻击力 翻倍。,fireplace/cards/gvg/hunter.py:26
17.6.0.53261,Goblins vs Gnomes (GVG),GVG_050,Bouncing Blade,弹射之刃,Random effects|Spell resolution|Targeting,GREEN,implemented,yes,"本轮定向实测已通过，观测：seeded=[(['GVG_093'], [('CS2_231', 1, <Zone.PLAY: 1>), ('GVG_093', 2, <Zone.GRAVEYARD: 4>)]), (['CS2_231'], [('CS2_231', 1, <Zone.GRAVEYARD: 4>), ('GVG_093', 2, <Zone.PLAY: 1>)]), (['CS2_231'], [('CS2_231', 1, <Zone.GRAVEYARD: 4>), ('GVG_093', 2, <Zone.PLAY: 1>)]), (['CS2_231'], [('CS2_231', 1, <Zone.GRAVEYARD: 4>), ('GVG_093', 2, <Zone.PLAY: 1>)]), (['CS2_231'], [('CS2_231', 1, <Zone.GRAVEYARD: 4>), ('GVG_093', 2, <Zone.PLAY: 1>)]), (['GVG_093'], [('CS2_231', 1, <Zone.PLAY: 1>), ('GVG_093', 2, <Zone.GRAVEYARD: 4>)]), (['CS2_231'], [('CS2_231', 1, <Zone.GRAVEYARD: 4>), ('GVG_093', 2, <Zone.PLAY: 1>)]), (['CS2_231'], [('CS2_231', 1, <Zone.GRAVEYARD: 4>), ('GVG_093', 1, <Zone.PLAY: 1>)])]；本卡完整机制范围已在对应用例覆盖。",card_mechanism.csv#GVG_050; generic-play-smoke:played; effect-evidence: reports/card_quality_full_2026-09-27/gvg_probe.csv#GVG_050_seeded_repeat_until_death; reports/card_quality_full_2026-09-27/gvg_probe.csv#existing_test_gvg_test_bouncing_blade; reports/card_quality_full_2026-09-27/gvg_probe.csv#existing_test_gvg_test_bouncing_blade_commanding_shout; per-card: reports/card_quality_full_2026-09-27/gvg_probe.csv#GVG_050_seeded_repeat_until_death; reports/card_quality_full_2026-09-27/gvg_probe.csv#existing_test_gvg_test_bouncing_blade; reports/card_quality_full_2026-09-27/gvg_probe.csv#existing_test_gvg_test_bouncing_blade_commanding_shout,聚合状态取该卡最差机制；普通烟测只证明可执行，不能单独构成 GREEN。 Bouncing Blade; direct evidence=GVG_050_seeded_repeat_until_death; source=fireplace/cards/gvg/warrior.py:64,Deal $1 damage to a random minion. Repeat until a minion dies.,随机对一个随从造成$1点伤害。重复此效果，直到某个随从死亡。,fireplace/cards/gvg/warrior.py:64
17.6.0.53261,Goblins vs Gnomes (GVG),GVG_051,Warbot,战斗机器人,Unclassified effect,GREEN,implemented,yes,本轮定向实测已通过，观测：health=2; atk_delta=1；本卡完整机制范围已在对应用例覆盖。,card_mechanism.csv#GVG_051; generic-play-smoke:played; effect-evidence: reports/card_quality_full_2026-09-27/gvg_probe.csv#GVG_051_enrage; per-card: reports/card_quality_full_2026-09-27/gvg_probe.csv#GVG_051_enrage,聚合状态取该卡最差机制；普通烟测只证明可执行，不能单独构成 GREEN。 Warbot; direct evidence=GVG_051_enrage; source=fireplace/cards/gvg/warrior.py:8,Has +1 Attack while damaged.,受伤时具有+1攻 击力。,fireplace/cards/gvg/warrior.py:8
17.6.0.53261,Goblins vs Gnomes (GVG),GVG_052,Crush,重碾,Cost modification|Spell resolution|Targeting,YELLOW,implemented,partial,本轮定向实测观测：cost=7->3; target=CS2_200/4; ally_damage=1；未决点：已验证有受伤友方随从时减费4且目标被消灭；无受伤友方随从时应维持原费用的条件分支尚未测。,card_mechanism.csv#GVG_052; generic-play-smoke:played; per-card: reports/card_quality_full_2026-09-27/gvg_probe.csv#GVG_052_damaged_minion_cost_and_destroy; reports/card_quality_full_2026-09-27/gvg_probe.csv#existing_test_gvg_test_crush,聚合状态取该卡最差机制；普通烟测只证明可执行，不能单独构成 GREEN。 Crush; direct evidence=GVG_052_damaged_minion_cost_and_destroy; source=fireplace/cards/gvg/warrior.py:73,"Destroy a minion. If you have a damaged minion, this costs (4) less.",消灭一个随从。如果你控制任何受伤的随从，该法术的法力值消耗减少（4）点。,fireplace/cards/gvg/warrior.py:73
17.6.0.53261,Goblins vs Gnomes (GVG),GVG_053,Shieldmaiden,盾甲侍女,Battlecry,GREEN,implemented,yes,本轮定向实测已通过，观测：armor=5; minion=5/5；本卡完整机制范围已在对应用例覆盖。,card_mechanism.csv#GVG_053; generic-play-smoke:played; effect-evidence: reports/card_quality_full_2026-09-27/gvg_probe.csv#GVG_053_armor_battlecry; per-card: reports/card_quality_full_2026-09-27/gvg_probe.csv#GVG_053_armor_battlecry,聚合状态取该卡最差机制；普通烟测只证明可执行，不能单独构成 GREEN。 Shieldmaiden; direct evidence=GVG_053_armor_battlecry; source=fireplace/cards/gvg/warrior.py:17,Battlecry: Gain 5 Armor.,战吼： 获得5点护甲值。,fireplace/cards/gvg/warrior.py:17
17.6.0.53261,Goblins vs Gnomes (GVG),GVG_054,Ogre Warmaul,食人魔战槌,Trigger|Weapon,RED,partial,yes,"实测与卡牌文本不符：预期“equips 4/2 weapon; seeded hero attacks show both the declared hero target and a redirected enemy minion”；实得“weapon=GVG_054; atk=4; durability=2; direct=128; redirected=0; trials=128; sample=[(True, False), (True, False), (True, False), (True, False), (True, False), (True, False), (True, False), (True, False), (True, False), (True, False), (True, False), (True, False), (True, False), (True, False), (True, False), (True, False)]”。",card_mechanism.csv#GVG_054; generic-play-smoke:played; effect-evidence: reports/card_quality_full_2026-09-27/gvg_probe.csv#GVG_054_weapon_forgetful_combat; per-card: reports/card_quality_full_2026-09-27/gvg_probe.csv#GVG_054_weapon_forgetful_combat,聚合状态取该卡最差机制；普通烟测只证明可执行，不能单独构成 GREEN。 Ogre Warmaul; direct evidence=GVG_054_weapon_forgetful_combat; source=fireplace/cards/gvg/warrior.py:85,50% chance to attack the wrong enemy.,50%几率攻击错误的敌人。,fireplace/cards/gvg/warrior.py:85
17.6.0.53261,Goblins vs Gnomes (GVG),GVG_055,Screwjank Clunker,废旧螺栓机甲,Battlecry|Targeting,GREEN,implemented,yes,"本轮定向实测已通过，观测：before=(2, 1); after=4/3; zone=1；本卡完整机制范围已在对应用例覆盖。",card_mechanism.csv#GVG_055; generic-play-smoke:played; effect-evidence: reports/card_quality_full_2026-09-27/gvg_probe.csv#GVG_055_battlecry_friendly_mech_buff; reports/card_quality_full_2026-09-27/gvg_probe.csv#existing_test_gvg_test_screwjank_clunker; per-card: reports/card_quality_full_2026-09-27/gvg_probe.csv#GVG_055_battlecry_friendly_mech_buff; reports/card_quality_full_2026-09-27/gvg_probe.csv#existing_test_gvg_test_screwjank_clunker,聚合状态取该卡最差机制；普通烟测只证明可执行，不能单独构成 GREEN。 Screwjank Clunker; direct evidence=GVG_055_battlecry_friendly_mech_buff; source=fireplace/cards/gvg/warrior.py:23,Battlecry: Give a friendly Mech +2/+2.,战吼：使一个友方机械获得+2/+2。,fireplace/cards/gvg/warrior.py:23
17.6.0.53261,Goblins vs Gnomes (GVG),GVG_056,Iron Juggernaut,钢铁战蝎,Battlecry|Trigger,GREEN,implemented,yes,本轮定向实测已通过，观测：juggernaut=1; mines_before_draw=1; hero=30->20; mine_zones=[<Zone.GRAVEYARD: 4>]; opponent_deck=[]；本卡完整机制范围已在对应用例覆盖。,card_mechanism.csv#GVG_056; generic-play-smoke:played; effect-evidence: reports/card_quality_full_2026-09-27/gvg_probe.csv#GVG_056_mine_shuffle_and_draw_trigger; reports/card_quality_full_2026-09-27/gvg_probe.csv#existing_test_gvg_test_iron_juggernaut; per-card: reports/card_quality_full_2026-09-27/gvg_probe.csv#GVG_056_mine_shuffle_and_draw_trigger; reports/card_quality_full_2026-09-27/gvg_probe.csv#existing_test_gvg_test_iron_juggernaut,聚合状态取该卡最差机制；普通烟测只证明可执行，不能单独构成 GREEN。 Iron Juggernaut; direct evidence=GVG_056_mine_shuffle_and_draw_trigger; source=fireplace/cards/gvg/warrior.py:38,"Battlecry: Shuffle a Mine into your opponent's deck. When drawn, it explodes for 10 damage.",战吼：将一张“地雷” 牌洗入你对手的牌库。当玩家抽到“地雷”时，便会受到10点伤害。,fireplace/cards/gvg/warrior.py:38
17.6.0.53261,Goblins vs Gnomes (GVG),GVG_057,Seal of Light,光明圣印,Spell resolution,GREEN,implemented,yes,本轮定向实测已通过，观测：health=22->26; attack=0->2->end_turn:0；本卡完整机制范围已在对应用例覆盖。,card_mechanism.csv#GVG_057; generic-play-smoke:played; effect-evidence: reports/card_quality_full_2026-09-27/gvg_probe.csv#GVG_057_heal_and_temporary_attack; per-card: reports/card_quality_full_2026-09-27/gvg_probe.csv#GVG_057_heal_and_temporary_attack,聚合状态取该卡最差机制；普通烟测只证明可执行，不能单独构成 GREEN。 Seal of Light; direct evidence=GVG_057_heal_and_temporary_attack; source=fireplace/cards/gvg/paladin.py:43,Restore #4 Health to your hero and gain +2 Attack this turn.,为你的英雄恢复#4点生命值，并在本回合中 获得+2攻击力。,fireplace/cards/gvg/paladin.py:43
17.6.0.53261,Goblins vs Gnomes (GVG),GVG_058,Shielded Minibot,护盾机器人,Divine Shield,GREEN,implemented,yes,本轮定向实测已通过，观测：shield=False; health=2; zone=1；本卡完整机制范围已在对应用例覆盖。,card_mechanism.csv#GVG_058; generic-play-smoke:played; effect-evidence: reports/card_quality_full_2026-09-27/gvg_probe.csv#GVG_058_divine_shield_blocks_damage; per-card: reports/card_quality_full_2026-09-27/gvg_probe.csv#GVG_058_divine_shield_blocks_damage,聚合状态取该卡最差机制；普通烟测只证明可执行，不能单独构成 GREEN。 Shielded Minibot; direct evidence=GVG_058_divine_shield_blocks_damage; source=CardDefs.xml,Divine Shield,圣盾,
17.6.0.53261,Goblins vs Gnomes (GVG),GVG_059,Coghammer,齿轮光锤,Battlecry|Random effects|Weapon,YELLOW,implemented,partial,"本轮定向实测观测：weapon=GVG_059; tagged=['CS2_231']; states=[(True, True), (1, False)]；未决点：武器已装备且一名候选获得嘲讽与圣盾；随机受益者只采到一名，另一友方随从分支尚未观察。",card_mechanism.csv#GVG_059; generic-play-smoke:played; per-card: reports/card_quality_full_2026-09-27/gvg_probe.csv#GVG_059_random_taunt_shield,聚合状态取该卡最差机制；普通烟测只证明可执行，不能单独构成 GREEN。 Coghammer; direct evidence=GVG_059_random_taunt_shield; source=fireplace/cards/gvg/paladin.py:62,Battlecry: Give a random friendly minion Divine Shield and Taunt.,战吼：随机使一个友方随从获得圣盾和嘲讽。,fireplace/cards/gvg/paladin.py:62
17.6.0.53261,Goblins vs Gnomes (GVG),GVG_060,Quartermaster,军需官,Battlecry,GREEN,implemented,yes,"本轮定向实测已通过，观测：recruits=[(3, 3), (3, 3)]; wisp=1/1；本卡完整机制范围已在对应用例覆盖。",card_mechanism.csv#GVG_060; generic-play-smoke:played; effect-evidence: reports/card_quality_full_2026-09-27/gvg_probe.csv#GVG_060_recruits_buff_only; per-card: reports/card_quality_full_2026-09-27/gvg_probe.csv#GVG_060_recruits_buff_only,聚合状态取该卡最差机制；普通烟测只证明可执行，不能单独构成 GREEN。 Quartermaster; direct evidence=GVG_060_recruits_buff_only; source=fireplace/cards/gvg/paladin.py:8,Battlecry: Give your Silver Hand Recruits +2/+2.,战吼：使你的白银之手新兵获得+2/+2。,fireplace/cards/gvg/paladin.py:8
17.6.0.53261,Goblins vs Gnomes (GVG),GVG_061,Muster for Battle,作战动员,Spell resolution|Summon,GREEN,implemented,yes,"本轮定向实测已通过，观测：recruits=3; weapon=('CS2_091', 1, 4)；本卡完整机制范围已在对应用例覆盖。",card_mechanism.csv#GVG_061; generic-play-smoke:played; effect-evidence: reports/card_quality_full_2026-09-27/gvg_probe.csv#GVG_061_recruits_and_weapon; per-card: reports/card_quality_full_2026-09-27/gvg_probe.csv#GVG_061_recruits_and_weapon,聚合状态取该卡最差机制；普通烟测只证明可执行，不能单独构成 GREEN。 Muster for Battle; direct evidence=GVG_061_recruits_and_weapon; source=fireplace/cards/gvg/paladin.py:52,Summon three 1/1 Silver Hand Recruits. Equip a 1/4 Weapon.,召唤三个1/1的白银之手新兵，装备一把1/4的武器。,fireplace/cards/gvg/paladin.py:52
17.6.0.53261,Goblins vs Gnomes (GVG),GVG_062,Cobalt Guardian,钴制卫士,Summon|Trigger,GREEN,implemented,yes,本轮定向实测已通过，观测：shield=False->True->moonfire:False->second_mech:True; guardian=1；本卡完整机制范围已在对应用例覆盖。,card_mechanism.csv#GVG_062; generic-play-smoke:played; effect-evidence: reports/card_quality_full_2026-09-27/gvg_probe.csv#GVG_062_mech_summon_grants_divine_shield; reports/card_quality_full_2026-09-27/gvg_probe.csv#existing_test_gvg_test_cobalt_guardian; per-card: reports/card_quality_full_2026-09-27/gvg_probe.csv#GVG_062_mech_summon_grants_divine_shield; reports/card_quality_full_2026-09-27/gvg_probe.csv#existing_test_gvg_test_cobalt_guardian,聚合状态取该卡最差机制；普通烟测只证明可执行，不能单独构成 GREEN。 Cobalt Guardian; direct evidence=GVG_062_mech_summon_grants_divine_shield; source=fireplace/cards/gvg/paladin.py:17,"Whenever you summon a Mech, gain Divine Shield.",每当你召唤一个机械，便获得圣盾。,fireplace/cards/gvg/paladin.py:17
17.6.0.53261,Goblins vs Gnomes (GVG),GVG_063,Bolvar Fordragon,伯瓦尔·弗塔根,Trigger,GREEN,implemented,yes,本轮定向实测已通过，观测：attack=1->2->3; deaths=4/4; bolvar_zone=3；本卡完整机制范围已在对应用例覆盖。,card_mechanism.csv#GVG_063; generic-play-smoke:played; effect-evidence: reports/card_quality_full_2026-09-27/gvg_probe.csv#GVG_063_friendly_deaths_buff_in_hand; reports/card_quality_full_2026-09-27/gvg_probe.csv#existing_test_gvg_test_bolvar_fordragon; reports/card_quality_full_2026-09-27/gvg_probe.csv#existing_test_secrets_test_mirror_entity_bolvar; per-card: reports/card_quality_full_2026-09-27/gvg_probe.csv#GVG_063_friendly_deaths_buff_in_hand; reports/card_quality_full_2026-09-27/gvg_probe.csv#existing_test_gvg_test_bolvar_fordragon; reports/card_quality_full_2026-09-27/gvg_probe.csv#existing_test_secrets_test_mirror_entity_bolvar,聚合状态取该卡最差机制；普通烟测只证明可执行，不能单独构成 GREEN。 Bolvar Fordragon; direct evidence=GVG_063_friendly_deaths_buff_in_hand; source=fireplace/cards/gvg/paladin.py:23,"Whenever a friendly minion dies while this is in your hand, gain +1 Attack.",如果这张牌在你的手牌中，每当一个友方随从死亡，便获得+1攻击力。,fireplace/cards/gvg/paladin.py:23
17.6.0.53261,Goblins vs Gnomes (GVG),GVG_065,Ogre Brute,食人魔步兵,Trigger,GREEN,implemented,yes,"本轮定向实测已通过，观测：stats=4/4; direct=18; redirected=14; samples=[(False, True), (True, False), (True, False), (True, False), (True, False), (False, True), (True, False), (False, True), (True, False), (False, True), (True, False), (False, True), (False, True), (False, True), (True, False), (True, False), (False, True), (False, True), (True, False), (True, False), (True, False), (True, False), (True, False), (False, True), (False, True), (False, True), (True, False), (False, True), (True, False), (True, False), (False, True), (True, False)]；本卡完整机制范围已在对应用例覆盖。",card_mechanism.csv#GVG_065; generic-play-smoke:played; effect-evidence: reports/card_quality_full_2026-09-27/gvg_probe.csv#GVG_065_forgetful_combat; per-card: reports/card_quality_full_2026-09-27/gvg_probe.csv#GVG_065_forgetful_combat,聚合状态取该卡最差机制；普通烟测只证明可执行，不能单独构成 GREEN。 Ogre Brute; direct evidence=GVG_065_forgetful_combat; source=fireplace/cards/gvg/neutral_common.py:20,50% chance to attack the wrong enemy.,50%几率攻击错误的敌人。,fireplace/cards/gvg/neutral_common.py:20
17.6.0.53261,Goblins vs Gnomes (GVG),GVG_066,Dunemaul Shaman,砂槌萨满祭司,Overload|Trigger|Windfury,GREEN,implemented,yes,"本轮定向实测已通过，观测：windfury=1; overload=1; direct=18; redirected=14; samples=[(False, True), (True, False), (True, False), (True, False), (True, False), (False, True), (True, False), (False, True), (True, False), (False, True), (True, False), (False, True), (False, True), (False, True), (True, False), (True, False), (False, True), (False, True), (True, False), (True, False), (True, False), (True, False), (True, False), (False, True), (False, True), (False, True), (True, False), (False, True), (True, False), (True, False), (False, True), (True, False)]；本卡完整机制范围已在对应用例覆盖。",card_mechanism.csv#GVG_066; generic-play-smoke:played; effect-evidence: reports/card_quality_full_2026-09-27/gvg_probe.csv#GVG_066_windfury_overload_forgetful_combat; per-card: reports/card_quality_full_2026-09-27/gvg_probe.csv#GVG_066_windfury_overload_forgetful_combat,聚合状态取该卡最差机制；普通烟测只证明可执行，不能单独构成 GREEN。 Dunemaul Shaman; direct evidence=GVG_066_windfury_overload_forgetful_combat; source=fireplace/cards/gvg/shaman.py:26,"Windfury, Overload: (1) 50% chance to attack the wrong enemy.",风怒，过载：（1） 50%几率攻击错误的敌人。,fireplace/cards/gvg/shaman.py:26
17.6.0.53261,Goblins vs Gnomes (GVG),GVG_067,Stonesplinter Trogg,碎石穴居人,Trigger,GREEN,implemented,yes,本轮定向实测已通过，观测：before=2; after=3；本卡完整机制范围已在对应用例覆盖。,card_mechanism.csv#GVG_067; generic-play-smoke:played; effect-evidence: reports/card_quality_full_2026-09-27/gvg_probe.csv#GVG_067_opponent_spell_trigger; per-card: reports/card_quality_full_2026-09-27/gvg_probe.csv#GVG_067_opponent_spell_trigger,聚合状态取该卡最差机制；普通烟测只证明可执行，不能单独构成 GREEN。 Stonesplinter Trogg; direct evidence=GVG_067_opponent_spell_trigger; source=fireplace/cards/gvg/neutral_common.py:26,"Whenever your opponent casts a spell, gain +1 Attack.",每当你的对手施放一个法术，便获得+1攻击力。,fireplace/cards/gvg/neutral_common.py:26
17.6.0.53261,Goblins vs Gnomes (GVG),GVG_068,Burly Rockjaw Trogg,石腭穴居人壮汉,Trigger,GREEN,implemented,yes,本轮定向实测已通过，观测：before=3; after=5；本卡完整机制范围已在对应用例覆盖。,card_mechanism.csv#GVG_068; generic-play-smoke:played; effect-evidence: reports/card_quality_full_2026-09-27/gvg_probe.csv#GVG_068_opponent_spell_trigger; per-card: reports/card_quality_full_2026-09-27/gvg_probe.csv#GVG_068_opponent_spell_trigger,聚合状态取该卡最差机制；普通烟测只证明可执行，不能单独构成 GREEN。 Burly Rockjaw Trogg; direct evidence=GVG_068_opponent_spell_trigger; source=fireplace/cards/gvg/neutral_common.py:35,"Whenever your opponent casts a spell, gain +2 Attack.",每当你的对手施放一个法术，获得 +2攻击力。,fireplace/cards/gvg/neutral_common.py:35
17.6.0.53261,Goblins vs Gnomes (GVG),GVG_069,Antique Healbot,老式治疗机器人,Battlecry,GREEN,implemented,yes,本轮定向实测已通过，观测：health=28；本卡完整机制范围已在对应用例覆盖。,card_mechanism.csv#GVG_069; generic-play-smoke:played; effect-evidence: reports/card_quality_full_2026-09-27/gvg_probe.csv#GVG_069_heal_battlecry; per-card: reports/card_quality_full_2026-09-27/gvg_probe.csv#GVG_069_heal_battlecry,聚合状态取该卡最差机制；普通烟测只证明可执行，不能单独构成 GREEN。 Antique Healbot; direct evidence=GVG_069_heal_battlecry; source=fireplace/cards/gvg/neutral_common.py:44,Battlecry: Restore #8 Health to your hero.,战吼：为你的英雄恢复#8点生命值。,fireplace/cards/gvg/neutral_common.py:44
17.6.0.53261,Goblins vs Gnomes (GVG),GVG_072,Shadowboxer,暗影打击装甲,Random effects|Trigger,GREEN,implemented,yes,"本轮定向实测已通过，观测：seeded=[(6, [1, 0], 0, <Zone.PLAY: 1>), (6, [0, 0], 1, <Zone.PLAY: 1>), (6, [0, 0], 1, <Zone.PLAY: 1>), (6, [0, 0], 1, <Zone.PLAY: 1>), (6, [0, 0], 1, <Zone.PLAY: 1>), (6, [0, 1], 0, <Zone.PLAY: 1>), (6, [0, 1], 0, <Zone.PLAY: 1>), (6, [1, 0], 0, <Zone.PLAY: 1>), (6, [0, 0], 1, <Zone.PLAY: 1>), (6, [1, 0], 0, <Zone.PLAY: 1>), (6, [0, 1], 0, <Zone.PLAY: 1>), (6, [1, 0], 0, <Zone.PLAY: 1>)]; recipient_kinds_seen=['enemy_hero', 'enemy_minion_1', 'enemy_minion_2']；本卡完整机制范围已在对应用例覆盖。",card_mechanism.csv#GVG_072; generic-play-smoke:played; effect-evidence: reports/card_quality_full_2026-09-27/gvg_probe.csv#GVG_072_heal_trigger_random_enemy_damage; reports/card_quality_full_2026-09-27/gvg_probe.csv#existing_test_misc_test_event_queue_heal; per-card: reports/card_quality_full_2026-09-27/gvg_probe.csv#GVG_072_heal_trigger_random_enemy_damage; reports/card_quality_full_2026-09-27/gvg_probe.csv#existing_test_misc_test_event_queue_heal,聚合状态取该卡最差机制；普通烟测只证明可执行，不能单独构成 GREEN。 Shadowboxer; direct evidence=GVG_072_heal_trigger_random_enemy_damage; source=fireplace/cards/gvg/priest.py:35,"Whenever a minion is healed, deal 1 damage to a random enemy.",每当一个随从获得治疗，便随机对一个敌人造成1点伤害。,fireplace/cards/gvg/priest.py:35
17.6.0.53261,Goblins vs Gnomes (GVG),GVG_073,Cobra Shot,眼镜蛇射击,Spell resolution|Targeting,GREEN,implemented,yes,本轮定向实测已通过，观测：target_health=2; target_damage=3; enemy_hero=27；本卡完整机制范围已在对应用例覆盖。,card_mechanism.csv#GVG_073; generic-play-smoke:played; effect-evidence: reports/card_quality_full_2026-09-27/gvg_probe.csv#GVG_073_minion_and_hero_damage; per-card: reports/card_quality_full_2026-09-27/gvg_probe.csv#GVG_073_minion_and_hero_damage,聚合状态取该卡最差机制；普通烟测只证明可执行，不能单独构成 GREEN。 Cobra Shot; direct evidence=GVG_073_minion_and_hero_damage; source=fireplace/cards/gvg/hunter.py:68,Deal $3 damage to a minion and the enemy hero.,对一个随从和敌方英雄造成$3点伤害。,fireplace/cards/gvg/hunter.py:68
17.6.0.53261,Goblins vs Gnomes (GVG),GVG_074,Kezan Mystic,科赞秘术师,Battlecry|Random effects,GREEN,implemented,yes,"本轮定向实测已通过，观测：seeded=[(['tt_010'], ['EX1_287'], <Zone.PLAY: 1>), (['EX1_287'], ['tt_010'], <Zone.PLAY: 1>), (['EX1_287'], ['tt_010'], <Zone.PLAY: 1>), (['EX1_287'], ['tt_010'], <Zone.PLAY: 1>), (['EX1_287'], ['tt_010'], <Zone.PLAY: 1>), (['tt_010'], ['EX1_287'], <Zone.PLAY: 1>), (['EX1_287'], ['tt_010'], <Zone.PLAY: 1>), (['tt_010'], ['EX1_287'], <Zone.PLAY: 1>)]; identities_seen=['EX1_287', 'tt_010']；本卡完整机制范围已在对应用例覆盖。",card_mechanism.csv#GVG_074; generic-play-smoke:played; effect-evidence: reports/card_quality_full_2026-09-27/gvg_probe.csv#GVG_074_steal_one_seeded_random_enemy_secret; reports/card_quality_full_2026-09-27/gvg_probe.csv#existing_test_secrets_test_kezan_mystic; per-card: reports/card_quality_full_2026-09-27/gvg_probe.csv#GVG_074_steal_one_seeded_random_enemy_secret; reports/card_quality_full_2026-09-27/gvg_probe.csv#existing_test_secrets_test_kezan_mystic,聚合状态取该卡最差机制；普通烟测只证明可执行，不能单独构成 GREEN。 Kezan Mystic; direct evidence=GVG_074_steal_one_seeded_random_enemy_secret; source=fireplace/cards/gvg/neutral_rare.py:8,Battlecry: Take control of a random enemy Secret.,战吼：随机获得一个敌方奥秘的控制权。,fireplace/cards/gvg/neutral_rare.py:8
17.6.0.53261,Goblins vs Gnomes (GVG),GVG_075,Ship's Cannon,船载火炮,Random effects|Summon|Trigger,YELLOW,implemented,partial,"本轮定向实测观测：cannon=GVG_075; enemy_deltas=[0, 2]；未决点：召唤海盗后一次随机命中造成2伤；尚未跨种子观察另一敌方随从或敌方英雄作为受击对象。",card_mechanism.csv#GVG_075; generic-play-smoke:played; per-card: reports/card_quality_full_2026-09-27/gvg_probe.csv#GVG_075_pirate_summon,聚合状态取该卡最差机制；普通烟测只证明可执行，不能单独构成 GREEN。 Ship's Cannon; direct evidence=GVG_075_pirate_summon; source=fireplace/cards/gvg/neutral_common.py:50,"[x]After you summon a Pirate, deal 2 damage to a random enemy.",在你召唤一个海盗后，随机对一个敌人造成2点伤害。,fireplace/cards/gvg/neutral_common.py:50
17.6.0.53261,Goblins vs Gnomes (GVG),GVG_076,Explosive Sheep,自爆绵羊,Deathrattle,GREEN,implemented,yes,"本轮定向实测已通过，观测：sheep=4; low_health_zones=4/4; survivor_health=5/5; survivor_before=(7, 7); survivor_damage=2/2; heroes=30/30; remaining_friendly=['CS2_200']；本卡完整机制范围已在对应用例覆盖。",card_mechanism.csv#GVG_076; generic-play-smoke:played; effect-evidence: reports/card_quality_full_2026-09-27/gvg_probe.csv#GVG_076_deathrattle_all_minions_and_simultaneous_death; reports/card_quality_full_2026-09-27/gvg_probe.csv#existing_test_naxxramas_test_reincarnate_explosive_sheep; per-card: reports/card_quality_full_2026-09-27/gvg_probe.csv#GVG_076_deathrattle_all_minions_and_simultaneous_death; reports/card_quality_full_2026-09-27/gvg_probe.csv#existing_test_naxxramas_test_reincarnate_explosive_sheep,聚合状态取该卡最差机制；普通烟测只证明可执行，不能单独构成 GREEN。 Explosive Sheep; direct evidence=GVG_076_deathrattle_all_minions_and_simultaneous_death; source=fireplace/cards/gvg/neutral_common.py:56,Deathrattle: Deal 2 damage to all minions.,亡语：对所有随从造成2点伤害。,fireplace/cards/gvg/neutral_common.py:56
17.6.0.53261,Goblins vs Gnomes (GVG),GVG_077,Anima Golem,心能魔像,Trigger,GREEN,implemented,yes,本轮定向实测已通过，观测：alone=4; with_ally=1; ally=1; initial_board_golem=1；本卡完整机制范围已在对应用例覆盖。,card_mechanism.csv#GVG_077; generic-play-smoke:played; effect-evidence: reports/card_quality_full_2026-09-27/gvg_probe.csv#GVG_077_end_turn_only_minion_condition; reports/card_quality_full_2026-09-27/gvg_probe.csv#existing_test_gvg_test_anima_golem; per-card: reports/card_quality_full_2026-09-27/gvg_probe.csv#GVG_077_end_turn_only_minion_condition; reports/card_quality_full_2026-09-27/gvg_probe.csv#existing_test_gvg_test_anima_golem,聚合状态取该卡最差机制；普通烟测只证明可执行，不能单独构成 GREEN。 Anima Golem; direct evidence=GVG_077_end_turn_only_minion_condition; source=fireplace/cards/gvg/warlock.py:26,"At the end of each turn, destroy this minion if it's your only one.",在每个回合结束时，如果该随从是你唯一的随从，则消灭 该随从。,fireplace/cards/gvg/warlock.py:26
17.6.0.53261,Goblins vs Gnomes (GVG),GVG_078,Mechanical Yeti,机械雪人,Deathrattle|Random effects,YELLOW,implemented,partial,本轮定向实测观测：friendly_parts_added=1; enemy_parts_added=1; source=4；未决点：确认死亡后双方各获得1张备件；每侧本轮都只采到一个随机备件身份，备件池其他结果未覆盖。,card_mechanism.csv#GVG_078; generic-play-smoke:played; per-card: reports/card_quality_full_2026-09-27/gvg_probe.csv#GVG_078_deathrattle_both_players_spare_parts,聚合状态取该卡最差机制；普通烟测只证明可执行，不能单独构成 GREEN。 Mechanical Yeti; direct evidence=GVG_078_deathrattle_both_players_spare_parts; source=fireplace/cards/gvg/neutral_common.py:62,Deathrattle: Give each player a Spare Part.,亡语：使每个玩家获得一个零件。,fireplace/cards/gvg/neutral_common.py:62
17.6.0.53261,Goblins vs Gnomes (GVG),GVG_079,Force-Tank MAX,强袭坦克,Divine Shield,GREEN,implemented,yes,本轮定向实测已通过，观测：shield=1; stats=7/7；本卡完整机制范围已在对应用例覆盖。,card_mechanism.csv#GVG_079; generic-play-smoke:played; effect-evidence: reports/card_quality_full_2026-09-27/gvg_probe.csv#GVG_079_divine_shield; per-card: reports/card_quality_full_2026-09-27/gvg_probe.csv#GVG_079_divine_shield,聚合状态取该卡最差机制；普通烟测只证明可执行，不能单独构成 GREEN。 Force-Tank MAX; direct evidence=GVG_079_divine_shield; source=CardDefs.xml,Divine Shield,圣盾,
17.6.0.53261,Goblins vs Gnomes (GVG),GVG_080,Druid of the Fang,尖牙德鲁伊,Battlecry|Transform,GREEN,implemented,yes,"本轮定向实测已通过，观测：beast=None; played=('GVG_080', 4, 4, <Zone.PLAY: 1>); final=('GVG_080', 4, 4, <Zone.PLAY: 1>); board=['GVG_080']；本卡完整机制范围已在对应用例覆盖。",card_mechanism.csv#GVG_080; generic-play-smoke:played; effect-evidence: reports/card_quality_full_2026-09-27/gvg_probe.csv#GVG_080_no_beast_stays_base; reports/card_quality_full_2026-09-27/gvg_probe.csv#GVG_080_beast_transforms_to_7_7; reports/card_quality_full_2026-09-27/gvg_probe.csv#existing_test_gvg_test_druid_of_the_fang; per-card: reports/card_quality_full_2026-09-27/gvg_probe.csv#GVG_080_no_beast_stays_base; reports/card_quality_full_2026-09-27/gvg_probe.csv#GVG_080_beast_transforms_to_7_7; reports/card_quality_full_2026-09-27/gvg_probe.csv#existing_test_gvg_test_druid_of_the_fang,聚合状态取该卡最差机制；普通烟测只证明可执行，不能单独构成 GREEN。 Druid of the Fang; direct evidence=GVG_080_no_beast_stays_base; GVG_080_beast_transforms_to_7_7; source=fireplace/cards/gvg/druid.py:56,"Battlecry: If you have a Beast, transform this minion into a 7/7.",战吼：如果你控制任何野兽，将该随从变形成为7/7。,fireplace/cards/gvg/druid.py:56
17.6.0.53261,Goblins vs Gnomes (GVG),GVG_081,Gilblin Stalker,海地精猎手,Stealth,GREEN,implemented,yes,本轮定向实测已通过，观测：stealth_tag=1; stats=2/3；本卡完整机制范围已在对应用例覆盖。,card_mechanism.csv#GVG_081; generic-play-smoke:played; effect-evidence: reports/card_quality_full_2026-09-27/gvg_probe.csv#GVG_081_stealth; per-card: reports/card_quality_full_2026-09-27/gvg_probe.csv#GVG_081_stealth,聚合状态取该卡最差机制；普通烟测只证明可执行，不能单独构成 GREEN。 Gilblin Stalker; direct evidence=GVG_081_stealth; source=CardDefs.xml,Stealth,潜行,
17.6.0.53261,Goblins vs Gnomes (GVG),GVG_082,Clockwork Gnome,发条侏儒,Deathrattle|Random effects,YELLOW,implemented,partial,本轮定向实测观测：gnome=4; spare_parts=['PART_007']; before_count=0；未决点：确认Clockwork Gnome死亡加入1张备件；随机备件身份只采到PART_007，其他备件结果未抽样。,card_mechanism.csv#GVG_082; generic-play-smoke:played; per-card: reports/card_quality_full_2026-09-27/gvg_probe.csv#GVG_082_deathrattle_spare_part; reports/card_quality_full_2026-09-27/gvg_probe.csv#existing_test_gvg_test_goblin_blastmage; reports/card_quality_full_2026-09-27/gvg_probe.csv#existing_test_gvg_test_mechwarper,聚合状态取该卡最差机制；普通烟测只证明可执行，不能单独构成 GREEN。 Clockwork Gnome; direct evidence=GVG_082_deathrattle_spare_part; source=fireplace/cards/gvg/neutral_common.py:68,Deathrattle: Add a Spare Part card to your hand.,亡语：将一张零件牌置入你的手牌。,fireplace/cards/gvg/neutral_common.py:68
17.6.0.53261,Goblins vs Gnomes (GVG),GVG_083,Upgraded Repair Bot,高级修理机器人,Battlecry|Targeting,GREEN,implemented,yes,"本轮定向实测已通过，观测：legal_targets=['GVG_082']; target_gate=True; before=(1, 1); mech=2/5; friendly_nonmech=1/1; enemy_mech=2/1；本卡完整机制范围已在对应用例覆盖。",card_mechanism.csv#GVG_083; generic-play-smoke:played; effect-evidence: reports/card_quality_full_2026-09-27/gvg_probe.csv#GVG_083_mech_target_gate_and_health_buff; per-card: reports/card_quality_full_2026-09-27/gvg_probe.csv#GVG_083_mech_target_gate_and_health_buff,聚合状态取该卡最差机制；普通烟测只证明可执行，不能单独构成 GREEN。 Upgraded Repair Bot; direct evidence=GVG_083_mech_target_gate_and_health_buff; source=fireplace/cards/gvg/priest.py:41,Battlecry: Give a friendly Mech +4 Health.,战吼：使一个友方机械获得+4生命值。,fireplace/cards/gvg/priest.py:41
17.6.0.53261,Goblins vs Gnomes (GVG),GVG_084,Flying Machine,飞行器,Windfury,GREEN,implemented,yes,本轮定向实测已通过，观测：windfury=1; target=1/1; flyer=1/4; can_attack_again=True；本卡完整机制范围已在对应用例覆盖。,card_mechanism.csv#GVG_084; generic-play-smoke:played; effect-evidence: reports/card_quality_full_2026-09-27/gvg_probe.csv#GVG_084_windfury; per-card: reports/card_quality_full_2026-09-27/gvg_probe.csv#GVG_084_windfury,聚合状态取该卡最差机制；普通烟测只证明可执行，不能单独构成 GREEN。 Flying Machine; direct evidence=GVG_084_windfury; source=CardDefs.xml,Windfury,风怒,
17.6.0.53261,Goblins vs Gnomes (GVG),GVG_085,Annoy-o-Tron,吵吵机器人,Divine Shield|Taunt,GREEN,implemented,yes,本轮定向实测已通过，观测：taunt=1; shield=1；本卡完整机制范围已在对应用例覆盖。,card_mechanism.csv#GVG_085; generic-play-smoke:played; effect-evidence: reports/card_quality_full_2026-09-27/gvg_probe.csv#GVG_085_taunt_shield; per-card: reports/card_quality_full_2026-09-27/gvg_probe.csv#GVG_085_taunt_shield,聚合状态取该卡最差机制；普通烟测只证明可执行，不能单独构成 GREEN。 Annoy-o-Tron; direct evidence=GVG_085_taunt_shield; source=CardDefs.xml,Taunt Divine Shield,嘲讽，圣盾,
17.6.0.53261,Goblins vs Gnomes (GVG),GVG_086,Siege Engine,重型攻城战车,Trigger,GREEN,implemented,yes,本轮定向实测已通过，观测：warrior=HERO_01; power_gain=2 armor/5->6 atk; shield_block=5 armor/2->7 armor/6->7 atk; enemy_gain=2 armor; final_attack=7; engine=1；本卡完整机制范围已在对应用例覆盖。,card_mechanism.csv#GVG_086; generic-play-smoke:played; effect-evidence: reports/card_quality_full_2026-09-27/gvg_probe.csv#GVG_086_armor_gain_trigger_and_noncontroller_exclusion; reports/card_quality_full_2026-09-27/gvg_probe.csv#existing_test_gvg_test_siege_engine; per-card: reports/card_quality_full_2026-09-27/gvg_probe.csv#GVG_086_armor_gain_trigger_and_noncontroller_exclusion; reports/card_quality_full_2026-09-27/gvg_probe.csv#existing_test_gvg_test_siege_engine,聚合状态取该卡最差机制；普通烟测只证明可执行，不能单独构成 GREEN。 Siege Engine; direct evidence=GVG_086_armor_gain_trigger_and_noncontroller_exclusion; source=fireplace/cards/gvg/warrior.py:51,"Whenever you gain Armor, give this minion +1 Attack.",每当你获得护甲，该随从便获得 +1攻击力。,fireplace/cards/gvg/warrior.py:51
17.6.0.53261,Goblins vs Gnomes (GVG),GVG_087,Steamwheedle Sniper,热砂港狙击手,Continuous effect / Update|Targeting,RED,partial,yes,"实测与卡牌文本不符：预期“Hunter Steady Shot cannot target a minion before Sniper, but can target an enemy minion while Sniper remains”；实得“hunter=HERO_05; hero_power=HERO_05bp; legal_before=False; legal_after=False; sniper_zone=1”。",card_mechanism.csv#GVG_087; generic-play-smoke:played; effect-evidence: reports/card_quality_full_2026-09-27/gvg_probe.csv#GVG_087_hero_power_target_gate; per-card: reports/card_quality_full_2026-09-27/gvg_probe.csv#GVG_087_hero_power_target_gate,聚合状态取该卡最差机制；普通烟测只证明可执行，不能单独构成 GREEN。 Steamwheedle Sniper; direct evidence=GVG_087_hero_power_target_gate; source=fireplace/cards/gvg/hunter.py:36,Your Hero Power can target minions.,你的英雄技能能够以随从为目标。,fireplace/cards/gvg/hunter.py:36
17.6.0.53261,Goblins vs Gnomes (GVG),GVG_088,Ogre Ninja,食人魔忍者,Stealth|Trigger,GREEN,implemented,yes,"本轮定向实测已通过，观测：stealth=True; stats=6/6; direct=18; redirected=14; samples=[(False, True), (True, False), (True, False), (True, False), (True, False), (False, True), (True, False), (False, True), (True, False), (False, True), (True, False), (False, True), (False, True), (False, True), (True, False), (True, False), (False, True), (False, True), (True, False), (True, False), (True, False), (True, False), (True, False), (False, True), (False, True), (False, True), (True, False), (False, True), (True, False), (True, False), (False, True), (True, False)]；本卡完整机制范围已在对应用例覆盖。",card_mechanism.csv#GVG_088; generic-play-smoke:played; effect-evidence: reports/card_quality_full_2026-09-27/gvg_probe.csv#GVG_088_stealth_forgetful_combat; per-card: reports/card_quality_full_2026-09-27/gvg_probe.csv#GVG_088_stealth_forgetful_combat,聚合状态取该卡最差机制；普通烟测只证明可执行，不能单独构成 GREEN。 Ogre Ninja; direct evidence=GVG_088_stealth_forgetful_combat; source=fireplace/cards/gvg/rogue.py:44,Stealth 50% chance to attack the wrong enemy.,潜行，50%几率攻击错误的敌人。,fireplace/cards/gvg/rogue.py:44
17.6.0.53261,Goblins vs Gnomes (GVG),GVG_089,Illuminator,明光祭司,Trigger,GREEN,implemented,yes,本轮定向实测已通过，观测：secret_count=1; hero_health=29；本卡完整机制范围已在对应用例覆盖。,card_mechanism.csv#GVG_089; generic-play-smoke:played; effect-evidence: reports/card_quality_full_2026-09-27/gvg_probe.csv#GVG_089_secret_end_turn_heal; per-card: reports/card_quality_full_2026-09-27/gvg_probe.csv#GVG_089_secret_end_turn_heal,聚合状态取该卡最差机制；普通烟测只证明可执行，不能单独构成 GREEN。 Illuminator; direct evidence=GVG_089_secret_end_turn_heal; source=fireplace/cards/gvg/neutral_rare.py:14,"If you control a Secret at the end of your turn, restore #4 Health to your hero.",如果在你的回合结束时，你控制一个奥秘，则为你的英雄恢复#4点生命值。,fireplace/cards/gvg/neutral_rare.py:14
17.6.0.53261,Goblins vs Gnomes (GVG),GVG_090,Madder Bomber,疯狂爆破者,Battlecry|Random effects,YELLOW,implemented,partial,本轮定向实测观测：total_damage=6; bomber_health=4; heroes=27/27；未决点：本轮只有双方英雄可分摊6点伤害，未放入其他随从；随机拆分到友方/敌方随从的分支尚未覆盖。,card_mechanism.csv#GVG_090; generic-play-smoke:played; per-card: reports/card_quality_full_2026-09-27/gvg_probe.csv#GVG_090_six_random_damage_points,聚合状态取该卡最差机制；普通烟测只证明可执行，不能单独构成 GREEN。 Madder Bomber; direct evidence=GVG_090_six_random_damage_points; source=fireplace/cards/gvg/neutral_common.py:74,Battlecry: Deal 6 damage randomly split between all other characters.,战吼：造成6点伤害，随机分配到所有其他角色身上。,fireplace/cards/gvg/neutral_common.py:74
17.6.0.53261,Goblins vs Gnomes (GVG),GVG_091,Arcane Nullifier X-21,施法者克星X-21,Taunt|Untargetable,GREEN,implemented,yes,本轮定向实测已通过，观测：taunt=1; cant_target=1；本卡完整机制范围已在对应用例覆盖。,card_mechanism.csv#GVG_091; generic-play-smoke:played; effect-evidence: reports/card_quality_full_2026-09-27/gvg_probe.csv#GVG_091_taunt_untargetable; per-card: reports/card_quality_full_2026-09-27/gvg_probe.csv#GVG_091_taunt_untargetable,聚合状态取该卡最差机制；普通烟测只证明可执行，不能单独构成 GREEN。 Arcane Nullifier X-21; direct evidence=GVG_091_taunt_untargetable; source=CardDefs.xml,Taunt Can't be targeted by spells or Hero Powers.,嘲讽，无法成为法术或英雄技能的目标。,
17.6.0.53261,Goblins vs Gnomes (GVG),GVG_092,Gnomish Experimenter,侏儒实验技师,Battlecry|Draw / Discard|Transform,GREEN,implemented,yes,本轮逐卡行为断言通过：minion_draw_chicken=drawn_original=SETASIDE;hand=['GVG_092t'];chicken=1;source=PLAY; spell_draw_unchanged=drawn=CS2_029/HAND;hand=['CS2_029'],card_mechanism.csv#GVG_092; generic-play-smoke:played; effect-evidence: reports/card_quality_full_2026-09-27/gvg_probe.csv#minion_draw_chicken; reports/card_quality_full_2026-09-27/gvg_probe.csv#spell_draw_unchanged; per-card: reports/card_quality_full_2026-09-27/gvg_probe.csv#minion_draw_chicken; reports/card_quality_full_2026-09-27/gvg_probe.csv#spell_draw_unchanged,"聚合状态取该卡最差机制；普通烟测只证明可执行，不能单独构成 GREEN。 2 new live cases; EN/ZH text, source, prior audit and existing refs preserved in probe notes.","Battlecry: Draw a card. If it's a minion, transform it into a Chicken.",战吼： 抽一张牌，如果该牌是随从牌，则将其变形成为一只小鸡。,fireplace/cards/gvg/neutral_epic.py:14
17.6.0.53261,Goblins vs Gnomes (GVG),GVG_093,Target Dummy,活动假人,Taunt,GREEN,implemented,yes,本轮定向实测已通过，观测：taunt=1; stats=0/2；本卡完整机制范围已在对应用例覆盖。,card_mechanism.csv#GVG_093; generic-play-smoke:played; effect-evidence: reports/card_quality_full_2026-09-27/gvg_probe.csv#GVG_093_taunt; per-card: reports/card_quality_full_2026-09-27/gvg_probe.csv#GVG_093_taunt,聚合状态取该卡最差机制；普通烟测只证明可执行，不能单独构成 GREEN。 Target Dummy; direct evidence=GVG_093_taunt; source=CardDefs.xml,Taunt,嘲讽,
17.6.0.53261,Goblins vs Gnomes (GVG),GVG_094,Jeeves,基维斯,Trigger,GREEN,implemented,yes,"本轮逐卡行为断言通过：both_turn_ends_draw_to_three=after_owner_turn=(3, 1);after_opponent_turn=(3, 3);jeeves=PLAY",card_mechanism.csv#GVG_094; generic-play-smoke:played; effect-evidence: reports/card_quality_full_2026-09-27/gvg_probe.csv#both_turn_ends_draw_to_three; per-card: reports/card_quality_full_2026-09-27/gvg_probe.csv#both_turn_ends_draw_to_three,"聚合状态取该卡最差机制；普通烟测只证明可执行，不能单独构成 GREEN。 1 new live cases; EN/ZH text, source, prior audit and existing refs preserved in probe notes.","At the end of each player's turn, that player draws until they have 3 cards.",在每个玩家的回合结束时，该玩家抽若干牌，直至其手牌数量达到3张。,fireplace/cards/gvg/neutral_rare.py:20
17.6.0.53261,Goblins vs Gnomes (GVG),GVG_095,Goblin Sapper,地精工兵,Continuous effect / Update,GREEN,implemented,yes,本轮定向实测已通过，观测：base=2; six_cards=6; zero_cards=2；本卡完整机制范围已在对应用例覆盖。,card_mechanism.csv#GVG_095; generic-play-smoke:played; effect-evidence: reports/card_quality_full_2026-09-27/gvg_probe.csv#GVG_095_opponent_hand_threshold; per-card: reports/card_quality_full_2026-09-27/gvg_probe.csv#GVG_095_opponent_hand_threshold,聚合状态取该卡最差机制；普通烟测只证明可执行，不能单独构成 GREEN。 Goblin Sapper; direct evidence=GVG_095_opponent_hand_threshold; source=fireplace/cards/gvg/neutral_rare.py:26,Has +4 Attack while your opponent has 6 or more cards in hand.,如果你对手的手牌数量大于或等于6张，便具有+4攻击力。,fireplace/cards/gvg/neutral_rare.py:26
17.6.0.53261,Goblins vs Gnomes (GVG),GVG_096,Piloted Shredder,载人收割机,Deathrattle|Random effects|Summon,YELLOW,implemented,partial,"本轮定向实测观测：spawn=('UNG_926', 2); graveyard=['GVG_096']；未决点：死亡后召唤出的随机随从符合2费，但只采样一个身份；其他2费随机候选尚未覆盖。",card_mechanism.csv#GVG_096; generic-play-smoke:played; per-card: reports/card_quality_full_2026-09-27/gvg_probe.csv#GVG_096_random_two_cost_deathrattle,聚合状态取该卡最差机制；普通烟测只证明可执行，不能单独构成 GREEN。 Piloted Shredder; direct evidence=GVG_096_random_two_cost_deathrattle; source=fireplace/cards/gvg/neutral_common.py:80,Deathrattle: Summon a random 2-Cost minion.,亡语：随机召唤一个法力值消耗为（2）的随从。,fireplace/cards/gvg/neutral_common.py:80
17.6.0.53261,Goblins vs Gnomes (GVG),GVG_097,Lil' Exorcist,小个子驱魔者,Battlecry|Taunt,GREEN,implemented,yes,本轮逐卡行为断言通过：enemy_deathrattles_only=enemy_deathrattle=2;own_deathrattle=EX1_029;stats=4/5;base=2/3;taunt=1,card_mechanism.csv#GVG_097; generic-play-smoke:played; effect-evidence: reports/card_quality_full_2026-09-27/gvg_probe.csv#enemy_deathrattles_only; per-card: reports/card_quality_full_2026-09-27/gvg_probe.csv#enemy_deathrattles_only,"聚合状态取该卡最差机制；普通烟测只证明可执行，不能单独构成 GREEN。 1 new live cases; EN/ZH text, source, prior audit and existing refs preserved in probe notes.",Taunt Battlecry: Gain +1/+1 for each enemy Deathrattle minion.,嘲讽，战吼：每有一个具有亡语的敌方随从，便获得+1/+1。,fireplace/cards/gvg/neutral_rare.py:32
17.6.0.53261,Goblins vs Gnomes (GVG),GVG_098,Gnomeregan Infantry,诺莫瑞根步兵,Charge|Taunt,GREEN,implemented,yes,本轮定向实测已通过，观测：charge=1; taunt=1; can_attack=True；本卡完整机制范围已在对应用例覆盖。,card_mechanism.csv#GVG_098; generic-play-smoke:played; effect-evidence: reports/card_quality_full_2026-09-27/gvg_probe.csv#GVG_098_charge_taunt; per-card: reports/card_quality_full_2026-09-27/gvg_probe.csv#GVG_098_charge_taunt,聚合状态取该卡最差机制；普通烟测只证明可执行，不能单独构成 GREEN。 Gnomeregan Infantry; direct evidence=GVG_098_charge_taunt; source=CardDefs.xml,Charge Taunt,冲锋，嘲讽,
17.6.0.53261,Goblins vs Gnomes (GVG),GVG_099,Bomb Lobber,榴弹投手,Battlecry|Random effects,GREEN,implemented,yes,"本轮逐卡行为断言通过：single_enemy_four_damage=target_damage=4;zone=PLAY;lobber=PLAY;hero_health=30; random_enemy_minion_domain=16_seeded_winners=[0, 1]",card_mechanism.csv#GVG_099; generic-play-smoke:played; effect-evidence: reports/card_quality_full_2026-09-27/gvg_probe.csv#single_enemy_four_damage; reports/card_quality_full_2026-09-27/gvg_probe.csv#random_enemy_minion_domain; per-card: reports/card_quality_full_2026-09-27/gvg_probe.csv#single_enemy_four_damage; reports/card_quality_full_2026-09-27/gvg_probe.csv#random_enemy_minion_domain,"聚合状态取该卡最差机制；普通烟测只证明可执行，不能单独构成 GREEN。 2 new live cases; EN/ZH text, source, prior audit and existing refs preserved in probe notes.",Battlecry: Deal 4 damage to a random enemy minion.,战吼：随机对一个敌方随从造成4点伤害。,fireplace/cards/gvg/neutral_rare.py:42
17.6.0.53261,Goblins vs Gnomes (GVG),GVG_100,Floating Watcher,漂浮观察者,Trigger,GREEN,implemented,yes,"本轮逐卡行为断言通过：own_turn_hero_damage_buffs=own_turn_hero_damage=2;before=(4, 4);after=6/6; opponent_turn_hero_damage_no_buff=opponent_turn_hero_damage=2;before=(4, 4);after=4/4",card_mechanism.csv#GVG_100; generic-play-smoke:played; effect-evidence: reports/card_quality_full_2026-09-27/gvg_probe.csv#own_turn_hero_damage_buffs; reports/card_quality_full_2026-09-27/gvg_probe.csv#opponent_turn_hero_damage_no_buff; per-card: reports/card_quality_full_2026-09-27/gvg_probe.csv#own_turn_hero_damage_buffs; reports/card_quality_full_2026-09-27/gvg_probe.csv#opponent_turn_hero_damage_no_buff,"聚合状态取该卡最差机制；普通烟测只证明可执行，不能单独构成 GREEN。 2 new live cases; EN/ZH text, source, prior audit and existing refs preserved in probe notes.","Whenever your hero takes damage on your turn, gain +2/+2.",每当你的英雄在你的回合受到伤害，便获得+2/+2。,fireplace/cards/gvg/warlock.py:32
17.6.0.53261,Goblins vs Gnomes (GVG),GVG_101,Scarlet Purifier,血色净化者,Battlecry,GREEN,implemented,yes,本轮定向实测已通过，观测：friendly_deathrattle=4/1; enemy_deathrattle=1/3/2; non_deathrattle=1/1/0；本卡完整机制范围已在对应用例覆盖。,card_mechanism.csv#GVG_101; generic-play-smoke:played; effect-evidence: reports/card_quality_full_2026-09-27/gvg_probe.csv#GVG_101_deathrattle_minions_take_damage; per-card: reports/card_quality_full_2026-09-27/gvg_probe.csv#GVG_101_deathrattle_minions_take_damage,聚合状态取该卡最差机制；普通烟测只证明可执行，不能单独构成 GREEN。 Scarlet Purifier; direct evidence=GVG_101_deathrattle_minions_take_damage; source=fireplace/cards/gvg/paladin.py:33,Battlecry: Deal 2 damage to all minions with Deathrattle.,战吼： 对所有具有亡语的随从造成2点伤害。,fireplace/cards/gvg/paladin.py:33
17.6.0.53261,Goblins vs Gnomes (GVG),GVG_102,Tinkertown Technician,工匠镇技师,Battlecry|Random effects,GREEN,implemented,yes,"本轮逐卡行为断言通过：with_mech_stats_and_part=stats=4/4;base=3/3;added=[('PART_007', True, 'HAND')]; without_mech_no_bonus=stats=3/3;base=3/3;hand=[]",card_mechanism.csv#GVG_102; generic-play-smoke:played; effect-evidence: reports/card_quality_full_2026-09-27/gvg_probe.csv#with_mech_stats_and_part; reports/card_quality_full_2026-09-27/gvg_probe.csv#without_mech_no_bonus; per-card: reports/card_quality_full_2026-09-27/gvg_probe.csv#with_mech_stats_and_part; reports/card_quality_full_2026-09-27/gvg_probe.csv#without_mech_no_bonus,"聚合状态取该卡最差机制；普通烟测只证明可执行，不能单独构成 GREEN。 2 new live cases; EN/ZH text, source, prior audit and existing refs preserved in probe notes.","Battlecry: If you have a Mech, gain +1/+1 and add a Spare Part to your hand.",战吼：如果你控制一个机械，便获得+1/+1并将一张零件牌置入你的手牌。,fireplace/cards/gvg/neutral_common.py:86
17.6.0.53261,Goblins vs Gnomes (GVG),GVG_103,Micro Machine,微型战斗机甲,Trigger,GREEN,implemented,yes,本轮逐卡行为断言通过：both_turn_starts_gain_attack=attack=1->2->3;health=2,card_mechanism.csv#GVG_103; generic-play-smoke:played; effect-evidence: reports/card_quality_full_2026-09-27/gvg_probe.csv#both_turn_starts_gain_attack; per-card: reports/card_quality_full_2026-09-27/gvg_probe.csv#both_turn_starts_gain_attack,"聚合状态取该卡最差机制；普通烟测只证明可执行，不能单独构成 GREEN。 1 new live cases; EN/ZH text, source, prior audit and existing refs preserved in probe notes.","At the start of each turn, gain +1 Attack.",在每个回合开始时，获得+1攻击力。,fireplace/cards/gvg/neutral_common.py:96
17.6.0.53261,Goblins vs Gnomes (GVG),GVG_104,Hobgoblin,大胖,Trigger,GREEN,implemented,yes,"本轮逐卡行为断言通过：one_attack_only=wisp=3/3,base=1/1;yeti=4/5,base=4/5;hob=PLAY",card_mechanism.csv#GVG_104; generic-play-smoke:played; effect-evidence: reports/card_quality_full_2026-09-27/gvg_probe.csv#one_attack_only; per-card: reports/card_quality_full_2026-09-27/gvg_probe.csv#one_attack_only,"聚合状态取该卡最差机制；普通烟测只证明可执行，不能单独构成 GREEN。 1 new live cases; EN/ZH text, source, prior audit and existing refs preserved in probe notes.","Whenever you play a 1-Attack minion, give it +2/+2.",每当你使用一张攻击力为1的随从牌，便使该牌所召唤的随从获得+2/+2。,fireplace/cards/gvg/neutral_epic.py:22
17.6.0.53261,Goblins vs Gnomes (GVG),GVG_105,Piloted Sky Golem,载人飞天魔像,Deathrattle|Random effects|Summon,YELLOW,implemented,partial,"本轮定向实测观测：spawn=('ULD_198', 4); source_zone=4；未决点：死亡后召唤出的随机随从符合4费，但只采样一个身份；其他4费随机候选尚未覆盖。",card_mechanism.csv#GVG_105; generic-play-smoke:played; per-card: reports/card_quality_full_2026-09-27/gvg_probe.csv#GVG_105_random_four_cost_deathrattle,聚合状态取该卡最差机制；普通烟测只证明可执行，不能单独构成 GREEN。 Piloted Sky Golem; direct evidence=GVG_105_random_four_cost_deathrattle; source=fireplace/cards/gvg/neutral_epic.py:31,Deathrattle: Summon a random 4-Cost minion.,亡语：随机召唤一个法力值消耗为（4）的随从。,fireplace/cards/gvg/neutral_epic.py:31
17.6.0.53261,Goblins vs Gnomes (GVG),GVG_106,Junkbot,回收机器人,Trigger,GREEN,implemented,yes,"本轮定向实测已通过，观测：before=(1, 5); after=3/7; source=4；本卡完整机制范围已在对应用例覆盖。",card_mechanism.csv#GVG_106; generic-play-smoke:played; effect-evidence: reports/card_quality_full_2026-09-27/gvg_probe.csv#GVG_106_friendly_mech_death; per-card: reports/card_quality_full_2026-09-27/gvg_probe.csv#GVG_106_friendly_mech_death,聚合状态取该卡最差机制；普通烟测只证明可执行，不能单独构成 GREEN。 Junkbot; direct evidence=GVG_106_friendly_mech_death; source=fireplace/cards/gvg/neutral_epic.py:37,"Whenever a friendly Mech dies, gain +2/+2.",每当一个友方机械死亡，便获得+2/+2。,fireplace/cards/gvg/neutral_epic.py:37
17.6.0.53261,Goblins vs Gnomes (GVG),GVG_107,Enhance-o Mechano,强化机器人,Battlecry|Random effects,YELLOW,implemented,partial,"本轮定向实测观测：keywords=[(False, False, True), (True, False, False), (False, False, True), (True, False, False)]；未决点：4个随从都只获得一个关键词，但样本只出现圣盾与风怒；随机嘲讽分支尚未出现。",card_mechanism.csv#GVG_107; generic-play-smoke:played; per-card: reports/card_quality_full_2026-09-27/gvg_probe.csv#GVG_107_random_keyword_assignment,聚合状态取该卡最差机制；普通烟测只证明可执行，不能单独构成 GREEN。 Enhance-o Mechano; direct evidence=GVG_107_random_keyword_assignment; source=fireplace/cards/gvg/neutral_epic.py:46,"Battlecry: Give your other minions Windfury, Taunt, or Divine Shield (at random).",战吼：随机使你的其他随从分别获得风怒，嘲讽，或者圣盾效果中的一种。,fireplace/cards/gvg/neutral_epic.py:46
17.6.0.53261,Goblins vs Gnomes (GVG),GVG_108,Recombobulator,侏儒变形师,Battlecry|Random effects|Targeting|Transform,GREEN,implemented,yes,"本轮逐卡行为断言通过：friendly_same_cost_transform=16_seeded_same_cost_replacements=['ULD_207', 'EX1_186', 'AT_093', 'CS2_119', 'UNG_065', 'TRL_092', 'LOOT_018', 'NEW1_011', 'CFM_715', 'LOOT_193', 'GIL_510', 'TRL_525', 'BOT_555', 'EX1_025', 'CFM_809', 'DRG_071'];distinct=16;enemy_target_excluded=True; no_target_enters_normally=source=PLAY;board=['GVG_108']",card_mechanism.csv#GVG_108; generic-play-smoke:played; effect-evidence: reports/card_quality_full_2026-09-27/gvg_probe.csv#friendly_same_cost_transform; reports/card_quality_full_2026-09-27/gvg_probe.csv#no_target_enters_normally; per-card: reports/card_quality_full_2026-09-27/gvg_probe.csv#friendly_same_cost_transform; reports/card_quality_full_2026-09-27/gvg_probe.csv#no_target_enters_normally,"聚合状态取该卡最差机制；普通烟测只证明可执行，不能单独构成 GREEN。 2 new live cases; EN/ZH text, source, prior audit and existing refs preserved in probe notes.",Battlecry: Transform a friendly minion into a random minion with the same Cost.,战吼： 将一个友方随从随机变形成为一个法力值消耗相同的随从。,fireplace/cards/gvg/neutral_epic.py:57
17.6.0.53261,Goblins vs Gnomes (GVG),GVG_109,Mini-Mage,小个子法师,Spell Damage|Stealth,GREEN,implemented,yes,本轮定向实测已通过，观测：stealth_tag=1; spellpower=1; enemy_hero_delta=2；本卡完整机制范围已在对应用例覆盖。,card_mechanism.csv#GVG_109; generic-play-smoke:played; effect-evidence: reports/card_quality_full_2026-09-27/gvg_probe.csv#GVG_109_spell_damage_and_stealth; per-card: reports/card_quality_full_2026-09-27/gvg_probe.csv#GVG_109_spell_damage_and_stealth,聚合状态取该卡最差机制；普通烟测只证明可执行，不能单独构成 GREEN。 Mini-Mage; direct evidence=GVG_109_spell_damage_and_stealth; source=CardDefs.xml,Stealth Spell Damage +1,潜行，法术伤害+1,
17.6.0.53261,Goblins vs Gnomes (GVG),GVG_110,Dr. Boom,砰砰博士,Battlecry|Summon,GREEN,implemented,yes,"本轮逐卡行为断言通过：two_one_one_boom_bots=board=[('GVG_110t', 1, 1, 'PLAY'), ('GVG_110', 7, 7, 'PLAY'), ('GVG_110t', 1, 1, 'PLAY')]; boom_bot_deathrattle_damage=bot_zone=GRAVEYARD;enemy_hero_damage=1;enemy_board=[]",card_mechanism.csv#GVG_110; generic-play-smoke:played; effect-evidence: reports/card_quality_full_2026-09-27/gvg_probe.csv#two_one_one_boom_bots; reports/card_quality_full_2026-09-27/gvg_probe.csv#boom_bot_deathrattle_damage; per-card: reports/card_quality_full_2026-09-27/gvg_probe.csv#two_one_one_boom_bots; reports/card_quality_full_2026-09-27/gvg_probe.csv#boom_bot_deathrattle_damage,"聚合状态取该卡最差机制；普通烟测只证明可执行，不能单独构成 GREEN。 2 new live cases; EN/ZH text, source, prior audit and existing refs preserved in probe notes.",Battlecry: Summon two 1/1 Boom Bots. WARNING: Bots may explode.,战吼： 召唤两个1/1的砰砰机器人。警告：该机器人随时可能爆炸。,fireplace/cards/gvg/neutral_legendary.py:8
17.6.0.53261,Goblins vs Gnomes (GVG),GVG_111,Mimiron's Head,米米尔隆的头部,Summon|Trigger,GREEN,implemented,yes,"本轮逐卡行为断言通过：two_mechs_no_formation=mech_count=2;head=PLAY;other=PLAY;formed=0; three_mechs_form_v07tron=head=GRAVEYARD;other_mechs=['GRAVEYARD', 'GRAVEYARD'];formed=[('GVG_111t', 'PLAY', True)]",card_mechanism.csv#GVG_111; generic-play-smoke:played; effect-evidence: reports/card_quality_full_2026-09-27/gvg_probe.csv#two_mechs_no_formation; reports/card_quality_full_2026-09-27/gvg_probe.csv#three_mechs_form_v07tron; per-card: reports/card_quality_full_2026-09-27/gvg_probe.csv#two_mechs_no_formation; reports/card_quality_full_2026-09-27/gvg_probe.csv#three_mechs_form_v07tron,"聚合状态取该卡最差机制；普通烟测只证明可执行，不能单独构成 GREEN。 2 new live cases; EN/ZH text, source, prior audit and existing refs preserved in probe notes.","At the start of your turn, if you have at least 3 Mechs, destroy them all and form V-07-TR-0N.",在你的回合开始时，如果你控制至少三个机械，则消灭这些机械，并将其组合成V-07-TR-0N。,fireplace/cards/gvg/neutral_legendary.py:20
17.6.0.53261,Goblins vs Gnomes (GVG),GVG_112,Mogor the Ogre,食人魔勇士穆戈尔,Trigger,GREEN,implemented,yes,"本轮逐卡行为断言通过：friendly_attack_wrong_enemy_randomness=32_seeded_attack_destinations=['hero', 'minion'];mogor=PLAY; enemy_attack_wrong_enemy_randomness=32_seeded_opponent_attack_destinations=['hero', 'minion']",card_mechanism.csv#GVG_112; generic-play-smoke:played; effect-evidence: reports/card_quality_full_2026-09-27/gvg_probe.csv#friendly_attack_wrong_enemy_randomness; reports/card_quality_full_2026-09-27/gvg_probe.csv#enemy_attack_wrong_enemy_randomness; per-card: reports/card_quality_full_2026-09-27/gvg_probe.csv#friendly_attack_wrong_enemy_randomness; reports/card_quality_full_2026-09-27/gvg_probe.csv#enemy_attack_wrong_enemy_randomness,"聚合状态取该卡最差机制；普通烟测只证明可执行，不能单独构成 GREEN。 2 new live cases; EN/ZH text, source, prior audit and existing refs preserved in probe notes.",All minions have a 50% chance to attack the wrong enemy.,所有随从有50%几率攻击错误的敌人。,fireplace/cards/gvg/neutral_legendary.py:33
17.6.0.53261,Goblins vs Gnomes (GVG),GVG_113,Foe Reaper 4000,死神4000型,Trigger,RED,partial,yes,"实测与卡牌文本不符：预期“attack deals 6 to target and adjacent enemy minions”；实得“damage_deltas=[0, 6, 0]; healths=[7, 1, 7]; zones=[<Zone.PLAY: 1>, <Zone.PLAY: 1>, <Zone.PLAY: 1>]”。",card_mechanism.csv#GVG_113; generic-play-smoke:played; effect-evidence: reports/card_quality_full_2026-09-27/gvg_probe.csv#GVG_113_attack_cleave_adjacent; per-card: reports/card_quality_full_2026-09-27/gvg_probe.csv#GVG_113_attack_cleave_adjacent,聚合状态取该卡最差机制；普通烟测只证明可执行，不能单独构成 GREEN。 Foe Reaper 4000; direct evidence=GVG_113_attack_cleave_adjacent; source=fireplace/cards/gvg/neutral_legendary.py:45,Also damages the minions next to whomever it attacks.,同时对其攻击目标相邻的随从造成伤害。,fireplace/cards/gvg/neutral_legendary.py:45
17.6.0.53261,Goblins vs Gnomes (GVG),GVG_114,Sneed's Old Shredder,斯尼德的伐木机,Deathrattle|Random effects|Summon,GREEN,implemented,yes,"本轮逐卡行为断言通过：legendary_deathrattle_pool=16_seeded_legendary_ids=['AT_123', 'BOT_433', 'CFM_344', 'CFM_643', 'CFM_685', 'DAL_726', 'DRG_090', 'DRG_235', 'EX1_116', 'GVG_118', 'ICC_405', 'ICC_858', 'NEW1_038', 'OG_123', 'OG_317', 'TRL_252']",card_mechanism.csv#GVG_114; generic-play-smoke:played; effect-evidence: reports/card_quality_full_2026-09-27/gvg_probe.csv#legendary_deathrattle_pool; per-card: reports/card_quality_full_2026-09-27/gvg_probe.csv#legendary_deathrattle_pool,"聚合状态取该卡最差机制；普通烟测只证明可执行，不能单独构成 GREEN。 1 new live cases; EN/ZH text, source, prior audit and existing refs preserved in probe notes.",Deathrattle: Summon a random Legendary minion.,亡语：随机召唤一个传说随从。,fireplace/cards/gvg/neutral_legendary.py:51
17.6.0.53261,Goblins vs Gnomes (GVG),GVG_115,Toshley,托什雷,Battlecry|Deathrattle|Random effects,YELLOW,implemented,partial,"本轮定向实测观测：parts_added=1,1; source=4；未决点：战吼和亡语各加入1张备件已验证；两次随机结果只采到当前样本身份，备件池多种结果未覆盖。",card_mechanism.csv#GVG_115; generic-play-smoke:played; per-card: reports/card_quality_full_2026-09-27/gvg_probe.csv#GVG_115_battlecry_and_deathrattle,聚合状态取该卡最差机制；普通烟测只证明可执行，不能单独构成 GREEN。 Toshley; direct evidence=GVG_115_battlecry_and_deathrattle; source=fireplace/cards/gvg/neutral_legendary.py:57,Battlecry and Deathrattle: Add a Spare Part card to your hand.,战吼，亡语： 将一张零件牌置入你的手牌。,fireplace/cards/gvg/neutral_legendary.py:57
17.6.0.53261,Goblins vs Gnomes (GVG),GVG_116,Mekgineer Thermaplugg,瑟玛普拉格,Summon|Trigger,GREEN,implemented,yes,"本轮逐卡行为断言通过：enemy_death_summons_leper=enemy=GRAVEYARD;lepers=[('EX1_029', 'PLAY')];engineer=PLAY; friendly_death_no_leper=friendly_dead=GRAVEYARD;lepers=[]",card_mechanism.csv#GVG_116; generic-play-smoke:played; effect-evidence: reports/card_quality_full_2026-09-27/gvg_probe.csv#enemy_death_summons_leper; reports/card_quality_full_2026-09-27/gvg_probe.csv#friendly_death_no_leper; per-card: reports/card_quality_full_2026-09-27/gvg_probe.csv#enemy_death_summons_leper; reports/card_quality_full_2026-09-27/gvg_probe.csv#friendly_death_no_leper,"聚合状态取该卡最差机制；普通烟测只证明可执行，不能单独构成 GREEN。 2 new live cases; EN/ZH text, source, prior audit and existing refs preserved in probe notes.","Whenever an enemy minion dies, summon a Leper Gnome.",每当一个敌方随从死亡，召唤一个 麻风侏儒。,fireplace/cards/gvg/neutral_legendary.py:63
17.6.0.53261,Goblins vs Gnomes (GVG),GVG_117,Gazlowe,加兹鲁维,Random effects|Trigger,GREEN,implemented,yes,"本轮逐卡行为断言通过：one_cost_spell_adds_random_mech=16_seeded_mechs=['BOT_031', 'BOT_059', 'BOT_267', 'BOT_283', 'BOT_509', 'BOT_537', 'BOT_565', 'DAL_770', 'DRG_023', 'DRG_074', 'GIL_809', 'GVG_006', 'GVG_027', 'GVG_085', 'OG_147', 'ULD_217']; zero_cost_spell_no_mech=spell_cost=0;hand_before=0;hand_after=[];source=PLAY; opponent_one_cost_spell_no_mech=opponent_spell_cost=1;owner_hand_before=0;owner_hand_after=[];gazlowe=PLAY",card_mechanism.csv#GVG_117; generic-play-smoke:played; effect-evidence: reports/card_quality_full_2026-09-27/gvg_probe.csv#one_cost_spell_adds_random_mech; reports/card_quality_full_2026-09-27/gvg_probe.csv#zero_cost_spell_no_mech; reports/card_quality_full_2026-09-27/gvg_probe.csv#opponent_one_cost_spell_no_mech; per-card: reports/card_quality_full_2026-09-27/gvg_probe.csv#one_cost_spell_adds_random_mech; reports/card_quality_full_2026-09-27/gvg_probe.csv#zero_cost_spell_no_mech; reports/card_quality_full_2026-09-27/gvg_probe.csv#opponent_one_cost_spell_no_mech,"聚合状态取该卡最差机制；普通烟测只证明可执行，不能单独构成 GREEN。 3 new live cases; EN/ZH text, source, prior audit and existing refs preserved in probe notes.","Whenever you cast a 1-Cost spell, add a random Mech to your hand.",每当你施放一个法力值消耗为（1）的法术，随机将一张机械牌置入你的手牌。,fireplace/cards/gvg/neutral_legendary.py:69
17.6.0.53261,Goblins vs Gnomes (GVG),GVG_118,Troggzor the Earthinator,颤地者特罗格佐尔,Summon|Trigger,GREEN,implemented,yes,"本轮定向实测已通过，观测：troggs=[('GVG_068', <Zone.PLAY: 1>)]; field=['GVG_118', 'GVG_068']；本卡完整机制范围已在对应用例覆盖。",card_mechanism.csv#GVG_118; generic-play-smoke:played; effect-evidence: reports/card_quality_full_2026-09-27/gvg_probe.csv#GVG_118_enemy_spell_summon; per-card: reports/card_quality_full_2026-09-27/gvg_probe.csv#GVG_118_enemy_spell_summon,聚合状态取该卡最差机制；普通烟测只证明可执行，不能单独构成 GREEN。 Troggzor the Earthinator; direct evidence=GVG_118_enemy_spell_summon; source=fireplace/cards/gvg/neutral_legendary.py:75,"Whenever your opponent casts a spell, summon a Burly Rockjaw Trogg.",每当你的对手施放一个法术，召唤一个石腭穴居人壮汉。,fireplace/cards/gvg/neutral_legendary.py:75
17.6.0.53261,Goblins vs Gnomes (GVG),GVG_119,Blingtron 3000,布林顿3000型,Battlecry|Random effects|Summon,GREEN,implemented,yes,"本轮逐卡行为断言通过：weapon_each_player=16_seeded_weapon_pairs=[('TRL_325', 'GIL_672'), ('EX1_366', 'LOOT_044'), ('AT_077', 'EX1_536'), ('CS2_097', 'KAR_063'), ('TRL_360', 'CFM_631'), ('OG_033', 'GVG_036'), ('LOOT_108', 'UNG_061'), ('LOOT_380', 'ULD_430'), ('CS2_080', 'TRL_352'), ('LOOT_209', 'GVG_059'), ('GIL_596', 'EX1_536'), ('TRL_074', 'EX1_536'), ('BT_018', 'TRL_111'), ('EX1_133', 'OG_031'), ('CS2_091', 'GVG_036'), ('DRG_025', 'GVG_036')];distinct_pairs=16",card_mechanism.csv#GVG_119; generic-play-smoke:played; effect-evidence: reports/card_quality_full_2026-09-27/gvg_probe.csv#weapon_each_player; per-card: reports/card_quality_full_2026-09-27/gvg_probe.csv#weapon_each_player,"聚合状态取该卡最差机制；普通烟测只证明可执行，不能单独构成 GREEN。 1 new live cases; EN/ZH text, source, prior audit and existing refs preserved in probe notes.",Battlecry: Equip a random weapon for each player.,战吼：为每个玩家装备一把武器。,fireplace/cards/gvg/neutral_legendary.py:81
17.6.0.53261,Goblins vs Gnomes (GVG),GVG_120,Hemet Nesingwary,赫米特·奈辛瓦里,Battlecry|Targeting,GREEN,implemented,yes,本轮定向实测已通过，观测：target=CS2_172; zone=4; enemy_field=[]；本卡完整机制范围已在对应用例覆盖。,card_mechanism.csv#GVG_120; generic-play-smoke:played; effect-evidence: reports/card_quality_full_2026-09-27/gvg_probe.csv#GVG_120_beast_battlecry_target; per-card: reports/card_quality_full_2026-09-27/gvg_probe.csv#GVG_120_beast_battlecry_target,聚合状态取该卡最差机制；普通烟测只证明可执行，不能单独构成 GREEN。 Hemet Nesingwary; direct evidence=GVG_120_beast_battlecry_target; source=fireplace/cards/gvg/neutral_legendary.py:87,Battlecry: Destroy a Beast.,战吼： 消灭一个野兽。,fireplace/cards/gvg/neutral_legendary.py:87
17.6.0.53261,Goblins vs Gnomes (GVG),GVG_121,Clockwork Giant,发条巨人,Cost modification,GREEN,implemented,yes,"本轮定向实测已通过，观测：starting_enemy_cards=1; costs=11,5,12；本卡完整机制范围已在对应用例覆盖。",card_mechanism.csv#GVG_121; generic-play-smoke:unplayable_in_generic_setup; effect-evidence: reports/card_quality_full_2026-09-27/gvg_probe.csv#GVG_121_opponent_hand_cost; per-card: reports/card_quality_full_2026-09-27/gvg_probe.csv#GVG_121_opponent_hand_cost,聚合状态取该卡最差机制；普通烟测只证明可执行，不能单独构成 GREEN。 Clockwork Giant; direct evidence=GVG_121_opponent_hand_cost; source=fireplace/cards/gvg/neutral_epic.py:68,Costs (1) less for each card in your opponent's hand.,你的对手每有一张手牌，该牌的法力值消耗便减少（1）点。,fireplace/cards/gvg/neutral_epic.py:68
17.6.0.53261,Goblins vs Gnomes (GVG),GVG_122,Wee Spellstopper,小个子扰咒师,Aura|Continuous effect / Update|Untargetable,GREEN,implemented,yes,"本轮逐卡行为断言通过：adjacent_untargetable_aura=spell_blocked=(True, True);spell_far_legal=True;power_blocked=(True, True);power_far_legal=True;spell_restored=(True, True);power_restored=(True, True);stop_zone=GRAVEYARD",card_mechanism.csv#GVG_122; generic-play-smoke:played; effect-evidence: reports/card_quality_full_2026-09-27/gvg_probe.csv#adjacent_untargetable_aura; per-card: reports/card_quality_full_2026-09-27/gvg_probe.csv#adjacent_untargetable_aura,"聚合状态取该卡最差机制；普通烟测只证明可执行，不能单独构成 GREEN。 1 new live cases; EN/ZH text, source, prior audit and existing refs preserved in probe notes.",Adjacent minions can't be targeted by spells or Hero Powers.,相邻的随从 无法成为法术或英雄技能的目标。,fireplace/cards/gvg/neutral_epic.py:74
17.6.0.53261,Goblins vs Gnomes (GVG),GVG_123,Soot Spewer,煤烟喷吐装置,Spell Damage,GREEN,implemented,yes,本轮定向实测已通过，观测：spewer=GVG_123; spellpower=1; enemy_hero_delta=2；本卡完整机制范围已在对应用例覆盖。,card_mechanism.csv#GVG_123; generic-play-smoke:played; effect-evidence: reports/card_quality_full_2026-09-27/gvg_probe.csv#GVG_123_spell_damage; per-card: reports/card_quality_full_2026-09-27/gvg_probe.csv#GVG_123_spell_damage,聚合状态取该卡最差机制；普通烟测只证明可执行，不能单独构成 GREEN。 Soot Spewer; direct evidence=GVG_123_spell_damage; source=CardDefs.xml,Spell Damage +1,法术伤害+1,
