card_id,case_id,expected,observed,outcome,notes
GIL_116,GIL_116::discover_mage_secret_enters_battlefield,Battlecry offers three Mage Secret choices; selecting one places that Secret directly on the battlefield while the 2/2 Keysmith remains in play.,"body=GIL_116:2/2:PLAY;offered=[('FP1_018', 4, 5, 'SETASIDE'), ('AT_002', 4, 5, 'SETASIDE'), ('EX1_287', 4, 5, 'SETASIDE')];selected=FP1_018:4:SECRET;secrets=['FP1_018'];hand=[]",pass,batch=gil_a; 实际打出随从，检查三项 Discover、职业/法术/奥秘类型，选择一项后确认其在奥秘区而非手牌，并核对 2/2 本体。; EN=Battlecry: Discover a Secret. Put it into the battlefield.; ZH=战吼： 发现一张奥秘牌，并将其置入战场。; source=fireplace/cards/witchwood/mage.py:8; existing_tests=none; previous=YELLOW:4 个机制缺少充分的核心效果验证；逐机制依据见 card_mechanism.csv。
GIL_116,GIL_116::discover_when_secret_already_active,"With an existing Mage Secret active, Keysmith still offers three Mage Secrets; choosing a distinct one leaves both Secrets on the battlefield.","body=2/2:PLAY;existing=EX1_287:SECRET;offers=[('AT_002', 4, 5, True), ('EX1_294', 4, 5, True), ('EX1_289', 4, 5, True)];selected=AT_002:SECRET;secrets=['EX1_287', 'AT_002'];hand=[]",pass,batch=gil_a; 先实际施放法师奥秘，再打出Keysmith并选择与现有奥秘不同的选项；检查两张奥秘仍在SECRET区、选择不进入手牌且本体2/2。; EN=Battlecry: Discover a Secret. Put it into the battlefield.; ZH=战吼： 发现一张奥秘牌，并将其置入战场。; source=fireplace/cards/witchwood/mage.py:8; existing_tests=none; previous=YELLOW:4 个机制缺少充分的核心效果验证；逐机制依据见 card_mechanism.csv。
GIL_117,GIL_117::turn_end_hits_only_damaged_other_minions,"At its controller's end of turn, deal 2 to each other already-damaged minion on either side; leave undamaged minions unchanged.","worgen=6/6;damaged=(5, 5, 5)->(3,3);undamaged=5;zones=PLAY/PLAY",pass,"batch=gil_a; 友敌两侧各用实际法术预先造成伤害，另留一只未受伤随从；结束控制者回合后逐只核对生命值。; EN=At the end of your turn, deal 2 damage to all other damaged minions.; ZH=在你的回合结束时，对所有其他受伤的随从造成2点伤害。; source=fireplace/cards/witchwood/neutral_epic.py:8; existing_tests=none; previous=YELLOW:1 个机制缺少充分的核心效果验证；逐机制依据见 card_mechanism.csv。"
GIL_118,GIL_118::deathrattle_heals_controller,"When Deranged Doctor dies, restore exactly 8 Health to its controller's hero and do not heal the opponent.",hero=15->23;enemy=30->30;doctor=GRAVEYARD;friendly_field=[],pass,batch=gil_a; 先用15次月火将己方英雄降至15，再用8次月火击杀8/8医生，核对死亡区、英雄生命和敌方英雄。; EN=Deathrattle: Restore #8 Health to your hero.; ZH=亡语：为你的英雄恢复#8点生命值。; source=fireplace/cards/witchwood/neutral_common.py:8; existing_tests=none; previous=YELLOW:1 个机制缺少充分的核心效果验证；逐机制依据见 card_mechanism.csv。
GIL_119,GIL_119::aura_only_buffs_other_friendly_elementals,"Other friendly Elementals gain +2 Attack; the Cauldron itself, enemy Elementals, and friendly non-Elementals do not gain Attack.",cauldron=7/7;friendly_elemental=3/2;enemy_elemental=1/2;non_elemental=1/1,pass,batch=gil_a; 召唤本体、友方/敌方元素随从和友方非元素随从，直接检查四个实际攻击力。; EN=Your other Elementals have +2 Attack.; ZH=你的其他元素获得+2攻击力。; source=fireplace/cards/witchwood/neutral_common.py:15; existing_tests=none; previous=YELLOW:2 个机制缺少充分的核心效果验证；逐机制依据见 card_mechanism.csv。
GIL_120,GIL_120::printed_taunt_body,Furious Ettin is a 5/9 minion with Taunt.,body=GIL_120:5/9;taunt=1;zone=PLAY,pass,batch=gil_a; 真实召唤后断言基础攻防、嘲讽关键字及场区。; EN=Taunt; ZH=嘲讽; source=fireplace/cards/CardDefs.xml#GIL_120; existing_tests=none; previous=YELLOW:1 个机制缺少充分的核心效果验证；逐机制依据见 card_mechanism.csv。
GIL_121,GIL_121::spell_damage_increases_spell_damage,Darkmire Moonkin is a 2/8 with Spell Damage +2; a 1-damage Moonfire deals 3 to a minion.,moonkin=2/8;target=7->4;spell_damage=2,pass,batch=gil_a; 检查随从身材、玩家法伤值，并用实际月火核对目标损失3点生命。; EN=Spell Damage +2; ZH=法术伤害+2; source=fireplace/cards/CardDefs.xml#GIL_121; existing_tests=none; previous=YELLOW:1 个机制缺少充分的核心效果验证；逐机制依据见 card_mechanism.csv。
GIL_124,GIL_124::battlecry_destroys_low_attack_on_both_sides,"Mossy Horror destroys every other minion with 2 or less Attack on either side, while retaining itself and minions with more than 2 Attack.","horror=2/7:PLAY;low=GRAVEYARD/GRAVEYARD;high=3/5:PLAY;fields=['CS2_179', 'GIL_124']/[]",pass,batch=gil_a; 友敌各放置低攻目标，另放置3攻嘲讽随从；实际打出后检查每个实体的存活区和身材。; EN=Battlecry: Destroy all other minions with 2 or less Attack.; ZH=战吼：消灭所有其他攻击力小于或等于2的随从。; source=fireplace/cards/witchwood/neutral_epic.py:15; existing_tests=none; previous=YELLOW:1 个机制缺少充分的核心效果验证；逐机制依据见 card_mechanism.csv。
GIL_125,GIL_125::battlecry_distributes_three_hats,"The Battlecry gives exactly three total +1/+1 hats to other minions, allowing repeated hits on a minion but never buffing Mad Hatter itself.","hatter=3/2;other_before=[(0, 7), (0, 7)];deltas=[(1, 1), (2, 2)];enemy_zone=PLAY",pass,batch=gil_a; 在友敌各放置一个7血高血量目标，实测随机结果；汇总两目标增益必须恰为+3/+3。; EN=[x]Battlecry: Randomly toss 3 hats to other minions. Each hat gives +1/+1.; ZH=战吼：随机向其他随从丢出三顶帽子。每顶帽子可使随从获得+1/+1。; source=fireplace/cards/witchwood/neutral_rare.py:8; existing_tests=none; previous=YELLOW:2 个机制缺少充分的核心效果验证；逐机制依据见 card_mechanism.csv。
GIL_128,GIL_128::battlecry_doubles_only_minions_in_hand,"Emeriss doubles Attack and Health of each minion in hand, leaves spells unchanged, and is an 8/8 body.","emeriss=8/8;hand_minions=CS2_231:2/2,CS2_182:8/10;spell=CS2_029:4;hand=['CS2_231', 'CS2_182', 'CS2_029']",pass,batch=gil_a; 把1/1和4/5随从及法术留在手牌，打出艾莫莉丝后核对随从攻防翻倍、法术仍在手、本体8/8。; EN=Battlecry: Double the Attack and Health of all minions in your hand.; ZH=战吼：使你手牌中所有随从牌的攻击力和生命值翻倍。; source=fireplace/cards/witchwood/hunter.py:8; existing_tests=tests/test_witchwood.py:7:test_duskhaven_hunter; previous=YELLOW:1 个机制缺少充分的核心效果验证；逐机制依据见 card_mechanism.csv。
GIL_134,GIL_134::nonlethal_damage_no_copy,Holy Water deals 4 to a minion that survives and creates no copy.,target=5->1:PLAY;matching_hand=[],pass,"batch=gil_a; 对5血Yeti直接施放后核对余2血留场且手中无同名副本。; EN=Deal $4 damage to a minion. If that kills it, add a copy of it to your hand.; ZH=对一个随从造成$4点伤害。如果“圣水”消灭该随从，将一张该随从的复制置入你的手牌。; source=fireplace/cards/witchwood/priest.py:96; existing_tests=none; previous=YELLOW:2 个机制缺少充分的核心效果验证；逐机制依据见 card_mechanism.csv。"
GIL_134,GIL_134::lethal_damage_adds_copy,"If Holy Water kills its target, add a fresh copy of that minion to hand.","target=CS2_182:GRAVEYARD;before_spell=4;copies=[('CS2_182', 4, 5, 'HAND')]",pass,"batch=gil_a; 先对5血Yeti造成1点伤害，再施放圣水；检查原实体入墓地及一张满血Yeti副本入手。; EN=Deal $4 damage to a minion. If that kills it, add a copy of it to your hand.; ZH=对一个随从造成$4点伤害。如果“圣水”消灭该随从，将一张该随从的复制置入你的手牌。; source=fireplace/cards/witchwood/priest.py:96; existing_tests=none; previous=YELLOW:2 个机制缺少充分的核心效果验证；逐机制依据见 card_mechanism.csv。"
GIL_142,GIL_142::morph_each_turn_from_opponent_hand,"On successive owner turns, the in-hand card becomes a current hand copy of a card held by the opponent; inspect the active hand entities after each Morph.","original_now=GIL_142:SETASIDE;first=('CS2_182', 'HAND', 4, 5);active=[('CS2_029', 5, 'HAND', 4, None)];second_copy=('CS2_029', 5, 'HAND', 4, None)",pass,"batch=gil_a; 对手先持Yeti，首个己方回合检查现存手牌实体；随后替换成火球术，第二回合验证持续触发并查当前实体而非只信旧Morph引用。; EN=Each turn this is in your hand, transform it into a card your opponent is holding.; ZH=如果这张牌在你的手牌中，每个回合都会变成你对手手牌中的一张牌。; source=fireplace/cards/witchwood/priest.py:8; existing_tests=none; previous=YELLOW:2 个机制缺少充分的核心效果验证；逐机制依据见 card_mechanism.csv。"
GIL_142,GIL_142::empty_opponent_hand_no_transform,"If the opponent holds no cards when the owner turn begins, Chameleos stays in hand and does not fabricate a copy.","hand=[('GIL_142', 'HAND')];enemy_hand=0",pass,"batch=gil_a; 清空敌方手牌后推进完整回合，核对卡米洛斯仍在原手牌区且敌方手牌为空。; EN=Each turn this is in your hand, transform it into a card your opponent is holding.; ZH=如果这张牌在你的手牌中，每个回合都会变成你对手手牌中的一张牌。; source=fireplace/cards/witchwood/priest.py:8; existing_tests=none; previous=YELLOW:2 个机制缺少充分的核心效果验证；逐机制依据见 card_mechanism.csv。"
GIL_145,GIL_145::echo_repeats_and_buffs_same_minion,Echo returns a playable copy after the first cast; each cast gives its chosen minion +1/+2.,"target_first=(2, 3, 3);target_second=3/5/5;first_spell=GRAVEYARD;second_spell=GRAVEYARD;echo_copy=('GIL_145', 'HAND');mana=6",pass,batch=gil_a; 连续实际施放两次回声法术并选同一Wisp，检查每次攻防增量及回声副本持续回手。; EN=Echo Give a minion +1/+2.; ZH=回响 使一个随从获得+1/+2。; source=fireplace/cards/witchwood/paladin.py:57; existing_tests=tests/test_heuristic_agent.py:260:test_buff_is_not_cast_on_the_only_available_enemy_target | tests/test_heuristic_agent.py:274:test_zero_cost_echo_buff_does_not_repeat_forever | tests/test_misc.py:180:test_echo_cannot_be_reduced_below_1_mana; previous=YELLOW:3 个机制缺少充分的核心效果验证；逐机制依据见 card_mechanism.csv。
GIL_147,GIL_147::five_random_damage_enemy_only,"Deal 5 damage randomly split among enemies, with the amount correctly increased by any active Spell Damage; leave friendly characters untouched.","enemy_hero=30->25;enemy_minions=(7, 5)->(6, 5);friendly=7->7;total_enemy_damage=6",pass,batch=gil_a; 敌方英雄和两只高血量随从共同作为随机目标，并放置友方高血量随从；按实测当前法伤检查总敌方损失等于5加法伤且友方不变。; EN=Deal $5 damage randomly split among all enemies.; ZH=造成$5点伤害，随机分配到所有敌人身上。; source=fireplace/cards/witchwood/mage.py:75; existing_tests=none; previous=YELLOW:2 个机制缺少充分的核心效果验证；逐机制依据见 card_mechanism.csv。
GIL_147,GIL_147::hero_only_target_receives_all_damage,"When the enemy hero is the only enemy character, it receives all 5 damage.",enemy_hero=30->25;friendly_hero=30,pass,batch=gil_a; 无敌方随从时实际施放并逐点核对敌方英雄与己方英雄生命。; EN=Deal $5 damage randomly split among all enemies.; ZH=造成$5点伤害，随机分配到所有敌人身上。; source=fireplace/cards/witchwood/mage.py:75; existing_tests=none; previous=YELLOW:2 个机制缺少充分的核心效果验证；逐机制依据见 card_mechanism.csv。
GIL_152,GIL_152::self_damage_triggers_three_enemy_damage,"The non-attacking Gunspire deals 3 damage to a random enemy character when it takes damage; with only the enemy hero available, that hero loses 3.",gun=3/7:cant_attack=1;enemy_hero=27;enemy_field=[],pass,"batch=gil_a; 以实际月火造成炮塔自身1点伤害，敌方仅留英雄作为有效随机目标，同时核对炮塔场区、剩余生命、不可攻击及英雄失血。; EN=[x]Can't attack. Whenever this minion takes damage, deal 3 damage to a random enemy.; ZH=无法攻击。每当该随从受到伤害时，随机对一个敌人造成3点 伤害。; source=fireplace/cards/witchwood/warrior.py:8; existing_tests=none; previous=YELLOW:2 个机制缺少充分的核心效果验证；逐机制依据见 card_mechanism.csv。"
GIL_155,GIL_155::rush_cannot_hit_hero_and_damaged_attack_gains_three,"Redband Wasp has Rush, cannot attack the enemy hero on the turn it is summoned, and gains +3 Attack while damaged.",rush=1;atk_damaged=4;enemy_minion=3:PLAY;wasp=4/2;can_minion=True;can_hero=False,pass,batch=gil_a; 本回合召唤1/3蜂，验证Rush仅能选敌方随从；实际受伤后攻击0攻7血目标，核对攻击力4与目标损失。; EN=Rush Has +3 Attack while damaged.; ZH=突袭 受伤时具有+3攻 击力。; source=fireplace/cards/witchwood/warrior.py:15; existing_tests=none; previous=YELLOW:1 个机制缺少充分的核心效果验证；逐机制依据见 card_mechanism.csv。
GIL_156,GIL_156::attack_permission_tracks_damage_state,"After it has become ready, Quartz Elemental can attack while at full Health, but loses attack permission immediately when damaged.",body=5/7;before_damage=8;healthy_can_attack=True;damaged=1;damaged_can_attack=False;cant_attack=True,pass,batch=gil_a; 先结束一轮使5/8元素获得攻击准备，实际检查健康状态可攻击；再用月火造成1伤，重新检查当前攻击权限及CANT_ATTACK更新。; EN=Can't attack while damaged.; ZH=受伤时无法攻击。; source=fireplace/cards/witchwood/priest.py:37; existing_tests=none; previous=YELLOW:1 个机制缺少充分的核心效果验证；逐机制依据见 card_mechanism.csv。
GIL_188,GIL_188::choose_rush_four_two,Choosing Rush transforms the minion into a 4/2 with Rush; it can attack an enemy minion immediately but not the hero.,form=GIL_188t:4/2:rush=1:taunt=False;can_minion=True;can_hero=False;target=3,pass,batch=gil_a; 通过Choose One实际选择Rush分支，检查场上当前变形实体并立即攻击敌方随从，同时确认不能选敌方英雄。; EN=[x]Choose One - Transform into a 4/2 with Rush; or a 2/4 with Taunt.; ZH=抉择：将该随从变形成为4/2并具有突袭；或者将该随从变形成为2/4并具有嘲讽。; source=fireplace/cards/witchwood/druid.py:19; existing_tests=none; previous=YELLOW:2 个机制缺少充分的核心效果验证；逐机制依据见 card_mechanism.csv。
GIL_188,GIL_188::choose_taunt_two_four,Choosing Taunt transforms the minion into a 2/4 with Taunt and no Rush.,form=GIL_188t2:2/4:rush=False:taunt=1;zone=PLAY,pass,batch=gil_a; 新局选择嘲讽分支后直接读取场上的当前变形实体、身材、关键字和场区。; EN=[x]Choose One - Transform into a 4/2 with Rush; or a 2/4 with Taunt.; ZH=抉择：将该随从变形成为4/2并具有突袭；或者将该随从变形成为2/4并具有嘲讽。; source=fireplace/cards/witchwood/druid.py:19; existing_tests=none; previous=YELLOW:2 个机制缺少充分的核心效果验证；逐机制依据见 card_mechanism.csv。
GIL_190,GIL_190::healed_friendly_minion_summons_whelp,"Whenever a friendly minion is healed, summon one 3/3 Whelp.","matriarch=4/9;wounded=5->7;whelps=[(3, 3, 'PLAY')];field=['GIL_190', 'GIL_190t', 'CFM_039']",pass,"batch=gil_a; 场上有夜鳞龙后与受伤友方高血量随从，实际治疗后核对生命恢复及唯一一只3/3龙雏。; EN=Whenever a friendly minion is healed, summon a 3/3 Whelp.; ZH=每当一个友方随从获得治疗时，召唤一条3/3的雏龙。; source=fireplace/cards/witchwood/priest.py:44; existing_tests=none; previous=YELLOW:2 个机制缺少充分的核心效果验证；逐机制依据见 card_mechanism.csv。"
GIL_190,GIL_190::healing_hero_does_not_trigger,Healing only the friendly hero does not trigger a minion-heal effect.,hero=26->30;field=['GIL_190'],pass,"batch=gil_a; 只治疗己方英雄，核对生命确实恢复且未召唤龙雏，区分随从治疗触发范围。; EN=Whenever a friendly minion is healed, summon a 3/3 Whelp.; ZH=每当一个友方随从获得治疗时，召唤一条3/3的雏龙。; source=fireplace/cards/witchwood/priest.py:44; existing_tests=none; previous=YELLOW:2 个机制缺少充分的核心效果验证；逐机制依据见 card_mechanism.csv。"
GIL_191,GIL_191::summon_four_imps,Fiendish Circle summons four 1/1 Imps when four board slots are available.,"imps=[(1, 1, 'PLAY'), (1, 1, 'PLAY'), (1, 1, 'PLAY'), (1, 1, 'PLAY')];field_count=4",pass,batch=gil_a; 在空场实际施放，逐只检查四个衍生物身材、场区与数量。; EN=[x]Summon four 1/1 Imps.; ZH=召唤四个1/1的小鬼。; source=fireplace/cards/witchwood/warlock.py:83; existing_tests=none; previous=YELLOW:2 个机制缺少充分的核心效果验证；逐机制依据见 card_mechanism.csv。
GIL_191,GIL_191::cap_at_last_open_slot,"With six friendly minions before casting, the four-summon effect fills only the seventh slot and never overflows the board.","starting=6;final=7;imp_count=1;ids=['CS2_182', 'CS2_182', 'CS2_182', 'CS2_182', 'CS2_182', 'CS2_182', 'GIL_191t']",pass,batch=gil_a; 预先召唤六只Yeti占位后施放，逐实体核对最终场上正好七只、只出现一只Imp。; EN=[x]Summon four 1/1 Imps.; ZH=召唤四个1/1的小鬼。; source=fireplace/cards/witchwood/warlock.py:83; existing_tests=none; previous=YELLOW:2 个机制缺少充分的核心效果验证；逐机制依据见 card_mechanism.csv。
GIL_198,GIL_198::replace_hand_with_copies,Azalina removes the controller's old hand and replaces it with independent copies of every card in the opponent's hand.,"az=3/3:PLAY;p_hand=[('CS2_182', 4, 'HAND', 4, (4, 5)), ('CS2_029', 5, 'HAND', 4, None)];e_hand=[('CS2_182', 4, 'HAND', 4, (4, 5)), ('CS2_029', 5, 'HAND', 4, None)]",pass,batch=gil_a; 己方先持三张不同牌，敌方持Yeti与火球；打出后核对手牌ID多重集与数量完全对应，且副本对象不等于敌方原牌。; EN=Battlecry: Replace your hand with a copy of your opponent's.; ZH=战吼：将你的手牌替换成对手手牌的 复制。; source=fireplace/cards/witchwood/neutral_legendary.py:8; existing_tests=none; previous=YELLOW:1 个机制缺少充分的核心效果验证；逐机制依据见 card_mechanism.csv。
GIL_198,GIL_198::empty_enemy_hand_clears_own_hand,"If the opponent's hand is empty, Azalina clears the controller's hand without affecting her board presence.",p_hand=[];e_hand=0;az=GIL_198:PLAY,pass,batch=gil_a; 打出前己方持Wisp与火球并清空敌方手牌，核对战吼清空己手且阿扎莉娜仍在场。; EN=Battlecry: Replace your hand with a copy of your opponent's.; ZH=战吼：将你的手牌替换成对手手牌的 复制。; source=fireplace/cards/witchwood/neutral_legendary.py:8; existing_tests=none; previous=YELLOW:1 个机制缺少充分的核心效果验证；逐机制依据见 card_mechanism.csv。
GIL_200,GIL_200::hand_attack_health_swap_toggles,"While kept in hand, Duskhaven Hunter alternates its 2/5 and 5/2 Attack/Health forms at the start of its owner's successive turns.","first=('GIL_200t', 5, 2, 'HAND');second=('GIL_200', 2, 5, 'HAND');active=[('GIL_200', 4, 'HAND', 3, (2, 5))]",pass,"batch=gil_a; 连续推进两个真实己方回合，在每次变形后从当前手牌重新定位实体，断言5/2、2/5交替且仍在手牌。; EN=[x]Stealth Each turn this is in your hand, swap its Attack and Health.; ZH=潜行 如果这张牌在你的手牌中，每个回合使其攻击力和生命值互换。; source=fireplace/cards/witchwood/hunter.py:24; existing_tests=tests/test_witchwood.py:6:test_duskhaven_hunter; previous=YELLOW:2 个机制缺少充分的核心效果验证；逐机制依据见 card_mechanism.csv。"
GIL_201,GIL_201::hand_swap_and_lifesteal_attack,Pumpkin Peasant swaps its 2/4 stats to 4/2 while in hand at its turn start; when played its Lifesteal attack restores the controller for damage dealt.,"original=GIL_201:SETASIDE;hand_form=('GIL_201t', 4, 2, 1);board=GIL_201t:4/2:lifesteal=1;hero=25->29;dealt=4",pass,"batch=gil_a; 先实际降低己方英雄生命，推进Peasant手牌形态切换，再召唤并等到下一己方回合攻击敌方英雄；核对现行手牌形态、Lifesteal与治疗量。; EN=[x]Lifesteal Each turn this is in your hand, swap its Attack and Health.; ZH=吸血 如果这张牌在你的手牌中，每个回合使其攻击力和生命值互换。; source=fireplace/cards/witchwood/neutral_common.py:25; existing_tests=tests/test_misc.py:96:test_mirror_entity_and_pumpkin_peasant; previous=YELLOW:2 个机制缺少充分的核心效果验证；逐机制依据见 card_mechanism.csv。"
GIL_202,GIL_202::hand_swap_and_rush_divine_shield,"In hand, the Guard swaps from 3/8 to 8/3; it retains Rush and Divine Shield, attacks an enemy minion immediately, and cannot attack the enemy hero that turn.","hand_form=('GIL_202t', 8, 3);guard=GIL_202t:8/3:rush=1:shield=1;can_minion=True;can_hero=False;enemy=7;zone=PLAY",pass,"batch=gil_a; 推进一个己方回合触发手牌形态切换，打出后检查Rush、圣盾；对7血目标实际攻击并确认只可选随从。; EN=[x]Divine Shield, Rush Each turn this is in your hand, swap its Attack and Health.; ZH=圣盾，突袭 如果这张牌在你的手牌中，每个回合使其攻击力和生命值互换。; source=fireplace/cards/witchwood/neutral_rare.py:22; existing_tests=none; previous=YELLOW:3 个机制缺少充分的核心效果验证；逐机制依据见 card_mechanism.csv。"
GIL_203,GIL_203::enemy_spells_cost_five_more_until_next_turn,"Enemy spells cost 5 more during the opponent's next turn, then return to their normal costs at the Rebuke player's following turn.","enemy_mana=10->1;cost_during=(9, 9);played=GRAVEYARD;remaining_cost_after_expiry=4;p_health=24",pass,batch=gil_a; 对手预持两张4费火球；施放责难并结束回合，核对两张变9费；实际支付9费施放一张，再回到己方回合检查剩余火球恢复4费。; EN=Enemy spells cost (5) more next turn.; ZH=下个回合敌方法术的法力值消耗增加（5）点。; source=fireplace/cards/witchwood/paladin.py:71; existing_tests=none; previous=YELLOW:2 个机制缺少充分的核心效果验证；逐机制依据见 card_mechanism.csv。
GIL_207,GIL_207::echo_taunt_minion_replays,Phantom Militia is a 2/4 Taunt minion; Echo creates a hand copy that can be played again with the same body and Taunt.,"first=(2, 4, 1, <Zone.PLAY: 1>);second=GIL_207:2/4:taunt=1:PLAY;echo_copy=('GIL_207', 4, 'HAND', 3, (2, 4));field_count=2",pass,batch=gil_a; 连续打出两次实际回声民兵，检查首只和次只2/4嘲讽本体，以及回声副本再次回手。; EN=Echo Taunt; ZH=回响，嘲讽; source=fireplace/cards/CardDefs.xml#GIL_207; existing_tests=none; previous=YELLOW:2 个机制缺少充分的核心效果验证；逐机制依据见 card_mechanism.csv。
GIL_212,GIL_212::battlecry_gives_two_one_cost_minions,Ravencaller's Battlecry adds exactly two random 1-Cost minions to hand.,"added=[('BOT_079', 4, 'HAND', 1, (1, 1)), ('KAR_089', 4, 'HAND', 1, (1, 3))];count=2",pass,batch=gil_a; 空手牌实际打出唤鸦者，逐张检查新增牌的数量、随从类型、当前费用和手牌区。; EN=[x]Battlecry: Add two random 1-Cost minions to your hand.; ZH=战吼：随机将两张法力值消耗为（1）的随从牌置入你的手牌。; source=fireplace/cards/witchwood/neutral_common.py:41; existing_tests=none; previous=YELLOW:2 个机制缺少充分的核心效果验证；逐机制依据见 card_mechanism.csv。
GIL_213,GIL_213::battlecry_gives_one_two_cost_minion_each,Tanglefur Mystic is a 3/4 and adds one random 2-Cost minion to each player's hand.,"mystic=3/4:PLAY;friendly_hand=[('DRG_306', 4, 'HAND', 2, (2, 2))];enemy_hand=[('LOOT_062', 4, 'HAND', 2, (1, 1))]",pass,batch=gil_a; 双方空手牌时实际打出，分别检查两侧生成手牌恰一张、类型为随从、当前费用为2；另核对3/4本体。; EN=Battlecry: Add a random 2-Cost minion to each player's hand.; ZH=战吼： 随机将一张法力值消耗为（2）的随从牌置入每个玩家的手牌。; source=fireplace/cards/witchwood/neutral_common.py:48; existing_tests=none; previous=YELLOW:2 个机制缺少充分的核心效果验证；逐机制依据见 card_mechanism.csv。
GIL_504,GIL_504::hero_battlecry_and_passive_spell_generation,"Hagatha's Battlecry deals 3 to all minions only; after her passive power is active, playing a minion adds one random Shaman spell to hand.","hero=GIL_504:30;minions=GRAVEYARD/4/2;heroes=30->30,30->30;new_minion=['CFM_039', 'CS2_231'];passive_cards=[('YOD_041', 5, 'HAND', 10, None)]",pass,batch=gil_a; 以高血量友敌随从和Wisp实测英雄牌战吼，检查友敌生命/死亡区、双方英雄不变；随后实际打出Wisp并检查被动新加的Shaman法术。; EN=Battlecry: Deal 3 damage to all minions.; ZH=战吼：对所有随从造成3点伤害。; source=fireplace/cards/witchwood/shaman.py:105; existing_tests=none; previous=YELLOW:1 个机制缺少充分的核心效果验证；逐机制依据见 card_mechanism.csv。
GIL_506,GIL_506::echo_repeats_two_damage,"Each Echo cast deals 2 damage to its selected minion, increased by active Spell Damage, and Echo returns a second cast to hand.","target=7->5->3;spellpower=0;echo_copy=('GIL_506', 'HAND');spells=GRAVEYARD/GRAVEYARD",pass,batch=gil_a; 对7血高血量随从连续施放两次，按开局法伤核对每次扣血并检查回声副本与两张法术区。; EN=Echo  Deal $2 damage to a minion.; ZH=回响 对一个随从造成 $2点伤害。; source=fireplace/cards/witchwood/rogue.py:61; existing_tests=none; previous=YELLOW:3 个机制缺少充分的核心效果验证；逐机制依据见 card_mechanism.csv。
GIL_507,GIL_507::battlecry_counts_remaining_hand,"Bewitched Guardian gains +1 Health per other card remaining in hand when its Battlecry resolves, while retaining Taunt.","body=4/3/3;taunt=1;other_hand=['CS2_231', 'CS2_029']",pass,batch=gil_a; 打出前留两张手牌；随从离手后检查Guardian成长为4/3嘲讽且两张其他手牌未变。; EN=[x]Taunt Battlecry: Gain +1 Health  for each card in your hand.; ZH=嘲讽，战吼： 你每有一张手牌，便获得+1生命值。; source=fireplace/cards/witchwood/druid.py:36; existing_tests=none; previous=YELLOW:2 个机制缺少充分的核心效果验证；逐机制依据见 card_mechanism.csv。
GIL_507,GIL_507::empty_hand_base_taunt_body,"With no other cards in hand, Bewitched Guardian remains its printed 4/1 Taunt body.",body=4/1/1;taunt=1,pass,batch=gil_a; 空手牌实际打出后核对未凭空获得生命且保留嘲讽。; EN=[x]Taunt Battlecry: Gain +1 Health  for each card in your hand.; ZH=嘲讽，战吼： 你每有一张手牌，便获得+1生命值。; source=fireplace/cards/witchwood/druid.py:36; existing_tests=none; previous=YELLOW:2 个机制缺少充分的核心效果验证；逐机制依据见 card_mechanism.csv。
GIL_508,GIL_508::no_damage_no_bats,"Without hero damage during this turn, Duskbat summons no Bats.","hero=30->30;body=2/4;bats=[(1, 1), (1, 1)];field=['GIL_508t', 'GIL_508', 'GIL_508t']",confirmed_error,"batch=gil_a; 未对己方英雄造成伤害直接打出Duskbat，核对本体和场上无蝙蝠。; EN=Battlecry: If your hero took damage this turn, summon two 1/1 Bats.; ZH=战吼：如果你的英雄在本回合受到过伤害，召唤两只1/1的 蝙蝠。; source=fireplace/cards/witchwood/warlock.py:8; existing_tests=none; previous=YELLOW:2 个机制缺少充分的核心效果验证；逐机制依据见 card_mechanism.csv。"
GIL_508,GIL_508::hero_damage_summons_two_bats,"After the controller's hero takes damage this turn, Duskbat summons exactly two 1/1 Bats.","hero=30->28;body=2/4;bats=[(1, 1, 'PLAY'), (1, 1, 'PLAY')]",pass,"batch=gil_a; 本回合先实际使用术士英雄技能触发自伤，再打出Duskbat，核对英雄生命变化、两只衍生物的身材与场区。; EN=Battlecry: If your hero took damage this turn, summon two 1/1 Bats.; ZH=战吼：如果你的英雄在本回合受到过伤害，召唤两只1/1的 蝙蝠。; source=fireplace/cards/witchwood/warlock.py:8; existing_tests=none; previous=YELLOW:2 个机制缺少充分的核心效果验证；逐机制依据见 card_mechanism.csv。"
GIL_510,GIL_510::echo_only_trigger_buffs_mistwraith,Playing an Echo card gives Mistwraith +1/+1; playing a non-Echo card does not add another buff.,"mist=(3, 5)->(5, 8)->(5, 8);echo_copy=True;hero=29",pass,"batch=gil_a; 先实际打出回声法术并定位回手副本，再打出月火作为非Echo对照，前后读取迷雾幽灵身材。; EN=Whenever you play an Echo card, gain +1/+1.; ZH=每当你使用一张回响牌时，获得+1/+1。; source=fireplace/cards/witchwood/rogue.py:8; existing_tests=none; previous=YELLOW:1 个机制缺少充分的核心效果验证；逐机制依据见 card_mechanism.csv。"
GIL_513,GIL_513::deathrattle_buffs_friendly_attack,"When Lost Spirit dies, its friendly minions gain +1 Attack and enemy minions remain unchanged.",spirit=GRAVEYARD;friendly=2/1:PLAY;enemy=1/1:PLAY,pass,batch=gil_a; 实际击杀Lost Spirit，检查死亡区及友敌各一只Wisp的攻击力，确认只给友方加1攻击。; EN=Deathrattle: Give your minions +1 Attack.; ZH=亡语：使你的所有随从获得+1攻击力。; source=fireplace/cards/witchwood/neutral_common.py:55; existing_tests=none; previous=YELLOW:1 个机制缺少充分的核心效果验证；逐机制依据见 card_mechanism.csv。
GIL_515,GIL_515::battlecry_consumes_friendly_and_gains_stats,Ratcatcher destroys the selected friendly minion and gains its Attack and Health while retaining Rush.,"sacrificed=(4, 4, 5):GRAVEYARD;catcher=GIL_515:6/6/6:rush=1;enemy_field=[]",pass,batch=gil_a; 将4/5友方Yeti实际预伤至4点当前生命，选择它作为战吼目标；核对目标墓地、捕鼠人获得4攻击与4当前生命加成、且Rush留存。; EN=Rush Battlecry: Destroy a friendly minion and gain its Attack and Health.; ZH=突袭，战吼：消灭一个友方随从，并获得其攻击力和生命值。; source=fireplace/cards/witchwood/warlock.py:16; existing_tests=none; previous=YELLOW:3 个机制缺少充分的核心效果验证；逐机制依据见 card_mechanism.csv。
GIL_518,GIL_518::no_death_normal_cost,"Without a minion death this turn, Wing Blast costs 4 and deals 4 plus active Spell Damage to a minion.",cost=4;target=7->3;spellpower=0;zone=PLAY,pass,"batch=gil_a; 新局无死亡先记录卡牌费用与法伤，再对高血量随从施放并核对生命损失。; EN=Deal $4 damage to a minion. If a minion died this turn, this costs (1).; ZH=对一个随从造成$4点伤害。如果在本回合中有一个随从死亡，该牌的法力值消耗为（1）点。; source=fireplace/cards/witchwood/hunter.py:74; existing_tests=tests/test_witchwood.py:28:test_wing_blast; previous=YELLOW:5 个机制缺少充分的核心效果验证；逐机制依据见 card_mechanism.csv。"
GIL_518,GIL_518::death_this_turn_cost_one,"After a minion dies this turn, Wing Blast costs 1 while retaining its 4-damage effect plus Spell Damage.",killed_this_turn=0;cost=1;target=7->3;spellpower=0;dead_zone=GRAVEYARD,pass,"batch=gil_a; 先用真实月火击杀敌方Wisp，再将飞翼冲击加入手牌检查降费，随后对高血量目标实测伤害。; EN=Deal $4 damage to a minion. If a minion died this turn, this costs (1).; ZH=对一个随从造成$4点伤害。如果在本回合中有一个随从死亡，该牌的法力值消耗为（1）点。; source=fireplace/cards/witchwood/hunter.py:74; existing_tests=tests/test_witchwood.py:28:test_wing_blast; previous=YELLOW:5 个机制缺少充分的核心效果验证；逐机制依据见 card_mechanism.csv。"
GIL_526,GIL_526::holding_dragon_gets_plus_attack_taunt,Holding a Dragon as Wyrmguard enters play grants +1 Attack and Taunt.,held=EX1_563:24;guard=4/11:taunt=True:zone=PLAY,pass,"batch=gil_a; 手持真实龙族随从玛里苟斯后打出，检查龙留在手中且守卫成为4/11嘲讽。; EN=Battlecry: If you're holding a Dragon, gain +1 Attack and Taunt.; ZH=战吼：如果你的手牌中有龙牌，便获得+1攻击力和嘲讽。; source=fireplace/cards/witchwood/neutral_common.py:65; existing_tests=none; previous=YELLOW:1 个机制缺少充分的核心效果验证；逐机制依据见 card_mechanism.csv。"
GIL_526,GIL_526::no_dragon_no_bonus,"Without a Dragon in hand, Wyrmguard remains a 3/11 without Taunt.",guard=3/11:taunt=False,pass,"batch=gil_a; 空手牌直接打出并读取基础身材和嘲讽状态。; EN=Battlecry: If you're holding a Dragon, gain +1 Attack and Taunt.; ZH=战吼：如果你的手牌中有龙牌，便获得+1攻击力和嘲讽。; source=fireplace/cards/witchwood/neutral_common.py:65; existing_tests=none; previous=YELLOW:1 个机制缺少充分的核心效果验证；逐机制依据见 card_mechanism.csv。"
GIL_527,GIL_527::taunt_lifesteal_attack_heals,Felsoul Inquisitor is a 1/6 Taunt with Lifesteal; its 1-damage attack heals its controller for 1.,body=1/6:taunt=1:lifesteal=1;hero=25->26;target=6:PLAY,pass,batch=gil_a; 实际预先损失己方英雄生命，召唤1/6嘲讽吸血随从并推进到就绪回合；攻击0攻高血目标后检查敌方伤害与自身回复。; EN=Lifesteal Taunt; ZH=嘲讽，吸血; source=fireplace/cards/CardDefs.xml#GIL_527; existing_tests=none; previous=YELLOW:2 个机制缺少充分的核心效果验证；逐机制依据见 card_mechanism.csv。
GIL_528,GIL_528::hand_swap_and_rush_target_limit,Swift Messenger swaps from 2/6 to 6/2 while in hand; its Rush permits a same-turn attack on a minion but not the enemy hero.,"hand_form=('GIL_528t', 6, 2);messenger=GIL_528t:6/2:rush=1;can_minion=True;can_hero=False;target_zone=PLAY;messenger_zone=PLAY",pass,"batch=gil_a; 在手牌推进一轮后从当前手牌实体读取6/2形态，实际打出并攻击0攻7血敌方随从，验证Rush目标限制及双方实体最终区。; EN=[x]Rush Each turn this is in your hand, swap its Attack and Health.; ZH=突袭 如果这张牌在你的手牌中，每个回合使其攻击力和生命值互换。; source=fireplace/cards/witchwood/neutral_common.py:76; existing_tests=none; previous=YELLOW:2 个机制缺少充分的核心效果验证；逐机制依据见 card_mechanism.csv。"
GIL_529,GIL_529::hand_stats_swap_and_spell_damage_applies,Spellshifter swaps from 1/4 to 4/1 in hand and provides Spell Damage +1 after being played; a spell's damage reflects that bonus.,"hand_form=('GIL_529t', 4, 1);body=GIL_529t:4/1:spellpower=1;player_spellpower=0->1;target=7->5",pass,"batch=gil_a; 先记录基础法伤，推进一轮并在当前手牌定位4/1形态，打出后检查法伤关键字，再用月火对高血量目标核对基础伤害与总法伤。; EN=[x]Spell Damage +1 Each turn this is in your hand, swap its Attack and Health.; ZH=法术伤害+1 如果这张牌在你的手牌中，每个回合使其攻击力和生命值互换。; source=fireplace/cards/witchwood/neutral_common.py:92; existing_tests=none; previous=YELLOW:2 个机制缺少充分的核心效果验证；逐机制依据见 card_mechanism.csv。"
GIL_531,GIL_531::battlecry_shaman_spell_and_taunt,Witch's Apprentice is a 0/1 Taunt and adds one random Shaman spell to hand.,"body=0/1:taunt=1;hand=[('BRM_011', 5, 'HAND', 2, None)]",pass,batch=gil_a; 实际打出后检查0/1嘲讽本体与一张新增手牌的类型、职业及区。; EN=Taunt Battlecry: Add a random Shaman spell to your hand.; ZH=嘲讽，战吼：随机将一张萨满祭司法术牌置入你的手牌。; source=fireplace/cards/witchwood/shaman.py:19; existing_tests=none; previous=YELLOW:3 个机制缺少充分的核心效果验证；逐机制依据见 card_mechanism.csv。
GIL_534,GIL_534::hero_attack_gives_thug_plus_one_plus_one,"After its controller's hero attacks, Hench-Clan Thug gains +1/+1.","thug=(3, 3)->(4, 4);hero_attack=1;enemy_target=6:PLAY;weapon=CS2_091:3",pass,"batch=gil_a; 先将荆棘帮暴徒与敌方高血量目标置场，再实际装备1攻武器并由英雄攻击，核对事件后暴徒成长、目标生命和武器耐久。; EN=After your hero attacks, give this minion +1/+1.; ZH=在你的英雄攻击后，该随从获得+1/+1。; source=fireplace/cards/witchwood/neutral_common.py:108; existing_tests=none; previous=YELLOW:1 个机制缺少充分的核心效果验证；逐机制依据见 card_mechanism.csv。"
GIL_537,GIL_537::weapon_attack_is_damage_to_all_minions,"With a 1-Attack weapon in deck, Deadly Arsenal reveals but does not draw it and deals its Attack plus active Spell Damage to every minion on both sides.","weapon=CS2_091:DECK:in_deck=True;minions=(7, 5)->(5, 3);spell=GRAVEYARD",pass,batch=gil_a; 牌库仅放一把1攻武器，场上置放友敌高血随从；施放后核对武器仍在牌库、双方每只随从均损1攻加当前法伤。; EN=Reveal a weapon from your deck. Deal its Attack to all minions.; ZH=揭示你牌库中的一张武器牌。对所有随从造成等同于其攻击力的伤害。; source=fireplace/cards/witchwood/warrior.py:68; existing_tests=none; previous=YELLOW:2 个机制缺少充分的核心效果验证；逐机制依据见 card_mechanism.csv。
GIL_537,GIL_537::empty_weapon_deck_no_damage,"With no weapon in deck, Deadly Arsenal leaves minions unchanged.","no_weapon_deck=[];minions=(7, 5)->(7, 5);zones=PLAY/PLAY",pass,batch=gil_a; 牌库无武器时对相同高血随从施放，核对双方当前生命与场区不变。; EN=Reveal a weapon from your deck. Deal its Attack to all minions.; ZH=揭示你牌库中的一张武器牌。对所有随从造成等同于其攻击力的伤害。; source=fireplace/cards/witchwood/warrior.py:68; existing_tests=none; previous=YELLOW:2 个机制缺少充分的核心效果验证；逐机制依据见 card_mechanism.csv。
GIL_543,GIL_543::friendly_character_takes_two_then_discovers_demon,"Deals exactly 2 damage to the selected friendly character, offers three Demon minions, and places the selected Demon in hand.","target=PLAY/5/2;spell=GRAVEYARD;offered=[('BT_304', 'HAND'), ('EX1_319', 'SETASIDE'), ('CS2_059', 'SETASIDE')];selected=BT_304/HAND;hand=[('BT_304', 'HAND')]",pass,batch=gil_b; EN=Deal $2 damage to a friendly character. Discover a Demon.; ZH=对一个友方角色造成$2点伤害。发现一张恶魔牌。; source=fireplace/cards/witchwood/warlock.py:90; existing_tests=none; prior_card=YELLOW:4 个机制缺少充分的核心效果验证；逐机制依据见 card_mechanism.csv。; prior_mechanisms=Discover / Choice=YELLOW:存在定义或元数据候选；当前没有可复查的该机制核心效果断言。 | Random effects=YELLOW:存在定义或元数据候选；当前没有可复查的该机制核心效果断言。 | Spell resolution=YELLOW:存在定义或元数据候选；当前没有可复查的该机制核心效果断言。 | Targeting=YELLOW:缺目标与非法自身目标均在付费/移区前被拒绝；合法目标效果仍需逐卡验证。; related_mechanism_issues=none
GIL_545,GIL_545::rush_minion_attacks_and_shield_absorbs_combat,Ghostly Charger is a 3/4 with Rush and Divine Shield; a same-turn minion attack removes its Shield and it survives combat.,"before=(3, 4, 1, 1);attack_error=None;charger=PLAY/3/4/shield:False;target=PLAY/2/3",pass,batch=gil_b; EN=Divine Shield Rush; ZH=圣盾，突袭; source=fireplace/cards/CardDefs.xml#GIL_545; existing_tests=none; prior_card=YELLOW:2 个机制缺少充分的核心效果验证；逐机制依据见 card_mechanism.csv。; prior_mechanisms=Divine Shield=YELLOW:存在定义或元数据候选；当前没有可复查的该机制核心效果断言。 | Rush=YELLOW:存在定义或元数据候选；当前没有可复查的该机制核心效果断言。; related_mechanism_issues=none
GIL_545,GIL_545::rush_cannot_attack_hero_on_entry_turn,Ghostly Charger cannot attack the enemy hero on the turn it is played.,error=InvalidAction;charger=PLAY;hero=30;rush=1;attacks=0,pass,batch=gil_b; EN=Divine Shield Rush; ZH=圣盾，突袭; source=fireplace/cards/CardDefs.xml#GIL_545; existing_tests=none; prior_card=YELLOW:2 个机制缺少充分的核心效果验证；逐机制依据见 card_mechanism.csv。; prior_mechanisms=Divine Shield=YELLOW:存在定义或元数据候选；当前没有可复查的该机制核心效果断言。 | Rush=YELLOW:存在定义或元数据候选；当前没有可复查的该机制核心效果断言。; related_mechanism_issues=none
GIL_547,GIL_547::rush_attack_kill_grants_plus_two_plus_two,Darius can attack a minion immediately and gains +2/+2 after killing it.,error=None;crowley=PLAY/6/5/max:6/damage:1;target=GRAVEYARD,pass,"batch=gil_b; EN=[x]Rush After this attacks and kills a minion, gain +2/+2.; ZH=突袭 在克罗雷攻击并消灭一个随从后，获得+2/+2。; source=fireplace/cards/witchwood/warrior.py:25; existing_tests=none; prior_card=YELLOW:2 个机制缺少充分的核心效果验证；逐机制依据见 card_mechanism.csv。; prior_mechanisms=Rush=YELLOW:存在定义或元数据候选；当前没有可复查的该机制核心效果断言。 | Trigger=YELLOW:存在定义或元数据候选；当前没有可复查的该机制核心效果断言。; related_mechanism_issues=none"
GIL_547,GIL_547::rush_attack_without_kill_does_not_buff,Attacking but failing to kill a minion grants no +2/+2.,error=None;crowley=PLAY/4/4/2;target=PLAY/4,pass,"batch=gil_b; EN=[x]Rush After this attacks and kills a minion, gain +2/+2.; ZH=突袭 在克罗雷攻击并消灭一个随从后，获得+2/+2。; source=fireplace/cards/witchwood/warrior.py:25; existing_tests=none; prior_card=YELLOW:2 个机制缺少充分的核心效果验证；逐机制依据见 card_mechanism.csv。; prior_mechanisms=Rush=YELLOW:存在定义或元数据候选；当前没有可复查的该机制核心效果断言。 | Trigger=YELLOW:存在定义或元数据候选；当前没有可复查的该机制核心效果断言。; related_mechanism_issues=none"
GIL_548,GIL_548::draw_three_discard_drawn_spells,Draws three cards and discards any spell among those draws while keeping the drawn minions.,"book=GRAVEYARD;minions=[('EX1_399', 'HAND'), ('CS2_182', 'HAND')];discarded_spell=REMOVEDFROMGAME;hand=['CS2_182', 'EX1_399'];deck=[]",pass,batch=gil_b; EN=Draw 3 cards. Discard any spells drawn.; ZH=抽三张牌。 弃掉抽到的所有法术牌。; source=fireplace/cards/witchwood/mage.py:82; existing_tests=none; prior_card=YELLOW:2 个机制缺少充分的核心效果验证；逐机制依据见 card_mechanism.csv。; prior_mechanisms=Draw / Discard=YELLOW:存在定义或元数据候选；当前没有可复查的该机制核心效果断言。 | Spell resolution=YELLOW:存在定义或元数据候选；当前没有可复查的该机制核心效果断言。; related_mechanism_issues=none
GIL_549,GIL_549::battlecry_adds_past_legendary_minion,Toki adds exactly one Legendary minion to hand and remains a 5/5 on board.,"toki=PLAY/5/5;generated=[('AT_063', '5', 'HAND', 3)];hand=['AT_063']",pass,batch=gil_b; EN=[x]Battlecry: Add a random Legendary minion from the past to your hand.; ZH=战吼：随机将一张狂野传说随从牌置入你的手牌。; source=fireplace/cards/witchwood/mage.py:23; existing_tests=none; prior_card=YELLOW:2 个机制缺少充分的核心效果验证；逐机制依据见 card_mechanism.csv。; prior_mechanisms=Battlecry=YELLOW:存在定义或元数据候选；当前没有可复查的该机制核心效果断言。 | Random effects=YELLOW:存在定义或元数据候选；当前没有可复查的该机制核心效果断言。; related_mechanism_issues=none
GIL_553,GIL_553::summons_one_wisp_per_other_hand_card,Summons one 1/1 Wisp for each card remaining in hand when the spell resolves.,"spell=GRAVEYARD;hand_before=['CS2_231', 'EX1_399', 'CS2_182'];wisps=[(1, 1), (1, 1), (1, 1)];field=['GIL_553t', 'GIL_553t', 'GIL_553t']",pass,batch=gil_b; EN=[x]Summon a 1/1 Wisp for each card in your hand.; ZH=你每有一张手牌，便召唤一个1/1的小精灵。; source=fireplace/cards/witchwood/druid.py:87; existing_tests=none; prior_card=YELLOW:2 个机制缺少充分的核心效果验证；逐机制依据见 card_mechanism.csv。; prior_mechanisms=Spell resolution=YELLOW:存在定义或元数据候选；当前没有可复查的该机制核心效果断言。 | Summon=YELLOW:存在定义或元数据候选；当前没有可复查的该机制核心效果断言。; related_mechanism_issues=none
GIL_553,GIL_553::wisps_respect_board_slots,"With six minions already in play and two cards in hand, only one Wisp fits.","spell=GRAVEYARD;remaining_hand=['CS2_231', 'EX1_399'];field_count=7;wisps=1",pass,batch=gil_b; EN=[x]Summon a 1/1 Wisp for each card in your hand.; ZH=你每有一张手牌，便召唤一个1/1的小精灵。; source=fireplace/cards/witchwood/druid.py:87; existing_tests=none; prior_card=YELLOW:2 个机制缺少充分的核心效果验证；逐机制依据见 card_mechanism.csv。; prior_mechanisms=Spell resolution=YELLOW:存在定义或元数据候选；当前没有可复查的该机制核心效果断言。 | Summon=YELLOW:存在定义或元数据候选；当前没有可复查的该机制核心效果断言。; related_mechanism_issues=none
GIL_557,GIL_557::rush_and_deathrattle_draws_combo_card,Cursed Castaway has Rush and draws the only Combo card from the deck when it dies.,"attack_error=None;attack_state=('PLAY', 1, 5);castaway=GRAVEYARD;combo=EX1_124/HAND;hand=['EX1_124']",pass,batch=gil_b; EN=Rush Deathrattle: Draw a Combo card from your deck.; ZH=突袭，亡语： 从你的牌库中抽一张连击牌。; source=fireplace/cards/witchwood/rogue.py:18; existing_tests=none; prior_card=YELLOW:3 个机制缺少充分的核心效果验证；逐机制依据见 card_mechanism.csv。; prior_mechanisms=Deathrattle=YELLOW:存在效果脚本；烟测仅验证执行和基础状态，缺少充分逐卡效果断言。 | Draw / Discard=YELLOW:存在定义或元数据候选；当前没有可复查的该机制核心效果断言。 | Rush=YELLOW:存在定义或元数据候选；当前没有可复查的该机制核心效果断言。; related_mechanism_issues=none
GIL_557,GIL_557::no_combo_card_means_no_draw,"If the deck has no Combo card, the Deathrattle draws nothing.",castaway=GRAVEYARD;unrelated=DECK;hand=[],pass,batch=gil_b; EN=Rush Deathrattle: Draw a Combo card from your deck.; ZH=突袭，亡语： 从你的牌库中抽一张连击牌。; source=fireplace/cards/witchwood/rogue.py:18; existing_tests=none; prior_card=YELLOW:3 个机制缺少充分的核心效果验证；逐机制依据见 card_mechanism.csv。; prior_mechanisms=Deathrattle=YELLOW:存在效果脚本；烟测仅验证执行和基础状态，缺少充分逐卡效果断言。 | Draw / Discard=YELLOW:存在定义或元数据候选；当前没有可复查的该机制核心效果断言。 | Rush=YELLOW:存在定义或元数据候选；当前没有可复查的该机制核心效果断言。; related_mechanism_issues=none
GIL_558,GIL_558::lifesteal_attack_restores_hero_health,Swamp Leech heals its controller for the damage it deals while attacking the enemy hero.,lifesteal=1;attack_error=None;hero=25->27;enemy=28;leech=PLAY/2,pass,batch=gil_b; EN=Lifesteal; ZH=吸血; source=fireplace/cards/CardDefs.xml#GIL_558; existing_tests=none; prior_card=YELLOW:1 个机制缺少充分的核心效果验证；逐机制依据见 card_mechanism.csv。; prior_mechanisms=Lifesteal=YELLOW:存在定义或元数据候选；当前没有可复查的该机制核心效果断言。; related_mechanism_issues=none
GIL_561,GIL_561::battlecry_refreshes_used_hero_power,"After using the Hero Power once, Blackwald Pixie refreshes it for a second use that turn.",first_error=None;pixie=PLAY;second_error=None;enemy_health=28,pass,batch=gil_b; EN=Battlecry: Refresh your Hero Power.; ZH=战吼：复原你的英雄技能。; source=fireplace/cards/witchwood/neutral_common.py:118; existing_tests=none; prior_card=YELLOW:1 个机制缺少充分的核心效果验证；逐机制依据见 card_mechanism.csv。; prior_mechanisms=Battlecry=YELLOW:存在定义或元数据候选；当前没有可复查的该机制核心效果断言。; related_mechanism_issues=none
GIL_562,GIL_562::poisonous_rush_kills_larger_minion,Vilebrood Skitterer can attack immediately and Poisonous kills a larger minion in combat.,error=None;skitterer=PLAY/1/1/poison:1/rush:1;target=GRAVEYARD/0,pass,batch=gil_b; EN=Poisonous Rush; ZH=剧毒，突袭; source=fireplace/cards/CardDefs.xml#GIL_562; existing_tests=none; prior_card=YELLOW:2 个机制缺少充分的核心效果验证；逐机制依据见 card_mechanism.csv。; prior_mechanisms=Poisonous=YELLOW:存在定义或元数据候选；当前没有可复查的该机制核心效果断言。 | Rush=YELLOW:存在定义或元数据候选；当前没有可复查的该机制核心效果断言。; related_mechanism_issues=none
GIL_565,GIL_565::undamaged_hero_does_not_grant_lifesteal,"Without hero damage this turn, Deathweb Spider does not gain Lifesteal.",hero_health=30;spider=PLAY/True,confirmed_error,"batch=gil_b; EN=Battlecry: If your hero took damage this turn, gain Lifesteal.; ZH=战吼：如果你的英雄在本回合受到过伤害，获得吸血。; source=fireplace/cards/witchwood/warlock.py:32; existing_tests=none; prior_card=YELLOW:1 个机制缺少充分的核心效果验证；逐机制依据见 card_mechanism.csv。; prior_mechanisms=Battlecry=YELLOW:存在定义或元数据候选；当前没有可复查的该机制核心效果断言。; related_mechanism_issues=none"
GIL_565,GIL_565::damaged_hero_grants_lifesteal,"If its hero took damage this turn, Deathweb Spider gains Lifesteal.",hero=29/1;spider=PLAY/lifesteal:True,pass,"batch=gil_b; EN=Battlecry: If your hero took damage this turn, gain Lifesteal.; ZH=战吼：如果你的英雄在本回合受到过伤害，获得吸血。; source=fireplace/cards/witchwood/warlock.py:32; existing_tests=none; prior_card=YELLOW:1 个机制缺少充分的核心效果验证；逐机制依据见 card_mechanism.csv。; prior_mechanisms=Battlecry=YELLOW:存在定义或元数据候选；当前没有可复查的该机制核心效果断言。; related_mechanism_issues=none"
GIL_571,GIL_571::summons_copy_of_dead_friendly_beast,Witching Hour summons a copy of the sole friendly Beast that died this game.,"dead=GIL_558/20/GRAVEYARD;spell=GRAVEYARD;copies=[('GIL_558', 2, 1, 20)]",pass,batch=gil_b; EN=Summon a random friendly Beast that died this game.; ZH=随机召唤一个在本局对战中死亡的友方野兽。; source=fireplace/cards/witchwood/druid.py:94; existing_tests=none; prior_card=YELLOW:3 个机制缺少充分的核心效果验证；逐机制依据见 card_mechanism.csv。; prior_mechanisms=Random effects=YELLOW:存在定义或元数据候选；当前没有可复查的该机制核心效果断言。 | Spell resolution=YELLOW:存在定义或元数据候选；当前没有可复查的该机制核心效果断言。 | Summon=YELLOW:存在定义或元数据候选；当前没有可复查的该机制核心效果断言。; related_mechanism_issues=none
GIL_571,GIL_571::no_dead_beast_blocks_play,"Without a friendly Beast death this game, Witching Hour is rejected without payment or zone change.",error=InvalidAction;spell=HAND;used=0/0;field=[],pass,batch=gil_b; EN=Summon a random friendly Beast that died this game.; ZH=随机召唤一个在本局对战中死亡的友方野兽。; source=fireplace/cards/witchwood/druid.py:94; existing_tests=none; prior_card=YELLOW:3 个机制缺少充分的核心效果验证；逐机制依据见 card_mechanism.csv。; prior_mechanisms=Random effects=YELLOW:存在定义或元数据候选；当前没有可复查的该机制核心效果断言。 | Spell resolution=YELLOW:存在定义或元数据候选；当前没有可复查的该机制核心效果断言。 | Summon=YELLOW:存在定义或元数据候选；当前没有可复查的该机制核心效果断言。; related_mechanism_issues=none
GIL_577,GIL_577::rat_trap_triggers_after_third_opponent_card,"Rat Trap remains armed after two opponent cards, then is consumed and summons one 6/6 Rat after the third.","after_two=('SECRET', 0);opponent_cards=3;secret=SECRET/True;rats=[];controller_field=[];enemy_turn=True",confirmed_error,"batch=gil_b; EN=[x]Secret: After your opponent plays three cards in a turn, summon a 6/6 Rat.; ZH=奥秘：当你的对手在一回合中使用三张牌后，召唤一只6/6的老鼠。; source=fireplace/cards/witchwood/hunter.py:88; existing_tests=none; prior_card=YELLOW:4 个机制缺少充分的核心效果验证；逐机制依据见 card_mechanism.csv。; prior_mechanisms=Secret=YELLOW:存在定义或元数据候选；当前没有可复查的该机制核心效果断言。 | Spell resolution=YELLOW:存在定义或元数据候选；当前没有可复查的该机制核心效果断言。 | Summon=YELLOW:存在定义或元数据候选；当前没有可复查的该机制核心效果断言。 | Trigger=YELLOW:存在定义或元数据候选；当前没有可复查的该机制核心效果断言。; related_mechanism_issues=BOARD-001(confirmed):FULL_BOARD 与 Count(FRIENDLY_MINIONS) 忽略休眠随从占用的场位。ICC_200 在六个活动随从加一个休眠随从满场时消耗奥秘却未召出眼镜蛇；ICC_054 在五个活动随从加一个休眠随从、召出首只甲虫填满场后继续递归并抛 RecursionError。UNG_111 在休眠体占满第七格时扣光8颗水晶却没有召出树人。普通满场对照均未出现相同错误。"
GIL_577,GIL_577::dormant_full_board_keeps_secret_armed,Six active minions plus one Dormant minion fill all seven slots; the Secret must not misread this as an open slot.,Cannot isolate full-board/Dormant gating: after 3 opponent cards Rat Trap stayed SECRET and summoned 0 Rats.,inconclusive,"batch=gil_b; EN=[x]Secret: After your opponent plays three cards in a turn, summon a 6/6 Rat.; ZH=奥秘：当你的对手在一回合中使用三张牌后，召唤一只6/6的老鼠。; source=fireplace/cards/witchwood/hunter.py:88; existing_tests=none; prior_card=YELLOW:4 个机制缺少充分的核心效果验证；逐机制依据见 card_mechanism.csv。; prior_mechanisms=Secret=YELLOW:存在定义或元数据候选；当前没有可复查的该机制核心效果断言。 | Spell resolution=YELLOW:存在定义或元数据候选；当前没有可复查的该机制核心效果断言。 | Summon=YELLOW:存在定义或元数据候选；当前没有可复查的该机制核心效果断言。 | Trigger=YELLOW:存在定义或元数据候选；当前没有可复查的该机制核心效果断言。; related_mechanism_issues=BOARD-001(confirmed):FULL_BOARD 与 Count(FRIENDLY_MINIONS) 忽略休眠随从占用的场位。ICC_200 在六个活动随从加一个休眠随从满场时消耗奥秘却未召出眼镜蛇；ICC_054 在五个活动随从加一个休眠随从、召出首只甲虫填满场后继续递归并抛 RecursionError。UNG_111 在休眠体占满第七格时扣光8颗水晶却没有召出树人。普通满场对照均未出现相同错误。"
GIL_578,GIL_578::draws_rush_lifesteal_and_deathrattle_cards,"Countess Ashmore draws one Rush, one Lifesteal, and one Deathrattle card from the deck.","ashmore=PLAY;drawn=[('GIL_545', 'HAND'), ('GIL_558', 'HAND'), ('GIL_616', 'HAND')];hand=['GIL_545', 'GIL_558', 'GIL_616'];deck=[]",pass,"batch=gil_b; EN=[x]Battlecry: Draw a Rush, Lifesteal, and Deathrattle card from your deck.; ZH=战吼：从你的牌库中抽一张突袭牌、吸血牌和亡语牌。; source=fireplace/cards/witchwood/neutral_legendary.py:15; existing_tests=none; prior_card=YELLOW:2 个机制缺少充分的核心效果验证；逐机制依据见 card_mechanism.csv。; prior_mechanisms=Battlecry=YELLOW:存在定义或元数据候选；当前没有可复查的该机制核心效果断言。 | Draw / Discard=YELLOW:存在定义或元数据候选；当前没有可复查的该机制核心效果断言。; related_mechanism_issues=none"
GIL_580,GIL_580::town_crier_draws_rush_minion,Town Crier draws the eligible Rush minion and leaves a non-Rush minion in the deck.,crier=PLAY;rush=GIL_545/1/HAND;nonrush=EX1_399/False/DECK;hand=['GIL_545'],pass,batch=gil_b; EN=Battlecry: Draw a Rush minion from your deck.; ZH=战吼：从你的牌库中抽一张具有突袭的随从牌。; source=fireplace/cards/witchwood/warrior.py:37; existing_tests=none; prior_card=YELLOW:2 个机制缺少充分的核心效果验证；逐机制依据见 card_mechanism.csv。; prior_mechanisms=Battlecry=YELLOW:存在定义或元数据候选；当前没有可复查的该机制核心效果断言。 | Draw / Discard=YELLOW:存在定义或元数据候选；当前没有可复查的该机制核心效果断言。; related_mechanism_issues=none
GIL_581,GIL_581::sandbinder_draws_elemental,Sandbinder draws the eligible Elemental and leaves the non-Elemental in the deck.,sandbinder=PLAY;elemental=GIL_645/18/HAND;other=EX1_399/0/DECK;hand=['GIL_645'],pass,batch=gil_b; EN=Battlecry: Draw an Elemental from your deck.; ZH=战吼：从你的牌库中抽一张元素牌。; source=fireplace/cards/witchwood/neutral_epic.py:22; existing_tests=none; prior_card=YELLOW:2 个机制缺少充分的核心效果验证；逐机制依据见 card_mechanism.csv。; prior_mechanisms=Battlecry=YELLOW:存在定义或元数据候选；当前没有可复查的该机制核心效果断言。 | Draw / Discard=YELLOW:存在定义或元数据候选；当前没有可复查的该机制核心效果断言。; related_mechanism_issues=none
GIL_583,GIL_583::destroys_totems_and_gains_two_two_each,Totem Cruncher destroys two friendly Totems and gains exactly +4/+4 without affecting another minion.,"cruncher=PLAY/6/7/max:7/taunt:1;totems=[('CS2_050', 'GRAVEYARD'), ('CS2_051', 'GRAVEYARD')];other=CS2_231/1/1/PLAY",pass,batch=gil_b; EN=Taunt Battlecry: Destroy your Totems. Gain +2/+2 for each destroyed.; ZH=嘲讽，战吼：摧毁你的所有图腾。每摧毁一个图腾，便获得+2/+2。; source=fireplace/cards/witchwood/shaman.py:26; existing_tests=none; prior_card=YELLOW:2 个机制缺少充分的核心效果验证；逐机制依据见 card_mechanism.csv。; prior_mechanisms=Battlecry=YELLOW:存在定义或元数据候选；当前没有可复查的该机制核心效果断言。 | Taunt=YELLOW:存在定义或元数据候选；当前没有可复查的该机制核心效果断言。; related_mechanism_issues=none
GIL_583,GIL_583::no_totems_means_no_buff,"With no Totems, Totem Cruncher keeps its base stats and Taunt.",cruncher=PLAY/2/3/taunt:1;other=CS2_231/PLAY,pass,batch=gil_b; EN=Taunt Battlecry: Destroy your Totems. Gain +2/+2 for each destroyed.; ZH=嘲讽，战吼：摧毁你的所有图腾。每摧毁一个图腾，便获得+2/+2。; source=fireplace/cards/witchwood/shaman.py:26; existing_tests=none; prior_card=YELLOW:2 个机制缺少充分的核心效果验证；逐机制依据见 card_mechanism.csv。; prior_mechanisms=Battlecry=YELLOW:存在定义或元数据候选；当前没有可复查的该机制核心效果断言。 | Taunt=YELLOW:存在定义或元数据候选；当前没有可复查的该机制核心效果断言。; related_mechanism_issues=none
GIL_584,GIL_584::draws_lowest_cost_minion,Witchwood Piper draws the lowest-Cost minion and leaves the higher-Cost minion in deck.,piper=PLAY;cheapest=CS2_231/0/HAND;higher=EX1_399/5/DECK;hand=['CS2_231'],pass,batch=gil_b; EN=[x]Battlecry: Draw the lowest Cost minion from your deck.; ZH=战吼：从你的牌库中抽一张法力值消耗最低的随从牌。; source=fireplace/cards/witchwood/neutral_rare.py:39; existing_tests=none; prior_card=YELLOW:2 个机制缺少充分的核心效果验证；逐机制依据见 card_mechanism.csv。; prior_mechanisms=Battlecry=YELLOW:存在定义或元数据候选；当前没有可复查的该机制核心效果断言。 | Draw / Discard=YELLOW:存在定义或元数据候选；当前没有可复查的该机制核心效果断言。; related_mechanism_issues=none
GIL_584,GIL_584::no_minions_means_no_draw,"If the deck contains no minions, Witchwood Piper draws no card.",piper=PLAY;spell=CS2_029/DECK;hand=[];deck=['CS2_029'],pass,batch=gil_b; EN=[x]Battlecry: Draw the lowest Cost minion from your deck.; ZH=战吼：从你的牌库中抽一张法力值消耗最低的随从牌。; source=fireplace/cards/witchwood/neutral_rare.py:39; existing_tests=none; prior_card=YELLOW:2 个机制缺少充分的核心效果验证；逐机制依据见 card_mechanism.csv。; prior_mechanisms=Battlecry=YELLOW:存在定义或元数据候选；当前没有可复查的该机制核心效果断言。 | Draw / Discard=YELLOW:存在定义或元数据候选；当前没有可复查的该机制核心效果断言。; related_mechanism_issues=none
GIL_586,GIL_586::elemental_target_buffs_and_adds_elemental,Earthen Might gives the Elemental +2/+2 and adds one Elemental card to hand.,"spell=GRAVEYARD;target=GIL_645/18/7/7;generated=[('GIL_119', 18, 'HAND')]",pass,"batch=gil_b; EN=[x]Give a minion +2/+2. If it's an Elemental, add a random Elemental to your hand.; ZH=使一个随从获得+2/+2。如果该随从是元素，则随机将一张元素牌置入你的手牌。; source=fireplace/cards/witchwood/shaman.py:66; existing_tests=none; prior_card=YELLOW:3 个机制缺少充分的核心效果验证；逐机制依据见 card_mechanism.csv。; prior_mechanisms=Random effects=YELLOW:存在定义或元数据候选；当前没有可复查的该机制核心效果断言。 | Spell resolution=YELLOW:存在定义或元数据候选；当前没有可复查的该机制核心效果断言。 | Targeting=YELLOW:缺目标与非法自身目标均在付费/移区前被拒绝；合法目标效果仍需逐卡验证。; related_mechanism_issues=none"
GIL_586,GIL_586::non_elemental_target_only_buffs,Earthen Might gives a non-Elemental +2/+2 without adding a card.,spell=GRAVEYARD;target=CS2_231/3/3;hand=[],pass,"batch=gil_b; EN=[x]Give a minion +2/+2. If it's an Elemental, add a random Elemental to your hand.; ZH=使一个随从获得+2/+2。如果该随从是元素，则随机将一张元素牌置入你的手牌。; source=fireplace/cards/witchwood/shaman.py:66; existing_tests=none; prior_card=YELLOW:3 个机制缺少充分的核心效果验证；逐机制依据见 card_mechanism.csv。; prior_mechanisms=Random effects=YELLOW:存在定义或元数据候选；当前没有可复查的该机制核心效果断言。 | Spell resolution=YELLOW:存在定义或元数据候选；当前没有可复查的该机制核心效果断言。 | Targeting=YELLOW:缺目标与非法自身目标均在付费/移区前被拒绝；合法目标效果仍需逐卡验证。; related_mechanism_issues=none"
GIL_596,GIL_596::hero_attack_buffs_all_friendly_minions,"After the hero attacks with Silver Sword, all friendly minions gain +1/+1 and the weapon loses one durability.","weapon=PLAY/3/3;before=[(1, 1), (2, 7)];after=[(2, 2), (3, 8)];enemy_hero=27",pass,"batch=gil_b; EN=After your hero attacks, give your minions +1/+1.; ZH=在你的英雄攻击后，你的所有随从获得+1/+1。; source=fireplace/cards/witchwood/paladin.py:97; existing_tests=none; prior_card=YELLOW:2 个机制缺少充分的核心效果验证；逐机制依据见 card_mechanism.csv。; prior_mechanisms=Trigger=YELLOW:存在定义或元数据候选；当前没有可复查的该机制核心效果断言。 | Weapon=YELLOW:存在定义或元数据候选；当前没有可复查的该机制核心效果断言。; related_mechanism_issues=none"
GIL_598,GIL_598::tess_replays_other_class_card_only,Tess replays the Paladin spell for +3 total friendly Attack while the Rogue spell is not replayed.,"off_class=CS2_087/GRAVEYARD;own_class=CS2_075/GRAVEYARD;tess=PLAY;friendly_total_atk=4->13;friendly=[('CS2_231', 4, 1), ('GIL_598', 9, 6)];enemy_hero=27",pass,batch=gil_b; EN=[x]Battlecry: Replay every card from another class you've played this game (targets chosen randomly).; ZH=战吼：重新使用在本局对战中你所使用过的其他职业的卡牌（目标随机而定）。; source=fireplace/cards/witchwood/rogue.py:25; existing_tests=tests/test_witchwood.py:40:test_tess_greymane; prior_card=YELLOW:1 个机制缺少充分的核心效果验证；逐机制依据见 card_mechanism.csv。; prior_mechanisms=Battlecry=YELLOW:存在定义或元数据候选；当前没有可复查的该机制核心效果断言。; related_mechanism_issues=none
GIL_600,GIL_600::deals_two_and_locks_one_mana_next_turn,Zap deals 2 damage to its minion target and Overloads 1 for the next turn.,zap=GRAVEYARD;target=PLAY/5/2;locked_now=0;next_turn_mana=9/10;locked_next=1,pass,batch=gil_b; EN=Deal $2 damage to a minion. Overload: (1); ZH=对一个随从造成$2点伤害。过载：（1）; source=fireplace/cards/witchwood/shaman.py:83; existing_tests=none; prior_card=YELLOW:2 个机制缺少充分的核心效果验证；逐机制依据见 card_mechanism.csv。; prior_mechanisms=Overload=GREEN:出牌后欠费、下一己方回合锁费与可用法力均与卡牌 Overload 标签一致。 | Spell resolution=YELLOW:存在定义或元数据候选；当前没有可复查的该机制核心效果断言。 | Targeting=YELLOW:缺目标与非法自身目标均在付费/移区前被拒绝；合法目标效果仍需逐卡验证。; related_mechanism_issues=none
GIL_601,GIL_601::held_dragon_grants_attack_and_rush,"With a Dragon in hand, Scaleworm gains +1 Attack and Rush.",dragon=EX1_572/24/HAND;worm=PLAY/5/4/rush:True,pass,"batch=gil_b; EN=Battlecry: If you're holding a Dragon, gain +1 Attack and Rush.; ZH=战吼：如果你的手牌中有龙牌，便获得+1攻击力和突袭。; source=fireplace/cards/witchwood/neutral_rare.py:46; existing_tests=none; prior_card=YELLOW:1 个机制缺少充分的核心效果验证；逐机制依据见 card_mechanism.csv。; prior_mechanisms=Battlecry=YELLOW:存在定义或元数据候选；当前没有可复查的该机制核心效果断言。; related_mechanism_issues=none"
GIL_601,GIL_601::without_dragon_keeps_base_stats,"Without a Dragon in hand, Scaleworm remains 4/4 without Rush.",worm=PLAY/4/4/rush:False;hand=[],pass,"batch=gil_b; EN=Battlecry: If you're holding a Dragon, gain +1 Attack and Rush.; ZH=战吼：如果你的手牌中有龙牌，便获得+1攻击力和突袭。; source=fireplace/cards/witchwood/neutral_rare.py:46; existing_tests=none; prior_card=YELLOW:1 个机制缺少充分的核心效果验证；逐机制依据见 card_mechanism.csv。; prior_mechanisms=Battlecry=YELLOW:存在定义或元数据候选；当前没有可复查的该机制核心效果断言。; related_mechanism_issues=none"
GIL_607,GIL_607::played_one_cost_minion_gets_poisonous,Toxmonger gives Poisonous to a played 1-Cost minion.,toxmonger=PLAY;leech=PLAY/1/poison:True;lifesteal:1,pass,"batch=gil_b; EN=[x]Whenever you play a 1-Cost minion, give it Poisonous.; ZH=每当你使用一张法力值消耗为（1）的随从牌，使其获得剧毒。; source=fireplace/cards/witchwood/hunter.py:49; existing_tests=none; prior_card=YELLOW:1 个机制缺少充分的核心效果验证；逐机制依据见 card_mechanism.csv。; prior_mechanisms=Trigger=YELLOW:存在定义或元数据候选；当前没有可复查的该机制核心效果断言。; related_mechanism_issues=none"
GIL_607,GIL_607::other_cost_minion_does_not_get_poisonous,Toxmonger does not give Poisonous to a minion whose Cost is not 1.,"minion=CS2_182/4/poison:False;field=['GIL_607', 'CS2_182']",pass,"batch=gil_b; EN=[x]Whenever you play a 1-Cost minion, give it Poisonous.; ZH=每当你使用一张法力值消耗为（1）的随从牌，使其获得剧毒。; source=fireplace/cards/witchwood/hunter.py:49; existing_tests=none; prior_card=YELLOW:1 个机制缺少充分的核心效果验证；逐机制依据见 card_mechanism.csv。; prior_mechanisms=Trigger=YELLOW:存在定义或元数据候选；当前没有可复查的该机制核心效果断言。; related_mechanism_issues=none"
GIL_607t,GIL_607t::echo_rush_minion_repeats_and_attacks_twice,"Hunting Mastiff has Rush, attacks a minion on each same-turn play, receives an Echo copy, and the unused Echo copy expires at turn end.","first_error=None;first=GRAVEYARD/1/1;second_error=None;second=('GRAVEYARD', 1, 1);target=PLAY/4;attackers=GRAVEYARD/GRAVEYARD;echo_before_end=True;hand_after_end=[];field=[]",pass,batch=gil_b; EN=Echo Rush; ZH=回响，突袭; source=fireplace/cards/CardDefs.xml#GIL_607t; existing_tests=none; prior_card=YELLOW:2 个机制缺少充分的核心效果验证；逐机制依据见 card_mechanism.csv。; prior_mechanisms=Echo=YELLOW:存在定义或元数据候选；当前没有可复查的该机制核心效果断言。 | Rush=YELLOW:存在定义或元数据候选；当前没有可复查的该机制核心效果断言。; related_mechanism_issues=none
GIL_614,GIL_614::chosen_enemy_destroyed_when_doll_dies,Voodoo Doll stores the selected enemy minion and destroys it when the Doll dies.,"after_battlecry=('PLAY', 1);doll=GRAVEYARD;target=GRAVEYARD/0;enemy_field=[]",pass,batch=gil_b; EN=Battlecry: Choose a minion. Deathrattle: Destroy the chosen minion.; ZH=战吼：选择一个随从。亡语：消灭选择的随从。; source=fireplace/cards/witchwood/neutral_epic.py:29; existing_tests=tests/test_carddb.py:44:test_battlecry_scripts; prior_card=YELLOW:3 个机制缺少充分的核心效果验证；逐机制依据见 card_mechanism.csv。; prior_mechanisms=Battlecry=YELLOW:存在定义或元数据候选；当前没有可复查的该机制核心效果断言。 | Deathrattle=YELLOW:存在效果脚本；烟测仅验证执行和基础状态，缺少充分逐卡效果断言。 | Targeting=YELLOW:缺目标与非法自身目标均在付费/移区前被拒绝；合法目标效果仍需逐卡验证。; related_mechanism_issues=none
GIL_614,GIL_614::no_target_deathrattle_does_nothing,"With no minion target available, Voodoo Doll can be played and its death has no target to destroy.","before=('PLAY', 1, 1);doll=GRAVEYARD;field=[]",pass,batch=gil_b; EN=Battlecry: Choose a minion. Deathrattle: Destroy the chosen minion.; ZH=战吼：选择一个随从。亡语：消灭选择的随从。; source=fireplace/cards/witchwood/neutral_epic.py:29; existing_tests=tests/test_carddb.py:44:test_battlecry_scripts; prior_card=YELLOW:3 个机制缺少充分的核心效果验证；逐机制依据见 card_mechanism.csv。; prior_mechanisms=Battlecry=YELLOW:存在定义或元数据候选；当前没有可复查的该机制核心效果断言。 | Deathrattle=YELLOW:存在效果脚本；烟测仅验证执行和基础状态，缺少充分逐卡效果断言。 | Targeting=YELLOW:缺目标与非法自身目标均在付费/移区前被拒绝；合法目标效果仍需逐卡验证。; related_mechanism_issues=none
GIL_616,GIL_616::deathrattle_saplings_chain_into_woodchips,Festeroot summons two 2/2 Deathrattle Saplings; a Sapling death summons two 1/1 Woodchips.,"tree=GRAVEYARD;saplings=[('GIL_616t', 2, 2, 1), ('GIL_616t', 2, 2, 1)];first_sapling=GRAVEYARD;woodchips=[('GIL_616t2', 1, 1), ('GIL_616t2', 1, 1)];field=['GIL_616t2', 'GIL_616t2', 'GIL_616t']",pass,batch=gil_b; EN=Deathrattle: Summon two 2/2 Splitting Saplings.; ZH=亡语：召唤两个2/2的分裂树苗。; source=fireplace/cards/witchwood/neutral_epic.py:40; existing_tests=none; prior_card=YELLOW:2 个机制缺少充分的核心效果验证；逐机制依据见 card_mechanism.csv。; prior_mechanisms=Deathrattle=YELLOW:存在效果脚本；烟测仅验证执行和基础状态，缺少充分逐卡效果断言。 | Summon=YELLOW:存在定义或元数据候选；当前没有可复查的该机制核心效果断言。; related_mechanism_issues=none
GIL_618,GIL_618::hand_minions_gain_echo_while_glinda_lives,"Glinda grants Echo to a held minion, the minion creates an Echo copy when played, and removing Glinda clears the hand aura.","glinda=GRAVEYARD;original=PLAY/True;echo_copy=None;spare_echo=True->False;hand=[('CS2_231', 'HAND', False)]",confirmed_error,batch=gil_b; EN=Minions in your hand have Echo.; ZH=你手牌中的所有随从牌获得回响。; source=fireplace/cards/witchwood/warlock.py:50; existing_tests=none; prior_card=YELLOW:2 个机制缺少充分的核心效果验证；逐机制依据见 card_mechanism.csv。; prior_mechanisms=Aura=YELLOW:存在定义或元数据候选；当前没有可复查的该机制核心效果断言。 | Continuous effect / Update=YELLOW:存在定义或元数据候选；当前没有可复查的该机制核心效果断言。; related_mechanism_issues=none
GIL_620,GIL_620::drawn_minion_summons_one_one_copy,Dollmaster Dorian summons a 1/1 copy when its controller draws a minion while keeping the drawn original in hand.,dorian=PLAY/2/6;original=HAND;book=GRAVEYARD;copies=[];hand=['EX1_399'],confirmed_error,"batch=gil_b; EN=Whenever you draw a minion, summon a 1/1 copy of it.; ZH=每当你抽到一张随从牌，召唤一个它的1/1复制。; source=fireplace/cards/witchwood/neutral_legendary.py:27; existing_tests=none; prior_card=YELLOW:3 个机制缺少充分的核心效果验证；逐机制依据见 card_mechanism.csv。; prior_mechanisms=Draw / Discard=YELLOW:存在定义或元数据候选；当前没有可复查的该机制核心效果断言。 | Summon=YELLOW:存在定义或元数据候选；当前没有可复查的该机制核心效果断言。 | Trigger=YELLOW:存在定义或元数据候选；当前没有可复查的该机制核心效果断言。; related_mechanism_issues=none"
GIL_620,GIL_620::drawn_spell_does_not_summon_copy,Drawing a spell while Dorian is in play leaves it in hand without summoning a copy.,dorian=PLAY;book=GRAVEYARD;spell=REMOVEDFROMGAME;field=['GIL_620'];hand=[],pass,"batch=gil_b; EN=Whenever you draw a minion, summon a 1/1 copy of it.; ZH=每当你抽到一张随从牌，召唤一个它的1/1复制。; source=fireplace/cards/witchwood/neutral_legendary.py:27; existing_tests=none; prior_card=YELLOW:3 个机制缺少充分的核心效果验证；逐机制依据见 card_mechanism.csv。; prior_mechanisms=Draw / Discard=YELLOW:存在定义或元数据候选；当前没有可复查的该机制核心效果断言。 | Summon=YELLOW:存在定义或元数据候选；当前没有可复查的该机制核心效果断言。 | Trigger=YELLOW:存在定义或元数据候选；当前没有可复查的该机制核心效果断言。; related_mechanism_issues=none"
GIL_622,GIL_622::battlecry_deals_three_and_restores_three,Lifedrinker deals 3 damage to the enemy hero and restores 3 health to its controller.,hero=25->28;enemy=27;minion=PLAY/3/3,pass,batch=gil_b; EN=[x]Battlecry: Deal 3 damage to the enemy hero. Restore #3 Health to your hero.; ZH=战吼：对敌方英雄造成3点伤害。为你的英雄恢复#3点生命值。; source=fireplace/cards/witchwood/neutral_rare.py:57; existing_tests=none; prior_card=YELLOW:1 个机制缺少充分的核心效果验证；逐机制依据见 card_mechanism.csv。; prior_mechanisms=Battlecry=YELLOW:存在定义或元数据候选；当前没有可复查的该机制核心效果断言。; related_mechanism_issues=none
GIL_623,GIL_623::health_loss_matches_opponent_hand_size,Witchwood Grizzly loses exactly one current Health per opponent hand card and retains Taunt.,"opponent_hand=[('CS2_231', 'HAND'), ('CS2_029', 'HAND'), ('EX1_399', 'HAND')];grizzly=PLAY/3/11/max:11/taunt:1",confirmed_error,batch=gil_b; EN=[x]Taunt Battlecry: Lose 1 Health for each card in your opponent's hand.; ZH=嘲讽，战吼： 你的对手每有一张手牌，该随从便失去1点生命值。; source=fireplace/cards/witchwood/neutral_rare.py:64; existing_tests=none; prior_card=YELLOW:2 个机制缺少充分的核心效果验证；逐机制依据见 card_mechanism.csv。; prior_mechanisms=Battlecry=YELLOW:存在定义或元数据候选；当前没有可复查的该机制核心效果断言。 | Taunt=YELLOW:存在定义或元数据候选；当前没有可复查的该机制核心效果断言。; related_mechanism_issues=none
GIL_623,GIL_623::empty_opponent_hand_causes_no_health_loss,"With an empty opponent hand, Witchwood Grizzly remains at its full 3/12 stats and has Taunt.",grizzly=PLAY/3/11/max:11/taunt:1;opponent_hand=[],confirmed_error,batch=gil_b; EN=[x]Taunt Battlecry: Lose 1 Health for each card in your opponent's hand.; ZH=嘲讽，战吼： 你的对手每有一张手牌，该随从便失去1点生命值。; source=fireplace/cards/witchwood/neutral_rare.py:64; existing_tests=none; prior_card=YELLOW:2 个机制缺少充分的核心效果验证；逐机制依据见 card_mechanism.csv。; prior_mechanisms=Battlecry=YELLOW:存在定义或元数据候选；当前没有可复查的该机制核心效果断言。 | Taunt=YELLOW:存在定义或元数据候选；当前没有可复查的该机制核心效果断言。; related_mechanism_issues=none
GIL_624,GIL_624::only_minion_gains_three_three,Night Prowler gains +3/+3 when it is the only minion on the battlefield.,prowler=PLAY/6/6/field=['GIL_624']/[],pass,"batch=gil_b; EN=Battlecry: If this is the only minion on the battlefield, gain +3/+3.; ZH=战吼：如果它是战场上的唯一一个随从，获得+3/+3。; source=fireplace/cards/witchwood/neutral_rare.py:75; existing_tests=none; prior_card=YELLOW:1 个机制缺少充分的核心效果验证；逐机制依据见 card_mechanism.csv。; prior_mechanisms=Battlecry=YELLOW:存在定义或元数据候选；当前没有可复查的该机制核心效果断言。; related_mechanism_issues=none"
GIL_624,GIL_624::another_minion_prevents_three_three,An existing minion on the battlefield prevents Night Prowler's +3/+3 bonus.,blocker=PLAY/1/1;prowler=PLAY/3/3;boards=['GIL_624']/['CS2_231'],pass,"batch=gil_b; EN=Battlecry: If this is the only minion on the battlefield, gain +3/+3.; ZH=战吼：如果它是战场上的唯一一个随从，获得+3/+3。; source=fireplace/cards/witchwood/neutral_rare.py:75; existing_tests=none; prior_card=YELLOW:1 个机制缺少充分的核心效果验证；逐机制依据见 card_mechanism.csv。; prior_mechanisms=Battlecry=YELLOW:存在定义或元数据候选；当前没有可复查的该机制核心效果断言。; related_mechanism_issues=none"
GIL_634,GIL_634::battlecry_and_deathrattle_each_put_secret_into_play,Bellringer Sentry puts one deck Secret into play on its Battlecry and a second on its Deathrattle.,"sentry=GRAVEYARD/deathrattle:1;secrets=[('EX1_130', 'SECRET'), ('GIL_903', 'SECRET')];deck=[];after_battlecry=([('EX1_130', 'SECRET')], ['GIL_903'])",pass,batch=gil_b; EN=Battlecry and Deathrattle: Put a Secret from your deck into the battlefield.; ZH=战吼，亡语：将一个奥秘从你的牌库中置入战场。; source=fireplace/cards/witchwood/paladin.py:8; existing_tests=none; prior_card=YELLOW:3 个机制缺少充分的核心效果验证；逐机制依据见 card_mechanism.csv。; prior_mechanisms=Battlecry=YELLOW:存在定义或元数据候选；当前没有可复查的该机制核心效果断言。 | Deathrattle=YELLOW:存在效果脚本；烟测仅验证执行和基础状态，缺少充分逐卡效果断言。 | Summon=YELLOW:存在定义或元数据候选；当前没有可复查的该机制核心效果断言。; related_mechanism_issues=none
GIL_635,GIL_635::held_dragon_grants_taunt_and_divine_shield,Holding a Dragon gives Cathedral Gargoyle Taunt and Divine Shield.,dragon=EX1_572/24/HAND;gargoyle=PLAY/2/2/taunt:True/shield:True,pass,"batch=gil_b; EN=Battlecry: If you're holding a Dragon, gain Taunt and Divine Shield.; ZH=战吼：如果你的手牌中有龙牌，则获得嘲讽和圣盾。; source=fireplace/cards/witchwood/paladin.py:16; existing_tests=none; prior_card=YELLOW:1 个机制缺少充分的核心效果验证；逐机制依据见 card_mechanism.csv。; prior_mechanisms=Battlecry=YELLOW:存在定义或元数据候选；当前没有可复查的该机制核心效果断言。; related_mechanism_issues=none"
GIL_635,GIL_635::no_dragon_means_no_keywords,"Without a Dragon in hand, Cathedral Gargoyle gains neither Taunt nor Divine Shield.",gargoyle=PLAY/2/2/taunt:False/shield:False;hand=[],pass,"batch=gil_b; EN=Battlecry: If you're holding a Dragon, gain Taunt and Divine Shield.; ZH=战吼：如果你的手牌中有龙牌，则获得嘲讽和圣盾。; source=fireplace/cards/witchwood/paladin.py:16; existing_tests=none; prior_card=YELLOW:1 个机制缺少充分的核心效果验证；逐机制依据见 card_mechanism.csv。; prior_mechanisms=Battlecry=YELLOW:存在定义或元数据候选；当前没有可复查的该机制核心效果断言。; related_mechanism_issues=none"
GIL_637,GIL_637::draws_then_gains_armor_per_hand_card,Ferocious Howl draws a card and gains one Armor per card in hand after the draw resolves.,"spell=GRAVEYARD;held=HAND;drawn=HAND;hand=['CS2_231', 'CS2_029'];armor=2",pass,batch=gil_b; EN=Draw a card. Gain 1 Armor for each card in your hand.; ZH=抽一张牌。你每有一张手牌，便获得1点护甲值。; source=fireplace/cards/witchwood/druid.py:105; existing_tests=none; prior_card=YELLOW:2 个机制缺少充分的核心效果验证；逐机制依据见 card_mechanism.csv。; prior_mechanisms=Draw / Discard=YELLOW:存在定义或元数据候选；当前没有可复查的该机制核心效果断言。 | Spell resolution=YELLOW:存在定义或元数据候选；当前没有可复查的该机制核心效果断言。; related_mechanism_issues=none
GIL_640,GIL_640::draw_buffs_collector_not_drawn_card,"When a card is drawn, Curio Collector itself gains +1/+1 while the drawn card keeps its original stats.",collector=PLAY/4/4;book=GRAVEYARD;drawn=CS2_231/HAND/1/1;hand=['CS2_231'],confirmed_error,"batch=gil_b; EN=Whenever you draw a card, gain +1/+1.; ZH=每当你抽一张牌时，便获得+1/+1。; source=fireplace/cards/witchwood/mage.py:30; existing_tests=none; prior_card=YELLOW:2 个机制缺少充分的核心效果验证；逐机制依据见 card_mechanism.csv。; prior_mechanisms=Draw / Discard=YELLOW:存在定义或元数据候选；当前没有可复查的该机制核心效果断言。 | Trigger=YELLOW:存在定义或元数据候选；当前没有可复查的该机制核心效果断言。; related_mechanism_issues=none"
GIL_645,GIL_645::elemental_played_last_turn_draws,Bonfire Elemental draws a card when another Elemental was played on the previous turn.,first=PLAY/18;last_turn=1;second=PLAY;drawn=HAND;hand=['CS2_231'],pass,"batch=gil_b; EN=Battlecry: If you played an Elemental last turn, draw a card.; ZH=战吼：如果你在上个回合使用过元素牌，抽一张牌。; source=fireplace/cards/witchwood/mage.py:40; existing_tests=none; prior_card=YELLOW:2 个机制缺少充分的核心效果验证；逐机制依据见 card_mechanism.csv。; prior_mechanisms=Battlecry=YELLOW:存在定义或元数据候选；当前没有可复查的该机制核心效果断言。 | Draw / Discard=YELLOW:存在定义或元数据候选；当前没有可复查的该机制核心效果断言。; related_mechanism_issues=none"
GIL_645,GIL_645::elemental_played_this_turn_does_not_count,Playing Bonfire Elemental this turn does not satisfy its previous-turn condition.,elemental=PLAY/18;last_turn=0;drawn=DECK;hand=[],pass,"batch=gil_b; EN=Battlecry: If you played an Elemental last turn, draw a card.; ZH=战吼：如果你在上个回合使用过元素牌，抽一张牌。; source=fireplace/cards/witchwood/mage.py:40; existing_tests=none; prior_card=YELLOW:2 个机制缺少充分的核心效果验证；逐机制依据见 card_mechanism.csv。; prior_mechanisms=Battlecry=YELLOW:存在定义或元数据候选；当前没有可复查的该机制核心效果断言。 | Draw / Discard=YELLOW:存在定义或元数据候选；当前没有可复查的该机制核心效果断言。; related_mechanism_issues=none"
GIL_646,GIL_646::doubles_damage_hero_power,Clockwork Automaton doubles the damage dealt by Mage's Hero Power.,automaton=PLAY;error=None;enemy_health=28;hero_power=HERO_08bp,pass,batch=gil_b; EN=Double the damage and healing of your Hero Power.; ZH=使你的英雄技能的伤害和治疗效果翻倍。; source=fireplace/cards/witchwood/neutral_common.py:125; existing_tests=none; prior_card=YELLOW:1 个机制缺少充分的核心效果验证；逐机制依据见 card_mechanism.csv。; prior_mechanisms=Continuous effect / Update=YELLOW:存在定义或元数据候选；当前没有可复查的该机制核心效果断言。; related_mechanism_issues=none
GIL_646,GIL_646::doubles_healing_hero_power,Clockwork Automaton doubles the healing done by Priest's Hero Power.,automaton=PLAY;error=None;hero=29/1;hero_power=HERO_09bp,pass,batch=gil_b; EN=Double the damage and healing of your Hero Power.; ZH=使你的英雄技能的伤害和治疗效果翻倍。; source=fireplace/cards/witchwood/neutral_common.py:125; existing_tests=none; prior_card=YELLOW:1 个机制缺少充分的核心效果验证；逐机制依据见 card_mechanism.csv。; prior_mechanisms=Continuous effect / Update=YELLOW:存在定义或元数据候选；当前没有可复查的该机制核心效果断言。; related_mechanism_issues=none
GIL_648,GIL_648::destroys_enemy_secrets_only,Chief Inspector destroys the opponent's Secret while leaving its controller's Secret in play.,inspector=PLAY;own=SECRET/True;enemy=GRAVEYARD/False;secrets=['EX1_289']/[],pass,batch=gil_b; EN=Battlecry: Destroy all enemy Secrets.; ZH=战吼：摧毁所有敌方奥秘。; source=fireplace/cards/witchwood/neutral_rare.py:85; existing_tests=none; prior_card=YELLOW:1 个机制缺少充分的核心效果验证；逐机制依据见 card_mechanism.csv。; prior_mechanisms=Battlecry=YELLOW:存在定义或元数据候选；当前没有可复查的该机制核心效果断言。; related_mechanism_issues=none
GIL_650,GIL_650::other_minions_gain_rush_and_lose_aura,Houndmaster Shaw lets another minion attack a minion immediately with Rush; its aura disappears when Shaw leaves play.,"shaw=GRAVEYARD;attack_error=None;before_remove=(True, 1, 1);existing_rush=False;later_rush=False;target=PLAY/1",pass,batch=gil_b; EN=Your other minions have Rush.; ZH=你的其他随从都获得突袭。; source=fireplace/cards/witchwood/hunter.py:56; existing_tests=none; prior_card=YELLOW:2 个机制缺少充分的核心效果验证；逐机制依据见 card_mechanism.csv。; prior_mechanisms=Aura=YELLOW:存在定义或元数据候选；当前没有可复查的该机制核心效果断言。 | Continuous effect / Update=YELLOW:存在定义或元数据候选；当前没有可复查的该机制核心效果断言。; related_mechanism_issues=none
GIL_653,GIL_653::deathrattle_buffs_rush_minion,Breaking Woodcutter's Axe gives +2/+1 to the sole friendly Rush minion.,axe=GRAVEYARD/first_durability=1;minion=PLAY/5/5/rush:1;enemy_hero=26,pass,batch=gil_b; EN=Deathrattle: Give +2/+1 to a random friendly Rush minion.; ZH=亡语：随机使一个友方突袭随从获得+2/+1。; source=fireplace/cards/witchwood/warrior.py:91; existing_tests=none; prior_card=YELLOW:3 个机制缺少充分的核心效果验证；逐机制依据见 card_mechanism.csv。; prior_mechanisms=Deathrattle=YELLOW:存在效果脚本；烟测仅验证执行和基础状态，缺少充分逐卡效果断言。 | Random effects=YELLOW:存在定义或元数据候选；当前没有可复查的该机制核心效果断言。 | Weapon=YELLOW:存在定义或元数据候选；当前没有可复查的该机制核心效果断言。; related_mechanism_issues=none
GIL_653,GIL_653::no_rush_minion_remains_unbuffed,"With no friendly Rush minion, Woodcutter's Axe does not buff a non-Rush minion.",axe=GRAVEYARD/first_durability=1;minion=PLAY/3/2/rush:True;enemy_hero=26,confirmed_error,batch=gil_b; EN=Deathrattle: Give +2/+1 to a random friendly Rush minion.; ZH=亡语：随机使一个友方突袭随从获得+2/+1。; source=fireplace/cards/witchwood/warrior.py:91; existing_tests=none; prior_card=YELLOW:3 个机制缺少充分的核心效果验证；逐机制依据见 card_mechanism.csv。; prior_mechanisms=Deathrattle=YELLOW:存在效果脚本；烟测仅验证执行和基础状态，缺少充分逐卡效果断言。 | Random effects=YELLOW:存在定义或元数据候选；当前没有可复查的该机制核心效果断言。 | Weapon=YELLOW:存在定义或元数据候选；当前没有可复查的该机制核心效果断言。; related_mechanism_issues=none
GIL_654,GIL_654::echo_repeats_damage_to_all_minions,"Warpath deals 1 damage to all minions on each of two Echo casts, and its unused Echo copy expires at turn end.","first=GRAVEYARD/1;first_state=(1, 1);second_error=None;second_state=(2, 2);last_copy=True;after_end=[];boards=PLAY/PLAY",pass,batch=gil_b; EN=Echo Deal $1 damage to all minions.; ZH=回响 对所有随从造成 $1点伤害。; source=fireplace/cards/witchwood/warrior.py:77; existing_tests=none; prior_card=YELLOW:2 个机制缺少充分的核心效果验证；逐机制依据见 card_mechanism.csv。; prior_mechanisms=Echo=YELLOW:存在定义或元数据候选；当前没有可复查的该机制核心效果断言。 | Spell resolution=YELLOW:存在定义或元数据候选；当前没有可复查的该机制核心效果断言。; related_mechanism_issues=none
GIL_655,GIL_655::friendly_minion_attack_gains_one_attack,"After a friendly minion attacks, Festeroot Hulk gains exactly +1 Attack.",attack_error=None;hulk=PLAY/2->3;attacker=PLAY/1;target=GRAVEYARD,pass,"batch=gil_c; EN=After a friendly minion attacks, gain +1 Attack.; ZH=在一个友方随从攻击后，获得+1攻击力。; source=fireplace/cards/witchwood/warrior.py:44; existing_tests=none; prior_card=YELLOW:1 个机制缺少充分的核心效果验证；逐机制依据见 card_mechanism.csv。; prior_mechanisms=Trigger=YELLOW:存在定义或元数据候选；当前没有可复查的该机制核心效果断言。; related_mechanism_issues=none"
GIL_655,GIL_655::hero_attack_does_not_trigger,A hero attack does not trigger Festeroot Hulk's minion-attack effect.,weapon=CS2_105;hero_attacks=1;hulk=2->2,pass,"batch=gil_c; EN=After a friendly minion attacks, gain +1 Attack.; ZH=在一个友方随从攻击后，获得+1攻击力。; source=fireplace/cards/witchwood/warrior.py:44; existing_tests=none; prior_card=YELLOW:1 个机制缺少充分的核心效果验证；逐机制依据见 card_mechanism.csv。; prior_mechanisms=Trigger=YELLOW:存在定义或元数据候选；当前没有可复查的该机制核心效果断言。; related_mechanism_issues=none"
GIL_658,GIL_658::battlecry_creates_ten_ten_cost_ten_copy,Splintergraft adds a separate 10/10 copy of the chosen friendly minion to hand at Cost 10.,"source=CS2_182/4/5/5;generated=[('CS2_182', 10, 10, 10, 10, 'HAND')];battlecry=PLAY",pass,batch=gil_c; EN=[x]Battlecry: Choose a friendly minion. Add a 10/10 copy to your hand that costs (10).; ZH=战吼：选择一个友方随从。将它的一张10/10复制置入你的手牌，其法力值消耗为（10）点。; source=fireplace/cards/witchwood/druid.py:46; existing_tests=none; prior_card=YELLOW:2 个机制缺少充分的核心效果验证；逐机制依据见 card_mechanism.csv。; prior_mechanisms=Battlecry=YELLOW:存在定义或元数据候选；当前没有可复查的该机制核心效果断言。 | Targeting=YELLOW:缺目标与非法自身目标均在付费/移区前被拒绝；合法目标效果仍需逐卡验证。; related_mechanism_issues=none
GIL_658,GIL_658::target_optional_when_no_friendly_minions,Splintergraft can resolve without a target when no friendly minions exist and creates no copy.,card=PLAY;field=['GIL_658'];hand=[],pass,batch=gil_c; EN=[x]Battlecry: Choose a friendly minion. Add a 10/10 copy to your hand that costs (10).; ZH=战吼：选择一个友方随从。将它的一张10/10复制置入你的手牌，其法力值消耗为（10）点。; source=fireplace/cards/witchwood/druid.py:46; existing_tests=none; prior_card=YELLOW:2 个机制缺少充分的核心效果验证；逐机制依据见 card_mechanism.csv。; prior_mechanisms=Battlecry=YELLOW:存在定义或元数据候选；当前没有可复查的该机制核心效果断言。 | Targeting=YELLOW:缺目标与非法自身目标均在付费/移区前被拒绝；合法目标效果仍需逐卡验证。; related_mechanism_issues=none
GIL_661,GIL_661::heals_all_friendly_characters_up_to_six,Divine Hymn restores up to 6 Health to every friendly character and does not heal the enemy side.,"spell=GRAVEYARD;friendly_hero=28;friendly_minions=(5, 1);enemy=(26, 3, 2)",pass,batch=gil_c; EN=Restore #6 Health to all friendly characters.; ZH=为所有友方角色恢复#6点 生命值。; source=fireplace/cards/witchwood/priest.py:107; existing_tests=none; prior_card=YELLOW:1 个机制缺少充分的核心效果验证；逐机制依据见 card_mechanism.csv。; prior_mechanisms=Spell resolution=YELLOW:存在定义或元数据候选；当前没有可复查的该机制核心效果断言。; related_mechanism_issues=none
GIL_663,GIL_663::adds_three_two_two_treants_to_hand,Witchwood Apple adds exactly three 2/2 Treants to hand.,"spell=GRAVEYARD;treants=[('GIL_663t', 2, 2, 'HAND'), ('GIL_663t', 2, 2, 'HAND')]",confirmed_error,batch=gil_c; EN=Add three 2/2 Treants to your hand.; ZH=将三个2/2的树人置入你的 手牌。; source=fireplace/cards/witchwood/druid.py:115; existing_tests=none; prior_card=YELLOW:1 个机制缺少充分的核心效果验证；逐机制依据见 card_mechanism.csv。; prior_mechanisms=Spell resolution=YELLOW:存在定义或元数据候选；当前没有可复查的该机制核心效果断言。; related_mechanism_issues=none
GIL_664,GIL_664::spell_cast_summons_random_two_cost_minion,"After Vex Crow's controller casts a spell, it summons one random minion with Cost 2.","spell=GRAVEYARD;spawned=[('CFM_790', 2, 2, 6, 'PLAY')]",pass,"batch=gil_c; EN=Whenever you cast a spell, summon a random 2-Cost minion.; ZH=每当你施放一个法术，随机召唤一个法力值消耗为（2）的 随从。; source=fireplace/cards/witchwood/mage.py:48; existing_tests=none; prior_card=YELLOW:3 个机制缺少充分的核心效果验证；逐机制依据见 card_mechanism.csv。; prior_mechanisms=Random effects=YELLOW:存在定义或元数据候选；当前没有可复查的该机制核心效果断言。 | Summon=YELLOW:存在定义或元数据候选；当前没有可复查的该机制核心效果断言。 | Trigger=YELLOW:存在定义或元数据候选；当前没有可复查的该机制核心效果断言。; related_mechanism_issues=none"
GIL_665,GIL_665::echo_repeats_attack_debuff_and_expires,Curse of Weakness's Echo repeat applies another -2 Attack to enemies; both debuffs expire at the next own turn.,"spells=('GRAVEYARD', 'GRAVEYARD');enemy=[4, 1]->[2, 0]->[0, 0]-> [4, 1];own=4->4;hand=[]",pass,batch=gil_c; EN=Echo Give all enemy minions -2 Attack until your next turn.; ZH=回响 直到你的下个回合，使所有敌方随从获得-2攻击力。; source=fireplace/cards/witchwood/warlock.py:101; existing_tests=none; prior_card=YELLOW:2 个机制缺少充分的核心效果验证；逐机制依据见 card_mechanism.csv。; prior_mechanisms=Echo=YELLOW:存在定义或元数据候选；当前没有可复查的该机制核心效果断言。 | Spell resolution=YELLOW:存在定义或元数据候选；当前没有可复查的该机制核心效果断言。; related_mechanism_issues=none
GIL_667,GIL_667::taunt_deathrattle_restores_four_hero_health,Rotten Applebaum has Taunt and restores 4 Health to its hero when it dies.,taunt=1;apple=GRAVEYARD;hero=29;armor=0,pass,batch=gil_c; EN=Taunt Deathrattle: Restore #4 Health to your hero.; ZH=嘲讽，亡语：为你的英雄恢复#4点生命值。; source=fireplace/cards/witchwood/neutral_common.py:137; existing_tests=none; prior_card=YELLOW:2 个机制缺少充分的核心效果验证；逐机制依据见 card_mechanism.csv。; prior_mechanisms=Deathrattle=YELLOW:存在效果脚本；烟测仅验证执行和基础状态，缺少充分逐卡效果断言。 | Taunt=YELLOW:存在定义或元数据候选；当前没有可复查的该机制核心效果断言。; related_mechanism_issues=none
GIL_672,GIL_672::offclass_card_increases_durability_and_lifesteal_heals,Spectral Cutlass heals for damage dealt and gains +1 maximum Durability when its controller plays an off-class card.,weapon=GIL_672/2/2/2->3;lifesteal_health=27;fireball=GRAVEYARD;enemy=22,pass,"batch=gil_c; EN=[x]Lifesteal Whenever you play a card from another class, gain +1 Durability.; ZH=吸血 每当你使用一张其他职业的卡牌时，获得+1耐久度。; source=fireplace/cards/witchwood/rogue.py:94; existing_tests=tests/test_troll.py:117:test_spectral_cutlass; prior_card=YELLOW:3 个机制缺少充分的核心效果验证；逐机制依据见 card_mechanism.csv。; prior_mechanisms=Lifesteal=YELLOW:存在定义或元数据候选；当前没有可复查的该机制核心效果断言。 | Trigger=YELLOW:存在定义或元数据候选；当前没有可复查的该机制核心效果断言。 | Weapon=YELLOW:存在定义或元数据候选；当前没有可复查的该机制核心效果断言。; related_mechanism_issues=none"
GIL_672,GIL_672::own_class_card_does_not_increase_durability,Playing a Rogue card does not trigger Spectral Cutlass's off-class durability gain.,weapon=4/2;base_max_durability=2;poison=GRAVEYARD,pass,"batch=gil_c; EN=[x]Lifesteal Whenever you play a card from another class, gain +1 Durability.; ZH=吸血 每当你使用一张其他职业的卡牌时，获得+1耐久度。; source=fireplace/cards/witchwood/rogue.py:94; existing_tests=tests/test_troll.py:117:test_spectral_cutlass; prior_card=YELLOW:3 个机制缺少充分的核心效果验证；逐机制依据见 card_mechanism.csv。; prior_mechanisms=Lifesteal=YELLOW:存在定义或元数据候选；当前没有可复查的该机制核心效果断言。 | Trigger=YELLOW:存在定义或元数据候选；当前没有可复查的该机制核心效果断言。 | Weapon=YELLOW:存在定义或元数据候选；当前没有可复查的该机制核心效果断言。; related_mechanism_issues=none"
GIL_677,GIL_677::echo_adds_two_legendary_minions_then_expires,Face Collector adds a Legendary minion for each played Echo copy; the unused Echo copy does not persist past turn end.,"first=PLAY;legendaries=['OG_209', 'DAL_357'];echo_zone=PLAY;hand=['OG_209', 'DAL_357']",pass,batch=gil_c; EN=Echo Battlecry: Add a random Legendary minion to your hand.; ZH=回响，战吼：随机将一张传说随从牌置入你的手牌。; source=fireplace/cards/witchwood/rogue.py:33; existing_tests=none; prior_card=YELLOW:3 个机制缺少充分的核心效果验证；逐机制依据见 card_mechanism.csv。; prior_mechanisms=Battlecry=YELLOW:存在定义或元数据候选；当前没有可复查的该机制核心效果断言。 | Echo=YELLOW:存在定义或元数据候选；当前没有可复查的该机制核心效果断言。 | Random effects=YELLOW:存在定义或元数据候选；当前没有可复查的该机制核心效果断言。; related_mechanism_issues=none
GIL_678,GIL_678::echo_can_be_replayed_and_unused_copy_expires,Ghost Light Angler's Echo copy can be played again this turn and does not remain after turn end.,"plays=('PLAY', 'PLAY');minions=[('GIL_678', 2, 2, 'PLAY'), ('GIL_678', 2, 2, 'PLAY')];hand=[]",pass,batch=gil_c; EN=Echo; ZH=回响; source=fireplace/cards/CardDefs.xml#GIL_678; existing_tests=none; prior_card=YELLOW:1 个机制缺少充分的核心效果验证；逐机制依据见 card_mechanism.csv。; prior_mechanisms=Echo=YELLOW:存在定义或元数据候选；当前没有可复查的该机制核心效果断言。; related_mechanism_issues=none
GIL_680,GIL_680::echo_can_be_replayed_and_unused_copy_expires,Walnut Sprite's Echo copy can be played again this turn and does not remain after turn end.,"plays=('PLAY', 'PLAY');minions=[('GIL_680', 3, 3, 'PLAY'), ('GIL_680', 3, 3, 'PLAY')];hand=[]",pass,batch=gil_c; EN=Echo; ZH=回响; source=fireplace/cards/CardDefs.xml#GIL_680; existing_tests=tests/test_witchwood.py:17:test_echo | tests/test_witchwood.py:20:test_echo; prior_card=YELLOW:1 个机制缺少充分的核心效果验证；逐机制依据见 card_mechanism.csv。; prior_mechanisms=Echo=YELLOW:存在定义或元数据候选；当前没有可复查的该机制核心效果断言。; related_mechanism_issues=none
GIL_681,GIL_681::amalgam_has_all_eight_minion_tribes,"Nightmare Amalgam is an Elemental, Mech, Demon, Murloc, Dragon, Beast, Pirate, and Totem.","atk_health=(3, 4);race=26;all_races={'ELEMENTAL': True, 'MECHANICAL': True, 'DEMON': True, 'MURLOC': True, 'DRAGON': True, 'BEAST': True, 'PIRATE': True, 'TOTEM': True}",pass,"batch=gil_c; EN=[x]This is an Elemental, Mech, Demon, Murloc, Dragon, Beast, Pirate and Totem.; ZH=这张牌是元素，机械，恶魔，鱼人，龙，野兽，海盗和图腾。; source=fireplace/cards/CardDefs.xml#GIL_681; existing_tests=none; prior_card=YELLOW:1 个机制缺少充分的核心效果验证；逐机制依据见 card_mechanism.csv。; prior_mechanisms=All tribes=YELLOW:存在定义或元数据候选；当前没有可复查的该机制核心效果断言。; related_mechanism_issues=none"
GIL_682,GIL_682::battlecry_summons_two_enemy_mucklings_and_rush_works,Muck Hunter summons two 2/1 Mucklings for the opponent and can immediately Rush into a minion.,"tokens=[('GIL_682t', 2, 1, 'INVALID'), ('GIL_682t', 2, 1, 'INVALID')];attack_error=None;hunter=PLAY/4;target=GRAVEYARD;enemy_board=2",pass,batch=gil_c; EN=Rush Battlecry: Summon two 2/1 Mucklings for your opponent.; ZH=突袭，战吼：为你的对手召唤两个2/1的泥沼怪。; source=fireplace/cards/witchwood/neutral_epic.py:54; existing_tests=none; prior_card=YELLOW:3 个机制缺少充分的核心效果验证；逐机制依据见 card_mechanism.csv。; prior_mechanisms=Battlecry=YELLOW:存在定义或元数据候选；当前没有可复查的该机制核心效果断言。 | Rush=YELLOW:存在定义或元数据候选；当前没有可复查的该机制核心效果断言。 | Summon=YELLOW:存在定义或元数据候选；当前没有可复查的该机制核心效果断言。; related_mechanism_issues=none
GIL_682,GIL_682::full_enemy_board_blocks_token_overflow,The two opponent summons respect the seven-minion board limit.,"enemy_count=9;enemy_ids=['CS2_231', 'GIL_682t', 'GIL_682t', 'CS2_231', 'CS2_231', 'CS2_231', 'CS2_231', 'CS2_231', 'CS2_231'];hunter=PLAY",confirmed_error,batch=gil_c; EN=Rush Battlecry: Summon two 2/1 Mucklings for your opponent.; ZH=突袭，战吼：为你的对手召唤两个2/1的泥沼怪。; source=fireplace/cards/witchwood/neutral_epic.py:54; existing_tests=none; prior_card=YELLOW:3 个机制缺少充分的核心效果验证；逐机制依据见 card_mechanism.csv。; prior_mechanisms=Battlecry=YELLOW:存在定义或元数据候选；当前没有可复查的该机制核心效果断言。 | Rush=YELLOW:存在定义或元数据候选；当前没有可复查的该机制核心效果断言。 | Summon=YELLOW:存在定义或元数据候选；当前没有可复查的该机制核心效果断言。; related_mechanism_issues=none
GIL_683,GIL_683::battlecry_summons_enemy_poisonous_drakeslayer,Marsh Drake gives the opponent a 2/1 Poisonous Drakeslayer that kills its combat target.,"drake=PLAY;tokens=[(2, 1, 1, 'PLAY')];attack_error=None;target=GRAVEYARD;token_zone=GRAVEYARD",pass,batch=gil_c; EN=Battlecry: Summon a 2/1 Poisonous Drakeslayer for your opponent.; ZH=战吼：为你的对手召唤一个2/1并具有剧毒的飞龙猎手。; source=fireplace/cards/witchwood/neutral_common.py:144; existing_tests=none; prior_card=YELLOW:2 个机制缺少充分的核心效果验证；逐机制依据见 card_mechanism.csv。; prior_mechanisms=Battlecry=YELLOW:存在定义或元数据候选；当前没有可复查的该机制核心效果断言。 | Summon=YELLOW:存在定义或元数据候选；当前没有可复查的该机制核心效果断言。; related_mechanism_issues=none
GIL_683,GIL_683::full_enemy_board_blocks_token_overflow,The opponent's board limit prevents an eighth Drakeslayer from being summoned.,"enemy_count=8;enemy_ids=['CS2_231', 'GIL_683t', 'CS2_231', 'CS2_231', 'CS2_231', 'CS2_231', 'CS2_231', 'CS2_231'];drake=PLAY",confirmed_error,batch=gil_c; EN=Battlecry: Summon a 2/1 Poisonous Drakeslayer for your opponent.; ZH=战吼：为你的对手召唤一个2/1并具有剧毒的飞龙猎手。; source=fireplace/cards/witchwood/neutral_common.py:144; existing_tests=none; prior_card=YELLOW:2 个机制缺少充分的核心效果验证；逐机制依据见 card_mechanism.csv。; prior_mechanisms=Battlecry=YELLOW:存在定义或元数据候选；当前没有可复查的该机制核心效果断言。 | Summon=YELLOW:存在定义或元数据候选；当前没有可复查的该机制核心效果断言。; related_mechanism_issues=none
GIL_685,GIL_685::attack_three_grants_taunt_and_lifesteal,Paragon of Light has Taunt and Lifesteal at 3 or more Attack.,"before=(2, False, False);after=(3, True, True);buff=GRAVEYARD",pass,"batch=gil_c; EN=While this minion has 3 or more Attack, it has Taunt and Lifesteal.; ZH=如果该随从的攻击力大于或等于3，便具有嘲讽和吸血。; source=fireplace/cards/witchwood/paladin.py:25; existing_tests=none; prior_card=YELLOW:1 个机制缺少充分的核心效果验证；逐机制依据见 card_mechanism.csv。; prior_mechanisms=Continuous effect / Update=YELLOW:存在定义或元数据候选；当前没有可复查的该机制核心效果断言。; related_mechanism_issues=none"
GIL_685,GIL_685::below_three_attack_has_no_conditional_keywords,Paragon of Light has neither conditional keyword below 3 Attack.,"stats=(2, 5);taunt=False;lifesteal=False",pass,"batch=gil_c; EN=While this minion has 3 or more Attack, it has Taunt and Lifesteal.; ZH=如果该随从的攻击力大于或等于3，便具有嘲讽和吸血。; source=fireplace/cards/witchwood/paladin.py:25; existing_tests=none; prior_card=YELLOW:1 个机制缺少充分的核心效果验证；逐机制依据见 card_mechanism.csv。; prior_mechanisms=Continuous effect / Update=YELLOW:存在定义或元数据候选；当前没有可复查的该机制核心效果断言。; related_mechanism_issues=none"
GIL_687,GIL_687::damage_coin_only_on_lethal_target,WANTED! deals 3 damage and grants one Coin only for a target it kills.,"first=GRAVEYARD;after_lethal=('GRAVEYARD', 5, 0, 1);second=GRAVEYARD;survivor=('PLAY', 2, 3);coins=1",pass,"batch=gil_c; EN=Deal $3 damage to a minion. If that kills it, add a Coin to your hand.; ZH=对一个随从造成$3点伤害。如果“通缉令”消灭该随从，将一个幸运币置入你的手牌。; source=fireplace/cards/witchwood/rogue.py:72; existing_tests=none; prior_card=YELLOW:2 个机制缺少充分的核心效果验证；逐机制依据见 card_mechanism.csv。; prior_mechanisms=Spell resolution=YELLOW:存在定义或元数据候选；当前没有可复查的该机制核心效果断言。 | Targeting=YELLOW:缺目标与非法自身目标均在付费/移区前被拒绝；合法目标效果仍需逐卡验证。; related_mechanism_issues=none"
GIL_691,GIL_691::drawn_minion_gets_hand_copy_but_spell_does_not,Archmage Arugal adds a copy only after a minion draw; a spell draw is not copied.,"arugal=PLAY;minion_draw=HAND;minion_copies=1;hand=[('CS2_182', 'HAND'), ('CS2_029', 'HAND')];spell_draw=CS2_029;deck=[]",confirmed_error,"batch=gil_c; EN=Whenever you draw a minion, add a copy of it to your hand.; ZH=每当你抽到一张随从牌，将一张它的复制置入你的手牌。; source=fireplace/cards/witchwood/mage.py:55; existing_tests=none; prior_card=YELLOW:2 个机制缺少充分的核心效果验证；逐机制依据见 card_mechanism.csv。; prior_mechanisms=Draw / Discard=YELLOW:存在定义或元数据候选；当前没有可复查的该机制核心效果断言。 | Trigger=YELLOW:存在定义或元数据候选；当前没有可复查的该机制核心效果断言。; related_mechanism_issues=none"
GIL_691,GIL_691::normal_turn_draw_adds_minion_copy,A minion drawn at the start of the owner's turn is copied into hand by Archmage Arugal.,arugal=PLAY;turn_draw=HAND;minion_copies=1;hand=['CS2_182'];turn=4;current_is_owner=True,confirmed_error,"batch=gil_c; EN=Whenever you draw a minion, add a copy of it to your hand.; ZH=每当你抽到一张随从牌，将一张它的复制置入你的手牌。; source=fireplace/cards/witchwood/mage.py:55; existing_tests=none; prior_card=YELLOW:2 个机制缺少充分的核心效果验证；逐机制依据见 card_mechanism.csv。; prior_mechanisms=Draw / Discard=YELLOW:存在定义或元数据候选；当前没有可复查的该机制核心效果断言。 | Trigger=YELLOW:存在定义或元数据候选；当前没有可复查的该机制核心效果断言。; related_mechanism_issues=none"
GIL_693,GIL_693::own_turn_begin_damages_hero_one,Blood Witch deals 1 damage to its controller's hero at the start of that controller's turn.,witch=PLAY;hero=27->26;damage=4;current_is_owner=True,pass,"batch=gil_c; EN=At the start of your turn, deal 1 damage to your hero.; ZH=在你的回合开始时，对你的英雄造成 1点伤害。; source=fireplace/cards/witchwood/warlock.py:57; existing_tests=none; prior_card=YELLOW:1 个机制缺少充分的核心效果验证；逐机制依据见 card_mechanism.csv。; prior_mechanisms=Trigger=YELLOW:存在定义或元数据候选；当前没有可复查的该机制核心效果断言。; related_mechanism_issues=none"
GIL_694,GIL_694::transforms_one_cost_deck_cards_to_legendary_minions,"Prince Liam transforms 1-Cost cards in deck, including a spell, into Legendary minions while leaving a non-1-Cost minion unchanged.","before=('CS2_189', 1, 'EX1_277', 1, 'CS2_182', 4);old_targets=('SETASIDE', 'SETASIDE');deck=[('BT_713', 'MINION', 'LEGENDARY', 3, 'DECK'), ('BT_481', 'MINION', 'LEGENDARY', 9, 'DECK'), ('CS2_182', 'MINION', 'FREE', 4, 'DECK')]",pass,batch=gil_c; EN=[x]Battlecry: Transform all 1-Cost cards in your deck  into Legendary minions.; ZH=战吼：将你牌库中所有法力值消耗为（1）的牌变为传说随从牌。; source=fireplace/cards/witchwood/paladin.py:38; existing_tests=none; prior_card=YELLOW:3 个机制缺少充分的核心效果验证；逐机制依据见 card_mechanism.csv。; prior_mechanisms=Battlecry=YELLOW:存在定义或元数据候选；当前没有可复查的该机制核心效果断言。 | Random effects=YELLOW:存在定义或元数据候选；当前没有可复查的该机制核心效果断言。 | Transform=YELLOW:存在定义或元数据候选；当前没有可复查的该机制核心效果断言。; related_mechanism_issues=none
GIL_696,GIL_696::echo_adds_two_cards_from_opponents_class,Pick Pocket's Echo copies add cards from the opponent's class; the Echo copy expires at turn end.,"first=GRAVEYARD;generated=['OG_315', 'BOT_218'];echo=GRAVEYARD;hand=['OG_315', 'BOT_218']",pass,batch=gil_c; EN=Echo Add a random card to your hand (from your opponent's class).; ZH=回响 随机将一张（你对手职业的）卡牌置入你的手牌。; source=fireplace/cards/witchwood/rogue.py:83; existing_tests=none; prior_card=YELLOW:3 个机制缺少充分的核心效果验证；逐机制依据见 card_mechanism.csv。; prior_mechanisms=Echo=YELLOW:存在定义或元数据候选；当前没有可复查的该机制核心效果断言。 | Random effects=YELLOW:存在定义或元数据候选；当前没有可复查的该机制核心效果断言。 | Spell resolution=YELLOW:存在定义或元数据候选；当前没有可复查的该机制核心效果断言。; related_mechanism_issues=none
GIL_800,GIL_800::first_card_on_each_players_turn_costs_zero_once,"Duskfallen Aviana makes each player's first card cost zero, then the next card costs its normal amount, and remains in play.","e_costs=(4, 4);e_second_cost_after_first=4;e_mana=0->4->8;aviana_after_e=PLAY;p_costs=(0, 0);p_second_cost_after_first=4;p_mana=0->0->4;aviana=PLAY",confirmed_error,"batch=gil_c; EN=On each player's turn, the first card played costs (0).; ZH=在每个玩家的回合中，使用的第一张牌法力值消耗为（0）点。; source=fireplace/cards/witchwood/druid.py:64; existing_tests=none; prior_card=YELLOW:2 个机制缺少充分的核心效果验证；逐机制依据见 card_mechanism.csv。; prior_mechanisms=Aura=YELLOW:存在定义或元数据候选；当前没有可复查的该机制核心效果断言。 | Trigger=YELLOW:存在定义或元数据候选；当前没有可复查的该机制核心效果断言。; related_mechanism_issues=none"
GIL_801,GIL_801::first_cast_freezes_second_destroys_frozen_target,Snap Freeze freezes a minion; casting it again on that already-Frozen minion destroys it.,"first=GRAVEYARD;after_first=('PLAY', True, 0);second=GRAVEYARD;target=GRAVEYARD;enemy_field=[]",pass,"batch=gil_c; EN=Freeze a minion. If it's already Frozen, destroy it.; ZH=冻结一个随从。如果该随从已被冻结，则将其消灭。; source=fireplace/cards/witchwood/mage.py:89; existing_tests=none; prior_card=YELLOW:2 个机制缺少充分的核心效果验证；逐机制依据见 card_mechanism.csv。; prior_mechanisms=Spell resolution=YELLOW:存在定义或元数据候选；当前没有可复查的该机制核心效果断言。 | Targeting=YELLOW:缺目标与非法自身目标均在付费/移区前被拒绝；合法目标效果仍需逐卡验证。; related_mechanism_issues=none"
GIL_803,GIL_803::rush_battlecry_attack_bonus_expires_at_turn_end,"Militia Commander gets +3 Attack this turn, can use Rush immediately, and loses the bonus at turn end.","after_play=(5, 5, 1);attack_error=None;after_attack=(5, 4, 1, 'GRAVEYARD');after_eot=(2, 4, 1)",pass,batch=gil_c; EN=Rush Battlecry: Gain +3 Attack this turn.; ZH=突袭，战吼：在本回合获得+3攻击力。; source=fireplace/cards/witchwood/warrior.py:54; existing_tests=none; prior_card=YELLOW:2 个机制缺少充分的核心效果验证；逐机制依据见 card_mechanism.csv。; prior_mechanisms=Battlecry=YELLOW:存在定义或元数据候选；当前没有可复查的该机制核心效果断言。 | Rush=YELLOW:存在定义或元数据候选；当前没有可复查的该机制核心效果断言。; related_mechanism_issues=none
GIL_805,GIL_805::deathrattle_summons_deathrattle_hand_minion,"Coffin Crasher summons a Deathrattle minion from hand when it dies, leaving a non-Deathrattle minion in hand.","before=(1, False);crasher=GRAVEYARD;egg=PLAY;plain=HAND;field=['GIL_816'];hand=['CS2_231']",pass,batch=gil_c; EN=Deathrattle: Summon a Deathrattle minion from your hand.; ZH=亡语：从你的手牌中召唤一个亡语随从。; source=fireplace/cards/witchwood/priest.py:51; existing_tests=none; prior_card=YELLOW:2 个机制缺少充分的核心效果验证；逐机制依据见 card_mechanism.csv。; prior_mechanisms=Deathrattle=YELLOW:存在效果脚本；烟测仅验证执行和基础状态，缺少充分逐卡效果断言。 | Summon=YELLOW:存在定义或元数据候选；当前没有可复查的该机制核心效果断言。; related_mechanism_issues=none
GIL_805,GIL_805::no_deathrattle_hand_minion_summons_nothing,"With no Deathrattle minion in hand, Coffin Crasher summons no minion.",crasher=GRAVEYARD;field=[];plain=HAND;hand=['CS2_231'],pass,batch=gil_c; EN=Deathrattle: Summon a Deathrattle minion from your hand.; ZH=亡语：从你的手牌中召唤一个亡语随从。; source=fireplace/cards/witchwood/priest.py:51; existing_tests=none; prior_card=YELLOW:2 个机制缺少充分的核心效果验证；逐机制依据见 card_mechanism.csv。; prior_mechanisms=Deathrattle=YELLOW:存在效果脚本；烟测仅验证执行和基础状态，缺少充分逐卡效果断言。 | Summon=YELLOW:存在定义或元数据候选；当前没有可复查的该机制核心效果断言。; related_mechanism_issues=none
GIL_807,GIL_807::spell_cast_draws_minion_only,Bogshaper draws a minion from the deck when its controller casts a spell and does not draw a spell instead.,"bog=PLAY;spell=GRAVEYARD;after_spell=('HAND', 'DECK', ['CS2_182']);played_minion=PLAY;deck=['CS2_029']",pass,"batch=gil_c; EN=Whenever you cast a spell, draw a minion from your deck.; ZH=每当你施放一个法术，从你的牌库中抽一张随从牌。; source=fireplace/cards/witchwood/shaman.py:36; existing_tests=none; prior_card=YELLOW:2 个机制缺少充分的核心效果验证；逐机制依据见 card_mechanism.csv。; prior_mechanisms=Draw / Discard=YELLOW:存在定义或元数据候选；当前没有可复查的该机制核心效果断言。 | Trigger=YELLOW:存在定义或元数据候选；当前没有可复查的该机制核心效果断言。; related_mechanism_issues=none"
GIL_809,GIL_809::taunt_prevents_hero_attack_and_takes_combat,Unpowered Steambot's Taunt prevents an enemy minion from attacking the hero and redirects the attack to it.,"taunt=(0, 5, 1);hero_error=InvalidAction;attack_error=None;target_damage=4;attacker=PLAY",pass,batch=gil_c; EN=Taunt; ZH=嘲讽; source=fireplace/cards/CardDefs.xml#GIL_809; existing_tests=none; prior_card=YELLOW:1 个机制缺少充分的核心效果验证；逐机制依据见 card_mechanism.csv。; prior_mechanisms=Taunt=YELLOW:存在定义或元数据候选；当前没有可复查的该机制核心效果断言。; related_mechanism_issues=none
GIL_813,GIL_813::summons_one_health_friendly_copy,Vivid Nightmare summons a copy of the chosen friendly minion with 1 Health while leaving the original unchanged.,"before=('CS2_182', 4, 5, 5);spell=GRAVEYARD;source=(4, 5, 5, 'PLAY');copies=[(4, 1, 5, 'PLAY')]",pass,batch=gil_c; EN=[x]Choose a friendly minion. Summon a copy of it with 1 Health remaining.; ZH=选择一个友方随从，召唤一个该随从的复制，且剩余生命值为1点。; source=fireplace/cards/witchwood/priest.py:118; existing_tests=none; prior_card=YELLOW:3 个机制缺少充分的核心效果验证；逐机制依据见 card_mechanism.csv。; prior_mechanisms=Spell resolution=YELLOW:存在定义或元数据候选；当前没有可复查的该机制核心效果断言。 | Summon=YELLOW:存在定义或元数据候选；当前没有可复查的该机制核心效果断言。 | Targeting=YELLOW:缺目标与非法自身目标均在付费/移区前被拒绝；合法目标效果仍需逐卡验证。; related_mechanism_issues=none
GIL_813,GIL_813::no_target_rejected_without_payment,Vivid Nightmare cannot be cast without a friendly minion target and does not spend mana.,error=InvalidAction;spell=HAND;mana=0->0;field=[],pass,batch=gil_c; EN=[x]Choose a friendly minion. Summon a copy of it with 1 Health remaining.; ZH=选择一个友方随从，召唤一个该随从的复制，且剩余生命值为1点。; source=fireplace/cards/witchwood/priest.py:118; existing_tests=none; prior_card=YELLOW:3 个机制缺少充分的核心效果验证；逐机制依据见 card_mechanism.csv。; prior_mechanisms=Spell resolution=YELLOW:存在定义或元数据候选；当前没有可复查的该机制核心效果断言。 | Summon=YELLOW:存在定义或元数据候选；当前没有可复查的该机制核心效果断言。 | Targeting=YELLOW:缺目标与非法自身目标均在付费/移区前被拒绝；合法目标效果仍需逐卡验证。; related_mechanism_issues=none
GIL_815,GIL_815::battlecry_shuffles_copy_and_keeps_target,Baleful Banker shuffles a separate copy of the chosen friendly minion into the deck.,"banker=PLAY;target=('CS2_182', 4, 5, 'PLAY');copies=[('CS2_182', 4, 5, 'DECK')]",pass,batch=gil_c; EN=Battlecry: Choose a friendly minion. Shuffle a copy into your deck.; ZH=战吼：选择一个友方随从，将一个复制洗入你的牌库。; source=fireplace/cards/witchwood/neutral_epic.py:61; existing_tests=none; prior_card=YELLOW:2 个机制缺少充分的核心效果验证；逐机制依据见 card_mechanism.csv。; prior_mechanisms=Battlecry=YELLOW:存在定义或元数据候选；当前没有可复查的该机制核心效果断言。 | Targeting=YELLOW:缺目标与非法自身目标均在付费/移区前被拒绝；合法目标效果仍需逐卡验证。; related_mechanism_issues=none
GIL_815,GIL_815::target_optional_when_no_friendly_minion,Baleful Banker resolves without a target if there are no friendly minions and adds no copy.,banker=PLAY;field=['GIL_815'];deck=[],pass,batch=gil_c; EN=Battlecry: Choose a friendly minion. Shuffle a copy into your deck.; ZH=战吼：选择一个友方随从，将一个复制洗入你的牌库。; source=fireplace/cards/witchwood/neutral_epic.py:61; existing_tests=none; prior_card=YELLOW:2 个机制缺少充分的核心效果验证；逐机制依据见 card_mechanism.csv。; prior_mechanisms=Battlecry=YELLOW:存在定义或元数据候选；当前没有可复查的该机制核心效果断言。 | Targeting=YELLOW:缺目标与非法自身目标均在付费/移区前被拒绝；合法目标效果仍需逐卡验证。; related_mechanism_issues=none
GIL_816,GIL_816::deathrattle_adds_dragon_minion_to_hand,Swamp Dragon Egg adds a Dragon minion to its controller's hand when it dies.,"egg=GRAVEYARD;added=[('LOOT_137', 'NEUTRAL', 24, 'HAND')]",pass,batch=gil_c; EN=Deathrattle: Add a random Dragon to your hand.; ZH=亡语：随机将一张龙牌置入你的手牌。; source=fireplace/cards/witchwood/neutral_common.py:151; existing_tests=none; prior_card=YELLOW:2 个机制缺少充分的核心效果验证；逐机制依据见 card_mechanism.csv。; prior_mechanisms=Deathrattle=YELLOW:存在效果脚本；烟测仅验证执行和基础状态，缺少充分逐卡效果断言。 | Random effects=YELLOW:存在定义或元数据候选；当前没有可复查的该机制核心效果断言。; related_mechanism_issues=none
GIL_817,GIL_817::healing_after_shield_break_restores_divine_shield,"After The Glass Knight loses Divine Shield, restoring its Health grants Divine Shield again.","after_combat=(False, 0, 3);chip=GRAVEYARD;after_chip=(False, 1, 2);hymn=GRAVEYARD;glass=(True, 0, 3)",pass,"batch=gil_c; EN=[x]Divine Shield Whenever you restore Health, gain Divine Shield.; ZH=圣盾 每当有角色获得你的治疗时，获得圣盾。; source=fireplace/cards/witchwood/paladin.py:46; existing_tests=none; prior_card=YELLOW:2 个机制缺少充分的核心效果验证；逐机制依据见 card_mechanism.csv。; prior_mechanisms=Divine Shield=YELLOW:存在定义或元数据候选；当前没有可复查的该机制核心效果断言。 | Trigger=YELLOW:存在定义或元数据候选；当前没有可复查的该机制核心效果断言。; related_mechanism_issues=none"
GIL_820,GIL_820::repeats_two_different_prior_battlecries,Shudderwock repeats both a prior targeted copy Battlecry and a prior opponent-class generation Battlecry.,"source_cards=('PLAY', 'PLAY');before=(1, 1);shudder=('PLAY', 6, 6);copies=[('CS2_182', 10, 10, 'HAND'), ('GIL_827', 10, 10, 'HAND')];opponent_class_cards_excluding_copied_fox=[('BT_042', 'HAND'), ('TRL_127', 'HAND')]",pass,batch=gil_c; EN=[x]Battlecry: Repeat all other Battlecries from cards you played this game (targets chosen randomly).; ZH=战吼：重复在本局对战中你所使用过的所有其他卡牌的战吼效果（目标随机而定）。; source=fireplace/cards/witchwood/shaman.py:43; existing_tests=tests/test_misc.py:140:test_darkspeaker_and_shudderwock | tests/test_misc.py:156:test_doppelgangster_and_shudderwock | tests/test_witchwood.py:53:test_shudderwock; prior_card=YELLOW:1 个机制缺少充分的核心效果验证；逐机制依据见 card_mechanism.csv。; prior_mechanisms=Battlecry=YELLOW:存在定义或元数据候选；当前没有可复查的该机制核心效果断言。; related_mechanism_issues=none
GIL_825,GIL_825::repeats_aoe_after_any_minion_dies,"Lord Godfrey repeats its 2-damage Battlecry after the first batch kills minions, damaging surviving minions again.","godfrey=(4, 4, 0, 'PLAY');own_small=GRAVEYARD;enemy_small=GRAVEYARD;large_damage=(4, 4)",pass,"batch=gil_c; EN=[x]Battlecry: Deal 2 damage to all other minions. If any die, repeat this Battlecry.; ZH=战吼：对所有其他随从造成2点伤害。如果有随从死亡，则重复此战吼效果。; source=fireplace/cards/witchwood/warlock.py:64; existing_tests=none; prior_card=YELLOW:1 个机制缺少充分的核心效果验证；逐机制依据见 card_mechanism.csv。; prior_mechanisms=Battlecry=YELLOW:存在定义或元数据候选；当前没有可复查的该机制核心效果断言。; related_mechanism_issues=none"
GIL_825,GIL_825::does_not_repeat_when_no_minion_dies,Lord Godfrey stops after one 2-damage batch if no minion dies.,"godfrey=PLAY;survivor=('PLAY', 2, 3)",pass,"batch=gil_c; EN=[x]Battlecry: Deal 2 damage to all other minions. If any die, repeat this Battlecry.; ZH=战吼：对所有其他随从造成2点伤害。如果有随从死亡，则重复此战吼效果。; source=fireplace/cards/witchwood/warlock.py:64; existing_tests=none; prior_card=YELLOW:1 个机制缺少充分的核心效果验证；逐机制依据见 card_mechanism.csv。; prior_mechanisms=Battlecry=YELLOW:存在定义或元数据候选；当前没有可复查的该机制核心效果断言。; related_mechanism_issues=none"
GIL_827,GIL_827::battlecry_adds_opponent_class_card,Blink Fox adds exactly one card belonging to the opponent's class.,"fox=('PLAY', 3, 3);added=[('BT_140', 'WARRIOR', 'MINION', 'HAND')]",pass,batch=gil_c; EN=Battlecry: Add a random card to your hand (from your opponent's class).; ZH=战吼：随机将一张（你对手职业的）卡牌置入你的手牌。; source=fireplace/cards/witchwood/rogue.py:40; existing_tests=none; prior_card=YELLOW:2 个机制缺少充分的核心效果验证；逐机制依据见 card_mechanism.csv。; prior_mechanisms=Battlecry=YELLOW:存在定义或元数据候选；当前没有可复查的该机制核心效果断言。 | Random effects=YELLOW:存在定义或元数据候选；当前没有可复查的该机制核心效果断言。; related_mechanism_issues=none
GIL_828,GIL_828::buffs_beast_and_shuffles_three_buffed_copies,Dire Frenzy gives a Beast +3/+3 and shuffles three matching +3/+3 copies into the deck.,"before=(3, 2, 20);spell=GRAVEYARD;beast=(3, 2, 'PLAY');copies=[('CS2_237', 3, 2, 20, 'DECK'), ('CS2_237', 3, 2, 20, 'DECK'), ('CS2_237', 3, 2, 20, 'DECK')]",confirmed_error,batch=gil_c; EN=Give a Beast +3/+3. Shuffle 3 copies into your deck with +3/+3.; ZH=使一个野兽获得+3/+3。将它的三张复制洗入你的牌库，且这些复制都具有+3/+3。; source=fireplace/cards/witchwood/hunter.py:98; existing_tests=none; prior_card=YELLOW:2 个机制缺少充分的核心效果验证；逐机制依据见 card_mechanism.csv。; prior_mechanisms=Spell resolution=YELLOW:存在定义或元数据候选；当前没有可复查的该机制核心效果断言。 | Targeting=YELLOW:存在定义或元数据候选；当前没有可复查的该机制核心效果断言。; related_mechanism_issues=none
GIL_828,GIL_828::non_beast_target_rejected_without_payment,Dire Frenzy rejects a non-Beast target without spending mana or changing the target.,"error=InvalidAction;target=('CS2_182', 0, 4, 5);spell=HAND;mana=0->0;deck=[]",pass,batch=gil_c; EN=Give a Beast +3/+3. Shuffle 3 copies into your deck with +3/+3.; ZH=使一个野兽获得+3/+3。将它的三张复制洗入你的牌库，且这些复制都具有+3/+3。; source=fireplace/cards/witchwood/hunter.py:98; existing_tests=none; prior_card=YELLOW:2 个机制缺少充分的核心效果验证；逐机制依据见 card_mechanism.csv。; prior_mechanisms=Spell resolution=YELLOW:存在定义或元数据候选；当前没有可复查的该机制核心效果断言。 | Targeting=YELLOW:存在定义或元数据候选；当前没有可复查的该机制核心效果断言。; related_mechanism_issues=none
GIL_833,GIL_833::own_turn_end_both_players_draw_one,"At its controller's turn end, Forest Guide makes both players draw exactly one card.","guide=PLAY;own_end=('HAND', 'HAND', 1, 1);after_enemy_end=(1, 1);deck=([], [])",pass,"batch=gil_c; EN=At the end of your turn, both players draw a card.; ZH=在你的回合结束时，双方玩家各抽 一张牌。; source=fireplace/cards/witchwood/druid.py:76; existing_tests=none; prior_card=YELLOW:2 个机制缺少充分的核心效果验证；逐机制依据见 card_mechanism.csv。; prior_mechanisms=Draw / Discard=YELLOW:存在定义或元数据候选；当前没有可复查的该机制核心效果断言。 | Trigger=YELLOW:存在定义或元数据候选；当前没有可复查的该机制核心效果断言。; related_mechanism_issues=none"
GIL_835,GIL_835::echo_battlecry_repeats_two_health_restore,Squashling restores 2 Health on each Echo play and the unused Echo copy expires at turn end.,"plays=('PLAY', 'PLAY');health=29->27->29;field=['GIL_835', 'GIL_835'];hand=[]",pass,batch=gil_c; EN=[x]Echo Battlecry: Restore #2 Health.; ZH=回响，战吼：恢复#2点生命值。; source=fireplace/cards/witchwood/priest.py:58; existing_tests=none; prior_card=YELLOW:3 个机制缺少充分的核心效果验证；逐机制依据见 card_mechanism.csv。; prior_mechanisms=Battlecry=YELLOW:存在定义或元数据候选；当前没有可复查的该机制核心效果断言。 | Echo=YELLOW:存在定义或元数据候选；当前没有可复查的该机制核心效果断言。 | Targeting=YELLOW:缺目标与非法自身目标均在付费/移区前被拒绝；合法目标效果仍需逐卡验证。; related_mechanism_issues=none
GIL_836,GIL_836::discover_offers_battlecry_minions,Blazing Invocation offers three Battlecry minions and the chosen one enters hand.,"spell=GRAVEYARD;offered=[('EX1_561', 'MINION', True, 'SETASIDE'), ('EX1_584', 'MINION', True, 'SETASIDE'), ('LOOT_358', 'MINION', True, 'SETASIDE')];selected=EX1_561/HAND;hand=['EX1_561']",pass,batch=gil_c; EN=Discover a Battlecry minion.; ZH=发现一张具有战吼的随从牌。; source=fireplace/cards/witchwood/shaman.py:94; existing_tests=none; prior_card=YELLOW:4 个机制缺少充分的核心效果验证；逐机制依据见 card_mechanism.csv。; prior_mechanisms=Battlecry=YELLOW:存在定义或元数据候选；当前没有可复查的该机制核心效果断言。 | Discover / Choice=YELLOW:存在定义或元数据候选；当前没有可复查的该机制核心效果断言。 | Random effects=YELLOW:存在定义或元数据候选；当前没有可复查的该机制核心效果断言。 | Spell resolution=YELLOW:存在定义或元数据候选；当前没有可复查的该机制核心效果断言。; related_mechanism_issues=none
GIL_840,GIL_840::inner_fire_sets_all_deck_minions_attack_to_health,Lady in White sets every deck minion's Attack to its Health and leaves deck spells unchanged.,"lady=('PLAY', 5, 5);minion=CS2_182/5/5/DECK;spell=CS2_029/4/DECK;deck=['CS2_182', 'CS2_029']",pass,batch=gil_c; EN=[x]Battlecry: Cast 'Inner Fire'  on every minion in your deck  (set Attack equal to Health).; ZH=战吼：对你牌库中的所有随从施放“心灵之火”（使其攻击力等同于生命值）。; source=fireplace/cards/witchwood/priest.py:84; existing_tests=tests/test_witchwood.py:60:test_lady_in_white; prior_card=YELLOW:1 个机制缺少充分的核心效果验证；逐机制依据见 card_mechanism.csv。; prior_mechanisms=Battlecry=YELLOW:存在定义或元数据候选；当前没有可复查的该机制核心效果断言。; related_mechanism_issues=none
GIL_902,GIL_902::combo_gives_weapon_one_attack,Cutthroat Buccaneer gives the equipped weapon +1 Attack when a card was played earlier this turn.,"coin=GRAVEYARD;weapon=(3, 4)->(4, 4);buccaneer=PLAY;played_this_turn=2",pass,batch=gil_c; EN=Combo: Give your weapon +1 Attack.; ZH=连击：使你的武器获得+1攻击力。; source=fireplace/cards/witchwood/rogue.py:47; existing_tests=none; prior_card=YELLOW:1 个机制缺少充分的核心效果验证；逐机制依据见 card_mechanism.csv。; prior_mechanisms=Combo=YELLOW:存在定义或元数据候选；当前没有可复查的该机制核心效果断言。; related_mechanism_issues=none
GIL_902,GIL_902::no_prior_card_means_no_combo_buff,"When Cutthroat Buccaneer is the first card played that turn, the weapon does not gain Attack.","weapon=(3, 4)->(3, 4);buccaneer=PLAY;played_this_turn=1",pass,batch=gil_c; EN=Combo: Give your weapon +1 Attack.; ZH=连击：使你的武器获得+1攻击力。; source=fireplace/cards/witchwood/rogue.py:47; existing_tests=none; prior_card=YELLOW:1 个机制缺少充分的核心效果验证；逐机制依据见 card_mechanism.csv。; prior_mechanisms=Combo=YELLOW:存在定义或元数据候选；当前没有可复查的该机制核心效果断言。; related_mechanism_issues=none
GIL_903,GIL_903::secret_triggers_on_third_opponent_card_and_draws_two,"Hidden Wisdom stays armed through two opponent card plays, then triggers after the third and draws two cards.","after_two=('SECRET', [], 2);third=PLAY;after_three_count=3;secret=SECRET;drawn=[];deck=['CS2_182', 'CS2_231']",confirmed_error,"batch=gil_c; EN=[x]Secret: After your opponent plays three cards in a turn, draw 2 cards.; ZH=奥秘：当你的对手在一回合中使用三张牌后，抽两张牌。; source=fireplace/cards/witchwood/paladin.py:83; existing_tests=none; prior_card=YELLOW:4 个机制缺少充分的核心效果验证；逐机制依据见 card_mechanism.csv。; prior_mechanisms=Draw / Discard=YELLOW:存在定义或元数据候选；当前没有可复查的该机制核心效果断言。 | Secret=YELLOW:存在定义或元数据候选；当前没有可复查的该机制核心效果断言。 | Spell resolution=YELLOW:存在定义或元数据候选；当前没有可复查的该机制核心效果断言。 | Trigger=YELLOW:存在定义或元数据候选；当前没有可复查的该机制核心效果断言。; related_mechanism_issues=none"
GIL_905,GIL_905::recent_minion_death_grants_poisonous,Carrion Drake gains Poisonous if a minion died earlier in the turn.,"victim=GRAVEYARD;drake=('PLAY', True, 3, 7)",pass,"batch=gil_c; EN=Battlecry: If a minion died this turn, gain Poisonous.; ZH=战吼：如果在本回合中有一个随从死亡，获得剧毒。; source=fireplace/cards/witchwood/hunter.py:63; existing_tests=none; prior_card=YELLOW:1 个机制缺少充分的核心效果验证；逐机制依据见 card_mechanism.csv。; prior_mechanisms=Battlecry=YELLOW:存在定义或元数据候选；当前没有可复查的该机制核心效果断言。; related_mechanism_issues=none"
GIL_905,GIL_905::no_minion_death_does_not_grant_poisonous,Carrion Drake does not gain Poisonous without a minion death that turn.,"drake=('PLAY', False, 3, 7)",pass,"batch=gil_c; EN=Battlecry: If a minion died this turn, gain Poisonous.; ZH=战吼：如果在本回合中有一个随从死亡，获得剧毒。; source=fireplace/cards/witchwood/hunter.py:63; existing_tests=none; prior_card=YELLOW:1 个机制缺少充分的核心效果验证；逐机制依据见 card_mechanism.csv。; prior_mechanisms=Battlecry=YELLOW:存在定义或元数据候选；当前没有可复查的该机制核心效果断言。; related_mechanism_issues=none"
