card_id,case_id,expected,observed,outcome,notes
DRG_006,DRG_006::held_dragon_hits_minion_and_hero,Holding Dragon: chosen minion and enemy hero each take 3.,dragon=True;target=2;enemy_hero=27;spell=GRAVEYARD,pass,"batch=drg_a; 真实手牌龙条件与双目标。; EN=[x]Deal $3 damage to a minion. If you're holding a Dragon, it also hits the enemy hero.; ZH=对一个随从造成$3点伤害。如果你的手牌中有龙牌，还会命中敌方英雄。; source=fireplace/cards/dragons/hunter.py:60; existing_tests=none; prior=YELLOW:2 个机制缺少充分的核心效果验证；逐机制依据见 card_mechanism.csv。; prior_evidence=card_mechanism.csv#DRG_006; generic-play-smoke:played"
DRG_006,DRG_006::no_dragon_only_minion,No Dragon: only chosen minion takes 3.,dragon=False;target=2;enemy_hero=30;spell=GRAVEYARD,pass,"batch=drg_a; 无龙对照。; EN=[x]Deal $3 damage to a minion. If you're holding a Dragon, it also hits the enemy hero.; ZH=对一个随从造成$3点伤害。如果你的手牌中有龙牌，还会命中敌方英雄。; source=fireplace/cards/dragons/hunter.py:60; existing_tests=none; prior=YELLOW:2 个机制缺少充分的核心效果验证；逐机制依据见 card_mechanism.csv。; prior_evidence=card_mechanism.csv#DRG_006; generic-play-smoke:played"
DRG_007,DRG_007::dragon_prevents_durability_loss,Controlling Dragon: hero attack damages enemy but leaves weapon at 2 Durability.,dragon=True;before=2;after=2;ready=True;enemy_health=27;weapon=PLAY,pass,batch=drg_a; 实际英雄攻击与耐久。; EN=Doesn't lose Durability while you control a Dragon.; ZH=当你控制着一条龙时，不会失去 耐久度。; source=fireplace/cards/dragons/hunter.py:96; existing_tests=none; prior=YELLOW:2 个机制缺少充分的核心效果验证；逐机制依据见 card_mechanism.csv。; prior_evidence=card_mechanism.csv#DRG_007; generic-play-smoke:played
DRG_007,DRG_007::without_dragon_loses_one,Without Dragon: same attack spends one Durability.,dragon=False;before=2;after=1;ready=True;enemy_health=27;weapon=PLAY,pass,batch=drg_a; 无龙对照。; EN=Doesn't lose Durability while you control a Dragon.; ZH=当你控制着一条龙时，不会失去 耐久度。; source=fireplace/cards/dragons/hunter.py:96; existing_tests=none; prior=YELLOW:2 个机制缺少充分的核心效果验证；逐机制依据见 card_mechanism.csv。; prior_evidence=card_mechanism.csv#DRG_007; generic-play-smoke:played
DRG_008,DRG_008::five_actual_summons_buff_all_friends,Four summons give progress 4; fifth completes Sidequest and gives all five bodies +1/+1.,"after_four=4;after_five=5;quest=GRAVEYARD;stats=[(2, 2, 'PLAY'), (2, 2, 'PLAY'), (2, 2, 'PLAY'), (2, 2, 'PLAY'), (2, 2, 'PLAY')]",pass,batch=drg_a; 逐次召唤、进度、任务区域与全体增益。; EN=Sidequest: Summon 5 minions. Reward: Give your minions +1/+1.; ZH=支线任务： 召唤五个随从。奖励：使你的所有随从获得+1/+1。; source=fireplace/cards/dragons/paladin.py:81; existing_tests=none; prior=YELLOW:2 个机制缺少充分的核心效果验证；逐机制依据见 card_mechanism.csv。; prior_evidence=card_mechanism.csv#DRG_008; generic-play-smoke:played
DRG_010,DRG_010::battlecry_draws_only_rush_minion,"Rush Gryphon draws sole Rush deck minion, leaving ordinary Wisp in deck.",rush=1;drawn=ULD_206:HAND;plain=DECK;body=PLAY,pass,batch=drg_a; 牌库筛选、手牌区域和 Rush。; EN=Rush Battlecry: Draw a Rush minion from your deck.; ZH=突袭，战吼：从你的牌库中抽一张具有突袭的随从牌。; source=fireplace/cards/dragons/hunter.py:8; existing_tests=none; prior=YELLOW:3 个机制缺少充分的核心效果验证；逐机制依据见 card_mechanism.csv。; prior_evidence=card_mechanism.csv#DRG_010; generic-play-smoke:played
DRG_019,DRG_019::two_real_invokes_summon_two_copies,"After two actual Invoke cards, Rush Scion appears with two copies.","invoked=2;play_error=AttributeError:'Minion' object has no attribute 'weapon';source=warrior.py:DRG_019 uses SummonBothSides(SELF,...)",confirmed_error,"batch=drg_a; 真实祈求计数与召唤。; EN=Rush. Battlecry: If you've Invoked twice, summon 2 copies of this.; ZH=突袭 战吼：如果你已经祈求过两次，召唤该随从的两个复制。; source=fireplace/cards/dragons/warrior.py:8; existing_tests=none; prior=YELLOW:3 个机制缺少充分的核心效果验证；逐机制依据见 card_mechanism.csv。; prior_evidence=card_mechanism.csv#DRG_019; generic-play-smoke:played"
DRG_019,DRG_019::no_invokes_no_extra_copies,"Without Invoke, only original Scion appears.","invoked=0;scions=[(3, 2, 1, 'PLAY')];body=PLAY",pass,"batch=drg_a; 未祈求对照。; EN=Rush. Battlecry: If you've Invoked twice, summon 2 copies of this.; ZH=突袭 战吼：如果你已经祈求过两次，召唤该随从的两个复制。; source=fireplace/cards/dragons/warrior.py:8; existing_tests=none; prior=YELLOW:3 个机制缺少充分的核心效果验证；逐机制依据见 card_mechanism.csv。; prior_evidence=card_mechanism.csv#DRG_019; generic-play-smoke:played"
DRG_020,DRG_020::add_one_lackey_gain_three_armor,Battlecry adds one Lackey to hand and grants 3 Armor.,"armor=3;hand=[('DAL_613', 1, 'HAND')];body=PLAY",pass,batch=drg_a; 双效果手牌与护甲。; EN=Battlecry: Add a Lackey to your hand. Gain 3 Armor.; ZH=战吼：将一张跟班牌置入你的手牌。获得3点护甲值。; source=fireplace/cards/dragons/warrior.py:16; existing_tests=none; prior=YELLOW:2 个机制缺少充分的核心效果验证；逐机制依据见 card_mechanism.csv。; prior_evidence=card_mechanism.csv#DRG_020; generic-play-smoke:played
DRG_021,DRG_021::weapon_equips_and_invokes_warrior_galakrond,"Battlecry performs one actual Invoke while a Warrior Galakrond is in deck, granting hero 3 temporary Attack in addition to 1-Attack weapon.",invoke_count=1;hero_attack=4;weapon=DRG_021:PLAY:2;galakrond=DECK,pass,batch=drg_a; 真实祈求计数、英雄攻击与装备区域。; EN=Battlecry: Invoke Galakrond.; ZH=战吼： 祈求迦拉克隆。; source=fireplace/cards/dragons/warrior.py:82; existing_tests=none; prior=YELLOW:2 个机制缺少充分的核心效果验证；逐机制依据见 card_mechanism.csv。; prior_evidence=card_mechanism.csv#DRG_021; generic-play-smoke:played
DRG_022,DRG_022::selected_minion_attacks_one_neighbor,"Selected middle Yeti attacks exactly one adjacent Wisp, killing it and taking 1 retaliation damage.",center=4:PLAY;sides=GRAVEYARD/PLAY;spell=GRAVEYARD,pass,batch=drg_a; 真实强制战斗、相邻筛选和死亡。; EN=Force a minion to attack one of its neighbors.; ZH=迫使一个随从攻击相邻的一个 随从。; source=fireplace/cards/dragons/warrior.py:54; existing_tests=none; prior=YELLOW:2 个机制缺少充分的核心效果验证；逐机制依据见 card_mechanism.csv。; prior_evidence=card_mechanism.csv#DRG_022; generic-play-smoke:played
DRG_023,DRG_023::later_pirate_summon_hits_enemy_two,Non-Pirate Wisp causes no damage; later Pirate summon deals 2 to sole enemy character hero.,before_pirate=30;after=28;pirate=PLAY;barge=PLAY,pass,"batch=drg_a; 召唤事件、种族和随机目标隔离。; EN=[x]After you summon a Pirate, deal 2 damage to a random enemy.; ZH=在你召唤一个海盗后，随机对一个敌人造成2点伤害。; source=fireplace/cards/dragons/warrior.py:23; existing_tests=none; prior=YELLOW:3 个机制缺少充分的核心效果验证；逐机制依据见 card_mechanism.csv。; prior_evidence=card_mechanism.csv#DRG_023; generic-play-smoke:played"
DRG_024,DRG_024::battlecry_adds_one_pirate,Battlecry adds exactly one Pirate card to hand.,"body=PLAY;hand=[('CS2_146', True, 'HAND')]",pass,batch=drg_a; 生成卡数量、种族及区域。; EN=Battlecry: Add a random Pirate to your hand.; ZH=战吼：随机将一张海盗牌置入你的手牌。; source=fireplace/cards/dragons/warrior.py:30; existing_tests=none; prior=YELLOW:2 个机制缺少充分的核心效果验证；逐机制依据见 card_mechanism.csv。; prior_evidence=card_mechanism.csv#DRG_024; generic-play-smoke:played
DRG_025,DRG_025::hero_attack_draws_pirate_only,Weapon hero attack draws sole Pirate from deck while Wisp stays; hero damages opponent.,ready=True;pirate=HAND;plain=DECK;weapon=PLAY:1;enemy_health=28,pass,"batch=drg_a; 真实武器攻击、牌库筛选与区域。; EN=After your hero attacks, draw a Pirate from your deck.; ZH=在你的英雄攻击后，从你的牌库中抽一张海盗牌。; source=fireplace/cards/dragons/warrior.py:89; existing_tests=none; prior=YELLOW:3 个机制缺少充分的核心效果验证；逐机制依据见 card_mechanism.csv。; prior_evidence=card_mechanism.csv#DRG_025; generic-play-smoke:played"
DRG_026,DRG_026::attacks_each_friendly_and_enemy_minion,"Battlecry actually fights own Wisp and both enemy Wisps, killing all three without hitting enemy hero.","friendly=GRAVEYARD;foes=['GRAVEYARD', 'GRAVEYARD'];deathwing=9:PLAY;enemy_hero=30",pass,batch=drg_a; 包含己方随从、敌方复数目标及战斗结算。; EN=Battlecry: Attack ALL other minions.; ZH=战吼：攻击所有其他随从。; source=fireplace/cards/dragons/warrior.py:37; existing_tests=none; prior=YELLOW:1 个机制缺少充分的核心效果验证；逐机制依据见 card_mechanism.csv。; prior_evidence=card_mechanism.csv#DRG_026; generic-play-smoke:played
DRG_027,DRG_027::invoked_twice_adds_three_coins,"After two actual Invoke cards, Battlecry adds three Coins.","invoke_count=2;coins=[('GAME_005', 'HAND'), ('GAME_005', 'HAND'), ('GAME_005', 'HAND')];body=PLAY",pass,"batch=drg_a; 真实祈求计数与三张手牌。; EN=[x]Battlecry: If you've Invoked twice, add 3 Coins to your hand.; ZH=战吼：如果你已经祈求过两次，则将三个幸运币置入你的手牌。; source=fireplace/cards/dragons/rogue.py:8; existing_tests=none; prior=YELLOW:1 个机制缺少充分的核心效果验证；逐机制依据见 card_mechanism.csv。; prior_evidence=card_mechanism.csv#DRG_027; generic-play-smoke:played"
DRG_027,DRG_027::one_invoke_no_coins,"After one actual Invoke card, Battlecry adds none.",invoke_count=1;coins=[];body=PLAY,pass,"batch=drg_a; 阈值不足对照。; EN=[x]Battlecry: If you've Invoked twice, add 3 Coins to your hand.; ZH=战吼：如果你已经祈求过两次，则将三个幸运币置入你的手牌。; source=fireplace/cards/dragons/rogue.py:8; existing_tests=none; prior=YELLOW:1 个机制缺少充分的核心效果验证；逐机制依据见 card_mechanism.csv。; prior_evidence=card_mechanism.csv#DRG_027; generic-play-smoke:played"
DRG_028,DRG_028::discover_other_class_legendary_minion,Offers three Legendary minions from other classes; selected card enters hand.,"options=[('BT_481', 5, [14]), ('GIL_840', 5, [6]), ('GIL_549', 5, [4])];selected=('BT_481', 'HAND');choice_closed=True",pass,batch=drg_a; 候选类型稀有度职业及 Choice 闭合。; EN=Discover a Legendary minion from another class.; ZH=发现一张其他职业的传说 随从牌。; source=fireplace/cards/dragons/rogue.py:71; existing_tests=none; prior=YELLOW:3 个机制缺少充分的核心效果验证；逐机制依据见 card_mechanism.csv。; prior_evidence=card_mechanism.csv#DRG_028; generic-play-smoke:played
DRG_030,DRG_030::selected_minion_plus_one_attack_and_invoke,Selected minion gains 1 Attack and Galakrond Invoke counter rises once; enemy minion unchanged.,target=2/1;enemy=1/1;invoke_count=1;spell=GRAVEYARD;galakrond=DECK,pass,batch=drg_a; 目标与祈求双效果。; EN=[x]Give a minion +1 Attack. Invoke Galakrond.; ZH=使一个随从获得+1攻击力。祈求迦拉克隆。; source=fireplace/cards/dragons/rogue.py:78; existing_tests=none; prior=YELLOW:2 个机制缺少充分的核心效果验证；逐机制依据见 card_mechanism.csv。; prior_evidence=card_mechanism.csv#DRG_030; generic-play-smoke:played
DRG_031,DRG_031::combo_draws_deathrattle_and_repeats_it_on_death,"After prior card, Apothecary draws sole Deathrattle minion and on death adds its two Dragon tokens.","drawn_source=HAND;plain=DECK;apothecary_dr=True;body=GRAVEYARD;dragons=[('DAL_146t', 'HAND'), ('DAL_146t', 'HAND')]",pass,batch=drg_a; 真实连击、抽牌过滤、复制亡语的实际死亡效果。; EN=Combo: Draw a Deathrattle minion from your deck and gain its Deathrattle.; ZH=连击：从你的牌库中抽一张亡语随从牌并获得其亡语。; source=fireplace/cards/dragons/rogue.py:16; existing_tests=none; prior=YELLOW:3 个机制缺少充分的核心效果验证；逐机制依据见 card_mechanism.csv。; prior_evidence=card_mechanism.csv#DRG_031; generic-play-smoke:played
DRG_033,DRG_033::dragon_reduces_cost_and_draws_three,Holding Dragon reduces cost by 3 and draws three cards.,"dragon=True;cost=3;drawn=['HAND', 'HAND', 'HAND'];spell=GRAVEYARD",pass,batch=drg_a; 手牌龙条件、费用与抽牌。; EN=Draw 3 cards. Costs (3) less while you're holding a Dragon.; ZH=抽三张牌。如果你的手牌中有龙牌，这张牌的法力值消耗减少（3）点。; source=fireplace/cards/dragons/rogue.py:89; existing_tests=none; prior=YELLOW:3 个机制缺少充分的核心效果验证；逐机制依据见 card_mechanism.csv。; prior_evidence=card_mechanism.csv#DRG_033; generic-play-smoke:played
DRG_033,DRG_033::without_dragon_full_cost_and_draws_three,Without Dragon cost remains 6 and still draws three.,"dragon=False;cost=6;drawn=['HAND', 'HAND', 'HAND'];spell=GRAVEYARD",pass,batch=drg_a; 条件反支。; EN=Draw 3 cards. Costs (3) less while you're holding a Dragon.; ZH=抽三张牌。如果你的手牌中有龙牌，这张牌的法力值消耗减少（3）点。; source=fireplace/cards/dragons/rogue.py:89; existing_tests=none; prior=YELLOW:3 个机制缺少充分的核心效果验证；逐机制依据见 card_mechanism.csv。; prior_evidence=card_mechanism.csv#DRG_033; generic-play-smoke:played
DRG_034,DRG_034::draws_only_two_nonstarting_deck_cards,Two later shuffled Pirates are drawn and original Wisp stays deck.,"generated=True;extras=['HAND', 'HAND'];original=DECK;body=PLAY",pass,"batch=drg_a; 新增牌、原始牌及两次抽取。; EN=[x]Battlecry: If there are cards in your deck that didn't start there, draw 2 of them.; ZH=战吼：如果你的牌库中有对战开始时不在牌库中的牌，则抽取其中的两张。; source=fireplace/cards/dragons/rogue.py:26; existing_tests=none; prior=YELLOW:2 个机制缺少充分的核心效果验证；逐机制依据见 card_mechanism.csv。; prior_evidence=card_mechanism.csv#DRG_034; generic-play-smoke:played"
DRG_034,DRG_034::no_generated_cards_draws_nothing,No added cards: original Wisp remains deck.,generated=False;extras=[];original=DECK;body=PLAY,pass,"batch=drg_a; 空候选分支。; EN=[x]Battlecry: If there are cards in your deck that didn't start there, draw 2 of them.; ZH=战吼：如果你的牌库中有对战开始时不在牌库中的牌，则抽取其中的两张。; source=fireplace/cards/dragons/rogue.py:26; existing_tests=none; prior=YELLOW:2 个机制缺少充分的核心效果验证；逐机制依据见 card_mechanism.csv。; prior_evidence=card_mechanism.csv#DRG_034; generic-play-smoke:played"
DRG_035,DRG_035::adds_exactly_two_one_one_pirates,Battlecry adds exactly two 1/1 Pirate tokens to hand.,"hand=[('DRG_035t', 1, 1, 'HAND'), ('DRG_035t', 1, 1, 'HAND')];body=PLAY",pass,batch=drg_a; 数量、身份、身材和区域。; EN=Battlecry: Add two 1/1 Pirates to your hand.; ZH=战吼：将两张1/1的海盗牌置入你的手牌。; source=fireplace/cards/dragons/rogue.py:34; existing_tests=none; prior=YELLOW:1 个机制缺少充分的核心效果验证；逐机制依据见 card_mechanism.csv。; prior_evidence=card_mechanism.csv#DRG_035; generic-play-smoke:played
DRG_036,DRG_036::deathrattle_candle_cast_when_drawn_resummons,"Deathrattle shuffles Candle, then drawing it casts and summons Waxadred.","dead=GRAVEYARD;candle_deck_before=1;candle_after=GRAVEYARD;summoned=[('DRG_036', 'PLAY')]",pass,batch=drg_a; 实际死亡、洗牌、抽中触发与战场。; EN=[x]Deathrattle: Shuffle a Candle into your deck that resummons Waxadred when drawn.; ZH=亡语：将一支蜡烛洗入你的牌库。抽到蜡烛时，重新召唤蜡烛巨龙。; source=fireplace/cards/dragons/rogue.py:41; existing_tests=none; prior=YELLOW:2 个机制缺少充分的核心效果验证；逐机制依据见 card_mechanism.csv。; prior_evidence=card_mechanism.csv#DRG_036; generic-play-smoke:played
DRG_037,DRG_037::destroys_all_id_copies_both_sides_and_zones,"Selected Wisp and copies on both fields, both hands and both decks destroyed; unrelated Yeti survives.","copies=['GRAVEYARD', 'GRAVEYARD', 'GRAVEYARD', 'GRAVEYARD', 'GRAVEYARD', 'GRAVEYARD', 'GRAVEYARD'];unrelated=PLAY;flik=PLAY",pass,batch=drg_a; 目标与双方各区域同名牌。; EN=[x]Battlecry: Destroy a minion and all copies of it (wherever they are).; ZH=战吼：消灭一个随从及其所有的复制（无论它们在哪）。; source=fireplace/cards/dragons/rogue.py:54; existing_tests=none; prior=YELLOW:2 个机制缺少充分的核心效果验证；逐机制依据见 card_mechanism.csv。; prior_evidence=card_mechanism.csv#DRG_037; generic-play-smoke:played
DRG_049,DRG_049::deathrattle_buffs_only_hand_dragon,"Actual death gives hand Dragon +2/+2, ordinary hand Wisp unchanged.",dragon=5/4:HAND;plain=1/1;body=GRAVEYARD,pass,batch=drg_a; 死亡触发、种族和手牌增益。; EN=Deathrattle: Give a Dragon in your hand +2/+2.; ZH=亡语：使你手牌中的一张龙牌获得+2/+2。; source=fireplace/cards/dragons/neutral_common.py:8; existing_tests=none; prior=YELLOW:1 个机制缺少充分的核心效果验证；逐机制依据见 card_mechanism.csv。; prior_evidence=card_mechanism.csv#DRG_049; generic-play-smoke:played
DRG_050,DRG_050::rush_body_and_real_warrior_invoke,Rush body enters play and actual Invoke gives Warrior hero +3 Attack.,rush=1;invoke=1;hero_attack=3;body=PLAY,pass,batch=drg_a; 关键词、祈求计数与英雄状态。; EN=Rush Battlecry: Invoke Galakrond.; ZH=突袭，战吼： 祈求迦拉克隆。; source=fireplace/cards/dragons/neutral_common.py:18; existing_tests=none; prior=YELLOW:2 个机制缺少充分的核心效果验证；逐机制依据见 card_mechanism.csv。; prior_evidence=card_mechanism.csv#DRG_050; generic-play-smoke:played
DRG_051,DRG_051::spend_ten_on_minions_summons_deck_minion,"Two 7-Mana minions advance progress first to 7, then beyond 10 and summon sole deck minion; quest leaves play.",first=PLAY;progress_after_first=7;second=PLAY;final=14:GRAVEYARD;reward=PLAY,pass,batch=drg_a; 费用支出进度、奖励与区域。; EN=Sidequest: Spend 10 Mana on minions. Reward: Summon a minion from your deck.; ZH=支线任务： 消耗10点法力值用于随从牌上。奖励：从你的牌库中召唤一个随从。; source=fireplace/cards/dragons/druid.py:53; existing_tests=tests/test_controller.py:484:test_active_quests_are_public_but_opponent_secrets_stay_concealed | tests/test_controller.py:502:test_active_quests_are_public_but_opponent_secrets_stay_concealed | tests/test_dragons.py:22:test_strength_in_numbers | tests/test_web_gui.py:293:test_opponent_quests_become_visible_above_hero_without_revealing_secret | tests/test_web_gui.py:309:test_opponent_quests_become_visible_above_hero_without_revealing_secret; prior=YELLOW:2 个机制缺少充分的核心效果验证；逐机制依据见 card_mechanism.csv。; prior_evidence=card_mechanism.csv#DRG_051; generic-play-smoke:played
DRG_054,DRG_054::battlecry_draws_one_deck_card,Battlecry draws exactly one deck Wisp into hand.,drawn=HAND;body=PLAY;hand=1,pass,batch=drg_a; 牌库与手牌区域。; EN=Battlecry: Draw a card.; ZH=战吼：抽一张牌。; source=fireplace/cards/dragons/neutral_common.py:25; existing_tests=none; prior=YELLOW:2 个机制缺少充分的核心效果验证；逐机制依据见 card_mechanism.csv。; prior_evidence=card_mechanism.csv#DRG_054; generic-play-smoke:played
DRG_055,DRG_055::equips_copy_of_destroyed_weapon,"After actual destruction, Battlecry equips a copy of sole prior weapon.","old=GRAVEYARD;new=('CS2_106', 'PLAY', 2);body=PLAY",pass,batch=drg_a; 摧毁历史、复制装备与武器区域。; EN=Battlecry: Equip one of your destroyed weapons.; ZH=战吼：装备一把你的被摧毁的武器。; source=fireplace/cards/dragons/neutral_rare.py:8; existing_tests=none; prior=YELLOW:2 个机制缺少充分的核心效果验证；逐机制依据见 card_mechanism.csv。; prior_evidence=card_mechanism.csv#DRG_055; generic-play-smoke:played
DRG_056,DRG_056::hand_trigger_only_after_played_pirate,Wisp leaves Brigand in hand; playing Pirate summons it to board.,after_wisp=HAND;after_pirate=PLAY;pirate=PLAY;ordinary=PLAY,pass,"batch=drg_a; 手牌监听、种族条件与召唤。; EN=[x]After you play a Pirate, summon this minion from your hand.; ZH=在你使用一张海盗牌后，从你的手牌中召唤该随从。; source=fireplace/cards/dragons/neutral_common.py:32; existing_tests=none; prior=YELLOW:2 个机制缺少充分的核心效果验证；逐机制依据见 card_mechanism.csv。; prior_evidence=card_mechanism.csv#DRG_056; generic-play-smoke:played"
DRG_057,DRG_057::only_start_of_own_turn_adds_one_health,Opponent turn start gives no Health; next own turn start gives +1 maximum Health.,initial=2;opponent_turn=2;own_turn=3;zone=PLAY,pass,"batch=drg_a; 回合归属与生命上限。; EN=At the start of your turn, gain +1 Health.; ZH=在你的回合开始时，获得+1生命值。; source=fireplace/cards/dragons/neutral_common.py:40; existing_tests=none; prior=YELLOW:1 个机制缺少充分的核心效果验证；逐机制依据见 card_mechanism.csv。; prior_evidence=card_mechanism.csv#DRG_057; generic-play-smoke:played"
DRG_059,DRG_059::friendly_mech_adds_stats_and_rush,"With friendly Mech, gains +1/+1 and Rush.",mech=True;stats=4/4;rush=True;zone=PLAY,pass,"batch=drg_a; 有机械条件。; EN=Battlecry: If you control a Mech, gain +1/+1 and Rush.; ZH=战吼：如果你控制一个机械，便获得+1/+1和突袭。; source=fireplace/cards/dragons/neutral_common.py:60; existing_tests=none; prior=YELLOW:1 个机制缺少充分的核心效果验证；逐机制依据见 card_mechanism.csv。; prior_evidence=card_mechanism.csv#DRG_059; generic-play-smoke:played"
DRG_059,DRG_059::without_mech_no_buff,"Without Mech, no buff or Rush.",mech=False;stats=3/3;rush=False;zone=PLAY,pass,"batch=drg_a; 条件反支。; EN=Battlecry: If you control a Mech, gain +1/+1 and Rush.; ZH=战吼：如果你控制一个机械，便获得+1/+1和突袭。; source=fireplace/cards/dragons/neutral_common.py:60; existing_tests=none; prior=YELLOW:1 个机制缺少充分的核心效果验证；逐机制依据见 card_mechanism.csv。; prior_evidence=card_mechanism.csv#DRG_059; generic-play-smoke:played"
DRG_060,DRG_060::one_attack_per_opponent_hand_card,Three enemy hand cards give Battlecry +3 Attack.,base=1;enemy_hand=3;attack=4;health=3,pass,batch=drg_a; 对手手牌计数与攻击。; EN=Battlecry: Gain +1 Attack for each card in your opponent's hand.; ZH=战吼：你的对手每有一张手牌，该随从便获得+1攻击力。; source=fireplace/cards/dragons/neutral_common.py:71; existing_tests=none; prior=YELLOW:1 个机制缺少充分的核心效果验证；逐机制依据见 card_mechanism.csv。; prior_evidence=card_mechanism.csv#DRG_060; generic-play-smoke:played
DRG_061,DRG_061::rush_and_windfury_allow_two_immediate_minion_attacks,On play Rush Gyrocopter attacks and kills two enemy Wisps in same turn.,rush=1;windfury=1;ready=True/True;victims=GRAVEYARD/GRAVEYARD;attacks=2,pass,batch=drg_a; 关键词转为真实战斗验证。; EN=Rush Windfury; ZH=突袭，风怒; source=; existing_tests=none; prior=YELLOW:2 个机制缺少充分的核心效果验证；逐机制依据见 card_mechanism.csv。; prior_evidence=card_mechanism.csv#DRG_061; generic-play-smoke:played
DRG_062,DRG_062::only_neutral_deck_cards_become_class_cards,Three neutral deck Wisps are replaced by Mage cards while Mage spell remains unchanged.,"original_neutral=['SETASIDE', 'SETASIDE', 'SETASIDE'];after=[('BT_021', [4], 'DECK'), ('GIL_116', [4], 'DECK'), ('EX1_294', [4], 'DECK'), ('CS2_029', [4], 'DECK')];class_card=DECK",pass,batch=drg_a; 牌库身份、职业归属与非中立对照。; EN=[x]Battlecry: Transform all Neutral cards in your deck into random cards from your class.; ZH=战吼： 将你牌库中的所有中立卡牌随机变形成为你的职业的卡牌。; source=fireplace/cards/dragons/neutral_epic.py:8; existing_tests=none; prior=YELLOW:3 个机制缺少充分的核心效果验证；逐机制依据见 card_mechanism.csv。; prior_evidence=card_mechanism.csv#DRG_062; generic-play-smoke:played
DRG_063,DRG_063::enemy_dragon_gives_four_four_and_rush,Enemy Dragon grants +4/+4 and Rush.,enemy_dragon=True;stats=8/8;rush=True,pass,"batch=drg_a; 敌方龙条件。; EN=Battlecry: If your opponent controls a Dragon, gain +4/+4 and Rush.; ZH=战吼：如果你的对手控制着一条龙，便获得+4/+4和突袭。; source=fireplace/cards/dragons/neutral_rare.py:15; existing_tests=none; prior=YELLOW:1 个机制缺少充分的核心效果验证；逐机制依据见 card_mechanism.csv。; prior_evidence=card_mechanism.csv#DRG_063; generic-play-smoke:played"
DRG_063,DRG_063::no_enemy_dragon_no_buff,No enemy Dragon leaves stats and Rush unchanged.,enemy_dragon=False;stats=4/4;rush=False,pass,"batch=drg_a; 条件反支。; EN=Battlecry: If your opponent controls a Dragon, gain +4/+4 and Rush.; ZH=战吼：如果你的对手控制着一条龙，便获得+4/+4和突袭。; source=fireplace/cards/dragons/neutral_rare.py:15; existing_tests=none; prior=YELLOW:1 个机制缺少充分的核心效果验证；逐机制依据见 card_mechanism.csv。; prior_evidence=card_mechanism.csv#DRG_063; generic-play-smoke:played"
DRG_064,DRG_064::taunt_and_three_one_cost_enemy_minions,Battlecry summons three 1-Cost bodies on opponent board; own body has Taunt.,"taunt=1;enemy_bodies=[('BT_480', 1, 'PLAY'), ('EX1_508', 1, 'PLAY'), ('GIL_558', 1, 'PLAY')];friendly=[('DRG_064', 'PLAY')]",pass,batch=drg_a; 数量、费用、阵营和嘲讽。; EN=[x]Taunt  Battlecry: Summon three random 1-Cost minions for your opponent.; ZH=嘲讽，战吼： 随机为你的对手召唤三个法力值消耗为（1）的随从。; source=fireplace/cards/dragons/neutral_rare.py:26; existing_tests=none; prior=YELLOW:4 个机制缺少充分的核心效果验证；逐机制依据见 card_mechanism.csv。; prior_evidence=card_mechanism.csv#DRG_064; generic-play-smoke:played
DRG_065,DRG_065::rush_taunt_immediate_attack,"Rush Hippogryph can attack and kill enemy Wisp on turn played, retaining Taunt.",rush=1;taunt=1;ready=True;enemy=GRAVEYARD;body=PLAY,pass,batch=drg_a; 实际攻击和关键词。; EN=Rush Taunt; ZH=突袭 嘲讽; source=; existing_tests=none; prior=YELLOW:2 个机制缺少充分的核心效果验证；逐机制依据见 card_mechanism.csv。; prior_evidence=card_mechanism.csv#DRG_065; generic-play-smoke:played
DRG_066,DRG_066::poisonous_kills_big_minion_and_enemy_spell_cannot_target,"After waiting a turn, Poisonous kills 4/5 Yeti in combat and enemy Fireball has no valid target on Chimaera.",poisonous=1;spell_targetable=False;ready=True;large=GRAVEYARD;body=GRAVEYARD,pass,batch=drg_a; 实际战斗与法术目标集合。; EN=Poisonous Can't be targeted by spells or Hero Powers.; ZH=剧毒 无法成为法术或英雄技能的目标。; source=; existing_tests=none; prior=YELLOW:2 个机制缺少充分的核心效果验证；逐机制依据见 card_mechanism.csv。; prior_evidence=card_mechanism.csv#DRG_066; generic-play-smoke:played
DRG_067,DRG_067::only_enemy_minion_takes_three,"With sole enemy Yeti, Battlecry deals 3 to minion and leaves hero intact.",enemy=5:PLAY;enemy_hero=27;body=PLAY,confirmed_error,batch=drg_a; 敌方随从与英雄目标区分。; EN=Battlecry: Deal 3 damage to a random enemy minion.; ZH=战吼：随机对一个敌方随从造成3点伤害。; source=fireplace/cards/dragons/neutral_common.py:81; existing_tests=none; prior=YELLOW:2 个机制缺少充分的核心效果验证；逐机制依据见 card_mechanism.csv。; prior_evidence=card_mechanism.csv#DRG_067; generic-play-smoke:played
DRG_068,DRG_068::friendly_minions_resist_actual_freeze,Enemy Frostbolt damages but cannot Freeze friendly Yeti while Dragonbreath aura active.,ally_frozen=False;ally_health=2;body_frozen=False;ally_cant=True;spell=GRAVEYARD,pass,batch=drg_a; 真实敌方冰冻法术与实时光环。; EN=Your minions can't be Frozen.; ZH=你的随从无法被 冻结。; source=fireplace/cards/dragons/neutral_common.py:88; existing_tests=tests/test_dragons.py:165:test_living_dragonbreath | tests/test_dragons.py:152:test_living_dragonbreath; prior=YELLOW:2 个机制缺少充分的核心效果验证；逐机制依据见 card_mechanism.csv。; prior_evidence=card_mechanism.csv#DRG_068; generic-play-smoke:played
DRG_069,DRG_069::enemy_armor_destroyed_friendly_armor_retained,Battlecry removes 13 opponent Armor; 5 friendly Armor remains.,enemy_armor=0;own_armor=5;body=PLAY,pass,batch=drg_a; 阵营与护甲。; EN=Battlecry: Destroy your opponent's Armor.; ZH=战吼： 摧毁你对手的护甲。; source=fireplace/cards/dragons/neutral_common.py:95; existing_tests=none; prior=YELLOW:1 个机制缺少充分的核心效果验证；逐机制依据见 card_mechanism.csv。; prior_evidence=card_mechanism.csv#DRG_069; generic-play-smoke:played
DRG_070,DRG_070::selected_friendly_dragon_copy_enters_hand,Choosing friendly Dragon adds separate copy to hand without removing original.,"target=PLAY;copies=[('NEW1_023', 'HAND')];body=PLAY;other=PLAY",pass,batch=drg_a; 目标、复制身份及区域。; EN=Battlecry: Choose a friendly Dragon. Add a copy of it to your hand.; ZH=战吼：选择一条友方的龙。将它的一张复制置入你的手牌。; source=fireplace/cards/dragons/neutral_rare.py:34; existing_tests=none; prior=YELLOW:2 个机制缺少充分的核心效果验证；逐机制依据见 card_mechanism.csv。; prior_evidence=card_mechanism.csv#DRG_070; generic-play-smoke:played
DRG_071,DRG_071::death_shuffles_two_one_one_into_opponent_deck,"Actual death shuffles exactly two 1/1 Albatross into opponent deck, none into own.","dead=GRAVEYARD;enemy=[('DRG_071t', 1, 1, 'DECK'), ('DRG_071t', 1, 1, 'DECK')];own=0",pass,batch=drg_a; 死亡、数量、身材、牌库归属。; EN=Deathrattle: Shuffle two 1/1 Albatross into your opponent's deck.; ZH=亡语：将两张1/1的信天翁洗入你对手的 牌库。; source=fireplace/cards/dragons/neutral_rare.py:47; existing_tests=none; prior=YELLOW:1 个机制缺少充分的核心效果验证；逐机制依据见 card_mechanism.csv。; prior_evidence=card_mechanism.csv#DRG_071; generic-play-smoke:played
DRG_072,DRG_072::held_dragon_summons_two_murlocs,Held Dragon: two Murlocs summoned on own board.,"holding=True;other=[('EX1_507', [14], 'PLAY'), ('CFM_647', [14], 'PLAY')];body=PLAY",pass,"batch=drg_a; 条件满足数量及种族。; EN=Battlecry: If you're holding a Dragon, summon 2 random Murlocs.; ZH=战吼：如果你的手牌中有龙牌，随机召唤两个鱼人。; source=fireplace/cards/dragons/neutral_epic.py:16; existing_tests=none; prior=YELLOW:3 个机制缺少充分的核心效果验证；逐机制依据见 card_mechanism.csv。; prior_evidence=card_mechanism.csv#DRG_072; generic-play-smoke:played"
DRG_072,DRG_072::no_dragon_summons_none,No Dragon: no extra summons.,holding=False;other=[];body=PLAY,pass,"batch=drg_a; 条件反支。; EN=Battlecry: If you're holding a Dragon, summon 2 random Murlocs.; ZH=战吼：如果你的手牌中有龙牌，随机召唤两个鱼人。; source=fireplace/cards/dragons/neutral_epic.py:16; existing_tests=none; prior=YELLOW:3 个机制缺少充分的核心效果验证；逐机制依据见 card_mechanism.csv。; prior_evidence=card_mechanism.csv#DRG_072; generic-play-smoke:played"
DRG_073,DRG_073::excluded_from_enemy_spell_and_hero_power_target_lists,Enemy Fireball and Mage Hero Power cannot target Feywing.,spell_targetable=False;hero_power_targetable=False;body=PLAY,pass,batch=drg_a; 两个实际目标集合。; EN=Can't be targeted by spells or Hero Powers.; ZH=无法成为法术或英雄技能的目标。; source=; existing_tests=none; prior=YELLOW:1 个机制缺少充分的核心效果验证；逐机制依据见 card_mechanism.csv。; prior_evidence=card_mechanism.csv#DRG_073; generic-play-smoke:played
DRG_074,DRG_074::other_mech_stealth_expires_next_own_turn,"Only other friendly Mech gains Stealth through enemy turn, removed at next own turn.","now=(True, False, False);enemy_turn=True;next_own=False;mech=PLAY;body=PLAY",pass,batch=drg_a; 机械筛选、自身排除、回合到期。; EN=Battlecry: Give your other Mechs Stealth until your next turn.; ZH=战吼：直到你的下个回合，使你的其他机械获得潜行。; source=fireplace/cards/dragons/neutral_common.py:103; existing_tests=none; prior=YELLOW:1 个机制缺少充分的核心效果验证；逐机制依据见 card_mechanism.csv。; prior_evidence=card_mechanism.csv#DRG_074; generic-play-smoke:played
DRG_075,DRG_075::adds_two_one_cost_mage_spells,Mage owner receives exactly two 1-Cost Mage spells in hand.,"hand=[('BOT_453', 1, 5, [4], 'HAND'), ('CS2_031', 1, 5, [4], 'HAND')];body=PLAY",pass,batch=drg_a; 数量、费用、法术类型、职业和区域。; EN=Battlecry: Add two 1-Cost spells from your class to your hand.; ZH=战吼：随机将两张你职业的法力值消耗为（1）的法术牌置入你的手牌。; source=fireplace/cards/dragons/neutral_rare.py:54; existing_tests=none; prior=YELLOW:2 个机制缺少充分的核心效果验证；逐机制依据见 card_mechanism.csv。; prior_evidence=card_mechanism.csv#DRG_075; generic-play-smoke:played
DRG_076,DRG_076::battlecry_transforms_friendly_minion_into_faceless_copy,Faceless Corruptor's Battlecry transforms a friendly minion into a 4/4 copy of Faceless Corruptor with Rush.,"old_target=SETASIDE;source=(4, 4, 1, 'PLAY');live=[('DRG_076', 4, 4, 1, 'PLAY'), ('DRG_076', 4, 4, 1, 'PLAY')]",pass,batch=drg_b; Played it targeting a friendly Yeti and inspected the new live field entities rather than the stale pre-Morph target.; EN=[x]Rush. Battlecry: Transform one of your minions into a copy of this.; ZH=突袭，战吼：将你的一个随从变形成为该随从的复制。; source=fireplace/cards/dragons/neutral_rare.py:61; existing_tests=none; prior=YELLOW:4 个机制缺少充分的核心效果验证；逐机制依据见 card_mechanism.csv。; prior_evidence=card_mechanism.csv#DRG_076; generic-play-smoke:played
DRG_077,DRG_077::both_players_draw_and_summon_dragons,Both players draw their top Dragon and summon it to their own board.,own=PLAY;enemy=PLAY;own_field=['DRG_079'];enemy_field=['NEW1_023'];body=PLAY,pass,"batch=drg_b; One Dragon is placed atop each deck; inspect both field owners and zones.; EN=Battlecry: Both players draw a card. If it's a Dragon, summon it.; ZH=战吼：每个玩家抽一张牌。如果是龙牌，则将其召唤。; source=fireplace/cards/dragons/neutral_rare.py:73; existing_tests=none; prior=YELLOW:3 个机制缺少充分的核心效果验证；逐机制依据见 card_mechanism.csv。; prior_evidence=card_mechanism.csv#DRG_077; generic-play-smoke:played"
DRG_077,DRG_077::both_players_keep_non_dragons_in_hand,Both players draw non-Dragons without summoning them.,own=HAND;enemy=HAND;hand=['CS2_231']/['CS2_182'],pass,"batch=drg_b; Non-Dragon control verifies draw remains in hand.; EN=Battlecry: Both players draw a card. If it's a Dragon, summon it.; ZH=战吼：每个玩家抽一张牌。如果是龙牌，则将其召唤。; source=fireplace/cards/dragons/neutral_rare.py:73; existing_tests=none; prior=YELLOW:3 个机制缺少充分的核心效果验证；逐机制依据见 card_mechanism.csv。; prior_evidence=card_mechanism.csv#DRG_077; generic-play-smoke:played"
DRG_078,DRG_078::next_own_turn_deals_five_to_all_minions,"At the start of its controller's next turn, Depth Charge deals 5 damage to every minion, including itself, but no hero.","own=5/GRAVEYARD;enemy=5/GRAVEYARD;depth=5/GRAVEYARD;heroes=30,30",pass,"batch=drg_b; End both turns to trigger the delayed OWN_TURN_BEGIN effect; board bodies have 5 or less health.; EN=At the start of your turn, deal 5 damage to ALL minions.; ZH=在你的回合开始时，对所有随从造成 5点伤害。; source=fireplace/cards/dragons/neutral_rare.py:83; existing_tests=none; prior=YELLOW:1 个机制缺少充分的核心效果验证；逐机制依据见 card_mechanism.csv。; prior_evidence=card_mechanism.csv#DRG_078; generic-play-smoke:played"
DRG_079,DRG_079::rush_divine_shield_and_target_protection,Evasive Wyrm has Rush and Divine Shield; targeted Fireball and Mage Hero Power are rejected on it while a separate Fireball resolves against a legal Yeti.,atk=5;rush=1;shield_before=1;shield_after=1;spell_rejected=True;power_rejected=True;wyrm_health=3;victim=5/GRAVEYARD;mana=4,pass,"batch=drg_b; Use Mage Fireballs/Hero Power as valid targeted effects and a separate Yeti control; inspect Rush, Shield, health, and target rejection.; EN=Divine Shield. Rush. Can't be targeted by spells or Hero Powers.; ZH=圣盾，突袭 无法成为法术或英雄技能的目标。; source=; existing_tests=none; prior=YELLOW:3 个机制缺少充分的核心效果验证；逐机制依据见 card_mechanism.csv。; prior_evidence=card_mechanism.csv#DRG_079; generic-play-smoke:played"
DRG_081,DRG_081::holding_dragon_deals_two_to_target,"With a Dragon in hand, Battlecry deals 2 to a selected enemy minion.",held=HAND;target=3/PLAY;body=3/3/PLAY,pass,"batch=drg_b; Dragon held in actual hand; target health and body zone asserted.; EN=Battlecry: If you're holding a Dragon, deal 2 damage.; ZH=战吼：如果你的手牌中有龙牌，则造成2点伤害。; source=fireplace/cards/dragons/neutral_common.py:117; existing_tests=none; prior=YELLOW:2 个机制缺少充分的核心效果验证；逐机制依据见 card_mechanism.csv。; prior_evidence=card_mechanism.csv#DRG_081; generic-play-smoke:played"
DRG_081,DRG_081::without_dragon_battlecry_does_not_damage,"Without a Dragon, the Battlecry's damage condition is inactive.",hand=[];target=5;body=PLAY,pass,"batch=drg_b; No Dragon in hand; enemy Yeti is available as the control target.; EN=Battlecry: If you're holding a Dragon, deal 2 damage.; ZH=战吼：如果你的手牌中有龙牌，则造成2点伤害。; source=fireplace/cards/dragons/neutral_common.py:117; existing_tests=none; prior=YELLOW:2 个机制缺少充分的核心效果验证；逐机制依据见 card_mechanism.csv。; prior_evidence=card_mechanism.csv#DRG_081; generic-play-smoke:played"
DRG_082,DRG_082::steals_equipped_opponent_weapon,Battlecry transfers the opponent's equipped Fiery War Axe to the player and leaves the opponent unarmed.,original=CS2_091/PLAY/controller=True;p_weapon=CS2_091;e_weapon=None;body=PLAY,pass,"batch=drg_b; Equip via opponent's real weapon play, return turn, then assert ownership and both weapon slots.; EN=Battlecry: Steal your opponent's weapon.; ZH=战吼： 偷取对手的武器。; source=fireplace/cards/dragons/neutral_epic.py:24; existing_tests=none; prior=YELLOW:1 个机制缺少充分的核心效果验证；逐机制依据见 card_mechanism.csv。; prior_evidence=card_mechanism.csv#DRG_082; generic-play-smoke:played"
DRG_082,DRG_082::no_weapon_battlecry_does_not_create_weapon,"With no enemy weapon, Stickyfinger only enters play.",p_weapon=None;e_weapon=None;body=PLAY,pass,batch=drg_b; Empty weapon-slot control.; EN=Battlecry: Steal your opponent's weapon.; ZH=战吼： 偷取对手的武器。; source=fireplace/cards/dragons/neutral_epic.py:24; existing_tests=none; prior=YELLOW:1 个机制缺少充分的核心效果验证；逐机制依据见 card_mechanism.csv。; prior_evidence=card_mechanism.csv#DRG_082; generic-play-smoke:played
DRG_084,DRG_084::each_player_draws_and_swaps_drawn_cost,Each player draws one card; the Yeti's cost 4 and Wisp's cost 0 are swapped between the drawn cards.,own=CS2_182:HAND:cost0;enemy=CS2_231:HAND:cost4;body=PLAY,pass,"batch=drg_b; Top deck cards have known costs; assert ownership, hand zones, and swapped costs after Battlecry.; EN=Battlecry: Each player draws a card. Swap their Costs.; ZH=战吼：每个玩家抽一张牌，交换其法力值消耗。; source=fireplace/cards/dragons/neutral_epic.py:31; existing_tests=tests/test_dragons.py:172:test_tentacled_manace | tests/test_dragons.py:177:test_tentacled_manace; prior=YELLOW:2 个机制缺少充分的核心效果验证；逐机制依据见 card_mechanism.csv。; prior_evidence=card_mechanism.csv#DRG_084; generic-play-smoke:played"
DRG_086,DRG_086::discover_secret_dragon_then_hatch_on_death,"Chromatic Egg offers a secret Dragon choice, does not put it in hand, and summons the chosen Dragon when the Egg dies.","options=['BRM_030', 'EX1_563', 'EX1_561'];chosen=BRM_030;no_reveal=True;egg=GRAVEYARD;hatched=[('BRM_030', 8, 8, 'PLAY')]",pass,"batch=drg_b; Resolve real Discover choice, verify no reveal/hand add, kill Egg, and inspect summoned chosen identity.; EN=[x]Battlecry: Secretly Discover a Dragon to hatch into. Deathrattle: Hatch!; ZH=战吼：秘密发现一条龙作为孵化对象。 亡语：破壳而出！; source=fireplace/cards/dragons/neutral_epic.py:43; existing_tests=tests/test_carddb.py:52:test_deathrattle_scripts; prior=YELLOW:3 个机制缺少充分的核心效果验证；逐机制依据见 card_mechanism.csv。; prior_evidence=card_mechanism.csv#DRG_086; generic-play-smoke:played; effect-evidence: fireplace/cards/CardDefs.xml#DRG_086; fireplace/cards/dragons/neutral_epic.py:43; tests/test_carddb.py:49:test_deathrattle_scripts; smoke:death_processed_no_active_actions:pass_no_active_actions; delta={""friendly_field"":{""before"":[""DRG_086""],""after"":[]},""friendly_graveyard"":{""before"":[],""after"":[""DRG_086""]}}; prereq:pass;assertions={""discover_choice_resolved"":true,""egg_received_dynamic_deathrattle"":true,""egg_processed_death"":true,""chosen_dragon_hatched"":true};observations={""discover_options"":[""DRG_079"",""EX1_562"",""DAL_609""],""chosen_dragon_id"":""DRG_079"",""egg_zone_before_death"":""Zone.PLAY"",""egg_buffs"":[""DRG_086e""],""deathrattle_action_count"":1,""egg_zone_after_death"":""Zone.GRAVEYARD"",""matching"
DRG_089,DRG_089::singleton_deck_adds_two_other_dragons_at_one_cost,"With no duplicates in deck, add exactly two Dragon cards other than Dragonqueen, each costing 1.","body=PLAY;hand=[('BT_726', 1, 24, 'HAND'), ('EX1_284', 1, 24, 'HAND')]",pass,"batch=drg_b; Empty-deck singleton branch; verify class race, cost, count, and exclusion of self.; EN=[x]Battlecry: If your deck has no duplicates, add 2 other random Dragons to your hand. They cost (1).; ZH=战吼：如果你的牌库里没有相同的牌，则随机将两张其他龙牌置入你的手牌，其法力值消耗为（1）点。; source=fireplace/cards/dragons/neutral_legendary.py:8; existing_tests=none; prior=YELLOW:2 个机制缺少充分的核心效果验证；逐机制依据见 card_mechanism.csv。; prior_evidence=card_mechanism.csv#DRG_089; generic-play-smoke:played"
DRG_089,DRG_089::duplicate_deck_prevents_added_dragons,A duplicate pair in deck disables the Battlecry and adds no Dragons.,"body=PLAY;deck=['CS2_231', 'CS2_231'];hand=[]",pass,"batch=drg_b; Two identical Wisp cards make the deck non-singleton; check no generated hand cards.; EN=[x]Battlecry: If your deck has no duplicates, add 2 other random Dragons to your hand. They cost (1).; ZH=战吼：如果你的牌库里没有相同的牌，则随机将两张其他龙牌置入你的手牌，其法力值消耗为（1）点。; source=fireplace/cards/dragons/neutral_legendary.py:8; existing_tests=none; prior=YELLOW:2 个机制缺少充分的核心效果验证；逐机制依据见 card_mechanism.csv。; prior_evidence=card_mechanism.csv#DRG_089; generic-play-smoke:played"
DRG_090,DRG_090::battlecry_replays_opponent_previous_turn_cards,"Battlecry replays an opponent minion, damage spell, and hero card played on the immediately preceding turn.","enemy_field=['DRG_090', 'CS2_231'];p_damaged=5;e_hero=ICC_481;body=PLAY",pass,"batch=drg_b; Replicate existing test_dragons.py scenario and assert summoned minion, 5 hero damage, transformed hero, and Murozond zone.; EN=Battlecry: Play all cards your opponent played last turn.; ZH=战吼：使用你的对手上个回合使用的所有卡牌。; source=fireplace/cards/dragons/priest.py:8; existing_tests=tests/test_dragons.py:129:test_murozond_the_infinite; prior=YELLOW:1 个机制缺少充分的核心效果验证；逐机制依据见 card_mechanism.csv。; prior_evidence=card_mechanism.csv#DRG_090; generic-play-smoke:played"
DRG_091,DRG_091::end_of_turn_summons_tentacles_to_board_limit,"At end of turn, Shu'ma fills the four open board slots with 1/1 Tentacles, reaching seven friendly minions.","field=[('DRG_091t', 1, 1, 'PLAY'), ('DRG_091t', 1, 1, 'PLAY'), ('DRG_091', 1, 7, 'PLAY'), ('DRG_091t', 1, 1, 'PLAY'), ('DRG_091t', 1, 1, 'PLAY'), ('CS2_231', 1, 1, 'PLAY'), ('CS2_182', 4, 5, 'PLAY')];tentacles=4",pass,"batch=drg_b; Start with Shu'ma plus two other friendly minions; trigger actual turn-end event and count tokens/stats.; EN=At the end of your turn, fill your board with 1/1 Tentacles.; ZH=在你的回合结束时，召唤数条1/1的触手，直到你的随从数量达到上限。; source=fireplace/cards/dragons/neutral_legendary.py:26; existing_tests=none; prior=YELLOW:1 个机制缺少充分的核心效果验证；逐机制依据见 card_mechanism.csv。; prior_evidence=card_mechanism.csv#DRG_091; generic-play-smoke:played"
DRG_092,DRG_092::draw_transforms_card_into_random_legendary_minion,A card drawn while Transmogrifier is alive becomes a Legendary minion in hand instead of the deck's Wisp.,"source=CS2_231/SETASIDE;draw_return=CS2_231/SETASIDE;hand=[('BT_255', 'MINION', 'LEGENDARY', 4, 7, 'HAND')];body=PLAY",pass,"batch=drg_b; Draw from a known Wisp and assert the transformed object's identity, type, rarity, and hand zone.; EN=Whenever you draw a card, transform it into a random Legendary minion.; ZH=每当你抽到一张牌时，随机将其变形成为一张传说随从牌。; source=fireplace/cards/dragons/neutral_epic.py:65; existing_tests=none; prior=YELLOW:4 个机制缺少充分的核心效果验证；逐机制依据见 card_mechanism.csv。; prior_evidence=card_mechanism.csv#DRG_092; generic-play-smoke:played"
DRG_095,DRG_095::battlecry_sets_enemy_minion_health_to_one,Battlecry sets both enemy minions' maximum and current Health to 1 while leaving a friendly Yeti unchanged.,"friendly=5/5;enemy=[('CS2_182', 1, 1, 'PLAY'), ('CFM_900', 1, 1, 'PLAY')];body=PLAY",pass,batch=drg_b; Use injured/high-health enemy bodies and a friendly control; inspect both current and maximum Health.; EN=Battlecry: Change the Health of all enemy minions to 1.; ZH=战吼：将所有敌方随从的生命值变为1。; source=fireplace/cards/dragons/hunter.py:15; existing_tests=none; prior=YELLOW:1 个机制缺少充分的核心效果验证；逐机制依据见 card_mechanism.csv。; prior_evidence=card_mechanism.csv#DRG_095; generic-play-smoke:played
DRG_096,DRG_096::in_hand_bandersmosh_morphs_into_5_5_legendary,"At the start of its controller's turn, Bandersmosh in hand becomes a random Legendary minion with 5/5 stats.","old=DRG_096/SETASIDE;hand=[('BT_255', 4, 7, 'LEGENDARY', 'HAND')]",confirmed_error,"batch=drg_b; Keep it in hand through an opponent turn, trigger next own turn, then inspect transformed Legendary identity and stats. Source uses Buff(Morph.CARD, DRG_096e), while the 5/5 override is declared on DRG_096e2; observed Legendary BT_255 remains 4/7.; EN=[x]Each turn this is in your hand, transform it into a 5/5 copy of a random Legendary minion.; ZH=如果这张牌在你的手牌中，每个回合都会随机变成一张传说随从牌的5/5的复制。; source=fireplace/cards/dragons/shaman.py:8; existing_tests=none; prior=YELLOW:3 个机制缺少充分的核心效果验证；逐机制依据见 card_mechanism.csv。; prior_evidence=card_mechanism.csv#DRG_096; generic-play-smoke:played"
DRG_099,DRG_099::finds_galakrond_in_deck,"If Galakrond remains in deck, Kronx draws that exact card.",galakrond=HAND;body=PLAY;hand=['DRG_650'],pass,"batch=drg_b; Known Galakrond is sole card in deck; check it reaches hand.; EN=[x]Battlecry: Draw Galakrond. If you're already Galakrond, unleash a Devastation.; ZH=战吼：抽取迦拉克隆。如果你已经变为迦拉克隆，则释放一场 灾难。; source=fireplace/cards/dragons/neutral_legendary.py:33; existing_tests=tests/test_dragons.py:186:test_kronx_dragonhoof_draw_galakrond | tests/test_dragons.py:194:test_kronx_dragonhoof_draw_unleash_devastation; prior=YELLOW:2 个机制缺少充分的核心效果验证；逐机制依据见 card_mechanism.csv。; prior_evidence=card_mechanism.csv#DRG_099; generic-play-smoke:played"
DRG_099,DRG_099::galakrond_mode_selects_devastation,"If Galakrond is already active, choose Domination and give other minions +2/+2.",hero=DRG_650;choice_open=False;wisp=3/3/PLAY;kronx=6/6/PLAY,pass,"batch=drg_b; Use the actual choice object and verify selected devastation's board effect.; EN=[x]Battlecry: Draw Galakrond. If you're already Galakrond, unleash a Devastation.; ZH=战吼：抽取迦拉克隆。如果你已经变为迦拉克隆，则释放一场 灾难。; source=fireplace/cards/dragons/neutral_legendary.py:33; existing_tests=tests/test_dragons.py:186:test_kronx_dragonhoof_draw_galakrond | tests/test_dragons.py:194:test_kronx_dragonhoof_draw_unleash_devastation; prior=YELLOW:2 个机制缺少充分的核心效果验证；逐机制依据见 card_mechanism.csv。; prior_evidence=card_mechanism.csv#DRG_099; generic-play-smoke:played"
DRG_102,DRG_102::discover_dragon_and_spell_damage_two,"Azure Explorer's Battlecry discovers a Dragon, and its live Spell Damage +2 increases a 1-damage spell to 3.","options=[('BRM_030', 24, 4), ('EX1_563', 24, 4), ('EX1_561', 24, 4)];selected=BRM_030;spell_damage_1=3;body=PLAY",pass,"batch=drg_b; Resolve one real Discover choice, inspect all option races, and query computed spell damage while Explorer is on board.; EN=Spell Damage +2 Battlecry: Discover a Dragon.; ZH=法术伤害+2 战吼：发现一张 龙牌。; source=fireplace/cards/dragons/mage.py:8; existing_tests=none; prior=YELLOW:4 个机制缺少充分的核心效果验证；逐机制依据见 card_mechanism.csv。; prior_evidence=card_mechanism.csv#DRG_102; generic-play-smoke:played"
DRG_104,DRG_104::after_three_spells_summons_five_five_elemental,The first two spells do not reward; the third spell cast in the same turn summons one 5/5 Elemental.,"after_two=0;after_three=[(5, 5, 'PLAY')];enemy_hero=21;body=PLAY;spells=['GRAVEYARD', 'GRAVEYARD', 'GRAVEYARD'];mana=6",pass,"batch=drg_b; Cast three actual Fireballs in one turn with a valid enemy hero target; inspect threshold and damage resolution.; EN=After you cast three spells in a turn, summon a 5/5 Elemental.; ZH=你在一回合中施放三个法术后，召唤一个5/5的元素。; source=fireplace/cards/dragons/mage.py:15; existing_tests=none; prior=YELLOW:2 个机制缺少充分的核心效果验证；逐机制依据见 card_mechanism.csv。; prior_evidence=card_mechanism.csv#DRG_104; generic-play-smoke:played"
DRG_106,DRG_106::holding_dragon_adds_spell_discover_after_two_damage,"With Dragon in hand, Arcane Breath deals 2 to the selected minion and offers three Spell cards to Discover.","dragon=HAND;target=3/PLAY;options=[('BRM_030', 'MINION', 24), ('EX1_563', 'MINION', 24), ('EX1_561', 'MINION', 24)];spell=GRAVEYARD;choice=False",confirmed_error,"batch=drg_b; Confirm all actual Discover options are Spells, not merely any cards, and target loses exactly 2. Source line uses DISCOVER(RandomDragon()); observed all three options are Dragon MINIONs and no choice resolves.; EN=Deal $2 damage to a minion. If you're holding a Dragon, Discover a spell.; ZH=对一个随从造成$2点伤害。如果你的手牌中有龙牌，便发现一张法术牌。; source=fireplace/cards/dragons/mage.py:145; existing_tests=none; prior=YELLOW:4 个机制缺少充分的核心效果验证；逐机制依据见 card_mechanism.csv。; prior_evidence=card_mechanism.csv#DRG_106; generic-play-smoke:played"
DRG_106,DRG_106::without_dragon_only_two_damage,"Without a Dragon, Arcane Breath still deals 2 but opens no Discover choice.",target=3;choice=None;spell=GRAVEYARD;hand=[],pass,"batch=drg_b; No Dragon control; inspect target health, choice state, and consumed spell zone.; EN=Deal $2 damage to a minion. If you're holding a Dragon, Discover a spell.; ZH=对一个随从造成$2点伤害。如果你的手牌中有龙牌，便发现一张法术牌。; source=fireplace/cards/dragons/mage.py:145; existing_tests=none; prior=YELLOW:4 个机制缺少充分的核心效果验证；逐机制依据见 card_mechanism.csv。; prior_evidence=card_mechanism.csv#DRG_106; generic-play-smoke:played"
DRG_107,DRG_107::deathrattle_adds_arcane_missiles_to_hand,"When Violet Spellwing dies, its Deathrattle adds one Arcane Missiles spell to hand.","body=GRAVEYARD;hand=[('EX1_277', 'SPELL', 'HAND')];missiles=1",pass,batch=drg_b; Summon then destroy the actual minion and assert exact generated card id/type/zone.; EN=Deathrattle: Add an 'Arcane Missiles' spell to your hand.; ZH=亡语：将一张“奥术飞弹”置入你的手牌。; source=fireplace/cards/dragons/mage.py:27; existing_tests=none; prior=YELLOW:1 个机制缺少充分的核心效果验证；逐机制依据见 card_mechanism.csv。; prior_evidence=card_mechanism.csv#DRG_107; generic-play-smoke:played
DRG_109,DRG_109::each_played_outside_deck_card_reduces_cost,"After one card created outside the deck is actually played, Mana Giant's cost falls from its base 8 to 7.",base=8;played=CS2_231/PLAY;cost_after_one_outside_card=7;giant_zone=HAND,pass,"batch=drg_b; Card definition base cost is 8; give Mana Giant and a Wisp from outside the deck, play Wisp, and inspect live Giant cost.; EN=[x]Costs (1) less for each card you've played this game that didn't start in your deck.; ZH=在本局对战中，你每使用一张你的套牌之外的卡牌，该牌的法力值消耗便 减少（1）点。; source=fireplace/cards/dragons/mage.py:34; existing_tests=none; prior=YELLOW:1 个机制缺少充分的核心效果验证；逐机制依据见 card_mechanism.csv。; prior_evidence=card_mechanism.csv#DRG_109; generic-play-smoke:played"
DRG_201,DRG_201::holding_dragon_deals_three_to_all_other_characters,"With a Dragon in hand, Crazed Netherwing deals 3 to both heroes and every other minion, not itself.","dragon=HAND;heroes=27,27;friendly=2;hostile=2;body=5/PLAY",pass,"batch=drg_b; Set up a Dragon in hand, both heroes and two minions; inspect all damage and self-exclusion.; EN=Battlecry: If you're holding a Dragon, deal 3 damage to all other characters.; ZH=战吼： 如果你的手牌中有龙牌，则对所有其他角色造成3点伤害。; source=fireplace/cards/dragons/warlock.py:8; existing_tests=none; prior=YELLOW:1 个机制缺少充分的核心效果验证；逐机制依据见 card_mechanism.csv。; prior_evidence=card_mechanism.csv#DRG_201; generic-play-smoke:played"
DRG_201,DRG_201::without_dragon_no_splash_damage,"Without a Dragon in hand, the conditional area damage does not resolve.","heroes=30,30;friendly=5;hostile=5;body=5",pass,"batch=drg_b; No Dragon control; verify both heroes, both Yeti bodies, and Netherwing health.; EN=Battlecry: If you're holding a Dragon, deal 3 damage to all other characters.; ZH=战吼： 如果你的手牌中有龙牌，则对所有其他角色造成3点伤害。; source=fireplace/cards/dragons/warlock.py:8; existing_tests=none; prior=YELLOW:1 个机制缺少充分的核心效果验证；逐机制依据见 card_mechanism.csv。; prior_evidence=card_mechanism.csv#DRG_201; generic-play-smoke:played"
DRG_202,DRG_202::invoke_once_and_gain_attack_per_other_friendly_minion,Battlecry invokes Galakrond once and gains exactly +1 Attack for every other friendly minion present when the scaling effect resolves.,"invoke=1;base=1;atk_after=5;other_friends=[('CS2_231', 1, 1), ('CS2_182', 4, 5), ('DRG_238t12t2', 1, 1), ('DRG_238t12t2', 1, 1)];body=PLAY",pass,"batch=drg_b; Count all other friendly minions after the Invoke action (including Invoke-generated minions), compare attack against base+count, and assert Invoke counter.; EN=[x]Battlecry: Invoke Galakrond. Gain +1 Attack for each other friendly minion.; ZH=战吼：祈求迦拉克隆。每有一个其他友方随从，便获得+1攻击力。; source=fireplace/cards/dragons/warlock.py:16; existing_tests=none; prior=YELLOW:1 个机制缺少充分的核心效果验证；逐机制依据见 card_mechanism.csv。; prior_evidence=card_mechanism.csv#DRG_202; generic-play-smoke:played"
DRG_203,DRG_203::twice_invoked_battlecry_draws_three,"After two actual Invoke cards, Veiled Worshipper draws three known deck cards.","invoke=2;drawn=[('CS2_231', 'HAND'), ('CS2_182', 'HAND'), ('DRG_079', 'HAND')];hand=['DRG_079', 'CS2_182', 'CS2_231'];body=PLAY",pass,"batch=drg_b; Use two actual Invoke Battlecries and three known deck cards; inspect exact drawn zones.; EN=[x]Battlecry: If you've Invoked twice, draw 3 cards.; ZH=战吼： 如果你已经祈求过两次，则抽三张牌。; source=fireplace/cards/dragons/warlock.py:27; existing_tests=none; prior=YELLOW:2 个机制缺少充分的核心效果验证；逐机制依据见 card_mechanism.csv。; prior_evidence=card_mechanism.csv#DRG_203; generic-play-smoke:played"
DRG_203,DRG_203::single_invoke_does_not_draw,"After only one actual Invoke, Worshipper leaves the known top card in deck.",invoke=1;card=DECK;hand=[];body=PLAY,pass,"batch=drg_b; Single-Invoke branch control.; EN=[x]Battlecry: If you've Invoked twice, draw 3 cards.; ZH=战吼： 如果你已经祈求过两次，则抽三张牌。; source=fireplace/cards/dragons/warlock.py:27; existing_tests=none; prior=YELLOW:2 个机制缺少充分的核心效果验证；逐机制依据见 card_mechanism.csv。; prior_evidence=card_mechanism.csv#DRG_203; generic-play-smoke:played"
DRG_204,DRG_204::one_base_random_minion_damage_without_other_hand_cards,"With no other cards in hand after casting, Dark Skies should deal only its base 1 random minion damage.",before=5;after=4;damage=1;target_zone=PLAY;hand=0;spell=GRAVEYARD,pass,batch=drg_b; Sole enemy minion guarantees the random target; this branch checks the base hit with an empty remaining hand.; EN=[x]Deal $1 damage to a random minion. Repeat for each card in your hand.; ZH=随机对一个随从造成$1点伤害。你每有一张手牌，重复 一次。; source=fireplace/cards/dragons/warlock.py:76; existing_tests=none; prior=YELLOW:2 个机制缺少充分的核心效果验证；逐机制依据见 card_mechanism.csv。; prior_evidence=card_mechanism.csv#DRG_204; generic-play-smoke:played
DRG_204,DRG_204::extra_hand_cards_repeat_damage,"With two other cards remaining after casting, Dark Skies should deal 3 total damage: the base hit plus one repeat per remaining card.","before=5;after=2;damage=3;target_zone=PLAY;remaining_hand=['CS2_231', 'CS2_182'];spell=GRAVEYARD",pass,batch=drg_b; Two known cards remain in hand; sole minion means repeated random hits must land there.; EN=[x]Deal $1 damage to a random minion. Repeat for each card in your hand.; ZH=随机对一个随从造成$1点伤害。你每有一张手牌，重复 一次。; source=fireplace/cards/dragons/warlock.py:76; existing_tests=none; prior=YELLOW:2 个机制缺少充分的核心效果验证；逐机制依据见 card_mechanism.csv。; prior_evidence=card_mechanism.csv#DRG_204; generic-play-smoke:played
DRG_205,DRG_205::holding_dragon_deals_four_with_lifesteal,"With a Dragon held, Nether Breath deals 4 and Lifesteal restores 4 to a damaged hero.","dragon=HAND;heroes=28,26;lifesteal=True;spell=GRAVEYARD",pass,"batch=drg_b; Target enemy hero, measure 4 damage and 4 heal, and inspect Lifesteal on resolving spell.; EN=Deal $2 damage. If you're holding a Dragon, deal $4 damage with Lifesteal instead.; ZH=造成$2点伤害。如果你的手牌中有龙牌，则改为造成$4点伤害并具有吸血。; source=fireplace/cards/dragons/warlock.py:83; existing_tests=none; prior=YELLOW:2 个机制缺少充分的核心效果验证；逐机制依据见 card_mechanism.csv。; prior_evidence=card_mechanism.csv#DRG_205; generic-play-smoke:played"
DRG_205,DRG_205::without_dragon_deals_two_without_heal,"Without a Dragon, Nether Breath deals 2 and grants no Lifesteal healing.","heroes=24,28;lifesteal=False;spell=GRAVEYARD",pass,"batch=drg_b; Damaged hero plus enemy hero target isolate damage and healing branch.; EN=Deal $2 damage. If you're holding a Dragon, deal $4 damage with Lifesteal instead.; ZH=造成$2点伤害。如果你的手牌中有龙牌，则改为造成$4点伤害并具有吸血。; source=fireplace/cards/dragons/warlock.py:83; existing_tests=none; prior=YELLOW:2 个机制缺少充分的核心效果验证；逐机制依据见 card_mechanism.csv。; prior_evidence=card_mechanism.csv#DRG_205; generic-play-smoke:played"
DRG_206,DRG_206::one_damage_to_all_characters,"Rain of Fire deals exactly 1 to both heroes and all minions, killing both 1-health Wisps.","heroes=29,29;own=GRAVEYARD;hostile=GRAVEYARD;spell=GRAVEYARD",pass,batch=drg_b; Use both heroes and one Wisp per side to exercise the all-characters scope.; EN=Deal $1 damage to all characters.; ZH=对所有角色造成$1点伤害。; source=fireplace/cards/dragons/warlock.py:93; existing_tests=none; prior=YELLOW:1 个机制缺少充分的核心效果验证；逐机制依据见 card_mechanism.csv。; prior_evidence=card_mechanism.csv#DRG_206; generic-play-smoke:played
DRG_207,DRG_207::summons_taunt_demon_with_stats_equal_to_hand,"With three other cards remaining in hand, Battlecry summons a 3/3 Demon with Taunt.","remaining_hand=3:['CS2_231', 'CS2_182', 'DRG_079'];demons=[(3, 3, 1, 15, 'PLAY')];body=PLAY",pass,"batch=drg_b; Cards are in hand before the minion Battlecry; assert remaining hand count, Demon race, stats, Taunt, and zone.; EN=[x]Battlecry: Summon a Demon with Taunt and stats equal to your hand size.; ZH=战吼：召唤一个属性值等同于你的手牌数量并具有嘲讽的恶魔。; source=fireplace/cards/dragons/warlock.py:34; existing_tests=none; prior=YELLOW:2 个机制缺少充分的核心效果验证；逐机制依据见 card_mechanism.csv。; prior_evidence=card_mechanism.csv#DRG_207; generic-play-smoke:played"
DRG_208,DRG_208::increase_hand_limit_to_twelve_and_draw_four,Valdris changes the maximum hand size to 12 and draws all four known deck cards.,"max_hand=12;drawn=[('CS2_231', 'HAND'), ('CS2_182', 'HAND'), ('DRG_079', 'HAND'), ('NEW1_023', 'HAND')];hand=4;body=PLAY",pass,batch=drg_b; Four known deck cards isolate draw count; inspect max-hand-size and exact hand zones.; EN=Battlecry: Increase your maximum hand size to 12. Draw 4 cards.; ZH=战吼：将你的手牌上限提高至12张。抽四张牌。; source=fireplace/cards/dragons/warlock.py:58; existing_tests=none; prior=YELLOW:2 个机制缺少充分的核心效果验证；逐机制依据见 card_mechanism.csv。; prior_evidence=card_mechanism.csv#DRG_208; generic-play-smoke:played
DRG_209,DRG_209::whenever_hero_takes_damage_summon_six_six_drake,A single enemy Fireball damaging the controller's hero triggers one 6/6 Nether Drake.,"own_hero=24;drakes=[(6, 6, 'PLAY')];body=PLAY;spell=GRAVEYARD",pass,"batch=drg_b; Play Zzeraku, pass turn, and resolve enemy Fireball at its controller's hero; inspect damage event and token stats.; EN=[x]Whenever your hero takes damage, summon a 6/6 Nether Drake.; ZH=每当你的英雄受到伤害，召唤一条6/6的虚空幼龙。; source=fireplace/cards/dragons/warlock.py:65; existing_tests=tests/test_dragons.py:262:test_zzeraku_the_warpe | tests/test_dragons.py:264:test_zzeraku_the_warpe; prior=YELLOW:2 个机制缺少充分的核心效果验证；逐机制依据见 card_mechanism.csv。; prior_evidence=card_mechanism.csv#DRG_209; generic-play-smoke:played"
DRG_213,DRG_213::battlecry_deals_two_four_damage_enemy_minion_hits,Battlecry deals two independently random 4-damage hits among enemy minions; three 12-health Malygos targets survive and take 8 total damage.,"before=[8, 8, 8];after=[(4, 'PLAY'), (8, 'PLAY'), (4, 'PLAY')];losses=[4, 0, 4];body=PLAY",pass,batch=drg_b; Use three high-health enemy minions so repeated selection of one target cannot be mistaken for missing hits; sum health deltas.; EN=Battlecry: Deal 4 damage to two random enemy minions.; ZH=战吼：随机对两个敌方随从造成4点伤害。; source=fireplace/cards/dragons/neutral_common.py:126; existing_tests=none; prior=YELLOW:2 个机制缺少充分的核心效果验证；逐机制依据见 card_mechanism.csv。; prior_evidence=card_mechanism.csv#DRG_213; generic-play-smoke:played
DRG_215,DRG_215::friendly_minions_gain_one_one_and_overload_locks_next_turn,"Storm's Wrath gives each friendly minion +1/+1, leaves enemy minion unchanged, and its Overload (1) locks one crystal on the controller's next turn.","before=[(1, 1), (4, 5), (1, 1)];after=[(2, 2), (5, 6), (1, 1)];overload_locked=1;overloaded_owed=0;spell=GRAVEYARD",pass,"batch=drg_b; Use two friendly minions and one enemy control; assert stats and spell zone, then end both turns and assert actual next-turn overload lock.; EN=Give your minions +1/+1. Overload: (1); ZH=使你的所有随从获得+1/+1。 过载：（1）; source=fireplace/cards/dragons/shaman.py:72; existing_tests=none; prior=YELLOW:1 个机制缺少充分的核心效果验证；逐机制依据见 card_mechanism.csv。; prior_evidence=card_mechanism.csv#DRG_215; generic-play-smoke:played; effect-evidence: reports/card_quality_full_2026-09-27/overload_reproductions.csv#DRG_215"
DRG_216,DRG_216::plus_one_attack_with_real_locked_crystal,"Surging Tempest has base Attack without overload, then +1 Attack after a real Overload (1) is carried into its controller's next turn.",plain_attack=1/1;source_spell=GRAVEYARD;locked=1;owed=0;overloaded_attack=2/1;body=PLAY,pass,"batch=drg_b; Compare a no-overload fixture with a second match where Storm's Wrath creates a real pending overload, pass both turns, and summon during the actual locked-mana turn.; EN=Has +1 Attack while you have Overloaded Mana Crystals.; ZH=当你有过载的法力水晶时，获得+1 攻击力。; source=fireplace/cards/dragons/shaman.py:33; existing_tests=none; prior=YELLOW:1 个机制缺少充分的核心效果验证；逐机制依据见 card_mechanism.csv。; prior_evidence=card_mechanism.csv#DRG_216; generic-play-smoke:played"
DRG_217,DRG_217::base_pack_summons_two_two_three_taunts,"Without Invoke, Dragon's Pack summons exactly two 2/3 Taunt Spirit Wolves.","wolves=[(2, 3, 1, 'PLAY'), (2, 3, 1, 'PLAY')];spell=GRAVEYARD",pass,"batch=drg_b; No Invoke branch; count tokens and assert their stats, Taunt, and zone.; EN=Summon two 2/3 Spirit Wolves with Taunt. If you've Invoked twice, give them +2/+2.; ZH=召唤两只2/3并具有嘲讽的幽灵狼。如果你已经祈求过两次，则使它们获得+2/+2。; source=fireplace/cards/dragons/shaman.py:82; existing_tests=none; prior=YELLOW:2 个机制缺少充分的核心效果验证；逐机制依据见 card_mechanism.csv。; prior_evidence=card_mechanism.csv#DRG_217; generic-play-smoke:played"
DRG_217,DRG_217::twice_invoked_pack_gives_two_two,"After two actual Shaman Invoke spells, both summoned Spirit Wolves are 4/5 Taunts.","invoke=2;wolves=[(4, 5, 1, 'PLAY'), (4, 5, 1, 'PLAY')];spell=GRAVEYARD",pass,"batch=drg_b; Invoke using real targeted spells with Shaman Galakrond in deck, then inspect count and both upgraded token stats.; EN=Summon two 2/3 Spirit Wolves with Taunt. If you've Invoked twice, give them +2/+2.; ZH=召唤两只2/3并具有嘲讽的幽灵狼。如果你已经祈求过两次，则使它们获得+2/+2。; source=fireplace/cards/dragons/shaman.py:82; existing_tests=none; prior=YELLOW:2 个机制缺少充分的核心效果验证；逐机制依据见 card_mechanism.csv。; prior_evidence=card_mechanism.csv#DRG_217; generic-play-smoke:played"
DRG_218,DRG_218::battlecry_invokes_galakrond_twice,"Corrupt Elementalist performs two real Invokes, increments its controller's counter by two, and upgrades deck Galakrond to its second stage.","invoke_counter=2;original_galakrond=SETASIDE;evolved_in_deck=['DRG_620t2'];field=[('DRG_218', 3, 3), ('DRG_238t14t3', 2, 1), ('DRG_238t14t3', 2, 1)];body=PLAY",pass,"batch=drg_b; Use Shaman Galakrond in deck; assert invocation counter, evolved live deck entity (the original object is stale after Morph), and played body.; EN=Battlecry: Invoke Galakrond twice.; ZH=战吼：祈求迦拉克隆两次。; source=fireplace/cards/dragons/shaman.py:40; existing_tests=none; prior=YELLOW:1 个机制缺少充分的核心效果验证；逐机制依据见 card_mechanism.csv。; prior_evidence=card_mechanism.csv#DRG_218; generic-play-smoke:played"
DRG_219,DRG_219::holding_dragon_damages_target_and_adjacent_minions,"With a Dragon held, Lightning Breath deals 4 to its chosen minion and both adjacent enemy minions.","dragon=HAND;health=[1, 1, 1];zones=['PLAY', 'PLAY', 'PLAY'];spell=GRAVEYARD",pass,"batch=drg_b; Use exactly three adjacent 5-health enemy minions, so all survive with 1 health after the 4-damage spread.; EN=[x]Deal $4 damage to a minion. If you're holding a Dragon, also damage its neighbors.; ZH=对一个随从造成$4点伤害。如果你的手牌中有龙牌，则同样对其相邻随从造成伤害。; source=fireplace/cards/dragons/shaman.py:97; existing_tests=none; prior=YELLOW:2 个机制缺少充分的核心效果验证；逐机制依据见 card_mechanism.csv。; prior_evidence=card_mechanism.csv#DRG_219; generic-play-smoke:played"
DRG_219,DRG_219::without_dragon_only_target_takes_damage,"Without a Dragon, only the chosen minion takes 4 damage; its neighbors are unchanged.","health=[5, 5, 5];zones=['PLAY', 'PLAY', 'PLAY'];spell=GRAVEYARD",confirmed_error,"batch=drg_b; Same three-minion line without a Dragon isolates neighbor splash condition. Source requirements make targeting conditional on holding a Dragon, and the base Hit(TARGET, 4) resolves with no target; all three minions remain at 5 health.; EN=[x]Deal $4 damage to a minion. If you're holding a Dragon, also damage its neighbors.; ZH=对一个随从造成$4点伤害。如果你的手牌中有龙牌，则同样对其相邻随从造成伤害。; source=fireplace/cards/dragons/shaman.py:97; existing_tests=none; prior=YELLOW:2 个机制缺少充分的核心效果验证；逐机制依据见 card_mechanism.csv。; prior_evidence=card_mechanism.csv#DRG_219; generic-play-smoke:played"
DRG_223,DRG_223::overloaded_mana_deals_five_to_selected_target,"With Overloaded Mana, Battlecry deals 5 to the selected enemy hero.",overload=1;enemy_hero=25;body=PLAY,pass,"batch=drg_b; Set one real locked crystal, choose the enemy hero, and assert exact damage.; EN=Battlecry: If you have Overloaded Mana Crystals, deal 5 damage.; ZH=战吼：如果你有过载的法力水晶，造成5点伤害。; source=fireplace/cards/dragons/shaman.py:47; existing_tests=none; prior=YELLOW:2 个机制缺少充分的核心效果验证；逐机制依据见 card_mechanism.csv。; prior_evidence=card_mechanism.csv#DRG_223; generic-play-smoke:played"
DRG_223,DRG_223::without_overload_no_damage,"Without Overloaded Mana, the optional Battlecry target receives no damage.",overload=0;enemy_hero=30;body=PLAY,pass,"batch=drg_b; No overload control with the same valid target.; EN=Battlecry: If you have Overloaded Mana Crystals, deal 5 damage.; ZH=战吼：如果你有过载的法力水晶，造成5点伤害。; source=fireplace/cards/dragons/shaman.py:47; existing_tests=none; prior=YELLOW:2 个机制缺少充分的核心效果验证；逐机制依据见 card_mechanism.csv。; prior_evidence=card_mechanism.csv#DRG_223; generic-play-smoke:played"
DRG_224,DRG_224::summons_two_eggs_that_hatch_next_turn,Battlecry summons two 0/3 Eggs; at the start of the controller's next turn they become 4/4 Drakes with Rush.,"body=PLAY;eggs_before=[(0, 3, 'PLAY'), (0, 3, 'PLAY')];live=[('DRG_224t2', 4, 4, 1, 'PLAY'), ('DRG_224', 5, 5, False, 'PLAY'), ('DRG_224t2', 4, 4, 1, 'PLAY')];drakes=2",pass,"batch=drg_b; Inspect initial egg stats, end both turns to reach own next turn, then inspect new live Morph entities and Rush.; EN=[x]Battlecry: Summon two 0/3 Eggs. Next turn they hatch into 4/4 Drakes with Rush.; ZH=战吼：召唤两个0/3的龙卵。下个回合它们将孵化为4/4并具有突袭的幼龙。; source=fireplace/cards/dragons/shaman.py:56; existing_tests=none; prior=YELLOW:2 个机制缺少充分的核心效果验证；逐机制依据见 card_mechanism.csv。; prior_evidence=card_mechanism.csv#DRG_224; generic-play-smoke:played"
DRG_225,DRG_225::other_mechs_gain_attack_and_two_microcopters_spawn,"Sky Claw grants +1 Attack to another Mech and its two 1/1 Microcopters also receive that aura, while a non-Mech is unchanged.","before=(2, 3, 4);mech=(3, 3);nonmech=4;tokens=[(2, 1, 17, 'PLAY'), (2, 1, 17, 'PLAY')];body=PLAY",pass,batch=drg_b; Use Annoy-o-Tron as a known Mech and Yeti as a non-Mech control; assert both spawned Microcopters are 2/1 under the live +1 Attack aura.; EN=Your other Mechs have +1 Attack. Battlecry: Summon two 1/1 Microcopters.; ZH=你的其他机械获得+1攻击力。战吼：召唤两个1/1的微型 旋翼机。; source=fireplace/cards/dragons/paladin.py:8; existing_tests=none; prior=YELLOW:4 个机制缺少充分的核心效果验证；逐机制依据见 card_mechanism.csv。; prior_evidence=card_mechanism.csv#DRG_225; generic-play-smoke:played
DRG_226,DRG_226::battlecry_restores_eight_to_chosen_friendly_hero,"Amber Watcher's Battlecry restores 8 Health to its chosen friendly hero, from 18 to 26.",before=18;after=26;body=PLAY;mana=5,pass,"batch=drg_b; Opponent resolves two real Fireballs on the player's hero, then the targetable heal is played on the damaged friendly hero.; EN=Battlecry: Restore #8 Health.; ZH=战吼： 恢复#8点生命值。; source=fireplace/cards/dragons/paladin.py:19; existing_tests=none; prior=YELLOW:2 个机制缺少充分的核心效果验证；逐机制依据见 card_mechanism.csv。; prior_evidence=card_mechanism.csv#DRG_226; generic-play-smoke:played"
DRG_229,DRG_229::discover_dragon_and_lifesteal_combat_heals,"Bronze Explorer discovers a Dragon into hand, and Lifesteal heals its controller for its 3 damage in a later Yeti attack.","damage_spell=GRAVEYARD;options=[('BRM_030', 24), ('EX1_563', 24), ('EX1_561', 24)];dragon_in_hand=BRM_030;lifesteal=1;ready=True;hero=24->26;body=2/PLAY;target=1/GRAVEYARD",pass,"batch=drg_b; Damage hero with own Fireball, resolve choice and verify Dragon options, pass round for attack readiness, then inspect actual Lifesteal combat heal.; EN=Lifesteal Battlecry: Discover a Dragon.; ZH=吸血 战吼：发现一张 龙牌。; source=fireplace/cards/dragons/paladin.py:27; existing_tests=none; prior=YELLOW:4 个机制缺少充分的核心效果验证；逐机制依据见 card_mechanism.csv。; prior_evidence=card_mechanism.csv#DRG_229; generic-play-smoke:played"
DRG_231,DRG_231::neutral_free_deck_generates_five_paladin_cards,"With no Neutral cards in deck, the Battlecry adds five Paladin class cards to hand.","hand=[('BT_024', 5, 'HAND')];body=PLAY",confirmed_error,"batch=drg_b; Empty-deck condition; assert exactly five generated cards and class/zone for every card. Source calls Give(CONTROLLER, RandomCollectible(...)) once without a repeat multiplier; observed hand contains exactly one Paladin card.; EN=[x]Battlecry: If your deck has no Neutral cards, add 5 random Paladin cards to your hand.; ZH=战吼：如果你的牌库中没有中立卡牌，随机将五张圣骑士卡牌置入你的手牌。; source=fireplace/cards/dragons/paladin.py:34; existing_tests=none; prior=YELLOW:2 个机制缺少充分的核心效果验证；逐机制依据见 card_mechanism.csv。; prior_evidence=card_mechanism.csv#DRG_231; generic-play-smoke:played"
DRG_231,DRG_231::neutral_deck_prevents_generated_cards,A Neutral Wisp in deck disables the Battlecry and remains in deck.,neutral=CS2_231/DECK;hand=[];body=PLAY,pass,"batch=drg_b; One known Neutral card exercises the false condition.; EN=[x]Battlecry: If your deck has no Neutral cards, add 5 random Paladin cards to your hand.; ZH=战吼：如果你的牌库中没有中立卡牌，随机将五张圣骑士卡牌置入你的手牌。; source=fireplace/cards/dragons/paladin.py:34; existing_tests=none; prior=YELLOW:2 个机制缺少充分的核心效果验证；逐机制依据见 card_mechanism.csv。; prior_evidence=card_mechanism.csv#DRG_231; generic-play-smoke:played"
DRG_232,DRG_232::neutral_free_deck_equips_four_attack_two_durability_weapon,"With no Neutral cards in deck, Lightforged Zealot equips a 4/2 Truesilver Champion.","weapon=('DRG_232t', 4, 2, 'PLAY');body=PLAY",pass,"batch=drg_b; Check exact weapon id, Attack, Durability, ownership slot, and body zone.; EN=Battlecry: If your deck has no Neutral cards, equip a   4/2 Truesilver Champion.; ZH=战吼： 如果你的牌库中没有中立卡牌，便装备一把4/2的真银圣剑。; source=fireplace/cards/dragons/paladin.py:45; existing_tests=none; prior=YELLOW:2 个机制缺少充分的核心效果验证；逐机制依据见 card_mechanism.csv。; prior_evidence=card_mechanism.csv#DRG_232; generic-play-smoke:played"
DRG_232,DRG_232::neutral_deck_prevents_weapon_equip,A Neutral Wisp in deck prevents equipping the weapon.,neutral=DECK;weapon=None;body=PLAY,pass,"batch=drg_b; Neutral-card false branch control.; EN=Battlecry: If your deck has no Neutral cards, equip a   4/2 Truesilver Champion.; ZH=战吼： 如果你的牌库中没有中立卡牌，便装备一把4/2的真银圣剑。; source=fireplace/cards/dragons/paladin.py:45; existing_tests=none; prior=YELLOW:2 个机制缺少充分的核心效果验证；逐机制依据见 card_mechanism.csv。; prior_evidence=card_mechanism.csv#DRG_232; generic-play-smoke:played"
DRG_233,DRG_233::holding_dragon_adds_divine_shield_to_buffed_minion,Sand Breath gives a minion +1/+2 and Divine Shield while a Dragon is held.,dragon=HAND;target=2/3/True;spell=GRAVEYARD,pass,"batch=drg_b; Target friendly Wisp, hold Dragon, and inspect all modified stats and keyword.; EN=[x]Give a minion +1/+2. Give it Divine Shield if you're holding a Dragon.; ZH=使一个随从获得+1/+2。如果你的手牌中有龙牌，使其获得圣盾。; source=fireplace/cards/dragons/paladin.py:93; existing_tests=none; prior=YELLOW:2 个机制缺少充分的核心效果验证；逐机制依据见 card_mechanism.csv。; prior_evidence=card_mechanism.csv#DRG_233; generic-play-smoke:played"
DRG_233,DRG_233::without_dragon_only_stats_buff,"Without a Dragon, Sand Breath gives +1/+2 but no Divine Shield.",target=2/3/False;spell=GRAVEYARD,pass,batch=drg_b; Same target setup without the conditional Dragon.; EN=[x]Give a minion +1/+2. Give it Divine Shield if you're holding a Dragon.; ZH=使一个随从获得+1/+2。如果你的手牌中有龙牌，使其获得圣盾。; source=fireplace/cards/dragons/paladin.py:93; existing_tests=none; prior=YELLOW:2 个机制缺少充分的核心效果验证；逐机制依据见 card_mechanism.csv。; prior_evidence=card_mechanism.csv#DRG_233; generic-play-smoke:played
DRG_235,DRG_235::deathrattle_buffs_hand_dragon_and_grants_inherited_deathrattle,"Talritha's death buffs one hand Dragon +3/+3; after playing and killing that Dragon, its copied Deathrattle buffs the other hand Dragon +3/+3.","talritha=GRAVEYARD;base={'DRG_079': (5, 3), 'NEW1_023': (3, 2)};hand=[('DRG_079', 8, 6, 'GRAVEYARD'), ('NEW1_023', 6, 5, 'HAND')];buffed=['DRG_079'];played=['DRG_079'];other=[('NEW1_023', 6, 5)]",pass,batch=drg_b; Two known hand Dragons make the random first target observable; actually play and kill it to verify inherited Deathrattle on the remaining Dragon.; EN=Deathrattle: Give a Dragon in your hand +3/+3 and this Deathrattle.; ZH=亡语：使你手牌中的一张龙牌获得+3/+3以及此亡语。; source=fireplace/cards/dragons/paladin.py:54; existing_tests=none; prior=YELLOW:1 个机制缺少充分的核心效果验证；逐机制依据见 card_mechanism.csv。; prior_evidence=card_mechanism.csv#DRG_235; generic-play-smoke:played
DRG_242,DRG_242::taunt_battlecry_invokes_galakrond_once,Shield of Galakrond enters as a Taunt minion and its Battlecry performs one actual Invoke with Warlock Galakrond in deck.,"invoke=1;body=4/5/1/PLAY;gal=DECK;field=[('DRG_242', 4, 5), ('DRG_238t12t2', 1, 1), ('DRG_238t12t2', 1, 1)]",pass,"batch=drg_b; Assert printed keyword, exact live zone, invocation counter, and untouched Galakrond deck card.; EN=Taunt Battlecry: Invoke Galakrond.; ZH=嘲讽，战吼： 祈求迦拉克隆。; source=fireplace/cards/dragons/neutral_common.py:133; existing_tests=none; prior=YELLOW:2 个机制缺少充分的核心效果验证；逐机制依据见 card_mechanism.csv。; prior_evidence=card_mechanism.csv#DRG_242; generic-play-smoke:played"
DRG_246,DRG_246::destroy_selected_minion_and_invoke,Target dies; unrelated friendly minion survives; Galakrond invoked once.,target=GRAVEYARD;other=PLAY;invoke=1;spell=GRAVEYARD,pass,batch=drg_c; 实际目标、区域和祈求计数; EN=Destroy a minion. Invoke Galakrond.; ZH=消灭一个随从。祈求迦拉克隆。; source=fireplace/cards/dragons/priest.py:122; existing_tests=none; prior=YELLOW:2 个机制缺少充分的核心效果验证；逐机制依据见 card_mechanism.csv。; prior_evidence=card_mechanism.csv#DRG_246; generic-play-smoke:played
DRG_247,DRG_247::three_damage_to_undamaged_character_and_invoke,Undamaged selected minion loses exactly 3 Health; other minion unaffected; Invoke once.,target_health=2;other_health=5;invoke=1;spell=GRAVEYARD,pass,batch=drg_c; 合法满血目标、伤害和祈求; EN=Deal $3 damage to an undamaged character. Invoke Galakrond.; ZH=对一个未受伤的角色造成$3点伤害。祈求迦拉克隆。; source=fireplace/cards/dragons/rogue.py:97; existing_tests=none; prior=YELLOW:2 个机制缺少充分的核心效果验证；逐机制依据见 card_mechanism.csv。; prior_evidence=card_mechanism.csv#DRG_247; generic-play-smoke:played
DRG_248,DRG_248::freeze_selected_enemy_and_invoke,Selected enemy freezes; own minion does not; Invoke once.,target_frozen=True;own_frozen=False;invoke=1;spell=GRAVEYARD,pass,batch=drg_c; 敌方目标、冻结和祈求; EN=Freeze an enemy.  Invoke Galakrond.; ZH=冻结一个敌人。祈求迦拉克隆。; source=fireplace/cards/dragons/shaman.py:109; existing_tests=none; prior=YELLOW:2 个机制缺少充分的核心效果验证；逐机制依据见 card_mechanism.csv。; prior_evidence=card_mechanism.csv#DRG_248; generic-play-smoke:played
DRG_249,DRG_249::invoke_then_one_damage_to_all_minions,Both players' minions each lose 1 Health; heroes untouched; Invoke once.,own=4;enemy=4;heroes=30/30;invoke=1;spell=GRAVEYARD,pass,batch=drg_c; 双方场上状态、英雄生命、祈求; EN=Invoke Galakrond. Deal $1 damage to all minions.; ZH=祈求迦拉克隆。对所有随从造成$1点伤害。; source=fireplace/cards/dragons/warrior.py:62; existing_tests=none; prior=YELLOW:1 个机制缺少充分的核心效果验证；逐机制依据见 card_mechanism.csv。; prior_evidence=card_mechanism.csv#DRG_249; generic-play-smoke:played
DRG_250,DRG_250::invoke_and_friendly_attack_buff,"Friendly minion gains 1 Attack, enemy minion unchanged; Invoke once.",own_atk=2;enemy_atk=1;invoke=1;spell=GRAVEYARD,pass,batch=drg_c; 友方攻击增益和祈求; EN=Invoke Galakrond. Give your minions +1 Attack.; ZH=祈求迦拉克隆。使你的所有随从获得+1攻击力。; source=fireplace/cards/dragons/warlock.py:100; existing_tests=none; prior=YELLOW:1 个机制缺少充分的核心效果验证；逐机制依据见 card_mechanism.csv。; prior_evidence=card_mechanism.csv#DRG_250; generic-play-smoke:played
DRG_251,DRG_251::three_rush_summons_reward_gryphon,Non-Rush summon does not progress; third Rush summon completes quest and summons exactly one 4/4 Rush Gryphon.,"nonrush_progress=0;quest=GRAVEYARD;rush_progress=[1, 2, 6];field=[('CS2_231', 1, 1, False), ('DRG_010', 4, 1, 1), ('DRG_010', 4, 1, 1), ('DRG_010', 4, 1, 1), ('DRG_251t', 4, 4, 1), ('DRG_251t', 4, 4, 1), ('DRG_251t', 4, 4, 1)];reward_count=3",confirmed_error,batch=drg_c; 先以普通随从验证不计进度，再实际召唤三只突袭随从并检查任务区域及奖励身材/关键词; EN=[x]Sidequest: Summon 3 Rush minions. Reward: Summon a 4/4 Gryphon with Rush.; ZH=支线任务： 召唤三个突袭随从。奖励：召唤一头4/4并具有突袭的狮鹫。; source=fireplace/cards/dragons/hunter.py:70; existing_tests=none; prior=YELLOW:2 个机制缺少充分的核心效果验证；逐机制依据见 card_mechanism.csv。; prior_evidence=card_mechanism.csv#DRG_251; generic-play-smoke:played
DRG_252,DRG_252::hero_power_casts_secret_from_deck,"After Hero Power, a deck Secret is cast into Secret zone; non-Secret remains in deck.",secret=SECRET;ordinary=DECK;stalker=PLAY,pass,"batch=drg_c; 实际使用英雄技能，检查奥秘出牌与非奥秘留牌分支; EN=[x]After you use your Hero Power, cast a Secret from your deck.; ZH=在你使用你的英雄技能后，从你的牌库中施放一个奥秘。; source=fireplace/cards/dragons/hunter.py:26; existing_tests=none; prior=YELLOW:2 个机制缺少充分的核心效果验证；逐机制依据见 card_mechanism.csv。; prior_evidence=card_mechanism.csv#DRG_252; generic-play-smoke:played"
DRG_252,DRG_252::no_secret_available,"With no Secret in deck, Hero Power leaves Phase Stalker alive and does not create a Secret.",stalker=PLAY;field=['DRG_252'];deck=0,pass,"batch=drg_c; 空牌库分支; EN=[x]After you use your Hero Power, cast a Secret from your deck.; ZH=在你使用你的英雄技能后，从你的牌库中施放一个奥秘。; source=fireplace/cards/dragons/hunter.py:26; existing_tests=none; prior=YELLOW:2 个机制缺少充分的核心效果验证；逐机制依据见 card_mechanism.csv。; prior_evidence=card_mechanism.csv#DRG_252; generic-play-smoke:played"
DRG_253,DRG_253::hero_power_can_target_minion,"With Sharpshooter in play, Hero Power targets an enemy minion for 2 and leaves enemy hero untouched.",target=3/PLAY;enemy_hero=30;power_targeting=True,pass,batch=drg_c; 实际英雄技能指定敌方随从；既有 tests/test_dragons.py::test_dwarven_sharpshooter 仅检查合法目标，补上结算断言; EN=Your Hero Power can target minions.; ZH=你的英雄技能能够以随从为目标。; source=fireplace/cards/dragons/hunter.py:35; existing_tests=tests/test_dragons.py:37:test_dwarven_sharpshooter; prior=YELLOW:2 个机制缺少充分的核心效果验证；逐机制依据见 card_mechanism.csv。; prior_evidence=card_mechanism.csv#DRG_253; generic-play-smoke:played
DRG_253,DRG_253::without_sharpshooter_hits_hero,"Without Sharpshooter, default Hero Power hits enemy hero and leaves minion untouched.",target=5;enemy_hero=28,pass,batch=drg_c; 移除持续效果后的对照分支; EN=Your Hero Power can target minions.; ZH=你的英雄技能能够以随从为目标。; source=fireplace/cards/dragons/hunter.py:35; existing_tests=tests/test_dragons.py:37:test_dwarven_sharpshooter; prior=YELLOW:2 个机制缺少充分的核心效果验证；逐机制依据见 card_mechanism.csv。; prior_evidence=card_mechanism.csv#DRG_253; generic-play-smoke:played
DRG_254,DRG_254::poisonous_and_discover_dragon,Primordial Explorer is Poisonous; Battlecry presents Dragon choices and chosen Dragon enters hand.,"poisonous=1;choice=['BRM_030', 'EX1_563', 'EX1_561'];selected=BRM_030;hand=BRM_030",pass,batch=drg_c; 实际触发战吼、逐个核对发现选项种族并完成选择; EN=Poisonous Battlecry: Discover a Dragon.; ZH=剧毒 战吼：发现一张 龙牌。; source=fireplace/cards/dragons/hunter.py:42; existing_tests=none; prior=YELLOW:4 个机制缺少充分的核心效果验证；逐机制依据见 card_mechanism.csv。; prior_evidence=card_mechanism.csv#DRG_254; generic-play-smoke:played
DRG_254,DRG_254::poisonous_combat_kills_high_health_minion,"After the Explorer is ready, combat damage from it kills a 3-Health-or-higher minion through Poisonous even though its normal damage is only 2.",explorer=1/PLAY;target=3/GRAVEYARD;atk=2/2,pass,batch=drg_c; 对手召唤 3/5 Ancient Watcher；等待自己回合后实际攻击，验证剧毒战斗结算而不是仅读取关键词标记; EN=Poisonous Battlecry: Discover a Dragon.; ZH=剧毒 战吼：发现一张 龙牌。; source=fireplace/cards/dragons/hunter.py:42; existing_tests=none; prior=YELLOW:4 个机制缺少充分的核心效果验证；逐机制依据见 card_mechanism.csv。; prior_evidence=card_mechanism.csv#DRG_254; generic-play-smoke:played
DRG_255,DRG_255::three_hero_powers_summon_three_leper_gnomes,"After three Hero Powers on separate turns, quest completes and exactly three 1/1 Leper Gnomes are summoned.","quest=GRAVEYARD;lepers=[];gryphons=[(4, 4, 1), (4, 4, 1), (4, 4, 1)];enemy_hero=24",confirmed_error,batch=drg_c; 跨三个己方回合实际使用英雄技能，按 XML token DRG_255t2 检查数量/身材，不能把 DRG_251t 狮鹫当作奖励; EN=[x]Sidequest: Use your Hero Power three times. Reward: Summon three 1/1 Leper Gnomes.; ZH=支线任务： 使用你的英雄技能三次。奖励：召唤三个1/1的麻风侏儒。; source=fireplace/cards/dragons/hunter.py:80; existing_tests=none; prior=YELLOW:2 个机制缺少充分的核心效果验证；逐机制依据见 card_mechanism.csv。; prior_evidence=card_mechanism.csv#DRG_255; generic-play-smoke:played
DRG_256,DRG_256::trigger_random_enemy_after_hero_power,"Across deterministic seeds with one enemy minion and enemy hero, Dragonbane sometimes hits each eligible enemy; no fixed-hero-only behavior.","minion_hits=0;hero_only=24;samples=['0:PLAY/5,H23', '1:PLAY/5,H23', '2:PLAY/5,H23', '3:PLAY/5,H23', '4:PLAY/5,H23', '5:PLAY/5,H23', '6:PLAY/5,H23', '7:PLAY/5,H23', '8:PLAY/5,H23', '9:PLAY/5,H23', '10:PLAY/5,H23', '11:PLAY/5,H23', '12:PLAY/5,H23', '13:PLAY/5,H23', '14:PLAY/5,H23', '15:PLAY/5,H23', '16:PLAY/5,H23', '17:PLAY/5,H23', '18:PLAY/5,H23', '19:PLAY/5,H23', '20:PLAY/5,H23', '21:PLAY/5,H23', '22:PLAY/5,H23', '23:PLAY/5,H23']",confirmed_error,"batch=drg_c; 24 个实际对局种子；2 点猎人技能伤害与额外5点随机伤害分开由生命/区域辨识；源码候选需查是否只命中敌方英雄; EN=After you use your Hero Power, deal 5 damage to a random enemy.; ZH=在你使用你的英雄技能后，随机对一个敌人造成5点伤害。; source=fireplace/cards/dragons/hunter.py:49; existing_tests=none; prior=YELLOW:2 个机制缺少充分的核心效果验证；逐机制依据见 card_mechanism.csv。; prior_evidence=card_mechanism.csv#DRG_256; generic-play-smoke:played"
DRG_257,DRG_257::battlecry_reduces_deck_dragons_by_two,Frizz reduces 5-cost Cobalt Spellkin in deck to 3; non-Dragon in deck and same Dragon in hand retain their printed costs.,deck_dragon_cost=3;non_dragon_cost=4;hand_dragon_cost=5;zones=DECK/DECK/HAND,pass,batch=drg_c; 使用真实5费龙 DRG_075 Cobalt Spellkin；部署一个牌库龙、非龙和手牌龙，逐一检查实际费用/所在区域; EN=Battlecry: Reduce the Cost of Dragons in your deck by (2).; ZH=战吼：使你牌库中龙牌的法力值消耗减少（2）点。; source=fireplace/cards/dragons/neutral_legendary.py:76; existing_tests=none; prior=YELLOW:2 个机制缺少充分的核心效果验证；逐机制依据见 card_mechanism.csv。; prior_evidence=card_mechanism.csv#DRG_257; generic-play-smoke:played
DRG_258,DRG_258::undamaged_turn_summons_taunt,"After a full turn without damage, sidequest completes and summons one 3/6 Taunt.","quest=GRAVEYARD;reward=[(3, 6, 1)]",pass,batch=drg_c; 按既有 test_sanctuary 的回合时序实际跨回合验证并核对 token; EN=[x]Sidequest: Take no damage for a turn. Reward: Summon a 3/6 minion with Taunt.; ZH=支线任务： 在一回合内不受伤害。奖励：召唤一个3/6并具有嘲讽的随从。; source=fireplace/cards/dragons/paladin.py:108; existing_tests=tests/test_dragons.py:94:test_sanctuary; prior=YELLOW:2 个机制缺少充分的核心效果验证；逐机制依据见 card_mechanism.csv。; prior_evidence=card_mechanism.csv#DRG_258; generic-play-smoke:played
DRG_258,DRG_258::damage_prevents_progress,Taking spell damage during opponent turn prevents Sanctuary progress and reward at next own turn.,quest=SECRET;progress=0;hero=29;field=[],pass,batch=drg_c; 对手回合实际对己方英雄施放 Moonfire，随后检查未完成; EN=[x]Sidequest: Take no damage for a turn. Reward: Summon a 3/6 minion with Taunt.; ZH=支线任务： 在一回合内不受伤害。奖励：召唤一个3/6并具有嘲讽的随从。; source=fireplace/cards/dragons/paladin.py:108; existing_tests=tests/test_dragons.py:94:test_sanctuary; prior=YELLOW:2 个机制缺少充分的核心效果验证；逐机制依据见 card_mechanism.csv。; prior_evidence=card_mechanism.csv#DRG_258; generic-play-smoke:played
DRG_270,DRG_270::dragon_enables_upgraded_spell_discover,Holding a Dragon makes Battlecry offer only Malygos upgraded Mage spells and chosen spell enters hand.,"maly=PLAY;dragon=HAND;offered=['DRG_270t2', 'DRG_270t8', 'DRG_270t11'];picked=DRG_270t2;in_hand=True",pass,"batch=drg_c; 实际持龙触发发现，逐一核对九种增强法术候选并完成选择; EN=[x]Battlecry: If you're holding a Dragon, Discover an  upgraded Mage spell.; ZH=战吼： 如果你的手牌中有龙牌，便发现一张升级过的法师法术牌。; source=fireplace/cards/dragons/mage.py:42; existing_tests=none; prior=YELLOW:3 个机制缺少充分的核心效果验证；逐机制依据见 card_mechanism.csv。; prior_evidence=card_mechanism.csv#DRG_270; generic-play-smoke:played"
DRG_270,DRG_270::no_dragon_no_discover,"Without a Dragon in hand, Malygos has no Discover choice.",choice=None;field=['DRG_270'],pass,"batch=drg_c; 不持龙的 powered-up 条件对照; EN=[x]Battlecry: If you're holding a Dragon, Discover an  upgraded Mage spell.; ZH=战吼： 如果你的手牌中有龙牌，便发现一张升级过的法师法术牌。; source=fireplace/cards/dragons/mage.py:42; existing_tests=none; prior=YELLOW:3 个机制缺少充分的核心效果验证；逐机制依据见 card_mechanism.csv。; prior_evidence=card_mechanism.csv#DRG_270; generic-play-smoke:played"
DRG_300,DRG_300::two_invokes_discount_current_hand,"After two real Invoke spells, Fate Weaver Battlecry reduces a held 4-cost Fireball to 3.",invoke=2;fireball_cost=3;weaver=PLAY;target=GRAVEYARD,pass,"batch=drg_c; 用 DRG_249 与合法目标上的 DRG_246 实际祈求两次，再核对留在手牌中的法术费用; EN=[x]Battlecry: If you've Invoked twice, reduce the Cost of cards in your hand by (1).; ZH=战吼：如果你已经祈求过两次，则使你的手牌法力值消耗减少（1）点。; source=fireplace/cards/dragons/priest.py:15; existing_tests=none; prior=YELLOW:2 个机制缺少充分的核心效果验证；逐机制依据见 card_mechanism.csv。; prior_evidence=card_mechanism.csv#DRG_300; generic-play-smoke:played"
DRG_300,DRG_300::one_invoke_no_discount,"After only one Invoke, held Fireball remains 4 mana.",invoke=1;fireball_cost=4;weaver=PLAY,pass,"batch=drg_c; 只祈求一次的条件分支; EN=[x]Battlecry: If you've Invoked twice, reduce the Cost of cards in your hand by (1).; ZH=战吼：如果你已经祈求过两次，则使你的手牌法力值消耗减少（1）点。; source=fireplace/cards/dragons/priest.py:15; existing_tests=none; prior=YELLOW:2 个机制缺少充分的核心效果验证；逐机制依据见 card_mechanism.csv。; prior_evidence=card_mechanism.csv#DRG_300; generic-play-smoke:played"
DRG_301,DRG_301::add_one_lackey_to_hand,Whispers of EVIL resolves to exactly one Lackey from the supported Lackey pool in hand.,spell=GRAVEYARD;hand=['DAL_613'];count_delta=1,pass,batch=drg_c; 实际施放法术并断言手牌增量与生成卡牌属于七种 Lackey token 池; EN=Add a Lackey to your hand.; ZH=将一张跟班牌置入你的手牌。; source=fireplace/cards/dragons/priest.py:130; existing_tests=none; prior=YELLOW:2 个机制缺少充分的核心效果验证；逐机制依据见 card_mechanism.csv。; prior_evidence=card_mechanism.csv#DRG_301; generic-play-smoke:played
DRG_302,DRG_302::grave_rune_death_summons_two_copies,"After Grave Rune enchants a friendly minion, an actual enemy spell kill puts original in graveyard and summons exactly two full-stat copies.","spell=GRAVEYARD;original=GRAVEYARD;copies=2;copy_stats=[(1, 1), (1, 1)]",pass,"batch=drg_c; 先实际施放 Grave Rune，再由对手施放 Moonfire 触发死亡；检查原件及两份复制; EN=Give a minion ""Deathrattle: Summon 2 copies of this.""; ZH=使一个随从获得“亡语：召唤该随从的两个复制。”; source=fireplace/cards/dragons/priest.py:137; existing_tests=none; prior=YELLOW:3 个机制缺少充分的核心效果验证；逐机制依据见 card_mechanism.csv。; prior_evidence=card_mechanism.csv#DRG_302; generic-play-smoke:played"
DRG_303,DRG_303::battlecry_invokes_once,"Playing Disciple resolves Battlecry, increasing Invoke counter once while Galakrond remains in deck.",invoke=1;galakrond=DECK;minion=PLAY;stats=1/2,pass,batch=drg_c; 真实出牌，牌库预置牧师 Galakrond 并核对祈求计数; EN=Battlecry: Invoke Galakrond.; ZH=战吼： 祈求迦拉克隆。; source=fireplace/cards/dragons/priest.py:29; existing_tests=tests/test_dragons.py:209:test_invoke | tests/test_dragons.py:214:test_invoke | tests/test_dragons.py:220:test_invoke | tests/test_dragons.py:221:test_invoke; prior=YELLOW:1 个机制缺少充分的核心效果验证；逐机制依据见 card_mechanism.csv。; prior_evidence=card_mechanism.csv#DRG_303; generic-play-smoke:played
DRG_304,DRG_304::dragon_held_deathrattle_damages_enemy_board,"With another Dragon held, Chronobreaker deathrattle deals 3 only to all enemy minions.",dragon=HAND;chrono=GRAVEYARD;enemy=2/PLAY;own=5/PLAY;heroes=30/30,pass,"batch=drg_c; 手里额外持龙；对手用真实伤害法术击杀 Chronobreaker，比较敌友随从及英雄; EN=[x]Deathrattle: If you're holding a Dragon, deal 3 damage to all enemy minions.; ZH=亡语：如果你的手牌中有龙牌，则对所有敌方随从造成3点 伤害。; source=fireplace/cards/dragons/priest.py:36; existing_tests=none; prior=YELLOW:1 个机制缺少充分的核心效果验证；逐机制依据见 card_mechanism.csv。; prior_evidence=card_mechanism.csv#DRG_304; generic-play-smoke:played"
DRG_304,DRG_304::no_dragon_deathrattle_no_damage,"Without a Dragon left in hand, Chronobreaker death causes no enemy-minion damage.",chrono=GRAVEYARD;enemy=5/PLAY,pass,"batch=drg_c; 未持龙条件分支; EN=[x]Deathrattle: If you're holding a Dragon, deal 3 damage to all enemy minions.; ZH=亡语：如果你的手牌中有龙牌，则对所有敌方随从造成3点 伤害。; source=fireplace/cards/dragons/priest.py:36; existing_tests=none; prior=YELLOW:1 个机制缺少充分的核心效果验证；逐机制依据见 card_mechanism.csv。; prior_evidence=card_mechanism.csv#DRG_304; generic-play-smoke:played"
DRG_306,DRG_306::guess_opponent_hand_card_to_get_copy,Battlecry shows one opponent hand card and two deck cards; choosing the hand card adds its copy to own hand.,"opponent_card=CS2_008;shown=['EX1_610', 'CS2_008', 'CS2_182'];correct=CS2_008;copied=True;envoy=PLAY",pass,batch=drg_c; 对应既有 test_envoy_of_lazul，固定对手手牌并留两张牌库卡，真实选择正确答案核对复制; EN=[x]Battlecry: Look at 3 cards. Guess which one is in your opponent's hand to get a copy of it.; ZH=战吼：检视三张卡牌。猜中来自你对手手牌中的卡牌，则获得该牌的一张复制。; source=fireplace/cards/dragons/priest.py:44; existing_tests=tests/test_dragons.py:108:test_envoy_of_lazul | tests/test_dragons.py:118:test_envoy_of_lazul; prior=YELLOW:1 个机制缺少充分的核心效果验证；逐机制依据见 card_mechanism.csv。; prior_evidence=card_mechanism.csv#DRG_306; generic-play-smoke:played
DRG_306,DRG_306::no_opponent_hand_no_choice,"With no opponent hand cards, Envoy resolves without an invalid or phantom choice.",choice=None;envoy=PLAY;field=['DRG_306'],pass,batch=drg_c; 空对手手牌边界; EN=[x]Battlecry: Look at 3 cards. Guess which one is in your opponent's hand to get a copy of it.; ZH=战吼：检视三张卡牌。猜中来自你对手手牌中的卡牌，则获得该牌的一张复制。; source=fireplace/cards/dragons/priest.py:44; existing_tests=tests/test_dragons.py:108:test_envoy_of_lazul | tests/test_dragons.py:118:test_envoy_of_lazul; prior=YELLOW:1 个机制缺少充分的核心效果验证；逐机制依据见 card_mechanism.csv。; prior_evidence=card_mechanism.csv#DRG_306; generic-play-smoke:played
DRG_307,DRG_307::no_dragon_damages_all_minions,"Without a Dragon in hand, Breath deals 2 to friendly and enemy minions, not heroes.",spell=GRAVEYARD;own=3;enemy=3;heroes=30/30,pass,"batch=drg_c; 空手持龙条件实际比较双方随从与英雄生命; EN=Deal $2 damage to all minions. If you're holding a Dragon, only damage enemies.; ZH=对所有随从造成$2点伤害。如果你的手牌中有龙牌，则只对敌方随从造成伤害。; source=fireplace/cards/dragons/priest.py:150; existing_tests=none; prior=YELLOW:1 个机制缺少充分的核心效果验证；逐机制依据见 card_mechanism.csv。; prior_evidence=card_mechanism.csv#DRG_307; generic-play-smoke:played"
DRG_307,DRG_307::dragon_held_damages_enemy_minions_only,Holding a Dragon restricts 2 damage to enemy minions; friendly minion remains full health.,dragon=HAND;own=5;enemy=3;heroes=30/30,pass,"batch=drg_c; 持龙强化分支; EN=Deal $2 damage to all minions. If you're holding a Dragon, only damage enemies.; ZH=对所有随从造成$2点伤害。如果你的手牌中有龙牌，则只对敌方随从造成伤害。; source=fireplace/cards/dragons/priest.py:150; existing_tests=none; prior=YELLOW:1 个机制缺少充分的核心效果验证；逐机制依据见 card_mechanism.csv。; prior_evidence=card_mechanism.csv#DRG_307; generic-play-smoke:played"
DRG_308,DRG_308::chosen_enemy_copy_summoned_on_death,"Kaahrj records the chosen enemy minion; after a real Fireball kill, deathrattle summons one full-stat copy while original survives.","target=CS2_182/5/PLAY;kaahrj=GRAVEYARD;copies=[(4, 5, 'PLAY')]",pass,batch=drg_c; 实际选择敌方 Yeti，之后由对手用 Fireball 杀死 Kaahrj 并验证复制区域/身材; EN=Battlecry: Choose an enemy minion. Deathrattle: Summon a new copy of it.; ZH=战吼：选择一个敌方随从。亡语：召唤一个所选随从的全新 复制。; source=fireplace/cards/dragons/priest.py:106; existing_tests=tests/test_carddb.py:44:test_battlecry_scripts; prior=YELLOW:4 个机制缺少充分的核心效果验证；逐机制依据见 card_mechanism.csv。; prior_evidence=card_mechanism.csv#DRG_308; generic-play-smoke:played
DRG_309,DRG_309::battlecry_sets_both_to_ten_crystals,Nozdormu battlecry sets both player's max mana crystals to 10 from a deliberately reduced 8-crystal state.,nozdormu=PLAY;max=10/10;mana=4/8;used=6/2,pass,batch=drg_c; 将双方当前水晶限制为8，再实际打出7费随从并核验双方最大水晶; EN=Battlecry: Set each player to 10 Mana Crystals.; ZH=战吼： 将双方玩家的法力水晶重置为十个。; source=fireplace/cards/dragons/paladin.py:70; existing_tests=none; prior=YELLOW:1 个机制缺少充分的核心效果验证；逐机制依据见 card_mechanism.csv。; prior_evidence=card_mechanism.csv#DRG_309; generic-play-smoke:played
DRG_310,DRG_310::taunt_minion_untargetable_by_spells_and_hero_power,Evasive Drakonid has Taunt; enemy targeted spell and Hero Power are rejected without changing its Health.,taunt=1;spell_blocked=True;power_blocked=True;health=7;enemy_hand=['CS2_008'],pass,batch=drg_c; 实际发起两种合法候选效果的指定目标操作，捕获 InvalidAction 并确认目标未受伤; EN=Taunt Can't be targeted by spells or Hero Powers.; ZH=嘲讽 无法成为法术或英雄技能的目标。; source=; existing_tests=none; prior=YELLOW:2 个机制缺少充分的核心效果验证；逐机制依据见 card_mechanism.csv。; prior_evidence=card_mechanism.csv#DRG_310; generic-play-smoke:played
DRG_311,DRG_311::choose_summon_treant,Choose One summon branch resolves to exactly one 2/2 Treant.,"spell=GRAVEYARD;treants=[(2, 2, False)]",pass,batch=drg_c; 实际选择召唤分支并核对 token 身材与数量; EN=[x]Choose One - Give a minion +2 Health and Taunt; or Summon a 2/2 Treant.; ZH=抉择：使一个随从获得+2生命值和嘲讽；或者召唤一个2/2的树人。; source=fireplace/cards/dragons/druid.py:65; existing_tests=none; prior=YELLOW:4 个机制缺少充分的核心效果验证；逐机制依据见 card_mechanism.csv。; prior_evidence=card_mechanism.csv#DRG_311; generic-play-smoke:played
DRG_311,DRG_311::choose_target_buff,Target branch gives a friendly minion +2 Health and Taunt without summoning the Treant.,spell=GRAVEYARD;target=1/1/1;taunt=False;field=['CS2_231'],confirmed_error,batch=drg_c; 实际选择强化分支，核对生命上限/当前生命、攻击力、嘲讽和无额外召唤; EN=[x]Choose One - Give a minion +2 Health and Taunt; or Summon a 2/2 Treant.; ZH=抉择：使一个随从获得+2生命值和嘲讽；或者召唤一个2/2的树人。; source=fireplace/cards/dragons/druid.py:65; existing_tests=none; prior=YELLOW:4 个机制缺少充分的核心效果验证；逐机制依据见 card_mechanism.csv。; prior_evidence=card_mechanism.csv#DRG_311; generic-play-smoke:played
DRG_312,DRG_312::battlecry_summons_one_two_two_treant,Battlecry creates exactly one friendly 2/2 Treant.,"body=PLAY;treants=[(2, 2, 'PLAY')];enemy_count=0",pass,batch=drg_d; 战吼衍生物数量、属性与阵营; EN=Battlecry: Summon a 2/2 Treant.; ZH=战吼：召唤一个2/2的树人。; source=fireplace/cards/dragons/druid.py:8; existing_tests=none; prior=YELLOW:2 个机制缺少充分的核心效果验证；逐机制依据见 card_mechanism.csv。; prior_evidence=card_mechanism.csv#DRG_312; generic-play-smoke:played
DRG_313,DRG_313::taunt_and_discover_dragon_to_hand,Body has Taunt; three Dragon choices open; selected Dragon enters hand and choice closes.,"taunt=1;options=[('BRM_030', [24]), ('EX1_563', [24]), ('EX1_561', [24])];selected=('BRM_030', 'HAND');choice_closed=True",pass,batch=drg_d; 嘲讽、候选种族、Choice 结算; EN=Taunt Battlecry: Discover a Dragon.; ZH=嘲讽 战吼：发现一张 龙牌。; source=fireplace/cards/dragons/druid.py:15; existing_tests=none; prior=YELLOW:4 个机制缺少充分的核心效果验证；逐机制依据见 card_mechanism.csv。; prior_evidence=card_mechanism.csv#DRG_313; generic-play-smoke:played
DRG_314,DRG_314::two_treants_reduce_cost_and_two_known_cards_drawn,"One and two friendly Treants reduce Aeroponics from 5 to 3 to 1, then its cast draws both known deck cards.","costs=5,3,1;drawn=HAND,HAND;spell=GRAVEYARD",pass,batch=drg_d; 动态费用与真实抽牌移区; EN=Draw 2 cards. Costs (2) less for each Treant you control.; ZH=抽两张牌。你每控制一个树人，该牌的法力值消耗便减少（2）点。; source=fireplace/cards/dragons/druid.py:88; existing_tests=none; prior=YELLOW:3 个机制缺少充分的核心效果验证；逐机制依据见 card_mechanism.csv。; prior_evidence=card_mechanism.csv#DRG_314; generic-play-smoke:played
DRG_315,DRG_315::deck_minions_gain_two_two_and_one_cost_up_to_ten,All tested deck minions gain +2/+2 and +1 Cost capped at 10; same minion held in hand stays unchanged.,"low=3/3/cost1/DECK;high=6/14/cost10/before(4, 12, 9);hand=1/1/cost0;spell=GRAVEYARD",pass,batch=drg_d; 牌库作用域、属性、费用上限与手牌对照; EN=Give all minions in your deck +2/+2. They cost (1) more (up to 10).; ZH=使你牌库中的所有随从牌获得+2/+2，且法力值消耗增加（1）点（最高不超过10点）。; source=fireplace/cards/dragons/druid.py:96; existing_tests=tests/test_dragons.py:12:test_embiggen; prior=YELLOW:2 个机制缺少充分的核心效果验证；逐机制依据见 card_mechanism.csv。; prior_evidence=card_mechanism.csv#DRG_315; generic-play-smoke:played
DRG_317,DRG_317::two_hero_attacks_add_exactly_three_claws,First real hero attack gives progress 1 and no Claws; second on next turn completes Sidequest and adds exactly three Claw spells.,"after_first=1:SECRET:claws0;after_second=2:GRAVEYARD;claws=[('CS2_005', 'HAND'), ('CS2_005', 'HAND'), ('CS2_005', 'HAND')];weapon=GRAVEYARD:0;enemy_hero=24",pass,batch=drg_d; 跨回合真实英雄攻击、进度与奖励手牌; EN=Sidequest: Attack twice with your hero. Reward: Add 3 'Claw' spells to your hand.; ZH=支线任务： 用你的英雄攻击两次。奖励：将三张“爪击”法术牌置入你的手牌。; source=fireplace/cards/dragons/druid.py:111; existing_tests=none; prior=YELLOW:1 个机制缺少充分的核心效果验证；逐机制依据见 card_mechanism.csv。; prior_evidence=card_mechanism.csv#DRG_317; generic-play-smoke:played
DRG_318,DRG_318::held_dragon_draws_and_gains_empty_crystal,A held Dragon permits one empty Mana Crystal while drawing the known deck card.,dragon=True;drawn=HAND;max_mana=5;available=2;used=3;spell=GRAVEYARD,pass,"batch=drg_d; 龙牌条件、实际抽牌和空水晶法力守恒; EN=Draw a card. If you're holding a Dragon, gain an empty Mana Crystal.; ZH=抽一张牌。如果你的手牌中有龙牌，便获得一个空的法力水晶。; source=fireplace/cards/dragons/druid.py:121; existing_tests=none; prior=YELLOW:2 个机制缺少充分的核心效果验证；逐机制依据见 card_mechanism.csv。; prior_evidence=card_mechanism.csv#DRG_318; generic-play-smoke:played"
DRG_318,DRG_318::without_dragon_draws_without_mana_gain,Without a Dragon it draws the card but does not gain a Mana Crystal.,dragon=False;drawn=HAND;max_mana=4;available=2;used=2;spell=GRAVEYARD,pass,"batch=drg_d; 无龙条件分支; EN=Draw a card. If you're holding a Dragon, gain an empty Mana Crystal.; ZH=抽一张牌。如果你的手牌中有龙牌，便获得一个空的法力水晶。; source=fireplace/cards/dragons/druid.py:121; existing_tests=none; prior=YELLOW:2 个机制缺少充分的核心效果验证；逐机制依据见 card_mechanism.csv。; prior_evidence=card_mechanism.csv#DRG_318; generic-play-smoke:played"
DRG_319,DRG_319::existing_and_future_friendly_treants_buff_after_goru_dies,Existing and newly summoned friendly Treants stay +1/+1 after Goru dies; enemy Treant stays 2/2.,"earlier=(3, 3);later=3/3;enemy=2/2;goru=GRAVEYARD",pass,"batch=drg_d; 当前/未来实体、阵营和永久时效; EN=[x]Taunt Battlecry: For the rest of the game, your Treants have +1/+1.; ZH=嘲讽，战吼：在本局对战的剩余时间内，你的树人获得+1/+1。; source=fireplace/cards/dragons/druid.py:22; existing_tests=none; prior=YELLOW:2 个机制缺少充分的核心效果验证；逐机制依据见 card_mechanism.csv。; prior_evidence=card_mechanism.csv#DRG_319; generic-play-smoke:played"
DRG_320,DRG_320::seven_portals_shuffled_and_drawn_portal_summons_dragon,Battlecry shuffles seven Dream Portals; drawing one removes it from deck and summons exactly one friendly Dragon.,"portals_before=7;remaining=6;replacement=HAND;drawn_portal=GRAVEYARD;summoned=[('EX1_572', 'PLAY', [24])];body=PLAY",pass,"batch=drg_d; 牌库数、抽到即施放和召唤种族区域; EN=[x]Battlecry: Shuffle 7 Dream Portals into your deck. When drawn, summon a random Dragon.; ZH=战吼：将七张“梦境之门”洗入你的牌库。当抽到梦境之门时，随机召唤一条龙。; source=fireplace/cards/dragons/druid.py:36; existing_tests=none; prior=YELLOW:4 个机制缺少充分的核心效果验证；逐机制依据见 card_mechanism.csv。; prior_evidence=card_mechanism.csv#DRG_320; generic-play-smoke:played"
DRG_321,DRG_321::one_neighbor_takes_seven_excess_damage,"Eight damage kills a 1-Health center minion; sole right neighbor takes seven excess, hero untouched.",center=GRAVEYARD;right=5;enemy_hero=30;spell=GRAVEYARD,pass,batch=drg_d; 目标死亡、溢出量与相邻方向; EN=Deal $8 damage to a minion. Any excess damage continues to the left or right.; ZH=对一个随从造成$8点伤害，超过其生命值的伤害将由左侧或右侧的随从承担。; source=fireplace/cards/dragons/mage.py:154; existing_tests=tests/test_dragons.py:54:test_rolling_fireball | tests/test_dragons.py:60:test_rolling_fireball | tests/test_dragons.py:68:test_rolling_fireball; prior=YELLOW:2 个机制缺少充分的核心效果验证；逐机制依据见 card_mechanism.csv。; prior_evidence=card_mechanism.csv#DRG_321; generic-play-smoke:played
DRG_321,DRG_321::two_neighbors_only_one_receives_excess,"With left and right neighbors, exactly one receives the seven excess damage.","center=GRAVEYARD;left=5;right=12;losses=(7, 0);hero=30;spell=GRAVEYARD",pass,batch=drg_d; 双方向随机候选但总伤害守恒; EN=Deal $8 damage to a minion. Any excess damage continues to the left or right.; ZH=对一个随从造成$8点伤害，超过其生命值的伤害将由左侧或右侧的随从承担。; source=fireplace/cards/dragons/mage.py:154; existing_tests=tests/test_dragons.py:54:test_rolling_fireball | tests/test_dragons.py:60:test_rolling_fireball | tests/test_dragons.py:68:test_rolling_fireball; prior=YELLOW:2 个机制缺少充分的核心效果验证；逐机制依据见 card_mechanism.csv。; prior_evidence=card_mechanism.csv#DRG_321; generic-play-smoke:played
DRG_322,DRG_322::held_dragon_makes_only_next_spell_free_this_turn,"Holding a Dragon makes the next Fireball free; after it is cast, another Fireball returns to its original Cost.",dragon=True;base=4;first_cost=0;second_cost=4;target=6;first_zone=GRAVEYARD;body=PLAY,pass,"batch=drg_d; 持龙条件、实际施法和一次性折扣; EN=Battlecry: If you're holding a Dragon, your next spell this turn costs (0).; ZH=战吼：如果你的手牌中有龙牌，在本回合中你所施放的下一个法术的法力值消耗为（0）点。; source=fireplace/cards/dragons/mage.py:128; existing_tests=none; prior=YELLOW:1 个机制缺少充分的核心效果验证；逐机制依据见 card_mechanism.csv。; prior_evidence=card_mechanism.csv#DRG_322; generic-play-smoke:played"
DRG_322,DRG_322::no_dragon_leaves_spell_cost_unchanged,"Without a Dragon, Dragoncaster does not discount the next spell.",dragon=False;base=4;first_cost=4;second_cost=4;target=12;first_zone=HAND;body=PLAY,pass,"batch=drg_d; 不持龙负例; EN=Battlecry: If you're holding a Dragon, your next spell this turn costs (0).; ZH=战吼：如果你的手牌中有龙牌，在本回合中你所施放的下一个法术的法力值消耗为（0）点。; source=fireplace/cards/dragons/mage.py:128; existing_tests=none; prior=YELLOW:1 个机制缺少充分的核心效果验证；逐机制依据见 card_mechanism.csv。; prior_evidence=card_mechanism.csv#DRG_322; generic-play-smoke:played"
DRG_323,DRG_323::eight_paid_spell_mana_summons_one_six_six_dragon,Free Coin gives no progress; two actually paid 4-Mana Fireballs reach eight and summon one 6/6 Dragon.,"zero=0:SECRET;half=4;final=8:GRAVEYARD;reward=[(6, 6, 'PLAY')];enemy_hero=18",pass,batch=drg_d; 费用贡献、任务进度与唯一奖励; EN=[x]Sidequest: Spend 8 Mana on spells. Reward: Summon a 6/6 Dragon.; ZH=支线任务： 消耗8点法力值用于法术牌上。奖励：召唤一条6/6的龙。; source=fireplace/cards/dragons/mage.py:189; existing_tests=none; prior=YELLOW:2 个机制缺少充分的核心效果验证；逐机制依据见 card_mechanism.csv。; prior_evidence=card_mechanism.csv#DRG_323; generic-play-smoke:played
DRG_324,DRG_324::elemental_two_turn_streak_draws_three_known_spells,Elementals played on two consecutive own turns complete Sidequest and draw all three known spells.,"first=1;final=2:GRAVEYARD;drawn=[('CS2_008', 'HAND'), ('CS2_029', 'HAND'), ('EX1_277', 'HAND')]",pass,batch=drg_d; 跨回合连续条件、牌库抽牌与奖励; EN=[x]Sidequest: Play an Elemental 2 turns in a row. Reward: Draw 3 spells from your deck.; ZH=支线任务： 连续两个回合使用元素牌。奖励：从你的牌库中抽三张法术牌。; source=fireplace/cards/dragons/mage.py:200; existing_tests=tests/test_dragons.py:74:test_elemental_allies; prior=YELLOW:2 个机制缺少充分的核心效果验证；逐机制依据见 card_mechanism.csv。; prior_evidence=card_mechanism.csv#DRG_324; generic-play-smoke:played
DRG_324,DRG_324::missing_elemental_turn_resets_streak,Skipping an own turn without playing an Elemental resets progress; a later Elemental starts at one.,first=1;after_skipped_turn=0;after_next_elemental=1;quest=SECRET,pass,batch=drg_d; 断档负例与进度重置; EN=[x]Sidequest: Play an Elemental 2 turns in a row. Reward: Draw 3 spells from your deck.; ZH=支线任务： 连续两个回合使用元素牌。奖励：从你的牌库中抽三张法术牌。; source=fireplace/cards/dragons/mage.py:200; existing_tests=tests/test_dragons.py:74:test_elemental_allies; prior=YELLOW:2 个机制缺少充分的核心效果验证；逐机制依据见 card_mechanism.csv。; prior_evidence=card_mechanism.csv#DRG_324; generic-play-smoke:played
DRG_401,DRG_401::swap_hero_powers_until_next_own_turn,"The two distinct Hero Powers swap immediately, stay swapped on opponent's turn, and revert at next own turn.","original=HERO_08bp/HERO_05bp;immediate=('HERO_05bp', 'HERO_08bp');opponent_turn=('HERO_05bp', 'HERO_08bp');restored=('HERO_08bp', 'HERO_05bp');body=PLAY",pass,batch=drg_d; 双方英雄技能身份与跨回合时效; EN=Battlecry: Swap Hero Powers with your opponent until your next turn.; ZH=战吼：直到你的下个回合，和你的对手交换英雄技能。; source=fireplace/cards/dragons/neutral_epic.py:72; existing_tests=tests/test_dragons.py:139:test_grizzled_wizard; prior=YELLOW:1 个机制缺少充分的核心效果验证；逐机制依据见 card_mechanism.csv。; prior_evidence=card_mechanism.csv#DRG_401; generic-play-smoke:played
DRG_402,DRG_402::selected_friendly_minion_copied_to_hand_deck_and_board,"Chosen friendly Wisp remains in play and gains exactly one distinct copy in hand, deck and battlefield.","body=PLAY;target=PLAY;hand=[('CS2_231', 'HAND')];deck=[('CS2_231', 'DECK')];field=[('CS2_231', 'PLAY', True), ('CS2_231', 'PLAY', False)];enemy_field=0",pass,"batch=drg_d; 目标、三种区域与复制数量; EN=Battlecry: Choose a friendly minion. Add a copy of it to your hand, deck, and battlefield.; ZH=战吼：选择一个友方随从。将一个它的复制置入你的手牌，牌库以及战场。; source=fireplace/cards/dragons/neutral_legendary.py:88; existing_tests=none; prior=YELLOW:3 个机制缺少充分的核心效果验证；逐机制依据见 card_mechanism.csv。; prior_evidence=card_mechanism.csv#DRG_402; generic-play-smoke:played"
DRG_403,DRG_403::opponent_next_hero_power_costs_three_then_reverts,"Enemy Hunter Hero Power costs 3 for its next real use, deals its usual damage, then returns to 2.",baseline=2;raised=2;own_power_cost=2;after_use=2;own_hero=28;body=PLAY,confirmed_error,batch=drg_d; 敌方技能费用、实际使用和一次性复原; EN=Battlecry: Your opponent's next Hero Power costs (3).; ZH=战吼：你对手的下一个英雄技能的法力值消耗为（3）点。; source=fireplace/cards/dragons/neutral_epic.py:89; existing_tests=none; prior=YELLOW:1 个机制缺少充分的核心效果验证；逐机制依据见 card_mechanism.csv。; prior_evidence=card_mechanism.csv#DRG_403; generic-play-smoke:played
DRG_500,DRG_500::held_dragon_five_damage_and_five_armor,Held Dragon enables five Armor alongside five damage to the chosen minion.,dragon=True;target=7:PLAY;armor=5;enemy_hero=30;spell=GRAVEYARD,pass,"batch=drg_d; 持龙、目标伤害、护甲; EN=[x]Deal $5 damage to a minion. If you're holding a Dragon, gain 5 Armor.; ZH=对一个随从造成$5点伤害。如果你的手牌中有龙牌，便获得5点护甲值。; source=fireplace/cards/dragons/warrior.py:69; existing_tests=none; prior=YELLOW:2 个机制缺少充分的核心效果验证；逐机制依据见 card_mechanism.csv。; prior_evidence=card_mechanism.csv#DRG_500; generic-play-smoke:played"
DRG_500,DRG_500::without_dragon_five_damage_no_armor,"Without Dragon, target still takes five damage but hero gains no Armor.",dragon=False;target=7:PLAY;armor=0;enemy_hero=30;spell=GRAVEYARD,pass,"batch=drg_d; 无龙条件分支; EN=[x]Deal $5 damage to a minion. If you're holding a Dragon, gain 5 Armor.; ZH=对一个随从造成$5点伤害。如果你的手牌中有龙牌，便获得5点护甲值。; source=fireplace/cards/dragons/warrior.py:69; existing_tests=none; prior=YELLOW:2 个机制缺少充分的核心效果验证；逐机制依据见 card_mechanism.csv。; prior_evidence=card_mechanism.csv#DRG_500; generic-play-smoke:played"
DRG_600,DRG_600::uninvoked_hero_summons_one_random_demon,"Playing base Warlock Galakrond replaces hero, grants five Armor, and summons one friendly Demon.","hero=DRG_600;power=DRG_238p3;armor=5;demons=[('BT_156', 'PLAY')];card=PLAY",pass,batch=drg_d; 英雄变身、护甲与基础战吼召唤; EN=[x]Battlecry: Summon 1 random Demon. (@); ZH=战吼：随机召唤一个恶魔。（@）; source=fireplace/cards/dragons/warlock.py:114; existing_tests=none; prior=YELLOW:3 个机制缺少充分的核心效果验证；逐机制依据见 card_mechanism.csv。; prior_evidence=card_mechanism.csv#DRG_600; generic-play-smoke:played
DRG_600,DRG_600::two_real_invokes_summon_two_demons,Two actual Invoke cards on separate turns upgrade Warlock Galakrond to summon two Demons.,"invokes=2;before_id=DRG_600t2;hero=DRG_600t2;armor=5;demons=[('BT_156', 'PLAY'), ('DAL_561', 'PLAY')];weapon=None",pass,batch=drg_d; 第一升级阈值与召唤数; EN=[x]Battlecry: Summon 1 random Demon. (@); ZH=战吼：随机召唤一个恶魔。（@）; source=fireplace/cards/dragons/warlock.py:114; existing_tests=none; prior=YELLOW:3 个机制缺少充分的核心效果验证；逐机制依据见 card_mechanism.csv。; prior_evidence=card_mechanism.csv#DRG_600; generic-play-smoke:played
DRG_600,DRG_600::four_real_invokes_summon_four_demons_and_claw,Four actual Invokes upgrade it to summon four Demons and equip a 5/2 Claw.,"invokes=4;before_id=DRG_600t3;hero=DRG_600t3;armor=5;demons=[('BT_156', 'PLAY'), ('DAL_561', 'PLAY'), ('CS2_059', 'PLAY'), ('BT_728', 'PLAY')];weapon=('DRG_238ht', 5, 2)",pass,batch=drg_d; 第二升级阈值、召唤数与武器; EN=[x]Battlecry: Summon 1 random Demon. (@); ZH=战吼：随机召唤一个恶魔。（@）; source=fireplace/cards/dragons/warlock.py:114; existing_tests=none; prior=YELLOW:3 个机制缺少充分的核心效果验证；逐机制依据见 card_mechanism.csv。; prior_evidence=card_mechanism.csv#DRG_600; generic-play-smoke:played
DRG_610,DRG_610::uninvoked_hero_draws_one_card_set_to_one_cost,"Playing base Rogue Galakrond replaces hero, gains five Armor, draws one known deck card and sets its Cost to one.",hero=DRG_610;power=DRG_238p2;armor=5;drawn=CS2_182:HAND:cost5;card=PLAY,confirmed_error,batch=drg_d; 英雄变身、真实抽牌和费用设置; EN=[x]Battlecry: Draw 1 card. It costs (1). (@); ZH=战吼：抽一张牌，其法力值消耗为（1）点。（@）; source=fireplace/cards/dragons/rogue.py:112; existing_tests=none; prior=YELLOW:2 个机制缺少充分的核心效果验证；逐机制依据见 card_mechanism.csv。; prior_evidence=card_mechanism.csv#DRG_610; generic-play-smoke:played
DRG_610,DRG_610::two_real_invokes_draw_two_at_one_cost,Two real Invokes upgrade Rogue Galakrond to draw two known cards and set each to Cost one.,"invokes=2;hero=DRG_610t2;before_id=DRG_610t2;all_deck_cards=[('CS2_182', 4, 'DECK'), ('CS2_182', 4, 'DECK'), ('CS2_182', 4, 'DECK'), ('CS2_182', 4, 'DECK'), ('CS2_182', 4, 'DECK'), ('CS2_182', 4, 'DECK'), ('CS2_182', 5, 'HAND'), ('CS2_182', 5, 'HAND')];drawn=[('CS2_182', 5, 'HAND'), ('CS2_182', 5, 'HAND')];waiting=6;weapon=None",confirmed_error,batch=drg_d; 第一升级阈值、抽牌数量与费用; EN=[x]Battlecry: Draw 1 card. It costs (1). (@); ZH=战吼：抽一张牌，其法力值消耗为（1）点。（@）; source=fireplace/cards/dragons/rogue.py:112; existing_tests=none; prior=YELLOW:2 个机制缺少充分的核心效果验证；逐机制依据见 card_mechanism.csv。; prior_evidence=card_mechanism.csv#DRG_610; generic-play-smoke:played
DRG_610,DRG_610::four_real_invokes_draw_four_at_one_cost_and_claw,Four real Invokes draw four known cards at Cost one and equip a 5/2 Claw.,"invokes=4;hero=DRG_610t3;before_id=DRG_610t3;all_deck_cards=[('CS2_182', 4, 'DECK'), ('CS2_182', 4, 'DECK'), ('CS2_182', 4, 'DECK'), ('CS2_182', 4, 'DECK'), ('CS2_182', 5, 'HAND'), ('CS2_182', 5, 'HAND'), ('CS2_182', 5, 'HAND'), ('CS2_182', 5, 'HAND')];drawn=[('CS2_182', 5, 'HAND'), ('CS2_182', 5, 'HAND'), ('CS2_182', 5, 'HAND'), ('CS2_182', 5, 'HAND')];waiting=4;weapon=('DRG_238ht', 5, 2)",confirmed_error,batch=drg_d; 第二升级阈值、抽牌费用与武器; EN=[x]Battlecry: Draw 1 card. It costs (1). (@); ZH=战吼：抽一张牌，其法力值消耗为（1）点。（@）; source=fireplace/cards/dragons/rogue.py:112; existing_tests=none; prior=YELLOW:2 个机制缺少充分的核心效果验证；逐机制依据见 card_mechanism.csv。; prior_evidence=card_mechanism.csv#DRG_610; generic-play-smoke:played
DRG_620,DRG_620::uninvoked_hero_summons_two_two_two_rush_storms,Playing base Shaman Galakrond summons exactly two friendly 2/2 Rush Storms and grants five Armor.,"hero=DRG_620;power=DRG_238p4;armor=5;storms=[(2, 2, 1, 'PLAY'), (2, 2, 1, 'PLAY')];card=PLAY",pass,batch=drg_d; 英雄变身、衍生物数量属性和突袭; EN=[x]Battlecry: Summon two 2/2 Storms with Rush. (@); ZH=战吼：召唤两个2/2并具有突袭的风暴。（@）; source=fireplace/cards/dragons/shaman.py:121; existing_tests=none; prior=YELLOW:2 个机制缺少充分的核心效果验证；逐机制依据见 card_mechanism.csv。; prior_evidence=card_mechanism.csv#DRG_620; generic-play-smoke:played
DRG_620,DRG_620::two_real_invokes_summon_two_four_four_rush_storms,Two actual Invokes upgrade the two Storms to 4/4 Rush.,"invokes=2;before_id=DRG_620t2;hero=DRG_620t2;storms=[('DRG_620t5', 4, 4, 1), ('DRG_620t5', 4, 4, 1)];weapon=None",pass,batch=drg_d; 第一升级阈值与衍生物属性; EN=[x]Battlecry: Summon two 2/2 Storms with Rush. (@); ZH=战吼：召唤两个2/2并具有突袭的风暴。（@）; source=fireplace/cards/dragons/shaman.py:121; existing_tests=none; prior=YELLOW:2 个机制缺少充分的核心效果验证；逐机制依据见 card_mechanism.csv。; prior_evidence=card_mechanism.csv#DRG_620; generic-play-smoke:played
DRG_620,DRG_620::four_real_invokes_summon_two_eight_eight_storms_and_claw,Four actual Invokes create two 8/8 Rush Storms and equip a 5/2 Claw.,"invokes=4;before_id=DRG_620t3;hero=DRG_620t3;storms=[('DRG_620t6', 8, 8, 1), ('DRG_620t6', 8, 8, 1)];weapon=('DRG_238ht', 5, 2)",pass,batch=drg_d; 第二升级阈值、衍生物属性与武器; EN=[x]Battlecry: Summon two 2/2 Storms with Rush. (@); ZH=战吼：召唤两个2/2并具有突袭的风暴。（@）; source=fireplace/cards/dragons/shaman.py:121; existing_tests=none; prior=YELLOW:2 个机制缺少充分的核心效果验证；逐机制依据见 card_mechanism.csv。; prior_evidence=card_mechanism.csv#DRG_620; generic-play-smoke:played
DRG_650,DRG_650::uninvoked_hero_draws_only_minion_and_buffs_four_four,"Playing base Warrior Galakrond draws the sole minion, buffs it +4/+4 in hand, and leaves a spell in deck.",hero=DRG_650;power=DRG_238p;armor=5;target=5/5/HAND;other=DECK;card=PLAY,pass,batch=drg_d; 英雄变身、牌库筛选和手牌属性; EN=[x]Battlecry: Draw 1 minion. Give it +4/+4. (@); ZH=战吼：抽一张随从牌，使其获得+4/+4。（@）; source=fireplace/cards/dragons/warrior.py:100; existing_tests=tests/test_arena_core.py:79:test_pool_includes_basic_and_class_neutral_cards_and_playable_heroes | tests/test_dragons.py:184:test_kronx_dragonhoof_draw_galakrond | tests/test_dragons.py:192:test_kronx_dragonhoof_draw_unleash_devastation | tests/test_dragons.py:206:test_invoke; prior=YELLOW:3 个机制缺少充分的核心效果验证；逐机制依据见 card_mechanism.csv。; prior_evidence=card_mechanism.csv#DRG_650; generic-play-smoke:played
DRG_650,DRG_650::two_real_invokes_draw_two_minions_plus_four_four,"Two real Invokes draw two known minions, each gaining +4/+4.","invokes=2;hero=DRG_650t2;before_id=DRG_650t2;drawn=[(5, 5, 'HAND'), (5, 5, 'HAND')];waiting=6;weapon=None",pass,batch=drg_d; 第一升级阈值、抽取与手牌增益; EN=[x]Battlecry: Draw 1 minion. Give it +4/+4. (@); ZH=战吼：抽一张随从牌，使其获得+4/+4。（@）; source=fireplace/cards/dragons/warrior.py:100; existing_tests=tests/test_arena_core.py:79:test_pool_includes_basic_and_class_neutral_cards_and_playable_heroes | tests/test_dragons.py:184:test_kronx_dragonhoof_draw_galakrond | tests/test_dragons.py:192:test_kronx_dragonhoof_draw_unleash_devastation | tests/test_dragons.py:206:test_invoke; prior=YELLOW:3 个机制缺少充分的核心效果验证；逐机制依据见 card_mechanism.csv。; prior_evidence=card_mechanism.csv#DRG_650; generic-play-smoke:played
DRG_650,DRG_650::four_real_invokes_draw_four_buffed_minions_and_claw,Four real Invokes draw four buffed minions and equip a 5/2 Claw.,"invokes=4;hero=DRG_650t3;before_id=DRG_650t3;drawn=[(5, 5, 'HAND'), (5, 5, 'HAND'), (5, 5, 'HAND'), (5, 5, 'HAND')];waiting=4;weapon=('DRG_238ht', 5, 2)",pass,batch=drg_d; 第二升级阈值、全体增益与武器; EN=[x]Battlecry: Draw 1 minion. Give it +4/+4. (@); ZH=战吼：抽一张随从牌，使其获得+4/+4。（@）; source=fireplace/cards/dragons/warrior.py:100; existing_tests=tests/test_arena_core.py:79:test_pool_includes_basic_and_class_neutral_cards_and_playable_heroes | tests/test_dragons.py:184:test_kronx_dragonhoof_draw_galakrond | tests/test_dragons.py:192:test_kronx_dragonhoof_draw_unleash_devastation | tests/test_dragons.py:206:test_invoke; prior=YELLOW:3 个机制缺少充分的核心效果验证；逐机制依据见 card_mechanism.csv。; prior_evidence=card_mechanism.csv#DRG_650; generic-play-smoke:played
DRG_660,DRG_660::uninvoked_hero_destroys_one_random_enemy_minion,"Playing base Priest Galakrond destroys exactly one of two enemy minions, leaves friendly minion alive and gains five Armor.","hero=DRG_660;power=DRG_238p5;armor=5;enemy_zones=['GRAVEYARD', 'PLAY'];own=PLAY;card=PLAY",pass,batch=drg_d; 英雄变身、随机敌方随从范围与死亡; EN=[x]Battlecry: Destroy 1 random enemy minion. (@); ZH=战吼：随机消灭一个敌方随从。（@）; source=fireplace/cards/dragons/priest.py:162; existing_tests=none; prior=YELLOW:2 个机制缺少充分的核心效果验证；逐机制依据见 card_mechanism.csv。; prior_evidence=card_mechanism.csv#DRG_660; generic-play-smoke:played
DRG_660,DRG_660::two_real_invokes_destroy_two_enemy_minions,Two real Invokes upgrade Priest Galakrond to destroy exactly two of four enemy minions.,"invokes=2;hero=DRG_660t2;before_id=DRG_660t2;enemy_zones=['PLAY', 'GRAVEYARD', 'PLAY', 'GRAVEYARD'];dead=2;weapon=None",pass,batch=drg_d; 第一升级阈值与随机敌军击杀数量; EN=[x]Battlecry: Destroy 1 random enemy minion. (@); ZH=战吼：随机消灭一个敌方随从。（@）; source=fireplace/cards/dragons/priest.py:162; existing_tests=none; prior=YELLOW:2 个机制缺少充分的核心效果验证；逐机制依据见 card_mechanism.csv。; prior_evidence=card_mechanism.csv#DRG_660; generic-play-smoke:played
DRG_660,DRG_660::four_real_invokes_destroy_four_enemy_minions_and_claw,Four real Invokes destroy all four enemy minions and equip a 5/2 Claw.,"invokes=4;hero=DRG_660t3;before_id=DRG_660t3;enemy_zones=['GRAVEYARD', 'GRAVEYARD', 'GRAVEYARD', 'GRAVEYARD'];dead=4;weapon=('DRG_238ht', 5, 2)",pass,batch=drg_d; 第二升级阈值、死亡处理与武器; EN=[x]Battlecry: Destroy 1 random enemy minion. (@); ZH=战吼：随机消灭一个敌方随从。（@）; source=fireplace/cards/dragons/priest.py:162; existing_tests=none; prior=YELLOW:2 个机制缺少充分的核心效果验证；逐机制依据见 card_mechanism.csv。; prior_evidence=card_mechanism.csv#DRG_660; generic-play-smoke:played
