card_id,case_id,expected,observed,outcome,notes
TRL_010,TRL_010::overkill_grants_three_armor,3-Attack Scavenger overkills 1-Health target and gives its owner 3 Armor.,overkill=True;stealth_at_play=1;enemy=GRAVEYARD;armor=3;body=PLAY,pass,batch=troll_a; 真实跨回合攻击低生命随从并检查潜行与护甲。; EN=Stealth Overkill: Gain 3 Armor.; ZH=潜行 超杀：获得3点 护甲值。; source=fireplace/cards/troll/neutral_common.py:8; existing_tests=none; prior=YELLOW:1 个机制缺少充分的核心效果验证；逐机制依据见 card_mechanism.csv。; prior_evidence=card_mechanism.csv#TRL_010; generic-play-smoke:played
TRL_010,TRL_010::exact_lethal_gives_no_armor,Exactly lethal 3 damage does not count as Overkill and grants no Armor.,overkill=False;stealth_at_play=1;enemy=GRAVEYARD;armor=0;body=PLAY,pass,batch=troll_a; 将5生命目标预伤至3生命作边界对照。; EN=Stealth Overkill: Gain 3 Armor.; ZH=潜行 超杀：获得3点 护甲值。; source=fireplace/cards/troll/neutral_common.py:8; existing_tests=none; prior=YELLOW:1 个机制缺少充分的核心效果验证；逐机制依据见 card_mechanism.csv。; prior_evidence=card_mechanism.csv#TRL_010; generic-play-smoke:played
TRL_012,TRL_012::overkill_summons_one_basic_totem,Two spell damage overkills 1-Health target and summons one basic Totem.,"overkill=True;target=GRAVEYARD;totems=[('CS2_050', 1, 1, 'PLAY')];spell=GRAVEYARD",pass,batch=troll_a; 1生命与2伤害实际触发超杀，检查召唤区域。; EN=Deal $2 damage. Overkill: Summon a basic Totem.; ZH=造成$2点伤害。 超杀：召唤一个 基础图腾。; source=fireplace/cards/troll/shaman.py:67; existing_tests=none; prior=YELLOW:4 个机制缺少充分的核心效果验证；逐机制依据见 card_mechanism.csv。; prior_evidence=card_mechanism.csv#TRL_012; generic-play-smoke:played
TRL_012,TRL_012::exact_lethal_no_totem,Exactly lethal 2 spell damage summons no Totem.,overkill=False;target=GRAVEYARD;totems=[];spell=GRAVEYARD,pass,batch=troll_a; 2生命地精炸弹作边界对照。; EN=Deal $2 damage. Overkill: Summon a basic Totem.; ZH=造成$2点伤害。 超杀：召唤一个 基础图腾。; source=fireplace/cards/troll/shaman.py:67; existing_tests=none; prior=YELLOW:4 个机制缺少充分的核心效果验证；逐机制依据见 card_mechanism.csv。; prior_evidence=card_mechanism.csv#TRL_012; generic-play-smoke:played
TRL_015,TRL_015::overkill_draws_two,5-Attack Scalper overkills a 1-Health target and draws both deck cards.,"overkill=True;enemy=GRAVEYARD;drawn=['HAND', 'HAND', 'HAND'];deck_before_attack=2;deck_after_attack=0;body=PLAY",pass,batch=troll_a; 两张已知牌库卡逐一检查区域。; EN=Overkill: Draw 2 cards.; ZH=超杀：抽两张牌。; source=fireplace/cards/troll/neutral_common.py:15; existing_tests=none; prior=YELLOW:1 个机制缺少充分的核心效果验证；逐机制依据见 card_mechanism.csv。; prior_evidence=card_mechanism.csv#TRL_015; generic-play-smoke:played
TRL_015,TRL_015::exact_lethal_draws_none,Exactly lethal 5 damage to 5-Health target draws no card.,"overkill=False;enemy=GRAVEYARD;drawn=['DECK', 'HAND', 'DECK'];deck_before_attack=2;deck_after_attack=2;body=GRAVEYARD",pass,batch=troll_a; 5生命目标边界对照。; EN=Overkill: Draw 2 cards.; ZH=超杀：抽两张牌。; source=fireplace/cards/troll/neutral_common.py:15; existing_tests=none; prior=YELLOW:1 个机制缺少充分的核心效果验证；逐机制依据见 card_mechanism.csv。; prior_evidence=card_mechanism.csv#TRL_015; generic-play-smoke:played
TRL_020,TRL_020::rush_overkill_two_bats,Rush attack overkills 1-Health target and summons two friendly 1/1 Bats.,"overkill=True;rush_ready=True;enemy=GRAVEYARD;bats=[(1, 1, 'PLAY'), (1, 1, 'PLAY')];body=PLAY",pass,batch=troll_a; 同回合实际突袭攻击，检查两只衍生蝙蝠。; EN=Rush Overkill: Summon two 1/1 Bats.; ZH=突袭 超杀：召唤两个1/1的蝙蝠。; source=fireplace/cards/troll/neutral_common.py:22; existing_tests=none; prior=YELLOW:2 个机制缺少充分的核心效果验证；逐机制依据见 card_mechanism.csv。; prior_evidence=card_mechanism.csv#TRL_020; generic-play-smoke:played
TRL_020,TRL_020::rush_exact_lethal_no_bats,Rush attack exactly kills 3-Health target and summons no Bats.,overkill=False;rush_ready=True;enemy=GRAVEYARD;bats=[];body=GRAVEYARD,pass,batch=troll_a; 把5生命目标预伤至3生命。; EN=Rush Overkill: Summon two 1/1 Bats.; ZH=突袭 超杀：召唤两个1/1的蝙蝠。; source=fireplace/cards/troll/neutral_common.py:22; existing_tests=none; prior=YELLOW:2 个机制缺少充分的核心效果验证；逐机制依据见 card_mechanism.csv。; prior_evidence=card_mechanism.csv#TRL_020; generic-play-smoke:played
TRL_057,TRL_057::two_own_turn_ends_enemy_turn_ignored,Each owner turn end deals 2 to opponent hero; opponent turn end causes no extra hit.,enemy_health=28->28->26;ward=PLAY,pass,"batch=troll_a; 跨三次回合切换分别核对敌方英雄生命。; EN=At the end of your turn, deal 2 damage to the enemy hero.; ZH=在你的回合结束时，对敌方英雄造成2点 伤害。; source=fireplace/cards/troll/neutral_rare.py:8; existing_tests=none; prior=YELLOW:1 个机制缺少充分的核心效果验证；逐机制依据见 card_mechanism.csv。; prior_evidence=card_mechanism.csv#TRL_057; generic-play-smoke:played"
TRL_058,TRL_058::discover_and_next_spell_discount_only,"Discover offers three spells; next cast spell costs 3 less and consumes discount, restoring other spell's Cost.","options=[('CFM_310', 5), ('ICC_056', 5), ('GIL_600', 5)];chosen=CFM_310;discovered=[('CFM_310', 'HAND')];costs=(1, 0)->2;enemy_hero=24;visions=GRAVEYARD",pass,batch=troll_a; 实际选择法术并打出已有火球，检查手牌、费用与伤害。; EN=The next spell you cast this turn costs (3) less. Discover a spell.; ZH=在本回合中，你所施放的下一个法术的法力值消耗减少（3）点。发现一张法术牌。; source=fireplace/cards/troll/shaman.py:78; existing_tests=none; prior=YELLOW:4 个机制缺少充分的核心效果验证；逐机制依据见 card_mechanism.csv。; prior_evidence=card_mechanism.csv#TRL_058; generic-play-smoke:played
TRL_058,TRL_058::unused_discount_expires_turn_end,Unused -3 spell Cost discount expires after the turn.,cost=1->4;zone=HAND,pass,batch=troll_a; 跨回合检查费用恢复。; EN=The next spell you cast this turn costs (3) less. Discover a spell.; ZH=在本回合中，你所施放的下一个法术的法力值消耗减少（3）点。发现一张法术牌。; source=fireplace/cards/troll/shaman.py:78; existing_tests=none; prior=YELLOW:4 个机制缺少充分的核心效果验证；逐机制依据见 card_mechanism.csv。; prior_evidence=card_mechanism.csv#TRL_058; generic-play-smoke:played
TRL_059,TRL_059::friendly_minion_bounced_and_buffed,Chosen friendly Yeti returns to hand with +2/+2; enemy minion stays put.,friend=HAND:6/7;enemy=PLAY;slosher=PLAY,pass,batch=troll_a; 明确指定己方随从，检查手牌区域与永久身材。; EN=Battlecry: Return a friendly minion to your hand and give it +2/+2.; ZH=战吼：将一个友方随从移回你的手牌，并使其获得+2/+2。; source=fireplace/cards/troll/shaman.py:8; existing_tests=none; prior=YELLOW:2 个机制缺少充分的核心效果验证；逐机制依据见 card_mechanism.csv。; prior_evidence=card_mechanism.csv#TRL_059; generic-play-smoke:played
TRL_059,TRL_059::no_target_playable,"Without a friendly minion, Bog Slosher still enters play and does not return itself.",body=PLAY;field=['TRL_059'];hand=[],pass,batch=troll_a; 无目标分支。; EN=Battlecry: Return a friendly minion to your hand and give it +2/+2.; ZH=战吼：将一个友方随从移回你的手牌，并使其获得+2/+2。; source=fireplace/cards/troll/shaman.py:8; existing_tests=none; prior=YELLOW:2 个机制缺少充分的核心效果验证；逐机制依据见 card_mechanism.csv。; prior_evidence=card_mechanism.csv#TRL_059; generic-play-smoke:played
TRL_060,TRL_060::spell_cost_chain_draws_matching_spells,"Casting 0-Cost spell draws a 1-Cost spell, then casting it draws a 2-Cost spell; minion remains in deck.","stealth=1;after_zero=['HAND', 'DECK', 'DECK'];after_one=['GRAVEYARD', 'HAND', 'DECK'];friend_attack=4;zero=GRAVEYARD",pass,"batch=troll_a; 牌库预置0/1/2费链及随从对照，真实连续施法并核对区域。; EN=[x]Stealth for 1 turn. Whenever you cast a spell, draw a spell from your deck that costs (1) more.; ZH=潜行一回合。每当你施放一个法术，从你的牌库中抽取一张法力值消耗增加（1）点的法术牌。; source=fireplace/cards/troll/shaman.py:23; existing_tests=none; prior=YELLOW:4 个机制缺少充分的核心效果验证；逐机制依据见 card_mechanism.csv。; prior_evidence=card_mechanism.csv#TRL_060; generic-play-smoke:played"
TRL_060,TRL_060::one_turn_stealth_expires,Spirit begins Stealthed and loses Stealth next own turn.,stealth=1->False;zone=PLAY,pass,"batch=troll_a; 跨回合检验时限。; EN=[x]Stealth for 1 turn. Whenever you cast a spell, draw a spell from your deck that costs (1) more.; ZH=潜行一回合。每当你施放一个法术，从你的牌库中抽取一张法力值消耗增加（1）点的法术牌。; source=fireplace/cards/troll/shaman.py:23; existing_tests=none; prior=YELLOW:4 个机制缺少充分的核心效果验证；逐机制依据见 card_mechanism.csv。; prior_evidence=card_mechanism.csv#TRL_060; generic-play-smoke:played"
TRL_065,TRL_065::recast_spell_and_transform,A previously cast Consecration is recast once; Zul'jin replaces hero and grants 5 Armor.,first_spell=GRAVEYARD;enemy_after_first=28;enemy_after_hero=26;hero=TRL_065;armor=5;hero_card=PLAY,pass,batch=troll_a; 用无目标法术隔离随机目标因素；核对首次及重施伤害与英雄。; EN=[x]Battlecry: Cast all spells you've played this game (targets chosen randomly).; ZH=战吼： 施放你在本局对战中使用过的所有法术（目标随机而定）。; source=fireplace/cards/troll/hunter.py:118; existing_tests=tests/test_troll.py:207:test_zuljin; prior=YELLOW:1 个机制缺少充分的核心效果验证；逐机制依据见 card_mechanism.csv。; prior_evidence=card_mechanism.csv#TRL_065; generic-play-smoke:played
TRL_065,TRL_065::empty_spell_history,"With no prior spells, Battlecry still replaces hero but deals no damage.",enemy_health=30;new_hero=TRL_065;armor=5;hero_card=PLAY,pass,batch=troll_a; 零法术历史边界。; EN=[x]Battlecry: Cast all spells you've played this game (targets chosen randomly).; ZH=战吼： 施放你在本局对战中使用过的所有法术（目标随机而定）。; source=fireplace/cards/troll/hunter.py:118; existing_tests=tests/test_troll.py:207:test_zuljin; prior=YELLOW:1 个机制缺少充分的核心效果验证；逐机制依据见 card_mechanism.csv。; prior_evidence=card_mechanism.csv#TRL_065; generic-play-smoke:played
TRL_071,TRL_071::two_other_pirates_each_plus_one,Two other friendly Pirates grant +2/+2 total; non-Pirate and itself do not count.,"before=(1, 1);howler=4/4:PLAY;pirates=[('CS2_146', 23), ('CS2_146', 23)];nonpirate=CS2_231",confirmed_error,batch=troll_a; 两个海盗和一个白板对照，核对打出前后身材。; EN=[x]Rush Battlecry: Gain +1/+1 for each other Pirate you control.; ZH=突袭，战吼：你每控制一个其他海盗，便获得+1/+1。; source=fireplace/cards/troll/rogue.py:8; existing_tests=none; prior=YELLOW:2 个机制缺少充分的核心效果验证；逐机制依据见 card_mechanism.csv。; prior_evidence=card_mechanism.csv#TRL_071; generic-play-smoke:played
TRL_071,TRL_071::no_other_pirates_no_buff,"With no other Pirates, Howler retains its printed stats and Rush.","before=(1, 1);after=(2, 2);rush=1",confirmed_error,batch=troll_a; 零海盗分支。; EN=[x]Rush Battlecry: Gain +1/+1 for each other Pirate you control.; ZH=突袭，战吼：你每控制一个其他海盗，便获得+1/+1。; source=fireplace/cards/troll/rogue.py:8; existing_tests=none; prior=YELLOW:2 个机制缺少充分的核心效果验证；逐机制依据见 card_mechanism.csv。; prior_evidence=card_mechanism.csv#TRL_071; generic-play-smoke:played
TRL_074,TRL_074::weapon_deathrattle_grants_all_friendly_rush,Destroying equipped Serrated Tooth grants Rush to all friendly minions so a new Wisp can attack enemy minion.,"weapon=GRAVEYARD;rush=[False, False]->[True, True];ready=True;enemy=PLAY",pass,batch=troll_a; 两名己方随从，真实摧毁武器并检验突袭攻击资格。; EN=Deathrattle: Give your minions Rush.; ZH=亡语：使你的所有随从获得突袭。; source=fireplace/cards/troll/rogue.py:116; existing_tests=none; prior=YELLOW:2 个机制缺少充分的核心效果验证；逐机制依据见 card_mechanism.csv。; prior_evidence=card_mechanism.csv#TRL_074; generic-play-smoke:played
TRL_077,TRL_077::discovered_battlecry_copy_one_one_one_cost,Discover offers Battlecry minions and chosen copy in hand is 1/1 with Cost 1.,"options=[('BT_723', 1), ('EX1_590', 1), ('EX1_116', 1)];chosen=BT_723;copies=[('BT_723', 1, 1, 1, 'HAND')];body=PLAY",pass,batch=troll_a; 实际三选一并检验生成卡身材费用、区域和关键字。; EN=Battlecry: Discover a 1/1 copy of a Battlecry minion. It costs (1).; ZH=战吼： 发现一张具有战吼的随从牌的1/1复制，其法力值消耗为（1）点。; source=fireplace/cards/troll/rogue.py:18; existing_tests=none; prior=YELLOW:3 个机制缺少充分的核心效果验证；逐机制依据见 card_mechanism.csv。; prior_evidence=card_mechanism.csv#TRL_077; generic-play-smoke:played
TRL_082,TRL_082::granted_deathrattle_cost_plus_one_summon,Friendly 0-Cost Wisp gains Deathrattle and on death summons one random 1-Cost minion.,"inherited=True;target=GRAVEYARD;summons=[('BT_480', 1, 'PLAY')];spell=GRAVEYARD",pass,"batch=troll_a; 实际消灭受法术影响的随从，验证亡语与费用。; EN=Give a friendly minion ""Deathrattle: Summon a random minion that costs (1) more.""; ZH=使一个友方随从获得“亡语：随机召唤一个法力值消耗增加（1）点的随从。”; source=fireplace/cards/troll/shaman.py:90; existing_tests=none; prior=YELLOW:5 个机制缺少充分的核心效果验证；逐机制依据见 card_mechanism.csv。; prior_evidence=card_mechanism.csv#TRL_082; generic-play-smoke:played"
TRL_085,TRL_085::middle_target_and_two_neighbors,Moonfire aimed at second of four enemy minions also damages adjacent first and third once; fourth is untouched.,"enemy_health=[4, 5, 3, 5];spell=GRAVEYARD;zentimo=PLAY",confirmed_error,"batch=troll_a; 四目标并排且全为5生命，检查相邻与远处。; EN=[x]Whenever you target a minion with a spell, cast it again on its neighbors.; ZH=每当你以一个随从为目标施放法术时，对该随从相邻的随从再次施放。; source=fireplace/cards/troll/shaman.py:36; existing_tests=none; prior=YELLOW:2 个机制缺少充分的核心效果验证；逐机制依据见 card_mechanism.csv。; prior_evidence=card_mechanism.csv#TRL_085; generic-play-smoke:played"
TRL_085,TRL_085::single_minion_only_once,"With no adjacent minion, targeted spell resolves once.",single_target=4;zentimo=PLAY,pass,"batch=troll_a; 单目标边界。; EN=[x]Whenever you target a minion with a spell, cast it again on its neighbors.; ZH=每当你以一个随从为目标施放法术时，对该随从相邻的随从再次施放。; source=fireplace/cards/troll/shaman.py:36; existing_tests=none; prior=YELLOW:2 个机制缺少充分的核心效果验证；逐机制依据见 card_mechanism.csv。; prior_evidence=card_mechanism.csv#TRL_085; generic-play-smoke:played"
TRL_092,TRL_092::battlecry_and_combo_both_double,A friendly minion Battlecry buffs +1/+1 twice and a Combo minion deals its 2 damage twice.,"shark_stealth=1;mech_after_battlecry=(1, 3);enemy_after_combo=3:PLAY;si7=PLAY",confirmed_error,batch=troll_a; 用机械增益战吼和军情七处特工连击分别核对。; EN=[x]Stealth for 1 turn. Your minions' Battlecries   and Combos trigger twice.; ZH=潜行一回合。你的随从的战吼和连击触发两次。; source=fireplace/cards/troll/rogue.py:36; existing_tests=none; prior=YELLOW:4 个机制缺少充分的核心效果验证；逐机制依据见 card_mechanism.csv。; prior_evidence=card_mechanism.csv#TRL_092; generic-play-smoke:played
TRL_092,TRL_092::one_turn_stealth_expires,Spirit loses its initial Stealth after one turn.,stealth=1->False;zone=PLAY,pass,batch=troll_a; 跨回合验证。; EN=[x]Stealth for 1 turn. Your minions' Battlecries   and Combos trigger twice.; ZH=潜行一回合。你的随从的战吼和连击触发两次。; source=fireplace/cards/troll/rogue.py:36; existing_tests=none; prior=YELLOW:4 个机制缺少充分的核心效果验证；逐机制依据见 card_mechanism.csv。; prior_evidence=card_mechanism.csv#TRL_092; generic-play-smoke:played
TRL_096,TRL_096::two_discovered_cards_split_one_each,"After two real Discover decisions, exactly one selected card enters each player's hand at random.","selected=BRM_033,DAL_096;own_hand=['DAL_096'];enemy_hand=['BRM_033'];remaining_choice=None;body=PLAY",pass,batch=troll_a; 依次完成两次选择，核对双方手牌与所选两卡多重集。; EN=[x]Battlecry: Discover two cards. Give one to your opponent at random.; ZH=战吼：发现两张牌。随机交给你的对手其中一张。; source=fireplace/cards/troll/neutral_legendary.py:8; existing_tests=tests/test_troll.py:6:test_griftah; prior=YELLOW:3 个机制缺少充分的核心效果验证；逐机制依据见 card_mechanism.csv。; prior_evidence=card_mechanism.csv#TRL_096; generic-play-smoke:played
TRL_097,TRL_097::enemy_minion_copy_to_own_hand,Chosen enemy minion stays on field and a distinct same-stat copy enters caster's hand.,"enemy=CS2_182:PLAY;copies=[('CS2_182', 'HAND', 4, 5)];spell=GRAVEYARD",pass,batch=troll_a; 敌方目标对照区域、实体身份和身材。; EN=Choose a minion. Add a copy of it to your hand.; ZH=选择一个随从，将一张它的复制置入你的手牌。; source=fireplace/cards/troll/priest.py:70; existing_tests=none; prior=YELLOW:2 个机制缺少充分的核心效果验证；逐机制依据见 card_mechanism.csv。; prior_evidence=card_mechanism.csv#TRL_097; generic-play-smoke:played
TRL_111,TRL_111::beast_adds_one_durability,"With friendly Beast, Hatchet equips at 2 Attack and 3 Durability.",beast=True;weapon=2/3:PLAY;field=['CS2_171'],pass,"batch=troll_a; 实际先召唤野兽。; EN=[x]Battlecry: If you control a Beast, gain +1 Durability.; ZH=战吼：如果你控制一个野兽，便获得+1耐久度。; source=fireplace/cards/troll/hunter.py:104; existing_tests=none; prior=YELLOW:2 个机制缺少充分的核心效果验证；逐机制依据见 card_mechanism.csv。; prior_evidence=card_mechanism.csv#TRL_111; generic-play-smoke:played"
TRL_111,TRL_111::no_beast_base_durability,"Without friendly Beast, Hatchet equips at base 2 Durability.",beast=False;weapon=2/2:PLAY;field=[],pass,"batch=troll_a; 空场对照。; EN=[x]Battlecry: If you control a Beast, gain +1 Durability.; ZH=战吼：如果你控制一个野兽，便获得+1耐久度。; source=fireplace/cards/troll/hunter.py:104; existing_tests=none; prior=YELLOW:2 个机制缺少充分的核心效果验证；逐机制依据见 card_mechanism.csv。; prior_evidence=card_mechanism.csv#TRL_111; generic-play-smoke:played"
TRL_119,TRL_119::buff_and_attack_only_enemy_minion,Friendly Beast gains +1/+1 then makes a forced attack against the only enemy minion.,beast=GRAVEYARD:2/2;enemy=PLAY:3;spell=GRAVEYARD,pass,"batch=troll_a; 野猪对5生命雪人执行真实战斗并核对目标伤害。; EN=Give a friendly Beast +1/+1, then it attacks a random enemy minion.; ZH=使一个友方野兽获得+1/+1，使其随机攻击一个敌方随从。; source=fireplace/cards/troll/hunter.py:48; existing_tests=none; prior=YELLOW:3 个机制缺少充分的核心效果验证；逐机制依据见 card_mechanism.csv。; prior_evidence=card_mechanism.csv#TRL_119; generic-play-smoke:unplayable_in_generic_setup"
TRL_119,TRL_119::no_enemy_minion_buff_remains,"With no enemy minion, the Beast still receives +1/+1.",beast=2/2:PLAY;enemy_field=0;spell=GRAVEYARD,pass,"batch=troll_a; 无攻击目标分支。; EN=Give a friendly Beast +1/+1, then it attacks a random enemy minion.; ZH=使一个友方野兽获得+1/+1，使其随机攻击一个敌方随从。; source=fireplace/cards/troll/hunter.py:48; existing_tests=none; prior=YELLOW:3 个机制缺少充分的核心效果验证；逐机制依据见 card_mechanism.csv。; prior_evidence=card_mechanism.csv#TRL_119; generic-play-smoke:unplayable_in_generic_setup"
TRL_124,TRL_124::base_draws_two_pirates_only,"Without Combo, draws two Pirate cards and leaves weapon and non-Pirate in deck.","combo=False;pirates=['HAND', 'HAND'];weapon=DECK;other=DECK;spell=GRAVEYARD",pass,batch=troll_a; 两海盗、一武器、一普通随从同库。; EN=Draw 2 Pirates from your deck. Combo: And a weapon.; ZH=从你的牌库中抽两张海盗牌。 连击：并抽一张 武器牌。; source=fireplace/cards/troll/rogue.py:75; existing_tests=none; prior=YELLOW:3 个机制缺少充分的核心效果验证；逐机制依据见 card_mechanism.csv。; prior_evidence=card_mechanism.csv#TRL_124; generic-play-smoke:played
TRL_124,TRL_124::combo_also_draws_weapon,"After prior spell play, Combo additionally draws weapon while still drawing both Pirates.","combo=True;pirates=['HAND', 'HAND'];weapon=HAND;other=DECK;spell=GRAVEYARD",pass,batch=troll_a; 实际打出前置牌激活连击，再核对三张实体区域。; EN=Draw 2 Pirates from your deck. Combo: And a weapon.; ZH=从你的牌库中抽两张海盗牌。 连击：并抽一张 武器牌。; source=fireplace/cards/troll/rogue.py:75; existing_tests=none; prior=YELLOW:3 个机制缺少充分的核心效果验证；逐机制依据见 card_mechanism.csv。; prior_evidence=card_mechanism.csv#TRL_124; generic-play-smoke:played
TRL_126,TRL_126::three_deck_pirates_gain_usable_rush,"Summons three Pirate entities from deck with Rush, leaving non-Pirate in deck.","pirates=[('CS2_146', 'PLAY', True, True), ('CS2_146', 'PLAY', True, True), ('CS2_146', 'PLAY', True, True)];other=DECK;body=PLAY",pass,batch=troll_a; 三海盗一白板牌库，实际检查突袭攻击资格。; EN=Battlecry: Summon 3 Pirates from your deck. Give them Rush.; ZH=战吼：从你的牌库中召唤三个海盗，并使其获得突袭。; source=fireplace/cards/troll/rogue.py:48; existing_tests=none; prior=YELLOW:2 个机制缺少充分的核心效果验证；逐机制依据见 card_mechanism.csv。; prior_evidence=card_mechanism.csv#TRL_126; generic-play-smoke:played
TRL_127,TRL_127::no_pirate_one_hit,"With zero Pirates, Barrage deals one 3-damage hit to sole enemy character.",pirates=0;enemy_hero=27;owner_hero=30;spell=GRAVEYARD,pass,batch=troll_a; 零海盗基数。; EN=[x]Deal $3 damage to a random enemy. Repeat for each of your Pirates.; ZH=随机对一个敌人造成$3点伤害。 你每有一个海盗，重复一次。; source=fireplace/cards/troll/rogue.py:86; existing_tests=none; prior=YELLOW:2 个机制缺少充分的核心效果验证；逐机制依据见 card_mechanism.csv。; prior_evidence=card_mechanism.csv#TRL_127; generic-play-smoke:played
TRL_127,TRL_127::two_pirates_three_hits,"With two friendly Pirates, Barrage deals three 3-damage hits to sole enemy character.",pirates=2;enemy_hero=21;owner_hero=30;spell=GRAVEYARD,pass,batch=troll_a; 两海盗对照，逐次伤害总和9。; EN=[x]Deal $3 damage to a random enemy. Repeat for each of your Pirates.; ZH=随机对一个敌人造成$3点伤害。 你每有一个海盗，重复一次。; source=fireplace/cards/troll/rogue.py:86; existing_tests=none; prior=YELLOW:2 个机制缺少充分的核心效果验证；逐机制依据见 card_mechanism.csv。; prior_evidence=card_mechanism.csv#TRL_127; generic-play-smoke:played
TRL_128,TRL_128::restores_three_to_friendly_hero,Damaged friendly hero restores exactly 3 Health.,own_hero=28;enemy_hero=30;spell=GRAVEYARD,pass,batch=troll_a; 英雄损失5点后治疗。; EN=Restore #3 Health.; ZH=恢复#3点生命值。; source=fireplace/cards/troll/priest.py:81; existing_tests=none; prior=YELLOW:2 个机制缺少充分的核心效果验证；逐机制依据见 card_mechanism.csv。; prior_evidence=card_mechanism.csv#TRL_128; generic-play-smoke:played
TRL_128,TRL_128::can_heal_enemy_minion,Damaged enemy minion is a legal target and restores exactly 3 Health.,enemy_minion=4/5:PLAY;spell=GRAVEYARD,pass,batch=troll_a; 敌方目标分支。; EN=Restore #3 Health.; ZH=恢复#3点生命值。; source=fireplace/cards/troll/priest.py:81; existing_tests=none; prior=YELLOW:2 个机制缺少充分的核心效果验证；逐机制依据见 card_mechanism.csv。; prior_evidence=card_mechanism.csv#TRL_128; generic-play-smoke:played
TRL_131,TRL_131::friendly_spell_summons_one_taunt_enemy_spell_none,Own spell summons one 1/1 Taunt Zombie; opponent spell does not add another.,"first=[(1, 1, 1)];after_enemy_spell=1;body=PLAY",pass,"batch=troll_a; 分别真实施放双方月火术，检查衍生物数量和关键字。; EN=Whenever you cast a spell, summon a 1/1 Zombie with Taunt.; ZH=每当你施放一个法术，召唤一个1/1并具有嘲讽的僵尸。; source=fireplace/cards/troll/priest.py:8; existing_tests=none; prior=YELLOW:2 个机制缺少充分的核心效果验证；逐机制依据见 card_mechanism.csv。; prior_evidence=card_mechanism.csv#TRL_131; generic-play-smoke:played"
TRL_151,TRL_151::battlecry_one_five_five_hotshot,Battlecry summons exactly one friendly 5/5 Hotshot.,"body=PLAY;tokens=[('TRL_151t', 5, 5, 'PLAY')];enemy_field=0",pass,batch=troll_a; 核对衍生物数量、身材和阵营。; EN=Battlecry: Summon a 5/5 Hotshot.; ZH=战吼：召唤一个5/5的赛场新秀。; source=fireplace/cards/troll/neutral_common.py:29; existing_tests=none; prior=YELLOW:2 个机制缺少充分的核心效果验证；逐机制依据见 card_mechanism.csv。; prior_evidence=card_mechanism.csv#TRL_151; generic-play-smoke:played
TRL_156,TRL_156::discover_other_class_weapon,All three Discover choices are weapons from non-Rogue classes; selected weapon enters hand.,"options=[('CFM_717', 7, 8), ('LOOT_209', 7, 6), ('LOE_118', 7, 10)];chosen=CFM_717;gained=[('CFM_717', 'HAND')];spell=GRAVEYARD",pass,batch=troll_a; 盗贼职业局，检验选项类型与职业并实际选择。; EN=Discover a weapon (from another class).; ZH=发现一张（其他职业的） 武器牌。; source=fireplace/cards/troll/rogue.py:93; existing_tests=tests/test_troll.py:125:test_stolen_steel; prior=YELLOW:3 个机制缺少充分的核心效果验证；逐机制依据见 card_mechanism.csv。; prior_evidence=card_mechanism.csv#TRL_156; generic-play-smoke:played
TRL_157,TRL_157::undamaged_only_target_destroy,Undamaged minion is legal and destroyed; damaged minion is excluded and survives.,legal_clean=True;legal_damaged=False;clean=GRAVEYARD;damaged=PLAY:4,pass,batch=troll_a; 同时放置未伤和已伤随从，检验目标集合与实战结算。; EN=Destroy an undamaged minion.; ZH=消灭一个未受伤的随从。; source=fireplace/cards/troll/rogue.py:100; existing_tests=none; prior=YELLOW:2 个机制缺少充分的核心效果验证；逐机制依据见 card_mechanism.csv。; prior_evidence=card_mechanism.csv#TRL_157; generic-play-smoke:played
TRL_223,TRL_223::hero_attack_kills_minion_draws,"Own hero attacks and kills enemy minion, then Spirit draws exactly one deck card.",kills_minion=True;spirit_stealthed=1;drawn=HAND;target=GRAVEYARD;enemy_hero=30,pass,"batch=troll_a; 猛扑给英雄2攻后真实击杀1血随从。; EN=[x]Stealth for 1 turn. After your hero attacks and   kills a minion, draw a card.; ZH=潜行一回合。在你的英雄攻击并消灭一个随从后，抽一张牌。; source=fireplace/cards/troll/druid.py:8; existing_tests=none; prior=YELLOW:3 个机制缺少充分的核心效果验证；逐机制依据见 card_mechanism.csv。; prior_evidence=card_mechanism.csv#TRL_223; generic-play-smoke:played"
TRL_223,TRL_223::hero_attacks_hero_no_draw,Own hero attack on enemy hero does not draw.,kills_minion=False;spirit_stealthed=1;drawn=DECK;target=PLAY;enemy_hero=28,pass,"batch=troll_a; 非击杀随从对照。; EN=[x]Stealth for 1 turn. After your hero attacks and   kills a minion, draw a card.; ZH=潜行一回合。在你的英雄攻击并消灭一个随从后，抽一张牌。; source=fireplace/cards/troll/druid.py:8; existing_tests=none; prior=YELLOW:3 个机制缺少充分的核心效果验证；逐机制依据见 card_mechanism.csv。; prior_evidence=card_mechanism.csv#TRL_223; generic-play-smoke:played"
TRL_232,TRL_232::overkill_summons_five_five_runt,7-Attack Direhorn overkills 1-Health target and summons one 5/5 Runt.,"overkill=True;ready=True;enemy=GRAVEYARD;runts=[(5, 5, 'PLAY')]",pass,batch=troll_a; 跨回合真实攻击低生命目标。; EN=Overkill: Summon a 5/5 Ironhide Runt.; ZH=超杀：召唤一个5/5的铁皮小恐龙。; source=fireplace/cards/troll/druid.py:21; existing_tests=tests/test_troll.py:56:test_overkill; prior=YELLOW:1 个机制缺少充分的核心效果验证；逐机制依据见 card_mechanism.csv。; prior_evidence=card_mechanism.csv#TRL_232; generic-play-smoke:played
TRL_232,TRL_232::exact_lethal_no_runt,Exactly lethal 7 damage summons no Runt.,overkill=False;ready=True;enemy=GRAVEYARD;runts=[],pass,batch=troll_a; 把高生命目标预伤至7生命的边界对照。; EN=Overkill: Summon a 5/5 Ironhide Runt.; ZH=超杀：召唤一个5/5的铁皮小恐龙。; source=fireplace/cards/troll/druid.py:21; existing_tests=tests/test_troll.py:56:test_overkill; prior=YELLOW:1 个机制缺少充分的核心效果验证；逐机制依据见 card_mechanism.csv。; prior_evidence=card_mechanism.csv#TRL_232; generic-play-smoke:played
TRL_240,TRL_240::battlecry_uses_three_hero_attack,"At 3 hero Attack, Battlecry deals exactly 3 damage to chosen enemy minion.",hero_attack=3;enemy=2:PLAY;striker=PLAY,pass,batch=troll_a; 设置并核对英雄攻击，验证目标生命变化。; EN=Battlecry: Deal damage to an enemy minion equal to your hero's Attack.; ZH=战吼：对一个敌方随从造成等同于你的英雄攻击力的伤害。; source=fireplace/cards/troll/druid.py:28; existing_tests=none; prior=YELLOW:2 个机制缺少充分的核心效果验证；逐机制依据见 card_mechanism.csv。; prior_evidence=card_mechanism.csv#TRL_240; generic-play-smoke:played
TRL_240,TRL_240::zero_attack_no_damage_no_target,"With zero hero Attack, Striker can enter without a target and deals no damage.",hero_attack=0;no_target_play_rejected=<Minion ('Savage Striker')> requires a target to play.;source=card.py:659 uses >=0,confirmed_error,batch=troll_a; 零攻可选目标分支。; EN=Battlecry: Deal damage to an enemy minion equal to your hero's Attack.; ZH=战吼：对一个敌方随从造成等同于你的英雄攻击力的伤害。; source=fireplace/cards/troll/druid.py:28; existing_tests=none; prior=YELLOW:2 个机制缺少充分的核心效果验证；逐机制依据见 card_mechanism.csv。; prior_evidence=card_mechanism.csv#TRL_240; generic-play-smoke:played
TRL_241,TRL_241::hero_kills_minion_can_attack_again,"While Gonk lives, own hero killing a minion by attack gains another hero attack this turn.",first_ready=True;victim=GRAVEYARD;second_ready=False;hero_num_attacks=1;gonk_num_attacks=-1;gonk=PLAY,confirmed_error,"batch=troll_a; 猛扑给英雄2攻，真实击杀1血随从后检查英雄二次攻击资格与本体状态。; EN=After your hero attacks and kills a minion, it may attack again.; ZH=在你的英雄攻击并消灭一个随从后，便可再次攻击。; source=fireplace/cards/troll/druid.py:40; existing_tests=none; prior=YELLOW:1 个机制缺少充分的核心效果验证；逐机制依据见 card_mechanism.csv。; prior_evidence=card_mechanism.csv#TRL_241; generic-play-smoke:played"
TRL_243,TRL_243::two_attack_and_expiry,Pounce gives hero +2 Attack in current turn and expires next own turn.,hero_attack=2->0;spell=GRAVEYARD,pass,batch=troll_a; 跨回合直接检查英雄攻击状态。; EN=Give your hero +2 Attack this turn.; ZH=在本回合中，使你的英雄获得+2攻击力。; source=fireplace/cards/troll/druid.py:84; existing_tests=none; prior=YELLOW:1 个机制缺少充分的核心效果验证；逐机制依据见 card_mechanism.csv。; prior_evidence=card_mechanism.csv#TRL_243; generic-play-smoke:played
TRL_244,TRL_244::draws_beast_and_doubles_health,"Draws sole Beast from deck, doubles its Health in hand, leaves non-Beast in deck.","beast=(3, 2)->(3, 4):HAND;nonbeast=DECK;spell=GRAVEYARD",pass,batch=troll_a; 野兽与非野兽同库，逐实体核对区域和身材。; EN=[x]Draw a Beast from your deck. Double its Health.; ZH=从你的牌库中抽一张野兽牌。将其生命值翻倍。; source=fireplace/cards/troll/druid.py:94; existing_tests=none; prior=YELLOW:3 个机制缺少充分的核心效果验证；逐机制依据见 card_mechanism.csv。; prior_evidence=card_mechanism.csv#TRL_244; generic-play-smoke:played
TRL_245,TRL_245::discard_lowest_and_all_minions_two_damage,"Discards only lowest-Cost Wisp, preserves high-Cost spell, and deals 2 to minions on both sides but no heroes.","discarded=REMOVEDFROMGAME;expensive=HAND;minions=3,3;heroes=30,30;spell=GRAVEYARD",pass,batch=troll_a; 两手牌费用不同、双方随从同场，逐项检查。; EN=Discard your lowest Cost card. Deal $2 damage to all minions.; ZH=弃掉你手牌中法力值消耗最低的牌。对所有随从造成$2点 伤害。; source=fireplace/cards/troll/warlock.py:62; existing_tests=none; prior=YELLOW:2 个机制缺少充分的核心效果验证；逐机制依据见 card_mechanism.csv。; prior_evidence=card_mechanism.csv#TRL_245; generic-play-smoke:played
TRL_246,TRL_246::destroys_two_of_four_each_deck,"From four cards each, destroys exactly half of both players' decks.","decks=2,2;own_zones=['GRAVEYARD', 'DECK', 'DECK', 'GRAVEYARD'];enemy_zones=['DECK', 'GRAVEYARD', 'GRAVEYARD', 'DECK'];spell=GRAVEYARD",pass,batch=troll_a; 双方各预置四张身份已知的牌库卡，实测剩余与区域。; EN=Destroy half of each player's deck.; ZH=摧毁双方牌库中一半的牌。; source=fireplace/cards/troll/warlock.py:69; existing_tests=none; prior=YELLOW:1 个机制缺少充分的核心效果验证；逐机制依据见 card_mechanism.csv。; prior_evidence=card_mechanism.csv#TRL_246; generic-play-smoke:played
TRL_247,TRL_247::returns_three_from_discard_history,Three hand cards are discarded and Soulwarden adds exactly three copies from that history.,"discarded=[('CS2_231', 'REMOVEDFROMGAME'), ('CS2_182', 'REMOVEDFROMGAME'), ('EX1_011', 'REMOVEDFROMGAME')];returned=[];body=PLAY",confirmed_error,batch=troll_a; 实际执行 Discard 后核对手牌来源与数量。; EN=Battlecry: Add 3 random cards you discarded this game to your hand.; ZH=战吼：随机将三张你在本局对战中弃掉的牌置入你的手牌。; source=fireplace/cards/troll/warlock.py:8; existing_tests=none; prior=YELLOW:2 个机制缺少充分的核心效果验证；逐机制依据见 card_mechanism.csv。; prior_evidence=card_mechanism.csv#TRL_247; generic-play-smoke:played
TRL_247,TRL_247::empty_discard_history,No cards are added when nothing was discarded.,hand=[];body=PLAY,pass,batch=troll_a; 空历史边界。; EN=Battlecry: Add 3 random cards you discarded this game to your hand.; ZH=战吼：随机将三张你在本局对战中弃掉的牌置入你的手牌。; source=fireplace/cards/troll/warlock.py:8; existing_tests=none; prior=YELLOW:2 个机制缺少充分的核心效果验证；逐机制依据见 card_mechanism.csv。; prior_evidence=card_mechanism.csv#TRL_247; generic-play-smoke:played
TRL_249,TRL_249::sacrifice_then_buff_survivors,"Destroys selected friendly minion, then gives each surviving friendly minion +1/+1; enemy unchanged.",sacrifice=GRAVEYARD;friend=5/6;enemy=4/5;spell=GRAVEYARD,pass,batch=troll_a; 一牺牲一存活一敌方对照，检查区域与身材。; EN=Destroy a friendly minion. Give your minions +1/+1.; ZH=消灭一个友方随从。使你的所有随从获得+1/+1。; source=fireplace/cards/troll/warlock.py:79; existing_tests=none; prior=YELLOW:2 个机制缺少充分的核心效果验证；逐机制依据见 card_mechanism.csv。; prior_evidence=card_mechanism.csv#TRL_249; generic-play-smoke:played
TRL_251,TRL_251::friendly_death_buffs_hand_enemy_death_ignored,Friendly minion death gives sole hand minion +1/+1; enemy minion death adds no buff.,"spirit_stealth=1;hand_after_own_and_enemy=(4, 5);first=(4, 5);enemy_hero=30",confirmed_error,"batch=troll_a; 唯一手牌随从，双方各制造一次死亡并核对身材。; EN=Stealth for 1 turn. After a friendly minion dies, give a minion in your hand +1/+1.; ZH=潜行一回合。在一个友方随从死亡后，使你手牌中的一张随从牌获得+1/+1。; source=fireplace/cards/troll/warlock.py:15; existing_tests=none; prior=YELLOW:2 个机制缺少充分的核心效果验证；逐机制依据见 card_mechanism.csv。; prior_evidence=card_mechanism.csv#TRL_251; generic-play-smoke:played"
TRL_252,TRL_252::discard_creates_two_hand_copies,Discarding Jeklik removes original and adds exactly two distinct copies to owner's hand; it has Taunt and Lifesteal.,"original=REMOVEDFROMGAME;keywords=(1, 1);copies=[('TRL_252', 'HAND', 3, 4), ('TRL_252', 'HAND', 3, 4)]",pass,"batch=troll_a; 实际执行弃牌动作，检查区域、数量、实体和关键字。; EN=[x]Taunt, Lifesteal When you discard this, add 2 copies of it to your hand.; ZH=嘲讽，吸血 当你弃掉这张牌时，将这张牌的两张复制置入你的手牌。; source=fireplace/cards/troll/warlock.py:29; existing_tests=none; prior=YELLOW:4 个机制缺少充分的核心效果验证；逐机制依据见 card_mechanism.csv。; prior_evidence=card_mechanism.csv#TRL_252; generic-play-smoke:played"
TRL_253,TRL_253::fills_remaining_six_slots_with_copies,"With one existing friendly minion, Hir'eek plus five copies fills board to seven without displacing it.","field_size=7;hireeks=[(1, 1, 'PLAY'), (1, 1, 'PLAY'), (1, 1, 'PLAY'), (1, 1, 'PLAY'), (1, 1, 'PLAY'), (1, 1, 'PLAY')];other=PLAY;enemy_field=0",pass,batch=troll_a; 六个空位、战吼本体占一位，检查场位上限和复制实体。; EN=Battlecry: Fill your board with copies of this minion.; ZH=战吼：召唤此随从的复制，直到你的随从数量达到上限。; source=fireplace/cards/troll/warlock.py:37; existing_tests=none; prior=YELLOW:1 个机制缺少充分的核心效果验证；逐机制依据见 card_mechanism.csv。; prior_evidence=card_mechanism.csv#TRL_253; generic-play-smoke:played
TRL_254,TRL_254::choose_buff_target_and_taunt,"Buff branch gives selected minion +2/+4 and Taunt, without summoning Raptors.","friend=3/5,taunt=True;enemy=1/1;field=[('CS2_231', 'PLAY')];spell=GRAVEYARD",pass,batch=troll_a; 目标、身材、嘲讽和对照随从断言。; EN=Choose One - Give a minion +2/+4 and Taunt; or Summon two 3/2 Raptors.; ZH=抉择： 使一个随从获得+2/+4和嘲讽；或者召唤两个3/2的迅猛龙。; source=fireplace/cards/troll/druid.py:103; existing_tests=none; prior=YELLOW:4 个机制缺少充分的核心效果验证；逐机制依据见 card_mechanism.csv。; prior_evidence=card_mechanism.csv#TRL_254; generic-play-smoke:played
TRL_254,TRL_254::choose_two_raptors,Summon branch creates exactly two 3/2 Raptors and leaves original minion unchanged.,"friend=1/1;raptors=[(3, 2, 'PLAY'), (3, 2, 'PLAY')];spell=GRAVEYARD",pass,batch=troll_a; 独立选择分支与区域断言。; EN=Choose One - Give a minion +2/+4 and Taunt; or Summon two 3/2 Raptors.; ZH=抉择： 使一个随从获得+2/+4和嘲讽；或者召唤两个3/2的迅猛龙。; source=fireplace/cards/troll/druid.py:103; existing_tests=none; prior=YELLOW:4 个机制缺少充分的核心效果验证；逐机制依据见 card_mechanism.csv。; prior_evidence=card_mechanism.csv#TRL_254; generic-play-smoke:played
TRL_255,TRL_255::summons_beast_from_hand_with_usable_rush,"Sole Beast moves from hand to field with usable Rush, while non-Beast remains in hand.",beast=PLAY:rush=True:can_attack_minion=True:can_attack_hero=False;other=HAND;spell=GRAVEYARD,pass,batch=troll_a; 选无突袭的血沼迅猛龙作唯一候选，实际验证攻击目标资格。; EN=Summon a random Beast from your hand and give it Rush.; ZH=随机从你的手牌中召唤一个野兽，并使其获得突袭。; source=fireplace/cards/troll/druid.py:137; existing_tests=none; prior=YELLOW:3 个机制缺少充分的核心效果验证；逐机制依据见 card_mechanism.csv。; prior_evidence=card_mechanism.csv#TRL_255; generic-play-smoke:unplayable_in_generic_setup
TRL_257,TRL_257::friendly_death_two_damage_to_enemy_hero,Friendly minion death deals 2 damage to opponent hero and none to own hero.,victim=GRAVEYARD;enemy_hero=30;owner_hero=30;sapper=PLAY,confirmed_error,"batch=troll_a; 唯一友方1/1被实际消灭，分别检查英雄生命。; EN=After a friendly minion dies, deal 2 damage to the enemy hero.; ZH=在一个友方随从 死亡后，对敌方英雄造成2点伤害。; source=fireplace/cards/troll/warlock.py:44; existing_tests=none; prior=YELLOW:1 个机制缺少充分的核心效果验证；逐机制依据见 card_mechanism.csv。; prior_evidence=card_mechanism.csv#TRL_257; generic-play-smoke:played"
TRL_257,TRL_257::enemy_death_no_trigger,Enemy minion death does not trigger Sapper.,"enemy_victim=GRAVEYARD;heroes=30,30",pass,"batch=troll_a; 敌方死亡对照。; EN=After a friendly minion dies, deal 2 damage to the enemy hero.; ZH=在一个友方随从 死亡后，对敌方英雄造成2点伤害。; source=fireplace/cards/troll/warlock.py:44; existing_tests=none; prior=YELLOW:1 个机制缺少充分的核心效果验证；逐机制依据见 card_mechanism.csv。; prior_evidence=card_mechanism.csv#TRL_257; generic-play-smoke:played"
TRL_258,TRL_258::one_minion_no_valid_defender,A sole minion remains unchanged because there is no other minion to attack.,lone=5/5:PLAY;spell=GRAVEYARD,pass,batch=troll_a; 零合法攻击对象边界。; EN=Force each minion to attack another random minion.; ZH=使每个随从随机攻击其他随从。; source=fireplace/cards/troll/priest.py:91; existing_tests=tests/test_troll.py:104:test_mass_hysteria; prior=YELLOW:2 个机制缺少充分的核心效果验证；逐机制依据见 card_mechanism.csv。; prior_evidence=card_mechanism.csv#TRL_258; generic-play-smoke:played
TRL_258,TRL_258::two_minions_forced_attack,Two opposing 1/1 minions attack each other and both die.,left=GRAVEYARD;right=GRAVEYARD;spell=GRAVEYARD,pass,batch=troll_a; 实际强制战斗及死亡区域。; EN=Force each minion to attack another random minion.; ZH=使每个随从随机攻击其他随从。; source=fireplace/cards/troll/priest.py:91; existing_tests=tests/test_troll.py:104:test_mass_hysteria; prior=YELLOW:2 个机制缺少充分的核心效果验证；逐机制依据见 card_mechanism.csv。; prior_evidence=card_mechanism.csv#TRL_258; generic-play-smoke:played
TRL_259,TRL_259::summon_generated_leave_original_and_spell,"Generated hand minion is summoned, original starting-deck minion and spell remain in hand.","original=HAND;generated=PLAY;spell=HAND;body=PLAY;field=[('TRL_259', 'PLAY'), ('CS2_182', 'PLAY')]",pass,batch=troll_a; 真实初始牌库实体与生成实体并置，核对来源筛选及区域。; EN=Battlecry: Summon all minions from your hand that didn't start in your deck.; ZH=战吼： 召唤你的手牌中所有你的套牌之外的 随从。; source=fireplace/cards/troll/priest.py:15; existing_tests=none; prior=YELLOW:2 个机制缺少充分的核心效果验证；逐机制依据见 card_mechanism.csv。; prior_evidence=card_mechanism.csv#TRL_259; generic-play-smoke:played
TRL_259,TRL_259::empty_generated_hand,"With no generated minions, only Talanji is on the board.","field=[('TRL_259', 'PLAY')];hand=0",pass,batch=troll_a; 空候选边界。; EN=Battlecry: Summon all minions from your hand that didn't start in your deck.; ZH=战吼： 召唤你的手牌中所有你的套牌之外的 随从。; source=fireplace/cards/troll/priest.py:15; existing_tests=none; prior=YELLOW:2 个机制缺少充分的核心效果验证；逐机制依据见 card_mechanism.csv。; prior_evidence=card_mechanism.csv#TRL_259; generic-play-smoke:played
TRL_260,TRL_260::draw_one_cost_minions_to_hand_limit,"Bwonsamdi draws 1-Cost minions from deck until hand reaches 10, without drawing ineligible higher-cost minions.","body=TRL_260:7/7:PLAY;hand_count=10;filler_count=7;drawn_one_cost=[('EX1_011', 4, 'HAND', 1, (2, 1)), ('EX1_011', 4, 'HAND', 1, (2, 1)), ('EX1_011', 4, 'HAND', 1, (2, 1))];deck=['CS2_182', 'CS2_182'];filler_entities=['HAND', 'HAND', 'HAND', 'HAND', 'HAND', 'HAND', 'HAND']",pass,batch=troll_b; 手牌先留7张Wisp，牌库放3张1费随从及2张高费Yeti；打出7/7后检查手牌补满、三张1费均进手且两张Yeti留牌库。; EN=[x]Battlecry: Draw 1-Cost minions from your deck until your hand is full.; ZH=战吼：从你的牌库中抽取法力值消耗为（1）的随从，直到达到你的手牌上限。; source=fireplace/cards/troll/priest.py:22; existing_tests=none; previous=YELLOW:2 个机制缺少充分的核心效果验证；逐机制依据见 card_mechanism.csv。
TRL_260,TRL_260::stop_when_no_eligible_minions,"When the deck has only one eligible 1-Cost minion, draw it and stop even though hand has room and higher-cost minions remain.","hand_count=3;drawn=[('EX1_011', 4, 'HAND', 1, (2, 1))];ineligible_left=2;deck=['CS2_182', 'CS2_182']",pass,batch=troll_b; 保留两张手牌，牌库仅有一张1费随从及两张高费Yeti；核对只抽取唯一合格牌后停止并保留不合格牌。; EN=[x]Battlecry: Draw 1-Cost minions from your deck until your hand is full.; ZH=战吼：从你的牌库中抽取法力值消耗为（1）的随从，直到达到你的手牌上限。; source=fireplace/cards/troll/priest.py:22; existing_tests=none; previous=YELLOW:2 个机制缺少充分的核心效果验证；逐机制依据见 card_mechanism.csv。
TRL_300,TRL_300::spell_mana_discount_and_keywords,"Shirvallah costs 1 less for each mana spent on spells and has Divine Shield, Rush, and Lifesteal.","base_cost=25;after_2_mana_spell=23;spent_spell_mana=2;keywords={shield:1,rush:1,lifesteal:1}",pass,"batch=troll_b; 先记录手中25费基础消耗，实际施放2费寒冰箭后检查减费为23并逐个核对三项关键词。; EN=[x]Divine Shield, Rush, Lifesteal  Costs (1) less for each Mana you've spent on spells.; ZH=圣盾，突袭，吸血 每当你消耗1点法力值用于法术牌上，这张牌的法力值消耗减少（1）点。; source=fireplace/cards/troll/paladin.py:8; existing_tests=none; previous=YELLOW:4 个机制缺少充分的核心效果验证；逐机制依据见 card_mechanism.csv。"
TRL_302,TRL_302::immune_to_spell_until_expiry,"Time Out prevents spell damage until the Paladin's next turn, then expires.","during=(30, 0, False, 0, [('TRL_302e', 'PLAY')]);after_own_turn_begins=(30, 0, False)",confirmed_error,batch=troll_b; 施放后由敌方法术指定英雄验证免疫阻止伤害，再经过敌方回合到己方回合开始确认效果清除。; EN=Your hero is Immune until your next turn.; ZH=直到你的下个回合，你的英雄获得免疫。; source=fireplace/cards/troll/paladin.py:68; existing_tests=none; previous=YELLOW:1 个机制缺少充分的核心效果验证；逐机制依据见 card_mechanism.csv。
TRL_302,TRL_302::immune_to_combat_damage,The immune hero takes no weapon combat damage during the window.,weapon=CS2_091:1/3;hero_health_before=30;after=29;immune=False,confirmed_error,batch=troll_b; 在免疫持续的敌方回合装备公正之剑并攻击己方英雄，核对生命不变。; EN=Your hero is Immune until your next turn.; ZH=直到你的下个回合，你的英雄获得免疫。; source=fireplace/cards/troll/paladin.py:68; existing_tests=none; previous=YELLOW:1 个机制缺少充分的核心效果验证；逐机制依据见 card_mechanism.csv。
TRL_304,TRL_304::overkill_hand_minion_buff,A minion killed with excess weapon damage triggers Overkill and grants a hand minion +2/+2.,"weapon=TRL_304:3/2;target_zone=GRAVEYARD;hand_minion_before=(4, 5);after=(6, 7);hand_entity=HAND",pass,batch=troll_b; 装备战斧后以武器攻击1/1 Wisp，核对超杀使手中4/5 Yeti变成6/7且仍留在手牌。; EN=Overkill: Give a minion in your hand +2/+2.; ZH=超杀：使你手牌中的一张随从牌 获得+2/+2。; source=fireplace/cards/troll/paladin.py:117; existing_tests=none; previous=YELLOW:1 个机制缺少充分的核心效果验证；逐机制依据见 card_mechanism.csv。
TRL_305,TRL_305::discover_six_cost_and_summon,"Discover only 6-Cost minions, then summon the selected one with Taunt and Divine Shield.","offered=[('NEW1_040', 6, 4), ('AT_088', 6, 4), ('GIL_692', 6, 4)];selected=NEW1_040;summoned=('NEW1_040', 4, 'PLAY', 6, (4, 4));taunt=True;divine_shield=True;choice_open=False",pass,batch=troll_b; 实际打开发现选项、逐个核对候选费用/类型、选择其中一张后检查它进入场上且获得嘲讽和圣盾。; EN=Discover a 6-Cost minion. Summon it with Taunt and Divine Shield.; ZH=发现一张法力值消耗为（6）的随从牌。召唤该随从并使其获得嘲讽和圣盾。; source=fireplace/cards/troll/paladin.py:86; existing_tests=none; previous=YELLOW:4 个机制缺少充分的核心效果验证；逐机制依据见 card_mechanism.csv。
TRL_306,TRL_306::deathrattle_shuffle_keeps_enchantment,Immortal Prelate shuffles into its owner's deck after death and retains its enchantment.,"prelate_zone=DECK;buffed_attack=4;deck=[('TRL_306', 4, 'DECK', 2, (4, 3))];deck_size=1",pass,batch=troll_b; 对场上先知施放力量祝福后摧毁，按牌库区域与4/2当前身材检查同一张牌被洗回并保留+3攻击附魔。; EN=Deathrattle: Shuffle this into your deck. It keeps any enchantments.; ZH=亡语：将该随从洗入你的牌库。保留所有额外效果。; source=fireplace/cards/troll/paladin.py:16; existing_tests=none; previous=YELLOW:1 个机制缺少充分的核心效果验证；逐机制依据见 card_mechanism.csv。
TRL_307,TRL_307::heal_hero_and_draw,Restore 4 health to the chosen hero and draw one card.,"before=(24, 0, 1);after=(28, 1, 0);drawn=[('CS2_231', 4, 'HAND', 0, (1, 1))]",pass,batch=troll_b; 让己方英雄先受6点伤害，再以英雄为目标施放并检查恢复4点及牌库顶牌进入手牌。; EN=Restore #4 Health. Draw a card.; ZH=恢复#4点生命值。抽一张牌。; source=fireplace/cards/troll/paladin.py:103; existing_tests=none; previous=YELLOW:3 个机制缺少充分的核心效果验证；逐机制依据见 card_mechanism.csv。
TRL_307,TRL_307::heal_minion_and_draw,Restore 4 health to a damaged minion and still draw one card.,target_before=2;target_after=5;target_damage=0;drawn_yeti=1;deck=0,pass,batch=troll_b; 使友方4/5 Yeti受3伤后作为目标，核对治疗至满血并抽到牌库中唯一的Yeti。; EN=Restore #4 Health. Draw a card.; ZH=恢复#4点生命值。抽一张牌。; source=fireplace/cards/troll/paladin.py:103; existing_tests=none; previous=YELLOW:3 个机制缺少充分的核心效果验证；逐机制依据见 card_mechanism.csv。
TRL_308,TRL_308::health_to_armor_with_one_health_floor,High Priest Thekal converts all but 1 of current hero health to armor.,"before=(23, 0);after=(1, 22)",pass,batch=troll_b; 先让英雄受7伤，再检查剩余23生命转换成22护甲并保留1生命。; EN=Battlecry: Convert all but 1 of your Hero's Health into Armor.; ZH=战吼：保留英雄的1点生命值，将其余部分转化为护甲值。; source=fireplace/cards/troll/paladin.py:24; existing_tests=tests/test_troll.py:110:test_high_priest_thekal; previous=YELLOW:1 个机制缺少充分的核心效果验证；逐机制依据见 card_mechanism.csv。
TRL_309,TRL_309::spell_cost_copies_to_tiger_stats,"After a spell resolves, summon a Tiger with attack and health equal to that spell's cost.","spirit=PLAY;stealth=1;spell_cost=4;tigers=[('TRL_309t', 4, 'PLAY', 4, (4, 4))]",pass,"batch=troll_b; 潜行精魂在场时施放4费火球术，核对生成4/4老虎而不是卡牌基础身材。; EN=[x]Stealth for 1 turn. After you cast a spell, summon a Tiger with stats equal to its Cost.; ZH=潜行一回合。在你施放一个法术后，召唤一只属性值 等于其法力值消耗的老虎。; source=fireplace/cards/troll/paladin.py:34; existing_tests=tests/test_troll.py:224:test_summon_tiger; previous=YELLOW:3 个机制缺少充分的核心效果验证；逐机制依据见 card_mechanism.csv。"
TRL_309,TRL_309::one_cost_spell_branch,A 1-Cost spell creates a 1/1 Tiger.,"mirror_image_cost=1;field_tigers=[('TRL_309t', 4, 'PLAY', 1, (1, 1))];other_tokens=['CS2_mirror', 'CS2_mirror']",pass,"batch=troll_b; 用1费镜像施放分支补充检查低费用法术也按施法费用生成1/1老虎。; EN=[x]Stealth for 1 turn. After you cast a spell, summon a Tiger with stats equal to its Cost.; ZH=潜行一回合。在你施放一个法术后，召唤一只属性值 等于其法力值消耗的老虎。; source=fireplace/cards/troll/paladin.py:34; existing_tests=tests/test_troll.py:224:test_summon_tiger; previous=YELLOW:3 个机制缺少充分的核心效果验证；逐机制依据见 card_mechanism.csv。"
TRL_310,TRL_310::discount_only_next_elemental_this_turn,Both held Elementals are discounted by 2 until the first one is played; the effect then expires.,"base=(6, 6);after_evocation=(4, 4);after_elemental=(6, 0);first_zone=PLAY",pass,batch=troll_b; 手中同时放两张6费元素随从；施放元素唤醒后两张均临时降至4费，打出一张后检查另一张恢复6费且减费效果被消耗。; EN=The next Elemental you play this turn costs (2) less.; ZH=在本回合中，你使用的下一张元素牌的法力值消耗减少（2）点。; source=fireplace/cards/troll/mage.py:79; existing_tests=none; previous=YELLOW:2 个机制缺少充分的核心效果验证；逐机制依据见 card_mechanism.csv。
TRL_311,TRL_311::elemental_last_turn_condition_and_self_exclusion,"If an Elemental was played last turn, deal 3 to all other minions; otherwise do not deal damage. Arcanosaur itself is excluded.",prior_elemental=True;arcanosaur=PLAY;ally_health=2;ally_damage=3;enemy_health=2;enemy_damage=3;enemy_zone=PLAY; prior_elemental=False;arcanosaur=PLAY;ally_health=5;ally_damage=0;enemy_health=5;enemy_damage=0;enemy_zone=PLAY,pass,"batch=troll_b; 用上一回合真实打出元素和没有打出元素的两个子局面，对友方/敌方5血随从及正在进场的本体检查3点伤害与条件关闭分支。; EN=Battlecry: If you played an Elemental last turn, deal 3 damage to all other minions.; ZH=战吼：如果你在上个回合使用过元素牌，则对所有其他随从造成3点伤害。; source=fireplace/cards/troll/mage.py:8; existing_tests=none; previous=YELLOW:1 个机制缺少充分的核心效果验证；逐机制依据见 card_mechanism.csv。"
TRL_312,TRL_312::spell_damage_enrage_toggles,Spellzerker gains +2 spell damage while damaged and loses the bonus when restored to full health.,"base=(2, 3, 0);damaged=(2, 1, 0);target_after_spell_while_damaged=(4, 1);healed=(3, 0, 0);target_after_spell_when_healed=(3, 2);zone=PLAY",confirmed_error,batch=troll_b; 召唤法術狂熱者后以月火術打伤，再以圣光术恢复满血，核对法术伤害+2动态开启并在满血时关闭。; EN=Has Spell Damage +2 while damaged.; ZH=受伤时具有 法术伤害+2。; source=fireplace/cards/troll/neutral_common.py:36; existing_tests=none; previous=YELLOW:1 个机制缺少充分的核心效果验证；逐机制依据见 card_mechanism.csv。
TRL_313,TRL_313::conditional_cost_and_damage,Scorch costs 1 after an Elemental last turn (otherwise 4) and deals 4 damage to a minion.,prior_elemental=True;cost=3;target_health=1;target_damage=4;target_zone=PLAY,confirmed_error,batch=troll_b; 分开验证普通费用与上回合打出元素后的1费分支，两局均以5血Yeti承受4点法术伤害。; EN=[x]Deal $4 damage to a minion. Costs (1) if you played an Elemental last turn.; ZH=对一个随从造成$4点伤害。如果你在上个回合使用过元素牌，则法力值消耗变为（1）点。; source=fireplace/cards/troll/mage.py:91; existing_tests=none; previous=YELLOW:3 个机制缺少充分的核心效果验证；逐机制依据见 card_mechanism.csv。
TRL_315,TRL_315::hero_power_kill_trigger_only,A hero-power kill draws one card; merely damaging a surviving minion does not.,kill=True;pyromaniac=PLAY;target_zone=GRAVEYARD;target_health=1;target_damage=0;hand_wisp=True;deck=0; kill=False;pyromaniac=PLAY;target_zone=PLAY;target_health=4;target_damage=1;hand_wisp=False;deck=1,pass,"batch=troll_b; 用法師英雄技能分別击杀1血Wisp和仅打伤5血Yeti，对照牌库抽牌/目标区域。; EN=Whenever your Hero Power kills a minion, draw a card.; ZH=每当你的英雄技能消灭一个随从，抽 一张牌。; source=fireplace/cards/troll/mage.py:17; existing_tests=tests/test_troll.py:154:test_pyromaniac; previous=YELLOW:3 个机制缺少充分的核心效果验证；逐机制依据见 card_mechanism.csv。"
TRL_316,TRL_316::eight_hero_power_damage_threshold,"Summons Ragnaros after the Hunter Hero Power has dealt 8 total damage this game, and not after only 6.","hero_power_uses=4;hero_health=30;ready=True;ragnaros=[('TRL_316t', 4, 'PLAY', 8, (8, 8))];field=['TRL_316', 'TRL_316t']; hero_power_uses=3;hero_health=30;ready=False;ragnaros=[];field=['TRL_316']",pass,"batch=troll_b; 使用猎人英雄技能（每次打脸2点）真实跨回合累计4次/3次，对照8点阈值与未达阈值时炎魔生成。; EN=[x]Battlecry: If your Hero Power dealt 8 damage this game, summon Ragnaros the Firelord.@ ({0} left!)@ (Ready!); ZH=战吼： 在本局对战中，如果你的英雄技能累计造成了8点伤害，则召唤炎魔之王拉格纳罗斯。@（还剩下{0}点！）@（已经就绪！）; source=fireplace/cards/troll/mage.py:26; existing_tests=tests/test_troll.py:163:test_janalai_the_dragonhawk; previous=YELLOW:2 个机制缺少充分的核心效果验证；逐机制依据见 card_mechanism.csv。"
TRL_317,TRL_317::all_minion_damage_and_overkill_reward,Deals 2 to all minions; only excess lethal damage adds a random Mage spell.,"overkill=True;ally_zone=GRAVEYARD;ally_damage=0;enemy_zone=PLAY;enemy_health=3;enemy_damage=2;hand_delta=1;generated=[('EX1_275', 5, 'HAND', 4, None)]; overkill=False;ally_zone=PLAY;ally_damage=2;enemy_zone=PLAY;enemy_health=3;enemy_damage=2;hand_delta=0;generated=[]",pass,batch=troll_b; 分别以1血Wisp构造超杀与两只5血Yeti构造非超杀，检查双方全场受伤及法师法术奖励是否仅在超杀时生成。; EN=Deal $2 damage to all minions. Overkill: Add a random Mage spell to your hand.; ZH=对所有随从造成$2点伤害。超杀：随机将一张法师法术牌置入你的手牌。; source=fireplace/cards/troll/mage.py:103; existing_tests=none; previous=YELLOW:2 个机制缺少充分的核心效果验证；逐机制依据见 card_mechanism.csv。
TRL_318,TRL_318::copy_opening_hand_except_self,Adds a copy of the opening-hand minion to hand while leaving the played Malacrass out.,"malacrass_zone=PLAY;opening_hand=['CS2_182'];hand_yetis=[('CS2_182', 4, 'HAND', 4, (4, 5)), ('CS2_182', 4, 'HAND', 4, (4, 5))];hand=['CS2_182', 'CS2_182']",pass,batch=troll_b; 把Yeti作为起始手牌快照，随后打出马拉克拉斯，确认手中保留原牌并加入副本且不复制它自身。; EN=Battlecry: Add a copy of your opening hand to your hand (except this card).; ZH=战吼：将你的起始手牌的复制置入手牌（不包括这张牌）。; source=fireplace/cards/troll/mage.py:41; existing_tests=none; previous=YELLOW:1 个机制缺少充分的核心效果验证；逐机制依据见 card_mechanism.csv。
TRL_319,TRL_319::hero_power_adjacent_targets,A targeted Hero Power also affects both adjacent minions.,"spirit_stealthed=1;minions=[('CS2_182', 4, 1, 'PLAY'), ('CS2_182', 4, 1, 'PLAY'), ('CS2_182', 4, 1, 'PLAY')]",pass,batch=troll_b; 場上排放三只高生命敌方随从，点选中间目标后核对左、中、右三者均受到法师英雄技能1点伤害。; EN=[x]Stealth for 1 turn. Your Hero Power also targets  adjacent minions.; ZH=潜行一回合。你的英雄技能会以选中的随从及其相邻随从作为 目标。; source=fireplace/cards/troll/mage.py:49; existing_tests=tests/test_troll.py:175:test_spirit_of_the_dragonhawk | tests/test_troll.py:187:test_daring_fire_eater; previous=YELLOW:4 个机制缺少充分的核心效果验证；逐机制依据见 card_mechanism.csv。
TRL_319,TRL_319::stealth_one_turn,Spirit of the Dragonhawk is Stealthed for one turn and loses Stealth at its controller's next turn.,initial_stealth=1;after_next_own_turn=False;zone=PLAY,pass,batch=troll_b; 分别检查刚打出时潜行有效以及跨越敌方回合到下一己方回合后潜行解除。; EN=[x]Stealth for 1 turn. Your Hero Power also targets  adjacent minions.; ZH=潜行一回合。你的英雄技能会以选中的随从及其相邻随从作为 目标。; source=fireplace/cards/troll/mage.py:49; existing_tests=tests/test_troll.py:175:test_spirit_of_the_dragonhawk | tests/test_troll.py:187:test_daring_fire_eater; previous=YELLOW:4 个机制缺少充分的核心效果验证；逐机制依据见 card_mechanism.csv。
TRL_321,TRL_321::damaged_minion_takes_four,Devastate deals 4 damage to a minion that is already damaged.,"before=(4, 1);after=(5, 0);zone=GRAVEYARD;graveyard=['CS2_182']",pass,batch=troll_b; 先把敌方4/5 Yeti降至4点当前生命，再施放1费Devastate并检查其进入墓地。; EN=Deal $4 damage to a damaged minion.; ZH=对一个受伤的随从造成$4点 伤害。; source=fireplace/cards/troll/warrior.py:64; existing_tests=none; previous=YELLOW:2 个机制缺少充分的核心效果验证；逐机制依据见 card_mechanism.csv。
TRL_323,TRL_323::dragon_condition_for_five_armor,Gain 5 armor only while holding a Dragon.,"dragon_in_hand=True;dragon_card=EX1_561;armor=5;drake=('TRL_323', 5, 5, 'PLAY'); dragon_in_hand=False;dragon_card=None;armor=0;drake=('TRL_323', 5, 5, 'PLAY')",pass,"batch=troll_b; 一局持有阿莱克丝塔萨龙牌、一局没有龙牌，分别打出龙鳞 drake 并核对护甲变化。; EN=Battlecry: If you're holding a Dragon, gain 5 Armor.; ZH=战吼：如果你的手牌中有龙牌，便获得5点护甲值。; source=fireplace/cards/troll/warrior.py:8; existing_tests=none; previous=YELLOW:1 个机制缺少充分的核心效果验证；逐机制依据见 card_mechanism.csv。"
TRL_324,TRL_324::random_minion_cost_equals_armor_capped_at_ten,"Summons a random minion whose cost matches armor, capped at 10.","cap_case=False;armor=5;mana_after_coins=0;temp_mana=0;summoned=[('LOE_086', 4, 'PLAY', 5, (0, 6))];field=['LOE_086']; cap_case=True;armor=15;mana_after_coins=0;temp_mana=0;summoned=[('TRL_541', 4, 'PLAY', 10, (9, 6))];field=['TRL_541']",pass,batch=troll_b; 先用未升级护盾获得5甲检查召唤5费随从，再用Tower Shield获得15甲并用幸运币支付后检查上限是10费。; EN=[x]Summon a random minion with Cost equal to your Armor (up to 10).; ZH=随机召唤一个法力值消耗等同于你的护甲值（最高不超过10点）的随从。; source=fireplace/cards/troll/warrior.py:76; existing_tests=tests/test_troll.py:272:test_heavy_metal | tests/test_troll.py:278:test_heavy_metal; previous=YELLOW:3 个机制缺少充分的核心效果验证；逐机制依据见 card_mechanism.csv。
TRL_325,TRL_325::weapon_overkill_extra_attack,"Overkill with Sul'thraze grants an additional hero attack, usable against another target.",weapon=TRL_325:4/2;first_target_zone=GRAVEYARD;can_reattack_after_overkill=True;enemy_health_before_second=30;after=26;hero_attack=4,pass,batch=troll_b; 装备武器后攻击1/1 Wisp形成超杀，检查英雄仍可攻击并实际攻击敌方英雄一次。; EN=Overkill: You may attack again.; ZH=超杀：你可以再次攻击。; source=fireplace/cards/troll/warrior.py:98; existing_tests=tests/test_troll.py:215:test_sulthraze; previous=YELLOW:1 个机制缺少充分的核心效果验证；逐机制依据见 card_mechanism.csv。
TRL_326,TRL_326::dragon_condition_destroys_damaged_target,"With a Dragon in hand, destroy a damaged enemy minion; without one, leave it alive.","dragon=True;target_before=(4, 1);target_after=(5, 0);target_zone=GRAVEYARD;lancer=PLAY; dragon=False;target_before=(4, 1);target_after=(4, 1);target_zone=PLAY;lancer=PLAY",pass,"batch=troll_b; 两局均对敌方5血Yeti预先造成1点伤害；只在手握龙牌的局面指定其并核对死亡，无龙局核对随从存活。; EN=Battlecry: If you're holding a Dragon, destroy a damaged enemy minion.; ZH=战吼：如果你的手牌中有龙牌，则消灭一个受伤的敌方随从。; source=fireplace/cards/troll/warrior.py:16; existing_tests=none; previous=YELLOW:2 个机制缺少充分的核心效果验证；逐机制依据见 card_mechanism.csv。"
TRL_327,TRL_327::same_turn_rush_minion_immunity,Rush minions are immune to damage during the turn they are summoned; immunity ends next turn.,"spirit_stealth_at_play=1;same_turn_rush=('PLAY', True, 4, 1);next_turn_rush=('PLAY', False)",pass,batch=troll_b; 召唤潜行的犀牛精魂与1/3突袭鳞皮兽后，当回合攻击4/5 Yeti，检查己方不受反伤且敌方仍受攻击伤害；下回合再次检查免疫解除。; EN=Stealth for 1 turn. Your Rush minions are Immune the turn they're summoned.; ZH=潜行一回合。你的具有突袭的随从在它被召唤的回合获得免疫。; source=fireplace/cards/troll/warrior.py:30; existing_tests=none; previous=YELLOW:4 个机制缺少充分的核心效果验证；逐机制依据见 card_mechanism.csv。
TRL_328,TRL_328::copy_all_hand_dragons,Copies each Dragon in hand and leaves non-Dragon cards uncopied.,"voone=PLAY;dragon_cards=[('EX1_561', 4, 'HAND', 9, (8, 8)), ('EX1_561', 4, 'HAND', 9, (8, 8))];dragon_count=2;yetis=[('CS2_182', 4, 'HAND', 4, (4, 5))];original_dragon=HAND;original_yeti=HAND",pass,batch=troll_b; 同时持有一张龙牌与一张Yeti打出沃恩，核对手牌龙从1张增为2张、非龙仍只有原牌。; EN=Battlecry: Copy all Dragons in your hand.; ZH=战吼：复制你手牌中的所有龙牌。; source=fireplace/cards/troll/warrior.py:41; existing_tests=none; previous=YELLOW:1 个机制缺少充分的核心效果验证；逐机制依据见 card_mechanism.csv。
TRL_329,TRL_329::overkill_draws_rush_and_buffs_five_five,"Overkill draws a Rush minion and gives it +5/+5, leaving non-Rush minions in the deck.","akali=(5, 4, 'PLAY');target=GRAVEYARD;drawn=[('GIL_143', 4, 'HAND', 2, (6, 8))];deck=['CS2_182']",pass,batch=troll_b; 以突袭的Akali超杀击杀1/1目标；牌库只含一只1/3突袭鳞皮兽与一只非突袭Yeti，核对抽到前者并成为6/8。; EN=Rush Overkill: Draw a Rush minion from your deck. Give it +5/+5.; ZH=突袭，超杀：从你的牌库中抽一张具有突袭的随从牌，并使其获得+5/+5。; source=fireplace/cards/troll/warrior.py:48; existing_tests=none; previous=YELLOW:3 个机制缺少充分的核心效果验证；逐机制依据见 card_mechanism.csv。
TRL_339,TRL_339::beast_all_draw_vs_mixed_discover,Draw all three when the deck's three minions are Beasts; otherwise Discover one.,"choice_open=False;hand=[('NEW1_034', 4, 'HAND', 3, (4, 2)), ('NEW1_033', 4, 'HAND', 3, (2, 4)), ('NEW1_032', 4, 'HAND', 3, (4, 4))];deck=[]; options=['CS2_231', 'NEW1_033', 'NEW1_034'];selected=CS2_231;hand=['CS2_231'];deck=[]",pass,"batch=troll_b; 第一局牌库恰好三种野兽，验证无选择且三张全抽；第二局混入Wisp触发三选一，选定一张后确认仅抽一张。; EN=Discover a minion in your deck. If all 3 are Beasts, draw them all.; ZH=从你的牌库中发现一张随从牌。如果三张牌都是野兽，则抽取全部三张牌。; source=fireplace/cards/troll/hunter.py:64; existing_tests=tests/test_troll.py:138:test_masters_call | tests/test_troll.py:146:test_masters_call; previous=YELLOW:3 个机制缺少充分的核心效果验证；逐机制依据见 card_mechanism.csv。"
TRL_341,TRL_341::transform_treants_only,Transforms all Treants into 5/5 Ancients while leaving other minions unchanged; no-Treant case is a no-op.,"with_treants=True;ancients=[('TRL_341t', 4, 'PLAY', 5, (5, 5)), ('TRL_341t', 4, 'PLAY', 5, (5, 5)), ('TRL_341t', 4, 'PLAY', 5, (5, 5))];other=('CS2_182', 4, 5, 'PLAY');speaker=PLAY;field=['TRL_341t', 'TRL_341t', 'TRL_341t', 'CS2_182', 'TRL_341']; with_treants=False;ancients=[];other=('CS2_182', 4, 5, 'PLAY');speaker=PLAY;field=['CS2_182', 'TRL_341']",pass,batch=troll_b; 分别用自然之力实际召唤三只树人和无树人局面，核对所有树人变成5/5古树且Yeti不变。; EN=Battlecry: Transform your Treants into 5/5 Ancients.; ZH=战吼： 将你的所有树人变形成为5/5的古树。; source=fireplace/cards/troll/druid.py:49; existing_tests=tests/test_troll.py:97:test_treespeaker | tests/test_troll.py:92:test_treespeaker; previous=YELLOW:2 个机制缺少充分的核心效果验证；逐机制依据见 card_mechanism.csv。
TRL_343,TRL_343::all_four_choose_one_forms,Choose One transforms Loti into exactly the selected one of four forms.,"choices=[('TRL_343at2', 'SETASIDE', 'TRL_343at1', (1, 6), 1, None), ('TRL_343bt2', 'SETASIDE', 'TRL_343bt1', (4, 2), False, None), ('TRL_343ct2', 'SETASIDE', 'TRL_343ct1', (1, 4), False, None), ('TRL_343dt2', 'SETASIDE', 'TRL_343dt1', (1, 2), False, None)]",pass,batch=troll_b; 四个独立对局分别传入四个选项ID，检查每局场上本体变形成对应恐龙形态而非保留罗缇或始终变为同一形态。; EN=Choose One - Transform into one of Loti's four dinosaur forms.; ZH=抉择：将该随从变形成为罗缇的四种恐龙形态之一。; source=fireplace/cards/troll/druid.py:56; existing_tests=none; previous=YELLOW:2 个机制缺少充分的核心效果验证；逐机制依据见 card_mechanism.csv。
TRL_345,TRL_345::return_last_turn_spells_only,"Krag'wa returns spells played last turn, not older spells.",frog=PLAY;hand=['CS2_008'];recent_spell_original=GRAVEYARD;older_coin_original=GRAVEYARD,pass,batch=troll_b; 先一回合施放幸运币、下一回合施放月火术，再过到下一己方回合打出蛙神，核对仅月火术从紧邻的上回合返回。; EN=Battlecry: Return all spells you played last turn to your hand.; ZH=战吼：将你上回合使用的所有法术牌移回你的手牌。; source=fireplace/cards/troll/shaman.py:45; existing_tests=tests/test_troll.py:297:test_kragwa_the_frog; previous=YELLOW:1 个机制缺少充分的核心效果验证；逐机制依据见 card_mechanism.csv。
TRL_347,TRL_347::three_damage_and_overkill_devilsaurs,Deals 3 damage; excess lethal damage summons a 5/5 Devilsaur only on Overkill.,"overkill=True;target=('CS2_231', 1, 0, 'GRAVEYARD');devilsaurs=[('TRL_347t', 4, 'PLAY', 5, (5, 5))]; overkill=False;target=('CS2_182', 2, 3, 'PLAY');devilsaurs=[]",pass,batch=troll_b; 分别以1血Wisp超杀和5血Yeti剩2血的非超杀目标，核对3点伤害及5/5魔暴龙分支。; EN=Deal $3 damage. Overkill: Summon a 5/5 Devilsaur.; ZH=造成$3点伤害。超杀：召唤一个5/5的魔暴龙。; source=fireplace/cards/troll/hunter.py:78; existing_tests=tests/test_troll.py:65:test_overkill_spell; previous=YELLOW:3 个机制缺少充分的核心效果验证；逐机制依据见 card_mechanism.csv。
TRL_348,TRL_348::rush_battlecry_linx,Springpaw has Rush and can attack immediately; its Battlecry adds a 1/1 Rush Lynx to hand.,"springpaw=(1, 1, 1, 'GRAVEYARD');target=(4, 1, 'PLAY');lynx=(1, 1, 1, 'HAND');hand=['TRL_348t']",pass,batch=troll_b; 打出春爪后立即攻击敌方Yeti并检查其受伤，另检查战吼手牌中的TRL_348t确为1/1突袭山猫。; EN=[x]Rush Battlecry: Add a 1/1 Lynx with Rush to your hand.; ZH=突袭，战吼：将一张1/1并具有突袭的山猫置入你的手牌。; source=fireplace/cards/troll/hunter.py:8; existing_tests=none; previous=YELLOW:2 个机制缺少充分的核心效果验证；逐机制依据见 card_mechanism.csv。
TRL_349,TRL_349::weapon_conditional_discover_spell,"With a weapon equipped, Discover a spell; without one, no Discover occurs.","weapon=True;strategist=PLAY;options=[('BOT_437', 5), ('BOT_429', 5), ('BOT_402', 5)];selected=BOT_437;hand=['BOT_437']; weapon=False;strategist=PLAY;choice=False;hand=[]",pass,"batch=troll_b; 有武器局装备公正之剑并核对发现选项全是法术、选择后入手；无武器局打出随从并确认没有选择窗口。; EN=Battlecry: If you have a weapon equipped, Discover a spell.; ZH=战吼：如果你装备着武器，发现一张 法术牌。; source=fireplace/cards/troll/hunter.py:15; existing_tests=none; previous=YELLOW:3 个机制缺少充分的核心效果验证；逐机制依据见 card_mechanism.csv。"
TRL_351,TRL_351::three_taunt_toads_overload_three,Summons three 2/4 Taunt Toads and locks 3 mana crystals for next turn.,"toads=[('TRL_351t', 4, 'PLAY', 3, (2, 4)), ('TRL_351t', 4, 'PLAY', 3, (2, 4)), ('TRL_351t', 4, 'PLAY', 3, (2, 4))];taunts=[1, 1, 1];overload_locked_next_turn=3;next_turn_mana=7;used_mana=0",pass,batch=troll_b; 施放暴雨蛙群后数场上令牌并检查每只2/4嘲讽、牌手过载锁定3点。; EN=Summon three 2/4 Toads with Taunt. Overload: (3); ZH=召唤三个2/4并具有嘲讽的蟾蜍。 过载：（3）; source=fireplace/cards/troll/shaman.py:108; existing_tests=none; previous=YELLOW:2 个机制缺少充分的核心效果验证；逐机制依据见 card_mechanism.csv。
TRL_352,TRL_352::attack_aura_tracks_overloaded_crystals,Likkim gains +2 attack with overloaded crystals and returns to base attack when no longer overloaded.,"same_turn=(1, 3, 0);overloaded_turn=(3, 3, 3);normal_turn=(1, 3, 0)",pass,batch=troll_b; 先施放过载3的暴雨蛙群后装备Likkim，按本回合/过载下回合/过载解除后攻击力检查基础1→3→1。; EN=Has +2 Attack while you have Overloaded Mana Crystals.; ZH=当你有过载的法力水晶时，获得+2攻击力。; source=fireplace/cards/troll/shaman.py:122; existing_tests=none; previous=YELLOW:3 个机制缺少充分的核心效果验证；逐机制依据见 card_mechanism.csv。
TRL_360,TRL_360::after_play_minion_deals_one_to_that_minion,"After a minion is played, Overlord's Whip deals exactly 1 damage to that minion and not older allies.","weapon=TRL_360:2/4;old=(5, 0, 'PLAY');new=(4, 1, 'PLAY')",pass,"batch=troll_b; 先控制一只健康Yeti再装备鞭子，随后打出第二只，核对只有新随从受1伤且未被触发误伤的旧随从仍满血。; EN=After you play a minion, deal 1 damage to it.; ZH=在你使用一张随从牌后，对被召唤的随从造成1点伤害。; source=fireplace/cards/troll/warrior.py:105; existing_tests=none; previous=YELLOW:2 个机制缺少充分的核心效果验证；逐机制依据见 card_mechanism.csv。"
TRL_362,TRL_362::add_two_random_dragons,Adds exactly two random Dragon cards to hand while preserving existing hand cards.,"hand=[('CS2_231', 4, 'HAND', 0, (1, 1)), ('CFM_605', 4, 'HAND', 5, (5, 6)), ('DRG_209', 4, 'HAND', 8, (4, 12))];dragons=[('CFM_605', 4, 'HAND', 5, (5, 6)), ('DRG_209', 4, 'HAND', 8, (4, 12))];filler_zone=HAND;deck=0",pass,batch=troll_b; 已有Wisp留手时施放龙吼，核对新增两张均为龙牌随从且原卡仍在手中。; EN=Add 2 random Dragons to your hand.; ZH=随机将两张龙牌置入你的手牌。; source=fireplace/cards/troll/warrior.py:87; existing_tests=none; previous=YELLOW:2 个机制缺少充分的核心效果验证；逐机制依据见 card_mechanism.csv。
TRL_363,TRL_363::deathrattle_gives_opponent_free_agent,Death summons a 0/3 Taunt Free Agent on the opponent's board.,"taskmaster=GRAVEYARD;friendly_tokens=[];enemy_tokens=[('TRL_363t', 4, 'PLAY', 1, (0, 3))];enemy_taunt=[1]",pass,batch=troll_b; 实际打出并摧毁萨隆铁矿监工，分开检查双方场地区域，确认0/3嘲讽自由矿工只给对手。; EN=Deathrattle: Summon a 0/3 Free Agent with Taunt for your opponent.; ZH=亡语：为你的对手召唤一个0/3并具有嘲讽的自由的矿工。; source=fireplace/cards/troll/neutral_common.py:46; existing_tests=none; previous=YELLOW:2 个机制缺少充分的核心效果验证；逐机制依据见 card_mechanism.csv。
TRL_390,TRL_390::next_hero_power_plus_two_once,"The next Hero Power this turn deals 2 extra damage, and the bonus is consumed.","first_after_buffed_power=(2, 3, 'PLAY');second_after_next_turn=(4, 1);eater_after=PLAY;hero_power_cost=2",pass,batch=troll_b; 打出火食者后对5血目标施放法师技能检查3伤；跨回合再对第二个5血目标施放，确认只受普通1伤。; EN=Battlecry: Your next Hero Power this turn deals 2 more damage.; ZH=战吼：在本回合中，你的下一个英雄技能会额外造成2点伤害。; source=fireplace/cards/troll/mage.py:63; existing_tests=tests/test_troll.py:192:test_daring_fire_eater; previous=YELLOW:1 个机制缺少充分的核心效果验证；逐机制依据见 card_mechanism.csv。
TRL_400,TRL_400::secret_triggers_only_when_friendly_minion_attacked,"When an enemy attacks a friendly minion, summon a copy; attacking the hero does not consume the Secret.","attack_minion=True;secret_zone=GRAVEYARD;secret_live=False;defender=(4, 1, 'PLAY');yeti_copies=[('CS2_182', 4, 'PLAY', 4, (4, 4)), ('CS2_182', 4, 'PLAY', 4, (4, 5))];hero_health=30; attack_minion=False;secret_zone=SECRET;secret_live=True;defender=(5, 0, 'PLAY');yeti_copies=[('CS2_182', 4, 'PLAY', 4, (4, 5))];hero_health=29",pass,"batch=troll_b; 敌方英雄装备武器后分别攻击友方Yeti及英雄，前者应触发秘密并复制受伤随从，后者应保留秘密且不复制。; EN=Secret: When one of your minions is attacked, summon a copy of it.; ZH=奥秘：当你的随从受到攻击时，召唤一个该随从的复制。; source=fireplace/cards/troll/mage.py:111; existing_tests=none; previous=YELLOW:4 个机制缺少充分的核心效果验证；逐机制依据见 card_mechanism.csv。"
TRL_405,TRL_405::draw_beast_enchants_only_beast,Drawing a Beast gives it +2/+2; the simultaneously drawn non-Beast is unchanged.,"beastmaster=PLAY;beast=('NEW1_032', 4, 'HAND', 3, (4, 4));beast_races=[20];nonbeast=('CS2_182', 4, 'HAND', 4, (4, 5));nonbeast_races=[<Race.INVALID: 0>];deck=[]",confirmed_error,"batch=troll_b; 场上有驯兽大师、牌库仅有一张4/4野兽和一张4/5非野兽，用奥术智慧同时抽取并逐张核对身材。; EN=Whenever you draw a Beast, give it +2/+2.; ZH=每当你抽到一张野兽牌时，使其获得+2/+2。; source=fireplace/cards/troll/neutral_epic.py:8; existing_tests=none; previous=YELLOW:3 个机制缺少充分的核心效果验证；逐机制依据见 card_mechanism.csv。"
TRL_406,TRL_406::attack_bonus_toggles_with_damage,"Dozing Marksman has +4 attack while damaged, then loses the bonus when healed.","base=(0, 4);damaged=(4, 3, 1);healed=(0, 4, 0);zone=PLAY",pass,batch=troll_b; 对睡眠射手施放月火造成1伤后检查攻击力+4，再治疗至满血检查回到基础攻击。; EN=Has +4 Attack while damaged.; ZH=受伤时具有 +4攻击力。; source=fireplace/cards/troll/neutral_common.py:53; existing_tests=none; previous=YELLOW:1 个机制缺少充分的核心效果验证；逐机制依据见 card_mechanism.csv。
TRL_407,TRL_407::next_hero_power_cost_zero_once,"Waterboy makes the next Hero Power this turn cost 0, then the normal cost returns.","baseline=2;after_waterboy=0;target=(4, 1);after_power=2;next_turn=2;waterboy=PLAY",pass,batch=troll_b; 记录法师技能2费基准，打出水童后当回合0费使用并实际造成伤害，再检查本回合使用后及下一回合恢复2费。; EN=Battlecry: Your next Hero Power this turn costs (0).; ZH=战吼： 在本回合中，你的下一个英雄技能的法力值消耗为（0）点。; source=fireplace/cards/troll/neutral_rare.py:15; existing_tests=none; previous=YELLOW:1 个机制缺少充分的核心效果验证；逐机制依据见 card_mechanism.csv。
TRL_408,TRL_408::one_cost_discount_per_spell_and_taunt,Each spell cast this game reduces Grave Horror by 1; it retains Taunt when played.,"base=12;after_one_spell=11;after_two_spells=10;played=('PLAY', 7, 8, 1);mana=0",pass,batch=troll_b; 先持有12费墓穴恐魔，分别施放两张0费月火检查12→11→10，再实际打出并确认嘲讽。; EN=[x]Taunt Costs (1) less for each spell you've cast this game.; ZH=嘲讽 在本局对战中，你每施放一个法术就会使法力值消耗减少（1）点。; source=fireplace/cards/troll/priest.py:31; existing_tests=none; previous=YELLOW:2 个机制缺少充分的核心效果验证；逐机制依据见 card_mechanism.csv。
TRL_409,TRL_409::eat_deck_minion_gain_stats_and_return_it,"Gral eats a deck minion, gains its stats, then its Deathrattle returns that minion to hand.","after_battlecry=(6, 7, 0);eaten=[('CS2_182', 4, 'GRAVEYARD', 4, (4, 5))];gral_zone=GRAVEYARD;returned=[('CS2_182', 4, 'HAND', 4, (4, 5))];deck=[]",pass,batch=troll_b; 牌库仅放4/5 Yeti，打出5费鲨鱼后检查其变成6/7且牌库消耗；摧毁鲨鱼后检查Yeti副本回手。; EN=[x]Battlecry: Eat a minion in your deck and gain its stats. Deathrattle: Add it to your hand.; ZH=战吼：吞食一个你的牌库中的随从，并获得其属性值。亡语：将被吞食的随从置入手牌。; source=fireplace/cards/troll/rogue.py:57; existing_tests=none; previous=YELLOW:3 个机制缺少充分的核心效果验证；逐机制依据见 card_mechanism.csv。
TRL_500,TRL_500::destroys_three_crystals_and_buffs_deck_minions,"Destroys 3 of 10 Mana Crystals, gives each deck minion +2/+2, and leaves a deck spell unchanged.","mana=10->7;spell=GRAVEYARD;yeti=('CS2_182', 4, 'DECK', 4, (6, 7));wisp=('CS2_231', 4, 'DECK', 0, (3, 3));fireball=('CS2_029', 5, 'DECK', 4, None);deck=['CS2_182', 'CS2_231', 'CS2_029'];current_mana=7",pass,batch=troll_c; 把Yeti、Wisp及火球术分别洗入牌库；施放后核对最大法力水晶、两种随从身材、法术费用和牌库区域。; EN=[x]Destroy 3 of your Mana Crystals. Give all minions in your deck +2/+2.; ZH=摧毁你的三个法力水晶。使你牌库中的所有随从牌获得+2/+2。; source=fireplace/cards/troll/priest.py:112; existing_tests=none; prior_card=YELLOW:1 个机制缺少充分的核心效果验证；逐机制依据见 card_mechanism.csv。; prior_mechanics=Spell resolution=YELLOW:存在定义或元数据候选；当前没有可复查的该机制核心效果断言。; related_issues=none
TRL_501,TRL_501::healing_becomes_damage_until_turn_end,"Regenerate deals 3 damage to the Priest hero during Auchenai's turn; after that turn, Regenerate heals 3.",phantasm=PLAY;during=28;after_next_turn_heal=30;spells=GRAVEYARD/GRAVEYARD;damage=0;armor=0,confirmed_error,"batch=troll_c; 先让己方英雄缺5血，再由Phantasm本回合和下回合分别施放3点恢复，核对先掉血、过回合后恢复。; EN=Battlecry: This turn, your healing effects deal damage instead.; ZH=战吼：在本回合中，你的治疗效果转而造成等量的伤害。; source=fireplace/cards/troll/priest.py:38; existing_tests=none; prior_card=YELLOW:1 个机制缺少充分的核心效果验证；逐机制依据见 card_mechanism.csv。; prior_mechanics=Battlecry=YELLOW:存在定义或元数据候选；当前没有可复查的该机制核心效果断言。; related_issues=none"
TRL_502,TRL_502::friendly_death_shuffles_one_cost_copy_and_stealth_expires,"Spirit is Stealthed at entry, shuffles a 1-Cost Wisp copy after a friendly Wisp dies, and loses Stealth on its next turn.",spirit=PLAY/stealth:1->False;victim=GRAVEYARD;copy=[];moonfire=GRAVEYARD;deck=[],confirmed_error,"batch=troll_c; 用对手实际施放月火术击杀友方Wisp，检查牌库复制费用/区域，并跨到下一己方回合验证潜行结束。; EN=[x]Stealth for 1 turn. After a friendly minion dies, shuffle a 1-Cost copy of it into your deck.; ZH=潜行一回合。在一个友方随从死亡后，将它的一张复制洗入你的牌库，其法力值消耗为（1）。; source=fireplace/cards/troll/priest.py:48; existing_tests=none; prior_card=YELLOW:2 个机制缺少充分的核心效果验证；逐机制依据见 card_mechanism.csv。; prior_mechanics=Stealth=YELLOW:存在定义或元数据候选；当前没有可复查的该机制核心效果断言。 | Trigger=YELLOW:存在定义或元数据候选；当前没有可复查的该机制核心效果断言。; related_issues=DEATH-004(confirmed):Death 广播前先把死亡随从移入墓地，而 FRIENDLY_MINIONS/ENEMY_MINIONS 选择器要求目标仍在场；OG_302、GIL_819、ICC_900 均漏触发。对照 EX1_595 用无区域限制的选择器正常触发。"
TRL_503,TRL_503::deathrattle_summons_three_scarabs,"When Scarab Egg dies, three 1/1 Scarabs are summoned to its controller's board.","egg=GRAVEYARD;fireball=GRAVEYARD;scarabs=[(1, 1, 'PLAY'), (1, 1, 'PLAY'), (1, 1, 'PLAY')];field=['TRL_503t', 'TRL_503t', 'TRL_503t']",pass,batch=troll_c; 先召唤蛋，再让对手火球术真实击杀；逐一检查三只衍生随从的ID、身材和场上区域。; EN=Deathrattle: Summon three 1/1 Scarabs.; ZH=亡语：召唤三只1/1的甲虫。; source=fireplace/cards/troll/neutral_common.py:63; existing_tests=none; prior_card=YELLOW:2 个机制缺少充分的核心效果验证；逐机制依据见 card_mechanism.csv。; prior_mechanics=Deathrattle=YELLOW:存在效果脚本；烟测仅验证执行和基础状态，缺少充分逐卡效果断言。 | Summon=YELLOW:存在定义或元数据候选；当前没有可复查的该机制核心效果断言。; related_issues=none
TRL_504,TRL_504::battlecry_gives_opponent_coin,Booty Bay Bookie's Battlecry adds one playable 0-Cost Coin to the opponent's hand.,"bookie=PLAY/3/3;opponent_hand=[('GAME_005', 5, 'HAND', 0, None)];own_hand=[]",pass,batch=troll_c; 实战打出随从后检查金币确实进入对手而非己方手牌，且费用为0并属于法术。; EN=Battlecry: Give your opponent a Coin.; ZH=战吼：使你的对手获得一个幸运币。; source=fireplace/cards/troll/neutral_rare.py:30; existing_tests=none; prior_card=YELLOW:1 个机制缺少充分的核心效果验证；逐机制依据见 card_mechanism.csv。; prior_mechanics=Battlecry=YELLOW:存在定义或元数据候选；当前没有可复查的该机制核心效果断言。; related_issues=none
TRL_505,TRL_505::deathrattle_reduces_beast_cost_one,Helpless Hatchling's death reduces the held Beast's cost by exactly 1 without changing a held non-Beast.,hatchling=GRAVEYARD;fireball=GRAVEYARD;beast=GIL_558/20/HAND/1->0;other=CS2_182/HAND/4->4,pass,batch=troll_c; 手中准备Swamp Leech野兽和Yeti非野兽，对手火球术击杀Hatchling后检查二者费用及手牌区域。; EN=Deathrattle: Reduce the Cost of a Beast in your hand by (1).; ZH=亡语：使你手牌中的一张野兽牌法力值消耗减少（1）点。; source=fireplace/cards/troll/neutral_common.py:70; existing_tests=none; prior_card=YELLOW:2 个机制缺少充分的核心效果验证；逐机制依据见 card_mechanism.csv。; prior_mechanics=Cost modification=YELLOW:存在定义或元数据候选；当前没有可复查的该机制核心效果断言。 | Deathrattle=YELLOW:存在效果脚本；烟测仅验证执行和基础状态，缺少充分逐卡效果断言。; related_issues=none
TRL_506,TRL_506::overkill_adds_five_attack,A 4-Attack Chicken overkills a 1-Health minion and gains +5 Attack while surviving its 1-Attack retaliation.,overkill=True;blessing=GRAVEYARD;shield=GRAVEYARD;before=9/2;attack_error=None;chicken=PLAY/9/2;target=GRAVEYARD/1/0,pass,batch=troll_c; 用祝福之力+3攻和真言术：盾+2生命，把鸡变为4/3；跨回合击杀1血Wisp并核对超杀加攻。; EN=Overkill: Gain +5 Attack.; ZH=超杀： 获得+5攻击力。; source=fireplace/cards/troll/neutral_common.py:82; existing_tests=none; prior_card=YELLOW:1 个机制缺少充分的核心效果验证；逐机制依据见 card_mechanism.csv。; prior_mechanics=Unclassified effect=YELLOW:存在定义或元数据候选；当前没有可复查的该机制核心效果断言。; related_issues=none
TRL_506,TRL_506::exact_lethal_does_not_add_attack,"A 1-Attack Chicken exactly kills a 1-Health minion, dies in combat, and gains no Overkill bonus.",overkill=False;blessing=None;shield=None;before=1/1;attack_error=None;chicken=GRAVEYARD/1/1;target=GRAVEYARD/1/0,pass,batch=troll_c; 未加攻击时精确击杀1血Wisp，作为超杀边界对照。; EN=Overkill: Gain +5 Attack.; ZH=超杀： 获得+5攻击力。; source=fireplace/cards/troll/neutral_common.py:82; existing_tests=none; prior_card=YELLOW:1 个机制缺少充分的核心效果验证；逐机制依据见 card_mechanism.csv。; prior_mechanics=Unclassified effect=YELLOW:存在定义或元数据候选；当前没有可复查的该机制核心效果断言。; related_issues=none
TRL_507,TRL_507::only_hero_attack_summons_pirate,A friendly minion attack does not trigger Sharkfin Fan; the hero's weapon attack summons one 1/1 Pirate.,"fan=PLAY;weapon=PLAY/3;minion_attack=1/GRAVEYARD;after_minion=0;hero_attack=1;enemy_hero=29;pirates=[(1, 1, 'PLAY')]",pass,"batch=troll_c; 同回合先用己方随从攻击Wisp，再用Light's Justice攻击对方英雄，分别检查海盗数量和1/1身材。; EN=After your hero attacks, summon a 1/1 Pirate.; ZH=在你的英雄攻击后，召唤一个1/1的海盗。; source=fireplace/cards/troll/neutral_common.py:92; existing_tests=none; prior_card=YELLOW:2 个机制缺少充分的核心效果验证；逐机制依据见 card_mechanism.csv。; prior_mechanics=Summon=YELLOW:存在定义或元数据候选；当前没有可复查的该机制核心效果断言。 | Trigger=YELLOW:存在定义或元数据候选；当前没有可复查的该机制核心效果断言。; related_issues=none"
TRL_508,TRL_508::heals_two_at_start_of_owner_turn,Regeneratin' Thug restores 2 Health at its controller's turn start after being damaged during the opponent's turn.,"spells=GRAVEYARD/GRAVEYARD;before=(3, 2);after=5/0;turn=True;zone=PLAY",pass,"batch=troll_c; 敌方回合连续对随从施放两次月火术，切回己方回合后核对当前生命与伤害值。; EN=At the start of your turn, restore #2 Health to this minion.; ZH=在你的回合开始时，为该随从恢复 #2点生命值。; source=fireplace/cards/troll/neutral_common.py:99; existing_tests=none; prior_card=YELLOW:1 个机制缺少充分的核心效果验证；逐机制依据见 card_mechanism.csv。; prior_mechanics=Trigger=YELLOW:存在定义或元数据候选；当前没有可复查的该机制核心效果断言。; related_issues=none"
TRL_509,TRL_509::adds_two_bananas_that_each_give_plus_one_plus_one,Battlecry adds two Bananas; playing both on a Wisp gives it +2/+2 total.,"buffoon=PLAY;before=(1, 1);after=3/3;bananas=['GRAVEYARD', 'GRAVEYARD'];hand=[]",pass,batch=troll_c; 场上准备Wisp，逐张打出Buffoon生成的两张香蕉并检查目标身材及香蕉离手区域。; EN=Battlecry: Add 2 Bananas to your hand.; ZH=战吼：将两根香蕉 置入你的手牌。; source=fireplace/cards/troll/neutral_common.py:106; existing_tests=none; prior_card=YELLOW:1 个机制缺少充分的核心效果验证；逐机制依据见 card_mechanism.csv。; prior_mechanics=Battlecry=YELLOW:存在定义或元数据候选；当前没有可复查的该机制核心效果断言。; related_issues=none
TRL_512,TRL_512::battlecry_damage_heals_through_lifesteal,Cheaty Anklebiter deals 1 to the enemy hero and Lifesteal restores 1 Health to its controller.,hero=25->26;enemy=29;minion=PLAY/2/1/lifesteal:1;spell_target=HERO_08,pass,batch=troll_c; 让己方英雄缺5血，以英雄作为战吼目标造成1点并逐项核对敌我英雄生命、吸血关键词和随从区域。; EN=Lifesteal Battlecry: Deal 1 damage.; ZH=吸血 战吼：造成1点伤害。; source=fireplace/cards/troll/neutral_common.py:124; existing_tests=tests/test_misc.py:89:test_lifesteal_and_auchenai; prior_card=YELLOW:3 个机制缺少充分的核心效果验证；逐机制依据见 card_mechanism.csv。; prior_mechanics=Battlecry=YELLOW:存在定义或元数据候选；当前没有可复查的该机制核心效果断言。 | Lifesteal=YELLOW:存在定义或元数据候选；当前没有可复查的该机制核心效果断言。 | Targeting=YELLOW:缺目标与非法自身目标均在付费/移区前被拒绝；合法目标效果仍需逐卡验证。; related_issues=none
TRL_513,TRL_513::taunt_divine_shield_survive_combat,Mosh'Ogg Enforcer has Taunt and Divine Shield; a 1-Attack Wisp removes the Shield without damaging the 2/14.,"before=(2, 14, 1, 1);error=None;enforcer=PLAY/2/14/damage:0/taunt:1/shield:False;attacker=GRAVEYARD/0",pass,batch=troll_c; 实际召唤XML定义的2/14随从及敌方1/1 Wisp，跨回合战斗后检查嘲讽仍在、圣盾消失且本体无伤。; EN=Taunt Divine Shield; ZH=嘲讽 圣盾; source=fireplace/cards/CardDefs.xml#TRL_513; existing_tests=none; prior_card=YELLOW:2 个机制缺少充分的核心效果验证；逐机制依据见 card_mechanism.csv。; prior_mechanics=Divine Shield=YELLOW:存在定义或元数据候选；当前没有可复查的该机制核心效果断言。 | Taunt=YELLOW:存在定义或元数据候选；当前没有可复查的该机制核心效果断言。; related_issues=none
TRL_514,TRL_514::two_enemy_minions_grant_one_attack,"With two opposing minions, Belligerent Gnome is 2/4 with Taunt.","enemy_count=2;enemies=['PLAY', 'PLAY'];gnome=PLAY/2/4/taunt:1",pass,"batch=troll_c; 对手场上恰有两个Wisp，检查战吼加攻及Taunt。; EN=[x]Taunt Battlecry: If your opponent has 2 or more minions, gain +1 Attack.; ZH=嘲讽 战吼：如果你的对手拥有2个或者更多随从，便获得+1攻击力。; source=fireplace/cards/troll/neutral_rare.py:37; existing_tests=none; prior_card=YELLOW:2 个机制缺少充分的核心效果验证；逐机制依据见 card_mechanism.csv。; prior_mechanics=Battlecry=YELLOW:存在定义或元数据候选；当前没有可复查的该机制核心效果断言。 | Taunt=YELLOW:存在定义或元数据候选；当前没有可复查的该机制核心效果断言。; related_issues=none"
TRL_514,TRL_514::one_enemy_minion_does_not_grant_attack,"With one opposing minion, Belligerent Gnome remains 1/4 with Taunt.",enemy_count=1;enemies=['PLAY'];gnome=PLAY/1/4/taunt:1,pass,"batch=troll_c; 对手只控制一个Wisp，检查条件阈值以下不加攻。; EN=[x]Taunt Battlecry: If your opponent has 2 or more minions, gain +1 Attack.; ZH=嘲讽 战吼：如果你的对手拥有2个或者更多随从，便获得+1攻击力。; source=fireplace/cards/troll/neutral_rare.py:37; existing_tests=none; prior_card=YELLOW:2 个机制缺少充分的核心效果验证；逐机制依据见 card_mechanism.csv。; prior_mechanics=Battlecry=YELLOW:存在定义或元数据候选；当前没有可复查的该机制核心效果断言。 | Taunt=YELLOW:存在定义或元数据候选；当前没有可复查的该机制核心效果断言。; related_issues=none"
TRL_515,TRL_515::three_enemy_minions_reduce_cost_by_three,Three enemy minions reduce Rabble Bouncer from 7 to 4 mana; it can be played with Taunt.,"enemy_count=3;enemy_ids=['CS2_231', 'CS2_231', 'CS2_231'];cost=4;taunt:1;mana=10",pass,batch=troll_c; 对手三只Wisp，读手牌动态费用并实际打出后检查嘲讽。; EN=Taunt Costs (1) less for each enemy minion.; ZH=嘲讽 每有一个敌方随从，该牌的法力值消耗减少（1）点。; source=fireplace/cards/troll/neutral_common.py:134; existing_tests=none; prior_card=YELLOW:2 个机制缺少充分的核心效果验证；逐机制依据见 card_mechanism.csv。; prior_mechanics=Cost modification=YELLOW:存在定义或元数据候选；当前没有可复查的该机制核心效果断言。 | Taunt=YELLOW:存在定义或元数据候选；当前没有可复查的该机制核心效果断言。; related_issues=none
TRL_515,TRL_515::empty_enemy_board_keeps_base_cost,"With no enemy minions, Rabble Bouncer remains at its base 7-Cost and is not auto-played.",enemy_count=0;enemy_ids=[];cost=7;taunt:1;mana=10,pass,batch=troll_c; 空敌方场面核对未减费牌仍在手牌且保持7费。; EN=Taunt Costs (1) less for each enemy minion.; ZH=嘲讽 每有一个敌方随从，该牌的法力值消耗减少（1）点。; source=fireplace/cards/troll/neutral_common.py:134; existing_tests=none; prior_card=YELLOW:2 个机制缺少充分的核心效果验证；逐机制依据见 card_mechanism.csv。; prior_mechanics=Cost modification=YELLOW:存在定义或元数据候选；当前没有可复查的该机制核心效果断言。 | Taunt=YELLOW:存在定义或元数据候选；当前没有可复查的该机制核心效果断言。; related_issues=none
TRL_516,TRL_516::own_turn_start_destroys_offering_and_gains_eight_armor,"At the next start of its owner's turn, Gurubashi Offering is destroyed and grants exactly 8 Armor.",offering=GRAVEYARD;armor=0->8;current=True,pass,"batch=troll_c; 召唤后实际经过双方回合切换，核对随从进入墓地且英雄获得8护甲。; EN=At the start of your turn, destroy this and gain 8 Armor.; ZH=在你的回合开始时，消灭该随从，并获得 8点护甲值。; source=fireplace/cards/troll/neutral_epic.py:18; existing_tests=none; prior_card=YELLOW:1 个机制缺少充分的核心效果验证；逐机制依据见 card_mechanism.csv。; prior_mechanics=Trigger=YELLOW:存在定义或元数据候选；当前没有可复查的该机制核心效果断言。; related_issues=none"
TRL_517,TRL_517::battlecry_buffs_every_hand_minion_only,Arena Fanatic gives each minion in hand +1/+1 and leaves a spell unchanged.,"before=(1, 1, 4, 5, 4);wisp=2/2/HAND;yeti=5/6/HAND;spell=4/HAND;fanatic=PLAY",pass,batch=troll_c; 手牌放入Wisp、Yeti和火球术，打出战吼随从后逐张核对身材、费用和区域。; EN=Battlecry: Give all minions in your hand +1/+1.; ZH=战吼：使你手牌中的所有随从牌获得+1/+1。; source=fireplace/cards/troll/neutral_common.py:141; existing_tests=none; prior_card=YELLOW:1 个机制缺少充分的核心效果验证；逐机制依据见 card_mechanism.csv。; prior_mechanics=Battlecry=YELLOW:存在定义或元数据候选；当前没有可复查的该机制核心效果断言。; related_issues=none
TRL_520,TRL_520::deathrattle_draws_both_deck_murlocs_and_skips_nonmurloc,"When killed, Murloc Tastyfin draws both Murlocs from the deck while a non-Murloc remains in the deck.","tastyfin=GRAVEYARD;fireball=GRAVEYARD;drawn=[('EX1_506', 'HAND'), ('CS2_168', 'HAND')];nonmurloc=DECK;deck=['CS2_231']",pass,batch=troll_c; 牌库放入两种鱼人和Wisp，让对手火球术实际击杀后检查抽到的ID与非鱼人仍在牌库。; EN=[x]Deathrattle: Draw 2 Murlocs from your deck.; ZH=亡语：从你的牌库中抽两张鱼人牌。; source=fireplace/cards/troll/neutral_rare.py:48; existing_tests=none; prior_card=YELLOW:2 个机制缺少充分的核心效果验证；逐机制依据见 card_mechanism.csv。; prior_mechanics=Deathrattle=YELLOW:存在效果脚本；烟测仅验证执行和基础状态，缺少充分逐卡效果断言。 | Draw / Discard=YELLOW:存在定义或元数据候选；当前没有可复查的该机制核心效果断言。; related_issues=none
TRL_521,TRL_521::one_damage_overkill_summons_another_patron,A 3/3 Arena Patron that kills a 1-Health Wisp summons one additional 3/3 Patron.,"overkill=True;error=None;target=GRAVEYARD/damage:-;patron=PLAY/3/2;patrons=[('PLAY', 3, 2), ('PLAY', 3, 3)]",pass,batch=troll_c; 己方奴隶主攻击敌方1血Wisp，超过其剩余生命并核对多出的一只3/3。; EN=Overkill: Summon another Arena Patron.; ZH=超杀：召唤另一个竞技场奴隶主。; source=fireplace/cards/troll/neutral_rare.py:55; existing_tests=none; prior_card=YELLOW:1 个机制缺少充分的核心效果验证；逐机制依据见 card_mechanism.csv。; prior_mechanics=Summon=YELLOW:存在定义或元数据候选；当前没有可复查的该机制核心效果断言。; related_issues=none
TRL_521,TRL_521::exact_lethal_does_not_summon_patron,An Arena Patron exactly kills a 3-Health Wisp and does not trigger Overkill.,"overkill=False;error=None;target=GRAVEYARD/damage:-;patron=PLAY/3/2;patrons=[('PLAY', 3, 2)]",pass,batch=troll_c; 对手用真言术：盾把Wisp实际提高到3血；奴隶主恰好造成3伤，验证超杀边界。; EN=Overkill: Summon another Arena Patron.; ZH=超杀：召唤另一个竞技场奴隶主。; source=fireplace/cards/troll/neutral_rare.py:55; existing_tests=none; prior_card=YELLOW:1 个机制缺少充分的核心效果验证；逐机制依据见 card_mechanism.csv。; prior_mechanics=Summon=YELLOW:存在定义或元数据候选；当前没有可复查的该机制核心效果断言。; related_issues=none
TRL_522,TRL_522::two_prior_spells_enable_targeted_two_damage,"After two spells in the turn, Wartbringer deals exactly 2 damage to the selected enemy minion.",powered=True;target=PLAY/3/damage:2;wart=PLAY;played_spells=3,pass,"batch=troll_c; 先实际施放两次月火术，再以敌方Yeti为目标打出战吼并检查其伤害。; EN=Battlecry: If you played 2 spells this turn, deal 2 damage.; ZH=战吼：如果你在本回合施放了两个法术，则造成2点伤害。; source=fireplace/cards/troll/shaman.py:52; existing_tests=tests/test_troll.py:284:test_wartbringer; prior_card=YELLOW:2 个机制缺少充分的核心效果验证；逐机制依据见 card_mechanism.csv。; prior_mechanics=Battlecry=YELLOW:存在定义或元数据候选；当前没有可复查的该机制核心效果断言。 | Targeting=YELLOW:存在定义或元数据候选；当前没有可复查的该机制核心效果断言。; related_issues=none"
TRL_522,TRL_522::no_prior_spells_allows_no_target_and_deals_none,"With no spells played, Wartbringer can be played without a target and deals no damage.",powered=False;target=PLAY/5/damage:0;wart=PLAY;played_spells=1,pass,"batch=troll_c; 本回合未施法但敌方有随从，验证战吼不要求目标且不造成伤害。; EN=Battlecry: If you played 2 spells this turn, deal 2 damage.; ZH=战吼：如果你在本回合施放了两个法术，则造成2点伤害。; source=fireplace/cards/troll/shaman.py:52; existing_tests=tests/test_troll.py:284:test_wartbringer; prior_card=YELLOW:2 个机制缺少充分的核心效果验证；逐机制依据见 card_mechanism.csv。; prior_mechanics=Battlecry=YELLOW:存在定义或元数据候选；当前没有可复查的该机制核心效果断言。 | Targeting=YELLOW:存在定义或元数据候选；当前没有可复查的该机制核心效果断言。; related_issues=none"
TRL_523,TRL_523::holding_dragon_opens_three_spell_discover,Holding a Dragon opens Discover with three spell options and the chosen spell enters hand.,"dragon=HAND;options=[('EX1_180', '5'), ('EX1_295', '5'), ('CS2_022', '5')];all_spells=True;chosen=EX1_180;choice_after=False;hand=[('EX1_572', 'HAND'), ('EX1_180', 'HAND')]",pass,"batch=troll_c; 持有暮光幼龙，打出女巫博士，逐项检查三张选择都是法术并将选中牌加入手牌。; EN=[x]Battlecry: If you're holding a Dragon, Discover a spell.; ZH=战吼：如果你的手牌中有龙牌，便发现 一张法术牌。; source=fireplace/cards/troll/neutral_rare.py:62; existing_tests=none; prior_card=YELLOW:3 个机制缺少充分的核心效果验证；逐机制依据见 card_mechanism.csv。; prior_mechanics=Battlecry=YELLOW:存在定义或元数据候选；当前没有可复查的该机制核心效果断言。 | Discover / Choice=YELLOW:存在定义或元数据候选；当前没有可复查的该机制核心效果断言。 | Random effects=YELLOW:存在定义或元数据候选；当前没有可复查的该机制核心效果断言。; related_issues=none"
TRL_523,TRL_523::no_dragon_skips_discover,"Without a Dragon in hand, the Battlecry creates no Discover choice.",dragon=None;choice=None;witchdoctor=PLAY;hand=[],pass,"batch=troll_c; 不持龙牌直接打出，验证没有发现界面/待选项。; EN=[x]Battlecry: If you're holding a Dragon, Discover a spell.; ZH=战吼：如果你的手牌中有龙牌，便发现 一张法术牌。; source=fireplace/cards/troll/neutral_rare.py:62; existing_tests=none; prior_card=YELLOW:3 个机制缺少充分的核心效果验证；逐机制依据见 card_mechanism.csv。; prior_mechanics=Battlecry=YELLOW:存在定义或元数据候选；当前没有可复查的该机制核心效果断言。 | Discover / Choice=YELLOW:存在定义或元数据候选；当前没有可复查的该机制核心效果断言。 | Random effects=YELLOW:存在定义或元数据候选；当前没有可复查的该机制核心效果断言。; related_issues=none"
TRL_524,TRL_524::valid_enemy_taunt_target_is_silenced,Shieldbreaker removes Taunt and Divine Shield from a valid enemy Taunt minion.,target=PLAY;taunt=False;shield=False;silenced=True;card=PLAY,pass,batch=troll_c; 以敌方具有嘲讽和圣盾的Mosh'Ogg Enforcer为目标，检查沉默及关键词移除。; EN=Battlecry: Silence an enemy minion with Taunt.; ZH=战吼：沉默一个具有嘲讽的敌方随从。; source=fireplace/cards/troll/neutral_rare.py:70; existing_tests=none; prior_card=YELLOW:3 个机制缺少充分的核心效果验证；逐机制依据见 card_mechanism.csv。; prior_mechanics=Battlecry=YELLOW:存在定义或元数据候选；当前没有可复查的该机制核心效果断言。 | Silence=YELLOW:存在定义或元数据候选；当前没有可复查的该机制核心效果断言。 | Targeting=YELLOW:存在定义或元数据候选；当前没有可复查的该机制核心效果断言。; related_issues=none
TRL_524,TRL_524::non_taunt_enemy_target_is_rejected_without_cost,An enemy minion without Taunt is rejected before Shieldbreaker leaves hand or spends mana.,error=None;target=PLAY/silenced:False;card=PLAY;mana=10->8,confirmed_error,batch=troll_c; 尝试指定敌方无嘲讽Yeti，要求非法目标被拒且手牌、法力、目标状态不变。; EN=Battlecry: Silence an enemy minion with Taunt.; ZH=战吼：沉默一个具有嘲讽的敌方随从。; source=fireplace/cards/troll/neutral_rare.py:70; existing_tests=none; prior_card=YELLOW:3 个机制缺少充分的核心效果验证；逐机制依据见 card_mechanism.csv。; prior_mechanics=Battlecry=YELLOW:存在定义或元数据候选；当前没有可复查的该机制核心效果断言。 | Silence=YELLOW:存在定义或元数据候选；当前没有可复查的该机制核心效果断言。 | Targeting=YELLOW:存在定义或元数据候选；当前没有可复查的该机制核心效果断言。; related_issues=none
TRL_525,TRL_525::deathrattle_draws_exactly_two_cards,Arena Treasure Chest draws exactly two cards when killed; one of three deck cards remains.,"chest=GRAVEYARD;removal=GRAVEYARD;drawn=[('CS2_231', 'HAND'), ('CS2_182', 'HAND')];remaining=['CS2_029'];deck=['CS2_029']",pass,batch=troll_c; 三张不同卡牌洗入牌库，让对手火球术实际击杀宝箱，核对两张进手牌、一张仍在牌库。; EN=Deathrattle: Draw 2 cards.; ZH=亡语：抽两张牌。; source=fireplace/cards/troll/neutral_common.py:151; existing_tests=none; prior_card=YELLOW:2 个机制缺少充分的核心效果验证；逐机制依据见 card_mechanism.csv。; prior_mechanics=Deathrattle=YELLOW:存在效果脚本；烟测仅验证执行和基础状态，缺少充分逐卡效果断言。 | Draw / Discard=YELLOW:存在定义或元数据候选；当前没有可复查的该机制核心效果断言。; related_issues=none
TRL_526,TRL_526::battlecry_hits_friendly_and_enemy_other_minions_only,Dragonmaw Scorcher deals 1 damage to both players' other minions while remaining undamaged.,"before=(5, 5);friendly=PLAY/4/damage:1;enemy=PLAY/4/damage:1;scorcher=PLAY/6/damage:0",pass,batch=troll_c; 双方各准备Yeti后打出Scorcher，检查友敌双方受到1伤、本体未受伤且仍在场。; EN=Battlecry: Deal 1 damage to all other minions.; ZH=战吼：对所有其他随从造成1点伤害。; source=fireplace/cards/troll/neutral_common.py:158; existing_tests=none; prior_card=YELLOW:1 个机制缺少充分的核心效果验证；逐机制依据见 card_mechanism.csv。; prior_mechanics=Battlecry=YELLOW:存在定义或元数据候选；当前没有可复查的该机制核心效果断言。; related_issues=none
TRL_527,TRL_527::both_players_receive_copy_from_opponents_deck,"Each player receives the distinct card from the opponent's deck, not from their own deck.","own_deck=DECK;enemy_deck=DECK;own_hand=[('CS2_029', 'HAND')];enemy_hand=[('CS2_231', 'HAND')];trickster=PLAY",confirmed_error,batch=troll_c; 己方牌库只放火球、对手牌库只放Wisp，打出后分别检查双方新获得的对方牌库卡牌副本。; EN=[x]Battlecry: Give each player a copy of a random card from their opponent's deck.; ZH=战吼：使双方玩家各随机获得一张对方牌库中的卡牌的复制。; source=fireplace/cards/troll/neutral_epic.py:25; existing_tests=none; prior_card=YELLOW:2 个机制缺少充分的核心效果验证；逐机制依据见 card_mechanism.csv。; prior_mechanics=Battlecry=YELLOW:存在定义或元数据候选；当前没有可复查的该机制核心效果断言。 | Random effects=YELLOW:存在定义或元数据候选；当前没有可复查的该机制核心效果断言。; related_issues=none
TRL_528,TRL_528::overkill_doubles_current_attack,Linecracker overkills a 1-Health Wisp and doubles its Attack from 5 to 10.,overkill=True;error=None;before_atk=5;linecracker=PLAY/10/9;target=GRAVEYARD,pass,batch=troll_c; 5攻Linecracker攻击1血Wisp，检查超杀后攻击变10且本体存活。; EN=Overkill: Double this minion's Attack.; ZH=超杀：使该随从的攻击力翻倍。; source=fireplace/cards/troll/neutral_epic.py:36; existing_tests=none; prior_card=YELLOW:1 个机制缺少充分的核心效果验证；逐机制依据见 card_mechanism.csv。; prior_mechanics=Unclassified effect=YELLOW:存在定义或元数据候选；当前没有可复查的该机制核心效果断言。; related_issues=none
TRL_528,TRL_528::exact_lethal_keeps_attack_unchanged,Linecracker exactly kills a 5-Health Yeti and stays at 5 Attack.,overkill=False;error=None;before_atk=5;linecracker=PLAY/5/6;target=GRAVEYARD,pass,batch=troll_c; Linecracker恰好对5血Yeti造成5伤，检查未触发超杀、攻击仍为5。; EN=Overkill: Double this minion's Attack.; ZH=超杀：使该随从的攻击力翻倍。; source=fireplace/cards/troll/neutral_epic.py:36; existing_tests=none; prior_card=YELLOW:1 个机制缺少充分的核心效果验证；逐机制依据见 card_mechanism.csv。; prior_mechanics=Unclassified effect=YELLOW:存在定义或元数据候选；当前没有可复查的该机制核心效果断言。; related_issues=none
TRL_530,TRL_530::controlled_secret_plays_one_deck_secret,"With a Secret already controlled, Masked Contender plays a Secret from the deck.","active=SECRET;secrets=[('EX1_289', 'SECRET'), ('EX1_294', 'SECRET')];deck_secret=SECRET;contender=PLAY;mana=4",pass,"batch=troll_c; 先实际施放奥秘，再打出Contender，核对另一张奥秘由牌库进入奥秘区。; EN=Battlecry: If you control a Secret, cast a Secret from your deck.; ZH=战吼： 如果你控制一个奥秘，则从你的牌库中施放一个奥秘。; source=fireplace/cards/troll/neutral_epic.py:47; existing_tests=none; prior_card=YELLOW:2 个机制缺少充分的核心效果验证；逐机制依据见 card_mechanism.csv。; prior_mechanics=Battlecry=YELLOW:存在定义或元数据候选；当前没有可复查的该机制核心效果断言。 | Summon=YELLOW:存在定义或元数据候选；当前没有可复查的该机制核心效果断言。; related_issues=none"
TRL_530,TRL_530::no_controlled_secret_keeps_deck_secret,"Without a controlled Secret, Masked Contender leaves the deck Secret untouched.",active=None;secrets=[];deck_secret=DECK;contender=PLAY;mana=7,pass,"batch=troll_c; 不控制奥秘时打出Contender，核对牌库奥秘仍在牌库且未进入奥秘区。; EN=Battlecry: If you control a Secret, cast a Secret from your deck.; ZH=战吼： 如果你控制一个奥秘，则从你的牌库中施放一个奥秘。; source=fireplace/cards/troll/neutral_epic.py:47; existing_tests=none; prior_card=YELLOW:2 个机制缺少充分的核心效果验证；逐机制依据见 card_mechanism.csv。; prior_mechanics=Battlecry=YELLOW:存在定义或元数据候选；当前没有可复查的该机制核心效果断言。 | Summon=YELLOW:存在定义或元数据候选；当前没有可复查的该机制核心效果断言。; related_issues=none"
TRL_531,TRL_531::deathrattle_summons_one_three_two_breaker,Rumbletusk Shaker's actual death summons one 3/2 Rumbletusk Breaker for its controller.,"shaker=GRAVEYARD;removal=GRAVEYARD;tokens=[('TRL_531t', 3, 2, 'PLAY')];field=['TRL_531t']",pass,batch=troll_c; 对手火球术实际击杀Shaker，核对己方场上出现一只3/2指定token。; EN=Deathrattle: Summon a 3/2 Rumbletusk Breaker.; ZH=亡语：召唤一个3/2的暴牙破坏者。; source=fireplace/cards/troll/neutral_common.py:165; existing_tests=none; prior_card=YELLOW:2 个机制缺少充分的核心效果验证；逐机制依据见 card_mechanism.csv。; prior_mechanics=Deathrattle=YELLOW:存在效果脚本；烟测仅验证执行和基础状态，缺少充分逐卡效果断言。 | Summon=YELLOW:存在定义或元数据候选；当前没有可复查的该机制核心效果断言。; related_issues=none
TRL_532,TRL_532::seeded_attacks_include_redirect_and_normal_outcomes,"Across fixed actual combat seeds, some attacks are redirected to another friendly character and some hit the Announcer.","games=[(5320, 'announcer', None, 0, 'PLAY', 4), (5321, 'redirect', None, 0, 'GRAVEYARD', 0), (5322, 'announcer', None, 0, 'PLAY', 4), (5323, 'announcer', None, 0, 'PLAY', 4), (5324, 'redirect', None, 0, 'GRAVEYARD', 0), (5325, 'redirect', None, -4, 'PLAY', 0), (5326, 'redirect', None, 0, 'GRAVEYARD', 0), (5327, 'redirect', None, 0, 'GRAVEYARD', 0), (5328, 'announcer', None, 0, 'PLAY', 4), (5329, 'redirect', None, 0, 'GRAVEYARD', 0), (5330, 'announcer', None, 0, 'PLAY', 4), (5331, 'redirect', None, 0, 'GRAVEYARD', 0), (5332, 'announcer', None, 0, 'PLAY', 4), (5333, 'announcer', None, 0, 'PLAY', 4), (5334, 'announcer', None, 0, 'PLAY', 4), (5335, 'redirect', None, -4, 'PLAY', 0), (5336, 'redirect', None, 0, 'GRAVEYARD', 0), (5337, 'announcer', None, 0, 'PLAY', 4), (5338, 'redirect', None, -4, 'PLAY', 0), (5339, 'redirect', None, -4, 'PLAY', 0)];redirected=11;announcer_hit=9",pass,batch=troll_c; 固定20个种子各创建真实对战并让对手Yeti攻击Announcer；核对两类随机结果及每次实际受击者。; EN=[x]Enemies attacking this have a 50% chance to attack someone else.; ZH=攻击该随从的敌人有50%几率攻击其他角色。; source=fireplace/cards/troll/neutral_epic.py:55; existing_tests=none; prior_card=YELLOW:1 个机制缺少充分的核心效果验证；逐机制依据见 card_mechanism.csv。; prior_mechanics=Trigger=YELLOW:存在定义或元数据候选；当前没有可复查的该机制核心效果断言。; related_issues=none
TRL_533,TRL_533::frozen_friendly_minion_grants_eight_armor,"When a friendly minion is frozen by the opponent, Ice Cream Peddler gains 8 Armor.",frozen_case=True;target=PLAY/frozen:True;armor=0->8;peddler=PLAY,pass,"batch=troll_c; 对手真实施放寒冰箭冻结己方Yeti后，打出Peddler并检查护甲增加8。; EN=Battlecry: If you control a Frozen minion, gain 8 Armor.; ZH=战吼：如果你控制一个被冻结的随从，便获得8点护甲值。; source=fireplace/cards/troll/neutral_epic.py:64; existing_tests=none; prior_card=YELLOW:1 个机制缺少充分的核心效果验证；逐机制依据见 card_mechanism.csv。; prior_mechanics=Battlecry=YELLOW:存在定义或元数据候选；当前没有可复查的该机制核心效果断言。; related_issues=none"
TRL_533,TRL_533::no_frozen_friendly_minion_grants_no_armor,"Without a frozen friendly minion, Ice Cream Peddler grants no Armor.",frozen_case=False;target=PLAY/frozen:False;armor=0->0;peddler=PLAY,pass,"batch=troll_c; 己方有未冻结Yeti时打出Peddler，检查护甲不变。; EN=Battlecry: If you control a Frozen minion, gain 8 Armor.; ZH=战吼：如果你控制一个被冻结的随从，便获得8点护甲值。; source=fireplace/cards/troll/neutral_epic.py:64; existing_tests=none; prior_card=YELLOW:1 个机制缺少充分的核心效果验证；逐机制依据见 card_mechanism.csv。; prior_mechanics=Battlecry=YELLOW:存在定义或元数据候选；当前没有可复查的该机制核心效果断言。; related_issues=none"
TRL_535,TRL_535::adjacent_damage_is_redirected_but_far_damage_is_not,Damage aimed at both adjacent friendly minions is redirected to Shellfighter; a far minion takes damage normally.,"left=PLAY/damage:0;shell=PLAY/damage:2/health:6;right=PLAY/damage:0;far=PLAY/damage:1;spells=['GRAVEYARD', 'GRAVEYARD', 'GRAVEYARD']",pass,"batch=troll_c; 将左邻Wisp、Shellfighter、右邻Wisp及远侧Yeti排成一列；对手逐个施放月火术并检查伤害转移边界。; EN=[x]Whenever an adjacent minion takes damage, this  minion takes it instead.; ZH=每当相邻的随从受到伤害，便会由该随从来承担。; source=fireplace/cards/troll/neutral_epic.py:71; existing_tests=tests/test_troll.py:73:test_snapjaw_shellfighter | tests/test_troll.py:81:test_two_snapjaw_shellfighters | tests/test_troll.py:82:test_two_snapjaw_shellfighters; prior_card=YELLOW:2 个机制缺少充分的核心效果验证；逐机制依据见 card_mechanism.csv。; prior_mechanics=Targeting=YELLOW:存在定义或元数据候选；当前没有可复查的该机制核心效果断言。 | Trigger=YELLOW:存在定义或元数据候选；当前没有可复查的该机制核心效果断言。; related_issues=none"
TRL_537,TRL_537::battlecry_copies_three_deathrattles_and_all_trigger_on_death,"After three friendly Hatchlings die, Da Undatakah gains three copied Deathrattles; its death reduces a held Beast by three more.","hatchlings=['GRAVEYARD', 'GRAVEYARD', 'GRAVEYARD'];removals=['GRAVEYARD', 'GRAVEYARD', 'GRAVEYARD'];beast_cost=9->6->3;undatakah=GRAVEYARD;has_deathrattle=True;kill=GRAVEYARD",pass,batch=troll_c; 让三只Helpless Hatchling被对手月火术真实击杀，King Krush从9费降至6费；打出Da后被火球术击杀，复制亡语再降至3费。; EN=[x]Battlecry: Gain the Deathrattle effects of 3 friendly minions that died this game.; ZH=战吼：获得在本局对战中三个死亡的友方随从的亡语。; source=fireplace/cards/troll/neutral_legendary.py:36; existing_tests=none; prior_card=YELLOW:1 个机制缺少充分的核心效果验证；逐机制依据见 card_mechanism.csv。; prior_mechanics=Battlecry=YELLOW:存在定义或元数据候选；当前没有可复查的该机制核心效果断言。; related_issues=none
TRL_542,TRL_542::rush_overkill_summons_only_beast_from_hand,Oondasta uses Rush to overkill a Wisp and summons the only Beast from hand.,"overkill=True;target_before=1;error=None;target=GRAVEYARD;ondasta=PLAY/7/6;beast=PLAY/2/1;field=[('TRL_542', 'PLAY', 7, 6), ('GIL_558', 'PLAY', 2, 1)]",pass,batch=troll_c; 打出Oondasta后立即攻击敌方Wisp，核对超杀召唤手牌中唯一的野兽。; EN=Rush Overkill: Summon a Beast from your hand.; ZH=突袭 超杀：从你的手牌中召唤一个野兽。; source=fireplace/cards/troll/neutral_legendary.py:62; existing_tests=none; prior_card=YELLOW:2 个机制缺少充分的核心效果验证；逐机制依据见 card_mechanism.csv。; prior_mechanics=Rush=YELLOW:存在定义或元数据候选；当前没有可复查的该机制核心效果断言。 | Summon=YELLOW:存在定义或元数据候选；当前没有可复查的该机制核心效果断言。; related_issues=none
TRL_542,TRL_542::exact_lethal_does_not_summon_beast,"Oondasta exactly kills a 7-Health minion, so the hand Beast remains in hand.","overkill=False;target_before=7;error=None;target=GRAVEYARD;ondasta=PLAY/7/6;beast=HAND/2/1;field=[('TRL_542', 'PLAY', 7, 6)]",pass,batch=troll_c; 以Yeti/7血Gurubashi作边界目标，恰好造成7伤，核对野兽没有被召唤。; EN=Rush Overkill: Summon a Beast from your hand.; ZH=突袭 超杀：从你的手牌中召唤一个野兽。; source=fireplace/cards/troll/neutral_legendary.py:62; existing_tests=none; prior_card=YELLOW:2 个机制缺少充分的核心效果验证；逐机制依据见 card_mechanism.csv。; prior_mechanics=Rush=YELLOW:存在定义或元数据候选；当前没有可复查的该机制核心效果断言。 | Summon=YELLOW:存在定义或元数据候选；当前没有可复查的该机制核心效果断言。; related_issues=none
TRL_543,TRL_543::battlecry_damages_hero_and_equips_two_two_weapon,Bloodclaw deals exactly 5 damage to its controller's hero and equips a 2/2 weapon.,hero=30->25/damage:5;card=PLAY;weapon=TRL_543/2/2/PLAY;mana=9,pass,batch=troll_c; 实战打出Bloodclaw后核对己方英雄掉5血、卡牌成为2攻2耐久武器。; EN=Battlecry: Deal 5 damage to your hero.; ZH=战吼：对你的英雄造成5点伤害。; source=fireplace/cards/troll/paladin.py:127; existing_tests=none; prior_card=YELLOW:2 个机制缺少充分的核心效果验证；逐机制依据见 card_mechanism.csv。; prior_mechanics=Battlecry=YELLOW:存在定义或元数据候选；当前没有可复查的该机制核心效果断言。 | Weapon=YELLOW:存在定义或元数据候选；当前没有可复查的该机制核心效果断言。; related_issues=none
TRL_545,TRL_545::restoring_ten_health_grants_four_four_and_taunt,"After actually restoring 10 Health this game, Templar becomes 8/8 and its threshold is powered.","restore_casts=4;hero_health=30;hero_damage=0;spells=['GRAVEYARD', 'GRAVEYARD', 'GRAVEYARD', 'GRAVEYARD'];templar=PLAY/8/8/taunt:False;powered=True",confirmed_error,"batch=troll_c; 英雄先实际受10伤，再以四次Regenerate最多恢复10点，检查模板达到阈值后的身材与powered_up。; EN=[x]Battlecry: If you've restored 10 Health this game, gain +4/+4 and Taunt.@ ({0} left!)@ (Ready!); ZH=战吼：在本局对战中，如果你累计恢复了10点生命值，则获得+4/+4和嘲讽。@（还需恢复{0}点！）@（已经就绪！）; source=fireplace/cards/troll/paladin.py:53; existing_tests=none; prior_card=YELLOW:1 个机制缺少充分的核心效果验证；逐机制依据见 card_mechanism.csv。; prior_mechanics=Battlecry=YELLOW:存在定义或元数据候选；当前没有可复查的该机制核心效果断言。; related_issues=none"
TRL_545,TRL_545::restoring_nine_health_stays_base_body,Restoring only 9 Health does not activate the Battlecry; Templar remains 4/4.,"restore_casts=3;hero_health=29;hero_damage=1;spells=['GRAVEYARD', 'GRAVEYARD', 'GRAVEYARD'];templar=PLAY/4/4/taunt:False;powered=False",pass,"batch=troll_c; 英雄受10伤后只施放三次Regenerate，累计恢复9点，检查未达阈值。; EN=[x]Battlecry: If you've restored 10 Health this game, gain +4/+4 and Taunt.@ ({0} left!)@ (Ready!); ZH=战吼：在本局对战中，如果你累计恢复了10点生命值，则获得+4/+4和嘲讽。@（还需恢复{0}点！）@（已经就绪！）; source=fireplace/cards/troll/paladin.py:53; existing_tests=none; prior_card=YELLOW:1 个机制缺少充分的核心效果验证；逐机制依据见 card_mechanism.csv。; prior_mechanics=Battlecry=YELLOW:存在定义或元数据候选；当前没有可复查的该机制核心效果断言。; related_issues=none"
TRL_546,TRL_546::battlecry_damages_hero_five_and_leaves_three_five,Ornery Tortoise deals 5 to its controller's hero and remains a 3/5 minion.,hero=30->25/damage:5;tortoise=PLAY/3/5;taunt=False,pass,batch=troll_c; 实际打出海龟，检查己方英雄受5伤且随从仍为3/5并在场。; EN=Battlecry: Deal 5 damage to your hero.; ZH=战吼：对你的英雄造成5点伤害。; source=fireplace/cards/troll/neutral_common.py:172; existing_tests=none; prior_card=YELLOW:1 个机制缺少充分的核心效果验证；逐机制依据见 card_mechanism.csv。; prior_mechanics=Battlecry=YELLOW:存在定义或元数据候选；当前没有可复查的该机制核心效果断言。; related_issues=none
TRL_550,TRL_550::rush_allows_immediate_minion_attack_with_taunt,Amani War Bear can immediately attack an enemy minion and retains Taunt.,error=None;target=GRAVEYARD;bear=PLAY/5/6/taunt:1/rush:1;enemy_hero=30,pass,batch=troll_c; 同回合攻击敌方Wisp，验证Rush能打随从，之后本体存活并保留Taunt。; EN=Rush Taunt; ZH=突袭 嘲讽; source=fireplace/cards/CardDefs.xml#TRL_550; existing_tests=none; prior_card=YELLOW:2 个机制缺少充分的核心效果验证；逐机制依据见 card_mechanism.csv。; prior_mechanics=Rush=YELLOW:存在定义或元数据候选；当前没有可复查的该机制核心效果断言。 | Taunt=YELLOW:存在定义或元数据候选；当前没有可复查的该机制核心效果断言。; related_issues=none
TRL_550,TRL_550::rush_cannot_attack_enemy_hero_on_entry_turn,Rush does not allow Amani War Bear to attack the enemy hero on the turn it is played.,error=InvalidAction;bear=PLAY/5/7/rush:1;enemy_hero=30->30,pass,batch=troll_c; 打出当回合直接尝试攻击敌方英雄，要求动作被拒且英雄不掉血。; EN=Rush Taunt; ZH=突袭 嘲讽; source=fireplace/cards/CardDefs.xml#TRL_550; existing_tests=none; prior_card=YELLOW:2 个机制缺少充分的核心效果验证；逐机制依据见 card_mechanism.csv。; prior_mechanics=Rush=YELLOW:存在定义或元数据候选；当前没有可复查的该机制核心效果断言。 | Taunt=YELLOW:存在定义或元数据候选；当前没有可复查的该机制核心效果断言。; related_issues=none
TRL_551,TRL_551::battlecry_discards_only_the_lowest_cost_card,Reckless Diretroll discards the 0-Cost Wisp while retaining the higher-Cost minion and spell.,"discarded=REMOVEDFROMGAME;hand=[('CS2_182', 4, 'HAND'), ('CS2_029', 4, 'HAND')];troll=PLAY/1/2/6",pass,batch=troll_c; 手牌放入0费Wisp、4费Yeti和4费火球，实战打出后检查被弃牌与保留卡。; EN=Taunt Battlecry: Discard your lowest Cost card.; ZH=嘲讽，战吼：弃掉你手牌中法力值消耗最低的牌。; source=fireplace/cards/troll/warlock.py:51; existing_tests=none; prior_card=YELLOW:3 个机制缺少充分的核心效果验证；逐机制依据见 card_mechanism.csv。; prior_mechanics=Battlecry=YELLOW:存在定义或元数据候选；当前没有可复查的该机制核心效果断言。 | Draw / Discard=YELLOW:存在定义或元数据候选；当前没有可复查的该机制核心效果断言。 | Taunt=YELLOW:存在定义或元数据候选；当前没有可复查的该机制核心效果断言。; related_issues=none
TRL_555,TRL_555::two_friendly_minions_reduce_cost_to_six_and_destroy,"With two friendly minions, Demonbolt costs 6 and destroys the selected enemy minion.","friend_count=2;friends=['PLAY', 'PLAY'];cost=6;target=GRAVEYARD;spell=GRAVEYARD;mana=4",pass,batch=troll_c; 控制两只Wisp后检查动态费用从8降到6，并指定敌方Yeti实际消灭。; EN=Destroy a minion. Costs (1) less for each minion you control.; ZH=消灭一个随从。你每有一个随从，该牌的法力值消耗便减少（1）点。; source=fireplace/cards/troll/warlock.py:94; existing_tests=none; prior_card=YELLOW:3 个机制缺少充分的核心效果验证；逐机制依据见 card_mechanism.csv。; prior_mechanics=Cost modification=YELLOW:存在定义或元数据候选；当前没有可复查的该机制核心效果断言。 | Spell resolution=YELLOW:存在定义或元数据候选；当前没有可复查的该机制核心效果断言。 | Targeting=YELLOW:缺目标与非法自身目标均在付费/移区前被拒绝；合法目标效果仍需逐卡验证。; related_issues=none
TRL_555,TRL_555::empty_board_keeps_eight_cost_and_destroys,"With no friendly minions, Demonbolt remains 8-Cost and still destroys its target.",friend_count=0;friends=[];cost=8;target=GRAVEYARD;spell=GRAVEYARD;mana=2,pass,batch=troll_c; 己方空场作为费用对照，验证法术仍可用8费消灭敌方Yeti。; EN=Destroy a minion. Costs (1) less for each minion you control.; ZH=消灭一个随从。你每有一个随从，该牌的法力值消耗便减少（1）点。; source=fireplace/cards/troll/warlock.py:94; existing_tests=none; prior_card=YELLOW:3 个机制缺少充分的核心效果验证；逐机制依据见 card_mechanism.csv。; prior_mechanics=Cost modification=YELLOW:存在定义或元数据候选；当前没有可复查的该机制核心效果断言。 | Spell resolution=YELLOW:存在定义或元数据候选；当前没有可复查的该机制核心效果断言。 | Targeting=YELLOW:缺目标与非法自身目标均在付费/移区前被拒绝；合法目标效果仍需逐卡验证。; related_issues=none
TRL_564,TRL_564::battlecry_sets_each_player_to_five_crystals,"Mojomaster Zihi sets both players' maximum Mana Crystals and current available Mana to 5, subject to the caster's spent cost.","before=(10, 10);after=(5,5);p_mana=4;e_mana=5;zihi=PLAY/6",pass,batch=troll_c; 双方原有10个水晶时打出Zihi，核对双方最大水晶变5及各自可用法力。; EN=Battlecry: Set each player to 5 Mana Crystals.; ZH=战吼： 将双方玩家的法力水晶重置为五个。; source=fireplace/cards/troll/neutral_legendary.py:69; existing_tests=tests/test_troll.py:245:test_mojomaster_zihi | tests/test_troll.py:254:test_mojomaster_zihi | tests/test_troll.py:263:test_mojomaster_zihi; prior_card=YELLOW:1 个机制缺少充分的核心效果验证；逐机制依据见 card_mechanism.csv。; prior_mechanics=Battlecry=YELLOW:存在定义或元数据候选；当前没有可复查的该机制核心效果断言。; related_issues=none
TRL_566,TRL_566::summons_beast_killed_during_current_turn,"After a friendly Beast dies during this turn, Revenge of the Wild summons its copy.","original=GRAVEYARD;moonfire=GRAVEYARD;revenge=GRAVEYARD;copies=[('GIL_558', 2, 1, 'PLAY')];hand=[]",pass,batch=troll_c; 本回合先用月火术实际杀死己方野兽，再施放复仇之野性并检查新召唤物。; EN=Summon your Beasts that died this turn.; ZH=召唤在 本回合中死亡的友方野兽。; source=fireplace/cards/troll/hunter.py:89; existing_tests=none; prior_card=YELLOW:2 个机制缺少充分的核心效果验证；逐机制依据见 card_mechanism.csv。; prior_mechanics=Spell resolution=YELLOW:存在定义或元数据候选；当前没有可复查的该机制核心效果断言。 | Summon=YELLOW:存在定义或元数据候选；当前没有可复查的该机制核心效果断言。; related_issues=none
TRL_566,TRL_566::no_beast_death_rejects_spell_without_cost,"With no friendly Beast death this turn, the spell is rejected without spending mana.",error=InvalidAction;spell=HAND;field=[];mana=10->10,pass,batch=troll_c; 本回合无野兽死亡时尝试施放，要求规则拒绝且法力、手牌不变。; EN=Summon your Beasts that died this turn.; ZH=召唤在 本回合中死亡的友方野兽。; source=fireplace/cards/troll/hunter.py:89; existing_tests=none; prior_card=YELLOW:2 个机制缺少充分的核心效果验证；逐机制依据见 card_mechanism.csv。; prior_mechanics=Spell resolution=YELLOW:存在定义或元数据候选；当前没有可复查的该机制核心效果断言。 | Summon=YELLOW:存在定义或元数据候选；当前没有可复查的该机制核心效果断言。; related_issues=none
TRL_569,TRL_569::dragon_in_hand_enables_seven_damage,Holding a Dragon makes Crowd Roaster deal 7 damage to and kill the enemy Yeti.,dragon=HAND;target=GRAVEYARD/damage:-;roaster=PLAY;hand=['EX1_572'],pass,"batch=troll_c; 持有暮光幼龙时指定敌方Yeti，核对7伤足以消灭目标。; EN=[x]Battlecry: If you're holding a Dragon, deal 7 damage to an enemy minion.; ZH=战吼： 如果你的手牌中有龙牌，则对一个敌方随从造成7点伤害。; source=fireplace/cards/troll/neutral_epic.py:80; existing_tests=none; prior_card=YELLOW:2 个机制缺少充分的核心效果验证；逐机制依据见 card_mechanism.csv。; prior_mechanics=Battlecry=YELLOW:存在定义或元数据候选；当前没有可复查的该机制核心效果断言。 | Targeting=YELLOW:缺目标与非法自身目标均在付费/移区前被拒绝；合法目标效果仍需逐卡验证。; related_issues=none"
TRL_569,TRL_569::no_dragon_means_no_battlecry_damage,"Without a Dragon in hand, Crowd Roaster's Battlecry deals no damage to the selected enemy minion.",dragon=None;target=PLAY/damage:0;roaster=PLAY;hand=[],pass,"batch=troll_c; 没有龙牌时仍有敌方目标，核对战吼不造成伤害。; EN=[x]Battlecry: If you're holding a Dragon, deal 7 damage to an enemy minion.; ZH=战吼： 如果你的手牌中有龙牌，则对一个敌方随从造成7点伤害。; source=fireplace/cards/troll/neutral_epic.py:80; existing_tests=none; prior_card=YELLOW:2 个机制缺少充分的核心效果验证；逐机制依据见 card_mechanism.csv。; prior_mechanics=Battlecry=YELLOW:存在定义或元数据候选；当前没有可复查的该机制核心效果断言。 | Targeting=YELLOW:缺目标与非法自身目标均在付费/移区前被拒绝；合法目标效果仍需逐卡验证。; related_issues=none"
TRL_570,TRL_570::healing_hero_three_draws_one_card,Restoring 3 Health to the hero causes Soup Vendor to draw one card.,heal=3;hero=28/damage:2;vendor=PLAY;hand=['CS2_231'];deck=[];heal_card=TRL_128/4,pass,"batch=troll_c; 英雄受5伤后用Regenerate实际恢复3点，检查牌库顶卡进入手牌。; EN=Whenever you restore 3 or more Health to your hero, draw a card.; ZH=每当你为你的英雄恢复3点及以上生命值时，抽一张牌。; source=fireplace/cards/troll/neutral_rare.py:83; existing_tests=none; prior_card=YELLOW:2 个机制缺少充分的核心效果验证；逐机制依据见 card_mechanism.csv。; prior_mechanics=Draw / Discard=YELLOW:存在定义或元数据候选；当前没有可复查的该机制核心效果断言。 | Trigger=YELLOW:存在定义或元数据候选；当前没有可复查的该机制核心效果断言。; related_issues=none"
TRL_570,TRL_570::healing_hero_two_does_not_draw,Restoring only 2 Health to the hero causes no draw.,heal=2;hero=27/damage:3;vendor=PLAY;hand=[];deck=['CS2_231'];heal_card=HERO_09bp/1,pass,"batch=troll_c; 牧师英雄技能实际恢复2点，检查牌库卡仍留在牌库。; EN=Whenever you restore 3 or more Health to your hero, draw a card.; ZH=每当你为你的英雄恢复3点及以上生命值时，抽一张牌。; source=fireplace/cards/troll/neutral_rare.py:83; existing_tests=none; prior_card=YELLOW:2 个机制缺少充分的核心效果验证；逐机制依据见 card_mechanism.csv。; prior_mechanics=Draw / Discard=YELLOW:存在定义或元数据候选；当前没有可复查的该机制核心效果断言。 | Trigger=YELLOW:存在定义或元数据候选；当前没有可复查的该机制核心效果断言。; related_issues=none"
TRL_900,TRL_900::fills_hand_to_ten_with_one_one_rush_lynxes,Halazzi fills a partially empty hand to 10 with 1/1 Rush Lynxes.,"initial_hand=7;starting=['HAND', 'HAND', 'HAND', 'HAND', 'HAND', 'HAND'];halazzi=PLAY;hand_count=10;tokens=[('TRL_348t', 1, 1, 1, 'HAND'), ('TRL_348t', 1, 1, 1, 'HAND'), ('TRL_348t', 1, 1, 1, 'HAND'), ('TRL_348t', 1, 1, 1, 'HAND')]",pass,batch=troll_c; 打出前手牌有Halazzi和六张Wisp，战吼应补入四只Lynx至10张。; EN=Battlecry: Fill your hand with 1/1 Lynxes that have Rush.; ZH=战吼：将1/1并具有突袭的山猫置入你的手牌，直到你的手牌数量达到上限。; source=fireplace/cards/troll/hunter.py:22; existing_tests=none; prior_card=YELLOW:1 个机制缺少充分的核心效果验证；逐机制依据见 card_mechanism.csv。; prior_mechanics=Battlecry=YELLOW:存在定义或元数据候选；当前没有可复查的该机制核心效果断言。; related_issues=none
TRL_900,TRL_900::near_full_hand_adds_only_available_slots,"With nine cards before playing Halazzi, exactly two Lynxes fill the hand to 10.","initial_hand=9;starting=['HAND', 'HAND', 'HAND', 'HAND', 'HAND', 'HAND', 'HAND', 'HAND'];halazzi=PLAY;hand_count=10;tokens=[('TRL_348t', 1, 1, 1, 'HAND'), ('TRL_348t', 1, 1, 1, 'HAND')]",pass,batch=troll_c; 打出前手牌有Halazzi和八张Wisp，只剩两个空位，检查不溢出且补两只。; EN=Battlecry: Fill your hand with 1/1 Lynxes that have Rush.; ZH=战吼：将1/1并具有突袭的山猫置入你的手牌，直到你的手牌数量达到上限。; source=fireplace/cards/troll/hunter.py:22; existing_tests=none; prior_card=YELLOW:1 个机制缺少充分的核心效果验证；逐机制依据见 card_mechanism.csv。; prior_mechanics=Battlecry=YELLOW:存在定义或元数据候选；当前没有可复查的该机制核心效果断言。; related_issues=none
TRL_901,TRL_901::stealth_expires_after_own_turn_and_summoned_beast_gets_plus_one_plus_one,"Spirit of the Lynx starts Stealthed, grants +1/+1 to a subsequently summoned Beast, leaves a non-Beast unchanged, and loses Stealth next turn.","spirit=PLAY;stealth=1->False;beast=GIL_558/(2, 1)->3/2/PLAY;nonbeast=CS2_231/1/1/PLAY",pass,"batch=troll_c; 打出Spirit后实际打出野兽与Wisp，检查野兽+1/+1、非野兽不变，并跨回合核对潜行消失。; EN=[x]Stealth for 1 turn. Whenever you summon a  Beast, give it +1/+1.; ZH=潜行一回合。每当你召唤一个野兽时，使其获得+1/+1。; source=fireplace/cards/troll/hunter.py:31; existing_tests=none; prior_card=YELLOW:3 个机制缺少充分的核心效果验证；逐机制依据见 card_mechanism.csv。; prior_mechanics=Stealth=YELLOW:存在定义或元数据候选；当前没有可复查的该机制核心效果断言。 | Summon=YELLOW:存在定义或元数据候选；当前没有可复查的该机制核心效果断言。 | Trigger=YELLOW:存在定义或元数据候选；当前没有可复查的该机制核心效果断言。; related_issues=none"
