version,set,card_id,name_en,name_zh,mechanic,status,implementation,tested,reason,evidence,notes,card_text_en,card_text_zh,python_source
17.6.0.53261,The Grand Tournament (TGT),AT_001,Flame Lance,炎枪术,Spell resolution|Targeting,GREEN,implemented,yes,All listed mechanism labels were exercised by the card-specific case(s); every state assertion passed.,card_mechanism.csv#AT_001; generic-play-smoke:played; effect-evidence: reports/card_quality_full_2026-09-27/tgt_probe.csv#tgt_at_001_core_behavior; per-card: reports/card_quality_full_2026-09-27/tgt_probe.csv#tgt_at_001_core_behavior,聚合状态取该卡最差机制；普通烟测只证明可执行，不能单独构成 GREEN。 EN: Deal $8 damage to a minion. || ZH: 对一个随从造成$8点伤害。 || Implementation source: fireplace/cards/tgt/mage.py:41 || Existing test refs: tests/test_tgt.py:332:test_flame_lance | tests/test_tgt.py:352:test_flame_lance | tests/test_tgt.py:346:test_flame_lance || baseline conclusion=YELLOW; current prior status=YELLOW; prior reason=2 个机制缺少充分的核心效果验证；逐机制依据见 card_mechanism.csv。,Deal $8 damage to a minion.,对一个随从造成$8点伤害。,fireplace/cards/tgt/mage.py:41
17.6.0.53261,The Grand Tournament (TGT),AT_002,Effigy,轮回,Random effects|Secret|Spell resolution|Summon|Trigger,GREEN,implemented,yes,All listed mechanism labels were exercised by the card-specific case(s); every state assertion passed.,card_mechanism.csv#AT_002; generic-play-smoke:played; effect-evidence: reports/card_quality_full_2026-09-27/tgt_probe.csv#tgt_at_002_core_behavior; per-card: reports/card_quality_full_2026-09-27/tgt_probe.csv#tgt_at_002_core_behavior,"聚合状态取该卡最差机制；普通烟测只证明可执行，不能单独构成 GREEN。 EN: Secret: When a friendly minion dies, summon a random minion with the same Cost. || ZH: 奥秘：当一个友方随从死亡时，随机召唤一个法力值消耗相同的随从。 || Implementation source: fireplace/cards/tgt/mage.py:66 || Existing test refs: tests/test_tgt.py:242:test_effigy | tests/test_tgt.py:243:test_effigy || baseline conclusion=YELLOW; current prior status=YELLOW; prior reason=5 个机制缺少充分的核心效果验证；逐机制依据见 card_mechanism.csv。","Secret: When a friendly minion dies, summon a random minion with the same Cost.",奥秘：当一个友方随从死亡时，随机召唤一个法力值消耗相同的随从。,fireplace/cards/tgt/mage.py:66
17.6.0.53261,The Grand Tournament (TGT),AT_004,Arcane Blast,奥术冲击,Spell Damage|Spell resolution|Targeting,GREEN,implemented,yes,All listed mechanism labels were exercised by the card-specific case(s); every state assertion passed.,card_mechanism.csv#AT_004; generic-play-smoke:played; effect-evidence: reports/card_quality_full_2026-09-27/tgt_probe.csv#tgt_at_004_core_behavior; per-card: reports/card_quality_full_2026-09-27/tgt_probe.csv#tgt_at_004_core_behavior,聚合状态取该卡最差机制；普通烟测只证明可执行，不能单独构成 GREEN。 EN: Deal $2 damage to a minion. This spell gets double bonus from Spell Damage. || ZH: 对一个随从造成$2点伤害。该法术受到的法术伤害增益效果翻倍。 || Implementation source: fireplace/cards/tgt/mage.py:48 || Existing test refs: tests/test_tgt.py:863:test_arcane_blast | tests/test_tgt.py:866:test_arcane_blast | tests/test_tgt.py:869:test_arcane_blast | tests/test_tgt.py:872:test_arcane_blast || baseline conclusion=YELLOW; current prior status=YELLOW; prior reason=3 个机制缺少充分的核心效果验证；逐机制依据见 card_mechanism.csv。,Deal $2 damage to a minion. This spell gets double bonus from Spell Damage.,对一个随从造成$2点伤害。该法术受到的法术伤害增益效果翻倍。,fireplace/cards/tgt/mage.py:48
17.6.0.53261,The Grand Tournament (TGT),AT_005,Polymorph: Boar,变形术：野猪,Spell resolution|Targeting|Transform,GREEN,implemented,yes,All listed mechanism labels were exercised by the card-specific case(s); every state assertion passed.,card_mechanism.csv#AT_005; generic-play-smoke:played; effect-evidence: reports/card_quality_full_2026-09-27/tgt_probe.csv#tgt_at_005_core_behavior; per-card: reports/card_quality_full_2026-09-27/tgt_probe.csv#tgt_at_005_core_behavior,聚合状态取该卡最差机制；普通烟测只证明可执行，不能单独构成 GREEN。 EN: Transform a minion into a 4/2 Boar with Charge. || ZH: 使一个随从变形成为一个4/2并具有冲锋的野猪。 || Implementation source: fireplace/cards/tgt/mage.py:55 || Existing test refs: none referenced || baseline conclusion=YELLOW; current prior status=YELLOW; prior reason=3 个机制缺少充分的核心效果验证；逐机制依据见 card_mechanism.csv。,Transform a minion into a 4/2 Boar with Charge.,使一个随从变形成为一个4/2并具有冲锋的野猪。,fireplace/cards/tgt/mage.py:55
17.6.0.53261,The Grand Tournament (TGT),AT_006,Dalaran Aspirant,达拉然铁骑士,Spell Damage,GREEN,implemented,yes,All listed mechanism labels were exercised by the card-specific case(s); every state assertion passed.,card_mechanism.csv#AT_006; generic-play-smoke:played; effect-evidence: reports/card_quality_full_2026-09-27/tgt_probe.csv#tgt_at_006_core_behavior; per-card: reports/card_quality_full_2026-09-27/tgt_probe.csv#tgt_at_006_core_behavior,聚合状态取该卡最差机制；普通烟测只证明可执行，不能单独构成 GREEN。 EN: Inspire: Gain Spell Damage +1. || ZH: 激励：获得法术伤害+1。 || Implementation source: fireplace/cards/tgt/mage.py:8 || Existing test refs: tests/test_tgt.py:126:test_dalaran_aspirant || baseline conclusion=YELLOW; current prior status=YELLOW; prior reason=1 个机制缺少充分的核心效果验证；逐机制依据见 card_mechanism.csv。,Inspire: Gain Spell Damage +1.,激励：获得法术伤害+1。,fireplace/cards/tgt/mage.py:8
17.6.0.53261,The Grand Tournament (TGT),AT_007,Spellslinger,嗜法者,Battlecry|Random effects,GREEN,implemented,yes,All listed mechanism labels were exercised by the card-specific case(s); every state assertion passed.,card_mechanism.csv#AT_007; generic-play-smoke:played; effect-evidence: reports/card_quality_full_2026-09-27/tgt_probe.csv#tgt_at_007_core_behavior; per-card: reports/card_quality_full_2026-09-27/tgt_probe.csv#tgt_at_007_core_behavior,聚合状态取该卡最差机制；普通烟测只证明可执行，不能单独构成 GREEN。 EN: Battlecry: Add a random spell to each player's hand. || ZH: 战吼：随机将一张法术牌置入每个玩家的手牌。 || Implementation source: fireplace/cards/tgt/mage.py:17 || Existing test refs: none referenced || baseline conclusion=YELLOW; current prior status=YELLOW; prior reason=2 个机制缺少充分的核心效果验证；逐机制依据见 card_mechanism.csv。,Battlecry: Add a random spell to each player's hand.,战吼：随机将一张法术牌置入每个玩家的手牌。,fireplace/cards/tgt/mage.py:17
17.6.0.53261,The Grand Tournament (TGT),AT_008,Coldarra Drake,考达拉幼龙,Continuous effect / Update,RED,partial,yes,Confirmed runtime mismatch in tgt_at_008_core_behavior: expected You can use your Hero Power any number of times.; observed drake=PLAY;activation_count=1;additional=0;enemy_health=29;failures=['not_usable_before_activation_2'],card_mechanism.csv#AT_008; generic-play-smoke:played; effect-evidence: reports/card_quality_full_2026-09-27/tgt_probe.csv#tgt_at_008_core_behavior; per-card: reports/card_quality_full_2026-09-27/tgt_probe.csv#tgt_at_008_core_behavior,聚合状态取该卡最差机制；普通烟测只证明可执行，不能单独构成 GREEN。 EN: You can use your Hero Power any number of times. || ZH: 你可以使用任意次数的英雄技能。 || Implementation source: fireplace/cards/tgt/mage.py:23 || Existing test refs: none referenced || baseline conclusion=YELLOW; current prior status=YELLOW; prior reason=1 个机制缺少充分的核心效果验证；逐机制依据见 card_mechanism.csv。,You can use your Hero Power any number of times.,你可以使用任意次数的英雄技能。,fireplace/cards/tgt/mage.py:23
17.6.0.53261,The Grand Tournament (TGT),AT_009,Rhonin,罗宁,Deathrattle,GREEN,implemented,yes,All listed mechanism labels were exercised by the card-specific case(s); every state assertion passed.,card_mechanism.csv#AT_009; generic-play-smoke:played; effect-evidence: reports/card_quality_full_2026-09-27/tgt_probe.csv#tgt_at_009_core_behavior; per-card: reports/card_quality_full_2026-09-27/tgt_probe.csv#tgt_at_009_core_behavior,聚合状态取该卡最差机制；普通烟测只证明可执行，不能单独构成 GREEN。 EN: Deathrattle: Add 3 copies of Arcane Missiles to your hand. || ZH: 亡语：将三张奥术飞弹置入你的手牌。 || Implementation source: fireplace/cards/tgt/mage.py:31 || Existing test refs: none referenced || baseline conclusion=YELLOW; current prior status=YELLOW; prior reason=1 个机制缺少充分的核心效果验证；逐机制依据见 card_mechanism.csv。,Deathrattle: Add 3 copies of Arcane Missiles to your hand.,亡语：将三张奥术飞弹置入你的手牌。,fireplace/cards/tgt/mage.py:31
17.6.0.53261,The Grand Tournament (TGT),AT_010,Ram Wrangler,暴躁的牧羊人,Battlecry|Random effects|Summon,GREEN,implemented,yes,All listed mechanism labels were exercised by the card-specific case(s); every state assertion passed.,card_mechanism.csv#AT_010; generic-play-smoke:played; effect-evidence: reports/card_quality_full_2026-09-27/tgt_probe.csv#tgt_at010_with_beast; reports/card_quality_full_2026-09-27/tgt_probe.csv#tgt_at010_without_beast; per-card: reports/card_quality_full_2026-09-27/tgt_probe.csv#tgt_at010_with_beast; reports/card_quality_full_2026-09-27/tgt_probe.csv#tgt_at010_without_beast,"聚合状态取该卡最差机制；普通烟测只证明可执行，不能单独构成 GREEN。 EN: Battlecry: If you have a Beast, summon a random Beast. || ZH: 战吼：如果你控制任何野兽，则随机召唤一个野兽。 || Implementation source: fireplace/cards/tgt/hunter.py:8 || Existing test refs: none referenced || baseline conclusion=YELLOW; current prior status=YELLOW; prior reason=3 个机制缺少充分的核心效果验证；逐机制依据见 card_mechanism.csv。","Battlecry: If you have a Beast, summon a random Beast.",战吼：如果你控制任何野兽，则随机召唤一个野兽。,fireplace/cards/tgt/hunter.py:8
17.6.0.53261,The Grand Tournament (TGT),AT_011,Holy Champion,神圣勇士,Trigger,GREEN,implemented,yes,All listed mechanism labels were exercised by the card-specific case(s); every state assertion passed.,card_mechanism.csv#AT_011; generic-play-smoke:played; effect-evidence: reports/card_quality_full_2026-09-27/tgt_probe.csv#tgt_at_011_core_behavior; per-card: reports/card_quality_full_2026-09-27/tgt_probe.csv#tgt_at_011_core_behavior,"聚合状态取该卡最差机制；普通烟测只证明可执行，不能单独构成 GREEN。 EN: Whenever a character is healed, gain +2 Attack. || ZH: 每当一个角色获得治疗，便获得 +2攻击力。 || Implementation source: fireplace/cards/tgt/priest.py:8 || Existing test refs: none referenced || baseline conclusion=YELLOW; current prior status=YELLOW; prior reason=1 个机制缺少充分的核心效果验证；逐机制依据见 card_mechanism.csv。","Whenever a character is healed, gain +2 Attack.",每当一个角色获得治疗，便获得 +2攻击力。,fireplace/cards/tgt/priest.py:8
17.6.0.53261,The Grand Tournament (TGT),AT_012,Spawn of Shadows,暗影子嗣,Unclassified effect,GREEN,implemented,yes,All listed mechanism labels were exercised by the card-specific case(s); every state assertion passed.,card_mechanism.csv#AT_012; generic-play-smoke:played; effect-evidence: reports/card_quality_full_2026-09-27/tgt_probe.csv#tgt_at_012_core_behavior; per-card: reports/card_quality_full_2026-09-27/tgt_probe.csv#tgt_at_012_core_behavior,聚合状态取该卡最差机制；普通烟测只证明可执行，不能单独构成 GREEN。 EN: Inspire: Deal 4 damage to each hero. || ZH: 激励：对每个英雄造成4点伤害。 || Implementation source: fireplace/cards/tgt/priest.py:17 || Existing test refs: none referenced || baseline conclusion=YELLOW; current prior status=YELLOW; prior reason=1 个机制缺少充分的核心效果验证；逐机制依据见 card_mechanism.csv。,Inspire: Deal 4 damage to each hero.,激励：对每个英雄造成4点伤害。,fireplace/cards/tgt/priest.py:17
17.6.0.53261,The Grand Tournament (TGT),AT_013,Power Word: Glory,真言术：耀,Spell resolution|Targeting|Trigger,GREEN,implemented,yes,All listed mechanism labels were exercised by the card-specific case(s); every state assertion passed.,card_mechanism.csv#AT_013; generic-play-smoke:played; effect-evidence: reports/card_quality_full_2026-09-27/tgt_probe.csv#tgt_at_013_core_behavior; per-card: reports/card_quality_full_2026-09-27/tgt_probe.csv#tgt_at_013_core_behavior,"聚合状态取该卡最差机制；普通烟测只证明可执行，不能单独构成 GREEN。 EN: Choose a minion. Whenever it attacks, restore 4 Health to your hero. || ZH: 选择一个随从。每当其进行攻击，为你的英雄恢复 4点生命值。 || Implementation source: fireplace/cards/tgt/priest.py:54 || Existing test refs: tests/test_auchenai_soulpriest.py:61:test_auchenai_soulpriest_power_word_glory | tests/test_tgt.py:583:test_power_word_glory | tests/test_tgt.py:600:test_power_word_glory || baseline conclusion=YELLOW; current prior status=YELLOW; prior reason=3 个机制缺少充分的核心效果验证；逐机制依据见 card_mechanism.csv。","Choose a minion. Whenever it attacks, restore 4 Health to your hero.",选择一个随从。每当其进行攻击，为你的英雄恢复 4点生命值。,fireplace/cards/tgt/priest.py:54
17.6.0.53261,The Grand Tournament (TGT),AT_014,Shadowfiend,暗影魔,Draw / Discard|Trigger,GREEN,implemented,yes,All listed mechanism labels were exercised by the card-specific case(s); every state assertion passed.,card_mechanism.csv#AT_014; generic-play-smoke:played; effect-evidence: reports/card_quality_full_2026-09-27/tgt_probe.csv#tgt_at_014_core_behavior; per-card: reports/card_quality_full_2026-09-27/tgt_probe.csv#tgt_at_014_core_behavior,"聚合状态取该卡最差机制；普通烟测只证明可执行，不能单独构成 GREEN。 EN: Whenever you draw a card, reduce its Cost by (1). || ZH: 每当你抽一张牌时，使其法力值消耗减少（1）点。 || Implementation source: fireplace/cards/tgt/priest.py:23 || Existing test refs: none referenced || baseline conclusion=YELLOW; current prior status=YELLOW; prior reason=2 个机制缺少充分的核心效果验证；逐机制依据见 card_mechanism.csv。","Whenever you draw a card, reduce its Cost by (1).",每当你抽一张牌时，使其法力值消耗减少（1）点。,fireplace/cards/tgt/priest.py:23
17.6.0.53261,The Grand Tournament (TGT),AT_015,Convert,策反,Spell resolution|Targeting,GREEN,implemented,yes,All listed mechanism labels were exercised by the card-specific case(s); every state assertion passed.,card_mechanism.csv#AT_015; generic-play-smoke:played; effect-evidence: reports/card_quality_full_2026-09-27/tgt_probe.csv#tgt_at_015_core_behavior; per-card: reports/card_quality_full_2026-09-27/tgt_probe.csv#tgt_at_015_core_behavior,聚合状态取该卡最差机制；普通烟测只证明可执行，不能单独构成 GREEN。 EN: Put a copy of an enemy minion into your hand. || ZH: 将一个敌方随从的一张复制置入你的手牌。 || Implementation source: fireplace/cards/tgt/priest.py:65 || Existing test refs: none referenced || baseline conclusion=YELLOW; current prior status=YELLOW; prior reason=2 个机制缺少充分的核心效果验证；逐机制依据见 card_mechanism.csv。,Put a copy of an enemy minion into your hand.,将一个敌方随从的一张复制置入你的手牌。,fireplace/cards/tgt/priest.py:65
17.6.0.53261,The Grand Tournament (TGT),AT_016,Confuse,迷乱,Spell resolution,GREEN,implemented,yes,All listed mechanism labels were exercised by the card-specific case(s); every state assertion passed.,card_mechanism.csv#AT_016; generic-play-smoke:played; effect-evidence: reports/card_quality_full_2026-09-27/tgt_probe.csv#tgt_at_016_core_behavior; per-card: reports/card_quality_full_2026-09-27/tgt_probe.csv#tgt_at_016_core_behavior,聚合状态取该卡最差机制；普通烟测只证明可执行，不能单独构成 GREEN。 EN: Swap the Attack and Health of all minions. || ZH: 将所有随从的攻击力和生命值 互换。 || Implementation source: fireplace/cards/tgt/priest.py:76 || Existing test refs: none referenced || baseline conclusion=YELLOW; current prior status=YELLOW; prior reason=1 个机制缺少充分的核心效果验证；逐机制依据见 card_mechanism.csv。,Swap the Attack and Health of all minions.,将所有随从的攻击力和生命值 互换。,fireplace/cards/tgt/priest.py:76
17.6.0.53261,The Grand Tournament (TGT),AT_017,Twilight Guardian,暮光守护者,Battlecry,GREEN,implemented,yes,All listed mechanism labels were exercised by the card-specific case(s); every state assertion passed.,card_mechanism.csv#AT_017; generic-play-smoke:played; effect-evidence: reports/card_quality_full_2026-09-27/tgt_probe.csv#tgt_at017_holding_dragon; reports/card_quality_full_2026-09-27/tgt_probe.csv#tgt_at017_no_dragon; per-card: reports/card_quality_full_2026-09-27/tgt_probe.csv#tgt_at017_holding_dragon; reports/card_quality_full_2026-09-27/tgt_probe.csv#tgt_at017_no_dragon,"聚合状态取该卡最差机制；普通烟测只证明可执行，不能单独构成 GREEN。 EN: Battlecry: If you're holding a Dragon, gain +1 Attack and Taunt. || ZH: 战吼：如果你的手牌中有龙牌，便获得+1攻击力和嘲讽。 || Implementation source: fireplace/cards/tgt/neutral_epic.py:8 || Existing test refs: none referenced || baseline conclusion=YELLOW; current prior status=YELLOW; prior reason=1 个机制缺少充分的核心效果验证；逐机制依据见 card_mechanism.csv。","Battlecry: If you're holding a Dragon, gain +1 Attack and Taunt.",战吼：如果你的手牌中有龙牌，便获得+1攻击力和嘲讽。,fireplace/cards/tgt/neutral_epic.py:8
17.6.0.53261,The Grand Tournament (TGT),AT_018,Confessor Paletress,银色神官帕尔崔丝,Random effects|Summon,GREEN,implemented,yes,All listed mechanism labels were exercised by the card-specific case(s); every state assertion passed.,card_mechanism.csv#AT_018; generic-play-smoke:played; effect-evidence: reports/card_quality_full_2026-09-27/tgt_probe.csv#tgt_at_018_core_behavior; per-card: reports/card_quality_full_2026-09-27/tgt_probe.csv#tgt_at_018_core_behavior,聚合状态取该卡最差机制；普通烟测只证明可执行，不能单独构成 GREEN。 EN: Inspire: Summon a random Legendary minion. || ZH: 激励：随机召唤一个传说随从。 || Implementation source: fireplace/cards/tgt/priest.py:34 || Existing test refs: none referenced || baseline conclusion=YELLOW; current prior status=YELLOW; prior reason=2 个机制缺少充分的核心效果验证；逐机制依据见 card_mechanism.csv。,Inspire: Summon a random Legendary minion.,激励：随机召唤一个传说随从。,fireplace/cards/tgt/priest.py:34
17.6.0.53261,The Grand Tournament (TGT),AT_019,Dreadsteed,恐惧战马,Deathrattle|Summon,GREEN,implemented,yes,All listed mechanism labels were exercised by the card-specific case(s); every state assertion passed.,card_mechanism.csv#AT_019; generic-play-smoke:played; effect-evidence: reports/card_quality_full_2026-09-27/tgt_probe.csv#tgt_at_019_core_behavior; per-card: reports/card_quality_full_2026-09-27/tgt_probe.csv#tgt_at_019_core_behavior,"聚合状态取该卡最差机制；普通烟测只证明可执行，不能单独构成 GREEN。 EN: Deathrattle: At the end  of the turn, summon a Dreadsteed. || ZH: 亡语： 在回合结束时，召唤一匹恐惧战马。 || Implementation source: fireplace/cards/tgt/warlock.py:8 || Existing test refs: tests/test_tgt.py:227:test_dreadsteed | tests/test_tgt.py:236:test_dreadsteed || baseline conclusion=YELLOW; current prior status=YELLOW; prior reason=1 个机制缺少充分的核心效果验证；逐机制依据见 card_mechanism.csv。","Deathrattle: At the end  of the turn, summon a Dreadsteed.",亡语： 在回合结束时，召唤一匹恐惧战马。,fireplace/cards/tgt/warlock.py:8
17.6.0.53261,The Grand Tournament (TGT),AT_021,Tiny Knight of Evil,小鬼骑士,Draw / Discard|Trigger,GREEN,implemented,yes,All listed mechanism labels were exercised by the card-specific case(s); every state assertion passed.,card_mechanism.csv#AT_021; generic-play-smoke:played; effect-evidence: reports/card_quality_full_2026-09-27/tgt_probe.csv#tgt_at_021_core_behavior; per-card: reports/card_quality_full_2026-09-27/tgt_probe.csv#tgt_at_021_core_behavior,"聚合状态取该卡最差机制；普通烟测只证明可执行，不能单独构成 GREEN。 EN: Whenever you discard a card, gain +1/+1. || ZH: 每当你弃掉一张牌时，便获得+1/+1。 || Implementation source: fireplace/cards/tgt/warlock.py:18 || Existing test refs: tests/test_tgt.py:748:test_tiny_knight_of_evil || baseline conclusion=YELLOW; current prior status=YELLOW; prior reason=2 个机制缺少充分的核心效果验证；逐机制依据见 card_mechanism.csv。","Whenever you discard a card, gain +1/+1.",每当你弃掉一张牌时，便获得+1/+1。,fireplace/cards/tgt/warlock.py:18
17.6.0.53261,The Grand Tournament (TGT),AT_022,Fist of Jaraxxus,加拉克苏斯之拳,Draw / Discard|Random effects|Spell resolution|Trigger,GREEN,implemented,yes,All listed mechanism labels were exercised by the card-specific case(s); every state assertion passed.,card_mechanism.csv#AT_022; generic-play-smoke:played; effect-evidence: reports/card_quality_full_2026-09-27/tgt_probe.csv#tgt_at022_play_trigger; reports/card_quality_full_2026-09-27/tgt_probe.csv#tgt_at022_discard_trigger; per-card: reports/card_quality_full_2026-09-27/tgt_probe.csv#tgt_at022_play_trigger; reports/card_quality_full_2026-09-27/tgt_probe.csv#tgt_at022_discard_trigger,"聚合状态取该卡最差机制；普通烟测只证明可执行，不能单独构成 GREEN。 EN: When you play or discard this, deal $4 damage to a random enemy. || ZH: 当你使用或弃掉这张牌时，随机对一个敌人造成$4点伤害。 || Implementation source: fireplace/cards/tgt/warlock.py:54 || Existing test refs: tests/test_tgt.py:317:test_fist_of_jaraxxus | tests/test_tgt.py:322:test_fist_of_jaraxxus || baseline conclusion=YELLOW; current prior status=YELLOW; prior reason=4 个机制缺少充分的核心效果验证；逐机制依据见 card_mechanism.csv。","When you play or discard this, deal $4 damage to a random enemy.",当你使用或弃掉这张牌时，随机对一个敌人造成$4点伤害。,fireplace/cards/tgt/warlock.py:54
17.6.0.53261,The Grand Tournament (TGT),AT_023,Void Crusher,虚空碾压者,Random effects,GREEN,implemented,yes,All listed mechanism labels were exercised by the card-specific case(s); every state assertion passed.,card_mechanism.csv#AT_023; generic-play-smoke:played; effect-evidence: reports/card_quality_full_2026-09-27/tgt_probe.csv#tgt_at_023_core_behavior; per-card: reports/card_quality_full_2026-09-27/tgt_probe.csv#tgt_at_023_core_behavior,聚合状态取该卡最差机制；普通烟测只证明可执行，不能单独构成 GREEN。 EN: Inspire: Destroy a random minion for each player. || ZH: 激励：随机消灭每个玩家的一个随从。 || Implementation source: fireplace/cards/tgt/warlock.py:27 || Existing test refs: tests/test_tgt.py:783:test_void_crusher || baseline conclusion=YELLOW; current prior status=YELLOW; prior reason=1 个机制缺少充分的核心效果验证；逐机制依据见 card_mechanism.csv。,Inspire: Destroy a random minion for each player.,激励：随机消灭每个玩家的一个随从。,fireplace/cards/tgt/warlock.py:27
17.6.0.53261,The Grand Tournament (TGT),AT_024,Demonfuse,恶魔融合,Spell resolution|Targeting,GREEN,implemented,yes,All listed mechanism labels were exercised by the card-specific case(s); every state assertion passed.,card_mechanism.csv#AT_024; generic-play-smoke:unplayable_in_generic_setup; effect-evidence: reports/card_quality_full_2026-09-27/tgt_probe.csv#tgt_at_024_core_behavior; per-card: reports/card_quality_full_2026-09-27/tgt_probe.csv#tgt_at_024_core_behavior,聚合状态取该卡最差机制；普通烟测只证明可执行，不能单独构成 GREEN。 EN: Give a Demon +3/+3. Give your opponent a Mana Crystal. || ZH: 使一个恶魔获得+3/+3，使你的对手获得一个法力水晶。 || Implementation source: fireplace/cards/tgt/warlock.py:61 || Existing test refs: tests/test_tgt.py:163:test_demonfuse | tests/test_tgt.py:178:test_demonfuse_sense_demons | tests/test_tgt.py:180:test_demonfuse_sense_demons || baseline conclusion=YELLOW; current prior status=YELLOW; prior reason=2 个机制缺少充分的核心效果验证；逐机制依据见 card_mechanism.csv。,Give a Demon +3/+3. Give your opponent a Mana Crystal.,使一个恶魔获得+3/+3，使你的对手获得一个法力水晶。,fireplace/cards/tgt/warlock.py:61
17.6.0.53261,The Grand Tournament (TGT),AT_025,Dark Bargain,黑暗交易,Draw / Discard|Random effects|Spell resolution,GREEN,implemented,yes,All listed mechanism labels were exercised by the card-specific case(s); every state assertion passed.,card_mechanism.csv#AT_025; generic-play-smoke:played; effect-evidence: reports/card_quality_full_2026-09-27/tgt_probe.csv#tgt_at_025_core_behavior; per-card: reports/card_quality_full_2026-09-27/tgt_probe.csv#tgt_at_025_core_behavior,聚合状态取该卡最差机制；普通烟测只证明可执行，不能单独构成 GREEN。 EN: Destroy 2 random enemy minions. Discard 2 random cards. || ZH: 随机消灭两个敌方随从，随机弃两张牌。 || Implementation source: fireplace/cards/tgt/warlock.py:75 || Existing test refs: tests/test_tgt.py:154:test_dark_bargain || baseline conclusion=YELLOW; current prior status=YELLOW; prior reason=3 个机制缺少充分的核心效果验证；逐机制依据见 card_mechanism.csv。,Destroy 2 random enemy minions. Discard 2 random cards.,随机消灭两个敌方随从，随机弃两张牌。,fireplace/cards/tgt/warlock.py:75
17.6.0.53261,The Grand Tournament (TGT),AT_026,Wrathguard,愤怒卫士,Trigger,GREEN,implemented,yes,All listed mechanism labels were exercised by the card-specific case(s); every state assertion passed.,card_mechanism.csv#AT_026; generic-play-smoke:played; effect-evidence: reports/card_quality_full_2026-09-27/tgt_probe.csv#tgt_at_026_core_behavior; per-card: reports/card_quality_full_2026-09-27/tgt_probe.csv#tgt_at_026_core_behavior,"聚合状态取该卡最差机制；普通烟测只证明可执行，不能单独构成 GREEN。 EN: Whenever this minion takes damage, also deal that amount to your hero. || ZH: 每当该随从受到伤害，对你的英雄造成等量的伤害。 || Implementation source: fireplace/cards/tgt/warlock.py:33 || Existing test refs: tests/test_tgt.py:816:test_wrathguard || baseline conclusion=YELLOW; current prior status=YELLOW; prior reason=1 个机制缺少充分的核心效果验证；逐机制依据见 card_mechanism.csv。","Whenever this minion takes damage, also deal that amount to your hero.",每当该随从受到伤害，对你的英雄造成等量的伤害。,fireplace/cards/tgt/warlock.py:33
17.6.0.53261,The Grand Tournament (TGT),AT_027,Wilfred Fizzlebang,威尔弗雷德·菲兹班,Draw / Discard|Trigger,GREEN,implemented,yes,All listed mechanism labels were exercised by the card-specific case(s); every state assertion passed.,card_mechanism.csv#AT_027; generic-play-smoke:played; effect-evidence: reports/card_quality_full_2026-09-27/tgt_probe.csv#tgt_at_027_core_behavior; per-card: reports/card_quality_full_2026-09-27/tgt_probe.csv#tgt_at_027_core_behavior,聚合状态取该卡最差机制；普通烟测只证明可执行，不能单独构成 GREEN。 EN: Cards you draw from your Hero Power cost (0). || ZH: 你通过英雄技能抽到的卡牌，其法力值消耗为（0）点。 || Implementation source: fireplace/cards/tgt/warlock.py:39 || Existing test refs: tests/test_tgt.py:796:test_wilfred_fizzlebang || baseline conclusion=YELLOW; current prior status=YELLOW; prior reason=2 个机制缺少充分的核心效果验证；逐机制依据见 card_mechanism.csv。,Cards you draw from your Hero Power cost (0).,你通过英雄技能抽到的卡牌，其法力值消耗为（0）点。,fireplace/cards/tgt/warlock.py:39
17.6.0.53261,The Grand Tournament (TGT),AT_028,Shado-Pan Rider,影踪骁骑兵,Combo,GREEN,implemented,yes,All listed mechanism labels were exercised by the card-specific case(s); every state assertion passed.,card_mechanism.csv#AT_028; generic-play-smoke:played; effect-evidence: reports/card_quality_full_2026-09-27/tgt_probe.csv#tgt_at_028_core_behavior; per-card: reports/card_quality_full_2026-09-27/tgt_probe.csv#tgt_at_028_core_behavior,聚合状态取该卡最差机制；普通烟测只证明可执行，不能单独构成 GREEN。 EN: Combo: Gain +3 Attack. || ZH: 连击： 获得+3攻击力。 || Implementation source: fireplace/cards/tgt/rogue.py:8 || Existing test refs: none referenced || baseline conclusion=YELLOW; current prior status=YELLOW; prior reason=1 个机制缺少充分的核心效果验证；逐机制依据见 card_mechanism.csv。,Combo: Gain +3 Attack.,连击： 获得+3攻击力。,fireplace/cards/tgt/rogue.py:8
17.6.0.53261,The Grand Tournament (TGT),AT_029,Buccaneer,锈水海盗,Summon|Trigger,GREEN,implemented,yes,All listed mechanism labels were exercised by the card-specific case(s); every state assertion passed.,card_mechanism.csv#AT_029; generic-play-smoke:played; effect-evidence: reports/card_quality_full_2026-09-27/tgt_probe.csv#tgt_at_029_core_behavior; per-card: reports/card_quality_full_2026-09-27/tgt_probe.csv#tgt_at_029_core_behavior,"聚合状态取该卡最差机制；普通烟测只证明可执行，不能单独构成 GREEN。 EN: Whenever you equip a weapon, give it +1 Attack. || ZH: 每当你装备一把武器，使武器获得+1攻击力。 || Implementation source: fireplace/cards/tgt/rogue.py:17 || Existing test refs: none referenced || baseline conclusion=YELLOW; current prior status=YELLOW; prior reason=2 个机制缺少充分的核心效果验证；逐机制依据见 card_mechanism.csv。","Whenever you equip a weapon, give it +1 Attack.",每当你装备一把武器，使武器获得+1攻击力。,fireplace/cards/tgt/rogue.py:17
17.6.0.53261,The Grand Tournament (TGT),AT_030,Undercity Valiant,幽暗城勇士,Combo|Targeting,GREEN,implemented,yes,All listed mechanism labels were exercised by the card-specific case(s); every state assertion passed.,card_mechanism.csv#AT_030; generic-play-smoke:played; effect-evidence: reports/card_quality_full_2026-09-27/tgt_probe.csv#tgt_at030_combo; reports/card_quality_full_2026-09-27/tgt_probe.csv#tgt_at030_no_combo; per-card: reports/card_quality_full_2026-09-27/tgt_probe.csv#tgt_at030_combo; reports/card_quality_full_2026-09-27/tgt_probe.csv#tgt_at030_no_combo,聚合状态取该卡最差机制；普通烟测只证明可执行，不能单独构成 GREEN。 EN: Combo: Deal 1 damage. || ZH: 连击：造成1点伤害。 || Implementation source: fireplace/cards/tgt/rogue.py:26 || Existing test refs: none referenced || baseline conclusion=YELLOW; current prior status=YELLOW; prior reason=2 个机制缺少充分的核心效果验证；逐机制依据见 card_mechanism.csv。,Combo: Deal 1 damage.,连击：造成1点伤害。,fireplace/cards/tgt/rogue.py:26
17.6.0.53261,The Grand Tournament (TGT),AT_031,Cutpurse,窃贼,Trigger,GREEN,implemented,yes,All listed mechanism labels were exercised by the card-specific case(s); every state assertion passed.,card_mechanism.csv#AT_031; generic-play-smoke:played; effect-evidence: reports/card_quality_full_2026-09-27/tgt_probe.csv#tgt_at_031_core_behavior; per-card: reports/card_quality_full_2026-09-27/tgt_probe.csv#tgt_at_031_core_behavior,"聚合状态取该卡最差机制；普通烟测只证明可执行，不能单独构成 GREEN。 EN: Whenever this minion attacks a hero, add the Coin to your hand. || ZH: 每当该随从攻击一方英雄，会将幸运币置入你的手牌。 || Implementation source: fireplace/cards/tgt/rogue.py:33 || Existing test refs: none referenced || baseline conclusion=YELLOW; current prior status=YELLOW; prior reason=1 个机制缺少充分的核心效果验证；逐机制依据见 card_mechanism.csv。","Whenever this minion attacks a hero, add the Coin to your hand.",每当该随从攻击一方英雄，会将幸运币置入你的手牌。,fireplace/cards/tgt/rogue.py:33
17.6.0.53261,The Grand Tournament (TGT),AT_032,Shady Dealer,走私商贩,Battlecry,GREEN,implemented,yes,All listed mechanism labels were exercised by the card-specific case(s); every state assertion passed.,card_mechanism.csv#AT_032; generic-play-smoke:played; effect-evidence: reports/card_quality_full_2026-09-27/tgt_probe.csv#tgt_at032_with_pirate; reports/card_quality_full_2026-09-27/tgt_probe.csv#tgt_at032_without_pirate; per-card: reports/card_quality_full_2026-09-27/tgt_probe.csv#tgt_at032_with_pirate; reports/card_quality_full_2026-09-27/tgt_probe.csv#tgt_at032_without_pirate,"聚合状态取该卡最差机制；普通烟测只证明可执行，不能单独构成 GREEN。 EN: Battlecry: If you have a Pirate, gain +1/+1. || ZH: 战吼：如果你控制任何海盗，便获得+1/+1。 || Implementation source: fireplace/cards/tgt/rogue.py:39 || Existing test refs: none referenced || baseline conclusion=YELLOW; current prior status=YELLOW; prior reason=1 个机制缺少充分的核心效果验证；逐机制依据见 card_mechanism.csv。","Battlecry: If you have a Pirate, gain +1/+1.",战吼：如果你控制任何海盗，便获得+1/+1。,fireplace/cards/tgt/rogue.py:39
17.6.0.53261,The Grand Tournament (TGT),AT_033,Burgle,剽窃,Random effects|Spell resolution,GREEN,implemented,yes,All listed mechanism labels were exercised by the card-specific case(s); every state assertion passed.,card_mechanism.csv#AT_033; generic-play-smoke:played; effect-evidence: reports/card_quality_full_2026-09-27/tgt_probe.csv#tgt_at_033_core_behavior; per-card: reports/card_quality_full_2026-09-27/tgt_probe.csv#tgt_at_033_core_behavior,聚合状态取该卡最差机制；普通烟测只证明可执行，不能单独构成 GREEN。 EN: Add 2 random cards to your hand (from your opponent's class). || ZH: 随机将两张（你对手职业的）卡牌置入你的手牌。 || Implementation source: fireplace/cards/tgt/rogue.py:59 || Existing test refs: tests/test_tgt.py:117:test_burgle || baseline conclusion=YELLOW; current prior status=YELLOW; prior reason=2 个机制缺少充分的核心效果验证；逐机制依据见 card_mechanism.csv。,Add 2 random cards to your hand (from your opponent's class).,随机将两张（你对手职业的）卡牌置入你的手牌。,fireplace/cards/tgt/rogue.py:59
17.6.0.53261,The Grand Tournament (TGT),AT_034,Poisoned Blade,淬毒利刃,Weapon,GREEN,implemented,yes,All listed mechanism labels were exercised by the card-specific case(s); every state assertion passed.,card_mechanism.csv#AT_034; generic-play-smoke:played; effect-evidence: reports/card_quality_full_2026-09-27/tgt_probe.csv#tgt_at_034_core_behavior; per-card: reports/card_quality_full_2026-09-27/tgt_probe.csv#tgt_at_034_core_behavior,聚合状态取该卡最差机制；普通烟测只证明可执行，不能单独构成 GREEN。 EN: Your Hero Power gives this weapon +1 Attack instead of replacing it. || ZH: 你的英雄技能不会取代该武器，改为+1攻击力。 || Implementation source: fireplace/cards/tgt/rogue.py:80 || Existing test refs: tests/test_tgt.py:881:test_poisoned_blade | tests/test_tgt.py:878:test_poisoned_blade || baseline conclusion=YELLOW; current prior status=YELLOW; prior reason=1 个机制缺少充分的核心效果验证；逐机制依据见 card_mechanism.csv。,Your Hero Power gives this weapon +1 Attack instead of replacing it.,你的英雄技能不会取代该武器，改为+1攻击力。,fireplace/cards/tgt/rogue.py:80
17.6.0.53261,The Grand Tournament (TGT),AT_035,Beneath the Grounds,危机四伏,Spell resolution|Summon|Trigger,GREEN,implemented,yes,All listed mechanism labels were exercised by the card-specific case(s); every state assertion passed.,card_mechanism.csv#AT_035; generic-play-smoke:played; effect-evidence: reports/card_quality_full_2026-09-27/tgt_probe.csv#tgt_at_035_core_behavior; per-card: reports/card_quality_full_2026-09-27/tgt_probe.csv#tgt_at_035_core_behavior,"聚合状态取该卡最差机制；普通烟测只证明可执行，不能单独构成 GREEN。 EN: Shuffle 3 Ambushes into your opponent's deck. When drawn, you summon a 4/4 Nerubian. || ZH: 将三张伏击牌洗入你对手的牌库。当你的对手抽到该牌，便为你召唤一个4/4的蛛魔。 || Implementation source: fireplace/cards/tgt/rogue.py:65 || Existing test refs: tests/test_tgt.py:86:test_beneath_the_grounds || baseline conclusion=YELLOW; current prior status=YELLOW; prior reason=3 个机制缺少充分的核心效果验证；逐机制依据见 card_mechanism.csv。","Shuffle 3 Ambushes into your opponent's deck. When drawn, you summon a 4/4 Nerubian.",将三张伏击牌洗入你对手的牌库。当你的对手抽到该牌，便为你召唤一个4/4的蛛魔。,fireplace/cards/tgt/rogue.py:65
17.6.0.53261,The Grand Tournament (TGT),AT_036,Anub'arak,阿努巴拉克,Deathrattle|Summon,GREEN,implemented,yes,All listed mechanism labels were exercised by the card-specific case(s); every state assertion passed.,card_mechanism.csv#AT_036; generic-play-smoke:played; effect-evidence: reports/card_quality_full_2026-09-27/tgt_probe.csv#tgt_at_036_core_behavior; per-card: reports/card_quality_full_2026-09-27/tgt_probe.csv#tgt_at_036_core_behavior,聚合状态取该卡最差机制；普通烟测只证明可执行，不能单独构成 GREEN。 EN: Deathrattle: Return this to your hand and summon a 4/4 Nerubian. || ZH: 亡语：将该随从移回你的手牌，召唤一个4/4的蛛魔。 || Implementation source: fireplace/cards/tgt/rogue.py:49 || Existing test refs: tests/test_tgt.py:7:test_anubarak | tests/test_tgt.py:18:test_anubarak || baseline conclusion=YELLOW; current prior status=YELLOW; prior reason=1 个机制缺少充分的核心效果验证；逐机制依据见 card_mechanism.csv。,Deathrattle: Return this to your hand and summon a 4/4 Nerubian.,亡语：将该随从移回你的手牌，召唤一个4/4的蛛魔。,fireplace/cards/tgt/rogue.py:49
17.6.0.53261,The Grand Tournament (TGT),AT_037,Living Roots,活体根须,Choose One|Spell resolution|Summon|Targeting,GREEN,implemented,yes,All listed mechanism labels were exercised by the card-specific case(s); every state assertion passed.,card_mechanism.csv#AT_037; generic-play-smoke:played; effect-evidence: reports/card_quality_full_2026-09-27/tgt_probe.csv#tgt_at037_choose_damage; reports/card_quality_full_2026-09-27/tgt_probe.csv#tgt_at037_choose_saplings; per-card: reports/card_quality_full_2026-09-27/tgt_probe.csv#tgt_at037_choose_damage; reports/card_quality_full_2026-09-27/tgt_probe.csv#tgt_at037_choose_saplings,聚合状态取该卡最差机制；普通烟测只证明可执行，不能单独构成 GREEN。 EN: Choose One - Deal $2 damage; or Summon two 1/1 Saplings. || ZH: 抉择：造成$2点伤害；或者召唤两个1/1的树苗。 || Implementation source: fireplace/cards/tgt/druid.py:76 || Existing test refs: none referenced || baseline conclusion=YELLOW; current prior status=YELLOW; prior reason=4 个机制缺少充分的核心效果验证；逐机制依据见 card_mechanism.csv。,Choose One - Deal $2 damage; or Summon two 1/1 Saplings.,抉择：造成$2点伤害；或者召唤两个1/1的树苗。,fireplace/cards/tgt/druid.py:76
17.6.0.53261,The Grand Tournament (TGT),AT_038,Darnassus Aspirant,达纳苏斯豹骑士,Battlecry|Deathrattle,GREEN,implemented,yes,All listed mechanism labels were exercised by the card-specific case(s); every state assertion passed.,card_mechanism.csv#AT_038; generic-play-smoke:played; effect-evidence: reports/card_quality_full_2026-09-27/tgt_probe.csv#tgt_at_038_core_behavior; per-card: reports/card_quality_full_2026-09-27/tgt_probe.csv#tgt_at_038_core_behavior,聚合状态取该卡最差机制；普通烟测只证明可执行，不能单独构成 GREEN。 EN: Battlecry: Gain an empty Mana Crystal. Deathrattle: Lose a Mana Crystal. || ZH: 战吼：获得一个空的法力水晶。 亡语：失去一个法力水晶。 || Implementation source: fireplace/cards/tgt/druid.py:8 || Existing test refs: tests/test_tgt.py:848:test_darnassus_aspirant || baseline conclusion=YELLOW; current prior status=YELLOW; prior reason=1 个机制缺少充分的核心效果验证；逐机制依据见 card_mechanism.csv。,Battlecry: Gain an empty Mana Crystal. Deathrattle: Lose a Mana Crystal.,战吼：获得一个空的法力水晶。 亡语：失去一个法力水晶。,fireplace/cards/tgt/druid.py:8
17.6.0.53261,The Grand Tournament (TGT),AT_039,Savage Combatant,狂野争斗者,Unclassified effect,GREEN,implemented,yes,All listed mechanism labels were exercised by the card-specific case(s); every state assertion passed.,card_mechanism.csv#AT_039; generic-play-smoke:played; effect-evidence: reports/card_quality_full_2026-09-27/tgt_probe.csv#tgt_at_039_core_behavior; per-card: reports/card_quality_full_2026-09-27/tgt_probe.csv#tgt_at_039_core_behavior,聚合状态取该卡最差机制；普通烟测只证明可执行，不能单独构成 GREEN。 EN: Inspire: Give your hero +2 Attack this turn. || ZH: 激励：在本回合中，使你的英雄获得+2攻击力。 || Implementation source: fireplace/cards/tgt/druid.py:15 || Existing test refs: none referenced || baseline conclusion=YELLOW; current prior status=YELLOW; prior reason=1 个机制缺少充分的核心效果验证；逐机制依据见 card_mechanism.csv。,Inspire: Give your hero +2 Attack this turn.,激励：在本回合中，使你的英雄获得+2攻击力。,fireplace/cards/tgt/druid.py:15
17.6.0.53261,The Grand Tournament (TGT),AT_040,Wildwalker,荒野行者,Battlecry|Targeting,GREEN,implemented,yes,All listed mechanism labels were exercised by the card-specific case(s); every state assertion passed.,card_mechanism.csv#AT_040; generic-play-smoke:played; effect-evidence: reports/card_quality_full_2026-09-27/tgt_probe.csv#tgt_at_040_core_behavior; per-card: reports/card_quality_full_2026-09-27/tgt_probe.csv#tgt_at_040_core_behavior,聚合状态取该卡最差机制；普通烟测只证明可执行，不能单独构成 GREEN。 EN: Battlecry: Give a friendly Beast +3 Health. || ZH: 战吼：使一个友方野兽获得+3生命值。 || Implementation source: fireplace/cards/tgt/druid.py:24 || Existing test refs: none referenced || baseline conclusion=YELLOW; current prior status=YELLOW; prior reason=2 个机制缺少充分的核心效果验证；逐机制依据见 card_mechanism.csv。,Battlecry: Give a friendly Beast +3 Health.,战吼：使一个友方野兽获得+3生命值。,fireplace/cards/tgt/druid.py:24
17.6.0.53261,The Grand Tournament (TGT),AT_041,Knight of the Wild,荒野骑士,Cost modification|Summon|Trigger,GREEN,implemented,yes,All listed mechanism labels were exercised by the card-specific case(s); every state assertion passed.,card_mechanism.csv#AT_041; generic-play-smoke:played; effect-evidence: reports/card_quality_full_2026-09-27/tgt_probe.csv#tgt_at_041_core_behavior; per-card: reports/card_quality_full_2026-09-27/tgt_probe.csv#tgt_at_041_core_behavior,"聚合状态取该卡最差机制；普通烟测只证明可执行，不能单独构成 GREEN。 EN: Whenever you summon a Beast, reduce the Cost of this card by (1). || ZH: 每当你召唤一个野兽，该随从牌的法力值消耗减少（1）点。 || Implementation source: fireplace/cards/tgt/druid.py:39 || Existing test refs: none referenced || baseline conclusion=YELLOW; current prior status=YELLOW; prior reason=3 个机制缺少充分的核心效果验证；逐机制依据见 card_mechanism.csv。","Whenever you summon a Beast, reduce the Cost of this card by (1).",每当你召唤一个野兽，该随从牌的法力值消耗减少（1）点。,fireplace/cards/tgt/druid.py:39
17.6.0.53261,The Grand Tournament (TGT),AT_042,Druid of the Saber,刃牙德鲁伊,Choose One|Transform,GREEN,implemented,yes,All listed mechanism labels were exercised by the card-specific case(s); every state assertion passed.,card_mechanism.csv#AT_042; generic-play-smoke:played; effect-evidence: reports/card_quality_full_2026-09-27/tgt_probe.csv#tgt_at_042_core_behavior; per-card: reports/card_quality_full_2026-09-27/tgt_probe.csv#tgt_at_042_core_behavior,聚合状态取该卡最差机制；普通烟测只证明可执行，不能单独构成 GREEN。 EN: [x]Choose One - Transform into a 2/1 with Charge; or a 3/2 with Stealth. || ZH: 抉择：将该随从变形成为2/1并具有冲锋；或者将该随从变形成为3/2并具有潜行。 || Implementation source: fireplace/cards/tgt/druid.py:51 || Existing test refs: none referenced || baseline conclusion=YELLOW; current prior status=YELLOW; prior reason=2 个机制缺少充分的核心效果验证；逐机制依据见 card_mechanism.csv。,[x]Choose One - Transform into a 2/1 with Charge; or a 3/2 with Stealth.,抉择：将该随从变形成为2/1并具有冲锋；或者将该随从变形成为3/2并具有潜行。,fireplace/cards/tgt/druid.py:51
17.6.0.53261,The Grand Tournament (TGT),AT_043,Astral Communion,星界沟通,Draw / Discard|Spell resolution,GREEN,implemented,yes,All listed mechanism labels were exercised by the card-specific case(s); every state assertion passed.,card_mechanism.csv#AT_043; generic-play-smoke:played; effect-evidence: reports/card_quality_full_2026-09-27/tgt_probe.csv#tgt_at_043_core_behavior; per-card: reports/card_quality_full_2026-09-27/tgt_probe.csv#tgt_at_043_core_behavior,聚合状态取该卡最差机制；普通烟测只证明可执行，不能单独构成 GREEN。 EN: Gain 10 Mana Crystals. Discard your hand. || ZH: 获得十个法力水晶。弃掉 你的手牌。 || Implementation source: fireplace/cards/tgt/druid.py:96 || Existing test refs: tests/test_tgt.py:34:test_astral_communion | tests/test_tgt.py:49:test_astral_communion_full_mana || baseline conclusion=YELLOW; current prior status=YELLOW; prior reason=2 个机制缺少充分的核心效果验证；逐机制依据见 card_mechanism.csv。,Gain 10 Mana Crystals. Discard your hand.,获得十个法力水晶。弃掉 你的手牌。,fireplace/cards/tgt/druid.py:96
17.6.0.53261,The Grand Tournament (TGT),AT_044,Mulch,腐根,Random effects|Spell resolution|Targeting,GREEN,implemented,yes,All listed mechanism labels were exercised by the card-specific case(s); every state assertion passed.,card_mechanism.csv#AT_044; generic-play-smoke:played; effect-evidence: reports/card_quality_full_2026-09-27/tgt_probe.csv#tgt_at_044_core_behavior; per-card: reports/card_quality_full_2026-09-27/tgt_probe.csv#tgt_at_044_core_behavior,聚合状态取该卡最差机制；普通烟测只证明可执行，不能单独构成 GREEN。 EN: Destroy a minion. Add a random minion to your opponent's hand. || ZH: 消灭一个随从。随机将一张随从牌置入对手的手牌。 || Implementation source: fireplace/cards/tgt/druid.py:105 || Existing test refs: none referenced || baseline conclusion=YELLOW; current prior status=YELLOW; prior reason=3 个机制缺少充分的核心效果验证；逐机制依据见 card_mechanism.csv。,Destroy a minion. Add a random minion to your opponent's hand.,消灭一个随从。随机将一张随从牌置入对手的手牌。,fireplace/cards/tgt/druid.py:105
17.6.0.53261,The Grand Tournament (TGT),AT_045,Aviana,艾维娜,Aura|Continuous effect / Update|Cost modification,GREEN,implemented,yes,All listed mechanism labels were exercised by the card-specific case(s); every state assertion passed.,card_mechanism.csv#AT_045; generic-play-smoke:played; effect-evidence: reports/card_quality_full_2026-09-27/tgt_probe.csv#tgt_at_045_core_behavior; per-card: reports/card_quality_full_2026-09-27/tgt_probe.csv#tgt_at_045_core_behavior,聚合状态取该卡最差机制；普通烟测只证明可执行，不能单独构成 GREEN。 EN: Your minions cost (1). || ZH: 你的随从牌的法力值消耗为（1）点。 || Implementation source: fireplace/cards/tgt/druid.py:66 || Existing test refs: tests/test_tgt.py:61:test_aviana || baseline conclusion=YELLOW; current prior status=YELLOW; prior reason=3 个机制缺少充分的核心效果验证；逐机制依据见 card_mechanism.csv。,Your minions cost (1).,你的随从牌的法力值消耗为（1）点。,fireplace/cards/tgt/druid.py:66
17.6.0.53261,The Grand Tournament (TGT),AT_046,Tuskarr Totemic,海象人图腾师,Battlecry|Random effects|Summon,GREEN,implemented,yes,All listed mechanism labels were exercised by the card-specific case(s); every state assertion passed.,card_mechanism.csv#AT_046; generic-play-smoke:played; effect-evidence: reports/card_quality_full_2026-09-27/tgt_probe.csv#tgt_at_046_core_behavior; per-card: reports/card_quality_full_2026-09-27/tgt_probe.csv#tgt_at_046_core_behavior,聚合状态取该卡最差机制；普通烟测只证明可执行，不能单独构成 GREEN。 EN: Battlecry: Summon a random basic Totem. || ZH: 战吼：随机召唤一个基础图腾。 || Implementation source: fireplace/cards/tgt/shaman.py:8 || Existing test refs: none referenced || baseline conclusion=YELLOW; current prior status=YELLOW; prior reason=3 个机制缺少充分的核心效果验证；逐机制依据见 card_mechanism.csv。,Battlecry: Summon a random basic Totem.,战吼：随机召唤一个基础图腾。,fireplace/cards/tgt/shaman.py:8
17.6.0.53261,The Grand Tournament (TGT),AT_047,Draenei Totemcarver,德莱尼图腾师,Battlecry,GREEN,implemented,yes,All listed mechanism labels were exercised by the card-specific case(s); every state assertion passed.,card_mechanism.csv#AT_047; generic-play-smoke:played; effect-evidence: reports/card_quality_full_2026-09-27/tgt_probe.csv#tgt_at_047_core_behavior; per-card: reports/card_quality_full_2026-09-27/tgt_probe.csv#tgt_at_047_core_behavior,聚合状态取该卡最差机制；普通烟测只证明可执行，不能单独构成 GREEN。 EN: Battlecry: Gain +1/+1 for each friendly Totem. || ZH: 战吼：每有一个友方图腾，便获得+1/+1。 || Implementation source: fireplace/cards/tgt/shaman.py:14 || Existing test refs: none referenced || baseline conclusion=YELLOW; current prior status=YELLOW; prior reason=1 个机制缺少充分的核心效果验证；逐机制依据见 card_mechanism.csv。,Battlecry: Gain +1/+1 for each friendly Totem.,战吼：每有一个友方图腾，便获得+1/+1。,fireplace/cards/tgt/shaman.py:14
17.6.0.53261,The Grand Tournament (TGT),AT_048,Healing Wave,治疗波,Cost modification|Spell resolution|Targeting,GREEN,implemented,yes,All listed mechanism labels were exercised by the card-specific case(s); every state assertion passed.,card_mechanism.csv#AT_048; generic-play-smoke:played; effect-evidence: reports/card_quality_full_2026-09-27/tgt_probe.csv#tgt_at_048_core_behavior; per-card: reports/card_quality_full_2026-09-27/tgt_probe.csv#tgt_at_048_core_behavior,"聚合状态取该卡最差机制；普通烟测只证明可执行，不能单独构成 GREEN。 EN: Restore #7 Health. Reveal a minion in each deck. If yours costs more, Restore #14 instead. || ZH: 恢复#7点生命值。揭示双方牌库里的一张随从牌。如果你的牌法力值消耗较大，则恢复#14点生命值。 || Implementation source: fireplace/cards/tgt/shaman.py:46 || Existing test refs: none referenced || baseline conclusion=YELLOW; current prior status=YELLOW; prior reason=3 个机制缺少充分的核心效果验证；逐机制依据见 card_mechanism.csv。","Restore #7 Health. Reveal a minion in each deck. If yours costs more, Restore #14 instead.",恢复#7点生命值。揭示双方牌库里的一张随从牌。如果你的牌法力值消耗较大，则恢复#14点生命值。,fireplace/cards/tgt/shaman.py:46
17.6.0.53261,The Grand Tournament (TGT),AT_049,Thunder Bluff Valiant,雷霆崖勇士,Unclassified effect,RED,partial,yes,"Confirmed runtime mismatch in tgt_at_049_core_behavior: expected Inspire: Give your Totems +2 Attack.; observed totem=CS2_050/2,before=1;all_totems=[('CS2_050', 2, 'PLAY'), ('NEW1_009', 1, 'PLAY')];valiant=PLAY",card_mechanism.csv#AT_049; generic-play-smoke:played; effect-evidence: reports/card_quality_full_2026-09-27/tgt_probe.csv#tgt_at_049_core_behavior; per-card: reports/card_quality_full_2026-09-27/tgt_probe.csv#tgt_at_049_core_behavior,聚合状态取该卡最差机制；普通烟测只证明可执行，不能单独构成 GREEN。 EN: Inspire: Give your Totems +2 Attack. || ZH: 激励：使你的图腾获得+2攻击力。 || Implementation source: fireplace/cards/tgt/shaman.py:23 || Existing test refs: none referenced || baseline conclusion=YELLOW; current prior status=YELLOW; prior reason=1 个机制缺少充分的核心效果验证；逐机制依据见 card_mechanism.csv。,Inspire: Give your Totems +2 Attack.,激励：使你的图腾获得+2攻击力。,fireplace/cards/tgt/shaman.py:23
17.6.0.53261,The Grand Tournament (TGT),AT_050,Charged Hammer,灌魔之锤,Deathrattle|Summon|Weapon,GREEN,implemented,yes,All listed mechanism labels were exercised by the card-specific case(s); every state assertion passed.,card_mechanism.csv#AT_050; generic-play-smoke:played; effect-evidence: reports/card_quality_full_2026-09-27/tgt_probe.csv#tgt_at_050_core_behavior; per-card: reports/card_quality_full_2026-09-27/tgt_probe.csv#tgt_at_050_core_behavior,聚合状态取该卡最差机制；普通烟测只证明可执行，不能单独构成 GREEN。 EN: Deathrattle: Your Hero Power becomes 'Deal 2 damage.' || ZH: 亡语：你的英雄技能改为“造成 2点伤害”。 || Implementation source: fireplace/cards/tgt/shaman.py:69 || Existing test refs: none referenced || baseline conclusion=YELLOW; current prior status=YELLOW; prior reason=3 个机制缺少充分的核心效果验证；逐机制依据见 card_mechanism.csv。,Deathrattle: Your Hero Power becomes 'Deal 2 damage.',亡语：你的英雄技能改为“造成 2点伤害”。,fireplace/cards/tgt/shaman.py:69
17.6.0.53261,The Grand Tournament (TGT),AT_051,Elemental Destruction,元素毁灭,Overload|Random effects|Spell resolution,GREEN,implemented,yes,All listed mechanism labels were exercised by the card-specific case(s); every state assertion passed.,card_mechanism.csv#AT_051; generic-play-smoke:played; effect-evidence: reports/card_quality_full_2026-09-27/tgt_probe.csv#tgt_at_051_core_behavior; per-card: reports/card_quality_full_2026-09-27/tgt_probe.csv#tgt_at_051_core_behavior,聚合状态取该卡最差机制；普通烟测只证明可执行，不能单独构成 GREEN。 EN: Deal $4-$5 damage to all minions. Overload: (5) || ZH: 对所有随从造成$4到$5点伤害。过载：（5） || Implementation source: fireplace/cards/tgt/shaman.py:53 || Existing test refs: none referenced || baseline conclusion=YELLOW; current prior status=YELLOW; prior reason=2 个机制缺少充分的核心效果验证；逐机制依据见 card_mechanism.csv。,Deal $4-$5 damage to all minions. Overload: (5),对所有随从造成$4到$5点伤害。过载：（5）,fireplace/cards/tgt/shaman.py:53
17.6.0.53261,The Grand Tournament (TGT),AT_053,Ancestral Knowledge,先祖知识,Draw / Discard|Overload|Spell resolution,GREEN,implemented,yes,All listed mechanism labels were exercised by the card-specific case(s); every state assertion passed.,card_mechanism.csv#AT_053; generic-play-smoke:played; effect-evidence: reports/card_quality_full_2026-09-27/tgt_probe.csv#tgt_at_053_core_behavior; per-card: reports/card_quality_full_2026-09-27/tgt_probe.csv#tgt_at_053_core_behavior,聚合状态取该卡最差机制；普通烟测只证明可执行，不能单独构成 GREEN。 EN: Draw 2 cards. Overload: (2) || ZH: 抽两张牌。过载：（2） || Implementation source: fireplace/cards/tgt/shaman.py:59 || Existing test refs: none referenced || baseline conclusion=YELLOW; current prior status=YELLOW; prior reason=2 个机制缺少充分的核心效果验证；逐机制依据见 card_mechanism.csv。,Draw 2 cards. Overload: (2),抽两张牌。过载：（2）,fireplace/cards/tgt/shaman.py:59
17.6.0.53261,The Grand Tournament (TGT),AT_054,The Mistcaller,唤雾者伊戈瓦尔,Battlecry,GREEN,implemented,yes,All listed mechanism labels were exercised by the card-specific case(s); every state assertion passed.,card_mechanism.csv#AT_054; generic-play-smoke:played; effect-evidence: reports/card_quality_full_2026-09-27/tgt_probe.csv#tgt_at_054_core_behavior; per-card: reports/card_quality_full_2026-09-27/tgt_probe.csv#tgt_at_054_core_behavior,聚合状态取该卡最差机制；普通烟测只证明可执行，不能单独构成 GREEN。 EN: Battlecry: Give all minions in your hand and deck +1/+1. || ZH: 战吼：使你的手牌和牌库里的所有随从牌获得+1/+1。 || Implementation source: fireplace/cards/tgt/shaman.py:32 || Existing test refs: tests/test_classic.py:40:test_alarmobot | tests/test_tgt.py:573:test_the_mistcaller || baseline conclusion=YELLOW; current prior status=YELLOW; prior reason=1 个机制缺少充分的核心效果验证；逐机制依据见 card_mechanism.csv。,Battlecry: Give all minions in your hand and deck +1/+1.,战吼：使你的手牌和牌库里的所有随从牌获得+1/+1。,fireplace/cards/tgt/shaman.py:32
17.6.0.53261,The Grand Tournament (TGT),AT_055,Flash Heal,快速治疗,Spell resolution|Targeting,GREEN,implemented,yes,All listed mechanism labels were exercised by the card-specific case(s); every state assertion passed.,card_mechanism.csv#AT_055; generic-play-smoke:played; effect-evidence: reports/card_quality_full_2026-09-27/tgt_probe.csv#tgt_at_055_core_behavior; per-card: reports/card_quality_full_2026-09-27/tgt_probe.csv#tgt_at_055_core_behavior,聚合状态取该卡最差机制；普通烟测只证明可执行，不能单独构成 GREEN。 EN: Restore #5 Health. || ZH: 恢复#5点生命值。 || Implementation source: fireplace/cards/tgt/priest.py:85 || Existing test refs: tests/test_dalaran.py:11:test_lucentbark | tests/test_dalaran.py:29:test_lifeweaver | tests/test_dalaran.py:33:test_lifeweaver | tests/test_icecrown.py:12:test_happy_ghoul || baseline conclusion=YELLOW; current prior status=YELLOW; prior reason=2 个机制缺少充分的核心效果验证；逐机制依据见 card_mechanism.csv。,Restore #5 Health.,恢复#5点生命值。,fireplace/cards/tgt/priest.py:85
17.6.0.53261,The Grand Tournament (TGT),AT_056,Powershot,强风射击,Spell resolution|Targeting,GREEN,implemented,yes,All listed mechanism labels were exercised by the card-specific case(s); every state assertion passed.,card_mechanism.csv#AT_056; generic-play-smoke:played; effect-evidence: reports/card_quality_full_2026-09-27/tgt_probe.csv#tgt_at_056_core_behavior; per-card: reports/card_quality_full_2026-09-27/tgt_probe.csv#tgt_at_056_core_behavior,聚合状态取该卡最差机制；普通烟测只证明可执行，不能单独构成 GREEN。 EN: Deal $2 damage to a minion and the minions next to it. || ZH: 对一个随从及其相邻的随从造成$2点伤害。 || Implementation source: fireplace/cards/tgt/hunter.py:57 || Existing test refs: none referenced || baseline conclusion=YELLOW; current prior status=YELLOW; prior reason=2 个机制缺少充分的核心效果验证；逐机制依据见 card_mechanism.csv。,Deal $2 damage to a minion and the minions next to it.,对一个随从及其相邻的随从造成$2点伤害。,fireplace/cards/tgt/hunter.py:57
17.6.0.53261,The Grand Tournament (TGT),AT_057,Stablemaster,兽栏大师,Battlecry|Targeting,GREEN,implemented,yes,All listed mechanism labels were exercised by the card-specific case(s); every state assertion passed.,card_mechanism.csv#AT_057; generic-play-smoke:played; effect-evidence: reports/card_quality_full_2026-09-27/tgt_probe.csv#tgt_at_057_core_behavior; per-card: reports/card_quality_full_2026-09-27/tgt_probe.csv#tgt_at_057_core_behavior,聚合状态取该卡最差机制；普通烟测只证明可执行，不能单独构成 GREEN。 EN: Battlecry: Give a friendly Beast Immune this turn. || ZH: 战吼：在本回合中，使一个友方野兽获得免疫。 || Implementation source: fireplace/cards/tgt/hunter.py:15 || Existing test refs: none referenced || baseline conclusion=YELLOW; current prior status=YELLOW; prior reason=2 个机制缺少充分的核心效果验证；逐机制依据见 card_mechanism.csv。,Battlecry: Give a friendly Beast Immune this turn.,战吼：在本回合中，使一个友方野兽获得免疫。,fireplace/cards/tgt/hunter.py:15
17.6.0.53261,The Grand Tournament (TGT),AT_058,King's Elekk,皇家雷象,Battlecry|Cost modification|Draw / Discard,GREEN,implemented,yes,All listed mechanism labels were exercised by the card-specific case(s); every state assertion passed.,card_mechanism.csv#AT_058; generic-play-smoke:played; effect-evidence: reports/card_quality_full_2026-09-27/tgt_probe.csv#tgt_at_058_core_behavior; per-card: reports/card_quality_full_2026-09-27/tgt_probe.csv#tgt_at_058_core_behavior,"聚合状态取该卡最差机制；普通烟测只证明可执行，不能单独构成 GREEN。 EN: Battlecry: Reveal a minion in each deck. If yours costs more, draw it. || ZH: 战吼：揭示双方牌库里的一张随从牌。如果你的牌法力值消耗较大，抽这张牌。 || Implementation source: fireplace/cards/tgt/hunter.py:29 || Existing test refs: tests/test_tgt.py:465:test_kings_elekk | tests/test_tgt.py:473:test_kings_elekk || baseline conclusion=YELLOW; current prior status=YELLOW; prior reason=3 个机制缺少充分的核心效果验证；逐机制依据见 card_mechanism.csv。","Battlecry: Reveal a minion in each deck. If yours costs more, draw it.",战吼：揭示双方牌库里的一张随从牌。如果你的牌法力值消耗较大，抽这张牌。,fireplace/cards/tgt/hunter.py:29
17.6.0.53261,The Grand Tournament (TGT),AT_059,Brave Archer,神勇弓箭手,Unclassified effect,GREEN,implemented,yes,All listed mechanism labels were exercised by the card-specific case(s); every state assertion passed.,card_mechanism.csv#AT_059; generic-play-smoke:played; effect-evidence: reports/card_quality_full_2026-09-27/tgt_probe.csv#tgt_at_059_core_behavior; per-card: reports/card_quality_full_2026-09-27/tgt_probe.csv#tgt_at_059_core_behavior,"聚合状态取该卡最差机制；普通烟测只证明可执行，不能单独构成 GREEN。 EN: Inspire: If your hand is empty, deal 2 damage to the enemy hero. || ZH: 激励：如果你没有其他手牌，则对敌方英雄造成2点伤害。 || Implementation source: fireplace/cards/tgt/hunter.py:35 || Existing test refs: none referenced || baseline conclusion=YELLOW; current prior status=YELLOW; prior reason=1 个机制缺少充分的核心效果验证；逐机制依据见 card_mechanism.csv。","Inspire: If your hand is empty, deal 2 damage to the enemy hero.",激励：如果你没有其他手牌，则对敌方英雄造成2点伤害。,fireplace/cards/tgt/hunter.py:35
17.6.0.53261,The Grand Tournament (TGT),AT_060,Bear Trap,捕熊陷阱,Secret|Spell resolution|Summon|Trigger,GREEN,implemented,yes,All listed mechanism labels were exercised by the card-specific case(s); every state assertion passed.,card_mechanism.csv#AT_060; generic-play-smoke:played; effect-evidence: reports/card_quality_full_2026-09-27/tgt_probe.csv#tgt_at_060_core_behavior; per-card: reports/card_quality_full_2026-09-27/tgt_probe.csv#tgt_at_060_core_behavior,"聚合状态取该卡最差机制；普通烟测只证明可执行，不能单独构成 GREEN。 EN: Secret: After your hero is attacked, summon a 3/3 Bear with Taunt. || ZH: 奥秘：在你的英雄受到攻击后，召唤一个3/3并具有嘲讽的灰熊。 || Implementation source: fireplace/cards/tgt/hunter.py:87 || Existing test refs: tests/test_secrets.py:38:test_bear_trap || baseline conclusion=YELLOW; current prior status=YELLOW; prior reason=4 个机制缺少充分的核心效果验证；逐机制依据见 card_mechanism.csv。","Secret: After your hero is attacked, summon a 3/3 Bear with Taunt.",奥秘：在你的英雄受到攻击后，召唤一个3/3并具有嘲讽的灰熊。,fireplace/cards/tgt/hunter.py:87
17.6.0.53261,The Grand Tournament (TGT),AT_061,Lock and Load,子弹上膛,Random effects|Spell resolution,GREEN,implemented,yes,All listed mechanism labels were exercised by the card-specific case(s); every state assertion passed.,card_mechanism.csv#AT_061; generic-play-smoke:played; effect-evidence: reports/card_quality_full_2026-09-27/tgt_probe.csv#tgt_at_061_core_behavior; per-card: reports/card_quality_full_2026-09-27/tgt_probe.csv#tgt_at_061_core_behavior,"聚合状态取该卡最差机制；普通烟测只证明可执行，不能单独构成 GREEN。 EN: Each time you cast a spell this turn, add a random Hunter card to your hand. || ZH: 在本回合中，每当你施放一个法术，随机将一张猎人卡牌置入你的手牌。 || Implementation source: fireplace/cards/tgt/hunter.py:64 || Existing test refs: tests/test_tgt.py:499:test_lock_and_load || baseline conclusion=YELLOW; current prior status=YELLOW; prior reason=2 个机制缺少充分的核心效果验证；逐机制依据见 card_mechanism.csv。","Each time you cast a spell this turn, add a random Hunter card to your hand.",在本回合中，每当你施放一个法术，随机将一张猎人卡牌置入你的手牌。,fireplace/cards/tgt/hunter.py:64
17.6.0.53261,The Grand Tournament (TGT),AT_062,Ball of Spiders,天降蛛群,Spell resolution|Summon,GREEN,implemented,yes,All listed mechanism labels were exercised by the card-specific case(s); every state assertion passed.,card_mechanism.csv#AT_062; generic-play-smoke:played; effect-evidence: reports/card_quality_full_2026-09-27/tgt_probe.csv#tgt_at_062_core_behavior; per-card: reports/card_quality_full_2026-09-27/tgt_probe.csv#tgt_at_062_core_behavior,聚合状态取该卡最差机制；普通烟测只证明可执行，不能单独构成 GREEN。 EN: Summon three 1/1 Webspinners. || ZH: 召唤三个1/1的结网蛛。 || Implementation source: fireplace/cards/tgt/hunter.py:76 || Existing test refs: none referenced || baseline conclusion=YELLOW; current prior status=YELLOW; prior reason=2 个机制缺少充分的核心效果验证；逐机制依据见 card_mechanism.csv。,Summon three 1/1 Webspinners.,召唤三个1/1的结网蛛。,fireplace/cards/tgt/hunter.py:76
17.6.0.53261,The Grand Tournament (TGT),AT_063,Acidmaw,酸喉,Targeting|Trigger,GREEN,implemented,yes,All listed mechanism labels were exercised by the card-specific case(s); every state assertion passed.,card_mechanism.csv#AT_063; generic-play-smoke:played; effect-evidence: reports/card_quality_full_2026-09-27/tgt_probe.csv#tgt_at_063_core_behavior; per-card: reports/card_quality_full_2026-09-27/tgt_probe.csv#tgt_at_063_core_behavior,"聚合状态取该卡最差机制；普通烟测只证明可执行，不能单独构成 GREEN。 EN: Whenever another minion takes damage, destroy it. || ZH: 每当有其他随从受到伤害，将其消灭。 || Implementation source: fireplace/cards/tgt/hunter.py:41 || Existing test refs: none referenced || baseline conclusion=YELLOW; current prior status=YELLOW; prior reason=2 个机制缺少充分的核心效果验证；逐机制依据见 card_mechanism.csv。","Whenever another minion takes damage, destroy it.",每当有其他随从受到伤害，将其消灭。,fireplace/cards/tgt/hunter.py:41
17.6.0.53261,The Grand Tournament (TGT),AT_063t,Dreadscale,恐鳞,Trigger,GREEN,implemented,yes,All listed mechanism labels were exercised by the card-specific case(s); every state assertion passed.,card_mechanism.csv#AT_063t; generic-play-smoke:played; effect-evidence: reports/card_quality_full_2026-09-27/tgt_probe.csv#tgt_at_063t_core_behavior; per-card: reports/card_quality_full_2026-09-27/tgt_probe.csv#tgt_at_063t_core_behavior,"聚合状态取该卡最差机制；普通烟测只证明可执行，不能单独构成 GREEN。 EN: At the end of your turn, deal 1 damage to all other minions. || ZH: 在你的回合结束时，对所有其他随从造成 1点伤害。 || Implementation source: fireplace/cards/tgt/hunter.py:47 || Existing test refs: none referenced || baseline conclusion=YELLOW; current prior status=YELLOW; prior reason=1 个机制缺少充分的核心效果验证；逐机制依据见 card_mechanism.csv。","At the end of your turn, deal 1 damage to all other minions.",在你的回合结束时，对所有其他随从造成 1点伤害。,fireplace/cards/tgt/hunter.py:47
17.6.0.53261,The Grand Tournament (TGT),AT_064,Bash,怒袭,Spell resolution|Targeting,GREEN,implemented,yes,All listed mechanism labels were exercised by the card-specific case(s); every state assertion passed.,card_mechanism.csv#AT_064; generic-play-smoke:played; effect-evidence: reports/card_quality_full_2026-09-27/tgt_probe.csv#tgt_at_064_core_behavior; per-card: reports/card_quality_full_2026-09-27/tgt_probe.csv#tgt_at_064_core_behavior,聚合状态取该卡最差机制；普通烟测只证明可执行，不能单独构成 GREEN。 EN: Deal $3 damage. Gain 3 Armor. || ZH: 造成$3点伤害。获得3点 护甲值。 || Implementation source: fireplace/cards/tgt/warrior.py:58 || Existing test refs: none referenced || baseline conclusion=YELLOW; current prior status=YELLOW; prior reason=2 个机制缺少充分的核心效果验证；逐机制依据见 card_mechanism.csv。,Deal $3 damage. Gain 3 Armor.,造成$3点伤害。获得3点 护甲值。,fireplace/cards/tgt/warrior.py:58
17.6.0.53261,The Grand Tournament (TGT),AT_065,King's Defender,国王护卫者,Battlecry|Weapon,GREEN,implemented,yes,All listed mechanism labels were exercised by the card-specific case(s); every state assertion passed.,card_mechanism.csv#AT_065; generic-play-smoke:played; effect-evidence: reports/card_quality_full_2026-09-27/tgt_probe.csv#tgt_at065_with_taunt; reports/card_quality_full_2026-09-27/tgt_probe.csv#tgt_at065_without_taunt; per-card: reports/card_quality_full_2026-09-27/tgt_probe.csv#tgt_at065_with_taunt; reports/card_quality_full_2026-09-27/tgt_probe.csv#tgt_at065_without_taunt,"聚合状态取该卡最差机制；普通烟测只证明可执行，不能单独构成 GREEN。 EN: Battlecry: If you have a minion with Taunt, gain +1 Durability. || ZH: 战吼：如果你控制任何具有嘲讽的随从，便获得+1耐久度。 || Implementation source: fireplace/cards/tgt/warrior.py:78 || Existing test refs: none referenced || baseline conclusion=YELLOW; current prior status=YELLOW; prior reason=2 个机制缺少充分的核心效果验证；逐机制依据见 card_mechanism.csv。","Battlecry: If you have a minion with Taunt, gain +1 Durability.",战吼：如果你控制任何具有嘲讽的随从，便获得+1耐久度。,fireplace/cards/tgt/warrior.py:78
17.6.0.53261,The Grand Tournament (TGT),AT_066,Orgrimmar Aspirant,奥格瑞玛狼骑士,Unclassified effect,GREEN,implemented,yes,All listed mechanism labels were exercised by the card-specific case(s); every state assertion passed.,card_mechanism.csv#AT_066; generic-play-smoke:played; effect-evidence: reports/card_quality_full_2026-09-27/tgt_probe.csv#tgt_at_066_core_behavior; per-card: reports/card_quality_full_2026-09-27/tgt_probe.csv#tgt_at_066_core_behavior,聚合状态取该卡最差机制；普通烟测只证明可执行，不能单独构成 GREEN。 EN: Inspire: Give your weapon +1 Attack. || ZH: 激励：使你的武器获得+1攻击力。 || Implementation source: fireplace/cards/tgt/warrior.py:8 || Existing test refs: none referenced || baseline conclusion=YELLOW; current prior status=YELLOW; prior reason=1 个机制缺少充分的核心效果验证；逐机制依据见 card_mechanism.csv。,Inspire: Give your weapon +1 Attack.,激励：使你的武器获得+1攻击力。,fireplace/cards/tgt/warrior.py:8
17.6.0.53261,The Grand Tournament (TGT),AT_067,Magnataur Alpha,猛犸人头领,Trigger,RED,partial,yes,"Confirmed runtime mismatch in tgt_at_067_core_behavior: expected Also damages the minions next to whomever he attacks.; observed alpha=5/0;left=PLAY/damage=0;target=PLAY/damage=5;right=PLAY/damage=0;enemy_field=['CS2_231', 'EX1_572', 'CS2_231']",card_mechanism.csv#AT_067; generic-play-smoke:played; effect-evidence: reports/card_quality_full_2026-09-27/tgt_probe.csv#tgt_at_067_core_behavior; per-card: reports/card_quality_full_2026-09-27/tgt_probe.csv#tgt_at_067_core_behavior,聚合状态取该卡最差机制；普通烟测只证明可执行，不能单独构成 GREEN。 EN: Also damages the minions next to whomever he attacks. || ZH: 同时对其攻击目标相邻的随从造成伤害。 || Implementation source: fireplace/cards/tgt/warrior.py:17 || Existing test refs: none referenced || baseline conclusion=YELLOW; current prior status=YELLOW; prior reason=1 个机制缺少充分的核心效果验证；逐机制依据见 card_mechanism.csv。,Also damages the minions next to whomever he attacks.,同时对其攻击目标相邻的随从造成伤害。,fireplace/cards/tgt/warrior.py:17
17.6.0.53261,The Grand Tournament (TGT),AT_068,Bolster,加固,Spell resolution,GREEN,implemented,yes,All listed mechanism labels were exercised by the card-specific case(s); every state assertion passed.,card_mechanism.csv#AT_068; generic-play-smoke:played; effect-evidence: reports/card_quality_full_2026-09-27/tgt_probe.csv#tgt_at_068_core_behavior; per-card: reports/card_quality_full_2026-09-27/tgt_probe.csv#tgt_at_068_core_behavior,聚合状态取该卡最差机制；普通烟测只证明可执行，不能单独构成 GREEN。 EN: Give your Taunt minions +2/+2. || ZH: 使你具有嘲讽的随从获得+2/+2。 || Implementation source: fireplace/cards/tgt/warrior.py:65 || Existing test refs: none referenced || baseline conclusion=YELLOW; current prior status=YELLOW; prior reason=1 个机制缺少充分的核心效果验证；逐机制依据见 card_mechanism.csv。,Give your Taunt minions +2/+2.,使你具有嘲讽的随从获得+2/+2。,fireplace/cards/tgt/warrior.py:65
17.6.0.53261,The Grand Tournament (TGT),AT_069,Sparring Partner,格斗陪练师,Battlecry|Targeting,RED,partial,yes,Confirmed runtime mismatch in tgt_at_069_core_behavior: expected Taunt Battlecry: Give a minion Taunt.; observed partner=3/2/taunt=False/zone=PLAY;target=1/1/taunt=True/zone=PLAY,card_mechanism.csv#AT_069; generic-play-smoke:played; effect-evidence: reports/card_quality_full_2026-09-27/tgt_probe.csv#tgt_at_069_core_behavior; per-card: reports/card_quality_full_2026-09-27/tgt_probe.csv#tgt_at_069_core_behavior,聚合状态取该卡最差机制；普通烟测只证明可执行，不能单独构成 GREEN。 EN: Taunt Battlecry: Give a minion Taunt. || ZH: 嘲讽 战吼：使一个随从获得嘲讽。 || Implementation source: fireplace/cards/tgt/warrior.py:23 || Existing test refs: none referenced || baseline conclusion=YELLOW; current prior status=YELLOW; prior reason=2 个机制缺少充分的核心效果验证；逐机制依据见 card_mechanism.csv。,Taunt Battlecry: Give a minion Taunt.,嘲讽 战吼：使一个随从获得嘲讽。,fireplace/cards/tgt/warrior.py:23
17.6.0.53261,The Grand Tournament (TGT),AT_070,Skycap'n Kragg,天空上尉库拉格,Charge|Cost modification,GREEN,implemented,yes,All listed mechanism labels were exercised by the card-specific case(s); every state assertion passed.,card_mechanism.csv#AT_070; generic-play-smoke:played; effect-evidence: reports/card_quality_full_2026-09-27/tgt_probe.csv#tgt_at_070_core_behavior; per-card: reports/card_quality_full_2026-09-27/tgt_probe.csv#tgt_at_070_core_behavior,聚合状态取该卡最差机制；普通烟测只证明可执行，不能单独构成 GREEN。 EN: Charrrrrge Costs (1) less for each friendly Pirate. || ZH: 冲冲冲冲锋 每有一个友方海盗，该牌的法力值消耗便减少（1）点。 || Implementation source: fireplace/cards/tgt/neutral_legendary.py:8 || Existing test refs: tests/test_tgt.py:684:test_skycapn_kragg || baseline conclusion=YELLOW; current prior status=YELLOW; prior reason=2 个机制缺少充分的核心效果验证；逐机制依据见 card_mechanism.csv。,Charrrrrge Costs (1) less for each friendly Pirate.,冲冲冲冲锋 每有一个友方海盗，该牌的法力值消耗便减少（1）点。,fireplace/cards/tgt/neutral_legendary.py:8
17.6.0.53261,The Grand Tournament (TGT),AT_071,Alexstrasza's Champion,阿莱克丝塔萨的勇士,Battlecry,GREEN,implemented,yes,All listed mechanism labels were exercised by the card-specific case(s); every state assertion passed.,card_mechanism.csv#AT_071; generic-play-smoke:played; effect-evidence: reports/card_quality_full_2026-09-27/tgt_probe.csv#tgt_at071_holding_dragon; reports/card_quality_full_2026-09-27/tgt_probe.csv#tgt_at071_no_dragon; per-card: reports/card_quality_full_2026-09-27/tgt_probe.csv#tgt_at071_holding_dragon; reports/card_quality_full_2026-09-27/tgt_probe.csv#tgt_at071_no_dragon,"聚合状态取该卡最差机制；普通烟测只证明可执行，不能单独构成 GREEN。 EN: Battlecry: If you're holding a Dragon, gain +1 Attack and Charge. || ZH: 战吼：如果你的手牌中有龙牌，便获得+1攻击力和冲锋。 || Implementation source: fireplace/cards/tgt/warrior.py:30 || Existing test refs: none referenced || baseline conclusion=YELLOW; current prior status=YELLOW; prior reason=1 个机制缺少充分的核心效果验证；逐机制依据见 card_mechanism.csv。","Battlecry: If you're holding a Dragon, gain +1 Attack and Charge.",战吼：如果你的手牌中有龙牌，便获得+1攻击力和冲锋。,fireplace/cards/tgt/warrior.py:30
17.6.0.53261,The Grand Tournament (TGT),AT_072,Varian Wrynn,瓦里安·乌瑞恩,Battlecry|Draw / Discard|Summon,GREEN,implemented,yes,All listed mechanism labels were exercised by the card-specific case(s); every state assertion passed.,card_mechanism.csv#AT_072; generic-play-smoke:played; effect-evidence: reports/card_quality_full_2026-09-27/tgt_probe.csv#tgt_at_072_core_behavior; per-card: reports/card_quality_full_2026-09-27/tgt_probe.csv#tgt_at_072_core_behavior,聚合状态取该卡最差机制；普通烟测只证明可执行，不能单独构成 GREEN。 EN: Battlecry: Draw 3 cards. Put any minions you drew directly into the battlefield. || ZH: 战吼：抽三张牌。将抽到的随从牌直接置入战场。 || Implementation source: fireplace/cards/tgt/warrior.py:40 || Existing test refs: tests/test_tgt.py:770:test_varian_wrynn || baseline conclusion=YELLOW; current prior status=YELLOW; prior reason=3 个机制缺少充分的核心效果验证；逐机制依据见 card_mechanism.csv。,Battlecry: Draw 3 cards. Put any minions you drew directly into the battlefield.,战吼：抽三张牌。将抽到的随从牌直接置入战场。,fireplace/cards/tgt/warrior.py:40
17.6.0.53261,The Grand Tournament (TGT),AT_074,Seal of Champions,英勇圣印,Spell resolution|Targeting,GREEN,implemented,yes,All listed mechanism labels were exercised by the card-specific case(s); every state assertion passed.,card_mechanism.csv#AT_074; generic-play-smoke:played; effect-evidence: reports/card_quality_full_2026-09-27/tgt_probe.csv#tgt_at_074_core_behavior; per-card: reports/card_quality_full_2026-09-27/tgt_probe.csv#tgt_at_074_core_behavior,聚合状态取该卡最差机制；普通烟测只证明可执行，不能单独构成 GREEN。 EN: Give a minion +3 Attack and Divine Shield. || ZH: 使一个随从获得+3攻击力和 圣盾。 || Implementation source: fireplace/cards/tgt/paladin.py:49 || Existing test refs: tests/test_tgt.py:635:test_seal_of_champions | tests/test_tgt.py:648:test_seal_of_champions | tests/test_tgt.py:662:test_seal_of_champions_shrinkmeister || baseline conclusion=YELLOW; current prior status=YELLOW; prior reason=2 个机制缺少充分的核心效果验证；逐机制依据见 card_mechanism.csv。,Give a minion +3 Attack and Divine Shield.,使一个随从获得+3攻击力和 圣盾。,fireplace/cards/tgt/paladin.py:49
17.6.0.53261,The Grand Tournament (TGT),AT_075,Warhorse Trainer,战马训练师,Aura|Continuous effect / Update,GREEN,implemented,yes,All listed mechanism labels were exercised by the card-specific case(s); every state assertion passed.,card_mechanism.csv#AT_075; generic-play-smoke:played; effect-evidence: reports/card_quality_full_2026-09-27/tgt_probe.csv#tgt_at_075_core_behavior; per-card: reports/card_quality_full_2026-09-27/tgt_probe.csv#tgt_at_075_core_behavior,聚合状态取该卡最差机制；普通烟测只证明可执行，不能单独构成 GREEN。 EN: Your Silver Hand Recruits have +1 Attack. || ZH: 你的白银之手新兵获得+1攻击力。 || Implementation source: fireplace/cards/tgt/paladin.py:8 || Existing test refs: none referenced || baseline conclusion=YELLOW; current prior status=YELLOW; prior reason=2 个机制缺少充分的核心效果验证；逐机制依据见 card_mechanism.csv。,Your Silver Hand Recruits have +1 Attack.,你的白银之手新兵获得+1攻击力。,fireplace/cards/tgt/paladin.py:8
17.6.0.53261,The Grand Tournament (TGT),AT_076,Murloc Knight,鱼人骑士,Random effects|Summon,GREEN,implemented,yes,All listed mechanism labels were exercised by the card-specific case(s); every state assertion passed.,card_mechanism.csv#AT_076; generic-play-smoke:played; effect-evidence: reports/card_quality_full_2026-09-27/tgt_probe.csv#tgt_at_076_core_behavior; per-card: reports/card_quality_full_2026-09-27/tgt_probe.csv#tgt_at_076_core_behavior,聚合状态取该卡最差机制；普通烟测只证明可执行，不能单独构成 GREEN。 EN: Inspire: Summon a random Murloc. || ZH: 激励：随机召唤一个鱼人。 || Implementation source: fireplace/cards/tgt/paladin.py:17 || Existing test refs: none referenced || baseline conclusion=YELLOW; current prior status=YELLOW; prior reason=2 个机制缺少充分的核心效果验证；逐机制依据见 card_mechanism.csv。,Inspire: Summon a random Murloc.,激励：随机召唤一个鱼人。,fireplace/cards/tgt/paladin.py:17
17.6.0.53261,The Grand Tournament (TGT),AT_077,Argent Lance,白银之枪,Battlecry|Cost modification|Weapon,GREEN,implemented,yes,All listed mechanism labels were exercised by the card-specific case(s); every state assertion passed.,card_mechanism.csv#AT_077; generic-play-smoke:played; effect-evidence: reports/card_quality_full_2026-09-27/tgt_probe.csv#tgt_at_077_core_behavior; per-card: reports/card_quality_full_2026-09-27/tgt_probe.csv#tgt_at_077_core_behavior,"聚合状态取该卡最差机制；普通烟测只证明可执行，不能单独构成 GREEN。 EN: Battlecry: Reveal a minion in each deck. If yours costs more, +1 Durability. || ZH: 战吼：揭示双方牌库里的一张随从牌。如果你的牌法力值消耗较大，+1耐久度。 || Implementation source: fireplace/cards/tgt/paladin.py:86 || Existing test refs: none referenced || baseline conclusion=YELLOW; current prior status=YELLOW; prior reason=3 个机制缺少充分的核心效果验证；逐机制依据见 card_mechanism.csv。","Battlecry: Reveal a minion in each deck. If yours costs more, +1 Durability.",战吼：揭示双方牌库里的一张随从牌。如果你的牌法力值消耗较大，+1耐久度。,fireplace/cards/tgt/paladin.py:86
17.6.0.53261,The Grand Tournament (TGT),AT_078,Enter the Coliseum,精英对决,Spell resolution,GREEN,implemented,yes,All listed mechanism labels were exercised by the card-specific case(s); every state assertion passed.,card_mechanism.csv#AT_078; generic-play-smoke:played; effect-evidence: reports/card_quality_full_2026-09-27/tgt_probe.csv#tgt_at_078_core_behavior; per-card: reports/card_quality_full_2026-09-27/tgt_probe.csv#tgt_at_078_core_behavior,聚合状态取该卡最差机制；普通烟测只证明可执行，不能单独构成 GREEN。 EN: Destroy all minions except each player's highest Attack minion. || ZH: 除了每个玩家攻击力最高的随从之外，消灭所有 其他随从。 || Implementation source: fireplace/cards/tgt/paladin.py:74 || Existing test refs: tests/test_tgt.py:274:test_enter_the_coliseum | tests/test_tgt.py:292:test_enter_the_coliseum || baseline conclusion=YELLOW; current prior status=YELLOW; prior reason=1 个机制缺少充分的核心效果验证；逐机制依据见 card_mechanism.csv。,Destroy all minions except each player's highest Attack minion.,除了每个玩家攻击力最高的随从之外，消灭所有 其他随从。,fireplace/cards/tgt/paladin.py:74
17.6.0.53261,The Grand Tournament (TGT),AT_079,Mysterious Challenger,神秘挑战者,Battlecry|Summon,GREEN,implemented,yes,All listed mechanism labels were exercised by the card-specific case(s); every state assertion passed.,card_mechanism.csv#AT_079; generic-play-smoke:played; effect-evidence: reports/card_quality_full_2026-09-27/tgt_probe.csv#tgt_at_079_core_behavior; per-card: reports/card_quality_full_2026-09-27/tgt_probe.csv#tgt_at_079_core_behavior,聚合状态取该卡最差机制；普通烟测只证明可执行，不能单独构成 GREEN。 EN: Battlecry: Put one of each Secret from your deck into the battlefield. || ZH: 战吼：将每种不同的奥秘从你的牌库中置入战场。 || Implementation source: fireplace/cards/tgt/paladin.py:23 || Existing test refs: none referenced || baseline conclusion=YELLOW; current prior status=YELLOW; prior reason=2 个机制缺少充分的核心效果验证；逐机制依据见 card_mechanism.csv。,Battlecry: Put one of each Secret from your deck into the battlefield.,战吼：将每种不同的奥秘从你的牌库中置入战场。,fireplace/cards/tgt/paladin.py:23
17.6.0.53261,The Grand Tournament (TGT),AT_080,Garrison Commander,要塞指挥官,Continuous effect / Update,GREEN,implemented,yes,All listed mechanism labels were exercised by the card-specific case(s); every state assertion passed.,card_mechanism.csv#AT_080; generic-play-smoke:played; effect-evidence: reports/card_quality_full_2026-09-27/tgt_probe.csv#tgt_at_080_core_behavior; per-card: reports/card_quality_full_2026-09-27/tgt_probe.csv#tgt_at_080_core_behavior,聚合状态取该卡最差机制；普通烟测只证明可执行，不能单独构成 GREEN。 EN: You can use your Hero Power twice a turn. || ZH: 每个回合你可以使用两次英雄技能。 || Implementation source: fireplace/cards/tgt/neutral_epic.py:18 || Existing test refs: tests/test_tgt.py:370:test_garrison_commander || baseline conclusion=YELLOW; current prior status=YELLOW; prior reason=1 个机制缺少充分的核心效果验证；逐机制依据见 card_mechanism.csv。,You can use your Hero Power twice a turn.,每个回合你可以使用两次英雄技能。,fireplace/cards/tgt/neutral_epic.py:18
17.6.0.53261,The Grand Tournament (TGT),AT_081,Eadric the Pure,纯洁者耶德瑞克,Battlecry,GREEN,implemented,yes,All listed mechanism labels were exercised by the card-specific case(s); every state assertion passed.,card_mechanism.csv#AT_081; generic-play-smoke:played; effect-evidence: reports/card_quality_full_2026-09-27/tgt_probe.csv#tgt_at_081_core_behavior; per-card: reports/card_quality_full_2026-09-27/tgt_probe.csv#tgt_at_081_core_behavior,聚合状态取该卡最差机制；普通烟测只证明可执行，不能单独构成 GREEN。 EN: Battlecry: Change all enemy minions' Attack to 1. || ZH: 战吼：使所有敌方随从的攻击力变为1。 || Implementation source: fireplace/cards/tgt/paladin.py:29 || Existing test refs: none referenced || baseline conclusion=YELLOW; current prior status=YELLOW; prior reason=1 个机制缺少充分的核心效果验证；逐机制依据见 card_mechanism.csv。,Battlecry: Change all enemy minions' Attack to 1.,战吼：使所有敌方随从的攻击力变为1。,fireplace/cards/tgt/paladin.py:29
17.6.0.53261,The Grand Tournament (TGT),AT_082,Lowly Squire,低阶侍从,Unclassified effect,GREEN,implemented,yes,All listed mechanism labels were exercised by the card-specific case(s); every state assertion passed.,card_mechanism.csv#AT_082; generic-play-smoke:played; effect-evidence: reports/card_quality_full_2026-09-27/tgt_probe.csv#tgt_at_082_core_behavior; per-card: reports/card_quality_full_2026-09-27/tgt_probe.csv#tgt_at_082_core_behavior,聚合状态取该卡最差机制；普通烟测只证明可执行，不能单独构成 GREEN。 EN: Inspire: Gain +1 Attack. || ZH: 激励： 获得+1攻击力。 || Implementation source: fireplace/cards/tgt/neutral_common.py:8 || Existing test refs: tests/test_tgt.py:513:test_lowly_squire || baseline conclusion=YELLOW; current prior status=YELLOW; prior reason=1 个机制缺少充分的核心效果验证；逐机制依据见 card_mechanism.csv。,Inspire: Gain +1 Attack.,激励： 获得+1攻击力。,fireplace/cards/tgt/neutral_common.py:8
17.6.0.53261,The Grand Tournament (TGT),AT_083,Dragonhawk Rider,龙鹰骑士,Unclassified effect,GREEN,implemented,yes,All listed mechanism labels were exercised by the card-specific case(s); every state assertion passed.,card_mechanism.csv#AT_083; generic-play-smoke:played; effect-evidence: reports/card_quality_full_2026-09-27/tgt_probe.csv#tgt_at_083_core_behavior; per-card: reports/card_quality_full_2026-09-27/tgt_probe.csv#tgt_at_083_core_behavior,聚合状态取该卡最差机制；普通烟测只证明可执行，不能单独构成 GREEN。 EN: Inspire: Gain Windfury this turn. || ZH: 激励：在本回合中，获得风怒。 || Implementation source: fireplace/cards/tgt/neutral_common.py:17 || Existing test refs: tests/test_tgt.py:190:test_dragonhawk_rider || baseline conclusion=YELLOW; current prior status=YELLOW; prior reason=1 个机制缺少充分的核心效果验证；逐机制依据见 card_mechanism.csv。,Inspire: Gain Windfury this turn.,激励：在本回合中，获得风怒。,fireplace/cards/tgt/neutral_common.py:17
17.6.0.53261,The Grand Tournament (TGT),AT_084,Lance Carrier,持枪侍从,Battlecry|Targeting,GREEN,implemented,yes,All listed mechanism labels were exercised by the card-specific case(s); every state assertion passed.,card_mechanism.csv#AT_084; generic-play-smoke:played; effect-evidence: reports/card_quality_full_2026-09-27/tgt_probe.csv#tgt_at_084_core_behavior; per-card: reports/card_quality_full_2026-09-27/tgt_probe.csv#tgt_at_084_core_behavior,聚合状态取该卡最差机制；普通烟测只证明可执行，不能单独构成 GREEN。 EN: Battlecry: Give a friendly minion +2 Attack. || ZH: 战吼：使一个友方随从获得+2攻击力。 || Implementation source: fireplace/cards/tgt/neutral_common.py:26 || Existing test refs: tests/test_tgt.py:482:test_lance_carrier | tests/test_tgt.py:487:test_lance_carrier || baseline conclusion=YELLOW; current prior status=YELLOW; prior reason=2 个机制缺少充分的核心效果验证；逐机制依据见 card_mechanism.csv。,Battlecry: Give a friendly minion +2 Attack.,战吼：使一个友方随从获得+2攻击力。,fireplace/cards/tgt/neutral_common.py:26
17.6.0.53261,The Grand Tournament (TGT),AT_085,Maiden of the Lake,湖之仙女,Aura|Continuous effect / Update,GREEN,implemented,yes,All listed mechanism labels were exercised by the card-specific case(s); every state assertion passed.,card_mechanism.csv#AT_085; generic-play-smoke:played; effect-evidence: reports/card_quality_full_2026-09-27/tgt_probe.csv#tgt_at_085_core_behavior; per-card: reports/card_quality_full_2026-09-27/tgt_probe.csv#tgt_at_085_core_behavior,聚合状态取该卡最差机制；普通烟测只证明可执行，不能单独构成 GREEN。 EN: Your Hero Power costs (1). || ZH: 你的英雄技能的法力值消耗为（1）点。 || Implementation source: fireplace/cards/tgt/neutral_common.py:40 || Existing test refs: none referenced || baseline conclusion=YELLOW; current prior status=YELLOW; prior reason=2 个机制缺少充分的核心效果验证；逐机制依据见 card_mechanism.csv。,Your Hero Power costs (1).,你的英雄技能的法力值消耗为（1）点。,fireplace/cards/tgt/neutral_common.py:40
17.6.0.53261,The Grand Tournament (TGT),AT_086,Saboteur,破坏者,Battlecry|Cost modification,GREEN,implemented,yes,All listed mechanism labels were exercised by the card-specific case(s); every state assertion passed.,card_mechanism.csv#AT_086; generic-play-smoke:played; effect-evidence: reports/card_quality_full_2026-09-27/tgt_probe.csv#tgt_at_086_core_behavior; per-card: reports/card_quality_full_2026-09-27/tgt_probe.csv#tgt_at_086_core_behavior,聚合状态取该卡最差机制；普通烟测只证明可执行，不能单独构成 GREEN。 EN: Battlecry: Your opponent's Hero Power costs (5) more next turn. || ZH: 战吼：下个回合敌方英雄技能的法力值消耗增加（5）点。 || Implementation source: fireplace/cards/tgt/neutral_rare.py:8 || Existing test refs: tests/test_tgt.py:613:test_saboteur || baseline conclusion=YELLOW; current prior status=YELLOW; prior reason=2 个机制缺少充分的核心效果验证；逐机制依据见 card_mechanism.csv。,Battlecry: Your opponent's Hero Power costs (5) more next turn.,战吼：下个回合敌方英雄技能的法力值消耗增加（5）点。,fireplace/cards/tgt/neutral_rare.py:8
17.6.0.53261,The Grand Tournament (TGT),AT_087,Argent Horserider,银色骑手,Charge|Divine Shield,GREEN,implemented,yes,All listed mechanism labels were exercised by the card-specific case(s); every state assertion passed.,card_mechanism.csv#AT_087; generic-play-smoke:played; effect-evidence: reports/card_quality_full_2026-09-27/tgt_probe.csv#tgt_at_087_core_behavior; per-card: reports/card_quality_full_2026-09-27/tgt_probe.csv#tgt_at_087_core_behavior,聚合状态取该卡最差机制；普通烟测只证明可执行，不能单独构成 GREEN。 EN: Charge Divine Shield || ZH: 冲锋 圣盾 || Implementation source: CardDefs.xml/runtime native card tags || Existing test refs: none referenced || baseline conclusion=YELLOW; current prior status=YELLOW; prior reason=2 个机制缺少充分的核心效果验证；逐机制依据见 card_mechanism.csv。,Charge Divine Shield,冲锋 圣盾,
17.6.0.53261,The Grand Tournament (TGT),AT_088,Mogor's Champion,穆戈尔的勇士,Trigger,GREEN,implemented,yes,All listed mechanism labels were exercised by the card-specific case(s); every state assertion passed.,card_mechanism.csv#AT_088; generic-play-smoke:played; effect-evidence: reports/card_quality_full_2026-09-27/tgt_probe.csv#tgt_at_088_core_behavior; per-card: reports/card_quality_full_2026-09-27/tgt_probe.csv#tgt_at_088_core_behavior,聚合状态取该卡最差机制；普通烟测只证明可执行，不能单独构成 GREEN。 EN: 50% chance to attack the wrong enemy. || ZH: 50%几率攻击错误的敌人。 || Implementation source: fireplace/cards/tgt/neutral_rare.py:19 || Existing test refs: none referenced || baseline conclusion=YELLOW; current prior status=YELLOW; prior reason=1 个机制缺少充分的核心效果验证；逐机制依据见 card_mechanism.csv。,50% chance to attack the wrong enemy.,50%几率攻击错误的敌人。,fireplace/cards/tgt/neutral_rare.py:19
17.6.0.53261,The Grand Tournament (TGT),AT_089,Boneguard Lieutenant,白骨卫士军官,Unclassified effect,GREEN,implemented,yes,All listed mechanism labels were exercised by the card-specific case(s); every state assertion passed.,card_mechanism.csv#AT_089; generic-play-smoke:played; effect-evidence: reports/card_quality_full_2026-09-27/tgt_probe.csv#tgt_at_089_core_behavior; per-card: reports/card_quality_full_2026-09-27/tgt_probe.csv#tgt_at_089_core_behavior,聚合状态取该卡最差机制；普通烟测只证明可执行，不能单独构成 GREEN。 EN: Inspire: Gain +1 Health. || ZH: 激励： 获得+1生命值。 || Implementation source: fireplace/cards/tgt/neutral_common.py:50 || Existing test refs: none referenced || baseline conclusion=YELLOW; current prior status=YELLOW; prior reason=1 个机制缺少充分的核心效果验证；逐机制依据见 card_mechanism.csv。,Inspire: Gain +1 Health.,激励： 获得+1生命值。,fireplace/cards/tgt/neutral_common.py:50
17.6.0.53261,The Grand Tournament (TGT),AT_090,Mukla's Champion,穆克拉的勇士,Unclassified effect,RED,partial,yes,"Confirmed runtime mismatch in tgt_at_090_core_behavior: expected Inspire: Give your other minions +1/+1.; observed mukla=5/4,before=(4, 3);other=2/2,before=(1, 1);field=[('CS2_231', 2, 2), ('AT_090', 5, 4)]",card_mechanism.csv#AT_090; generic-play-smoke:played; effect-evidence: reports/card_quality_full_2026-09-27/tgt_probe.csv#tgt_at_090_core_behavior; per-card: reports/card_quality_full_2026-09-27/tgt_probe.csv#tgt_at_090_core_behavior,聚合状态取该卡最差机制；普通烟测只证明可执行，不能单独构成 GREEN。 EN: Inspire: Give your other minions +1/+1. || ZH: 激励：使你的其他随从获得+1/+1。 || Implementation source: fireplace/cards/tgt/neutral_common.py:59 || Existing test refs: none referenced || baseline conclusion=YELLOW; current prior status=YELLOW; prior reason=1 个机制缺少充分的核心效果验证；逐机制依据见 card_mechanism.csv。,Inspire: Give your other minions +1/+1.,激励：使你的其他随从获得+1/+1。,fireplace/cards/tgt/neutral_common.py:59
17.6.0.53261,The Grand Tournament (TGT),AT_091,Tournament Medic,赛场医师,Unclassified effect,GREEN,implemented,yes,All listed mechanism labels were exercised by the card-specific case(s); every state assertion passed.,card_mechanism.csv#AT_091; generic-play-smoke:played; effect-evidence: reports/card_quality_full_2026-09-27/tgt_probe.csv#tgt_at_091_core_behavior; per-card: reports/card_quality_full_2026-09-27/tgt_probe.csv#tgt_at_091_core_behavior,聚合状态取该卡最差机制；普通烟测只证明可执行，不能单独构成 GREEN。 EN: Inspire: Restore #2 Health to your hero. || ZH: 激励：为你的英雄恢复#2点生命值。 || Implementation source: fireplace/cards/tgt/neutral_common.py:68 || Existing test refs: none referenced || baseline conclusion=YELLOW; current prior status=YELLOW; prior reason=1 个机制缺少充分的核心效果验证；逐机制依据见 card_mechanism.csv。,Inspire: Restore #2 Health to your hero.,激励：为你的英雄恢复#2点生命值。,fireplace/cards/tgt/neutral_common.py:68
17.6.0.53261,The Grand Tournament (TGT),AT_093,Frigid Snobold,雪地狗头人,Spell Damage,GREEN,implemented,yes,All listed mechanism labels were exercised by the card-specific case(s); every state assertion passed.,card_mechanism.csv#AT_093; generic-play-smoke:played; effect-evidence: reports/card_quality_full_2026-09-27/tgt_probe.csv#tgt_at_093_core_behavior; per-card: reports/card_quality_full_2026-09-27/tgt_probe.csv#tgt_at_093_core_behavior,聚合状态取该卡最差机制；普通烟测只证明可执行，不能单独构成 GREEN。 EN: Spell Damage +1 || ZH: 法术伤害+1 || Implementation source: CardDefs.xml/runtime native card tags || Existing test refs: none referenced || baseline conclusion=YELLOW; current prior status=YELLOW; prior reason=1 个机制缺少充分的核心效果验证；逐机制依据见 card_mechanism.csv。,Spell Damage +1,法术伤害+1,
17.6.0.53261,The Grand Tournament (TGT),AT_094,Flame Juggler,火焰杂耍者,Battlecry|Random effects,GREEN,implemented,yes,All listed mechanism labels were exercised by the card-specific case(s); every state assertion passed.,card_mechanism.csv#AT_094; generic-play-smoke:played; effect-evidence: reports/card_quality_full_2026-09-27/tgt_probe.csv#tgt_at_094_core_behavior; per-card: reports/card_quality_full_2026-09-27/tgt_probe.csv#tgt_at_094_core_behavior,聚合状态取该卡最差机制；普通烟测只证明可执行，不能单独构成 GREEN。 EN: Battlecry: Deal 1 damage to a random enemy. || ZH: 战吼：随机对一个敌人造成1点伤害。 || Implementation source: fireplace/cards/tgt/neutral_common.py:74 || Existing test refs: none referenced || baseline conclusion=YELLOW; current prior status=YELLOW; prior reason=2 个机制缺少充分的核心效果验证；逐机制依据见 card_mechanism.csv。,Battlecry: Deal 1 damage to a random enemy.,战吼：随机对一个敌人造成1点伤害。,fireplace/cards/tgt/neutral_common.py:74
17.6.0.53261,The Grand Tournament (TGT),AT_095,Silent Knight,沉默的骑士,Divine Shield|Stealth,GREEN,implemented,yes,All listed mechanism labels were exercised by the card-specific case(s); every state assertion passed.,card_mechanism.csv#AT_095; generic-play-smoke:played; effect-evidence: reports/card_quality_full_2026-09-27/tgt_probe.csv#tgt_at_095_core_behavior; per-card: reports/card_quality_full_2026-09-27/tgt_probe.csv#tgt_at_095_core_behavior,聚合状态取该卡最差机制；普通烟测只证明可执行，不能单独构成 GREEN。 EN: Stealth Divine Shield || ZH: 潜行 圣盾 || Implementation source: CardDefs.xml/runtime native card tags || Existing test refs: none referenced || baseline conclusion=YELLOW; current prior status=YELLOW; prior reason=2 个机制缺少充分的核心效果验证；逐机制依据见 card_mechanism.csv。,Stealth Divine Shield,潜行 圣盾,
17.6.0.53261,The Grand Tournament (TGT),AT_096,Clockwork Knight,发条骑士,Battlecry|Targeting,GREEN,implemented,yes,All listed mechanism labels were exercised by the card-specific case(s); every state assertion passed.,card_mechanism.csv#AT_096; generic-play-smoke:played; effect-evidence: reports/card_quality_full_2026-09-27/tgt_probe.csv#tgt_at_096_core_behavior; per-card: reports/card_quality_full_2026-09-27/tgt_probe.csv#tgt_at_096_core_behavior,聚合状态取该卡最差机制；普通烟测只证明可执行，不能单独构成 GREEN。 EN: Battlecry: Give a friendly Mech +1/+1. || ZH: 战吼：使一个友方机械获得+1/+1。 || Implementation source: fireplace/cards/tgt/neutral_common.py:80 || Existing test refs: none referenced || baseline conclusion=YELLOW; current prior status=YELLOW; prior reason=2 个机制缺少充分的核心效果验证；逐机制依据见 card_mechanism.csv。,Battlecry: Give a friendly Mech +1/+1.,战吼：使一个友方机械获得+1/+1。,fireplace/cards/tgt/neutral_common.py:80
17.6.0.53261,The Grand Tournament (TGT),AT_097,Tournament Attendee,赛场观众,Taunt,GREEN,implemented,yes,All listed mechanism labels were exercised by the card-specific case(s); every state assertion passed.,card_mechanism.csv#AT_097; generic-play-smoke:played; effect-evidence: reports/card_quality_full_2026-09-27/tgt_probe.csv#tgt_at_097_core_behavior; per-card: reports/card_quality_full_2026-09-27/tgt_probe.csv#tgt_at_097_core_behavior,聚合状态取该卡最差机制；普通烟测只证明可执行，不能单独构成 GREEN。 EN: Taunt || ZH: 嘲讽 || Implementation source: CardDefs.xml/runtime native card tags || Existing test refs: none referenced || baseline conclusion=YELLOW; current prior status=YELLOW; prior reason=1 个机制缺少充分的核心效果验证；逐机制依据见 card_mechanism.csv。,Taunt,嘲讽,
17.6.0.53261,The Grand Tournament (TGT),AT_098,Sideshow Spelleater,杂耍吞法者,Battlecry|Summon,GREEN,implemented,yes,All listed mechanism labels were exercised by the card-specific case(s); every state assertion passed.,card_mechanism.csv#AT_098; generic-play-smoke:played; effect-evidence: reports/card_quality_full_2026-09-27/tgt_probe.csv#tgt_at_098_core_behavior; per-card: reports/card_quality_full_2026-09-27/tgt_probe.csv#tgt_at_098_core_behavior,聚合状态取该卡最差机制；普通烟测只证明可执行，不能单独构成 GREEN。 EN: Battlecry: Copy your opponent's Hero Power. || ZH: 战吼：复制对手的英雄技能。 || Implementation source: fireplace/cards/tgt/neutral_epic.py:24 || Existing test refs: none referenced || baseline conclusion=YELLOW; current prior status=YELLOW; prior reason=2 个机制缺少充分的核心效果验证；逐机制依据见 card_mechanism.csv。,Battlecry: Copy your opponent's Hero Power.,战吼：复制对手的英雄技能。,fireplace/cards/tgt/neutral_epic.py:24
17.6.0.53261,The Grand Tournament (TGT),AT_099,Kodorider,科多兽骑手,Summon,GREEN,implemented,yes,All listed mechanism labels were exercised by the card-specific case(s); every state assertion passed.,card_mechanism.csv#AT_099; generic-play-smoke:played; effect-evidence: reports/card_quality_full_2026-09-27/tgt_probe.csv#tgt_at_099_core_behavior; per-card: reports/card_quality_full_2026-09-27/tgt_probe.csv#tgt_at_099_core_behavior,聚合状态取该卡最差机制；普通烟测只证明可执行，不能单独构成 GREEN。 EN: Inspire: Summon a 3/5 War Kodo. || ZH: 激励：召唤一个3/5的作战科多兽。 || Implementation source: fireplace/cards/tgt/neutral_epic.py:30 || Existing test refs: none referenced || baseline conclusion=YELLOW; current prior status=YELLOW; prior reason=1 个机制缺少充分的核心效果验证；逐机制依据见 card_mechanism.csv。,Inspire: Summon a 3/5 War Kodo.,激励：召唤一个3/5的作战科多兽。,fireplace/cards/tgt/neutral_epic.py:30
17.6.0.53261,The Grand Tournament (TGT),AT_100,Silver Hand Regent,白银之手教官,Summon,GREEN,implemented,yes,"针对性对局断言通过：inspire_recruit=before=['AT_100'];after=['AT_100', 'CS2_101t', 'CS2_101t'];without_regent=1;with_regent=2",card_mechanism.csv#AT_100; generic-play-smoke:played; effect-evidence: reports/card_quality_full_2026-09-27/tgt_probe.csv#inspire_recruit; per-card: reports/card_quality_full_2026-09-27/tgt_probe.csv#inspire_recruit,"聚合状态取该卡最差机制；普通烟测只证明可执行，不能单独构成 GREEN。 EN/ZH text, source, previous audit and existing tests are recorded in tgt_probe_tail.csv; 1 independent live case(s).",Inspire: Summon a 1/1 Silver Hand Recruit.,激励：召唤一个1/1的白银之手新兵。,fireplace/cards/tgt/neutral_common.py:95
17.6.0.53261,The Grand Tournament (TGT),AT_103,North Sea Kraken,北海海怪,Battlecry|Targeting,GREEN,implemented,yes,针对性对局断言通过：target_four_damage=target_damage=4;target_zone=PLAY;kraken=PLAY,card_mechanism.csv#AT_103; generic-play-smoke:played; effect-evidence: reports/card_quality_full_2026-09-27/tgt_probe.csv#target_four_damage; per-card: reports/card_quality_full_2026-09-27/tgt_probe.csv#target_four_damage,"聚合状态取该卡最差机制；普通烟测只证明可执行，不能单独构成 GREEN。 EN/ZH text, source, previous audit and existing tests are recorded in tgt_probe_tail.csv; 1 independent live case(s).",Battlecry: Deal 4 damage.,战吼：造成4点伤害。,fireplace/cards/tgt/neutral_common.py:101
17.6.0.53261,The Grand Tournament (TGT),AT_104,Tuskarr Jouster,海象人龟骑士,Battlecry|Cost modification,GREEN,implemented,yes,针对性对局断言通过：joust_win_heals_seven=hero_health=28;card=PLAY; joust_loss_no_heal=hero_health=21,card_mechanism.csv#AT_104; generic-play-smoke:played; effect-evidence: reports/card_quality_full_2026-09-27/tgt_probe.csv#joust_win_heals_seven; reports/card_quality_full_2026-09-27/tgt_probe.csv#joust_loss_no_heal; per-card: reports/card_quality_full_2026-09-27/tgt_probe.csv#joust_win_heals_seven; reports/card_quality_full_2026-09-27/tgt_probe.csv#joust_loss_no_heal,"聚合状态取该卡最差机制；普通烟测只证明可执行，不能单独构成 GREEN。 EN/ZH text, source, previous audit and existing tests are recorded in tgt_probe_tail.csv; 2 independent live case(s).","Battlecry: Reveal a minion in each deck. If yours costs more, restore #7 Health to your hero.",战吼：揭示双方牌库里的一张随从牌。如果你的牌法力值消耗较大，则为你的英雄恢复#7点生命值。,fireplace/cards/tgt/paladin.py:39
17.6.0.53261,The Grand Tournament (TGT),AT_105,Injured Kvaldir,受伤的克瓦迪尔,Battlecry,GREEN,implemented,yes,针对性对局断言通过：self_three_damage=stats=2/1;damage=3;zone=PLAY,card_mechanism.csv#AT_105; generic-play-smoke:played; effect-evidence: reports/card_quality_full_2026-09-27/tgt_probe.csv#self_three_damage; per-card: reports/card_quality_full_2026-09-27/tgt_probe.csv#self_three_damage,"聚合状态取该卡最差机制；普通烟测只证明可执行，不能单独构成 GREEN。 EN/ZH text, source, previous audit and existing tests are recorded in tgt_probe_tail.csv; 1 independent live case(s).",Battlecry: Deal 3 damage to this minion.,战吼：对自身造成3点伤害。,fireplace/cards/tgt/neutral_rare.py:25
17.6.0.53261,The Grand Tournament (TGT),AT_106,Light's Champion,圣光勇士,Battlecry|Silence|Targeting,GREEN,implemented,yes,"针对性对局断言通过：target_demon_silence=target_ids=['CS2_065', 'CS2_065'];taunt_before=1;taunt_after=False;silenced=True;champion=PLAY; friendly_demon_silence=friendly_demon_silenced=True;taunt=False;champion=PLAY",card_mechanism.csv#AT_106; generic-play-smoke:played; effect-evidence: reports/card_quality_full_2026-09-27/tgt_probe.csv#target_demon_silence; reports/card_quality_full_2026-09-27/tgt_probe.csv#friendly_demon_silence; per-card: reports/card_quality_full_2026-09-27/tgt_probe.csv#target_demon_silence; reports/card_quality_full_2026-09-27/tgt_probe.csv#friendly_demon_silence,"聚合状态取该卡最差机制；普通烟测只证明可执行，不能单独构成 GREEN。 EN/ZH text, source, previous audit and existing tests are recorded in tgt_probe_tail.csv; 2 independent live case(s).",Battlecry: Silence a Demon.,战吼： 沉默一个恶魔。,fireplace/cards/tgt/neutral_rare.py:31
17.6.0.53261,The Grand Tournament (TGT),AT_108,Armored Warhorse,重甲战马,Battlecry|Cost modification,GREEN,implemented,yes,针对性对局断言通过：joust_win_charge=charge=True;zone=PLAY; joust_loss_no_charge=charge=False;zone=PLAY,card_mechanism.csv#AT_108; generic-play-smoke:played; effect-evidence: reports/card_quality_full_2026-09-27/tgt_probe.csv#joust_win_charge; reports/card_quality_full_2026-09-27/tgt_probe.csv#joust_loss_no_charge; per-card: reports/card_quality_full_2026-09-27/tgt_probe.csv#joust_win_charge; reports/card_quality_full_2026-09-27/tgt_probe.csv#joust_loss_no_charge,"聚合状态取该卡最差机制；普通烟测只证明可执行，不能单独构成 GREEN。 EN/ZH text, source, previous audit and existing tests are recorded in tgt_probe_tail.csv; 2 independent live case(s).","Battlecry: Reveal a minion in each deck. If yours costs more, gain Charge.",战吼：揭示双方牌库里的一张随从牌。如果你的牌法力值消耗较大，则获得冲锋。,fireplace/cards/tgt/neutral_rare.py:42
17.6.0.53261,The Grand Tournament (TGT),AT_109,Argent Watchman,银色警卫,Unclassified effect,RED,partial,yes,"确认与卡面不符：inspire_attack_permission expected[After summoning sickness ends, cannot attack before Inspire; can attack after Hero Power.] observed[can_attack_before=False;after_inspire=False;actual_attack=rejected:InvalidAction:<Minion ('Argent Watchman')> can't attack <Hero ('Jaina Proudmoore')>.;cant_attack_tag=1;buffs=['AT_109e'];zone=PLAY]",card_mechanism.csv#AT_109; generic-play-smoke:played; effect-evidence: reports/card_quality_full_2026-09-27/tgt_probe.csv#inspire_attack_permission; per-card: reports/card_quality_full_2026-09-27/tgt_probe.csv#inspire_attack_permission,"聚合状态取该卡最差机制；普通烟测只证明可执行，不能单独构成 GREEN。 EN/ZH text, source, previous audit and existing tests are recorded in tgt_probe_tail.csv; 1 independent live case(s).",Can't attack. Inspire: Can attack as normal this turn.,无法攻击。 激励：在本回合中可正常进行攻击。,fireplace/cards/tgt/neutral_rare.py:48
17.6.0.53261,The Grand Tournament (TGT),AT_110,Coliseum Manager,角斗场主管,Unclassified effect,GREEN,implemented,yes,针对性对局断言通过：inspire_return_hand=zone=HAND;in_hand=True;in_field=False,card_mechanism.csv#AT_110; generic-play-smoke:played; effect-evidence: reports/card_quality_full_2026-09-27/tgt_probe.csv#inspire_return_hand; per-card: reports/card_quality_full_2026-09-27/tgt_probe.csv#inspire_return_hand,"聚合状态取该卡最差机制；普通烟测只证明可执行，不能单独构成 GREEN。 EN/ZH text, source, previous audit and existing tests are recorded in tgt_probe_tail.csv; 1 independent live case(s).",Inspire: Return this minion to your hand.,激励：将该随从移回你的手牌。,fireplace/cards/tgt/neutral_rare.py:57
17.6.0.53261,The Grand Tournament (TGT),AT_111,Refreshment Vendor,零食商贩,Battlecry,GREEN,implemented,yes,针对性对局断言通过：heal_both_heroes_cap=friendly_health=28;enemy_health=30;card=PLAY,card_mechanism.csv#AT_111; generic-play-smoke:played; effect-evidence: reports/card_quality_full_2026-09-27/tgt_probe.csv#heal_both_heroes_cap; per-card: reports/card_quality_full_2026-09-27/tgt_probe.csv#heal_both_heroes_cap,"聚合状态取该卡最差机制；普通烟测只证明可执行，不能单独构成 GREEN。 EN/ZH text, source, previous audit and existing tests are recorded in tgt_probe_tail.csv; 1 independent live case(s).",Battlecry: Restore #4 Health to each hero.,战吼：为每个英雄恢复#4点生命值。,fireplace/cards/tgt/neutral_common.py:108
17.6.0.53261,The Grand Tournament (TGT),AT_112,Master Jouster,大师级枪骑士,Battlecry|Cost modification,GREEN,implemented,yes,针对性对局断言通过：joust_win_two_keywords=taunt=True;shield=True;zone=PLAY; joust_loss_no_keywords=taunt=False;shield=False;zone=PLAY,card_mechanism.csv#AT_112; generic-play-smoke:played; effect-evidence: reports/card_quality_full_2026-09-27/tgt_probe.csv#joust_win_two_keywords; reports/card_quality_full_2026-09-27/tgt_probe.csv#joust_loss_no_keywords; per-card: reports/card_quality_full_2026-09-27/tgt_probe.csv#joust_win_two_keywords; reports/card_quality_full_2026-09-27/tgt_probe.csv#joust_loss_no_keywords,"聚合状态取该卡最差机制；普通烟测只证明可执行，不能单独构成 GREEN。 EN/ZH text, source, previous audit and existing tests are recorded in tgt_probe_tail.csv; 2 independent live case(s).","Battlecry: Reveal a minion in each deck. If yours costs more, gain Taunt and Divine Shield.",战吼：揭示双方牌库里的一张随从牌。如果你的牌法力值消耗较大，则获得嘲讽和圣盾。,fireplace/cards/tgt/neutral_rare.py:63
17.6.0.53261,The Grand Tournament (TGT),AT_113,Recruiter,征募官,Unclassified effect,GREEN,implemented,yes,针对性对局断言通过：inspire_squire_hand=before=0;hand=['CS2_152'];squires=1,card_mechanism.csv#AT_113; generic-play-smoke:played; effect-evidence: reports/card_quality_full_2026-09-27/tgt_probe.csv#inspire_squire_hand; per-card: reports/card_quality_full_2026-09-27/tgt_probe.csv#inspire_squire_hand,"聚合状态取该卡最差机制；普通烟测只证明可执行，不能单独构成 GREEN。 EN/ZH text, source, previous audit and existing tests are recorded in tgt_probe_tail.csv; 1 independent live case(s).",Inspire: Add a 2/2 Squire to your hand.,激励：将一个2/2的侍从置入你的手牌。,fireplace/cards/tgt/neutral_epic.py:36
17.6.0.53261,The Grand Tournament (TGT),AT_114,Evil Heckler,邪灵拷问者,Taunt,GREEN,implemented,yes,针对性对局断言通过：native_taunt_and_stats=taunt=1;zone=PLAY;atk=5;health=4,card_mechanism.csv#AT_114; generic-play-smoke:played; effect-evidence: reports/card_quality_full_2026-09-27/tgt_probe.csv#native_taunt_and_stats; per-card: reports/card_quality_full_2026-09-27/tgt_probe.csv#native_taunt_and_stats,"聚合状态取该卡最差机制；普通烟测只证明可执行，不能单独构成 GREEN。 EN/ZH text, source, previous audit and existing tests are recorded in tgt_probe_tail.csv; 1 independent live case(s).",Taunt,嘲讽,
17.6.0.53261,The Grand Tournament (TGT),AT_115,Fencing Coach,击剑教头,Battlecry|Cost modification,GREEN,implemented,yes,针对性对局断言通过：next_hero_power_discount_consumed=hero_power_cost_before=0;after_use=2;coach=PLAY,card_mechanism.csv#AT_115; generic-play-smoke:played; effect-evidence: reports/card_quality_full_2026-09-27/tgt_probe.csv#next_hero_power_discount_consumed; per-card: reports/card_quality_full_2026-09-27/tgt_probe.csv#next_hero_power_discount_consumed,"聚合状态取该卡最差机制；普通烟测只证明可执行，不能单独构成 GREEN。 EN/ZH text, source, previous audit and existing tests are recorded in tgt_probe_tail.csv; 1 independent live case(s).","Battlecry: The next time you use your Hero Power, it costs (2) less.",战吼：你的下一个英雄技能的法力值消耗减少（2）点。,fireplace/cards/tgt/neutral_rare.py:69
17.6.0.53261,The Grand Tournament (TGT),AT_116,Wyrmrest Agent,龙眠教官,Battlecry,GREEN,implemented,yes,针对性对局断言通过：holding_dragon_buff=atk=2;taunt=True;zone=PLAY; no_dragon_no_buff=atk=1;taunt=False;zone=PLAY,card_mechanism.csv#AT_116; generic-play-smoke:played; effect-evidence: reports/card_quality_full_2026-09-27/tgt_probe.csv#holding_dragon_buff; reports/card_quality_full_2026-09-27/tgt_probe.csv#no_dragon_no_buff; per-card: reports/card_quality_full_2026-09-27/tgt_probe.csv#holding_dragon_buff; reports/card_quality_full_2026-09-27/tgt_probe.csv#no_dragon_no_buff,"聚合状态取该卡最差机制；普通烟测只证明可执行，不能单独构成 GREEN。 EN/ZH text, source, previous audit and existing tests are recorded in tgt_probe_tail.csv; 2 independent live case(s).","Battlecry: If you're holding a Dragon, gain +1 Attack and Taunt.",战吼：如果你的手牌中有龙牌，便获得+1攻击力和嘲讽。,fireplace/cards/tgt/priest.py:40
17.6.0.53261,The Grand Tournament (TGT),AT_117,Master of Ceremonies,庆典司仪,Battlecry|Spell Damage,GREEN,implemented,yes,针对性对局断言通过：friendly_spellpower_buff=stats=6/4;printed=4/2; no_spellpower_no_buff=stats=4/2;printed=4/2; opponent_spellpower_no_buff=enemy_spellpower=1;own_spellpower=0;stats=4/2;printed=4/2,card_mechanism.csv#AT_117; generic-play-smoke:played; effect-evidence: reports/card_quality_full_2026-09-27/tgt_probe.csv#friendly_spellpower_buff; reports/card_quality_full_2026-09-27/tgt_probe.csv#no_spellpower_no_buff; reports/card_quality_full_2026-09-27/tgt_probe.csv#opponent_spellpower_no_buff; per-card: reports/card_quality_full_2026-09-27/tgt_probe.csv#friendly_spellpower_buff; reports/card_quality_full_2026-09-27/tgt_probe.csv#no_spellpower_no_buff; reports/card_quality_full_2026-09-27/tgt_probe.csv#opponent_spellpower_no_buff,"聚合状态取该卡最差机制；普通烟测只证明可执行，不能单独构成 GREEN。 EN/ZH text, source, previous audit and existing tests are recorded in tgt_probe_tail.csv; 3 independent live case(s).","Battlecry: If you have a minion with Spell Damage, gain +2/+2.",战吼：如果你控制任何具有法术伤害的随从，便获得+2/+2。,fireplace/cards/tgt/neutral_epic.py:42
17.6.0.53261,The Grand Tournament (TGT),AT_118,Grand Crusader,十字军统领,Battlecry|Random effects,GREEN,implemented,yes,"针对性对局断言通过：random_paladin_card=16_seeded_paladin_cards=['EX1_355', 'BT_026', 'DAL_573', 'UNG_015', 'TRL_545', 'CFM_639', 'AT_078', 'BT_018', 'ICC_244', 'GVG_058', 'OG_222', 'DRG_225', 'AT_079', 'CFM_759', 'OG_310', 'LOOT_216'];distinct=16",card_mechanism.csv#AT_118; generic-play-smoke:played; effect-evidence: reports/card_quality_full_2026-09-27/tgt_probe.csv#random_paladin_card; per-card: reports/card_quality_full_2026-09-27/tgt_probe.csv#random_paladin_card,"聚合状态取该卡最差机制；普通烟测只证明可执行，不能单独构成 GREEN。 EN/ZH text, source, previous audit and existing tests are recorded in tgt_probe_tail.csv; 1 independent live case(s).",Battlecry: Add a random Paladin card to your hand.,战吼： 随机将一张圣骑士牌置入你的手牌。,fireplace/cards/tgt/neutral_epic.py:52
17.6.0.53261,The Grand Tournament (TGT),AT_119,Kvaldir Raider,克瓦迪尔劫掠者,Unclassified effect,GREEN,implemented,yes,"针对性对局断言通过：inspire_two_two=before=(4, 4);after=6/6;zone=PLAY",card_mechanism.csv#AT_119; generic-play-smoke:played; effect-evidence: reports/card_quality_full_2026-09-27/tgt_probe.csv#inspire_two_two; per-card: reports/card_quality_full_2026-09-27/tgt_probe.csv#inspire_two_two,"聚合状态取该卡最差机制；普通烟测只证明可执行，不能单独构成 GREEN。 EN/ZH text, source, previous audit and existing tests are recorded in tgt_probe_tail.csv; 1 independent live case(s).",Inspire: Gain +2/+2.,激励：获得+2/+2。,fireplace/cards/tgt/neutral_common.py:114
17.6.0.53261,The Grand Tournament (TGT),AT_120,Frost Giant,冰霜巨人,Cost modification,GREEN,implemented,yes,针对性对局断言通过：two_hero_power_uses_discount=costs=10->9->8,card_mechanism.csv#AT_120; generic-play-smoke:played; effect-evidence: reports/card_quality_full_2026-09-27/tgt_probe.csv#two_hero_power_uses_discount; per-card: reports/card_quality_full_2026-09-27/tgt_probe.csv#two_hero_power_uses_discount,"聚合状态取该卡最差机制；普通烟测只证明可执行，不能单独构成 GREEN。 EN/ZH text, source, previous audit and existing tests are recorded in tgt_probe_tail.csv; 1 independent live case(s).",Costs (1) less for each time you used your Hero Power this game.,在本局对战中，每当你使用一次英雄技能，该牌的法力值消耗便减少（1）点。,fireplace/cards/tgt/neutral_epic.py:58
17.6.0.53261,The Grand Tournament (TGT),AT_121,Crowd Favorite,人气选手,Battlecry|Trigger,GREEN,implemented,yes,"针对性对局断言通过：battlecry_only_trigger=before=(4, 4);after_plain=(4, 4);after_battlecry=(5, 5); opponent_battlecry_no_trigger=before=(4, 4);after_opponent_battlecry=4/4;zone=PLAY",card_mechanism.csv#AT_121; generic-play-smoke:played; effect-evidence: reports/card_quality_full_2026-09-27/tgt_probe.csv#battlecry_only_trigger; reports/card_quality_full_2026-09-27/tgt_probe.csv#opponent_battlecry_no_trigger; per-card: reports/card_quality_full_2026-09-27/tgt_probe.csv#battlecry_only_trigger; reports/card_quality_full_2026-09-27/tgt_probe.csv#opponent_battlecry_no_trigger,"聚合状态取该卡最差机制；普通烟测只证明可执行，不能单独构成 GREEN。 EN/ZH text, source, previous audit and existing tests are recorded in tgt_probe_tail.csv; 2 independent live case(s).","Whenever you play a card with Battlecry, gain +1/+1.",每当你使用一张具有战吼的牌，便获得+1/+1。,fireplace/cards/tgt/neutral_epic.py:64
17.6.0.53261,The Grand Tournament (TGT),AT_122,Gormok the Impaler,穿刺者戈莫克,Battlecry|Targeting,GREEN,implemented,yes,针对性对局断言通过：four_allies_damage=target_damage=4;target_zone=PLAY;card=PLAY; three_allies_no_damage=target_damage=0;card=PLAY,card_mechanism.csv#AT_122; generic-play-smoke:played; effect-evidence: reports/card_quality_full_2026-09-27/tgt_probe.csv#four_allies_damage; reports/card_quality_full_2026-09-27/tgt_probe.csv#three_allies_no_damage; per-card: reports/card_quality_full_2026-09-27/tgt_probe.csv#four_allies_damage; reports/card_quality_full_2026-09-27/tgt_probe.csv#three_allies_no_damage,"聚合状态取该卡最差机制；普通烟测只证明可执行，不能单独构成 GREEN。 EN/ZH text, source, previous audit and existing tests are recorded in tgt_probe_tail.csv; 2 independent live case(s).","Battlecry: If you have at least 4 other minions, deal 4 damage.",战吼：如果你拥有至少四个其他随从，则造成4点伤害。,fireplace/cards/tgt/neutral_legendary.py:14
17.6.0.53261,The Grand Tournament (TGT),AT_123,Chillmaw,冰喉,Deathrattle|Taunt,GREEN,implemented,yes,针对性对局断言通过：holding_dragon_deathrattle=taunt=1;ally_damage=3;enemy_damage=3;chillmaw_zone=GRAVEYARD; no_dragon_no_deathrattle_damage=ally_damage=0;enemy_damage=0;zone=GRAVEYARD; dragon_added_after_play=dragon_at_death=NEW1_030/HAND;ally_damage=3;enemy_damage=3;zone=GRAVEYARD; dragon_removed_before_death=dragon_after_discard=REMOVEDFROMGAME;ally_damage=0;enemy_damage=0;zone=GRAVEYARD,card_mechanism.csv#AT_123; generic-play-smoke:played; effect-evidence: reports/card_quality_full_2026-09-27/tgt_probe.csv#holding_dragon_deathrattle; reports/card_quality_full_2026-09-27/tgt_probe.csv#no_dragon_no_deathrattle_damage; reports/card_quality_full_2026-09-27/tgt_probe.csv#dragon_added_after_play; reports/card_quality_full_2026-09-27/tgt_probe.csv#dragon_removed_before_death; per-card: reports/card_quality_full_2026-09-27/tgt_probe.csv#holding_dragon_deathrattle; reports/card_quality_full_2026-09-27/tgt_probe.csv#no_dragon_no_deathrattle_damage; reports/card_quality_full_2026-09-27/tgt_probe.csv#dragon_added_after_play; reports/card_quality_full_2026-09-27/tgt_probe.csv#dragon_removed_before_death,"聚合状态取该卡最差机制；普通烟测只证明可执行，不能单独构成 GREEN。 EN/ZH text, source, previous audit and existing tests are recorded in tgt_probe_tail.csv; 4 independent live case(s).","[x]Taunt Deathrattle: If you're holding a Dragon, deal 3 damage to all minions.",嘲讽，亡语： 如果你的手牌中有龙牌，则对所有随从造成3点伤害。,fireplace/cards/tgt/neutral_legendary.py:21
17.6.0.53261,The Grand Tournament (TGT),AT_124,Bolf Ramshield,博尔夫·碎盾,Trigger,GREEN,implemented,yes,针对性对局断言通过：redirect_hero_damage=hero_health=30;bolf_damage=2;zone=PLAY,card_mechanism.csv#AT_124; generic-play-smoke:played; effect-evidence: reports/card_quality_full_2026-09-27/tgt_probe.csv#redirect_hero_damage; per-card: reports/card_quality_full_2026-09-27/tgt_probe.csv#redirect_hero_damage,"聚合状态取该卡最差机制；普通烟测只证明可执行，不能单独构成 GREEN。 EN/ZH text, source, previous audit and existing tests are recorded in tgt_probe_tail.csv; 1 independent live case(s).","Whenever your hero takes damage, this minion takes it instead.",每当你的英雄受到伤害，便会由该随从来承担。,fireplace/cards/tgt/neutral_legendary.py:27
17.6.0.53261,The Grand Tournament (TGT),AT_125,Icehowl,冰吼,Charge,GREEN,implemented,yes,针对性对局断言通过：charge_minion_only=charge=1;hero_target=False;minion_target=True;enemy_zone=GRAVEYARD;icehowl_zone=PLAY,card_mechanism.csv#AT_125; generic-play-smoke:played; effect-evidence: reports/card_quality_full_2026-09-27/tgt_probe.csv#charge_minion_only; per-card: reports/card_quality_full_2026-09-27/tgt_probe.csv#charge_minion_only,"聚合状态取该卡最差机制；普通烟测只证明可执行，不能单独构成 GREEN。 EN/ZH text, source, previous audit and existing tests are recorded in tgt_probe_tail.csv; 1 independent live case(s).",Charge Can't attack heroes.,冲锋 无法攻击英雄。,fireplace/cards/tgt/neutral_legendary.py:35
17.6.0.53261,The Grand Tournament (TGT),AT_127,Nexus-Champion Saraad,虚灵勇士萨兰德,Random effects,GREEN,implemented,yes,"针对性对局断言通过：inspire_random_spell=16_seeded_spell_cards=['EX1_137', 'BT_292', 'DAL_007', 'UNG_923', 'ULD_136', 'CFM_021', 'AT_061', 'BT_117', 'ICC_039', 'GIL_506', 'OG_047', 'DAL_373', 'AT_073', 'CFM_614', 'OG_206', 'LOOT_080'];distinct=16",card_mechanism.csv#AT_127; generic-play-smoke:played; effect-evidence: reports/card_quality_full_2026-09-27/tgt_probe.csv#inspire_random_spell; per-card: reports/card_quality_full_2026-09-27/tgt_probe.csv#inspire_random_spell,"聚合状态取该卡最差机制；普通烟测只证明可执行，不能单独构成 GREEN。 EN/ZH text, source, previous audit and existing tests are recorded in tgt_probe_tail.csv; 1 independent live case(s).",Inspire: Add a random spell to your hand.,激励：随机将一张法术牌置入你的手牌。,fireplace/cards/tgt/neutral_legendary.py:41
17.6.0.53261,The Grand Tournament (TGT),AT_128,The Skeleton Knight,骷髅骑士,Cost modification|Deathrattle,GREEN,implemented,yes,针对性对局断言通过：winning_joust_bounce=zone=HAND;in_hand=True; losing_joust_graveyard=zone=GRAVEYARD;in_hand=False,card_mechanism.csv#AT_128; generic-play-smoke:played; effect-evidence: reports/card_quality_full_2026-09-27/tgt_probe.csv#winning_joust_bounce; reports/card_quality_full_2026-09-27/tgt_probe.csv#losing_joust_graveyard; per-card: reports/card_quality_full_2026-09-27/tgt_probe.csv#winning_joust_bounce; reports/card_quality_full_2026-09-27/tgt_probe.csv#losing_joust_graveyard,"聚合状态取该卡最差机制；普通烟测只证明可执行，不能单独构成 GREEN。 EN/ZH text, source, previous audit and existing tests are recorded in tgt_probe_tail.csv; 2 independent live case(s).","Deathrattle: Reveal a minion in each deck. If yours costs more, return this to your hand.",亡语：揭示双方牌库里的一张随从牌。如果你的牌法力值消耗较大，则将骷髅骑士移回你的手牌。,fireplace/cards/tgt/neutral_legendary.py:47
17.6.0.53261,The Grand Tournament (TGT),AT_129,Fjola Lightbane,光明邪使菲奥拉,Targeting|Trigger,GREEN,implemented,yes,针对性对局断言通过：friendly_target_spell_shield=shield_before=False;shield_after=True;zone=PLAY; opponent_spell_no_shield=shield_after_opponent_spell=False;damage=1;zone=PLAY,card_mechanism.csv#AT_129; generic-play-smoke:played; effect-evidence: reports/card_quality_full_2026-09-27/tgt_probe.csv#friendly_target_spell_shield; reports/card_quality_full_2026-09-27/tgt_probe.csv#opponent_spell_no_shield; per-card: reports/card_quality_full_2026-09-27/tgt_probe.csv#friendly_target_spell_shield; reports/card_quality_full_2026-09-27/tgt_probe.csv#opponent_spell_no_shield,"聚合状态取该卡最差机制；普通烟测只证明可执行，不能单独构成 GREEN。 EN/ZH text, source, previous audit and existing tests are recorded in tgt_probe_tail.csv; 2 independent live case(s).","Whenever you target this minion with a spell, gain Divine Shield.",每当你以该随从为目标施放一个法术时，便获得圣盾。,fireplace/cards/tgt/neutral_legendary.py:53
17.6.0.53261,The Grand Tournament (TGT),AT_130,Sea Reaver,破海者,Draw / Discard|Trigger,GREEN,implemented,yes,"针对性对局断言通过：draw_damages_own_minions=drawn=HAND;ally_damage=[1, 1];enemy_damage=0",card_mechanism.csv#AT_130; generic-play-smoke:played; effect-evidence: reports/card_quality_full_2026-09-27/tgt_probe.csv#draw_damages_own_minions; per-card: reports/card_quality_full_2026-09-27/tgt_probe.csv#draw_damages_own_minions,"聚合状态取该卡最差机制；普通烟测只证明可执行，不能单独构成 GREEN。 EN/ZH text, source, previous audit and existing tests are recorded in tgt_probe_tail.csv; 1 independent live case(s).","When you draw this, deal 1 damage to your minions.",当你抽到该牌时，对你的随从造成 1点伤害。,fireplace/cards/tgt/warrior.py:48
17.6.0.53261,The Grand Tournament (TGT),AT_131,Eydis Darkbane,黑暗邪使艾蒂丝,Random effects|Targeting|Trigger,GREEN,implemented,yes,"针对性对局断言通过：target_spell_random_enemy=16_seeded_targets=['minion', 'hero', 'hero', 'hero', 'minion', 'minion', 'minion', 'hero', 'minion', 'hero', 'minion', 'minion', 'hero', 'hero', 'minion', 'minion']",card_mechanism.csv#AT_131; generic-play-smoke:played; effect-evidence: reports/card_quality_full_2026-09-27/tgt_probe.csv#target_spell_random_enemy; per-card: reports/card_quality_full_2026-09-27/tgt_probe.csv#target_spell_random_enemy,"聚合状态取该卡最差机制；普通烟测只证明可执行，不能单独构成 GREEN。 EN/ZH text, source, previous audit and existing tests are recorded in tgt_probe_tail.csv; 1 independent live case(s).","Whenever you target this minion with a spell, deal 3 damage to a random enemy.",每当你以该随从为目标施放一个法术时，便随机对一个敌人造成3点伤害。,fireplace/cards/tgt/neutral_legendary.py:59
17.6.0.53261,The Grand Tournament (TGT),AT_132,Justicar Trueheart,裁决者图哈特,Battlecry,GREEN,implemented,yes,针对性对局断言通过：mage_upgrade_two_damage=old_power=HERO_08bp;new_power=HERO_08bp2;upgraded_damage=2;card_zone=PLAY; warrior_upgrade_four_armor=old_power=HERO_01bp;new_power=HERO_01bp2;armor_gained=4;card_zone=PLAY,card_mechanism.csv#AT_132; generic-play-smoke:played; effect-evidence: reports/card_quality_full_2026-09-27/tgt_probe.csv#mage_upgrade_two_damage; reports/card_quality_full_2026-09-27/tgt_probe.csv#warrior_upgrade_four_armor; per-card: reports/card_quality_full_2026-09-27/tgt_probe.csv#mage_upgrade_two_damage; reports/card_quality_full_2026-09-27/tgt_probe.csv#warrior_upgrade_four_armor,"聚合状态取该卡最差机制；普通烟测只证明可执行，不能单独构成 GREEN。 EN/ZH text, source, previous audit and existing tests are recorded in tgt_probe_tail.csv; 2 independent live case(s).",Battlecry: Replace your starting Hero Power with a better one.,战吼：以更强的英雄技能来替换你的初始英雄技能。,fireplace/cards/tgt/neutral_legendary.py:65
17.6.0.53261,The Grand Tournament (TGT),AT_133,Gadgetzan Jouster,加基森枪骑士,Battlecry|Cost modification,GREEN,implemented,yes,针对性对局断言通过：joust_win_plus_one=stats=2/3;base=1/2; joust_loss_printed=stats=1/2;base=1/2,card_mechanism.csv#AT_133; generic-play-smoke:played; effect-evidence: reports/card_quality_full_2026-09-27/tgt_probe.csv#joust_win_plus_one; reports/card_quality_full_2026-09-27/tgt_probe.csv#joust_loss_printed; per-card: reports/card_quality_full_2026-09-27/tgt_probe.csv#joust_win_plus_one; reports/card_quality_full_2026-09-27/tgt_probe.csv#joust_loss_printed,"聚合状态取该卡最差机制；普通烟测只证明可执行，不能单独构成 GREEN。 EN/ZH text, source, previous audit and existing tests are recorded in tgt_probe_tail.csv; 2 independent live case(s).","Battlecry: Reveal a minion in each deck. If yours costs more, gain +1/+1.",战吼：揭示双方牌库里的一张随从牌。如果你的牌法力值消耗较大，则获得+1/+1。,fireplace/cards/tgt/neutral_common.py:123
