card_id,case_id,expected,observed,outcome,notes
KAR_004,KAR_004::KAR_004_live_01,_k004_spell_trap:牌面效果及对应状态变化符合预期,"AssertionError: secret_live=True;secret_zone=SECRET;after_enemy_minion_field_count=0;spell=GRAVEYARD;panthers=[(4, 2, 1, 'PLAY')];enemy_minion=PLAY",confirmed_error,batch=kara_a; live_game=_k004_spell_trap;每张卡独立设局并断言核心文本状态; scope_asserted=Secret|Spell resolution|Summon|Trigger
KAR_005,KAR_005::KAR_005_live_01,_k005_deathrattle:牌面效果及对应状态变化符合预期,"grandmother=GRAVEYARD;wolves=[(3, 2, 'PLAY')];token_data=(3, 2)",pass,batch=kara_a; live_game=_k005_deathrattle;每张卡独立设局并断言核心文本状态; scope_asserted=Deathrattle|Summon
KAR_006,KAR_006::KAR_006_live_01,_k006_secret_cost_and_aura_end:牌面效果及对应状态变化符合预期,"while_huntress=(0, 0);after_death=(2, 0, 'GRAVEYARD')",pass,batch=kara_a; live_game=_k006_secret_cost_and_aura_end;每张卡独立设局并断言核心文本状态; scope_asserted=Continuous effect / Update|Cost modification
KAR_009,KAR_009::KAR_009_live_01,_k009_random_mage_spell:牌面效果及对应状态变化符合预期,"AssertionError: (0, 'DAL_352', [<CardClass.DRUID: 2>])",confirmed_error,batch=kara_a; live_game=_k009_random_mage_spell;每张卡独立设局并断言核心文本状态; scope_asserted=Battlecry|Random effects
KAR_010,KAR_010::KAR_010_live_01,_k010_holding_dragon_branch:牌面效果及对应状态变化符合预期,"no_dragon_field=['KAR_010'];holding_dragon=HAND;dragon_branch_field=['KAR_010a', 'KAR_010', 'KAR_010a'];tokens=[(1, 1, 'PLAY'), (1, 1, 'PLAY')];enemy_field=[]",pass,batch=kara_a; live_game=_k010_holding_dragon_branch;每张卡独立设局并断言核心文本状态; scope_asserted=Battlecry|Summon
KAR_011,KAR_011::KAR_011_live_01,_k011_taunt_whiteboard:牌面效果及对应状态变化符合预期,"id=KAR_011;stats=(3, 2, 2);taunt=1;zone=PLAY",pass,batch=kara_a; live_game=_k011_taunt_whiteboard;每张卡独立设局并断言核心文本状态; scope_asserted=Taunt
KAR_011,KAR_011::KAR_011_live_02,_k011_taunt_blocks_attack_then_releases:牌面效果及对应状态变化符合预期,"taunt_target_gate=(True, False);after_attack=('GRAVEYARD', 30, True)",pass,batch=kara_a; live_game=_k011_taunt_blocks_attack_then_releases;每张卡独立设局并断言核心文本状态; scope_asserted=Taunt
KAR_013,KAR_013::KAR_013_live_01,_k013_silence_and_draw:牌面效果及对应状态变化符合预期,"before=(3, 3, True);after=(1, 1, 1, False, 'PLAY');drawn=HAND;hand=['CS2_231'];spell=GRAVEYARD",pass,batch=kara_a; live_game=_k013_silence_and_draw;每张卡独立设局并断言核心文本状态; scope_asserted=Draw / Discard|Silence|Spell resolution|Targeting
KAR_021,KAR_021::KAR_021_live_01,_k021_witchdoctor_trigger:牌面效果及对应状态变化符合预期,"16_own_coin_totems=['NEW1_009', 'CS2_052', 'CS2_050', 'CS2_052', 'CS2_051', 'NEW1_009', 'CS2_051', 'CS2_051', 'CS2_052', 'NEW1_009', 'NEW1_009', 'CS2_052', 'NEW1_009', 'CS2_052', 'CS2_051', 'CS2_052'];distinct=4;opponent_spell_no_trigger=true",pass,batch=kara_a; live_game=_k021_witchdoctor_trigger;每张卡独立设局并断言核心文本状态; scope_asserted=Random effects|Summon|Trigger
KAR_025,KAR_025::KAR_025_live_01,_k025_token_pack_and_capacity:牌面效果及对应状态变化符合预期,"first_pack=[('KAR_025a', 1, 1), ('KAR_025b', 2, 2), ('KAR_025c', 3, 3)];one_free_slot_result=[('KAR_025a', 1, 1)];spell_zones=('GRAVEYARD', 'GRAVEYARD');boards=(3, 7)",pass,batch=kara_a; live_game=_k025_token_pack_and_capacity;每张卡独立设局并断言核心文本状态; scope_asserted=Spell resolution|Summon
KAR_026,KAR_026::KAR_026_live_01,_k026_pawns_equal_enemy_count:牌面效果及对应状态变化符合预期,"enemy_count=3;pawn_count=3;pawns=[(1, 1, 1, 'PLAY'), (1, 1, 1, 'PLAY'), (1, 1, 1, 'PLAY')];spell=GRAVEYARD",pass,batch=kara_a; live_game=_k026_pawns_equal_enemy_count;每张卡独立设局并断言核心文本状态; scope_asserted=Spell resolution|Summon
KAR_028,KAR_028::KAR_028_live_01,_k028_weapon_attack_limits:牌面效果及对应状态变化符合预期,"weapon=KAR_028;attack_while_equipped=3;attack_after_break=0;enemy_hero_legal=False;attacks=[(True, 'GRAVEYARD', 3), (True, 'GRAVEYARD', 2), (True, 'GRAVEYARD', 1), (True, 'GRAVEYARD', 0)];weapon_after=None",pass,batch=kara_a; live_game=_k028_weapon_attack_limits;每张卡独立设局并断言核心文本状态; scope_asserted=Continuous effect / Update|Weapon
KAR_029,KAR_029::KAR_029_live_01,_k029_egg_death_draw:牌面效果及对应状态变化符合预期,egg=GRAVEYARD;draw=HAND;hand=['CS2_231'];hand_delta=1,pass,batch=kara_a; live_game=_k029_egg_death_draw;每张卡独立设局并断言核心文本状态; scope_asserted=Deathrattle|Draw / Discard
KAR_030a,KAR_030a::KAR_030a_live_01,_k030_spider_summon:牌面效果及对应状态变化符合预期,"body=(1, 3, 'PLAY');spider_tokens=[(1, 3, 'PLAY')]",pass,batch=kara_a; live_game=_k030_spider_summon;每张卡独立设局并断言核心文本状态; scope_asserted=Battlecry|Summon
KAR_033,KAR_033::KAR_033_live_01,_k033_book_wyrm_branches:牌面效果及对应状态变化符合预期,"without_dragon=(1, 'PLAY', False);with_dragon=('GRAVEYARD', 'PLAY', 'PLAY', False, True);legal_targets=['CS2_231']",pass,batch=kara_a; live_game=_k033_book_wyrm_branches;每张卡独立设局并断言核心文本状态; scope_asserted=Battlecry|Targeting
KAR_035,KAR_035::KAR_035_live_01,_k035_own_spell_heal_only:牌面效果及对应状态变化符合预期,priest=PLAY;after_own_spell=23;after_opponent_spell=23,pass,batch=kara_a; live_game=_k035_own_spell_heal_only;每张卡独立设局并断言核心文本状态; scope_asserted=Trigger
KAR_036,KAR_036::KAR_036_live_01,_k036_own_spell_health_only:牌面效果及对应状态变化符合预期,"initial=(1, 1);after_own_spell=(2, 2);after_opponent_spell=(2, 2)",pass,batch=kara_a; live_game=_k036_own_spell_health_only;每张卡独立设局并断言核心文本状态; scope_asserted=Trigger
KAR_037,KAR_037::KAR_037_live_01,_k037_secret_condition:牌面效果及对应状态变化符合预期,"without_secret=(3, 6, False);with_secret=(True, 4, 7, True)",pass,batch=kara_a; live_game=_k037_secret_condition;每张卡独立设局并断言核心文本状态; scope_asserted=Battlecry
KAR_041,KAR_041::KAR_041_live_01,_k041_lurker_destroy_and_resummon_owner:牌面效果及对应状态变化符合预期,"after_battlecry=('GRAVEYARD', True, 0);after_lurker_death=('GRAVEYARD', [(1, 1, 'PLAY')], 0)",pass,batch=kara_a; live_game=_k041_lurker_destroy_and_resummon_owner;每张卡独立设局并断言核心文本状态; scope_asserted=Battlecry|Deathrattle|Summon|Targeting
KAR_044,KAR_044::KAR_044_live_01,_k044_moroes_stealth_and_turn_trigger:牌面效果及对应状态变化符合预期,"before_end=(1, ['KAR_044']);stewards=[(1, 1, 'PLAY')];moroes=PLAY",pass,batch=kara_a; live_game=_k044_moroes_stealth_and_turn_trigger;每张卡独立设局并断言核心文本状态; scope_asserted=Stealth|Summon|Trigger
KAR_044,KAR_044::KAR_044_live_02,_k044_stealth_blocks_enemy_target_and_attack:牌面效果及对应状态变化符合预期,friendly_spell_target=True;enemy_spell_target=False;enemy_attack_target=False;moroes=PLAY;hero_health=26,pass,batch=kara_a; live_game=_k044_stealth_blocks_enemy_target_and_attack;每张卡独立设局并断言核心文本状态; scope_asserted=Stealth|Summon|Trigger
KAR_057,KAR_057::KAR_057_live_01,_k057_ivory_knight_discover_and_heal:牌面效果及对应状态变化符合预期,"12_seeded_paladin_discover_choices_and_heals=[(0, ['FP1_020', 'BT_024', 'BT_011'], 'FP1_020', 1, 11), (1, ['FP1_020', 'BT_024', 'GIL_903'], 'FP1_020', 1, 11), (2, ['BOT_234', 'OG_223', 'TRL_302'], 'BOT_234', 5, 15), (3, ['OG_311', 'EX1_136', 'UNG_952'], 'OG_311', 2, 12), (4, ['DRG_258', 'UNG_004', 'CFM_305'], 'DRG_258', 2, 12), (5, ['BOT_234', 'BOT_909', 'EX1_371'], 'BOT_234', 5, 15), (6, ['CS2_087', 'TRL_302', 'CS2_089'], 'CS2_087', 1, 11), (7, ['UNG_952', 'UNG_004', 'ICC_244'], 'UNG_952', 6, 16), (8, ['EX1_349', 'KAR_077', 'ULD_716'], 'EX1_349', 3, 13), (9, ['DRG_008', 'CFM_800', 'EX1_363'], 'DRG_008', 1, 11), (10, ['UNG_952', 'EX1_354', 'DRG_233'], 'UNG_952', 6, 16), (11, ['DAL_731', 'KAR_077', 'OG_198'], 'DAL_731', 5, 15)]",pass,batch=kara_a; live_game=_k057_ivory_knight_discover_and_heal;每张卡独立设局并断言核心文本状态; scope_asserted=Battlecry|Discover / Choice|Random effects
KAR_061,KAR_061::KAR_061_live_01,_k061_curator_draw_tribes:牌面效果及对应状态变化符合预期,"drawn_murloc_dragon_beast=(True, True, True);curator=(True, 1, 3, 0);hand=['PRO_001at', 'ds1_whelptoken', 'GVG_092t']",pass,batch=kara_a; live_game=_k061_curator_draw_tribes;每张卡独立设局并断言核心文本状态; scope_asserted=Battlecry|Draw / Discard|Taunt
KAR_062,KAR_062::KAR_062_live_01,_k062_historian_discover_branch:牌面效果及对应状态变化符合预期,"without_dragon=(True, None);held_dragon=HAND;options=[('CFM_605', 4, True), ('ICC_027', 4, True), ('OG_320', 4, True)];after_choice=(None, True, True, True)",pass,batch=kara_a; live_game=_k062_historian_discover_branch;每张卡独立设局并断言核心文本状态; scope_asserted=Battlecry|Discover / Choice|Random effects
KAR_063,KAR_063::KAR_063_live_01,_k063_spell_damage_aura:牌面效果及对应状态变化符合预期,weapon=KAR_063;base=1;enemy_spellpower=1;friendly_spellpower=3;after_friendly_death=1;enemy_stays=PLAY,pass,batch=kara_a; live_game=_k063_spell_damage_aura;每张卡独立设局并断言核心文本状态; scope_asserted=Continuous effect / Update|Spell Damage|Weapon
KAR_065,KAR_065::KAR_065_live_01,_k065_warden_copy_beast:牌面效果及对应状态变化符合预期,"friendly_before=('GVG_092t', 3, 3, True);enemy_target_legal=False;copy=[(3, 3, 3, True, 'PLAY')];field=['GVG_092t', 'KAR_065', 'GVG_092t']",pass,batch=kara_a; live_game=_k065_warden_copy_beast;每张卡独立设局并断言核心文本状态; scope_asserted=Battlecry|Summon|Targeting
KAR_069,KAR_069::KAR_069_live_01,_k069_swashburglar_class_pool:牌面效果及对应状态变化符合预期,"12_seeds_opponent_class_cards=[('EX1_191', 'ROGUE', ['ROGUE']), ('TRL_092', 'ROGUE', ['ROGUE']), ('BOT_509', 'PRIEST', ['PRIEST']), ('EX1_134', 'ROGUE', ['ROGUE']), ('TRL_502', 'PRIEST', ['PRIEST']), ('DAL_729', 'PRIEST', ['PRIEST']), ('GIL_837', 'PRIEST', ['PRIEST']), ('CS2_003', 'PRIEST', ['PRIEST']), ('EX1_196', 'PRIEST', ['PRIEST']), ('CS2_075', 'ROGUE', ['ROGUE']), ('TRL_124', 'ROGUE', ['ROGUE']), ('TRL_260', 'PRIEST', ['PRIEST'])];distinct=12",pass,batch=kara_a; live_game=_k069_swashburglar_class_pool;每张卡独立设局并断言核心文本状态; scope_asserted=Battlecry|Random effects
KAR_070,KAR_070::KAR_070_live_01,_k070_peddler_class_costs:牌面效果及对应状态变化符合预期,"hero_class=ROGUE;before_offclass1_offclass2_own_neutral=(10, 3, 2, 0);after=(8, 1, 2, 0);peddler=PLAY",pass,batch=kara_a; live_game=_k070_peddler_class_costs;每张卡独立设局并断言核心文本状态; scope_asserted=Battlecry
KAR_073,KAR_073::KAR_073_live_01,_k073_maelstrom_portal:牌面效果及对应状态变化符合预期,"friendly_health=1;two_enemies=[(5, 'PLAY'), (5, 'PLAY')];heroes=(30, 30)->(30, 30);portal_summon=[('BT_142', 1, 'PLAY')];spell=GRAVEYARD",pass,batch=kara_a; live_game=_k073_maelstrom_portal;每张卡独立设局并断言核心文本状态; scope_asserted=Random effects|Spell resolution|Summon
KAR_075,KAR_075::KAR_075_live_01,_k075_moonglade_portal:牌面效果及对应状态变化符合预期,"hero_health=26;summoned=[('BOT_422', 6, 'PLAY')];spell=GRAVEYARD",pass,batch=kara_a; live_game=_k075_moonglade_portal;每张卡独立设局并断言核心文本状态; scope_asserted=Random effects|Spell resolution|Summon|Targeting
KAR_076,KAR_076::KAR_076_live_01,_k076_firelands_portal:牌面效果及对应状态变化符合预期,"target_health=5;target_zone=PLAY;summoned=[('TRL_409', 5, 'PLAY')];spell=GRAVEYARD",pass,batch=kara_a; live_game=_k076_firelands_portal;每张卡独立设局并断言核心文本状态; scope_asserted=Random effects|Spell resolution|Summon|Targeting
KAR_077,KAR_077::KAR_077_live_01,_k077_silvermoon_portal:牌面效果及对应状态变化符合预期,"target=(3, 3, 3);summoned=[('BT_188', 2, 'PLAY')];spell=GRAVEYARD",pass,batch=kara_a; live_game=_k077_silvermoon_portal;每张卡独立设局并断言核心文本状态; scope_asserted=Random effects|Spell resolution|Summon|Targeting
KAR_089,KAR_089::KAR_089_live_01,_k089_imp_discard_draw:牌面效果及对应状态变化符合预期,"hand_before=['CS2_231', 'EX1_308'];discarded=REMOVEDFROMGAME;drawn=HAND;hand_after=['CS2_182'];soulfire=GRAVEYARD;imp_play=True",pass,batch=kara_a; live_game=_k089_imp_discard_draw;每张卡独立设局并断言核心文本状态; scope_asserted=Draw / Discard|Trigger
KAR_091,KAR_091::KAR_091_live_01,_k091_ironforge_portal:牌面效果及对应状态变化符合预期,"armor=4;summoned=[('BT_123', 4, 'PLAY')];spell=GRAVEYARD",pass,batch=kara_a; live_game=_k091_ironforge_portal;每张卡独立设局并断言核心文本状态; scope_asserted=Random effects|Spell resolution|Summon
KAR_092,KAR_092::KAR_092_live_01,_k092_valet_secret_branches:牌面效果及对应状态变化符合预期,"without_secret=(30, True);with_secret=(True, 27, 'PLAY', True, True)",pass,batch=kara_a; live_game=_k092_valet_secret_branches;每张卡独立设局并断言核心文本状态; scope_asserted=Battlecry|Targeting
KAR_095,KAR_095::KAR_095_live_01,_k095_zoobot_tribal_buffs:牌面效果及对应状态变化符合预期,"before=[(1, 1), (1, 1), (1, 1), (1, 1)];after=[(2, 2), (2, 2), (2, 2), (1, 1)];zoobot=PLAY",pass,batch=kara_a; live_game=_k095_zoobot_tribal_buffs;每张卡独立设局并断言核心文本状态; scope_asserted=Battlecry|Random effects
KAR_096,KAR_096::KAR_096_live_01,_k096_malchezaar_start_of_game:牌面效果及对应状态变化符合预期,"deck_plus_hand=35;prince_count=1;legendary_count=14;legendary_ids=[('CFM_670', 'LEGENDARY'), ('FP1_013', 'LEGENDARY'), ('DAL_070', 'LEGENDARY'), ('ULD_003', 'LEGENDARY'), ('DAL_558', 'LEGENDARY'), ('DAL_575', 'LEGENDARY'), ('LOOT_357', 'LEGENDARY'), ('GIL_198', 'LEGENDARY'), ('DRG_089', 'LEGENDARY'), ('ICC_851', 'LEGENDARY'), ('KAR_044', 'LEGENDARY'), ('KAR_096', 'LEGENDARY'), ('GVG_021', 'LEGENDARY'), ('BRM_028', 'LEGENDARY')]",pass,batch=kara_a; live_game=_k096_malchezaar_start_of_game;每张卡独立设局并断言核心文本状态; scope_asserted=Random effects|Trigger
KAR_097,KAR_097::KAR_097_live_01,_k097_medivh_atiesh_trigger:牌面效果及对应状态变化符合预期,"weapon_before=('KAR_097t', 3);weapon_after=('KAR_097t', 2);spell_summon=[('BT_123', 4, 'PLAY')];enemy_health=24;spell=GRAVEYARD",pass,batch=kara_a; live_game=_k097_medivh_atiesh_trigger;每张卡独立设局并断言核心文本状态; scope_asserted=Battlecry|Summon
KAR_114,KAR_114::KAR_114_live_01,_k114_barnes_deck_copy:牌面效果及对应状态变化符合预期,"original=DECK;nonminion=DECK;barnes=PLAY;copy=[(1, 1, 1, 'PLAY')];deck=['CS2_008', 'CS2_142']",pass,batch=kara_a; live_game=_k114_barnes_deck_copy;每张卡独立设局并断言核心文本状态; scope_asserted=Battlecry|Random effects|Summon
KAR_204,KAR_204::KAR_204_live_01,_k204_onyx_bishop_dead_minion:牌面效果及对应状态变化符合预期,"dead_card_zone=GRAVEYARD;bishop=PLAY;revived=[(1, 1, 'PLAY')];board=['KAR_204', 'CS2_231']",pass,batch=kara_a; live_game=_k204_onyx_bishop_dead_minion;每张卡独立设局并断言核心文本状态; scope_asserted=Battlecry|Summon
KAR_205,KAR_205::KAR_205_live_01,_k205_discarded_golem_summons:牌面效果及对应状态变化符合预期,"original_zone=REMOVEDFROMGAME;soulfire=GRAVEYARD;golem_on_board=[(3, 3, 'PLAY')];hand=[]",pass,batch=kara_a; live_game=_k205_discarded_golem_summons;每张卡独立设局并断言核心文本状态; scope_asserted=Draw / Discard|Summon
KAR_702,KAR_702::KAR_702_live_01,_k702_magician_tribal_buffs:牌面效果及对应状态变化符合预期,"tribal_friendly_enemy_stats=[(3, 3), (3, 3), (3, 3), (1, 1)];magician=PLAY",pass,batch=kara_a; live_game=_k702_magician_tribal_buffs;每张卡独立设局并断言核心文本状态; scope_asserted=Battlecry|Random effects
KAR_710,KAR_710::KAR_710_live_01,_k710_arcanosmith_token:牌面效果及对应状态变化符合预期,"smith=(3, 2, 'PLAY');token=[(0, 5, 5, 1, 'PLAY')]",pass,batch=kara_a; live_game=_k710_arcanosmith_token;每张卡独立设局并断言核心文本状态; scope_asserted=Battlecry|Summon
KAR_711,KAR_711::KAR_711_live_01,_k711_arcane_giant_spells_this_game:牌面效果及对应状态变化符合预期,cost_initial=12;after_coin=11;after_own_moonfire=10;after_enemy_spell=10,pass,batch=kara_a; live_game=_k711_arcane_giant_spells_this_game;每张卡独立设局并断言核心文本状态; scope_asserted=Cost modification
KAR_712,KAR_712::KAR_712_live_01,_k712_turn_aura_immune:牌面效果及对应状态变化符合预期,"illusionist=PLAY;own_turn_immune=True;friendly_infernal=PLAY;after_friendly=(30, 29, True);opponent_turn_immune=False;enemy_infernal_health=30->29",pass,batch=kara_a; live_game=_k712_turn_aura_immune;每张卡独立设局并断言核心文本状态; scope_asserted=Aura|Continuous effect / Update
CFM_020,CFM_020::unique_deck_sets_zero_this_game,No duplicate cards sets Hero Power cost to 0 and survives minion death/turn change.,deck=['CS2_182'];hero_power_cost=0;raza=GRAVEYARD;after_death=0,pass,batch=gangs_a; Constructed two distinct deck entries; checked Hero Power cost immediately and after death/turn change.
CFM_020,CFM_020::duplicate_deck_does_not_set_zero,A repeated card in deck leaves Hero Power at its ordinary cost.,"AssertionError: deck=['CS2_231', 'CS2_231'];hero_power_cost=0;raza=PLAY",confirmed_error,batch=gangs_a; Deck contains two identical Wisp entries before Battlecry.
CFM_021,CFM_021::freeze_enemy_minion,Freezing Potion freezes the selected enemy minion and goes to graveyard.,enemy_controller=Player1;enemy_frozen=True;enemy_zone=PLAY;spell=GRAVEYARD,pass,"batch=gangs_a; Selected an opposing Wisp; asserted frozen state, true opposing controller and both zones."
CFM_021,CFM_021::freeze_enemy_hero,Freezing Potion can freeze the enemy hero without changing its Health.,"enemy_hero=(30, False)->(30, True);spell=GRAVEYARD",pass,"batch=gangs_a; Targeted enemy hero and checked frozen state, unchanged Health and spell zone."
CFM_025,CFM_025::survives_attack_draws,Attacking a minion and surviving draws exactly one known deck card.,"burglar=(4, 'PLAY');target=GRAVEYARD;drawn=['CS2_182'];deck=[]",pass,"batch=gangs_a; Readied Burglebot, attacked a Wisp, and checked draw, death zone, and deck."
CFM_025,CFM_025::dies_attack_no_draw,Dying during its minion attack does not draw a card.,burglar=GRAVEYARD;target=PLAY;hand_before=0;hand_after=0;deck=['CS2_182'],pass,batch=gangs_a; Attacked a 6/7 Boulderfist Ogre with one known card in deck; checked death and hand/deck counts.
CFM_026,CFM_026::secret_triggers_after_opponent_minion_play,The secret triggers on opponent Play and buffs exactly one random minion in hand by +2/+2.,"secret_before=SECRET;secret_after=GRAVEYARD;opponent_card=PLAY;hand_stats=[('CS2_231', 3, 3, 3), ('CS2_182', 4, 5, 5)];buffed=['CS2_231']",pass,"batch=gangs_a; Armed Secret, played a minion from opponent hand, then checked secret zone and both minion hand cards' stats."
CFM_039,CFM_039::spell_damage_adds_one,Street Trickster adds one spell damage to Moonfire against an enemy minion.,spellpower=1;target_controller=Player2;target_health=3;target_damage=2;target_zone=PLAY;spell=GRAVEYARD,pass,batch=gangs_a; Used Moonfire on a 4/5 enemy minion and asserted the exact damage and spell zone.
CFM_060,CFM_060::own_casts_buff_enemy_cast_does_not,Each own played spell grants +2 Attack; an opponent's spell grants none.,attack=2->6->6;enemy_health=28;player_health=29,pass,"batch=gangs_a; Played two own Moonfires, then one opposing Moonfire; did not infer behavior for spell effects that cast spells."
CFM_061,CFM_061::heal_friendly_hero_and_overload,Battlecry restores six to selected friendly hero and applies one Overload.,hero_health=20->26;overloaded=1;card=PLAY;mana=6,pass,"batch=gangs_a; Set own hero to 20 health, targeted it, and read health/overload/minion zone after play."
CFM_061,CFM_061::heal_friendly_minion_and_overload,Battlecry restores a damaged friendly minion by six up to full and applies one Overload.,minion=2->5/5;overloaded=1;card=PLAY,pass,batch=gangs_a; Selected a damaged friendly 4/5 minion and checked exact full health/Overload.
CFM_062,CFM_062::both_adjacent_friendly_minions_gain_shield,Both adjacent friendly minions gain Divine Shield; self and enemy do not.,"field=['CS2_231', 'CFM_062', 'CS2_182'];adjacent=(True, True);protector=False;enemy=('Player2', False)",pass,batch=gangs_a; Inserted protector between a friendly Wisp and Ogre; checked shields and enemy control.
CFM_063,CFM_063::swap_stats_on_selected_minion,The target's Attack and Health swap while an unrelated enemy minion stays unchanged.,"before=(4, 5, 5);after=(5, 4, 4);opposing=(4, 5);card=PLAY",pass,batch=gangs_a; Used a 4/5 target and asserted 5/4 current/max health after the card resolves.
CFM_064,CFM_064::hand_trigger_stops_after_play,A summoned Battlecry minion buffs Baron by +1/+1 only while Baron remains in hand.,"baron=(1, 1, 1)->(2, 2, 2)->(2, 2, 2)->(2, 2, 2);alleycat=PLAY;token=['CFM_315', 'CFM_315t', 'CFM_064', 'CFM_315', 'CFM_315t']",pass,"batch=gangs_a; Played Alleycat while Baron was held, played Baron, then summoned a second Alleycat and compared stats."
CFM_065,CFM_065::damage_all_minions_only,Volcanic Potion deals exactly two to all minions and leaves both heroes unchanged.,"minions=5->3,5->3;heroes=(30, 30)->(30, 30);spell=GRAVEYARD",pass,batch=gangs_a; Placed one 4/5 minion on each side and read all four characters after spell.
CFM_066,CFM_066::next_secret_free_once,Kabal Lackey makes the next Secret this turn free; following Secret costs normally.,"lackey=PLAY;costs=(3, 0, 3, 0);after_first=('SECRET', 3, 1);after_second=('SECRET', 2);mana=6",pass,"batch=gangs_a; Measured both base/current costs, played two distinct Secrets, and checked secret zone count."
CFM_067,CFM_067::restore_selected_minion_to_full,Hozen Healer fully heals the selected minion regardless of controller.,"enemy_target=(2, 5)->(5, 5);healer=PLAY;target_controller=Player1;target_zone=PLAY",pass,batch=gangs_a; Selected a damaged opposing 4/5 minion; checked exact full health and unchanged control/zone.
CFM_094,CFM_094::five_damage_all_characters,Felfire Potion hits both heroes and all minions for five.,"heroes=(25, 25);minions=('GRAVEYARD', 'GRAVEYARD');spell=GRAVEYARD",pass,batch=gangs_a; Placed a 4/5 minion on both sides; verified both die and both heroes lose five.
CFM_120,CFM_120::deathrattle_heals_both_heroes,Mistress death restores exactly four to each damaged hero.,"heroes=(20, 18)->(24, 22);mistress=GRAVEYARD",pass,"batch=gangs_a; Set both heroes to known health, triggered actual death, and checked both hero totals and card zone."
CFM_300,CFM_300::taunt_blocks_hero_face,Public Defender is a 0/7 Taunt and forces a legal hero attack onto it.,"stats=(0, 6, 7);taunt=1;face_blocked=True;enemy_attack=1;defender_health=6",pass,batch=gangs_a; Opposing hero equipped a 1-Attack weapon; face attack was attempted then Taunt was attacked.
CFM_305,CFM_305::buffs_all_minions_in_hand,"Smuggler's Run buffs every minion in hand by +1/+1, not a spell or a later summoned token.","before=((1, 1), (1, 1), 'HAND');after=((2, 2), (2, 2), 'HAND');played_wisp=(2, 2);played_alleycat=(2, 2);token=[(1, 1)];spell=GRAVEYARD",pass,"batch=gangs_a; Checked two held minions and spell, then played both minions and checked Alleycat's unbuffed 1/1 token."
CFM_308,CFM_308::choose_gain_10_armor,Kun's Armor branch grants exactly 10 Armor.,armor=10;mana=0;field=['CFM_308'];choice=None;card=PLAY,pass,batch=gangs_a; Played the actual minion using the Armor choice and checked choice closure/field/mana.
CFM_308,CFM_308::choose_refill_mana,Kun's refresh branch restores all ten mana spent on Kun.,armor=0;mana=10;max_mana=10;used_mana=0;card=PLAY;choice=None,pass,"batch=gangs_a; Played the actual minion using Refresh Mana Crystals and checked mana, max mana and used-mana state."
CFM_310,CFM_310::normal_summon_four,Call in the Finishers summons four 1/1 Murlocs.,"tokens=[(1, 1, 'PLAY'), (1, 1, 'PLAY'), (1, 1, 'PLAY'), (1, 1, 'PLAY')];field=4;spell=GRAVEYARD",pass,batch=gangs_a; Played on an empty board and inspected all token stats and spell zone.
CFM_310,CFM_310::summon_respects_board_cap,"With two open slots, only two of the four 1/1 Murlocs can be summoned.",field=7;tokens=2;spell=GRAVEYARD;slots=0,pass,"batch=gangs_a; Started with five minions; checked cap, token count, spell resolution and open slots."
CFM_312,CFM_312::chieftain_golem_taunt,Jade Chieftain summons a 1/1 Jade Golem with Taunt; the Chieftain itself has no Taunt.,"field=[('CFM_312', 5, 5, False), ('CFM_712_t01', 1, 1, True)];chieftain=PLAY;jade_counter=2",pass,batch=gangs_a; Played on empty board and inspected generated golem identity/stats/keywords and source minion.
CFM_313,CFM_313::discover_overload_shaman_card,"Finders Keepers offers three collectible Shaman cards, all with Overload; selection resolves and applies Overload (1).","overloaded=1;offered=[('BRM_012', 'SHAMAN', 1, True), ('GVG_040', 'SHAMAN', 1, True), ('ULD_158', 'SHAMAN', 1, True)];selected=BRM_012;choice=None;hand=['BRM_012'];spell=GRAVEYARD",pass,"batch=gangs_a; Inspected each live Discover choice's class/Overload/collectible metadata, chose one and checked hand/choice/Overload state."
CFM_315,CFM_315::summons_cat_token,Alleycat's Battlecry summons exactly one 1/1 Cat in addition to its own body.,"field=[('CFM_315', 1, 1), ('CFM_315t', 1, 1)];card=PLAY;cats=1",pass,"batch=gangs_a; Played Alleycat and checked both minion identities, stats, and board count."
CFM_316,CFM_316::deathrattle_uses_current_attack,"After +3 Attack, Rat Pack death summons five 1/1 Rats, matching its current Attack.","AssertionError: attack=2->5;rat_pack=GRAVEYARD;summoned=[('CFM_316', 2, 2), ('CFM_316', 2, 2), ('CFM_316', 2, 2), ('CFM_316', 2, 2), ('CFM_316', 2, 2)];buff=GRAVEYARD",confirmed_error,batch=gangs_a; Buffed with Blessing of Might before triggering actual death; checked token count/stats and card zones.
CFM_321,CFM_321::discover_three_allowed_classes,"Grimestreet Informant offers collectible Hunter, Paladin, or Warrior cards and puts the selected card in hand.","offered=[('BRM_013', 'HUNTER', True), ('GVG_059', 'PALADIN', True), ('BOT_067', 'WARRIOR', True)];selected=BOT_067;choice=None;hand=['BOT_067'];informant=PLAY",pass,"batch=gangs_a; Read all three live choice card classes and collectible flags, then selected one and checked choice closure/hand."
CFM_324,CFM_324::deathrattle_shuffles_storm_guardian,White Eyes death puts exactly one Storm Guardian in its owner's deck without removing the existing deck card.,"white_eyes=GRAVEYARD;deck=['CFM_324t', 'CS2_231'];guardian_count=1;guardian_zone=['DECK']",pass,"batch=gangs_a; Seeded a known deck card, triggered actual death and checked deck IDs, count, zones."
CFM_325,CFM_325::weapon_aura_tracks_equip_break,Small-Time Buccaneer gains +2 while a weapon is equipped and loses it when the weapon breaks.,attack=1->3->1;weapon=GRAVEYARD;equipped=None;durability=0,pass,"batch=gangs_a; Measured no-weapon baseline, equipped Lights Justice, depleted all four durability through real attacks, and checked graveyard/equipment/Attack."
CFM_328,CFM_328::draws_two_with_six_current_health,A controlled minion at exactly 6 current Health enables two draws.,"qualifier=(6, 7);drawn=['CS2_231', 'CS2_182'];deck=[];promoter=PLAY",pass,batch=gangs_a; Used a 7-health minion with one damage and two known deck cards; checked current/max health and hand/deck deltas.
CFM_328,CFM_328::no_draw_with_five_current_health,A minion with 7 maximum but only 5 current Health does not enable draws.,"qualifier=(5, 7);hand=[];deck=['CS2_231'];promoter=PLAY",pass,batch=gangs_a; Used a 7-health minion with two damage and one known deck card; checked current/max health and hand/deck.
CFM_333,CFM_333::attacks_minion_hits_hero,"After Knuckles attacks a minion, it also deals its Attack to the enemy hero.","target=GRAVEYARD;knuckles=(6, 'PLAY');enemy_hero=30->27;hero_attack=3",pass,"batch=gangs_a; Readied Knuckles on a later own turn, attacked a real opposing Wisp, and checked target/hero/attacker health."
CFM_334,CFM_334::random_beast_handbuff,Smuggler's Crate gives exactly one held Beast +2/+2; the other Beast and non-Beast remain unchanged.,"before=[('CFM_315', 20, 1, 1), ('CS2_125', 20, 3, 3), ('CS2_231', 0, 1, 1)];after=[('CFM_315', 20, 3, 3), ('CS2_125', 20, 3, 3), ('CS2_231', 0, 1, 1)];buffed=['CFM_315'];nonbeast=(1, 1);spell=GRAVEYARD",pass,"batch=gangs_a; Held two distinct Beasts and a Wisp, resolved the spell, and compared all hand stats."
CFM_335,CFM_335::battlecry_four_damage_minion,Dispatch Kodo deals its current 4 Attack to a selected enemy minion.,"target_controller=Player2;target=4->2/5;kodo=(2, 4, 'PLAY')",pass,batch=gangs_a; Selected a real opposing 4-current-Health minion; checked its death and Kodo body.
CFM_335,CFM_335::battlecry_four_damage_hero,Dispatch Kodo can target the enemy hero and deal damage equal to its Attack.,enemy_hero=30->28;kodo=PLAY;target=PLAY,pass,batch=gangs_a; Targeted opposing hero and checked exact health loss against Kodo's Attack.
CFM_336,CFM_336::deathrattle_random_hand_minion_buff,Shaky Zipgunner death buffs exactly one minion in hand by +2/+2 and leaves the spell alone.,"zipgunner=GRAVEYARD;minions=[('CS2_231', 3, 3), ('CS2_182', 4, 5)];spell=('CS2_008', 0, 'HAND');buffed=['CS2_231']",pass,"batch=gangs_a; Held two minions and Moonfire, triggered actual death and compared resulting hand stats."
CFM_337,CFM_337::hero_attack_minion_summons_piranha,"After a hero attack on a minion, Piranha Launcher summons one 1/1 Piranha.","launcher=PLAY;target=GRAVEYARD;piranhas=[(1, 1)];weapon=CFM_337",pass,batch=gangs_a; Equipped launcher and attacked an opposing minion; checked minion death and token stats.
CFM_337,CFM_337::hero_attack_face_summons_piranha,"After a hero attack on the enemy hero, Piranha Launcher also summons one 1/1 Piranha.",AssertionError: launcher=PLAY;enemy_hero=28;piranhas=[];weapon=CFM_337,confirmed_error,batch=gangs_a; Equipped launcher and attacked the opposing hero; checked exact hero damage and token stats.
CFM_338,CFM_338::battlecry_random_hand_beast_buff,Trogg Beastrager gives exactly one held Beast +1/+1 and leaves the other Beast/non-Beast unchanged.,"trogg=PLAY;beasts=[('CFM_315', 2, 2), ('CS2_125', 3, 3)];nonbeast=(1, 1);buffed=['CFM_315']",pass,"batch=gangs_a; Held two Beasts and a Wisp, played Trogg and compared hand stats and board zone."
CFM_341,CFM_341::deathrattle_enemy_minions_only,Sergeant Sally deals Attack-based damage to all enemy minions while friendly minions remain undamaged.,AssertionError: attack=4;sally=GRAVEYARD;friendly=GRAVEYARD;enemy_small=GRAVEYARD;enemy_large=1/5;buff=GRAVEYARD,confirmed_error,"batch=gangs_a; Buffed Sally to 4 Attack; placed a friendly 1/1 and opposing 1/1 plus 4/5 minions, then triggered death."
CFM_342,CFM_342::two_attack_weapon_no_buff,A 2-Attack weapon does not trigger Luckydo Buccaneer's +4/+4.,"weapon_attack=2;overload=1;buccaneer=(5, 5);weapon=CFM_717;mana=2",pass,"batch=gangs_a; Equipped Doomhammer (2 Attack), then played Buccaneer and read exact Attack/Health."
CFM_342,CFM_342::three_attack_weapon_buff,A 3-Attack weapon triggers exactly +4/+4.,"weapon_attack=3;buccaneer=(9, 9);base=(5, 5);weapon=CS2_106",pass,"batch=gangs_a; Equipped Fiery War Axe (3 Attack), then played Buccaneer and read exact Attack/Health."
CFM_343,CFM_343::first_golem_and_taunt,Jade Behemoth has Taunt and summons a first 1/1 Jade Golem.,"field=[('CFM_343', 3, 6, 1), ('CFM_712_t01', 1, 1, False)];behemoth=(3, 6, 1);jade_counter=2",pass,batch=gangs_a; Played alone and checked Behemoth's keyword separately from the first generated Jade Golem.
CFM_343,CFM_343::golem_scales_with_prior_jade,"After a prior Jade Golem, Behemoth summons the 2/2 Jade Golem while retaining its own Taunt.","blossom=GRAVEYARD;golems=[('CFM_712_t01', 1, 1, False), ('CFM_712_t02', 2, 2, False)];behemoth=(3, 6, 1);jade_counter=3",pass,"batch=gangs_a; Played Jade Blossom first, then Behemoth; checked token sequence/stats and both bodies."
CFM_344,CFM_344::kill_recruits_two_from_deck,Finja killing a minion recruits exactly two Murlocs from the deck.,"target=GRAVEYARD;finja=(3, 'PLAY');deck=['PRO_001at', 'PRO_001at', 'PRO_001at']->['PRO_001at'];murlocs=[('PRO_001at', 1, 1, 'PLAY'), ('PRO_001at', 1, 1, 'PLAY')]",pass,"batch=gangs_a; Readied Finja, seeded three Murlocs after turn draw, killed a real opposing Wisp, and inspected board/deck."
CFM_344,CFM_344::nonlethal_attack_does_not_recruit,Attacking without killing the defender recruits no Murlocs; deck remains unchanged.,"target=3/5:PLAY;finja=GRAVEYARD;deck=['PRO_001at', 'PRO_001at', 'PRO_001at'];recruited=[]",pass,"batch=gangs_a; Readied Finja, attacked a real opposing 4/5; checked target/Finja death and remaining Murloc deck."
CFM_602,CFM_602::choose_summon_golem,Jade Idol's first choice summons a 1/1 Jade Golem.,"idol=GRAVEYARD;golems=[('CFM_712_t01', 1, 1)];deck=[];choice=None",pass,"batch=gangs_a; Explicitly chose summon branch and checked token identity/stats, spell zone, and choice completion."
CFM_602,CFM_602::choose_shuffle_three,Jade Idol's second choice shuffles exactly three copies into deck and summons none.,"idol=GRAVEYARD;deck=['CS2_231', 'CFM_602', 'CFM_602', 'CFM_602'];idol_copies=3;field=[];choice=None",pass,"batch=gangs_a; Seeded a known deck card, chose shuffle branch, then counted exact added card IDs and zones."
CFM_603,CFM_603::steal_two_attack_then_return,Potion of Madness temporarily steals a 2-Attack enemy minion and returns it at end of turn.,"attack=2;stolen=(True, True, True);returned=(True, True, True, False);spell=GRAVEYARD",pass,"batch=gangs_a; Stole a real opposing 2-Attack Tidehunter, verified control/Charge, ended turn and checked return."
CFM_603,CFM_603::reject_three_attack_target,A 4-Attack enemy minion cannot be selected; card/mana/control remain unchanged.,target_attack=4;blocked=True;target_controller=Player1;spell=HAND;mana=10;before_mana=10,pass,batch=gangs_a; Attempted an illegal target and asserted InvalidAction before movement or payment.
CFM_604,CFM_604::heal_friendly_hero_twelve,Greater Healing Potion restores exactly 12 to a friendly hero and leaves the enemy hero unchanged.,friendly_hero=12->24;enemy_hero=30->30;spell=GRAVEYARD,pass,"batch=gangs_a; Set own hero to 12 health, cast on own hero and checked exact health delta/card zone."
CFM_604,CFM_604::heal_friendly_minion_to_full,Greater Healing Potion restores a damaged friendly minion to its Health cap without healing the hero.,friendly_minion=2->5/5;hero=30->30;spell=GRAVEYARD,pass,batch=gangs_a; Selected a damaged friendly 4/5 minion and checked full health/unchanged hero/card zone.
CFM_605,CFM_605::dragon_enables_copied_deck_discover,Holding a Dragon opens Discover from the opponent deck; chosen card is copied to hand and original deck stays intact.,"dragon=('EX1_561', 24);opponent_deck=['CFM_315', 'CS2_231', 'CS2_182']->['CFM_315', 'CS2_231', 'CS2_182'];offered=['CS2_231', 'CFM_315', 'CS2_182'];selected=CS2_231;own_hand=['EX1_561', 'CS2_231'];operative=PLAY;choice=None",pass,"batch=gangs_a; Seeded three distinct opponent deck cards, held Alexstrasza, inspected actual choices, selected one, and compared opponent deck."
CFM_605,CFM_605::no_dragon_no_choice,"Without a Dragon in hand, Battlecry gives no Discover choice and does not alter opponent deck.","dragon_in_hand=False;choice=None;hand=[];operative=PLAY;enemy_deck=['CFM_315', 'CS2_231', 'CS2_182']",pass,"batch=gangs_a; Seeded opponent deck with three cards but no Dragon in own hand; checked choice, hand, board and deck."
CFM_606,CFM_606::healing_self_summons_2_2,Healing Mana Geode after damage summons exactly one 2/2 Crystal.,"geode=3->2->3/3;crystals=[(2, 2, 'PLAY')];damage_spell=GRAVEYARD;mana=6",pass,"batch=gangs_a; Damaged Geode with Moonfire, healed it with Priest Hero Power, and checked health/token stats/zones."
CFM_608,CFM_608::destroy_minion_and_reduce_max_mana,"Blastcrystal Potion destroys the selected minion, reduces max Mana by one, and refunds the crystal destruction's spend.","target=GRAVEYARD;mana=(10, 10)->(9, 6);used=3;spell=GRAVEYARD",pass,"batch=gangs_a; Captured max/current Mana, destroyed a real enemy minion, then checked post-cost values and zones."
CFM_609,CFM_609::self_damage_at_own_turn_start,"Fel Orc Soulfiend is unchanged at opponent turn start, takes 2 at own turn start, then dies on next own start when lethal.",health=7->7->5->3->1;after_fourth_own_start=GRAVEYARD,pass,"batch=gangs_a; Played minion, stepped through opponent start and two own starts, reading health/zone after each."
CFM_610,CFM_610::only_friendly_demons_buffed,Both friendly Demons gain +1/+1; non-Demon and enemy Demon do not.,"before=[(4, 3), (1, 3), (1, 1), (4, 3)];after=[(5, 4), (2, 4), (1, 1), (4, 3)];card=PLAY",pass,batch=gangs_b; individual game assertion; source=fireplace/cards/gangs/warlock.py:8
CFM_611,CFM_611::demon_and_nondemon_branches,Demon gets +3/+3; non-Demon gets +3 Attack only.,"demon=(7, 6);ordinary=(4, 1);spells=('GRAVEYARD', 'GRAVEYARD')",pass,batch=gangs_b; individual game assertion; source=fireplace/cards/gangs/warlock.py:70
CFM_611,CFM_611::enemy_demon_is_legal_target,"Enemy Demon can be targeted and gains +3/+3, since text does not require friendly target.","legal=True;before=(4, 3);after=(7, 6);controller=Player1",pass,batch=gangs_b; individual game assertion; source=fireplace/cards/gangs/warlock.py:70
CFM_614,CFM_614::friendly_board_only,All friendly minions gain +1/+1; enemy minion stays unchanged.,"before=[(1, 1), (1, 1), (1, 1)];after=[(2, 2), (2, 2), (1, 1)];spell=GRAVEYARD",pass,batch=gangs_b; individual game assertion; source=fireplace/cards/gangs/druid.py:79
CFM_616,CFM_616::empty_crystals_per_friendly_minion,"Two friendly minions add two empty crystals, enemy minion does not count.",max_mana=6;available=1;spell=GRAVEYARD,pass,batch=gangs_b; individual game assertion; source=fireplace/cards/gangs/druid.py:88
CFM_616,CFM_616::no_minions_no_gain,Zero friendly minions add zero crystals.,max_mana=4;spell=GRAVEYARD,pass,batch=gangs_b; individual game assertion; source=fireplace/cards/gangs/druid.py:88
CFM_616,CFM_616::at_mana_cap_generates_excess_mana,"At 10 maximum Mana and with a friendly minion, gain Excess Mana instead of exceeding cap.",max_mana=10;hand=['CS2_013t'],pass,batch=gangs_b; individual game assertion; source=fireplace/cards/gangs/druid.py:88
CFM_617,CFM_617::threshold_and_enemy_exclusion,Only an existing friendly minion with at least 5 Attack grants +2/+2.,"branches=[(None, 3, 3), ('friendly', 5, 5), ('enemy', 3, 3)]",pass,batch=gangs_b; individual game assertion; source=fireplace/cards/gangs/druid.py:32
CFM_617,CFM_617::four_attack_does_not_qualify,A friendly minion with only 4 Attack does not activate the 5-Attack Battlecry.,attack=3;health=3,pass,batch=gangs_b; individual game assertion; source=fireplace/cards/gangs/druid.py:32
CFM_619,CFM_619::gain_a_potion,Playing Kabal Chemist adds one valid Potion card to hand.,"hand=[('CFM_021', 'Freezing Potion', 'HAND')];card=PLAY",pass,batch=gangs_b; individual game assertion; source=fireplace/cards/gangs/neutral_common.py:40
CFM_619,CFM_619::random_potion_varies_across_seeds,Repeated isolated games gain valid Potion cards and show random variety.,"seeds=['CFM_021', 'CFM_608', 'CFM_611', 'CFM_094', 'CFM_620', 'CFM_021', 'CFM_604', 'CFM_065', 'CFM_611', 'CFM_065', 'CFM_094', 'CFM_620'];distinct=7",pass,batch=gangs_b; individual game assertion; source=fireplace/cards/gangs/neutral_common.py:40
CFM_620,CFM_620::enemy_minion_play_transforms_after_secret,Opponent's played minion becomes 1/1 Sheep and secret is consumed.,"secret=GRAVEYARD;field=[('CS2_tk1', 1, 1)];original=SETASIDE",pass,batch=gangs_b; individual game assertion; source=fireplace/cards/gangs/mage.py:69
CFM_620,CFM_620::own_minion_does_not_trigger_secret,Friendly minion play keeps Potion of Polymorph armed.,secret=SECRET;field=['CS2_231'],pass,batch=gangs_b; individual game assertion; source=fireplace/cards/gangs/mage.py:69
CFM_621,CFM_621::duplicate_deck_suppresses_choice,Duplicate deck gives no Kazakus custom-spell Choice.,"choice=None;deck=['CS2_231', 'CS2_231'];hand=[]",pass,batch=gangs_b; individual game assertion; source=fireplace/cards/gangs/neutral_legendary.py:22
CFM_621,CFM_621::unique_deck_three_choices,Unique deck allows three custom potion choices and gives a playable custom spell.,"picks=[['CFM_621t11', 'CFM_621t12', 'CFM_621t13'], ['CFM_621t5', 'CFM_621t6', 'CFM_621t8'], ['CFM_621t6', 'CFM_621t2', 'CFM_621t3']];potion=('CFM_621t', 'GRAVEYARD');enemy=('CS2_200', True);ally=(3, 3)",pass,batch=gangs_b; individual game assertion; source=fireplace/cards/gangs/neutral_legendary.py:22
CFM_623,CFM_623::three_missiles_damage_total,Exactly three 3-damage missiles hit random enemy characters; friendly character is unharmed.,"old=(30, 5, 5, 30);enemy=(24, 2);friendly=(5, 30);spell=GRAVEYARD",pass,batch=gangs_b; individual game assertion; source=fireplace/cards/gangs/mage.py:75
CFM_626,CFM_626::friendly_target_plus_three_health,Chosen friendly minion gains three maximum and current Health; enemy is unchanged.,"target=(4, 4);enemy=1;card=PLAY",pass,batch=gangs_b; individual game assertion; source=fireplace/cards/gangs/priest.py:33
CFM_630,CFM_630::temporary_mana_expires,"One mana this turn, returning to ordinary maximum on the next turn.","after=(4, 3);next_turn=(5, 5);temporary=0;spell=GRAVEYARD",pass,batch=gangs_b; individual game assertion; source=fireplace/cards/gangs/rogue.py:69
CFM_631,CFM_631::hero_attack_buffs_hand_minion,Hero attack buffs a hand minion +1/+1 once.,"before=[(1, 1), (1, 1)];after=[(1, 1), (2, 2)];changes=[False, True];weapon=(2, 2)",pass,batch=gangs_b; individual game assertion; source=fireplace/cards/gangs/warrior.py:70
CFM_634,CFM_634::kill_regrants_stealth,"After Lotus Assassin attacks and kills enemy minion, it gains Stealth again.","target=GRAVEYARD;assassin=('PLAY', 4, True)",pass,batch=gangs_b; individual game assertion; source=fireplace/cards/gangs/rogue.py:18
CFM_634,CFM_634::nonlethal_attack_does_not_regain_stealth,Attacking but not killing a minion consumes Stealth and does not restore it.,"target=('PLAY', 2);assassin=('PLAY', 3, False)",pass,batch=gangs_b; individual game assertion; source=fireplace/cards/gangs/rogue.py:18
CFM_636,CFM_636::stealth_keyword,Shadow Rager enters with Stealth and expected 5/1 stats.,"stats=(5, 1);stealth=1;zone=PLAY",pass,batch=gangs_b; individual game assertion; source=
CFM_636,CFM_636::stealth_blocks_enemy_targets,Enemy cannot target or attack a Stealthed Shadow Rager; friendly targeting stays legal.,"targeting=(True, False, False);hero=26;card=PLAY",pass,batch=gangs_b; individual game assertion; source=
CFM_637,CFM_637::pirate_play_summons_from_deck,"Playing a Pirate summons Patches from deck, not to hand.","pirate=('CS2_146', 'PLAY');patches=('PLAY', ['CS2_146', 'CFM_637']);deck=[]",pass,batch=gangs_b; individual game assertion; source=fireplace/cards/gangs/neutral_legendary.py:118
CFM_637,CFM_637::nonpirate_does_not_summon,Playing a non-Pirate leaves Patches in the deck.,patches=DECK;field=['CS2_231'],pass,batch=gangs_b; individual game assertion; source=fireplace/cards/gangs/neutral_legendary.py:118
CFM_639,CFM_639::end_turn_buffs_hand_minions,At turn end all hand minions gain +1/+1; hand spell does not.,"before=[(1, 1), (1, 1)];after=[(2, 2), (2, 2)];spell_cost=(4, 4);card=PLAY",pass,batch=gangs_b; individual game assertion; source=fireplace/cards/gangs/paladin.py:14
CFM_643,CFM_643::weapon_hand_and_deck_buff,Weapon cards in hand and deck each gain +1 Attack; equipped and enemy weapons do not.,"before=(1, 3, 3, 1);after=(2, 4, 3, 1);zones=('HAND', 'HAND', 'PLAY', 'PLAY')",pass,batch=gangs_b; individual game assertion; source=fireplace/cards/gangs/warrior.py:8
CFM_646,CFM_646::deathrattle_hits_enemy_hero_only,"Deathrattle deals 2 to enemy hero, not friendly hero.","minion=GRAVEYARD;heroes=(30, 28)",pass,batch=gangs_b; individual game assertion; source=fireplace/cards/gangs/neutral_common.py:46
CFM_647,CFM_647::targeted_one_damage,Deal exactly 1 damage to chosen enemy minion; other character unaffected.,"before=(5, 5);after=(4, 5);card=PLAY",pass,batch=gangs_b; individual game assertion; source=fireplace/cards/gangs/neutral_common.py:52
CFM_647,CFM_647::friendly_target_one_damage,Unqualified target text permits friendly minion; chosen friendly minion takes 1.,legal=True;before=5;after=4,pass,batch=gangs_b; individual game assertion; source=fireplace/cards/gangs/neutral_common.py:52
CFM_648,CFM_648::summon_six_six_ogre,Playing card creates one friendly 6/6 Ogre token in play.,"field=[('CFM_648', 1, 1, 'PLAY'), ('CFM_648t', 6, 6, 'PLAY')]",pass,batch=gangs_b; individual game assertion; source=fireplace/cards/gangs/neutral_common.py:59
CFM_649,CFM_649::discover_one_of_three_classes,"Discover offers Mage, Priest and Warlock collectible cards; choosing one puts it in hand.","offers=[('DAL_578', (<CardClass.MAGE: 4>,)), ('ULD_270', (<CardClass.PRIEST: 6>,)), ('BT_199', (<CardClass.WARLOCK: 9>,))];chosen=('ULD_270', ['ULD_270'])",pass,batch=gangs_b; individual game assertion; source=fireplace/cards/gangs/neutral_rare.py:30
CFM_650,CFM_650::random_hand_murloc_only,Exactly one held friendly Murloc gains +1/+1; non-Murloc is unchanged.,"AssertionError: {'before': [(1, 1), (2, 1), (1, 1)], 'after': [(2, 2), (3, 2), (1, 1)]}",confirmed_error,batch=gangs_b; individual game assertion; source=fireplace/cards/gangs/paladin.py:23
CFM_650,CFM_650::no_murloc_in_hand,No held Murloc leaves other held minions unchanged.,"before=(1, 1);after=(1, 1)",pass,batch=gangs_b; individual game assertion; source=fireplace/cards/gangs/paladin.py:23
CFM_651,CFM_651::equipped_weapon_plus_one_attack,Battlecry gives equipped friendly weapon +1 Attack.,"before=(1, 4);after=(2, 4);card=PLAY",pass,batch=gangs_b; individual game assertion; source=fireplace/cards/gangs/neutral_common.py:65
CFM_651,CFM_651::no_weapon_no_effect,"With no weapon, battlecry completes without equipping one.",weapon=None;card=PLAY,pass,batch=gangs_b; individual game assertion; source=fireplace/cards/gangs/neutral_common.py:65
CFM_652,CFM_652::threshold_enemy_three_minions,Costs base at two enemy minions and 2 less at three.,"costs=(5, 5, 3, 5);zone=HAND",pass,batch=gangs_b; individual game assertion; source=fireplace/cards/gangs/neutral_rare.py:43
CFM_653,CFM_653::taunt_keyword,Hired Gun enters in play with Taunt and expected base 4/3.,"stats=(4, 3);taunt=1;zone=PLAY",pass,batch=gangs_b; individual game assertion; source=
CFM_653,CFM_653::taunt_blocks_face_attack,Enemy minion must attack Hired Gun while it has Taunt; after it dies face becomes legal.,"while_alive=(True, False);after=('GRAVEYARD', 'PLAY', 30);face_available=True",pass,batch=gangs_b; individual game assertion; source=
CFM_654,CFM_654::turn_end_heals_own_hero_once,"Own turn end heals friendly hero 1, not enemy hero.","before=(25, 25);after=(26, 25);card=PLAY",pass,batch=gangs_b; individual game assertion; source=fireplace/cards/gangs/neutral_common.py:74
CFM_655,CFM_655::enemy_weapon_loses_one_durability,Enemy equipped weapon loses exactly one Durability; friendly weapon unchanged.,"before=(4, 2);after=(4, 1);card=PLAY",pass,batch=gangs_b; individual game assertion; source=fireplace/cards/gangs/neutral_common.py:80
CFM_655,CFM_655::last_durability_breaks_weapon,"At one remaining Durability, the enemy weapon is destroyed.",weapon=GRAVEYARD;equipped=None,pass,batch=gangs_b; individual game assertion; source=fireplace/cards/gangs/neutral_common.py:80
CFM_656,CFM_656::enemy_stealth_removed_only,"Battlecry removes Stealth from enemy minions, not friendly minion.","before=(1, [1, 1]);after=(1, [False, False]);card=PLAY",pass,batch=gangs_b; individual game assertion; source=fireplace/cards/gangs/neutral_common.py:86
CFM_657,CFM_657::silence_targeted_minion,Silences chosen non-self minion and leaves another untouched.,"before=(1, 1);after=(False, 1);card=PLAY",pass,batch=gangs_b; individual game assertion; source=fireplace/cards/gangs/priest.py:47
CFM_657,CFM_657::silence_friendly_target,A friendly minion other than the Songstealer can be selected and Silenced.,legal=True;taunt=False;controller=Player1,pass,batch=gangs_b; individual game assertion; source=fireplace/cards/gangs/priest.py:47
CFM_658,CFM_658::friendly_death_grants_one_attack,Each friendly minion death grants +1 Attack; enemy death does not.,"attack=(4, 4, 6);card=PLAY",pass,batch=gangs_b; individual game assertion; source=fireplace/cards/gangs/neutral_rare.py:50
CFM_659,CFM_659::heal_chosen_character_two,Restores exactly 2 to chosen damaged character and not another.,"heroes=(27, 25);card=PLAY",pass,batch=gangs_b; individual game assertion; source=fireplace/cards/gangs/neutral_common.py:92
CFM_659,CFM_659::heal_enemy_hero_two,Unqualified target text permits enemy hero; heal enemy by 2 and leave own unchanged.,"legal=True;heroes=(25, 27)",pass,batch=gangs_b; individual game assertion; source=fireplace/cards/gangs/neutral_common.py:92
CFM_660,CFM_660::shuffle_copy_of_friendly_target,A copy of chosen friendly minion enters deck; original remains in play.,"target=('CS2_182', 'PLAY');deck=[('CS2_182', 'DECK')]",pass,batch=gangs_b; individual game assertion; source=fireplace/cards/gangs/mage.py:14
CFM_661,CFM_661::enemy_minions_only_and_expires,Enemy minions lose 3 Attack this turn only; friend unchanged; Attack restores next turn.,"before=(4, 4);during=(4, 1);next_turn=(4, 4);spell=GRAVEYARD",pass,batch=gangs_b; individual game assertion; source=fireplace/cards/gangs/priest.py:90
CFM_662,CFM_662::all_non_dragon_minions_hit,All non-Dragons on both sides take 5; Dragons and heroes do not.,"friendly=GRAVEYARD;enemy=GRAVEYARD;dragon=('EX1_284', 'PLAY', 4);heroes=(30, 30)",pass,batch=gangs_b; individual game assertion; source=fireplace/cards/gangs/priest.py:99
CFM_663,CFM_663::turn_end_adds_random_demon,At own turn end adds exactly one Demon to hand.,"hand=[('YOD_027', (<Race.DEMON: 15>,), 'HAND')];after_opponent_turn=1;card=PLAY",pass,batch=gangs_b; individual game assertion; source=fireplace/cards/gangs/warlock.py:17
CFM_663,CFM_663::random_demon_pool_varies,"Across seeds, each generated card is a Demon and more than one Demon can occur.","generated=['YOD_027', 'ICC_075', 'BT_728', 'DRG_402', 'EX1_319', 'AT_021', 'ICC_218', 'BT_407', 'BT_301', 'BT_493', 'EX1_614', 'BT_121'];distinct=12",pass,batch=gangs_b; individual game assertion; source=fireplace/cards/gangs/warlock.py:17
CFM_666,CFM_666::windfury_keyword,Grook Fu Master may attack twice in one turn after summoning sickness ends.,"first=(27, 1);second=(24, 2);card=PLAY",pass,batch=gangs_b; individual game assertion; source=
CFM_667,CFM_667::battlecry_enemy_minion_and_own_deathrattle,Battlecry deals 5 to chosen enemy minion; Deathrattle deals 5 to own hero.,"after_play=('GRAVEYARD', (30, 30));after_death=(25, 30, 'GRAVEYARD')",pass,batch=gangs_b; individual game assertion; source=fireplace/cards/gangs/neutral_rare.py:59
CFM_667,CFM_667::no_enemy_target_still_has_deathrattle,"Without an enemy minion, Battlecry does not hit heroes; Deathrattle still hits own hero.","before=(30, 30);after=(25, 30);card=GRAVEYARD",pass,batch=gangs_b; individual game assertion; source=fireplace/cards/gangs/neutral_rare.py:59
CFM_668,CFM_668::battlecry_summons_two_copies,"Battlecry creates exactly two independent copies around original, with matching stats.","field=[('CFM_668', 2, 2, 'PLAY'), ('CFM_668', 2, 2, 'PLAY'), ('CFM_668', 2, 2, 'PLAY')]",pass,batch=gangs_b; individual game assertion; source=fireplace/cards/gangs/neutral_rare.py:71
CFM_668,CFM_668::full_board_limits_copies,"At six occupied slots, only one Battlecry copy fits.","field=['CS2_231', 'CS2_231', 'CS2_231', 'CS2_231', 'CS2_231', 'CFM_668', 'CFM_668']",pass,batch=gangs_b; individual game assertion; source=fireplace/cards/gangs/neutral_rare.py:71
CFM_668,CFM_668::copies_keep_hand_buff,Two copies preserve +1/+1 applied to card in hand before playing it.,"buffed=(3, 3);copies=[(3, 3), (3, 3), (3, 3)]",pass,batch=gangs_b; individual game assertion; source=fireplace/cards/gangs/neutral_rare.py:71
CFM_669,CFM_669::opponent_spell_gives_one_coin,Opponent-cast spell adds exactly one Coin to owner's hand; own spell does not.,"coins=(0, 1);hand=['GAME_005']",pass,batch=gangs_b; individual game assertion; source=fireplace/cards/gangs/neutral_epic.py:42
CFM_670,CFM_670::all_targets_random_active,"Mayor Noggenfogger sets random-target flag on both players while in play, removes it on death.","during=(True, True);after=(False, False);card=GRAVEYARD",pass,batch=gangs_b; individual game assertion; source=fireplace/cards/gangs/neutral_legendary.py:125
CFM_670,CFM_670::spell_target_retargeted,"With Noggenfogger active, a targeted spell can hit another legal character.","seeds_and_loss=[(670, (0, 0, 0, 1, 0)), (671, (0, 0, 0, 1, 0)), (672, (1, 0, 0, 0, 0)), (673, (0, 0, 0, 1, 0)), (674, (0, 0, 1, 0, 0)), (675, (0, 1, 0, 0, 0)), (676, (0, 1, 0, 0, 0)), (677, (1, 0, 0, 0, 0)), (678, (0, 1, 0, 0, 0)), (679, (0, 0, 0, 1, 0)), (680, (0, 0, 0, 1, 0)), (681, (0, 0, 1, 0, 0))]",pass,batch=gangs_b; individual game assertion; source=fireplace/cards/gangs/neutral_legendary.py:125
CFM_670,CFM_670::hero_power_target_retargeted,"With Noggenfogger active, a Mage Hero Power can hit another legal character.","seeds_and_loss=[(700, (1, 0, 0, 0, 0)), (701, (0, 0, 0, 0, 1)), (702, (1, 0, 0, 0, 0)), (703, (1, 0, 0, 0, 0)), (704, (0, 0, 0, 1, 0)), (705, (0, 0, 0, 0, 1)), (706, (0, 0, 0, 1, 0)), (707, (0, 1, 0, 0, 0)), (708, (0, 1, 0, 0, 0)), (709, (0, 0, 0, 1, 0)), (710, (0, 0, 1, 0, 0)), (711, (0, 0, 0, 1, 0))]",pass,batch=gangs_b; individual game assertion; source=fireplace/cards/gangs/neutral_legendary.py:125
CFM_670,CFM_670::minion_attack_can_redirect,A minion attack directed at enemy hero can instead hit another enemy character.,"redirected=[(724, (30, [3, 7])), (726, (30, [7, 3])), (729, (30, [7, 3])), (730, (30, [3, 7])), (733, (30, [7, 3])), (734, (30, [7, 3])), (735, (30, [3, 7])), (736, (30, [3, 7])), (742, (30, [7, 3])), (743, (30, [3, 7])), (744, (30, [7, 3])), (746, (30, [3, 7])), (747, (30, [3, 7])), (749, (30, [7, 3])), (750, (30, [7, 3]))];normal=17",pass,batch=gangs_b; individual game assertion; source=fireplace/cards/gangs/neutral_legendary.py:125
CFM_670,CFM_670::hero_attack_can_redirect,A hero attack aimed at enemy hero can be redirected to another enemy character.,"AssertionError: {'redirected': [], 'always_hit_requested_hero': 32, 'trials': 32}",confirmed_error,batch=gangs_b; individual game assertion; source=fireplace/cards/gangs/neutral_legendary.py:125
CFM_671,CFM_671::frozen_enemy_grants_stats,Frozen enemy character grants +2/+2; no frozen enemy does not.,"AssertionError: {'branches': [(False, 5, 5), (True, 5, 5)]}",confirmed_error,batch=gangs_b; individual game assertion; source=fireplace/cards/gangs/mage.py:25
CFM_672,CFM_672::swap_target_with_deck_minion,Selected friendly minion returns to deck and a deck minion enters its board slot.,"target=DECK;drawn=PLAY;field=['CS2_182', 'CFM_672'];deck=['CS2_231']",pass,batch=gangs_b; individual game assertion; source=fireplace/cards/gangs/neutral_legendary.py:138
CFM_685,CFM_685::one_random_hand_minion_five_five,"Exactly one of two held minions receives +5/+5, held spell unchanged.","before=[(1, 1), (1, 1)];after=[(1, 1), (6, 6)];spell_cost=(4, 4)",pass,batch=gangs_b; individual game assertion; source=fireplace/cards/gangs/neutral_legendary.py:150
CFM_687,CFM_687::CFM_687_live_01,_c687_inferior_spell_discount:卡牌文本效果与关键状态断言通过,"unique_deck=['CS2_231', 'CS2_182'];solia=PLAY;first_spell_cost=0;cast=GRAVEYARD;aura_ended=True;next_spell_cost=2;duplicate_branch=(True, 4)",pass,batch=gangs_c; live_game=_c687_inferior_spell_discount;单卡定制局面并检查区域/属性/触发变化; scope_asserted=Battlecry
CFM_688,CFM_688::CFM_688_live_01,_c688_hogrider_taunt_branch:卡牌文本效果与关键状态断言通过,"without_enemy_taunt=(False, True);enemy_taunt=(1, True, True, 'GRAVEYARD', 'PLAY', 4)",pass,batch=gangs_c; live_game=_c688_hogrider_taunt_branch;单卡定制局面并检查区域/属性/触发变化; scope_asserted=Battlecry
CFM_690,CFM_690::CFM_690_live_01,_c690_jade_shuriken_combo:卡牌文本效果与关键状态断言通过,"base_jade=1;without_combo=(28, 1, 0, 'GRAVEYARD');combo=(1, 1, 'GRAVEYARD', 2, [('CFM_712_t01', 1, 1, 'PLAY')], 'GRAVEYARD')",pass,batch=gangs_c; live_game=_c690_jade_shuriken_combo;单卡定制局面并检查区域/属性/触发变化; scope_asserted=Combo|Spell resolution|Summon|Targeting
CFM_691,CFM_691::CFM_691_live_01,_c691_jade_swarmer_stealth_deathrattle:卡牌文本效果与关键状态断言通过,"start_jade=1;stealth=1;before_death=('PLAY', 1, 1);after_death=('GRAVEYARD', 2, [('CFM_712_t01', 1, 1, 'PLAY')])",pass,batch=gangs_c; live_game=_c691_jade_swarmer_stealth_deathrattle;单卡定制局面并检查区域/属性/触发变化; scope_asserted=Deathrattle|Stealth|Summon
CFM_693,CFM_693::CFM_693_live_01,_c693_ferryman_combo_bounce:卡牌文本效果与关键状态断言通过,"AssertionError: without_combo_before=(False, 0);without_combo_after=('PLAY', True, False);combo_before=(True, 1, True);combo_after=('PLAY', False, True, True)",confirmed_error,batch=gangs_c; live_game=_c693_ferryman_combo_bounce;单卡定制局面并检查区域/属性/触发变化; scope_asserted=Combo|Targeting
CFM_694,CFM_694::CFM_694_live_01,_c694_shadow_sensei_targeting:卡牌文本效果与关键状态断言通过,"own_stealth=1;enemy_stealth=1;legal=['EX1_010'];ordinary_legal=False;before=(2, 1);after=(4, 3, 3, 1)",pass,batch=gangs_c; live_game=_c694_shadow_sensei_targeting;单卡定制局面并检查区域/属性/触发变化; scope_asserted=Battlecry|Targeting
CFM_696,CFM_696::CFM_696_live_01,_c696_devolve_all_enemy_costs:卡牌文本效果与关键状态断言通过,"originals=[('CS2_182', 4, 'PLAY'), ('CS2_182', 4, 'PLAY'), ('EX1_012', 2, 'PLAY')];replacements=[('UNG_844', 3, 'PLAY'), ('BT_142', 1, 'PLAY')];friendly=('CS2_182', 4, 'PLAY');spell=GRAVEYARD",pass,batch=gangs_c; live_game=_c696_devolve_all_enemy_costs;单卡定制局面并检查区域/属性/触发变化; scope_asserted=Cost modification|Random effects|Spell resolution|Transform
CFM_697,CFM_697::CFM_697_live_01,_c697_illusionist_attack_condition:卡牌文本效果与关键状态断言通过,"after_minion_attack=('CFM_697', 'PLAY', 'GRAVEYARD');after_hero_attack=('SETASIDE', 27, [('AT_128', 6, 'PLAY')]);new_entities=[('AT_128', 6)]",pass,batch=gangs_c; live_game=_c697_illusionist_attack_condition;单卡定制局面并检查区域/属性/触发变化; scope_asserted=Random effects|Transform|Trigger
CFM_699,CFM_699::CFM_699_live_01,_c699_seadevil_next_murloc_health_cost:卡牌文本效果与关键状态断言通过,"hero_before=30;mana_before_murloc=6;first_cost=2;after_first=(28, 6, 'PLAY', 'PLAY');second_cost=2;after_second=(28, 4, 'PLAY')",pass,batch=gangs_c; live_game=_c699_seadevil_next_murloc_health_cost;单卡定制局面并检查区域/属性/触发变化; scope_asserted=Battlecry
CFM_707,CFM_707::CFM_707_live_01,_c707_jade_lightning_target_and_summon:卡牌文本效果与关键状态断言通过,"targeted=(1, 4, 'PLAY', 2, [('CFM_712_t01', 1, 1, 'PLAY')], 'GRAVEYARD');hero_target_no_minions=(26, 2, [('CFM_712_t01', 1, 1, 'PLAY')], 'GRAVEYARD')",pass,batch=gangs_c; live_game=_c707_jade_lightning_target_and_summon;单卡定制局面并检查区域/属性/触发变化; scope_asserted=Spell resolution|Summon|Targeting
CFM_713,CFM_713::CFM_713_live_01,_c713_jade_blossom_empty_crystal:卡牌文本效果与关键状态断言通过,"before=(3, 3, 1);after=(4, 0, 2, [('CFM_712_t01', 1, 1, 'PLAY')], 'GRAVEYARD')",pass,batch=gangs_c; live_game=_c713_jade_blossom_empty_crystal;单卡定制局面并检查区域/属性/触发变化; scope_asserted=Spell resolution|Summon
CFM_715,CFM_715::CFM_715_live_01,_c715_jade_spirit_battlecry:卡牌文本效果与关键状态断言通过,"start_jade=1;state=(2, 3, 'PLAY', 2, [('CFM_712_t01', 1, 1, 'PLAY')], 2)",pass,batch=gangs_c; live_game=_c715_jade_spirit_battlecry;单卡定制局面并检查区域/属性/触发变化; scope_asserted=Battlecry|Summon
CFM_716,CFM_716::CFM_716_live_01,_c716_sleep_with_fishes_damaged_only:卡牌文本效果与关键状态断言通过,"state=(1, 4, 'PLAY', 5, 0, 'GRAVEYARD', 1, 0, 'PLAY', 'GRAVEYARD')",pass,batch=gangs_c; live_game=_c716_sleep_with_fishes_damaged_only;单卡定制局面并检查区域/属性/触发变化; scope_asserted=Spell resolution
CFM_717,CFM_717::CFM_717_live_01,_c717_jade_claws_weapon_and_overload:卡牌文本效果与关键状态断言通过,"start_jade=1;current=('CFM_717', 2, 2, 0, 8, 2, [('CFM_712_t01', 1, 1, 'PLAY')], 'PLAY');next_turn=(10, 9, 1)",pass,batch=gangs_c; live_game=_c717_jade_claws_weapon_and_overload;单卡定制局面并检查区域/属性/触发变化; scope_asserted=Battlecry|Overload|Summon|Weapon
CFM_750,CFM_750::CFM_750_live_01,_c750_krul_duplicate_deck_branch:卡牌文本效果与关键状态断言通过,"no_duplicate_deck=('PLAY', 'PLAY', 'HAND', 'PLAY', ['CFM_750', 'CS2_065', 'EX1_301'], ['CS2_231']);duplicate_deck=('HAND', 'HAND', 'PLAY', ['CFM_750'], ['CS2_065', 'EX1_301'])",pass,batch=gangs_c; live_game=_c750_krul_duplicate_deck_branch;单卡定制局面并检查区域/属性/触发变化; scope_asserted=Battlecry|Summon
CFM_751,CFM_751::CFM_751_live_01,_c751_abyssal_enforcer_all_other_characters:卡牌文本效果与关键状态断言通过,"state=(27, 27, 'GRAVEYARD', 'GRAVEYARD', 'PLAY', 6)",pass,batch=gangs_c; live_game=_c751_abyssal_enforcer_all_other_characters;单卡定制局面并检查区域/属性/触发变化; scope_asserted=Battlecry
CFM_752,CFM_752::CFM_752_live_01,_c752_stolen_goods_random_taunt_in_hand:卡牌文本效果与关键状态断言通过,"before=(1, 3, 1, 1);buffed_branch=(4, 6, 1, 1, 'HAND', 'HAND', 'GRAVEYARD');no_taunt_branch=(1, 1, 'HAND', 'GRAVEYARD')",pass,batch=gangs_c; live_game=_c752_stolen_goods_random_taunt_in_hand;单卡定制局面并检查区域/属性/触发变化; scope_asserted=Random effects|Spell resolution
CFM_753,CFM_753::CFM_753_live_01,_c753_grimestreet_outfitter_all_hand_minions:卡牌文本效果与关键状态断言通过,"before=((1, 1), (2, 1), 4);after=((2, 2), (3, 2), 4, 'HAND', 'HAND', 'HAND', 'PLAY')",pass,batch=gangs_c; live_game=_c753_grimestreet_outfitter_all_hand_minions;单卡定制局面并检查区域/属性/触发变化; scope_asserted=Battlecry
CFM_754,CFM_754::CFM_754_live_01,_c754_grimy_gadgeteer_end_turn_random_hand_minion:卡牌文本效果与关键状态断言通过,"before=((1, 1), (2, 1), 'PLAY');after=((3, 3), (2, 1), 'HAND', 'HAND', 'PLAY', False);changed_minion_indexes=[0]",pass,batch=gangs_c; live_game=_c754_grimy_gadgeteer_end_turn_random_hand_minion;单卡定制局面并检查区域/属性/触发变化; scope_asserted=Random effects|Trigger
CFM_755,CFM_755::CFM_755_live_01,_c755_grimestreet_pawnbroker_random_hand_weapon:卡牌文本效果与关键状态断言通过,"before=((3, 2), (2, 8));after=((3, 2), (3, 9), 'HAND', 'HAND', 'PLAY');buffed_weapon_indexes=[1]",pass,batch=gangs_c; live_game=_c755_grimestreet_pawnbroker_random_hand_weapon;单卡定制局面并检查区域/属性/触发变化; scope_asserted=Battlecry|Random effects
CFM_756,CFM_756::CFM_756_live_01,_c756_alley_armorsmith_damage_to_hero_gains_armor:卡牌文本效果与关键状态断言通过,"taunt=1;attack=2;before=(0, 30, True);after=(2, 28, 'PLAY', 7)",pass,batch=gangs_c; live_game=_c756_alley_armorsmith_damage_to_hero_gains_armor;单卡定制局面并检查区域/属性/触发变化; scope_asserted=Taunt|Trigger
CFM_759,CFM_759::CFM_759_live_01,_c759_meanstreet_marshal_deathrattle_attack_threshold:卡牌文本效果与关键状态断言通过,"at_least_2_attack=(3, 'GRAVEYARD', 'HAND', True);below_2_attack=(1, 'GRAVEYARD', 'DECK', False)",pass,batch=gangs_c; live_game=_c759_meanstreet_marshal_deathrattle_attack_threshold;单卡定制局面并检查区域/属性/触发变化; scope_asserted=Deathrattle|Draw / Discard
CFM_760,CFM_760::CFM_760_live_01,_c760_kabal_crystal_runner_secret_cost_reduction:卡牌文本效果与关键状态断言通过,"base=6;after_one_secret=(4, 'SECRET');after_two_secrets=(2, 2, 'SECRET', 'SECRET')",pass,batch=gangs_c; live_game=_c760_kabal_crystal_runner_secret_cost_reduction;单卡定制局面并检查区域/属性/触发变化; scope_asserted=Cost modification
CFM_781,CFM_781::CFM_781_live_01,_c781_shaku_stealth_and_random_opponent_class_card:卡牌文本效果与关键状态断言通过,"class_pair_1=(3, 7, 1, False, 28, 'PLAY', 1, [('BOT_565', 7, True, 'HAND')], 2);class_pair_2=(3, 2, 1, False, 28, 'PLAY', 1, [('OG_313', 2, True, 'HAND')], 2)",pass,batch=gangs_c; live_game=_c781_shaku_stealth_and_random_opponent_class_card;单卡定制局面并检查区域/属性/触发变化; scope_asserted=Random effects|Stealth|Trigger
CFM_790,CFM_790::CFM_790_live_01,_c790_dirty_rat_taunt_random_opponent_minion_from_hand:卡牌文本效果与关键状态断言通过,"with_enemy_minions=(1, 'PLAY', 1, 1, True, 'HAND', ['CS2_231'], ['CS2_182']);no_enemy_minion=(1, 'PLAY', 0, 'HAND')",pass,batch=gangs_c; live_game=_c790_dirty_rat_taunt_random_opponent_minion_from_hand;单卡定制局面并检查区域/属性/触发变化; scope_asserted=Battlecry|Random effects|Summon|Taunt
CFM_800,CFM_800::CFM_800_live_01,_c800_getaway_kodo_only_bounces_friendly_death:卡牌文本效果与关键状态断言通过,"friendly_death=('HAND', True, True, 'GRAVEYARD', 'SECRET', 'GRAVEYARD');enemy_death=('GRAVEYARD', False, 'SECRET')",pass,batch=gangs_c; live_game=_c800_getaway_kodo_only_bounces_friendly_death;单卡定制局面并检查区域/属性/触发变化; scope_asserted=Secret|Spell resolution|Trigger
CFM_806,CFM_806::CFM_806_live_01,_c806_wrathion_draws_through_dragons_until_non_dragon:卡牌文本效果与关键状态断言通过,"state=(1, 'PLAY', 'HAND', 'HAND', 'HAND', 'DECK', ['CS2_182', 'EX1_572', 'NEW1_023'], 1, 3);cards_in_hand=['EX1_572', 'NEW1_023', 'CS2_182'];deck=['CS2_231']",pass,batch=gangs_c; live_game=_c806_wrathion_draws_through_dragons_until_non_dragon;单卡定制局面并检查区域/属性/触发变化; scope_asserted=Battlecry|Draw / Discard|Taunt
CFM_807,CFM_807::CFM_807_live_01,_c807_beardo_refreshes_hero_power_after_each_spell:卡牌文本效果与关键状态断言通过,"state=(True, True, 27, True, 25, True, 'PLAY', 'GRAVEYARD', 'GRAVEYARD')",pass,batch=gangs_c; live_game=_c807_beardo_refreshes_hero_power_after_each_spell;单卡定制局面并检查区域/属性/触发变化; scope_asserted=Trigger
CFM_808,CFM_808::CFM_808_live_01,_c808_genzo_draws_both_players_to_three:卡牌文本效果与关键状态断言通过,"state=(3, 3, 2, 1, 25, 'PLAY', 1, 2, True, True);owner_hand=['CS2_231', 'EX1_506', 'CS2_231'];opponent_hand=['CS2_231', 'EX1_506', 'CS2_182']",pass,batch=gangs_c; live_game=_c808_genzo_draws_both_players_to_three;单卡定制局面并检查区域/属性/触发变化; scope_asserted=Draw / Discard|Trigger
CFM_809,CFM_809::CFM_809_live_01,_c809_tanaris_hogchopper_empty_hand_charge:卡牌文本效果与关键状态断言通过,"opponent_empty=(True, 26, 'PLAY', 4);opponent_has_card=(False, False, 30)",pass,batch=gangs_c; live_game=_c809_tanaris_hogchopper_empty_hand_charge;单卡定制局面并检查区域/属性/触发变化; scope_asserted=Battlecry
CFM_810,CFM_810::CFM_810_live_01,_c810_leatherclad_hogleader_six_card_threshold:卡牌文本效果与关键状态断言通过,"six_cards=(6, True, 24, 6);five_cards=(5, False, False, 30)",pass,batch=gangs_c; live_game=_c810_leatherclad_hogleader_six_card_threshold;单卡定制局面并检查区域/属性/触发变化; scope_asserted=Battlecry
CFM_811,CFM_811::CFM_811_live_01,_c811_lunar_visions_draw_two_discount_only_minions:卡牌文本效果与关键状态断言通过,"state=('HAND', 2, 'HAND', 4, 'DECK', 2, 1, 'GRAVEYARD');hand=['CS2_029', 'CS2_182'];deck=['CS2_231']",pass,batch=gangs_c; live_game=_c811_lunar_visions_draw_two_discount_only_minions;单卡定制局面并检查区域/属性/触发变化; scope_asserted=Cost modification|Draw / Discard|Spell resolution
CFM_815,CFM_815::CFM_815_live_01,_c815_wickerflame_shield_taunt_lifesteal:卡牌文本效果与关键状态断言通过,"traits=(1, 1, 1, 2, 2);after_enemy_attack=(False, 2, 'GRAVEYARD', 27);after_wicker_attack=(29, 1, 28, 'PLAY')",pass,batch=gangs_c; live_game=_c815_wickerflame_shield_taunt_lifesteal;单卡定制局面并检查区域/属性/触发变化; scope_asserted=Divine Shield|Lifesteal|Taunt
CFM_816,CFM_816::CFM_816_live_01,_c816_virmen_sensei_friendly_beast_target:卡牌文本效果与关键状态断言通过,"beast_race=20;enemy_beast_race=20;legal=['CS2_171'];before=(1, 1);after=(3, 3, 3, 'PLAY')",pass,batch=gangs_c; live_game=_c816_virmen_sensei_friendly_beast_target;单卡定制局面并检查区域/属性/触发变化; scope_asserted=Battlecry|Targeting
CFM_851,CFM_851::CFM_851_live_01,_c851_daring_reporter_only_opponent_draws_buff:卡牌文本效果与关键状态断言通过,"after_owner_draw=(3, 3, 'HAND');after_opponent_draw_1=(4, 4, 'HAND');after_opponent_draw_2=(5, 5, 'HAND');remaining_decks=(0, 0)",pass,batch=gangs_c; live_game=_c851_daring_reporter_only_opponent_draws_buff;单卡定制局面并检查区域/属性/触发变化; scope_asserted=Draw / Discard|Trigger
CFM_852,CFM_852::CFM_852_live_01,_c852_lotus_agents_discover_three_classes_and_choose:卡牌文本效果与关键状态断言通过,"options=['FP1_019', 'EX1_134', 'GVG_029'];classes=[2, 7, 8];after_choose=(3, [2, 7, 8], 'EX1_134', 'HAND', True, None, 'PLAY')",pass,batch=gangs_c; live_game=_c852_lotus_agents_discover_three_classes_and_choose;单卡定制局面并检查区域/属性/触发变化; scope_asserted=Battlecry|Discover / Choice|Random effects
CFM_853,CFM_853::CFM_853_live_01,_c853_grimestreet_smuggler_buffs_one_hand_minion:卡牌文本效果与关键状态断言通过,"before=((1, 1), (2, 1), 4);after=((1, 1), (3, 2), 4, 'HAND', 'HAND', 'HAND', 'PLAY');buffed_indexes=[1]",pass,batch=gangs_c; live_game=_c853_grimestreet_smuggler_buffs_one_hand_minion;单卡定制局面并检查区域/属性/触发变化; scope_asserted=Battlecry|Random effects
CFM_854,CFM_854::CFM_854_live_01,_c854_ancient_of_blossoms_taunt_blocks_hero_attack:卡牌文本效果与关键状态断言通过,"state=(3, 7, 1, 'PLAY', 'GRAVEYARD', 1, True, True);attack_targets=['CFM_854']",pass,batch=gangs_c; live_game=_c854_ancient_of_blossoms_taunt_blocks_hero_attack;单卡定制局面并检查区域/属性/触发变化; scope_asserted=Taunt
CFM_855,CFM_855::CFM_855_live_01,_c855_defias_cleaner_silences_deathrattle_target:卡牌文本效果与关键状态断言通过,"legal=['FP1_011', 'FP1_011'];silenced=(True, 1, 1, 'PLAY', False, False);after_death=('GRAVEYARD', 0, 'PLAY')",pass,batch=gangs_c; live_game=_c855_defias_cleaner_silences_deathrattle_target;单卡定制局面并检查区域/属性/触发变化; scope_asserted=Battlecry|Silence|Targeting
CFM_900,CFM_900::CFM_900_live_01,_c900_unlicensed_apothecary_after_minion_summons:卡牌文本效果与关键状态断言通过,"after_apothecary_summon=30;after_wisp=(25, 'PLAY');after_murloc=(20, 'PLAY')",pass,batch=gangs_c; live_game=_c900_unlicensed_apothecary_after_minion_summons;单卡定制局面并检查区域/属性/触发变化; scope_asserted=Summon|Trigger
CFM_902,CFM_902::CFM_902_live_01,_c902_aya_blackpaw_battlecry_and_deathrattle:卡牌文本效果与关键状态断言通过,"start=1;after_battlecry=('PLAY', 2, [('CFM_712_t01', 1, 1, 'PLAY')]);after_deathrattle=('GRAVEYARD', 3, [('CFM_712_t01', 1, 1, 'PLAY'), ('CFM_712_t02', 2, 2, 'PLAY')])",pass,batch=gangs_c; live_game=_c902_aya_blackpaw_battlecry_and_deathrattle;单卡定制局面并检查区域/属性/触发变化; scope_asserted=Battlecry|Deathrattle|Summon
CFM_905,CFM_905::CFM_905_live_01,_c905_small_time_recruits_draws_only_one_cost_minions:卡牌文本效果与关键状态断言通过,"three_available=(['CS2_065', 'CS2_171', 'CS2_189'], ['CS2_182', 'CS2_231'], ['HAND', 'HAND', 'HAND'], ['DECK', 'DECK'], 'GRAVEYARD');only_two_available=(['CS2_065', 'CS2_171'], ['CS2_182'], ['HAND', 'HAND'], 'DECK', 'GRAVEYARD')",pass,batch=gangs_c; live_game=_c905_small_time_recruits_draws_only_one_cost_minions;单卡定制局面并检查区域/属性/触发变化; scope_asserted=Draw / Discard|Spell resolution
CFM_940,CFM_940::CFM_940_live_01,_c940_i_know_a_guy_discover_taunt_and_choose:卡牌文本效果与关键状态断言通过,"options=[('KAR_061', <CardType.MINION: 4>, 1, 'SETASIDE'), ('BT_730', <CardType.MINION: 4>, 1, 'SETASIDE'), ('GVG_097', <CardType.MINION: 4>, 1, 'SETASIDE')];after_choose=('KAR_061', 'HAND', True, None, 'GRAVEYARD')",pass,batch=gangs_c; live_game=_c940_i_know_a_guy_discover_taunt_and_choose;单卡定制局面并检查区域/属性/触发变化; scope_asserted=Discover / Choice|Random effects|Spell resolution
UNG_001,UNG_001::battlecry_offers_and_applies_one_adapt,Battlecry offers an Adapt choice; selecting one applies exactly one Adapt buff and closes the choice.,adapt_choice=UNG_999t2;buffs=['UNG_999t2e'];zone=PLAY,pass,batch=ungoro_a; 实际选择一个 Adapt 选项，断言选项关闭且随从仅获得一个对应增益。; EN=Battlecry: Adapt.; ZH=战吼：进化。; source=fireplace/cards/ungoro/neutral_common.py:8; existing_tests=tests/test_ungoro.py:16:test_adapt; prior=YELLOW:1 个机制缺少充分的核心效果验证；逐机制依据见 card_mechanism.csv。
UNG_002,UNG_002::battlecry_runs_two_sequential_adapt_choices,"Battlecry presents two sequential Adapt choices, applies both selected buffs, and leaves no open choice.","adapt_choices=['UNG_999t2', 'UNG_999t14'];buffs=['UNG_999t2e', 'UNG_999t14e'];zone=PLAY;choice=None",pass,"batch=ungoro_a; 连续两次真实选择 Adapt，核对两项增益及 Choice 状态关闭。; EN=Battlecry: Adapt, then Adapt.; ZH=战吼： 连续进化两次。; source=fireplace/cards/ungoro/neutral_rare.py:8; existing_tests=tests/test_ungoro.py:290:test_volcanosaur; prior=YELLOW:1 个机制缺少充分的核心效果验证；逐机制依据见 card_mechanism.csv。"
UNG_004,UNG_004::spell_sets_friendly_minion_stats_exactly_ten_ten,Targeted friendly minion's Attack and Health become exactly 10/10.,target=10/10/10;target_zone=PLAY;spell=GRAVEYARD,pass,batch=ungoro_a; 以己方4/5随从验证是设为10/10而非增加10点，并确认区域。; EN=Set a minion's Attack and Health to 10.; ZH=将一个随从的攻击力和生命值变为10。; source=fireplace/cards/ungoro/paladin.py:48; existing_tests=none; prior=YELLOW:2 个机制缺少充分的核心效果验证；逐机制依据见 card_mechanism.csv。
UNG_004,UNG_004::spell_can_target_enemy_minion_and_sets_ten_ten,The spell may target an enemy minion and sets it to exactly 10/10.,enemy_target=10/10/10;target_zone=PLAY;spell=GRAVEYARD,pass,batch=ungoro_a; 以敌方4/5随从验证敌方目标合法以及精确设值。; EN=Set a minion's Attack and Health to 10.; ZH=将一个随从的攻击力和生命值变为10。; source=fireplace/cards/ungoro/paladin.py:48; existing_tests=none; prior=YELLOW:2 个机制缺少充分的核心效果验证；逐机制依据见 card_mechanism.csv。
UNG_009,UNG_009::battlecry_does_not_adapt_below_two_other_minions,"With fewer than two other friendly minions, Ravasaur Runt gets no Adapt choice.",friendly_minions=1;choice=None;runt=2/2,pass,"batch=ungoro_a; 零个其他己方随从时验证条件不触发。; EN=Battlecry: If you control at least 2 other minions, Adapt.; ZH=战吼：如果你控制至少两个其他随从，便获得进化。; source=fireplace/cards/ungoro/neutral_common.py:14; existing_tests=none; prior=YELLOW:1 个机制缺少充分的核心效果验证；逐机制依据见 card_mechanism.csv。"
UNG_009,UNG_009::battlecry_adapts_with_two_other_minions,"With exactly two other friendly minions, Ravasaur Runt offers and applies one Adapt.",other_minions=2;choice=UNG_999t2;buffs=['UNG_999t2e'];field=3,pass,"batch=ungoro_a; 恰有两个其他己方随从时实际选择 Adapt 并核对增益。; EN=Battlecry: If you control at least 2 other minions, Adapt.; ZH=战吼：如果你控制至少两个其他随从，便获得进化。; source=fireplace/cards/ungoro/neutral_common.py:14; existing_tests=none; prior=YELLOW:1 个机制缺少充分的核心效果验证；逐机制依据见 card_mechanism.csv。"
UNG_010,UNG_010::deathrattle_summons_three_one_one_murlocs,"On death, Sated Threshadon leaves play and summons exactly three 1/1 Murlocs.","source=GRAVEYARD;tokens=[('UNG_201t', 1, 1, [14]), ('UNG_201t', 1, 1, [14]), ('UNG_201t', 1, 1, [14])]",pass,batch=ungoro_a; 实际消灭随从，断言亡语触发、令牌数量、身材及鱼人种族。; EN=Deathrattle: Summon three 1/1 Murlocs.; ZH=亡语：召唤三个1/1的鱼人。; source=fireplace/cards/ungoro/neutral_common.py:20; existing_tests=none; prior=YELLOW:2 个机制缺少充分的核心效果验证；逐机制依据见 card_mechanism.csv。
UNG_010,UNG_010::deathrattle_summons_only_available_board_slots,"On a board with five other minions, death opens a slot and the Deathrattle fills the two available slots.",source=GRAVEYARD;existing=5;tokens=2;field=7,pass,batch=ungoro_a; 设置五个其他随从加本体后触发亡语，检查死亡处理后的场位上限。; EN=Deathrattle: Summon three 1/1 Murlocs.; ZH=亡语：召唤三个1/1的鱼人。; source=fireplace/cards/ungoro/neutral_common.py:20; existing_tests=none; prior=YELLOW:2 个机制缺少充分的核心效果验证；逐机制依据见 card_mechanism.csv。
UNG_011,UNG_011::battlecry_discovers_secret_and_selected_card_enters_hand,Hydrologist offers three Secret spells from an eligible class pool; choosing one closes Discover and places the chosen card in hand.,"class=WARRIOR;options=[('EX1_379', 5), ('LOE_027', 5), ('EX1_132', 5)];selected=LOE_027;hand=['LOE_027'];choice=None",pass,batch=ungoro_a; 非奥秘职业下验证候选均为圣骑士奥秘，实际选择后进入手牌并关闭 Choice。; EN=Battlecry: Discover a Secret.; ZH=战吼： 发现一张奥秘牌。; source=fireplace/cards/ungoro/paladin.py:8; existing_tests=tests/test_ungoro.py:302:test_hydrologist | tests/test_ungoro.py:310:test_hydrologist; prior=YELLOW:3 个机制缺少充分的核心效果验证；逐机制依据见 card_mechanism.csv。
UNG_011,UNG_011::battlecry_uses_mage_secret_pool_for_mage,"When controlled by a Mage, the Discover options are Mage Secret spells.","class=MAGE;options=[('EX1_594', 4), ('LOOT_101', 4), ('EX1_294', 4)];selected=EX1_594;hand=['EX1_594']",pass,batch=ungoro_a; 法师职业分支验证候选职业池并完成一次真实选择。; EN=Battlecry: Discover a Secret.; ZH=战吼： 发现一张奥秘牌。; source=fireplace/cards/ungoro/paladin.py:8; existing_tests=tests/test_ungoro.py:302:test_hydrologist | tests/test_ungoro.py:310:test_hydrologist; prior=YELLOW:3 个机制缺少充分的核心效果验证；逐机制依据见 card_mechanism.csv。
UNG_015,UNG_015::battlecry_sets_friendly_and_enemy_minions_to_three_three,Battlecry sets every other minion on both sides to 3/3; Tarim remains a 3/7 Taunt.,friendly=3/3/3;enemy=3/3/3;tarim=3/7/7;taunt=1,pass,batch=ungoro_a; 己方和敌方场上各有一个4/5随从，检查双方被设为3/3且塔林姆本身未变。; EN=Taunt Battlecry: Set all other minions' Attack and Health to 3.; ZH=嘲讽，战吼：将所有其他随从的攻击力和生命值变为3。; source=fireplace/cards/ungoro/paladin.py:16; existing_tests=none; prior=YELLOW:2 个机制缺少充分的核心效果验证；逐机制依据见 card_mechanism.csv。
UNG_018,UNG_018::spell_deals_two_and_adds_one_elemental,Flame Geyser deals 2 damage to its selected target and adds exactly one 1/2 Elemental to its controller's hand.,"target_health=3/5;target_zone=PLAY;spell=GRAVEYARD;added=[('UNG_809t1', 1, 2, 'HAND')]",pass,batch=ungoro_a; 对敌方4/5随从实际施法，断言伤害、目标区域、法术去向和生成牌身材/种族/手牌区域。; EN=Deal $2 damage. Add a 1/2 Elemental to your hand.; ZH=造成$2点伤害。 将一张1/2的元素牌置入你的手牌。; source=fireplace/cards/ungoro/mage.py:40; existing_tests=none; prior=YELLOW:2 个机制缺少充分的核心效果验证；逐机制依据见 card_mechanism.csv。
UNG_019,UNG_019::cannot_be_targeted_by_spell_or_hero_power,"Moonfire and Mage Hero Power cannot target Air Elemental; rejected actions preserve spell zone, mana, health, and Hero Power use.",spell_rejected=HAND;hero_power_rejected=True;mana=10;health=1;power_uses=0,pass,batch=ungoro_a; 由对手实际尝试法术和英雄技能指向空气元素，检查 InvalidAction 与状态不变。; EN=Can't be targeted by spells or Hero Powers.; ZH=无法成为法术或英雄技能的目标。; source=fireplace/cards/CardDefs.xml#UNG_019; existing_tests=none; prior=YELLOW:1 个机制缺少充分的核心效果验证；逐机制依据见 card_mechanism.csv。
UNG_020,UNG_020::battlecry_draws_secret_from_mixed_deck,"With a Secret and a non-Secret in the deck, Arcanologist draws the Secret and leaves the non-Secret in the deck.",secret=EX1_287/HAND;ordinary=CS2_231/DECK;hand=['EX1_287'];minion=PLAY,pass,batch=ungoro_a; 牌库放入一张法师奥秘和一张普通随从，检查抽牌来源与牌库剩余。; EN=Battlecry: Draw a Secret from your deck.; ZH=战吼：从你的牌库中抽一张奥秘牌。; source=fireplace/cards/ungoro/mage.py:8; existing_tests=none; prior=YELLOW:2 个机制缺少充分的核心效果验证；逐机制依据见 card_mechanism.csv。
UNG_020,UNG_020::battlecry_does_not_draw_nonsecret_without_secret,"With only a non-Secret in the deck, Arcanologist does not draw that card.",ordinary=CS2_231/DECK;hand=[];minion=PLAY,pass,batch=ungoro_a; 无奥秘牌库分支验证不会误抽普通牌。; EN=Battlecry: Draw a Secret from your deck.; ZH=战吼：从你的牌库中抽一张奥秘牌。; source=fireplace/cards/ungoro/mage.py:8; existing_tests=none; prior=YELLOW:2 个机制缺少充分的核心效果验证；逐机制依据见 card_mechanism.csv。
UNG_021,UNG_021::battlecry_rewards_if_elemental_played_last_turn,An Elemental played on the previous turn causes exactly one Flame Geyser to enter hand.,last_turn_elemental=UNG_809/PLAY;surger=PLAY;geyser=['UNG_018'],pass,"batch=ungoro_a; 实际跨过对手回合后打出蒸汽涌动者，检查上回合状态和奖励牌。; EN=[x]Battlecry: If you played an Elemental last turn, add a 'Flame Geyser' to your hand.; ZH=战吼：如果你在上个回合使用过元素牌，将一张“烈焰喷涌”置入你的手牌。; source=fireplace/cards/ungoro/mage.py:14; existing_tests=none; prior=YELLOW:1 个机制缺少充分的核心效果验证；逐机制依据见 card_mechanism.csv。"
UNG_021,UNG_021::battlecry_does_not_reward_elemental_played_this_turn,Playing an Elemental earlier in the current turn alone does not satisfy 'last turn'.,same_turn_elemental=UNG_809;surger=PLAY;flame_geyser_in_hand=False,pass,"batch=ungoro_a; 本回合刚打出元素后立即打出，验证不误用本回合事件。; EN=[x]Battlecry: If you played an Elemental last turn, add a 'Flame Geyser' to your hand.; ZH=战吼：如果你在上个回合使用过元素牌，将一张“烈焰喷涌”置入你的手牌。; source=fireplace/cards/ungoro/mage.py:14; existing_tests=none; prior=YELLOW:1 个机制缺少充分的核心效果验证；逐机制依据见 card_mechanism.csv。"
UNG_022,UNG_022::battlecry_summons_one_one_copy_of_friendly_target,Choosing a friendly 1/3 buffed minion summons one 1/1 same-card copy and leaves the original buffed.,"buffed_original=CS2_231/1/3/3;clone=CS2_231/1/1/1;field=['CS2_231', 'UNG_022', 'CS2_231']",pass,batch=ungoro_a; 先用真言术：盾使目标1/3，再分别断言原随从与复制体身材、卡牌 ID、区域和数量。; EN=Battlecry: Choose a friendly minion. Summon a 1/1 copy of it.; ZH=战吼：选择一个友方随从，召唤一个它的1/1复制。; source=fireplace/cards/ungoro/priest.py:8; existing_tests=none; prior=YELLOW:3 个机制缺少充分的核心效果验证；逐机制依据见 card_mechanism.csv。
UNG_022,UNG_022::battlecry_optional_target_no_friendly_minion,"With no other friendly minion available, Mirage Caller can be played without a target and summons no copy.",field=['UNG_022'];caller=PLAY;choice=None,pass,batch=ungoro_a; 无可选目标分支检查战吼交互跳过及不生成复制体。; EN=Battlecry: Choose a friendly minion. Summon a 1/1 copy of it.; ZH=战吼：选择一个友方随从，召唤一个它的1/1复制。; source=fireplace/cards/ungoro/priest.py:8; existing_tests=none; prior=YELLOW:3 个机制缺少充分的核心效果验证；逐机制依据见 card_mechanism.csv。
UNG_024,UNG_024::secret_copies_opponent_spell_at_zero_cost,"When the opponent casts a spell, Mana Bind is consumed and a copy of that spell enters its owner's hand at 0 cost.","secret=GRAVEYARD;opponent_spell=CS2_008/GRAVEYARD;copied=[('CS2_008', 0, 'HAND')];hero_health=29",pass,"batch=ungoro_a; 对手实际施放月火术并指定英雄，核对原法术结算、奥秘离场及零费复制。; EN=Secret: When your opponent casts a spell, add a copy to your hand that costs (0).; ZH=奥秘：当你的对手施放一个法术时，将该法术的一张复制置入你的手牌，其法力值消耗变为（0）点。; source=fireplace/cards/ungoro/mage.py:47; existing_tests=none; prior=YELLOW:3 个机制缺少充分的核心效果验证；逐机制依据见 card_mechanism.csv。"
UNG_024,UNG_024::secret_does_not_trigger_on_opponent_minion,An opponent minion play does not trigger or consume Mana Bind.,minion=CS2_231/PLAY;secret=SECRET;copied_hand=[],pass,"batch=ungoro_a; 对手打出随从，检查法术限定触发器保持奥秘。; EN=Secret: When your opponent casts a spell, add a copy to your hand that costs (0).; ZH=奥秘：当你的对手施放一个法术时，将该法术的一张复制置入你的手牌，其法力值消耗变为（0）点。; source=fireplace/cards/ungoro/mage.py:47; existing_tests=none; prior=YELLOW:3 个机制缺少充分的核心效果验证；逐机制依据见 card_mechanism.csv。"
UNG_025,UNG_025::spell_splits_exactly_fifteen_damage_among_all_minions,"Across fixed seeds, Volcano deals exactly 15 total one-point hits among minions on both sides, does not hit heroes, and applies Overload (2).","seeds=3025:[(3, 'Player2'), (3, 'Player2'), (5, 'Player1'), (4, 'Player1')];3026:[(4, 'Player2'), (5, 'Player2'), (3, 'Player1'), (3, 'Player1')];3027:[(3, 'Player2'), (4, 'Player2'), (2, 'Player1'), (6, 'Player1')];3028:[(2, 'Player2'), (3, 'Player2'), (7, 'Player1'), (3, 'Player1')];3029:[(4, 'Player2'), (5, 'Player2'), (3, 'Player1'), (3, 'Player1')];3030:[(3, 'Player2'), (2, 'Player2'), (8, 'Player1'), (2, 'Player1')];3031:[(4, 'Player1'), (3, 'Player1'), (2, 'Player2'), (6, 'Player2')];3032:[(2, 'Player2'), (5, 'Player2'), (7, 'Player1'), (1, 'Player1')];3033:[(6, 'Player2'), (1, 'Player2'), (3, 'Player1'), (5, 'Player1')];3034:[(5, 'Player2'), (4, 'Player2'), (5, 'Player1'), (1, 'Player1')];3035:[(2, 'Player2'), (4, 'Player2'), (5, 'Player1'), (4, 'Player1')];3036:[(5, 'Player1'), (5, 'Player1'), (3, 'Player2'), (2, 'Player2')];3037:[(4, 'Player1'), (5, 'Player1'), (4, 'Player2'), (2, 'Player2')];3038:[(4, 'Player1'), (4, 'Player1'), (7, 'Player2'), (0, 'Player2')];3039:[(4, 'Player2'), (4, 'Player2'), (4, 'Player1'), (3, 'Player1')];3040:[(8, 'Player1'), (2, 'Player1'), (3, 'Player2'), (2, 'Player2')];eligible_controllers_hit=2;damage_each_run=15;overload=2",pass,batch=ungoro_a; 四个高生命随从分布于双方场上，跨固定种子断言15点总伤害、目标范围和过载。; EN=Deal $15 damage randomly split among all minions. Overload: (2); ZH=造成$15点伤害，随机分配到所有随从身上。 过载：（2）; source=fireplace/cards/ungoro/shaman.py:67; existing_tests=none; prior=YELLOW:2 个机制缺少充分的核心效果验证；逐机制依据见 card_mechanism.csv。
UNG_027,UNG_027::deathrattle_returns_six_six_then_ten_ten,"The original 2/2 Pyros returns to hand as a 6/6 costing 6; when that form dies, it returns as a 10/10 costing 10.",first_form=UNG_027t2/6/6/cost6;second_form=UNG_027t4/10/10/cost10/HAND;old_instances=SETASIDE,pass,batch=ungoro_a; 连续两次实际死亡并重打，核对手牌区域、身材及费用递进。; EN=Deathrattle: Return this to your hand as a 6/6 that costs (6).; ZH=亡语：将该随从移回你的手牌，并变为法力值消耗为（6）点的6/6随从牌。; source=fireplace/cards/ungoro/mage.py:20; existing_tests=none; prior=YELLOW:1 个机制缺少充分的核心效果验证；逐机制依据见 card_mechanism.csv。
UNG_028,UNG_028::quest_requires_eight_nonstarting_spells_and_rewards_time_warp,"A starting-deck spell does not advance the quest; The Coin and seven generated spells reach eight, complete the quest, and add Time Warp to hand.",quest_progress=8;quest=GRAVEYARD;reward=['UNG_028t'];starting_spell_excluded=True;coin_counted=True,pass,batch=ungoro_a; 在带已知起始套牌法术的真实对局中逐步检查进度、起始牌排除、硬币计数与奖励进入手牌。; EN=[x]Quest: Cast 8 spells that didn't start in your deck. Reward: Time Warp.; ZH=任务：施放8个你的套牌之外的 法术。  奖励：时空扭曲。; source=fireplace/cards/ungoro/mage.py:66; existing_tests=tests/test_ungoro.py:258:test_mage_quest | tests/test_ungoro.py:254:test_mage_quest; prior=YELLOW:2 个机制缺少充分的核心效果验证；逐机制依据见 card_mechanism.csv。
UNG_029,UNG_029::discover_offers_distinct_spells_and_adds_copy,Discover offers the three distinct spells in the deck; the chosen copy enters hand while all deck originals remain.,"options=['CS2_008', 'CS2_029', 'CS2_089'];chosen=CS2_029;copy_zone=HAND;deck=['CS2_029', 'CS2_089', 'CS2_008'];deck_size=3",pass,batch=ungoro_a; 放入三张已知不同法术，断言候选集合、实际选择、手牌复制和牌库原牌保留。; EN=Discover a copy of a spell in your deck.; ZH=从你的牌库中发现一张法术牌的复制。; source=fireplace/cards/ungoro/priest.py:119; existing_tests=none; prior=YELLOW:2 个机制缺少充分的核心效果验证；逐机制依据见 card_mechanism.csv。
UNG_030,UNG_030::spell_restores_five_to_friendly_minion_and_hero,Binding Heal restores 5 Health to the selected friendly minion and its caster's hero.,friendly_minion=5/5;own_hero=25;spell=GRAVEYARD,pass,batch=ungoro_a; 己方受伤随从及英雄均缺5点以上生命，逐项断言治疗上限和区域。; EN=Restore #5 Health to a minion and your hero.; ZH=为你的英雄和一个随从恢复#5点生命值。; source=fireplace/cards/ungoro/priest.py:127; existing_tests=none; prior=YELLOW:2 个机制缺少充分的核心效果验证；逐机制依据见 card_mechanism.csv。
UNG_030,UNG_030::spell_can_heal_enemy_minion_and_own_hero,"Binding Heal may target an enemy minion; it heals that minion and the caster's hero, not the enemy hero.",enemy_minion=5/5;own_hero=25;enemy_hero=20;spell=GRAVEYARD,pass,batch=ungoro_a; 敌方随从作为目标，分别断言目标、施法者英雄和对手英雄生命变化。; EN=Restore #5 Health to a minion and your hero.; ZH=为你的英雄和一个随从恢复#5点生命值。; source=fireplace/cards/ungoro/priest.py:127; existing_tests=none; prior=YELLOW:2 个机制缺少充分的核心效果验证；逐机制依据见 card_mechanism.csv。
UNG_032,UNG_032::deathrattle_copies_one_enemy_deck_card_to_hand,"Across fixed seeds, death copies one card from the opponent's known two-card deck into hand without removing either original.","copies=3232:CS2_029;3233:CS2_029;3234:CS2_231;3235:CS2_231;3236:CS2_029;3237:CS2_231;3238:CS2_029;3239:CS2_029;3240:CS2_029;3241:CS2_231;3242:CS2_231;3243:CS2_231;3244:CS2_231;3245:CS2_029;3246:CS2_231;3247:CS2_231;distinct=['CS2_029', 'CS2_231'];enemy_originals_preserved=True",pass,batch=ungoro_a; 清空默认牌库，仅放两张已知敌方卡并跨种子触发亡语；检查来源、复制区域、原牌保留和随机多样性。; EN=[x]Deathrattle: Copy a card from your opponent's deck  and add it to your hand.; ZH=亡语：复制你对手的牌库中的一张牌，并将其置入你的手牌。; source=fireplace/cards/ungoro/priest.py:24; existing_tests=none; prior=YELLOW:1 个机制缺少充分的核心效果验证；逐机制依据见 card_mechanism.csv。
UNG_034,UNG_034::aura_reduces_only_owner_spell_costs_and_stacks,"Each Radiant Elemental reduces its controller's hand spell costs by 1, never below 0; reductions stack and disappear when the source leaves play.",fireball_cost=4->3->2->3->4;moonfire=0;opponent_fireball=4;auras_removed=True,pass,batch=ungoro_a; 同时检查高费、零费法术、对手手牌、双光照叠加及两个来源离场后的费用恢复。; EN=Your spells cost (1) less.; ZH=你的法术的法力值消耗减少（1）点。; source=fireplace/cards/ungoro/priest.py:30; existing_tests=none; prior=YELLOW:3 个机制缺少充分的核心效果验证；逐机制依据见 card_mechanism.csv。
UNG_035,UNG_035::battlecry_correct_guess_copies_opponent_starting_deck_card,One of three cards is from the opponent's starting deck; choosing it adds that card to hand and closes the choice.,"options=['EX1_623', 'CFM_604', 'LOOT_534'];correct=CFM_604;hand_delta=1;choice=None",pass,batch=ungoro_a; 使用真实起始套牌检验候选来源并选择正确答案，确认复制进入手牌。; EN=[x]Battlecry: Look at 3 cards. Guess which one started in your opponent's deck to get a copy of it.; ZH=战吼：检视三张卡牌。猜中来自你对手套牌中的卡牌，则获得该牌的一张复制。; source=fireplace/cards/ungoro/priest.py:36; existing_tests=tests/test_ungoro.py:36:test_curious_glimmerroot | tests/test_ungoro.py:50:test_curious_glimmerroot; prior=YELLOW:2 个机制缺少充分的核心效果验证；逐机制依据见 card_mechanism.csv。
UNG_035,UNG_035::battlecry_wrong_guess_gives_no_copy,Choosing either non-starting-deck option does not add a card to hand.,wrong=GVG_003;actual_starting=AT_003;hand_delta=0;choice=None,pass,batch=ungoro_a; 新对局选择错误选项，断言没有卡牌加入手牌且 Choice 关闭。; EN=[x]Battlecry: Look at 3 cards. Guess which one started in your opponent's deck to get a copy of it.; ZH=战吼：检视三张卡牌。猜中来自你对手套牌中的卡牌，则获得该牌的一张复制。; source=fireplace/cards/ungoro/priest.py:36; existing_tests=tests/test_ungoro.py:36:test_curious_glimmerroot | tests/test_ungoro.py:50:test_curious_glimmerroot; prior=YELLOW:2 个机制缺少充分的核心效果验证；逐机制依据见 card_mechanism.csv。
UNG_047,UNG_047::battlecry_destroys_selected_friendly_minion_and_adapts_twice,Selecting a friendly minion destroys it and produces two sequential Adapt choices for Ravenous Pterrordax.,"victim=GRAVEYARD;adapt_choices=['UNG_999t2', 'UNG_999t14'];buffs=['UNG_999t2e', 'UNG_999t14e'];field=['UNG_047']",pass,batch=ungoro_a; 实际牺牲一个己方随从，断言其进墓地、本体保留并完成两次进化。; EN=Battlecry: Destroy a friendly minion to Adapt twice.; ZH=战吼： 消灭一个友方随从，并连续进化两次。; source=fireplace/cards/ungoro/warlock.py:8; existing_tests=none; prior=YELLOW:2 个机制缺少充分的核心效果验证；逐机制依据见 card_mechanism.csv。
UNG_047,UNG_047::battlecry_without_friendly_target_does_not_adapt,"Without another friendly minion, the optional target may be skipped and no Adapt is granted.",beast=PLAY;field=['UNG_047'];choice=None,pass,batch=ungoro_a; 无可牺牲随从分支检查可跳过目标以及不触发进化。; EN=Battlecry: Destroy a friendly minion to Adapt twice.; ZH=战吼： 消灭一个友方随从，并连续进化两次。; source=fireplace/cards/ungoro/warlock.py:8; existing_tests=none; prior=YELLOW:2 个机制缺少充分的核心效果验证；逐机制依据见 card_mechanism.csv。
UNG_049,UNG_049::continuous_effect_adds_three_attack_only_during_opponent_turn,"Tar Lurker is a Taunt; its Attack is 1 on its controller's turn, 4 on the opponent's turn, then returns to 1.",own_turn_attack=1;opponent_turn_attack=4;returned_attack=1;taunt=1,pass,batch=ungoro_a; 逐次切换回合核对攻击光环开启/关闭及嘲讽持续状态。; EN=Taunt Has +3 Attack during your opponent's turn.; ZH=嘲讽 在你对手的回合获得+3攻击力。; source=fireplace/cards/ungoro/warlock.py:19; existing_tests=none; prior=YELLOW:2 个机制缺少充分的核心效果验证；逐机制依据见 card_mechanism.csv。
UNG_057,UNG_057::spell_adds_two_razorpetals_and_one_deals_one_damage,Volley adds exactly two 1-cost Razorpetals; casting one deals 1 damage to the chosen target and leaves the other in hand.,volley=GRAVEYARD;petals_before=2;cast_target=4/5;cast=GRAVEYARD;remaining_petals=1,pass,batch=ungoro_a; 核对生成数量及费用，再实际施放一张刀瓣验证伤害、区域和剩余手牌。; EN=Add two Razorpetals to your hand that deal 1 damage.; ZH=将两张可造成1点伤害的“刀瓣”置入你的手牌。; source=fireplace/cards/ungoro/rogue.py:57; existing_tests=none; prior=YELLOW:1 个机制缺少充分的核心效果验证；逐机制依据见 card_mechanism.csv。
UNG_058,UNG_058::battlecry_adds_one_razorpetal_that_deals_one_damage,"Battlecry adds one Razorpetal to hand, and that generated spell deals exactly 1 damage to its target.",lasher=PLAY;petal=UNG_057t1/GRAVEYARD;target=4/5,pass,batch=ungoro_a; 实战执行战吼与生成法术，逐项检查手牌、费用、目标生命和区域。; EN=[x]Battlecry: Add a Razorpetal to your hand that deals 1 damage.; ZH=战吼：将一张可造成1点伤害的“刀瓣”置入你的手牌。; source=fireplace/cards/ungoro/rogue.py:10; existing_tests=none; prior=YELLOW:1 个机制缺少充分的核心效果验证；逐机制依据见 card_mechanism.csv。
UNG_060,UNG_060::spell_draws_card_and_adds_distinct_copy,"With one known card in deck, Mimic Pod draws it and adds a distinct second copy to hand without drawing a second deck card.","original_and_copy=[('CS2_231', 'HAND', True), ('CS2_231', 'HAND', False)];deck_size=0;spell=GRAVEYARD",pass,"batch=ungoro_a; 单牌库中放入已知随从，断言抽到原牌及另一张独立复制、牌库耗尽。; EN=Draw a card, then add a copy of it to your hand.; ZH=抽一张牌，然后将一张它的复制置入你的手牌。; source=fireplace/cards/ungoro/rogue.py:70; existing_tests=none; prior=YELLOW:2 个机制缺少充分的核心效果验证；逐机制依据见 card_mechanism.csv。"
UNG_060,UNG_060::spell_empty_deck_has_no_card_to_copy,"With an empty deck and fatigue enabled, the attempted draw causes one fatigue damage, and no copy enters hand.","spell=GRAVEYARD;hand=[];deck=[];fatigue_disabled=False;hero_and_fatigue=(30, 0)->(29, 1)",pass,"batch=ungoro_a; 开启真实疲劳，检查空牌库边界仅疲劳一次、英雄掉1血、没有错误复制或额外牌张。; EN=Draw a card, then add a copy of it to your hand.; ZH=抽一张牌，然后将一张它的复制置入你的手牌。; source=fireplace/cards/ungoro/rogue.py:70; existing_tests=none; prior=YELLOW:2 个机制缺少充分的核心效果验证；逐机制依据见 card_mechanism.csv。"
UNG_061,UNG_061::weapon_cost_reduced_per_other_class_card_played,"Obsidian Shard costs 1 less for each other-class card played, does not reduce for Rogue cards, and equips with the reduced cost.",base=4;after_other_class_1=3;after_other_class_2=2;after_own_class=2;equip_mana_delta=2;weapon=UNG_061/3/3;runtime_cost_after_equip=4,pass,batch=ungoro_a; 以两张不同职业法术和一张本职业法术逐步检查费用，再实际装备武器。; EN=[x]Costs (1) less for each card you've played from another class.; ZH=每使用一张 其他职业的卡牌，该牌的法力值消耗便减少（1）点。; source=fireplace/cards/ungoro/rogue.py:134; existing_tests=none; prior=YELLOW:2 个机制缺少充分的核心效果验证；逐机制依据见 card_mechanism.csv。
UNG_063,UNG_063::combo_attack_health_scale_with_prior_cards,"Biteweed stays 3/2 with no earlier cards, becomes 4/3 after one, and 5/4 after two cards played earlier that turn.",prior_cards=0:1/1;prior_cards=1:2/2;prior_cards=2:3/3,pass,batch=ungoro_a; 分别以零、一、两张先行卡验证连击计数不包含自身并逐张+1/+1。; EN=Combo: Gain +1/+1 for each other card you've played this turn.; ZH=连击：在本回合中，你每使用一张其他牌，便获得+1/+1。; source=fireplace/cards/ungoro/rogue.py:16; existing_tests=none; prior=YELLOW:1 个机制缺少充分的核心效果验证；逐机制依据见 card_mechanism.csv。
UNG_064,UNG_064::combo_only_destroys_target_after_prior_card,"Without Combo the Slayer can be played without removing a minion; after a prior card, its chosen minion is destroyed.","no_combo_target_survives=PLAY;combo_target=GRAVEYARD;slayers=['UNG_064', 'UNG_064']",pass,batch=ungoro_a; 同一局面先检查无连击无目标效果，再打出硬币激活连击并指定另一敌方随从。; EN=Combo: Destroy a minion.; ZH=连击： 消灭一个随从。; source=fireplace/cards/ungoro/rogue.py:25; existing_tests=none; prior=YELLOW:2 个机制缺少充分的核心效果验证；逐机制依据见 card_mechanism.csv。
UNG_065,UNG_065::deathrattle_dormant_resets_each_turn_and_revives_after_four_plays,"On death Sherazin becomes Dormant; three plays do not revive it, progress clears across turns, and four plays in one turn revive a 5/3 Sherazin.",dead_instance=GRAVEYARD;dormant_progress_after3=3;after_turn_reset=0;dormant_progress_before4=3;revived=UNG_065/5/3/PLAY;dormant_final=SETASIDE,pass,batch=ungoro_a; 实际触发亡语，分别检查休眠区域、三牌阈值、跨回合计数清零及同回合四牌复苏。; EN=Deathrattle: Go Dormant. Play 4 cards in a turn to revive this minion.; ZH=亡语：进入休眠状态。在一回合中使用四张牌可唤醒该随从。; source=fireplace/cards/ungoro/rogue.py:35; existing_tests=tests/test_ungoro.py:59:test_sherazin_corpse_flower | tests/test_ungoro.py:64:test_sherazin_corpse_flower | tests/test_ungoro.py:69:test_sherazin_corpse_flower | tests/test_ungoro.py:85:test_sherazin_seed | tests/test_ungoro.py:76:test_sherazin_seed; prior=YELLOW:2 个机制缺少充分的核心效果验证；逐机制依据见 card_mechanism.csv。
UNG_067,UNG_067::quest_requires_five_same_name_minions_and_core_buffs_every_zone,"Five played Wisps complete the quest while a differently named minion does not count; Crystal Core sets friendly minions in play, hand, and deck to 4/4.","quest_progress=5;different_name_not_counted=True;reward=GRAVEYARD;board=[(4, 4), (4, 4), (4, 4), (4, 4), (4, 4)];hand_wisp=4/4;deck_wisp=4/4",pass,batch=ungoro_a; 逐步检查任务进度区分名称，并验证奖励对场上、手牌和牌库随从的状态刷新。; EN=[x]Quest: Play five minions with the same name. Reward: Crystal Core.; ZH=任务：使用五张名称相同的随从牌。 奖励：水晶核心。; source=fireplace/cards/ungoro/rogue.py:79; existing_tests=tests/test_ungoro.py:233:test_rogue_quest; prior=YELLOW:2 个机制缺少充分的核心效果验证；逐机制依据见 card_mechanism.csv。
UNG_070,UNG_070::battlecry_gains_taunt_and_shield_after_previous_turn_elemental,An Elemental played on the previous turn gives Tol'vir Stoneshaper Taunt and Divine Shield.,last_turn_elemental=UNG_809;stoneshaper=3/5;taunt=True;shield=True,pass,"batch=ungoro_a; 真实跨回合打出元素，再逐项验证战吼获得嘲讽和圣盾。; EN=[x]Battlecry: If you played an Elemental last turn, gain  Taunt and Divine Shield.; ZH=战吼：如果你在上个回合使用过元素牌，则获得嘲讽和圣盾。; source=fireplace/cards/ungoro/neutral_rare.py:14; existing_tests=none; prior=YELLOW:1 个机制缺少充分的核心效果验证；逐机制依据见 card_mechanism.csv。"
UNG_070,UNG_070::battlecry_ignores_elemental_played_this_turn,An Elemental played only this turn does not grant either keyword.,same_turn_elemental=UNG_809;taunt=False;shield=False,pass,"batch=ungoro_a; 本回合元素分支检查不误认作上回合触发条件。; EN=[x]Battlecry: If you played an Elemental last turn, gain  Taunt and Divine Shield.; ZH=战吼：如果你在上个回合使用过元素牌，则获得嘲讽和圣盾。; source=fireplace/cards/ungoro/neutral_rare.py:14; existing_tests=none; prior=YELLOW:1 个机制缺少充分的核心效果验证；逐机制依据见 card_mechanism.csv。"
UNG_071,UNG_071::taunt_blocks_face_and_can_be_attacked_in_combat,Giant Mastodon's Taunt blocks a Charge minion from attacking the hero; it can instead attack Mastodon and deal combat damage.,mastodon=6/8/10;taunt=1;face_blocked=True;attacker=GRAVEYARD,pass,batch=ungoro_a; 敌方冲锋随从实际尝试攻击英雄被嘲讽阻挡，再改为攻击乳齿象。; EN=Taunt; ZH=嘲讽; source=fireplace/cards/CardDefs.xml#UNG_071; existing_tests=none; prior=YELLOW:1 个机制缺少充分的核心效果验证；逐机制依据见 card_mechanism.csv。
UNG_072,UNG_072::battlecry_discovers_only_taunt_minions_and_adds_choice,Stonehill Defender's Discover offers three distinct Taunt minions; choosing one adds it to hand and closes Choice.,"options=[('DAL_551', 1), ('EX1_390', 1), ('GIL_120', 1)];selected=EX1_390;hand=['EX1_390'];defender_taunt=1",pass,batch=ungoro_a; 检验三个候选的类型/嘲讽/多样性，实际选择并核对手牌和本体嘲讽。; EN=Taunt Battlecry: Discover a Taunt minion.; ZH=嘲讽，战吼： 发现一张具有嘲讽的随从牌。; source=fireplace/cards/ungoro/neutral_rare.py:23; existing_tests=none; prior=YELLOW:4 个机制缺少充分的核心效果验证；逐机制依据见 card_mechanism.csv。
UNG_073,UNG_073::battlecry_gives_one_one_only_to_friendly_murloc,A selected friendly Murloc gains exactly +1/+1; enemy Murlocs and friendly non-Murlocs remain unchanged.,friendly_murloc=2/2;enemy_murloc=1/1;friendly_nonmurloc=1/1,pass,batch=ungoro_a; 同场布置敌我鱼人及己方非鱼人，针对己方鱼人施放并检查目标限制。; EN=Battlecry: Give a friendly Murloc +1/+1.; ZH=战吼：使一个友方鱼人获得+1/+1。; source=fireplace/cards/ungoro/neutral_common.py:26; existing_tests=none; prior=YELLOW:2 个机制缺少充分的核心效果验证；逐机制依据见 card_mechanism.csv。
UNG_075,UNG_075::after_attack_hero_offers_adapt,"After Vicious Fledgling attacks an enemy hero, that hero takes combat damage and the minion offers one Adapt.",hero_health=30->27;adapt=UNG_999t2;buffs=['UNG_999t2e'],pass,"batch=ungoro_a; 等到下一回合真实攻击敌方英雄，检查攻击伤害与进化 Choice。; EN=After this minion attacks a hero, Adapt.; ZH=在该随从攻击一方英雄后，获得进化。; source=fireplace/cards/ungoro/neutral_rare.py:29; existing_tests=none; prior=YELLOW:1 个机制缺少充分的核心效果验证；逐机制依据见 card_mechanism.csv。"
UNG_075,UNG_075::after_attack_minion_does_not_offer_adapt,Attacking an enemy minion deals combat damage but does not trigger this hero-only Adapt effect.,attacked_minion_health=5->2;choice=None;buffs=[],pass,"batch=ungoro_a; 用同样的随从攻击敌方随从，验证文本限制为攻击英雄。; EN=After this minion attacks a hero, Adapt.; ZH=在该随从攻击一方英雄后，获得进化。; source=fireplace/cards/ungoro/neutral_rare.py:29; existing_tests=none; prior=YELLOW:1 个机制缺少充分的核心效果验证；逐机制依据见 card_mechanism.csv。"
UNG_076,UNG_076::deathrattle_summons_two_one_one_raptors,Eggnapper's Deathrattle leaves it in the graveyard and summons exactly two 1/1 Raptors.,"source=GRAVEYARD;raptors=[('UNG_076t1', 1, 1, 'PLAY'), ('UNG_076t1', 1, 1, 'PLAY')]",pass,batch=ungoro_a; 实际死亡后断言亡语令牌数量、身材和区域。; EN=Deathrattle: Summon two 1/1 Raptors.; ZH=亡语：召唤两个1/1的迅猛龙。; source=fireplace/cards/ungoro/neutral_common.py:41; existing_tests=none; prior=YELLOW:2 个机制缺少充分的核心效果验证；逐机制依据见 card_mechanism.csv。
UNG_076,UNG_076::deathrattle_respects_available_board_slots,"With five other minions, the Deathrattle uses the two slots freed/available after source death and ends at seven minions.",source=GRAVEYARD;existing=5;tokens=2;field=7,pass,batch=ungoro_a; 设置五个其他随从加本体，确认死亡处理后只占用两个空位而不超场。; EN=Deathrattle: Summon two 1/1 Raptors.; ZH=亡语：召唤两个1/1的迅猛龙。; source=fireplace/cards/ungoro/neutral_common.py:41; existing_tests=none; prior=YELLOW:2 个机制缺少充分的核心效果验证；逐机制依据见 card_mechanism.csv。
UNG_078,UNG_078::battlecry_adds_random_minion_with_at_least_five_attack,"Across fixed seeds, Forager adds exactly one minion with at least 5 Attack to hand; it does not alter a deck or summon it.","random_eligible_cards=7878:ULD_709/6;7879:LOE_012/5;7880:NEW1_008/5;7881:TRL_260/7;7882:DRG_109/8;7883:DAL_582/5;7884:AT_067/5;7885:ULD_435/5;7886:GVG_004/5;7887:EX1_543/8;7888:CFM_312/5;7889:EX1_577/9;7890:DRG_079/5;7891:BRM_024/6;7892:GVG_083/5;7893:UNG_852/12;distinct=['AT_067', 'BRM_024', 'CFM_312', 'DAL_582', 'DRG_079', 'DRG_109', 'EX1_543', 'EX1_577', 'GVG_004', 'GVG_083', 'LOE_012', 'NEW1_008', 'TRL_260', 'ULD_435', 'ULD_709', 'UNG_852']",pass,batch=ungoro_a; 固定种子实际触发随机战吼，逐次断言随从类型、攻击门槛、手牌区域和至少两种候选。; EN=Battlecry: Add a random minion with 5 or more Attack to your hand.; ZH=战吼：随机将一张攻击力大于或等于5的随从牌置入你的手牌。; source=fireplace/cards/ungoro/druid.py:8; existing_tests=none; prior=YELLOW:2 个机制缺少充分的核心效果验证；逐机制依据见 card_mechanism.csv。
UNG_079,UNG_079::after_attack_freezes_self_until_its_next_turn_expires,"After attacking, Frozen Crusher freezes itself; it cannot attack during its next turn, then can attack after that turn ends.",after_attack_frozen=True;next_owner_turn_cannot_attack=True;following_turn_frozen=False;can_attack=True,pass,"batch=ungoro_a; 对敌方高生命随从真实攻击，逐回合检查自我冻结、阻止攻击和解冻后可攻击。; EN=After this minion attacks, Freeze it.; ZH=在该随从攻击后，会自我冻结。; source=fireplace/cards/ungoro/neutral_rare.py:35; existing_tests=none; prior=YELLOW:1 个机制缺少充分的核心效果验证；逐机制依据见 card_mechanism.csv。"
UNG_082,UNG_082::battlecry_adapts_if_elemental_played_last_turn,A previous-turn Elemental causes Thunder Lizard to offer and apply one Adapt.,elemental_last_turn=UNG_809;adapt=UNG_999t2;buffs=['UNG_999t2e'],pass,"batch=ungoro_a; 真实跨回合打出元素后检查战吼 Choice 与单次进化。; EN=Battlecry: If you played an Elemental last turn, Adapt.; ZH=战吼：如果你在上个回合使用过元素牌，则获得进化。; source=fireplace/cards/ungoro/neutral_common.py:47; existing_tests=none; prior=YELLOW:1 个机制缺少充分的核心效果验证；逐机制依据见 card_mechanism.csv。"
UNG_082,UNG_082::battlecry_without_last_turn_elemental_has_no_adapt,"Without an Elemental played on the prior turn, Thunder Lizard offers no Adapt.",elemental_last_turn=False;choice=None;buffs=[],pass,"batch=ungoro_a; 无条件分支检查不出现 Choice 或错误增益。; EN=Battlecry: If you played an Elemental last turn, Adapt.; ZH=战吼：如果你在上个回合使用过元素牌，则获得进化。; source=fireplace/cards/ungoro/neutral_common.py:47; existing_tests=none; prior=YELLOW:1 个机制缺少充分的核心效果验证；逐机制依据见 card_mechanism.csv。"
UNG_083,UNG_083::deathrattle_summons_five_five_devilsaur,"When Devilsaur Egg dies, it enters the graveyard and summons exactly one 5/5 Devilsaur.",egg=GRAVEYARD;devilsaur=UNG_083t1/5/5/PLAY,pass,batch=ungoro_a; 实际消灭蛋，断言亡语发生、随从 ID、身材和所在区域。; EN=Deathrattle: Summon a 5/5 Devilsaur.; ZH=亡语：召唤一个5/5的魔暴龙。; source=fireplace/cards/ungoro/neutral_rare.py:41; existing_tests=none; prior=YELLOW:2 个机制缺少充分的核心效果验证；逐机制依据见 card_mechanism.csv。
UNG_084,UNG_084::battlecry_deals_two_to_selected_minion_or_hero,Fire Plume Phoenix can deal 2 damage to an enemy minion or hero while both Phoenixes remain in play.,"minion_target=3/5;hero_target=20->18;phoenixes=['PLAY', 'PLAY']",pass,batch=ungoro_a; 分别指定敌方随从和英雄，核对两点伤害且不误伤其他目标。; EN=Battlecry: Deal 2 damage.; ZH=战吼：造成2点伤害。; source=fireplace/cards/ungoro/neutral_common.py:53; existing_tests=none; prior=YELLOW:2 个机制缺少充分的核心效果验证；逐机制依据见 card_mechanism.csv。
UNG_085,UNG_085::aura_adds_two_to_owner_minions_and_reverts_when_removed,"Emerald Hive Queen adds 2 cost to minions in its controller's hand, charges that amount when one is played, leaves opponent costs unchanged, and restores costs after leaving play.",while_aura=yeti6/wisp2/enemy_yeti4;played_wisp_mana_delta=2;after_source_death=yeti4/wisp0/enemy_yeti4,pass,batch=ungoro_a; 检查已有手牌、零费和高费随从、对手牌费用、实际付费以及光环源死亡后的费用恢复。; EN=Your minions cost (2) more.; ZH=你的随从的法力值消耗增加（2）点。; source=fireplace/cards/ungoro/neutral_epic.py:8; existing_tests=none; prior=YELLOW:3 个机制缺少充分的核心效果验证；逐机制依据见 card_mechanism.csv。
UNG_086,UNG_086::deathrattle_randomly_summons_from_hand_only_minions_at_least_five_attack,"Across fixed seeds, Anaconda summons exactly one hand minion with at least 5 Attack, leaves lower-Attack minions in hand, and preserves the unsummoned eligible option.","summoned_across_seeds=8686:UNG_071/6;8687:UNG_087/8;8688:UNG_087/8;8689:UNG_087/8;8690:UNG_087/8;8691:UNG_087/8;8692:UNG_071/6;8693:UNG_071/6;8694:UNG_087/8;8695:UNG_087/8;8696:UNG_071/6;8697:UNG_071/6;8698:UNG_071/6;8699:UNG_087/8;8700:UNG_087/8;8701:UNG_087/8;distinct_eligible=['UNG_071', 'UNG_087'];low_attack_stayed_in_hand=True",pass,batch=ungoro_a; 每局放入两张合格及两张不合格手牌，触发亡语后检查资格筛选、随机选择、区域和多样性。; EN=Deathrattle: Summon a minion from your hand with 5 or more Attack.; ZH=亡语：从你手牌中召唤一个攻击力大于或等于5的随从。; source=fireplace/cards/ungoro/druid.py:14; existing_tests=none; prior=YELLOW:2 个机制缺少充分的核心效果验证；逐机制依据见 card_mechanism.csv。
UNG_087,UNG_087::trigger_deals_three_hero_damage_for_each_damage_event,Each of two separate 1-damage events to Hydra deals 3 damage to its controller's hero.,two_one_damage_events=2;hydra=6/8;hero=20->14,pass,"batch=ungoro_a; 连续两次非致死法术伤害，检查触发次数、随从伤害和英雄累计损失。; EN=Whenever this minion takes damage, deal 3 damage to your hero.; ZH=每当该随从受到伤害，对你的英雄造成 3点伤害。; source=fireplace/cards/ungoro/neutral_epic.py:14; existing_tests=none; prior=YELLOW:1 个机制缺少充分的核心效果验证；逐机制依据见 card_mechanism.csv。"
UNG_087,UNG_087::trigger_still_deals_hero_damage_on_lethal_hit,A lethal damage event still deals 3 damage to the Hydra controller's hero before/with death processing.,hydra=GRAVEYARD;hero=20->17;spell=GRAVEYARD,pass,"batch=ungoro_a; 将海德拉降至1点生命后造成致死伤害，核对亡语前的触发和墓地状态。; EN=Whenever this minion takes damage, deal 3 damage to your hero.; ZH=每当该随从受到伤害，对你的英雄造成 3点伤害。; source=fireplace/cards/ungoro/neutral_epic.py:14; existing_tests=none; prior=YELLOW:1 个机制缺少充分的核心效果验证；逐机制依据见 card_mechanism.csv。"
UNG_088,UNG_088::battlecry_discovers_spell_and_casts_chosen_card,"Discover presents three spells; after a real choice the selected spell is cast, is not added to hand, and the Primalist remains in play.","options=['CS2_032', 'CS2_026', 'LOOT_172'];selected=CS2_032;selected_zone=GRAVEYARD;choice=None;hero_health=30/30;field=[('UNG_088', 4)]",pass,batch=ungoro_b; 实选候选法术，断言 Choice 关闭、法术不进手牌而进入施放后的区域；记录结算状态。; EN=Battlecry: Discover a spell and cast it with random targets.; ZH=战吼： 发现一张法术牌，并向随机目标施放。; source=fireplace/cards/ungoro/neutral_epic.py:20; existing_tests=none; prior=YELLOW:3 个机制缺少充分的核心效果验证；逐机制依据见 card_mechanism.csv。
UNG_088,UNG_088::random_target_spell_resolves_against_a_legal_target,"When the real Discover includes Fireball, choosing it casts it at one of its legal random targets and resolves 6 damage; the selected spell is not kept in hand.","selected=CS2_029;legal_random_targets=['HERO_08', 'HERO_08', 'CS2_182', 'CS2_182', 'UNG_088'];actual_target=UNG_088/4;target_before=4;target_after=4/GRAVEYARD;spell=GRAVEYARD;choice=None",pass,batch=ungoro_b; 固定种子提供火球术候选；记录其合法目标集，实选后断言随机选中的目标实际承受6点伤害或死亡。; EN=Battlecry: Discover a spell and cast it with random targets.; ZH=战吼： 发现一张法术牌，并向随机目标施放。; source=fireplace/cards/ungoro/neutral_epic.py:20; existing_tests=none; prior=YELLOW:3 个机制缺少充分的核心效果验证；逐机制依据见 card_mechanism.csv。
UNG_088,UNG_088::selected_non_target_spell_resolves_its_hand_effect,"Choosing no-target Astral Rift resolves normally, adds two minions to hand, and closes the Discover without requiring a target.","selected=BOT_101;rift=GRAVEYARD;choice=None;added_minions=[('UNG_035', 'HAND'), ('DRG_109', 'HAND')];primalist=PLAY",pass,batch=ungoro_b; 同一固定候选池实选无目标的星界裂隙，核对法术施放区域、Choice关闭及新增两张随从手牌。; EN=Battlecry: Discover a spell and cast it with random targets.; ZH=战吼： 发现一张法术牌，并向随机目标施放。; source=fireplace/cards/ungoro/neutral_epic.py:20; existing_tests=none; prior=YELLOW:3 个机制缺少充分的核心效果验证；逐机制依据见 card_mechanism.csv。
UNG_088,UNG_088::selected_secret_spell_enters_secret_zone_and_triggers,"Choosing Explosive Runes leaves it as an armed Secret; the opponent's 1/1 minion triggers it, dies, and its hero takes the 5 excess damage.","secret_after_cast=SECRET;after_opponent_minion_play=secret:GRAVEYARD,wisp:GRAVEYARD,enemy_hero=25",pass,batch=ungoro_b; 实选爆炸符文并核对其进入秘密区域；轮到对手打出1/1随从后，检查秘密消耗、随从死亡和溢出伤害。; EN=Battlecry: Discover a spell and cast it with random targets.; ZH=战吼： 发现一张法术牌，并向随机目标施放。; source=fireplace/cards/ungoro/neutral_epic.py:20; existing_tests=none; prior=YELLOW:3 个机制缺少充分的核心效果验证；逐机制依据见 card_mechanism.csv。
UNG_089,UNG_089::one_adapt_choice_applies_to_all_friendly_murlocs_only,One shared Adapt choice is applied to both friendly Murlocs; friendly non-Murlocs and enemy Murlocs are unaffected.,one shared Adapt choice UNG_999t7 should affect both friendly Murlocs; m1=[];m2=['UNG_999t7e'],confirmed_error,batch=ungoro_b; 同局面加入两个己方鱼人、一个己方非鱼人和一个敌方鱼人，实际只选一次 Adapt，再检查共享效果和目标范围。; EN=Battlecry: Adapt your Murlocs.; ZH=战吼：进化你所有的鱼人。; source=fireplace/cards/ungoro/neutral_epic.py:26; existing_tests=none; prior=YELLOW:1 个机制缺少充分的核心效果验证；逐机制依据见 card_mechanism.csv。
UNG_099,UNG_099::charge_restricts_hero_attack_but_allows_minion_attack,"Charged Devilsaur cannot attack a hero this turn, but can attack and kill an enemy minion.",face_health=30;minion_target=GRAVEYARD;devil=7/3;remaining_attacks=False,pass,batch=ungoro_b; 先尝试攻击敌方英雄并核对失败不消耗攻击，再攻击敌方随从并检查战斗结果。; EN=Charge Battlecry: Can't attack heroes this turn.; ZH=冲锋，战吼：在本回合中无法攻击英雄。; source=fireplace/cards/ungoro/neutral_epic.py:32; existing_tests=none; prior=YELLOW:2 个机制缺少充分的核心效果验证；逐机制依据见 card_mechanism.csv。
UNG_100,UNG_100::battlecry_adapts_once_and_applies_choice,"Battlecry presents an Adapt choice, applies exactly one selected buff, and leaves no pending choice.",selected=UNG_999t6;buffs=['UNG_999t6e'];stats=5/4;zone=PLAY,pass,batch=ungoro_b; 实际选择一个 Adapt 选项，断言只增加一项增益并关闭 Choice。; EN=Battlecry: Adapt.; ZH=战吼：进化。; source=fireplace/cards/ungoro/druid.py:20; existing_tests=none; prior=YELLOW:1 个机制缺少充分的核心效果验证；逐机制依据见 card_mechanism.csv。
UNG_101,UNG_101::choose_one_transforms_into_stealth_five_three,Choosing the first option transforms Shellshifter into a 5/3 with Stealth.,choice=UNG_101a;result=UNG_101t/5/3;stealth=1;taunt=False;original=SETASIDE,pass,batch=ungoro_b; 实际选择潜行分支，核对变形后的身材、关键词和场上区域。; EN=[x]Choose One - Transform into a 5/3 with Stealth; or a 3/5 with Taunt.; ZH=抉择：将该随从变形成为5/3并具有潜行；或者将该随从变形成为3/5并具有嘲讽。; source=fireplace/cards/ungoro/druid.py:26; existing_tests=none; prior=YELLOW:2 个机制缺少充分的核心效果验证；逐机制依据见 card_mechanism.csv。
UNG_101,UNG_101::choose_one_transforms_into_taunt_three_five,Choosing the second option transforms Shellshifter into a 3/5 with Taunt.,choice=UNG_101b;result=UNG_101t2/3/5;taunt=1;stealth=False;original=SETASIDE,pass,batch=ungoro_b; 实际选择嘲讽分支，核对变形后的身材、关键词和场上区域。; EN=[x]Choose One - Transform into a 5/3 with Stealth; or a 3/5 with Taunt.; ZH=抉择：将该随从变形成为5/3并具有潜行；或者将该随从变形成为3/5并具有嘲讽。; source=fireplace/cards/ungoro/druid.py:26; existing_tests=none; prior=YELLOW:2 个机制缺少充分的核心效果验证；逐机制依据见 card_mechanism.csv。
UNG_103,UNG_103::one_adapt_choice_applies_to_all_friendly_minions_only,One shared Adapt choice is applied to every friendly minion; enemy minions are unaffected and the spell resolves.,one shared Adapt choice UNG_999t10 should affect both friendly minions; first=[];second=['UNG_999t10e'],confirmed_error,batch=ungoro_b; 己方两只随从加一只敌方随从，实际选择一次 Adapt，检查同一效果施于己方二者、不施于敌方及法术区域。; EN=Adapt your minions.; ZH=进化你所有的随从。; source=fireplace/cards/ungoro/druid.py:51; existing_tests=none; prior=YELLOW:1 个机制缺少充分的核心效果验证；逐机制依据见 card_mechanism.csv。
UNG_108,UNG_108::spell_buffs_friendly_minion_then_gains_new_attack_as_armor,"Friendly target gains +1/+1 first, then its new Attack value is gained as hero Armor.",friendly=2/2/2;armor_delta=2;enemy=4/5;spell=GRAVEYARD,pass,"batch=ungoro_b; 对1/1己方随从施法，明确断言变为2/2后获得2点护甲，并核对敌方随从未变。; EN=Give a friendly minion +1/+1, then gain Armor equal to its Attack.; ZH=使一个友方随从获得+1/+1，然后获得等同于其攻击力的 护甲值。; source=fireplace/cards/ungoro/druid.py:57; existing_tests=none; prior=YELLOW:2 个机制缺少充分的核心效果验证；逐机制依据见 card_mechanism.csv。"
UNG_109,UNG_109::battlecry_adapts_with_hand_minion_at_five_attack,A 5-Attack minion in hand meets the printed condition and Longneck adapts.,high_hand=UNG_086/5;adapt=UNG_999t3;longneck=8/1;buffs=['UNG_999t3e'],pass,"batch=ungoro_b; 手牌放入5攻随从后实际选择 Adapt，核对核心正向分支。; EN=Battlecry: If you're holding a minion with 5 or more Attack, Adapt.; ZH=战吼： 如果你的手牌中有攻击力大于或等于5的随从牌，便获得进化。; source=fireplace/cards/ungoro/druid.py:41; existing_tests=none; prior=YELLOW:1 个机制缺少充分的核心效果验证；逐机制依据见 card_mechanism.csv。"
UNG_109,UNG_109::battlecry_does_not_adapt_without_five_attack_in_hand,"With only a 1-Attack hand minion, Longneck should not offer Adapt.",no hand minion has 5 Attack (only CS2_231/1);unexpected_adapt_target=UNG_109,confirmed_error,"batch=ungoro_b; 仅将1攻随从留在手牌后打出，检查阈值负例；记录意外触发目标。; EN=Battlecry: If you're holding a minion with 5 or more Attack, Adapt.; ZH=战吼： 如果你的手牌中有攻击力大于或等于5的随从牌，便获得进化。; source=fireplace/cards/ungoro/druid.py:41; existing_tests=none; prior=YELLOW:1 个机制缺少充分的核心效果验证；逐机制依据见 card_mechanism.csv。"
UNG_111,UNG_111::spell_converts_crystals_and_token_death_restores_one,"With 8 crystals and available board space, Living Mana creates 2/2 Treants by converting crystals; a Treant's death restores one crystal.",played=GRAVEYARD;treants_before=7;crystals_after=2;available_mana=1;dead_token=GRAVEYARD;restored_crystals=2,pass,batch=ungoro_b; 8水晶下实际施法，检查令牌数/身材、余水晶，再杀死一只确认亡语恢复1水晶。; EN=Transform your Mana Crystals into 2/2 Treants. Recover the mana when they die.; ZH=将你所有的法力水晶变成2/2的树人，当它们死亡时恢复你的法力值。; source=fireplace/cards/ungoro/druid.py:71; existing_tests=tests/test_ungoro.py:135:test_living_mana | tests/test_ungoro.py:145:test_living_mana; prior=YELLOW:4 个机制缺少充分的核心效果验证；逐机制依据见 card_mechanism.csv。
UNG_111,UNG_111::spell_on_ordinary_full_board_preserves_crystals,"When all seven spaces are occupied by ordinary minions, no Treant can be summoned and unconverted crystals remain.",existing_minions=7;field=7;spell=GRAVEYARD;max_mana=8;mana=3;treants=0,pass,batch=ungoro_b; 普通随从满场实际施法，对照满场保护分支下法力水晶状态。; EN=Transform your Mana Crystals into 2/2 Treants. Recover the mana when they die.; ZH=将你所有的法力水晶变成2/2的树人，当它们死亡时恢复你的法力值。; source=fireplace/cards/ungoro/druid.py:71; existing_tests=tests/test_ungoro.py:135:test_living_mana | tests/test_ungoro.py:145:test_living_mana; prior=YELLOW:4 个机制缺少充分的核心效果验证；逐机制依据见 card_mechanism.csv。
UNG_111,UNG_111::spell_on_dormant_full_board_matches_full_board_behavior,A Dormant minion occupies one of the seven spaces; an otherwise full board must not consume crystals without summoning Treants.,"ordinary_full_control=(mana=3,max_mana=8,treants=0,board=7); dormant_full_actual=(mana=0,max_mana=0,treants=0,board=7)",confirmed_error,batch=ungoro_b; 六个普通随从加一个休眠随从组成七格满场，检查是否仍扣除水晶却无法召唤。; EN=Transform your Mana Crystals into 2/2 Treants. Recover the mana when they die.; ZH=将你所有的法力水晶变成2/2的树人，当它们死亡时恢复你的法力值。; source=fireplace/cards/ungoro/druid.py:71; existing_tests=tests/test_ungoro.py:135:test_living_mana | tests/test_ungoro.py:145:test_living_mana; prior=YELLOW:4 个机制缺少充分的核心效果验证；逐机制依据见 card_mechanism.csv。
UNG_113,UNG_113::battlecry_draws_and_sets_drawn_card_cost_to_five,Scout draws the known deck card and sets its hand cost to 5.,drawn=CS2_231;cost_before=0;cost_after=5;zone=HAND;deck=0;scout=PLAY,pass,batch=ungoro_b; 空手加单张已知牌库随从，实际战吼后核对抽牌身份、区域、费用及牌库数量。; EN=Battlecry: Draw a card. Change its Cost to (5).; ZH=战吼：抽一张牌，使其法力值消耗变为（5）点。; source=fireplace/cards/ungoro/neutral_epic.py:48; existing_tests=none; prior=YELLOW:2 个机制缺少充分的核心效果验证；逐机制依据见 card_mechanism.csv。
UNG_116,UNG_116::quest_requires_five_attack_summons_and_barnabus_sets_deck_minions_free,"Four eligible summons plus one 4-Attack nonqualifier do not finish; the fifth >=5 Attack summon completes the quest, and Barnabus makes a deck minion cost 0.",progress=5;below_threshold=4;reward=PLAY;deck_minion_cost=0;deck_size=1,pass,batch=ungoro_b; 用召唤而非仅打出测试阈值；4攻不计数，第5个5攻完成任务，再实际打出班纳布斯检查牌库随从费用。; EN=[x]Quest: Summon 5 minions with 5 or more Attack. Reward: Barnabus.; ZH=任务：召唤5个攻击力大于或等于5的随从。 奖励：班纳布斯。; source=fireplace/cards/ungoro/druid.py:88; existing_tests=tests/test_controller.py:483:test_active_quests_are_public_but_opponent_secrets_stay_concealed | tests/test_controller.py:501:test_active_quests_are_public_but_opponent_secrets_stay_concealed | tests/test_ungoro.py:212:test_quest | tests/test_web_gui.py:292:test_opponent_quests_become_visible_above_hero_without_revealing_secret | tests/test_web_gui.py:309:test_opponent_quests_become_visible_above_hero_without_revealing_secret; prior=YELLOW:3 个机制缺少充分的核心效果验证；逐机制依据见 card_mechanism.csv。
UNG_201,UNG_201::end_of_owner_turn_summons_one_one_murloc_not_on_opponent_turn,"At each of its controller's turn ends, Primalfin Totem summons one 1/1 Murloc; no token is added at opponent turn end.","totem=PLAY;after_first_owner_end=1;after_opponent_end=1;after_second_owner_end=2;tokens=[(1, 1, 'PLAY'), (1, 1, 'PLAY')]",pass,"batch=ungoro_b; 逐个结束双方回合，检查触发回合、确切令牌数/身材/鱼人种族和区域。; EN=At the end of your turn, summon a 1/1 Murloc.; ZH=在你的回合结束时，召唤一个1/1的鱼人。; source=fireplace/cards/ungoro/shaman.py:8; existing_tests=none; prior=YELLOW:2 个机制缺少充分的核心效果验证；逐机制依据见 card_mechanism.csv。"
UNG_202,UNG_202::battlecry_reduces_elemental_hand_cards_by_one_only,Each Elemental in hand costs 1 less with a zero-cost floor; a non-Elemental is unchanged.,"before=(1, 7, 0);after=(0, 6, 0);elemental_flags=(True, True, False)",pass,batch=ungoro_b; 手牌中放入1费/7费元素和非元素，实际战吼后逐张断言费用、手牌区域和分类。; EN=Battlecry: Reduce the Cost of Elementals in your hand by (1).; ZH=战吼：使你手牌中所有元素牌的法力值消耗减少（1）点。; source=fireplace/cards/ungoro/shaman.py:14; existing_tests=none; prior=YELLOW:2 个机制缺少充分的核心效果验证；逐机制依据见 card_mechanism.csv。
UNG_205,UNG_205::battlecry_freezes_only_selected_enemy_and_blocks_its_attack,"Glacial Shard freezes the chosen enemy minion, keeps an unrelated enemy unfrozen, blocks the target's next attack, then allows it to thaw.",target=CS2_182;frozen_on_play=True;opponent_turn_blocked=True;other_attackable=True;thawed=True;attackable_on_owner_turn=True;shard=PLAY,pass,batch=ungoro_b; 用两只已可攻击的敌方随从，冻住其一，跨过其回合验证不能攻击及随后解冻。; EN=Battlecry: Freeze an enemy.; ZH=战吼： 冻结一个敌人。; source=fireplace/cards/ungoro/neutral_common.py:60; existing_tests=none; prior=YELLOW:2 个机制缺少充分的核心效果验证；逐机制依据见 card_mechanism.csv。
UNG_208,UNG_208::battlecry_summons_two_taunt_elementals_after_prior_turn_elemental_only,An Elemental played last turn yields two 2/3 Taunt Elementals; an Elemental played only this turn yields none.,"previous_turn=UNG_809;tokens=[(2, 3, 1, 'PLAY'), (2, 3, 1, 'PLAY')];same_turn_tokens=0;board=4",pass,"batch=ungoro_b; 分别跨回合/同回合打出元素，检查两个令牌的数量、身材、嘲讽、种族及条件负例。; EN=Battlecry: If you played an Elemental last turn, summon two 2/3 Elementals with Taunt.; ZH=战吼：如果你在上个回合使用过元素牌，则召唤两个2/3并具有嘲讽的元素。; source=fireplace/cards/ungoro/shaman.py:20; existing_tests=none; prior=YELLOW:2 个机制缺少充分的核心效果验证；逐机制依据见 card_mechanism.csv。"
UNG_211,UNG_211::battlecry_offers_all_four_invocations_only_after_previous_turn_elemental,"After an Elemental last turn, Kalimos offers all four distinct Invocations and each selected branch performs its corresponding effect; a same-turn-only Elemental offers no choice.","UNG_211a:summons=5;UNG_211b:friendly_hero=30;UNG_211c:enemy_hero=24;UNG_211d:enemy_minions=[2, 2];same_turn_choice=None",pass,"batch=ungoro_b; 分别实选四种祈咒并断言召唤/治疗/打脸效果，再验证同回合元素不触发。; EN=[x]Battlecry: If you played an Elemental last turn, cast an Elemental Invocation.; ZH=战吼：如果你在上个回合使用过元素牌，则施放一个元素祈咒。; source=fireplace/cards/ungoro/shaman.py:30; existing_tests=tests/test_ungoro.py:109:test_kalimos_primal_lord; prior=YELLOW:1 个机制缺少充分的核心效果验证；逐机制依据见 card_mechanism.csv。"
UNG_800,UNG_800::battlecry_triggers_friendly_deathrattle_without_destroying_source,Stalker triggers a friendly Egg's Deathrattle to summon one 5/5 while Egg remains in play; no eligible target is optional.,egg=PLAY;triggered_devil=UNG_083t1/5/5;stalker=PLAY;optional_no_target=PLAY,pass,batch=ungoro_b; 选择蛋触发亡语但不杀死目标，检查令牌；另测无亡语目标仍可正常打出。; EN=Battlecry: Trigger a friendly minion's Deathrattle.; ZH=战吼：触发一个友方随从的亡语。; source=fireplace/cards/ungoro/hunter.py:8; existing_tests=none; prior=YELLOW:2 个机制缺少充分的核心效果验证；逐机制依据见 card_mechanism.csv。
UNG_801,UNG_801::battlecry_taunt_threshold_counts_other_minions,"Nesting Roc gains Taunt with at least two other friendly minions, but not with only one.",one_other_taunt=False;two_other_taunt=True;boards=2/3,pass,"batch=ungoro_b; 分別有1只和恰有2只其他己方随从，检查阈值与本体嘲讽关键词。; EN=Battlecry: If you control at least 2 other minions, gain Taunt.; ZH=战吼：如果你控制至少两个其他随从，便获得嘲讽。; source=fireplace/cards/ungoro/neutral_common.py:67; existing_tests=none; prior=YELLOW:1 个机制缺少充分的核心效果验证；逐机制依据见 card_mechanism.csv。"
UNG_803,UNG_803::battlecry_deals_one_damage_to_each_hero,Both heroes take exactly 1 damage from Emerald Reaver's Battlecry.,"heroes_before=(30, 30);after=(29, 29);reaver=PLAY",pass,batch=ungoro_b; 保留两边英雄施法前生命值，实际战吼后分别断言-1。; EN=Battlecry: Deal 1 damage to each hero.; ZH=战吼：对每个英雄造成1点伤害。; source=fireplace/cards/ungoro/neutral_common.py:73; existing_tests=none; prior=YELLOW:1 个机制缺少充分的核心效果验证；逐机制依据见 card_mechanism.csv。
UNG_807,UNG_807::battlecry_destroys_pirate_and_gains_exactly_one_one,Destroy the chosen Pirate and grant Crawler exactly +1/+1.,"card_text=+1/+1;printed=2/3;expected=(3, 4);actual=(4, 5, 5)",confirmed_error,batch=ungoro_b; 选择敌方海盗后核对死亡区域、本体增益与卡牌文本+1/+1精确一致。; EN=Battlecry: Destroy a Pirate and gain +1/+1.; ZH=战吼：消灭一个海盗，并获得+1/+1。; source=fireplace/cards/ungoro/neutral_rare.py:47; existing_tests=none; prior=YELLOW:2 个机制缺少充分的核心效果验证；逐机制依据见 card_mechanism.csv。
UNG_808,UNG_808::keywords_and_poisonous_combat_destroy_target,Gastropod has Taunt and Poisonous; when it deals combat damage to a minion that minion is destroyed.,taunt=1;poisonous=1;combat_target=GRAVEYARD;gastropod=GRAVEYARD,pass,batch=ungoro_b; 实际攻击4/5敌方随从，验证剧毒触发且双方死亡状态正确。; EN=Taunt   Poisonous; ZH=嘲讽 剧毒; source=fireplace/cards/CardDefs.xml#UNG_808; existing_tests=none; prior=YELLOW:2 个机制缺少充分的核心效果验证；逐机制依据见 card_mechanism.csv。
UNG_809,UNG_809::battlecry_adds_one_one_two_elemental_to_hand,Fire Fly stays in play and adds exactly one 1/2 Elemental to hand.,fly=PLAY;token=UNG_809t1/1/2/HAND;elemental=True,pass,batch=ungoro_b; 实际打出火羽精灵，检查令牌数量、数据身材、种族、手牌区域及本体区域。; EN=Battlecry: Add a 1/2 Elemental to your hand.; ZH=战吼：将一张1/2的元素牌置入你的手牌。; source=fireplace/cards/ungoro/neutral_common.py:79; existing_tests=tests/test_icecrown.py:120:test_frost_lich_jaina; prior=YELLOW:1 个机制缺少充分的核心效果验证；逐机制依据见 card_mechanism.csv。
UNG_810,UNG_810::taunt_blocks_face_and_is_valid_combat_target,"Stegodon has Taunt, blocks a Charge minion from attacking the hero, and can be attacked instead.",taunt=1;blocked_face=True;attacker_attackable_after_block=False;combat_steg=4;attacker=GRAVEYARD,pass,batch=ungoro_b; 用确有冲锋的敌方随从先尝试打脸，再攻击剑龙，检查阻挡、存活攻击权与战斗伤害。; EN=Taunt; ZH=嘲讽; source=fireplace/cards/CardDefs.xml#UNG_810; existing_tests=none; prior=YELLOW:1 个机制缺少充分的核心效果验证；逐机制依据见 card_mechanism.csv。
UNG_812,UNG_812::stealth_blocks_enemy_spell_until_after_attack,"Stealth blocks enemy targeting; attacking removes Stealth, after which an enemy spell can damage the Stalker.",initial_stealth=True;rejected_spell_cost_unchanged=True;after_attack_stealth=False;hero_damage=8;post_attack_spell_targeted=1;spell=GRAVEYARD,pass,batch=ungoro_b; 实测对潜行目标施法失败且不付费，再等其攻击破隐，之后对同一目标成功施法。; EN=Stealth; ZH=潜行; source=fireplace/cards/CardDefs.xml#UNG_812; existing_tests=none; prior=YELLOW:1 个机制缺少充分的核心效果验证；逐机制依据见 card_mechanism.csv。
UNG_813,UNG_813::windfury_grants_two_attacks_per_turn,"Stormwatcher has Windfury, attacks twice for 4 damage each, and cannot attack a third time that turn.",windfury=1;first_attack_health=26;second_attack_health=22;third_attack_available=False,pass,batch=ungoro_b; 等到随从可攻击后对英雄攻击两次，逐次断言伤害及剩余攻击次数。; EN=Windfury; ZH=风怒; source=fireplace/cards/CardDefs.xml#UNG_813; existing_tests=none; prior=YELLOW:1 个机制缺少充分的核心效果验证；逐机制依据见 card_mechanism.csv。
UNG_814,UNG_814::stealth_poisonous_blocks_targeting_and_kills_combat_target,"Giant Wasp starts Stealthed and Poisonous; enemy targeted spell is rejected, then its attack destroys a larger minion through Poisonous combat.",stealth=False;poisonous=1;invalid_target_no_cost=HAND/True;combat_target=GRAVEYARD;wasp=GRAVEYARD,pass,batch=ungoro_b; 先检验潜行阻止敌方法术指向且不付费，再让黄蜂攻击4/5目标验证剧毒和死亡区域。; EN=Stealth  Poisonous; ZH=潜行 剧毒; source=fireplace/cards/CardDefs.xml#UNG_814; existing_tests=none; prior=YELLOW:2 个机制缺少充分的核心效果验证；逐机制依据见 card_mechanism.csv。
UNG_816,UNG_816::battlecry_discovers_elemental_after_last_turn_elemental_only,A previous-turn Elemental enables a 3-card Elemental Discover; a same-turn-only Elemental does not.,"prior_elemental=UNG_809;options=[('DAL_092', [18]), ('DAL_748', [18]), ('UNG_079', [18])];selected=DAL_092;same_turn_choice=None;same_turn_servant=PLAY",pass,"batch=ungoro_b; 跨回合与同回合分别测试，检查候选种族、真实选择进手牌和条件负例。; EN=[x]Battlecry: If you played an Elemental last turn,  Discover an Elemental.; ZH=战吼：如果你在上个回合使用过元素牌，则发现一张元素牌。; source=fireplace/cards/ungoro/neutral_rare.py:61; existing_tests=none; prior=YELLOW:3 个机制缺少充分的核心效果验证；逐机制依据见 card_mechanism.csv。"
UNG_817,UNG_817::spell_deals_four_to_minion_and_restores_four_health,Tidal Surge deals exactly 4 to the selected minion and heals its controller's hero for 4.,target_after=1/5;hero_before=25;hero_after=29;spell=GRAVEYARD,pass,batch=ungoro_b; 先将英雄降至25生命，对4/5敌方随从施法，分别断言目标剩1生命和英雄+4。; EN=Deal $4 damage to a minion. Restore #4 Health to your hero.; ZH=对一个随从造成$4点伤害。为你的英雄恢复#4点生命值。; source=fireplace/cards/ungoro/shaman.py:73; existing_tests=none; prior=YELLOW:2 个机制缺少充分的核心效果验证；逐机制依据见 card_mechanism.csv。
UNG_818,UNG_818::deathrattle_randomly_hits_one_enemy_minion_for_three,"On death exactly one enemy minion takes 3; friendly minions remain untouched, and fixed seeds reach both eligible enemy targets.","seeds=16;each_run_one_enemy_hit=3;different_random_targets=[0, 1];friendly_untouched=True",pass,batch=ungoro_b; 16个固定种子、两只敌方4/5和一只己方4/5，逐局检查仅一个敌方失3且选择具备多样性。; EN=Deathrattle: Deal 3 damage to a random enemy minion.; ZH=亡语：随机对一个敌方随从造成3点伤害。; source=fireplace/cards/ungoro/neutral_common.py:85; existing_tests=none; prior=YELLOW:2 个机制缺少充分的核心效果验证；逐机制依据见 card_mechanism.csv。
UNG_823,UNG_823::spell_gives_equipped_weapon_poisonous_for_combat,Envenom Weapon grants Poisonous to the equipped weapon; a weapon attack destroys its large target and consumes one durability.,weapon=CS2_106;poisonous=True;target=GRAVEYARD;durability=1;spell=GRAVEYARD,pass,batch=ungoro_b; 先装备3/2斧并施法确认关键词，再跨回合攻击4/5随从验证毒性、目标死亡和耐久。; EN=Give your weapon Poisonous.; ZH=使你的武器获得剧毒。; source=fireplace/cards/ungoro/rogue.py:113; existing_tests=none; prior=YELLOW:1 个机制缺少充分的核心效果验证；逐机制依据见 card_mechanism.csv。
UNG_829,UNG_829::quest_progresses_on_six_discards_and_reward_creates_portal,"Three real two-card discard Battlecries progress the quest by 2 each; completion adds Nether Portal, which is Dormant and summons two Imps at owner turn end.","actual discard batches=[[('CS2_231', 'REMOVEDFROMGAME', True), ('CS2_029', 'REMOVEDFROMGAME', True)], [('CS2_231', 'REMOVEDFROMGAME', True), ('CS2_029', 'REMOVEDFROMGAME', True)], [('CS2_231', 'REMOVEDFROMGAME', True), ('CS2_029', 'REMOVEDFROMGAME', True)]]; quest.progress after each 2-card batch=[0, 0, 0]; final=0; quest_zone=SECRET",confirmed_error,batch=ungoro_b; 逐批真实打出拉卡利地狱犬并断言实际弃牌/进度，完成后打出奖励并验证休眠门户与回合末令牌。; EN=[x]Quest: Discard 6 cards. Reward: Nether Portal.; ZH=任务：弃掉六张牌。 奖励：虚空传送门。; source=fireplace/cards/ungoro/warlock.py:58; existing_tests=none; prior=YELLOW:4 个机制缺少充分的核心效果验证；逐机制依据见 card_mechanism.csv。
UNG_830,UNG_830::deathrattle_summons_only_discarded_minion_from_current_game,"After a Wisp is truly discarded this game, Cruel Dinomancer's death summons one 1/1 Wisp.",dinomancer=GRAVEYARD;summoned=[];discarded_original=REMOVEDFROMGAME/True;hand=[];field=[],confirmed_error,batch=ungoro_b; 用灵魂之火在仅有一张其他手牌时确定弃掉小精灵，再实际杀死恐龙术士。; EN=[x]Deathrattle: Summon a random minion you discarded this game.; ZH=亡语：随机召唤一个你在本局对战中弃掉的友方随从。; source=fireplace/cards/ungoro/warlock.py:25; existing_tests=none; prior=YELLOW:3 个机制缺少充分的核心效果验证；逐机制依据见 card_mechanism.csv。
UNG_831,UNG_831::spell_delays_destruction_until_next_own_turn_and_spares_later_minion,"Corrupting Mist leaves all existing minions in play until its controller's next turn begins, then destroys the corrupted set; a later minion survives.","spell=GRAVEYARD;during_opponent_turn=['GRAVEYARD', 'GRAVEYARD', 'PLAY'];next_owner_begin=['GRAVEYARD', 'GRAVEYARD', 'PLAY'];late_minion_survives=True",pass,batch=ungoro_b; 核对施法即时不灭、敌我随从均腐化、对方回合仍存活、下回合开始摧毁且新随从幸存。; EN=Corrupt every minion. Destroy them at the start of your next turn.; ZH=腐蚀所有随从，在你的下个回合开始时将其消灭。; source=fireplace/cards/ungoro/warlock.py:78; existing_tests=tests/test_ungoro.py:122:test_corrupting_mist; prior=YELLOW:2 个机制缺少充分的核心效果验证；逐机制依据见 card_mechanism.csv。
UNG_832,UNG_832::next_spell_pays_health_once_then_normal_mana_resumes,"Bloodbloom itself costs mana; the next spell costs its printed amount in Health without mana, and the following spell spends mana normally.",bloom=GRAVEYARD;first_spell_health_cost=4;health_after_first=21;mana_unchanged_first=True;second_spell_mana_cost=2;health_after_second=27;mana_after=4,pass,batch=ungoro_b; 先伤害英雄，施放血色绽放，再施法火球和圣光术，分别验证生命/法力账目与一次性失效。; EN=The next spell you cast this turn costs Health instead of Mana.; ZH=在本回合中，你施放的下一个法术不再消耗法力值，转而消耗生命值。; source=fireplace/cards/ungoro/warlock.py:88; existing_tests=none; prior=YELLOW:1 个机制缺少充分的核心效果验证；逐机制依据见 card_mechanism.csv。
UNG_833,UNG_833::battlecry_discards_two_random_hand_cards_and_keeps_taunt_body,"Across fixed seeds exactly two of three known hand cards are truly discarded, the survivor remains in hand, choices vary, and Felhound is a Taunt minion in play.","seeds=24;sample=[(83301, ['CS2_029', 'CS2_089'], 'CS2_231'), (83302, ['CS2_089', 'CS2_231'], 'CS2_029'), (83303, ['CS2_089', 'CS2_231'], 'CS2_029'), (83304, ['CS2_029', 'CS2_089'], 'CS2_231'), (83305, ['CS2_089', 'CS2_231'], 'CS2_029')];survivor_ids=['CS2_029', 'CS2_089', 'CS2_231'];discarded_per_run=2;body=PLAY/Taunt",pass,batch=ungoro_b; 每个种子用三张已知手牌实际打出地狱犬，核对恰弃两张、弃牌标签/区域、剩余手牌、随机结果变化及嘲讽本体。; EN=Taunt Battlecry: Discard two random cards.; ZH=嘲讽，战吼： 随机弃两张牌。; source=fireplace/cards/ungoro/warlock.py:31; existing_tests=none; prior=YELLOW:4 个机制缺少充分的核心效果验证；逐机制依据见 card_mechanism.csv。
UNG_834,UNG_834::spell_deals_three_to_minion_and_summons_three_one_ones,A 4/5 target survives at 4/2 and three 1/1 Pterrordaxes appear; lethal damage still kills the target and summons all three tokens.,"nonlethal_target=2/5/PLAY;nonlethal_tokens=[('UNG_834t1', 1, 1), ('UNG_834t1', 1, 1), ('UNG_834t1', 1, 1)];lethal_target=GRAVEYARD;lethal_tokens=[('UNG_834t1', 1, 1, 'PLAY'), ('UNG_834t1', 1, 1, 'PLAY'), ('UNG_834t1', 1, 1, 'PLAY')]",pass,batch=ungoro_b; 分别测试目标存活与被击杀两支，断言法术区域、目标区域/生命及三只令牌身材/区域。; EN=Deal $3 damage to a minion. Summon three 1/1 Pterrordaxes.; ZH=对一个随从造成$3点伤害。召唤三个1/1的翼手龙。; source=fireplace/cards/ungoro/warlock.py:99; existing_tests=none; prior=YELLOW:3 个机制缺少充分的核心效果验证；逐机制依据见 card_mechanism.csv。
UNG_835,UNG_835::battlecry_discovers_spell_and_deals_selected_spell_cost_to_hero,"A real three-spell Discover is resolved; the chosen spell is added to hand, and the hero loses exactly that card's cost in Health.",seed=83501;selected=EX1_320;cost=5;hero_health=25;hand=['EX1_320'];choice=None,pass,batch=ungoro_b; 以固定种子实选候选法术，检查三项均为法术、选择牌进手牌、Choice关闭及英雄生命按该牌费用变化。; EN=Battlecry: Discover a spell. Deal damage to your hero equal to its Cost.; ZH=战吼： 发现一张法术牌。对你的英雄造成等同于其法力值消耗的伤害。; source=fireplace/cards/ungoro/warlock.py:37; existing_tests=none; prior=YELLOW:3 个机制缺少充分的核心效果验证；逐机制依据见 card_mechanism.csv。
UNG_836,UNG_836::discard_trigger_returns_zavas_to_hand_and_stacks_plus_two_plus_two,"After each of two deterministic real discards, Zavas returns to hand and its Attack/Health increase cumulatively by +2/+2.","after_each_discard=[(1, 'HAND', 4, 4, ['UNG_836e']), (2, 'HAND', 6, 6, ['UNG_836e', 'UNG_836e'])];final_hand=['UNG_836'];zavas=HAND/6/6",pass,"batch=ungoro_b; 每轮仅留 Zavas 与一张小精灵在手后打出会弃两张的地狱犬，确保两次都弃到 Zavas，并检查回手区域和叠加身材。; EN=Whenever you discard this, give it +2/+2 and return it to your hand.; ZH=每当你弃掉这张牌时，使其获得+2/+2，并重新置入你的手牌。; source=fireplace/cards/ungoro/warlock.py:45; existing_tests=tests/test_ungoro.py:203:test_clutchmother_zavas; prior=YELLOW:2 个机制缺少充分的核心效果验证；逐机制依据见 card_mechanism.csv。"
UNG_838,UNG_838::taunt_minion_gains_and_loses_four_attack_with_turn_owner,"Tar Lord has Taunt throughout, gains exactly +4 Attack when the opponent becomes active, and returns to base Attack on its controller's turn.",own_turn_attack=1;opponent_turn_attack=5;next_own_turn_attack=1;taunt=1,pass,batch=ungoro_b; 在我方回合、对方回合及下一我方回合读取同一随从攻击力和嘲讽状态。; EN=Taunt Has +4 Attack during your opponent’s turn.; ZH=嘲讽 在你对手的回合获得+4攻击力。; source=fireplace/cards/ungoro/warrior.py:8; existing_tests=none; prior=YELLOW:2 个机制缺少充分的核心效果验证；逐机制依据见 card_mechanism.csv。
UNG_840,UNG_840::battlecry_destroys_own_deck_cost_three_or_less_only,"Hemet removes own deck cards costing 0, 2, and exactly 3, retains both 4-cost cards, leaves the opponent's deck untouched, and remains in play.","own_costs={'CS2_231': 0, 'CS2_024': 2, 'CS2_026': 3, 'CS2_029': 4, 'CS2_182': 4};own_deck_after=['CS2_182', 'CS2_029'];enemy_deck_unchanged=['CS2_029', 'CS2_231'];hemet=PLAY",pass,batch=ungoro_b; 牌库实际放入费用0、2、3、4各类卡，打出后检查己方牌库边界和对手牌库。; EN=Battlecry: Destroy all cards in your deck that cost (3) or less.; ZH=战吼： 摧毁你牌库中所有法力值消耗小于或等于（3）点的卡牌。; source=fireplace/cards/ungoro/neutral_legendary.py:8; existing_tests=none; prior=YELLOW:1 个机制缺少充分的核心效果验证；逐机制依据见 card_mechanism.csv。
UNG_843,UNG_843::trigger_copies_targeted_spell_once_onto_new_plant_only,"Casting Blessing of Kings on Voraxx buffs it, summons one 1/1 Plant, and applies the copied +4/+4; casting the same spell on another minion does not trigger Voraxx.",targeted_voraxx=7/7;copied_spell_plant=UNG_999t2t1/5/5;spell=GRAVEYARD;target_other_control=other_5/5;voraxx_unchanged=3/3;plants=0,pass,"batch=ungoro_b; 一局把+4/+4法术指向沃拉斯，检查本体、令牌及复制效果；另局指向其他随从做触发目标负例。; EN=[x]After you cast a spell on this minion, summon a 1/1 Plant and cast another copy on it.; ZH=在你对该随从施放一个法术后，召唤一个1/1的植物，并对其施放相同的法术。; source=fireplace/cards/ungoro/neutral_legendary.py:14; existing_tests=tests/test_ungoro.py:173:test_the_voraxx; prior=YELLOW:2 个机制缺少充分的核心效果验证；逐机制依据见 card_mechanism.csv。"
UNG_844,UNG_844::cant_attack_persists_after_summoning_sickness_expires,"The 4/8 Razorleaf cannot attack on entry or after a complete opponent turn, and a rejected hero attack changes neither hero health nor minion zones.",after_summon_can_attack=False;controller_turn=True;after_ready_can_attack=False;attack_rejected=True;hero_health=30;razorleaf=PLAY;enemy=PLAY,pass,batch=ungoro_b; 等待召唤失调消失并实际尝试攻击，核对攻击合法性、英雄生命和双方区域。; EN=Can't attack.; ZH=无法攻击。; source=fireplace/cards/CardDefs.xml#UNG_844; existing_tests=none; prior=YELLOW:1 个机制缺少充分的核心效果验证；逐机制依据见 card_mechanism.csv。
UNG_845,UNG_845::deathrattle_adds_two_elementals_and_silence_removes_trigger,A normal death adds exactly two 1/2 Elementals to hand; silencing an otherwise identical source before death prevents those cards from being added.,"deathrattle_minion=GRAVEYARD;added=[[('UNG_809t1', 1, 2, 'HAND'), ('UNG_809t1', 1, 2, 'HAND')]];silenced_source=GRAVEYARD;cards_after_silenced_death=[]",pass,batch=ungoro_b; 分别正常杀死与先沉默再杀死，核对手牌新增数量、种族、身材、区域和亡语抑制。; EN=Deathrattle: Add two 1/2 Elementals to your hand.; ZH=亡语：将两张1/2的元素牌置入你的手牌。; source=fireplace/cards/ungoro/neutral_common.py:91; existing_tests=none; prior=YELLOW:1 个机制缺少充分的核心效果验证；逐机制依据见 card_mechanism.csv。
UNG_846,UNG_846::deathrattle_adds_one_random_mage_spell_to_hand,"Across 24 fixed seeds each death adds exactly one Mage spell to hand, and multiple valid spell IDs are sampled.","seeds=24;sample=[(84601, 'BOT_600', 2), (84602, 'OG_086', 0), (84603, 'EX1_294', 3), (84604, 'EX1_287', 3), (84605, 'BOT_600', 2), (84606, 'ULD_726', 2)];distinct_mage_spells=['AT_002', 'AT_004', 'BOT_254', 'BOT_453', 'BOT_600', 'BT_291', 'CS2_022', 'CS2_023', 'CS2_026', 'CS2_028', 'DAL_577', 'DAL_578', 'DAL_608', 'EX1_180', 'EX1_287', 'EX1_294', 'GVG_001', 'GVG_003', 'ICC_836', 'LOE_002', 'OG_086', 'ULD_726', 'UNG_024'];each_death_added_one=True",pass,batch=ungoro_b; 24个固定种子实际死亡，逐局检查只新增一张、卡牌类型/职业/区域，并验证随机结果不恒定。; EN=Deathrattle: Add a random Mage spell to your hand.; ZH=亡语： 随机将一张法师法术牌置入你的手牌。; source=fireplace/cards/ungoro/mage.py:30; existing_tests=none; prior=YELLOW:2 个机制缺少充分的核心效果验证；逐机制依据见 card_mechanism.csv。
UNG_847,UNG_847::elemental_last_turn_deals_five,"After playing an Elemental last turn, Blazecaller deals 5 to the chosen enemy minion.",elemental=PLAY;target=7->2;target_zone=PLAY;blazecaller=PLAY;mana=3,pass,"batch=ungoro_c; Played Fire Fly on the preceding own turn, targeted a real enemy minion, and checked exact death/zone."
UNG_847,UNG_847::no_elemental_last_turn_no_damage,"Without an Elemental last turn, Blazecaller's conditional Battlecry deals no damage.",elemental_last_turn=0;target=5->5;blazecaller=PLAY,pass,batch=ungoro_c; Left a 4/5 enemy minion available and played Blazecaller without an Elemental on the prior turn.
UNG_848,UNG_848::aoe_excludes_self,Primordial Drake deals 2 to every other minion while its own health stays full.,AssertionError: friendly=GRAVEYARD;enemy=3/5;drake=6/8;taunt=1,confirmed_error,batch=ungoro_c; Placed a friendly Wisp and a real opposing 4/5 before playing Drake; checked self and both sides.
UNG_851,UNG_851::pack_shuffled_and_opened,Elise shuffles one Un'Goro Pack into deck; opening it adds five collectible Un'Goro cards.,"elise=PLAY;pack=GRAVEYARD;generated=['UNG_103', 'UNG_948', 'UNG_001', 'UNG_001', 'UNG_021'];count_delta=5",pass,"batch=ungoro_c; Kept a known deck card, verified one pack, drew and opened pack, then checked set/collectible metadata and hand delta."
UNG_852,UNG_852::spell_and_hero_power_untargetable,Tyrantus cannot be selected by an enemy spell or Hero Power; failed attempts spend no mana.,tyrantus_controller=Player2;spell_blocked=True;spell=HAND;hp_blocked=True;mana=10->10;zone=PLAY,pass,"batch=ungoro_c; Used actual opposing Tyrantus; attempted Moonfire and Mage Hero Power and checked InvalidAction, zones, and mana."
UNG_854,UNG_854::discover_8_cost_minion_then_summon,Free From Amber offers only minions costing at least 8 and summons the selected choice.,"offered=[('CFM_670', 'MINION', 9), ('LOOT_153', 'MINION', 8), ('BRM_027', 'MINION', 9)];selected=CFM_670;summoned=[('CFM_670', 'PLAY')];hand=[];choice=None;spell=GRAVEYARD",pass,"batch=ungoro_c; Read live choice types/costs, selected one and checked that it entered field rather than hand."
UNG_856,UNG_856::rogue_warlock_opponent_class,Hallucination offers three cards from the actual opponent's class and adds the chosen card to hand.,"player_classes=('WARLOCK', 'ROGUE');expected_opponent_class=ROGUE;offered=[('TRL_124', 'SPELL', 'ROGUE'), ('BOT_508', 'SPELL', 'ROGUE'), ('EX1_124', 'SPELL', 'ROGUE')];selected=TRL_124;choice=None;hand=['TRL_124'];spell=GRAVEYARD",pass,batch=ungoro_c; Used Rogue/Warlock player setup; reads the post-coin-toss actual heroes rather than assuming class argument order; inspected all choices and hand/zone.
UNG_856,UNG_856::mage_rogue_opponent_class,Hallucination offers three cards from the actual opponent's class and adds the chosen card to hand.,"player_classes=('MAGE', 'ROGUE');expected_opponent_class=ROGUE;offered=[('TRL_124', 'SPELL', 'ROGUE'), ('BOT_508', 'SPELL', 'ROGUE'), ('EX1_124', 'SPELL', 'ROGUE')];selected=TRL_124;choice=None;hand=['TRL_124'];spell=GRAVEYARD",pass,batch=ungoro_c; Used Mage/Rogue setup; reads actual player and opponent hero classes after the coin toss; inspected all choices and hand/zone.
UNG_856,UNG_856::discover_pool_includes_all_card_types,"The Discover pool must allow cards of any type from the opponent's class, not spells only.","AssertionError: seeds=417..436;observed_type_counts={'SPELL': 60};nonspell_seen=False;collectible_nonspell_comparisons={'WARLOCK': ('AT_019', 'Dreadsteed', 'MINION', True), 'ROGUE': ('AT_028', 'Shado-Pan Rider', 'MINION', True)};wrong_classes=[]",confirmed_error,"batch=ungoro_c; Ran 20 live game seeds; checked all 60 offered cards against actual opponent class and whether any non-spell could appear. Source uses RandomSpell at ungoro/rogue.py:122, which statically excludes non-spells."
UNG_900,UNG_900::summon_triggers_deathrattle,"Umbra triggers a summoned Igneous Elemental's Deathrattle immediately, adding two Elementals to hand.","umbra=PLAY;igneous=PLAY;elemental_cards=[('UNG_809t1', 'HAND'), ('UNG_809t1', 'HAND')];field=['UNG_900', 'UNG_845']",pass,"batch=ungoro_c; Played Umbra, then played Igneous Elemental and checked body zones and two generated hand cards."
UNG_907,UNG_907::two_elementals_add_ten_health,Two Elementals played last turn grant +10 Health; Ozruk remains Taunt.,"elementals=['PLAY', 'PLAY'];ozruk=(5, 15, 15, 1);counter=2",pass,"batch=ungoro_c; Played two Fire Flies on the preceding own turn; checked counter=2, current/max health, and Taunt."
UNG_907,UNG_907::no_elemental_keeps_base_health,"With no Elemental played last turn, Ozruk gets no bonus Health but still has Taunt.","elemental_last_turn=0;ozruk=(5, 5, 5, 1)",pass,batch=ungoro_c; Played Ozruk immediately with counter=0; checked base/current/max health and Taunt.
UNG_910,UNG_910::target_and_adjacent_zones,"Target takes 2, adjacent enemies take 1, nonadjacent and other-side minions take no damage.","starting_max_damage_health=[(5, 0, 5), (5, 0, 5), (5, 0, 5), (5, 0, 5), (5, 0, 5)];direct_TARGET_ADJACENT=[('CS2_182', 11), ('CS2_182', 13)];expected_adjacent_ids=[('CS2_182', 11), ('CS2_182', 13)];after=[(5, 1, 4), (5, 2, 3), (5, 1, 4), (5, 0, 5), (5, 0, 5)];damage_deltas=[1, 2, 1, 0, 0];zones=['PLAY', 'PLAY', 'PLAY', 'PLAY', 'PLAY'];spell=GRAVEYARD",pass,"batch=ungoro_c; Placed four enemy minions in order, targeted the second, added a friendly minion, then asserted exact health and zones."
UNG_912,UNG_912::random_beast_added_to_hand,Battlecry adds exactly one Beast card to hand.,"macaw=PLAY;new_cards=[('UNG_925', ['BEAST'])];hand=['UNG_925']",pass,batch=ungoro_c; Compared hand entity identities before/after the live Battlecry and checked the generated card's race.
UNG_913,UNG_913::draw_two_one_cost_minions,Draws two 1-Cost minions and leaves a nonmatching minion in the deck.,"warden=PLAY;drawn=['UNG_809', 'CS2_171'];deck=['CS2_182']",pass,batch=ungoro_c; Seeded two known 1-Cost minions and a higher-cost minion; checked exact hand/deck IDs.
UNG_913,UNG_913::draw_only_one_when_only_one_available,"When only one 1-Cost minion remains, draws that minion without drawing the distractor.",warden=PLAY;drawn=['UNG_809'];deck=['CS2_182'];health=30,pass,batch=ungoro_c; Seeded one 1-Cost minion and a higher-cost minion to check the partial availability branch.
UNG_914,UNG_914::deathrattle_shuffles_4_3,Deathrattle shuffles exactly one 4/3 Raptor into the deck.,"hatchling_stats=(2, 1, 1);hatchling_zone=GRAVEYARD;deck=['UNG_914t1', 'CS2_231'];raptor_stats=(4, 3);raptor_count=1",pass,"batch=ungoro_c; Kept a known deck card, killed Raptor Hatchling with a real spell, and checked token identity/stats and deck zone."
UNG_915,UNG_915::adapt_beast_and_reject_nonbeast,Adapts a friendly Beast and rejects a friendly non-Beast as target.,"offered=['UNG_999t14', 'UNG_999t2', 'UNG_999t10'];selected=UNG_999t14;beast=(1, 1, 1)->(2, 2, 2);buffs=['UNG_999t14e'];nonbeast=PLAY;rejected=True;invalid_card=HAND;mana=8->8",pass,batch=ungoro_c; Inspected and resolved actual Adapt choices on Stonetusk Boar; then attempted the same effect on Wisp and checked InvalidAction/mana/zone.
UNG_916,UNG_916::beast_play_triggers_this_turn_only,Each Beast played this turn generates a Beast; a non-Beast and next-turn Beast do not.,"stampede=GRAVEYARD;first_beast_added=[('UNG_925', ['BEAST'])];nonbeast_added=[];next_turn_beast_added=[]",pass,"batch=ungoro_c; Played Stampede, one Beast, one non-Beast, ended the turn, then played another Beast and checked generated entities."
UNG_917,UNG_917::hero_power_beast_only_plus_two_two,Replaces Hero Power; new power rejects non-Beast and grants target Beast +2/+2 for 2 mana.,"dinomancy=GRAVEYARD;power=UNG_917t1;rejected_nonbeast=True;mana=8->8->6;beast=(1, 1, 1)->(3, 3, 3);nonbeast=1/1",pass,batch=ungoro_c; Attempted Wisp then used the actual new power on Stonetusk Boar; checked invalid-action mana and exact stats.
UNG_919,UNG_919::attacks_played_enemy_minion,"After opponent plays a minion, Swamp King Dred attacks that minion.",dred=PLAY;dred_health=8/9;dred_exhausted=True;enemy_minion=GRAVEYARD;enemy_field=[],pass,"batch=ungoro_c; Played Dred, then actually played an opposing Wisp; checked both zones, Dred damage, and exhaustion."
UNG_919,UNG_919::frozen_dred_skips_attack,Frozen Dred does not attack an opponent minion played during the opponent turn.,dred=PLAY;health_after_frostbolt=6;health_after_enemy_play=6;frozen=True;enemy_minion=PLAY;enemy_field=['CS2_231'],pass,batch=ungoro_c; Frostbolted Dred before the opponent played Wisp; checked Dred health/frozen state and surviving Wisp.
UNG_920,UNG_920::quest_seven_one_cost_minions_and_queen_shuffles_15,"Quest advances only on 1-Cost minion plays; after the seventh, playing Queen Carnassa shuffles 15 Raptors into the deck.","off_cost_minion_zone=GRAVEYARD;progress_after_off_cost=0;progress_after_six=6;progress_after_seventh=7;quest_zone=GRAVEYARD;seventh_played_and_counted=True;seventh_after_slot_release=HAND;reward_before_play=['UNG_920t1'];queen=PLAY;deck_count=15;raptors=15;raptor_zones=['DECK', 'DECK', 'DECK', 'DECK', 'DECK', 'DECK', 'DECK', 'DECK', 'DECK', 'DECK', 'DECK', 'DECK', 'DECK', 'DECK', 'DECK']",pass,"batch=ungoro_c; Played a cost-4 nonquest minion, checked six/seven 1-cost thresholds, returned the seventh minion to free a board slot, then actually played Queen Carnassa and asserted exactly 15 UNG_920t2 cards in deck."
UNG_922,UNG_922::replace_and_play_discover_deck,Replaces every deck card with Discover-a-card spells which can be drawn and played.,"explore=GRAVEYARD;original_count=3;deck_after=['UNG_922t1', 'UNG_922t1', 'UNG_922t1'];drawn=UNG_922t1/GRAVEYARD;offered=['AT_129', 'NEW1_038', 'ULD_193'];selected=AT_129;choice=None;hand=['AT_129'];deck_remaining=['UNG_922t1', 'UNG_922t1']",pass,"batch=ungoro_c; Seeded three known cards, checked transformed deck count/IDs, drew and resolved one spell Choice, then checked deck/hand zones."
UNG_923,UNG_923::gain_five_armor,Iron Hide adds exactly 5 Armor without changing health.,hero_health=30->30;armor=0->5;spell=GRAVEYARD,pass,batch=ungoro_c; Recorded hero health/armor immediately before and after resolving the spell.
UNG_925,UNG_925::adapt_self_and_keep_taunt,Ornery Direhorn's Battlecry resolves an Adapt Choice on itself and keeps Taunt.,"offered=['UNG_999t14', 'UNG_999t2', 'UNG_999t10'];selected=UNG_999t14;direhorn=(6, 6, 6, 1);buffs=['UNG_999t14e'];choice=None",pass,"batch=ungoro_c; Inspected all live Adapt options, selected one, and checked applied buff, body zone, and Taunt."
UNG_926,UNG_926::opponent_gets_three_one_one_raptors,Cornered Sentry gives the opponent three 1/1 Raptors and itself has Taunt.,"sentry=PLAY;friendly_field=['UNG_926'];enemy_tokens=[('UNG_076t1', 1, 1, 'PLAY'), ('UNG_076t1', 1, 1, 'PLAY'), ('UNG_076t1', 1, 1, 'PLAY')];controllers=['Player1', 'Player1', 'Player1']",pass,"batch=ungoro_c; Played Sentry with empty boards and inspected all resulting bodies, stats, zones, and controllers."
UNG_926,UNG_926::opponent_full_board_does_not_overflow,"When the opponent's board is full, the three Raptor summons must respect the seven-minion board limit.","AssertionError: starting_enemy=[('CS2_231', 11, 'PLAY'), ('CS2_231', 12, 'PLAY'), ('CS2_231', 13, 'PLAY'), ('CS2_231', 14, 'PLAY'), ('CS2_231', 15, 'PLAY'), ('CS2_231', 16, 'PLAY'), ('CS2_231', 17, 'PLAY')];sentry=PLAY;enemy_after=[('CS2_231', 11, 'PLAY'), ('UNG_076t1', 21, 'PLAY'), ('UNG_076t1', 20, 'PLAY'), ('UNG_076t1', 19, 'PLAY'), ('CS2_231', 12, 'PLAY'), ('CS2_231', 13, 'PLAY'), ('CS2_231', 14, 'PLAY'), ('CS2_231', 15, 'PLAY'), ('CS2_231', 16, 'PLAY'), ('CS2_231', 17, 'PLAY')];enemy_count=10;friendly_field=[('UNG_926', 'PLAY')]",confirmed_error,"batch=ungoro_c; Filled the opponent's seven slots with live Wisps, played Sentry, and recorded all resulting enemy entities and zones; evidence ID reserved for BOARD-002."
UNG_927,UNG_927::copies_damaged_minions_only,"Sudden Genesis summons a copy of each damaged friendly minion, preserving its damage/current/max Health, and ignores an undamaged one.","originals_before=[('CS2_182', 4, 5, 1, 4, 'PLAY'), ('CS2_182', 4, 5, 2, 3, 'PLAY'), ('CS2_182', 4, 5, 0, 5, 'PLAY')];originals_after=[('CS2_182', 1, 4, 'PLAY'), ('CS2_182', 2, 3, 'PLAY'), ('CS2_182', 0, 5, 'PLAY')];copies=[('CS2_182', 4, 5, 1, 4, 'PLAY'), ('CS2_182', 4, 5, 2, 3, 'PLAY')];copy_matches_by_source=[(11, (1, 4, 5), [(18, 1, 4, 5)], True), (12, (2, 3, 5), [(19, 2, 3, 5)], True)];damaged_sources_copied_exactly=True;healthy_copy_count=0;spell=GRAVEYARD;field=['CS2_182', 'CS2_182', 'CS2_182', 'CS2_182', 'CS2_182']",pass,"batch=ungoro_c; Damaged two Yeti bodies by different exact amounts, left a third full-health, paired each damaged original with its copy by damage value, asserted matching damage/current/max Health for each pair, and asserted no full-health copy exists."
UNG_928,UNG_928::attack_bonus_on_opponent_turn,Tar Creeper has +2 Attack during the opponent turn and returns to base on own turn.,attack_own=1;attack_opponent=3;attack_next_own=1;taunt=1;zone=PLAY,pass,"batch=ungoro_c; Read exact attack and Taunt immediately on own turn, opponent turn, and next own turn."
UNG_929,UNG_929::transforms_each_own_turn_in_hand,Molten Blade transforms into a Weapon card on each of two own turns while remaining in hand.,starting=UNG_929;original_zone=SETASIDE;first=BT_271/WEAPON/entity12;second=GVG_024/WEAPON/entity14;hand=['GVG_024'],pass,batch=ungoro_c; Kept the physical hand entity through two opponent/own turn cycles and checked current card type/id each time.
UNG_933,UNG_933::destroy_damaged_minions_all_sides,King Mosh destroys all damaged minions on both sides and leaves undamaged minions alive.,"mosh=PLAY;friendly_damaged=GRAVEYARD;enemy_damaged=GRAVEYARD;friendly_healthy=PLAY/5;enemy_healthy=PLAY/5;friendly_field=['CS2_182', 'UNG_933'];enemy_field=['CS2_182']",pass,"batch=ungoro_c; Damaged one friendly and one enemy Yeti, left one undamaged on each side, then checked every zone."
UNG_934,UNG_934::quest_seven_taunt_minions_and_sulfuras_power,"Quest counts seven Taunt minions and gives Sulfuras; playing it changes Hero Power, whose use deals 8 damage to the sole enemy character.","non_taunt_progress=0;progress_six=6;quest_progress=7;quest_zone=GRAVEYARD;seventh=PLAY;reward_ids=['CS2_171', 'UNG_928', 'UNG_928', 'UNG_928', 'UNG_928', 'UNG_928', 'UNG_928'];sulfuras=('UNG_934t1', 'PLAY');weapon=('UNG_934t1', 4, 2);hero_power=UNG_934t2;power_used=True;enemy_hero_health=30->22",pass,"batch=ungoro_c; Played/bounced a non-Taunt Boar and seven Tar Creepers, then actually played Sulfuras, checked weapon and Hero Power IDs, and used the power against the only enemy character to assert exactly 8 damage."
UNG_937,UNG_937::conditional_murloc_discover,"Only with another friendly Murloc, Discovers a Murloc and adds selection to hand.","positive=murloc:PLAY;lookout:PLAY;offered=[('ICC_058', ['MURLOC']), ('ULD_723', ['MURLOC']), ('TRL_520', ['MURLOC'])];selected=ICC_058;choice=None;hand=['ICC_058'];negative=lookout:PLAY;choice:None;hand:[]",pass,batch=ungoro_c; Ran both branches: a friendly Murloc present and no friendly Murloc; inspected all live choices and zones.
UNG_938,UNG_938::restore_three_to_target,Hot Spring Guardian restores 3 Health to the chosen damaged friendly minion and has Taunt.,"target_health=(4, 5)->(5, 5);guardian=(2, 4, 1);target_zone=PLAY",pass,"batch=ungoro_c; Damaged a real friendly Yeti with Moonfire, targeted it with Battlecry, and checked exact health/max health and Taunt."
UNG_940,UNG_940::quest_seven_deathrattle_summons_and_amara,"Quest counts seven summoned Deathrattle minions, ignores a non-Deathrattle summon, and Amara sets hero Health to 40.","non_dr_progress=0;progress_six=6;quest_progress=7;quest_zone=GRAVEYARD;reward_before_seventh=False;amara=(40, 40, 'PLAY');hero=(40, 40);seventh=GRAVEYARD",pass,"batch=ungoro_c; Used actual Summon/Destroy state transitions for the threshold and non-Deathrattle branch, then played Amara and checked hero health/max health."
UNG_941,UNG_941::discover_spell_reduce_cost_two,"Offers only Spells, adds the selected spell, and reduces its Cost by 2.","offered=[('BT_002', 'SPELL', 2), ('GIL_548', 'SPELL', 2), ('BOT_254', 'SPELL', 3)];selected=BT_002;base_cost=2;discounted_cost=0;choice=None;hand=['BT_002'];glyph=GRAVEYARD",pass,"batch=ungoro_c; Inspected all choices, selected one live spell, and compared its printed/base cost with post-choice hand cost."
UNG_942,UNG_942::quest_ten_murloc_summons_and_megafin,"Quest counts ten summoned Murlocs, ignores a non-Murloc, then Megafin fills the hand with Murlocs.","nonmurloc_progress=0;progress_nine=9;quest_progress=10;quest_zone=GRAVEYARD;reward_before_tenth=False;reward_result=(10, [('CFM_344', True), ('GIL_678', True), ('BT_010', True), ('UNG_953', True), ('GIL_678', True), ('EX1_506', True), ('DRG_072', True), ('DRG_072', True), ('GVG_064', True), ('LOEA10_3', True)]);tenth=GRAVEYARD",pass,"batch=ungoro_c; Used actual summon/destroy transitions, checked 9/10 threshold, and played reward to inspect generated hand races."
UNG_946,UNG_946::destroy_enemy_weapon_gain_attack_armor,Destroys only the opposing weapon and gains Armor equal to its Attack.,own_weapon=CS2_091/1/PLAY;enemy_weapon=CS2_106/3/GRAVEYARD;enemy_weapon_live=None;enemy_attack=3;armor=0->3;ooze=PLAY,pass,batch=ungoro_c; Equipped a 1-Attack friendly weapon and opposing Fiery War Axe; checked weapon zones/identity and exact Armor.
UNG_946,UNG_946::no_enemy_weapon_no_armor,"With no opposing weapon, Ooze gives no Armor and resolves without error.",enemy_weapon=None;armor=0->0;ooze=PLAY,pass,batch=ungoro_c; Played the actual Battlecry while opponent had no weapon; checked both weapon and Armor state.
UNG_948,UNG_948::copies_friendly_target_only,Molten Reflection summons one copy of a friendly minion and rejects an enemy target.,"target_before=('CS2_182', 4, 5, 5, 0);copies=[('CS2_182', 4, 5, 5, 0, 'PLAY')];reflection=GRAVEYARD;foe=PLAY;invalid_rejected=True;invalid_zone=HAND;mana=6->6",pass,batch=ungoro_c; Inspected copied Yeti stats/health/zone; then attempted an opposing target and checked InvalidAction and mana.
UNG_950,UNG_950::recruits_after_hero_attack,"After the hero attacks, Vinecleaver summons two 1/1 Silver Hand Recruits.","weapon=PLAY;weapon_durability=3->2;hero_attack=4;enemy=5->1/5;recruits=[('CS2_101t', 1, 1, 'PLAY'), ('CS2_101t', 1, 1, 'PLAY')]",pass,"batch=ungoro_c; Equipped Vinecleaver, attacked an actual enemy Yeti, and checked weapon durability, damage, and two token bodies."
UNG_952,UNG_952::buff_taunt_and_deathrattle_stegodon,Spikeridged Steed grants +2/+6 and Taunt; after death it summons a Stegodon.,"spell=GRAVEYARD;buffed=(3, 7, 7, True, True);after_fireball=(1, 'PLAY');target=GRAVEYARD;stegodons=[('UNG_810', 2, 6, 6, 1, 'PLAY')]",pass,"batch=ungoro_c; Buffed a Wisp, checked attack/max/current health/Taunt/Deathrattle, then killed it with Fireball+Moonfire and checked token zone."
UNG_953,UNG_953::deathrattle_returns_spells_cast_on_champion,Primalfin Champion returns spells cast on it to hand and excludes a spell cast on another minion.,"champion=GRAVEYARD;other=PLAY/4;hand=['CS2_092', 'CS2_029'];champion_attacks=5",pass,batch=ungoro_c; Cast Blessing of Kings and lethal Fireball on Champion plus Moonfire on a different minion; checked exact returned IDs/zones.
UNG_954,UNG_954::six_friendly_spell_quest_and_galvadon,"Quest counts spells cast on friendly minions, ignores an enemy target, then Galvadon resolves five Adapts.","enemy_target_progress=0;friendly_target_health=1/7;progress=6;quest_zone=GRAVEYARD;galvadon=PLAY;choice_count=5;buffs=['UNG_999t14e', 'UNG_999t7e', 'UNG_999t6e', 'UNG_999t10e', 'UNG_999t10e'];choice=None",pass,"batch=ungoro_c; Cast one Moonfire on enemy minion, then six on a durable friendly minion; checked progress/reward and resolved all choices."
UNG_955,UNG_955::meteor_target_and_adjacent_damage,Meteor deals 15 to target and 3 to adjacent minions only.,"starting_max_damage_health=[(5, 0, 5), (5, 0, 5), (5, 0, 5), (5, 0, 5), (5, 0, 5)];direct_TARGET_ADJACENT=[('CS2_182', 11), ('CS2_182', 13)];target_zone=GRAVEYARD;adjacent_damage=[3, 3];all_damage=[3, 0, 3, 0, 0];far_zone=PLAY;friendly_zone=PLAY;meteor=GRAVEYARD",pass,"batch=ungoro_c; Used four no-Spell-Damage Yetis plus a friendly Yeti; recorded max health/damage, directly evaluated TARGET_ADJACENT, and checked all resulting zones/damage."
UNG_956,UNG_956::deathrattle_returns_each_minion,Spirit Echo grants each friendly minion a Deathrattle that returns itself to hand.,"echo=GRAVEYARD;deathrattles=(True, True);first=GRAVEYARD;after_first_hand=['CS2_182'];second=GRAVEYARD;after_second_hand=['CS2_182', 'CS2_231'];field=[]",pass,"batch=ungoro_c; Applied to Yeti and Wisp, then killed them separately with real spells and checked both returned hand entities/zones."
UNG_957,UNG_957::deathrattle_shuffles_taunt_six_nine,Direhorn Hatchling has Taunt and shuffles one 6/9 Taunt Direhorn into deck on death.,"body=(3, 6, 6, 1);hatchling=GRAVEYARD;deck=['UNG_957t1', 'CS2_182'];token_stats=(6, 9, 1);token_count=1",pass,"batch=ungoro_c; Kept a known deck card, killed the real Hatchling with Fireball, and checked body Taunt, token ID/stats/count, and deck zone."
UNG_960,UNG_960::summons_two_recruits_and_one_slot_branch,"Summons two 1/1 Recruits, or only one if only one board slot is open.","two_slot_case=spell:GRAVEYARD;recruits=[('CS2_101t', 1, 1), ('CS2_101t', 1, 1)];one_slot_case=spell:GRAVEYARD;field_size=7;recruits=[('CS2_101t', 1, 1, 'PLAY')]",pass,batch=ungoro_c; Tested empty board for two tokens and six occupied slots for the one-slot edge; inspected exact token stats and zones.
UNG_960,UNG_960::full_board_rejects_spell,"With no minion slots, Lost in the Jungle is not playable and changes no state.",rejected=True;spell=HAND;field_size=7;mana=10->10;recruits=[],pass,"batch=ungoro_c; Filled all seven friendly slots and attempted the actual spell; checked InvalidAction, hand, mana, and board."
UNG_961,UNG_961::adapt_selected_friendly_only,Adaptation resolves a choice on the selected friendly minion and rejects enemy targets.,"offered=['UNG_999t14', 'UNG_999t2', 'UNG_999t10'];selected=UNG_999t14;target=(1, 1, 1)->(2, 2, 2);other=(4, 5, 5)->(4, 5, 5);foe=PLAY;spell=GRAVEYARD;invalid_rejected=True;invalid_zone=HAND;mana=9->9",pass,batch=ungoro_c; Adapted a Stonetusk Boar alongside an untouched friendly Yeti; then attempted enemy target and checked mana/zone.
UNG_962,UNG_962::one_adapt_choice_applies_to_all_recruits,"With two friendly Silver Hand Recruits, one Adapt choice must apply the same selected option to both.","AssertionError: lost=GRAVEYARD;recruits=[('CS2_101t', 12), ('CS2_101t', 13)];before=[(1, 1, 1), (1, 1, 1)];after=[(1, 1, 1), (1, 1, 1)];buff_ids=[[], ['UNG_999t7e']];shared_choice_applied=False;choice_count=1;choices=['UNG_999t7'];stegodon=PLAY;choice=None",confirmed_error,"batch=ungoro_c; Generated two real Silver Hand Recruits with Lost in the Jungle, resolved the single live Adapt choice, and checked that the same selected buff reached both original entities."
UNG_962,UNG_962::no_recruits_no_choice,"With no Silver Hand Recruits, Battlecry creates no Adapt choice.",stegodon=PLAY;field=['UNG_962'];choice=None,pass,batch=ungoro_c; Played the real Battlecry on an empty friendly board and checked the body/choice state.
UNG_963,UNG_963::own_spell_adds_priest_spell,Each own spell cast adds a Priest spell; a minion play and opponent spell add none.,"lyra=PLAY;own_spell=GRAVEYARD;generated=[('BT_198', 'SPELL', 'PRIEST')];nonspell=PLAY;nonspell_added=[];enemy_spell=GRAVEYARD;enemy_turn_hand_delta=[];hand=['BT_198']",pass,"batch=ungoro_c; With Lyra on board, cast own Moonfire, played a minion, then had opponent cast Moonfire; checked generated class/type and hand deltas."
