card_id,name_en,card_set,card_type,collectible,in_project_xml,origin,implementation,tested,stage,outcome,summoned,has_deathrattle_runtime_flag,deathrattle_action_count,natural_lethal_result,forced_death_fallback,source_zone_after,source_left_play_assertion,source_graveyard_assertion,board_assertion,expected_terminal_gameover,exception_stage,exception_short,skip_reason,script_module,script_class,notes,state_delta,xml_deathrattle_tag,prereq_outcome,prereq_assertions,prereq_observations
AT_009,Rhonin,CardSet.TGT,CardType.MINION,True,True,project_xml_raw_tag,direct_actions_declared,yes,death_processed,pass,True,True,1,True,False,Zone.GRAVEYARD,True,True,True,False,,,,fireplace.cards.tgt.mage,AT_009,,"{""friendly_field"": {""before"": [""AT_009""], ""after"": []}, ""friendly_hand"": {""before"": 0, ""after"": 3}, ""friendly_graveyard"": {""before"": [], ""after"": [""AT_009""]}}",yes,,,
AT_019,Dreadsteed,CardSet.TGT,CardType.MINION,True,True,project_xml_raw_tag,direct_actions_declared,yes,death_processed,pass,True,True,1,True,False,Zone.GRAVEYARD,True,True,True,False,,,,fireplace.cards.tgt.warlock,AT_019,,"{""friendly_field"": {""before"": [""AT_019""], ""after"": []}, ""friendly_graveyard"": {""before"": [], ""after"": [""AT_019""]}}",yes,,,
AT_036,Anub'arak,CardSet.TGT,CardType.MINION,True,True,project_xml_raw_tag,direct_actions_declared,yes,death_processed_source_moved,pass_source_moved,True,True,1,True,False,Zone.HAND,True,False,True,False,,,,fireplace.cards.tgt.rogue,AT_036,Deathrattle moved the dying source out of the graveyard into another zone.,"{""friendly_field"": {""before"": [""AT_036""], ""after"": [""AT_036t""]}, ""friendly_hand"": {""before"": 0, ""after"": 1}}",yes,,,
AT_038,Darnassus Aspirant,CardSet.TGT,CardType.MINION,True,True,project_xml_raw_tag,direct_actions_declared,yes,death_processed,pass,True,True,1,True,False,Zone.GRAVEYARD,True,True,True,False,,,,fireplace.cards.tgt.druid,AT_038,,"{""friendly_field"": {""before"": [""AT_038""], ""after"": []}, ""friendly_graveyard"": {""before"": [], ""after"": [""AT_038""]}}",yes,,,
AT_050,Charged Hammer,CardSet.TGT,CardType.WEAPON,True,True,project_xml_raw_tag,direct_actions_declared,yes,death_processed,pass,True,True,1,True,False,Zone.GRAVEYARD,True,True,True,False,,,,fireplace.cards.tgt.shaman,AT_050,,"{""friendly_graveyard"": {""before"": [], ""after"": [""AT_050"", ""HERO_08bp""]}, ""friendly_weapon"": {""before"": ""AT_050"", ""after"": null}}",yes,,,
AT_123,Chillmaw,CardSet.TGT,CardType.MINION,True,True,project_xml_raw_tag,direct_actions_declared,yes,death_processed,pass,True,True,1,True,False,Zone.GRAVEYARD,True,True,True,False,,,,fireplace.cards.tgt.neutral_legendary,AT_123,,"{""friendly_field"": {""before"": [""AT_123""], ""after"": []}, ""friendly_graveyard"": {""before"": [], ""after"": [""AT_123""]}}",yes,,,
AT_128,The Skeleton Knight,CardSet.TGT,CardType.MINION,True,True,project_xml_raw_tag,direct_actions_declared,yes,death_processed,pass,True,True,1,True,False,Zone.GRAVEYARD,True,True,True,False,,,,fireplace.cards.tgt.neutral_legendary,AT_128,,"{""friendly_field"": {""before"": [""AT_128""], ""after"": []}, ""friendly_graveyard"": {""before"": [], ""after"": [""AT_128""]}}",yes,,,
BGS_006,Sneed's Old Shredder,CardSet.BATTLEGROUNDS,CardType.MINION,False,True,project_xml_raw_tag,no_direct_actions_declared,yes,death_processed_no_active_actions,pass_no_active_actions,True,True,0,True,False,Zone.GRAVEYARD,True,True,True,False,,,,,,The XML/runtime deathrattle tag dispatched no active deathrattle actions on this unconditioned summon; some cards attach actions through Battlecry/event-generated buffs.,"{""friendly_field"": {""before"": [""BGS_006""], ""after"": []}, ""friendly_graveyard"": {""before"": [], ""after"": [""BGS_006""]}}",yes,,,
BGS_008,Ghastcoiler,CardSet.BATTLEGROUNDS,CardType.MINION,False,True,project_xml_raw_tag,no_direct_actions_declared,yes,death_processed_no_active_actions,pass_no_active_actions,True,True,0,True,False,Zone.GRAVEYARD,True,True,True,False,,,,,,The XML/runtime deathrattle tag dispatched no active deathrattle actions on this unconditioned summon; some cards attach actions through Battlecry/event-generated buffs.,"{""friendly_field"": {""before"": [""BGS_008""], ""after"": []}, ""friendly_graveyard"": {""before"": [], ""after"": [""BGS_008""]}}",yes,,,
BGS_012,Kangor's Apprentice,CardSet.BATTLEGROUNDS,CardType.MINION,False,True,project_xml_raw_tag,no_direct_actions_declared,yes,death_processed_no_active_actions,pass_no_active_actions,True,True,0,True,False,Zone.GRAVEYARD,True,True,True,False,,,,,,The XML/runtime deathrattle tag dispatched no active deathrattle actions on this unconditioned summon; some cards attach actions through Battlecry/event-generated buffs.,"{""friendly_field"": {""before"": [""BGS_012""], ""after"": []}, ""friendly_graveyard"": {""before"": [], ""after"": [""BGS_012""]}}",yes,,,
BGS_014,Imprisoner,CardSet.BATTLEGROUNDS,CardType.MINION,False,True,project_xml_raw_tag,no_direct_actions_declared,yes,death_processed_no_active_actions,pass_no_active_actions,True,True,0,True,False,Zone.GRAVEYARD,True,True,True,False,,,,,,The XML/runtime deathrattle tag dispatched no active deathrattle actions on this unconditioned summon; some cards attach actions through Battlecry/event-generated buffs.,"{""friendly_field"": {""before"": [""BGS_014""], ""after"": []}, ""friendly_graveyard"": {""before"": [], ""after"": [""BGS_014""]}}",yes,,,
BGS_018,"Goldrinn, the Great Wolf",CardSet.BATTLEGROUNDS,CardType.MINION,False,True,project_xml_raw_tag,no_direct_actions_declared,yes,death_processed_no_active_actions,pass_no_active_actions,True,True,0,True,False,Zone.GRAVEYARD,True,True,True,False,,,,,,The XML/runtime deathrattle tag dispatched no active deathrattle actions on this unconditioned summon; some cards attach actions through Battlecry/event-generated buffs.,"{""friendly_field"": {""before"": [""BGS_018""], ""after"": []}, ""friendly_graveyard"": {""before"": [], ""after"": [""BGS_018""]}}",yes,,,
BGS_023,Piloted Shredder,CardSet.BATTLEGROUNDS,CardType.MINION,False,True,project_xml_raw_tag,no_direct_actions_declared,yes,death_processed_no_active_actions,pass_no_active_actions,True,True,0,True,False,Zone.GRAVEYARD,True,True,True,False,,,,,,The XML/runtime deathrattle tag dispatched no active deathrattle actions on this unconditioned summon; some cards attach actions through Battlecry/event-generated buffs.,"{""friendly_field"": {""before"": [""BGS_023""], ""after"": []}, ""friendly_graveyard"": {""before"": [], ""after"": [""BGS_023""]}}",yes,,,
BGS_024,Piloted Sky Golem,CardSet.BATTLEGROUNDS,CardType.MINION,False,True,project_xml_raw_tag,no_direct_actions_declared,yes,death_processed_no_active_actions,pass_no_active_actions,True,True,0,True,False,Zone.GRAVEYARD,True,True,True,False,,,,,,The XML/runtime deathrattle tag dispatched no active deathrattle actions on this unconditioned summon; some cards attach actions through Battlecry/event-generated buffs.,"{""friendly_field"": {""before"": [""BGS_024""], ""after"": []}, ""friendly_graveyard"": {""before"": [], ""after"": [""BGS_024""]}}",yes,,,
BGS_025,Mounted Raptor,CardSet.BATTLEGROUNDS,CardType.MINION,False,True,project_xml_raw_tag,no_direct_actions_declared,yes,death_processed_no_active_actions,pass_no_active_actions,True,True,0,True,False,Zone.GRAVEYARD,True,True,True,False,,,,,,The XML/runtime deathrattle tag dispatched no active deathrattle actions on this unconditioned summon; some cards attach actions through Battlecry/event-generated buffs.,"{""friendly_field"": {""before"": [""BGS_025""], ""after"": []}, ""friendly_graveyard"": {""before"": [], ""after"": [""BGS_025""]}}",yes,,,
BGS_030,King Bagurgle,CardSet.BATTLEGROUNDS,CardType.MINION,False,True,project_xml_raw_tag,no_direct_actions_declared,yes,death_processed_no_active_actions,pass_no_active_actions,True,True,0,True,False,Zone.GRAVEYARD,True,True,True,False,,,,,,The XML/runtime deathrattle tag dispatched no active deathrattle actions on this unconditioned summon; some cards attach actions through Battlecry/event-generated buffs.,"{""friendly_field"": {""before"": [""BGS_030""], ""after"": []}, ""friendly_graveyard"": {""before"": [], ""after"": [""BGS_030""]}}",yes,,,
BGS_040,Nadina the Red,CardSet.BATTLEGROUNDS,CardType.MINION,False,True,project_xml_raw_tag,no_direct_actions_declared,yes,death_processed_no_active_actions,pass_no_active_actions,True,True,0,True,False,Zone.GRAVEYARD,True,True,True,False,,,,,,The XML/runtime deathrattle tag dispatched no active deathrattle actions on this unconditioned summon; some cards attach actions through Battlecry/event-generated buffs.,"{""friendly_field"": {""before"": [""BGS_040""], ""after"": []}, ""friendly_graveyard"": {""before"": [], ""after"": [""BGS_040""]}}",yes,,,
BGS_061,Scallywag,CardSet.BATTLEGROUNDS,CardType.MINION,False,True,project_xml_raw_tag,no_direct_actions_declared,yes,death_processed_no_active_actions,pass_no_active_actions,True,True,0,True,False,Zone.GRAVEYARD,True,True,True,False,,,,,,The XML/runtime deathrattle tag dispatched no active deathrattle actions on this unconditioned summon; some cards attach actions through Battlecry/event-generated buffs.,"{""friendly_field"": {""before"": [""BGS_061""], ""after"": []}, ""friendly_graveyard"": {""before"": [], ""after"": [""BGS_061""]}}",yes,,,
BGS_079,The Tide Razor,CardSet.BATTLEGROUNDS,CardType.MINION,False,True,project_xml_raw_tag,no_direct_actions_declared,yes,death_processed_no_active_actions,pass_no_active_actions,True,True,0,True,False,Zone.GRAVEYARD,True,True,True,False,,,,,,The XML/runtime deathrattle tag dispatched no active deathrattle actions on this unconditioned summon; some cards attach actions through Battlecry/event-generated buffs.,"{""friendly_field"": {""before"": [""BGS_079""], ""after"": []}, ""friendly_graveyard"": {""before"": [], ""after"": [""BGS_079""]}}",yes,,,
BOTA_101,Spud M.E.,CardSet.BOOMSDAY,CardType.MINION,False,True,project_xml_raw_tag,no_direct_actions_declared,yes,death_processed_no_active_actions,pass_no_active_actions,True,True,0,True,False,Zone.GRAVEYARD,True,True,True,False,,,,,,The XML/runtime deathrattle tag dispatched no active deathrattle actions on this unconditioned summon; some cards attach actions through Battlecry/event-generated buffs.,"{""friendly_field"": {""before"": [""BOTA_101""], ""after"": []}, ""friendly_graveyard"": {""before"": [], ""after"": [""BOTA_101""]}}",yes,,,
BOTA_214,Turret Sentinel,CardSet.BOOMSDAY,CardType.MINION,False,True,project_xml_raw_tag,no_direct_actions_declared,yes,death_processed_no_active_actions,pass_no_active_actions,True,True,0,True,False,Zone.GRAVEYARD,True,True,True,False,,,,,,The XML/runtime deathrattle tag dispatched no active deathrattle actions on this unconditioned summon; some cards attach actions through Battlecry/event-generated buffs.,"{""friendly_field"": {""before"": [""BOTA_214""], ""after"": []}, ""friendly_graveyard"": {""before"": [], ""after"": [""BOTA_214""]}}",yes,,,
BOTA_229,Boom-in-a-Box,CardSet.BOOMSDAY,CardType.MINION,False,True,project_xml_raw_tag,no_direct_actions_declared,yes,death_processed_no_active_actions,pass_no_active_actions,True,True,0,True,False,Zone.GRAVEYARD,True,True,True,False,,,,,,The XML/runtime deathrattle tag dispatched no active deathrattle actions on this unconditioned summon; some cards attach actions through Battlecry/event-generated buffs.,"{""friendly_field"": {""before"": [""BOTA_229""], ""after"": []}, ""friendly_graveyard"": {""before"": [], ""after"": [""BOTA_229""]}}",yes,,,
BOTA_231,Incubator,CardSet.BOOMSDAY,CardType.MINION,False,True,project_xml_raw_tag,no_direct_actions_declared,yes,death_processed_no_active_actions,pass_no_active_actions,True,True,0,True,False,Zone.GRAVEYARD,True,True,True,False,,,,,,The XML/runtime deathrattle tag dispatched no active deathrattle actions on this unconditioned summon; some cards attach actions through Battlecry/event-generated buffs.,"{""friendly_field"": {""before"": [""BOTA_231""], ""after"": []}, ""friendly_graveyard"": {""before"": [], ""after"": [""BOTA_231""]}}",yes,,,
BOTA_603,Soul Repressor,CardSet.BOOMSDAY,CardType.MINION,False,True,project_xml_raw_tag,no_direct_actions_declared,yes,death_processed_no_active_actions,pass_no_active_actions,True,True,0,True,False,Zone.GRAVEYARD,True,True,True,False,,,,,,The XML/runtime deathrattle tag dispatched no active deathrattle actions on this unconditioned summon; some cards attach actions through Battlecry/event-generated buffs.,"{""friendly_field"": {""before"": [""BOTA_603""], ""after"": []}, ""friendly_graveyard"": {""before"": [], ""after"": [""BOTA_603""]}}",yes,,,
BOT_031,Goblin Bomb,CardSet.BOOMSDAY,CardType.MINION,True,True,project_xml_raw_tag,direct_actions_declared,yes,death_processed,pass,True,True,1,True,False,Zone.GRAVEYARD,True,True,True,False,,,,fireplace.cards.boomsday.neutral_common,BOT_031,,"{""friendly_field"": {""before"": [""BOT_031""], ""after"": []}, ""friendly_graveyard"": {""before"": [], ""after"": [""BOT_031""]}, ""enemy_hero"": {""before"": {""health"": 30, ""armor"": 0}, ""after"": {""health"": 28, ""armor"": 0}}}",yes,,,
BOT_066,Mechanical Whelp,CardSet.BOOMSDAY,CardType.MINION,True,True,project_xml_raw_tag,direct_actions_declared,yes,death_processed,pass,True,True,1,True,False,Zone.GRAVEYARD,True,True,True,False,,,,fireplace.cards.boomsday.neutral_rare,BOT_066,,"{""friendly_field"": {""before"": [""BOT_066""], ""after"": [""BOT_066t""]}, ""friendly_graveyard"": {""before"": [], ""after"": [""BOT_066""]}}",yes,,,
BOT_102,Spark Drill,CardSet.BOOMSDAY,CardType.MINION,True,True,project_xml_raw_tag,direct_actions_declared,yes,death_processed,pass,True,True,1,True,False,Zone.GRAVEYARD,True,True,True,False,,,,fireplace.cards.boomsday.neutral_rare,BOT_102,,"{""friendly_field"": {""before"": [""BOT_102""], ""after"": []}, ""friendly_hand"": {""before"": 0, ""after"": 2}, ""friendly_graveyard"": {""before"": [], ""after"": [""BOT_102""]}}",yes,,,
BOT_251,Spider Bomb,CardSet.BOOMSDAY,CardType.MINION,True,True,project_xml_raw_tag,direct_actions_declared,yes,death_processed,pass,True,True,1,True,False,Zone.GRAVEYARD,True,True,True,False,,,,fireplace.cards.boomsday.hunter,BOT_251,,"{""friendly_field"": {""before"": [""BOT_251""], ""after"": []}, ""friendly_graveyard"": {""before"": [], ""after"": [""BOT_251""]}}",yes,,,
BOT_251e,Spider Bomb,CardSet.BOOMSDAY,CardType.ENCHANTMENT,False,True,project_xml_python_tag,direct_actions_declared,no,skipped_non_playable_type,skipped,False,,,,False,,,,,False,,,XML type 6; not independently summonable by this minion/weapon smoke,fireplace.cards.boomsday.hunter,BOT_251e,,null,no,,,
BOT_258,"Zerek, Master Cloner",CardSet.BOOMSDAY,CardType.MINION,True,True,project_xml_raw_tag,direct_actions_declared,yes,death_processed,pass,True,True,1,True,False,Zone.GRAVEYARD,True,True,True,False,,,,fireplace.cards.boomsday.priest,BOT_258,,"{""friendly_field"": {""before"": [""BOT_258""], ""after"": []}, ""friendly_graveyard"": {""before"": [], ""after"": [""BOT_258""]}}",yes,,,
BOT_267,Piloted Reaper,CardSet.BOOMSDAY,CardType.MINION,True,True,project_xml_raw_tag,direct_actions_declared,yes,death_processed,pass,True,True,1,True,False,Zone.GRAVEYARD,True,True,True,False,,,,fireplace.cards.boomsday.neutral_common,BOT_267,,"{""friendly_field"": {""before"": [""BOT_267""], ""after"": []}, ""friendly_graveyard"": {""before"": [], ""after"": [""BOT_267""]}}",yes,,,
BOT_286,Necrium Blade,CardSet.BOOMSDAY,CardType.WEAPON,True,True,project_xml_raw_tag,direct_actions_declared,yes,death_processed,pass,True,True,1,True,False,Zone.GRAVEYARD,True,True,True,False,,,,fireplace.cards.boomsday.rogue,BOT_286,,"{""friendly_graveyard"": {""before"": [], ""after"": [""BOT_286""]}, ""friendly_weapon"": {""before"": ""BOT_286"", ""after"": null}}",yes,,,
BOT_312,Replicating Menace,CardSet.BOOMSDAY,CardType.MINION,True,True,project_xml_raw_tag,direct_actions_declared,yes,death_processed,pass,True,True,1,True,False,Zone.GRAVEYARD,True,True,True,False,,,,fireplace.cards.boomsday.neutral_rare,BOT_312,,"{""friendly_field"": {""before"": [""BOT_312""], ""after"": [""BOT_312t"", ""BOT_312t"", ""BOT_312t""]}, ""friendly_graveyard"": {""before"": [], ""after"": [""BOT_312""]}}",yes,,,
BOT_312e,Replicating Menace,CardSet.BOOMSDAY,CardType.ENCHANTMENT,False,True,project_xml_python_tag,direct_actions_declared,no,skipped_non_playable_type,skipped,False,,,,False,,,,,False,,,XML type 6; not independently summonable by this minion/weapon smoke,fireplace.cards.boomsday.neutral_rare,BOT_312e,,null,no,,,
BOT_401,Weaponized Piñata,CardSet.BOOMSDAY,CardType.MINION,True,True,project_xml_raw_tag,direct_actions_declared,yes,death_processed,pass,True,True,1,True,False,Zone.GRAVEYARD,True,True,True,False,,,,fireplace.cards.boomsday.neutral_epic,BOT_401,,"{""friendly_field"": {""before"": [""BOT_401""], ""after"": []}, ""friendly_hand"": {""before"": 0, ""after"": 1}, ""friendly_graveyard"": {""before"": [], ""after"": [""BOT_401""]}}",yes,,,
BOT_424,Mecha'thun,CardSet.BOOMSDAY,CardType.MINION,True,True,project_xml_raw_tag,direct_actions_declared,yes,death_processed_game_ended,pass_game_ended,True,True,1,True,False,Zone.GRAVEYARD,True,True,True,True,natural_lethal_hit,Expected engine terminal signal after card effect ended the game: GameOver: The game has ended.,,fireplace.cards.boomsday.neutral_legendary,BOT_424,GameOver is the engine's normal terminal signal. Mecha'thun's deathrattle ended the empty-board smoke game.,"{""friendly_field"": {""before"": [""BOT_424""], ""after"": []}, ""friendly_graveyard"": {""before"": [], ""after"": [""BOT_424""]}, ""enemy_graveyard"": {""before"": [], ""after"": [""HERO_08""]}}",yes,,,
BOT_433,Dr. Morrigan,CardSet.BOOMSDAY,CardType.MINION,True,True,project_xml_raw_tag,direct_actions_declared,yes,death_processed,pass,True,True,1,True,False,Zone.GRAVEYARD,True,True,True,False,,,,fireplace.cards.boomsday.warlock,BOT_433,,"{""friendly_field"": {""before"": [""BOT_433""], ""after"": []}, ""friendly_graveyard"": {""before"": [], ""after"": [""BOT_433""]}}",yes,,,
BOT_438e,Chipped,CardSet.BOOMSDAY,CardType.ENCHANTMENT,False,True,project_xml_python_tag,direct_actions_declared,no,skipped_non_playable_type,skipped,False,,,,False,,,,,False,,,XML type 6; not independently summonable by this minion/weapon smoke,fireplace.cards.boomsday.hunter,BOT_438e,,null,no,,,
BOT_443,Void Analyst,CardSet.BOOMSDAY,CardType.MINION,True,True,project_xml_raw_tag,direct_actions_declared,yes,death_processed,pass,True,True,1,True,False,Zone.GRAVEYARD,True,True,True,False,,,,fireplace.cards.boomsday.warlock,BOT_443,,"{""friendly_field"": {""before"": [""BOT_443""], ""after"": []}, ""friendly_graveyard"": {""before"": [], ""after"": [""BOT_443""]}}",yes,,,
BOT_445,Mecharoo,CardSet.BOOMSDAY,CardType.MINION,True,True,project_xml_raw_tag,direct_actions_declared,yes,death_processed,pass,True,True,1,True,False,Zone.GRAVEYARD,True,True,True,False,,,,fireplace.cards.boomsday.neutral_common,BOT_445,,"{""friendly_field"": {""before"": [""BOT_445""], ""after"": [""BOT_445t""]}, ""friendly_graveyard"": {""before"": [], ""after"": [""BOT_445""]}}",yes,,,
BOT_509,Dead Ringer,CardSet.BOOMSDAY,CardType.MINION,True,True,project_xml_raw_tag,direct_actions_declared,yes,death_processed,pass,True,True,1,True,False,Zone.GRAVEYARD,True,True,True,False,,,,fireplace.cards.boomsday.priest,BOT_509,,"{""friendly_field"": {""before"": [""BOT_509""], ""after"": []}, ""friendly_graveyard"": {""before"": [], ""after"": [""BOT_509""]}}",yes,,,
BOT_537,Mechano-Egg,CardSet.BOOMSDAY,CardType.MINION,True,True,project_xml_raw_tag,direct_actions_declared,yes,death_processed,pass,True,True,1,True,False,Zone.GRAVEYARD,True,True,True,False,,,,fireplace.cards.boomsday.paladin,BOT_537,,"{""friendly_field"": {""before"": [""BOT_537""], ""after"": [""BOT_537t""]}, ""friendly_graveyard"": {""before"": [], ""after"": [""BOT_537""]}}",yes,,,
BOT_558,Test Subject,CardSet.BOOMSDAY,CardType.MINION,True,True,project_xml_raw_tag,no_direct_actions_declared,yes,death_processed_no_active_actions,pass_no_active_actions,True,True,0,True,False,Zone.GRAVEYARD,True,True,True,False,,,,fireplace.cards.boomsday.priest,BOT_558,The XML/runtime deathrattle tag dispatched no active deathrattle actions on this unconditioned summon; some cards attach actions through Battlecry/event-generated buffs.,"{""friendly_field"": {""before"": [""BOT_558""], ""after"": []}, ""friendly_graveyard"": {""before"": [], ""after"": [""BOT_558""]}}",yes,pass,"{""spell_resolved_on_subject"":true,""subject_received_dynamic_deathrattle"":true,""subject_processed_death"":true,""cast_spell_returned_once"":true}","{""subject_zone_before_death"":""Zone.PLAY"",""subject_buff_ids"":[""BOT_558e"",""CS2_004e""],""deathrattle_action_count"":1,""spell_id"":""CS2_004"",""subject_zone_after_death"":""Zone.GRAVEYARD"",""returned_spell_count"":1,""friendly_hand_ids"":[""CS2_004""]}"
BOT_558e,Stored Data,CardSet.BOOMSDAY,CardType.ENCHANTMENT,False,True,project_xml_python_tag,direct_actions_declared,no,skipped_non_playable_type,skipped,False,,,,False,,,,,False,,,XML type 6; not independently summonable by this minion/weapon smoke,fireplace.cards.boomsday.priest,BOT_558e,,null,no,,,
BOT_565,Blightnozzle Crawler,CardSet.BOOMSDAY,CardType.MINION,True,True,project_xml_raw_tag,direct_actions_declared,yes,death_processed,pass,True,True,1,True,False,Zone.GRAVEYARD,True,True,True,False,,,,fireplace.cards.boomsday.rogue,BOT_565,,"{""friendly_field"": {""before"": [""BOT_565""], ""after"": [""BOT_565t""]}, ""friendly_graveyard"": {""before"": [], ""after"": [""BOT_565""]}}",yes,,,
BOT_606,Kaboom Bot,CardSet.BOOMSDAY,CardType.MINION,True,True,project_xml_raw_tag,direct_actions_declared,yes,death_processed,pass,True,True,1,True,False,Zone.GRAVEYARD,True,True,True,False,,,,fireplace.cards.boomsday.neutral_common,BOT_606,,"{""friendly_field"": {""before"": [""BOT_606""], ""after"": []}, ""friendly_graveyard"": {""before"": [], ""after"": [""BOT_606""]}}",yes,,,
BOT_700,SN1P-SN4P,CardSet.BOOMSDAY,CardType.MINION,True,True,project_xml_raw_tag,direct_actions_declared,yes,death_processed,pass,True,True,1,True,False,Zone.GRAVEYARD,True,True,True,False,,,,fireplace.cards.boomsday.neutral_legendary,BOT_700,,"{""friendly_field"": {""before"": [""BOT_700""], ""after"": [""BOT_312t"", ""BOT_312t""]}, ""friendly_graveyard"": {""before"": [], ""after"": [""BOT_700""]}}",yes,,,
BOT_700e,SN1P-SN4P,CardSet.BOOMSDAY,CardType.ENCHANTMENT,False,True,project_xml_python_tag,direct_actions_declared,no,skipped_non_playable_type,skipped,False,,,,False,,,,,False,,,XML type 6; not independently summonable by this minion/weapon smoke,fireplace.cards.boomsday.neutral_legendary,BOT_700e,,null,no,,,
BRMA04_3,Firesworn,CardSet.BRM,CardType.MINION,False,True,project_xml_raw_tag,direct_actions_declared,yes,death_processed,pass,True,True,1,True,False,Zone.GRAVEYARD,True,True,True,False,,,,fireplace.cards.blackrock.adventure,BRMA04_3,,"{""friendly_field"": {""before"": [""BRMA04_3""], ""after"": []}, ""friendly_graveyard"": {""before"": [], ""after"": [""BRMA04_3""]}, ""enemy_hero"": {""before"": {""health"": 30, ""armor"": 0}, ""after"": {""health"": 29, ""armor"": 0}}}",yes,,,
BRMA04_3H,Firesworn,CardSet.BRM,CardType.MINION,False,True,project_xml_raw_tag,direct_actions_declared,yes,death_processed,pass,True,True,1,True,False,Zone.GRAVEYARD,True,True,True,False,,,,fireplace.cards.blackrock.adventure,BRMA04_3H,,"{""friendly_field"": {""before"": [""BRMA04_3H""], ""after"": []}, ""friendly_graveyard"": {""before"": [], ""after"": [""BRMA04_3H""]}, ""enemy_hero"": {""before"": {""health"": 30, ""armor"": 0}, ""after"": {""health"": 29, ""armor"": 0}}}",yes,,,
BRMC_87,Moira Bronzebeard,CardSet.TB,CardType.MINION,False,True,project_xml_raw_tag,direct_actions_declared,yes,death_processed,pass,True,True,1,True,False,Zone.GRAVEYARD,True,True,True,False,,,,fireplace.cards.blackrock.brawl,BRMC_87,,"{""friendly_field"": {""before"": [""BRMC_87""], ""after"": [""BRM_028""]}, ""friendly_graveyard"": {""before"": [], ""after"": [""BRMC_87""]}}",yes,,,
BRMC_94,Sulfuras,CardSet.TB,CardType.WEAPON,False,True,project_xml_raw_tag,direct_actions_declared,yes,death_processed,pass,True,True,1,True,False,Zone.GRAVEYARD,True,True,True,False,,,,fireplace.cards.blackrock.brawl,BRMC_94,,"{""friendly_graveyard"": {""before"": [], ""after"": [""BRMC_94"", ""HERO_08bp""]}, ""friendly_weapon"": {""before"": ""BRMC_94"", ""after"": null}}",yes,,,
BRM_027,Majordomo Executus,CardSet.BRM,CardType.MINION,True,True,project_xml_raw_tag,direct_actions_declared,yes,death_processed,pass,True,True,1,True,False,Zone.GRAVEYARD,True,True,True,False,,,,fireplace.cards.blackrock.collectible,BRM_027,,"{""friendly_field"": {""before"": [""BRM_027""], ""after"": []}, ""friendly_graveyard"": {""before"": [], ""after"": [""BRM_027"", ""HERO_08bp"", ""HERO_08""]}, ""friendly_hero"": {""before"": {""health"": 30, ""armor"": 0}, ""after"": {""health"": 8, ""armor"": 0}}}",yes,,,
BTA_16,Rusted Fungal Giant,CardSet.BLACK_TEMPLE,CardType.MINION,False,True,project_xml_raw_tag,no_direct_actions_declared,yes,death_processed_no_active_actions,pass_no_active_actions,True,True,0,True,False,Zone.GRAVEYARD,True,True,True,False,,,,,,The XML/runtime deathrattle tag dispatched no active deathrattle actions on this unconditioned summon; some cards attach actions through Battlecry/event-generated buffs.,"{""friendly_field"": {""before"": [""BTA_16""], ""after"": []}, ""friendly_graveyard"": {""before"": [], ""after"": [""BTA_16""]}}",yes,,,
BTA_BOSS_10t,Glowcap Mushroom,CardSet.BLACK_TEMPLE,CardType.MINION,False,True,project_xml_raw_tag,no_direct_actions_declared,yes,death_processed_no_active_actions,pass_no_active_actions,True,True,0,True,False,Zone.GRAVEYARD,True,True,True,False,,,,,,The XML/runtime deathrattle tag dispatched no active deathrattle actions on this unconditioned summon; some cards attach actions through Battlecry/event-generated buffs.,"{""friendly_field"": {""before"": [""BTA_BOSS_10t""], ""after"": []}, ""friendly_graveyard"": {""before"": [], ""after"": [""BTA_BOSS_10t""]}}",yes,,,
BTA_BOSS_16t,Fel Reactor,CardSet.BLACK_TEMPLE,CardType.MINION,False,True,project_xml_raw_tag,no_direct_actions_declared,yes,death_processed_no_active_actions,pass_no_active_actions,True,True,0,True,False,Zone.GRAVEYARD,True,True,True,False,,,,,,The XML/runtime deathrattle tag dispatched no active deathrattle actions on this unconditioned summon; some cards attach actions through Battlecry/event-generated buffs.,"{""friendly_field"": {""before"": [""BTA_BOSS_16t""], ""after"": []}, ""friendly_graveyard"": {""before"": [], ""after"": [""BTA_BOSS_16t""]}}",yes,,,
BTA_BOSS_16t2,Hatred Reactor,CardSet.BLACK_TEMPLE,CardType.MINION,False,True,project_xml_raw_tag,no_direct_actions_declared,yes,death_processed_no_active_actions,pass_no_active_actions,True,True,0,True,False,Zone.GRAVEYARD,True,True,True,False,,,,,,The XML/runtime deathrattle tag dispatched no active deathrattle actions on this unconditioned summon; some cards attach actions through Battlecry/event-generated buffs.,"{""friendly_field"": {""before"": [""BTA_BOSS_16t2""], ""after"": []}, ""friendly_graveyard"": {""before"": [], ""after"": [""BTA_BOSS_16t2""]}}",yes,,,
BTA_BOSS_20t,Manticron Cube,CardSet.BLACK_TEMPLE,CardType.MINION,False,True,project_xml_raw_tag,no_direct_actions_declared,yes,death_processed_no_active_actions,pass_no_active_actions,True,True,0,True,False,Zone.GRAVEYARD,True,True,True,False,,,,,,The XML/runtime deathrattle tag dispatched no active deathrattle actions on this unconditioned summon; some cards attach actions through Battlecry/event-generated buffs.,"{""friendly_field"": {""before"": [""BTA_BOSS_20t""], ""after"": []}, ""friendly_graveyard"": {""before"": [], ""after"": [""BTA_BOSS_20t""]}}",yes,,,
BT_008,Rustsworn Initiate,CardSet.BLACK_TEMPLE,CardType.MINION,True,True,project_xml_raw_tag,direct_actions_declared,yes,death_processed,pass,True,True,1,True,False,Zone.GRAVEYARD,True,True,True,False,,,,fireplace.cards.outlands.neutral_common,BT_008,,"{""friendly_field"": {""before"": [""BT_008""], ""after"": [""BT_008t""]}, ""friendly_graveyard"": {""before"": [], ""after"": [""BT_008""]}}",yes,,,
BT_014,Starscryer,CardSet.BLACK_TEMPLE,CardType.MINION,True,True,project_xml_raw_tag,direct_actions_declared,yes,death_processed,pass,True,True,1,True,False,Zone.GRAVEYARD,True,True,True,False,,,,fireplace.cards.outlands.mage,BT_014,,"{""friendly_field"": {""before"": [""BT_014""], ""after"": []}, ""friendly_graveyard"": {""before"": [], ""after"": [""BT_014""]}}",yes,,,
BT_019,Murgur Murgurgle,CardSet.BLACK_TEMPLE,CardType.MINION,True,True,project_xml_raw_tag,direct_actions_declared,yes,death_processed_forced_fallback,pass_fallback,True,True,1,False,True,Zone.GRAVEYARD,True,True,True,False,,,,fireplace.cards.outlands.paladin,BT_019,Lethal hit did not remove the minion/weapon; forced health/durability depletion then processed deaths.,"{""friendly_field"": {""before"": [""BT_019""], ""after"": []}, ""friendly_deck"": {""before"": 0, ""after"": 1}, ""friendly_graveyard"": {""before"": [], ""after"": [""BT_019""]}}",yes,,,
BT_025e,Light's Wisdom,CardSet.BLACK_TEMPLE,CardType.ENCHANTMENT,False,True,project_xml_python_tag,direct_actions_declared,no,skipped_non_playable_type,skipped,False,,,,False,,,,,False,,,XML type 6; not independently summonable by this minion/weapon smoke,fireplace.cards.outlands.paladin,BT_025e,,null,no,,,
BT_028,Astromancer Solarian,CardSet.BLACK_TEMPLE,CardType.MINION,True,True,project_xml_raw_tag,direct_actions_declared,yes,death_processed,pass,True,True,1,True,False,Zone.GRAVEYARD,True,True,True,False,,,,fireplace.cards.outlands.mage,BT_028,,"{""friendly_field"": {""before"": [""BT_028""], ""after"": []}, ""friendly_deck"": {""before"": 0, ""after"": 1}, ""friendly_graveyard"": {""before"": [], ""after"": [""BT_028""]}}",yes,,,
BT_101e,Glowcapped,CardSet.BLACK_TEMPLE,CardType.ENCHANTMENT,False,True,project_xml_raw_tag,direct_actions_declared,no,skipped_non_playable_type,skipped,False,,,,False,,,,,False,,,XML type 6; not independently summonable by this minion/weapon smoke,fireplace.cards.outlands.shaman,BT_101e,,null,yes,,,
BT_109,Lady Vashj,CardSet.BLACK_TEMPLE,CardType.MINION,True,True,project_xml_raw_tag,direct_actions_declared,yes,death_processed,pass,True,True,1,True,False,Zone.GRAVEYARD,True,True,True,False,,,,fireplace.cards.outlands.shaman,BT_109,,"{""friendly_field"": {""before"": [""BT_109""], ""after"": []}, ""friendly_deck"": {""before"": 0, ""after"": 1}, ""friendly_graveyard"": {""before"": [], ""after"": [""BT_109""]}}",yes,,,
BT_123,Kargath Bladefist,CardSet.BLACK_TEMPLE,CardType.MINION,True,True,project_xml_raw_tag,direct_actions_declared,yes,death_processed,pass,True,True,1,True,False,Zone.GRAVEYARD,True,True,True,False,,,,fireplace.cards.outlands.warrior,BT_123,,"{""friendly_field"": {""before"": [""BT_123""], ""after"": []}, ""friendly_deck"": {""before"": 0, ""after"": 1}, ""friendly_graveyard"": {""before"": [], ""after"": [""BT_123""]}}",yes,,,
BT_126,Teron Gorefiend,CardSet.BLACK_TEMPLE,CardType.MINION,True,True,project_xml_raw_tag,no_direct_actions_declared,yes,death_processed_no_active_actions,pass_no_active_actions,True,True,0,True,False,Zone.GRAVEYARD,True,True,True,False,,,,fireplace.cards.outlands.neutral_legendary,BT_126,The XML/runtime deathrattle tag dispatched no active deathrattle actions on this unconditioned summon; some cards attach actions through Battlecry/event-generated buffs.,"{""friendly_field"": {""before"": [""BT_126""], ""after"": []}, ""friendly_graveyard"": {""before"": [], ""after"": [""BT_126""]}}",yes,pass,"{""battlecry_destroyed_victim"":true,""battlecry_attached_deathrattle"":true,""teron_processed_death"":true,""victim_resummoned_buffed"":true}","{""victim_zone_after_battlecry"":""Zone.GRAVEYARD"",""teron_zone_before_death"":""Zone.PLAY"",""teron_buffs"":[""BT_126e""],""deathrattle_action_count"":1,""teron_zone_after_death"":""Zone.GRAVEYARD"",""revived"":[{""id"":""CS2_231"",""atk"":2,""max_health"":2,""zone"":""Zone.PLAY""}]}"
BT_126e,Shadowy Construct,CardSet.BLACK_TEMPLE,CardType.ENCHANTMENT,False,True,project_xml_python_tag,direct_actions_declared,no,skipped_non_playable_type,skipped,False,,,,False,,,,,False,,,XML type 6; not independently summonable by this minion/weapon smoke,fireplace.cards.outlands.neutral_legendary,BT_126e,,null,no,,,
BT_136,Archspore Msshi'fn,CardSet.BLACK_TEMPLE,CardType.MINION,True,True,project_xml_raw_tag,direct_actions_declared,yes,death_processed,pass,True,True,1,True,False,Zone.GRAVEYARD,True,True,True,False,,,,fireplace.cards.outlands.druid,BT_136,,"{""friendly_field"": {""before"": [""BT_136""], ""after"": []}, ""friendly_deck"": {""before"": 0, ""after"": 1}, ""friendly_graveyard"": {""before"": [], ""after"": [""BT_136""]}}",yes,,,
BT_155,Scrapyard Colossus,CardSet.BLACK_TEMPLE,CardType.MINION,True,True,project_xml_raw_tag,direct_actions_declared,yes,death_processed,pass,True,True,1,True,False,Zone.GRAVEYARD,True,True,True,False,,,,fireplace.cards.outlands.neutral_rare,BT_155,,"{""friendly_field"": {""before"": [""BT_155""], ""after"": [""BT_155t""]}, ""friendly_graveyard"": {""before"": [], ""after"": [""BT_155""]}}",yes,,,
BT_160e,Rustsworn Pact,CardSet.BLACK_TEMPLE,CardType.ENCHANTMENT,False,True,project_xml_python_tag,direct_actions_declared,no,skipped_non_playable_type,skipped,False,,,,False,,,,,False,,,XML type 6; not independently summonable by this minion/weapon smoke,fireplace.cards.outlands.neutral_common,BT_160e,,null,no,,,
BT_197,Reliquary of Souls,CardSet.BLACK_TEMPLE,CardType.MINION,True,True,project_xml_raw_tag,direct_actions_declared,yes,death_processed,pass,True,True,1,True,False,Zone.GRAVEYARD,True,True,True,False,,,,fireplace.cards.outlands.priest,BT_197,,"{""friendly_field"": {""before"": [""BT_197""], ""after"": []}, ""friendly_deck"": {""before"": 0, ""after"": 1}, ""friendly_graveyard"": {""before"": [], ""after"": [""BT_197""]}}",yes,,,
BT_201,Augmented Porcupine,CardSet.BLACK_TEMPLE,CardType.MINION,True,True,project_xml_raw_tag,direct_actions_declared,yes,death_processed,pass,True,True,1,True,False,Zone.GRAVEYARD,True,True,True,False,,,,fireplace.cards.outlands.hunter,BT_201,,"{""friendly_field"": {""before"": [""BT_201""], ""after"": []}, ""friendly_graveyard"": {""before"": [], ""after"": [""BT_201""]}, ""enemy_hero"": {""before"": {""health"": 30, ""armor"": 0}, ""after"": {""health"": 28, ""armor"": 0}}}",yes,,,
BT_202,Helboar,CardSet.BLACK_TEMPLE,CardType.MINION,True,True,project_xml_raw_tag,direct_actions_declared,yes,death_processed,pass,True,True,1,True,False,Zone.GRAVEYARD,True,True,True,False,,,,fireplace.cards.outlands.hunter,BT_202,,"{""friendly_field"": {""before"": [""BT_202""], ""after"": []}, ""friendly_graveyard"": {""before"": [], ""after"": [""BT_202""]}}",yes,,,
BT_210,"Zixor, Apex Predator",CardSet.BLACK_TEMPLE,CardType.MINION,True,True,project_xml_raw_tag,direct_actions_declared,yes,death_processed,pass,True,True,1,True,False,Zone.GRAVEYARD,True,True,True,False,,,,fireplace.cards.outlands.hunter,BT_210,,"{""friendly_field"": {""before"": [""BT_210""], ""after"": []}, ""friendly_deck"": {""before"": 0, ""after"": 1}, ""friendly_graveyard"": {""before"": [], ""after"": [""BT_210""]}}",yes,,,
BT_249,Scrap Golem,CardSet.BLACK_TEMPLE,CardType.MINION,True,True,project_xml_raw_tag,direct_actions_declared,yes,death_processed,pass,True,True,1,True,False,Zone.GRAVEYARD,True,True,True,False,,,,fireplace.cards.outlands.warrior,BT_249,,"{""friendly_field"": {""before"": [""BT_249""], ""after"": []}, ""friendly_graveyard"": {""before"": [], ""after"": [""BT_249""]}, ""friendly_hero"": {""before"": {""health"": 30, ""armor"": 0}, ""after"": {""health"": 30, ""armor"": 4}}}",yes,,,
BT_304,Enhanced Dreadlord,CardSet.BLACK_TEMPLE,CardType.MINION,True,True,project_xml_raw_tag,direct_actions_declared,yes,death_processed,pass,True,True,1,True,False,Zone.GRAVEYARD,True,True,True,False,,,,fireplace.cards.outlands.warlock,BT_304,,"{""friendly_field"": {""before"": [""BT_304""], ""after"": [""BT_304t""]}, ""friendly_graveyard"": {""before"": [], ""after"": [""BT_304""]}}",yes,,,
BT_309,Kanrethad Ebonlocke,CardSet.BLACK_TEMPLE,CardType.MINION,True,True,project_xml_raw_tag,direct_actions_declared,yes,death_processed,pass,True,True,1,True,False,Zone.GRAVEYARD,True,True,True,False,,,,fireplace.cards.outlands.warlock,BT_309,,"{""friendly_field"": {""before"": [""BT_309""], ""after"": []}, ""friendly_deck"": {""before"": 0, ""after"": 1}, ""friendly_graveyard"": {""before"": [], ""after"": [""BT_309""]}}",yes,,,
BT_407,Ur'zul Horror,CardSet.DEMON_HUNTER_INITIATE,CardType.MINION,True,True,project_xml_raw_tag,direct_actions_declared,yes,death_processed,pass,True,True,1,True,False,Zone.GRAVEYARD,True,True,True,False,,,,fireplace.cards.initiate.demonhunter,BT_407,,"{""friendly_field"": {""before"": [""BT_407""], ""after"": []}, ""friendly_hand"": {""before"": 0, ""after"": 1}, ""friendly_graveyard"": {""before"": [], ""after"": [""BT_407""]}}",yes,,,
BT_509,Fel Summoner,CardSet.BLACK_TEMPLE,CardType.MINION,True,True,project_xml_raw_tag,direct_actions_declared,yes,death_processed,pass,True,True,1,True,False,Zone.GRAVEYARD,True,True,True,False,,,,fireplace.cards.outlands.demonhunter,BT_509,,"{""friendly_field"": {""before"": [""BT_509""], ""after"": []}, ""friendly_graveyard"": {""before"": [], ""after"": [""BT_509""]}}",yes,,,
BT_703,Cursed Vagrant,CardSet.BLACK_TEMPLE,CardType.MINION,True,True,project_xml_raw_tag,direct_actions_declared,yes,death_processed,pass,True,True,1,True,False,Zone.GRAVEYARD,True,True,True,False,,,,fireplace.cards.outlands.rogue,BT_703,,"{""friendly_field"": {""before"": [""BT_703""], ""after"": [""BT_703t""]}, ""friendly_graveyard"": {""before"": [], ""after"": [""BT_703""]}}",yes,,,
BT_713,Akama,CardSet.BLACK_TEMPLE,CardType.MINION,True,True,project_xml_raw_tag,direct_actions_declared,yes,death_processed,pass,True,True,1,True,False,Zone.GRAVEYARD,True,True,True,False,,,,fireplace.cards.outlands.rogue,BT_713,,"{""friendly_field"": {""before"": [""BT_713""], ""after"": []}, ""friendly_deck"": {""before"": 0, ""after"": 1}, ""friendly_graveyard"": {""before"": [], ""after"": [""BT_713""]}}",yes,,,
BT_726,Dragonmaw Sky Stalker,CardSet.BLACK_TEMPLE,CardType.MINION,True,True,project_xml_raw_tag,direct_actions_declared,yes,death_processed,pass,True,True,1,True,False,Zone.GRAVEYARD,True,True,True,False,,,,fireplace.cards.outlands.neutral_common,BT_726,,"{""friendly_field"": {""before"": [""BT_726""], ""after"": [""BT_726t""]}, ""friendly_graveyard"": {""before"": [], ""after"": [""BT_726""]}}",yes,,,
BT_728,Disguised Wanderer,CardSet.BLACK_TEMPLE,CardType.MINION,True,True,project_xml_raw_tag,direct_actions_declared,yes,death_processed,pass,True,True,1,True,False,Zone.GRAVEYARD,True,True,True,False,,,,fireplace.cards.outlands.neutral_common,BT_728,,"{""friendly_field"": {""before"": [""BT_728""], ""after"": [""BT_728t""]}, ""friendly_graveyard"": {""before"": [], ""after"": [""BT_728""]}}",yes,,,
BT_735,Al'ar,CardSet.BLACK_TEMPLE,CardType.MINION,True,True,project_xml_raw_tag,direct_actions_declared,yes,death_processed,pass,True,True,1,True,False,Zone.GRAVEYARD,True,True,True,False,,,,fireplace.cards.outlands.neutral_legendary,BT_735,,"{""friendly_field"": {""before"": [""BT_735""], ""after"": [""BT_735t""]}, ""friendly_graveyard"": {""before"": [], ""after"": [""BT_735""]}}",yes,,,
BT_761,Coilfang Warlord,CardSet.BLACK_TEMPLE,CardType.MINION,True,True,project_xml_raw_tag,direct_actions_declared,yes,death_processed,pass,True,True,1,True,False,Zone.GRAVEYARD,True,True,True,False,,,,fireplace.cards.outlands.demonhunter,BT_761,,"{""friendly_field"": {""before"": [""BT_761""], ""after"": [""BT_761t""]}, ""friendly_graveyard"": {""before"": [], ""after"": [""BT_761""]}}",yes,,,
CFM_095,Weasel Tunneler,CardSet.GANGS,CardType.MINION,True,True,project_xml_raw_tag,direct_actions_declared,yes,death_processed_source_moved,pass_source_moved,True,True,1,True,False,Zone.DECK,True,False,True,False,,,,fireplace.cards.gangs.neutral_epic,CFM_095,Deathrattle moved the dying source out of the graveyard into another zone.,"{""friendly_field"": {""before"": [""CFM_095""], ""after"": []}, ""enemy_deck"": {""before"": 0, ""after"": 1}}",yes,,,
CFM_120,Mistress of Mixtures,CardSet.GANGS,CardType.MINION,True,True,project_xml_raw_tag,direct_actions_declared,yes,death_processed,pass,True,True,1,True,False,Zone.GRAVEYARD,True,True,True,False,,,,fireplace.cards.gangs.neutral_common,CFM_120,,"{""friendly_field"": {""before"": [""CFM_120""], ""after"": []}, ""friendly_graveyard"": {""before"": [], ""after"": [""CFM_120""]}}",yes,,,
CFM_316,Rat Pack,CardSet.GANGS,CardType.MINION,True,True,project_xml_raw_tag,direct_actions_declared,yes,death_processed,pass,True,True,1,True,False,Zone.GRAVEYARD,True,True,True,False,,,,fireplace.cards.gangs.hunter,CFM_316,,"{""friendly_field"": {""before"": [""CFM_316""], ""after"": [""CFM_316"", ""CFM_316""]}, ""friendly_graveyard"": {""before"": [], ""after"": [""CFM_316""]}}",yes,,,
CFM_324,White Eyes,CardSet.GANGS,CardType.MINION,True,True,project_xml_raw_tag,direct_actions_declared,yes,death_processed,pass,True,True,1,True,False,Zone.GRAVEYARD,True,True,True,False,,,,fireplace.cards.gangs.shaman,CFM_324,,"{""friendly_field"": {""before"": [""CFM_324""], ""after"": []}, ""friendly_deck"": {""before"": 0, ""after"": 1}, ""friendly_graveyard"": {""before"": [], ""after"": [""CFM_324""]}}",yes,,,
CFM_336,Shaky Zipgunner,CardSet.GANGS,CardType.MINION,True,True,project_xml_raw_tag,direct_actions_declared,yes,death_processed,pass,True,True,1,True,False,Zone.GRAVEYARD,True,True,True,False,,,,fireplace.cards.gangs.hunter,CFM_336,,"{""friendly_field"": {""before"": [""CFM_336""], ""after"": []}, ""friendly_graveyard"": {""before"": [], ""after"": [""CFM_336""]}}",yes,,,
CFM_341,Sergeant Sally,CardSet.GANGS,CardType.MINION,True,True,project_xml_raw_tag,direct_actions_declared,yes,death_processed,pass,True,True,1,True,False,Zone.GRAVEYARD,True,True,True,False,,,,fireplace.cards.gangs.neutral_legendary,CFM_341,,"{""friendly_field"": {""before"": [""CFM_341""], ""after"": []}, ""friendly_graveyard"": {""before"": [], ""after"": [""CFM_341""]}}",yes,,,
CFM_646,Backstreet Leper,CardSet.GANGS,CardType.MINION,True,True,project_xml_raw_tag,direct_actions_declared,yes,death_processed,pass,True,True,1,True,False,Zone.GRAVEYARD,True,True,True,False,,,,fireplace.cards.gangs.neutral_common,CFM_646,,"{""friendly_field"": {""before"": [""CFM_646""], ""after"": []}, ""friendly_graveyard"": {""before"": [], ""after"": [""CFM_646""]}, ""enemy_hero"": {""before"": {""health"": 30, ""armor"": 0}, ""after"": {""health"": 28, ""armor"": 0}}}",yes,,,
CFM_667,Bomb Squad,CardSet.GANGS,CardType.MINION,True,True,project_xml_raw_tag,direct_actions_declared,yes,death_processed,pass,True,True,1,True,False,Zone.GRAVEYARD,True,True,True,False,,,,fireplace.cards.gangs.neutral_rare,CFM_667,,"{""friendly_field"": {""before"": [""CFM_667""], ""after"": []}, ""friendly_graveyard"": {""before"": [], ""after"": [""CFM_667""]}, ""friendly_hero"": {""before"": {""health"": 30, ""armor"": 0}, ""after"": {""health"": 25, ""armor"": 0}}}",yes,,,
CFM_691,Jade Swarmer,CardSet.GANGS,CardType.MINION,True,True,project_xml_raw_tag,direct_actions_declared,yes,death_processed,pass,True,True,1,True,False,Zone.GRAVEYARD,True,True,True,False,,,,fireplace.cards.gangs.rogue,CFM_691,,"{""friendly_field"": {""before"": [""CFM_691""], ""after"": [""CFM_712_t01""]}, ""friendly_graveyard"": {""before"": [], ""after"": [""CFM_691""]}}",yes,,,
CFM_759,Meanstreet Marshal,CardSet.GANGS,CardType.MINION,True,True,project_xml_raw_tag,direct_actions_declared,yes,death_processed,pass,True,True,1,True,False,Zone.GRAVEYARD,True,True,True,False,,,,fireplace.cards.gangs.paladin,CFM_759,,"{""friendly_field"": {""before"": [""CFM_759""], ""after"": []}, ""friendly_graveyard"": {""before"": [], ""after"": [""CFM_759""]}}",yes,,,
CFM_902,Aya Blackpaw,CardSet.GANGS,CardType.MINION,True,True,project_xml_raw_tag,direct_actions_declared,yes,death_processed,pass,True,True,1,True,False,Zone.GRAVEYARD,True,True,True,False,,,,fireplace.cards.gangs.neutral_legendary,CFM_902,,"{""friendly_field"": {""before"": [""CFM_902""], ""after"": [""CFM_712_t01""]}, ""friendly_graveyard"": {""before"": [], ""after"": [""CFM_902""]}}",yes,,,
CS2_038e,Ancestral Spirit,CardSet.EXPERT1,CardType.ENCHANTMENT,False,True,project_xml_python_tag,direct_actions_declared,no,skipped_non_playable_type,skipped,False,,,,False,,,,,False,,,XML type 6; not independently summonable by this minion/weapon smoke,fireplace.cards.classic.shaman,CS2_038e,,null,no,,,
DALA_713,Elder Taggawag,CardSet.DALARAN,CardType.MINION,False,True,project_xml_raw_tag,no_direct_actions_declared,yes,death_processed_no_active_actions,pass_no_active_actions,True,True,0,True,False,Zone.GRAVEYARD,True,True,True,False,,,,,,The XML/runtime deathrattle tag dispatched no active deathrattle actions on this unconditioned summon; some cards attach actions through Battlecry/event-generated buffs.,"{""friendly_field"": {""before"": [""DALA_713""], ""after"": []}, ""friendly_graveyard"": {""before"": [], ""after"": [""DALA_713""]}}",yes,,,
DALA_719,Soulreaper's Scythe,CardSet.DALARAN,CardType.WEAPON,False,True,project_xml_raw_tag,no_direct_actions_declared,yes,death_processed_no_active_actions,pass_no_active_actions,True,True,0,True,False,Zone.GRAVEYARD,True,True,True,False,,,,,,The XML/runtime deathrattle tag dispatched no active deathrattle actions on this unconditioned summon; some cards attach actions through Battlecry/event-generated buffs.,"{""friendly_graveyard"": {""before"": [], ""after"": [""DALA_719""]}, ""friendly_weapon"": {""before"": ""DALA_719"", ""after"": null}}",yes,,,
DALA_829t,Cache of Cash,CardSet.DALARAN,CardType.MINION,False,True,project_xml_raw_tag,no_direct_actions_declared,yes,death_processed_no_active_actions,pass_no_active_actions,True,True,0,True,False,Zone.GRAVEYARD,True,True,True,False,,,,,,The XML/runtime deathrattle tag dispatched no active deathrattle actions on this unconditioned summon; some cards attach actions through Battlecry/event-generated buffs.,"{""friendly_field"": {""before"": [""DALA_829t""], ""after"": []}, ""friendly_graveyard"": {""before"": [], ""after"": [""DALA_829t""]}}",yes,,,
DAL_039,Convincing Infiltrator,CardSet.DALARAN,CardType.MINION,True,True,project_xml_raw_tag,direct_actions_declared,yes,death_processed,pass,True,True,1,True,False,Zone.GRAVEYARD,True,True,True,False,,,,fireplace.cards.dalaran.priest,DAL_039,,"{""friendly_field"": {""before"": [""DAL_039""], ""after"": []}, ""friendly_graveyard"": {""before"": [], ""after"": [""DAL_039""]}}",yes,,,
DAL_040,Hench-Clan Shadequill,CardSet.DALARAN,CardType.MINION,True,True,project_xml_raw_tag,direct_actions_declared,yes,death_processed,pass,True,True,1,True,False,Zone.GRAVEYARD,True,True,True,False,,,,fireplace.cards.dalaran.priest,DAL_040,,"{""friendly_field"": {""before"": [""DAL_040""], ""after"": []}, ""friendly_graveyard"": {""before"": [], ""after"": [""DAL_040""]}}",yes,,,
DAL_088,Safeguard,CardSet.DALARAN,CardType.MINION,True,True,project_xml_raw_tag,direct_actions_declared,yes,death_processed,pass,True,True,1,True,False,Zone.GRAVEYARD,True,True,True,False,,,,fireplace.cards.dalaran.neutral_common,DAL_088,,"{""friendly_field"": {""before"": [""DAL_088""], ""after"": [""DAL_088t2""]}, ""friendly_graveyard"": {""before"": [], ""after"": [""DAL_088""]}}",yes,,,
DAL_146,Bronze Herald,CardSet.DALARAN,CardType.MINION,True,True,project_xml_raw_tag,direct_actions_declared,yes,death_processed,pass,True,True,1,True,False,Zone.GRAVEYARD,True,True,True,False,,,,fireplace.cards.dalaran.paladin,DAL_146,,"{""friendly_field"": {""before"": [""DAL_146""], ""after"": []}, ""friendly_hand"": {""before"": 0, ""after"": 2}, ""friendly_graveyard"": {""before"": [], ""after"": [""DAL_146""]}}",yes,,,
DAL_354,Acornbearer,CardSet.DALARAN,CardType.MINION,True,True,project_xml_raw_tag,direct_actions_declared,yes,death_processed,pass,True,True,1,True,False,Zone.GRAVEYARD,True,True,True,False,,,,fireplace.cards.dalaran.druid,DAL_354,,"{""friendly_field"": {""before"": [""DAL_354""], ""after"": []}, ""friendly_hand"": {""before"": 0, ""after"": 2}, ""friendly_graveyard"": {""before"": [], ""after"": [""DAL_354""]}}",yes,,,
DAL_357,Lucentbark,CardSet.DALARAN,CardType.MINION,True,True,project_xml_raw_tag,direct_actions_declared,yes,death_processed,pass,True,True,1,True,False,Zone.GRAVEYARD,True,True,True,False,,,,fireplace.cards.dalaran.druid,DAL_357,,"{""friendly_field"": {""before"": [""DAL_357""], ""after"": [""DAL_357t""]}, ""friendly_graveyard"": {""before"": [], ""after"": [""DAL_357""]}}",yes,,,
DAL_376,Oblivitron,CardSet.DALARAN,CardType.MINION,True,True,project_xml_raw_tag,direct_actions_declared,yes,death_processed,pass,True,True,1,True,False,Zone.GRAVEYARD,True,True,True,False,,,,fireplace.cards.dalaran.hunter,DAL_376,,"{""friendly_field"": {""before"": [""DAL_376""], ""after"": []}, ""friendly_graveyard"": {""before"": [], ""after"": [""DAL_376""]}}",yes,,,
DAL_413,EVIL Conscripter,CardSet.DALARAN,CardType.MINION,True,True,project_xml_raw_tag,direct_actions_declared,yes,death_processed,pass,True,True,1,True,False,Zone.GRAVEYARD,True,True,True,False,,,,fireplace.cards.dalaran.priest,DAL_413,,"{""friendly_field"": {""before"": [""DAL_413""], ""after"": []}, ""friendly_hand"": {""before"": 0, ""after"": 1}, ""friendly_graveyard"": {""before"": [], ""after"": [""DAL_413""]}}",yes,,,
DAL_563,Eager Underling,CardSet.DALARAN,CardType.MINION,True,True,project_xml_raw_tag,direct_actions_declared,yes,death_processed,pass,True,True,1,True,False,Zone.GRAVEYARD,True,True,True,False,,,,fireplace.cards.dalaran.warlock,DAL_563,,"{""friendly_field"": {""before"": [""DAL_563""], ""after"": []}, ""friendly_graveyard"": {""before"": [], ""after"": [""DAL_563""]}}",yes,,,
DAL_566,Eccentric Scribe,CardSet.DALARAN,CardType.MINION,True,True,project_xml_raw_tag,direct_actions_declared,yes,death_processed,pass,True,True,1,True,False,Zone.GRAVEYARD,True,True,True,False,,,,fireplace.cards.dalaran.neutral_common,DAL_566,,"{""friendly_field"": {""before"": [""DAL_566""], ""after"": [""DAL_566t"", ""DAL_566t"", ""DAL_566t"", ""DAL_566t""]}, ""friendly_graveyard"": {""before"": [], ""after"": [""DAL_566""]}}",yes,,,
DAL_587,Shimmerfly,CardSet.DALARAN,CardType.MINION,True,True,project_xml_raw_tag,direct_actions_declared,yes,death_processed,pass,True,True,1,True,False,Zone.GRAVEYARD,True,True,True,False,,,,fireplace.cards.dalaran.hunter,DAL_587,,"{""friendly_field"": {""before"": [""DAL_587""], ""after"": []}, ""friendly_hand"": {""before"": 0, ""after"": 1}, ""friendly_graveyard"": {""before"": [], ""after"": [""DAL_587""]}}",yes,,,
DAL_604,Ursatron,CardSet.DALARAN,CardType.MINION,True,True,project_xml_raw_tag,direct_actions_declared,yes,death_processed,pass,True,True,1,True,False,Zone.GRAVEYARD,True,True,True,False,,,,fireplace.cards.dalaran.hunter,DAL_604,,"{""friendly_field"": {""before"": [""DAL_604""], ""after"": []}, ""friendly_graveyard"": {""before"": [], ""after"": [""DAL_604""]}}",yes,,,
DAL_710e,Soul of the Murloc,CardSet.DALARAN,CardType.ENCHANTMENT,False,True,project_xml_python_tag,direct_actions_declared,no,skipped_non_playable_type,skipped,False,,,,False,,,,,False,,,XML type 6; not independently summonable by this minion/weapon smoke,fireplace.cards.dalaran.shaman,DAL_710e,,null,no,,,
DAL_720,Waggle Pick,CardSet.DALARAN,CardType.WEAPON,True,True,project_xml_raw_tag,direct_actions_declared,yes,death_processed,pass,True,True,1,True,False,Zone.GRAVEYARD,True,True,True,False,,,,fireplace.cards.dalaran.rogue,DAL_720,,"{""friendly_graveyard"": {""before"": [], ""after"": [""DAL_720""]}, ""friendly_weapon"": {""before"": ""DAL_720"", ""after"": null}}",yes,,,
DAL_743,Hench-Clan Hogsteed,CardSet.DALARAN,CardType.MINION,True,True,project_xml_raw_tag,direct_actions_declared,yes,death_processed,pass,True,True,1,True,False,Zone.GRAVEYARD,True,True,True,False,,,,fireplace.cards.dalaran.neutral_common,DAL_743,,"{""friendly_field"": {""before"": [""DAL_743""], ""after"": [""DAL_743t""]}, ""friendly_graveyard"": {""before"": [], ""after"": [""DAL_743""]}}",yes,,,
DAL_749,Recurring Villain,CardSet.DALARAN,CardType.MINION,True,True,project_xml_raw_tag,direct_actions_declared,yes,death_processed,pass,True,True,1,True,False,Zone.GRAVEYARD,True,True,True,False,,,,fireplace.cards.dalaran.neutral_rare,DAL_749,,"{""friendly_field"": {""before"": [""DAL_749""], ""after"": []}, ""friendly_graveyard"": {""before"": [], ""after"": [""DAL_749""]}}",yes,,,
DAL_775,Tunnel Blaster,CardSet.DALARAN,CardType.MINION,True,True,project_xml_raw_tag,direct_actions_declared,yes,death_processed,pass,True,True,1,True,False,Zone.GRAVEYARD,True,True,True,False,,,,fireplace.cards.dalaran.neutral_rare,DAL_775,,"{""friendly_field"": {""before"": [""DAL_775""], ""after"": []}, ""friendly_graveyard"": {""before"": [], ""after"": [""DAL_775""]}}",yes,,,
DRGA_BOSS_05t,Piloted Whirl-O-Tron,CardSet.YEAR_OF_THE_DRAGON,CardType.MINION,False,True,project_xml_raw_tag,no_direct_actions_declared,yes,death_processed_no_active_actions,pass_no_active_actions,True,True,0,True,False,Zone.GRAVEYARD,True,True,True,False,,,,,,The XML/runtime deathrattle tag dispatched no active deathrattle actions on this unconditioned summon; some cards attach actions through Battlecry/event-generated buffs.,"{""friendly_field"": {""before"": [""DRGA_BOSS_05t""], ""after"": []}, ""friendly_graveyard"": {""before"": [], ""after"": [""DRGA_BOSS_05t""]}}",yes,,,
DRGA_BOSS_05t4,F.U.S.E.,CardSet.YEAR_OF_THE_DRAGON,CardType.MINION,False,True,project_xml_raw_tag,no_direct_actions_declared,yes,death_processed_no_active_actions,pass_no_active_actions,True,True,0,True,False,Zone.GRAVEYARD,True,True,True,False,,,,,,The XML/runtime deathrattle tag dispatched no active deathrattle actions on this unconditioned summon; some cards attach actions through Battlecry/event-generated buffs.,"{""friendly_field"": {""before"": [""DRGA_BOSS_05t4""], ""after"": []}, ""friendly_graveyard"": {""before"": [], ""after"": [""DRGA_BOSS_05t4""]}}",yes,,,
DRGA_BOSS_08t,Wax Lance,CardSet.YEAR_OF_THE_DRAGON,CardType.WEAPON,False,True,project_xml_raw_tag,no_direct_actions_declared,yes,death_processed_no_active_actions,pass_no_active_actions,True,True,0,True,False,Zone.GRAVEYARD,True,True,True,False,,,,,,The XML/runtime deathrattle tag dispatched no active deathrattle actions on this unconditioned summon; some cards attach actions through Battlecry/event-generated buffs.,"{""friendly_graveyard"": {""before"": [], ""after"": [""DRGA_BOSS_08t""]}, ""friendly_weapon"": {""before"": ""DRGA_BOSS_08t"", ""after"": null}}",yes,,,
DRGA_BOSS_08t2,Living Candle,CardSet.YEAR_OF_THE_DRAGON,CardType.MINION,False,True,project_xml_raw_tag,no_direct_actions_declared,yes,death_processed_no_active_actions,pass_no_active_actions,True,True,0,True,False,Zone.GRAVEYARD,True,True,True,False,,,,,,The XML/runtime deathrattle tag dispatched no active deathrattle actions on this unconditioned summon; some cards attach actions through Battlecry/event-generated buffs.,"{""friendly_field"": {""before"": [""DRGA_BOSS_08t2""], ""after"": []}, ""friendly_graveyard"": {""before"": [], ""after"": [""DRGA_BOSS_08t2""]}}",yes,,,
DRGA_BOSS_27t,Sr. Camel,CardSet.YEAR_OF_THE_DRAGON,CardType.MINION,False,True,project_xml_raw_tag,no_direct_actions_declared,yes,death_processed_no_active_actions,pass_no_active_actions,True,True,0,True,False,Zone.GRAVEYARD,True,True,True,False,,,,,,The XML/runtime deathrattle tag dispatched no active deathrattle actions on this unconditioned summon; some cards attach actions through Battlecry/event-generated buffs.,"{""friendly_field"": {""before"": [""DRGA_BOSS_27t""], ""after"": []}, ""friendly_graveyard"": {""before"": [], ""after"": [""DRGA_BOSS_27t""]}}",yes,,,
DRG_036,Waxadred,CardSet.DRAGONS,CardType.MINION,True,True,project_xml_raw_tag,direct_actions_declared,yes,death_processed,pass,True,True,1,True,False,Zone.GRAVEYARD,True,True,True,False,,,,fireplace.cards.dragons.rogue,DRG_036,,"{""friendly_field"": {""before"": [""DRG_036""], ""after"": []}, ""friendly_deck"": {""before"": 0, ""after"": 1}, ""friendly_graveyard"": {""before"": [], ""after"": [""DRG_036""]}}",yes,,,
DRG_049,Tasty Flyfish,CardSet.DRAGONS,CardType.MINION,True,True,project_xml_raw_tag,direct_actions_declared,yes,death_processed,pass,True,True,1,True,False,Zone.GRAVEYARD,True,True,True,False,,,,fireplace.cards.dragons.neutral_common,DRG_049,,"{""friendly_field"": {""before"": [""DRG_049""], ""after"": []}, ""friendly_graveyard"": {""before"": [], ""after"": [""DRG_049""]}}",yes,,,
DRG_071,Bad Luck Albatross,CardSet.DRAGONS,CardType.MINION,True,True,project_xml_raw_tag,direct_actions_declared,yes,death_processed,pass,True,True,1,True,False,Zone.GRAVEYARD,True,True,True,False,,,,fireplace.cards.dragons.neutral_rare,DRG_071,,"{""friendly_field"": {""before"": [""DRG_071""], ""after"": []}, ""enemy_deck"": {""before"": 0, ""after"": 2}, ""friendly_graveyard"": {""before"": [], ""after"": [""DRG_071""]}}",yes,,,
DRG_086,Chromatic Egg,CardSet.DRAGONS,CardType.MINION,True,True,project_xml_raw_tag,no_direct_actions_declared,yes,death_processed_no_active_actions,pass_no_active_actions,True,True,0,True,False,Zone.GRAVEYARD,True,True,True,False,,,,fireplace.cards.dragons.neutral_epic,DRG_086,The XML/runtime deathrattle tag dispatched no active deathrattle actions on this unconditioned summon; some cards attach actions through Battlecry/event-generated buffs.,"{""friendly_field"": {""before"": [""DRG_086""], ""after"": []}, ""friendly_graveyard"": {""before"": [], ""after"": [""DRG_086""]}}",yes,pass,"{""discover_choice_resolved"":true,""egg_received_dynamic_deathrattle"":true,""egg_processed_death"":true,""chosen_dragon_hatched"":true}","{""discover_options"":[""DRG_079"",""EX1_562"",""DAL_609""],""chosen_dragon_id"":""DRG_079"",""egg_zone_before_death"":""Zone.PLAY"",""egg_buffs"":[""DRG_086e""],""deathrattle_action_count"":1,""egg_zone_after_death"":""Zone.GRAVEYARD"",""matching_hatched_minions"":[{""id"":""DRG_079"",""zone"":""Zone.PLAY""}],""friendly_field_ids"":[""DRG_079""]}"
DRG_086e,What's in the Egg?,CardSet.DRAGONS,CardType.ENCHANTMENT,False,True,project_xml_python_tag,direct_actions_declared,no,skipped_non_playable_type,skipped,False,,,,False,,,,,False,,,XML type 6; not independently summonable by this minion/weapon smoke,fireplace.cards.dragons.neutral_epic,DRG_086e,,null,no,,,
DRG_107,Violet Spellwing,CardSet.DRAGONS,CardType.MINION,True,True,project_xml_raw_tag,direct_actions_declared,yes,death_processed,pass,True,True,1,True,False,Zone.GRAVEYARD,True,True,True,False,,,,fireplace.cards.dragons.mage,DRG_107,,"{""friendly_field"": {""before"": [""DRG_107""], ""after"": []}, ""friendly_hand"": {""before"": 0, ""after"": 1}, ""friendly_graveyard"": {""before"": [], ""after"": [""DRG_107""]}}",yes,,,
DRG_235,Dragonrider Talritha,CardSet.DRAGONS,CardType.MINION,True,True,project_xml_raw_tag,direct_actions_declared,yes,death_processed,pass,True,True,1,True,False,Zone.GRAVEYARD,True,True,True,False,,,,fireplace.cards.dragons.paladin,DRG_235,,"{""friendly_field"": {""before"": [""DRG_235""], ""after"": []}, ""friendly_graveyard"": {""before"": [], ""after"": [""DRG_235""]}}",yes,,,
DRG_235e,Rider Talritha,CardSet.DRAGONS,CardType.ENCHANTMENT,False,True,project_xml_python_tag,direct_actions_declared,no,skipped_non_playable_type,skipped,False,,,,False,,,,,False,,,XML type 6; not independently summonable by this minion/weapon smoke,fireplace.cards.dragons.paladin,DRG_235e,,null,no,,,
DRG_255t2,Leper Gnome,CardSet.DRAGONS,CardType.MINION,False,True,project_xml_raw_tag,no_direct_actions_declared,yes,death_processed_no_active_actions,pass_no_active_actions,True,True,0,True,False,Zone.GRAVEYARD,True,True,True,False,,,,,,The XML/runtime deathrattle tag dispatched no active deathrattle actions on this unconditioned summon; some cards attach actions through Battlecry/event-generated buffs.,"{""friendly_field"": {""before"": [""DRG_255t2""], ""after"": []}, ""friendly_graveyard"": {""before"": [], ""after"": [""DRG_255t2""]}}",yes,,,
DRG_302e,Grave Rune,CardSet.DRAGONS,CardType.ENCHANTMENT,False,True,project_xml_python_tag,direct_actions_declared,no,skipped_non_playable_type,skipped,False,,,,False,,,,,False,,,XML type 6; not independently summonable by this minion/weapon smoke,fireplace.cards.dragons.priest,DRG_302e,,null,no,,,
DRG_304,Chronobreaker,CardSet.DRAGONS,CardType.MINION,True,True,project_xml_raw_tag,direct_actions_declared,yes,death_processed,pass,True,True,1,True,False,Zone.GRAVEYARD,True,True,True,False,,,,fireplace.cards.dragons.priest,DRG_304,,"{""friendly_field"": {""before"": [""DRG_304""], ""after"": []}, ""friendly_graveyard"": {""before"": [], ""after"": [""DRG_304""]}}",yes,,,
DRG_308,Mindflayer Kaahrj,CardSet.DRAGONS,CardType.MINION,True,True,project_xml_raw_tag,direct_actions_declared,yes,death_processed,pass,True,True,1,True,False,Zone.GRAVEYARD,True,True,True,False,,,,fireplace.cards.dragons.priest,DRG_308,,"{""friendly_field"": {""before"": [""DRG_308""], ""after"": []}, ""friendly_graveyard"": {""before"": [], ""after"": [""DRG_308""]}}",yes,,,
EX1_012,Bloodmage Thalnos,CardSet.EXPERT1,CardType.MINION,True,True,project_xml_raw_tag,direct_actions_declared,yes,death_processed,pass,True,True,1,True,False,Zone.GRAVEYARD,True,True,True,False,,,,fireplace.cards.classic.neutral_legendary,EX1_012,,"{""friendly_field"": {""before"": [""EX1_012""], ""after"": []}, ""friendly_graveyard"": {""before"": [], ""after"": [""EX1_012""]}}",yes,,,
EX1_016,Sylvanas Windrunner,CardSet.HOF,CardType.MINION,True,True,project_xml_raw_tag,direct_actions_declared,yes,death_processed,pass,True,True,1,True,False,Zone.GRAVEYARD,True,True,True,False,,,,fireplace.cards.classic.neutral_legendary,EX1_016,,"{""friendly_field"": {""before"": [""EX1_016""], ""after"": []}, ""friendly_graveyard"": {""before"": [], ""after"": [""EX1_016""]}}",yes,,,
EX1_029,Leper Gnome,CardSet.EXPERT1,CardType.MINION,True,True,project_xml_raw_tag,direct_actions_declared,yes,death_processed,pass,True,True,1,True,False,Zone.GRAVEYARD,True,True,True,False,,,,fireplace.cards.classic.neutral_common,EX1_029,,"{""friendly_field"": {""before"": [""EX1_029""], ""after"": []}, ""friendly_graveyard"": {""before"": [], ""after"": [""EX1_029""]}, ""enemy_hero"": {""before"": {""health"": 30, ""armor"": 0}, ""after"": {""health"": 28, ""armor"": 0}}}",yes,,,
EX1_096,Loot Hoarder,CardSet.EXPERT1,CardType.MINION,True,True,project_xml_raw_tag,direct_actions_declared,yes,death_processed,pass,True,True,1,True,False,Zone.GRAVEYARD,True,True,True,False,,,,fireplace.cards.classic.neutral_common,EX1_096,,"{""friendly_field"": {""before"": [""EX1_096""], ""after"": []}, ""friendly_graveyard"": {""before"": [], ""after"": [""EX1_096""]}}",yes,,,
EX1_097,Abomination,CardSet.EXPERT1,CardType.MINION,True,True,project_xml_raw_tag,direct_actions_declared,yes,death_processed,pass,True,True,1,True,False,Zone.GRAVEYARD,True,True,True,False,,,,fireplace.cards.classic.neutral_rare,EX1_097,,"{""friendly_field"": {""before"": [""EX1_097""], ""after"": []}, ""friendly_graveyard"": {""before"": [], ""after"": [""EX1_097""]}, ""friendly_hero"": {""before"": {""health"": 30, ""armor"": 0}, ""after"": {""health"": 28, ""armor"": 0}}, ""enemy_hero"": {""before"": {""health"": 30, ""armor"": 0}, ""after"": {""health"": 28, ""armor"": 0}}}",yes,,,
EX1_110,Cairne Bloodhoof,CardSet.EXPERT1,CardType.MINION,True,True,project_xml_raw_tag,direct_actions_declared,yes,death_processed,pass,True,True,1,True,False,Zone.GRAVEYARD,True,True,True,False,,,,fireplace.cards.classic.neutral_legendary,EX1_110,,"{""friendly_field"": {""before"": [""EX1_110""], ""after"": [""EX1_110t""]}, ""friendly_graveyard"": {""before"": [], ""after"": [""EX1_110""]}}",yes,,,
EX1_158e,Soul of the Forest,CardSet.EXPERT1,CardType.ENCHANTMENT,False,True,project_xml_python_tag,direct_actions_declared,no,skipped_non_playable_type,skipped,False,,,,False,,,,,False,,,XML type 6; not independently summonable by this minion/weapon smoke,fireplace.cards.classic.druid,EX1_158e,,null,no,,,
EX1_383,Tirion Fordring,CardSet.EXPERT1,CardType.MINION,True,True,project_xml_raw_tag,direct_actions_declared,yes,death_processed_forced_fallback,pass_fallback,True,True,1,False,True,Zone.GRAVEYARD,True,True,True,False,,,,fireplace.cards.classic.paladin,EX1_383,Lethal hit did not remove the minion/weapon; forced health/durability depletion then processed deaths.,"{""friendly_field"": {""before"": [""EX1_383""], ""after"": []}, ""friendly_graveyard"": {""before"": [], ""after"": [""EX1_383""]}, ""friendly_weapon"": {""before"": null, ""after"": ""EX1_383t""}}",yes,,,
EX1_534,Savannah Highmane,CardSet.EXPERT1,CardType.MINION,True,True,project_xml_raw_tag,direct_actions_declared,yes,death_processed,pass,True,True,1,True,False,Zone.GRAVEYARD,True,True,True,False,,,,fireplace.cards.classic.hunter,EX1_534,,"{""friendly_field"": {""before"": [""EX1_534""], ""after"": [""EX1_534t"", ""EX1_534t""]}, ""friendly_graveyard"": {""before"": [], ""after"": [""EX1_534""]}}",yes,,,
EX1_556,Harvest Golem,CardSet.EXPERT1,CardType.MINION,True,True,project_xml_raw_tag,direct_actions_declared,yes,death_processed,pass,True,True,1,True,False,Zone.GRAVEYARD,True,True,True,False,,,,fireplace.cards.classic.neutral_common,EX1_556,,"{""friendly_field"": {""before"": [""EX1_556""], ""after"": [""skele21""]}, ""friendly_graveyard"": {""before"": [], ""after"": [""EX1_556""]}}",yes,,,
EX1_577,The Beast,CardSet.EXPERT1,CardType.MINION,True,True,project_xml_raw_tag,direct_actions_declared,yes,death_processed,pass,True,True,1,True,False,Zone.GRAVEYARD,True,True,True,False,,,,fireplace.cards.classic.neutral_legendary,EX1_577,,"{""friendly_field"": {""before"": [""EX1_577""], ""after"": []}, ""enemy_field"": {""before"": [], ""after"": [""EX1_finkle""]}, ""friendly_graveyard"": {""before"": [], ""after"": [""EX1_577""]}}",yes,,,
FB_Champs_EX1_029,Leper Gnome,CardSet.TB,CardType.MINION,False,True,project_xml_raw_tag,no_direct_actions_declared,yes,death_processed_no_active_actions,pass_no_active_actions,True,True,0,True,False,Zone.GRAVEYARD,True,True,True,False,,,,,,The XML/runtime deathrattle tag dispatched no active deathrattle actions on this unconditioned summon; some cards attach actions through Battlecry/event-generated buffs.,"{""friendly_field"": {""before"": [""FB_Champs_EX1_029""], ""after"": []}, ""friendly_graveyard"": {""before"": [], ""after"": [""FB_Champs_EX1_029""]}}",yes,,,
FB_Champs_EX1_556,Harvest Golem,CardSet.TB,CardType.MINION,False,True,project_xml_raw_tag,no_direct_actions_declared,yes,death_processed_no_active_actions,pass_no_active_actions,True,True,0,True,False,Zone.GRAVEYARD,True,True,True,False,,,,,,The XML/runtime deathrattle tag dispatched no active deathrattle actions on this unconditioned summon; some cards attach actions through Battlecry/event-generated buffs.,"{""friendly_field"": {""before"": [""FB_Champs_EX1_556""], ""after"": []}, ""friendly_graveyard"": {""before"": [], ""after"": [""FB_Champs_EX1_556""]}}",yes,,,
FB_Champs_LOOT_306,Possessed Lackey,CardSet.TB,CardType.MINION,False,True,project_xml_raw_tag,no_direct_actions_declared,yes,death_processed_no_active_actions,pass_no_active_actions,True,True,0,True,False,Zone.GRAVEYARD,True,True,True,False,,,,,,The XML/runtime deathrattle tag dispatched no active deathrattle actions on this unconditioned summon; some cards attach actions through Battlecry/event-generated buffs.,"{""friendly_field"": {""before"": [""FB_Champs_LOOT_306""], ""after"": []}, ""friendly_graveyard"": {""before"": [], ""after"": [""FB_Champs_LOOT_306""]}}",yes,,,
FP1_001,Zombie Chow,CardSet.NAXX,CardType.MINION,True,True,project_xml_raw_tag,direct_actions_declared,yes,death_processed,pass,True,True,1,True,False,Zone.GRAVEYARD,True,True,True,False,,,,fireplace.cards.naxxramas.collectible,FP1_001,,"{""friendly_field"": {""before"": [""FP1_001""], ""after"": []}, ""friendly_graveyard"": {""before"": [], ""after"": [""FP1_001""]}}",yes,,,
FP1_002,Haunted Creeper,CardSet.NAXX,CardType.MINION,True,True,project_xml_raw_tag,direct_actions_declared,yes,death_processed,pass,True,True,1,True,False,Zone.GRAVEYARD,True,True,True,False,,,,fireplace.cards.naxxramas.collectible,FP1_002,,"{""friendly_field"": {""before"": [""FP1_002""], ""after"": [""FP1_002t"", ""FP1_002t""]}, ""friendly_graveyard"": {""before"": [], ""after"": [""FP1_002""]}}",yes,,,
FP1_004,Mad Scientist,CardSet.NAXX,CardType.MINION,True,True,project_xml_raw_tag,direct_actions_declared,yes,death_processed,pass,True,True,1,True,False,Zone.GRAVEYARD,True,True,True,False,,,,fireplace.cards.naxxramas.collectible,FP1_004,,"{""friendly_field"": {""before"": [""FP1_004""], ""after"": []}, ""friendly_graveyard"": {""before"": [], ""after"": [""FP1_004""]}}",yes,,,
FP1_006,Deathcharger,CardSet.NAXX,CardType.MINION,False,True,project_xml_raw_tag,direct_actions_declared,yes,death_processed,pass,True,True,1,True,False,Zone.GRAVEYARD,True,True,True,False,,,,fireplace.cards.naxxramas.adventure,FP1_006,,"{""friendly_field"": {""before"": [""FP1_006""], ""after"": []}, ""friendly_graveyard"": {""before"": [], ""after"": [""FP1_006""]}, ""friendly_hero"": {""before"": {""health"": 30, ""armor"": 0}, ""after"": {""health"": 27, ""armor"": 0}}}",yes,,,
FP1_007,Nerubian Egg,CardSet.NAXX,CardType.MINION,True,True,project_xml_raw_tag,direct_actions_declared,yes,death_processed,pass,True,True,1,True,False,Zone.GRAVEYARD,True,True,True,False,,,,fireplace.cards.naxxramas.collectible,FP1_007,,"{""friendly_field"": {""before"": [""FP1_007""], ""after"": [""FP1_007t""]}, ""friendly_graveyard"": {""before"": [], ""after"": [""FP1_007""]}}",yes,,,
FP1_009,Deathlord,CardSet.NAXX,CardType.MINION,True,True,project_xml_raw_tag,direct_actions_declared,yes,death_processed,pass,True,True,1,True,False,Zone.GRAVEYARD,True,True,True,False,,,,fireplace.cards.naxxramas.collectible,FP1_009,,"{""friendly_field"": {""before"": [""FP1_009""], ""after"": []}, ""friendly_graveyard"": {""before"": [], ""after"": [""FP1_009""]}}",yes,,,
FP1_011,Webspinner,CardSet.NAXX,CardType.MINION,True,True,project_xml_raw_tag,direct_actions_declared,yes,death_processed,pass,True,True,1,True,False,Zone.GRAVEYARD,True,True,True,False,,,,fireplace.cards.naxxramas.collectible,FP1_011,,"{""friendly_field"": {""before"": [""FP1_011""], ""after"": []}, ""friendly_hand"": {""before"": 0, ""after"": 1}, ""friendly_graveyard"": {""before"": [], ""after"": [""FP1_011""]}}",yes,,,
FP1_012,Sludge Belcher,CardSet.NAXX,CardType.MINION,True,True,project_xml_raw_tag,direct_actions_declared,yes,death_processed,pass,True,True,1,True,False,Zone.GRAVEYARD,True,True,True,False,,,,fireplace.cards.naxxramas.collectible,FP1_012,,"{""friendly_field"": {""before"": [""FP1_012""], ""after"": [""FP1_012t""]}, ""friendly_graveyard"": {""before"": [], ""after"": [""FP1_012""]}}",yes,,,
FP1_014,Stalagg,CardSet.NAXX,CardType.MINION,True,True,project_xml_raw_tag,direct_actions_declared,yes,death_processed,pass,True,True,1,True,False,Zone.GRAVEYARD,True,True,True,False,,,,fireplace.cards.naxxramas.collectible,FP1_014,,"{""friendly_field"": {""before"": [""FP1_014""], ""after"": []}, ""friendly_graveyard"": {""before"": [], ""after"": [""FP1_014""]}}",yes,,,
FP1_015,Feugen,CardSet.NAXX,CardType.MINION,True,True,project_xml_raw_tag,direct_actions_declared,yes,death_processed,pass,True,True,1,True,False,Zone.GRAVEYARD,True,True,True,False,,,,fireplace.cards.naxxramas.collectible,FP1_015,,"{""friendly_field"": {""before"": [""FP1_015""], ""after"": []}, ""friendly_graveyard"": {""before"": [], ""after"": [""FP1_015""]}}",yes,,,
FP1_021,Death's Bite,CardSet.NAXX,CardType.WEAPON,True,True,project_xml_raw_tag,direct_actions_declared,yes,death_processed,pass,True,True,1,True,False,Zone.GRAVEYARD,True,True,True,False,,,,fireplace.cards.naxxramas.collectible,FP1_021,,"{""friendly_graveyard"": {""before"": [], ""after"": [""FP1_021""]}, ""friendly_weapon"": {""before"": ""FP1_021"", ""after"": null}}",yes,,,
FP1_022,Voidcaller,CardSet.NAXX,CardType.MINION,True,True,project_xml_raw_tag,direct_actions_declared,yes,death_processed,pass,True,True,1,True,False,Zone.GRAVEYARD,True,True,True,False,,,,fireplace.cards.naxxramas.collectible,FP1_022,,"{""friendly_field"": {""before"": [""FP1_022""], ""after"": []}, ""friendly_graveyard"": {""before"": [], ""after"": [""FP1_022""]}}",yes,,,
FP1_023,Dark Cultist,CardSet.NAXX,CardType.MINION,True,True,project_xml_raw_tag,direct_actions_declared,yes,death_processed,pass,True,True,1,True,False,Zone.GRAVEYARD,True,True,True,False,,,,fireplace.cards.naxxramas.collectible,FP1_023,,"{""friendly_field"": {""before"": [""FP1_023""], ""after"": []}, ""friendly_graveyard"": {""before"": [], ""after"": [""FP1_023""]}}",yes,,,
FP1_024,Unstable Ghoul,CardSet.NAXX,CardType.MINION,True,True,project_xml_raw_tag,direct_actions_declared,yes,death_processed,pass,True,True,1,True,False,Zone.GRAVEYARD,True,True,True,False,,,,fireplace.cards.naxxramas.collectible,FP1_024,,"{""friendly_field"": {""before"": [""FP1_024""], ""after"": []}, ""friendly_graveyard"": {""before"": [], ""after"": [""FP1_024""]}}",yes,,,
FP1_026,Anub'ar Ambusher,CardSet.NAXX,CardType.MINION,True,True,project_xml_raw_tag,direct_actions_declared,yes,death_processed,pass,True,True,1,True,False,Zone.GRAVEYARD,True,True,True,False,,,,fireplace.cards.naxxramas.collectible,FP1_026,,"{""friendly_field"": {""before"": [""FP1_026""], ""after"": []}, ""friendly_graveyard"": {""before"": [], ""after"": [""FP1_026""]}}",yes,,,
FP1_029,Dancing Swords,CardSet.NAXX,CardType.MINION,True,True,project_xml_raw_tag,direct_actions_declared,yes,death_processed,pass,True,True,1,True,False,Zone.GRAVEYARD,True,True,True,False,,,,fireplace.cards.naxxramas.collectible,FP1_029,,"{""friendly_field"": {""before"": [""FP1_029""], ""after"": []}, ""friendly_graveyard"": {""before"": [], ""after"": [""FP1_029""]}}",yes,,,
GILA_BOSS_24t,Bloated Zombie,CardSet.GILNEAS,CardType.MINION,False,True,project_xml_raw_tag,no_direct_actions_declared,yes,death_processed_no_active_actions,pass_no_active_actions,True,True,0,True,False,Zone.GRAVEYARD,True,True,True,False,,,,,,The XML/runtime deathrattle tag dispatched no active deathrattle actions on this unconditioned summon; some cards attach actions through Battlecry/event-generated buffs.,"{""friendly_field"": {""before"": [""GILA_BOSS_24t""], ""after"": []}, ""friendly_graveyard"": {""before"": [], ""after"": [""GILA_BOSS_24t""]}}",yes,,,
GILA_BOSS_26t,Stuffed Sack,CardSet.GILNEAS,CardType.MINION,False,True,project_xml_raw_tag,no_direct_actions_declared,yes,death_processed_no_active_actions,pass_no_active_actions,True,True,0,True,False,Zone.GRAVEYARD,True,True,True,False,,,,,,The XML/runtime deathrattle tag dispatched no active deathrattle actions on this unconditioned summon; some cards attach actions through Battlecry/event-generated buffs.,"{""friendly_field"": {""before"": [""GILA_BOSS_26t""], ""after"": []}, ""friendly_graveyard"": {""before"": [], ""after"": [""GILA_BOSS_26t""]}}",yes,,,
GILA_BOSS_49t,Crowskin Faithful,CardSet.GILNEAS,CardType.MINION,False,True,project_xml_raw_tag,no_direct_actions_declared,yes,death_processed_no_active_actions,pass_no_active_actions,True,True,0,True,False,Zone.GRAVEYARD,True,True,True,False,,,,,,The XML/runtime deathrattle tag dispatched no active deathrattle actions on this unconditioned summon; some cards attach actions through Battlecry/event-generated buffs.,"{""friendly_field"": {""before"": [""GILA_BOSS_49t""], ""after"": []}, ""friendly_graveyard"": {""before"": [], ""after"": [""GILA_BOSS_49t""]}}",yes,,,
GIL_118,Deranged Doctor,CardSet.GILNEAS,CardType.MINION,True,True,project_xml_raw_tag,direct_actions_declared,yes,death_processed,pass,True,True,1,True,False,Zone.GRAVEYARD,True,True,True,False,,,,fireplace.cards.witchwood.neutral_common,GIL_118,,"{""friendly_field"": {""before"": [""GIL_118""], ""after"": []}, ""friendly_graveyard"": {""before"": [], ""after"": [""GIL_118""]}}",yes,,,
GIL_513,Lost Spirit,CardSet.GILNEAS,CardType.MINION,True,True,project_xml_raw_tag,direct_actions_declared,yes,death_processed,pass,True,True,1,True,False,Zone.GRAVEYARD,True,True,True,False,,,,fireplace.cards.witchwood.neutral_common,GIL_513,,"{""friendly_field"": {""before"": [""GIL_513""], ""after"": []}, ""friendly_graveyard"": {""before"": [], ""after"": [""GIL_513""]}}",yes,,,
GIL_557,Cursed Castaway,CardSet.GILNEAS,CardType.MINION,True,True,project_xml_raw_tag,direct_actions_declared,yes,death_processed,pass,True,True,1,True,False,Zone.GRAVEYARD,True,True,True,False,,,,fireplace.cards.witchwood.rogue,GIL_557,,"{""friendly_field"": {""before"": [""GIL_557""], ""after"": []}, ""friendly_graveyard"": {""before"": [], ""after"": [""GIL_557""]}}",yes,,,
GIL_608,Witchwood Imp,CardSet.GILNEAS,CardType.MINION,True,True,project_xml_raw_tag,direct_actions_declared,yes,death_processed,pass,True,True,1,True,False,Zone.GRAVEYARD,True,True,True,False,,,,fireplace.cards.witchwood.warlock,GIL_608,,"{""friendly_field"": {""before"": [""GIL_608""], ""after"": []}, ""friendly_graveyard"": {""before"": [], ""after"": [""GIL_608""]}}",yes,,,
GIL_614,Voodoo Doll,CardSet.GILNEAS,CardType.MINION,True,True,project_xml_raw_tag,direct_actions_declared,yes,death_processed,pass,True,True,1,True,False,Zone.GRAVEYARD,True,True,True,False,,,,fireplace.cards.witchwood.neutral_epic,GIL_614,,"{""friendly_field"": {""before"": [""GIL_614""], ""after"": []}, ""friendly_graveyard"": {""before"": [], ""after"": [""GIL_614""]}}",yes,,,
GIL_616,Splitting Festeroot,CardSet.GILNEAS,CardType.MINION,True,True,project_xml_raw_tag,direct_actions_declared,yes,death_processed,pass,True,True,1,True,False,Zone.GRAVEYARD,True,True,True,False,,,,fireplace.cards.witchwood.neutral_epic,GIL_616,,"{""friendly_field"": {""before"": [""GIL_616""], ""after"": [""GIL_616t"", ""GIL_616t""]}, ""friendly_graveyard"": {""before"": [], ""after"": [""GIL_616""]}}",yes,,,
GIL_616t,Splitting Sapling,CardSet.GILNEAS,CardType.MINION,False,True,project_xml_raw_tag,direct_actions_declared,yes,death_processed,pass,True,True,1,True,False,Zone.GRAVEYARD,True,True,True,False,,,,fireplace.cards.witchwood.neutral_epic,GIL_616t,,"{""friendly_field"": {""before"": [""GIL_616t""], ""after"": [""GIL_616t2"", ""GIL_616t2""]}, ""friendly_graveyard"": {""before"": [], ""after"": [""GIL_616t""]}}",yes,,,
GIL_634,Bellringer Sentry,CardSet.GILNEAS,CardType.MINION,True,True,project_xml_raw_tag,direct_actions_declared,yes,death_processed,pass,True,True,1,True,False,Zone.GRAVEYARD,True,True,True,False,,,,fireplace.cards.witchwood.paladin,GIL_634,,"{""friendly_field"": {""before"": [""GIL_634""], ""after"": []}, ""friendly_graveyard"": {""before"": [], ""after"": [""GIL_634""]}}",yes,,,
GIL_653,Woodcutter's Axe,CardSet.GILNEAS,CardType.WEAPON,True,True,project_xml_raw_tag,direct_actions_declared,yes,death_processed,pass,True,True,1,True,False,Zone.GRAVEYARD,True,True,True,False,,,,fireplace.cards.witchwood.warrior,GIL_653,,"{""friendly_graveyard"": {""before"": [], ""after"": [""GIL_653""]}, ""friendly_weapon"": {""before"": ""GIL_653"", ""after"": null}}",yes,,,
GIL_667,Rotten Applebaum,CardSet.GILNEAS,CardType.MINION,True,True,project_xml_raw_tag,direct_actions_declared,yes,death_processed,pass,True,True,1,True,False,Zone.GRAVEYARD,True,True,True,False,,,,fireplace.cards.witchwood.neutral_common,GIL_667,,"{""friendly_field"": {""before"": [""GIL_667""], ""after"": []}, ""friendly_graveyard"": {""before"": [], ""after"": [""GIL_667""]}}",yes,,,
GIL_805,Coffin Crasher,CardSet.GILNEAS,CardType.MINION,True,True,project_xml_raw_tag,direct_actions_declared,yes,death_processed,pass,True,True,1,True,False,Zone.GRAVEYARD,True,True,True,False,,,,fireplace.cards.witchwood.priest,GIL_805,,"{""friendly_field"": {""before"": [""GIL_805""], ""after"": []}, ""friendly_graveyard"": {""before"": [], ""after"": [""GIL_805""]}}",yes,,,
GIL_816,Swamp Dragon Egg,CardSet.GILNEAS,CardType.MINION,True,True,project_xml_raw_tag,direct_actions_declared,yes,death_processed,pass,True,True,1,True,False,Zone.GRAVEYARD,True,True,True,False,,,,fireplace.cards.witchwood.neutral_common,GIL_816,,"{""friendly_field"": {""before"": [""GIL_816""], ""after"": []}, ""friendly_hand"": {""before"": 0, ""after"": 1}, ""friendly_graveyard"": {""before"": [], ""after"": [""GIL_816""]}}",yes,,,
GVG_035,Malorne,CardSet.GVG,CardType.MINION,True,True,project_xml_raw_tag,direct_actions_declared,yes,death_processed_source_moved,pass_source_moved,True,True,1,True,False,Zone.DECK,True,False,True,False,,,,fireplace.cards.gvg.druid,GVG_035,Deathrattle moved the dying source out of the graveyard into another zone.,"{""friendly_field"": {""before"": [""GVG_035""], ""after"": []}, ""friendly_deck"": {""before"": 0, ""after"": 1}}",yes,,,
GVG_036,Powermace,CardSet.GVG,CardType.WEAPON,True,True,project_xml_raw_tag,direct_actions_declared,yes,death_processed,pass,True,True,1,True,False,Zone.GRAVEYARD,True,True,True,False,,,,fireplace.cards.gvg.shaman,GVG_036,,"{""friendly_graveyard"": {""before"": [], ""after"": [""GVG_036""]}, ""friendly_weapon"": {""before"": ""GVG_036"", ""after"": null}}",yes,,,
GVG_076,Explosive Sheep,CardSet.GVG,CardType.MINION,True,True,project_xml_raw_tag,direct_actions_declared,yes,death_processed,pass,True,True,1,True,False,Zone.GRAVEYARD,True,True,True,False,,,,fireplace.cards.gvg.neutral_common,GVG_076,,"{""friendly_field"": {""before"": [""GVG_076""], ""after"": []}, ""friendly_graveyard"": {""before"": [], ""after"": [""GVG_076""]}}",yes,,,
GVG_078,Mechanical Yeti,CardSet.GVG,CardType.MINION,True,True,project_xml_raw_tag,direct_actions_declared,yes,death_processed,pass,True,True,1,True,False,Zone.GRAVEYARD,True,True,True,False,,,,fireplace.cards.gvg.neutral_common,GVG_078,,"{""friendly_field"": {""before"": [""GVG_078""], ""after"": []}, ""friendly_graveyard"": {""before"": [], ""after"": [""GVG_078""]}}",yes,,,
GVG_082,Clockwork Gnome,CardSet.GVG,CardType.MINION,True,True,project_xml_raw_tag,direct_actions_declared,yes,death_processed,pass,True,True,1,True,False,Zone.GRAVEYARD,True,True,True,False,,,,fireplace.cards.gvg.neutral_common,GVG_082,,"{""friendly_field"": {""before"": [""GVG_082""], ""after"": []}, ""friendly_graveyard"": {""before"": [], ""after"": [""GVG_082""]}}",yes,,,
GVG_096,Piloted Shredder,CardSet.GVG,CardType.MINION,True,True,project_xml_raw_tag,direct_actions_declared,yes,death_processed,pass,True,True,1,True,False,Zone.GRAVEYARD,True,True,True,False,,,,fireplace.cards.gvg.neutral_common,GVG_096,,"{""friendly_field"": {""before"": [""GVG_096""], ""after"": [""BT_702""]}, ""friendly_graveyard"": {""before"": [], ""after"": [""GVG_096""]}}",yes,,,
GVG_105,Piloted Sky Golem,CardSet.GVG,CardType.MINION,True,True,project_xml_raw_tag,direct_actions_declared,yes,death_processed,pass,True,True,1,True,False,Zone.GRAVEYARD,True,True,True,False,,,,fireplace.cards.gvg.neutral_epic,GVG_105,,"{""friendly_field"": {""before"": [""GVG_105""], ""after"": [""CS2_033""]}, ""friendly_graveyard"": {""before"": [], ""after"": [""GVG_105""]}}",yes,,,
GVG_110t,Boom Bot,CardSet.GVG,CardType.MINION,False,True,project_xml_raw_tag,direct_actions_declared,yes,death_processed,pass,True,True,1,True,False,Zone.GRAVEYARD,True,True,True,False,,,,fireplace.cards.gvg.neutral_legendary,GVG_110t,,"{""friendly_field"": {""before"": [""GVG_110t""], ""after"": []}, ""friendly_graveyard"": {""before"": [], ""after"": [""GVG_110t""]}, ""enemy_hero"": {""before"": {""health"": 30, ""armor"": 0}, ""after"": {""health"": 29, ""armor"": 0}}}",yes,,,
GVG_114,Sneed's Old Shredder,CardSet.GVG,CardType.MINION,True,True,project_xml_raw_tag,direct_actions_declared,yes,death_processed,pass,True,True,1,True,False,Zone.GRAVEYARD,True,True,True,False,,,,fireplace.cards.gvg.neutral_legendary,GVG_114,,"{""friendly_field"": {""before"": [""GVG_114""], ""after"": [""BT_309""]}, ""friendly_graveyard"": {""before"": [], ""after"": [""GVG_114""]}}",yes,,,
GVG_115,Toshley,CardSet.GVG,CardType.MINION,True,True,project_xml_raw_tag,direct_actions_declared,yes,death_processed,pass,True,True,1,True,False,Zone.GRAVEYARD,True,True,True,False,,,,fireplace.cards.gvg.neutral_legendary,GVG_115,,"{""friendly_field"": {""before"": [""GVG_115""], ""after"": []}, ""friendly_graveyard"": {""before"": [], ""after"": [""GVG_115""]}}",yes,,,
ICCA11_001,Skeletal Knight,CardSet.ICECROWN,CardType.MINION,False,True,project_xml_raw_tag,no_direct_actions_declared,yes,death_processed_no_active_actions,pass_no_active_actions,True,True,0,True,False,Zone.GRAVEYARD,True,True,True,False,,,,,,The XML/runtime deathrattle tag dispatched no active deathrattle actions on this unconditioned summon; some cards attach actions through Battlecry/event-generated buffs.,"{""friendly_field"": {""before"": [""ICCA11_001""], ""after"": []}, ""friendly_graveyard"": {""before"": [], ""after"": [""ICCA11_001""]}}",yes,,,
ICC_019,Skelemancer,CardSet.ICECROWN,CardType.MINION,True,True,project_xml_raw_tag,direct_actions_declared,yes,death_processed,pass,True,True,1,True,False,Zone.GRAVEYARD,True,True,True,False,,,,fireplace.cards.icecrown.neutral_common,ICC_019,,"{""friendly_field"": {""before"": [""ICC_019""], ""after"": []}, ""friendly_graveyard"": {""before"": [], ""after"": [""ICC_019""]}}",yes,,,
ICC_021,Exploding Bloatbat,CardSet.ICECROWN,CardType.MINION,True,True,project_xml_raw_tag,direct_actions_declared,yes,death_processed,pass,True,True,1,True,False,Zone.GRAVEYARD,True,True,True,False,,,,fireplace.cards.icecrown.hunter,ICC_021,,"{""friendly_field"": {""before"": [""ICC_021""], ""after"": []}, ""friendly_graveyard"": {""before"": [], ""after"": [""ICC_021""]}}",yes,,,
ICC_025,Rattling Rascal,CardSet.ICECROWN,CardType.MINION,True,True,project_xml_raw_tag,direct_actions_declared,yes,death_processed,pass,True,True,1,True,False,Zone.GRAVEYARD,True,True,True,False,,,,fireplace.cards.icecrown.neutral_epic,ICC_025,,"{""friendly_field"": {""before"": [""ICC_025""], ""after"": []}, ""enemy_field"": {""before"": [], ""after"": [""ICC_025t""]}, ""friendly_graveyard"": {""before"": [], ""after"": [""ICC_025""]}}",yes,,,
ICC_027,Bone Drake,CardSet.ICECROWN,CardType.MINION,True,True,project_xml_raw_tag,direct_actions_declared,yes,death_processed,pass,True,True,1,True,False,Zone.GRAVEYARD,True,True,True,False,,,,fireplace.cards.icecrown.neutral_rare,ICC_027,,"{""friendly_field"": {""before"": [""ICC_027""], ""after"": []}, ""friendly_hand"": {""before"": 0, ""after"": 1}, ""friendly_graveyard"": {""before"": [], ""after"": [""ICC_027""]}}",yes,,,
ICC_034,Arrogant Crusader,CardSet.ICECROWN,CardType.MINION,True,True,project_xml_raw_tag,direct_actions_declared,yes,death_processed,pass,True,True,1,True,False,Zone.GRAVEYARD,True,True,True,False,,,,fireplace.cards.icecrown.paladin,ICC_034,,"{""friendly_field"": {""before"": [""ICC_034""], ""after"": []}, ""friendly_graveyard"": {""before"": [], ""after"": [""ICC_034""]}}",yes,,,
ICC_047t,Fatespinner,CardSet.ICECROWN,CardType.MINION,False,True,project_xml_raw_tag,no_direct_actions_declared,yes,death_processed_no_active_actions,pass_no_active_actions,True,True,0,True,False,Zone.GRAVEYARD,True,True,True,False,,,,fireplace.cards.icecrown.druid,ICC_047t,The XML/runtime deathrattle tag dispatched no active deathrattle actions on this unconditioned summon; some cards attach actions through Battlecry/event-generated buffs.,"{""friendly_field"": {""before"": [""ICC_047t""], ""after"": []}, ""friendly_graveyard"": {""before"": [], ""after"": [""ICC_047t""]}}",yes,pass,"{""fatespinner_played"":true,""secret_deathrattle_index_set"":true,""fatespinner_deathrattle_active"":true,""fatespinner_processed_death"":true,""selected_buff_applied_to_friendly"":true,""selected_buff_applied_to_enemy"":true}","{""played_card_id"":""ICC_047"",""morphed_card_id"":""ICC_047t"",""secret_deathrattle"":1,""has_deathrattle"":1,""deathrattle_action_count"":1,""friendly_minion_before"":{""atk"":1,""max_health"":1},""enemy_minion_before"":{""atk"":1,""max_health"":1},""fatespinner_zone_after_death"":""Zone.GRAVEYARD"",""friendly_minion_after"":{""atk"":3,""max_health"":3,""zone"":""Zone.PLAY""},""enemy_minion_after"":{""atk"":3,""max_health"":3,""zone"":""Zone.PLAY""}}"
ICC_047t2,Fatespinner,CardSet.ICECROWN,CardType.MINION,False,True,project_xml_raw_tag,direct_actions_declared,yes,death_processed,pass,True,True,1,True,False,Zone.GRAVEYARD,True,True,True,False,,,,fireplace.cards.icecrown.druid,ICC_047t2,,"{""friendly_field"": {""before"": [""ICC_047t2""], ""after"": []}, ""friendly_graveyard"": {""before"": [], ""after"": [""ICC_047t2""]}}",yes,,,
ICC_062,Mountainfire Armor,CardSet.ICECROWN,CardType.MINION,True,True,project_xml_raw_tag,direct_actions_declared,yes,death_processed,pass,True,True,1,True,False,Zone.GRAVEYARD,True,True,True,False,,,,fireplace.cards.icecrown.warrior,ICC_062,,"{""friendly_field"": {""before"": [""ICC_062""], ""after"": []}, ""friendly_graveyard"": {""before"": [], ""after"": [""ICC_062""]}}",yes,,,
ICC_064,Blood Razor,CardSet.ICECROWN,CardType.WEAPON,True,True,project_xml_raw_tag,direct_actions_declared,yes,death_processed,pass,True,True,1,True,False,Zone.GRAVEYARD,True,True,True,False,,,,fireplace.cards.icecrown.warrior,ICC_064,,"{""friendly_graveyard"": {""before"": [], ""after"": [""ICC_064""]}, ""friendly_weapon"": {""before"": ""ICC_064"", ""after"": null}}",yes,,,
ICC_065,Bone Baron,CardSet.ICECROWN,CardType.MINION,True,True,project_xml_raw_tag,direct_actions_declared,yes,death_processed,pass,True,True,1,True,False,Zone.GRAVEYARD,True,True,True,False,,,,fireplace.cards.icecrown.rogue,ICC_065,,"{""friendly_field"": {""before"": [""ICC_065""], ""after"": []}, ""friendly_hand"": {""before"": 0, ""after"": 2}, ""friendly_graveyard"": {""before"": [], ""after"": [""ICC_065""]}}",yes,,,
ICC_067,Vryghoul,CardSet.ICECROWN,CardType.MINION,True,True,project_xml_raw_tag,direct_actions_declared,yes,death_processed,pass,True,True,1,True,False,Zone.GRAVEYARD,True,True,True,False,,,,fireplace.cards.icecrown.neutral_common,ICC_067,,"{""friendly_field"": {""before"": [""ICC_067""], ""after"": []}, ""friendly_graveyard"": {""before"": [], ""after"": [""ICC_067""]}}",yes,,,
ICC_099,Ticking Abomination,CardSet.ICECROWN,CardType.MINION,True,True,project_xml_raw_tag,direct_actions_declared,yes,death_processed,pass,True,True,1,True,False,Zone.GRAVEYARD,True,True,True,False,,,,fireplace.cards.icecrown.neutral_rare,ICC_099,,"{""friendly_field"": {""before"": [""ICC_099""], ""after"": []}, ""friendly_graveyard"": {""before"": [], ""after"": [""ICC_099""]}}",yes,,,
ICC_214,Obsidian Statue,CardSet.ICECROWN,CardType.MINION,True,True,project_xml_raw_tag,direct_actions_declared,yes,death_processed,pass,True,True,1,True,False,Zone.GRAVEYARD,True,True,True,False,,,,fireplace.cards.icecrown.priest,ICC_214,,"{""friendly_field"": {""before"": [""ICC_214""], ""after"": []}, ""friendly_graveyard"": {""before"": [], ""after"": [""ICC_214""]}}",yes,,,
ICC_244e,Redeemed,CardSet.ICECROWN,CardType.ENCHANTMENT,False,True,project_xml_python_tag,direct_actions_declared,no,skipped_non_playable_type,skipped,False,,,,False,,,,,False,,,XML type 6; not independently summonable by this minion/weapon smoke,fireplace.cards.icecrown.paladin,ICC_244e,,null,no,,,
ICC_257e,Ready to Return,CardSet.ICECROWN,CardType.ENCHANTMENT,False,True,project_xml_python_tag,direct_actions_declared,no,skipped_non_playable_type,skipped,False,,,,False,,,,,False,,,XML type 6; not independently summonable by this minion/weapon smoke,fireplace.cards.icecrown.neutral_rare,ICC_257e,,null,no,,,
ICC_314t1,Frostmourne,CardSet.ICECROWN,CardType.WEAPON,False,True,project_xml_raw_tag,no_direct_actions_declared,yes,death_processed_no_active_actions,pass_no_active_actions,True,True,0,True,False,Zone.GRAVEYARD,True,True,True,False,,,,fireplace.cards.icecrown.neutral_legendary,ICC_314t1,The XML/runtime deathrattle tag dispatched no active deathrattle actions on this unconditioned summon; some cards attach actions through Battlecry/event-generated buffs.,"{""friendly_graveyard"": {""before"": [], ""after"": [""ICC_314t1""]}, ""friendly_weapon"": {""before"": ""ICC_314t1"", ""after"": null}}",yes,pass,"{""weapon_killed_enemy_minion"":true,""weapon_captured_kill"":true,""weapon_processed_death"":true,""killed_minion_resummoned"":true}","{""weapon_zone_after_attack"":""Zone.PLAY"",""weapon_durability_after_attack"":2,""weapon_has_deathrattle"":1,""deathrattle_action_count"":1,""enemy_minion_zone_after_attack"":""Zone.GRAVEYARD"",""weapon_buffs"":[""ICC_314t1e""],""weapon_zone_after_death"":""Zone.GRAVEYARD"",""resurrected"":[{""id"":""CS2_231"",""atk"":1,""health"":1,""zone"":""Zone.PLAY""}],""friendly_field_ids"":[""CS2_231""]}"
ICC_314t1e,Trapped Soul,CardSet.ICECROWN,CardType.ENCHANTMENT,False,True,project_xml_python_tag,direct_actions_declared,no,skipped_non_playable_type,skipped,False,,,,False,,,,,False,,,XML type 6; not independently summonable by this minion/weapon smoke,fireplace.cards.icecrown.neutral_legendary,ICC_314t1e,,null,no,,,
ICC_702,Shallow Gravedigger,CardSet.ICECROWN,CardType.MINION,True,True,project_xml_raw_tag,direct_actions_declared,yes,death_processed,pass,True,True,1,True,False,Zone.GRAVEYARD,True,True,True,False,,,,fireplace.cards.icecrown.neutral_rare,ICC_702,,"{""friendly_field"": {""before"": [""ICC_702""], ""after"": []}, ""friendly_hand"": {""before"": 0, ""after"": 1}, ""friendly_graveyard"": {""before"": [], ""after"": [""ICC_702""]}}",yes,,,
ICC_812,Meat Wagon,CardSet.ICECROWN,CardType.MINION,True,True,project_xml_raw_tag,direct_actions_declared,yes,death_processed,pass,True,True,1,True,False,Zone.GRAVEYARD,True,True,True,False,,,,fireplace.cards.icecrown.neutral_epic,ICC_812,,"{""friendly_field"": {""before"": [""ICC_812""], ""after"": []}, ""friendly_graveyard"": {""before"": [], ""after"": [""ICC_812""]}}",yes,,,
ICC_825,Abominable Bowman,CardSet.ICECROWN,CardType.MINION,True,True,project_xml_raw_tag,direct_actions_declared,yes,death_processed,pass,True,True,1,True,False,Zone.GRAVEYARD,True,True,True,False,,,,fireplace.cards.icecrown.hunter,ICC_825,,"{""friendly_field"": {""before"": [""ICC_825""], ""after"": []}, ""friendly_graveyard"": {""before"": [], ""after"": [""ICC_825""]}}",yes,,,
ICC_835,Hadronox,CardSet.ICECROWN,CardType.MINION,True,True,project_xml_raw_tag,direct_actions_declared,yes,death_processed,pass,True,True,1,True,False,Zone.GRAVEYARD,True,True,True,False,,,,fireplace.cards.icecrown.druid,ICC_835,,"{""friendly_field"": {""before"": [""ICC_835""], ""after"": []}, ""friendly_graveyard"": {""before"": [], ""after"": [""ICC_835""]}}",yes,,,
ICC_838t,Frozen Champion,CardSet.ICECROWN,CardType.MINION,False,True,project_xml_raw_tag,direct_actions_declared,yes,death_processed,pass,True,True,1,True,False,Zone.GRAVEYARD,True,True,True,False,,,,fireplace.cards.icecrown.mage,ICC_838t,,"{""friendly_field"": {""before"": [""ICC_838t""], ""after"": []}, ""friendly_hand"": {""before"": 0, ""after"": 1}, ""friendly_graveyard"": {""before"": [], ""after"": [""ICC_838t""]}}",yes,,,
ICC_854,Arfus,CardSet.ICECROWN,CardType.MINION,True,True,project_xml_raw_tag,direct_actions_declared,yes,death_processed,pass,True,True,1,True,False,Zone.GRAVEYARD,True,True,True,False,,,,fireplace.cards.icecrown.neutral_legendary,ICC_854,,"{""friendly_field"": {""before"": [""ICC_854""], ""after"": []}, ""friendly_hand"": {""before"": 0, ""after"": 1}, ""friendly_graveyard"": {""before"": [], ""after"": [""ICC_854""]}}",yes,,,
KARA_09_03a,Icky Imp,CardSet.KARA,CardType.MINION,False,True,project_xml_raw_tag,no_direct_actions_declared,yes,death_processed_no_active_actions,pass_no_active_actions,True,True,0,True,False,Zone.GRAVEYARD,True,True,True,False,,,,,,The XML/runtime deathrattle tag dispatched no active deathrattle actions on this unconditioned summon; some cards attach actions through Battlecry/event-generated buffs.,"{""friendly_field"": {""before"": [""KARA_09_03a""], ""after"": []}, ""friendly_graveyard"": {""before"": [], ""after"": [""KARA_09_03a""]}}",yes,,,
KARA_09_03a_heroic,Icky Imp,CardSet.KARA,CardType.MINION,False,True,project_xml_raw_tag,no_direct_actions_declared,yes,death_processed_no_active_actions,pass_no_active_actions,True,True,0,True,False,Zone.GRAVEYARD,True,True,True,False,,,,,,The XML/runtime deathrattle tag dispatched no active deathrattle actions on this unconditioned summon; some cards attach actions through Battlecry/event-generated buffs.,"{""friendly_field"": {""before"": [""KARA_09_03a_heroic""], ""after"": []}, ""friendly_graveyard"": {""before"": [], ""after"": [""KARA_09_03a_heroic""]}}",yes,,,
KARA_13_19,Red Riding Hood,CardSet.TB,CardType.MINION,False,True,project_xml_raw_tag,no_direct_actions_declared,yes,death_processed_no_active_actions,pass_no_active_actions,True,True,0,True,False,Zone.GRAVEYARD,True,True,True,False,,,,,,The XML/runtime deathrattle tag dispatched no active deathrattle actions on this unconditioned summon; some cards attach actions through Battlecry/event-generated buffs.,"{""friendly_field"": {""before"": [""KARA_13_19""], ""after"": []}, ""friendly_graveyard"": {""before"": [], ""after"": [""KARA_13_19""]}}",yes,,,
KAR_005,Kindly Grandmother,CardSet.KARA,CardType.MINION,True,True,project_xml_raw_tag,direct_actions_declared,yes,death_processed,pass,True,True,1,True,False,Zone.GRAVEYARD,True,True,True,False,,,,fireplace.cards.karazhan.collectible,KAR_005,,"{""friendly_field"": {""before"": [""KAR_005""], ""after"": [""KAR_005a""]}, ""friendly_graveyard"": {""before"": [], ""after"": [""KAR_005""]}}",yes,,,
KAR_029,Runic Egg,CardSet.KARA,CardType.MINION,True,True,project_xml_raw_tag,direct_actions_declared,yes,death_processed,pass,True,True,1,True,False,Zone.GRAVEYARD,True,True,True,False,,,,fireplace.cards.karazhan.collectible,KAR_029,,"{""friendly_field"": {""before"": [""KAR_029""], ""after"": []}, ""friendly_graveyard"": {""before"": [], ""after"": [""KAR_029""]}}",yes,,,
KAR_041,Moat Lurker,CardSet.KARA,CardType.MINION,True,True,project_xml_raw_tag,direct_actions_declared,yes,death_processed,pass,True,True,1,True,False,Zone.GRAVEYARD,True,True,True,False,,,,fireplace.cards.karazhan.collectible,KAR_041,,"{""friendly_field"": {""before"": [""KAR_041""], ""after"": []}, ""friendly_graveyard"": {""before"": [], ""after"": [""KAR_041""]}}",yes,,,
KAR_094,Deadly Fork,CardSet.KARA,CardType.MINION,True,True,project_xml_raw_tag,direct_actions_declared,yes,death_processed,pass,True,True,1,True,False,Zone.GRAVEYARD,True,True,True,False,,,,fireplace.cards.karazhan.collectible,KAR_094,,"{""friendly_field"": {""before"": [""KAR_094""], ""after"": []}, ""friendly_hand"": {""before"": 0, ""after"": 1}, ""friendly_graveyard"": {""before"": [], ""after"": [""KAR_094""]}}",yes,,,
LOEA01_11,Rod of the Sun,CardSet.LOE,CardType.MINION,False,True,project_xml_raw_tag,direct_actions_declared,yes,death_processed,pass,True,True,1,True,False,Zone.GRAVEYARD,True,True,True,False,,,,fireplace.cards.league.adventure,LOEA01_11,,"{""friendly_field"": {""before"": [""LOEA01_11""], ""after"": []}, ""enemy_field"": {""before"": [], ""after"": [""LOEA01_11""]}, ""friendly_graveyard"": {""before"": [], ""after"": [""LOEA01_11""]}}",yes,,,
LOEA01_11h,Rod of the Sun,CardSet.LOE,CardType.MINION,False,True,project_xml_raw_tag,direct_actions_declared,yes,death_processed,pass,True,True,1,True,False,Zone.GRAVEYARD,True,True,True,False,,,,fireplace.cards.league.adventure,LOEA01_11h,,"{""friendly_field"": {""before"": [""LOEA01_11h""], ""after"": []}, ""enemy_field"": {""before"": [], ""after"": [""LOEA01_11h""]}, ""friendly_graveyard"": {""before"": [], ""after"": [""LOEA01_11h""]}}",yes,,,
LOEA01_12,Tol'vir Hoplite,CardSet.LOE,CardType.MINION,False,True,project_xml_raw_tag,direct_actions_declared,yes,death_processed,pass,True,True,1,True,False,Zone.GRAVEYARD,True,True,True,False,,,,fireplace.cards.league.adventure,LOEA01_12,,"{""friendly_field"": {""before"": [""LOEA01_12""], ""after"": []}, ""friendly_graveyard"": {""before"": [], ""after"": [""LOEA01_12""]}, ""friendly_hero"": {""before"": {""health"": 30, ""armor"": 0}, ""after"": {""health"": 25, ""armor"": 0}}, ""enemy_hero"": {""before"": {""health"": 30, ""armor"": 0}, ""after"": {""health"": 25, ""armor"": 0}}}",yes,,,
LOEA01_12h,Tol'vir Hoplite,CardSet.LOE,CardType.MINION,False,True,project_xml_raw_tag,direct_actions_declared,yes,death_processed,pass,True,True,1,True,False,Zone.GRAVEYARD,True,True,True,False,,,,fireplace.cards.league.adventure,LOEA01_12h,,"{""friendly_field"": {""before"": [""LOEA01_12h""], ""after"": []}, ""friendly_graveyard"": {""before"": [], ""after"": [""LOEA01_12h""]}, ""friendly_hero"": {""before"": {""health"": 30, ""armor"": 0}, ""after"": {""health"": 25, ""armor"": 0}}, ""enemy_hero"": {""before"": {""health"": 30, ""armor"": 0}, ""after"": {""health"": 25, ""armor"": 0}}}",yes,,,
LOEA09_7,Cauldron,CardSet.LOE,CardType.MINION,False,True,project_xml_raw_tag,direct_actions_declared,yes,death_processed,pass,True,True,1,True,False,Zone.GRAVEYARD,True,True,True,False,,,,fireplace.cards.league.adventure,LOEA09_7,,"{""friendly_field"": {""before"": [""LOEA09_7""], ""after"": []}, ""enemy_hand"": {""before"": 1, ""after"": 2}, ""friendly_graveyard"": {""before"": [], ""after"": [""LOEA09_7"", ""HERO_08bp""]}}",yes,,,
LOEA09_7H,Cauldron,CardSet.LOE,CardType.MINION,False,True,project_xml_raw_tag,direct_actions_declared,yes,death_processed,pass,True,True,1,True,False,Zone.GRAVEYARD,True,True,True,False,,,,fireplace.cards.league.adventure,LOEA09_7H,,"{""friendly_field"": {""before"": [""LOEA09_7H""], ""after"": []}, ""enemy_hand"": {""before"": 1, ""after"": 2}, ""friendly_graveyard"": {""before"": [], ""after"": [""LOEA09_7H"", ""HERO_08bp""]}}",yes,,,
LOE_012,Tomb Pillager,CardSet.LOE,CardType.MINION,True,True,project_xml_raw_tag,direct_actions_declared,yes,death_processed,pass,True,True,1,True,False,Zone.GRAVEYARD,True,True,True,False,,,,fireplace.cards.league.collectible,LOE_012,,"{""friendly_field"": {""before"": [""LOE_012""], ""after"": []}, ""friendly_hand"": {""before"": 0, ""after"": 1}, ""friendly_graveyard"": {""before"": [], ""after"": [""LOE_012""]}}",yes,,,
LOE_046,Huge Toad,CardSet.LOE,CardType.MINION,True,True,project_xml_raw_tag,direct_actions_declared,yes,death_processed,pass,True,True,1,True,False,Zone.GRAVEYARD,True,True,True,False,,,,fireplace.cards.league.collectible,LOE_046,,"{""friendly_field"": {""before"": [""LOE_046""], ""after"": []}, ""friendly_graveyard"": {""before"": [], ""after"": [""LOE_046""]}, ""enemy_hero"": {""before"": {""health"": 30, ""armor"": 0}, ""after"": {""health"": 29, ""armor"": 0}}}",yes,,,
LOE_050,Mounted Raptor,CardSet.LOE,CardType.MINION,True,True,project_xml_raw_tag,direct_actions_declared,yes,death_processed,pass,True,True,1,True,False,Zone.GRAVEYARD,True,True,True,False,,,,fireplace.cards.league.collectible,LOE_050,,"{""friendly_field"": {""before"": [""LOE_050""], ""after"": [""BT_727""]}, ""friendly_graveyard"": {""before"": [], ""after"": [""LOE_050""]}}",yes,,,
LOE_061,Anubisath Sentinel,CardSet.LOE,CardType.MINION,True,True,project_xml_raw_tag,direct_actions_declared,yes,death_processed,pass,True,True,1,True,False,Zone.GRAVEYARD,True,True,True,False,,,,fireplace.cards.league.collectible,LOE_061,,"{""friendly_field"": {""before"": [""LOE_061""], ""after"": []}, ""friendly_graveyard"": {""before"": [], ""after"": [""LOE_061""]}}",yes,,,
LOE_089,Wobbling Runts,CardSet.LOE,CardType.MINION,True,True,project_xml_raw_tag,direct_actions_declared,yes,death_processed,pass,True,True,1,True,False,Zone.GRAVEYARD,True,True,True,False,,,,fireplace.cards.league.collectible,LOE_089,,"{""friendly_field"": {""before"": [""LOE_089""], ""after"": [""LOE_089t"", ""LOE_089t2"", ""LOE_089t3""]}, ""friendly_graveyard"": {""before"": [], ""after"": [""LOE_089""]}}",yes,,,
LOE_105e,Explorer's Hat,CardSet.LOE,CardType.ENCHANTMENT,False,True,project_xml_python_tag,direct_actions_declared,no,skipped_non_playable_type,skipped,False,,,,False,,,,,False,,,XML type 6; not independently summonable by this minion/weapon smoke,fireplace.cards.league.collectible,LOE_105e,,null,no,,,
LOOTA_103,Sunken Chest,CardSet.LOOTAPALOOZA,CardType.MINION,False,True,project_xml_raw_tag,no_direct_actions_declared,yes,death_processed_no_active_actions,pass_no_active_actions,True,True,0,True,False,Zone.GRAVEYARD,True,True,True,False,,,,,,The XML/runtime deathrattle tag dispatched no active deathrattle actions on this unconditioned summon; some cards attach actions through Battlecry/event-generated buffs.,"{""friendly_field"": {""before"": [""LOOTA_103""], ""after"": []}, ""friendly_graveyard"": {""before"": [], ""after"": [""LOOTA_103""]}}",yes,,,
LOOTA_840,Wax Rager,CardSet.LOOTAPALOOZA,CardType.MINION,False,True,project_xml_raw_tag,no_direct_actions_declared,yes,death_processed_no_active_actions,pass_no_active_actions,True,True,0,True,False,Zone.GRAVEYARD,True,True,True,False,,,,,,The XML/runtime deathrattle tag dispatched no active deathrattle actions on this unconditioned summon; some cards attach actions through Battlecry/event-generated buffs.,"{""friendly_field"": {""before"": [""LOOTA_840""], ""after"": []}, ""friendly_graveyard"": {""before"": [], ""after"": [""LOOTA_840""]}}",yes,,,
LOOTA_BOSS_20t,Stone Golem,CardSet.LOOTAPALOOZA,CardType.MINION,False,True,project_xml_raw_tag,no_direct_actions_declared,yes,death_processed_no_active_actions,pass_no_active_actions,True,True,0,True,False,Zone.GRAVEYARD,True,True,True,False,,,,,,The XML/runtime deathrattle tag dispatched no active deathrattle actions on this unconditioned summon; some cards attach actions through Battlecry/event-generated buffs.,"{""friendly_field"": {""before"": [""LOOTA_BOSS_20t""], ""after"": []}, ""friendly_graveyard"": {""before"": [], ""after"": [""LOOTA_BOSS_20t""]}}",yes,,,
LOOTA_BOSS_52t,Treasure Coffer,CardSet.LOOTAPALOOZA,CardType.MINION,False,True,project_xml_raw_tag,no_direct_actions_declared,yes,death_processed_no_active_actions,pass_no_active_actions,True,True,0,True,False,Zone.GRAVEYARD,True,True,True,False,,,,,,The XML/runtime deathrattle tag dispatched no active deathrattle actions on this unconditioned summon; some cards attach actions through Battlecry/event-generated buffs.,"{""friendly_field"": {""before"": [""LOOTA_BOSS_52t""], ""after"": []}, ""friendly_graveyard"": {""before"": [], ""after"": [""LOOTA_BOSS_52t""]}}",yes,,,
LOOT_056,Astral Tiger,CardSet.LOOTAPALOOZA,CardType.MINION,True,True,project_xml_raw_tag,direct_actions_declared,yes,death_processed,pass,True,True,1,True,False,Zone.GRAVEYARD,True,True,True,False,,,,fireplace.cards.kobolds.druid,LOOT_056,,"{""friendly_field"": {""before"": [""LOOT_056""], ""after"": []}, ""friendly_deck"": {""before"": 0, ""after"": 1}, ""friendly_graveyard"": {""before"": [], ""after"": [""LOOT_056""]}}",yes,,,
LOOT_144,Hoarding Dragon,CardSet.LOOTAPALOOZA,CardType.MINION,True,True,project_xml_raw_tag,direct_actions_declared,yes,death_processed,pass,True,True,1,True,False,Zone.GRAVEYARD,True,True,True,False,,,,fireplace.cards.kobolds.neutral_common,LOOT_144,,"{""friendly_field"": {""before"": [""LOOT_144""], ""after"": []}, ""enemy_hand"": {""before"": 1, ""after"": 3}, ""friendly_graveyard"": {""before"": [], ""after"": [""LOOT_144""]}}",yes,,,
LOOT_153,Violet Wurm,CardSet.LOOTAPALOOZA,CardType.MINION,True,True,project_xml_raw_tag,direct_actions_declared,yes,death_processed,pass,True,True,1,True,False,Zone.GRAVEYARD,True,True,True,False,,,,fireplace.cards.kobolds.neutral_common,LOOT_153,,"{""friendly_field"": {""before"": [""LOOT_153""], ""after"": [""LOOT_153t1"", ""LOOT_153t1"", ""LOOT_153t1"", ""LOOT_153t1"", ""LOOT_153t1"", ""LOOT_153t1"", ""LOOT_153t1""]}, ""friendly_graveyard"": {""before"": [], ""after"": [""LOOT_153""]}}",yes,,,
LOOT_161,Carnivorous Cube,CardSet.LOOTAPALOOZA,CardType.MINION,True,True,project_xml_raw_tag,direct_actions_declared,yes,death_processed,pass,True,True,1,True,False,Zone.GRAVEYARD,True,True,True,False,,,,fireplace.cards.kobolds.neutral_epic,LOOT_161,,"{""friendly_field"": {""before"": [""LOOT_161""], ""after"": []}, ""friendly_graveyard"": {""before"": [], ""after"": [""LOOT_161""]}}",yes,,,
LOOT_184,Silver Vanguard,CardSet.LOOTAPALOOZA,CardType.MINION,True,True,project_xml_raw_tag,direct_actions_declared,yes,death_processed,pass,True,True,1,True,False,Zone.GRAVEYARD,True,True,True,False,,,,fireplace.cards.kobolds.neutral_common,LOOT_184,,"{""friendly_field"": {""before"": [""LOOT_184""], ""after"": []}, ""friendly_graveyard"": {""before"": [], ""after"": [""LOOT_184""]}}",yes,,,
LOOT_233,Cursed Disciple,CardSet.LOOTAPALOOZA,CardType.MINION,True,True,project_xml_raw_tag,direct_actions_declared,yes,death_processed,pass,True,True,1,True,False,Zone.GRAVEYARD,True,True,True,False,,,,fireplace.cards.kobolds.neutral_common,LOOT_233,,"{""friendly_field"": {""before"": [""LOOT_233""], ""after"": [""LOOT_233t""]}, ""friendly_graveyard"": {""before"": [], ""after"": [""LOOT_233""]}}",yes,,,
LOOT_278t4e,Hopeful,CardSet.LOOTAPALOOZA,CardType.ENCHANTMENT,False,True,project_xml_python_tag,direct_actions_declared,no,skipped_non_playable_type,skipped,False,,,,False,,,,,False,,,XML type 6; not independently summonable by this minion/weapon smoke,fireplace.cards.kobolds.priest,LOOT_278t4e,,null,no,,,
LOOT_306,Possessed Lackey,CardSet.LOOTAPALOOZA,CardType.MINION,True,True,project_xml_raw_tag,direct_actions_declared,yes,death_processed,pass,True,True,1,True,False,Zone.GRAVEYARD,True,True,True,False,,,,fireplace.cards.kobolds.warlock,LOOT_306,,"{""friendly_field"": {""before"": [""LOOT_306""], ""after"": []}, ""friendly_graveyard"": {""before"": [], ""after"": [""LOOT_306""]}}",yes,,,
LOOT_314,Grizzled Guardian,CardSet.LOOTAPALOOZA,CardType.MINION,True,True,project_xml_raw_tag,direct_actions_declared,yes,death_processed,pass,True,True,1,True,False,Zone.GRAVEYARD,True,True,True,False,,,,fireplace.cards.kobolds.druid,LOOT_314,,"{""friendly_field"": {""before"": [""LOOT_314""], ""after"": []}, ""friendly_graveyard"": {""before"": [], ""after"": [""LOOT_314""]}}",yes,,,
LOOT_344e,Primal Talisman,CardSet.LOOTAPALOOZA,CardType.ENCHANTMENT,False,True,project_xml_python_tag,direct_actions_declared,no,skipped_non_playable_type,skipped,False,,,,False,,,,,False,,,XML type 6; not independently summonable by this minion/weapon smoke,fireplace.cards.kobolds.shaman,LOOT_344e,,null,no,,,
LOOT_351,Greedy Sprite,CardSet.LOOTAPALOOZA,CardType.MINION,True,True,project_xml_raw_tag,direct_actions_declared,yes,death_processed,pass,True,True,1,True,False,Zone.GRAVEYARD,True,True,True,False,,,,fireplace.cards.kobolds.druid,LOOT_351,,"{""friendly_field"": {""before"": [""LOOT_351""], ""after"": []}, ""friendly_graveyard"": {""before"": [], ""after"": [""LOOT_351""]}}",yes,,,
LOOT_357l,Master Chest,CardSet.LOOTAPALOOZA,CardType.MINION,False,True,project_xml_raw_tag,direct_actions_declared,yes,death_processed,pass,True,True,1,True,False,Zone.GRAVEYARD,True,True,True,False,,,,fireplace.cards.kobolds.neutral_legendary,LOOT_357l,,"{""friendly_field"": {""before"": [""LOOT_357l""], ""after"": []}, ""enemy_hand"": {""before"": 1, ""after"": 2}, ""friendly_graveyard"": {""before"": [], ""after"": [""LOOT_357l""]}}",yes,,,
LOOT_363,Drygulch Jailor,CardSet.LOOTAPALOOZA,CardType.MINION,True,True,project_xml_raw_tag,direct_actions_declared,yes,death_processed,pass,True,True,1,True,False,Zone.GRAVEYARD,True,True,True,False,,,,fireplace.cards.kobolds.paladin,LOOT_363,,"{""friendly_field"": {""before"": [""LOOT_363""], ""after"": []}, ""friendly_hand"": {""before"": 0, ""after"": 3}, ""friendly_graveyard"": {""before"": [], ""after"": [""LOOT_363""]}}",yes,,,
LOOT_368,Voidlord,CardSet.LOOTAPALOOZA,CardType.MINION,True,True,project_xml_raw_tag,direct_actions_declared,yes,death_processed,pass,True,True,1,True,False,Zone.GRAVEYARD,True,True,True,False,,,,fireplace.cards.kobolds.warlock,LOOT_368,,"{""friendly_field"": {""before"": [""LOOT_368""], ""after"": [""CS2_065"", ""CS2_065"", ""CS2_065""]}, ""friendly_graveyard"": {""before"": [], ""after"": [""LOOT_368""]}}",yes,,,
LOOT_392,Twig of the World Tree,CardSet.LOOTAPALOOZA,CardType.WEAPON,True,True,project_xml_raw_tag,direct_actions_declared,yes,death_processed,pass,True,True,1,True,False,Zone.GRAVEYARD,True,True,True,False,,,,fireplace.cards.kobolds.druid,LOOT_392,,"{""friendly_graveyard"": {""before"": [], ""after"": [""LOOT_392""]}, ""friendly_weapon"": {""before"": ""LOOT_392"", ""after"": null}}",yes,,,
LOOT_412,Kobold Illusionist,CardSet.LOOTAPALOOZA,CardType.MINION,True,True,project_xml_raw_tag,direct_actions_declared,yes,death_processed,pass,True,True,1,True,False,Zone.GRAVEYARD,True,True,True,False,,,,fireplace.cards.kobolds.rogue,LOOT_412,,"{""friendly_field"": {""before"": [""LOOT_412""], ""after"": []}, ""friendly_graveyard"": {""before"": [], ""after"": [""LOOT_412""]}}",yes,,,
LOOT_413,Plated Beetle,CardSet.LOOTAPALOOZA,CardType.MINION,True,True,project_xml_raw_tag,direct_actions_declared,yes,death_processed,pass,True,True,1,True,False,Zone.GRAVEYARD,True,True,True,False,,,,fireplace.cards.kobolds.neutral_common,LOOT_413,,"{""friendly_field"": {""before"": [""LOOT_413""], ""after"": []}, ""friendly_graveyard"": {""before"": [], ""after"": [""LOOT_413""]}, ""friendly_hero"": {""before"": {""health"": 30, ""armor"": 0}, ""after"": {""health"": 30, ""armor"": 3}}}",yes,,,
LOOT_415,"Rin, the First Disciple",CardSet.LOOTAPALOOZA,CardType.MINION,True,True,project_xml_raw_tag,direct_actions_declared,yes,death_processed,pass,True,True,1,True,False,Zone.GRAVEYARD,True,True,True,False,,,,fireplace.cards.kobolds.warlock,LOOT_415,,"{""friendly_field"": {""before"": [""LOOT_415""], ""after"": []}, ""friendly_hand"": {""before"": 0, ""after"": 1}, ""friendly_graveyard"": {""before"": [], ""after"": [""LOOT_415""]}}",yes,,,
LOOT_500,Val'anyr,CardSet.LOOTAPALOOZA,CardType.WEAPON,True,True,project_xml_raw_tag,direct_actions_declared,yes,death_processed,pass,True,True,1,True,False,Zone.GRAVEYARD,True,True,True,False,,,,fireplace.cards.kobolds.paladin,LOOT_500,,"{""friendly_graveyard"": {""before"": [], ""after"": [""LOOT_500""]}, ""friendly_weapon"": {""before"": ""LOOT_500"", ""after"": null}}",yes,,,
LOOT_500e,Wielding Val'anyr,CardSet.LOOTAPALOOZA,CardType.ENCHANTMENT,False,True,project_xml_python_tag,direct_actions_declared,no,skipped_non_playable_type,skipped,False,,,,False,,,,,False,,,XML type 6; not independently summonable by this minion/weapon smoke,fireplace.cards.kobolds.paladin,LOOT_500e,,null,no,,,
LOOT_511,Kathrena Winterwisp,CardSet.LOOTAPALOOZA,CardType.MINION,True,True,project_xml_raw_tag,direct_actions_declared,yes,death_processed,pass,True,True,1,True,False,Zone.GRAVEYARD,True,True,True,False,,,,fireplace.cards.kobolds.hunter,LOOT_511,,"{""friendly_field"": {""before"": [""LOOT_511""], ""after"": []}, ""friendly_graveyard"": {""before"": [], ""after"": [""LOOT_511""]}}",yes,,,
LOOT_534,Gilded Gargoyle,CardSet.LOOTAPALOOZA,CardType.MINION,True,True,project_xml_raw_tag,direct_actions_declared,yes,death_processed,pass,True,True,1,True,False,Zone.GRAVEYARD,True,True,True,False,,,,fireplace.cards.kobolds.priest,LOOT_534,,"{""friendly_field"": {""before"": [""LOOT_534""], ""after"": []}, ""friendly_hand"": {""before"": 0, ""after"": 1}, ""friendly_graveyard"": {""before"": [], ""after"": [""LOOT_534""]}}",yes,,,
LOOT_542,Kingsbane,CardSet.LOOTAPALOOZA,CardType.WEAPON,True,True,project_xml_raw_tag,direct_actions_declared,yes,death_processed_source_moved,pass_source_moved,True,True,1,True,False,Zone.DECK,True,False,True,False,,,,fireplace.cards.kobolds.rogue,LOOT_542,Deathrattle moved the dying source out of the graveyard into another zone.,"{""friendly_deck"": {""before"": 0, ""after"": 1}, ""friendly_weapon"": {""before"": ""LOOT_542"", ""after"": null}}",yes,,,
NAX10_02,Hook,CardSet.NAXX,CardType.WEAPON,False,True,project_xml_raw_tag,direct_actions_declared,yes,death_processed,pass,True,True,1,True,False,Zone.GRAVEYARD,True,True,True,False,,,,fireplace.cards.naxxramas.adventure,NAX10_02,,"{""friendly_hand"": {""before"": 0, ""after"": 1}, ""friendly_graveyard"": {""before"": [], ""after"": [""NAX10_02""]}, ""friendly_weapon"": {""before"": ""NAX10_02"", ""after"": null}}",yes,,,
NAX10_02H,Hook,CardSet.NAXX,CardType.WEAPON,False,True,project_xml_raw_tag,direct_actions_declared,yes,death_processed,pass,True,True,1,True,False,Zone.GRAVEYARD,True,True,True,False,,,,fireplace.cards.naxxramas.adventure,NAX10_02H,,"{""friendly_hand"": {""before"": 0, ""after"": 1}, ""friendly_graveyard"": {""before"": [], ""after"": [""NAX10_02H""]}, ""friendly_weapon"": {""before"": ""NAX10_02H"", ""after"": null}}",yes,,,
NAX6_03t,Spore,CardSet.NAXX,CardType.MINION,False,True,project_xml_raw_tag,direct_actions_declared,yes,death_processed,pass,True,True,1,True,False,Zone.GRAVEYARD,True,True,True,False,,,,fireplace.cards.naxxramas.adventure,NAX6_03t,,"{""friendly_field"": {""before"": [""NAX6_03t""], ""after"": []}, ""friendly_graveyard"": {""before"": [], ""after"": [""NAX6_03t""]}}",yes,,,
NAX8_03,Unrelenting Trainee,CardSet.NAXX,CardType.MINION,False,True,project_xml_raw_tag,direct_actions_declared,yes,death_processed,pass,True,True,1,True,False,Zone.GRAVEYARD,True,True,True,False,,,,fireplace.cards.naxxramas.adventure,NAX8_03,,"{""friendly_field"": {""before"": [""NAX8_03""], ""after"": []}, ""enemy_field"": {""before"": [], ""after"": [""NAX8_03t""]}, ""friendly_graveyard"": {""before"": [], ""after"": [""NAX8_03""]}}",yes,,,
NAX8_04,Unrelenting Warrior,CardSet.NAXX,CardType.MINION,False,True,project_xml_raw_tag,direct_actions_declared,yes,death_processed,pass,True,True,1,True,False,Zone.GRAVEYARD,True,True,True,False,,,,fireplace.cards.naxxramas.adventure,NAX8_04,,"{""friendly_field"": {""before"": [""NAX8_04""], ""after"": []}, ""enemy_field"": {""before"": [], ""after"": [""NAX8_04t""]}, ""friendly_graveyard"": {""before"": [], ""after"": [""NAX8_04""]}}",yes,,,
NAX8_05,Unrelenting Rider,CardSet.NAXX,CardType.MINION,False,True,project_xml_raw_tag,direct_actions_declared,yes,death_processed,pass,True,True,1,True,False,Zone.GRAVEYARD,True,True,True,False,,,,fireplace.cards.naxxramas.adventure,NAX8_05,,"{""friendly_field"": {""before"": [""NAX8_05""], ""after"": []}, ""enemy_field"": {""before"": [], ""after"": [""NAX8_05t""]}, ""friendly_graveyard"": {""before"": [], ""after"": [""NAX8_05""]}}",yes,,,
NAXM_001,Necroknight,CardSet.NAXX,CardType.MINION,False,True,project_xml_raw_tag,direct_actions_declared,yes,death_processed,pass,True,True,1,True,False,Zone.GRAVEYARD,True,True,True,False,,,,fireplace.cards.naxxramas.adventure,NAXM_001,,"{""friendly_field"": {""before"": [""NAXM_001""], ""after"": []}, ""friendly_graveyard"": {""before"": [], ""after"": [""NAXM_001""]}}",yes,,,
NAXM_002,Skeletal Smith,CardSet.NAXX,CardType.MINION,False,True,project_xml_raw_tag,direct_actions_declared,yes,death_processed,pass,True,True,1,True,False,Zone.GRAVEYARD,True,True,True,False,,,,fireplace.cards.naxxramas.adventure,NAXM_002,,"{""friendly_field"": {""before"": [""NAXM_002""], ""after"": []}, ""friendly_graveyard"": {""before"": [], ""after"": [""NAXM_002""]}}",yes,,,
OG_031,Hammer of Twilight,CardSet.OG,CardType.WEAPON,True,True,project_xml_raw_tag,direct_actions_declared,yes,death_processed,pass,True,True,1,True,False,Zone.GRAVEYARD,True,True,True,False,,,,fireplace.cards.wog.shaman,OG_031,,"{""friendly_field"": {""before"": [], ""after"": [""OG_031a""]}, ""friendly_graveyard"": {""before"": [], ""after"": [""OG_031""]}, ""friendly_weapon"": {""before"": ""OG_031"", ""after"": null}}",yes,,,
OG_033,Tentacles for Arms,CardSet.OG,CardType.WEAPON,True,True,project_xml_raw_tag,direct_actions_declared,yes,death_processed_source_moved,pass_source_moved,True,True,1,True,False,Zone.HAND,True,False,True,False,,,,fireplace.cards.wog.warrior,OG_033,Deathrattle moved the dying source out of the graveyard into another zone.,"{""friendly_hand"": {""before"": 0, ""after"": 1}, ""friendly_weapon"": {""before"": ""OG_033"", ""after"": null}}",yes,,,
OG_045a,Nerubian Spores,CardSet.OG,CardType.ENCHANTMENT,False,True,project_xml_python_tag,direct_actions_declared,no,skipped_non_playable_type,skipped,False,,,,False,,,,,False,,,XML type 6; not independently summonable by this minion/weapon smoke,fireplace.cards.wog.hunter,OG_045a,,null,no,,,
OG_080,"Xaril, Poisoned Mind",CardSet.OG,CardType.MINION,True,True,project_xml_raw_tag,direct_actions_declared,yes,death_processed,pass,True,True,1,True,False,Zone.GRAVEYARD,True,True,True,False,,,,fireplace.cards.wog.rogue,OG_080,,"{""friendly_field"": {""before"": [""OG_080""], ""after"": []}, ""friendly_hand"": {""before"": 0, ""after"": 1}, ""friendly_graveyard"": {""before"": [], ""after"": [""OG_080""]}}",yes,,,
OG_109,Darkshire Librarian,CardSet.OG,CardType.MINION,True,True,project_xml_raw_tag,direct_actions_declared,yes,death_processed,pass,True,True,1,True,False,Zone.GRAVEYARD,True,True,True,False,,,,fireplace.cards.wog.warlock,OG_109,,"{""friendly_field"": {""before"": [""OG_109""], ""after"": []}, ""friendly_graveyard"": {""before"": [], ""after"": [""OG_109""]}}",yes,,,
OG_120,Anomalus,CardSet.OG,CardType.MINION,True,True,project_xml_raw_tag,direct_actions_declared,yes,death_processed,pass,True,True,1,True,False,Zone.GRAVEYARD,True,True,True,False,,,,fireplace.cards.wog.mage,OG_120,,"{""friendly_field"": {""before"": [""OG_120""], ""after"": []}, ""friendly_graveyard"": {""before"": [], ""after"": [""OG_120""]}}",yes,,,
OG_147,Corrupted Healbot,CardSet.OG,CardType.MINION,True,True,project_xml_raw_tag,direct_actions_declared,yes,death_processed,pass,True,True,1,True,False,Zone.GRAVEYARD,True,True,True,False,,,,fireplace.cards.wog.neutral_rare,OG_147,,"{""friendly_field"": {""before"": [""OG_147""], ""after"": []}, ""friendly_graveyard"": {""before"": [], ""after"": [""OG_147""]}}",yes,,,
OG_151,Tentacle of N'Zoth,CardSet.OG,CardType.MINION,True,True,project_xml_raw_tag,direct_actions_declared,yes,death_processed,pass,True,True,1,True,False,Zone.GRAVEYARD,True,True,True,False,,,,fireplace.cards.wog.neutral_common,OG_151,,"{""friendly_field"": {""before"": [""OG_151""], ""after"": []}, ""friendly_graveyard"": {""before"": [], ""after"": [""OG_151""]}}",yes,,,
OG_158,Zealous Initiate,CardSet.OG,CardType.MINION,True,True,project_xml_raw_tag,direct_actions_declared,yes,death_processed,pass,True,True,1,True,False,Zone.GRAVEYARD,True,True,True,False,,,,fireplace.cards.wog.neutral_common,OG_158,,"{""friendly_field"": {""before"": [""OG_158""], ""after"": []}, ""friendly_graveyard"": {""before"": [], ""after"": [""OG_158""]}}",yes,,,
OG_179,Fiery Bat,CardSet.OG,CardType.MINION,True,True,project_xml_raw_tag,direct_actions_declared,yes,death_processed,pass,True,True,1,True,False,Zone.GRAVEYARD,True,True,True,False,,,,fireplace.cards.wog.hunter,OG_179,,"{""friendly_field"": {""before"": [""OG_179""], ""after"": []}, ""friendly_graveyard"": {""before"": [], ""after"": [""OG_179""]}, ""enemy_hero"": {""before"": {""health"": 30, ""armor"": 0}, ""after"": {""health"": 29, ""armor"": 0}}}",yes,,,
OG_216,Infested Wolf,CardSet.OG,CardType.MINION,True,True,project_xml_raw_tag,direct_actions_declared,yes,death_processed,pass,True,True,1,True,False,Zone.GRAVEYARD,True,True,True,False,,,,fireplace.cards.wog.hunter,OG_216,,"{""friendly_field"": {""before"": [""OG_216""], ""after"": [""OG_216a"", ""OG_216a""]}, ""friendly_graveyard"": {""before"": [], ""after"": [""OG_216""]}}",yes,,,
OG_221,Selfless Hero,CardSet.OG,CardType.MINION,True,True,project_xml_raw_tag,direct_actions_declared,yes,death_processed,pass,True,True,1,True,False,Zone.GRAVEYARD,True,True,True,False,,,,fireplace.cards.wog.paladin,OG_221,,"{""friendly_field"": {""before"": [""OG_221""], ""after"": []}, ""friendly_graveyard"": {""before"": [], ""after"": [""OG_221""]}}",yes,,,
OG_241,Possessed Villager,CardSet.OG,CardType.MINION,True,True,project_xml_raw_tag,direct_actions_declared,yes,death_processed,pass,True,True,1,True,False,Zone.GRAVEYARD,True,True,True,False,,,,fireplace.cards.wog.warlock,OG_241,,"{""friendly_field"": {""before"": [""OG_241""], ""after"": [""OG_241a""]}, ""friendly_graveyard"": {""before"": [], ""after"": [""OG_241""]}}",yes,,,
OG_249,Infested Tauren,CardSet.OG,CardType.MINION,True,True,project_xml_raw_tag,direct_actions_declared,yes,death_processed,pass,True,True,1,True,False,Zone.GRAVEYARD,True,True,True,False,,,,fireplace.cards.wog.neutral_common,OG_249,,"{""friendly_field"": {""before"": [""OG_249""], ""after"": [""OG_249a""]}, ""friendly_graveyard"": {""before"": [], ""after"": [""OG_249""]}}",yes,,,
OG_256,Spawn of N'Zoth,CardSet.OG,CardType.MINION,True,True,project_xml_raw_tag,direct_actions_declared,yes,death_processed,pass,True,True,1,True,False,Zone.GRAVEYARD,True,True,True,False,,,,fireplace.cards.wog.neutral_common,OG_256,,"{""friendly_field"": {""before"": [""OG_256""], ""after"": []}, ""friendly_graveyard"": {""before"": [], ""after"": [""OG_256""]}}",yes,,,
OG_267,Southsea Squidface,CardSet.OG,CardType.MINION,True,True,project_xml_raw_tag,direct_actions_declared,yes,death_processed,pass,True,True,1,True,False,Zone.GRAVEYARD,True,True,True,False,,,,fireplace.cards.wog.rogue,OG_267,,"{""friendly_field"": {""before"": [""OG_267""], ""after"": []}, ""friendly_graveyard"": {""before"": [], ""after"": [""OG_267""]}}",yes,,,
OG_272,Twilight Summoner,CardSet.OG,CardType.MINION,True,True,project_xml_raw_tag,direct_actions_declared,yes,death_processed,pass,True,True,1,True,False,Zone.GRAVEYARD,True,True,True,False,,,,fireplace.cards.wog.neutral_epic,OG_272,,"{""friendly_field"": {""before"": [""OG_272""], ""after"": [""OG_272t""]}, ""friendly_graveyard"": {""before"": [], ""after"": [""OG_272""]}}",yes,,,
OG_317,"Deathwing, Dragonlord",CardSet.OG,CardType.MINION,True,True,project_xml_raw_tag,direct_actions_declared,yes,death_processed,pass,True,True,1,True,False,Zone.GRAVEYARD,True,True,True,False,,,,fireplace.cards.wog.neutral_legendary,OG_317,,"{""friendly_field"": {""before"": [""OG_317""], ""after"": []}, ""friendly_graveyard"": {""before"": [], ""after"": [""OG_317""]}}",yes,,,
OG_323,Polluted Hoarder,CardSet.OG,CardType.MINION,True,True,project_xml_raw_tag,direct_actions_declared,yes,death_processed,pass,True,True,1,True,False,Zone.GRAVEYARD,True,True,True,False,,,,fireplace.cards.wog.neutral_common,OG_323,,"{""friendly_field"": {""before"": [""OG_323""], ""after"": []}, ""friendly_graveyard"": {""before"": [], ""after"": [""OG_323""]}}",yes,,,
OG_330,Undercity Huckster,CardSet.OG,CardType.MINION,True,True,project_xml_raw_tag,direct_actions_declared,yes,death_processed,pass,True,True,1,True,False,Zone.GRAVEYARD,True,True,True,False,,,,fireplace.cards.wog.rogue,OG_330,,"{""friendly_field"": {""before"": [""OG_330""], ""after"": []}, ""friendly_hand"": {""before"": 0, ""after"": 1}, ""friendly_graveyard"": {""before"": [], ""after"": [""OG_330""]}}",yes,,,
OG_335,Shifting Shade,CardSet.OG,CardType.MINION,True,True,project_xml_raw_tag,direct_actions_declared,yes,death_processed,pass,True,True,1,True,False,Zone.GRAVEYARD,True,True,True,False,,,,fireplace.cards.wog.priest,OG_335,,"{""friendly_field"": {""before"": [""OG_335""], ""after"": []}, ""friendly_graveyard"": {""before"": [], ""after"": [""OG_335""]}}",yes,,,
Prologue_Jarod,Jarod Shadowsong,CardSet.BLACK_TEMPLE,CardType.MINION,False,True,project_xml_raw_tag,no_direct_actions_declared,yes,death_processed_no_active_actions,pass_no_active_actions,True,True,0,True,False,Zone.GRAVEYARD,True,True,True,False,,,,,,The XML/runtime deathrattle tag dispatched no active deathrattle actions on this unconditioned summon; some cards attach actions through Battlecry/event-generated buffs.,"{""friendly_field"": {""before"": [""Prologue_Jarod""], ""after"": []}, ""friendly_graveyard"": {""before"": [], ""after"": [""Prologue_Jarod""]}}",yes,,,
Prologue_UnstableEnergy3,Fel Unstable Energy,CardSet.BLACK_TEMPLE,CardType.MINION,False,True,project_xml_raw_tag,no_direct_actions_declared,yes,death_processed_no_active_actions,pass_no_active_actions,True,True,0,True,False,Zone.GRAVEYARD,True,True,True,False,,,,,,The XML/runtime deathrattle tag dispatched no active deathrattle actions on this unconditioned summon; some cards attach actions through Battlecry/event-generated buffs.,"{""friendly_field"": {""before"": [""Prologue_UnstableEnergy3""], ""after"": []}, ""friendly_graveyard"": {""before"": [], ""after"": [""Prologue_UnstableEnergy3""]}}",yes,,,
SCH_199t14,Transfer Student,CardSet.SCHOLOMANCE,CardType.MINION,False,True,project_xml_raw_tag,direct_actions_declared,yes,death_processed,pass,True,True,1,True,False,Zone.GRAVEYARD,True,True,True,False,,,,fireplace.cards.scholomance.transfer_student,SCH_199t14,,"{""friendly_field"": {""before"": [""SCH_199t14""], ""after"": []}, ""friendly_hand"": {""before"": 0, ""after"": 1}, ""friendly_graveyard"": {""before"": [], ""after"": [""SCH_199t14""]}}",yes,,,
SCH_199t5,Transfer Student,CardSet.SCHOLOMANCE,CardType.MINION,False,True,project_xml_raw_tag,direct_actions_declared,yes,death_processed,pass,True,True,1,True,False,Zone.GRAVEYARD,True,True,True,False,,,,fireplace.cards.scholomance.transfer_student,SCH_199t5,,"{""friendly_field"": {""before"": [""SCH_199t5""], ""after"": []}, ""friendly_hand"": {""before"": 0, ""after"": 1}, ""friendly_graveyard"": {""before"": [], ""after"": [""SCH_199t5""]}}",yes,,,
SCH_199t6,Transfer Student,CardSet.SCHOLOMANCE,CardType.MINION,False,True,project_xml_raw_tag,direct_actions_declared,yes,death_processed,pass,True,True,1,True,False,Zone.GRAVEYARD,True,True,True,False,,,,fireplace.cards.scholomance.transfer_student,SCH_199t6,,"{""friendly_field"": {""before"": [""SCH_199t6""], ""after"": []}, ""friendly_graveyard"": {""before"": [], ""after"": [""SCH_199t6""]}}",yes,,,
TB_207masterChest,Master Chest,CardSet.TB,CardType.MINION,False,True,project_xml_raw_tag,no_direct_actions_declared,yes,death_processed_no_active_actions,pass_no_active_actions,True,True,0,True,False,Zone.GRAVEYARD,True,True,True,False,,,,,,The XML/runtime deathrattle tag dispatched no active deathrattle actions on this unconditioned summon; some cards attach actions through Battlecry/event-generated buffs.,"{""friendly_field"": {""before"": [""TB_207masterChest""], ""after"": []}, ""friendly_graveyard"": {""before"": [], ""after"": [""TB_207masterChest""]}}",yes,,,
TB_BaconUps_002,Mecharoo,CardSet.BATTLEGROUNDS,CardType.MINION,False,True,project_xml_raw_tag,no_direct_actions_declared,yes,death_processed_no_active_actions,pass_no_active_actions,True,True,0,True,False,Zone.GRAVEYARD,True,True,True,False,,,,,,The XML/runtime deathrattle tag dispatched no active deathrattle actions on this unconditioned summon; some cards attach actions through Battlecry/event-generated buffs.,"{""friendly_field"": {""before"": [""TB_BaconUps_002""], ""after"": []}, ""friendly_graveyard"": {""before"": [], ""after"": [""TB_BaconUps_002""]}}",yes,,,
TB_BaconUps_004,Kindly Grandmother,CardSet.BATTLEGROUNDS,CardType.MINION,False,True,project_xml_raw_tag,no_direct_actions_declared,yes,death_processed_no_active_actions,pass_no_active_actions,True,True,0,True,False,Zone.GRAVEYARD,True,True,True,False,,,,,,The XML/runtime deathrattle tag dispatched no active deathrattle actions on this unconditioned summon; some cards attach actions through Battlecry/event-generated buffs.,"{""friendly_field"": {""before"": [""TB_BaconUps_004""], ""after"": []}, ""friendly_graveyard"": {""before"": [], ""after"": [""TB_BaconUps_004""]}}",yes,,,
TB_BaconUps_006,Harvest Golem,CardSet.BATTLEGROUNDS,CardType.MINION,False,True,project_xml_raw_tag,no_direct_actions_declared,yes,death_processed_no_active_actions,pass_no_active_actions,True,True,0,True,False,Zone.GRAVEYARD,True,True,True,False,,,,,,The XML/runtime deathrattle tag dispatched no active deathrattle actions on this unconditioned summon; some cards attach actions through Battlecry/event-generated buffs.,"{""friendly_field"": {""before"": [""TB_BaconUps_006""], ""after"": []}, ""friendly_graveyard"": {""before"": [], ""after"": [""TB_BaconUps_006""]}}",yes,,,
TB_BaconUps_014,Selfless Hero,CardSet.BATTLEGROUNDS,CardType.MINION,False,True,project_xml_raw_tag,no_direct_actions_declared,yes,death_processed_no_active_actions,pass_no_active_actions,True,True,0,True,False,Zone.GRAVEYARD,True,True,True,False,,,,,,The XML/runtime deathrattle tag dispatched no active deathrattle actions on this unconditioned summon; some cards attach actions through Battlecry/event-generated buffs.,"{""friendly_field"": {""before"": [""TB_BaconUps_014""], ""after"": []}, ""friendly_graveyard"": {""before"": [], ""after"": [""TB_BaconUps_014""]}}",yes,,,
TB_BaconUps_019,Mounted Raptor,CardSet.BATTLEGROUNDS,CardType.MINION,False,True,project_xml_raw_tag,no_direct_actions_declared,yes,death_processed_no_active_actions,pass_no_active_actions,True,True,0,True,False,Zone.GRAVEYARD,True,True,True,False,,,,,,The XML/runtime deathrattle tag dispatched no active deathrattle actions on this unconditioned summon; some cards attach actions through Battlecry/event-generated buffs.,"{""friendly_field"": {""before"": [""TB_BaconUps_019""], ""after"": []}, ""friendly_graveyard"": {""before"": [], ""after"": [""TB_BaconUps_019""]}}",yes,,,
TB_BaconUps_025,Spawn of N'Zoth,CardSet.BATTLEGROUNDS,CardType.MINION,False,True,project_xml_raw_tag,no_direct_actions_declared,yes,death_processed_no_active_actions,pass_no_active_actions,True,True,0,True,False,Zone.GRAVEYARD,True,True,True,False,,,,,,The XML/runtime deathrattle tag dispatched no active deathrattle actions on this unconditioned summon; some cards attach actions through Battlecry/event-generated buffs.,"{""friendly_field"": {""before"": [""TB_BaconUps_025""], ""after"": []}, ""friendly_graveyard"": {""before"": [], ""after"": [""TB_BaconUps_025""]}}",yes,,,
TB_BaconUps_026,Infested Wolf,CardSet.BATTLEGROUNDS,CardType.MINION,False,True,project_xml_raw_tag,no_direct_actions_declared,yes,death_processed_no_active_actions,pass_no_active_actions,True,True,0,True,False,Zone.GRAVEYARD,True,True,True,False,,,,,,The XML/runtime deathrattle tag dispatched no active deathrattle actions on this unconditioned summon; some cards attach actions through Battlecry/event-generated buffs.,"{""friendly_field"": {""before"": [""TB_BaconUps_026""], ""after"": []}, ""friendly_graveyard"": {""before"": [], ""after"": [""TB_BaconUps_026""]}}",yes,,,
TB_BaconUps_027,Rat Pack,CardSet.BATTLEGROUNDS,CardType.MINION,False,True,project_xml_raw_tag,no_direct_actions_declared,yes,death_processed_no_active_actions,pass_no_active_actions,True,True,0,True,False,Zone.GRAVEYARD,True,True,True,False,,,,,,The XML/runtime deathrattle tag dispatched no active deathrattle actions on this unconditioned summon; some cards attach actions through Battlecry/event-generated buffs.,"{""friendly_field"": {""before"": [""TB_BaconUps_027""], ""after"": []}, ""friendly_graveyard"": {""before"": [], ""after"": [""TB_BaconUps_027""]}}",yes,,,
TB_BaconUps_028,Kaboom Bot,CardSet.BATTLEGROUNDS,CardType.MINION,False,True,project_xml_raw_tag,no_direct_actions_declared,yes,death_processed_no_active_actions,pass_no_active_actions,True,True,0,True,False,Zone.GRAVEYARD,True,True,True,False,,,,,,The XML/runtime deathrattle tag dispatched no active deathrattle actions on this unconditioned summon; some cards attach actions through Battlecry/event-generated buffs.,"{""friendly_field"": {""before"": [""TB_BaconUps_028""], ""after"": []}, ""friendly_graveyard"": {""before"": [], ""after"": [""TB_BaconUps_028""]}}",yes,,,
TB_BaconUps_031,Tortollan Shellraiser,CardSet.BATTLEGROUNDS,CardType.MINION,False,True,project_xml_raw_tag,no_direct_actions_declared,yes,death_processed_no_active_actions,pass_no_active_actions,True,True,0,True,False,Zone.GRAVEYARD,True,True,True,False,,,,,,The XML/runtime deathrattle tag dispatched no active deathrattle actions on this unconditioned summon; some cards attach actions through Battlecry/event-generated buffs.,"{""friendly_field"": {""before"": [""TB_BaconUps_031""], ""after"": []}, ""friendly_graveyard"": {""before"": [], ""after"": [""TB_BaconUps_031""]}}",yes,,,
TB_BaconUps_032,Replicating Menace,CardSet.BATTLEGROUNDS,CardType.MINION,False,True,project_xml_raw_tag,no_direct_actions_declared,yes,death_processed_no_active_actions,pass_no_active_actions,True,True,0,True,False,Zone.GRAVEYARD,True,True,True,False,,,,,,The XML/runtime deathrattle tag dispatched no active deathrattle actions on this unconditioned summon; some cards attach actions through Battlecry/event-generated buffs.,"{""friendly_field"": {""before"": [""TB_BaconUps_032""], ""after"": []}, ""friendly_graveyard"": {""before"": [], ""after"": [""TB_BaconUps_032""]}}",yes,,,
TB_BaconUps_035,Piloted Shredder,CardSet.BATTLEGROUNDS,CardType.MINION,False,True,project_xml_raw_tag,no_direct_actions_declared,yes,death_processed_no_active_actions,pass_no_active_actions,True,True,0,True,False,Zone.GRAVEYARD,True,True,True,False,,,,,,The XML/runtime deathrattle tag dispatched no active deathrattle actions on this unconditioned summon; some cards attach actions through Battlecry/event-generated buffs.,"{""friendly_field"": {""before"": [""TB_BaconUps_035""], ""after"": []}, ""friendly_graveyard"": {""before"": [], ""after"": [""TB_BaconUps_035""]}}",yes,,,
TB_BaconUps_039,Mechano-Egg,CardSet.BATTLEGROUNDS,CardType.MINION,False,True,project_xml_raw_tag,no_direct_actions_declared,yes,death_processed_no_active_actions,pass_no_active_actions,True,True,0,True,False,Zone.GRAVEYARD,True,True,True,False,,,,,,The XML/runtime deathrattle tag dispatched no active deathrattle actions on this unconditioned summon; some cards attach actions through Battlecry/event-generated buffs.,"{""friendly_field"": {""before"": [""TB_BaconUps_039""], ""after"": []}, ""friendly_graveyard"": {""before"": [], ""after"": [""TB_BaconUps_039""]}}",yes,,,
TB_BaconUps_040,Safeguard,CardSet.BATTLEGROUNDS,CardType.MINION,False,True,project_xml_raw_tag,no_direct_actions_declared,yes,death_processed_no_active_actions,pass_no_active_actions,True,True,0,True,False,Zone.GRAVEYARD,True,True,True,False,,,,,,The XML/runtime deathrattle tag dispatched no active deathrattle actions on this unconditioned summon; some cards attach actions through Battlecry/event-generated buffs.,"{""friendly_field"": {""before"": [""TB_BaconUps_040""], ""after"": []}, ""friendly_graveyard"": {""before"": [], ""after"": [""TB_BaconUps_040""]}}",yes,,,
TB_BaconUps_042,The Beast,CardSet.BATTLEGROUNDS,CardType.MINION,False,True,project_xml_raw_tag,no_direct_actions_declared,yes,death_processed_no_active_actions,pass_no_active_actions,True,True,0,True,False,Zone.GRAVEYARD,True,True,True,False,,,,,,The XML/runtime deathrattle tag dispatched no active deathrattle actions on this unconditioned summon; some cards attach actions through Battlecry/event-generated buffs.,"{""friendly_field"": {""before"": [""TB_BaconUps_042""], ""after"": []}, ""friendly_graveyard"": {""before"": [], ""after"": [""TB_BaconUps_042""]}}",yes,,,
TB_BaconUps_049,Savannah Highmane,CardSet.BATTLEGROUNDS,CardType.MINION,False,True,project_xml_raw_tag,no_direct_actions_declared,yes,death_processed_no_active_actions,pass_no_active_actions,True,True,0,True,False,Zone.GRAVEYARD,True,True,True,False,,,,,,The XML/runtime deathrattle tag dispatched no active deathrattle actions on this unconditioned summon; some cards attach actions through Battlecry/event-generated buffs.,"{""friendly_field"": {""before"": [""TB_BaconUps_049""], ""after"": []}, ""friendly_graveyard"": {""before"": [], ""after"": [""TB_BaconUps_049""]}}",yes,,,
TB_BaconUps_050,Piloted Sky Golem,CardSet.BATTLEGROUNDS,CardType.MINION,False,True,project_xml_raw_tag,no_direct_actions_declared,yes,death_processed_no_active_actions,pass_no_active_actions,True,True,0,True,False,Zone.GRAVEYARD,True,True,True,False,,,,,,The XML/runtime deathrattle tag dispatched no active deathrattle actions on this unconditioned summon; some cards attach actions through Battlecry/event-generated buffs.,"{""friendly_field"": {""before"": [""TB_BaconUps_050""], ""after"": []}, ""friendly_graveyard"": {""before"": [], ""after"": [""TB_BaconUps_050""]}}",yes,,,
TB_BaconUps_052,Sated Threshadon,CardSet.BATTLEGROUNDS,CardType.MINION,False,True,project_xml_raw_tag,no_direct_actions_declared,yes,death_processed_no_active_actions,pass_no_active_actions,True,True,0,True,False,Zone.GRAVEYARD,True,True,True,False,,,,,,The XML/runtime deathrattle tag dispatched no active deathrattle actions on this unconditioned summon; some cards attach actions through Battlecry/event-generated buffs.,"{""friendly_field"": {""before"": [""TB_BaconUps_052""], ""after"": []}, ""friendly_graveyard"": {""before"": [], ""after"": [""TB_BaconUps_052""]}}",yes,,,
TB_BaconUps_057,Ghastcoiler,CardSet.BATTLEGROUNDS,CardType.MINION,False,True,project_xml_raw_tag,no_direct_actions_declared,yes,death_processed_no_active_actions,pass_no_active_actions,True,True,0,True,False,Zone.GRAVEYARD,True,True,True,False,,,,,,The XML/runtime deathrattle tag dispatched no active deathrattle actions on this unconditioned summon; some cards attach actions through Battlecry/event-generated buffs.,"{""friendly_field"": {""before"": [""TB_BaconUps_057""], ""after"": []}, ""friendly_graveyard"": {""before"": [], ""after"": [""TB_BaconUps_057""]}}",yes,,,
TB_BaconUps_059,Voidlord,CardSet.BATTLEGROUNDS,CardType.MINION,False,True,project_xml_raw_tag,no_direct_actions_declared,yes,death_processed_no_active_actions,pass_no_active_actions,True,True,0,True,False,Zone.GRAVEYARD,True,True,True,False,,,,,,The XML/runtime deathrattle tag dispatched no active deathrattle actions on this unconditioned summon; some cards attach actions through Battlecry/event-generated buffs.,"{""friendly_field"": {""before"": [""TB_BaconUps_059""], ""after"": []}, ""friendly_graveyard"": {""before"": [], ""after"": [""TB_BaconUps_059""]}}",yes,,,
TB_BaconUps_080,Sneed's Old Shredder,CardSet.BATTLEGROUNDS,CardType.MINION,False,True,project_xml_raw_tag,no_direct_actions_declared,yes,death_processed_no_active_actions,pass_no_active_actions,True,True,0,True,False,Zone.GRAVEYARD,True,True,True,False,,,,,,The XML/runtime deathrattle tag dispatched no active deathrattle actions on this unconditioned summon; some cards attach actions through Battlecry/event-generated buffs.,"{""friendly_field"": {""before"": [""TB_BaconUps_080""], ""after"": []}, ""friendly_graveyard"": {""before"": [], ""after"": [""TB_BaconUps_080""]}}",yes,,,
TB_BaconUps_085,"Goldrinn, the Great Wolf",CardSet.BATTLEGROUNDS,CardType.MINION,False,True,project_xml_raw_tag,no_direct_actions_declared,yes,death_processed_no_active_actions,pass_no_active_actions,True,True,0,True,False,Zone.GRAVEYARD,True,True,True,False,,,,,,The XML/runtime deathrattle tag dispatched no active deathrattle actions on this unconditioned summon; some cards attach actions through Battlecry/event-generated buffs.,"{""friendly_field"": {""before"": [""TB_BaconUps_085""], ""after"": []}, ""friendly_graveyard"": {""before"": [], ""after"": [""TB_BaconUps_085""]}}",yes,,,
TB_BaconUps_087,Kangor's Apprentice,CardSet.BATTLEGROUNDS,CardType.MINION,False,True,project_xml_raw_tag,no_direct_actions_declared,yes,death_processed_no_active_actions,pass_no_active_actions,True,True,0,True,False,Zone.GRAVEYARD,True,True,True,False,,,,,,The XML/runtime deathrattle tag dispatched no active deathrattle actions on this unconditioned summon; some cards attach actions through Battlecry/event-generated buffs.,"{""friendly_field"": {""before"": [""TB_BaconUps_087""], ""after"": []}, ""friendly_graveyard"": {""before"": [], ""after"": [""TB_BaconUps_087""]}}",yes,,,
TB_BaconUps_100,King Bagurgle,CardSet.BATTLEGROUNDS,CardType.MINION,False,True,project_xml_raw_tag,no_direct_actions_declared,yes,death_processed_no_active_actions,pass_no_active_actions,True,True,0,True,False,Zone.GRAVEYARD,True,True,True,False,,,,,,The XML/runtime deathrattle tag dispatched no active deathrattle actions on this unconditioned summon; some cards attach actions through Battlecry/event-generated buffs.,"{""friendly_field"": {""before"": [""TB_BaconUps_100""], ""after"": []}, ""friendly_graveyard"": {""before"": [], ""after"": [""TB_BaconUps_100""]}}",yes,,,
TB_BaconUps_112,Fiendish Servant,CardSet.BATTLEGROUNDS,CardType.MINION,False,True,project_xml_raw_tag,no_direct_actions_declared,yes,death_processed_no_active_actions,pass_no_active_actions,True,True,0,True,False,Zone.GRAVEYARD,True,True,True,False,,,,,,The XML/runtime deathrattle tag dispatched no active deathrattle actions on this unconditioned summon; some cards attach actions through Battlecry/event-generated buffs.,"{""friendly_field"": {""before"": [""TB_BaconUps_112""], ""after"": []}, ""friendly_graveyard"": {""before"": [], ""after"": [""TB_BaconUps_112""]}}",yes,,,
TB_BaconUps_113,Imprisoner,CardSet.BATTLEGROUNDS,CardType.MINION,False,True,project_xml_raw_tag,no_direct_actions_declared,yes,death_processed_no_active_actions,pass_no_active_actions,True,True,0,True,False,Zone.GRAVEYARD,True,True,True,False,,,,,,The XML/runtime deathrattle tag dispatched no active deathrattle actions on this unconditioned summon; some cards attach actions through Battlecry/event-generated buffs.,"{""friendly_field"": {""before"": [""TB_BaconUps_113""], ""after"": []}, ""friendly_graveyard"": {""before"": [], ""after"": [""TB_BaconUps_113""]}}",yes,,,
TB_BaconUps_118,Unstable Ghoul,CardSet.BATTLEGROUNDS,CardType.MINION,False,True,project_xml_raw_tag,no_direct_actions_declared,yes,death_processed_no_active_actions,pass_no_active_actions,True,True,0,True,False,Zone.GRAVEYARD,True,True,True,False,,,,,,The XML/runtime deathrattle tag dispatched no active deathrattle actions on this unconditioned summon; some cards attach actions through Battlecry/event-generated buffs.,"{""friendly_field"": {""before"": [""TB_BaconUps_118""], ""after"": []}, ""friendly_graveyard"": {""before"": [], ""after"": [""TB_BaconUps_118""]}}",yes,,,
TB_BaconUps_137,The Tide Razor,CardSet.BATTLEGROUNDS,CardType.MINION,False,True,project_xml_raw_tag,no_direct_actions_declared,yes,death_processed_no_active_actions,pass_no_active_actions,True,True,0,True,False,Zone.GRAVEYARD,True,True,True,False,,,,,,The XML/runtime deathrattle tag dispatched no active deathrattle actions on this unconditioned summon; some cards attach actions through Battlecry/event-generated buffs.,"{""friendly_field"": {""before"": [""TB_BaconUps_137""], ""after"": []}, ""friendly_graveyard"": {""before"": [], ""after"": [""TB_BaconUps_137""]}}",yes,,,
TB_BaconUps_141,Scallywag,CardSet.BATTLEGROUNDS,CardType.MINION,False,True,project_xml_raw_tag,no_direct_actions_declared,yes,death_processed_no_active_actions,pass_no_active_actions,True,True,0,True,False,Zone.GRAVEYARD,True,True,True,False,,,,,,The XML/runtime deathrattle tag dispatched no active deathrattle actions on this unconditioned summon; some cards attach actions through Battlecry/event-generated buffs.,"{""friendly_field"": {""before"": [""TB_BaconUps_141""], ""after"": []}, ""friendly_graveyard"": {""before"": [], ""after"": [""TB_BaconUps_141""]}}",yes,,,
TB_Frost_Rag,Ragnaros?,CardSet.TB,CardType.MINION,False,True,project_xml_raw_tag,no_direct_actions_declared,yes,death_processed_no_active_actions,pass_no_active_actions,True,True,0,True,False,Zone.GRAVEYARD,True,True,True,False,,,,,,The XML/runtime deathrattle tag dispatched no active deathrattle actions on this unconditioned summon; some cards attach actions through Battlecry/event-generated buffs.,"{""friendly_field"": {""before"": [""TB_Frost_Rag""], ""after"": []}, ""friendly_graveyard"": {""before"": [], ""after"": [""TB_Frost_Rag""]}}",yes,,,
TB_GiftExchange_Treasure,Winter Veil Gift,CardSet.TB,CardType.MINION,False,True,project_xml_raw_tag,direct_actions_declared,yes,death_processed,pass,True,True,1,True,False,Zone.GRAVEYARD,True,True,True,False,,,,fireplace.cards.brawl.gift_exchange,TB_GiftExchange_Treasure,,"{""friendly_field"": {""before"": [""TB_GiftExchange_Treasure""], ""after"": []}, ""friendly_hand"": {""before"": 0, ""after"": 1}, ""friendly_graveyard"": {""before"": [], ""after"": [""TB_GiftExchange_Treasure""]}}",yes,,,
TB_Ignoblegarden1,Bloom Bot,CardSet.TB,CardType.MINION,False,True,project_xml_raw_tag,no_direct_actions_declared,yes,death_processed_no_active_actions,pass_no_active_actions,True,True,0,True,False,Zone.GRAVEYARD,True,True,True,False,,,,,,The XML/runtime deathrattle tag dispatched no active deathrattle actions on this unconditioned summon; some cards attach actions through Battlecry/event-generated buffs.,"{""friendly_field"": {""before"": [""TB_Ignoblegarden1""], ""after"": []}, ""friendly_graveyard"": {""before"": [], ""after"": [""TB_Ignoblegarden1""]}}",yes,,,
TB_Ignoblegarden2,Room Bot,CardSet.TB,CardType.MINION,False,True,project_xml_raw_tag,no_direct_actions_declared,yes,death_processed_no_active_actions,pass_no_active_actions,True,True,0,True,False,Zone.GRAVEYARD,True,True,True,False,,,,,,The XML/runtime deathrattle tag dispatched no active deathrattle actions on this unconditioned summon; some cards attach actions through Battlecry/event-generated buffs.,"{""friendly_field"": {""before"": [""TB_Ignoblegarden2""], ""after"": []}, ""friendly_graveyard"": {""before"": [], ""after"": [""TB_Ignoblegarden2""]}}",yes,,,
TB_Ignoblegarden3,Doom Bot,CardSet.TB,CardType.MINION,False,True,project_xml_raw_tag,no_direct_actions_declared,yes,death_processed_no_active_actions,pass_no_active_actions,True,True,0,True,False,Zone.GRAVEYARD,True,True,True,False,,,,,,The XML/runtime deathrattle tag dispatched no active deathrattle actions on this unconditioned summon; some cards attach actions through Battlecry/event-generated buffs.,"{""friendly_field"": {""before"": [""TB_Ignoblegarden3""], ""after"": []}, ""friendly_graveyard"": {""before"": [], ""after"": [""TB_Ignoblegarden3""]}}",yes,,,
TB_KTRAF_4,Gothik the Harvester,CardSet.TB,CardType.MINION,False,True,project_xml_raw_tag,direct_actions_declared,yes,death_processed,pass,True,True,1,True,False,Zone.GRAVEYARD,True,True,True,False,,,,fireplace.cards.brawl.ktraf,TB_KTRAF_4,,"{""friendly_field"": {""before"": [""TB_KTRAF_4""], ""after"": []}, ""enemy_field"": {""before"": [], ""after"": [""TB_KTRAF_4m""]}, ""friendly_graveyard"": {""before"": [], ""after"": [""TB_KTRAF_4""]}}",yes,,,
TB_KoboldGiftMinion,Large Waxy Gift,CardSet.TB,CardType.MINION,False,True,project_xml_raw_tag,no_direct_actions_declared,yes,death_processed_no_active_actions,pass_no_active_actions,True,True,0,True,False,Zone.GRAVEYARD,True,True,True,False,,,,,,The XML/runtime deathrattle tag dispatched no active deathrattle actions on this unconditioned summon; some cards attach actions through Battlecry/event-generated buffs.,"{""friendly_field"": {""before"": [""TB_KoboldGiftMinion""], ""after"": []}, ""friendly_graveyard"": {""before"": [], ""after"": [""TB_KoboldGiftMinion""]}}",yes,,,
TB_LEAGUE_REVIVAL_FinleyChest,Sandy Chest,CardSet.TB,CardType.MINION,False,True,project_xml_raw_tag,no_direct_actions_declared,yes,death_processed_no_active_actions,pass_no_active_actions,True,True,0,True,False,Zone.GRAVEYARD,True,True,True,False,,,,,,The XML/runtime deathrattle tag dispatched no active deathrattle actions on this unconditioned summon; some cards attach actions through Battlecry/event-generated buffs.,"{""friendly_field"": {""before"": [""TB_LEAGUE_REVIVAL_FinleyChest""], ""after"": []}, ""friendly_graveyard"": {""before"": [], ""after"": [""TB_LEAGUE_REVIVAL_FinleyChest""]}}",yes,,,
TB_LEAGUE_REVIVAL_FinleySandPile,Pile of Sand,CardSet.TB,CardType.MINION,False,True,project_xml_raw_tag,no_direct_actions_declared,yes,death_processed_no_active_actions,pass_no_active_actions,True,True,0,True,False,Zone.GRAVEYARD,True,True,True,False,,,,,,The XML/runtime deathrattle tag dispatched no active deathrattle actions on this unconditioned summon; some cards attach actions through Battlecry/event-generated buffs.,"{""friendly_field"": {""before"": [""TB_LEAGUE_REVIVAL_FinleySandPile""], ""after"": []}, ""friendly_graveyard"": {""before"": [], ""after"": [""TB_LEAGUE_REVIVAL_FinleySandPile""]}}",yes,,,
TB_Noblegarden_006,Hawkstrider Hen,CardSet.TB,CardType.MINION,False,True,project_xml_raw_tag,no_direct_actions_declared,yes,death_processed_no_active_actions,pass_no_active_actions,True,True,0,True,False,Zone.GRAVEYARD,True,True,True,False,,,,,,The XML/runtime deathrattle tag dispatched no active deathrattle actions on this unconditioned summon; some cards attach actions through Battlecry/event-generated buffs.,"{""friendly_field"": {""before"": [""TB_Noblegarden_006""], ""after"": []}, ""friendly_graveyard"": {""before"": [], ""after"": [""TB_Noblegarden_006""]}}",yes,,,
TB_PickYourFate_2_EnchMinion,Fate,CardSet.TB,CardType.ENCHANTMENT,False,True,project_xml_raw_tag,direct_actions_declared,no,skipped_non_playable_type,skipped,False,,,,False,,,,,False,,,XML type 6; not independently summonable by this minion/weapon smoke,fireplace.cards.brawl.pick_your_fate,TB_PickYourFate_2_EnchMinion,,null,yes,,,
TB_PickYourFate_4_EnchMinion,Fate,CardSet.TB,CardType.ENCHANTMENT,False,True,project_xml_raw_tag,direct_actions_declared,no,skipped_non_playable_type,skipped,False,,,,False,,,,,False,,,XML type 6; not independently summonable by this minion/weapon smoke,fireplace.cards.brawl.pick_your_fate,TB_PickYourFate_4_EnchMinion,,null,yes,,,
TB_PickYourFate_7_EnchMinion,Fate,CardSet.TB,CardType.ENCHANTMENT,False,True,project_xml_python_tag,direct_actions_declared,no,skipped_non_playable_type,skipped,False,,,,False,,,,,False,,,XML type 6; not independently summonable by this minion/weapon smoke,fireplace.cards.brawl.pick_your_fate,TB_PickYourFate_7_EnchMinion,,null,no,,,
TB_Pilot1,Mystery Pilot,CardSet.TB,CardType.ENCHANTMENT,False,True,project_xml_python_tag,direct_actions_declared,no,skipped_non_playable_type,skipped,False,,,,False,,,,,False,,,XML type 6; not independently summonable by this minion/weapon smoke,fireplace.cards.brawl.masked_ball,TB_Pilot1,,null,no,,,
TB_RoadToNR_OrgrimmarArmor,Discarded Armor,CardSet.TB,CardType.MINION,False,True,project_xml_raw_tag,no_direct_actions_declared,yes,death_processed_no_active_actions,pass_no_active_actions,True,True,0,True,False,Zone.GRAVEYARD,True,True,True,False,,,,,,The XML/runtime deathrattle tag dispatched no active deathrattle actions on this unconditioned summon; some cards attach actions through Battlecry/event-generated buffs.,"{""friendly_field"": {""before"": [""TB_RoadToNR_OrgrimmarArmor""], ""after"": []}, ""friendly_graveyard"": {""before"": [], ""after"": [""TB_RoadToNR_OrgrimmarArmor""]}}",yes,,,
TB_SPT_DPromoCrate1,Weapon Rack,CardSet.TB,CardType.MINION,False,True,project_xml_raw_tag,no_direct_actions_declared,yes,death_processed_no_active_actions,pass_no_active_actions,True,True,0,True,False,Zone.GRAVEYARD,True,True,True,False,,,,,,The XML/runtime deathrattle tag dispatched no active deathrattle actions on this unconditioned summon; some cards attach actions through Battlecry/event-generated buffs.,"{""friendly_field"": {""before"": [""TB_SPT_DPromoCrate1""], ""after"": []}, ""friendly_graveyard"": {""before"": [], ""after"": [""TB_SPT_DPromoCrate1""]}}",yes,,,
TB_SPT_DPromoCrate2,Discarded Armor,CardSet.TB,CardType.MINION,False,True,project_xml_raw_tag,no_direct_actions_declared,yes,death_processed_no_active_actions,pass_no_active_actions,True,True,0,True,False,Zone.GRAVEYARD,True,True,True,False,,,,,,The XML/runtime deathrattle tag dispatched no active deathrattle actions on this unconditioned summon; some cards attach actions through Battlecry/event-generated buffs.,"{""friendly_field"": {""before"": [""TB_SPT_DPromoCrate2""], ""after"": []}, ""friendly_graveyard"": {""before"": [], ""after"": [""TB_SPT_DPromoCrate2""]}}",yes,,,
TB_SPT_DPromoCrate3,Chest of Gold!,CardSet.TB,CardType.MINION,False,True,project_xml_raw_tag,no_direct_actions_declared,yes,death_processed_no_active_actions,pass_no_active_actions,True,True,0,True,False,Zone.GRAVEYARD,True,True,True,False,,,,,,The XML/runtime deathrattle tag dispatched no active deathrattle actions on this unconditioned summon; some cards attach actions through Battlecry/event-generated buffs.,"{""friendly_field"": {""before"": [""TB_SPT_DPromoCrate3""], ""after"": []}, ""friendly_graveyard"": {""before"": [], ""after"": [""TB_SPT_DPromoCrate3""]}}",yes,,,
TB_SPT_DPromoMinion,Hell Bovine,CardSet.TB,CardType.MINION,False,True,project_xml_raw_tag,no_direct_actions_declared,yes,death_processed_no_active_actions,pass_no_active_actions,True,True,0,True,False,Zone.GRAVEYARD,True,True,True,False,,,,,,The XML/runtime deathrattle tag dispatched no active deathrattle actions on this unconditioned summon; some cards attach actions through Battlecry/event-generated buffs.,"{""friendly_field"": {""before"": [""TB_SPT_DPromoMinion""], ""after"": []}, ""friendly_graveyard"": {""before"": [], ""after"": [""TB_SPT_DPromoMinion""]}}",yes,,,
TB_SPT_DPromoMinionChamp,Hell Bovine Champion,CardSet.TB,CardType.MINION,False,True,project_xml_raw_tag,no_direct_actions_declared,yes,death_processed_no_active_actions,pass_no_active_actions,True,True,0,True,False,Zone.GRAVEYARD,True,True,True,False,,,,,,The XML/runtime deathrattle tag dispatched no active deathrattle actions on this unconditioned summon; some cards attach actions through Battlecry/event-generated buffs.,"{""friendly_field"": {""before"": [""TB_SPT_DPromoMinionChamp""], ""after"": []}, ""friendly_graveyard"": {""before"": [], ""after"": [""TB_SPT_DPromoMinionChamp""]}}",yes,,,
TB_SPT_DPromoMinionInit,Hell Bovine,CardSet.TB,CardType.MINION,False,True,project_xml_raw_tag,no_direct_actions_declared,yes,death_processed_no_active_actions,pass_no_active_actions,True,True,0,True,False,Zone.GRAVEYARD,True,True,True,False,,,,,,The XML/runtime deathrattle tag dispatched no active deathrattle actions on this unconditioned summon; some cards attach actions through Battlecry/event-generated buffs.,"{""friendly_field"": {""before"": [""TB_SPT_DPromoMinionInit""], ""after"": []}, ""friendly_graveyard"": {""before"": [], ""after"": [""TB_SPT_DPromoMinionInit""]}}",yes,,,
TB_SPT_GiftMinion,Large EVIL Gift,CardSet.TB,CardType.MINION,False,True,project_xml_raw_tag,no_direct_actions_declared,yes,death_processed_no_active_actions,pass_no_active_actions,True,True,0,True,False,Zone.GRAVEYARD,True,True,True,False,,,,,,The XML/runtime deathrattle tag dispatched no active deathrattle actions on this unconditioned summon; some cards attach actions through Battlecry/event-generated buffs.,"{""friendly_field"": {""before"": [""TB_SPT_GiftMinion""], ""after"": []}, ""friendly_graveyard"": {""before"": [], ""after"": [""TB_SPT_GiftMinion""]}}",yes,,,
TB_TempleOutrun_DALA_719,Soulreaper's Scythe,CardSet.TB,CardType.WEAPON,False,True,project_xml_raw_tag,no_direct_actions_declared,yes,death_processed_no_active_actions,pass_no_active_actions,True,True,0,True,False,Zone.GRAVEYARD,True,True,True,False,,,,,,The XML/runtime deathrattle tag dispatched no active deathrattle actions on this unconditioned summon; some cards attach actions through Battlecry/event-generated buffs.,"{""friendly_graveyard"": {""before"": [], ""after"": [""TB_TempleOutrun_DALA_719""]}, ""friendly_weapon"": {""before"": ""TB_TempleOutrun_DALA_719"", ""after"": null}}",yes,,,
TB_TempleOutrun_Lazul_HP,Leap of Fate,CardSet.TB,CardType.HERO_POWER,False,True,project_xml_raw_tag,no_direct_actions_declared,no,skipped_non_playable_type,skipped,False,,,,False,,,,,False,,,XML type 10; not independently summonable by this minion/weapon smoke,,,,null,yes,,,
TB_ThunderdomeWeaponE,Improvised Flamethrower,CardSet.TB,CardType.WEAPON,False,True,project_xml_raw_tag,no_direct_actions_declared,yes,death_processed_no_active_actions,pass_no_active_actions,True,True,0,True,False,Zone.GRAVEYARD,True,True,True,False,,,,,,The XML/runtime deathrattle tag dispatched no active deathrattle actions on this unconditioned summon; some cards attach actions through Battlecry/event-generated buffs.,"{""friendly_graveyard"": {""before"": [], ""after"": [""TB_ThunderdomeWeaponE""]}, ""friendly_weapon"": {""before"": ""TB_ThunderdomeWeaponE"", ""after"": null}}",yes,,,
TOT_102,Rift Warden,CardSet.TAVERNS_OF_TIME,CardType.MINION,False,True,project_xml_raw_tag,no_direct_actions_declared,yes,death_processed_no_active_actions,pass_no_active_actions,True,True,0,True,False,Zone.GRAVEYARD,True,True,True,False,,,,,,The XML/runtime deathrattle tag dispatched no active deathrattle actions on this unconditioned summon; some cards attach actions through Battlecry/event-generated buffs.,"{""friendly_field"": {""before"": [""TOT_102""], ""after"": []}, ""friendly_graveyard"": {""before"": [], ""after"": [""TOT_102""]}}",yes,,,
TOT_204,Timeshift: Dreadsteed,CardSet.TB,CardType.MINION,False,True,project_xml_raw_tag,no_direct_actions_declared,yes,death_processed_no_active_actions,pass_no_active_actions,True,True,0,True,False,Zone.GRAVEYARD,True,True,True,False,,,,,,The XML/runtime deathrattle tag dispatched no active deathrattle actions on this unconditioned summon; some cards attach actions through Battlecry/event-generated buffs.,"{""friendly_field"": {""before"": [""TOT_204""], ""after"": []}, ""friendly_graveyard"": {""before"": [], ""after"": [""TOT_204""]}}",yes,,,
TRLA_106,Bottled Terror,CardSet.TROLL,CardType.MINION,False,True,project_xml_raw_tag,no_direct_actions_declared,yes,death_processed_no_active_actions,pass_no_active_actions,True,True,0,True,False,Zone.GRAVEYARD,True,True,True,False,,,,,,The XML/runtime deathrattle tag dispatched no active deathrattle actions on this unconditioned summon; some cards attach actions through Battlecry/event-generated buffs.,"{""friendly_field"": {""before"": [""TRLA_106""], ""after"": []}, ""friendly_graveyard"": {""before"": [], ""after"": [""TRLA_106""]}}",yes,,,
TRLA_121,Water Spirit,CardSet.TROLL,CardType.MINION,False,True,project_xml_raw_tag,no_direct_actions_declared,yes,death_processed_no_active_actions,pass_no_active_actions,True,True,0,True,False,Zone.GRAVEYARD,True,True,True,False,,,,,,The XML/runtime deathrattle tag dispatched no active deathrattle actions on this unconditioned summon; some cards attach actions through Battlecry/event-generated buffs.,"{""friendly_field"": {""before"": [""TRLA_121""], ""after"": []}, ""friendly_graveyard"": {""before"": [], ""after"": [""TRLA_121""]}}",yes,,,
TRLA_148,Weaponized Zombie,CardSet.TROLL,CardType.MINION,False,True,project_xml_raw_tag,no_direct_actions_declared,yes,death_processed_no_active_actions,pass_no_active_actions,True,True,0,True,False,Zone.GRAVEYARD,True,True,True,False,,,,,,The XML/runtime deathrattle tag dispatched no active deathrattle actions on this unconditioned summon; some cards attach actions through Battlecry/event-generated buffs.,"{""friendly_field"": {""before"": [""TRLA_148""], ""after"": []}, ""friendly_graveyard"": {""before"": [], ""after"": [""TRLA_148""]}}",yes,,,
TRLA_149,Ghastcoiler,CardSet.TROLL,CardType.MINION,False,True,project_xml_raw_tag,no_direct_actions_declared,yes,death_processed_no_active_actions,pass_no_active_actions,True,True,0,True,False,Zone.GRAVEYARD,True,True,True,False,,,,,,The XML/runtime deathrattle tag dispatched no active deathrattle actions on this unconditioned summon; some cards attach actions through Battlecry/event-generated buffs.,"{""friendly_field"": {""before"": [""TRLA_149""], ""after"": []}, ""friendly_graveyard"": {""before"": [], ""after"": [""TRLA_149""]}}",yes,,,
TRLA_152,Soulsapper,CardSet.TROLL,CardType.MINION,False,True,project_xml_raw_tag,no_direct_actions_declared,yes,death_processed_no_active_actions,pass_no_active_actions,True,True,0,True,False,Zone.GRAVEYARD,True,True,True,False,,,,,,The XML/runtime deathrattle tag dispatched no active deathrattle actions on this unconditioned summon; some cards attach actions through Battlecry/event-generated buffs.,"{""friendly_field"": {""before"": [""TRLA_152""], ""after"": []}, ""friendly_graveyard"": {""before"": [], ""after"": [""TRLA_152""]}}",yes,,,
TRLA_167,Rabid Saurolisk,CardSet.TROLL,CardType.MINION,False,True,project_xml_raw_tag,no_direct_actions_declared,yes,death_processed_no_active_actions,pass_no_active_actions,True,True,0,True,False,Zone.GRAVEYARD,True,True,True,False,,,,,,The XML/runtime deathrattle tag dispatched no active deathrattle actions on this unconditioned summon; some cards attach actions through Battlecry/event-generated buffs.,"{""friendly_field"": {""before"": [""TRLA_167""], ""after"": []}, ""friendly_graveyard"": {""before"": [], ""after"": [""TRLA_167""]}}",yes,,,
TRLA_190,Salty Looter,CardSet.TROLL,CardType.MINION,False,True,project_xml_raw_tag,no_direct_actions_declared,yes,death_processed_no_active_actions,pass_no_active_actions,True,True,0,True,False,Zone.GRAVEYARD,True,True,True,False,,,,,,The XML/runtime deathrattle tag dispatched no active deathrattle actions on this unconditioned summon; some cards attach actions through Battlecry/event-generated buffs.,"{""friendly_field"": {""before"": [""TRLA_190""], ""after"": []}, ""friendly_graveyard"": {""before"": [], ""after"": [""TRLA_190""]}}",yes,,,
TRLA_193,Raging Contender,CardSet.TROLL,CardType.MINION,False,True,project_xml_raw_tag,no_direct_actions_declared,yes,death_processed_no_active_actions,pass_no_active_actions,True,True,0,True,False,Zone.GRAVEYARD,True,True,True,False,,,,,,The XML/runtime deathrattle tag dispatched no active deathrattle actions on this unconditioned summon; some cards attach actions through Battlecry/event-generated buffs.,"{""friendly_field"": {""before"": [""TRLA_193""], ""after"": []}, ""friendly_graveyard"": {""before"": [], ""after"": [""TRLA_193""]}}",yes,,,
TRL_074,Serrated Tooth,CardSet.TROLL,CardType.WEAPON,True,True,project_xml_raw_tag,direct_actions_declared,yes,death_processed,pass,True,True,1,True,False,Zone.GRAVEYARD,True,True,True,False,,,,fireplace.cards.troll.rogue,TRL_074,,"{""friendly_graveyard"": {""before"": [], ""after"": [""TRL_074""]}, ""friendly_weapon"": {""before"": ""TRL_074"", ""after"": null}}",yes,,,
TRL_082e,Voodoo,CardSet.TROLL,CardType.ENCHANTMENT,False,True,project_xml_python_tag,direct_actions_declared,no,skipped_non_playable_type,skipped,False,,,,False,,,,,False,,,XML type 6; not independently summonable by this minion/weapon smoke,fireplace.cards.troll.shaman,TRL_082e,,null,no,,,
TRL_306,Immortal Prelate,CardSet.TROLL,CardType.MINION,True,True,project_xml_raw_tag,direct_actions_declared,yes,death_processed_source_moved,pass_source_moved,True,True,1,True,False,Zone.DECK,True,False,True,False,,,,fireplace.cards.troll.paladin,TRL_306,Deathrattle moved the dying source out of the graveyard into another zone.,"{""friendly_field"": {""before"": [""TRL_306""], ""after"": []}, ""friendly_deck"": {""before"": 0, ""after"": 1}}",yes,,,
TRL_363,Saronite Taskmaster,CardSet.TROLL,CardType.MINION,True,True,project_xml_raw_tag,direct_actions_declared,yes,death_processed,pass,True,True,1,True,False,Zone.GRAVEYARD,True,True,True,False,,,,fireplace.cards.troll.neutral_common,TRL_363,,"{""friendly_field"": {""before"": [""TRL_363""], ""after"": []}, ""enemy_field"": {""before"": [], ""after"": [""TRL_363t""]}, ""friendly_graveyard"": {""before"": [], ""after"": [""TRL_363""]}}",yes,,,
TRL_409,"Gral, the Shark",CardSet.TROLL,CardType.MINION,True,True,project_xml_raw_tag,direct_actions_declared,yes,death_processed,pass,True,True,1,True,False,Zone.GRAVEYARD,True,True,True,False,,,,fireplace.cards.troll.rogue,TRL_409,,"{""friendly_field"": {""before"": [""TRL_409""], ""after"": []}, ""friendly_graveyard"": {""before"": [], ""after"": [""TRL_409""]}}",yes,,,
TRL_503,Scarab Egg,CardSet.TROLL,CardType.MINION,True,True,project_xml_raw_tag,direct_actions_declared,yes,death_processed,pass,True,True,1,True,False,Zone.GRAVEYARD,True,True,True,False,,,,fireplace.cards.troll.neutral_common,TRL_503,,"{""friendly_field"": {""before"": [""TRL_503""], ""after"": [""TRL_503t"", ""TRL_503t"", ""TRL_503t""]}, ""friendly_graveyard"": {""before"": [], ""after"": [""TRL_503""]}}",yes,,,
TRL_505,Helpless Hatchling,CardSet.TROLL,CardType.MINION,True,True,project_xml_raw_tag,direct_actions_declared,yes,death_processed,pass,True,True,1,True,False,Zone.GRAVEYARD,True,True,True,False,,,,fireplace.cards.troll.neutral_common,TRL_505,,"{""friendly_field"": {""before"": [""TRL_505""], ""after"": []}, ""friendly_graveyard"": {""before"": [], ""after"": [""TRL_505""]}}",yes,,,
TRL_520,Murloc Tastyfin,CardSet.TROLL,CardType.MINION,True,True,project_xml_raw_tag,direct_actions_declared,yes,death_processed,pass,True,True,1,True,False,Zone.GRAVEYARD,True,True,True,False,,,,fireplace.cards.troll.neutral_rare,TRL_520,,"{""friendly_field"": {""before"": [""TRL_520""], ""after"": []}, ""friendly_graveyard"": {""before"": [], ""after"": [""TRL_520""]}}",yes,,,
TRL_525,Arena Treasure Chest,CardSet.TROLL,CardType.MINION,True,True,project_xml_raw_tag,direct_actions_declared,yes,death_processed,pass,True,True,1,True,False,Zone.GRAVEYARD,True,True,True,False,,,,fireplace.cards.troll.neutral_common,TRL_525,,"{""friendly_field"": {""before"": [""TRL_525""], ""after"": []}, ""friendly_graveyard"": {""before"": [], ""after"": [""TRL_525""]}}",yes,,,
TRL_531,Rumbletusk Shaker,CardSet.TROLL,CardType.MINION,True,True,project_xml_raw_tag,direct_actions_declared,yes,death_processed,pass,True,True,1,True,False,Zone.GRAVEYARD,True,True,True,False,,,,fireplace.cards.troll.neutral_common,TRL_531,,"{""friendly_field"": {""before"": [""TRL_531""], ""after"": [""TRL_531t""]}, ""friendly_graveyard"": {""before"": [], ""after"": [""TRL_531""]}}",yes,,,
TRL_541,"Hakkar, the Soulflayer",CardSet.TROLL,CardType.MINION,True,True,project_xml_raw_tag,direct_actions_declared,yes,death_processed,pass,True,True,1,True,False,Zone.GRAVEYARD,True,True,True,False,,,,fireplace.cards.troll.neutral_legendary,TRL_541,,"{""friendly_field"": {""before"": [""TRL_541""], ""after"": []}, ""friendly_deck"": {""before"": 0, ""after"": 1}, ""enemy_deck"": {""before"": 0, ""after"": 1}, ""friendly_graveyard"": {""before"": [], ""after"": [""TRL_541""]}}",yes,,,
TU4c_003,Barrel,CardSet.MISSIONS,CardType.MINION,False,True,project_xml_raw_tag,direct_actions_declared,yes,death_processed,pass,True,True,1,True,False,Zone.GRAVEYARD,True,True,True,False,,,,fireplace.cards.tutorial.all,TU4c_003,,"{""friendly_field"": {""before"": [""TU4c_003""], ""after"": []}, ""enemy_field"": {""before"": [], ""after"": [""TU4c_005""]}, ""friendly_graveyard"": {""before"": [], ""after"": [""TU4c_003""]}}",yes,,,
ULDA_002,Flo Slatebrand,CardSet.ULDUM,CardType.MINION,False,True,project_xml_raw_tag,no_direct_actions_declared,yes,death_processed_no_active_actions,pass_no_active_actions,True,True,0,True,False,Zone.GRAVEYARD,True,True,True,False,,,,,,The XML/runtime deathrattle tag dispatched no active deathrattle actions on this unconditioned summon; some cards attach actions through Battlecry/event-generated buffs.,"{""friendly_field"": {""before"": [""ULDA_002""], ""after"": []}, ""friendly_graveyard"": {""before"": [], ""after"": [""ULDA_002""]}}",yes,,,
ULDA_032,Enflamed Golem,CardSet.ULDUM,CardType.MINION,False,True,project_xml_raw_tag,no_direct_actions_declared,yes,death_processed_no_active_actions,pass_no_active_actions,True,True,0,True,False,Zone.GRAVEYARD,True,True,True,False,,,,,,The XML/runtime deathrattle tag dispatched no active deathrattle actions on this unconditioned summon; some cards attach actions through Battlecry/event-generated buffs.,"{""friendly_field"": {""before"": [""ULDA_032""], ""after"": []}, ""friendly_graveyard"": {""before"": [], ""after"": [""ULDA_032""]}}",yes,,,
ULDA_034,Runaway Gyrocopter,CardSet.ULDUM,CardType.MINION,False,True,project_xml_raw_tag,no_direct_actions_declared,yes,death_processed_no_active_actions,pass_no_active_actions,True,True,0,True,False,Zone.GRAVEYARD,True,True,True,False,,,,,,The XML/runtime deathrattle tag dispatched no active deathrattle actions on this unconditioned summon; some cards attach actions through Battlecry/event-generated buffs.,"{""friendly_field"": {""before"": [""ULDA_034""], ""after"": []}, ""friendly_graveyard"": {""before"": [], ""after"": [""ULDA_034""]}}",yes,,,
ULDA_110,Crawling Claw,CardSet.ULDUM,CardType.MINION,False,True,project_xml_raw_tag,no_direct_actions_declared,yes,death_processed_no_active_actions,pass_no_active_actions,True,True,0,True,False,Zone.GRAVEYARD,True,True,True,False,,,,,,The XML/runtime deathrattle tag dispatched no active deathrattle actions on this unconditioned summon; some cards attach actions through Battlecry/event-generated buffs.,"{""friendly_graveyard"": {""before"": [], ""after"": [""ULDA_110""]}}",yes,,,
ULDA_114,Aegis of Death,CardSet.ULDUM,CardType.WEAPON,False,True,project_xml_raw_tag,no_direct_actions_declared,yes,death_processed_no_active_actions,pass_no_active_actions,True,True,0,True,False,Zone.GRAVEYARD,True,True,True,False,,,,,,The XML/runtime deathrattle tag dispatched no active deathrattle actions on this unconditioned summon; some cards attach actions through Battlecry/event-generated buffs.,"{""friendly_graveyard"": {""before"": [], ""after"": [""ULDA_114""]}, ""friendly_weapon"": {""before"": ""ULDA_114"", ""after"": null}}",yes,,,
ULDA_BOSS_39m,Scaly Golem,CardSet.ULDUM,CardType.MINION,False,True,project_xml_raw_tag,no_direct_actions_declared,yes,death_processed_no_active_actions,pass_no_active_actions,True,True,0,True,False,Zone.GRAVEYARD,True,True,True,False,,,,,,The XML/runtime deathrattle tag dispatched no active deathrattle actions on this unconditioned summon; some cards attach actions through Battlecry/event-generated buffs.,"{""friendly_field"": {""before"": [""ULDA_BOSS_39m""], ""after"": []}, ""friendly_graveyard"": {""before"": [], ""after"": [""ULDA_BOSS_39m""]}}",yes,,,
ULD_163,Expired Merchant,CardSet.ULDUM,CardType.MINION,True,True,project_xml_raw_tag,no_direct_actions_declared,yes,death_processed_no_active_actions,pass_no_active_actions,True,True,0,True,False,Zone.GRAVEYARD,True,True,True,False,,,,fireplace.cards.uldum.warlock,ULD_163,The XML/runtime deathrattle tag dispatched no active deathrattle actions on this unconditioned summon; some cards attach actions through Battlecry/event-generated buffs.,"{""friendly_field"": {""before"": [""ULD_163""], ""after"": []}, ""friendly_graveyard"": {""before"": [], ""after"": [""ULD_163""]}}",yes,pass,"{""battlecry_discarded_highest_cost"":true,""discard_attached_deathrattle"":true,""merchant_processed_death"":true,""two_discarded_copies_returned"":true}","{""discarded_card_zone"":""Zone.REMOVEDFROMGAME"",""merchant_zone_before_death"":""Zone.PLAY"",""merchant_buffs"":[""ULD_163e""],""deathrattle_action_count"":1,""merchant_zone_after_death"":""Zone.GRAVEYARD"",""returned_fireball_count"":2,""friendly_hand_ids"":[""CS2_231"",""CS2_029"",""CS2_029""],""lower_cost_card_retained"":true}"
ULD_163e,Expired Goods,CardSet.ULDUM,CardType.ENCHANTMENT,False,True,project_xml_python_tag,direct_actions_declared,no,skipped_non_playable_type,skipped,False,,,,False,,,,,False,,,XML type 6; not independently summonable by this minion/weapon smoke,fireplace.cards.uldum.warlock,ULD_163e,,null,no,,,
ULD_174,Serpent Egg,CardSet.ULDUM,CardType.MINION,True,True,project_xml_raw_tag,direct_actions_declared,yes,death_processed,pass,True,True,1,True,False,Zone.GRAVEYARD,True,True,True,False,,,,fireplace.cards.uldum.neutral_common,ULD_174,,"{""friendly_field"": {""before"": [""ULD_174""], ""after"": [""ULD_174t""]}, ""friendly_graveyard"": {""before"": [], ""after"": [""ULD_174""]}}",yes,,,
ULD_177,Octosari,CardSet.ULDUM,CardType.MINION,True,True,project_xml_raw_tag,direct_actions_declared,yes,death_processed,pass,True,True,1,True,False,Zone.GRAVEYARD,True,True,True,False,,,,fireplace.cards.uldum.neutral_legendary,ULD_177,,"{""friendly_field"": {""before"": [""ULD_177""], ""after"": []}, ""friendly_graveyard"": {""before"": [], ""after"": [""ULD_177""]}}",yes,,,
ULD_183,Anubisath Warbringer,CardSet.ULDUM,CardType.MINION,True,True,project_xml_raw_tag,direct_actions_declared,yes,death_processed,pass,True,True,1,True,False,Zone.GRAVEYARD,True,True,True,False,,,,fireplace.cards.uldum.neutral_common,ULD_183,,"{""friendly_field"": {""before"": [""ULD_183""], ""after"": []}, ""friendly_graveyard"": {""before"": [], ""after"": [""ULD_183""]}}",yes,,,
ULD_184,Kobold Sandtrooper,CardSet.ULDUM,CardType.MINION,True,True,project_xml_raw_tag,direct_actions_declared,yes,death_processed,pass,True,True,1,True,False,Zone.GRAVEYARD,True,True,True,False,,,,fireplace.cards.uldum.neutral_common,ULD_184,,"{""friendly_field"": {""before"": [""ULD_184""], ""after"": []}, ""friendly_graveyard"": {""before"": [], ""after"": [""ULD_184""]}, ""enemy_hero"": {""before"": {""health"": 30, ""armor"": 0}, ""after"": {""health"": 27, ""armor"": 0}}}",yes,,,
ULD_208,Khartut Defender,CardSet.ULDUM,CardType.MINION,True,True,project_xml_raw_tag,direct_actions_declared,yes,death_processed,pass,True,True,1,True,False,Zone.GRAVEYARD,True,True,True,False,,,,fireplace.cards.uldum.neutral_rare,ULD_208,,"{""friendly_graveyard"": {""before"": [], ""after"": [""ULD_208""]}}",yes,,,
ULD_250,Infested Goblin,CardSet.ULDUM,CardType.MINION,True,True,project_xml_raw_tag,direct_actions_declared,yes,death_processed,pass,True,True,1,True,False,Zone.GRAVEYARD,True,True,True,False,,,,fireplace.cards.uldum.neutral_rare,ULD_250,,"{""friendly_field"": {""before"": [""ULD_250""], ""after"": []}, ""friendly_hand"": {""before"": 0, ""after"": 2}, ""friendly_graveyard"": {""before"": [], ""after"": [""ULD_250""]}}",yes,,,
ULD_266,Grandmummy,CardSet.ULDUM,CardType.MINION,True,True,project_xml_raw_tag,direct_actions_declared,yes,death_processed,pass,True,True,1,True,False,Zone.GRAVEYARD,True,True,True,False,,,,fireplace.cards.uldum.priest,ULD_266,,"{""friendly_graveyard"": {""before"": [], ""after"": [""ULD_266""]}}",yes,,,
ULD_280,Sahket Sapper,CardSet.ULDUM,CardType.MINION,True,True,project_xml_raw_tag,direct_actions_declared,yes,death_processed,pass,True,True,1,True,False,Zone.GRAVEYARD,True,True,True,False,,,,fireplace.cards.uldum.rogue,ULD_280,,"{""friendly_field"": {""before"": [""ULD_280""], ""after"": []}, ""friendly_graveyard"": {""before"": [], ""after"": [""ULD_280""]}}",yes,,,
ULD_282,Jar Dealer,CardSet.ULDUM,CardType.MINION,True,True,project_xml_raw_tag,direct_actions_declared,yes,death_processed,pass,True,True,1,True,False,Zone.GRAVEYARD,True,True,True,False,,,,fireplace.cards.uldum.neutral_common,ULD_282,,"{""friendly_field"": {""before"": [""ULD_282""], ""after"": []}, ""friendly_hand"": {""before"": 0, ""after"": 1}, ""friendly_graveyard"": {""before"": [], ""after"": [""ULD_282""]}}",yes,,,
ULD_438,Salhet's Pride,CardSet.ULDUM,CardType.MINION,True,True,project_xml_raw_tag,direct_actions_declared,yes,death_processed,pass,True,True,1,True,False,Zone.GRAVEYARD,True,True,True,False,,,,fireplace.cards.uldum.paladin,ULD_438,,"{""friendly_field"": {""before"": [""ULD_438""], ""after"": []}, ""friendly_graveyard"": {""before"": [], ""after"": [""ULD_438""]}}",yes,,,
ULD_706,Blatant Decoy,CardSet.ULDUM,CardType.MINION,True,True,project_xml_raw_tag,direct_actions_declared,yes,death_processed,pass,True,True,1,True,False,Zone.GRAVEYARD,True,True,True,False,,,,fireplace.cards.uldum.neutral_epic,ULD_706,,"{""friendly_field"": {""before"": [""ULD_706""], ""after"": []}, ""friendly_graveyard"": {""before"": [], ""after"": [""ULD_706""]}}",yes,,,
UNG_010,Sated Threshadon,CardSet.UNGORO,CardType.MINION,True,True,project_xml_raw_tag,direct_actions_declared,yes,death_processed,pass,True,True,1,True,False,Zone.GRAVEYARD,True,True,True,False,,,,fireplace.cards.ungoro.neutral_common,UNG_010,,"{""friendly_field"": {""before"": [""UNG_010""], ""after"": [""UNG_201t"", ""UNG_201t"", ""UNG_201t""]}, ""friendly_graveyard"": {""before"": [], ""after"": [""UNG_010""]}}",yes,,,
UNG_027,Pyros,CardSet.UNGORO,CardType.MINION,True,True,project_xml_raw_tag,direct_actions_declared,yes,death_processed_source_moved,pass_source_moved,True,True,1,True,False,Zone.SETASIDE,True,False,True,False,,,,fireplace.cards.ungoro.mage,UNG_027,Deathrattle moved the dying source out of the graveyard into another zone.,"{""friendly_field"": {""before"": [""UNG_027""], ""after"": []}, ""friendly_hand"": {""before"": 0, ""after"": 1}}",yes,,,
UNG_027t2,Pyros,CardSet.UNGORO,CardType.MINION,False,True,project_xml_raw_tag,direct_actions_declared,yes,death_processed_source_moved,pass_source_moved,True,True,1,True,False,Zone.SETASIDE,True,False,True,False,,,,fireplace.cards.ungoro.mage,UNG_027t2,Deathrattle moved the dying source out of the graveyard into another zone.,"{""friendly_field"": {""before"": [""UNG_027t2""], ""after"": []}, ""friendly_hand"": {""before"": 0, ""after"": 1}}",yes,,,
UNG_032,Crystalline Oracle,CardSet.UNGORO,CardType.MINION,True,True,project_xml_raw_tag,direct_actions_declared,yes,death_processed,pass,True,True,1,True,False,Zone.GRAVEYARD,True,True,True,False,,,,fireplace.cards.ungoro.priest,UNG_032,,"{""friendly_field"": {""before"": [""UNG_032""], ""after"": []}, ""friendly_graveyard"": {""before"": [], ""after"": [""UNG_032""]}}",yes,,,
UNG_037,Tortollan Shellraiser,CardSet.UNGORO,CardType.MINION,True,True,project_xml_raw_tag,direct_actions_declared,yes,death_processed,pass,True,True,1,True,False,Zone.GRAVEYARD,True,True,True,False,,,,fireplace.cards.ungoro.priest,UNG_037,,"{""friendly_field"": {""before"": [""UNG_037""], ""after"": []}, ""friendly_graveyard"": {""before"": [], ""after"": [""UNG_037""]}}",yes,,,
UNG_065,"Sherazin, Corpse Flower",CardSet.UNGORO,CardType.MINION,True,True,project_xml_raw_tag,direct_actions_declared,yes,death_processed,pass,True,True,1,True,False,Zone.GRAVEYARD,True,True,True,False,,,,fireplace.cards.ungoro.rogue,UNG_065,,"{""friendly_field"": {""before"": [""UNG_065""], ""after"": [""UNG_065t""]}, ""friendly_graveyard"": {""before"": [], ""after"": [""UNG_065""]}}",yes,,,
UNG_076,Eggnapper,CardSet.UNGORO,CardType.MINION,True,True,project_xml_raw_tag,direct_actions_declared,yes,death_processed,pass,True,True,1,True,False,Zone.GRAVEYARD,True,True,True,False,,,,fireplace.cards.ungoro.neutral_common,UNG_076,,"{""friendly_field"": {""before"": [""UNG_076""], ""after"": [""UNG_076t1"", ""UNG_076t1""]}, ""friendly_graveyard"": {""before"": [], ""after"": [""UNG_076""]}}",yes,,,
UNG_083,Devilsaur Egg,CardSet.UNGORO,CardType.MINION,True,True,project_xml_raw_tag,direct_actions_declared,yes,death_processed,pass,True,True,1,True,False,Zone.GRAVEYARD,True,True,True,False,,,,fireplace.cards.ungoro.neutral_rare,UNG_083,,"{""friendly_field"": {""before"": [""UNG_083""], ""after"": [""UNG_083t1""]}, ""friendly_graveyard"": {""before"": [], ""after"": [""UNG_083""]}}",yes,,,
UNG_086,Giant Anaconda,CardSet.UNGORO,CardType.MINION,True,True,project_xml_raw_tag,direct_actions_declared,yes,death_processed,pass,True,True,1,True,False,Zone.GRAVEYARD,True,True,True,False,,,,fireplace.cards.ungoro.druid,UNG_086,,"{""friendly_field"": {""before"": [""UNG_086""], ""after"": []}, ""friendly_graveyard"": {""before"": [], ""after"": [""UNG_086""]}}",yes,,,
UNG_111t1,Mana Treant,CardSet.UNGORO,CardType.MINION,False,True,project_xml_raw_tag,direct_actions_declared,yes,death_processed,pass,True,True,1,True,False,Zone.GRAVEYARD,True,True,True,False,,,,fireplace.cards.ungoro.druid,UNG_111t1,,"{""friendly_field"": {""before"": [""UNG_111t1""], ""after"": []}, ""friendly_graveyard"": {""before"": [], ""after"": [""UNG_111t1""]}}",yes,,,
UNG_818,Volatile Elemental,CardSet.UNGORO,CardType.MINION,True,True,project_xml_raw_tag,direct_actions_declared,yes,death_processed,pass,True,True,1,True,False,Zone.GRAVEYARD,True,True,True,False,,,,fireplace.cards.ungoro.neutral_common,UNG_818,,"{""friendly_field"": {""before"": [""UNG_818""], ""after"": []}, ""friendly_graveyard"": {""before"": [], ""after"": [""UNG_818""]}}",yes,,,
UNG_830,Cruel Dinomancer,CardSet.UNGORO,CardType.MINION,True,True,project_xml_raw_tag,direct_actions_declared,yes,death_processed,pass,True,True,1,True,False,Zone.GRAVEYARD,True,True,True,False,,,,fireplace.cards.ungoro.warlock,UNG_830,,"{""friendly_field"": {""before"": [""UNG_830""], ""after"": []}, ""friendly_graveyard"": {""before"": [], ""after"": [""UNG_830""]}}",yes,,,
UNG_845,Igneous Elemental,CardSet.UNGORO,CardType.MINION,True,True,project_xml_raw_tag,direct_actions_declared,yes,death_processed,pass,True,True,1,True,False,Zone.GRAVEYARD,True,True,True,False,,,,fireplace.cards.ungoro.neutral_common,UNG_845,,"{""friendly_field"": {""before"": [""UNG_845""], ""after"": []}, ""friendly_hand"": {""before"": 0, ""after"": 2}, ""friendly_graveyard"": {""before"": [], ""after"": [""UNG_845""]}}",yes,,,
UNG_846,Shimmering Tempest,CardSet.UNGORO,CardType.MINION,True,True,project_xml_raw_tag,direct_actions_declared,yes,death_processed,pass,True,True,1,True,False,Zone.GRAVEYARD,True,True,True,False,,,,fireplace.cards.ungoro.mage,UNG_846,,"{""friendly_field"": {""before"": [""UNG_846""], ""after"": []}, ""friendly_hand"": {""before"": 0, ""after"": 1}, ""friendly_graveyard"": {""before"": [], ""after"": [""UNG_846""]}}",yes,,,
UNG_914,Raptor Hatchling,CardSet.UNGORO,CardType.MINION,True,True,project_xml_raw_tag,direct_actions_declared,yes,death_processed,pass,True,True,1,True,False,Zone.GRAVEYARD,True,True,True,False,,,,fireplace.cards.ungoro.hunter,UNG_914,,"{""friendly_field"": {""before"": [""UNG_914""], ""after"": []}, ""friendly_deck"": {""before"": 0, ""after"": 1}, ""friendly_graveyard"": {""before"": [], ""after"": [""UNG_914""]}}",yes,,,
UNG_952e,On a Stegodon,CardSet.UNGORO,CardType.ENCHANTMENT,False,True,project_xml_python_tag,direct_actions_declared,no,skipped_non_playable_type,skipped,False,,,,False,,,,,False,,,XML type 6; not independently summonable by this minion/weapon smoke,fireplace.cards.ungoro.paladin,UNG_952e,,null,no,,,
UNG_953,Primalfin Champion,CardSet.UNGORO,CardType.MINION,True,True,project_xml_raw_tag,no_direct_actions_declared,yes,death_processed_no_active_actions,pass_no_active_actions,True,True,0,True,False,Zone.GRAVEYARD,True,True,True,False,,,,fireplace.cards.ungoro.paladin,UNG_953,The XML/runtime deathrattle tag dispatched no active deathrattle actions on this unconditioned summon; some cards attach actions through Battlecry/event-generated buffs.,"{""friendly_field"": {""before"": [""UNG_953""], ""after"": []}, ""friendly_graveyard"": {""before"": [], ""after"": [""UNG_953""]}}",yes,,,
UNG_953e,Inspired,CardSet.UNGORO,CardType.ENCHANTMENT,False,True,project_xml_python_tag,direct_actions_declared,no,skipped_non_playable_type,skipped,False,,,,False,,,,,False,,,XML type 6; not independently summonable by this minion/weapon smoke,fireplace.cards.ungoro.paladin,UNG_953e,,null,no,,,
UNG_956e,Echoed Spirit,CardSet.UNGORO,CardType.ENCHANTMENT,False,True,project_xml_python_tag,direct_actions_declared,no,skipped_non_playable_type,skipped,False,,,,False,,,,,False,,,XML type 6; not independently summonable by this minion/weapon smoke,fireplace.cards.ungoro.shaman,UNG_956e,,null,no,,,
UNG_957,Direhorn Hatchling,CardSet.UNGORO,CardType.MINION,True,True,project_xml_raw_tag,direct_actions_declared,yes,death_processed,pass,True,True,1,True,False,Zone.GRAVEYARD,True,True,True,False,,,,fireplace.cards.ungoro.warrior,UNG_957,,"{""friendly_field"": {""before"": [""UNG_957""], ""after"": []}, ""friendly_deck"": {""before"": 0, ""after"": 1}, ""friendly_graveyard"": {""before"": [], ""after"": [""UNG_957""]}}",yes,,,
WE1_036,Sylvanas Windrunner,CardSet.WILD_EVENT,CardType.MINION,False,True,project_xml_raw_tag,direct_actions_declared,yes,death_processed,pass,True,True,1,True,False,Zone.GRAVEYARD,True,True,True,False,,,,fireplace.cards.classic.neutral_legendary,EX1_016,,"{""friendly_field"": {""before"": [""WE1_036""], ""after"": []}, ""friendly_graveyard"": {""before"": [], ""after"": [""WE1_036""]}}",yes,,,
YOD_026,Fiendish Servant,CardSet.YEAR_OF_THE_DRAGON,CardType.MINION,True,True,project_xml_raw_tag,direct_actions_declared,yes,death_processed,pass,True,True,1,True,False,Zone.GRAVEYARD,True,True,True,False,,,,fireplace.cards.dragons.adventure,YOD_026,,"{""friendly_field"": {""before"": [""YOD_026""], ""after"": []}, ""friendly_graveyard"": {""before"": [], ""after"": [""YOD_026""]}}",yes,,,
