version,set,card_id,name_en,name_zh,mechanic,status,implementation,tested,reason,evidence,notes,collectible,source_kind,xml_deathrattle_tag,runtime_outcome
17.6.0.53261,Classic (EXPERT1),CS2_038e,Ancestral Spirit,先祖之魂,Deathrattle,YELLOW,implemented,no,存在效果脚本，但该实体需要特定上下文；通用烟测未执行。,fireplace/cards/CardDefs.xml#CS2_038e; fireplace/cards/classic/shaman.py:68; smoke:skipped_non_playable_type:skipped,非可收集/衍生或模式实体；XML 原始数据无亡语标记；Python 脚本合并后加入亡语标记,no,XML,no,skipped
17.6.0.53261,Classic (EXPERT1),EX1_012,Bloodmage Thalnos,血法师萨尔诺斯,Deathrattle,YELLOW,implemented,partial,存在效果脚本；烟测仅验证执行和基础状态，缺少充分逐卡效果断言。,"fireplace/cards/CardDefs.xml#EX1_012; fireplace/cards/classic/neutral_legendary.py:16; tests/test_classic.py:17:test_acolyte_of_pain; tests/test_gangs.py:197:test_jade_shuriken; smoke:death_processed:pass; delta={""friendly_field"":{""before"":[""EX1_012""],""after"":[]},""friendly_graveyard"":{""before"":[],""after"":[""EX1_012""]}}",可收集,yes,XML,yes,pass
17.6.0.53261,Classic (EXPERT1),EX1_029,Leper Gnome,麻风侏儒,Deathrattle,YELLOW,implemented,partial,存在效果脚本；烟测仅验证执行和基础状态，缺少充分逐卡效果断言。,"fireplace/cards/CardDefs.xml#EX1_029; fireplace/cards/classic/neutral_common.py:219; tests/test_dalaran.py:37:test_nine_lives; tests/test_gvg.py:696:test_mekgineer_thermaplugg; tests/test_league.py:536:test_unearthed_raptor; smoke:death_processed:pass; delta={""friendly_field"":{""before"":[""EX1_029""],""after"":[]},""friendly_graveyard"":{""before"":[],""after"":[""EX1_029""]},""enemy_hero"":{""before"":{""health"":30,""armor"":0},""after"":{""health"":28,""armor"":0}}}",可收集,yes,XML,yes,pass
17.6.0.53261,Classic (EXPERT1),EX1_096,Loot Hoarder,战利品贮藏者,Deathrattle,GREEN,implemented,yes,现有行为断言验证核心亡语结果；本轮测试通过，且实际死亡结算已核对。,"fireplace/cards/CardDefs.xml#EX1_096; fireplace/cards/classic/neutral_common.py:276; tests/test_mechanics.py:254:test_deathrattle; smoke:death_processed:pass; delta={""friendly_field"":{""before"":[""EX1_096""],""after"":[]},""friendly_graveyard"":{""before"":[],""after"":[""EX1_096""]}}",可收集,yes,XML,yes,pass
17.6.0.53261,Classic (EXPERT1),EX1_097,Abomination,憎恶,Deathrattle,YELLOW,implemented,partial,存在效果脚本；烟测仅验证执行和基础状态，缺少充分逐卡效果断言。,"fireplace/cards/CardDefs.xml#EX1_097; fireplace/cards/classic/neutral_rare.py:136; tests/test_naxxramas.py:330:test_poison_seeds; smoke:death_processed:pass; delta={""friendly_field"":{""before"":[""EX1_097""],""after"":[]},""friendly_graveyard"":{""before"":[],""after"":[""EX1_097""]},""friendly_hero"":{""before"":{""health"":30,""armor"":0},""after"":{""health"":28,""armor"":0}},""enemy_hero"":{""before"":{""healt",可收集,yes,XML,yes,pass
17.6.0.53261,Classic (EXPERT1),EX1_110,Cairne Bloodhoof,凯恩·血蹄,Deathrattle,YELLOW,implemented,partial,存在效果脚本；烟测仅验证执行和基础状态，缺少充分逐卡效果断言。,"fireplace/cards/CardDefs.xml#EX1_110; fireplace/cards/classic/neutral_legendary.py:62; tests/test_tgt.py:240:test_effigy; smoke:death_processed:pass; delta={""friendly_field"":{""before"":[""EX1_110""],""after"":[""EX1_110t""]},""friendly_graveyard"":{""before"":[],""after"":[""EX1_110""]}}",可收集,yes,XML,yes,pass
17.6.0.53261,Classic (EXPERT1),EX1_158e,Soul of the Forest,丛林之魂,Deathrattle,YELLOW,implemented,no,存在效果脚本，但该实体需要特定上下文；通用烟测未执行。,fireplace/cards/CardDefs.xml#EX1_158e; fireplace/cards/classic/druid.py:223; smoke:skipped_non_playable_type:skipped,非可收集/衍生或模式实体；XML 原始数据无亡语标记；Python 脚本合并后加入亡语标记,no,XML,no,skipped
17.6.0.53261,Classic (EXPERT1),EX1_383,Tirion Fordring,提里奥·弗丁,Deathrattle,YELLOW,implemented,partial,存在效果脚本；烟测仅验证执行和基础状态，缺少充分逐卡效果断言。,"fireplace/cards/CardDefs.xml#EX1_383; fireplace/cards/classic/paladin.py:41; smoke:death_processed_forced_fallback:pass_fallback; delta={""friendly_field"":{""before"":[""EX1_383""],""after"":[]},""friendly_graveyard"":{""before"":[],""after"":[""EX1_383""]},""friendly_weapon"":{""before"":null,""after"":""EX1_383t""}}",可收集；烟测使用强制死亡回退,yes,XML,yes,pass_fallback
17.6.0.53261,Classic (EXPERT1),EX1_534,Savannah Highmane,长鬃草原狮,Deathrattle,YELLOW,implemented,partial,存在效果脚本；烟测仅验证执行和基础状态，缺少充分逐卡效果断言。,"fireplace/cards/CardDefs.xml#EX1_534; fireplace/cards/classic/hunter.py:56; smoke:death_processed:pass; delta={""friendly_field"":{""before"":[""EX1_534""],""after"":[""EX1_534t"",""EX1_534t""]},""friendly_graveyard"":{""before"":[],""after"":[""EX1_534""]}}",可收集,yes,XML,yes,pass
17.6.0.53261,Classic (EXPERT1),EX1_556,Harvest Golem,麦田傀儡,Deathrattle,YELLOW,implemented,partial,存在效果脚本；烟测仅验证执行和基础状态，缺少充分逐卡效果断言。,"fireplace/cards/CardDefs.xml#EX1_556; fireplace/cards/classic/neutral_common.py:322; tests/test_controller.py:230:test_observation_exposes_public_minion_statuses_on_both_boards; tests/test_gvg.py:666:test_mechwarper; tests/test_icecrown.py:162:test_defile; smoke:death_processed:pass; delta={""friendly_field"":{""before"":[""EX1_556""],""after"":[""skele21""]},""friendly_graveyard"":{""before"":[],""after"":[""EX1_556""]}}",可收集,yes,XML,yes,pass
17.6.0.53261,Classic (EXPERT1),EX1_577,The Beast,比斯巨兽,Deathrattle,YELLOW,implemented,partial,存在效果脚本；烟测仅验证执行和基础状态，缺少充分逐卡效果断言。,"fireplace/cards/CardDefs.xml#EX1_577; fireplace/cards/classic/neutral_legendary.py:191; smoke:death_processed:pass; delta={""friendly_field"":{""before"":[""EX1_577""],""after"":[]},""enemy_field"":{""before"":[],""after"":[""EX1_finkle""]},""friendly_graveyard"":{""before"":[],""after"":[""EX1_577""]}}",可收集,yes,XML,yes,pass
17.6.0.53261,Hall of Fame (HOF),EX1_016,Sylvanas Windrunner,希尔瓦娜斯·风行者,Deathrattle,GREEN,implemented,yes,现有行为断言验证核心亡语结果；本轮测试通过，且实际死亡结算已核对。,"fireplace/cards/CardDefs.xml#EX1_016; fireplace/cards/classic/neutral_legendary.py:38; tests/test_classic.py:3310:test_sylvanas_windrunner; smoke:death_processed:pass; delta={""friendly_field"":{""before"":[""EX1_016""],""after"":[]},""friendly_graveyard"":{""before"":[],""after"":[""EX1_016""]}}",可收集,yes,XML,yes,pass
17.6.0.53261,Missions (MISSIONS),TU4c_003,Barrel,木桶,Deathrattle,YELLOW,implemented,partial,存在效果脚本；烟测仅验证执行和基础状态，缺少充分逐卡效果断言。,"fireplace/cards/CardDefs.xml#TU4c_003; fireplace/cards/tutorial/all.py:30; smoke:death_processed:pass; delta={""friendly_field"":{""before"":[""TU4c_003""],""after"":[]},""enemy_field"":{""before"":[],""after"":[""TU4c_005""]},""friendly_graveyard"":{""before"":[],""after"":[""TU4c_003""]}}",非可收集/衍生或模式实体,no,XML,yes,pass
17.6.0.53261,Curse of Naxxramas (NAXX),FP1_001,Zombie Chow,肉用僵尸,Deathrattle,GREEN,implemented,yes,现有行为断言验证核心亡语结果；本轮测试通过，且实际死亡结算已核对。,"fireplace/cards/CardDefs.xml#FP1_001; fireplace/cards/naxxramas/collectible.py:8; tests/test_naxxramas.py:600:test_zombie_chow; smoke:death_processed:pass; delta={""friendly_field"":{""before"":[""FP1_001""],""after"":[]},""friendly_graveyard"":{""before"":[],""after"":[""FP1_001""]}}",可收集,yes,XML,yes,pass
17.6.0.53261,Curse of Naxxramas (NAXX),FP1_002,Haunted Creeper,鬼灵爬行者,Deathrattle,GREEN,implemented,yes,现有行为断言验证核心亡语结果；本轮测试通过，且实际死亡结算已核对。,"fireplace/cards/CardDefs.xml#FP1_002; fireplace/cards/naxxramas/collectible.py:14; tests/test_naxxramas.py:167:test_haunted_creeper; smoke:death_processed:pass; delta={""friendly_field"":{""before"":[""FP1_002""],""after"":[""FP1_002t"",""FP1_002t""]},""friendly_graveyard"":{""before"":[],""after"":[""FP1_002""]}}",可收集,yes,XML,yes,pass
17.6.0.53261,Curse of Naxxramas (NAXX),FP1_004,Mad Scientist,疯狂的科学家,Deathrattle,GREEN,implemented,yes,现有行为断言验证核心亡语结果；本轮测试通过，且实际死亡结算已核对。,"fireplace/cards/CardDefs.xml#FP1_004; fireplace/cards/naxxramas/collectible.py:26; tests/test_naxxramas.py:287:test_mad_scientist; smoke:death_processed:pass; delta={""friendly_field"":{""before"":[""FP1_004""],""after"":[]},""friendly_graveyard"":{""before"":[],""after"":[""FP1_004""]}}",可收集,yes,XML,yes,pass
17.6.0.53261,Curse of Naxxramas (NAXX),FP1_006,Deathcharger,死亡战马,Deathrattle,YELLOW,implemented,partial,存在效果脚本；烟测仅验证执行和基础状态，缺少充分逐卡效果断言。,"fireplace/cards/CardDefs.xml#FP1_006; fireplace/cards/naxxramas/adventure.py:226; smoke:death_processed:pass; delta={""friendly_field"":{""before"":[""FP1_006""],""after"":[]},""friendly_graveyard"":{""before"":[],""after"":[""FP1_006""]},""friendly_hero"":{""before"":{""health"":30,""armor"":0},""after"":{""health"":27,""armor"":0}}}",非可收集/衍生或模式实体,no,XML,yes,pass
17.6.0.53261,Curse of Naxxramas (NAXX),FP1_007,Nerubian Egg,蛛魔之卵,Deathrattle,YELLOW,implemented,partial,存在效果脚本；烟测仅验证执行和基础状态，缺少充分逐卡效果断言。,"fireplace/cards/CardDefs.xml#FP1_007; fireplace/cards/naxxramas/collectible.py:41; tests/test_mechanics.py:746:test_silence_deathrattle; smoke:death_processed:pass; delta={""friendly_field"":{""before"":[""FP1_007""],""after"":[""FP1_007t""]},""friendly_graveyard"":{""before"":[],""after"":[""FP1_007""]}}",可收集,yes,XML,yes,pass
17.6.0.53261,Curse of Naxxramas (NAXX),FP1_009,Deathlord,死亡领主,Deathrattle,GREEN,implemented,yes,现有行为断言验证核心亡语结果；本轮测试通过，且实际死亡结算已核对。,"fireplace/cards/CardDefs.xml#FP1_009; fireplace/cards/naxxramas/collectible.py:47; tests/test_naxxramas.py:133:test_deathlord; smoke:death_processed:pass; delta={""friendly_field"":{""before"":[""FP1_009""],""after"":[]},""friendly_graveyard"":{""before"":[],""after"":[""FP1_009""]}}",可收集,yes,XML,yes,pass
17.6.0.53261,Curse of Naxxramas (NAXX),FP1_011,Webspinner,结网蛛,Deathrattle,GREEN,implemented,yes,现有行为断言验证核心亡语结果；本轮测试通过，且实际死亡结算已核对。,"fireplace/cards/CardDefs.xml#FP1_011; fireplace/cards/naxxramas/collectible.py:53; tests/test_naxxramas.py:589:test_webspinner; smoke:death_processed:pass; delta={""friendly_field"":{""before"":[""FP1_011""],""after"":[]},""friendly_hand"":{""before"":0,""after"":1},""friendly_graveyard"":{""before"":[],""after"":[""FP1_011""]}}",可收集,yes,XML,yes,pass
17.6.0.53261,Curse of Naxxramas (NAXX),FP1_012,Sludge Belcher,淤泥喷射者,Deathrattle,YELLOW,implemented,partial,存在效果脚本；烟测仅验证执行和基础状态，缺少充分逐卡效果断言。,"fireplace/cards/CardDefs.xml#FP1_012; fireplace/cards/naxxramas/collectible.py:59; smoke:death_processed:pass; delta={""friendly_field"":{""before"":[""FP1_012""],""after"":[""FP1_012t""]},""friendly_graveyard"":{""before"":[],""after"":[""FP1_012""]}}",可收集,yes,XML,yes,pass
17.6.0.53261,Curse of Naxxramas (NAXX),FP1_014,Stalagg,斯塔拉格,Deathrattle,GREEN,implemented,yes,现有行为断言验证核心亡语结果；本轮测试通过，且实际死亡结算已核对。,"fireplace/cards/CardDefs.xml#FP1_014; fireplace/cards/naxxramas/collectible.py:71; tests/test_naxxramas.py:432:test_stalagg_feugen; smoke:death_processed:pass; delta={""friendly_field"":{""before"":[""FP1_014""],""after"":[]},""friendly_graveyard"":{""before"":[],""after"":[""FP1_014""]}}",可收集,yes,XML,yes,pass
17.6.0.53261,Curse of Naxxramas (NAXX),FP1_015,Feugen,费尔根,Deathrattle,GREEN,implemented,yes,现有行为断言验证核心亡语结果；本轮测试通过，且实际死亡结算已核对。,"fireplace/cards/CardDefs.xml#FP1_015; fireplace/cards/naxxramas/collectible.py:77; tests/test_naxxramas.py:432:test_stalagg_feugen; smoke:death_processed:pass; delta={""friendly_field"":{""before"":[""FP1_015""],""after"":[]},""friendly_graveyard"":{""before"":[],""after"":[""FP1_015""]}}",可收集,yes,XML,yes,pass
17.6.0.53261,Curse of Naxxramas (NAXX),FP1_021,Death's Bite,死亡之咬,Deathrattle,GREEN,implemented,yes,现有行为断言验证核心亡语结果；本轮测试通过，且实际死亡结算已核对。,"fireplace/cards/CardDefs.xml#FP1_021; fireplace/cards/naxxramas/collectible.py:211; tests/test_naxxramas.py:97:test_deaths_bite; smoke:death_processed:pass; delta={""friendly_graveyard"":{""before"":[],""after"":[""FP1_021""]},""friendly_weapon"":{""before"":""FP1_021"",""after"":null}}",可收集,yes,XML,yes,pass
17.6.0.53261,Curse of Naxxramas (NAXX),FP1_022,Voidcaller,空灵召唤者,Deathrattle,GREEN,implemented,yes,现有行为断言验证核心亡语结果；本轮测试通过，且实际死亡结算已核对。,"fireplace/cards/CardDefs.xml#FP1_022; fireplace/cards/naxxramas/collectible.py:95; tests/test_naxxramas.py:553:test_voidcaller; smoke:death_processed:pass; delta={""friendly_field"":{""before"":[""FP1_022""],""after"":[]},""friendly_graveyard"":{""before"":[],""after"":[""FP1_022""]}}",可收集,yes,XML,yes,pass
17.6.0.53261,Curse of Naxxramas (NAXX),FP1_023,Dark Cultist,黑暗教徒,Deathrattle,RED,partial,yes,已复现同批致死单位被该卡亡语增益错误救回；死亡结算顺序产生错误场面。,"fireplace/cards/CardDefs.xml#FP1_023; fireplace/cards/naxxramas/collectible.py:101; tests/test_feign_death.py:43:test_feign_death_dark_cultist; smoke:death_processed:pass; delta={""friendly_field"":{""before"":[""FP1_023""],""after"":[]},""friendly_graveyard"":{""before"":[],""after"":[""FP1_023""]}}; repro:FP1_023(2HP)+CS2_182(2HP)+GVG_076=>CS2_182 PLAY 3HP; sheep and source in graveyard",可收集；死亡结算机制问题已复现,yes,XML,yes,pass
17.6.0.53261,Curse of Naxxramas (NAXX),FP1_024,Unstable Ghoul,蹒跚的食尸鬼,Deathrattle,GREEN,implemented,yes,现有行为断言验证核心亡语结果；本轮测试通过，且实际死亡结算已核对。,"fireplace/cards/CardDefs.xml#FP1_024; fireplace/cards/naxxramas/collectible.py:110; tests/test_naxxramas.py:530:test_unstable_ghoul; smoke:death_processed:pass; delta={""friendly_field"":{""before"":[""FP1_024""],""after"":[]},""friendly_graveyard"":{""before"":[],""after"":[""FP1_024""]}}",可收集,yes,XML,yes,pass
17.6.0.53261,Curse of Naxxramas (NAXX),FP1_026,Anub'ar Ambusher,阿努巴尔伏击者,Deathrattle,GREEN,implemented,yes,现有行为断言验证核心亡语结果；本轮测试通过，且实际死亡结算已核对。,"fireplace/cards/CardDefs.xml#FP1_026; fireplace/cards/naxxramas/collectible.py:116; tests/test_naxxramas.py:4:test_anubar_ambusher; smoke:death_processed:pass; delta={""friendly_field"":{""before"":[""FP1_026""],""after"":[]},""friendly_graveyard"":{""before"":[],""after"":[""FP1_026""]}}",可收集,yes,XML,yes,pass
17.6.0.53261,Curse of Naxxramas (NAXX),FP1_029,Dancing Swords,舞动之剑,Deathrattle,YELLOW,implemented,partial,存在效果脚本；烟测仅验证执行和基础状态，缺少充分逐卡效果断言。,"fireplace/cards/CardDefs.xml#FP1_029; fireplace/cards/naxxramas/collectible.py:137; smoke:death_processed:pass; delta={""friendly_field"":{""before"":[""FP1_029""],""after"":[]},""friendly_graveyard"":{""before"":[],""after"":[""FP1_029""]}}",可收集,yes,XML,yes,pass
17.6.0.53261,Curse of Naxxramas (NAXX),NAX10_02,Hook,铁钩,Deathrattle,YELLOW,implemented,partial,存在效果脚本；烟测仅验证执行和基础状态，缺少充分逐卡效果断言。,"fireplace/cards/CardDefs.xml#NAX10_02; fireplace/cards/naxxramas/adventure.py:452; smoke:death_processed:pass; delta={""friendly_hand"":{""before"":0,""after"":1},""friendly_graveyard"":{""before"":[],""after"":[""NAX10_02""]},""friendly_weapon"":{""before"":""NAX10_02"",""after"":null}}",非可收集/衍生或模式实体,no,XML,yes,pass
17.6.0.53261,Curse of Naxxramas (NAXX),NAX10_02H,Hook,铁钩,Deathrattle,YELLOW,implemented,partial,存在效果脚本；烟测仅验证执行和基础状态，缺少充分逐卡效果断言。,"fireplace/cards/CardDefs.xml#NAX10_02H; fireplace/cards/naxxramas/adventure.py:458; smoke:death_processed:pass; delta={""friendly_hand"":{""before"":0,""after"":1},""friendly_graveyard"":{""before"":[],""after"":[""NAX10_02H""]},""friendly_weapon"":{""before"":""NAX10_02H"",""after"":null}}",非可收集/衍生或模式实体,no,XML,yes,pass
17.6.0.53261,Curse of Naxxramas (NAXX),NAX6_03t,Spore,孢子,Deathrattle,YELLOW,implemented,partial,存在效果脚本；烟测仅验证执行和基础状态，缺少充分逐卡效果断言。,"fireplace/cards/CardDefs.xml#NAX6_03t; fireplace/cards/naxxramas/adventure.py:358; smoke:death_processed:pass; delta={""friendly_field"":{""before"":[""NAX6_03t""],""after"":[]},""friendly_graveyard"":{""before"":[],""after"":[""NAX6_03t""]}}",非可收集/衍生或模式实体,no,XML,yes,pass
17.6.0.53261,Curse of Naxxramas (NAXX),NAX8_03,Unrelenting Trainee,冷酷学徒,Deathrattle,YELLOW,implemented,partial,存在效果脚本；烟测仅验证执行和基础状态，缺少充分逐卡效果断言。,"fireplace/cards/CardDefs.xml#NAX8_03; fireplace/cards/naxxramas/adventure.py:232; smoke:death_processed:pass; delta={""friendly_field"":{""before"":[""NAX8_03""],""after"":[]},""enemy_field"":{""before"":[],""after"":[""NAX8_03t""]},""friendly_graveyard"":{""before"":[],""after"":[""NAX8_03""]}}",非可收集/衍生或模式实体,no,XML,yes,pass
17.6.0.53261,Curse of Naxxramas (NAXX),NAX8_04,Unrelenting Warrior,冷酷战士,Deathrattle,YELLOW,implemented,partial,存在效果脚本；烟测仅验证执行和基础状态，缺少充分逐卡效果断言。,"fireplace/cards/CardDefs.xml#NAX8_04; fireplace/cards/naxxramas/adventure.py:244; smoke:death_processed:pass; delta={""friendly_field"":{""before"":[""NAX8_04""],""after"":[]},""enemy_field"":{""before"":[],""after"":[""NAX8_04t""]},""friendly_graveyard"":{""before"":[],""after"":[""NAX8_04""]}}",非可收集/衍生或模式实体,no,XML,yes,pass
17.6.0.53261,Curse of Naxxramas (NAXX),NAX8_05,Unrelenting Rider,冷酷骑兵,Deathrattle,YELLOW,implemented,partial,存在效果脚本；烟测仅验证执行和基础状态，缺少充分逐卡效果断言。,"fireplace/cards/CardDefs.xml#NAX8_05; fireplace/cards/naxxramas/adventure.py:256; smoke:death_processed:pass; delta={""friendly_field"":{""before"":[""NAX8_05""],""after"":[]},""enemy_field"":{""before"":[],""after"":[""NAX8_05t""]},""friendly_graveyard"":{""before"":[],""after"":[""NAX8_05""]}}",非可收集/衍生或模式实体,no,XML,yes,pass
17.6.0.53261,Curse of Naxxramas (NAXX),NAXM_001,Necroknight,死灵骑士,Deathrattle,YELLOW,implemented,partial,存在效果脚本；烟测仅验证执行和基础状态，缺少充分逐卡效果断言。,"fireplace/cards/CardDefs.xml#NAXM_001; fireplace/cards/naxxramas/adventure.py:310; smoke:death_processed:pass; delta={""friendly_field"":{""before"":[""NAXM_001""],""after"":[]},""friendly_graveyard"":{""before"":[],""after"":[""NAXM_001""]}}",非可收集/衍生或模式实体,no,XML,yes,pass
17.6.0.53261,Curse of Naxxramas (NAXX),NAXM_002,Skeletal Smith,骷髅铁匠,Deathrattle,YELLOW,implemented,partial,存在效果脚本；烟测仅验证执行和基础状态，缺少充分逐卡效果断言。,"fireplace/cards/CardDefs.xml#NAXM_002; fireplace/cards/naxxramas/adventure.py:316; smoke:death_processed:pass; delta={""friendly_field"":{""before"":[""NAXM_002""],""after"":[]},""friendly_graveyard"":{""before"":[],""after"":[""NAXM_002""]}}",非可收集/衍生或模式实体,no,XML,yes,pass
17.6.0.53261,Goblins vs Gnomes (GVG),GVG_035,Malorne,玛洛恩,Deathrattle,GREEN,implemented,yes,现有行为断言验证核心亡语结果；本轮测试通过，且实际死亡结算已核对。,"fireplace/cards/CardDefs.xml#GVG_035; fireplace/cards/gvg/druid.py:50; tests/test_gvg.py:648:test_malorne_slam; smoke:death_processed_source_moved:pass_source_moved; delta={""friendly_field"":{""before"":[""GVG_035""],""after"":[]},""friendly_deck"":{""before"":0,""after"":1}}",可收集；本体移至 Zone.DECK,yes,XML,yes,pass_source_moved
17.6.0.53261,Goblins vs Gnomes (GVG),GVG_036,Powermace,动力战锤,Deathrattle,GREEN,implemented,yes,现有行为断言验证核心亡语结果；本轮测试通过，且实际死亡结算已核对。,"fireplace/cards/CardDefs.xml#GVG_036; fireplace/cards/gvg/shaman.py:56; tests/test_gvg.py:825:test_powermace; smoke:death_processed:pass; delta={""friendly_graveyard"":{""before"":[],""after"":[""GVG_036""]},""friendly_weapon"":{""before"":""GVG_036"",""after"":null}}",可收集,yes,XML,yes,pass
17.6.0.53261,Goblins vs Gnomes (GVG),GVG_076,Explosive Sheep,自爆绵羊,Deathrattle,YELLOW,implemented,partial,存在效果脚本；烟测仅验证执行和基础状态，缺少充分逐卡效果断言。,"fireplace/cards/CardDefs.xml#GVG_076; fireplace/cards/gvg/neutral_common.py:56; tests/test_naxxramas.py:380:test_reincarnate_explosive_sheep; smoke:death_processed:pass; delta={""friendly_field"":{""before"":[""GVG_076""],""after"":[]},""friendly_graveyard"":{""before"":[],""after"":[""GVG_076""]}}",可收集；同批死亡结算问题候选，尚未逐卡复现,yes,XML,yes,pass
17.6.0.53261,Goblins vs Gnomes (GVG),GVG_078,Mechanical Yeti,机械雪人,Deathrattle,YELLOW,implemented,partial,存在效果脚本；烟测仅验证执行和基础状态，缺少充分逐卡效果断言。,"fireplace/cards/CardDefs.xml#GVG_078; fireplace/cards/gvg/neutral_common.py:62; smoke:death_processed:pass; delta={""friendly_field"":{""before"":[""GVG_078""],""after"":[]},""friendly_graveyard"":{""before"":[],""after"":[""GVG_078""]}}",可收集,yes,XML,yes,pass
17.6.0.53261,Goblins vs Gnomes (GVG),GVG_082,Clockwork Gnome,发条侏儒,Deathrattle,YELLOW,implemented,partial,存在效果脚本；烟测仅验证执行和基础状态，缺少充分逐卡效果断言。,"fireplace/cards/CardDefs.xml#GVG_082; fireplace/cards/gvg/neutral_common.py:68; tests/test_gvg.py:395:test_goblin_blastmage; tests/test_gvg.py:666:test_mechwarper; smoke:death_processed:pass; delta={""friendly_field"":{""before"":[""GVG_082""],""after"":[]},""friendly_graveyard"":{""before"":[],""after"":[""GVG_082""]}}",可收集,yes,XML,yes,pass
17.6.0.53261,Goblins vs Gnomes (GVG),GVG_096,Piloted Shredder,载人收割机,Deathrattle,YELLOW,implemented,partial,存在效果脚本；烟测仅验证执行和基础状态，缺少充分逐卡效果断言。,"fireplace/cards/CardDefs.xml#GVG_096; fireplace/cards/gvg/neutral_common.py:80; smoke:death_processed:pass; delta={""friendly_field"":{""before"":[""GVG_096""],""after"":[""BT_702""]},""friendly_graveyard"":{""before"":[],""after"":[""GVG_096""]}}",可收集,yes,XML,yes,pass
17.6.0.53261,Goblins vs Gnomes (GVG),GVG_105,Piloted Sky Golem,载人飞天魔像,Deathrattle,YELLOW,implemented,partial,存在效果脚本；烟测仅验证执行和基础状态，缺少充分逐卡效果断言。,"fireplace/cards/CardDefs.xml#GVG_105; fireplace/cards/gvg/neutral_epic.py:31; smoke:death_processed:pass; delta={""friendly_field"":{""before"":[""GVG_105""],""after"":[""CS2_033""]},""friendly_graveyard"":{""before"":[],""after"":[""GVG_105""]}}",可收集,yes,XML,yes,pass
17.6.0.53261,Goblins vs Gnomes (GVG),GVG_110t,Boom Bot,砰砰机器人,Deathrattle,YELLOW,implemented,partial,存在效果脚本；烟测仅验证执行和基础状态，缺少充分逐卡效果断言。,"fireplace/cards/CardDefs.xml#GVG_110t; fireplace/cards/gvg/neutral_legendary.py:14; tests/test_gvg.py:194:test_dr_boom; smoke:death_processed:pass; delta={""friendly_field"":{""before"":[""GVG_110t""],""after"":[]},""friendly_graveyard"":{""before"":[],""after"":[""GVG_110t""]},""enemy_hero"":{""before"":{""health"":30,""armor"":0},""after"":{""health"":29,""armor"":0}}}",非可收集/衍生或模式实体,no,XML,yes,pass
17.6.0.53261,Goblins vs Gnomes (GVG),GVG_114,Sneed's Old Shredder,斯尼德的伐木机,Deathrattle,GREEN,implemented,yes,现有行为断言验证核心亡语结果；本轮测试通过，且实际死亡结算已核对。,"fireplace/cards/CardDefs.xml#GVG_114; fireplace/cards/gvg/neutral_legendary.py:51; tests/test_gvg.py:995:test_sneeds_old_shredder; smoke:death_processed:pass; delta={""friendly_field"":{""before"":[""GVG_114""],""after"":[""BT_309""]},""friendly_graveyard"":{""before"":[],""after"":[""GVG_114""]}}",可收集,yes,XML,yes,pass
17.6.0.53261,Goblins vs Gnomes (GVG),GVG_115,Toshley,托什雷,Deathrattle,YELLOW,implemented,partial,存在效果脚本；烟测仅验证执行和基础状态，缺少充分逐卡效果断言。,"fireplace/cards/CardDefs.xml#GVG_115; fireplace/cards/gvg/neutral_legendary.py:57; smoke:death_processed:pass; delta={""friendly_field"":{""before"":[""GVG_115""],""after"":[]},""friendly_graveyard"":{""before"":[],""after"":[""GVG_115""]}}",可收集,yes,XML,yes,pass
17.6.0.53261,Blackrock Mountain (BRM),BRMA04_3,Firesworn,火誓者,Deathrattle,YELLOW,implemented,partial,存在效果脚本；烟测仅验证执行和基础状态，缺少充分逐卡效果断言。,"fireplace/cards/CardDefs.xml#BRMA04_3; fireplace/cards/blackrock/adventure.py:429; smoke:death_processed:pass; delta={""friendly_field"":{""before"":[""BRMA04_3""],""after"":[]},""friendly_graveyard"":{""before"":[],""after"":[""BRMA04_3""]},""enemy_hero"":{""before"":{""health"":30,""armor"":0},""after"":{""health"":29,""armor"":0}}}",非可收集/衍生或模式实体,no,XML,yes,pass
17.6.0.53261,Blackrock Mountain (BRM),BRMA04_3H,Firesworn,火誓者,Deathrattle,YELLOW,implemented,partial,存在效果脚本；烟测仅验证执行和基础状态，缺少充分逐卡效果断言。,"fireplace/cards/CardDefs.xml#BRMA04_3H; fireplace/cards/blackrock/adventure.py:435; smoke:death_processed:pass; delta={""friendly_field"":{""before"":[""BRMA04_3H""],""after"":[]},""friendly_graveyard"":{""before"":[],""after"":[""BRMA04_3H""]},""enemy_hero"":{""before"":{""health"":30,""armor"":0},""after"":{""health"":29,""armor"":0}}}",非可收集/衍生或模式实体,no,XML,yes,pass
17.6.0.53261,Blackrock Mountain (BRM),BRM_027,Majordomo Executus,管理者埃克索图斯,Deathrattle,GREEN,implemented,yes,现有行为断言验证核心亡语结果；本轮测试通过，且实际死亡结算已核对。,"fireplace/cards/CardDefs.xml#BRM_027; fireplace/cards/blackrock/collectible.py:136; tests/test_blackrock.py:279:test_majordomo_executus; smoke:death_processed:pass; delta={""friendly_field"":{""before"":[""BRM_027""],""after"":[]},""friendly_graveyard"":{""before"":[],""after"":[""BRM_027"",""HERO_08bp"",""HERO_08""]},""friendly_hero"":{""before"":{""health"":30,""armor"":0},""after"":{""health"":8,""armor"":0}}}",可收集,yes,XML,yes,pass
17.6.0.53261,The Grand Tournament (TGT),AT_009,Rhonin,罗宁,Deathrattle,YELLOW,implemented,partial,存在效果脚本；烟测仅验证执行和基础状态，缺少充分逐卡效果断言。,"fireplace/cards/CardDefs.xml#AT_009; fireplace/cards/tgt/mage.py:31; smoke:death_processed:pass; delta={""friendly_field"":{""before"":[""AT_009""],""after"":[]},""friendly_hand"":{""before"":0,""after"":3},""friendly_graveyard"":{""before"":[],""after"":[""AT_009""]}}",可收集,yes,XML,yes,pass
17.6.0.53261,The Grand Tournament (TGT),AT_019,Dreadsteed,恐惧战马,Deathrattle,GREEN,implemented,yes,现有行为断言验证核心亡语结果；本轮测试通过，且实际死亡结算已核对。,"fireplace/cards/CardDefs.xml#AT_019; fireplace/cards/tgt/warlock.py:8; tests/test_tgt.py:225:test_dreadsteed; smoke:death_processed:pass; delta={""friendly_field"":{""before"":[""AT_019""],""after"":[]},""friendly_graveyard"":{""before"":[],""after"":[""AT_019""]}}",可收集,yes,XML,yes,pass
17.6.0.53261,The Grand Tournament (TGT),AT_036,Anub'arak,阿努巴拉克,Deathrattle,GREEN,implemented,yes,现有行为断言验证核心亡语结果；本轮测试通过，且实际死亡结算已核对。,"fireplace/cards/CardDefs.xml#AT_036; fireplace/cards/tgt/rogue.py:49; tests/test_tgt.py:5:test_anubarak; smoke:death_processed_source_moved:pass_source_moved; delta={""friendly_field"":{""before"":[""AT_036""],""after"":[""AT_036t""]},""friendly_hand"":{""before"":0,""after"":1}}",可收集；本体移至 Zone.HAND,yes,XML,yes,pass_source_moved
17.6.0.53261,The Grand Tournament (TGT),AT_038,Darnassus Aspirant,达纳苏斯豹骑士,Deathrattle,GREEN,implemented,yes,现有行为断言验证核心亡语结果；本轮测试通过，且实际死亡结算已核对。,"fireplace/cards/CardDefs.xml#AT_038; fireplace/cards/tgt/druid.py:8; tests/test_tgt.py:844:test_darnassus_aspirant; smoke:death_processed:pass; delta={""friendly_field"":{""before"":[""AT_038""],""after"":[]},""friendly_graveyard"":{""before"":[],""after"":[""AT_038""]}}",可收集,yes,XML,yes,pass
17.6.0.53261,The Grand Tournament (TGT),AT_050,Charged Hammer,灌魔之锤,Deathrattle,YELLOW,implemented,partial,存在效果脚本；烟测仅验证执行和基础状态，缺少充分逐卡效果断言。,"fireplace/cards/CardDefs.xml#AT_050; fireplace/cards/tgt/shaman.py:69; smoke:death_processed:pass; delta={""friendly_graveyard"":{""before"":[],""after"":[""AT_050"",""HERO_08bp""]},""friendly_weapon"":{""before"":""AT_050"",""after"":null}}",可收集,yes,XML,yes,pass
17.6.0.53261,The Grand Tournament (TGT),AT_123,Chillmaw,冰喉,Deathrattle,YELLOW,implemented,partial,存在效果脚本；烟测仅验证执行和基础状态，缺少充分逐卡效果断言。,"fireplace/cards/CardDefs.xml#AT_123; fireplace/cards/tgt/neutral_legendary.py:21; smoke:death_processed:pass; delta={""friendly_field"":{""before"":[""AT_123""],""after"":[]},""friendly_graveyard"":{""before"":[],""after"":[""AT_123""]}}",可收集,yes,XML,yes,pass
17.6.0.53261,The Grand Tournament (TGT),AT_128,The Skeleton Knight,骷髅骑士,Deathrattle,GREEN,implemented,yes,现有行为断言验证核心亡语结果；本轮测试通过，且实际死亡结算已核对。,"fireplace/cards/CardDefs.xml#AT_128; fireplace/cards/tgt/neutral_legendary.py:47; tests/test_tgt.py:709:test_the_skeleton_knight; smoke:death_processed:pass; delta={""friendly_field"":{""before"":[""AT_128""],""after"":[]},""friendly_graveyard"":{""before"":[],""after"":[""AT_128""]}}",可收集,yes,XML,yes,pass
17.6.0.53261,Tavern Brawl (TB),BRMC_87,Moira Bronzebeard,茉艾拉·铜须,Deathrattle,YELLOW,implemented,partial,存在效果脚本；烟测仅验证执行和基础状态，缺少充分逐卡效果断言。,"fireplace/cards/CardDefs.xml#BRMC_87; fireplace/cards/blackrock/brawl.py:55; smoke:death_processed:pass; delta={""friendly_field"":{""before"":[""BRMC_87""],""after"":[""BRM_028""]},""friendly_graveyard"":{""before"":[],""after"":[""BRMC_87""]}}",非可收集/衍生或模式实体,no,XML,yes,pass
17.6.0.53261,Tavern Brawl (TB),BRMC_94,Sulfuras,萨弗拉斯,Deathrattle,YELLOW,implemented,partial,存在效果脚本；烟测仅验证执行和基础状态，缺少充分逐卡效果断言。,"fireplace/cards/CardDefs.xml#BRMC_94; fireplace/cards/blackrock/brawl.py:170; smoke:death_processed:pass; delta={""friendly_graveyard"":{""before"":[],""after"":[""BRMC_94"",""HERO_08bp""]},""friendly_weapon"":{""before"":""BRMC_94"",""after"":null}}",非可收集/衍生或模式实体,no,XML,yes,pass
17.6.0.53261,Tavern Brawl (TB),FB_Champs_EX1_029,Leper Gnome,麻风侏儒,Deathrattle,RED,none,partial,带亡语标记，但没有可解析的直接、条件增益或隐藏亡语效果；执行时无亡语动作。,"fireplace/cards/CardDefs.xml#FB_Champs_EX1_029; Python definition: none; smoke:death_processed_no_active_actions:pass_no_active_actions; delta={""friendly_field"":{""before"":[""FB_Champs_EX1_029""],""after"":[]},""friendly_graveyard"":{""before"":[],""after"":[""FB_Champs_EX1_029""]}}",非可收集/衍生或模式实体,no,XML,yes,pass_no_active_actions
17.6.0.53261,Tavern Brawl (TB),FB_Champs_EX1_556,Harvest Golem,麦田傀儡,Deathrattle,RED,none,partial,带亡语标记，但没有可解析的直接、条件增益或隐藏亡语效果；执行时无亡语动作。,"fireplace/cards/CardDefs.xml#FB_Champs_EX1_556; Python definition: none; smoke:death_processed_no_active_actions:pass_no_active_actions; delta={""friendly_field"":{""before"":[""FB_Champs_EX1_556""],""after"":[]},""friendly_graveyard"":{""before"":[],""after"":[""FB_Champs_EX1_556""]}}",非可收集/衍生或模式实体,no,XML,yes,pass_no_active_actions
17.6.0.53261,Tavern Brawl (TB),FB_Champs_LOOT_306,Possessed Lackey,着魔男仆,Deathrattle,RED,none,partial,带亡语标记，但没有可解析的直接、条件增益或隐藏亡语效果；执行时无亡语动作。,"fireplace/cards/CardDefs.xml#FB_Champs_LOOT_306; Python definition: none; smoke:death_processed_no_active_actions:pass_no_active_actions; delta={""friendly_field"":{""before"":[""FB_Champs_LOOT_306""],""after"":[]},""friendly_graveyard"":{""before"":[],""after"":[""FB_Champs_LOOT_306""]}}",非可收集/衍生或模式实体,no,XML,yes,pass_no_active_actions
17.6.0.53261,Tavern Brawl (TB),KARA_13_19,Red Riding Hood,小红帽,Deathrattle,RED,none,partial,带亡语标记，但没有可解析的直接、条件增益或隐藏亡语效果；执行时无亡语动作。,"fireplace/cards/CardDefs.xml#KARA_13_19; Python definition: none; smoke:death_processed_no_active_actions:pass_no_active_actions; delta={""friendly_field"":{""before"":[""KARA_13_19""],""after"":[]},""friendly_graveyard"":{""before"":[],""after"":[""KARA_13_19""]}}",非可收集/衍生或模式实体,no,XML,yes,pass_no_active_actions
17.6.0.53261,Tavern Brawl (TB),TB_207masterChest,Master Chest,大师宝箱,Deathrattle,RED,none,partial,带亡语标记，但没有可解析的直接、条件增益或隐藏亡语效果；执行时无亡语动作。,"fireplace/cards/CardDefs.xml#TB_207masterChest; Python definition: none; smoke:death_processed_no_active_actions:pass_no_active_actions; delta={""friendly_field"":{""before"":[""TB_207masterChest""],""after"":[]},""friendly_graveyard"":{""before"":[],""after"":[""TB_207masterChest""]}}",非可收集/衍生或模式实体,no,XML,yes,pass_no_active_actions
17.6.0.53261,Tavern Brawl (TB),TB_Frost_Rag,Ragnaros?,拉格纳罗斯？,Deathrattle,RED,none,partial,带亡语标记，但没有可解析的直接、条件增益或隐藏亡语效果；执行时无亡语动作。,"fireplace/cards/CardDefs.xml#TB_Frost_Rag; Python definition: none; smoke:death_processed_no_active_actions:pass_no_active_actions; delta={""friendly_field"":{""before"":[""TB_Frost_Rag""],""after"":[]},""friendly_graveyard"":{""before"":[],""after"":[""TB_Frost_Rag""]}}",非可收集/衍生或模式实体,no,XML,yes,pass_no_active_actions
17.6.0.53261,Tavern Brawl (TB),TB_GiftExchange_Treasure,Winter Veil Gift,冬幕节礼物,Deathrattle,YELLOW,implemented,partial,存在效果脚本；烟测仅验证执行和基础状态，缺少充分逐卡效果断言。,"fireplace/cards/CardDefs.xml#TB_GiftExchange_Treasure; fireplace/cards/brawl/gift_exchange.py:14; smoke:death_processed:pass; delta={""friendly_field"":{""before"":[""TB_GiftExchange_Treasure""],""after"":[]},""friendly_hand"":{""before"":0,""after"":1},""friendly_graveyard"":{""before"":[],""after"":[""TB_GiftExchange_Treasure""]}}",非可收集/衍生或模式实体,no,XML,yes,pass
17.6.0.53261,Tavern Brawl (TB),TB_Ignoblegarden1,Bloom Bot,开花机器人,Deathrattle,RED,none,partial,带亡语标记，但没有可解析的直接、条件增益或隐藏亡语效果；执行时无亡语动作。,"fireplace/cards/CardDefs.xml#TB_Ignoblegarden1; Python definition: none; smoke:death_processed_no_active_actions:pass_no_active_actions; delta={""friendly_field"":{""before"":[""TB_Ignoblegarden1""],""after"":[]},""friendly_graveyard"":{""before"":[],""after"":[""TB_Ignoblegarden1""]}}",非可收集/衍生或模式实体,no,XML,yes,pass_no_active_actions
17.6.0.53261,Tavern Brawl (TB),TB_Ignoblegarden2,Room Bot,温室机器人,Deathrattle,RED,none,partial,带亡语标记，但没有可解析的直接、条件增益或隐藏亡语效果；执行时无亡语动作。,"fireplace/cards/CardDefs.xml#TB_Ignoblegarden2; Python definition: none; smoke:death_processed_no_active_actions:pass_no_active_actions; delta={""friendly_field"":{""before"":[""TB_Ignoblegarden2""],""after"":[]},""friendly_graveyard"":{""before"":[],""after"":[""TB_Ignoblegarden2""]}}",非可收集/衍生或模式实体,no,XML,yes,pass_no_active_actions
17.6.0.53261,Tavern Brawl (TB),TB_Ignoblegarden3,Doom Bot,末日机器人,Deathrattle,RED,none,partial,带亡语标记，但没有可解析的直接、条件增益或隐藏亡语效果；执行时无亡语动作。,"fireplace/cards/CardDefs.xml#TB_Ignoblegarden3; Python definition: none; smoke:death_processed_no_active_actions:pass_no_active_actions; delta={""friendly_field"":{""before"":[""TB_Ignoblegarden3""],""after"":[]},""friendly_graveyard"":{""before"":[],""after"":[""TB_Ignoblegarden3""]}}",非可收集/衍生或模式实体,no,XML,yes,pass_no_active_actions
17.6.0.53261,Tavern Brawl (TB),TB_KTRAF_4,Gothik the Harvester,收割者戈提克,Deathrattle,YELLOW,implemented,partial,存在效果脚本；烟测仅验证执行和基础状态，缺少充分逐卡效果断言。,"fireplace/cards/CardDefs.xml#TB_KTRAF_4; fireplace/cards/brawl/ktraf.py:49; smoke:death_processed:pass; delta={""friendly_field"":{""before"":[""TB_KTRAF_4""],""after"":[]},""enemy_field"":{""before"":[],""after"":[""TB_KTRAF_4m""]},""friendly_graveyard"":{""before"":[],""after"":[""TB_KTRAF_4""]}}",非可收集/衍生或模式实体,no,XML,yes,pass
17.6.0.53261,Tavern Brawl (TB),TB_KoboldGiftMinion,Large Waxy Gift,裹着蜡的大包礼物,Deathrattle,RED,none,partial,带亡语标记，但没有可解析的直接、条件增益或隐藏亡语效果；执行时无亡语动作。,"fireplace/cards/CardDefs.xml#TB_KoboldGiftMinion; Python definition: none; smoke:death_processed_no_active_actions:pass_no_active_actions; delta={""friendly_field"":{""before"":[""TB_KoboldGiftMinion""],""after"":[]},""friendly_graveyard"":{""before"":[],""after"":[""TB_KoboldGiftMinion""]}}",非可收集/衍生或模式实体,no,XML,yes,pass_no_active_actions
17.6.0.53261,Tavern Brawl (TB),TB_LEAGUE_REVIVAL_FinleyChest,Sandy Chest,沙漠宝箱,Deathrattle,RED,none,partial,带亡语标记，但没有可解析的直接、条件增益或隐藏亡语效果；执行时无亡语动作。,"fireplace/cards/CardDefs.xml#TB_LEAGUE_REVIVAL_FinleyChest; Python definition: none; smoke:death_processed_no_active_actions:pass_no_active_actions; delta={""friendly_field"":{""before"":[""TB_LEAGUE_REVIVAL_FinleyChest""],""after"":[]},""friendly_graveyard"":{""before"":[],""after"":[""TB_LEAGUE_REVIVAL_FinleyChest""]}}",非可收集/衍生或模式实体,no,XML,yes,pass_no_active_actions
17.6.0.53261,Tavern Brawl (TB),TB_LEAGUE_REVIVAL_FinleySandPile,Pile of Sand,沙堆,Deathrattle,RED,none,partial,带亡语标记，但没有可解析的直接、条件增益或隐藏亡语效果；执行时无亡语动作。,"fireplace/cards/CardDefs.xml#TB_LEAGUE_REVIVAL_FinleySandPile; Python definition: none; smoke:death_processed_no_active_actions:pass_no_active_actions; delta={""friendly_field"":{""before"":[""TB_LEAGUE_REVIVAL_FinleySandPile""],""after"":[]},""friendly_graveyard"":{""before"":[],""after"":[""TB_LEAGUE_REVIVAL_FinleySandPile""]}}",非可收集/衍生或模式实体,no,XML,yes,pass_no_active_actions
17.6.0.53261,Tavern Brawl (TB),TB_Noblegarden_006,Hawkstrider Hen,母陆行鸟,Deathrattle,RED,none,partial,带亡语标记，但没有可解析的直接、条件增益或隐藏亡语效果；执行时无亡语动作。,"fireplace/cards/CardDefs.xml#TB_Noblegarden_006; Python definition: none; smoke:death_processed_no_active_actions:pass_no_active_actions; delta={""friendly_field"":{""before"":[""TB_Noblegarden_006""],""after"":[]},""friendly_graveyard"":{""before"":[],""after"":[""TB_Noblegarden_006""]}}",非可收集/衍生或模式实体,no,XML,yes,pass_no_active_actions
17.6.0.53261,Tavern Brawl (TB),TB_PickYourFate_2_EnchMinion,Fate,命运,Deathrattle,YELLOW,implemented,no,存在效果脚本，但该实体需要特定上下文；通用烟测未执行。,fireplace/cards/CardDefs.xml#TB_PickYourFate_2_EnchMinion; fireplace/cards/brawl/pick_your_fate.py:56; smoke:skipped_non_playable_type:skipped,非可收集/衍生或模式实体,no,XML,yes,skipped
17.6.0.53261,Tavern Brawl (TB),TB_PickYourFate_4_EnchMinion,Fate,命运,Deathrattle,YELLOW,implemented,no,存在效果脚本，但该实体需要特定上下文；通用烟测未执行。,fireplace/cards/CardDefs.xml#TB_PickYourFate_4_EnchMinion; fireplace/cards/brawl/pick_your_fate.py:167; smoke:skipped_non_playable_type:skipped,非可收集/衍生或模式实体,no,XML,yes,skipped
17.6.0.53261,Tavern Brawl (TB),TB_PickYourFate_7_EnchMinion,Fate,命运,Deathrattle,YELLOW,implemented,no,存在效果脚本，但该实体需要特定上下文；通用烟测未执行。,fireplace/cards/CardDefs.xml#TB_PickYourFate_7_EnchMinion; fireplace/cards/brawl/pick_your_fate.py:92; smoke:skipped_non_playable_type:skipped,非可收集/衍生或模式实体；XML 原始数据无亡语标记；Python 脚本合并后加入亡语标记,no,XML,no,skipped
17.6.0.53261,Tavern Brawl (TB),TB_Pilot1,Mystery Pilot,神秘操控者,Deathrattle,YELLOW,implemented,no,存在效果脚本，但该实体需要特定上下文；通用烟测未执行。,fireplace/cards/CardDefs.xml#TB_Pilot1; fireplace/cards/brawl/masked_ball.py:8; smoke:skipped_non_playable_type:skipped,非可收集/衍生或模式实体；XML 原始数据无亡语标记；Python 脚本合并后加入亡语标记,no,XML,no,skipped
17.6.0.53261,Tavern Brawl (TB),TB_RoadToNR_OrgrimmarArmor,Discarded Armor,丢弃的护具,Deathrattle,RED,none,partial,带亡语标记，但没有可解析的直接、条件增益或隐藏亡语效果；执行时无亡语动作。,"fireplace/cards/CardDefs.xml#TB_RoadToNR_OrgrimmarArmor; Python definition: none; smoke:death_processed_no_active_actions:pass_no_active_actions; delta={""friendly_field"":{""before"":[""TB_RoadToNR_OrgrimmarArmor""],""after"":[]},""friendly_graveyard"":{""before"":[],""after"":[""TB_RoadToNR_OrgrimmarArmor""]}}",非可收集/衍生或模式实体,no,XML,yes,pass_no_active_actions
17.6.0.53261,Tavern Brawl (TB),TB_SPT_DPromoCrate1,Weapon Rack,武器架,Deathrattle,RED,none,partial,带亡语标记，但没有可解析的直接、条件增益或隐藏亡语效果；执行时无亡语动作。,"fireplace/cards/CardDefs.xml#TB_SPT_DPromoCrate1; Python definition: none; smoke:death_processed_no_active_actions:pass_no_active_actions; delta={""friendly_field"":{""before"":[""TB_SPT_DPromoCrate1""],""after"":[]},""friendly_graveyard"":{""before"":[],""after"":[""TB_SPT_DPromoCrate1""]}}",非可收集/衍生或模式实体,no,XML,yes,pass_no_active_actions
17.6.0.53261,Tavern Brawl (TB),TB_SPT_DPromoCrate2,Discarded Armor,丢弃的护具,Deathrattle,RED,none,partial,带亡语标记，但没有可解析的直接、条件增益或隐藏亡语效果；执行时无亡语动作。,"fireplace/cards/CardDefs.xml#TB_SPT_DPromoCrate2; Python definition: none; smoke:death_processed_no_active_actions:pass_no_active_actions; delta={""friendly_field"":{""before"":[""TB_SPT_DPromoCrate2""],""after"":[]},""friendly_graveyard"":{""before"":[],""after"":[""TB_SPT_DPromoCrate2""]}}",非可收集/衍生或模式实体,no,XML,yes,pass_no_active_actions
17.6.0.53261,Tavern Brawl (TB),TB_SPT_DPromoCrate3,Chest of Gold!,一箱金币！,Deathrattle,RED,none,partial,带亡语标记，但没有可解析的直接、条件增益或隐藏亡语效果；执行时无亡语动作。,"fireplace/cards/CardDefs.xml#TB_SPT_DPromoCrate3; Python definition: none; smoke:death_processed_no_active_actions:pass_no_active_actions; delta={""friendly_field"":{""before"":[""TB_SPT_DPromoCrate3""],""after"":[]},""friendly_graveyard"":{""before"":[],""after"":[""TB_SPT_DPromoCrate3""]}}",非可收集/衍生或模式实体,no,XML,yes,pass_no_active_actions
17.6.0.53261,Tavern Brawl (TB),TB_SPT_DPromoMinion,Hell Bovine,地狱魔牛,Deathrattle,RED,none,partial,带亡语标记，但没有可解析的直接、条件增益或隐藏亡语效果；执行时无亡语动作。,"fireplace/cards/CardDefs.xml#TB_SPT_DPromoMinion; Python definition: none; smoke:death_processed_no_active_actions:pass_no_active_actions; delta={""friendly_field"":{""before"":[""TB_SPT_DPromoMinion""],""after"":[]},""friendly_graveyard"":{""before"":[],""after"":[""TB_SPT_DPromoMinion""]}}",非可收集/衍生或模式实体,no,XML,yes,pass_no_active_actions
17.6.0.53261,Tavern Brawl (TB),TB_SPT_DPromoMinionChamp,Hell Bovine Champion,地狱魔牛勇士,Deathrattle,RED,none,partial,带亡语标记，但没有可解析的直接、条件增益或隐藏亡语效果；执行时无亡语动作。,"fireplace/cards/CardDefs.xml#TB_SPT_DPromoMinionChamp; Python definition: none; smoke:death_processed_no_active_actions:pass_no_active_actions; delta={""friendly_field"":{""before"":[""TB_SPT_DPromoMinionChamp""],""after"":[]},""friendly_graveyard"":{""before"":[],""after"":[""TB_SPT_DPromoMinionChamp""]}}",非可收集/衍生或模式实体,no,XML,yes,pass_no_active_actions
17.6.0.53261,Tavern Brawl (TB),TB_SPT_DPromoMinionInit,Hell Bovine,地狱魔牛,Deathrattle,RED,none,partial,带亡语标记，但没有可解析的直接、条件增益或隐藏亡语效果；执行时无亡语动作。,"fireplace/cards/CardDefs.xml#TB_SPT_DPromoMinionInit; Python definition: none; smoke:death_processed_no_active_actions:pass_no_active_actions; delta={""friendly_field"":{""before"":[""TB_SPT_DPromoMinionInit""],""after"":[]},""friendly_graveyard"":{""before"":[],""after"":[""TB_SPT_DPromoMinionInit""]}}",非可收集/衍生或模式实体,no,XML,yes,pass_no_active_actions
17.6.0.53261,Tavern Brawl (TB),TB_SPT_GiftMinion,Large EVIL Gift,怪盗大礼包,Deathrattle,RED,none,partial,带亡语标记，但没有可解析的直接、条件增益或隐藏亡语效果；执行时无亡语动作。,"fireplace/cards/CardDefs.xml#TB_SPT_GiftMinion; Python definition: none; smoke:death_processed_no_active_actions:pass_no_active_actions; delta={""friendly_field"":{""before"":[""TB_SPT_GiftMinion""],""after"":[]},""friendly_graveyard"":{""before"":[],""after"":[""TB_SPT_GiftMinion""]}}",非可收集/衍生或模式实体,no,XML,yes,pass_no_active_actions
17.6.0.53261,Tavern Brawl (TB),TB_TempleOutrun_DALA_719,Soulreaper's Scythe,掠魂之镰,Deathrattle,RED,none,partial,带亡语标记，但没有可解析的直接、条件增益或隐藏亡语效果；执行时无亡语动作。,"fireplace/cards/CardDefs.xml#TB_TempleOutrun_DALA_719; Python definition: none; smoke:death_processed_no_active_actions:pass_no_active_actions; delta={""friendly_graveyard"":{""before"":[],""after"":[""TB_TempleOutrun_DALA_719""]},""friendly_weapon"":{""before"":""TB_TempleOutrun_DALA_719"",""after"":null}}",非可收集/衍生或模式实体,no,XML,yes,pass_no_active_actions
17.6.0.53261,Tavern Brawl (TB),TB_TempleOutrun_Lazul_HP,Leap of Fate,命运之跃,Deathrattle tag anomaly,YELLOW,none,no,XML 亡语标签与英雄技能文本不符：本体是召唤牌库中亡语随从的英雄技能，并非自身亡语效果；属于数据标签异常。,fireplace/cards/CardDefs.xml#TB_TempleOutrun_Lazul_HP; Python definition: none; smoke:skipped_non_playable_type:skipped; XML text: Hero Power summons a 1/1 copy of a Deathrattle minion from deck; hero power itself has no Deathrattle,非可收集/衍生或模式实体；非真正亡语牌；从可操作亡语卡数中排除,no,XML,yes,skipped
17.6.0.53261,Tavern Brawl (TB),TB_ThunderdomeWeaponE,Improvised Flamethrower,简易喷火器,Deathrattle,RED,none,partial,带亡语标记，但没有可解析的直接、条件增益或隐藏亡语效果；执行时无亡语动作。,"fireplace/cards/CardDefs.xml#TB_ThunderdomeWeaponE; Python definition: none; smoke:death_processed_no_active_actions:pass_no_active_actions; delta={""friendly_graveyard"":{""before"":[],""after"":[""TB_ThunderdomeWeaponE""]},""friendly_weapon"":{""before"":""TB_ThunderdomeWeaponE"",""after"":null}}",非可收集/衍生或模式实体,no,XML,yes,pass_no_active_actions
17.6.0.53261,Tavern Brawl (TB),TOT_204,Timeshift: Dreadsteed,时空漂移：恐惧战马,Deathrattle,RED,none,partial,带亡语标记，但没有可解析的直接、条件增益或隐藏亡语效果；执行时无亡语动作。,"fireplace/cards/CardDefs.xml#TOT_204; Python definition: none; smoke:death_processed_no_active_actions:pass_no_active_actions; delta={""friendly_field"":{""before"":[""TOT_204""],""after"":[]},""friendly_graveyard"":{""before"":[],""after"":[""TOT_204""]}}",非可收集/衍生或模式实体,no,XML,yes,pass_no_active_actions
17.6.0.53261,League of Explorers (LOE),LOEA01_11,Rod of the Sun,炎日权杖,Deathrattle,YELLOW,implemented,partial,存在效果脚本；烟测仅验证执行和基础状态，缺少充分逐卡效果断言。,"fireplace/cards/CardDefs.xml#LOEA01_11; fireplace/cards/league/adventure.py:79; smoke:death_processed:pass; delta={""friendly_field"":{""before"":[""LOEA01_11""],""after"":[]},""enemy_field"":{""before"":[],""after"":[""LOEA01_11""]},""friendly_graveyard"":{""before"":[],""after"":[""LOEA01_11""]}}",非可收集/衍生或模式实体,no,XML,yes,pass
17.6.0.53261,League of Explorers (LOE),LOEA01_11h,Rod of the Sun,炎日权杖,Deathrattle,YELLOW,implemented,partial,存在效果脚本；烟测仅验证执行和基础状态，缺少充分逐卡效果断言。,"fireplace/cards/CardDefs.xml#LOEA01_11h; fireplace/cards/league/adventure.py:85; smoke:death_processed:pass; delta={""friendly_field"":{""before"":[""LOEA01_11h""],""after"":[]},""enemy_field"":{""before"":[],""after"":[""LOEA01_11h""]},""friendly_graveyard"":{""before"":[],""after"":[""LOEA01_11h""]}}",非可收集/衍生或模式实体,no,XML,yes,pass
17.6.0.53261,League of Explorers (LOE),LOEA01_12,Tol'vir Hoplite,托维尔重甲兵,Deathrattle,YELLOW,implemented,partial,存在效果脚本；烟测仅验证执行和基础状态，缺少充分逐卡效果断言。,"fireplace/cards/CardDefs.xml#LOEA01_12; fireplace/cards/league/adventure.py:92; smoke:death_processed:pass; delta={""friendly_field"":{""before"":[""LOEA01_12""],""after"":[]},""friendly_graveyard"":{""before"":[],""after"":[""LOEA01_12""]},""friendly_hero"":{""before"":{""health"":30,""armor"":0},""after"":{""health"":25,""armor"":0}},""enemy_hero"":{""before"":{""h",非可收集/衍生或模式实体,no,XML,yes,pass
17.6.0.53261,League of Explorers (LOE),LOEA01_12h,Tol'vir Hoplite,托维尔重甲兵,Deathrattle,YELLOW,implemented,partial,存在效果脚本；烟测仅验证执行和基础状态，缺少充分逐卡效果断言。,"fireplace/cards/CardDefs.xml#LOEA01_12h; fireplace/cards/league/adventure.py:98; smoke:death_processed:pass; delta={""friendly_field"":{""before"":[""LOEA01_12h""],""after"":[]},""friendly_graveyard"":{""before"":[],""after"":[""LOEA01_12h""]},""friendly_hero"":{""before"":{""health"":30,""armor"":0},""after"":{""health"":25,""armor"":0}},""enemy_hero"":{""before"":{",非可收集/衍生或模式实体,no,XML,yes,pass
17.6.0.53261,League of Explorers (LOE),LOEA09_7,Cauldron,大锅,Deathrattle,YELLOW,implemented,partial,存在效果脚本；烟测仅验证执行和基础状态，缺少充分逐卡效果断言。,"fireplace/cards/CardDefs.xml#LOEA09_7; fireplace/cards/league/adventure.py:396; smoke:death_processed:pass; delta={""friendly_field"":{""before"":[""LOEA09_7""],""after"":[]},""enemy_hand"":{""before"":1,""after"":2},""friendly_graveyard"":{""before"":[],""after"":[""LOEA09_7"",""HERO_08bp""]}}",非可收集/衍生或模式实体,no,XML,yes,pass
17.6.0.53261,League of Explorers (LOE),LOEA09_7H,Cauldron,大锅,Deathrattle,YELLOW,implemented,partial,存在效果脚本；烟测仅验证执行和基础状态，缺少充分逐卡效果断言。,"fireplace/cards/CardDefs.xml#LOEA09_7H; fireplace/cards/league/adventure.py:402; smoke:death_processed:pass; delta={""friendly_field"":{""before"":[""LOEA09_7H""],""after"":[]},""enemy_hand"":{""before"":1,""after"":2},""friendly_graveyard"":{""before"":[],""after"":[""LOEA09_7H"",""HERO_08bp""]}}",非可收集/衍生或模式实体,no,XML,yes,pass
17.6.0.53261,League of Explorers (LOE),LOE_012,Tomb Pillager,盗墓匪贼,Deathrattle,GREEN,implemented,yes,现有行为断言验证核心亡语结果；本轮测试通过，且实际死亡结算已核对。,"fireplace/cards/CardDefs.xml#LOE_012; fireplace/cards/league/collectible.py:33; tests/test_league.py:510:test_tomb_pillager; smoke:death_processed:pass; delta={""friendly_field"":{""before"":[""LOE_012""],""after"":[]},""friendly_hand"":{""before"":0,""after"":1},""friendly_graveyard"":{""before"":[],""after"":[""LOE_012""]}}",可收集,yes,XML,yes,pass
17.6.0.53261,League of Explorers (LOE),LOE_046,Huge Toad,巨型蟾蜍,Deathrattle,GREEN,implemented,yes,现有行为断言验证核心亡语结果；本轮测试通过，且实际死亡结算已核对。,"fireplace/cards/CardDefs.xml#LOE_046; fireplace/cards/league/collectible.py:111; tests/test_league.py:321:test_huge_toad; smoke:death_processed:pass; delta={""friendly_field"":{""before"":[""LOE_046""],""after"":[]},""friendly_graveyard"":{""before"":[],""after"":[""LOE_046""]},""enemy_hero"":{""before"":{""health"":30,""armor"":0},""after"":{""health"":29,""armor"":0}}}",可收集,yes,XML,yes,pass
17.6.0.53261,League of Explorers (LOE),LOE_050,Mounted Raptor,骑乘迅猛龙,Deathrattle,YELLOW,implemented,partial,存在效果脚本；烟测仅验证执行和基础状态，缺少充分逐卡效果断言。,"fireplace/cards/CardDefs.xml#LOE_050; fireplace/cards/league/collectible.py:123; smoke:death_processed:pass; delta={""friendly_field"":{""before"":[""LOE_050""],""after"":[""BT_727""]},""friendly_graveyard"":{""before"":[],""after"":[""LOE_050""]}}",可收集,yes,XML,yes,pass
17.6.0.53261,League of Explorers (LOE),LOE_061,Anubisath Sentinel,阿努比萨斯哨兵,Deathrattle,RED,partial,yes,已复现同批致死单位被该卡亡语增益错误救回；死亡结算顺序产生错误场面。,"fireplace/cards/CardDefs.xml#LOE_061; fireplace/cards/league/collectible.py:143; tests/test_league.py:29:test_anubisath_sentinel; smoke:death_processed:pass; delta={""friendly_field"":{""before"":[""LOE_061""],""after"":[]},""friendly_graveyard"":{""before"":[],""after"":[""LOE_061""]}}; repro:LOE_061(2HP)+CS2_182(2HP)+GVG_076=>CS2_182 PLAY 3HP; sheep and source in graveyard",可收集；死亡结算机制问题已复现,yes,XML,yes,pass
17.6.0.53261,League of Explorers (LOE),LOE_089,Wobbling Runts,摇摆的俾格米,Deathrattle,GREEN,implemented,yes,现有行为断言验证核心亡语结果；本轮测试通过，且实际死亡结算已核对。,"fireplace/cards/CardDefs.xml#LOE_089; fireplace/cards/league/collectible.py:204; tests/test_league.py:552:test_wobbling_runts; smoke:death_processed:pass; delta={""friendly_field"":{""before"":[""LOE_089""],""after"":[""LOE_089t"",""LOE_089t2"",""LOE_089t3""]},""friendly_graveyard"":{""before"":[],""after"":[""LOE_089""]}}",可收集,yes,XML,yes,pass
17.6.0.53261,League of Explorers (LOE),LOE_105e,Explorer's Hat,探险帽,Deathrattle,YELLOW,implemented,no,存在效果脚本，但该实体需要特定上下文；通用烟测未执行。,fireplace/cards/CardDefs.xml#LOE_105e; fireplace/cards/league/collectible.py:327; smoke:skipped_non_playable_type:skipped,非可收集/衍生或模式实体；XML 原始数据无亡语标记；Python 脚本合并后加入亡语标记,no,XML,no,skipped
17.6.0.53261,Whispers of the Old Gods (OG),OG_031,Hammer of Twilight,暮光神锤,Deathrattle,YELLOW,implemented,partial,存在效果脚本；烟测仅验证执行和基础状态，缺少充分逐卡效果断言。,"fireplace/cards/CardDefs.xml#OG_031; fireplace/cards/wog/shaman.py:68; smoke:death_processed:pass; delta={""friendly_field"":{""before"":[],""after"":[""OG_031a""]},""friendly_graveyard"":{""before"":[],""after"":[""OG_031""]},""friendly_weapon"":{""before"":""OG_031"",""after"":null}}",可收集,yes,XML,yes,pass
17.6.0.53261,Whispers of the Old Gods (OG),OG_033,Tentacles for Arms,钢铁触须,Deathrattle,GREEN,implemented,yes,现有行为断言验证核心亡语结果；本轮测试通过，且实际死亡结算已核对。,"fireplace/cards/CardDefs.xml#OG_033; fireplace/cards/wog/warrior.py:71; tests/test_wog.py:525:test_tentacles_for_arms; smoke:death_processed_source_moved:pass_source_moved; delta={""friendly_hand"":{""before"":0,""after"":1},""friendly_weapon"":{""before"":""OG_033"",""after"":null}}",可收集；本体移至 Zone.HAND,yes,XML,yes,pass_source_moved
17.6.0.53261,Whispers of the Old Gods (OG),OG_045a,Nerubian Spores,蛛魔孢子,Deathrattle,YELLOW,implemented,no,存在效果脚本，但该实体需要特定上下文；通用烟测未执行。,fireplace/cards/CardDefs.xml#OG_045a; fireplace/cards/wog/hunter.py:59; smoke:skipped_non_playable_type:skipped,非可收集/衍生或模式实体；XML 原始数据无亡语标记；Python 脚本合并后加入亡语标记,no,XML,no,skipped
17.6.0.53261,Whispers of the Old Gods (OG),OG_080,"Xaril, Poisoned Mind",毒心者夏克里尔,Deathrattle,YELLOW,implemented,partial,存在效果脚本；烟测仅验证执行和基础状态，缺少充分逐卡效果断言。,"fireplace/cards/CardDefs.xml#OG_080; fireplace/cards/wog/rogue.py:17; smoke:death_processed:pass; delta={""friendly_field"":{""before"":[""OG_080""],""after"":[]},""friendly_hand"":{""before"":0,""after"":1},""friendly_graveyard"":{""before"":[],""after"":[""OG_080""]}}",可收集,yes,XML,yes,pass
17.6.0.53261,Whispers of the Old Gods (OG),OG_109,Darkshire Librarian,夜色镇图书管理员,Deathrattle,YELLOW,implemented,partial,存在效果脚本；烟测仅验证执行和基础状态，缺少充分逐卡效果断言。,"fireplace/cards/CardDefs.xml#OG_109; fireplace/cards/wog/warlock.py:8; smoke:death_processed:pass; delta={""friendly_field"":{""before"":[""OG_109""],""after"":[]},""friendly_graveyard"":{""before"":[],""after"":[""OG_109""]}}",可收集,yes,XML,yes,pass
17.6.0.53261,Whispers of the Old Gods (OG),OG_120,Anomalus,阿诺玛鲁斯,Deathrattle,YELLOW,implemented,partial,存在效果脚本；烟测仅验证执行和基础状态，缺少充分逐卡效果断言。,"fireplace/cards/CardDefs.xml#OG_120; fireplace/cards/wog/mage.py:26; smoke:death_processed:pass; delta={""friendly_field"":{""before"":[""OG_120""],""after"":[]},""friendly_graveyard"":{""before"":[],""after"":[""OG_120""]}}",可收集,yes,XML,yes,pass
17.6.0.53261,Whispers of the Old Gods (OG),OG_147,Corrupted Healbot,腐化治疗机器人,Deathrattle,YELLOW,implemented,partial,存在效果脚本；烟测仅验证执行和基础状态，缺少充分逐卡效果断言。,"fireplace/cards/CardDefs.xml#OG_147; fireplace/cards/wog/neutral_rare.py:38; smoke:death_processed:pass; delta={""friendly_field"":{""before"":[""OG_147""],""after"":[]},""friendly_graveyard"":{""before"":[],""after"":[""OG_147""]}}",可收集,yes,XML,yes,pass
17.6.0.53261,Whispers of the Old Gods (OG),OG_151,Tentacle of N'Zoth,恩佐斯的触须,Deathrattle,YELLOW,implemented,partial,存在效果脚本；烟测仅验证执行和基础状态，缺少充分逐卡效果断言。,"fireplace/cards/CardDefs.xml#OG_151; fireplace/cards/wog/neutral_common.py:56; smoke:death_processed:pass; delta={""friendly_field"":{""before"":[""OG_151""],""after"":[]},""friendly_graveyard"":{""before"":[],""after"":[""OG_151""]}}",可收集,yes,XML,yes,pass
17.6.0.53261,Whispers of the Old Gods (OG),OG_158,Zealous Initiate,狂热的新兵,Deathrattle,RED,partial,yes,已复现同批致死单位被该卡亡语增益错误救回；死亡结算顺序产生错误场面。,"fireplace/cards/CardDefs.xml#OG_158; fireplace/cards/wog/neutral_common.py:68; smoke:death_processed:pass; delta={""friendly_field"":{""before"":[""OG_158""],""after"":[]},""friendly_graveyard"":{""before"":[],""after"":[""OG_158""]}}; repro:OG_158(2HP)+CS2_182(2HP)+GVG_076=>CS2_182 PLAY 1HP; sheep and source in graveyard",可收集；死亡结算机制问题已复现,yes,XML,yes,pass
17.6.0.53261,Whispers of the Old Gods (OG),OG_179,Fiery Bat,炽炎蝙蝠,Deathrattle,YELLOW,implemented,partial,存在效果脚本；烟测仅验证执行和基础状态，缺少充分逐卡效果断言。,"fireplace/cards/CardDefs.xml#OG_179; fireplace/cards/wog/hunter.py:8; smoke:death_processed:pass; delta={""friendly_field"":{""before"":[""OG_179""],""after"":[]},""friendly_graveyard"":{""before"":[],""after"":[""OG_179""]},""enemy_hero"":{""before"":{""health"":30,""armor"":0},""after"":{""health"":29,""armor"":0}}}",可收集,yes,XML,yes,pass
17.6.0.53261,Whispers of the Old Gods (OG),OG_216,Infested Wolf,寄生恶狼,Deathrattle,YELLOW,implemented,partial,存在效果脚本；烟测仅验证执行和基础状态，缺少充分逐卡效果断言。,"fireplace/cards/CardDefs.xml#OG_216; fireplace/cards/wog/hunter.py:23; smoke:death_processed:pass; delta={""friendly_field"":{""before"":[""OG_216""],""after"":[""OG_216a"",""OG_216a""]},""friendly_graveyard"":{""before"":[],""after"":[""OG_216""]}}",可收集,yes,XML,yes,pass
17.6.0.53261,Whispers of the Old Gods (OG),OG_221,Selfless Hero,无私的英雄,Deathrattle,YELLOW,implemented,partial,存在效果脚本；烟测仅验证执行和基础状态，缺少充分逐卡效果断言。,"fireplace/cards/CardDefs.xml#OG_221; fireplace/cards/wog/paladin.py:21; smoke:death_processed:pass; delta={""friendly_field"":{""before"":[""OG_221""],""after"":[]},""friendly_graveyard"":{""before"":[],""after"":[""OG_221""]}}",可收集,yes,XML,yes,pass
17.6.0.53261,Whispers of the Old Gods (OG),OG_241,Possessed Villager,着魔村民,Deathrattle,YELLOW,implemented,partial,存在效果脚本；烟测仅验证执行和基础状态，缺少充分逐卡效果断言。,"fireplace/cards/CardDefs.xml#OG_241; fireplace/cards/wog/warlock.py:35; smoke:death_processed:pass; delta={""friendly_field"":{""before"":[""OG_241""],""after"":[""OG_241a""]},""friendly_graveyard"":{""before"":[],""after"":[""OG_241""]}}",可收集,yes,XML,yes,pass
17.6.0.53261,Whispers of the Old Gods (OG),OG_249,Infested Tauren,被感染的牛头人,Deathrattle,YELLOW,implemented,partial,存在效果脚本；烟测仅验证执行和基础状态，缺少充分逐卡效果断言。,"fireplace/cards/CardDefs.xml#OG_249; fireplace/cards/wog/neutral_common.py:77; smoke:death_processed:pass; delta={""friendly_field"":{""before"":[""OG_249""],""after"":[""OG_249a""]},""friendly_graveyard"":{""before"":[],""after"":[""OG_249""]}}",可收集,yes,XML,yes,pass
17.6.0.53261,Whispers of the Old Gods (OG),OG_256,Spawn of N'Zoth,恩佐斯的子嗣,Deathrattle,RED,partial,yes,已复现同批致死单位被该卡亡语增益错误救回；死亡结算顺序产生错误场面。,"fireplace/cards/CardDefs.xml#OG_256; fireplace/cards/wog/neutral_common.py:83; smoke:death_processed:pass; delta={""friendly_field"":{""before"":[""OG_256""],""after"":[]},""friendly_graveyard"":{""before"":[],""after"":[""OG_256""]}}; repro:OG_256+CS2_182(2HP)+GVG_076=>CS2_182 PLAY 1HP; fireplace/actions.py:356-374;fireplace/game.py:188-194",可收集；死亡结算机制问题已复现,yes,XML,yes,pass
17.6.0.53261,Whispers of the Old Gods (OG),OG_267,Southsea Squidface,南海畸变船长,Deathrattle,YELLOW,implemented,partial,存在效果脚本；烟测仅验证执行和基础状态，缺少充分逐卡效果断言。,"fireplace/cards/CardDefs.xml#OG_267; fireplace/cards/wog/rogue.py:24; smoke:death_processed:pass; delta={""friendly_field"":{""before"":[""OG_267""],""after"":[]},""friendly_graveyard"":{""before"":[],""after"":[""OG_267""]}}",可收集,yes,XML,yes,pass
17.6.0.53261,Whispers of the Old Gods (OG),OG_272,Twilight Summoner,暮光召唤师,Deathrattle,YELLOW,implemented,partial,存在效果脚本；烟测仅验证执行和基础状态，缺少充分逐卡效果断言。,"fireplace/cards/CardDefs.xml#OG_272; fireplace/cards/wog/neutral_epic.py:47; smoke:death_processed:pass; delta={""friendly_field"":{""before"":[""OG_272""],""after"":[""OG_272t""]},""friendly_graveyard"":{""before"":[],""after"":[""OG_272""]}}",可收集,yes,XML,yes,pass
17.6.0.53261,Whispers of the Old Gods (OG),OG_317,"Deathwing, Dragonlord",黑龙领主死亡之翼,Deathrattle,GREEN,implemented,yes,现有行为断言验证核心亡语结果；本轮测试通过，且实际死亡结算已核对。,"fireplace/cards/CardDefs.xml#OG_317; fireplace/cards/wog/neutral_legendary.py:20; tests/test_wog.py:191:test_deathwing_dragonlord; smoke:death_processed:pass; delta={""friendly_field"":{""before"":[""OG_317""],""after"":[]},""friendly_graveyard"":{""before"":[],""after"":[""OG_317""]}}",可收集,yes,XML,yes,pass
17.6.0.53261,Whispers of the Old Gods (OG),OG_323,Polluted Hoarder,被感染的贮藏者,Deathrattle,YELLOW,implemented,partial,存在效果脚本；烟测仅验证执行和基础状态，缺少充分逐卡效果断言。,"fireplace/cards/CardDefs.xml#OG_323; fireplace/cards/wog/neutral_common.py:98; smoke:death_processed:pass; delta={""friendly_field"":{""before"":[""OG_323""],""after"":[]},""friendly_graveyard"":{""before"":[],""after"":[""OG_323""]}}",可收集,yes,XML,yes,pass
17.6.0.53261,Whispers of the Old Gods (OG),OG_330,Undercity Huckster,幽暗城商贩,Deathrattle,GREEN,implemented,yes,现有行为断言验证核心亡语结果；本轮测试通过，且实际死亡结算已核对。,"fireplace/cards/CardDefs.xml#OG_330; fireplace/cards/wog/rogue.py:33; tests/test_wog.py:552:test_undercity_huckster; smoke:death_processed:pass; delta={""friendly_field"":{""before"":[""OG_330""],""after"":[]},""friendly_hand"":{""before"":0,""after"":1},""friendly_graveyard"":{""before"":[],""after"":[""OG_330""]}}",可收集,yes,XML,yes,pass
17.6.0.53261,Whispers of the Old Gods (OG),OG_335,Shifting Shade,变幻之影,Deathrattle,YELLOW,implemented,partial,存在效果脚本；烟测仅验证执行和基础状态，缺少充分逐卡效果断言。,"fireplace/cards/CardDefs.xml#OG_335; fireplace/cards/wog/priest.py:27; smoke:death_processed:pass; delta={""friendly_field"":{""before"":[""OG_335""],""after"":[]},""friendly_graveyard"":{""before"":[],""after"":[""OG_335""]}}",可收集,yes,XML,yes,pass
17.6.0.53261,One Night in Karazhan (KARA),KARA_09_03a,Icky Imp,粗鄙小鬼,Deathrattle,RED,none,partial,带亡语标记，但没有可解析的直接、条件增益或隐藏亡语效果；执行时无亡语动作。,"fireplace/cards/CardDefs.xml#KARA_09_03a; Python definition: none; smoke:death_processed_no_active_actions:pass_no_active_actions; delta={""friendly_field"":{""before"":[""KARA_09_03a""],""after"":[]},""friendly_graveyard"":{""before"":[],""after"":[""KARA_09_03a""]}}",非可收集/衍生或模式实体,no,XML,yes,pass_no_active_actions
17.6.0.53261,One Night in Karazhan (KARA),KARA_09_03a_heroic,Icky Imp,粗鄙小鬼,Deathrattle,RED,none,partial,带亡语标记，但没有可解析的直接、条件增益或隐藏亡语效果；执行时无亡语动作。,"fireplace/cards/CardDefs.xml#KARA_09_03a_heroic; Python definition: none; smoke:death_processed_no_active_actions:pass_no_active_actions; delta={""friendly_field"":{""before"":[""KARA_09_03a_heroic""],""after"":[]},""friendly_graveyard"":{""before"":[],""after"":[""KARA_09_03a_heroic""]}}",非可收集/衍生或模式实体,no,XML,yes,pass_no_active_actions
17.6.0.53261,One Night in Karazhan (KARA),KAR_005,Kindly Grandmother,慈祥的外婆,Deathrattle,GREEN,implemented,yes,现有行为断言验证核心亡语结果；本轮测试通过，且实际死亡结算已核对。,"fireplace/cards/CardDefs.xml#KAR_005; fireplace/cards/karazhan/collectible.py:8; tests/test_karazhan.py:6:test_kindly_grandmother; smoke:death_processed:pass; delta={""friendly_field"":{""before"":[""KAR_005""],""after"":[""KAR_005a""]},""friendly_graveyard"":{""before"":[],""after"":[""KAR_005""]}}",可收集,yes,XML,yes,pass
17.6.0.53261,One Night in Karazhan (KARA),KAR_029,Runic Egg,符文蛋,Deathrattle,YELLOW,implemented,partial,存在效果脚本；烟测仅验证执行和基础状态，缺少充分逐卡效果断言。,"fireplace/cards/CardDefs.xml#KAR_029; fireplace/cards/karazhan/collectible.py:39; smoke:death_processed:pass; delta={""friendly_field"":{""before"":[""KAR_029""],""after"":[]},""friendly_graveyard"":{""before"":[],""after"":[""KAR_029""]}}",可收集,yes,XML,yes,pass
17.6.0.53261,One Night in Karazhan (KARA),KAR_041,Moat Lurker,沟渠潜伏者,Deathrattle,GREEN,implemented,yes,现有行为断言验证核心亡语结果；本轮测试通过，且实际死亡结算已核对。,"fireplace/cards/CardDefs.xml#KAR_041; fireplace/cards/karazhan/collectible.py:90; tests/test_karazhan.py:594:test_moat_lurker; smoke:death_processed:pass; delta={""friendly_field"":{""before"":[""KAR_041""],""after"":[]},""friendly_graveyard"":{""before"":[],""after"":[""KAR_041""]}}",可收集,yes,XML,yes,pass
17.6.0.53261,One Night in Karazhan (KARA),KAR_094,Deadly Fork,致命餐叉,Deathrattle,GREEN,implemented,yes,现有行为断言验证核心亡语结果；本轮测试通过，且实际死亡结算已核对。,"fireplace/cards/CardDefs.xml#KAR_094; fireplace/cards/karazhan/collectible.py:181; tests/test_karazhan.py:295:test_deadly_fork; smoke:death_processed:pass; delta={""friendly_field"":{""before"":[""KAR_094""],""after"":[]},""friendly_hand"":{""before"":0,""after"":1},""friendly_graveyard"":{""before"":[],""after"":[""KAR_094""]}}",可收集,yes,XML,yes,pass
17.6.0.53261,Mean Streets of Gadgetzan (GANGS),CFM_095,Weasel Tunneler,鼬鼠挖掘工,Deathrattle,GREEN,implemented,yes,现有行为断言验证核心亡语结果；本轮测试通过，且实际死亡结算已核对。,"fireplace/cards/CardDefs.xml#CFM_095; fireplace/cards/gangs/neutral_epic.py:24; tests/test_gangs.py:259:test_weasel_tunneler; smoke:death_processed_source_moved:pass_source_moved; delta={""friendly_field"":{""before"":[""CFM_095""],""after"":[]},""enemy_deck"":{""before"":0,""after"":1}}",可收集；本体移至 Zone.DECK,yes,XML,yes,pass_source_moved
17.6.0.53261,Mean Streets of Gadgetzan (GANGS),CFM_120,Mistress of Mixtures,亡灵药剂师,Deathrattle,YELLOW,implemented,partial,存在效果脚本；烟测仅验证执行和基础状态，缺少充分逐卡效果断言。,"fireplace/cards/CardDefs.xml#CFM_120; fireplace/cards/gangs/neutral_common.py:34; smoke:death_processed:pass; delta={""friendly_field"":{""before"":[""CFM_120""],""after"":[]},""friendly_graveyard"":{""before"":[],""after"":[""CFM_120""]}}",可收集,yes,XML,yes,pass
17.6.0.53261,Mean Streets of Gadgetzan (GANGS),CFM_316,Rat Pack,瘟疫鼠群,Deathrattle,YELLOW,implemented,partial,存在效果脚本；烟测仅验证执行和基础状态，缺少充分逐卡效果断言。,"fireplace/cards/CardDefs.xml#CFM_316; fireplace/cards/gangs/hunter.py:14; smoke:death_processed:pass; delta={""friendly_field"":{""before"":[""CFM_316""],""after"":[""CFM_316"",""CFM_316""]},""friendly_graveyard"":{""before"":[],""after"":[""CFM_316""]}}",可收集,yes,XML,yes,pass
17.6.0.53261,Mean Streets of Gadgetzan (GANGS),CFM_324,White Eyes,白眼大侠,Deathrattle,YELLOW,implemented,partial,存在效果脚本；烟测仅验证执行和基础状态，缺少充分逐卡效果断言。,"fireplace/cards/CardDefs.xml#CFM_324; fireplace/cards/gangs/shaman.py:21; smoke:death_processed:pass; delta={""friendly_field"":{""before"":[""CFM_324""],""after"":[]},""friendly_deck"":{""before"":0,""after"":1},""friendly_graveyard"":{""before"":[],""after"":[""CFM_324""]}}",可收集,yes,XML,yes,pass
17.6.0.53261,Mean Streets of Gadgetzan (GANGS),CFM_336,Shaky Zipgunner,豺狼人土枪手,Deathrattle,YELLOW,implemented,partial,存在效果脚本；烟测仅验证执行和基础状态，缺少充分逐卡效果断言。,"fireplace/cards/CardDefs.xml#CFM_336; fireplace/cards/gangs/hunter.py:33; smoke:death_processed:pass; delta={""friendly_field"":{""before"":[""CFM_336""],""after"":[]},""friendly_graveyard"":{""before"":[],""after"":[""CFM_336""]}}",可收集,yes,XML,yes,pass
17.6.0.53261,Mean Streets of Gadgetzan (GANGS),CFM_341,Sergeant Sally,女警萨莉,Deathrattle,YELLOW,implemented,partial,存在效果脚本；烟测仅验证执行和基础状态，缺少充分逐卡效果断言。,"fireplace/cards/CardDefs.xml#CFM_341; fireplace/cards/gangs/neutral_legendary.py:8; smoke:death_processed:pass; delta={""friendly_field"":{""before"":[""CFM_341""],""after"":[]},""friendly_graveyard"":{""before"":[],""after"":[""CFM_341""]}}",可收集,yes,XML,yes,pass
17.6.0.53261,Mean Streets of Gadgetzan (GANGS),CFM_646,Backstreet Leper,后街男巫,Deathrattle,YELLOW,implemented,partial,存在效果脚本；烟测仅验证执行和基础状态，缺少充分逐卡效果断言。,"fireplace/cards/CardDefs.xml#CFM_646; fireplace/cards/gangs/neutral_common.py:46; smoke:death_processed:pass; delta={""friendly_field"":{""before"":[""CFM_646""],""after"":[]},""friendly_graveyard"":{""before"":[],""after"":[""CFM_646""]},""enemy_hero"":{""before"":{""health"":30,""armor"":0},""after"":{""health"":28,""armor"":0}}}",可收集,yes,XML,yes,pass
17.6.0.53261,Mean Streets of Gadgetzan (GANGS),CFM_667,Bomb Squad,爆破小队,Deathrattle,YELLOW,implemented,partial,存在效果脚本；烟测仅验证执行和基础状态，缺少充分逐卡效果断言。,"fireplace/cards/CardDefs.xml#CFM_667; fireplace/cards/gangs/neutral_rare.py:59; smoke:death_processed:pass; delta={""friendly_field"":{""before"":[""CFM_667""],""after"":[]},""friendly_graveyard"":{""before"":[],""after"":[""CFM_667""]},""friendly_hero"":{""before"":{""health"":30,""armor"":0},""after"":{""health"":25,""armor"":0}}}",可收集,yes,XML,yes,pass
17.6.0.53261,Mean Streets of Gadgetzan (GANGS),CFM_691,Jade Swarmer,青玉游荡者,Deathrattle,GREEN,implemented,yes,现有行为断言验证核心亡语结果；本轮测试通过，且实际死亡结算已核对。,"fireplace/cards/CardDefs.xml#CFM_691; fireplace/cards/gangs/rogue.py:26; tests/test_gangs.py:248:test_jade_swarmer; smoke:death_processed:pass; delta={""friendly_field"":{""before"":[""CFM_691""],""after"":[""CFM_712_t01""]},""friendly_graveyard"":{""before"":[],""after"":[""CFM_691""]}}",可收集,yes,XML,yes,pass
17.6.0.53261,Mean Streets of Gadgetzan (GANGS),CFM_759,Meanstreet Marshal,海象人执法官,Deathrattle,YELLOW,implemented,partial,存在效果脚本；烟测仅验证执行和基础状态，缺少充分逐卡效果断言。,"fireplace/cards/CardDefs.xml#CFM_759; fireplace/cards/gangs/paladin.py:41; smoke:death_processed:pass; delta={""friendly_field"":{""before"":[""CFM_759""],""after"":[]},""friendly_graveyard"":{""before"":[],""after"":[""CFM_759""]}}",可收集,yes,XML,yes,pass
17.6.0.53261,Mean Streets of Gadgetzan (GANGS),CFM_902,Aya Blackpaw,艾雅·黑掌,Deathrattle,GREEN,implemented,yes,现有行为断言验证核心亡语结果；本轮测试通过，且实际死亡结算已核对。,"fireplace/cards/CardDefs.xml#CFM_902; fireplace/cards/gangs/neutral_legendary.py:179; tests/test_gangs.py:5:test_aya_blackpaw; smoke:death_processed:pass; delta={""friendly_field"":{""before"":[""CFM_902""],""after"":[""CFM_712_t01""]},""friendly_graveyard"":{""before"":[],""after"":[""CFM_902""]}}",可收集,yes,XML,yes,pass
17.6.0.53261,Journey to Un'Goro (UNGORO),UNG_010,Sated Threshadon,臃肿的蛇颈龙,Deathrattle,YELLOW,implemented,partial,存在效果脚本；烟测仅验证执行和基础状态，缺少充分逐卡效果断言。,"fireplace/cards/CardDefs.xml#UNG_010; fireplace/cards/ungoro/neutral_common.py:20; smoke:death_processed:pass; delta={""friendly_field"":{""before"":[""UNG_010""],""after"":[""UNG_201t"",""UNG_201t"",""UNG_201t""]},""friendly_graveyard"":{""before"":[],""after"":[""UNG_010""]}}",可收集,yes,XML,yes,pass
17.6.0.53261,Journey to Un'Goro (UNGORO),UNG_027,Pyros,派烙斯,Deathrattle,YELLOW,implemented,partial,亡语把本体移往其他区域，墓地断言不适用；仍需充分逐卡效果验证。,"fireplace/cards/CardDefs.xml#UNG_027; fireplace/cards/ungoro/mage.py:20; smoke:death_processed_source_moved:pass_source_moved; delta={""friendly_field"":{""before"":[""UNG_027""],""after"":[]},""friendly_hand"":{""before"":0,""after"":1}}",可收集；本体移至 Zone.SETASIDE,yes,XML,yes,pass_source_moved
17.6.0.53261,Journey to Un'Goro (UNGORO),UNG_027t2,Pyros,派烙斯,Deathrattle,YELLOW,implemented,partial,亡语把本体移往其他区域，墓地断言不适用；仍需充分逐卡效果验证。,"fireplace/cards/CardDefs.xml#UNG_027t2; fireplace/cards/ungoro/mage.py:26; smoke:death_processed_source_moved:pass_source_moved; delta={""friendly_field"":{""before"":[""UNG_027t2""],""after"":[]},""friendly_hand"":{""before"":0,""after"":1}}",非可收集/衍生或模式实体；本体移至 Zone.SETASIDE,no,XML,yes,pass_source_moved
17.6.0.53261,Journey to Un'Goro (UNGORO),UNG_032,Crystalline Oracle,结晶预言者,Deathrattle,YELLOW,implemented,partial,存在效果脚本；烟测仅验证执行和基础状态，缺少充分逐卡效果断言。,"fireplace/cards/CardDefs.xml#UNG_032; fireplace/cards/ungoro/priest.py:24; smoke:death_processed:pass; delta={""friendly_field"":{""before"":[""UNG_032""],""after"":[]},""friendly_graveyard"":{""before"":[],""after"":[""UNG_032""]}}",可收集,yes,XML,yes,pass
17.6.0.53261,Journey to Un'Goro (UNGORO),UNG_037,Tortollan Shellraiser,始祖龟执盾者,Deathrattle,RED,partial,yes,已复现同批致死单位被该卡亡语增益错误救回；死亡结算顺序产生错误场面。,"fireplace/cards/CardDefs.xml#UNG_037; fireplace/cards/ungoro/priest.py:98; smoke:death_processed:pass; delta={""friendly_field"":{""before"":[""UNG_037""],""after"":[]},""friendly_graveyard"":{""before"":[],""after"":[""UNG_037""]}}; repro:UNG_037(2HP)+CS2_182(2HP)+GVG_076=>CS2_182 PLAY 1HP; sheep and source in graveyard",可收集；死亡结算机制问题已复现,yes,XML,yes,pass
17.6.0.53261,Journey to Un'Goro (UNGORO),UNG_065,"Sherazin, Corpse Flower",“尸魔花”瑟拉金,Deathrattle,YELLOW,implemented,partial,存在效果脚本；烟测仅验证执行和基础状态，缺少充分逐卡效果断言。,"fireplace/cards/CardDefs.xml#UNG_065; fireplace/cards/ungoro/rogue.py:35; tests/test_ungoro.py:57:test_sherazin_corpse_flower; tests/test_ungoro.py:74:test_sherazin_seed; smoke:death_processed:pass; delta={""friendly_field"":{""before"":[""UNG_065""],""after"":[""UNG_065t""]},""friendly_graveyard"":{""before"":[],""after"":[""UNG_065""]}}",可收集,yes,XML,yes,pass
17.6.0.53261,Journey to Un'Goro (UNGORO),UNG_076,Eggnapper,卑劣的窃蛋者,Deathrattle,YELLOW,implemented,partial,存在效果脚本；烟测仅验证执行和基础状态，缺少充分逐卡效果断言。,"fireplace/cards/CardDefs.xml#UNG_076; fireplace/cards/ungoro/neutral_common.py:41; smoke:death_processed:pass; delta={""friendly_field"":{""before"":[""UNG_076""],""after"":[""UNG_076t1"",""UNG_076t1""]},""friendly_graveyard"":{""before"":[],""after"":[""UNG_076""]}}",可收集,yes,XML,yes,pass
17.6.0.53261,Journey to Un'Goro (UNGORO),UNG_083,Devilsaur Egg,魔暴龙蛋,Deathrattle,YELLOW,implemented,partial,存在效果脚本；烟测仅验证执行和基础状态，缺少充分逐卡效果断言。,"fireplace/cards/CardDefs.xml#UNG_083; fireplace/cards/ungoro/neutral_rare.py:41; smoke:death_processed:pass; delta={""friendly_field"":{""before"":[""UNG_083""],""after"":[""UNG_083t1""]},""friendly_graveyard"":{""before"":[],""after"":[""UNG_083""]}}",可收集,yes,XML,yes,pass
17.6.0.53261,Journey to Un'Goro (UNGORO),UNG_086,Giant Anaconda,巨型蟒蛇,Deathrattle,YELLOW,implemented,partial,存在效果脚本；烟测仅验证执行和基础状态，缺少充分逐卡效果断言。,"fireplace/cards/CardDefs.xml#UNG_086; fireplace/cards/ungoro/druid.py:14; smoke:death_processed:pass; delta={""friendly_field"":{""before"":[""UNG_086""],""after"":[]},""friendly_graveyard"":{""before"":[],""after"":[""UNG_086""]}}",可收集,yes,XML,yes,pass
17.6.0.53261,Journey to Un'Goro (UNGORO),UNG_111t1,Mana Treant,法力树人,Deathrattle,YELLOW,implemented,partial,存在效果脚本；烟测仅验证执行和基础状态，缺少充分逐卡效果断言。,"fireplace/cards/CardDefs.xml#UNG_111t1; fireplace/cards/ungoro/druid.py:84; smoke:death_processed:pass; delta={""friendly_field"":{""before"":[""UNG_111t1""],""after"":[]},""friendly_graveyard"":{""before"":[],""after"":[""UNG_111t1""]}}",非可收集/衍生或模式实体,no,XML,yes,pass
17.6.0.53261,Journey to Un'Goro (UNGORO),UNG_818,Volatile Elemental,不稳定的元素,Deathrattle,YELLOW,implemented,partial,存在效果脚本；烟测仅验证执行和基础状态，缺少充分逐卡效果断言。,"fireplace/cards/CardDefs.xml#UNG_818; fireplace/cards/ungoro/neutral_common.py:85; smoke:death_processed:pass; delta={""friendly_field"":{""before"":[""UNG_818""],""after"":[]},""friendly_graveyard"":{""before"":[],""after"":[""UNG_818""]}}",可收集,yes,XML,yes,pass
17.6.0.53261,Journey to Un'Goro (UNGORO),UNG_830,Cruel Dinomancer,残暴的恐龙术士,Deathrattle,YELLOW,implemented,partial,存在效果脚本；烟测仅验证执行和基础状态，缺少充分逐卡效果断言。,"fireplace/cards/CardDefs.xml#UNG_830; fireplace/cards/ungoro/warlock.py:25; smoke:death_processed:pass; delta={""friendly_field"":{""before"":[""UNG_830""],""after"":[]},""friendly_graveyard"":{""before"":[],""after"":[""UNG_830""]}}",可收集,yes,XML,yes,pass
17.6.0.53261,Journey to Un'Goro (UNGORO),UNG_845,Igneous Elemental,火岩元素,Deathrattle,YELLOW,implemented,partial,存在效果脚本；烟测仅验证执行和基础状态，缺少充分逐卡效果断言。,"fireplace/cards/CardDefs.xml#UNG_845; fireplace/cards/ungoro/neutral_common.py:91; smoke:death_processed:pass; delta={""friendly_field"":{""before"":[""UNG_845""],""after"":[]},""friendly_hand"":{""before"":0,""after"":2},""friendly_graveyard"":{""before"":[],""after"":[""UNG_845""]}}",可收集,yes,XML,yes,pass
17.6.0.53261,Journey to Un'Goro (UNGORO),UNG_846,Shimmering Tempest,活体风暴,Deathrattle,YELLOW,implemented,partial,存在效果脚本；烟测仅验证执行和基础状态，缺少充分逐卡效果断言。,"fireplace/cards/CardDefs.xml#UNG_846; fireplace/cards/ungoro/mage.py:30; smoke:death_processed:pass; delta={""friendly_field"":{""before"":[""UNG_846""],""after"":[]},""friendly_hand"":{""before"":0,""after"":1},""friendly_graveyard"":{""before"":[],""after"":[""UNG_846""]}}",可收集,yes,XML,yes,pass
17.6.0.53261,Journey to Un'Goro (UNGORO),UNG_914,Raptor Hatchling,迅猛龙宝宝,Deathrattle,YELLOW,implemented,partial,存在效果脚本；烟测仅验证执行和基础状态，缺少充分逐卡效果断言。,"fireplace/cards/CardDefs.xml#UNG_914; fireplace/cards/ungoro/hunter.py:32; smoke:death_processed:pass; delta={""friendly_field"":{""before"":[""UNG_914""],""after"":[]},""friendly_deck"":{""before"":0,""after"":1},""friendly_graveyard"":{""before"":[],""after"":[""UNG_914""]}}",可收集,yes,XML,yes,pass
17.6.0.53261,Journey to Un'Goro (UNGORO),UNG_952e,On a Stegodon,骑乘剑龙,Deathrattle,YELLOW,implemented,no,存在效果脚本，但该实体需要特定上下文；通用烟测未执行。,fireplace/cards/CardDefs.xml#UNG_952e; fireplace/cards/ungoro/paladin.py:67; tests/test_controller.py:281:test_observation_records_active_buff_and_deathrattle_source_without_hidden_cards; tests/test_web_gui.py:104:test_modifier_details_are_localized_and_hidden_sources_stay_private; smoke:skipped_non_playable_type:skipped,非可收集/衍生或模式实体；XML 原始数据无亡语标记；Python 脚本合并后加入亡语标记,no,XML,no,skipped
17.6.0.53261,Journey to Un'Goro (UNGORO),UNG_953,Primalfin Champion,蛮鱼勇士,Deathrattle,GREEN,implemented,yes,现有行为断言验证核心亡语结果；本轮测试通过，且实际死亡结算已核对。,"fireplace/cards/CardDefs.xml#UNG_953; fireplace/cards/ungoro/paladin.py:27; tests/test_ungoro.py:25:test_primalfin_champion; smoke:death_processed_no_active_actions:pass_no_active_actions; delta={""friendly_field"":{""before"":[""UNG_953""],""after"":[]},""friendly_graveyard"":{""before"":[],""after"":[""UNG_953""]}}",可收集；条件增益或隐藏亡语；本体 deathrattle 字段为空并非未实现,yes,XML,yes,pass_no_active_actions
17.6.0.53261,Journey to Un'Goro (UNGORO),UNG_953e,Inspired,受到鼓舞,Deathrattle,YELLOW,implemented,no,存在效果脚本，但该实体需要特定上下文；通用烟测未执行。,fireplace/cards/CardDefs.xml#UNG_953e; fireplace/cards/ungoro/paladin.py:33; smoke:skipped_non_playable_type:skipped,非可收集/衍生或模式实体；XML 原始数据无亡语标记；Python 脚本合并后加入亡语标记,no,XML,no,skipped
17.6.0.53261,Journey to Un'Goro (UNGORO),UNG_956e,Echoed Spirit,回响之魂,Deathrattle,YELLOW,implemented,no,存在效果脚本，但该实体需要特定上下文；通用烟测未执行。,fireplace/cards/CardDefs.xml#UNG_956e; fireplace/cards/ungoro/shaman.py:103; smoke:skipped_non_playable_type:skipped,非可收集/衍生或模式实体；XML 原始数据无亡语标记；Python 脚本合并后加入亡语标记,no,XML,no,skipped
17.6.0.53261,Journey to Un'Goro (UNGORO),UNG_957,Direhorn Hatchling,恐角龙宝宝,Deathrattle,YELLOW,implemented,partial,存在效果脚本；烟测仅验证执行和基础状态，缺少充分逐卡效果断言。,"fireplace/cards/CardDefs.xml#UNG_957; fireplace/cards/ungoro/warrior.py:32; smoke:death_processed:pass; delta={""friendly_field"":{""before"":[""UNG_957""],""after"":[]},""friendly_deck"":{""before"":0,""after"":1},""friendly_graveyard"":{""before"":[],""after"":[""UNG_957""]}}",可收集,yes,XML,yes,pass
17.6.0.53261,Knights of the Frozen Throne (ICECROWN),ICCA11_001,Skeletal Knight,骸骨骑士,Deathrattle,RED,none,partial,带亡语标记，但没有可解析的直接、条件增益或隐藏亡语效果；执行时无亡语动作。,"fireplace/cards/CardDefs.xml#ICCA11_001; Python definition: none; smoke:death_processed_no_active_actions:pass_no_active_actions; delta={""friendly_field"":{""before"":[""ICCA11_001""],""after"":[]},""friendly_graveyard"":{""before"":[],""after"":[""ICCA11_001""]}}",非可收集/衍生或模式实体,no,XML,yes,pass_no_active_actions
17.6.0.53261,Knights of the Frozen Throne (ICECROWN),ICC_019,Skelemancer,骷髅法师,Deathrattle,YELLOW,implemented,partial,存在效果脚本；烟测仅验证执行和基础状态，缺少充分逐卡效果断言。,"fireplace/cards/CardDefs.xml#ICC_019; fireplace/cards/icecrown/neutral_common.py:8; smoke:death_processed:pass; delta={""friendly_field"":{""before"":[""ICC_019""],""after"":[]},""friendly_graveyard"":{""before"":[],""after"":[""ICC_019""]}}",可收集,yes,XML,yes,pass
17.6.0.53261,Knights of the Frozen Throne (ICECROWN),ICC_021,Exploding Bloatbat,自爆肿胀蝠,Deathrattle,YELLOW,implemented,partial,存在效果脚本；烟测仅验证执行和基础状态，缺少充分逐卡效果断言。,"fireplace/cards/CardDefs.xml#ICC_021; fireplace/cards/icecrown/hunter.py:9; smoke:death_processed:pass; delta={""friendly_field"":{""before"":[""ICC_021""],""after"":[]},""friendly_graveyard"":{""before"":[],""after"":[""ICC_021""]}}",可收集,yes,XML,yes,pass
17.6.0.53261,Knights of the Frozen Throne (ICECROWN),ICC_025,Rattling Rascal,骷髅捣蛋鬼,Deathrattle,YELLOW,implemented,partial,存在效果脚本；烟测仅验证执行和基础状态，缺少充分逐卡效果断言。,"fireplace/cards/CardDefs.xml#ICC_025; fireplace/cards/icecrown/neutral_epic.py:8; smoke:death_processed:pass; delta={""friendly_field"":{""before"":[""ICC_025""],""after"":[]},""enemy_field"":{""before"":[],""after"":[""ICC_025t""]},""friendly_graveyard"":{""before"":[],""after"":[""ICC_025""]}}",可收集,yes,XML,yes,pass
17.6.0.53261,Knights of the Frozen Throne (ICECROWN),ICC_027,Bone Drake,白骨幼龙,Deathrattle,YELLOW,implemented,partial,存在效果脚本；烟测仅验证执行和基础状态，缺少充分逐卡效果断言。,"fireplace/cards/CardDefs.xml#ICC_027; fireplace/cards/icecrown/neutral_rare.py:19; smoke:death_processed:pass; delta={""friendly_field"":{""before"":[""ICC_027""],""after"":[]},""friendly_hand"":{""before"":0,""after"":1},""friendly_graveyard"":{""before"":[],""after"":[""ICC_027""]}}",可收集,yes,XML,yes,pass
17.6.0.53261,Knights of the Frozen Throne (ICECROWN),ICC_034,Arrogant Crusader,傲慢的十字军,Deathrattle,YELLOW,implemented,partial,存在效果脚本；烟测仅验证执行和基础状态，缺少充分逐卡效果断言。,"fireplace/cards/CardDefs.xml#ICC_034; fireplace/cards/icecrown/paladin.py:8; smoke:death_processed:pass; delta={""friendly_field"":{""before"":[""ICC_034""],""after"":[]},""friendly_graveyard"":{""before"":[],""after"":[""ICC_034""]}}",可收集,yes,XML,yes,pass
17.6.0.53261,Knights of the Frozen Throne (ICECROWN),ICC_047t,Fatespinner,命运织网蛛,Deathrattle,YELLOW,implemented,partial,已验证隐藏亡语的 +2/+2 分支；另一选项的伤害分支仍未验证。,"fireplace/cards/CardDefs.xml#ICC_047t; fireplace/cards/icecrown/druid.py:27; smoke:death_processed_no_active_actions:pass_no_active_actions; delta={""friendly_field"":{""before"":[""ICC_047t""],""after"":[]},""friendly_graveyard"":{""before"":[],""after"":[""ICC_047t""]}}; prereq:pass;assertions={""fatespinner_played"":true,""secret_deathrattle_index_set"":true,""fatespinner_deathrattle_active"":true,""fatespinner_processed_death"":true,""selected_buff_applied_to_friendly"":true,""selected_buff_applied_to_enemy"":true};observations={""played_card_id"":""ICC_047"",""morphed_card_id"":""ICC_047t"",""secret_deathrattle"":1,""has_deathrattle"":1,""deathrattle_action_count"":1,""friendly_minion_before"":{""atk"":1,""max_health"":1},""enemy_minion_before"":{""atk"":1,""max_healt",非可收集/衍生或模式实体；条件增益或隐藏亡语；本体 deathrattle 字段为空并非未实现；同批死亡结算问题候选，尚未逐卡复现,no,XML,yes,pass_no_active_actions
17.6.0.53261,Knights of the Frozen Throne (ICECROWN),ICC_047t2,Fatespinner,命运织网蛛,Deathrattle,YELLOW,implemented,partial,存在效果脚本；烟测仅验证执行和基础状态，缺少充分逐卡效果断言。,"fireplace/cards/CardDefs.xml#ICC_047t2; fireplace/cards/icecrown/druid.py:34; smoke:death_processed:pass; delta={""friendly_field"":{""before"":[""ICC_047t2""],""after"":[]},""friendly_graveyard"":{""before"":[],""after"":[""ICC_047t2""]}}",非可收集/衍生或模式实体；同批死亡结算问题候选，尚未逐卡复现,no,XML,yes,pass
17.6.0.53261,Knights of the Frozen Throne (ICECROWN),ICC_062,Mountainfire Armor,熔甲卫士,Deathrattle,YELLOW,implemented,partial,存在效果脚本；烟测仅验证执行和基础状态，缺少充分逐卡效果断言。,"fireplace/cards/CardDefs.xml#ICC_062; fireplace/cards/icecrown/warrior.py:8; smoke:death_processed:pass; delta={""friendly_field"":{""before"":[""ICC_062""],""after"":[]},""friendly_graveyard"":{""before"":[],""after"":[""ICC_062""]}}",可收集,yes,XML,yes,pass
17.6.0.53261,Knights of the Frozen Throne (ICECROWN),ICC_064,Blood Razor,血刃剃刀,Deathrattle,YELLOW,implemented,partial,存在效果脚本；烟测仅验证执行和基础状态，缺少充分逐卡效果断言。,"fireplace/cards/CardDefs.xml#ICC_064; fireplace/cards/icecrown/warrior.py:72; smoke:death_processed:pass; delta={""friendly_graveyard"":{""before"":[],""after"":[""ICC_064""]},""friendly_weapon"":{""before"":""ICC_064"",""after"":null}}",可收集,yes,XML,yes,pass
17.6.0.53261,Knights of the Frozen Throne (ICECROWN),ICC_065,Bone Baron,白骨大亨,Deathrattle,YELLOW,implemented,partial,存在效果脚本；烟测仅验证执行和基础状态，缺少充分逐卡效果断言。,"fireplace/cards/CardDefs.xml#ICC_065; fireplace/cards/icecrown/rogue.py:8; smoke:death_processed:pass; delta={""friendly_field"":{""before"":[""ICC_065""],""after"":[]},""friendly_hand"":{""before"":0,""after"":2},""friendly_graveyard"":{""before"":[],""after"":[""ICC_065""]}}",可收集,yes,XML,yes,pass
17.6.0.53261,Knights of the Frozen Throne (ICECROWN),ICC_067,Vryghoul,维库食尸鬼,Deathrattle,YELLOW,implemented,partial,存在效果脚本；烟测仅验证执行和基础状态，缺少充分逐卡效果断言。,"fireplace/cards/CardDefs.xml#ICC_067; fireplace/cards/icecrown/neutral_common.py:47; smoke:death_processed:pass; delta={""friendly_field"":{""before"":[""ICC_067""],""after"":[]},""friendly_graveyard"":{""before"":[],""after"":[""ICC_067""]}}",可收集,yes,XML,yes,pass
17.6.0.53261,Knights of the Frozen Throne (ICECROWN),ICC_099,Ticking Abomination,自爆憎恶,Deathrattle,YELLOW,implemented,partial,存在效果脚本；烟测仅验证执行和基础状态，缺少充分逐卡效果断言。,"fireplace/cards/CardDefs.xml#ICC_099; fireplace/cards/icecrown/neutral_rare.py:25; smoke:death_processed:pass; delta={""friendly_field"":{""before"":[""ICC_099""],""after"":[]},""friendly_graveyard"":{""before"":[],""after"":[""ICC_099""]}}",可收集,yes,XML,yes,pass
17.6.0.53261,Knights of the Frozen Throne (ICECROWN),ICC_214,Obsidian Statue,黑曜石雕像,Deathrattle,YELLOW,implemented,partial,存在效果脚本；烟测仅验证执行和基础状态，缺少充分逐卡效果断言。,"fireplace/cards/CardDefs.xml#ICC_214; fireplace/cards/icecrown/priest.py:17; smoke:death_processed:pass; delta={""friendly_field"":{""before"":[""ICC_214""],""after"":[]},""friendly_graveyard"":{""before"":[],""after"":[""ICC_214""]}}",可收集,yes,XML,yes,pass
17.6.0.53261,Knights of the Frozen Throne (ICECROWN),ICC_244e,Redeemed,救赎,Deathrattle,YELLOW,implemented,no,存在效果脚本，但该实体需要特定上下文；通用烟测未执行。,fireplace/cards/CardDefs.xml#ICC_244e; fireplace/cards/icecrown/paladin.py:64; smoke:skipped_non_playable_type:skipped,非可收集/衍生或模式实体；XML 原始数据无亡语标记；Python 脚本合并后加入亡语标记,no,XML,no,skipped
17.6.0.53261,Knights of the Frozen Throne (ICECROWN),ICC_257e,Ready to Return,借尸还魂,Deathrattle,YELLOW,implemented,no,存在效果脚本，但该实体需要特定上下文；通用烟测未执行。,fireplace/cards/CardDefs.xml#ICC_257e; fireplace/cards/icecrown/neutral_rare.py:42; smoke:skipped_non_playable_type:skipped,非可收集/衍生或模式实体；XML 原始数据无亡语标记；Python 脚本合并后加入亡语标记,no,XML,no,skipped
17.6.0.53261,Knights of the Frozen Throne (ICECROWN),ICC_314t1,Frostmourne,霜之哀伤,Deathrattle,GREEN,implemented,yes,现有行为断言验证核心亡语结果；本轮测试通过，且实际死亡结算已核对。,"fireplace/cards/CardDefs.xml#ICC_314t1; fireplace/cards/icecrown/neutral_legendary.py:15; tests/test_icecrown.py:182:test_frostmourne; smoke:death_processed_no_active_actions:pass_no_active_actions; delta={""friendly_graveyard"":{""before"":[],""after"":[""ICC_314t1""]},""friendly_weapon"":{""before"":""ICC_314t1"",""after"":null}}; repro:normal play, Frostmourne kills 3 enemy CS2_231; assert friendly field has 3 copied CS2_231 in Zone.PLAY passed; prereq:pass;assertions={""weapon_killed_enemy_minion"":true,""weapon_captured_kill"":true,""weapon_processed_death"":true,""killed_minion_resummoned"":true};observations={""weapon_zone_after_attack"":""Zone.PLAY"",""weapon_durability_after_attack"":2,""weapon_has_deathrattle"":1,""deathrattle_action_count"":1,""enemy_minion_zone_after_attack"":""Zone.GRAVEYARD"",""weapon_buffs"":[""ICC_314t1e""],""weapon_z",非可收集/衍生或模式实体；条件增益或隐藏亡语；本体 deathrattle 字段为空并非未实现,no,XML,yes,pass_no_active_actions
17.6.0.53261,Knights of the Frozen Throne (ICECROWN),ICC_314t1e,Trapped Soul,被禁锢的幽魂,Deathrattle,YELLOW,implemented,no,存在效果脚本，但该实体需要特定上下文；通用烟测未执行。,fireplace/cards/CardDefs.xml#ICC_314t1e; fireplace/cards/icecrown/neutral_legendary.py:23; smoke:skipped_non_playable_type:skipped,非可收集/衍生或模式实体；XML 原始数据无亡语标记；Python 脚本合并后加入亡语标记,no,XML,no,skipped
17.6.0.53261,Knights of the Frozen Throne (ICECROWN),ICC_702,Shallow Gravedigger,孱弱的掘墓者,Deathrattle,YELLOW,implemented,partial,存在效果脚本；烟测仅验证执行和基础状态，缺少充分逐卡效果断言。,"fireplace/cards/CardDefs.xml#ICC_702; fireplace/cards/icecrown/neutral_rare.py:71; smoke:death_processed:pass; delta={""friendly_field"":{""before"":[""ICC_702""],""after"":[]},""friendly_hand"":{""before"":0,""after"":1},""friendly_graveyard"":{""before"":[],""after"":[""ICC_702""]}}",可收集,yes,XML,yes,pass
17.6.0.53261,Knights of the Frozen Throne (ICECROWN),ICC_812,Meat Wagon,绞肉车,Deathrattle,YELLOW,implemented,partial,存在效果脚本；烟测仅验证执行和基础状态，缺少充分逐卡效果断言。,"fireplace/cards/CardDefs.xml#ICC_812; fireplace/cards/icecrown/neutral_epic.py:55; smoke:death_processed:pass; delta={""friendly_field"":{""before"":[""ICC_812""],""after"":[]},""friendly_graveyard"":{""before"":[],""after"":[""ICC_812""]}}",可收集,yes,XML,yes,pass
17.6.0.53261,Knights of the Frozen Throne (ICECROWN),ICC_825,Abominable Bowman,憎恶弓箭手,Deathrattle,YELLOW,implemented,partial,存在效果脚本；烟测仅验证执行和基础状态，缺少充分逐卡效果断言。,"fireplace/cards/CardDefs.xml#ICC_825; fireplace/cards/icecrown/hunter.py:42; smoke:death_processed:pass; delta={""friendly_field"":{""before"":[""ICC_825""],""after"":[]},""friendly_graveyard"":{""before"":[],""after"":[""ICC_825""]}}",可收集,yes,XML,yes,pass
17.6.0.53261,Knights of the Frozen Throne (ICECROWN),ICC_835,Hadronox,哈多诺克斯,Deathrattle,YELLOW,implemented,partial,存在效果脚本；烟测仅验证执行和基础状态，缺少充分逐卡效果断言。,"fireplace/cards/CardDefs.xml#ICC_835; fireplace/cards/icecrown/druid.py:71; smoke:death_processed:pass; delta={""friendly_field"":{""before"":[""ICC_835""],""after"":[]},""friendly_graveyard"":{""before"":[],""after"":[""ICC_835""]}}",可收集,yes,XML,yes,pass
17.6.0.53261,Knights of the Frozen Throne (ICECROWN),ICC_838t,Frozen Champion,被冰封的勇士,Deathrattle,YELLOW,implemented,partial,存在效果脚本；烟测仅验证执行和基础状态，缺少充分逐卡效果断言。,"fireplace/cards/CardDefs.xml#ICC_838t; fireplace/cards/icecrown/mage.py:42; smoke:death_processed:pass; delta={""friendly_field"":{""before"":[""ICC_838t""],""after"":[]},""friendly_hand"":{""before"":0,""after"":1},""friendly_graveyard"":{""before"":[],""after"":[""ICC_838t""]}}",非可收集/衍生或模式实体,no,XML,yes,pass
17.6.0.53261,Knights of the Frozen Throne (ICECROWN),ICC_854,Arfus,阿尔福斯,Deathrattle,YELLOW,implemented,partial,存在效果脚本；烟测仅验证执行和基础状态，缺少充分逐卡效果断言。,"fireplace/cards/CardDefs.xml#ICC_854; fireplace/cards/icecrown/neutral_legendary.py:120; smoke:death_processed:pass; delta={""friendly_field"":{""before"":[""ICC_854""],""after"":[]},""friendly_hand"":{""before"":0,""after"":1},""friendly_graveyard"":{""before"":[],""after"":[""ICC_854""]}}",可收集,yes,XML,yes,pass
17.6.0.53261,Kobolds & Catacombs (LOOTAPALOOZA),LOOTA_103,Sunken Chest,沉没的箱子,Deathrattle,RED,none,partial,带亡语标记，但没有可解析的直接、条件增益或隐藏亡语效果；执行时无亡语动作。,"fireplace/cards/CardDefs.xml#LOOTA_103; Python definition: none; smoke:death_processed_no_active_actions:pass_no_active_actions; delta={""friendly_field"":{""before"":[""LOOTA_103""],""after"":[]},""friendly_graveyard"":{""before"":[],""after"":[""LOOTA_103""]}}",非可收集/衍生或模式实体,no,XML,yes,pass_no_active_actions
17.6.0.53261,Kobolds & Catacombs (LOOTAPALOOZA),LOOTA_840,Wax Rager,蜡油暴怒者,Deathrattle,RED,none,partial,带亡语标记，但没有可解析的直接、条件增益或隐藏亡语效果；执行时无亡语动作。,"fireplace/cards/CardDefs.xml#LOOTA_840; Python definition: none; smoke:death_processed_no_active_actions:pass_no_active_actions; delta={""friendly_field"":{""before"":[""LOOTA_840""],""after"":[]},""friendly_graveyard"":{""before"":[],""after"":[""LOOTA_840""]}}",非可收集/衍生或模式实体,no,XML,yes,pass_no_active_actions
17.6.0.53261,Kobolds & Catacombs (LOOTAPALOOZA),LOOTA_BOSS_20t,Stone Golem,石头魔像,Deathrattle,RED,none,partial,带亡语标记，但没有可解析的直接、条件增益或隐藏亡语效果；执行时无亡语动作。,"fireplace/cards/CardDefs.xml#LOOTA_BOSS_20t; Python definition: none; smoke:death_processed_no_active_actions:pass_no_active_actions; delta={""friendly_field"":{""before"":[""LOOTA_BOSS_20t""],""after"":[]},""friendly_graveyard"":{""before"":[],""after"":[""LOOTA_BOSS_20t""]}}",非可收集/衍生或模式实体,no,XML,yes,pass_no_active_actions
17.6.0.53261,Kobolds & Catacombs (LOOTAPALOOZA),LOOTA_BOSS_52t,Treasure Coffer,藏宝箱,Deathrattle,RED,none,partial,带亡语标记，但没有可解析的直接、条件增益或隐藏亡语效果；执行时无亡语动作。,"fireplace/cards/CardDefs.xml#LOOTA_BOSS_52t; Python definition: none; smoke:death_processed_no_active_actions:pass_no_active_actions; delta={""friendly_field"":{""before"":[""LOOTA_BOSS_52t""],""after"":[]},""friendly_graveyard"":{""before"":[],""after"":[""LOOTA_BOSS_52t""]}}",非可收集/衍生或模式实体,no,XML,yes,pass_no_active_actions
17.6.0.53261,Kobolds & Catacombs (LOOTAPALOOZA),LOOT_056,Astral Tiger,星界猛虎,Deathrattle,YELLOW,implemented,partial,存在效果脚本；烟测仅验证执行和基础状态，缺少充分逐卡效果断言。,"fireplace/cards/CardDefs.xml#LOOT_056; fireplace/cards/kobolds/druid.py:15; smoke:death_processed:pass; delta={""friendly_field"":{""before"":[""LOOT_056""],""after"":[]},""friendly_deck"":{""before"":0,""after"":1},""friendly_graveyard"":{""before"":[],""after"":[""LOOT_056""]}}",可收集,yes,XML,yes,pass
17.6.0.53261,Kobolds & Catacombs (LOOTAPALOOZA),LOOT_144,Hoarding Dragon,藏宝巨龙,Deathrattle,YELLOW,implemented,partial,存在效果脚本；烟测仅验证执行和基础状态，缺少充分逐卡效果断言。,"fireplace/cards/CardDefs.xml#LOOT_144; fireplace/cards/kobolds/neutral_common.py:64; smoke:death_processed:pass; delta={""friendly_field"":{""before"":[""LOOT_144""],""after"":[]},""enemy_hand"":{""before"":1,""after"":3},""friendly_graveyard"":{""before"":[],""after"":[""LOOT_144""]}}",可收集,yes,XML,yes,pass
17.6.0.53261,Kobolds & Catacombs (LOOTAPALOOZA),LOOT_153,Violet Wurm,紫色岩虫,Deathrattle,YELLOW,implemented,partial,存在效果脚本；烟测仅验证执行和基础状态，缺少充分逐卡效果断言。,"fireplace/cards/CardDefs.xml#LOOT_153; fireplace/cards/kobolds/neutral_common.py:81; smoke:death_processed:pass; delta={""friendly_field"":{""before"":[""LOOT_153""],""after"":[""LOOT_153t1"",""LOOT_153t1"",""LOOT_153t1"",""LOOT_153t1"",""LOOT_153t1"",""LOOT_153t1"",""LOOT_153t1""]},""friendly_graveyard"":{""before"":[],""after"":[""LOOT_153""]}}",可收集,yes,XML,yes,pass
17.6.0.53261,Kobolds & Catacombs (LOOTAPALOOZA),LOOT_161,Carnivorous Cube,食肉魔块,Deathrattle,YELLOW,implemented,partial,存在效果脚本；烟测仅验证执行和基础状态，缺少充分逐卡效果断言。,"fireplace/cards/CardDefs.xml#LOOT_161; fireplace/cards/kobolds/neutral_epic.py:40; smoke:death_processed:pass; delta={""friendly_field"":{""before"":[""LOOT_161""],""after"":[]},""friendly_graveyard"":{""before"":[],""after"":[""LOOT_161""]}}",可收集,yes,XML,yes,pass
17.6.0.53261,Kobolds & Catacombs (LOOTAPALOOZA),LOOT_184,Silver Vanguard,白银先锋,Deathrattle,YELLOW,implemented,partial,存在效果脚本；烟测仅验证执行和基础状态，缺少充分逐卡效果断言。,"fireplace/cards/CardDefs.xml#LOOT_184; fireplace/cards/kobolds/neutral_common.py:98; smoke:death_processed:pass; delta={""friendly_field"":{""before"":[""LOOT_184""],""after"":[]},""friendly_graveyard"":{""before"":[],""after"":[""LOOT_184""]}}",可收集,yes,XML,yes,pass
17.6.0.53261,Kobolds & Catacombs (LOOTAPALOOZA),LOOT_233,Cursed Disciple,被诅咒的门徒,Deathrattle,YELLOW,implemented,partial,存在效果脚本；烟测仅验证执行和基础状态，缺少充分逐卡效果断言。,"fireplace/cards/CardDefs.xml#LOOT_233; fireplace/cards/kobolds/neutral_common.py:105; smoke:death_processed:pass; delta={""friendly_field"":{""before"":[""LOOT_233""],""after"":[""LOOT_233t""]},""friendly_graveyard"":{""before"":[],""after"":[""LOOT_233""]}}",可收集,yes,XML,yes,pass
17.6.0.53261,Kobolds & Catacombs (LOOTAPALOOZA),LOOT_278t4e,Hopeful,希望之声,Deathrattle,YELLOW,implemented,no,存在效果脚本，但该实体需要特定上下文；通用烟测未执行。,fireplace/cards/CardDefs.xml#LOOT_278t4e; fireplace/cards/kobolds/priest.py:172; smoke:skipped_non_playable_type:skipped,非可收集/衍生或模式实体；XML 原始数据无亡语标记；Python 脚本合并后加入亡语标记,no,XML,no,skipped
17.6.0.53261,Kobolds & Catacombs (LOOTAPALOOZA),LOOT_306,Possessed Lackey,着魔男仆,Deathrattle,YELLOW,implemented,partial,存在效果脚本；烟测仅验证执行和基础状态，缺少充分逐卡效果断言。,"fireplace/cards/CardDefs.xml#LOOT_306; fireplace/cards/kobolds/warlock.py:32; smoke:death_processed:pass; delta={""friendly_field"":{""before"":[""LOOT_306""],""after"":[]},""friendly_graveyard"":{""before"":[],""after"":[""LOOT_306""]}}",可收集,yes,XML,yes,pass
17.6.0.53261,Kobolds & Catacombs (LOOTAPALOOZA),LOOT_314,Grizzled Guardian,灰熊守护者,Deathrattle,YELLOW,implemented,partial,存在效果脚本；烟测仅验证执行和基础状态，缺少充分逐卡效果断言。,"fireplace/cards/CardDefs.xml#LOOT_314; fireplace/cards/kobolds/druid.py:22; smoke:death_processed:pass; delta={""friendly_field"":{""before"":[""LOOT_314""],""after"":[]},""friendly_graveyard"":{""before"":[],""after"":[""LOOT_314""]}}",可收集,yes,XML,yes,pass
17.6.0.53261,Kobolds & Catacombs (LOOTAPALOOZA),LOOT_344e,Primal Talisman,原始护身符,Deathrattle,YELLOW,implemented,no,存在效果脚本，但该实体需要特定上下文；通用烟测未执行。,fireplace/cards/CardDefs.xml#LOOT_344e; fireplace/cards/kobolds/shaman.py:118; smoke:skipped_non_playable_type:skipped,非可收集/衍生或模式实体；XML 原始数据无亡语标记；Python 脚本合并后加入亡语标记,no,XML,no,skipped
17.6.0.53261,Kobolds & Catacombs (LOOTAPALOOZA),LOOT_351,Greedy Sprite,贪婪的林精,Deathrattle,YELLOW,implemented,partial,存在效果脚本；烟测仅验证执行和基础状态，缺少充分逐卡效果断言。,"fireplace/cards/CardDefs.xml#LOOT_351; fireplace/cards/kobolds/druid.py:36; smoke:death_processed:pass; delta={""friendly_field"":{""before"":[""LOOT_351""],""after"":[]},""friendly_graveyard"":{""before"":[],""after"":[""LOOT_351""]}}",可收集,yes,XML,yes,pass
17.6.0.53261,Kobolds & Catacombs (LOOTAPALOOZA),LOOT_357l,Master Chest,大师宝箱,Deathrattle,YELLOW,implemented,partial,存在效果脚本；烟测仅验证执行和基础状态，缺少充分逐卡效果断言。,"fireplace/cards/CardDefs.xml#LOOT_357l; fireplace/cards/kobolds/neutral_legendary.py:16; smoke:death_processed:pass; delta={""friendly_field"":{""before"":[""LOOT_357l""],""after"":[]},""enemy_hand"":{""before"":1,""after"":2},""friendly_graveyard"":{""before"":[],""after"":[""LOOT_357l""]}}",非可收集/衍生或模式实体,no,XML,yes,pass
17.6.0.53261,Kobolds & Catacombs (LOOTAPALOOZA),LOOT_363,Drygulch Jailor,旱谷狱卒,Deathrattle,YELLOW,implemented,partial,存在效果脚本；烟测仅验证执行和基础状态，缺少充分逐卡效果断言。,"fireplace/cards/CardDefs.xml#LOOT_363; fireplace/cards/kobolds/paladin.py:22; smoke:death_processed:pass; delta={""friendly_field"":{""before"":[""LOOT_363""],""after"":[]},""friendly_hand"":{""before"":0,""after"":3},""friendly_graveyard"":{""before"":[],""after"":[""LOOT_363""]}}",可收集,yes,XML,yes,pass
17.6.0.53261,Kobolds & Catacombs (LOOTAPALOOZA),LOOT_368,Voidlord,虚空领主,Deathrattle,YELLOW,implemented,partial,存在效果脚本；烟测仅验证执行和基础状态，缺少充分逐卡效果断言。,"fireplace/cards/CardDefs.xml#LOOT_368; fireplace/cards/kobolds/warlock.py:39; smoke:death_processed:pass; delta={""friendly_field"":{""before"":[""LOOT_368""],""after"":[""CS2_065"",""CS2_065"",""CS2_065""]},""friendly_graveyard"":{""before"":[],""after"":[""LOOT_368""]}}",可收集,yes,XML,yes,pass
17.6.0.53261,Kobolds & Catacombs (LOOTAPALOOZA),LOOT_392,Twig of the World Tree,世界之树的嫩枝,Deathrattle,YELLOW,implemented,partial,存在效果脚本；烟测仅验证执行和基础状态，缺少充分逐卡效果断言。,"fireplace/cards/CardDefs.xml#LOOT_392; fireplace/cards/kobolds/druid.py:155; smoke:death_processed:pass; delta={""friendly_graveyard"":{""before"":[],""after"":[""LOOT_392""]},""friendly_weapon"":{""before"":""LOOT_392"",""after"":null}}",可收集,yes,XML,yes,pass
17.6.0.53261,Kobolds & Catacombs (LOOTAPALOOZA),LOOT_412,Kobold Illusionist,狗头人幻术师,Deathrattle,YELLOW,implemented,partial,存在效果脚本；烟测仅验证执行和基础状态，缺少充分逐卡效果断言。,"fireplace/cards/CardDefs.xml#LOOT_412; fireplace/cards/kobolds/rogue.py:56; smoke:death_processed:pass; delta={""friendly_field"":{""before"":[""LOOT_412""],""after"":[]},""friendly_graveyard"":{""before"":[],""after"":[""LOOT_412""]}}",可收集,yes,XML,yes,pass
17.6.0.53261,Kobolds & Catacombs (LOOTAPALOOZA),LOOT_413,Plated Beetle,硬壳甲虫,Deathrattle,YELLOW,implemented,partial,存在效果脚本；烟测仅验证执行和基础状态，缺少充分逐卡效果断言。,"fireplace/cards/CardDefs.xml#LOOT_413; fireplace/cards/kobolds/neutral_common.py:143; smoke:death_processed:pass; delta={""friendly_field"":{""before"":[""LOOT_413""],""after"":[]},""friendly_graveyard"":{""before"":[],""after"":[""LOOT_413""]},""friendly_hero"":{""before"":{""health"":30,""armor"":0},""after"":{""health"":30,""armor"":3}}}",可收集,yes,XML,yes,pass
17.6.0.53261,Kobolds & Catacombs (LOOTAPALOOZA),LOOT_415,"Rin, the First Disciple",首席门徒林恩,Deathrattle,YELLOW,implemented,partial,存在效果脚本；烟测仅验证执行和基础状态，缺少充分逐卡效果断言。,"fireplace/cards/CardDefs.xml#LOOT_415; fireplace/cards/kobolds/warlock.py:46; smoke:death_processed:pass; delta={""friendly_field"":{""before"":[""LOOT_415""],""after"":[]},""friendly_hand"":{""before"":0,""after"":1},""friendly_graveyard"":{""before"":[],""after"":[""LOOT_415""]}}",可收集,yes,XML,yes,pass
17.6.0.53261,Kobolds & Catacombs (LOOTAPALOOZA),LOOT_500,Val'anyr,瓦兰奈尔,Deathrattle,YELLOW,implemented,partial,存在效果脚本；烟测仅验证执行和基础状态，缺少充分逐卡效果断言。,"fireplace/cards/CardDefs.xml#LOOT_500; fireplace/cards/kobolds/paladin.py:154; smoke:death_processed:pass; delta={""friendly_graveyard"":{""before"":[],""after"":[""LOOT_500""]},""friendly_weapon"":{""before"":""LOOT_500"",""after"":null}}",可收集,yes,XML,yes,pass
17.6.0.53261,Kobolds & Catacombs (LOOTAPALOOZA),LOOT_500e,Wielding Val'anyr,装备瓦兰奈尔,Deathrattle,YELLOW,implemented,no,存在效果脚本，但该实体需要特定上下文；通用烟测未执行。,fireplace/cards/CardDefs.xml#LOOT_500e; fireplace/cards/kobolds/paladin.py:161; smoke:skipped_non_playable_type:skipped,非可收集/衍生或模式实体；XML 原始数据无亡语标记；Python 脚本合并后加入亡语标记,no,XML,no,skipped
17.6.0.53261,Kobolds & Catacombs (LOOTAPALOOZA),LOOT_511,Kathrena Winterwisp,卡瑟娜·冬灵,Deathrattle,YELLOW,implemented,partial,存在效果脚本；烟测仅验证执行和基础状态，缺少充分逐卡效果断言。,"fireplace/cards/CardDefs.xml#LOOT_511; fireplace/cards/kobolds/hunter.py:15; smoke:death_processed:pass; delta={""friendly_field"":{""before"":[""LOOT_511""],""after"":[]},""friendly_graveyard"":{""before"":[],""after"":[""LOOT_511""]}}",可收集,yes,XML,yes,pass
17.6.0.53261,Kobolds & Catacombs (LOOTAPALOOZA),LOOT_534,Gilded Gargoyle,镀金的石像鬼,Deathrattle,YELLOW,implemented,partial,存在效果脚本；烟测仅验证执行和基础状态，缺少充分逐卡效果断言。,"fireplace/cards/CardDefs.xml#LOOT_534; fireplace/cards/kobolds/priest.py:35; smoke:death_processed:pass; delta={""friendly_field"":{""before"":[""LOOT_534""],""after"":[]},""friendly_hand"":{""before"":0,""after"":1},""friendly_graveyard"":{""before"":[],""after"":[""LOOT_534""]}}",可收集,yes,XML,yes,pass
17.6.0.53261,Kobolds & Catacombs (LOOTAPALOOZA),LOOT_542,Kingsbane,弑君,Deathrattle,YELLOW,implemented,partial,亡语把本体移往其他区域，墓地断言不适用；仍需充分逐卡效果验证。,"fireplace/cards/CardDefs.xml#LOOT_542; fireplace/cards/kobolds/rogue.py:154; smoke:death_processed_source_moved:pass_source_moved; delta={""friendly_deck"":{""before"":0,""after"":1},""friendly_weapon"":{""before"":""LOOT_542"",""after"":null}}",可收集；本体移至 Zone.DECK,yes,XML,yes,pass_source_moved
17.6.0.53261,The Witchwood (GILNEAS),GILA_BOSS_24t,Bloated Zombie,浮肿僵尸,Deathrattle,RED,none,partial,带亡语标记，但没有可解析的直接、条件增益或隐藏亡语效果；执行时无亡语动作。,"fireplace/cards/CardDefs.xml#GILA_BOSS_24t; Python definition: none; smoke:death_processed_no_active_actions:pass_no_active_actions; delta={""friendly_field"":{""before"":[""GILA_BOSS_24t""],""after"":[]},""friendly_graveyard"":{""before"":[],""after"":[""GILA_BOSS_24t""]}}",非可收集/衍生或模式实体,no,XML,yes,pass_no_active_actions
17.6.0.53261,The Witchwood (GILNEAS),GILA_BOSS_26t,Stuffed Sack,塞满的袋子,Deathrattle,RED,none,partial,带亡语标记，但没有可解析的直接、条件增益或隐藏亡语效果；执行时无亡语动作。,"fireplace/cards/CardDefs.xml#GILA_BOSS_26t; Python definition: none; smoke:death_processed_no_active_actions:pass_no_active_actions; delta={""friendly_field"":{""before"":[""GILA_BOSS_26t""],""after"":[]},""friendly_graveyard"":{""before"":[],""after"":[""GILA_BOSS_26t""]}}",非可收集/衍生或模式实体,no,XML,yes,pass_no_active_actions
17.6.0.53261,The Witchwood (GILNEAS),GILA_BOSS_49t,Crowskin Faithful,鸦羽信徒,Deathrattle,RED,none,partial,带亡语标记，但没有可解析的直接、条件增益或隐藏亡语效果；执行时无亡语动作。,"fireplace/cards/CardDefs.xml#GILA_BOSS_49t; Python definition: none; smoke:death_processed_no_active_actions:pass_no_active_actions; delta={""friendly_field"":{""before"":[""GILA_BOSS_49t""],""after"":[]},""friendly_graveyard"":{""before"":[],""after"":[""GILA_BOSS_49t""]}}",非可收集/衍生或模式实体,no,XML,yes,pass_no_active_actions
17.6.0.53261,The Witchwood (GILNEAS),GIL_118,Deranged Doctor,癫狂的医生,Deathrattle,YELLOW,implemented,partial,存在效果脚本；烟测仅验证执行和基础状态，缺少充分逐卡效果断言。,"fireplace/cards/CardDefs.xml#GIL_118; fireplace/cards/witchwood/neutral_common.py:8; smoke:death_processed:pass; delta={""friendly_field"":{""before"":[""GIL_118""],""after"":[]},""friendly_graveyard"":{""before"":[],""after"":[""GIL_118""]}}",可收集,yes,XML,yes,pass
17.6.0.53261,The Witchwood (GILNEAS),GIL_513,Lost Spirit,迷失的幽魂,Deathrattle,YELLOW,implemented,partial,存在效果脚本；烟测仅验证执行和基础状态，缺少充分逐卡效果断言。,"fireplace/cards/CardDefs.xml#GIL_513; fireplace/cards/witchwood/neutral_common.py:55; smoke:death_processed:pass; delta={""friendly_field"":{""before"":[""GIL_513""],""after"":[]},""friendly_graveyard"":{""before"":[],""after"":[""GIL_513""]}}",可收集；同批死亡结算问题候选，尚未逐卡复现,yes,XML,yes,pass
17.6.0.53261,The Witchwood (GILNEAS),GIL_557,Cursed Castaway,被诅咒的海盗,Deathrattle,YELLOW,implemented,partial,存在效果脚本；烟测仅验证执行和基础状态，缺少充分逐卡效果断言。,"fireplace/cards/CardDefs.xml#GIL_557; fireplace/cards/witchwood/rogue.py:18; smoke:death_processed:pass; delta={""friendly_field"":{""before"":[""GIL_557""],""after"":[]},""friendly_graveyard"":{""before"":[],""after"":[""GIL_557""]}}",可收集,yes,XML,yes,pass
17.6.0.53261,The Witchwood (GILNEAS),GIL_608,Witchwood Imp,女巫森林小鬼,Deathrattle,RED,partial,yes,已复现同批致死单位被该卡亡语增益错误救回；死亡结算顺序产生错误场面。,"fireplace/cards/CardDefs.xml#GIL_608; fireplace/cards/witchwood/warlock.py:40; smoke:death_processed:pass; delta={""friendly_field"":{""before"":[""GIL_608""],""after"":[]},""friendly_graveyard"":{""before"":[],""after"":[""GIL_608""]}}; repro:GIL_608(2HP)+CS2_182(2HP)+GVG_076=>CS2_182 PLAY 2HP; sheep and source in graveyard",可收集；死亡结算机制问题已复现,yes,XML,yes,pass
17.6.0.53261,The Witchwood (GILNEAS),GIL_614,Voodoo Doll,巫毒娃娃,Deathrattle,YELLOW,implemented,partial,存在效果脚本；烟测仅验证执行和基础状态，缺少充分逐卡效果断言。,"fireplace/cards/CardDefs.xml#GIL_614; fireplace/cards/witchwood/neutral_epic.py:29; tests/test_carddb.py:41:test_battlecry_scripts; smoke:death_processed:pass; delta={""friendly_field"":{""before"":[""GIL_614""],""after"":[]},""friendly_graveyard"":{""before"":[],""after"":[""GIL_614""]}}",可收集,yes,XML,yes,pass
17.6.0.53261,The Witchwood (GILNEAS),GIL_616,Splitting Festeroot,分裂腐树,Deathrattle,YELLOW,implemented,partial,存在效果脚本；烟测仅验证执行和基础状态，缺少充分逐卡效果断言。,"fireplace/cards/CardDefs.xml#GIL_616; fireplace/cards/witchwood/neutral_epic.py:40; smoke:death_processed:pass; delta={""friendly_field"":{""before"":[""GIL_616""],""after"":[""GIL_616t"",""GIL_616t""]},""friendly_graveyard"":{""before"":[],""after"":[""GIL_616""]}}",可收集,yes,XML,yes,pass
17.6.0.53261,The Witchwood (GILNEAS),GIL_616t,Splitting Sapling,分裂树苗,Deathrattle,YELLOW,implemented,partial,存在效果脚本；烟测仅验证执行和基础状态，缺少充分逐卡效果断言。,"fireplace/cards/CardDefs.xml#GIL_616t; fireplace/cards/witchwood/neutral_epic.py:47; smoke:death_processed:pass; delta={""friendly_field"":{""before"":[""GIL_616t""],""after"":[""GIL_616t2"",""GIL_616t2""]},""friendly_graveyard"":{""before"":[],""after"":[""GIL_616t""]}}",非可收集/衍生或模式实体,no,XML,yes,pass
17.6.0.53261,The Witchwood (GILNEAS),GIL_634,Bellringer Sentry,警钟哨卫,Deathrattle,YELLOW,implemented,partial,存在效果脚本；烟测仅验证执行和基础状态，缺少充分逐卡效果断言。,"fireplace/cards/CardDefs.xml#GIL_634; fireplace/cards/witchwood/paladin.py:8; smoke:death_processed:pass; delta={""friendly_field"":{""before"":[""GIL_634""],""after"":[]},""friendly_graveyard"":{""before"":[],""after"":[""GIL_634""]}}",可收集,yes,XML,yes,pass
17.6.0.53261,The Witchwood (GILNEAS),GIL_653,Woodcutter's Axe,樵夫之斧,Deathrattle,YELLOW,implemented,partial,存在效果脚本；烟测仅验证执行和基础状态，缺少充分逐卡效果断言。,"fireplace/cards/CardDefs.xml#GIL_653; fireplace/cards/witchwood/warrior.py:91; smoke:death_processed:pass; delta={""friendly_graveyard"":{""before"":[],""after"":[""GIL_653""]},""friendly_weapon"":{""before"":""GIL_653"",""after"":null}}",可收集,yes,XML,yes,pass
17.6.0.53261,The Witchwood (GILNEAS),GIL_667,Rotten Applebaum,腐烂的苹果树,Deathrattle,YELLOW,implemented,partial,存在效果脚本；烟测仅验证执行和基础状态，缺少充分逐卡效果断言。,"fireplace/cards/CardDefs.xml#GIL_667; fireplace/cards/witchwood/neutral_common.py:137; smoke:death_processed:pass; delta={""friendly_field"":{""before"":[""GIL_667""],""after"":[]},""friendly_graveyard"":{""before"":[],""after"":[""GIL_667""]}}",可收集,yes,XML,yes,pass
17.6.0.53261,The Witchwood (GILNEAS),GIL_805,Coffin Crasher,破棺者,Deathrattle,YELLOW,implemented,partial,存在效果脚本；烟测仅验证执行和基础状态，缺少充分逐卡效果断言。,"fireplace/cards/CardDefs.xml#GIL_805; fireplace/cards/witchwood/priest.py:51; smoke:death_processed:pass; delta={""friendly_field"":{""before"":[""GIL_805""],""after"":[]},""friendly_graveyard"":{""before"":[],""after"":[""GIL_805""]}}",可收集,yes,XML,yes,pass
17.6.0.53261,The Witchwood (GILNEAS),GIL_816,Swamp Dragon Egg,沼泽龙蛋,Deathrattle,YELLOW,implemented,partial,存在效果脚本；烟测仅验证执行和基础状态，缺少充分逐卡效果断言。,"fireplace/cards/CardDefs.xml#GIL_816; fireplace/cards/witchwood/neutral_common.py:151; smoke:death_processed:pass; delta={""friendly_field"":{""before"":[""GIL_816""],""after"":[]},""friendly_hand"":{""before"":0,""after"":1},""friendly_graveyard"":{""before"":[],""after"":[""GIL_816""]}}",可收集,yes,XML,yes,pass
17.6.0.53261,The Boomsday Project (BOOMSDAY),BOTA_101,Spud M.E.,绝命炸药,Deathrattle,RED,none,partial,带亡语标记，但没有可解析的直接、条件增益或隐藏亡语效果；执行时无亡语动作。,"fireplace/cards/CardDefs.xml#BOTA_101; Python definition: none; smoke:death_processed_no_active_actions:pass_no_active_actions; delta={""friendly_field"":{""before"":[""BOTA_101""],""after"":[]},""friendly_graveyard"":{""before"":[],""after"":[""BOTA_101""]}}",非可收集/衍生或模式实体,no,XML,yes,pass_no_active_actions
17.6.0.53261,The Boomsday Project (BOOMSDAY),BOTA_214,Turret Sentinel,炮台哨兵,Deathrattle,RED,none,partial,带亡语标记，但没有可解析的直接、条件增益或隐藏亡语效果；执行时无亡语动作。,"fireplace/cards/CardDefs.xml#BOTA_214; Python definition: none; smoke:death_processed_no_active_actions:pass_no_active_actions; delta={""friendly_field"":{""before"":[""BOTA_214""],""after"":[]},""friendly_graveyard"":{""before"":[],""after"":[""BOTA_214""]}}",非可收集/衍生或模式实体,no,XML,yes,pass_no_active_actions
17.6.0.53261,The Boomsday Project (BOOMSDAY),BOTA_229,Boom-in-a-Box,砰砰箱,Deathrattle,RED,none,partial,带亡语标记，但没有可解析的直接、条件增益或隐藏亡语效果；执行时无亡语动作。,"fireplace/cards/CardDefs.xml#BOTA_229; Python definition: none; smoke:death_processed_no_active_actions:pass_no_active_actions; delta={""friendly_field"":{""before"":[""BOTA_229""],""after"":[]},""friendly_graveyard"":{""before"":[],""after"":[""BOTA_229""]}}",非可收集/衍生或模式实体,no,XML,yes,pass_no_active_actions
17.6.0.53261,The Boomsday Project (BOOMSDAY),BOTA_231,Incubator,孵化器,Deathrattle,RED,none,partial,带亡语标记，但没有可解析的直接、条件增益或隐藏亡语效果；执行时无亡语动作。,"fireplace/cards/CardDefs.xml#BOTA_231; Python definition: none; smoke:death_processed_no_active_actions:pass_no_active_actions; delta={""friendly_field"":{""before"":[""BOTA_231""],""after"":[]},""friendly_graveyard"":{""before"":[],""after"":[""BOTA_231""]}}",非可收集/衍生或模式实体,no,XML,yes,pass_no_active_actions
17.6.0.53261,The Boomsday Project (BOOMSDAY),BOTA_603,Soul Repressor,灵魂抑制器,Deathrattle,RED,none,partial,带亡语标记，但没有可解析的直接、条件增益或隐藏亡语效果；执行时无亡语动作。,"fireplace/cards/CardDefs.xml#BOTA_603; Python definition: none; smoke:death_processed_no_active_actions:pass_no_active_actions; delta={""friendly_field"":{""before"":[""BOTA_603""],""after"":[]},""friendly_graveyard"":{""before"":[],""after"":[""BOTA_603""]}}",非可收集/衍生或模式实体,no,XML,yes,pass_no_active_actions
17.6.0.53261,The Boomsday Project (BOOMSDAY),BOT_031,Goblin Bomb,地精炸弹,Deathrattle,YELLOW,implemented,partial,存在效果脚本；烟测仅验证执行和基础状态，缺少充分逐卡效果断言。,"fireplace/cards/CardDefs.xml#BOT_031; fireplace/cards/boomsday/neutral_common.py:28; smoke:death_processed:pass; delta={""friendly_field"":{""before"":[""BOT_031""],""after"":[]},""friendly_graveyard"":{""before"":[],""after"":[""BOT_031""]},""enemy_hero"":{""before"":{""health"":30,""armor"":0},""after"":{""health"":28,""armor"":0}}}",可收集,yes,XML,yes,pass
17.6.0.53261,The Boomsday Project (BOOMSDAY),BOT_066,Mechanical Whelp,机械雏龙,Deathrattle,YELLOW,implemented,partial,存在效果脚本；烟测仅验证执行和基础状态，缺少充分逐卡效果断言。,"fireplace/cards/CardDefs.xml#BOT_066; fireplace/cards/boomsday/neutral_rare.py:8; smoke:death_processed:pass; delta={""friendly_field"":{""before"":[""BOT_066""],""after"":[""BOT_066t""]},""friendly_graveyard"":{""before"":[],""after"":[""BOT_066""]}}",可收集,yes,XML,yes,pass
17.6.0.53261,The Boomsday Project (BOOMSDAY),BOT_102,Spark Drill,火花钻机,Deathrattle,YELLOW,implemented,partial,存在效果脚本；烟测仅验证执行和基础状态，缺少充分逐卡效果断言。,"fireplace/cards/CardDefs.xml#BOT_102; fireplace/cards/boomsday/neutral_rare.py:24; smoke:death_processed:pass; delta={""friendly_field"":{""before"":[""BOT_102""],""after"":[]},""friendly_hand"":{""before"":0,""after"":2},""friendly_graveyard"":{""before"":[],""after"":[""BOT_102""]}}",可收集,yes,XML,yes,pass
17.6.0.53261,The Boomsday Project (BOOMSDAY),BOT_251,Spider Bomb,蜘蛛炸弹,Deathrattle,YELLOW,implemented,partial,存在效果脚本；烟测仅验证执行和基础状态，缺少充分逐卡效果断言。,"fireplace/cards/CardDefs.xml#BOT_251; fireplace/cards/boomsday/hunter.py:49; smoke:death_processed:pass; delta={""friendly_field"":{""before"":[""BOT_251""],""after"":[]},""friendly_graveyard"":{""before"":[],""after"":[""BOT_251""]}}",可收集,yes,XML,yes,pass
17.6.0.53261,The Boomsday Project (BOOMSDAY),BOT_251e,Spider Bomb,蜘蛛炸弹,Deathrattle,YELLOW,implemented,no,存在效果脚本，但该实体需要特定上下文；通用烟测未执行。,fireplace/cards/CardDefs.xml#BOT_251e; fireplace/cards/boomsday/hunter.py:57; smoke:skipped_non_playable_type:skipped,非可收集/衍生或模式实体；XML 原始数据无亡语标记；Python 脚本合并后加入亡语标记,no,XML,no,skipped
17.6.0.53261,The Boomsday Project (BOOMSDAY),BOT_258,"Zerek, Master Cloner",克隆大师泽里克,Deathrattle,GREEN,implemented,yes,现有行为断言验证核心亡语结果；本轮测试通过，且实际死亡结算已核对。,"fireplace/cards/CardDefs.xml#BOT_258; fireplace/cards/boomsday/priest.py:16; tests/test_blackrock.py:539:test_zerek_master_cloner; smoke:death_processed:pass; delta={""friendly_field"":{""before"":[""BOT_258""],""after"":[]},""friendly_graveyard"":{""before"":[],""after"":[""BOT_258""]}}",可收集,yes,XML,yes,pass
17.6.0.53261,The Boomsday Project (BOOMSDAY),BOT_267,Piloted Reaper,载人毁灭机,Deathrattle,YELLOW,implemented,partial,存在效果脚本；烟测仅验证执行和基础状态，缺少充分逐卡效果断言。,"fireplace/cards/CardDefs.xml#BOT_267; fireplace/cards/boomsday/neutral_common.py:61; smoke:death_processed:pass; delta={""friendly_field"":{""before"":[""BOT_267""],""after"":[]},""friendly_graveyard"":{""before"":[],""after"":[""BOT_267""]}}",可收集,yes,XML,yes,pass
17.6.0.53261,The Boomsday Project (BOOMSDAY),BOT_286,Necrium Blade,死金匕首,Deathrattle,YELLOW,implemented,partial,存在效果脚本；烟测仅验证执行和基础状态，缺少充分逐卡效果断言。,"fireplace/cards/CardDefs.xml#BOT_286; fireplace/cards/boomsday/rogue.py:117; smoke:death_processed:pass; delta={""friendly_graveyard"":{""before"":[],""after"":[""BOT_286""]},""friendly_weapon"":{""before"":""BOT_286"",""after"":null}}",可收集,yes,XML,yes,pass
17.6.0.53261,The Boomsday Project (BOOMSDAY),BOT_312,Replicating Menace,量产型恐吓机,Deathrattle,YELLOW,implemented,partial,存在效果脚本；烟测仅验证执行和基础状态，缺少充分逐卡效果断言。,"fireplace/cards/CardDefs.xml#BOT_312; fireplace/cards/boomsday/neutral_rare.py:50; smoke:death_processed:pass; delta={""friendly_field"":{""before"":[""BOT_312""],""after"":[""BOT_312t"",""BOT_312t"",""BOT_312t""]},""friendly_graveyard"":{""before"":[],""after"":[""BOT_312""]}}",可收集,yes,XML,yes,pass
17.6.0.53261,The Boomsday Project (BOOMSDAY),BOT_312e,Replicating Menace,量产型恐吓机,Deathrattle,YELLOW,implemented,no,存在效果脚本，但该实体需要特定上下文；通用烟测未执行。,fireplace/cards/CardDefs.xml#BOT_312e; fireplace/cards/boomsday/neutral_rare.py:58; smoke:skipped_non_playable_type:skipped,非可收集/衍生或模式实体；XML 原始数据无亡语标记；Python 脚本合并后加入亡语标记,no,XML,no,skipped
17.6.0.53261,The Boomsday Project (BOOMSDAY),BOT_401,Weaponized Piñata,武装皮纳塔,Deathrattle,YELLOW,implemented,partial,存在效果脚本；烟测仅验证执行和基础状态，缺少充分逐卡效果断言。,"fireplace/cards/CardDefs.xml#BOT_401; fireplace/cards/boomsday/neutral_epic.py:32; smoke:death_processed:pass; delta={""friendly_field"":{""before"":[""BOT_401""],""after"":[]},""friendly_hand"":{""before"":0,""after"":1},""friendly_graveyard"":{""before"":[],""after"":[""BOT_401""]}}",可收集,yes,XML,yes,pass
17.6.0.53261,The Boomsday Project (BOOMSDAY),BOT_424,Mecha'thun,机械克苏恩,Deathrattle,YELLOW,implemented,partial,烟测触发终局信号；仍需独立核对完整胜利条件。,"fireplace/cards/CardDefs.xml#BOT_424; fireplace/cards/boomsday/neutral_legendary.py:8; smoke:death_processed_game_ended:pass_game_ended; delta={""friendly_field"":{""before"":[""BOT_424""],""after"":[]},""friendly_graveyard"":{""before"":[],""after"":[""BOT_424""]},""enemy_graveyard"":{""before"":[],""after"":[""HERO_08""]}}",可收集；GameOver 为预期终局信号；烟测不能证明全部条件,yes,XML,yes,pass_game_ended
17.6.0.53261,The Boomsday Project (BOOMSDAY),BOT_433,Dr. Morrigan,莫瑞甘博士,Deathrattle,YELLOW,implemented,partial,存在效果脚本；烟测仅验证执行和基础状态，缺少充分逐卡效果断言。,"fireplace/cards/CardDefs.xml#BOT_433; fireplace/cards/boomsday/warlock.py:25; smoke:death_processed:pass; delta={""friendly_field"":{""before"":[""BOT_433""],""after"":[]},""friendly_graveyard"":{""before"":[],""after"":[""BOT_433""]}}",可收集,yes,XML,yes,pass
17.6.0.53261,The Boomsday Project (BOOMSDAY),BOT_438e,Chipped,芯片植入,Deathrattle,YELLOW,implemented,no,存在效果脚本，但该实体需要特定上下文；通用烟测未执行。,fireplace/cards/CardDefs.xml#BOT_438e; fireplace/cards/boomsday/hunter.py:128; smoke:skipped_non_playable_type:skipped,非可收集/衍生或模式实体；XML 原始数据无亡语标记；Python 脚本合并后加入亡语标记,no,XML,no,skipped
17.6.0.53261,The Boomsday Project (BOOMSDAY),BOT_443,Void Analyst,虚空分析师,Deathrattle,YELLOW,implemented,partial,存在效果脚本；烟测仅验证执行和基础状态，缺少充分逐卡效果断言。,"fireplace/cards/CardDefs.xml#BOT_443; fireplace/cards/boomsday/warlock.py:32; smoke:death_processed:pass; delta={""friendly_field"":{""before"":[""BOT_443""],""after"":[]},""friendly_graveyard"":{""before"":[],""after"":[""BOT_443""]}}",可收集,yes,XML,yes,pass
17.6.0.53261,The Boomsday Project (BOOMSDAY),BOT_445,Mecharoo,机械袋鼠,Deathrattle,YELLOW,implemented,partial,存在效果脚本；烟测仅验证执行和基础状态，缺少充分逐卡效果断言。,"fireplace/cards/CardDefs.xml#BOT_445; fireplace/cards/boomsday/neutral_common.py:95; smoke:death_processed:pass; delta={""friendly_field"":{""before"":[""BOT_445""],""after"":[""BOT_445t""]},""friendly_graveyard"":{""before"":[],""after"":[""BOT_445""]}}",可收集,yes,XML,yes,pass
17.6.0.53261,The Boomsday Project (BOOMSDAY),BOT_509,Dead Ringer,丧钟机器人,Deathrattle,YELLOW,implemented,partial,存在效果脚本；烟测仅验证执行和基础状态，缺少充分逐卡效果断言。,"fireplace/cards/CardDefs.xml#BOT_509; fireplace/cards/boomsday/priest.py:29; smoke:death_processed:pass; delta={""friendly_field"":{""before"":[""BOT_509""],""after"":[]},""friendly_graveyard"":{""before"":[],""after"":[""BOT_509""]}}",可收集,yes,XML,yes,pass
17.6.0.53261,The Boomsday Project (BOOMSDAY),BOT_537,Mechano-Egg,机械蛋,Deathrattle,YELLOW,implemented,partial,存在效果脚本；烟测仅验证执行和基础状态，缺少充分逐卡效果断言。,"fireplace/cards/CardDefs.xml#BOT_537; fireplace/cards/boomsday/paladin.py:15; smoke:death_processed:pass; delta={""friendly_field"":{""before"":[""BOT_537""],""after"":[""BOT_537t""]},""friendly_graveyard"":{""before"":[],""after"":[""BOT_537""]}}",可收集,yes,XML,yes,pass
17.6.0.53261,The Boomsday Project (BOOMSDAY),BOT_558,Test Subject,实验体,Deathrattle,GREEN,implemented,yes,本轮真实出牌及前置条件复现通过，核心亡语效果、区域变化和结果均有断言。,"fireplace/cards/CardDefs.xml#BOT_558; fireplace/cards/boomsday/priest.py:36; tests/test_carddb.py:49:test_deathrattle_scripts; smoke:death_processed_no_active_actions:pass_no_active_actions; delta={""friendly_field"":{""before"":[""BOT_558""],""after"":[]},""friendly_graveyard"":{""before"":[],""after"":[""BOT_558""]}}; prereq:pass;assertions={""spell_resolved_on_subject"":true,""subject_received_dynamic_deathrattle"":true,""subject_processed_death"":true,""cast_spell_returned_once"":true};observations={""subject_zone_before_death"":""Zone.PLAY"",""subject_buff_ids"":[""BOT_558e"",""CS2_004e""],""deathrattle_action_count"":1,""spell_id"":""CS2_004"",""subject_zone_after_death"":""Zone.GRAVEYARD"",""returned_spell_count"":1,""friendly_hand_id",可收集；条件增益或隐藏亡语；本体 deathrattle 字段为空并非未实现,yes,XML,yes,pass_no_active_actions
17.6.0.53261,The Boomsday Project (BOOMSDAY),BOT_558e,Stored Data,存储的数据,Deathrattle,YELLOW,implemented,no,存在效果脚本，但该实体需要特定上下文；通用烟测未执行。,fireplace/cards/CardDefs.xml#BOT_558e; fireplace/cards/boomsday/priest.py:43; smoke:skipped_non_playable_type:skipped,非可收集/衍生或模式实体；XML 原始数据无亡语标记；Python 脚本合并后加入亡语标记,no,XML,no,skipped
17.6.0.53261,The Boomsday Project (BOOMSDAY),BOT_565,Blightnozzle Crawler,荒疫爬行者,Deathrattle,YELLOW,implemented,partial,存在效果脚本；烟测仅验证执行和基础状态，缺少充分逐卡效果断言。,"fireplace/cards/CardDefs.xml#BOT_565; fireplace/cards/boomsday/rogue.py:42; smoke:death_processed:pass; delta={""friendly_field"":{""before"":[""BOT_565""],""after"":[""BOT_565t""]},""friendly_graveyard"":{""before"":[],""after"":[""BOT_565""]}}",可收集,yes,XML,yes,pass
17.6.0.53261,The Boomsday Project (BOOMSDAY),BOT_606,Kaboom Bot,爆爆机器人,Deathrattle,YELLOW,implemented,partial,存在效果脚本；烟测仅验证执行和基础状态，缺少充分逐卡效果断言。,"fireplace/cards/CardDefs.xml#BOT_606; fireplace/cards/boomsday/neutral_common.py:151; smoke:death_processed:pass; delta={""friendly_field"":{""before"":[""BOT_606""],""after"":[]},""friendly_graveyard"":{""before"":[],""after"":[""BOT_606""]}}",可收集,yes,XML,yes,pass
17.6.0.53261,The Boomsday Project (BOOMSDAY),BOT_700,SN1P-SN4P,大铡蟹,Deathrattle,YELLOW,implemented,partial,存在效果脚本；烟测仅验证执行和基础状态，缺少充分逐卡效果断言。,"fireplace/cards/CardDefs.xml#BOT_700; fireplace/cards/boomsday/neutral_legendary.py:46; smoke:death_processed:pass; delta={""friendly_field"":{""before"":[""BOT_700""],""after"":[""BOT_312t"",""BOT_312t""]},""friendly_graveyard"":{""before"":[],""after"":[""BOT_700""]}}",可收集,yes,XML,yes,pass
17.6.0.53261,The Boomsday Project (BOOMSDAY),BOT_700e,SN1P-SN4P,大铡蟹,Deathrattle,YELLOW,implemented,no,存在效果脚本，但该实体需要特定上下文；通用烟测未执行。,fireplace/cards/CardDefs.xml#BOT_700e; fireplace/cards/boomsday/neutral_legendary.py:54; smoke:skipped_non_playable_type:skipped,非可收集/衍生或模式实体；XML 原始数据无亡语标记；Python 脚本合并后加入亡语标记,no,XML,no,skipped
17.6.0.53261,Rastakhan's Rumble (TROLL),TRLA_106,Bottled Terror,瓶中的阴影,Deathrattle,RED,none,partial,带亡语标记，但没有可解析的直接、条件增益或隐藏亡语效果；执行时无亡语动作。,"fireplace/cards/CardDefs.xml#TRLA_106; Python definition: none; smoke:death_processed_no_active_actions:pass_no_active_actions; delta={""friendly_field"":{""before"":[""TRLA_106""],""after"":[]},""friendly_graveyard"":{""before"":[],""after"":[""TRLA_106""]}}",非可收集/衍生或模式实体,no,XML,yes,pass_no_active_actions
17.6.0.53261,Rastakhan's Rumble (TROLL),TRLA_121,Water Spirit,活化水灵,Deathrattle,RED,none,partial,带亡语标记，但没有可解析的直接、条件增益或隐藏亡语效果；执行时无亡语动作。,"fireplace/cards/CardDefs.xml#TRLA_121; Python definition: none; smoke:death_processed_no_active_actions:pass_no_active_actions; delta={""friendly_field"":{""before"":[""TRLA_121""],""after"":[]},""friendly_graveyard"":{""before"":[],""after"":[""TRLA_121""]}}",非可收集/衍生或模式实体,no,XML,yes,pass_no_active_actions
17.6.0.53261,Rastakhan's Rumble (TROLL),TRLA_148,Weaponized Zombie,战斗僵尸,Deathrattle,RED,none,partial,带亡语标记，但没有可解析的直接、条件增益或隐藏亡语效果；执行时无亡语动作。,"fireplace/cards/CardDefs.xml#TRLA_148; Python definition: none; smoke:death_processed_no_active_actions:pass_no_active_actions; delta={""friendly_field"":{""before"":[""TRLA_148""],""after"":[]},""friendly_graveyard"":{""before"":[],""after"":[""TRLA_148""]}}",非可收集/衍生或模式实体,no,XML,yes,pass_no_active_actions
17.6.0.53261,Rastakhan's Rumble (TROLL),TRLA_149,Ghastcoiler,阴森巨蟒,Deathrattle,RED,none,partial,带亡语标记，但没有可解析的直接、条件增益或隐藏亡语效果；执行时无亡语动作。,"fireplace/cards/CardDefs.xml#TRLA_149; Python definition: none; smoke:death_processed_no_active_actions:pass_no_active_actions; delta={""friendly_field"":{""before"":[""TRLA_149""],""after"":[]},""friendly_graveyard"":{""before"":[],""after"":[""TRLA_149""]}}",非可收集/衍生或模式实体,no,XML,yes,pass_no_active_actions
17.6.0.53261,Rastakhan's Rumble (TROLL),TRLA_152,Soulsapper,招魂工兵,Deathrattle,RED,none,partial,带亡语标记，但没有可解析的直接、条件增益或隐藏亡语效果；执行时无亡语动作。,"fireplace/cards/CardDefs.xml#TRLA_152; Python definition: none; smoke:death_processed_no_active_actions:pass_no_active_actions; delta={""friendly_field"":{""before"":[""TRLA_152""],""after"":[]},""friendly_graveyard"":{""before"":[],""after"":[""TRLA_152""]}}",非可收集/衍生或模式实体,no,XML,yes,pass_no_active_actions
17.6.0.53261,Rastakhan's Rumble (TROLL),TRLA_167,Rabid Saurolisk,暴怒的巨蜥,Deathrattle,RED,none,partial,带亡语标记，但没有可解析的直接、条件增益或隐藏亡语效果；执行时无亡语动作。,"fireplace/cards/CardDefs.xml#TRLA_167; Python definition: none; smoke:death_processed_no_active_actions:pass_no_active_actions; delta={""friendly_field"":{""before"":[""TRLA_167""],""after"":[]},""friendly_graveyard"":{""before"":[],""after"":[""TRLA_167""]}}",非可收集/衍生或模式实体,no,XML,yes,pass_no_active_actions
17.6.0.53261,Rastakhan's Rumble (TROLL),TRLA_190,Salty Looter,海上掠夺者,Deathrattle,RED,none,partial,带亡语标记，但没有可解析的直接、条件增益或隐藏亡语效果；执行时无亡语动作。,"fireplace/cards/CardDefs.xml#TRLA_190; Python definition: none; smoke:death_processed_no_active_actions:pass_no_active_actions; delta={""friendly_field"":{""before"":[""TRLA_190""],""after"":[]},""friendly_graveyard"":{""before"":[],""after"":[""TRLA_190""]}}",非可收集/衍生或模式实体,no,XML,yes,pass_no_active_actions
17.6.0.53261,Rastakhan's Rumble (TROLL),TRLA_193,Raging Contender,狂暴的选手,Deathrattle,RED,none,partial,带亡语标记，但没有可解析的直接、条件增益或隐藏亡语效果；执行时无亡语动作。,"fireplace/cards/CardDefs.xml#TRLA_193; Python definition: none; smoke:death_processed_no_active_actions:pass_no_active_actions; delta={""friendly_field"":{""before"":[""TRLA_193""],""after"":[]},""friendly_graveyard"":{""before"":[],""after"":[""TRLA_193""]}}",非可收集/衍生或模式实体,no,XML,yes,pass_no_active_actions
17.6.0.53261,Rastakhan's Rumble (TROLL),TRL_074,Serrated Tooth,锯刃齿,Deathrattle,YELLOW,implemented,partial,存在效果脚本；烟测仅验证执行和基础状态，缺少充分逐卡效果断言。,"fireplace/cards/CardDefs.xml#TRL_074; fireplace/cards/troll/rogue.py:116; smoke:death_processed:pass; delta={""friendly_graveyard"":{""before"":[],""after"":[""TRL_074""]},""friendly_weapon"":{""before"":""TRL_074"",""after"":null}}",可收集；同批死亡结算问题候选，尚未逐卡复现,yes,XML,yes,pass
17.6.0.53261,Rastakhan's Rumble (TROLL),TRL_082e,Voodoo,巫毒,Deathrattle,YELLOW,implemented,no,存在效果脚本，但该实体需要特定上下文；通用烟测未执行。,fireplace/cards/CardDefs.xml#TRL_082e; fireplace/cards/troll/shaman.py:103; smoke:skipped_non_playable_type:skipped,非可收集/衍生或模式实体；XML 原始数据无亡语标记；Python 脚本合并后加入亡语标记,no,XML,no,skipped
17.6.0.53261,Rastakhan's Rumble (TROLL),TRL_306,Immortal Prelate,永恒祭司,Deathrattle,YELLOW,implemented,partial,亡语把本体移往其他区域，墓地断言不适用；仍需充分逐卡效果验证。,"fireplace/cards/CardDefs.xml#TRL_306; fireplace/cards/troll/paladin.py:16; smoke:death_processed_source_moved:pass_source_moved; delta={""friendly_field"":{""before"":[""TRL_306""],""after"":[]},""friendly_deck"":{""before"":0,""after"":1}}",可收集；本体移至 Zone.DECK,yes,XML,yes,pass_source_moved
17.6.0.53261,Rastakhan's Rumble (TROLL),TRL_363,Saronite Taskmaster,萨隆铁矿监工,Deathrattle,YELLOW,implemented,partial,存在效果脚本；烟测仅验证执行和基础状态，缺少充分逐卡效果断言。,"fireplace/cards/CardDefs.xml#TRL_363; fireplace/cards/troll/neutral_common.py:46; smoke:death_processed:pass; delta={""friendly_field"":{""before"":[""TRL_363""],""after"":[]},""enemy_field"":{""before"":[],""after"":[""TRL_363t""]},""friendly_graveyard"":{""before"":[],""after"":[""TRL_363""]}}",可收集,yes,XML,yes,pass
17.6.0.53261,Rastakhan's Rumble (TROLL),TRL_409,"Gral, the Shark",格罗尔，鲨鱼之神,Deathrattle,YELLOW,implemented,partial,存在效果脚本；烟测仅验证执行和基础状态，缺少充分逐卡效果断言。,"fireplace/cards/CardDefs.xml#TRL_409; fireplace/cards/troll/rogue.py:57; smoke:death_processed:pass; delta={""friendly_field"":{""before"":[""TRL_409""],""after"":[]},""friendly_graveyard"":{""before"":[],""after"":[""TRL_409""]}}",可收集,yes,XML,yes,pass
17.6.0.53261,Rastakhan's Rumble (TROLL),TRL_503,Scarab Egg,甲虫卵,Deathrattle,YELLOW,implemented,partial,存在效果脚本；烟测仅验证执行和基础状态，缺少充分逐卡效果断言。,"fireplace/cards/CardDefs.xml#TRL_503; fireplace/cards/troll/neutral_common.py:63; smoke:death_processed:pass; delta={""friendly_field"":{""before"":[""TRL_503""],""after"":[""TRL_503t"",""TRL_503t"",""TRL_503t""]},""friendly_graveyard"":{""before"":[],""after"":[""TRL_503""]}}",可收集,yes,XML,yes,pass
17.6.0.53261,Rastakhan's Rumble (TROLL),TRL_505,Helpless Hatchling,无助的幼雏,Deathrattle,YELLOW,implemented,partial,存在效果脚本；烟测仅验证执行和基础状态，缺少充分逐卡效果断言。,"fireplace/cards/CardDefs.xml#TRL_505; fireplace/cards/troll/neutral_common.py:70; smoke:death_processed:pass; delta={""friendly_field"":{""before"":[""TRL_505""],""after"":[]},""friendly_graveyard"":{""before"":[],""after"":[""TRL_505""]}}",可收集,yes,XML,yes,pass
17.6.0.53261,Rastakhan's Rumble (TROLL),TRL_520,Murloc Tastyfin,鱼人大厨,Deathrattle,YELLOW,implemented,partial,存在效果脚本；烟测仅验证执行和基础状态，缺少充分逐卡效果断言。,"fireplace/cards/CardDefs.xml#TRL_520; fireplace/cards/troll/neutral_rare.py:48; smoke:death_processed:pass; delta={""friendly_field"":{""before"":[""TRL_520""],""after"":[]},""friendly_graveyard"":{""before"":[],""after"":[""TRL_520""]}}",可收集,yes,XML,yes,pass
17.6.0.53261,Rastakhan's Rumble (TROLL),TRL_525,Arena Treasure Chest,竞技场财宝箱,Deathrattle,YELLOW,implemented,partial,存在效果脚本；烟测仅验证执行和基础状态，缺少充分逐卡效果断言。,"fireplace/cards/CardDefs.xml#TRL_525; fireplace/cards/troll/neutral_common.py:151; smoke:death_processed:pass; delta={""friendly_field"":{""before"":[""TRL_525""],""after"":[]},""friendly_graveyard"":{""before"":[],""after"":[""TRL_525""]}}",可收集,yes,XML,yes,pass
17.6.0.53261,Rastakhan's Rumble (TROLL),TRL_531,Rumbletusk Shaker,暴牙震颤者,Deathrattle,YELLOW,implemented,partial,存在效果脚本；烟测仅验证执行和基础状态，缺少充分逐卡效果断言。,"fireplace/cards/CardDefs.xml#TRL_531; fireplace/cards/troll/neutral_common.py:165; smoke:death_processed:pass; delta={""friendly_field"":{""before"":[""TRL_531""],""after"":[""TRL_531t""]},""friendly_graveyard"":{""before"":[],""after"":[""TRL_531""]}}",可收集,yes,XML,yes,pass
17.6.0.53261,Rastakhan's Rumble (TROLL),TRL_541,"Hakkar, the Soulflayer",夺灵者哈卡,Deathrattle,GREEN,implemented,yes,现有行为断言验证核心亡语结果；本轮测试通过，且实际死亡结算已核对。,"fireplace/cards/CardDefs.xml#TRL_541; fireplace/cards/troll/neutral_legendary.py:46; tests/test_troll.py:23:test_hakkar; smoke:death_processed:pass; delta={""friendly_field"":{""before"":[""TRL_541""],""after"":[]},""friendly_deck"":{""before"":0,""after"":1},""enemy_deck"":{""before"":0,""after"":1},""friendly_graveyard"":{""before"":[],""after"":[""TRL_541""]}}",可收集,yes,XML,yes,pass
17.6.0.53261,Rise of Shadows (DALARAN),DALA_713,Elder Taggawag,长者塔格瓦格,Deathrattle,RED,none,partial,带亡语标记，但没有可解析的直接、条件增益或隐藏亡语效果；执行时无亡语动作。,"fireplace/cards/CardDefs.xml#DALA_713; Python definition: none; smoke:death_processed_no_active_actions:pass_no_active_actions; delta={""friendly_field"":{""before"":[""DALA_713""],""after"":[]},""friendly_graveyard"":{""before"":[],""after"":[""DALA_713""]}}",非可收集/衍生或模式实体,no,XML,yes,pass_no_active_actions
17.6.0.53261,Rise of Shadows (DALARAN),DALA_719,Soulreaper's Scythe,掠魂之镰,Deathrattle,RED,none,partial,带亡语标记，但没有可解析的直接、条件增益或隐藏亡语效果；执行时无亡语动作。,"fireplace/cards/CardDefs.xml#DALA_719; Python definition: none; smoke:death_processed_no_active_actions:pass_no_active_actions; delta={""friendly_graveyard"":{""before"":[],""after"":[""DALA_719""]},""friendly_weapon"":{""before"":""DALA_719"",""after"":null}}",非可收集/衍生或模式实体,no,XML,yes,pass_no_active_actions
17.6.0.53261,Rise of Shadows (DALARAN),DALA_829t,Cache of Cash,现金储备箱,Deathrattle,RED,none,partial,带亡语标记，但没有可解析的直接、条件增益或隐藏亡语效果；执行时无亡语动作。,"fireplace/cards/CardDefs.xml#DALA_829t; Python definition: none; smoke:death_processed_no_active_actions:pass_no_active_actions; delta={""friendly_field"":{""before"":[""DALA_829t""],""after"":[]},""friendly_graveyard"":{""before"":[],""after"":[""DALA_829t""]}}",非可收集/衍生或模式实体,no,XML,yes,pass_no_active_actions
17.6.0.53261,Rise of Shadows (DALARAN),DAL_039,Convincing Infiltrator,无面渗透者,Deathrattle,YELLOW,implemented,partial,存在效果脚本；烟测仅验证执行和基础状态，缺少充分逐卡效果断言。,"fireplace/cards/CardDefs.xml#DAL_039; fireplace/cards/dalaran/priest.py:26; smoke:death_processed:pass; delta={""friendly_field"":{""before"":[""DAL_039""],""after"":[]},""friendly_graveyard"":{""before"":[],""after"":[""DAL_039""]}}",可收集,yes,XML,yes,pass
17.6.0.53261,Rise of Shadows (DALARAN),DAL_040,Hench-Clan Shadequill,荆棘帮箭猪,Deathrattle,YELLOW,implemented,partial,存在效果脚本；烟测仅验证执行和基础状态，缺少充分逐卡效果断言。,"fireplace/cards/CardDefs.xml#DAL_040; fireplace/cards/dalaran/priest.py:33; smoke:death_processed:pass; delta={""friendly_field"":{""before"":[""DAL_040""],""after"":[]},""friendly_graveyard"":{""before"":[],""after"":[""DAL_040""]}}",可收集,yes,XML,yes,pass
17.6.0.53261,Rise of Shadows (DALARAN),DAL_088,Safeguard,机械保险箱,Deathrattle,YELLOW,implemented,partial,存在效果脚本；烟测仅验证执行和基础状态，缺少充分逐卡效果断言。,"fireplace/cards/CardDefs.xml#DAL_088; fireplace/cards/dalaran/neutral_common.py:42; smoke:death_processed:pass; delta={""friendly_field"":{""before"":[""DAL_088""],""after"":[""DAL_088t2""]},""friendly_graveyard"":{""before"":[],""after"":[""DAL_088""]}}",可收集,yes,XML,yes,pass
17.6.0.53261,Rise of Shadows (DALARAN),DAL_146,Bronze Herald,青铜传令官,Deathrattle,YELLOW,implemented,partial,存在效果脚本；烟测仅验证执行和基础状态，缺少充分逐卡效果断言。,"fireplace/cards/CardDefs.xml#DAL_146; fireplace/cards/dalaran/paladin.py:8; smoke:death_processed:pass; delta={""friendly_field"":{""before"":[""DAL_146""],""after"":[]},""friendly_hand"":{""before"":0,""after"":2},""friendly_graveyard"":{""before"":[],""after"":[""DAL_146""]}}",可收集,yes,XML,yes,pass
17.6.0.53261,Rise of Shadows (DALARAN),DAL_354,Acornbearer,橡果人,Deathrattle,YELLOW,implemented,partial,存在效果脚本；烟测仅验证执行和基础状态，缺少充分逐卡效果断言。,"fireplace/cards/CardDefs.xml#DAL_354; fireplace/cards/dalaran/druid.py:8; smoke:death_processed:pass; delta={""friendly_field"":{""before"":[""DAL_354""],""after"":[]},""friendly_hand"":{""before"":0,""after"":2},""friendly_graveyard"":{""before"":[],""after"":[""DAL_354""]}}",可收集,yes,XML,yes,pass
17.6.0.53261,Rise of Shadows (DALARAN),DAL_357,Lucentbark,卢森巴克,Deathrattle,GREEN,implemented,yes,现有行为断言验证核心亡语结果；本轮测试通过，且实际死亡结算已核对。,"fireplace/cards/CardDefs.xml#DAL_357; fireplace/cards/dalaran/druid.py:24; tests/test_dalaran.py:4:test_lucentbark; smoke:death_processed:pass; delta={""friendly_field"":{""before"":[""DAL_357""],""after"":[""DAL_357t""]},""friendly_graveyard"":{""before"":[],""after"":[""DAL_357""]}}",可收集,yes,XML,yes,pass
17.6.0.53261,Rise of Shadows (DALARAN),DAL_376,Oblivitron,湮灭战车,Deathrattle,YELLOW,implemented,partial,存在效果脚本；烟测仅验证执行和基础状态，缺少充分逐卡效果断言。,"fireplace/cards/CardDefs.xml#DAL_376; fireplace/cards/dalaran/hunter.py:17; smoke:death_processed:pass; delta={""friendly_field"":{""before"":[""DAL_376""],""after"":[]},""friendly_graveyard"":{""before"":[],""after"":[""DAL_376""]}}",可收集,yes,XML,yes,pass
17.6.0.53261,Rise of Shadows (DALARAN),DAL_413,EVIL Conscripter,怪盗征募员,Deathrattle,YELLOW,implemented,partial,存在效果脚本；烟测仅验证执行和基础状态，缺少充分逐卡效果断言。,"fireplace/cards/CardDefs.xml#DAL_413; fireplace/cards/dalaran/priest.py:40; smoke:death_processed:pass; delta={""friendly_field"":{""before"":[""DAL_413""],""after"":[]},""friendly_hand"":{""before"":0,""after"":1},""friendly_graveyard"":{""before"":[],""after"":[""DAL_413""]}}",可收集,yes,XML,yes,pass
17.6.0.53261,Rise of Shadows (DALARAN),DAL_563,Eager Underling,性急的杂兵,Deathrattle,RED,partial,yes,已复现同批致死单位被该卡亡语增益错误救回；死亡结算顺序产生错误场面。,"fireplace/cards/CardDefs.xml#DAL_563; fireplace/cards/dalaran/warlock.py:36; smoke:death_processed:pass; delta={""friendly_field"":{""before"":[""DAL_563""],""after"":[]},""friendly_graveyard"":{""before"":[],""after"":[""DAL_563""]}}; repro:DAL_563(2HP)+CS2_182(2HP)+GVG_076=>CS2_182 PLAY 2HP; sheep and source in graveyard",可收集；死亡结算机制问题已复现,yes,XML,yes,pass
17.6.0.53261,Rise of Shadows (DALARAN),DAL_566,Eccentric Scribe,古怪的铭文师,Deathrattle,YELLOW,implemented,partial,存在效果脚本；烟测仅验证执行和基础状态，缺少充分逐卡效果断言。,"fireplace/cards/CardDefs.xml#DAL_566; fireplace/cards/dalaran/neutral_common.py:98; smoke:death_processed:pass; delta={""friendly_field"":{""before"":[""DAL_566""],""after"":[""DAL_566t"",""DAL_566t"",""DAL_566t"",""DAL_566t""]},""friendly_graveyard"":{""before"":[],""after"":[""DAL_566""]}}",可收集,yes,XML,yes,pass
17.6.0.53261,Rise of Shadows (DALARAN),DAL_587,Shimmerfly,闪光蝴蝶,Deathrattle,YELLOW,implemented,partial,存在效果脚本；烟测仅验证执行和基础状态，缺少充分逐卡效果断言。,"fireplace/cards/CardDefs.xml#DAL_587; fireplace/cards/dalaran/hunter.py:41; smoke:death_processed:pass; delta={""friendly_field"":{""before"":[""DAL_587""],""after"":[]},""friendly_hand"":{""before"":0,""after"":1},""friendly_graveyard"":{""before"":[],""after"":[""DAL_587""]}}",可收集,yes,XML,yes,pass
17.6.0.53261,Rise of Shadows (DALARAN),DAL_604,Ursatron,机械巨熊,Deathrattle,YELLOW,implemented,partial,存在效果脚本；烟测仅验证执行和基础状态，缺少充分逐卡效果断言。,"fireplace/cards/CardDefs.xml#DAL_604; fireplace/cards/dalaran/hunter.py:48; smoke:death_processed:pass; delta={""friendly_field"":{""before"":[""DAL_604""],""after"":[]},""friendly_graveyard"":{""before"":[],""after"":[""DAL_604""]}}",可收集,yes,XML,yes,pass
17.6.0.53261,Rise of Shadows (DALARAN),DAL_710e,Soul of the Murloc,鱼人之魂,Deathrattle,YELLOW,implemented,no,存在效果脚本，但该实体需要特定上下文；通用烟测未执行。,fireplace/cards/CardDefs.xml#DAL_710e; fireplace/cards/dalaran/shaman.py:156; smoke:skipped_non_playable_type:skipped,非可收集/衍生或模式实体；XML 原始数据无亡语标记；Python 脚本合并后加入亡语标记,no,XML,no,skipped
17.6.0.53261,Rise of Shadows (DALARAN),DAL_720,Waggle Pick,摇摆矿锄,Deathrattle,YELLOW,implemented,partial,存在效果脚本；烟测仅验证执行和基础状态，缺少充分逐卡效果断言。,"fireplace/cards/CardDefs.xml#DAL_720; fireplace/cards/dalaran/rogue.py:153; smoke:death_processed:pass; delta={""friendly_graveyard"":{""before"":[],""after"":[""DAL_720""]},""friendly_weapon"":{""before"":""DAL_720"",""after"":null}}",可收集,yes,XML,yes,pass
17.6.0.53261,Rise of Shadows (DALARAN),DAL_743,Hench-Clan Hogsteed,荆棘帮斗猪,Deathrattle,YELLOW,implemented,partial,存在效果脚本；烟测仅验证执行和基础状态，缺少充分逐卡效果断言。,"fireplace/cards/CardDefs.xml#DAL_743; fireplace/cards/dalaran/neutral_common.py:112; smoke:death_processed:pass; delta={""friendly_field"":{""before"":[""DAL_743""],""after"":[""DAL_743t""]},""friendly_graveyard"":{""before"":[],""after"":[""DAL_743""]}}",可收集,yes,XML,yes,pass
17.6.0.53261,Rise of Shadows (DALARAN),DAL_749,Recurring Villain,再生大盗,Deathrattle,YELLOW,implemented,partial,存在效果脚本；烟测仅验证执行和基础状态，缺少充分逐卡效果断言。,"fireplace/cards/CardDefs.xml#DAL_749; fireplace/cards/dalaran/neutral_rare.py:69; smoke:death_processed:pass; delta={""friendly_field"":{""before"":[""DAL_749""],""after"":[]},""friendly_graveyard"":{""before"":[],""after"":[""DAL_749""]}}",可收集,yes,XML,yes,pass
17.6.0.53261,Rise of Shadows (DALARAN),DAL_775,Tunnel Blaster,坑道爆破师,Deathrattle,YELLOW,implemented,partial,存在效果脚本；烟测仅验证执行和基础状态，缺少充分逐卡效果断言。,"fireplace/cards/CardDefs.xml#DAL_775; fireplace/cards/dalaran/neutral_rare.py:93; smoke:death_processed:pass; delta={""friendly_field"":{""before"":[""DAL_775""],""after"":[]},""friendly_graveyard"":{""before"":[],""after"":[""DAL_775""]}}",可收集,yes,XML,yes,pass
17.6.0.53261,Taverns of Time (TAVERNS_OF_TIME),TOT_102,Rift Warden,裂隙卫士,Deathrattle,RED,none,partial,带亡语标记，但没有可解析的直接、条件增益或隐藏亡语效果；执行时无亡语动作。,"fireplace/cards/CardDefs.xml#TOT_102; Python definition: none; smoke:death_processed_no_active_actions:pass_no_active_actions; delta={""friendly_field"":{""before"":[""TOT_102""],""after"":[]},""friendly_graveyard"":{""before"":[],""after"":[""TOT_102""]}}",非可收集/衍生或模式实体,no,XML,yes,pass_no_active_actions
17.6.0.53261,Saviors of Uldum (ULDUM),ULDA_002,Flo Slatebrand,弗洛·岩印,Deathrattle,RED,none,partial,带亡语标记，但没有可解析的直接、条件增益或隐藏亡语效果；执行时无亡语动作。,"fireplace/cards/CardDefs.xml#ULDA_002; Python definition: none; smoke:death_processed_no_active_actions:pass_no_active_actions; delta={""friendly_field"":{""before"":[""ULDA_002""],""after"":[]},""friendly_graveyard"":{""before"":[],""after"":[""ULDA_002""]}}",非可收集/衍生或模式实体,no,XML,yes,pass_no_active_actions
17.6.0.53261,Saviors of Uldum (ULDUM),ULDA_032,Enflamed Golem,怒火魔像,Deathrattle,RED,none,partial,带亡语标记，但没有可解析的直接、条件增益或隐藏亡语效果；执行时无亡语动作。,"fireplace/cards/CardDefs.xml#ULDA_032; Python definition: none; smoke:death_processed_no_active_actions:pass_no_active_actions; delta={""friendly_field"":{""before"":[""ULDA_032""],""after"":[]},""friendly_graveyard"":{""before"":[],""after"":[""ULDA_032""]}}",非可收集/衍生或模式实体,no,XML,yes,pass_no_active_actions
17.6.0.53261,Saviors of Uldum (ULDUM),ULDA_034,Runaway Gyrocopter,逃生旋翼机,Deathrattle,RED,none,partial,带亡语标记，但没有可解析的直接、条件增益或隐藏亡语效果；执行时无亡语动作。,"fireplace/cards/CardDefs.xml#ULDA_034; Python definition: none; smoke:death_processed_no_active_actions:pass_no_active_actions; delta={""friendly_field"":{""before"":[""ULDA_034""],""after"":[]},""friendly_graveyard"":{""before"":[],""after"":[""ULDA_034""]}}",非可收集/衍生或模式实体,no,XML,yes,pass_no_active_actions
17.6.0.53261,Saviors of Uldum (ULDUM),ULDA_110,Crawling Claw,蠕行之爪,Deathrattle,RED,none,partial,带亡语标记，但没有可解析的直接、条件增益或隐藏亡语效果；执行时无亡语动作。,"fireplace/cards/CardDefs.xml#ULDA_110; Python definition: none; smoke:death_processed_no_active_actions:pass_no_active_actions; delta={""friendly_graveyard"":{""before"":[],""after"":[""ULDA_110""]}}",非可收集/衍生或模式实体,no,XML,yes,pass_no_active_actions
17.6.0.53261,Saviors of Uldum (ULDUM),ULDA_114,Aegis of Death,死亡护盾,Deathrattle,RED,none,partial,带亡语标记，但没有可解析的直接、条件增益或隐藏亡语效果；执行时无亡语动作。,"fireplace/cards/CardDefs.xml#ULDA_114; Python definition: none; smoke:death_processed_no_active_actions:pass_no_active_actions; delta={""friendly_graveyard"":{""before"":[],""after"":[""ULDA_114""]},""friendly_weapon"":{""before"":""ULDA_114"",""after"":null}}",非可收集/衍生或模式实体,no,XML,yes,pass_no_active_actions
17.6.0.53261,Saviors of Uldum (ULDUM),ULDA_BOSS_39m,Scaly Golem,石鳞魔像,Deathrattle,RED,none,partial,带亡语标记，但没有可解析的直接、条件增益或隐藏亡语效果；执行时无亡语动作。,"fireplace/cards/CardDefs.xml#ULDA_BOSS_39m; Python definition: none; smoke:death_processed_no_active_actions:pass_no_active_actions; delta={""friendly_field"":{""before"":[""ULDA_BOSS_39m""],""after"":[]},""friendly_graveyard"":{""before"":[],""after"":[""ULDA_BOSS_39m""]}}",非可收集/衍生或模式实体,no,XML,yes,pass_no_active_actions
17.6.0.53261,Saviors of Uldum (ULDUM),ULD_163,Expired Merchant,过期货物专卖商,Deathrattle,GREEN,implemented,yes,本轮真实出牌及前置条件复现通过，核心亡语效果、区域变化和结果均有断言。,"fireplace/cards/CardDefs.xml#ULD_163; fireplace/cards/uldum/warlock.py:28; tests/test_carddb.py:49:test_deathrattle_scripts; smoke:death_processed_no_active_actions:pass_no_active_actions; delta={""friendly_field"":{""before"":[""ULD_163""],""after"":[]},""friendly_graveyard"":{""before"":[],""after"":[""ULD_163""]}}; prereq:pass;assertions={""battlecry_discarded_highest_cost"":true,""discard_attached_deathrattle"":true,""merchant_processed_death"":true,""two_discarded_copies_returned"":true};observations={""discarded_card_zone"":""Zone.REMOVEDFROMGAME"",""merchant_zone_before_death"":""Zone.PLAY"",""merchant_buffs"":[""ULD_163e""],""deathrattle_action_count"":1,""merchant_zone_after_death"":""Zone.GRAVEYARD"",""returned_fireball_count"":2,""",可收集；条件增益或隐藏亡语；本体 deathrattle 字段为空并非未实现,yes,XML,yes,pass_no_active_actions
17.6.0.53261,Saviors of Uldum (ULDUM),ULD_163e,Expired Goods,过期货物,Deathrattle,YELLOW,implemented,no,存在效果脚本，但该实体需要特定上下文；通用烟测未执行。,fireplace/cards/CardDefs.xml#ULD_163e; fireplace/cards/uldum/warlock.py:38; smoke:skipped_non_playable_type:skipped,非可收集/衍生或模式实体；XML 原始数据无亡语标记；Python 脚本合并后加入亡语标记,no,XML,no,skipped
17.6.0.53261,Saviors of Uldum (ULDUM),ULD_174,Serpent Egg,海蛇蛋,Deathrattle,YELLOW,implemented,partial,存在效果脚本；烟测仅验证执行和基础状态，缺少充分逐卡效果断言。,"fireplace/cards/CardDefs.xml#ULD_174; fireplace/cards/uldum/neutral_common.py:8; smoke:death_processed:pass; delta={""friendly_field"":{""before"":[""ULD_174""],""after"":[""ULD_174t""]},""friendly_graveyard"":{""before"":[],""after"":[""ULD_174""]}}",可收集,yes,XML,yes,pass
17.6.0.53261,Saviors of Uldum (ULDUM),ULD_177,Octosari,八爪巨怪,Deathrattle,YELLOW,implemented,partial,存在效果脚本；烟测仅验证执行和基础状态，缺少充分逐卡效果断言。,"fireplace/cards/CardDefs.xml#ULD_177; fireplace/cards/uldum/neutral_legendary.py:8; smoke:death_processed:pass; delta={""friendly_field"":{""before"":[""ULD_177""],""after"":[]},""friendly_graveyard"":{""before"":[],""after"":[""ULD_177""]}}",可收集,yes,XML,yes,pass
17.6.0.53261,Saviors of Uldum (ULDUM),ULD_183,Anubisath Warbringer,阿努比萨斯战争使者,Deathrattle,YELLOW,implemented,partial,存在效果脚本；烟测仅验证执行和基础状态，缺少充分逐卡效果断言。,"fireplace/cards/CardDefs.xml#ULD_183; fireplace/cards/uldum/neutral_common.py:29; smoke:death_processed:pass; delta={""friendly_field"":{""before"":[""ULD_183""],""after"":[]},""friendly_graveyard"":{""before"":[],""after"":[""ULD_183""]}}",可收集,yes,XML,yes,pass
17.6.0.53261,Saviors of Uldum (ULDUM),ULD_184,Kobold Sandtrooper,狗头人沙漠步兵,Deathrattle,YELLOW,implemented,partial,存在效果脚本；烟测仅验证执行和基础状态，缺少充分逐卡效果断言。,"fireplace/cards/CardDefs.xml#ULD_184; fireplace/cards/uldum/neutral_common.py:39; smoke:death_processed:pass; delta={""friendly_field"":{""before"":[""ULD_184""],""after"":[]},""friendly_graveyard"":{""before"":[],""after"":[""ULD_184""]},""enemy_hero"":{""before"":{""health"":30,""armor"":0},""after"":{""health"":27,""armor"":0}}}",可收集,yes,XML,yes,pass
17.6.0.53261,Saviors of Uldum (ULDUM),ULD_208,Khartut Defender,卡塔图防御者,Deathrattle,YELLOW,implemented,partial,存在效果脚本；烟测仅验证执行和基础状态，缺少充分逐卡效果断言。,"fireplace/cards/CardDefs.xml#ULD_208; fireplace/cards/uldum/neutral_rare.py:48; tests/test_controller.py:230:test_observation_exposes_public_minion_statuses_on_both_boards; smoke:death_processed:pass; delta={""friendly_graveyard"":{""before"":[],""after"":[""ULD_208""]}}",可收集,yes,XML,yes,pass
17.6.0.53261,Saviors of Uldum (ULDUM),ULD_250,Infested Goblin,招虫的地精,Deathrattle,YELLOW,implemented,partial,存在效果脚本；烟测仅验证执行和基础状态，缺少充分逐卡效果断言。,"fireplace/cards/CardDefs.xml#ULD_250; fireplace/cards/uldum/neutral_rare.py:69; smoke:death_processed:pass; delta={""friendly_field"":{""before"":[""ULD_250""],""after"":[]},""friendly_hand"":{""before"":0,""after"":2},""friendly_graveyard"":{""before"":[],""after"":[""ULD_250""]}}",可收集,yes,XML,yes,pass
17.6.0.53261,Saviors of Uldum (ULDUM),ULD_266,Grandmummy,木奶伊,Deathrattle,RED,partial,yes,已复现同批致死单位被该卡亡语增益错误救回；死亡结算顺序产生错误场面。 同次死亡还产生两个 Reborn 本体。,"fireplace/cards/CardDefs.xml#ULD_266; fireplace/cards/uldum/priest.py:19; smoke:death_processed:pass; delta={""friendly_graveyard"":{""before"":[],""after"":[""ULD_266""]}}; repro:ULD_266(2HP)+CS2_182(2HP)+GVG_076=>CS2_182 PLAY 1HP; sheep and source in graveyard; repro:two ULD_266 Reborn copies in PLAY after single death",可收集；死亡结算机制问题已复现,yes,XML,yes,pass
17.6.0.53261,Saviors of Uldum (ULDUM),ULD_280,Sahket Sapper,沙赫柯特工兵,Deathrattle,YELLOW,implemented,partial,存在效果脚本；烟测仅验证执行和基础状态，缺少充分逐卡效果断言。,"fireplace/cards/CardDefs.xml#ULD_280; fireplace/cards/uldum/rogue.py:22; smoke:death_processed:pass; delta={""friendly_field"":{""before"":[""ULD_280""],""after"":[]},""friendly_graveyard"":{""before"":[],""after"":[""ULD_280""]}}",可收集,yes,XML,yes,pass
17.6.0.53261,Saviors of Uldum (ULDUM),ULD_282,Jar Dealer,陶罐商人,Deathrattle,YELLOW,implemented,partial,存在效果脚本；烟测仅验证执行和基础状态，缺少充分逐卡效果断言。,"fireplace/cards/CardDefs.xml#ULD_282; fireplace/cards/uldum/neutral_common.py:109; smoke:death_processed:pass; delta={""friendly_field"":{""before"":[""ULD_282""],""after"":[]},""friendly_hand"":{""before"":0,""after"":1},""friendly_graveyard"":{""before"":[],""after"":[""ULD_282""]}}",可收集,yes,XML,yes,pass
17.6.0.53261,Saviors of Uldum (ULDUM),ULD_438,Salhet's Pride,萨赫特的傲狮,Deathrattle,YELLOW,implemented,partial,存在效果脚本；烟测仅验证执行和基础状态，缺少充分逐卡效果断言。,"fireplace/cards/CardDefs.xml#ULD_438; fireplace/cards/uldum/paladin.py:29; smoke:death_processed:pass; delta={""friendly_field"":{""before"":[""ULD_438""],""after"":[]},""friendly_graveyard"":{""before"":[],""after"":[""ULD_438""]}}",可收集,yes,XML,yes,pass
17.6.0.53261,Saviors of Uldum (ULDUM),ULD_706,Blatant Decoy,显眼的诱饵,Deathrattle,YELLOW,implemented,partial,存在效果脚本；烟测仅验证执行和基础状态，缺少充分逐卡效果断言。,"fireplace/cards/CardDefs.xml#ULD_706; fireplace/cards/uldum/neutral_epic.py:94; smoke:death_processed:pass; delta={""friendly_field"":{""before"":[""ULD_706""],""after"":[]},""friendly_graveyard"":{""before"":[],""after"":[""ULD_706""]}}",可收集,yes,XML,yes,pass
17.6.0.53261,Descent of Dragons (DRAGONS),DRG_036,Waxadred,蜡烛巨龙,Deathrattle,YELLOW,implemented,partial,存在效果脚本；烟测仅验证执行和基础状态，缺少充分逐卡效果断言。,"fireplace/cards/CardDefs.xml#DRG_036; fireplace/cards/dragons/rogue.py:41; smoke:death_processed:pass; delta={""friendly_field"":{""before"":[""DRG_036""],""after"":[]},""friendly_deck"":{""before"":0,""after"":1},""friendly_graveyard"":{""before"":[],""after"":[""DRG_036""]}}",可收集,yes,XML,yes,pass
17.6.0.53261,Descent of Dragons (DRAGONS),DRG_049,Tasty Flyfish,美味飞鱼,Deathrattle,YELLOW,implemented,partial,存在效果脚本；烟测仅验证执行和基础状态，缺少充分逐卡效果断言。,"fireplace/cards/CardDefs.xml#DRG_049; fireplace/cards/dragons/neutral_common.py:8; smoke:death_processed:pass; delta={""friendly_field"":{""before"":[""DRG_049""],""after"":[]},""friendly_graveyard"":{""before"":[],""after"":[""DRG_049""]}}",可收集,yes,XML,yes,pass
17.6.0.53261,Descent of Dragons (DRAGONS),DRG_071,Bad Luck Albatross,厄运信天翁,Deathrattle,YELLOW,implemented,partial,存在效果脚本；烟测仅验证执行和基础状态，缺少充分逐卡效果断言。,"fireplace/cards/CardDefs.xml#DRG_071; fireplace/cards/dragons/neutral_rare.py:47; smoke:death_processed:pass; delta={""friendly_field"":{""before"":[""DRG_071""],""after"":[]},""enemy_deck"":{""before"":0,""after"":2},""friendly_graveyard"":{""before"":[],""after"":[""DRG_071""]}}",可收集,yes,XML,yes,pass
17.6.0.53261,Descent of Dragons (DRAGONS),DRG_086,Chromatic Egg,多彩龙卵,Deathrattle,GREEN,implemented,yes,本轮真实出牌及前置条件复现通过，核心亡语效果、区域变化和结果均有断言。,"fireplace/cards/CardDefs.xml#DRG_086; fireplace/cards/dragons/neutral_epic.py:43; tests/test_carddb.py:49:test_deathrattle_scripts; smoke:death_processed_no_active_actions:pass_no_active_actions; delta={""friendly_field"":{""before"":[""DRG_086""],""after"":[]},""friendly_graveyard"":{""before"":[],""after"":[""DRG_086""]}}; prereq:pass;assertions={""discover_choice_resolved"":true,""egg_received_dynamic_deathrattle"":true,""egg_processed_death"":true,""chosen_dragon_hatched"":true};observations={""discover_options"":[""DRG_079"",""EX1_562"",""DAL_609""],""chosen_dragon_id"":""DRG_079"",""egg_zone_before_death"":""Zone.PLAY"",""egg_buffs"":[""DRG_086e""],""deathrattle_action_count"":1,""egg_zone_after_death"":""Zone.GRAVEYARD"",""matching",可收集；条件增益或隐藏亡语；本体 deathrattle 字段为空并非未实现,yes,XML,yes,pass_no_active_actions
17.6.0.53261,Descent of Dragons (DRAGONS),DRG_086e,What's in the Egg?,里面藏着什么？,Deathrattle,YELLOW,implemented,no,存在效果脚本，但该实体需要特定上下文；通用烟测未执行。,fireplace/cards/CardDefs.xml#DRG_086e; fireplace/cards/dragons/neutral_epic.py:53; smoke:skipped_non_playable_type:skipped,非可收集/衍生或模式实体；XML 原始数据无亡语标记；Python 脚本合并后加入亡语标记,no,XML,no,skipped
17.6.0.53261,Descent of Dragons (DRAGONS),DRG_107,Violet Spellwing,紫罗兰魔翼鸦,Deathrattle,YELLOW,implemented,partial,存在效果脚本；烟测仅验证执行和基础状态，缺少充分逐卡效果断言。,"fireplace/cards/CardDefs.xml#DRG_107; fireplace/cards/dragons/mage.py:27; smoke:death_processed:pass; delta={""friendly_field"":{""before"":[""DRG_107""],""after"":[]},""friendly_hand"":{""before"":0,""after"":1},""friendly_graveyard"":{""before"":[],""after"":[""DRG_107""]}}",可收集,yes,XML,yes,pass
17.6.0.53261,Descent of Dragons (DRAGONS),DRG_235,Dragonrider Talritha,龙骑士塔瑞萨,Deathrattle,YELLOW,implemented,partial,存在效果脚本；烟测仅验证执行和基础状态，缺少充分逐卡效果断言。,"fireplace/cards/CardDefs.xml#DRG_235; fireplace/cards/dragons/paladin.py:54; smoke:death_processed:pass; delta={""friendly_field"":{""before"":[""DRG_235""],""after"":[]},""friendly_graveyard"":{""before"":[],""after"":[""DRG_235""]}}",可收集,yes,XML,yes,pass
17.6.0.53261,Descent of Dragons (DRAGONS),DRG_235e,Rider Talritha,骑士塔瑞萨,Deathrattle,YELLOW,implemented,no,存在效果脚本，但该实体需要特定上下文；通用烟测未执行。,fireplace/cards/CardDefs.xml#DRG_235e; fireplace/cards/dragons/paladin.py:61; smoke:skipped_non_playable_type:skipped,非可收集/衍生或模式实体；XML 原始数据无亡语标记；Python 脚本合并后加入亡语标记,no,XML,no,skipped
17.6.0.53261,Descent of Dragons (DRAGONS),DRG_255t2,Leper Gnome,麻风侏儒,Deathrattle,RED,none,partial,带亡语标记，但没有可解析的直接、条件增益或隐藏亡语效果；执行时无亡语动作。,"fireplace/cards/CardDefs.xml#DRG_255t2; Python definition: none; smoke:death_processed_no_active_actions:pass_no_active_actions; delta={""friendly_field"":{""before"":[""DRG_255t2""],""after"":[]},""friendly_graveyard"":{""before"":[],""after"":[""DRG_255t2""]}}",非可收集/衍生或模式实体,no,XML,yes,pass_no_active_actions
17.6.0.53261,Descent of Dragons (DRAGONS),DRG_302e,Grave Rune,墓地符文,Deathrattle,YELLOW,implemented,no,存在效果脚本，但该实体需要特定上下文；通用烟测未执行。,fireplace/cards/CardDefs.xml#DRG_302e; fireplace/cards/dragons/priest.py:145; smoke:skipped_non_playable_type:skipped,非可收集/衍生或模式实体；XML 原始数据无亡语标记；Python 脚本合并后加入亡语标记,no,XML,no,skipped
17.6.0.53261,Descent of Dragons (DRAGONS),DRG_304,Chronobreaker,时空破坏者,Deathrattle,YELLOW,implemented,partial,存在效果脚本；烟测仅验证执行和基础状态，缺少充分逐卡效果断言。,"fireplace/cards/CardDefs.xml#DRG_304; fireplace/cards/dragons/priest.py:36; smoke:death_processed:pass; delta={""friendly_field"":{""before"":[""DRG_304""],""after"":[]},""friendly_graveyard"":{""before"":[],""after"":[""DRG_304""]}}",可收集,yes,XML,yes,pass
17.6.0.53261,Descent of Dragons (DRAGONS),DRG_308,Mindflayer Kaahrj,夺心者卡什,Deathrattle,YELLOW,implemented,partial,存在效果脚本；烟测仅验证执行和基础状态，缺少充分逐卡效果断言。,"fireplace/cards/CardDefs.xml#DRG_308; fireplace/cards/dragons/priest.py:106; tests/test_carddb.py:41:test_battlecry_scripts; smoke:death_processed:pass; delta={""friendly_field"":{""before"":[""DRG_308""],""after"":[]},""friendly_graveyard"":{""before"":[],""after"":[""DRG_308""]}}",可收集,yes,XML,yes,pass
17.6.0.53261,Year of the Dragon (YEAR_OF_THE_DRAGON),DRGA_BOSS_05t,Piloted Whirl-O-Tron,载人飓风机甲,Deathrattle,RED,none,partial,带亡语标记，但没有可解析的直接、条件增益或隐藏亡语效果；执行时无亡语动作。,"fireplace/cards/CardDefs.xml#DRGA_BOSS_05t; Python definition: none; smoke:death_processed_no_active_actions:pass_no_active_actions; delta={""friendly_field"":{""before"":[""DRGA_BOSS_05t""],""after"":[]},""friendly_graveyard"":{""before"":[],""after"":[""DRGA_BOSS_05t""]}}",非可收集/衍生或模式实体,no,XML,yes,pass_no_active_actions
17.6.0.53261,Year of the Dragon (YEAR_OF_THE_DRAGON),DRGA_BOSS_05t4,F.U.S.E.,爆弹机器人,Deathrattle,RED,none,partial,带亡语标记，但没有可解析的直接、条件增益或隐藏亡语效果；执行时无亡语动作。,"fireplace/cards/CardDefs.xml#DRGA_BOSS_05t4; Python definition: none; smoke:death_processed_no_active_actions:pass_no_active_actions; delta={""friendly_field"":{""before"":[""DRGA_BOSS_05t4""],""after"":[]},""friendly_graveyard"":{""before"":[],""after"":[""DRGA_BOSS_05t4""]}}",非可收集/衍生或模式实体,no,XML,yes,pass_no_active_actions
17.6.0.53261,Year of the Dragon (YEAR_OF_THE_DRAGON),DRGA_BOSS_08t,Wax Lance,蜡油长枪,Deathrattle,RED,none,partial,带亡语标记，但没有可解析的直接、条件增益或隐藏亡语效果；执行时无亡语动作。,"fireplace/cards/CardDefs.xml#DRGA_BOSS_08t; Python definition: none; smoke:death_processed_no_active_actions:pass_no_active_actions; delta={""friendly_graveyard"":{""before"":[],""after"":[""DRGA_BOSS_08t""]},""friendly_weapon"":{""before"":""DRGA_BOSS_08t"",""after"":null}}",非可收集/衍生或模式实体,no,XML,yes,pass_no_active_actions
17.6.0.53261,Year of the Dragon (YEAR_OF_THE_DRAGON),DRGA_BOSS_08t2,Living Candle,活体蜡烛,Deathrattle,RED,none,partial,带亡语标记，但没有可解析的直接、条件增益或隐藏亡语效果；执行时无亡语动作。,"fireplace/cards/CardDefs.xml#DRGA_BOSS_08t2; Python definition: none; smoke:death_processed_no_active_actions:pass_no_active_actions; delta={""friendly_field"":{""before"":[""DRGA_BOSS_08t2""],""after"":[]},""friendly_graveyard"":{""before"":[],""after"":[""DRGA_BOSS_08t2""]}}",非可收集/衍生或模式实体,no,XML,yes,pass_no_active_actions
17.6.0.53261,Year of the Dragon (YEAR_OF_THE_DRAGON),DRGA_BOSS_27t,Sr. Camel,高级骆驼,Deathrattle,RED,none,partial,带亡语标记，但没有可解析的直接、条件增益或隐藏亡语效果；执行时无亡语动作。,"fireplace/cards/CardDefs.xml#DRGA_BOSS_27t; Python definition: none; smoke:death_processed_no_active_actions:pass_no_active_actions; delta={""friendly_field"":{""before"":[""DRGA_BOSS_27t""],""after"":[]},""friendly_graveyard"":{""before"":[],""after"":[""DRGA_BOSS_27t""]}}",非可收集/衍生或模式实体,no,XML,yes,pass_no_active_actions
17.6.0.53261,Year of the Dragon (YEAR_OF_THE_DRAGON),YOD_026,Fiendish Servant,邪魔仆从,Deathrattle,YELLOW,implemented,partial,存在效果脚本；烟测仅验证执行和基础状态，缺少充分逐卡效果断言。,"fireplace/cards/CardDefs.xml#YOD_026; fireplace/cards/dragons/adventure.py:234; smoke:death_processed:pass; delta={""friendly_field"":{""before"":[""YOD_026""],""after"":[]},""friendly_graveyard"":{""before"":[],""after"":[""YOD_026""]}}",可收集,yes,XML,yes,pass
17.6.0.53261,Ashes of Outland (BLACK_TEMPLE),BTA_16,Rusted Fungal Giant,铁锈真菌巨人,Deathrattle,RED,none,partial,带亡语标记，但没有可解析的直接、条件增益或隐藏亡语效果；执行时无亡语动作。,"fireplace/cards/CardDefs.xml#BTA_16; Python definition: none; smoke:death_processed_no_active_actions:pass_no_active_actions; delta={""friendly_field"":{""before"":[""BTA_16""],""after"":[]},""friendly_graveyard"":{""before"":[],""after"":[""BTA_16""]}}",非可收集/衍生或模式实体,no,XML,yes,pass_no_active_actions
17.6.0.53261,Ashes of Outland (BLACK_TEMPLE),BTA_BOSS_10t,Glowcap Mushroom,亮顶蘑菇,Deathrattle,RED,none,partial,带亡语标记，但没有可解析的直接、条件增益或隐藏亡语效果；执行时无亡语动作。,"fireplace/cards/CardDefs.xml#BTA_BOSS_10t; Python definition: none; smoke:death_processed_no_active_actions:pass_no_active_actions; delta={""friendly_field"":{""before"":[""BTA_BOSS_10t""],""after"":[]},""friendly_graveyard"":{""before"":[],""after"":[""BTA_BOSS_10t""]}}",非可收集/衍生或模式实体,no,XML,yes,pass_no_active_actions
17.6.0.53261,Ashes of Outland (BLACK_TEMPLE),BTA_BOSS_16t,Fel Reactor,邪能反应堆,Deathrattle,RED,none,partial,带亡语标记，但没有可解析的直接、条件增益或隐藏亡语效果；执行时无亡语动作。,"fireplace/cards/CardDefs.xml#BTA_BOSS_16t; Python definition: none; smoke:death_processed_no_active_actions:pass_no_active_actions; delta={""friendly_field"":{""before"":[""BTA_BOSS_16t""],""after"":[]},""friendly_graveyard"":{""before"":[],""after"":[""BTA_BOSS_16t""]}}",非可收集/衍生或模式实体,no,XML,yes,pass_no_active_actions
17.6.0.53261,Ashes of Outland (BLACK_TEMPLE),BTA_BOSS_16t2,Hatred Reactor,仇恨反应堆,Deathrattle,RED,none,partial,带亡语标记，但没有可解析的直接、条件增益或隐藏亡语效果；执行时无亡语动作。,"fireplace/cards/CardDefs.xml#BTA_BOSS_16t2; Python definition: none; smoke:death_processed_no_active_actions:pass_no_active_actions; delta={""friendly_field"":{""before"":[""BTA_BOSS_16t2""],""after"":[]},""friendly_graveyard"":{""before"":[],""after"":[""BTA_BOSS_16t2""]}}",非可收集/衍生或模式实体,no,XML,yes,pass_no_active_actions
17.6.0.53261,Ashes of Outland (BLACK_TEMPLE),BTA_BOSS_20t,Manticron Cube,控制方格,Deathrattle,RED,none,partial,带亡语标记，但没有可解析的直接、条件增益或隐藏亡语效果；执行时无亡语动作。,"fireplace/cards/CardDefs.xml#BTA_BOSS_20t; Python definition: none; smoke:death_processed_no_active_actions:pass_no_active_actions; delta={""friendly_field"":{""before"":[""BTA_BOSS_20t""],""after"":[]},""friendly_graveyard"":{""before"":[],""after"":[""BTA_BOSS_20t""]}}",非可收集/衍生或模式实体,no,XML,yes,pass_no_active_actions
17.6.0.53261,Ashes of Outland (BLACK_TEMPLE),BT_008,Rustsworn Initiate,锈誓新兵,Deathrattle,YELLOW,implemented,partial,存在效果脚本；烟测仅验证执行和基础状态，缺少充分逐卡效果断言。,"fireplace/cards/CardDefs.xml#BT_008; fireplace/cards/outlands/neutral_common.py:8; smoke:death_processed:pass; delta={""friendly_field"":{""before"":[""BT_008""],""after"":[""BT_008t""]},""friendly_graveyard"":{""before"":[],""after"":[""BT_008""]}}",可收集,yes,XML,yes,pass
17.6.0.53261,Ashes of Outland (BLACK_TEMPLE),BT_014,Starscryer,星占师,Deathrattle,YELLOW,implemented,partial,存在效果脚本；烟测仅验证执行和基础状态，缺少充分逐卡效果断言。,"fireplace/cards/CardDefs.xml#BT_014; fireplace/cards/outlands/mage.py:18; smoke:death_processed:pass; delta={""friendly_field"":{""before"":[""BT_014""],""after"":[]},""friendly_graveyard"":{""before"":[],""after"":[""BT_014""]}}",可收集,yes,XML,yes,pass
17.6.0.53261,Ashes of Outland (BLACK_TEMPLE),BT_019,Murgur Murgurgle,莫戈尔·莫戈尔格,Deathrattle,YELLOW,implemented,partial,存在效果脚本；烟测仅验证执行和基础状态，缺少充分逐卡效果断言。,"fireplace/cards/CardDefs.xml#BT_019; fireplace/cards/outlands/paladin.py:17; smoke:death_processed_forced_fallback:pass_fallback; delta={""friendly_field"":{""before"":[""BT_019""],""after"":[]},""friendly_deck"":{""before"":0,""after"":1},""friendly_graveyard"":{""before"":[],""after"":[""BT_019""]}}",可收集；烟测使用强制死亡回退,yes,XML,yes,pass_fallback
17.6.0.53261,Ashes of Outland (BLACK_TEMPLE),BT_025e,Light's Wisdom,圣光的智慧,Deathrattle,YELLOW,implemented,no,存在效果脚本，但该实体需要特定上下文；通用烟测未执行。,fireplace/cards/CardDefs.xml#BT_025e; fireplace/cards/outlands/paladin.py:102; smoke:skipped_non_playable_type:skipped,非可收集/衍生或模式实体；XML 原始数据无亡语标记；Python 脚本合并后加入亡语标记,no,XML,no,skipped
17.6.0.53261,Ashes of Outland (BLACK_TEMPLE),BT_028,Astromancer Solarian,星术师索兰莉安,Deathrattle,YELLOW,implemented,partial,存在效果脚本；烟测仅验证执行和基础状态，缺少充分逐卡效果断言。,"fireplace/cards/CardDefs.xml#BT_028; fireplace/cards/outlands/mage.py:32; smoke:death_processed:pass; delta={""friendly_field"":{""before"":[""BT_028""],""after"":[]},""friendly_deck"":{""before"":0,""after"":1},""friendly_graveyard"":{""before"":[],""after"":[""BT_028""]}}",可收集,yes,XML,yes,pass
17.6.0.53261,Ashes of Outland (BLACK_TEMPLE),BT_101e,Glowcapped,菌光聚顶,Deathrattle,YELLOW,implemented,no,存在效果脚本，但该实体需要特定上下文；通用烟测未执行。,fireplace/cards/CardDefs.xml#BT_101e; fireplace/cards/outlands/shaman.py:93; smoke:skipped_non_playable_type:skipped,非可收集/衍生或模式实体,no,XML,yes,skipped
17.6.0.53261,Ashes of Outland (BLACK_TEMPLE),BT_109,Lady Vashj,瓦丝琪女士,Deathrattle,YELLOW,implemented,partial,存在效果脚本；烟测仅验证执行和基础状态，缺少充分逐卡效果断言。,"fireplace/cards/CardDefs.xml#BT_109; fireplace/cards/outlands/shaman.py:16; smoke:death_processed:pass; delta={""friendly_field"":{""before"":[""BT_109""],""after"":[]},""friendly_deck"":{""before"":0,""after"":1},""friendly_graveyard"":{""before"":[],""after"":[""BT_109""]}}",可收集,yes,XML,yes,pass
17.6.0.53261,Ashes of Outland (BLACK_TEMPLE),BT_123,Kargath Bladefist,卡加斯·刃拳,Deathrattle,YELLOW,implemented,partial,存在效果脚本；烟测仅验证执行和基础状态，缺少充分逐卡效果断言。,"fireplace/cards/CardDefs.xml#BT_123; fireplace/cards/outlands/warrior.py:36; smoke:death_processed:pass; delta={""friendly_field"":{""before"":[""BT_123""],""after"":[]},""friendly_deck"":{""before"":0,""after"":1},""friendly_graveyard"":{""before"":[],""after"":[""BT_123""]}}",可收集,yes,XML,yes,pass
17.6.0.53261,Ashes of Outland (BLACK_TEMPLE),BT_126,Teron Gorefiend,塔隆·血魔,Deathrattle,GREEN,implemented,yes,本轮真实出牌及前置条件复现通过，核心亡语效果、区域变化和结果均有断言。,"fireplace/cards/CardDefs.xml#BT_126; fireplace/cards/outlands/neutral_legendary.py:8; tests/test_carddb.py:49:test_deathrattle_scripts; smoke:death_processed_no_active_actions:pass_no_active_actions; delta={""friendly_field"":{""before"":[""BT_126""],""after"":[]},""friendly_graveyard"":{""before"":[],""after"":[""BT_126""]}}; prereq:pass;assertions={""battlecry_destroyed_victim"":true,""battlecry_attached_deathrattle"":true,""teron_processed_death"":true,""victim_resummoned_buffed"":true};observations={""victim_zone_after_battlecry"":""Zone.GRAVEYARD"",""teron_zone_before_death"":""Zone.PLAY"",""teron_buffs"":[""BT_126e""],""deathrattle_action_count"":1,""teron_zone_after_death"":""Zone.GRAVEYARD"",""revived"":[{""id"":""CS2_231"",""atk"":2,""m",可收集；条件增益或隐藏亡语；本体 deathrattle 字段为空并非未实现,yes,XML,yes,pass_no_active_actions
17.6.0.53261,Ashes of Outland (BLACK_TEMPLE),BT_126e,Shadowy Construct,阴暗构造体,Deathrattle,YELLOW,implemented,no,存在效果脚本，但该实体需要特定上下文；通用烟测未执行。,fireplace/cards/CardDefs.xml#BT_126e; fireplace/cards/outlands/neutral_legendary.py:18; smoke:skipped_non_playable_type:skipped,非可收集/衍生或模式实体；XML 原始数据无亡语标记；Python 脚本合并后加入亡语标记,no,XML,no,skipped
17.6.0.53261,Ashes of Outland (BLACK_TEMPLE),BT_136,Archspore Msshi'fn,孢子首领姆希菲,Deathrattle,YELLOW,implemented,partial,存在效果脚本；烟测仅验证执行和基础状态，缺少充分逐卡效果断言。,"fireplace/cards/CardDefs.xml#BT_136; fireplace/cards/outlands/druid.py:38; smoke:death_processed:pass; delta={""friendly_field"":{""before"":[""BT_136""],""after"":[]},""friendly_deck"":{""before"":0,""after"":1},""friendly_graveyard"":{""before"":[],""after"":[""BT_136""]}}",可收集,yes,XML,yes,pass
17.6.0.53261,Ashes of Outland (BLACK_TEMPLE),BT_155,Scrapyard Colossus,废料场巨像,Deathrattle,YELLOW,implemented,partial,存在效果脚本；烟测仅验证执行和基础状态，缺少充分逐卡效果断言。,"fireplace/cards/CardDefs.xml#BT_155; fireplace/cards/outlands/neutral_rare.py:8; smoke:death_processed:pass; delta={""friendly_field"":{""before"":[""BT_155""],""after"":[""BT_155t""]},""friendly_graveyard"":{""before"":[],""after"":[""BT_155""]}}",可收集,yes,XML,yes,pass
17.6.0.53261,Ashes of Outland (BLACK_TEMPLE),BT_160e,Rustsworn Pact,锈誓契约,Deathrattle,YELLOW,implemented,no,存在效果脚本，但该实体需要特定上下文；通用烟测未执行。,fireplace/cards/CardDefs.xml#BT_160e; fireplace/cards/outlands/neutral_common.py:48; smoke:skipped_non_playable_type:skipped,非可收集/衍生或模式实体；XML 原始数据无亡语标记；Python 脚本合并后加入亡语标记,no,XML,no,skipped
17.6.0.53261,Ashes of Outland (BLACK_TEMPLE),BT_197,Reliquary of Souls,灵魂之匣,Deathrattle,YELLOW,implemented,partial,存在效果脚本；烟测仅验证执行和基础状态，缺少充分逐卡效果断言。,"fireplace/cards/CardDefs.xml#BT_197; fireplace/cards/outlands/priest.py:8; tests/test_controller.py:230:test_observation_exposes_public_minion_statuses_on_both_boards; smoke:death_processed:pass; delta={""friendly_field"":{""before"":[""BT_197""],""after"":[]},""friendly_deck"":{""before"":0,""after"":1},""friendly_graveyard"":{""before"":[],""after"":[""BT_197""]}}",可收集,yes,XML,yes,pass
17.6.0.53261,Ashes of Outland (BLACK_TEMPLE),BT_201,Augmented Porcupine,强能箭猪,Deathrattle,YELLOW,implemented,partial,存在效果脚本；烟测仅验证执行和基础状态，缺少充分逐卡效果断言。,"fireplace/cards/CardDefs.xml#BT_201; fireplace/cards/outlands/hunter.py:8; smoke:death_processed:pass; delta={""friendly_field"":{""before"":[""BT_201""],""after"":[]},""friendly_graveyard"":{""before"":[],""after"":[""BT_201""]},""enemy_hero"":{""before"":{""health"":30,""armor"":0},""after"":{""health"":28,""armor"":0}}}",可收集,yes,XML,yes,pass
17.6.0.53261,Ashes of Outland (BLACK_TEMPLE),BT_202,Helboar,地狱野猪,Deathrattle,YELLOW,implemented,partial,存在效果脚本；烟测仅验证执行和基础状态，缺少充分逐卡效果断言。,"fireplace/cards/CardDefs.xml#BT_202; fireplace/cards/outlands/hunter.py:16; smoke:death_processed:pass; delta={""friendly_field"":{""before"":[""BT_202""],""after"":[]},""friendly_graveyard"":{""before"":[],""after"":[""BT_202""]}}",可收集,yes,XML,yes,pass
17.6.0.53261,Ashes of Outland (BLACK_TEMPLE),BT_210,"Zixor, Apex Predator",顶级捕食者兹克索尔,Deathrattle,YELLOW,implemented,partial,存在效果脚本；烟测仅验证执行和基础状态，缺少充分逐卡效果断言。,"fireplace/cards/CardDefs.xml#BT_210; fireplace/cards/outlands/hunter.py:26; smoke:death_processed:pass; delta={""friendly_field"":{""before"":[""BT_210""],""after"":[]},""friendly_deck"":{""before"":0,""after"":1},""friendly_graveyard"":{""before"":[],""after"":[""BT_210""]}}",可收集,yes,XML,yes,pass
17.6.0.53261,Ashes of Outland (BLACK_TEMPLE),BT_249,Scrap Golem,废铁魔像,Deathrattle,YELLOW,implemented,partial,存在效果脚本；烟测仅验证执行和基础状态，缺少充分逐卡效果断言。,"fireplace/cards/CardDefs.xml#BT_249; fireplace/cards/outlands/warrior.py:72; smoke:death_processed:pass; delta={""friendly_field"":{""before"":[""BT_249""],""after"":[]},""friendly_graveyard"":{""before"":[],""after"":[""BT_249""]},""friendly_hero"":{""before"":{""health"":30,""armor"":0},""after"":{""health"":30,""armor"":4}}}",可收集,yes,XML,yes,pass
17.6.0.53261,Ashes of Outland (BLACK_TEMPLE),BT_304,Enhanced Dreadlord,改进型恐惧魔王,Deathrattle,YELLOW,implemented,partial,存在效果脚本；烟测仅验证执行和基础状态，缺少充分逐卡效果断言。,"fireplace/cards/CardDefs.xml#BT_304; fireplace/cards/outlands/warlock.py:28; smoke:death_processed:pass; delta={""friendly_field"":{""before"":[""BT_304""],""after"":[""BT_304t""]},""friendly_graveyard"":{""before"":[],""after"":[""BT_304""]}}",可收集,yes,XML,yes,pass
17.6.0.53261,Ashes of Outland (BLACK_TEMPLE),BT_309,Kanrethad Ebonlocke,坎雷萨德·埃伯洛克,Deathrattle,YELLOW,implemented,partial,存在效果脚本；烟测仅验证执行和基础状态，缺少充分逐卡效果断言。,"fireplace/cards/CardDefs.xml#BT_309; fireplace/cards/outlands/warlock.py:56; smoke:death_processed:pass; delta={""friendly_field"":{""before"":[""BT_309""],""after"":[]},""friendly_deck"":{""before"":0,""after"":1},""friendly_graveyard"":{""before"":[],""after"":[""BT_309""]}}",可收集,yes,XML,yes,pass
17.6.0.53261,Ashes of Outland (BLACK_TEMPLE),BT_509,Fel Summoner,邪能召唤师,Deathrattle,YELLOW,implemented,partial,存在效果脚本；烟测仅验证执行和基础状态，缺少充分逐卡效果断言。,"fireplace/cards/CardDefs.xml#BT_509; fireplace/cards/outlands/demonhunter.py:55; smoke:death_processed:pass; delta={""friendly_field"":{""before"":[""BT_509""],""after"":[]},""friendly_graveyard"":{""before"":[],""after"":[""BT_509""]}}",可收集,yes,XML,yes,pass
17.6.0.53261,Ashes of Outland (BLACK_TEMPLE),BT_703,Cursed Vagrant,被诅咒的流浪者,Deathrattle,YELLOW,implemented,partial,存在效果脚本；烟测仅验证执行和基础状态，缺少充分逐卡效果断言。,"fireplace/cards/CardDefs.xml#BT_703; fireplace/cards/outlands/rogue.py:34; smoke:death_processed:pass; delta={""friendly_field"":{""before"":[""BT_703""],""after"":[""BT_703t""]},""friendly_graveyard"":{""before"":[],""after"":[""BT_703""]}}",可收集,yes,XML,yes,pass
17.6.0.53261,Ashes of Outland (BLACK_TEMPLE),BT_713,Akama,阿卡玛,Deathrattle,YELLOW,implemented,partial,存在效果脚本；烟测仅验证执行和基础状态，缺少充分逐卡效果断言。,"fireplace/cards/CardDefs.xml#BT_713; fireplace/cards/outlands/rogue.py:68; smoke:death_processed:pass; delta={""friendly_field"":{""before"":[""BT_713""],""after"":[]},""friendly_deck"":{""before"":0,""after"":1},""friendly_graveyard"":{""before"":[],""after"":[""BT_713""]}}",可收集,yes,XML,yes,pass
17.6.0.53261,Ashes of Outland (BLACK_TEMPLE),BT_726,Dragonmaw Sky Stalker,龙喉巡天者,Deathrattle,YELLOW,implemented,partial,存在效果脚本；烟测仅验证执行和基础状态，缺少充分逐卡效果断言。,"fireplace/cards/CardDefs.xml#BT_726; fireplace/cards/outlands/neutral_common.py:141; smoke:death_processed:pass; delta={""friendly_field"":{""before"":[""BT_726""],""after"":[""BT_726t""]},""friendly_graveyard"":{""before"":[],""after"":[""BT_726""]}}",可收集,yes,XML,yes,pass
17.6.0.53261,Ashes of Outland (BLACK_TEMPLE),BT_728,Disguised Wanderer,变装游荡者,Deathrattle,YELLOW,implemented,partial,存在效果脚本；烟测仅验证执行和基础状态，缺少充分逐卡效果断言。,"fireplace/cards/CardDefs.xml#BT_728; fireplace/cards/outlands/neutral_common.py:155; smoke:death_processed:pass; delta={""friendly_field"":{""before"":[""BT_728""],""after"":[""BT_728t""]},""friendly_graveyard"":{""before"":[],""after"":[""BT_728""]}}",可收集,yes,XML,yes,pass
17.6.0.53261,Ashes of Outland (BLACK_TEMPLE),BT_735,Al'ar,奥,Deathrattle,YELLOW,implemented,partial,存在效果脚本；烟测仅验证执行和基础状态，缺少充分逐卡效果断言。,"fireplace/cards/CardDefs.xml#BT_735; fireplace/cards/outlands/neutral_legendary.py:39; smoke:death_processed:pass; delta={""friendly_field"":{""before"":[""BT_735""],""after"":[""BT_735t""]},""friendly_graveyard"":{""before"":[],""after"":[""BT_735""]}}",可收集,yes,XML,yes,pass
17.6.0.53261,Ashes of Outland (BLACK_TEMPLE),BT_761,Coilfang Warlord,盘牙督军,Deathrattle,YELLOW,implemented,partial,存在效果脚本；烟测仅验证执行和基础状态，缺少充分逐卡效果断言。,"fireplace/cards/CardDefs.xml#BT_761; fireplace/cards/outlands/demonhunter.py:62; smoke:death_processed:pass; delta={""friendly_field"":{""before"":[""BT_761""],""after"":[""BT_761t""]},""friendly_graveyard"":{""before"":[],""after"":[""BT_761""]}}",可收集,yes,XML,yes,pass
17.6.0.53261,Ashes of Outland (BLACK_TEMPLE),Prologue_Jarod,Jarod Shadowsong,加洛德·影歌,Deathrattle,RED,none,partial,带亡语标记，但没有可解析的直接、条件增益或隐藏亡语效果；执行时无亡语动作。,"fireplace/cards/CardDefs.xml#Prologue_Jarod; Python definition: none; smoke:death_processed_no_active_actions:pass_no_active_actions; delta={""friendly_field"":{""before"":[""Prologue_Jarod""],""after"":[]},""friendly_graveyard"":{""before"":[],""after"":[""Prologue_Jarod""]}}",非可收集/衍生或模式实体,no,XML,yes,pass_no_active_actions
17.6.0.53261,Ashes of Outland (BLACK_TEMPLE),Prologue_UnstableEnergy3,Fel Unstable Energy,不稳定的邪能能量,Deathrattle,RED,none,partial,带亡语标记，但没有可解析的直接、条件增益或隐藏亡语效果；执行时无亡语动作。,"fireplace/cards/CardDefs.xml#Prologue_UnstableEnergy3; Python definition: none; smoke:death_processed_no_active_actions:pass_no_active_actions; delta={""friendly_field"":{""before"":[""Prologue_UnstableEnergy3""],""after"":[]},""friendly_graveyard"":{""before"":[],""after"":[""Prologue_UnstableEnergy3""]}}",非可收集/衍生或模式实体,no,XML,yes,pass_no_active_actions
17.6.0.53261,Wild Event (WILD_EVENT),WE1_036,Sylvanas Windrunner,希尔瓦娜斯·风行者,Deathrattle,YELLOW,implemented,partial,存在效果脚本；烟测仅验证执行和基础状态，缺少充分逐卡效果断言。,"fireplace/cards/CardDefs.xml#WE1_036; fireplace/cards/classic/neutral_legendary.py:38; smoke:death_processed:pass; delta={""friendly_field"":{""before"":[""WE1_036""],""after"":[]},""friendly_graveyard"":{""before"":[],""after"":[""WE1_036""]}}",非可收集/衍生或模式实体,no,XML,yes,pass
17.6.0.53261,Scholomance Academy (SCHOLOMANCE),SCH_199t14,Transfer Student,转校生,Deathrattle,YELLOW,implemented,partial,存在效果脚本；烟测仅验证执行和基础状态，缺少充分逐卡效果断言。,"fireplace/cards/CardDefs.xml#SCH_199t14; fireplace/cards/scholomance/transfer_student.py:154; smoke:death_processed:pass; delta={""friendly_field"":{""before"":[""SCH_199t14""],""after"":[]},""friendly_hand"":{""before"":0,""after"":1},""friendly_graveyard"":{""before"":[],""after"":[""SCH_199t14""]}}",非可收集/衍生或模式实体,no,XML,yes,pass
17.6.0.53261,Scholomance Academy (SCHOLOMANCE),SCH_199t5,Transfer Student,转校生,Deathrattle,YELLOW,implemented,partial,存在效果脚本；烟测仅验证执行和基础状态，缺少充分逐卡效果断言。,"fireplace/cards/CardDefs.xml#SCH_199t5; fireplace/cards/scholomance/transfer_student.py:75; smoke:death_processed:pass; delta={""friendly_field"":{""before"":[""SCH_199t5""],""after"":[]},""friendly_hand"":{""before"":0,""after"":1},""friendly_graveyard"":{""before"":[],""after"":[""SCH_199t5""]}}",非可收集/衍生或模式实体,no,XML,yes,pass
17.6.0.53261,Scholomance Academy (SCHOLOMANCE),SCH_199t6,Transfer Student,转校生,Deathrattle,YELLOW,implemented,partial,存在效果脚本；烟测仅验证执行和基础状态，缺少充分逐卡效果断言。,"fireplace/cards/CardDefs.xml#SCH_199t6; fireplace/cards/scholomance/transfer_student.py:82; smoke:death_processed:pass; delta={""friendly_field"":{""before"":[""SCH_199t6""],""after"":[]},""friendly_graveyard"":{""before"":[],""after"":[""SCH_199t6""]}}",非可收集/衍生或模式实体,no,XML,yes,pass
17.6.0.53261,Battlegrounds (BATTLEGROUNDS),BGS_006,Sneed's Old Shredder,斯尼德的伐木机,Deathrattle,RED,none,partial,带亡语标记，但没有可解析的直接、条件增益或隐藏亡语效果；执行时无亡语动作。,"fireplace/cards/CardDefs.xml#BGS_006; Python definition: none; smoke:death_processed_no_active_actions:pass_no_active_actions; delta={""friendly_field"":{""before"":[""BGS_006""],""after"":[]},""friendly_graveyard"":{""before"":[],""after"":[""BGS_006""]}}",非可收集/衍生或模式实体,no,XML,yes,pass_no_active_actions
17.6.0.53261,Battlegrounds (BATTLEGROUNDS),BGS_008,Ghastcoiler,阴森巨蟒,Deathrattle,RED,none,partial,带亡语标记，但没有可解析的直接、条件增益或隐藏亡语效果；执行时无亡语动作。,"fireplace/cards/CardDefs.xml#BGS_008; Python definition: none; smoke:death_processed_no_active_actions:pass_no_active_actions; delta={""friendly_field"":{""before"":[""BGS_008""],""after"":[]},""friendly_graveyard"":{""before"":[],""after"":[""BGS_008""]}}",非可收集/衍生或模式实体,no,XML,yes,pass_no_active_actions
17.6.0.53261,Battlegrounds (BATTLEGROUNDS),BGS_012,Kangor's Apprentice,坎格尔的学徒,Deathrattle,RED,none,partial,带亡语标记，但没有可解析的直接、条件增益或隐藏亡语效果；执行时无亡语动作。,"fireplace/cards/CardDefs.xml#BGS_012; Python definition: none; smoke:death_processed_no_active_actions:pass_no_active_actions; delta={""friendly_field"":{""before"":[""BGS_012""],""after"":[]},""friendly_graveyard"":{""before"":[],""after"":[""BGS_012""]}}",非可收集/衍生或模式实体,no,XML,yes,pass_no_active_actions
17.6.0.53261,Battlegrounds (BATTLEGROUNDS),BGS_014,Imprisoner,小鬼囚徒,Deathrattle,RED,none,partial,带亡语标记，但没有可解析的直接、条件增益或隐藏亡语效果；执行时无亡语动作。,"fireplace/cards/CardDefs.xml#BGS_014; Python definition: none; smoke:death_processed_no_active_actions:pass_no_active_actions; delta={""friendly_field"":{""before"":[""BGS_014""],""after"":[]},""friendly_graveyard"":{""before"":[],""after"":[""BGS_014""]}}",非可收集/衍生或模式实体,no,XML,yes,pass_no_active_actions
17.6.0.53261,Battlegrounds (BATTLEGROUNDS),BGS_018,"Goldrinn, the Great Wolf",巨狼戈德林,Deathrattle,RED,none,partial,带亡语标记，但没有可解析的直接、条件增益或隐藏亡语效果；执行时无亡语动作。,"fireplace/cards/CardDefs.xml#BGS_018; Python definition: none; smoke:death_processed_no_active_actions:pass_no_active_actions; delta={""friendly_field"":{""before"":[""BGS_018""],""after"":[]},""friendly_graveyard"":{""before"":[],""after"":[""BGS_018""]}}",非可收集/衍生或模式实体,no,XML,yes,pass_no_active_actions
17.6.0.53261,Battlegrounds (BATTLEGROUNDS),BGS_023,Piloted Shredder,载人收割机,Deathrattle,RED,none,partial,带亡语标记，但没有可解析的直接、条件增益或隐藏亡语效果；执行时无亡语动作。,"fireplace/cards/CardDefs.xml#BGS_023; Python definition: none; smoke:death_processed_no_active_actions:pass_no_active_actions; delta={""friendly_field"":{""before"":[""BGS_023""],""after"":[]},""friendly_graveyard"":{""before"":[],""after"":[""BGS_023""]}}",非可收集/衍生或模式实体,no,XML,yes,pass_no_active_actions
17.6.0.53261,Battlegrounds (BATTLEGROUNDS),BGS_024,Piloted Sky Golem,载人飞天魔像,Deathrattle,RED,none,partial,带亡语标记，但没有可解析的直接、条件增益或隐藏亡语效果；执行时无亡语动作。,"fireplace/cards/CardDefs.xml#BGS_024; Python definition: none; smoke:death_processed_no_active_actions:pass_no_active_actions; delta={""friendly_field"":{""before"":[""BGS_024""],""after"":[]},""friendly_graveyard"":{""before"":[],""after"":[""BGS_024""]}}",非可收集/衍生或模式实体,no,XML,yes,pass_no_active_actions
17.6.0.53261,Battlegrounds (BATTLEGROUNDS),BGS_025,Mounted Raptor,骑乘迅猛龙,Deathrattle,RED,none,partial,带亡语标记，但没有可解析的直接、条件增益或隐藏亡语效果；执行时无亡语动作。,"fireplace/cards/CardDefs.xml#BGS_025; Python definition: none; smoke:death_processed_no_active_actions:pass_no_active_actions; delta={""friendly_field"":{""before"":[""BGS_025""],""after"":[]},""friendly_graveyard"":{""before"":[],""after"":[""BGS_025""]}}",非可收集/衍生或模式实体,no,XML,yes,pass_no_active_actions
17.6.0.53261,Battlegrounds (BATTLEGROUNDS),BGS_030,King Bagurgle,拜戈尔格国王,Deathrattle,RED,none,partial,带亡语标记，但没有可解析的直接、条件增益或隐藏亡语效果；执行时无亡语动作。,"fireplace/cards/CardDefs.xml#BGS_030; Python definition: none; smoke:death_processed_no_active_actions:pass_no_active_actions; delta={""friendly_field"":{""before"":[""BGS_030""],""after"":[]},""friendly_graveyard"":{""before"":[],""after"":[""BGS_030""]}}",非可收集/衍生或模式实体,no,XML,yes,pass_no_active_actions
17.6.0.53261,Battlegrounds (BATTLEGROUNDS),BGS_040,Nadina the Red,红衣纳迪娜,Deathrattle,RED,none,partial,带亡语标记，但没有可解析的直接、条件增益或隐藏亡语效果；执行时无亡语动作。,"fireplace/cards/CardDefs.xml#BGS_040; Python definition: none; smoke:death_processed_no_active_actions:pass_no_active_actions; delta={""friendly_field"":{""before"":[""BGS_040""],""after"":[]},""friendly_graveyard"":{""before"":[],""after"":[""BGS_040""]}}",非可收集/衍生或模式实体,no,XML,yes,pass_no_active_actions
17.6.0.53261,Battlegrounds (BATTLEGROUNDS),BGS_061,Scallywag,海盗无赖,Deathrattle,RED,none,partial,带亡语标记，但没有可解析的直接、条件增益或隐藏亡语效果；执行时无亡语动作。,"fireplace/cards/CardDefs.xml#BGS_061; Python definition: none; smoke:death_processed_no_active_actions:pass_no_active_actions; delta={""friendly_field"":{""before"":[""BGS_061""],""after"":[]},""friendly_graveyard"":{""before"":[],""after"":[""BGS_061""]}}",非可收集/衍生或模式实体,no,XML,yes,pass_no_active_actions
17.6.0.53261,Battlegrounds (BATTLEGROUNDS),BGS_079,The Tide Razor,海浪剃刀号,Deathrattle,RED,none,partial,带亡语标记，但没有可解析的直接、条件增益或隐藏亡语效果；执行时无亡语动作。,"fireplace/cards/CardDefs.xml#BGS_079; Python definition: none; smoke:death_processed_no_active_actions:pass_no_active_actions; delta={""friendly_field"":{""before"":[""BGS_079""],""after"":[]},""friendly_graveyard"":{""before"":[],""after"":[""BGS_079""]}}",非可收集/衍生或模式实体,no,XML,yes,pass_no_active_actions
17.6.0.53261,Battlegrounds (BATTLEGROUNDS),TB_BaconUps_002,Mecharoo,机械袋鼠,Deathrattle,RED,none,partial,带亡语标记，但没有可解析的直接、条件增益或隐藏亡语效果；执行时无亡语动作。,"fireplace/cards/CardDefs.xml#TB_BaconUps_002; Python definition: none; smoke:death_processed_no_active_actions:pass_no_active_actions; delta={""friendly_field"":{""before"":[""TB_BaconUps_002""],""after"":[]},""friendly_graveyard"":{""before"":[],""after"":[""TB_BaconUps_002""]}}",非可收集/衍生或模式实体,no,XML,yes,pass_no_active_actions
17.6.0.53261,Battlegrounds (BATTLEGROUNDS),TB_BaconUps_004,Kindly Grandmother,慈祥的外婆,Deathrattle,RED,none,partial,带亡语标记，但没有可解析的直接、条件增益或隐藏亡语效果；执行时无亡语动作。,"fireplace/cards/CardDefs.xml#TB_BaconUps_004; Python definition: none; smoke:death_processed_no_active_actions:pass_no_active_actions; delta={""friendly_field"":{""before"":[""TB_BaconUps_004""],""after"":[]},""friendly_graveyard"":{""before"":[],""after"":[""TB_BaconUps_004""]}}",非可收集/衍生或模式实体,no,XML,yes,pass_no_active_actions
17.6.0.53261,Battlegrounds (BATTLEGROUNDS),TB_BaconUps_006,Harvest Golem,麦田傀儡,Deathrattle,RED,none,partial,带亡语标记，但没有可解析的直接、条件增益或隐藏亡语效果；执行时无亡语动作。,"fireplace/cards/CardDefs.xml#TB_BaconUps_006; Python definition: none; smoke:death_processed_no_active_actions:pass_no_active_actions; delta={""friendly_field"":{""before"":[""TB_BaconUps_006""],""after"":[]},""friendly_graveyard"":{""before"":[],""after"":[""TB_BaconUps_006""]}}",非可收集/衍生或模式实体,no,XML,yes,pass_no_active_actions
17.6.0.53261,Battlegrounds (BATTLEGROUNDS),TB_BaconUps_014,Selfless Hero,无私的英雄,Deathrattle,RED,none,partial,带亡语标记，但没有可解析的直接、条件增益或隐藏亡语效果；执行时无亡语动作。,"fireplace/cards/CardDefs.xml#TB_BaconUps_014; Python definition: none; smoke:death_processed_no_active_actions:pass_no_active_actions; delta={""friendly_field"":{""before"":[""TB_BaconUps_014""],""after"":[]},""friendly_graveyard"":{""before"":[],""after"":[""TB_BaconUps_014""]}}",非可收集/衍生或模式实体,no,XML,yes,pass_no_active_actions
17.6.0.53261,Battlegrounds (BATTLEGROUNDS),TB_BaconUps_019,Mounted Raptor,骑乘迅猛龙,Deathrattle,RED,none,partial,带亡语标记，但没有可解析的直接、条件增益或隐藏亡语效果；执行时无亡语动作。,"fireplace/cards/CardDefs.xml#TB_BaconUps_019; Python definition: none; smoke:death_processed_no_active_actions:pass_no_active_actions; delta={""friendly_field"":{""before"":[""TB_BaconUps_019""],""after"":[]},""friendly_graveyard"":{""before"":[],""after"":[""TB_BaconUps_019""]}}",非可收集/衍生或模式实体,no,XML,yes,pass_no_active_actions
17.6.0.53261,Battlegrounds (BATTLEGROUNDS),TB_BaconUps_025,Spawn of N'Zoth,恩佐斯的子嗣,Deathrattle,RED,none,partial,带亡语标记，但没有可解析的直接、条件增益或隐藏亡语效果；执行时无亡语动作。,"fireplace/cards/CardDefs.xml#TB_BaconUps_025; Python definition: none; smoke:death_processed_no_active_actions:pass_no_active_actions; delta={""friendly_field"":{""before"":[""TB_BaconUps_025""],""after"":[]},""friendly_graveyard"":{""before"":[],""after"":[""TB_BaconUps_025""]}}",非可收集/衍生或模式实体,no,XML,yes,pass_no_active_actions
17.6.0.53261,Battlegrounds (BATTLEGROUNDS),TB_BaconUps_026,Infested Wolf,寄生恶狼,Deathrattle,RED,none,partial,带亡语标记，但没有可解析的直接、条件增益或隐藏亡语效果；执行时无亡语动作。,"fireplace/cards/CardDefs.xml#TB_BaconUps_026; Python definition: none; smoke:death_processed_no_active_actions:pass_no_active_actions; delta={""friendly_field"":{""before"":[""TB_BaconUps_026""],""after"":[]},""friendly_graveyard"":{""before"":[],""after"":[""TB_BaconUps_026""]}}",非可收集/衍生或模式实体,no,XML,yes,pass_no_active_actions
17.6.0.53261,Battlegrounds (BATTLEGROUNDS),TB_BaconUps_027,Rat Pack,瘟疫鼠群,Deathrattle,RED,none,partial,带亡语标记，但没有可解析的直接、条件增益或隐藏亡语效果；执行时无亡语动作。,"fireplace/cards/CardDefs.xml#TB_BaconUps_027; Python definition: none; smoke:death_processed_no_active_actions:pass_no_active_actions; delta={""friendly_field"":{""before"":[""TB_BaconUps_027""],""after"":[]},""friendly_graveyard"":{""before"":[],""after"":[""TB_BaconUps_027""]}}",非可收集/衍生或模式实体,no,XML,yes,pass_no_active_actions
17.6.0.53261,Battlegrounds (BATTLEGROUNDS),TB_BaconUps_028,Kaboom Bot,爆爆机器人,Deathrattle,RED,none,partial,带亡语标记，但没有可解析的直接、条件增益或隐藏亡语效果；执行时无亡语动作。,"fireplace/cards/CardDefs.xml#TB_BaconUps_028; Python definition: none; smoke:death_processed_no_active_actions:pass_no_active_actions; delta={""friendly_field"":{""before"":[""TB_BaconUps_028""],""after"":[]},""friendly_graveyard"":{""before"":[],""after"":[""TB_BaconUps_028""]}}",非可收集/衍生或模式实体,no,XML,yes,pass_no_active_actions
17.6.0.53261,Battlegrounds (BATTLEGROUNDS),TB_BaconUps_031,Tortollan Shellraiser,始祖龟执盾者,Deathrattle,RED,none,partial,带亡语标记，但没有可解析的直接、条件增益或隐藏亡语效果；执行时无亡语动作。,"fireplace/cards/CardDefs.xml#TB_BaconUps_031; Python definition: none; smoke:death_processed_no_active_actions:pass_no_active_actions; delta={""friendly_field"":{""before"":[""TB_BaconUps_031""],""after"":[]},""friendly_graveyard"":{""before"":[],""after"":[""TB_BaconUps_031""]}}",非可收集/衍生或模式实体,no,XML,yes,pass_no_active_actions
17.6.0.53261,Battlegrounds (BATTLEGROUNDS),TB_BaconUps_032,Replicating Menace,量产型恐吓机,Deathrattle,RED,none,partial,带亡语标记，但没有可解析的直接、条件增益或隐藏亡语效果；执行时无亡语动作。,"fireplace/cards/CardDefs.xml#TB_BaconUps_032; Python definition: none; smoke:death_processed_no_active_actions:pass_no_active_actions; delta={""friendly_field"":{""before"":[""TB_BaconUps_032""],""after"":[]},""friendly_graveyard"":{""before"":[],""after"":[""TB_BaconUps_032""]}}",非可收集/衍生或模式实体,no,XML,yes,pass_no_active_actions
17.6.0.53261,Battlegrounds (BATTLEGROUNDS),TB_BaconUps_035,Piloted Shredder,载人收割机,Deathrattle,RED,none,partial,带亡语标记，但没有可解析的直接、条件增益或隐藏亡语效果；执行时无亡语动作。,"fireplace/cards/CardDefs.xml#TB_BaconUps_035; Python definition: none; smoke:death_processed_no_active_actions:pass_no_active_actions; delta={""friendly_field"":{""before"":[""TB_BaconUps_035""],""after"":[]},""friendly_graveyard"":{""before"":[],""after"":[""TB_BaconUps_035""]}}",非可收集/衍生或模式实体,no,XML,yes,pass_no_active_actions
17.6.0.53261,Battlegrounds (BATTLEGROUNDS),TB_BaconUps_039,Mechano-Egg,机械蛋,Deathrattle,RED,none,partial,带亡语标记，但没有可解析的直接、条件增益或隐藏亡语效果；执行时无亡语动作。,"fireplace/cards/CardDefs.xml#TB_BaconUps_039; Python definition: none; smoke:death_processed_no_active_actions:pass_no_active_actions; delta={""friendly_field"":{""before"":[""TB_BaconUps_039""],""after"":[]},""friendly_graveyard"":{""before"":[],""after"":[""TB_BaconUps_039""]}}",非可收集/衍生或模式实体,no,XML,yes,pass_no_active_actions
17.6.0.53261,Battlegrounds (BATTLEGROUNDS),TB_BaconUps_040,Safeguard,机械保险箱,Deathrattle,RED,none,partial,带亡语标记，但没有可解析的直接、条件增益或隐藏亡语效果；执行时无亡语动作。,"fireplace/cards/CardDefs.xml#TB_BaconUps_040; Python definition: none; smoke:death_processed_no_active_actions:pass_no_active_actions; delta={""friendly_field"":{""before"":[""TB_BaconUps_040""],""after"":[]},""friendly_graveyard"":{""before"":[],""after"":[""TB_BaconUps_040""]}}",非可收集/衍生或模式实体,no,XML,yes,pass_no_active_actions
17.6.0.53261,Battlegrounds (BATTLEGROUNDS),TB_BaconUps_042,The Beast,比斯巨兽,Deathrattle,RED,none,partial,带亡语标记，但没有可解析的直接、条件增益或隐藏亡语效果；执行时无亡语动作。,"fireplace/cards/CardDefs.xml#TB_BaconUps_042; Python definition: none; smoke:death_processed_no_active_actions:pass_no_active_actions; delta={""friendly_field"":{""before"":[""TB_BaconUps_042""],""after"":[]},""friendly_graveyard"":{""before"":[],""after"":[""TB_BaconUps_042""]}}",非可收集/衍生或模式实体,no,XML,yes,pass_no_active_actions
17.6.0.53261,Battlegrounds (BATTLEGROUNDS),TB_BaconUps_049,Savannah Highmane,长鬃草原狮,Deathrattle,RED,none,partial,带亡语标记，但没有可解析的直接、条件增益或隐藏亡语效果；执行时无亡语动作。,"fireplace/cards/CardDefs.xml#TB_BaconUps_049; Python definition: none; smoke:death_processed_no_active_actions:pass_no_active_actions; delta={""friendly_field"":{""before"":[""TB_BaconUps_049""],""after"":[]},""friendly_graveyard"":{""before"":[],""after"":[""TB_BaconUps_049""]}}",非可收集/衍生或模式实体,no,XML,yes,pass_no_active_actions
17.6.0.53261,Battlegrounds (BATTLEGROUNDS),TB_BaconUps_050,Piloted Sky Golem,载人飞天魔像,Deathrattle,RED,none,partial,带亡语标记，但没有可解析的直接、条件增益或隐藏亡语效果；执行时无亡语动作。,"fireplace/cards/CardDefs.xml#TB_BaconUps_050; Python definition: none; smoke:death_processed_no_active_actions:pass_no_active_actions; delta={""friendly_field"":{""before"":[""TB_BaconUps_050""],""after"":[]},""friendly_graveyard"":{""before"":[],""after"":[""TB_BaconUps_050""]}}",非可收集/衍生或模式实体,no,XML,yes,pass_no_active_actions
17.6.0.53261,Battlegrounds (BATTLEGROUNDS),TB_BaconUps_052,Sated Threshadon,臃肿的蛇颈龙,Deathrattle,RED,none,partial,带亡语标记，但没有可解析的直接、条件增益或隐藏亡语效果；执行时无亡语动作。,"fireplace/cards/CardDefs.xml#TB_BaconUps_052; Python definition: none; smoke:death_processed_no_active_actions:pass_no_active_actions; delta={""friendly_field"":{""before"":[""TB_BaconUps_052""],""after"":[]},""friendly_graveyard"":{""before"":[],""after"":[""TB_BaconUps_052""]}}",非可收集/衍生或模式实体,no,XML,yes,pass_no_active_actions
17.6.0.53261,Battlegrounds (BATTLEGROUNDS),TB_BaconUps_057,Ghastcoiler,阴森巨蟒,Deathrattle,RED,none,partial,带亡语标记，但没有可解析的直接、条件增益或隐藏亡语效果；执行时无亡语动作。,"fireplace/cards/CardDefs.xml#TB_BaconUps_057; Python definition: none; smoke:death_processed_no_active_actions:pass_no_active_actions; delta={""friendly_field"":{""before"":[""TB_BaconUps_057""],""after"":[]},""friendly_graveyard"":{""before"":[],""after"":[""TB_BaconUps_057""]}}",非可收集/衍生或模式实体,no,XML,yes,pass_no_active_actions
17.6.0.53261,Battlegrounds (BATTLEGROUNDS),TB_BaconUps_059,Voidlord,虚空领主,Deathrattle,RED,none,partial,带亡语标记，但没有可解析的直接、条件增益或隐藏亡语效果；执行时无亡语动作。,"fireplace/cards/CardDefs.xml#TB_BaconUps_059; Python definition: none; smoke:death_processed_no_active_actions:pass_no_active_actions; delta={""friendly_field"":{""before"":[""TB_BaconUps_059""],""after"":[]},""friendly_graveyard"":{""before"":[],""after"":[""TB_BaconUps_059""]}}",非可收集/衍生或模式实体,no,XML,yes,pass_no_active_actions
17.6.0.53261,Battlegrounds (BATTLEGROUNDS),TB_BaconUps_080,Sneed's Old Shredder,斯尼德的伐木机,Deathrattle,RED,none,partial,带亡语标记，但没有可解析的直接、条件增益或隐藏亡语效果；执行时无亡语动作。,"fireplace/cards/CardDefs.xml#TB_BaconUps_080; Python definition: none; smoke:death_processed_no_active_actions:pass_no_active_actions; delta={""friendly_field"":{""before"":[""TB_BaconUps_080""],""after"":[]},""friendly_graveyard"":{""before"":[],""after"":[""TB_BaconUps_080""]}}",非可收集/衍生或模式实体,no,XML,yes,pass_no_active_actions
17.6.0.53261,Battlegrounds (BATTLEGROUNDS),TB_BaconUps_085,"Goldrinn, the Great Wolf",巨狼戈德林,Deathrattle,RED,none,partial,带亡语标记，但没有可解析的直接、条件增益或隐藏亡语效果；执行时无亡语动作。,"fireplace/cards/CardDefs.xml#TB_BaconUps_085; Python definition: none; smoke:death_processed_no_active_actions:pass_no_active_actions; delta={""friendly_field"":{""before"":[""TB_BaconUps_085""],""after"":[]},""friendly_graveyard"":{""before"":[],""after"":[""TB_BaconUps_085""]}}",非可收集/衍生或模式实体,no,XML,yes,pass_no_active_actions
17.6.0.53261,Battlegrounds (BATTLEGROUNDS),TB_BaconUps_087,Kangor's Apprentice,坎格尔的学徒,Deathrattle,RED,none,partial,带亡语标记，但没有可解析的直接、条件增益或隐藏亡语效果；执行时无亡语动作。,"fireplace/cards/CardDefs.xml#TB_BaconUps_087; Python definition: none; smoke:death_processed_no_active_actions:pass_no_active_actions; delta={""friendly_field"":{""before"":[""TB_BaconUps_087""],""after"":[]},""friendly_graveyard"":{""before"":[],""after"":[""TB_BaconUps_087""]}}",非可收集/衍生或模式实体,no,XML,yes,pass_no_active_actions
17.6.0.53261,Battlegrounds (BATTLEGROUNDS),TB_BaconUps_100,King Bagurgle,拜戈尔格国王,Deathrattle,RED,none,partial,带亡语标记，但没有可解析的直接、条件增益或隐藏亡语效果；执行时无亡语动作。,"fireplace/cards/CardDefs.xml#TB_BaconUps_100; Python definition: none; smoke:death_processed_no_active_actions:pass_no_active_actions; delta={""friendly_field"":{""before"":[""TB_BaconUps_100""],""after"":[]},""friendly_graveyard"":{""before"":[],""after"":[""TB_BaconUps_100""]}}",非可收集/衍生或模式实体,no,XML,yes,pass_no_active_actions
17.6.0.53261,Battlegrounds (BATTLEGROUNDS),TB_BaconUps_112,Fiendish Servant,邪魔仆从,Deathrattle,RED,none,partial,带亡语标记，但没有可解析的直接、条件增益或隐藏亡语效果；执行时无亡语动作。,"fireplace/cards/CardDefs.xml#TB_BaconUps_112; Python definition: none; smoke:death_processed_no_active_actions:pass_no_active_actions; delta={""friendly_field"":{""before"":[""TB_BaconUps_112""],""after"":[]},""friendly_graveyard"":{""before"":[],""after"":[""TB_BaconUps_112""]}}",非可收集/衍生或模式实体,no,XML,yes,pass_no_active_actions
17.6.0.53261,Battlegrounds (BATTLEGROUNDS),TB_BaconUps_113,Imprisoner,小鬼囚徒,Deathrattle,RED,none,partial,带亡语标记，但没有可解析的直接、条件增益或隐藏亡语效果；执行时无亡语动作。,"fireplace/cards/CardDefs.xml#TB_BaconUps_113; Python definition: none; smoke:death_processed_no_active_actions:pass_no_active_actions; delta={""friendly_field"":{""before"":[""TB_BaconUps_113""],""after"":[]},""friendly_graveyard"":{""before"":[],""after"":[""TB_BaconUps_113""]}}",非可收集/衍生或模式实体,no,XML,yes,pass_no_active_actions
17.6.0.53261,Battlegrounds (BATTLEGROUNDS),TB_BaconUps_118,Unstable Ghoul,蹒跚的食尸鬼,Deathrattle,RED,none,partial,带亡语标记，但没有可解析的直接、条件增益或隐藏亡语效果；执行时无亡语动作。,"fireplace/cards/CardDefs.xml#TB_BaconUps_118; Python definition: none; smoke:death_processed_no_active_actions:pass_no_active_actions; delta={""friendly_field"":{""before"":[""TB_BaconUps_118""],""after"":[]},""friendly_graveyard"":{""before"":[],""after"":[""TB_BaconUps_118""]}}",非可收集/衍生或模式实体,no,XML,yes,pass_no_active_actions
17.6.0.53261,Battlegrounds (BATTLEGROUNDS),TB_BaconUps_137,The Tide Razor,海浪剃刀号,Deathrattle,RED,none,partial,带亡语标记，但没有可解析的直接、条件增益或隐藏亡语效果；执行时无亡语动作。,"fireplace/cards/CardDefs.xml#TB_BaconUps_137; Python definition: none; smoke:death_processed_no_active_actions:pass_no_active_actions; delta={""friendly_field"":{""before"":[""TB_BaconUps_137""],""after"":[]},""friendly_graveyard"":{""before"":[],""after"":[""TB_BaconUps_137""]}}",非可收集/衍生或模式实体,no,XML,yes,pass_no_active_actions
17.6.0.53261,Battlegrounds (BATTLEGROUNDS),TB_BaconUps_141,Scallywag,海盗无赖,Deathrattle,RED,none,partial,带亡语标记，但没有可解析的直接、条件增益或隐藏亡语效果；执行时无亡语动作。,"fireplace/cards/CardDefs.xml#TB_BaconUps_141; Python definition: none; smoke:death_processed_no_active_actions:pass_no_active_actions; delta={""friendly_field"":{""before"":[""TB_BaconUps_141""],""after"":[]},""friendly_graveyard"":{""before"":[],""after"":[""TB_BaconUps_141""]}}",非可收集/衍生或模式实体,no,XML,yes,pass_no_active_actions
17.6.0.53261,Demon Hunter Initiate (DEMON_HUNTER_INITIATE),BT_407,Ur'zul Horror,乌祖尔恐魔,Deathrattle,YELLOW,implemented,partial,存在效果脚本；烟测仅验证执行和基础状态，缺少充分逐卡效果断言。,"fireplace/cards/CardDefs.xml#BT_407; fireplace/cards/initiate/demonhunter.py:25; smoke:death_processed:pass; delta={""friendly_field"":{""before"":[""BT_407""],""after"":[]},""friendly_hand"":{""before"":0,""after"":1},""friendly_graveyard"":{""before"":[],""after"":[""BT_407""]}}",可收集,yes,XML,yes,pass
